timestamp,datetime,low,high,open,close,volume
1754103600,2025-08-02 03:00:00,3.584,3.598,3.59,3.596,29048.34226496
1754107200,2025-08-02 04:00:00,3.59,3.628,3.597,3.627,66992.22615889
1754110800,2025-08-02 05:00:00,3.608,3.629,3.626,3.611,63517.40186715
1754114400,2025-08-02 06:00:00,3.513,3.612,3.61,3.535,100491.40219133
1754118000,2025-08-02 07:00:00,3.509,3.589,3.534,3.585,57560.403893
1754121600,2025-08-02 08:00:00,3.535,3.591,3.585,3.541,59708.99526577
1754125200,2025-08-02 09:00:00,3.53,3.56,3.54,3.548,75801.04212649
1754128800,2025-08-02 10:00:00,3.514,3.551,3.547,3.539,58992.06286701
1754132400,2025-08-02 11:00:00,3.518,3.573,3.539,3.55,44758.39469693
1754136000,2025-08-02 12:00:00,3.528,3.561,3.549,3.556,28047.15600571
1754139600,2025-08-02 13:00:00,3.532,3.574,3.555,3.566,50966.70316232
1754143200,2025-08-02 14:00:00,3.494,3.566,3.564,3.517,94747.07580863
1754146800,2025-08-02 15:00:00,3.484,3.548,3.517,3.496,125014.70449737
1754150400,2025-08-02 16:00:00,3.463,3.526,3.496,3.508,119850.97509861
1754154000,2025-08-02 17:00:00,3.444,3.534,3.51,3.466,106507.25182951
1754157600,2025-08-02 18:00:00,3.426,3.479,3.467,3.442,142326.90207298
1754161200,2025-08-02 19:00:00,3.432,3.514,3.446,3.481,85358.88128349
1754164800,2025-08-02 20:00:00,3.477,3.512,3.48,3.505,88548.50730067
1754168400,2025-08-02 21:00:00,3.49,3.526,3.506,3.507,106789.13266755
1754172000,2025-08-02 22:00:00,3.484,3.529,3.51,3.518,60984.27187033
1754175600,2025-08-02 23:00:00,3.475,3.524,3.517,3.505,45144.17730279
1754179200,2025-08-03 00:00:00,3.458,3.528,3.505,3.528,85377.74431105
1754182800,2025-08-03 01:00:00,3.511,3.533,3.525,3.527,66972.26560588
1754186400,2025-08-03 02:00:00,3.526,3.558,3.526,3.553,97232.05622262
1754190000,2025-08-03 03:00:00,3.54,3.555,3.555,3.54,63367.77915822
1754193600,2025-08-03 04:00:00,3.527,3.546,3.539,3.544,23718.64990873
1754197200,2025-08-03 05:00:00,3.544,3.559,3.544,3.556,29070.48141922
1754200800,2025-08-03 06:00:00,3.544,3.575,3.557,3.575,37402.37581046
1754204400,2025-08-03 07:00:00,3.566,3.582,3.576,3.575,12639.67001899
1754208000,2025-08-03 08:00:00,3.572,3.585,3.577,3.583,56525.50915021
1754211600,2025-08-03 09:00:00,3.571,3.586,3.583,3.581,30369.11758579
1754215200,2025-08-03 10:00:00,3.581,3.595,3.583,3.592,12815.88464615
1754218800,2025-08-03 11:00:00,3.592,3.617,3.593,3.605,49024.60045393
1754222400,2025-08-03 12:00:00,3.589,3.618,3.608,3.61,55360.90601467
1754226000,2025-08-03 13:00:00,3.587,3.614,3.61,3.599,33430.44192271
1754229600,2025-08-03 14:00:00,3.568,3.603,3.599,3.583,52484.28672581
1754233200,2025-08-03 15:00:00,3.573,3.598,3.583,3.588,52785.58235197
1754236800,2025-08-03 16:00:00,3.572,3.599,3.587,3.597,16132.26269045
1754240400,2025-08-03 17:00:00,3.581,3.603,3.597,3.596,31597.63051515
1754244000,2025-08-03 18:00:00,3.586,3.604,3.597,3.602,36659.23987082
1754247600,2025-08-03 19:00:00,3.592,3.615,3.602,3.596,36723.93135117
1754251200,2025-08-03 20:00:00,3.588,3.607,3.594,3.602,40254.67591821
1754254800,2025-08-03 21:00:00,3.599,3.62,3.602,3.619,33857.36672224
1754258400,2025-08-03 22:00:00,3.593,3.627,3.617,3.609,36046.51734608
1754262000,2025-08-03 23:00:00,3.6,3.626,3.609,3.604,32682.82431645
1754265600,2025-08-04 00:00:00,3.599,3.663,3.604,3.659,74338.98467614
1754269200,2025-08-04 01:00:00,3.622,3.666,3.658,3.626,53495.20715976
1754272800,2025-08-04 02:00:00,3.612,3.647,3.627,3.647,52047.30215884
1754276400,2025-08-04 03:00:00,3.619,3.648,3.645,3.623,51899.17063701
1754280000,2025-08-04 04:00:00,3.607,3.631,3.623,3.614,19875.24725078
1754283600,2025-08-04 05:00:00,3.607,3.627,3.615,3.624,11401.63753371
1754287200,2025-08-04 06:00:00,3.609,3.642,3.623,3.637,19845.42970927
1754290800,2025-08-04 07:00:00,3.634,3.654,3.638,3.636,19082.16515624
1754294400,2025-08-04 08:00:00,3.618,3.645,3.636,3.625,52288.30800521
1754298000,2025-08-04 09:00:00,3.62,3.639,3.625,3.625,55855.31792323
1754301600,2025-08-04 10:00:00,3.619,3.642,3.625,3.627,18921.69839049
1754305200,2025-08-04 11:00:00,3.611,3.631,3.626,3.622,16392.68007504
1754308800,2025-08-04 12:00:00,3.615,3.637,3.623,3.637,39876.78926788
1754312400,2025-08-04 13:00:00,3.629,3.684,3.638,3.68,54256.37989794
1754316000,2025-08-04 14:00:00,3.671,3.71,3.682,3.682,130338.06132405
1754319600,2025-08-04 15:00:00,3.675,3.704,3.682,3.694,50842.03927036
1754323200,2025-08-04 16:00:00,3.69,3.732,3.695,3.732,83587.22584253
1754326800,2025-08-04 17:00:00,3.72,3.757,3.732,3.725,114929.86114832
1754330400,2025-08-04 18:00:00,3.687,3.726,3.724,3.695,42577.37527242
1754334000,2025-08-04 19:00:00,3.669,3.695,3.694,3.68,29330.83405711
1754337600,2025-08-04 20:00:00,3.673,3.7,3.679,3.698,97289.19621403
1754341200,2025-08-04 21:00:00,3.697,3.731,3.697,3.723,24068.93957883
1754344800,2025-08-04 22:00:00,3.718,3.735,3.724,3.733,33611.53954033
1754348400,2025-08-04 23:00:00,3.713,3.735,3.734,3.719,36438.45628874
1754352000,2025-08-05 00:00:00,3.706,3.724,3.719,3.711,18857.45485219
1754355600,2025-08-05 01:00:00,3.688,3.72,3.71,3.693,70044.03825598
1754359200,2025-08-05 02:00:00,3.687,3.708,3.694,3.695,29550.35261152
1754362800,2025-08-05 03:00:00,3.658,3.695,3.694,3.661,26048.44787076
1754366400,2025-08-05 04:00:00,3.648,3.674,3.66,3.655,30036.45939507
1754370000,2025-08-05 05:00:00,3.65,3.673,3.656,3.673,21695.9795453
1754373600,2025-08-05 06:00:00,3.635,3.677,3.67,3.641,43927.50179425
1754377200,2025-08-05 07:00:00,3.586,3.644,3.641,3.598,85336.72430788
1754380800,2025-08-05 08:00:00,3.591,3.625,3.596,3.625,24787.75214137
1754384400,2025-08-05 09:00:00,3.624,3.662,3.624,3.655,27826.13177605
1754388000,2025-08-05 10:00:00,3.647,3.69,3.658,3.683,38618.88297049
1754391600,2025-08-05 11:00:00,3.674,3.703,3.681,3.702,39738.18206153
1754395200,2025-08-05 12:00:00,3.63,3.705,3.703,3.654,118429.81452442
1754398800,2025-08-05 13:00:00,3.647,3.678,3.65,3.672,40255.12739933
1754402400,2025-08-05 14:00:00,3.589,3.677,3.67,3.607,213505.03785346
1754406000,2025-08-05 15:00:00,3.561,3.624,3.607,3.578,69521.54353578
1754409600,2025-08-05 16:00:00,3.57,3.612,3.575,3.587,62549.17653217
1754413200,2025-08-05 17:00:00,3.582,3.616,3.586,3.612,33729.82272714
1754416800,2025-08-05 18:00:00,3.575,3.617,3.611,3.596,20672.31346474
1754420400,2025-08-05 19:00:00,3.57,3.607,3.597,3.583,44352.83221659
1754424000,2025-08-05 20:00:00,3.583,3.613,3.583,3.587,32866.64008405
1754427600,2025-08-05 21:00:00,3.564,3.601,3.586,3.565,23261.35869853
1754431200,2025-08-05 22:00:00,3.538,3.596,3.566,3.593,43581.89254539
1754434800,2025-08-05 23:00:00,3.591,3.626,3.594,3.621,127748.46820365
1754438400,2025-08-06 00:00:00,3.585,3.619,3.619,3.588,49031.2350974
1754442000,2025-08-06 01:00:00,3.574,3.603,3.586,3.602,35063.79868348
1754445600,2025-08-06 02:00:00,3.574,3.601,3.6,3.588,15749.47187599
1754449200,2025-08-06 03:00:00,3.56,3.586,3.586,3.573,47535.32585246
1754452800,2025-08-06 04:00:00,3.554,3.574,3.573,3.562,42047.36478766
1754456400,2025-08-06 05:00:00,3.556,3.646,3.561,3.619,45788.58401839
1754460000,2025-08-06 06:00:00,3.597,3.629,3.621,3.623,21502.26355881
1754463600,2025-08-06 07:00:00,3.618,3.648,3.623,3.636,37961.57056401
1754467200,2025-08-06 08:00:00,3.597,3.642,3.634,3.607,42228.500232
1754470800,2025-08-06 09:00:00,3.602,3.638,3.606,3.618,27650.6516714
1754474400,2025-08-06 10:00:00,3.595,3.62,3.619,3.599,27087.93432728
1754478000,2025-08-06 11:00:00,3.597,3.628,3.599,3.609,37916.99759689
1754481600,2025-08-06 12:00:00,3.572,3.616,3.608,3.588,42228.8940086
1754485200,2025-08-06 13:00:00,3.575,3.612,3.583,3.601,57175.79518522
1754488800,2025-08-06 14:00:00,3.59,3.656,3.602,3.656,119445.62566937
1754492400,2025-08-06 15:00:00,3.637,3.682,3.654,3.677,110295.17953916
1754496000,2025-08-06 16:00:00,3.648,3.69,3.677,3.653,104046.74489049
1754499600,2025-08-06 17:00:00,3.643,3.679,3.656,3.678,39534.63928329
1754503200,2025-08-06 18:00:00,3.669,3.697,3.68,3.672,43045.47878615
1754506800,2025-08-06 19:00:00,3.662,3.68,3.672,3.675,26728.54730673
1754510400,2025-08-06 20:00:00,3.659,3.676,3.676,3.667,27416.88131599
1754514000,2025-08-06 21:00:00,3.664,3.68,3.669,3.68,18613.41560764
1754517600,2025-08-06 22:00:00,3.675,3.687,3.681,3.682,11354.4063907
1754521200,2025-08-06 23:00:00,3.671,3.684,3.682,3.676,20089.62759292
1754524800,2025-08-07 00:00:00,3.663,3.683,3.675,3.672,29365.75953691
1754528400,2025-08-07 01:00:00,3.66,3.697,3.673,3.661,58226.34250578
1754532000,2025-08-07 02:00:00,3.65,3.67,3.661,3.654,28458.38768832
1754535600,2025-08-07 03:00:00,3.645,3.658,3.651,3.648,11132.02509237
1754539200,2025-08-07 04:00:00,3.645,3.67,3.647,3.655,15283.64745019
1754542800,2025-08-07 05:00:00,3.647,3.674,3.655,3.672,40167.69360521
1754546400,2025-08-07 06:00:00,3.667,3.689,3.67,3.681,86273.01022628
1754550000,2025-08-07 07:00:00,3.678,3.693,3.681,3.684,65730.05183968
1754553600,2025-08-07 08:00:00,3.679,3.705,3.685,3.682,42283.87977404
1754557200,2025-08-07 09:00:00,3.674,3.69,3.683,3.682,27450.77454368
1754560800,2025-08-07 10:00:00,3.68,3.771,3.681,3.761,211771.76558391
1754564400,2025-08-07 11:00:00,3.761,3.79,3.763,3.787,106214.76324794
1754568000,2025-08-07 12:00:00,3.768,3.799,3.789,3.792,62484.86294949
1754571600,2025-08-07 13:00:00,3.781,3.805,3.792,3.787,144594.73825584
1754575200,2025-08-07 14:00:00,3.75,3.788,3.788,3.758,47901.29510206
1754578800,2025-08-07 15:00:00,3.742,3.775,3.756,3.767,48188.35876667
1754582400,2025-08-07 16:00:00,3.691,3.771,3.766,3.739,122915.79222922
1754586000,2025-08-07 17:00:00,3.724,3.744,3.74,3.739,40774.82429989
1754589600,2025-08-07 18:00:00,3.722,3.742,3.738,3.739,25850.72790849
1754593200,2025-08-07 19:00:00,3.735,3.789,3.74,3.789,67032.0214077
1754596800,2025-08-07 20:00:00,3.786,3.814,3.789,3.81,75181.80622307
1754600400,2025-08-07 21:00:00,3.799,3.833,3.81,3.819,116655.06495773
1754604000,2025-08-07 22:00:00,3.811,3.873,3.819,3.865,92712.45284339
1754607600,2025-08-07 23:00:00,3.846,3.868,3.866,3.868,57566.65518158
1754611200,2025-08-08 00:00:00,3.808,3.929,3.868,3.873,391284.21770566
1754614800,2025-08-08 01:00:00,3.815,3.89,3.873,3.866,327791.88345272
1754618400,2025-08-08 02:00:00,3.846,3.878,3.867,3.862,67257.95013546
1754622000,2025-08-08 03:00:00,3.857,3.91,3.864,3.876,90816.77558521
1754625600,2025-08-08 04:00:00,3.861,3.883,3.878,3.865,31600.93501148
1754629200,2025-08-08 05:00:00,3.844,3.874,3.863,3.845,30422.4385382
1754632800,2025-08-08 06:00:00,3.839,3.909,3.845,3.904,49827.2489375
1754636400,2025-08-08 07:00:00,3.883,3.95,3.906,3.922,99017.07476778
1754640000,2025-08-08 08:00:00,3.89,3.945,3.921,3.902,75540.49320198
1754643600,2025-08-08 09:00:00,3.888,3.922,3.903,3.915,27374.57802886
1754647200,2025-08-08 10:00:00,3.898,3.929,3.917,3.917,81265.83114263
1754650800,2025-08-08 11:00:00,3.909,3.932,3.916,3.914,64756.51414555
1754654400,2025-08-08 12:00:00,3.872,3.917,3.915,3.875,105776.70654582
1754658000,2025-08-08 13:00:00,3.876,3.951,3.876,3.951,199940.25590311
1754661600,2025-08-08 14:00:00,3.899,3.966,3.95,3.92,181482.91146558
1754665200,2025-08-08 15:00:00,3.859,3.924,3.918,3.886,232856.4634613
1754668800,2025-08-08 16:00:00,3.881,3.909,3.887,3.907,59503.11222607
1754672400,2025-08-08 17:00:00,3.906,3.976,3.906,3.976,192089.63046207
1754676000,2025-08-08 18:00:00,3.954,3.988,3.976,3.963,120675.72988475
1754679600,2025-08-08 19:00:00,3.954,3.989,3.964,3.989,131524.31388292
1754683200,2025-08-08 20:00:00,3.962,3.993,3.989,3.976,83626.24861001
1754686800,2025-08-08 21:00:00,3.959,3.982,3.974,3.974,42613.53437202
1754690400,2025-08-08 22:00:00,3.968,3.996,3.973,3.993,53509.40389638
1754694000,2025-08-08 23:00:00,3.972,3.998,3.991,3.979,49096.07045993
1754697600,2025-08-09 00:00:00,3.971,3.991,3.98,3.987,55615.91894439
1754701200,2025-08-09 01:00:00,3.979,4.012,3.988,4.009,95073.13058837
1754704800,2025-08-09 02:00:00,3.996,4.024,4.008,4.005,90840.80733761
1754708400,2025-08-09 03:00:00,3.992,4.014,4.003,4.002,46186.86230916
1754712000,2025-08-09 04:00:00,3.99,4.03,4.001,4.02,24954.79412176
1754715600,2025-08-09 05:00:00,4.017,4.093,4.019,4.075,175166.53587365
1754719200,2025-08-09 06:00:00,4.043,4.078,4.075,4.051,80277.52475365
1754722800,2025-08-09 07:00:00,4.046,4.077,4.051,4.075,28494.40666254
1754726400,2025-08-09 08:00:00,4.07,4.099,4.07,4.071,64563.69475223
1754730000,2025-08-09 09:00:00,4.071,4.099,4.071,4.089,58501.98721874
1754733600,2025-08-09 10:00:00,4.086,4.111,4.09,4.09,80031.79867681
1754737200,2025-08-09 11:00:00,4.082,4.105,4.087,4.1,50353.56696564
1754740800,2025-08-09 12:00:00,4.091,4.142,4.1,4.136,110029.03541188
1754744400,2025-08-09 13:00:00,4.076,4.135,4.134,4.08,137168.2664718
1754748000,2025-08-09 14:00:00,4.049,4.094,4.079,4.088,73440.2523883
1754751600,2025-08-09 15:00:00,4.059,4.102,4.09,4.074,64695.69048413
1754755200,2025-08-09 16:00:00,4.074,4.112,4.074,4.093,150874.82471544
1754758800,2025-08-09 17:00:00,4.085,4.124,4.093,4.118,126294.02762997
1754762400,2025-08-09 18:00:00,4.104,4.125,4.116,4.12,43677.20245254
1754766000,2025-08-09 19:00:00,4.122,4.139,4.122,4.131,68370.51728351
1754769600,2025-08-09 20:00:00,4.113,4.164,4.13,4.155,107557.1189709
1754773200,2025-08-09 21:00:00,4.11,4.159,4.157,4.131,73845.02490972
1754776800,2025-08-09 22:00:00,4.115,4.166,4.132,4.123,112032.40961713
1754780400,2025-08-09 23:00:00,4.111,4.147,4.124,4.137,92480.55050866
1754784000,2025-08-10 00:00:00,4.134,4.181,4.138,4.169,56636.43061268
1754787600,2025-08-10 01:00:00,4.135,4.18,4.167,4.143,59116.09164281
1754791200,2025-08-10 02:00:00,4.098,4.149,4.141,4.105,120907.79916554
1754794800,2025-08-10 03:00:00,4.081,4.145,4.104,4.137,168772.36541312
1754798400,2025-08-10 04:00:00,4.119,4.169,4.137,4.157,68433.8936258
1754802000,2025-08-10 05:00:00,4.1,4.155,4.155,4.103,52652.35827964
1754805600,2025-08-10 06:00:00,4.055,4.102,4.099,4.075,50022.42222186
1754809200,2025-08-10 07:00:00,4.005,4.089,4.076,4.011,94140.98775049
1754812800,2025-08-10 08:00:00,3.965,4.042,4.01,4.039,77601.64147935
1754816400,2025-08-10 09:00:00,4.031,4.058,4.04,4.032,88550.17114446
1754820000,2025-08-10 10:00:00,3.984,4.04,4.031,3.999,35944.33046724
1754823600,2025-08-10 11:00:00,3.988,4.022,4,3.988,52910.78237055
1754827200,2025-08-10 12:00:00,3.984,4.019,3.989,4.018,63706.43616867
1754830800,2025-08-10 13:00:00,3.98,4.033,4.018,3.983,55604.79981319
1754834400,2025-08-10 14:00:00,3.973,4.062,3.983,4.044,71292.34484705
1754838000,2025-08-10 15:00:00,4.033,4.082,4.044,4.053,50272.83389012
1754841600,2025-08-10 16:00:00,4.042,4.073,4.053,4.054,102742.1425902
1754845200,2025-08-10 17:00:00,4.033,4.062,4.056,4.054,25034.88736937
1754848800,2025-08-10 18:00:00,4.053,4.086,4.055,4.081,59503.46604404
1754852400,2025-08-10 19:00:00,4.069,4.091,4.082,4.073,39290.24453633
1754856000,2025-08-10 20:00:00,4.043,4.082,4.075,4.045,138683.95432523
1754859600,2025-08-10 21:00:00,4.012,4.047,4.043,4.038,84010.46730412
1754863200,2025-08-10 22:00:00,4.024,4.053,4.04,4.053,38254.61805862
1754866800,2025-08-10 23:00:00,4.033,4.07,4.053,4.047,86298.50397129
1754870400,2025-08-11 00:00:00,4.032,4.076,4.049,4.041,70288.78003171
1754874000,2025-08-11 01:00:00,4.036,4.113,4.04,4.088,67791.10384964
1754877600,2025-08-11 02:00:00,4.089,4.161,4.09,4.152,182422.26467595
1754881200,2025-08-11 03:00:00,4.112,4.152,4.152,4.129,51814.5256044
1754884800,2025-08-11 04:00:00,4.127,4.162,4.131,4.127,55187.26794188
1754888400,2025-08-11 05:00:00,4.119,4.137,4.126,4.129,108317.31432919
1754892000,2025-08-11 06:00:00,4.106,4.137,4.129,4.114,51271.00451207
1754895600,2025-08-11 07:00:00,4.038,4.119,4.113,4.046,160142.77084384
1754899200,2025-08-11 08:00:00,4.025,4.071,4.046,4.057,42452.89575373
1754902800,2025-08-11 09:00:00,4.035,4.071,4.058,4.044,31226.07496203
1754906400,2025-08-11 10:00:00,4.006,4.044,4.043,4.015,78744.35238732
1754910000,2025-08-11 11:00:00,3.909,4.016,4.015,3.93,351505.15848965
1754913600,2025-08-11 12:00:00,3.901,3.94,3.93,3.917,113978.56601833
1754917200,2025-08-11 13:00:00,3.883,3.959,3.919,3.942,198272.24927427
1754920800,2025-08-11 14:00:00,3.929,3.984,3.942,3.941,87940.64235185
1754924400,2025-08-11 15:00:00,3.919,3.964,3.941,3.964,78626.46468035
1754928000,2025-08-11 16:00:00,3.946,4.02,3.962,3.957,120699.22066132
1754931600,2025-08-11 17:00:00,3.926,3.972,3.96,3.94,73136.74945301
1754935200,2025-08-11 18:00:00,3.907,3.948,3.941,3.938,117395.57186283
1754938800,2025-08-11 19:00:00,3.879,3.941,3.937,3.903,93163.94738566
1754942400,2025-08-11 20:00:00,3.887,3.916,3.902,3.906,110041.9451102
1754946000,2025-08-11 21:00:00,3.831,3.925,3.905,3.862,108834.72258092
1754949600,2025-08-11 22:00:00,3.811,3.866,3.864,3.851,109714.3578936
1754953200,2025-08-11 23:00:00,3.848,3.87,3.85,3.854,38584.97427963
1754956800,2025-08-12 00:00:00,3.846,3.901,3.855,3.889,48380.24111998
1754960400,2025-08-12 01:00:00,3.879,3.904,3.888,3.901,52668.59489115
1754964000,2025-08-12 02:00:00,3.894,3.935,3.901,3.918,85302.91570731
1754967600,2025-08-12 03:00:00,3.891,3.918,3.917,3.894,27188.12034759
1754971200,2025-08-12 04:00:00,3.892,3.923,3.893,3.921,39764.68994009
1754974800,2025-08-12 05:00:00,3.861,3.921,3.921,3.882,43840.04051453
1754978400,2025-08-12 06:00:00,3.852,3.903,3.882,3.888,63204.31364214
1754982000,2025-08-12 07:00:00,3.889,3.933,3.889,3.922,92416.58694968
1754985600,2025-08-12 08:00:00,3.883,3.92,3.92,3.886,19519.90786174
1754989200,2025-08-12 09:00:00,3.864,3.892,3.885,3.867,45039.45388165
1754992800,2025-08-12 10:00:00,3.858,3.886,3.869,3.865,83985.72529485
1754996400,2025-08-12 11:00:00,3.835,3.89,3.864,3.884,50442.06081063
1755000000,2025-08-12 12:00:00,3.871,4.009,3.883,3.984,224420.1804456
1755003600,2025-08-12 13:00:00,3.934,4.005,3.986,3.956,210699.70006802
1755007200,2025-08-12 14:00:00,3.948,4.027,3.957,4.02,202479.36211103
1755010800,2025-08-12 15:00:00,4.017,4.099,4.018,4.095,128441.06991503
1755014400,2025-08-12 16:00:00,4.073,4.195,4.095,4.186,213792.79872035
1755018000,2025-08-12 17:00:00,4.158,4.233,4.19,4.164,516491.52700588
1755021600,2025-08-12 18:00:00,4.137,4.212,4.165,4.154,516922.27629981
1755025200,2025-08-12 19:00:00,4.143,4.179,4.155,4.172,108231.25749156
1755028800,2025-08-12 20:00:00,4.165,4.209,4.174,4.193,152334.01722342
1755032400,2025-08-12 21:00:00,4.156,4.195,4.192,4.168,78115.3816476
1755036000,2025-08-12 22:00:00,4.14,4.172,4.169,4.152,63723.23893201
1755039600,2025-08-12 23:00:00,4.13,4.162,4.154,4.156,71099.27396756
1755043200,2025-08-13 00:00:00,4.158,4.189,4.158,4.172,75185.60605591
1755046800,2025-08-13 01:00:00,4.105,4.174,4.174,4.12,181060.85470576
1755050400,2025-08-13 02:00:00,4.096,4.175,4.119,4.171,111392.53889304
1755054000,2025-08-13 03:00:00,4.152,4.197,4.172,4.186,143652.48389031
1755057600,2025-08-13 04:00:00,4.178,4.224,4.186,4.199,116979.64858411
1755061200,2025-08-13 05:00:00,4.147,4.198,4.198,4.148,48654.46116411
1755064800,2025-08-13 06:00:00,4.132,4.176,4.15,4.168,50837.63150613
1755068400,2025-08-13 07:00:00,4.162,4.202,4.169,4.202,42081.12294927
1755072000,2025-08-13 08:00:00,4.2,4.241,4.203,4.215,114875.30980323
1755075600,2025-08-13 09:00:00,4.211,4.261,4.215,4.254,83250.63246076
1755079200,2025-08-13 10:00:00,4.252,4.289,4.253,4.282,139396.25539847
1755082800,2025-08-13 11:00:00,4.25,4.286,4.281,4.265,60171.13116204
1755086400,2025-08-13 12:00:00,4.233,4.277,4.266,4.236,86972.84739246
1755090000,2025-08-13 13:00:00,4.229,4.316,4.238,4.267,219022.45749137
1755093600,2025-08-13 14:00:00,4.206,4.285,4.268,4.228,251777.26497145
1755097200,2025-08-13 15:00:00,4.172,4.242,4.229,4.22,335883.11071854
1755100800,2025-08-13 16:00:00,4.206,4.253,4.221,4.222,191299.23479302
1755104400,2025-08-13 17:00:00,4.211,4.249,4.219,4.232,195883.03841633
1755108000,2025-08-13 18:00:00,4.178,4.242,4.232,4.207,138143.70317939
1755111600,2025-08-13 19:00:00,4.197,4.252,4.207,4.251,151652.79782842
1755115200,2025-08-13 20:00:00,4.221,4.255,4.251,4.243,67858.49626391
1755118800,2025-08-13 21:00:00,4.228,4.273,4.245,4.248,119741.95431548
1755122400,2025-08-13 22:00:00,4.237,4.314,4.245,4.29,93185.00383127
1755126000,2025-08-13 23:00:00,4.272,4.32,4.291,4.278,108355.02869137
1755129600,2025-08-14 00:00:00,4.271,4.323,4.278,4.283,165683.76597137
1755133200,2025-08-14 01:00:00,4.247,4.33,4.281,4.317,163001.13376614
1755136800,2025-08-14 02:00:00,4.291,4.371,4.316,4.367,282820.91897945
1755140400,2025-08-14 03:00:00,4.328,4.369,4.366,4.334,336468.37850375
1755144000,2025-08-14 04:00:00,4.301,4.351,4.334,4.303,132476.3608883
1755147600,2025-08-14 05:00:00,4.259,4.321,4.303,4.27,163045.27147746
1755151200,2025-08-14 06:00:00,4.218,4.297,4.27,4.295,136101.57760218
1755154800,2025-08-14 07:00:00,4.239,4.297,4.295,4.256,73605.6283794
1755158400,2025-08-14 08:00:00,4.185,4.257,4.256,4.201,155356.96809103
1755162000,2025-08-14 09:00:00,4.18,4.245,4.198,4.237,80706.12769939
1755165600,2025-08-14 10:00:00,4.167,4.239,4.236,4.201,139586.3906039
1755169200,2025-08-14 11:00:00,4.183,4.217,4.203,4.197,98041.06443047
1755172800,2025-08-14 12:00:00,3.919,4.235,4.195,4.006,904286.07159748
1755176400,2025-08-14 13:00:00,3.926,4.079,4.004,4.046,595152.00151804
1755180000,2025-08-14 14:00:00,4.024,4.088,4.047,4.062,213826.25862446
1755183600,2025-08-14 15:00:00,4.013,4.079,4.06,4.029,144446.47802432
1755187200,2025-08-14 16:00:00,3.946,4.026,4.026,3.974,167575.14198944
1755190800,2025-08-14 17:00:00,3.942,4.005,3.974,3.987,103293.70225662
1755194400,2025-08-14 18:00:00,3.94,4.01,3.986,3.998,100172.45679818
1755198000,2025-08-14 19:00:00,3.99,4.029,3.999,3.99,42067.10323912
1755201600,2025-08-14 20:00:00,3.965,4.004,3.989,3.988,76436.003602
1755205200,2025-08-14 21:00:00,3.906,3.993,3.986,3.95,107602.29588971
1755208800,2025-08-14 22:00:00,3.926,3.981,3.949,3.974,82367.58982241
1755212400,2025-08-14 23:00:00,3.974,3.999,3.974,3.983,48571.20039627
1755216000,2025-08-15 00:00:00,3.97,4.011,3.983,3.983,58187.3354158
1755219600,2025-08-15 01:00:00,3.972,4.008,3.984,4.002,84747.01276753
1755223200,2025-08-15 02:00:00,3.99,4.019,4.001,4.004,31782.27311247
1755226800,2025-08-15 03:00:00,3.994,4.053,4.003,4.038,59931.26615288
1755230400,2025-08-15 04:00:00,4.012,4.05,4.036,4.014,60607.91505865
1755234000,2025-08-15 05:00:00,4.002,4.042,4.013,4.042,65488.88495405
1755237600,2025-08-15 06:00:00,4.04,4.111,4.041,4.075,277191.31304067
1755241200,2025-08-15 07:00:00,4.021,4.074,4.074,4.036,95222.08859963
1755244800,2025-08-15 08:00:00,4.019,4.044,4.037,4.02,48283.3998831
1755248400,2025-08-15 09:00:00,3.98,4.032,4.019,3.995,48510.89392254
1755252000,2025-08-15 10:00:00,3.989,4.026,3.995,3.995,99967.98188888
1755255600,2025-08-15 11:00:00,3.983,4.006,3.994,3.994,35411.85417568
1755259200,2025-08-15 12:00:00,3.961,4.043,3.993,3.993,260636.18316599
1755262800,2025-08-15 13:00:00,3.941,4.003,3.994,3.958,261438.2748773
1755266400,2025-08-15 14:00:00,3.915,3.984,3.957,3.929,309215.67879904
1755270000,2025-08-15 15:00:00,3.833,3.934,3.93,3.864,432453.02522507
1755273600,2025-08-15 16:00:00,3.82,3.91,3.861,3.887,326327.02082799
1755277200,2025-08-15 17:00:00,3.854,3.914,3.886,3.882,160122.75861554
1755280800,2025-08-15 18:00:00,3.841,3.887,3.88,3.85,271871.91223152
1755284400,2025-08-15 19:00:00,3.831,3.873,3.851,3.833,124380.27979681
1755288000,2025-08-15 20:00:00,3.823,3.88,3.83,3.879,99796.87127749
1755291600,2025-08-15 21:00:00,3.864,3.891,3.879,3.885,100426.92754077
1755295200,2025-08-15 22:00:00,3.878,3.94,3.885,3.936,55987.96844028
1755298800,2025-08-15 23:00:00,3.878,3.942,3.936,3.897,56293.03515713
1755302400,2025-08-16 00:00:00,3.892,3.957,3.894,3.948,48021.98232149
1755306000,2025-08-16 01:00:00,3.932,3.951,3.95,3.94,38883.40535254
1755309600,2025-08-16 02:00:00,3.918,3.941,3.939,3.926,34321.11735288
1755313200,2025-08-16 03:00:00,3.909,3.938,3.924,3.914,36979.17991675
1755316800,2025-08-16 04:00:00,3.912,3.939,3.913,3.935,162554.78400301
1755320400,2025-08-16 05:00:00,3.902,3.935,3.934,3.909,19899.57577263
1755324000,2025-08-16 06:00:00,3.894,3.914,3.909,3.905,50271.38880956
1755327600,2025-08-16 07:00:00,3.901,3.942,3.904,3.938,33690.75489798
1755331200,2025-08-16 08:00:00,3.937,3.955,3.94,3.945,22811.8499627
1755334800,2025-08-16 09:00:00,3.909,3.97,3.945,3.91,50925.08673169
1755338400,2025-08-16 10:00:00,3.899,3.932,3.908,3.915,42693.11390715
1755342000,2025-08-16 11:00:00,3.9,3.94,3.915,3.903,36639.43434479
1755345600,2025-08-16 12:00:00,3.897,3.943,3.902,3.94,42629.00627657
1755349200,2025-08-16 13:00:00,3.919,3.958,3.942,3.921,46609.82312657
1755352800,2025-08-16 14:00:00,3.917,3.964,3.922,3.962,72204.80204164
1755356400,2025-08-16 15:00:00,3.959,3.999,3.963,3.985,57175.73592519
1755360000,2025-08-16 16:00:00,3.959,3.993,3.982,3.965,52663.22647944
1755363600,2025-08-16 17:00:00,3.94,3.966,3.966,3.947,39988.75305053
1755367200,2025-08-16 18:00:00,3.941,3.968,3.946,3.949,40449.02937484
1755370800,2025-08-16 19:00:00,3.946,3.969,3.947,3.95,35129.02265882
1755374400,2025-08-16 20:00:00,3.946,3.972,3.95,3.966,27484.18236405
1755378000,2025-08-16 21:00:00,3.948,3.965,3.963,3.955,24643.85262369
1755381600,2025-08-16 22:00:00,3.945,3.986,3.956,3.981,33658.21800571
1755385200,2025-08-16 23:00:00,3.956,3.979,3.979,3.967,23952.88761708
1755388800,2025-08-17 00:00:00,3.943,3.968,3.967,3.945,34156.55563886
1755392400,2025-08-17 01:00:00,3.93,3.951,3.943,3.947,29618.31139024
1755396000,2025-08-17 02:00:00,3.931,3.972,3.947,3.972,26056.24297075
1755399600,2025-08-17 03:00:00,3.959,3.991,3.972,3.988,19279.88425225
1755403200,2025-08-17 04:00:00,3.986,4.026,3.988,4.023,69790.70394401
1755406800,2025-08-17 05:00:00,4.015,4.04,4.022,4.02,70188.23327406
1755410400,2025-08-17 06:00:00,4,4.03,4.021,4.002,33320.97320864
1755414000,2025-08-17 07:00:00,4.001,4.031,4.002,4.031,22731.48457917
1755417600,2025-08-17 08:00:00,4.023,4.062,4.031,4.062,55222.84812611
1755421200,2025-08-17 09:00:00,4.041,4.069,4.061,4.068,111330.34180646
1755424800,2025-08-17 10:00:00,4.051,4.084,4.068,4.08,64940.10571909
1755428400,2025-08-17 11:00:00,4.063,4.1,4.078,4.091,68316.84106229
1755432000,2025-08-17 12:00:00,4.056,4.091,4.091,4.059,50093.64798698
1755435600,2025-08-17 13:00:00,4.052,4.084,4.061,4.07,62662.2396812
1755439200,2025-08-17 14:00:00,4.062,4.108,4.07,4.099,58791.25023
1755442800,2025-08-17 15:00:00,4.096,4.175,4.099,4.172,151834.13930428
1755446400,2025-08-17 16:00:00,4.117,4.196,4.173,4.135,153835.64594155
1755450000,2025-08-17 17:00:00,4.111,4.147,4.137,4.112,105947.18428345
1755453600,2025-08-17 18:00:00,4.044,4.13,4.113,4.086,135360.14648287
1755457200,2025-08-17 19:00:00,4.058,4.095,4.086,4.068,47845.51300062
1755460800,2025-08-17 20:00:00,4.059,4.094,4.065,4.074,74733.81397485
1755464400,2025-08-17 21:00:00,4.06,4.082,4.073,4.067,47706.991545
1755468000,2025-08-17 22:00:00,4.061,4.106,4.065,4.092,92393.57971348
1755471600,2025-08-17 23:00:00,4.052,4.092,4.092,4.056,103644.35998163
1755475200,2025-08-18 00:00:00,4.024,4.063,4.054,4.047,98014.95090969
1755478800,2025-08-18 01:00:00,3.972,4.051,4.047,3.986,147096.68586195
1755482400,2025-08-18 02:00:00,3.887,3.982,3.981,3.898,272397.78469289
1755486000,2025-08-18 03:00:00,3.851,3.919,3.894,3.902,416654.20119164
1755489600,2025-08-18 04:00:00,3.88,3.932,3.902,3.923,69489.34617398
1755493200,2025-08-18 05:00:00,3.874,3.935,3.922,3.914,83520.66692273
1755496800,2025-08-18 06:00:00,3.83,3.915,3.914,3.867,245294.47450816
1755500400,2025-08-18 07:00:00,3.862,3.887,3.868,3.865,42645.13957124
1755504000,2025-08-18 08:00:00,3.851,3.882,3.864,3.851,32920.4871134
1755507600,2025-08-18 09:00:00,3.835,3.895,3.85,3.885,124425.71359384
1755511200,2025-08-18 10:00:00,3.877,3.913,3.885,3.907,115520.06364301
1755514800,2025-08-18 11:00:00,3.894,3.935,3.907,3.924,228640.1259772
1755518400,2025-08-18 12:00:00,3.916,3.974,3.923,3.971,105474.71837629
1755522000,2025-08-18 13:00:00,3.895,3.984,3.97,3.896,156540.34974538
1755525600,2025-08-18 14:00:00,3.871,3.923,3.896,3.917,156797.13682534
1755529200,2025-08-18 15:00:00,3.879,3.926,3.918,3.921,104089.74239899
1755532800,2025-08-18 16:00:00,3.881,3.937,3.92,3.888,102077.23699034
1755536400,2025-08-18 17:00:00,3.884,3.959,3.888,3.914,74748.27376885
1755540000,2025-08-18 18:00:00,3.9,3.949,3.913,3.946,40407.49227783
1755543600,2025-08-18 19:00:00,3.927,3.96,3.947,3.932,74917.38321763
1755547200,2025-08-18 20:00:00,3.901,3.941,3.931,3.918,50994.2371843
1755550800,2025-08-18 21:00:00,3.916,3.954,3.919,3.943,45096.60333624
1755554400,2025-08-18 22:00:00,3.938,3.975,3.946,3.941,66648.45062511
1755558000,2025-08-18 23:00:00,3.907,3.947,3.939,3.915,55879.24186125
1755561600,2025-08-19 00:00:00,3.865,3.947,3.916,3.946,180052.72703442
1755565200,2025-08-19 01:00:00,3.896,3.962,3.946,3.905,108884.18253336
1755568800,2025-08-19 02:00:00,3.888,3.915,3.906,3.889,54299.00628648
1755572400,2025-08-19 03:00:00,3.811,3.895,3.889,3.825,289358.48056471
1755576000,2025-08-19 04:00:00,3.783,3.845,3.825,3.845,311878.43583926
1755579600,2025-08-19 05:00:00,3.82,3.854,3.844,3.833,51470.48924231
1755583200,2025-08-19 06:00:00,3.822,3.85,3.832,3.837,27730.15540751
1755586800,2025-08-19 07:00:00,3.809,3.839,3.838,3.838,47341.09350903
1755590400,2025-08-19 08:00:00,3.811,3.858,3.84,3.844,42718.6907397
1755594000,2025-08-19 09:00:00,3.842,3.883,3.847,3.861,91672.63268967
1755597600,2025-08-19 10:00:00,3.857,3.9,3.861,3.887,72272.23572936
1755601200,2025-08-19 11:00:00,3.87,3.896,3.887,3.889,52460.29352691
1755604800,2025-08-19 12:00:00,3.856,3.888,3.886,3.874,54730.3628087
1755608400,2025-08-19 13:00:00,3.834,3.908,3.875,3.861,141208.6757982
1755612000,2025-08-19 14:00:00,3.786,3.874,3.863,3.804,201281.30086039
1755615600,2025-08-19 15:00:00,3.771,3.826,3.806,3.773,143233.00451263
1755619200,2025-08-19 16:00:00,3.763,3.799,3.773,3.781,307917.25600914
1755622800,2025-08-19 17:00:00,3.748,3.803,3.78,3.802,166449.18593348
1755626400,2025-08-19 18:00:00,3.745,3.814,3.801,3.758,141775.21229872
1755630000,2025-08-19 19:00:00,3.717,3.778,3.758,3.74,248240.727966
1755633600,2025-08-19 20:00:00,3.724,3.776,3.741,3.775,199647.86574689
1755637200,2025-08-19 21:00:00,3.763,3.783,3.775,3.783,34682.56380732
1755640800,2025-08-19 22:00:00,3.753,3.783,3.781,3.757,72850.10972888
1755644400,2025-08-19 23:00:00,3.712,3.759,3.757,3.721,102196.61114225
1755648000,2025-08-20 00:00:00,3.717,3.752,3.722,3.743,67913.21608371
1755651600,2025-08-20 01:00:00,3.697,3.754,3.741,3.748,139465.89142965
1755655200,2025-08-20 02:00:00,3.734,3.763,3.748,3.742,122750.22818307
1755658800,2025-08-20 03:00:00,3.731,3.778,3.743,3.753,42369.74456922
1755662400,2025-08-20 04:00:00,3.754,3.787,3.754,3.778,66582.19669807
1755666000,2025-08-20 05:00:00,3.763,3.786,3.777,3.786,41419.2347388
1755669600,2025-08-20 06:00:00,3.752,3.786,3.784,3.771,30605.99933855
1755673200,2025-08-20 07:00:00,3.767,3.79,3.772,3.77,65722.26189127
1755676800,2025-08-20 08:00:00,3.766,3.817,3.769,3.812,128134.93188301
1755680400,2025-08-20 09:00:00,3.796,3.817,3.812,3.806,74986.28401429
1755684000,2025-08-20 10:00:00,3.79,3.814,3.807,3.792,43628.43036314
1755687600,2025-08-20 11:00:00,3.733,3.796,3.792,3.777,79249.30668522
1755691200,2025-08-20 12:00:00,3.775,3.809,3.778,3.796,46062.63843612
1755694800,2025-08-20 13:00:00,3.723,3.799,3.794,3.732,148766.21901444
1755698400,2025-08-20 14:00:00,3.71,3.819,3.734,3.783,172282.43169106
1755702000,2025-08-20 15:00:00,3.788,3.864,3.788,3.823,106808.11131127
1755705600,2025-08-20 16:00:00,3.822,3.878,3.823,3.851,88631.11811859
1755709200,2025-08-20 17:00:00,3.844,3.891,3.847,3.878,132587.58783008
1755712800,2025-08-20 18:00:00,3.817,3.879,3.878,3.85,83838.70100549
1755716400,2025-08-20 19:00:00,3.846,3.905,3.85,3.899,88958.68379032
1755720000,2025-08-20 20:00:00,3.885,3.904,3.9,3.895,63847.62364826
1755723600,2025-08-20 21:00:00,3.875,3.904,3.894,3.89,32994.29639293
1755727200,2025-08-20 22:00:00,3.885,3.905,3.893,3.9,54863.99714649
1755730800,2025-08-20 23:00:00,3.878,3.9,3.899,3.884,28310.61043188
1755734400,2025-08-21 00:00:00,3.865,3.89,3.885,3.886,66920.90729936
1755738000,2025-08-21 01:00:00,3.871,3.91,3.887,3.91,90139.86996646
1755741600,2025-08-21 02:00:00,3.856,3.919,3.909,3.878,75026.7645818
1755745200,2025-08-21 03:00:00,3.878,3.923,3.878,3.881,65814.58834307
1755748800,2025-08-21 04:00:00,3.868,3.896,3.881,3.883,14224.0523201
1755752400,2025-08-21 05:00:00,3.868,3.898,3.882,3.897,12550.19615166
1755756000,2025-08-21 06:00:00,3.864,3.895,3.895,3.869,34270.59672562
1755759600,2025-08-21 07:00:00,3.842,3.874,3.867,3.87,17303.5707764
1755763200,2025-08-21 08:00:00,3.84,3.874,3.87,3.84,20972.235345
1755766800,2025-08-21 09:00:00,3.821,3.85,3.84,3.828,31408.60236093
1755770400,2025-08-21 10:00:00,3.822,3.843,3.827,3.832,38596.16849795
1755774000,2025-08-21 11:00:00,3.819,3.851,3.833,3.824,36930.93818361
1755777600,2025-08-21 12:00:00,3.796,3.847,3.826,3.811,56704.78957573
1755781200,2025-08-21 13:00:00,3.807,3.863,3.81,3.832,75581.02588522
1755784800,2025-08-21 14:00:00,3.808,3.871,3.83,3.826,72946.01376208
1755788400,2025-08-21 15:00:00,3.784,3.831,3.824,3.795,74677.91065271
1755792000,2025-08-21 16:00:00,3.778,3.819,3.793,3.784,60827.18504042
1755795600,2025-08-21 17:00:00,3.773,3.809,3.785,3.806,60695.81380595
1755799200,2025-08-21 18:00:00,3.801,3.84,3.807,3.838,40895.11066731
1755802800,2025-08-21 19:00:00,3.784,3.848,3.839,3.795,93610.3576481
1755806400,2025-08-21 20:00:00,3.782,3.829,3.796,3.816,76460.7091014
1755810000,2025-08-21 21:00:00,3.793,3.834,3.816,3.823,99981.88787591
1755813600,2025-08-21 22:00:00,3.817,3.839,3.823,3.822,28581.78564306
1755817200,2025-08-21 23:00:00,3.765,3.82,3.82,3.797,203080.3705657
1755820800,2025-08-22 00:00:00,3.787,3.82,3.798,3.795,112072.88808472
1755824400,2025-08-22 01:00:00,3.77,3.821,3.796,3.812,64478.01504773
1755828000,2025-08-22 02:00:00,3.808,3.852,3.812,3.825,34719.08032773
1755831600,2025-08-22 03:00:00,3.79,3.836,3.825,3.796,24816.26148478
1755835200,2025-08-22 04:00:00,3.796,3.836,3.8,3.809,48695.83421558
1755838800,2025-08-22 05:00:00,3.796,3.823,3.806,3.817,28471.81993336
1755842400,2025-08-22 06:00:00,3.803,3.836,3.816,3.812,66491.85098576
1755846000,2025-08-22 07:00:00,3.808,3.851,3.811,3.84,39192.77823849
1755849600,2025-08-22 08:00:00,3.822,3.851,3.839,3.824,30130.31839613
1755853200,2025-08-22 09:00:00,3.803,3.83,3.824,3.819,31119.16732317
1755856800,2025-08-22 10:00:00,3.785,3.819,3.819,3.792,27467.70391816
1755860400,2025-08-22 11:00:00,3.751,3.793,3.793,3.751,63588.24218583
1755864000,2025-08-22 12:00:00,3.688,3.754,3.753,3.726,305115.63766375
1755867600,2025-08-22 13:00:00,3.699,3.774,3.725,3.774,185022.10609969
1755871200,2025-08-22 14:00:00,3.774,3.961,3.774,3.93,888823.67475469
1755874800,2025-08-22 15:00:00,3.929,4.003,3.929,3.96,257018.01176728
1755878400,2025-08-22 16:00:00,3.961,4.068,3.961,4.038,244480.91132429
1755882000,2025-08-22 17:00:00,4.039,4.108,4.039,4.066,275262.75720834
1755885600,2025-08-22 18:00:00,4.052,4.093,4.067,4.077,191893.64842436
1755889200,2025-08-22 19:00:00,4.071,4.114,4.078,4.098,102173.26670246
1755892800,2025-08-22 20:00:00,4.099,4.132,4.099,4.132,75575.18182943
1755896400,2025-08-22 21:00:00,4.132,4.206,4.133,4.195,277121.783011
1755900000,2025-08-22 22:00:00,4.159,4.199,4.195,4.181,97922.3177248
1755903600,2025-08-22 23:00:00,4.171,4.197,4.182,4.183,134846.11071779
1755907200,2025-08-23 00:00:00,4.136,4.189,4.184,4.144,143598.31694511
1755910800,2025-08-23 01:00:00,4.072,4.149,4.144,4.115,209669.03062471
1755914400,2025-08-23 02:00:00,4.021,4.122,4.11,4.059,328459.06665521
1755918000,2025-08-23 03:00:00,4.037,4.069,4.059,4.046,61557.81783762
1755921600,2025-08-23 04:00:00,4.046,4.126,4.046,4.126,67513.33643728
1755925200,2025-08-23 05:00:00,4.119,4.176,4.125,4.175,101627.08054048
1755928800,2025-08-23 06:00:00,4.145,4.181,4.173,4.162,56690.76057495
1755932400,2025-08-23 07:00:00,4.134,4.18,4.161,4.147,36823.51368321
1755936000,2025-08-23 08:00:00,4.13,4.162,4.146,4.143,63376.90332621
1755939600,2025-08-23 09:00:00,4.125,4.158,4.143,4.149,57931.84570755
1755943200,2025-08-23 10:00:00,4.12,4.156,4.148,4.122,24265.64519546
1755946800,2025-08-23 11:00:00,4.12,4.144,4.123,4.138,36519.86617048
1755950400,2025-08-23 12:00:00,4.119,4.163,4.14,4.145,53306.13618953
1755954000,2025-08-23 13:00:00,4.122,4.156,4.145,4.129,168227.46338169
1755957600,2025-08-23 14:00:00,4.121,4.17,4.131,4.147,89053.91473585
1755961200,2025-08-23 15:00:00,4.146,4.164,4.147,4.156,78687.32455722
1755964800,2025-08-23 16:00:00,4.132,4.158,4.158,4.143,29205.77713052
1755968400,2025-08-23 17:00:00,4.141,4.16,4.145,4.148,32345.92762662
1755972000,2025-08-23 18:00:00,4.146,4.165,4.15,4.165,19726.83844249
1755975600,2025-08-23 19:00:00,4.164,4.238,4.166,4.231,155371.35501711
1755979200,2025-08-23 20:00:00,4.187,4.262,4.236,4.21,166719.44325824
1755982800,2025-08-23 21:00:00,4.18,4.212,4.211,4.199,55931.12470336
1755986400,2025-08-23 22:00:00,4.2,4.237,4.201,4.235,45179.61230488
1755990000,2025-08-23 23:00:00,4.214,4.24,4.236,4.226,50826.0866995
1755993600,2025-08-24 00:00:00,4.214,4.238,4.225,4.219,59679.85950968
1755997200,2025-08-24 01:00:00,4.181,4.22,4.22,4.186,63107.78552599
1756000800,2025-08-24 02:00:00,4.159,4.186,4.185,4.163,116641.1623634
1756004400,2025-08-24 03:00:00,4.136,4.166,4.164,4.161,74219.63773159
1756008000,2025-08-24 04:00:00,4.146,4.17,4.163,4.158,19944.87409435
1756011600,2025-08-24 05:00:00,4.126,4.155,4.155,4.133,32189.86165762
1756015200,2025-08-24 06:00:00,4.077,4.132,4.131,4.079,59774.67782235
1756018800,2025-08-24 07:00:00,4.075,4.112,4.078,4.087,44088.46759287
1756022400,2025-08-24 08:00:00,4.078,4.111,4.086,4.099,19967.92252185
1756026000,2025-08-24 09:00:00,4.072,4.107,4.099,4.073,30597.85600645
1756029600,2025-08-24 10:00:00,4.028,4.074,4.073,4.036,53651.41268532
1756033200,2025-08-24 11:00:00,4.014,4.054,4.038,4.033,60196.15217525
1756036800,2025-08-24 12:00:00,4.032,4.055,4.035,4.055,102889.65865058
1756040400,2025-08-24 13:00:00,4.032,4.063,4.053,4.032,48786.40915246
1756044000,2025-08-24 14:00:00,4.021,4.063,4.033,4.059,59195.71798455
1756047600,2025-08-24 15:00:00,4.052,4.104,4.059,4.059,97263.9185619
1756051200,2025-08-24 16:00:00,4.042,4.08,4.059,4.073,103310.11144455
1756054800,2025-08-24 17:00:00,4.072,4.149,4.072,4.142,114490.75375403
1756058400,2025-08-24 18:00:00,4.131,4.265,4.144,4.249,282173.572132
1756062000,2025-08-24 19:00:00,4.051,4.281,4.249,4.126,772690.32040037
1756065600,2025-08-24 20:00:00,4.037,4.155,4.132,4.117,461969.88145671
1756069200,2025-08-24 21:00:00,4.094,4.159,4.117,4.122,166882.03646663
1756072800,2025-08-24 22:00:00,4.061,4.128,4.122,4.113,148449.04978959
1756076400,2025-08-24 23:00:00,4.103,4.133,4.115,4.109,91568.07315929
1756080000,2025-08-25 00:00:00,4.032,4.137,4.107,4.063,250012.24339929
1756083600,2025-08-25 01:00:00,4.049,4.11,4.063,4.087,135326.54817341
1756087200,2025-08-25 02:00:00,4.086,4.143,4.087,4.127,163597.85176376
1756090800,2025-08-25 03:00:00,4.092,4.144,4.126,4.099,106745.51060211
1756094400,2025-08-25 04:00:00,4.056,4.108,4.1,4.059,137325.9480765
1756098000,2025-08-25 05:00:00,4.028,4.077,4.06,4.029,109534.24059945
1756101600,2025-08-25 06:00:00,3.966,4.037,4.028,3.966,230471.94972725
1756105200,2025-08-25 07:00:00,3.897,3.99,3.965,3.915,192512.68025779
1756108800,2025-08-25 08:00:00,3.88,3.939,3.915,3.927,120430.68622048
1756112400,2025-08-25 09:00:00,3.898,3.933,3.93,3.92,51857.87435591
1756116000,2025-08-25 10:00:00,3.854,3.919,3.918,3.87,111927.03312667
1756119600,2025-08-25 11:00:00,3.862,3.901,3.871,3.901,68221.6503521
1756123200,2025-08-25 12:00:00,3.881,3.912,3.9,3.912,103670.83532041
1756126800,2025-08-25 13:00:00,3.863,3.912,3.911,3.892,182400.84692109
1756130400,2025-08-25 14:00:00,3.885,3.933,3.894,3.91,81409.06339437
1756134000,2025-08-25 15:00:00,3.863,3.916,3.907,3.868,73347.21564935
1756137600,2025-08-25 16:00:00,3.848,3.896,3.866,3.866,81963.35951863
1756141200,2025-08-25 17:00:00,3.835,3.866,3.865,3.846,97429.68555833
1756144800,2025-08-25 18:00:00,3.831,3.86,3.848,3.843,83783.17371761
1756148400,2025-08-25 19:00:00,3.772,3.851,3.843,3.778,273509.50266989
1756152000,2025-08-25 20:00:00,3.706,3.795,3.778,3.706,530697.36445235
1756155600,2025-08-25 21:00:00,3.693,3.742,3.705,3.712,241778.08556819
1756159200,2025-08-25 22:00:00,3.71,3.764,3.712,3.742,142864.68131468
1756162800,2025-08-25 23:00:00,3.714,3.741,3.741,3.733,77176.98303833
1756166400,2025-08-26 00:00:00,3.708,3.752,3.732,3.732,185317.19042738
1756170000,2025-08-26 01:00:00,3.718,3.794,3.731,3.793,176204.68969764
1756173600,2025-08-26 02:00:00,3.768,3.811,3.792,3.779,64995.02708531
1756177200,2025-08-26 03:00:00,3.764,3.802,3.78,3.791,83745.76210343
1756180800,2025-08-26 04:00:00,3.791,3.816,3.791,3.804,31764.59951909
1756184400,2025-08-26 05:00:00,3.794,3.816,3.803,3.794,43431.15702732
1756188000,2025-08-26 06:00:00,3.763,3.805,3.793,3.77,60183.37583248
1756191600,2025-08-26 07:00:00,3.757,3.815,3.771,3.795,63388.53069279
1756195200,2025-08-26 08:00:00,3.765,3.801,3.792,3.776,76326.09552803
1756198800,2025-08-26 09:00:00,3.773,3.796,3.776,3.786,55201.54388278
1756202400,2025-08-26 10:00:00,3.784,3.814,3.787,3.8,39632.29000702
1756206000,2025-08-26 11:00:00,3.762,3.805,3.8,3.78,49450.14745893
1756209600,2025-08-26 12:00:00,3.76,3.856,3.78,3.822,123583.39200033
1756213200,2025-08-26 13:00:00,3.762,3.838,3.823,3.81,184451.04576365
1756216800,2025-08-26 14:00:00,3.786,3.851,3.81,3.836,155015.08958688
1756220400,2025-08-26 15:00:00,3.802,3.854,3.837,3.812,107652.62271782
1756224000,2025-08-26 16:00:00,3.806,3.85,3.814,3.849,87055.82332752
1756227600,2025-08-26 17:00:00,3.813,3.85,3.849,3.832,103565.43868458
1756231200,2025-08-26 18:00:00,3.831,3.87,3.831,3.858,134324.33855668
1756234800,2025-08-26 19:00:00,3.849,3.915,3.858,3.908,117055.85897363
1756238400,2025-08-26 20:00:00,3.887,3.923,3.908,3.896,127348.6421459
1756242000,2025-08-26 21:00:00,3.88,3.909,3.897,3.909,75375.70220392
1756245600,2025-08-26 22:00:00,3.881,3.911,3.91,3.897,177181.74103682
1756249200,2025-08-26 23:00:00,3.881,3.91,3.896,3.887,97045.82322032
1756252800,2025-08-27 00:00:00,3.865,3.89,3.886,3.87,77932.04514189
1756256400,2025-08-27 01:00:00,3.848,3.873,3.867,3.871,112045.25628778
1756260000,2025-08-27 02:00:00,3.848,3.887,3.872,3.874,105944.74583438
1756263600,2025-08-27 03:00:00,3.853,3.91,3.873,3.892,128906.64652903
1756267200,2025-08-27 04:00:00,3.887,3.924,3.892,3.918,121062.58725595
1756270800,2025-08-27 05:00:00,3.89,3.924,3.918,3.897,51334.69941935
1756274400,2025-08-27 06:00:00,3.875,3.902,3.895,3.878,49542.10740103
1756278000,2025-08-27 07:00:00,3.847,3.878,3.876,3.85,76054.95008872
1756281600,2025-08-27 08:00:00,3.837,3.867,3.851,3.867,67358.24986613
1756285200,2025-08-27 09:00:00,3.864,3.884,3.864,3.865,49654.75197656
1756288800,2025-08-27 10:00:00,3.854,3.878,3.865,3.865,79792.56861587
1756292400,2025-08-27 11:00:00,3.866,3.889,3.866,3.882,61753.13634865
1756296000,2025-08-27 12:00:00,3.86,3.893,3.881,3.878,91943.61371465
1756299600,2025-08-27 13:00:00,3.854,3.911,3.874,3.875,239876.81321336
1756303200,2025-08-27 14:00:00,3.865,3.934,3.876,3.907,161377.03876833
1756306800,2025-08-27 15:00:00,3.897,3.931,3.905,3.91,177792.47909222
1756310400,2025-08-27 16:00:00,3.869,3.913,3.912,3.895,176849.42446902
1756314000,2025-08-27 17:00:00,3.876,3.912,3.893,3.908,156167.40794356
1756317600,2025-08-27 18:00:00,3.882,3.917,3.909,3.883,171568.44538443
1756321200,2025-08-27 19:00:00,3.839,3.89,3.883,3.866,217345.78677612
1756324800,2025-08-27 20:00:00,3.821,3.912,3.864,3.906,540352.02403487
1756328400,2025-08-27 21:00:00,3.857,3.913,3.906,3.864,150569.79454906
1756332000,2025-08-27 22:00:00,3.832,3.875,3.866,3.857,225884.05191688
1756335600,2025-08-27 23:00:00,3.828,3.861,3.856,3.836,214147.617029
1756339200,2025-08-28 00:00:00,3.806,3.855,3.835,3.835,130113.85188288
1756342800,2025-08-28 01:00:00,3.836,3.872,3.836,3.863,133182.31265427
1756346400,2025-08-28 02:00:00,3.843,3.873,3.863,3.847,94836.28829371
1756350000,2025-08-28 03:00:00,3.842,3.876,3.848,3.873,92504.47728848
1756353600,2025-08-28 04:00:00,3.867,4.102,3.873,3.914,498991.50309026
1756357200,2025-08-28 05:00:00,3.914,3.942,3.915,3.936,234816.74388192
1756360800,2025-08-28 06:00:00,3.913,3.936,3.936,3.929,119741.36253489
1756364400,2025-08-28 07:00:00,3.903,3.936,3.93,3.934,103815.77981911
1756368000,2025-08-28 08:00:00,3.934,3.991,3.934,3.975,362999.41432548
1756371600,2025-08-28 09:00:00,3.931,3.984,3.977,3.936,103673.68648878
1756375200,2025-08-28 10:00:00,3.931,3.963,3.937,3.962,102421.49722722
1756378800,2025-08-28 11:00:00,3.941,3.964,3.962,3.964,152847.62481588
1756382400,2025-08-28 12:00:00,3.96,3.987,3.964,3.969,250437.96015011
1756386000,2025-08-28 13:00:00,3.947,3.984,3.97,3.968,345375.95888334
1756389600,2025-08-28 14:00:00,3.959,4.016,3.968,4.008,299459.09543255
1756393200,2025-08-28 15:00:00,3.947,4.022,4.01,3.956,185709.61419141
1756396800,2025-08-28 16:00:00,3.897,3.984,3.956,3.9,248225.32259682
1756400400,2025-08-28 17:00:00,3.894,3.939,3.898,3.93,148909.38794458
1756404000,2025-08-28 18:00:00,3.913,3.947,3.929,3.925,103809.96093089
1756407600,2025-08-28 19:00:00,3.88,3.943,3.925,3.881,194168.58601596
1756411200,2025-08-28 20:00:00,3.873,3.92,3.881,3.911,113301.93613701
1756414800,2025-08-28 21:00:00,3.91,3.943,3.912,3.943,147014.93860656
1756418400,2025-08-28 22:00:00,3.941,4.001,3.943,3.999,103996.43110099
1756422000,2025-08-28 23:00:00,3.964,4.004,4,3.98,146777.33227883
1756425600,2025-08-29 00:00:00,3.958,4.001,3.98,3.976,148651.33303916
1756429200,2025-08-29 01:00:00,3.922,3.977,3.977,3.934,139400.68715858
1756432800,2025-08-29 02:00:00,3.925,3.978,3.934,3.945,88851.12476023
1756436400,2025-08-29 03:00:00,3.932,3.964,3.945,3.953,69580.38063454
1756440000,2025-08-29 04:00:00,3.921,3.959,3.953,3.929,69609.66486466
1756443600,2025-08-29 05:00:00,3.904,3.941,3.927,3.923,215632.10144288
1756447200,2025-08-29 06:00:00,3.884,3.931,3.924,3.905,772047.5846165
1756450800,2025-08-29 07:00:00,3.81,3.905,3.905,3.815,255772.89522616
1756454400,2025-08-29 08:00:00,3.77,3.825,3.814,3.777,188603.44507476
1756458000,2025-08-29 09:00:00,3.75,3.808,3.774,3.804,136240.33833303
1756461600,2025-08-29 10:00:00,3.793,3.822,3.802,3.805,198752.37971185
1756465200,2025-08-29 11:00:00,3.793,3.94,3.805,3.825,534269.42857653
1756468800,2025-08-29 12:00:00,3.824,3.915,3.826,3.859,340436.39956877
1756472400,2025-08-29 13:00:00,3.782,3.862,3.858,3.808,271547.36281121
1756476000,2025-08-29 14:00:00,3.756,3.831,3.81,3.767,473567.12030366
1756479600,2025-08-29 15:00:00,3.763,3.8,3.767,3.77,114888.98533306
1756483200,2025-08-29 16:00:00,3.729,3.789,3.773,3.773,307729.33736087
1756486800,2025-08-29 17:00:00,3.738,3.776,3.773,3.749,124118.4534691
1756490400,2025-08-29 18:00:00,3.726,3.765,3.748,3.731,152195.33749181
1756494000,2025-08-29 19:00:00,3.724,3.78,3.73,3.763,125588.56331615
1756497600,2025-08-29 20:00:00,3.734,3.776,3.763,3.742,257680.84676565
1756501200,2025-08-29 21:00:00,3.724,3.787,3.742,3.78,88870.71411001
1756504800,2025-08-29 22:00:00,3.753,3.779,3.779,3.774,51834.91598363
1756508400,2025-08-29 23:00:00,3.771,3.786,3.775,3.775,58654.13102719
1756512000,2025-08-30 00:00:00,3.757,3.789,3.774,3.763,91557.10369446
1756515600,2025-08-30 01:00:00,3.712,3.772,3.764,3.719,123775.5969702
1756519200,2025-08-30 02:00:00,3.714,3.778,3.72,3.771,76595.11454097
1756522800,2025-08-30 03:00:00,3.77,3.825,3.772,3.82,112622.93776592
1756526400,2025-08-30 04:00:00,3.794,3.82,3.82,3.797,82798.72969577
1756530000,2025-08-30 05:00:00,3.791,3.819,3.796,3.805,92983.6270118
1756533600,2025-08-30 06:00:00,3.794,3.818,3.805,3.801,83471.60886588
1756537200,2025-08-30 07:00:00,3.797,3.815,3.8,3.813,66502.34430911
1756540800,2025-08-30 08:00:00,3.792,3.813,3.81,3.792,57722.86954278
1756544400,2025-08-30 09:00:00,3.777,3.795,3.793,3.784,36215.64010872
1756548000,2025-08-30 10:00:00,3.781,3.801,3.785,3.79,43350.19328378
1756551600,2025-08-30 11:00:00,3.775,3.798,3.79,3.796,48426.35223416
1756555200,2025-08-30 12:00:00,3.748,3.794,3.794,3.766,120266.22848922
1756558800,2025-08-30 13:00:00,3.733,3.765,3.764,3.758,114382.71725254
1756562400,2025-08-30 14:00:00,3.738,3.771,3.757,3.765,101860.71329011
1756566000,2025-08-30 15:00:00,3.759,3.792,3.765,3.787,49891.05217005
1756569600,2025-08-30 16:00:00,3.758,3.786,3.786,3.758,52299.57882299
1756573200,2025-08-30 17:00:00,3.759,3.778,3.76,3.776,94956.16174694
1756576800,2025-08-30 18:00:00,3.759,3.788,3.774,3.768,47922.34928547
1756580400,2025-08-30 19:00:00,3.766,3.794,3.768,3.792,29901.60789694
1756584000,2025-08-30 20:00:00,3.776,3.797,3.793,3.79,53593.27093095
1756587600,2025-08-30 21:00:00,3.782,3.798,3.789,3.793,44257.07215232
1756591200,2025-08-30 22:00:00,3.783,3.803,3.792,3.802,29196.47528263
1756594800,2025-08-30 23:00:00,3.802,3.812,3.802,3.81,75682.29423905
1756598400,2025-08-31 00:00:00,3.81,3.856,3.81,3.855,94613.20530772
1756602000,2025-08-31 01:00:00,3.839,3.873,3.856,3.868,108661.06299535
1756605600,2025-08-31 02:00:00,3.851,3.875,3.869,3.855,47856.78577999
1756609200,2025-08-31 03:00:00,3.848,3.862,3.856,3.859,51325.93820565
1756612800,2025-08-31 04:00:00,3.824,3.862,3.86,3.829,148456.44061844
1756616400,2025-08-31 05:00:00,3.809,3.828,3.828,3.819,97873.31070992
1756620000,2025-08-31 06:00:00,3.799,3.821,3.82,3.802,64799.96317884
1756623600,2025-08-31 07:00:00,3.8,3.816,3.801,3.803,42749.04838691
1756627200,2025-08-31 08:00:00,3.803,3.832,3.803,3.832,34349.39863768
1756630800,2025-08-31 09:00:00,3.816,3.846,3.831,3.821,107434.46638599
1756634400,2025-08-31 10:00:00,3.785,3.822,3.819,3.797,101291.48676954
1756638000,2025-08-31 11:00:00,3.791,3.816,3.797,3.816,55652.20829126
1756641600,2025-08-31 12:00:00,3.8,3.825,3.816,3.821,58970.68313243
1756645200,2025-08-31 13:00:00,3.791,3.828,3.82,3.799,63937.2319435
1756648800,2025-08-31 14:00:00,3.779,3.804,3.8,3.791,37323.40465385
1756652400,2025-08-31 15:00:00,3.794,3.818,3.794,3.815,56886.45901421
1756656000,2025-08-31 16:00:00,3.795,3.817,3.816,3.8,63731.23692699
1756659600,2025-08-31 17:00:00,3.788,3.806,3.799,3.797,74854.40609409
1756663200,2025-08-31 18:00:00,3.795,3.828,3.797,3.827,118599.98920421
1756666800,2025-08-31 19:00:00,3.798,3.829,3.826,3.798,92066.33937377
1756670400,2025-08-31 20:00:00,3.781,3.809,3.798,3.799,120423.76078527
1756674000,2025-08-31 21:00:00,3.796,3.815,3.798,3.806,56871.76981928
1756677600,2025-08-31 22:00:00,3.768,3.808,3.805,3.773,104447.22751495
1756681200,2025-08-31 23:00:00,3.736,3.775,3.773,3.743,128368.23901412
1756684800,2025-09-01 00:00:00,3.704,3.749,3.741,3.729,265051.94729948
1756688400,2025-09-01 01:00:00,3.712,3.754,3.727,3.735,137181.61798104
1756692000,2025-09-01 02:00:00,3.678,3.736,3.732,3.689,189351.2184497
1756695600,2025-09-01 03:00:00,3.676,3.7,3.688,3.688,73164.36590538
1756699200,2025-09-01 04:00:00,3.657,3.693,3.687,3.673,45802.0289133
1756702800,2025-09-01 05:00:00,3.658,3.698,3.671,3.69,47951.24974223
1756706400,2025-09-01 06:00:00,3.668,3.714,3.689,3.702,114136.49624158
1756710000,2025-09-01 07:00:00,3.685,3.821,3.702,3.82,192369.10602311
1756713600,2025-09-01 08:00:00,3.794,3.851,3.82,3.85,233421.92963528
1756717200,2025-09-01 09:00:00,3.833,3.886,3.851,3.843,287162.64679159
1756720800,2025-09-01 10:00:00,3.775,3.842,3.842,3.798,143503.38824637
1756724400,2025-09-01 11:00:00,3.759,3.798,3.798,3.77,66094.6084629
1756728000,2025-09-01 12:00:00,3.761,3.798,3.77,3.777,34465.29800063
1756731600,2025-09-01 13:00:00,3.739,3.779,3.775,3.748,118319.68273346
1756735200,2025-09-01 14:00:00,3.735,3.772,3.749,3.759,101818.17973433
1756738800,2025-09-01 15:00:00,3.72,3.771,3.758,3.732,106010.49001228
1756742400,2025-09-01 16:00:00,3.714,3.742,3.732,3.718,44281.82952405
1756746000,2025-09-01 17:00:00,3.694,3.728,3.719,3.707,95544.37714047
1756749600,2025-09-01 18:00:00,3.707,3.734,3.709,3.723,38460.32719947
1756753200,2025-09-01 19:00:00,3.719,3.743,3.723,3.741,49344.92408928
1756756800,2025-09-01 20:00:00,3.645,3.741,3.74,3.679,262784.62079335
1756760400,2025-09-01 21:00:00,3.614,3.68,3.676,3.636,151688.11460427
1756764000,2025-09-01 22:00:00,3.63,3.666,3.635,3.654,97594.73430703
1756767600,2025-09-01 23:00:00,3.655,3.703,3.655,3.695,70281.82622851
1756771200,2025-09-02 00:00:00,3.678,3.703,3.693,3.688,70294.47996369
1756774800,2025-09-02 01:00:00,3.68,3.732,3.687,3.713,76144.171103
1756778400,2025-09-02 02:00:00,3.708,3.764,3.712,3.763,58634.37781316
1756782000,2025-09-02 03:00:00,3.753,3.79,3.764,3.773,151522.89768104
1756785600,2025-09-02 04:00:00,3.765,3.787,3.772,3.783,62507.62266299
1756789200,2025-09-02 05:00:00,3.771,3.789,3.784,3.779,47420.57142457
1756792800,2025-09-02 06:00:00,3.773,3.79,3.779,3.784,74577.93152469
1756796400,2025-09-02 07:00:00,3.746,3.783,3.783,3.755,60813.25211623
1756800000,2025-09-02 08:00:00,3.751,3.778,3.756,3.763,37973.1336911
1756803600,2025-09-02 09:00:00,3.759,3.785,3.764,3.781,47046.97092049
1756807200,2025-09-02 10:00:00,3.768,3.783,3.782,3.778,17987.14859963
1756810800,2025-09-02 11:00:00,3.752,3.776,3.776,3.756,25105.3689698
1756814400,2025-09-02 12:00:00,3.691,3.761,3.755,3.701,169726.07242104
1756818000,2025-09-02 13:00:00,3.697,3.807,3.699,3.795,311679.31444508
1756821600,2025-09-02 14:00:00,3.77,3.817,3.796,3.79,224058.35868434
1756825200,2025-09-02 15:00:00,3.729,3.793,3.789,3.734,101623.52988811
1756828800,2025-09-02 16:00:00,3.735,3.766,3.735,3.76,45269.49514909
1756832400,2025-09-02 17:00:00,3.76,3.788,3.761,3.774,53672.487388
1756836000,2025-09-02 18:00:00,3.736,3.778,3.773,3.765,72280.33163765
1756839600,2025-09-02 19:00:00,3.74,3.78,3.767,3.75,62601.58386444
1756843200,2025-09-02 20:00:00,3.744,3.799,3.751,3.792,96644.42501554
1756846800,2025-09-02 21:00:00,3.786,3.812,3.792,3.812,127002.87318364
1756850400,2025-09-02 22:00:00,3.794,3.824,3.81,3.821,137988.22016026
1756854000,2025-09-02 23:00:00,3.805,3.825,3.821,3.819,62686.24126176
1756857600,2025-09-03 00:00:00,3.811,3.833,3.82,3.818,46780.83072565
1756861200,2025-09-03 01:00:00,3.79,3.826,3.817,3.825,121282.0200545
1756864800,2025-09-03 02:00:00,3.815,3.843,3.826,3.827,102905.13077323
1756868400,2025-09-03 03:00:00,3.809,3.833,3.826,3.819,29037.71961164
1756872000,2025-09-03 04:00:00,3.807,3.828,3.82,3.815,70611.67493955
1756875600,2025-09-03 05:00:00,3.797,3.815,3.814,3.802,46686.20021883
1756879200,2025-09-03 06:00:00,3.785,3.816,3.802,3.801,38962.35176829
1756882800,2025-09-03 07:00:00,3.791,3.811,3.802,3.81,21601.54169388
1756886400,2025-09-03 08:00:00,3.807,3.837,3.809,3.821,77945.46002592
1756890000,2025-09-03 09:00:00,3.808,3.836,3.821,3.836,40227.34557549
1756893600,2025-09-03 10:00:00,3.829,3.85,3.837,3.831,73535.93689054
1756897200,2025-09-03 11:00:00,3.827,3.846,3.832,3.827,59399.64591042
1756900800,2025-09-03 12:00:00,3.813,3.841,3.827,3.818,20703.80837947
1756904400,2025-09-03 13:00:00,3.816,3.874,3.819,3.852,201966.91252863
1756908000,2025-09-03 14:00:00,3.851,3.888,3.851,3.879,78937.14917433
1756911600,2025-09-03 15:00:00,3.869,3.906,3.88,3.892,155325.33683467
1756915200,2025-09-03 16:00:00,3.864,3.905,3.893,3.872,77306.19844423
1756918800,2025-09-03 17:00:00,3.873,3.89,3.873,3.879,42407.69341319
1756922400,2025-09-03 18:00:00,3.874,3.886,3.878,3.883,41312.94126351
1756926000,2025-09-03 19:00:00,3.874,3.896,3.883,3.893,27802.12961277
1756929600,2025-09-03 20:00:00,3.884,3.899,3.894,3.895,27190.7404937
1756933200,2025-09-03 21:00:00,3.876,3.897,3.895,3.888,40433.64742366
1756936800,2025-09-03 22:00:00,3.871,3.896,3.889,3.879,36959.81301692
1756940400,2025-09-03 23:00:00,3.86,3.879,3.878,3.867,62259.02875553
1756944000,2025-09-04 00:00:00,3.861,3.877,3.867,3.87,82732.97385477
1756947600,2025-09-04 01:00:00,3.853,3.869,3.869,3.862,47341.00264773
1756951200,2025-09-04 02:00:00,3.834,3.863,3.862,3.836,41732.93430549
1756954800,2025-09-04 03:00:00,3.808,3.838,3.837,3.81,49570.97672863
1756958400,2025-09-04 04:00:00,3.8,3.821,3.811,3.802,95429.10626708
1756962000,2025-09-04 05:00:00,3.77,3.802,3.802,3.78,97006.14859523
1756965600,2025-09-04 06:00:00,3.762,3.78,3.778,3.767,43127.52364353
1756969200,2025-09-04 07:00:00,3.769,3.788,3.769,3.782,38483.24646883
1756972800,2025-09-04 08:00:00,3.778,3.799,3.783,3.779,46470.64019644
1756976400,2025-09-04 09:00:00,3.767,3.787,3.781,3.776,38952.37634258
1756980000,2025-09-04 10:00:00,3.773,3.797,3.776,3.785,34470.93475295
1756983600,2025-09-04 11:00:00,3.781,3.806,3.784,3.782,53330.71292395
1756987200,2025-09-04 12:00:00,3.768,3.798,3.783,3.793,91166.32934853
1756990800,2025-09-04 13:00:00,3.772,3.8,3.794,3.781,49240.57527124
1756994400,2025-09-04 14:00:00,3.743,3.784,3.783,3.767,112805.61046948
1756998000,2025-09-04 15:00:00,3.744,3.768,3.766,3.757,67962.74596646
1757001600,2025-09-04 16:00:00,3.752,3.773,3.757,3.766,52476.19186214
1757005200,2025-09-04 17:00:00,3.755,3.778,3.767,3.755,73114.23912705
1757008800,2025-09-04 18:00:00,3.726,3.765,3.755,3.743,83841.74773819
1757012400,2025-09-04 19:00:00,3.734,3.754,3.742,3.74,37284.87709901
1757016000,2025-09-04 20:00:00,3.736,3.775,3.741,3.771,63682.71711265
1757019600,2025-09-04 21:00:00,3.767,3.783,3.77,3.779,29340.93810617
1757023200,2025-09-04 22:00:00,3.775,3.799,3.779,3.799,47059.57501532
1757026800,2025-09-04 23:00:00,3.763,3.804,3.799,3.764,85304.18523178
1757030400,2025-09-05 00:00:00,3.758,3.779,3.764,3.761,45978.41704494
1757034000,2025-09-05 01:00:00,3.757,3.787,3.76,3.786,34124.50428821
1757037600,2025-09-05 02:00:00,3.772,3.791,3.786,3.785,39684.515578
1757041200,2025-09-05 03:00:00,3.769,3.786,3.784,3.784,30922.3326521
1757044800,2025-09-05 04:00:00,3.775,3.792,3.784,3.79,20446.312589
1757048400,2025-09-05 05:00:00,3.787,3.794,3.79,3.791,17408.23055612
1757052000,2025-09-05 06:00:00,3.778,3.795,3.791,3.793,55386.93768048
1757055600,2025-09-05 07:00:00,3.792,3.842,3.794,3.839,99487.59981039
1757059200,2025-09-05 08:00:00,3.821,3.842,3.839,3.825,32202.67007218
1757062800,2025-09-05 09:00:00,3.809,3.828,3.824,3.828,23619.68704844
1757066400,2025-09-05 10:00:00,3.826,3.84,3.829,3.826,14985.96612479
1757070000,2025-09-05 11:00:00,3.82,3.836,3.826,3.83,36166.5276268
1757073600,2025-09-05 12:00:00,3.818,3.892,3.828,3.887,249720.67878218
1757077200,2025-09-05 13:00:00,3.865,3.896,3.888,3.881,174273.34418184
1757080800,2025-09-05 14:00:00,3.775,3.883,3.88,3.794,443508.49848888
1757084400,2025-09-05 15:00:00,3.781,3.824,3.795,3.806,124460.17088305
1757088000,2025-09-05 16:00:00,3.798,3.822,3.807,3.816,63391.62950018
1757091600,2025-09-05 17:00:00,3.795,3.817,3.815,3.804,105520.08552068
1757095200,2025-09-05 18:00:00,3.787,3.828,3.804,3.817,87824.72541235
1757098800,2025-09-05 19:00:00,3.813,3.828,3.817,3.828,78035.83733236
1757102400,2025-09-05 20:00:00,3.823,3.846,3.828,3.846,82960.21166773
1757106000,2025-09-05 21:00:00,3.807,3.848,3.846,3.816,97727.42479948
1757109600,2025-09-05 22:00:00,3.811,3.835,3.817,3.83,36179.56274239
1757113200,2025-09-05 23:00:00,3.824,3.836,3.831,3.827,14537.82674958
1757116800,2025-09-06 00:00:00,3.824,3.849,3.827,3.841,47168.41472432
1757120400,2025-09-06 01:00:00,3.835,3.85,3.841,3.85,21568.46311275
1757124000,2025-09-06 02:00:00,3.848,3.866,3.85,3.864,80692.74008495
1757127600,2025-09-06 03:00:00,3.862,3.885,3.863,3.881,35022.95045478
1757131200,2025-09-06 04:00:00,3.849,3.882,3.881,3.857,115325.12005718
1757134800,2025-09-06 05:00:00,3.831,3.856,3.855,3.831,13880.83748786
1757138400,2025-09-06 06:00:00,3.827,3.837,3.83,3.83,41977.83308012
1757142000,2025-09-06 07:00:00,3.82,3.835,3.829,3.827,11702.29539976
1757145600,2025-09-06 08:00:00,3.812,3.829,3.827,3.814,32909.16207229
1757149200,2025-09-06 09:00:00,3.796,3.813,3.813,3.801,57202.35871835
1757152800,2025-09-06 10:00:00,3.795,3.821,3.802,3.818,18928.09765436
1757156400,2025-09-06 11:00:00,3.805,3.819,3.817,3.813,15435.06191111
1757160000,2025-09-06 12:00:00,3.808,3.821,3.814,3.809,38280.77494754
1757163600,2025-09-06 13:00:00,3.802,3.814,3.809,3.81,13974.81815715
1757167200,2025-09-06 14:00:00,3.807,3.826,3.809,3.816,10015.59185855
1757170800,2025-09-06 15:00:00,3.79,3.818,3.818,3.79,25290.12689959
1757174400,2025-09-06 16:00:00,3.781,3.822,3.791,3.813,65326.3001349
1757178000,2025-09-06 17:00:00,3.792,3.815,3.81,3.802,39931.55361036
1757181600,2025-09-06 18:00:00,3.798,3.813,3.802,3.808,49273.22302789
1757185200,2025-09-06 19:00:00,3.789,3.811,3.808,3.793,26102.13443666
1757188800,2025-09-06 20:00:00,3.791,3.814,3.792,3.814,21039.70249055
1757192400,2025-09-06 21:00:00,3.807,3.82,3.815,3.818,26784.92437611
1757196000,2025-09-06 22:00:00,3.814,3.825,3.82,3.819,31694.58368897
1757199600,2025-09-06 23:00:00,3.812,3.836,3.82,3.826,14993.68919817
1757203200,2025-09-07 00:00:00,3.823,3.838,3.826,3.833,15184.61474461
1757206800,2025-09-07 01:00:00,3.833,3.855,3.833,3.848,19712.76115881
1757210400,2025-09-07 02:00:00,3.842,3.858,3.852,3.858,28317.43963172
1757214000,2025-09-07 03:00:00,3.85,3.863,3.857,3.852,14557.23646498
1757217600,2025-09-07 04:00:00,3.846,3.854,3.853,3.852,18799.87848818
1757221200,2025-09-07 05:00:00,3.848,3.868,3.852,3.868,14459.97377374
1757224800,2025-09-07 06:00:00,3.851,3.869,3.868,3.854,19810.97664311
1757228400,2025-09-07 07:00:00,3.849,3.866,3.854,3.855,16943.58476316
1757232000,2025-09-07 08:00:00,3.854,3.867,3.855,3.862,12520.43451849
1757235600,2025-09-07 09:00:00,3.847,3.862,3.861,3.857,23484.40937423
1757239200,2025-09-07 10:00:00,3.857,3.863,3.858,3.861,10795.47672054
1757242800,2025-09-07 11:00:00,3.854,3.867,3.862,3.867,12088.59056283
1757246400,2025-09-07 12:00:00,3.865,3.968,3.868,3.965,296048.89581212
1757250000,2025-09-07 13:00:00,3.964,4.088,3.964,4.076,488473.13649307
1757253600,2025-09-07 14:00:00,4.007,4.076,4.075,4.021,304434.29043017
1757257200,2025-09-07 15:00:00,3.962,4.025,4.02,3.967,222774.31695674
1757260800,2025-09-07 16:00:00,3.967,3.995,3.967,3.98,101046.35288446
1757264400,2025-09-07 17:00:00,3.951,3.984,3.979,3.956,121665.97992612
1757268000,2025-09-07 18:00:00,3.954,3.982,3.956,3.966,92448.72428736
1757271600,2025-09-07 19:00:00,3.959,4.012,3.965,3.99,92909.29183364
1757275200,2025-09-07 20:00:00,3.977,3.997,3.99,3.991,66974.5309933
1757278800,2025-09-07 21:00:00,3.976,3.993,3.992,3.981,62166.98385885
1757282400,2025-09-07 22:00:00,3.98,4.019,3.98,4.014,81165.32763201
1757286000,2025-09-07 23:00:00,3.99,4.017,4.015,3.995,69757.74214527
1757289600,2025-09-08 00:00:00,3.981,4.021,3.993,3.999,142208.98420911
1757293200,2025-09-08 01:00:00,3.994,4.027,3.999,4.017,72242.54538331
1757296800,2025-09-08 02:00:00,3.996,4.058,4.018,4.049,134790.54333097
1757300400,2025-09-08 03:00:00,4.042,4.072,4.049,4.049,63652.89725049
1757304000,2025-09-08 04:00:00,4.02,4.054,4.05,4.027,98446.97934776
1757307600,2025-09-08 05:00:00,4.021,4.048,4.028,4.034,37404.7118792
1757311200,2025-09-08 06:00:00,4.001,4.035,4.035,4.002,30357.63028021
1757314800,2025-09-08 07:00:00,3.986,4.015,4.002,3.997,112215.78128322
1757318400,2025-09-08 08:00:00,3.995,4.018,3.997,4.003,86664.40401023
1757322000,2025-09-08 09:00:00,3.998,4.037,4.002,4.035,81716.59238245
1757325600,2025-09-08 10:00:00,4.028,4.054,4.031,4.031,144282.18450413
1757329200,2025-09-08 11:00:00,4.008,4.032,4.029,4.022,55157.59659094
1757332800,2025-09-08 12:00:00,4.008,4.032,4.023,4.027,177884.05795925
1757336400,2025-09-08 13:00:00,4.006,4.053,4.027,4.007,208411.8931723
1757340000,2025-09-08 14:00:00,4.006,4.057,4.006,4.048,113160.22194147
1757343600,2025-09-08 15:00:00,4.035,4.075,4.048,4.07,153373.49329269
1757347200,2025-09-08 16:00:00,4.046,4.081,4.069,4.05,152258.41136869
1757350800,2025-09-08 17:00:00,4.029,4.068,4.049,4.031,74886.80539385
1757354400,2025-09-08 18:00:00,4.026,4.057,4.031,4.056,46968.62574028
1757358000,2025-09-08 19:00:00,4.016,4.055,4.055,4.023,52183.28655707
1757361600,2025-09-08 20:00:00,4.003,4.031,4.024,4.013,45468.84645573
1757365200,2025-09-08 21:00:00,4.009,4.064,4.013,4.057,80799.08366825
1757368800,2025-09-08 22:00:00,4.047,4.07,4.06,4.048,92546.95681681
1757372400,2025-09-08 23:00:00,4.032,4.06,4.048,4.045,123339.20690006
1757376000,2025-09-09 00:00:00,4.045,4.084,4.045,4.083,81155.59763712
1757379600,2025-09-09 01:00:00,4.049,4.099,4.082,4.061,123143.09744303
1757383200,2025-09-09 02:00:00,4.019,4.062,4.062,4.025,70158.10795555
1757386800,2025-09-09 03:00:00,4.005,4.047,4.024,4.046,182787.80629484
1757390400,2025-09-09 04:00:00,4.031,4.059,4.045,4.052,33477.4145759
1757394000,2025-09-09 05:00:00,4.032,4.057,4.052,4.056,25015.76005897
1757397600,2025-09-09 06:00:00,4.051,4.126,4.057,4.116,90385.19596114
1757401200,2025-09-09 07:00:00,4.11,4.173,4.114,4.125,192382.91261587
1757404800,2025-09-09 08:00:00,4.12,4.147,4.126,4.135,73285.86058171
1757408400,2025-09-09 09:00:00,4.127,4.151,4.136,4.142,65159.60682319
1757412000,2025-09-09 10:00:00,4.127,4.16,4.142,4.15,89508.32365966
1757415600,2025-09-09 11:00:00,4.144,4.181,4.152,4.146,134107.4370273
1757419200,2025-09-09 12:00:00,4.135,4.18,4.148,4.136,265434.85417901
1757422800,2025-09-09 13:00:00,4.117,4.178,4.137,4.172,181294.10663993
1757426400,2025-09-09 14:00:00,4.055,4.182,4.175,4.112,491381.79320756
1757430000,2025-09-09 15:00:00,4.048,4.117,4.109,4.069,272949.46238038
1757433600,2025-09-09 16:00:00,4.029,4.08,4.07,4.047,149016.14191778
1757437200,2025-09-09 17:00:00,4.046,4.079,4.049,4.057,121185.94262169
1757440800,2025-09-09 18:00:00,4.054,4.085,4.057,4.08,157867.36195094
1757444400,2025-09-09 19:00:00,4.079,4.116,4.084,4.106,96578.5211781
1757448000,2025-09-09 20:00:00,4.088,4.128,4.105,4.126,70961.93121386
1757451600,2025-09-09 21:00:00,4.1,4.14,4.126,4.105,91208.04150919
1757455200,2025-09-09 22:00:00,4.096,4.141,4.104,4.141,29565.22091585
1757458800,2025-09-09 23:00:00,4.12,4.147,4.14,4.139,51180.26545638
1757462400,2025-09-10 00:00:00,4.098,4.148,4.139,4.103,79910.27084175
1757466000,2025-09-10 01:00:00,4.098,4.154,4.1,4.128,70823.97622825
1757469600,2025-09-10 02:00:00,4.121,4.141,4.129,4.135,98671.74897396
1757473200,2025-09-10 03:00:00,4.119,4.138,4.135,4.134,34035.8781985
1757476800,2025-09-10 04:00:00,4.104,4.134,4.134,4.12,36779.31576651
1757480400,2025-09-10 05:00:00,4.076,4.119,4.119,4.094,121869.92125301
1757484000,2025-09-10 06:00:00,4.081,4.115,4.09,4.104,37919.42279629
1757487600,2025-09-10 07:00:00,4.1,4.122,4.104,4.115,73395.00504964
1757491200,2025-09-10 08:00:00,4.083,4.126,4.116,4.086,59073.37129987
1757494800,2025-09-10 09:00:00,4.07,4.096,4.088,4.094,38243.1998387
1757498400,2025-09-10 10:00:00,4.054,4.098,4.096,4.057,110844.06319599
1757502000,2025-09-10 11:00:00,4.056,4.086,4.057,4.081,78924.19042473
1757505600,2025-09-10 12:00:00,4.078,4.173,4.081,4.172,188155.45981095
1757509200,2025-09-10 13:00:00,4.148,4.208,4.172,4.187,191014.70080931
1757512800,2025-09-10 14:00:00,4.157,4.205,4.189,4.164,113484.18906053
1757516400,2025-09-10 15:00:00,4.157,4.184,4.167,4.174,85391.41871135
1757520000,2025-09-10 16:00:00,4.147,4.197,4.175,4.196,89513.48692004
1757523600,2025-09-10 17:00:00,4.161,4.198,4.194,4.187,55753.66785355
1757527200,2025-09-10 18:00:00,4.17,4.198,4.189,4.195,64486.24226775
1757530800,2025-09-10 19:00:00,4.144,4.195,4.194,4.162,80324.10481237
1757534400,2025-09-10 20:00:00,4.16,4.19,4.161,4.171,38445.20571405
1757538000,2025-09-10 21:00:00,4.171,4.2,4.171,4.197,89148.9280325
1757541600,2025-09-10 22:00:00,4.192,4.226,4.197,4.204,100661.64917887
1757545200,2025-09-10 23:00:00,4.192,4.218,4.205,4.218,167080.42925985
1757548800,2025-09-11 00:00:00,4.198,4.245,4.217,4.241,93212.77583392
1757552400,2025-09-11 01:00:00,4.225,4.251,4.242,4.243,74264.582871
1757556000,2025-09-11 02:00:00,4.21,4.258,4.243,4.213,101079.10043763
1757559600,2025-09-11 03:00:00,4.209,4.247,4.212,4.243,33496.37635616
1757563200,2025-09-11 04:00:00,4.221,4.244,4.244,4.225,30321.74027091
1757566800,2025-09-11 05:00:00,4.195,4.223,4.223,4.219,44009.09415111
1757570400,2025-09-11 06:00:00,4.208,4.232,4.218,4.224,41978.00580223
1757574000,2025-09-11 07:00:00,4.211,4.233,4.226,4.225,35571.42741941
1757577600,2025-09-11 08:00:00,4.203,4.228,4.224,4.206,54004.65555877
1757581200,2025-09-11 09:00:00,4.173,4.206,4.206,4.188,88114.80536594
1757584800,2025-09-11 10:00:00,4.186,4.21,4.188,4.206,33193.07419052
1757588400,2025-09-11 11:00:00,4.191,4.22,4.208,4.198,21813.27481139
1757592000,2025-09-11 12:00:00,4.135,4.246,4.199,4.192,336003.41780976
1757595600,2025-09-11 13:00:00,4.143,4.206,4.192,4.206,70483.43086403
1757599200,2025-09-11 14:00:00,4.151,4.208,4.207,4.183,52202.32005303
1757602800,2025-09-11 15:00:00,4.159,4.185,4.183,4.162,57229.55949543
1757606400,2025-09-11 16:00:00,4.161,4.192,4.161,4.182,44649.70876845
1757610000,2025-09-11 17:00:00,4.168,4.198,4.181,4.192,58784.69102552
1757613600,2025-09-11 18:00:00,4.175,4.191,4.189,4.188,40541.19510931
1757617200,2025-09-11 19:00:00,4.185,4.232,4.186,4.214,78351.00328733
1757620800,2025-09-11 20:00:00,4.204,4.24,4.213,4.24,38623.64034271
1757624400,2025-09-11 21:00:00,4.218,4.24,4.222,4.235,50201.63775267
1757628000,2025-09-11 22:00:00,4.231,4.251,4.237,4.24,103479.33691439
1757631600,2025-09-11 23:00:00,4.235,4.256,4.238,4.244,58942.50642564
1757635200,2025-09-12 00:00:00,4.229,4.28,4.243,4.269,109037.771238
1757638800,2025-09-12 01:00:00,4.244,4.276,4.268,4.247,114365.56521042
1757642400,2025-09-12 02:00:00,4.221,4.259,4.247,4.229,43141.18874209
1757646000,2025-09-12 03:00:00,4.201,4.232,4.23,4.218,84032.49161415
1757649600,2025-09-12 04:00:00,4.206,4.228,4.218,4.222,41922.67482062
1757653200,2025-09-12 05:00:00,4.217,4.252,4.221,4.252,42079.92080651
1757656800,2025-09-12 06:00:00,4.251,4.271,4.252,4.254,55148.55907007
1757660400,2025-09-12 07:00:00,4.231,4.261,4.255,4.233,35897.0159228
1757664000,2025-09-12 08:00:00,4.205,4.232,4.232,4.215,46800.33579487
1757667600,2025-09-12 09:00:00,4.184,4.22,4.216,4.196,110746.64965592
1757671200,2025-09-12 10:00:00,4.173,4.202,4.196,4.198,30358.78357588
1757674800,2025-09-12 11:00:00,4.17,4.207,4.197,4.175,20363.96876189
1757678400,2025-09-12 12:00:00,4.154,4.199,4.175,4.198,63341.89235254
1757682000,2025-09-12 13:00:00,4.191,4.224,4.195,4.222,118828.03592362
1757685600,2025-09-12 14:00:00,4.211,4.247,4.221,4.221,104581.16274951
1757689200,2025-09-12 15:00:00,4.19,4.221,4.22,4.199,59432.0828981
1757692800,2025-09-12 16:00:00,4.196,4.234,4.201,4.22,69317.76421945
1757696400,2025-09-12 17:00:00,4.214,4.267,4.221,4.253,116880.23694043
1757700000,2025-09-12 18:00:00,4.245,4.294,4.253,4.294,268121.87074318
1757703600,2025-09-12 19:00:00,4.276,4.3,4.294,4.297,89491.5889588
1757707200,2025-09-12 20:00:00,4.254,4.3,4.297,4.273,131731.16899045
1757710800,2025-09-12 21:00:00,4.26,4.281,4.272,4.276,64039.73582885
1757714400,2025-09-12 22:00:00,4.278,4.323,4.278,4.319,224323.71321624
1757718000,2025-09-12 23:00:00,4.31,4.325,4.32,4.322,66315.8595188
1757721600,2025-09-13 00:00:00,4.309,4.344,4.322,4.342,99828.59555839
1757725200,2025-09-13 01:00:00,4.315,4.357,4.341,4.317,118672.83292141
1757728800,2025-09-13 02:00:00,4.306,4.343,4.317,4.34,96722.00097251
1757732400,2025-09-13 03:00:00,4.34,4.382,4.341,4.378,97144.09038503
1757736000,2025-09-13 04:00:00,4.366,4.4,4.379,4.391,99003.0219988
1757739600,2025-09-13 05:00:00,4.363,4.42,4.391,4.417,125181.90124531
1757743200,2025-09-13 06:00:00,4.412,4.505,4.416,4.449,370576.74780113
1757746800,2025-09-13 07:00:00,4.429,4.489,4.449,4.462,320413.74443989
1757750400,2025-09-13 08:00:00,4.453,4.532,4.463,4.505,273739.43155947
1757754000,2025-09-13 09:00:00,4.495,4.522,4.504,4.519,210942.05458146
1757757600,2025-09-13 10:00:00,4.507,4.596,4.517,4.576,274446.96303149
1757761200,2025-09-13 11:00:00,4.511,4.588,4.576,4.587,354393.81917905
1757764800,2025-09-13 12:00:00,4.557,4.627,4.588,4.617,507231.47184877
1757768400,2025-09-13 13:00:00,4.484,4.623,4.616,4.54,383116.81025004
1757772000,2025-09-13 14:00:00,4.495,4.577,4.539,4.535,256656.69789961
1757775600,2025-09-13 15:00:00,4.495,4.555,4.534,4.513,112620.17135775
1757779200,2025-09-13 16:00:00,4.445,4.543,4.513,4.466,317232.75952897
1757782800,2025-09-13 17:00:00,4.415,4.494,4.472,4.488,212207.76804313
1757786400,2025-09-13 18:00:00,4.455,4.487,4.487,4.475,64326.36539226
1757790000,2025-09-13 19:00:00,4.456,4.477,4.475,4.466,64494.20036839
1757793600,2025-09-13 20:00:00,4.463,4.498,4.465,4.487,57982.22047086
1757797200,2025-09-13 21:00:00,4.486,4.518,4.486,4.496,49175.79219281
1757800800,2025-09-13 22:00:00,4.485,4.517,4.497,4.493,43233.13887569
1757804400,2025-09-13 23:00:00,4.49,4.511,4.493,4.495,66956.56109722
1757808000,2025-09-14 00:00:00,4.438,4.501,4.494,4.451,75566.20667235
1757811600,2025-09-14 01:00:00,4.407,4.46,4.449,4.459,128458.0975527
1757815200,2025-09-14 02:00:00,4.441,4.485,4.458,4.451,215180.87504081
1757818800,2025-09-14 03:00:00,4.395,4.454,4.452,4.402,83547.54356622
1757822400,2025-09-14 04:00:00,4.365,4.414,4.402,4.399,80349.20889551
1757826000,2025-09-14 05:00:00,4.396,4.444,4.399,4.444,27610.5822433
1757829600,2025-09-14 06:00:00,4.41,4.448,4.445,4.421,34088.51070968
1757833200,2025-09-14 07:00:00,4.407,4.442,4.417,4.418,31635.54515123
1757836800,2025-09-14 08:00:00,4.401,4.441,4.418,4.423,79591.03696484
1757840400,2025-09-14 09:00:00,4.409,4.468,4.421,4.455,65329.11572251
1757844000,2025-09-14 10:00:00,4.436,4.465,4.454,4.449,36421.33759531
1757847600,2025-09-14 11:00:00,4.368,4.455,4.451,4.376,184871.77266645
1757851200,2025-09-14 12:00:00,4.325,4.397,4.375,4.348,163886.70001544
1757854800,2025-09-14 13:00:00,4.307,4.365,4.348,4.33,100477.85742528
1757858400,2025-09-14 14:00:00,4.278,4.359,4.329,4.318,231201.11255896
1757862000,2025-09-14 15:00:00,4.285,4.337,4.317,4.329,108682.7474098
1757865600,2025-09-14 16:00:00,4.323,4.366,4.327,4.346,82880.13864791
1757869200,2025-09-14 17:00:00,4.333,4.379,4.347,4.364,85697.2411255
1757872800,2025-09-14 18:00:00,4.331,4.362,4.362,4.333,27128.17054078
1757876400,2025-09-14 19:00:00,4.319,4.35,4.332,4.332,54302.14103855
1757880000,2025-09-14 20:00:00,4.328,4.352,4.333,4.332,31798.04301576
1757883600,2025-09-14 21:00:00,4.312,4.363,4.333,4.35,93646.09996648
1757887200,2025-09-14 22:00:00,4.333,4.373,4.351,4.366,43997.82595155
1757890800,2025-09-14 23:00:00,4.309,4.367,4.367,4.317,119138.20637052
1757894400,2025-09-15 00:00:00,4.316,4.362,4.316,4.345,55880.34940401
1757898000,2025-09-15 01:00:00,4.289,4.351,4.343,4.332,191132.58564506
1757901600,2025-09-15 02:00:00,4.329,4.367,4.334,4.334,86017.30295215
1757905200,2025-09-15 03:00:00,4.331,4.379,4.333,4.369,56763.47090841
1757908800,2025-09-15 04:00:00,4.353,4.387,4.368,4.363,188528.94528085
1757912400,2025-09-15 05:00:00,4.358,4.401,4.362,4.401,156568.15494522
1757916000,2025-09-15 06:00:00,4.306,4.404,4.4,4.318,108813.3814293
1757919600,2025-09-15 07:00:00,4.238,4.35,4.317,4.251,252050.66177356
1757923200,2025-09-15 08:00:00,4.137,4.251,4.25,4.144,352347.23950377
1757926800,2025-09-15 09:00:00,4.141,4.202,4.145,4.196,97533.93544584
1757930400,2025-09-15 10:00:00,4.154,4.21,4.193,4.203,48198.81600948
1757934000,2025-09-15 11:00:00,4.177,4.212,4.202,4.193,50618.76866365
1757937600,2025-09-15 12:00:00,4.161,4.206,4.192,4.166,61383.92313082
1757941200,2025-09-15 13:00:00,4.16,4.205,4.167,4.186,115942.69939851
1757944800,2025-09-15 14:00:00,4.141,4.189,4.185,4.15,221398.36516658
1757948400,2025-09-15 15:00:00,4.113,4.166,4.15,4.143,175318.75093706
1757952000,2025-09-15 16:00:00,4.106,4.15,4.143,4.116,95290.19147128
1757955600,2025-09-15 17:00:00,4.109,4.146,4.115,4.146,85907.4283949
1757959200,2025-09-15 18:00:00,4.118,4.149,4.146,4.145,57084.32594146
1757962800,2025-09-15 19:00:00,4.126,4.163,4.144,4.142,54926.91132835
1757966400,2025-09-15 20:00:00,4.141,4.17,4.141,4.167,53299.97523247
1757970000,2025-09-15 21:00:00,4.154,4.18,4.165,4.172,38723.32599899
1757973600,2025-09-15 22:00:00,4.149,4.178,4.172,4.154,68036.30555475
1757977200,2025-09-15 23:00:00,4.138,4.164,4.155,4.153,45175.22637662
1757980800,2025-09-16 00:00:00,4.121,4.152,4.152,4.139,118061.99288771
1757984400,2025-09-16 01:00:00,4.127,4.165,4.138,4.131,51130.39900306
1757988000,2025-09-16 02:00:00,4.121,4.149,4.131,4.124,71702.83121721
1757991600,2025-09-16 03:00:00,4.123,4.163,4.123,4.159,49009.08272267
1757995200,2025-09-16 04:00:00,4.111,4.162,4.159,4.152,87844.29100614
1757998800,2025-09-16 05:00:00,4.149,4.207,4.151,4.206,102046.61233574
1758002400,2025-09-16 06:00:00,4.145,4.21,4.206,4.159,92733.47617961
1758006000,2025-09-16 07:00:00,4.148,4.176,4.159,4.17,29859.9192896
1758009600,2025-09-16 08:00:00,4.17,4.224,4.171,4.224,186118.92281441
1758013200,2025-09-16 09:00:00,4.214,4.254,4.224,4.245,103842.85726739
1758016800,2025-09-16 10:00:00,4.216,4.253,4.246,4.217,44884.69066887
1758020400,2025-09-16 11:00:00,4.197,4.224,4.219,4.212,54259.68442179
1758024000,2025-09-16 12:00:00,4.204,4.223,4.213,4.211,45741.12032138
1758027600,2025-09-16 13:00:00,4.168,4.248,4.21,4.206,214074.40193224
1758031200,2025-09-16 14:00:00,4.152,4.205,4.205,4.185,145030.05427373
1758034800,2025-09-16 15:00:00,4.165,4.234,4.186,4.23,168026.38712591
1758038400,2025-09-16 16:00:00,4.195,4.233,4.232,4.218,128567.60921402
1758042000,2025-09-16 17:00:00,4.216,4.289,4.217,4.27,215270.90395307
1758045600,2025-09-16 18:00:00,4.255,4.285,4.27,4.268,86959.43305129
1758049200,2025-09-16 19:00:00,4.257,4.281,4.269,4.278,63664.16684226
1758052800,2025-09-16 20:00:00,4.26,4.29,4.278,4.265,82918.86463853
1758056400,2025-09-16 21:00:00,4.263,4.287,4.266,4.285,45000.90283643
1758060000,2025-09-16 22:00:00,4.274,4.297,4.286,4.28,70799.08706242
1758063600,2025-09-16 23:00:00,4.248,4.28,4.28,4.256,43624.13025354
1758067200,2025-09-17 00:00:00,4.239,4.259,4.255,4.245,52100.08019634
1758070800,2025-09-17 01:00:00,4.225,4.254,4.247,4.239,35929.85425922
1758074400,2025-09-17 02:00:00,4.229,4.267,4.239,4.246,137972.77201791
1758078000,2025-09-17 03:00:00,4.212,4.257,4.249,4.215,89223.80543285
1758081600,2025-09-17 04:00:00,4.18,4.227,4.215,4.189,77862.73913387
1758085200,2025-09-17 05:00:00,4.174,4.214,4.191,4.212,146382.27248738
1758088800,2025-09-17 06:00:00,4.2,4.235,4.213,4.232,85515.07804406
1758092400,2025-09-17 07:00:00,4.225,4.242,4.231,4.231,52040.61309907
1758096000,2025-09-17 08:00:00,4.184,4.23,4.23,4.191,156940.72937422
1758099600,2025-09-17 09:00:00,4.176,4.194,4.19,4.18,31880.00505059
1758103200,2025-09-17 10:00:00,4.162,4.187,4.18,4.171,30526.00472414
1758106800,2025-09-17 11:00:00,4.169,4.192,4.171,4.182,18186.63899054
1758110400,2025-09-17 12:00:00,4.173,4.2,4.184,4.189,26915.90343059
1758114000,2025-09-17 13:00:00,4.175,4.203,4.19,4.188,41817.90619395
1758117600,2025-09-17 14:00:00,4.162,4.201,4.189,4.162,42724.40096474
1758121200,2025-09-17 15:00:00,4.156,4.177,4.164,4.169,57980.22665771
1758124800,2025-09-17 16:00:00,4.137,4.197,4.167,4.194,114034.10427826
1758128400,2025-09-17 17:00:00,4.16,4.235,4.193,4.16,197841.48723279
1758132000,2025-09-17 18:00:00,4.158,4.249,4.159,4.18,641169.80991614
1758135600,2025-09-17 19:00:00,4.179,4.284,4.18,4.284,346015.92312622
1758139200,2025-09-17 20:00:00,4.244,4.34,4.284,4.25,235905.95411611
1758142800,2025-09-17 21:00:00,4.225,4.321,4.25,4.321,88288.84978388
1758146400,2025-09-17 22:00:00,4.319,4.427,4.321,4.409,282837.45374583
1758150000,2025-09-17 23:00:00,4.39,4.434,4.411,4.407,235484.3072197
1758153600,2025-09-18 00:00:00,4.375,4.425,4.407,4.383,90493.90812575
1758157200,2025-09-18 01:00:00,4.378,4.471,4.384,4.447,214266.30070149
1758160800,2025-09-18 02:00:00,4.417,4.454,4.45,4.453,120502.01593694
1758164400,2025-09-18 03:00:00,4.444,4.489,4.454,4.475,150156.49518183
1758168000,2025-09-18 04:00:00,4.461,4.489,4.476,4.475,98342.44600772
1758171600,2025-09-18 05:00:00,4.451,4.497,4.475,4.459,156664.77769347
1758175200,2025-09-18 06:00:00,4.417,4.475,4.46,4.458,151727.52877297
1758178800,2025-09-18 07:00:00,4.445,4.517,4.459,4.493,111819.4189773
1758182400,2025-09-18 08:00:00,4.477,4.525,4.493,4.513,121666.18103696
1758186000,2025-09-18 09:00:00,4.5,4.542,4.515,4.538,204643.52935228
1758189600,2025-09-18 10:00:00,4.513,4.57,4.539,4.541,191524.84709323
1758193200,2025-09-18 11:00:00,4.516,4.552,4.542,4.527,124286.32357101
1758196800,2025-09-18 12:00:00,4.513,4.543,4.524,4.54,119977.52333256
1758200400,2025-09-18 13:00:00,4.525,4.58,4.54,4.573,165960.48822681
1758204000,2025-09-18 14:00:00,4.536,4.583,4.573,4.566,399237.06071675
1758207600,2025-09-18 15:00:00,4.542,4.57,4.567,4.549,140688.97577775
1758211200,2025-09-18 16:00:00,4.546,4.567,4.553,4.555,115360.77008104
1758214800,2025-09-18 17:00:00,4.545,4.594,4.555,4.588,175744.28174599
1758218400,2025-09-18 18:00:00,4.558,4.597,4.586,4.59,269734.7651649
1758222000,2025-09-18 19:00:00,4.525,4.596,4.591,4.561,406047.94117546
1758225600,2025-09-18 20:00:00,4.55,4.574,4.563,4.572,87801.83674899
1758229200,2025-09-18 21:00:00,4.545,4.574,4.571,4.549,85045.5829669
1758232800,2025-09-18 22:00:00,4.534,4.565,4.548,4.543,72215.77515507
1758236400,2025-09-18 23:00:00,4.511,4.548,4.545,4.533,173653.56698525
1758240000,2025-09-19 00:00:00,4.534,4.808,4.535,4.801,829160.26966613
1758243600,2025-09-19 01:00:00,4.706,4.881,4.801,4.723,1079526.98774618
1758247200,2025-09-19 02:00:00,4.648,4.743,4.722,4.685,628674.4479249
1758250800,2025-09-19 03:00:00,4.614,4.712,4.686,4.631,414912.86869961
1758254400,2025-09-19 04:00:00,4.569,4.675,4.63,4.665,314311.99752279
1758258000,2025-09-19 05:00:00,4.618,4.677,4.664,4.653,284690.68031037
1758261600,2025-09-19 06:00:00,4.578,4.657,4.655,4.584,299924.29973495
1758265200,2025-09-19 07:00:00,4.573,4.627,4.585,4.606,148473.22089977
1758268800,2025-09-19 08:00:00,4.592,4.64,4.605,4.594,112950.05998662
1758272400,2025-09-19 09:00:00,4.533,4.63,4.594,4.552,274258.78961318
1758276000,2025-09-19 10:00:00,4.531,4.569,4.553,4.555,165311.59680161
1758279600,2025-09-19 11:00:00,4.461,4.558,4.553,4.497,390021.09327549
1758283200,2025-09-19 12:00:00,4.482,4.528,4.495,4.487,154621.43721179
1758286800,2025-09-19 13:00:00,4.482,4.543,4.487,4.523,142974.13424504
1758290400,2025-09-19 14:00:00,4.468,4.53,4.523,4.489,148003.70378257
1758294000,2025-09-19 15:00:00,4.41,4.497,4.487,4.443,345212.1469109
1758297600,2025-09-19 16:00:00,4.425,4.458,4.44,4.452,75465.26895116
1758301200,2025-09-19 17:00:00,4.375,4.452,4.45,4.375,143452.22045119
1758304800,2025-09-19 18:00:00,4.354,4.418,4.377,4.4,146018.47015463
1758308400,2025-09-19 19:00:00,4.387,4.422,4.4,4.391,56365.4737135
1758312000,2025-09-19 20:00:00,4.383,4.41,4.391,4.392,62947.44792617
1758315600,2025-09-19 21:00:00,4.38,4.44,4.392,4.415,119210.71544624
1758319200,2025-09-19 22:00:00,4.394,4.422,4.414,4.394,47444.38750677
1758322800,2025-09-19 23:00:00,4.32,4.394,4.394,4.361,167629.60743447
1758326400,2025-09-20 00:00:00,4.346,4.391,4.358,4.389,125026.50094967
1758330000,2025-09-20 01:00:00,4.355,4.389,4.388,4.362,53759.87449958
1758333600,2025-09-20 02:00:00,4.291,4.364,4.361,4.339,305660.85454343
1758337200,2025-09-20 03:00:00,4.311,4.343,4.34,4.337,148655.16889547
1758340800,2025-09-20 04:00:00,4.324,4.355,4.337,4.344,44930.74443164
1758344400,2025-09-20 05:00:00,4.337,4.38,4.345,4.376,53065.32802036
1758348000,2025-09-20 06:00:00,4.355,4.401,4.376,4.401,112824.93479556
1758351600,2025-09-20 07:00:00,4.388,4.418,4.4,4.418,40995.75440651
1758355200,2025-09-20 08:00:00,4.362,4.415,4.415,4.363,42792.66072229
1758358800,2025-09-20 09:00:00,4.338,4.375,4.363,4.348,36603.37912197
1758362400,2025-09-20 10:00:00,4.34,4.366,4.349,4.34,42888.61058477
1758366000,2025-09-20 11:00:00,4.337,4.365,4.339,4.36,55665.22976994
1758369600,2025-09-20 12:00:00,4.344,4.368,4.36,4.353,64566.57164033
1758373200,2025-09-20 13:00:00,4.33,4.356,4.352,4.342,99676.97648057
1758376800,2025-09-20 14:00:00,4.326,4.406,4.342,4.403,132756.03564716
1758380400,2025-09-20 15:00:00,4.394,4.466,4.404,4.405,291293.88098854
1758384000,2025-09-20 16:00:00,4.38,4.422,4.406,4.421,53434.98570078
1758387600,2025-09-20 17:00:00,4.388,4.423,4.423,4.402,53138.02485812
1758391200,2025-09-20 18:00:00,4.357,4.402,4.402,4.363,108698.92709531
1758394800,2025-09-20 19:00:00,4.347,4.374,4.363,4.36,61737.06420512
1758398400,2025-09-20 20:00:00,4.353,4.386,4.359,4.386,35450.95534693
1758402000,2025-09-20 21:00:00,4.364,4.396,4.384,4.368,75070.55879909
1758405600,2025-09-20 22:00:00,4.351,4.371,4.367,4.367,30423.93802901
1758409200,2025-09-20 23:00:00,4.343,4.367,4.367,4.359,36593.29568588
1758412800,2025-09-21 00:00:00,4.342,4.375,4.357,4.369,49345.92150861
1758416400,2025-09-21 01:00:00,4.329,4.372,4.369,4.334,99293.03969126
1758420000,2025-09-21 02:00:00,4.324,4.36,4.334,4.355,220108.58969856
1758423600,2025-09-21 03:00:00,4.35,4.363,4.354,4.359,48898.64936081
1758427200,2025-09-21 04:00:00,4.335,4.362,4.361,4.345,72347.05720955
1758430800,2025-09-21 05:00:00,4.336,4.376,4.345,4.373,45408.32486319
1758434400,2025-09-21 06:00:00,4.37,4.389,4.373,4.371,81115.74155037
1758438000,2025-09-21 07:00:00,4.362,4.385,4.372,4.372,22728.95945736
1758441600,2025-09-21 08:00:00,4.351,4.381,4.373,4.353,29825.27464269
1758445200,2025-09-21 09:00:00,4.286,4.359,4.353,4.322,117368.4610708
1758448800,2025-09-21 10:00:00,4.293,4.327,4.322,4.293,64221.0124509
1758452400,2025-09-21 11:00:00,4.292,4.324,4.293,4.307,29258.63294264
1758456000,2025-09-21 12:00:00,4.306,4.341,4.306,4.319,55651.46784111
1758459600,2025-09-21 13:00:00,4.311,4.336,4.318,4.324,63767.72207069
1758463200,2025-09-21 14:00:00,4.302,4.329,4.327,4.302,40050.76163902
1758466800,2025-09-21 15:00:00,4.28,4.314,4.302,4.284,88709.28982939
1758470400,2025-09-21 16:00:00,4.25,4.294,4.283,4.271,150365.48140713
1758474000,2025-09-21 17:00:00,4.24,4.287,4.269,4.287,64091.67671359
1758477600,2025-09-21 18:00:00,4.277,4.303,4.288,4.3,24504.6027787
1758481200,2025-09-21 19:00:00,4.266,4.301,4.3,4.291,28713.15583576
1758484800,2025-09-21 20:00:00,4.266,4.293,4.29,4.267,38227.58258434
1758488400,2025-09-21 21:00:00,4.265,4.293,4.269,4.28,60164.16841951
1758492000,2025-09-21 22:00:00,4.257,4.294,4.279,4.287,67717.95832414
1758495600,2025-09-21 23:00:00,4.259,4.29,4.29,4.263,34361.73977688
1758499200,2025-09-22 00:00:00,4.163,4.282,4.262,4.178,462648.20807144
1758502800,2025-09-22 01:00:00,4.161,4.213,4.177,4.181,385506.56720082
1758506400,2025-09-22 02:00:00,4.085,4.199,4.182,4.125,284163.09023748
1758510000,2025-09-22 03:00:00,4.124,4.156,4.126,4.131,113209.15798369
1758513600,2025-09-22 04:00:00,4.126,4.152,4.131,4.131,79382.05469906
1758517200,2025-09-22 05:00:00,4.047,4.139,4.131,4.053,120608.48829483
1758520800,2025-09-22 06:00:00,3.828,4.058,4.053,4.01,779285.99120271
1758524400,2025-09-22 07:00:00,3.981,4.018,4.009,3.983,127329.63097882
1758528000,2025-09-22 08:00:00,3.941,4.004,3.982,3.986,198106.72903814
1758531600,2025-09-22 09:00:00,3.943,3.987,3.985,3.947,216588.64933002
1758535200,2025-09-22 10:00:00,3.941,4.003,3.948,4.001,107964.41381386
1758538800,2025-09-22 11:00:00,3.972,4.006,3.999,3.978,204312.87936148
1758542400,2025-09-22 12:00:00,3.969,4.006,3.977,3.995,95320.60485172
1758546000,2025-09-22 13:00:00,3.978,4.028,3.995,4.027,198950.46776247
1758549600,2025-09-22 14:00:00,3.986,4.031,4.027,3.993,274011.21538424
1758553200,2025-09-22 15:00:00,3.973,4.001,3.993,3.979,120336.53288514
1758556800,2025-09-22 16:00:00,3.968,4.001,3.979,3.977,91909.45536785
1758560400,2025-09-22 17:00:00,3.959,3.995,3.977,3.988,110514.0319468
1758564000,2025-09-22 18:00:00,3.966,3.996,3.987,3.966,138189.04522201
1758567600,2025-09-22 19:00:00,3.934,3.972,3.968,3.949,163396.42366856
1758571200,2025-09-22 20:00:00,3.944,4,3.948,3.997,234965.40218259
1758574800,2025-09-22 21:00:00,3.99,4.039,3.996,4.033,83162.98241469
1758578400,2025-09-22 22:00:00,4.013,4.032,4.032,4.018,30814.76171539
1758582000,2025-09-22 23:00:00,4.015,4.043,4.018,4.041,71557.99948594
1758585600,2025-09-23 00:00:00,4.019,4.064,4.04,4.022,107070.92157145
1758589200,2025-09-23 01:00:00,3.987,4.023,4.023,3.992,52447.97581851
1758592800,2025-09-23 02:00:00,3.958,4.003,3.993,3.959,57723.07734832
1758596400,2025-09-23 03:00:00,3.943,4.036,3.958,4.027,197546.71074774
1758600000,2025-09-23 04:00:00,3.993,4.045,4.028,4.004,109916.27928028
1758603600,2025-09-23 05:00:00,3.991,4.025,4.004,3.996,67361.72988002
1758607200,2025-09-23 06:00:00,3.99,4.041,3.997,4.031,83866.1644772
1758610800,2025-09-23 07:00:00,4.016,4.047,4.03,4.017,80779.43057387
1758614400,2025-09-23 08:00:00,4.013,4.045,4.018,4.035,102042.9511113
1758618000,2025-09-23 09:00:00,4.002,4.047,4.034,4.011,53598.56243442
1758621600,2025-09-23 10:00:00,4.006,4.036,4.01,4.031,165810.94619107
1758625200,2025-09-23 11:00:00,4.005,4.032,4.029,4.022,33220.69754182
1758628800,2025-09-23 12:00:00,4.016,4.046,4.022,4.036,52016.2501947
1758632400,2025-09-23 13:00:00,4.015,4.046,4.036,4.023,55701.90583216
1758636000,2025-09-23 14:00:00,4.014,4.054,4.022,4.016,95092.21214042
1758639600,2025-09-23 15:00:00,4,4.051,4.015,4.035,88110.87011665
1758643200,2025-09-23 16:00:00,4.008,4.057,4.036,4.043,112755.14342351
1758646800,2025-09-23 17:00:00,3.981,4.046,4.043,3.986,169754.41068032
1758650400,2025-09-23 18:00:00,3.962,4.001,3.986,3.97,142672.80500754
1758654000,2025-09-23 19:00:00,3.96,4.003,3.972,3.968,56117.47596016
1758657600,2025-09-23 20:00:00,3.961,3.997,3.967,3.996,53890.81304056
1758661200,2025-09-23 21:00:00,3.978,4.017,3.997,4.007,81605.53989512
1758664800,2025-09-23 22:00:00,3.985,4.013,4.006,3.995,25323.50990104
1758668400,2025-09-23 23:00:00,3.965,4.002,3.994,3.966,75437.78934419
1758672000,2025-09-24 00:00:00,3.959,4.006,3.967,3.979,92200.93373273
1758675600,2025-09-24 01:00:00,3.971,4.023,3.979,4.02,113245.8466998
1758679200,2025-09-24 02:00:00,3.983,4.022,4.019,4,109091.28229465
1758682800,2025-09-24 03:00:00,3.933,4.008,3.999,3.943,124580.82810876
1758686400,2025-09-24 04:00:00,3.891,4.002,3.942,3.974,230959.23939126
1758690000,2025-09-24 05:00:00,3.972,4.035,3.973,4.034,113835.13188234
1758693600,2025-09-24 06:00:00,4.018,4.044,4.032,4.036,135700.02553516
1758697200,2025-09-24 07:00:00,4.016,4.041,4.037,4.032,45012.3645437
1758700800,2025-09-24 08:00:00,4.027,4.042,4.034,4.039,43263.28276884
1758704400,2025-09-24 09:00:00,4.028,4.053,4.038,4.043,40275.57773385
1758708000,2025-09-24 10:00:00,4.039,4.058,4.042,4.055,63956.45349608
1758711600,2025-09-24 11:00:00,4.053,4.083,4.054,4.069,59261.18362644
1758715200,2025-09-24 12:00:00,4.052,4.081,4.068,4.062,87472.49838587
1758718800,2025-09-24 13:00:00,4.054,4.081,4.064,4.054,77688.3743516
1758722400,2025-09-24 14:00:00,4.053,4.117,4.057,4.1,82884.60881635
1758726000,2025-09-24 15:00:00,4.06,4.102,4.101,4.064,148716.52961161
1758729600,2025-09-24 16:00:00,4.049,4.073,4.064,4.064,46637.71988435
1758733200,2025-09-24 17:00:00,4.048,4.07,4.065,4.053,60772.44413397
1758736800,2025-09-24 18:00:00,4.036,4.061,4.055,4.046,98967.92946995
1758740400,2025-09-24 19:00:00,4.024,4.05,4.046,4.042,77491.88449786
1758744000,2025-09-24 20:00:00,4.014,4.052,4.042,4.031,112159.73126703
1758747600,2025-09-24 21:00:00,3.989,4.042,4.031,3.998,69352.77321826
1758751200,2025-09-24 22:00:00,3.996,4.019,4,4.004,54538.10829028
1758754800,2025-09-24 23:00:00,3.979,4.012,4.006,3.995,52126.67294772
1758758400,2025-09-25 00:00:00,3.958,4.005,3.993,3.97,92318.02899921
1758762000,2025-09-25 01:00:00,3.944,3.981,3.969,3.958,184005.41367082
1758765600,2025-09-25 02:00:00,3.938,4.004,3.959,3.984,125398.69349921
1758769200,2025-09-25 03:00:00,3.928,3.986,3.983,3.955,98173.91610275
1758772800,2025-09-25 04:00:00,3.876,3.966,3.953,3.902,228275.34463632
1758776400,2025-09-25 05:00:00,3.887,3.953,3.902,3.942,53369.85128844
1758780000,2025-09-25 06:00:00,3.903,3.944,3.938,3.908,134967.9941827
1758783600,2025-09-25 07:00:00,3.901,3.937,3.906,3.909,118577.18823717
1758787200,2025-09-25 08:00:00,3.892,3.93,3.908,3.92,138747.05612927
1758790800,2025-09-25 09:00:00,3.91,3.959,3.919,3.913,125383.23079722
1758794400,2025-09-25 10:00:00,3.909,3.944,3.911,3.92,30647.15902076
1758798000,2025-09-25 11:00:00,3.893,3.93,3.92,3.904,80738.038917
1758801600,2025-09-25 12:00:00,3.836,3.924,3.904,3.903,328576.67275089
1758805200,2025-09-25 13:00:00,3.882,3.965,3.901,3.922,359002.9620556
1758808800,2025-09-25 14:00:00,3.923,3.992,3.923,3.953,182363.30835712
1758812400,2025-09-25 15:00:00,3.913,3.96,3.953,3.935,108362.50496243
1758816000,2025-09-25 16:00:00,3.868,3.94,3.935,3.876,103166.05566917
1758819600,2025-09-25 17:00:00,3.778,3.878,3.874,3.799,485043.3467612
1758823200,2025-09-25 18:00:00,3.778,3.896,3.798,3.894,296205.72079427
1758826800,2025-09-25 19:00:00,3.855,3.911,3.892,3.858,142181.92066499
1758830400,2025-09-25 20:00:00,3.817,3.871,3.858,3.825,140077.55679407
1758834000,2025-09-25 21:00:00,3.809,3.867,3.824,3.85,102395.22485624
1758837600,2025-09-25 22:00:00,3.819,3.873,3.85,3.831,169677.47295209
1758841200,2025-09-25 23:00:00,3.773,3.853,3.833,3.807,145148.96746014
1758844800,2025-09-26 00:00:00,3.796,3.857,3.808,3.852,112583.79670328
1758848400,2025-09-26 01:00:00,3.833,3.863,3.851,3.846,103049.46879523
1758852000,2025-09-26 02:00:00,3.824,3.864,3.845,3.832,45990.25739164
1758855600,2025-09-26 03:00:00,3.811,3.843,3.834,3.836,72823.61699707
1758859200,2025-09-26 04:00:00,3.825,3.854,3.838,3.838,233065.87297136
1758862800,2025-09-26 05:00:00,3.821,3.864,3.834,3.828,95304.40074389
1758866400,2025-09-26 06:00:00,3.808,3.851,3.833,3.82,98610.15668472
1758870000,2025-09-26 07:00:00,3.807,3.846,3.821,3.839,65503.30624719
1758873600,2025-09-26 08:00:00,3.834,3.857,3.84,3.842,48076.61496004
1758877200,2025-09-26 09:00:00,3.808,3.851,3.842,3.824,35916.60010813
1758880800,2025-09-26 10:00:00,3.784,3.824,3.824,3.799,90751.56735726
1758884400,2025-09-26 11:00:00,3.78,3.833,3.798,3.823,77186.52110379
1758888000,2025-09-26 12:00:00,3.788,3.892,3.822,3.868,206549.82058519
1758891600,2025-09-26 13:00:00,3.853,3.904,3.87,3.892,229114.5202818
1758895200,2025-09-26 14:00:00,3.855,3.899,3.894,3.864,123610.02329327
1758898800,2025-09-26 15:00:00,3.865,3.912,3.865,3.901,97317.77509644
1758902400,2025-09-26 16:00:00,3.901,3.946,3.901,3.937,102989.29149829
1758906000,2025-09-26 17:00:00,3.931,3.971,3.938,3.958,168722.81481085
1758909600,2025-09-26 18:00:00,3.946,3.973,3.959,3.955,73702.61242027
1758913200,2025-09-26 19:00:00,3.905,3.956,3.956,3.923,111922.64568344
1758916800,2025-09-26 20:00:00,3.912,3.942,3.922,3.914,122148.87295565
1758920400,2025-09-26 21:00:00,3.908,3.93,3.914,3.928,131058.65018655
1758924000,2025-09-26 22:00:00,3.923,3.942,3.928,3.923,45766.58690144
1758927600,2025-09-26 23:00:00,3.907,3.929,3.923,3.925,94369.36508418
1758931200,2025-09-27 00:00:00,3.911,3.928,3.925,3.923,53762.20536792
1758934800,2025-09-27 01:00:00,3.901,3.924,3.924,3.911,50588.88294956
1758938400,2025-09-27 02:00:00,3.903,3.915,3.911,3.904,62249.78644031
1758942000,2025-09-27 03:00:00,3.905,3.925,3.905,3.91,92224.22702158
1758945600,2025-09-27 04:00:00,3.794,3.921,3.909,3.904,987285.02819163
1758949200,2025-09-27 05:00:00,3.88,3.907,3.904,3.9,288927.39797649
1758952800,2025-09-27 06:00:00,3.886,3.898,3.898,3.897,28494.46742816
1758956400,2025-09-27 07:00:00,3.877,3.904,3.897,3.887,54332.59530149
1758960000,2025-09-27 08:00:00,3.863,3.887,3.886,3.864,33519.72057757
1758963600,2025-09-27 09:00:00,3.852,3.879,3.864,3.876,31442.76748333
1758967200,2025-09-27 10:00:00,3.869,3.895,3.876,3.883,52094.10102686
1758970800,2025-09-27 11:00:00,3.876,3.887,3.882,3.881,14463.28891196
1758974400,2025-09-27 12:00:00,3.87,3.896,3.882,3.893,40164.42323139
1758978000,2025-09-27 13:00:00,3.883,3.895,3.892,3.886,23743.76357541
1758981600,2025-09-27 14:00:00,3.877,3.891,3.886,3.881,14868.77445707
1758985200,2025-09-27 15:00:00,3.863,3.902,3.878,3.898,42811.50843953
1758988800,2025-09-27 16:00:00,3.879,3.899,3.899,3.88,64404.24456148
1758992400,2025-09-27 17:00:00,3.856,3.885,3.877,3.871,95376.66122764
1758996000,2025-09-27 18:00:00,3.855,3.875,3.87,3.875,18529.50607616
1758999600,2025-09-27 19:00:00,3.866,3.882,3.875,3.879,18962.4759562
1759003200,2025-09-27 20:00:00,3.87,3.885,3.881,3.878,28629.14943336
1759006800,2025-09-27 21:00:00,3.873,3.896,3.878,3.894,26213.21437191
1759010400,2025-09-27 22:00:00,3.894,3.919,3.894,3.901,42439.27164371
1759014000,2025-09-27 23:00:00,3.89,3.909,3.902,3.891,25509.44229768
1759017600,2025-09-28 00:00:00,3.859,3.892,3.892,3.861,130100.22207103
1759021200,2025-09-28 01:00:00,3.826,3.864,3.861,3.832,42592.70593065
1759024800,2025-09-28 02:00:00,3.826,3.845,3.832,3.837,37323.29910694
1759028400,2025-09-28 03:00:00,3.824,3.845,3.838,3.837,18199.35451998
1759032000,2025-09-28 04:00:00,3.823,3.835,3.835,3.83,17456.26434001
1759035600,2025-09-28 05:00:00,3.819,3.84,3.831,3.827,23497.59083286
1759039200,2025-09-28 06:00:00,3.807,3.832,3.827,3.822,50606.43325304
1759042800,2025-09-28 07:00:00,3.812,3.832,3.823,3.832,25658.46080443
1759046400,2025-09-28 08:00:00,3.807,3.835,3.832,3.813,99138.01657127
1759050000,2025-09-28 09:00:00,3.799,3.819,3.813,3.806,30383.09114627
1759053600,2025-09-28 10:00:00,3.795,3.823,3.806,3.822,27397.98479141
1759057200,2025-09-28 11:00:00,3.803,3.822,3.822,3.812,10144.72636947
1759060800,2025-09-28 12:00:00,3.798,3.817,3.81,3.813,14473.34097893
1759064400,2025-09-28 13:00:00,3.807,3.869,3.812,3.866,89808.83132443
1759068000,2025-09-28 14:00:00,3.854,3.872,3.866,3.869,76024.71495993
1759071600,2025-09-28 15:00:00,3.857,3.874,3.869,3.868,34188.80525219
1759075200,2025-09-28 16:00:00,3.868,3.896,3.868,3.884,87387.67978041
1759078800,2025-09-28 17:00:00,3.872,3.897,3.884,3.889,61143.25796454
1759082400,2025-09-28 18:00:00,3.885,3.91,3.89,3.908,54719.74887343
1759086000,2025-09-28 19:00:00,3.888,3.913,3.909,3.904,62394.88243943
1759089600,2025-09-28 20:00:00,3.897,3.943,3.905,3.937,78892.05332203
1759093200,2025-09-28 21:00:00,3.938,3.964,3.939,3.964,34475.28476003
1759096800,2025-09-28 22:00:00,3.964,4.028,3.964,4.009,181088.43081314
1759100400,2025-09-28 23:00:00,3.99,4.009,4.008,3.997,93280.75728636
1759104000,2025-09-29 00:00:00,3.981,4.009,3.996,3.99,97624.63714013
1759107600,2025-09-29 01:00:00,3.964,4.001,3.99,3.967,126151.5670079
1759111200,2025-09-29 02:00:00,3.96,3.993,3.967,3.985,44330.73625077
1759114800,2025-09-29 03:00:00,3.969,3.991,3.986,3.99,19708.81936943
1759118400,2025-09-29 04:00:00,3.968,3.991,3.991,3.982,42304.80969747
1759122000,2025-09-29 05:00:00,3.949,3.982,3.982,3.965,30812.82323158
1759125600,2025-09-29 06:00:00,3.938,3.967,3.965,3.941,39542.83510647
1759129200,2025-09-29 07:00:00,3.926,3.953,3.941,3.944,29321.09489966
1759132800,2025-09-29 08:00:00,3.932,3.995,3.944,3.992,157096.99166127
1759136400,2025-09-29 09:00:00,3.965,4.003,3.993,3.971,104519.64130633
1759140000,2025-09-29 10:00:00,3.948,3.987,3.97,3.951,39227.44722095
1759143600,2025-09-29 11:00:00,3.918,3.952,3.949,3.934,71210.40896809
1759147200,2025-09-29 12:00:00,3.9,3.95,3.933,3.906,63594.61548277
1759150800,2025-09-29 13:00:00,3.861,3.96,3.907,3.945,214843.77933077
1759154400,2025-09-29 14:00:00,3.942,4.008,3.945,3.989,201217.7727335
1759158000,2025-09-29 15:00:00,3.954,4.004,3.989,3.96,78583.70292033
1759161600,2025-09-29 16:00:00,3.935,3.982,3.961,3.939,45210.21746266
1759165200,2025-09-29 17:00:00,3.918,3.965,3.939,3.958,80310.29013491
1759168800,2025-09-29 18:00:00,3.939,3.964,3.961,3.954,31086.05387321
1759172400,2025-09-29 19:00:00,3.947,3.982,3.955,3.979,55380.14982565
1759176000,2025-09-29 20:00:00,3.976,4.024,3.978,4.023,84435.52433881
1759179600,2025-09-29 21:00:00,3.999,4.024,4.023,4.001,42947.28026777
1759183200,2025-09-29 22:00:00,3.986,4.013,4.001,3.998,61484.50456005
1759186800,2025-09-29 23:00:00,3.98,3.997,3.997,3.982,55244.97342079
1759190400,2025-09-30 00:00:00,3.951,3.993,3.981,3.954,112020.41575135
1759194000,2025-09-30 01:00:00,3.932,3.976,3.953,3.943,73128.31775773
1759197600,2025-09-30 02:00:00,3.929,3.956,3.943,3.935,49487.74394991
1759201200,2025-09-30 03:00:00,3.932,3.955,3.934,3.932,38119.39522905
1759204800,2025-09-30 04:00:00,3.925,3.943,3.935,3.925,33108.03338433
1759208400,2025-09-30 05:00:00,3.917,3.94,3.925,3.932,49964.13714991
1759212000,2025-09-30 06:00:00,3.922,3.944,3.931,3.926,62062.58783806
1759215600,2025-09-30 07:00:00,3.898,3.937,3.923,3.904,50600.45062319
1759219200,2025-09-30 08:00:00,3.887,3.909,3.904,3.887,27159.84448724
1759222800,2025-09-30 09:00:00,3.862,3.891,3.889,3.868,50490.95792931
1759226400,2025-09-30 10:00:00,3.863,3.886,3.868,3.879,32073.71396078
1759230000,2025-09-30 11:00:00,3.864,3.908,3.879,3.905,89531.56738974
1759233600,2025-09-30 12:00:00,3.876,3.903,3.903,3.876,52927.71799396
1759237200,2025-09-30 13:00:00,3.866,3.91,3.877,3.884,104043.11924183
1759240800,2025-09-30 14:00:00,3.858,3.891,3.884,3.881,111558.81902544
1759244400,2025-09-30 15:00:00,3.81,3.879,3.878,3.839,233699.14836548
1759248000,2025-09-30 16:00:00,3.808,3.839,3.838,3.823,83344.91107958
1759251600,2025-09-30 17:00:00,3.814,3.841,3.823,3.817,60019.88584516
1759255200,2025-09-30 18:00:00,3.809,3.857,3.817,3.85,30447.78824162
1759258800,2025-09-30 19:00:00,3.844,3.908,3.849,3.901,81019.92151669
1759262400,2025-09-30 20:00:00,3.893,3.929,3.903,3.924,116368.88424984
1759266000,2025-09-30 21:00:00,3.902,3.935,3.926,3.903,59959.15342174
1759269600,2025-09-30 22:00:00,3.889,3.927,3.904,3.89,37036.6150122
1759273200,2025-09-30 23:00:00,3.88,3.911,3.891,3.911,49484.04071559
1759276800,2025-10-01 00:00:00,3.885,3.924,3.91,3.904,86460.96676972
1759280400,2025-10-01 01:00:00,3.897,3.939,3.903,3.938,45936.26509793
1759284000,2025-10-01 02:00:00,3.913,3.941,3.939,3.917,35741.67004663
1759287600,2025-10-01 03:00:00,3.891,3.926,3.916,3.894,27391.94755281
1759291200,2025-10-01 04:00:00,3.89,3.93,3.893,3.912,33147.8942529
1759294800,2025-10-01 05:00:00,3.913,3.937,3.914,3.924,40527.32972719
1759298400,2025-10-01 06:00:00,3.891,3.926,3.923,3.896,84647.91906
1759302000,2025-10-01 07:00:00,3.894,3.928,3.895,3.914,151599.20094186
1759305600,2025-10-01 08:00:00,3.913,4.081,3.915,4.076,382015.35415303
1759309200,2025-10-01 09:00:00,4.072,4.111,4.077,4.111,365000.12106888
1759312800,2025-10-01 10:00:00,4.073,4.11,4.11,4.081,65321.51716394
1759316400,2025-10-01 11:00:00,4.078,4.102,4.081,4.082,79827.31377064
1759320000,2025-10-01 12:00:00,4.045,4.088,4.084,4.047,77775.51285685
1759323600,2025-10-01 13:00:00,4.042,4.071,4.048,4.05,66759.8203079
1759327200,2025-10-01 14:00:00,4.045,4.089,4.051,4.07,99325.22050852
1759330800,2025-10-01 15:00:00,4.053,4.086,4.071,4.076,58643.73215914
1759334400,2025-10-01 16:00:00,4.052,4.088,4.076,4.061,85659.98122427
1759338000,2025-10-01 17:00:00,4.051,4.077,4.061,4.059,88845.96116772
1759341600,2025-10-01 18:00:00,4.058,4.109,4.058,4.101,54488.56830139
1759345200,2025-10-01 19:00:00,4.097,4.126,4.101,4.113,227492.01781524
1759348800,2025-10-01 20:00:00,4.097,4.117,4.113,4.108,61114.15986617
1759352400,2025-10-01 21:00:00,4.085,4.108,4.108,4.098,50702.6307167
1759356000,2025-10-01 22:00:00,4.087,4.114,4.098,4.103,23396.38641516
1759359600,2025-10-01 23:00:00,4.094,4.127,4.103,4.127,59535.13656843
1759363200,2025-10-02 00:00:00,4.105,4.146,4.128,4.108,83643.85386554
1759366800,2025-10-02 01:00:00,4.101,4.164,4.106,4.161,58820.90826117
1759370400,2025-10-02 02:00:00,4.142,4.187,4.16,4.18,138361.56052344
1759374000,2025-10-02 03:00:00,4.171,4.186,4.182,4.177,49830.9154499
1759377600,2025-10-02 04:00:00,4.16,4.198,4.177,4.196,46661.86890726
1759381200,2025-10-02 05:00:00,4.183,4.214,4.197,4.205,69459.03161868
1759384800,2025-10-02 06:00:00,4.202,4.253,4.207,4.225,102311.51880701
1759388400,2025-10-02 07:00:00,4.195,4.236,4.227,4.2,66195.85398434
1759392000,2025-10-02 08:00:00,4.181,4.205,4.201,4.197,58861.62996009
1759395600,2025-10-02 09:00:00,4.187,4.216,4.196,4.212,46338.48705348
1759399200,2025-10-02 10:00:00,4.207,4.249,4.212,4.244,78584.71865399
1759402800,2025-10-02 11:00:00,4.237,4.27,4.244,4.254,82784.16454936
1759406400,2025-10-02 12:00:00,4.249,4.286,4.253,4.276,80132.02336108
1759410000,2025-10-02 13:00:00,4.245,4.319,4.276,4.279,236066.07057198
1759413600,2025-10-02 14:00:00,4.186,4.284,4.279,4.21,285179.55035692
1759417200,2025-10-02 15:00:00,4.173,4.244,4.211,4.243,221243.45399874
1759420800,2025-10-02 16:00:00,4.232,4.282,4.243,4.269,146689.02980802
1759424400,2025-10-02 17:00:00,4.257,4.312,4.269,4.298,98436.86955271
1759428000,2025-10-02 18:00:00,4.298,4.342,4.299,4.318,127632.95479837
1759431600,2025-10-02 19:00:00,4.311,4.336,4.319,4.319,70165.35839762
1759435200,2025-10-02 20:00:00,4.292,4.327,4.32,4.318,84515.28886843
1759438800,2025-10-02 21:00:00,4.303,4.331,4.317,4.303,61211.45684582
1759442400,2025-10-02 22:00:00,4.295,4.321,4.303,4.3,77910.0290276
1759446000,2025-10-02 23:00:00,4.286,4.313,4.3,4.31,64691.55637984
1759449600,2025-10-03 00:00:00,4.249,4.314,4.312,4.256,118932.15110657
1759453200,2025-10-03 01:00:00,4.225,4.269,4.257,4.231,77690.76395182
1759456800,2025-10-03 02:00:00,4.228,4.259,4.23,4.243,57134.02115463
1759460400,2025-10-03 03:00:00,4.238,4.283,4.244,4.24,102912.0152283
1759464000,2025-10-03 04:00:00,4.24,4.285,4.24,4.268,26211.68562203
1759467600,2025-10-03 05:00:00,4.222,4.272,4.269,4.237,45201.63999111
1759471200,2025-10-03 06:00:00,4.193,4.248,4.235,4.212,83477.27725763
1759474800,2025-10-03 07:00:00,4.191,4.216,4.211,4.207,77969.33905965
1759478400,2025-10-03 08:00:00,4.183,4.236,4.206,4.228,83016.9254069
1759482000,2025-10-03 09:00:00,4.208,4.238,4.227,4.233,69942.25353789
1759485600,2025-10-03 10:00:00,4.221,4.25,4.232,4.239,23687.04245033
1759489200,2025-10-03 11:00:00,4.216,4.241,4.238,4.231,39522.69482429
1759492800,2025-10-03 12:00:00,4.22,4.246,4.23,4.239,31982.01672905
1759496400,2025-10-03 13:00:00,4.205,4.284,4.238,4.264,245852.88781991
1759500000,2025-10-03 14:00:00,4.205,4.278,4.264,4.263,173395.55102122
1759503600,2025-10-03 15:00:00,4.252,4.326,4.262,4.326,164899.9924248
1759507200,2025-10-03 16:00:00,4.313,4.385,4.326,4.317,326170.42545707
1759510800,2025-10-03 17:00:00,4.236,4.319,4.317,4.264,407272.88049216
1759514400,2025-10-03 18:00:00,4.241,4.321,4.265,4.32,104040.51359244
1759518000,2025-10-03 19:00:00,4.309,4.348,4.319,4.322,186697.59862886
1759521600,2025-10-03 20:00:00,4.298,4.338,4.32,4.337,73823.70870352
1759525200,2025-10-03 21:00:00,4.32,4.343,4.336,4.333,38331.8860905
1759528800,2025-10-03 22:00:00,4.333,4.347,4.333,4.338,32014.59361329
1759532400,2025-10-03 23:00:00,4.318,4.337,4.336,4.32,52402.76876881
1759536000,2025-10-04 00:00:00,4.298,4.33,4.322,4.321,41465.98323617
1759539600,2025-10-04 01:00:00,4.269,4.321,4.321,4.278,72965.55186319
1759543200,2025-10-04 02:00:00,4.257,4.295,4.279,4.291,38728.2489446
1759546800,2025-10-04 03:00:00,4.255,4.294,4.294,4.271,35762.25048499
1759550400,2025-10-04 04:00:00,4.25,4.282,4.27,4.266,54701.54885698
1759554000,2025-10-04 05:00:00,4.26,4.3,4.264,4.291,30954.8227954
1759557600,2025-10-04 06:00:00,4.281,4.315,4.292,4.295,59985.19876835
1759561200,2025-10-04 07:00:00,4.271,4.297,4.294,4.28,34290.17538245
1759564800,2025-10-04 08:00:00,4.231,4.285,4.28,4.236,70374.45242379
1759568400,2025-10-04 09:00:00,4.21,4.254,4.235,4.213,79627.74099477
1759572000,2025-10-04 10:00:00,4.197,4.232,4.212,4.201,43322.23209234
1759575600,2025-10-04 11:00:00,4.193,4.219,4.2,4.209,23007.05176431
1759579200,2025-10-04 12:00:00,4.198,4.223,4.208,4.198,22023.21948109
1759582800,2025-10-04 13:00:00,4.197,4.249,4.197,4.224,100409.48799898
1759586400,2025-10-04 14:00:00,4.181,4.236,4.225,4.181,45687.49254847
1759590000,2025-10-04 15:00:00,4.136,4.195,4.18,4.154,233103.26121331
1759593600,2025-10-04 16:00:00,4.133,4.175,4.154,4.171,214505.53965217
1759597200,2025-10-04 17:00:00,4.162,4.185,4.173,4.174,34040.00398352
1759600800,2025-10-04 18:00:00,4.156,4.18,4.174,4.16,19099.91683065
1759604400,2025-10-04 19:00:00,4.161,4.183,4.161,4.177,83653.22515833
1759608000,2025-10-04 20:00:00,4.172,4.193,4.179,4.175,28014.84790707
1759611600,2025-10-04 21:00:00,4.171,4.198,4.171,4.186,34609.58674742
1759615200,2025-10-04 22:00:00,4.18,4.211,4.188,4.201,46136.8895802
1759618800,2025-10-04 23:00:00,4.191,4.207,4.201,4.192,13336.76050523
1759622400,2025-10-05 00:00:00,4.168,4.213,4.193,4.17,39898.11716869
1759626000,2025-10-05 01:00:00,4.171,4.201,4.171,4.197,42983.93559328
1759629600,2025-10-05 02:00:00,4.189,4.268,4.195,4.266,114805.99260448
1759633200,2025-10-05 03:00:00,4.246,4.279,4.269,4.251,67244.26706043
1759636800,2025-10-05 04:00:00,4.241,4.305,4.251,4.292,87365.78944272
1759640400,2025-10-05 05:00:00,4.283,4.315,4.293,4.309,47910.08329822
1759644000,2025-10-05 06:00:00,4.278,4.31,4.309,4.287,59580.92542243
1759647600,2025-10-05 07:00:00,4.284,4.357,4.288,4.357,85342.89615128
1759651200,2025-10-05 08:00:00,4.317,4.376,4.357,4.324,83789.35822853
1759654800,2025-10-05 09:00:00,4.274,4.327,4.327,4.278,115497.56974105
1759658400,2025-10-05 10:00:00,4.247,4.285,4.279,4.261,66020.89576909
1759662000,2025-10-05 11:00:00,4.232,4.268,4.261,4.261,44877.37537206
1759665600,2025-10-05 12:00:00,4.229,4.262,4.26,4.23,38442.46404071
1759669200,2025-10-05 13:00:00,4.229,4.256,4.231,4.246,38736.95034025
1759672800,2025-10-05 14:00:00,4.214,4.266,4.244,4.229,48128.73892848
1759676400,2025-10-05 15:00:00,4.226,4.253,4.226,4.24,39004.32020305
1759680000,2025-10-05 16:00:00,4.204,4.254,4.241,4.242,61881.95215834
1759683600,2025-10-05 17:00:00,4.16,4.249,4.242,4.176,126104.09983357
1759687200,2025-10-05 18:00:00,4.162,4.197,4.178,4.186,64089.65917595
1759690800,2025-10-05 19:00:00,4.079,4.185,4.185,4.103,305307.17016808
1759694400,2025-10-05 20:00:00,4.081,4.136,4.102,4.119,131145.60826566
1759698000,2025-10-05 21:00:00,4.113,4.137,4.121,4.13,63470.53536492
1759701600,2025-10-05 22:00:00,4.119,4.147,4.131,4.141,47977.80003215
1759705200,2025-10-05 23:00:00,4.134,4.15,4.14,4.135,59090.86483159
1759708800,2025-10-06 00:00:00,4.112,4.181,4.135,4.126,136210.09656042
1759712400,2025-10-06 01:00:00,4.115,4.173,4.125,4.151,62995.83598502
1759716000,2025-10-06 02:00:00,4.129,4.177,4.152,4.163,59483.10407759
1759719600,2025-10-06 03:00:00,4.152,4.17,4.162,4.159,24229.90322847
1759723200,2025-10-06 04:00:00,4.144,4.171,4.16,4.145,31470.90286153
1759726800,2025-10-06 05:00:00,4.136,4.172,4.144,4.17,46304.85354118
1759730400,2025-10-06 06:00:00,4.166,4.199,4.168,4.181,63676.46699364
1759734000,2025-10-06 07:00:00,4.15,4.193,4.181,4.165,22437.03987983
1759737600,2025-10-06 08:00:00,4.166,4.194,4.166,4.183,35462.9288411
1759741200,2025-10-06 09:00:00,4.172,4.201,4.184,4.196,55422.01720964
1759744800,2025-10-06 10:00:00,4.184,4.221,4.196,4.221,57828.66592164
1759748400,2025-10-06 11:00:00,4.205,4.239,4.219,4.219,53892.5125125
1759752000,2025-10-06 12:00:00,4.217,4.264,4.219,4.264,111245.42475972
1759755600,2025-10-06 13:00:00,4.263,4.44,4.265,4.394,509883.40730655
1759759200,2025-10-06 14:00:00,4.35,4.412,4.393,4.365,376046.6215304
1759762800,2025-10-06 15:00:00,4.366,4.414,4.366,4.383,137816.46978473
1759766400,2025-10-06 16:00:00,4.351,4.394,4.384,4.369,107197.55113868
1759770000,2025-10-06 17:00:00,4.36,4.4,4.368,4.386,126009.60022671
1759773600,2025-10-06 18:00:00,4.372,4.398,4.387,4.394,111758.58052452
1759777200,2025-10-06 19:00:00,4.379,4.409,4.393,4.396,84752.57392219
1759780800,2025-10-06 20:00:00,4.375,4.402,4.397,4.381,86242.00470478
1759784400,2025-10-06 21:00:00,4.354,4.401,4.382,4.389,164938.2194794
1759788000,2025-10-06 22:00:00,4.381,4.413,4.388,4.398,124314.11120808
1759791600,2025-10-06 23:00:00,4.38,4.405,4.399,4.399,74979.60739449
1759795200,2025-10-07 00:00:00,4.376,4.414,4.398,4.411,102222.12998492
1759798800,2025-10-07 01:00:00,4.388,4.436,4.411,4.399,171539.11295086
1759802400,2025-10-07 02:00:00,4.374,4.406,4.399,4.375,46938.84248234
1759806000,2025-10-07 03:00:00,4.363,4.393,4.374,4.367,69601.89430857
1759809600,2025-10-07 04:00:00,4.332,4.39,4.366,4.381,169351.52253916
1759813200,2025-10-07 05:00:00,4.36,4.385,4.383,4.361,40617.31504502
1759816800,2025-10-07 06:00:00,4.294,4.367,4.362,4.295,80985.00054022
1759820400,2025-10-07 07:00:00,4.283,4.318,4.293,4.291,48211.35474828
1759824000,2025-10-07 08:00:00,4.252,4.307,4.291,4.295,89797.10640621
1759827600,2025-10-07 09:00:00,4.297,4.321,4.297,4.307,50813.78119278
1759831200,2025-10-07 10:00:00,4.292,4.338,4.303,4.324,52805.35944236
1759834800,2025-10-07 11:00:00,4.315,4.34,4.324,4.33,47472.75211716
1759838400,2025-10-07 12:00:00,4.321,4.364,4.329,4.363,55579.16542713
1759842000,2025-10-07 13:00:00,4.273,4.366,4.364,4.315,172929.2176845
1759845600,2025-10-07 14:00:00,4.212,4.32,4.314,4.216,270416.38015369
1759849200,2025-10-07 15:00:00,4.132,4.228,4.216,4.157,639301.20655626
1759852800,2025-10-07 16:00:00,4.111,4.204,4.157,4.183,217911.14425762
1759856400,2025-10-07 17:00:00,4.152,4.196,4.184,4.153,89771.04368711
1759860000,2025-10-07 18:00:00,4.141,4.166,4.153,4.143,68149.61440787
1759863600,2025-10-07 19:00:00,4.133,4.166,4.142,4.142,82764.89370096
1759867200,2025-10-07 20:00:00,4.141,4.192,4.141,4.17,69848.54695274
1759870800,2025-10-07 21:00:00,4.152,4.19,4.169,4.162,41873.40411341
1759874400,2025-10-07 22:00:00,4.152,4.182,4.163,4.167,35698.4577604
1759878000,2025-10-07 23:00:00,4.136,4.172,4.169,4.142,89608.67799775
1759881600,2025-10-08 00:00:00,4.136,4.189,4.139,4.173,65875.56088406
1759885200,2025-10-08 01:00:00,4.16,4.185,4.174,4.171,52135.01707614
1759888800,2025-10-08 02:00:00,4.15,4.179,4.17,4.152,40898.96865521
1759892400,2025-10-08 03:00:00,4.087,4.152,4.152,4.1,133340.81781914
1759896000,2025-10-08 04:00:00,4.057,4.12,4.099,4.11,104539.39944732
1759899600,2025-10-08 05:00:00,4.078,4.123,4.109,4.107,160398.8378464
1759903200,2025-10-08 06:00:00,4.098,4.134,4.106,4.13,41302.59375241
1759906800,2025-10-08 07:00:00,4.125,4.158,4.131,4.156,29777.23001232
1759910400,2025-10-08 08:00:00,4.113,4.168,4.157,4.148,104745.29329076
1759914000,2025-10-08 09:00:00,4.125,4.151,4.148,4.134,37387.24794397
1759917600,2025-10-08 10:00:00,4.135,4.179,4.135,4.178,53734.06535011
1759921200,2025-10-08 11:00:00,4.148,4.186,4.179,4.155,37500.66562785
1759924800,2025-10-08 12:00:00,4.142,4.168,4.155,4.147,38792.73948658
1759928400,2025-10-08 13:00:00,4.113,4.158,4.147,4.157,183878.53598443
1759932000,2025-10-08 14:00:00,4.124,4.2,4.156,4.132,130259.95560998
1759935600,2025-10-08 15:00:00,4.131,4.161,4.132,4.136,58056.11193788
1759939200,2025-10-08 16:00:00,4.128,4.177,4.136,4.177,118205.77755871
1759942800,2025-10-08 17:00:00,4.172,4.243,4.178,4.237,239464.35123803
1759946400,2025-10-08 18:00:00,4.205,4.242,4.238,4.223,176421.24696792
1759950000,2025-10-08 19:00:00,4.198,4.233,4.222,4.224,203672.37177608
1759953600,2025-10-08 20:00:00,4.192,4.231,4.224,4.195,45523.54450709
1759957200,2025-10-08 21:00:00,4.194,4.225,4.195,4.208,55478.21167927
1759960800,2025-10-08 22:00:00,4.203,4.225,4.209,4.203,28810.63044884
1759964400,2025-10-08 23:00:00,4.188,4.212,4.203,4.197,41806.47191434
1759968000,2025-10-09 00:00:00,4.17,4.2,4.198,4.172,41239.70209317
1759971600,2025-10-09 01:00:00,4.129,4.173,4.173,4.142,89242.55085133
1759975200,2025-10-09 02:00:00,4.067,4.143,4.141,4.076,138905.7093575
1759978800,2025-10-09 03:00:00,4.079,4.119,4.079,4.109,120677.24427622
1759982400,2025-10-09 04:00:00,4.101,4.127,4.108,4.125,51799.0703245
1759986000,2025-10-09 05:00:00,4.098,4.13,4.125,4.105,55703.23208164
1759989600,2025-10-09 06:00:00,4.082,4.108,4.104,4.087,35527.81283028
1759993200,2025-10-09 07:00:00,4.056,4.096,4.087,4.058,39551.91304332
1759996800,2025-10-09 08:00:00,3.981,4.061,4.055,3.988,216151.56561046
1760000400,2025-10-09 09:00:00,3.99,4.027,3.99,4.02,88392.72874823
1760004000,2025-10-09 10:00:00,4.007,4.04,4.02,4.03,64692.9290521
1760007600,2025-10-09 11:00:00,4.03,4.053,4.032,4.039,56633.94748538
1760011200,2025-10-09 12:00:00,4.036,4.082,4.039,4.073,161813.26758013
1760014800,2025-10-09 13:00:00,4.013,4.076,4.072,4.015,111573.52312558
1760018400,2025-10-09 14:00:00,3.982,4.042,4.013,4.018,139926.89123879
1760022000,2025-10-09 15:00:00,3.984,4.036,4.02,4.006,64692.97866611
1760025600,2025-10-09 16:00:00,3.966,4.02,4.004,3.976,93463.71963742
1760029200,2025-10-09 17:00:00,3.973,4.04,3.975,4.038,93455.02048752
1760032800,2025-10-09 18:00:00,4.02,4.041,4.035,4.02,46257.77301945
1760036400,2025-10-09 19:00:00,4.02,4.051,4.02,4.038,67822.39586979
1760040000,2025-10-09 20:00:00,4.028,4.054,4.039,4.04,39623.21577624
1760043600,2025-10-09 21:00:00,4.032,4.053,4.04,4.052,29883.12723993
1760047200,2025-10-09 22:00:00,4.047,4.104,4.051,4.086,73285.03564177
1760050800,2025-10-09 23:00:00,4.057,4.089,4.088,4.077,68485.029046
1760054400,2025-10-10 00:00:00,4.076,4.097,4.077,4.081,42173.25983292
1760058000,2025-10-10 01:00:00,4.073,4.096,4.081,4.085,53497.98970176
1760061600,2025-10-10 02:00:00,4.062,4.09,4.083,4.073,37854.20534113
1760065200,2025-10-10 03:00:00,4.053,4.153,4.074,4.116,74923.9750682
1760068800,2025-10-10 04:00:00,4.094,4.134,4.115,4.113,45305.66502219
1760072400,2025-10-10 05:00:00,4.085,4.152,4.114,4.147,37642.92220602
1760076000,2025-10-10 06:00:00,4.091,4.152,4.149,4.103,35201.68146604
1760079600,2025-10-10 07:00:00,4.076,4.102,4.102,4.082,54950.97206907
1760083200,2025-10-10 08:00:00,4.065,4.109,4.082,4.109,54055.81642601
1760086800,2025-10-10 09:00:00,4.094,4.147,4.11,4.107,111889.52722949
1760090400,2025-10-10 10:00:00,4.104,4.146,4.106,4.141,40845.20332425
1760094000,2025-10-10 11:00:00,4.134,4.189,4.141,4.18,142803.56611621
1760097600,2025-10-10 12:00:00,4.174,4.241,4.18,4.237,115394.42670934
1760101200,2025-10-10 13:00:00,4.23,4.291,4.237,4.255,487398.34244837
1760104800,2025-10-10 14:00:00,4.177,4.272,4.256,4.194,266371.81994761
1760108400,2025-10-10 15:00:00,4.011,4.201,4.195,4.06,865722.20126813
1760112000,2025-10-10 16:00:00,4.021,4.09,4.06,4.026,246349.53535483
1760115600,2025-10-10 17:00:00,3.984,4.039,4.025,3.997,292940.68422011
1760119200,2025-10-10 18:00:00,3.972,4.023,3.998,3.978,175656.98200034
1760122800,2025-10-10 19:00:00,3.878,3.99,3.979,3.931,515979.77434579
1760126400,2025-10-10 20:00:00,3.662,3.969,3.93,3.712,748277.26422993
1760130000,2025-10-10 21:00:00,2.86,3.842,3.713,3.699,1920133.65059642
1760133600,2025-10-10 22:00:00,3,3.817,3.698,3.274,1192967.59326619
1760137200,2025-10-10 23:00:00,2.9,3.421,3.274,3.139,1143509.88005896
1760140800,2025-10-11 00:00:00,2.915,3.3,3.139,2.959,1055281.59433575
1760144400,2025-10-11 01:00:00,2.898,3.005,2.954,2.913,836683.93475429
1760148000,2025-10-11 02:00:00,2.91,3.199,2.912,3.156,587752.05140919
1760151600,2025-10-11 03:00:00,3.055,3.162,3.152,3.135,358580.43888509
1760155200,2025-10-11 04:00:00,3.111,3.202,3.136,3.195,243526.89123739
1760158800,2025-10-11 05:00:00,3.106,3.196,3.193,3.146,236972.64660455
1760162400,2025-10-11 06:00:00,3.122,3.218,3.14,3.168,406204.3107605
1760166000,2025-10-11 07:00:00,3.15,3.216,3.168,3.201,186407.57742583
1760169600,2025-10-11 08:00:00,3.17,3.292,3.198,3.285,211698.56364572
1760173200,2025-10-11 09:00:00,3.245,3.309,3.283,3.265,263494.898559
1760176800,2025-10-11 10:00:00,3.258,3.32,3.264,3.264,238844.75230359
1760180400,2025-10-11 11:00:00,3.198,3.266,3.265,3.222,142016.47777184
1760184000,2025-10-11 12:00:00,3.127,3.22,3.22,3.147,179239.89697944
1760187600,2025-10-11 13:00:00,3.081,3.156,3.146,3.142,366574.92440732
1760191200,2025-10-11 14:00:00,3.103,3.152,3.142,3.134,180389.32711329
1760194800,2025-10-11 15:00:00,3.13,3.163,3.132,3.143,160644.87083879
1760198400,2025-10-11 16:00:00,3.118,3.172,3.142,3.13,196559.07126835
1760202000,2025-10-11 17:00:00,3.124,3.16,3.137,3.148,133857.1426938
1760205600,2025-10-11 18:00:00,3.126,3.151,3.149,3.13,123800.67986313
1760209200,2025-10-11 19:00:00,2.989,3.134,3.131,3.019,422052.02038055
1760212800,2025-10-11 20:00:00,2.936,3.027,3.018,2.962,428363.53498949
1760216400,2025-10-11 21:00:00,2.904,3.014,2.962,3.006,304985.60721659
1760220000,2025-10-11 22:00:00,2.99,3.03,3.004,3.014,167229.02969405
1760223600,2025-10-11 23:00:00,2.996,3.017,3.016,3.002,90753.1249532
1760227200,2025-10-12 00:00:00,2.942,3.004,3,2.948,239113.84673767
1760230800,2025-10-12 01:00:00,2.927,2.984,2.945,2.931,172815.19451834
1760234400,2025-10-12 02:00:00,2.914,2.967,2.93,2.94,219794.58442743
1760238000,2025-10-12 03:00:00,2.937,3.005,2.939,2.981,180116.08088238
1760241600,2025-10-12 04:00:00,2.98,3.041,2.982,3.022,202209.59229477
1760245200,2025-10-12 05:00:00,3.008,3.035,3.021,3.024,82674.9892499
1760248800,2025-10-12 06:00:00,3.021,3.064,3.023,3.036,101071.28861074
1760252400,2025-10-12 07:00:00,3.019,3.045,3.036,3.02,92870.86272942
1760256000,2025-10-12 08:00:00,2.999,3.041,3.019,2.999,109902.08093318
1760259600,2025-10-12 09:00:00,2.971,3.021,2.998,3.017,178877.52403689
1760263200,2025-10-12 10:00:00,3.002,3.033,3.018,3.01,101669.6163784
1760266800,2025-10-12 11:00:00,3.013,3.039,3.014,3.025,142160.65208436
1760270400,2025-10-12 12:00:00,3.024,3.059,3.024,3.042,148635.83628355
1760274000,2025-10-12 13:00:00,2.986,3.054,3.04,3.008,128248.53418839
1760277600,2025-10-12 14:00:00,3.005,3.15,3.008,3.107,395322.49965021
1760281200,2025-10-12 15:00:00,3.104,3.214,3.109,3.205,563146.59952964
1760284800,2025-10-12 16:00:00,3.205,3.294,3.205,3.248,402947.17597088
1760288400,2025-10-12 17:00:00,3.234,3.288,3.249,3.263,356227.87945487
1760292000,2025-10-12 18:00:00,3.21,3.28,3.262,3.233,161948.692027
1760295600,2025-10-12 19:00:00,3.23,3.284,3.231,3.281,78426.07862465
1760299200,2025-10-12 20:00:00,3.263,3.312,3.28,3.271,139212.74578165
1760302800,2025-10-12 21:00:00,3.2,3.294,3.27,3.251,180844.43813614
1760306400,2025-10-12 22:00:00,3.227,3.274,3.251,3.25,78924.89648352
1760310000,2025-10-12 23:00:00,3.216,3.252,3.251,3.248,69875.61678816
1760313600,2025-10-13 00:00:00,3.201,3.269,3.244,3.218,149165.98712168
1760317200,2025-10-13 01:00:00,3.197,3.255,3.217,3.254,57367.16847212
1760320800,2025-10-13 02:00:00,3.219,3.264,3.253,3.243,49523.00528615
1760324400,2025-10-13 03:00:00,3.224,3.255,3.245,3.227,35731.35964344
1760328000,2025-10-13 04:00:00,3.205,3.245,3.227,3.241,83504.49089489
1760331600,2025-10-13 05:00:00,3.22,3.245,3.241,3.234,38588.05593098
1760335200,2025-10-13 06:00:00,3.215,3.288,3.232,3.28,72384.08241231
1760338800,2025-10-13 07:00:00,3.274,3.329,3.278,3.298,167046.12752126
1760342400,2025-10-13 08:00:00,3.29,3.355,3.3,3.342,154967.68859259
1760346000,2025-10-13 09:00:00,3.315,3.36,3.342,3.359,157001.92355547
1760349600,2025-10-13 10:00:00,3.327,3.367,3.359,3.345,61873.80522153
1760353200,2025-10-13 11:00:00,3.224,3.35,3.345,3.274,577706.6280376
1760356800,2025-10-13 12:00:00,3.248,3.309,3.273,3.263,147683.45071661
1760360400,2025-10-13 13:00:00,3.24,3.352,3.264,3.34,491044.28987557
1760364000,2025-10-13 14:00:00,3.262,3.351,3.34,3.277,274682.27984648
1760367600,2025-10-13 15:00:00,3.277,3.338,3.277,3.322,92633.87618042
1760371200,2025-10-13 16:00:00,3.289,3.343,3.323,3.321,192599.35388615
1760374800,2025-10-13 17:00:00,3.31,3.38,3.32,3.376,137646.24772646
1760378400,2025-10-13 18:00:00,3.356,3.404,3.373,3.366,201854.47112137
1760382000,2025-10-13 19:00:00,3.361,3.412,3.365,3.399,191174.67301706
1760385600,2025-10-13 20:00:00,3.382,3.426,3.399,3.425,191871.24394831
1760389200,2025-10-13 21:00:00,3.404,3.449,3.422,3.41,208325.59989626
1760392800,2025-10-13 22:00:00,3.399,3.428,3.41,3.409,91789.90582803
1760396400,2025-10-13 23:00:00,3.37,3.414,3.409,3.377,162553.298986
1760400000,2025-10-14 00:00:00,3.361,3.403,3.379,3.386,108188.29699854
1760403600,2025-10-14 01:00:00,3.352,3.386,3.385,3.363,106117.85301491
1760407200,2025-10-14 02:00:00,3.316,3.362,3.362,3.32,98868.31753605
1760410800,2025-10-14 03:00:00,3.293,3.321,3.32,3.304,152687.97943726
1760414400,2025-10-14 04:00:00,3.238,3.316,3.304,3.255,297252.70489542
1760418000,2025-10-14 05:00:00,3.199,3.281,3.254,3.222,201527.67443786
1760421600,2025-10-14 06:00:00,3.075,3.239,3.223,3.138,540105.4479037
1760425200,2025-10-14 07:00:00,3.101,3.159,3.141,3.117,385770.60581846
1760428800,2025-10-14 08:00:00,3.094,3.169,3.116,3.147,238104.01724098
1760432400,2025-10-14 09:00:00,3.144,3.175,3.147,3.158,171991.23143472
1760436000,2025-10-14 10:00:00,3.077,3.157,3.157,3.119,274472.77958083
1760439600,2025-10-14 11:00:00,3.117,3.167,3.119,3.14,209863.08954184
1760443200,2025-10-14 12:00:00,3.093,3.144,3.141,3.1,195738.91707862
1760446800,2025-10-14 13:00:00,3.069,3.154,3.1,3.136,604869.80551715
1760450400,2025-10-14 14:00:00,3.122,3.198,3.135,3.16,378437.47324848
1760454000,2025-10-14 15:00:00,3.146,3.241,3.162,3.24,261631.05377318
1760457600,2025-10-14 16:00:00,3.214,3.286,3.24,3.229,511328.06722868
1760461200,2025-10-14 17:00:00,3.187,3.267,3.228,3.242,237977.21197343
1760464800,2025-10-14 18:00:00,3.241,3.282,3.242,3.255,99137.6841013
1760468400,2025-10-14 19:00:00,3.192,3.283,3.256,3.236,304096.9953663
1760472000,2025-10-14 20:00:00,3.212,3.25,3.236,3.243,54543.03928843
1760475600,2025-10-14 21:00:00,3.218,3.25,3.242,3.25,57215.08073514
1760479200,2025-10-14 22:00:00,3.234,3.267,3.251,3.246,68537.40460372
1760482800,2025-10-14 23:00:00,3.245,3.262,3.246,3.249,64521.42056448
1760486400,2025-10-15 00:00:00,3.219,3.255,3.249,3.241,79860.26855454
1760490000,2025-10-15 01:00:00,3.21,3.243,3.24,3.23,45359.83956671
1760493600,2025-10-15 02:00:00,3.224,3.266,3.23,3.246,61244.27242245
1760497200,2025-10-15 03:00:00,3.203,3.252,3.245,3.227,91536.40703877
1760500800,2025-10-15 04:00:00,3.209,3.263,3.227,3.263,96081.07112176
1760504400,2025-10-15 05:00:00,3.249,3.277,3.263,3.259,56539.31878027
1760508000,2025-10-15 06:00:00,3.235,3.278,3.259,3.274,104169.29864271
1760511600,2025-10-15 07:00:00,3.263,3.288,3.275,3.281,77593.41506383
1760515200,2025-10-15 08:00:00,3.275,3.341,3.28,3.303,127132.68288858
1760518800,2025-10-15 09:00:00,3.258,3.31,3.302,3.268,116168.52870912
1760522400,2025-10-15 10:00:00,3.239,3.28,3.266,3.249,58562.25883653
1760526000,2025-10-15 11:00:00,3.218,3.259,3.249,3.226,82619.00079326
1760529600,2025-10-15 12:00:00,3.186,3.24,3.226,3.203,224092.45741542
1760533200,2025-10-15 13:00:00,3.122,3.214,3.202,3.186,445919.33564328
1760536800,2025-10-15 14:00:00,3.146,3.224,3.187,3.166,211358.52535487
1760540400,2025-10-15 15:00:00,3.127,3.19,3.168,3.147,222623.4620394
1760544000,2025-10-15 16:00:00,3.13,3.169,3.148,3.153,128183.49408353
1760547600,2025-10-15 17:00:00,3.124,3.167,3.153,3.165,205612.62297509
1760551200,2025-10-15 18:00:00,3.152,3.189,3.165,3.184,171110.23860085
1760554800,2025-10-15 19:00:00,3.135,3.184,3.183,3.149,130067.16943303
1760558400,2025-10-15 20:00:00,3.093,3.171,3.15,3.126,294615.19220523
1760562000,2025-10-15 21:00:00,3.1,3.156,3.125,3.126,99868.72778593
1760565600,2025-10-15 22:00:00,3.118,3.153,3.126,3.127,77319.94375178
1760569200,2025-10-15 23:00:00,3.117,3.145,3.127,3.139,118424.22404793
1760572800,2025-10-16 00:00:00,3.128,3.153,3.139,3.129,91045.99847167
1760576400,2025-10-16 01:00:00,3.128,3.172,3.129,3.171,90329.89717553
1760580000,2025-10-16 02:00:00,3.135,3.179,3.169,3.149,81367.03674479
1760583600,2025-10-16 03:00:00,3.121,3.153,3.146,3.125,55390.81809861
1760587200,2025-10-16 04:00:00,3.118,3.153,3.125,3.129,43750.54476221
1760590800,2025-10-16 05:00:00,3.117,3.155,3.13,3.136,34181.43001793
1760594400,2025-10-16 06:00:00,3.136,3.178,3.137,3.173,98976.04050801
1760598000,2025-10-16 07:00:00,3.135,3.173,3.173,3.149,74443.51791976
1760601600,2025-10-16 08:00:00,3.119,3.152,3.15,3.131,30207.23192219
1760605200,2025-10-16 09:00:00,3.049,3.178,3.132,3.168,302869.02211601
1760608800,2025-10-16 10:00:00,3.159,3.2,3.169,3.176,95586.13890189
1760612400,2025-10-16 11:00:00,3.158,3.189,3.177,3.185,94712.4095191
1760616000,2025-10-16 12:00:00,3.176,3.207,3.185,3.18,89473.48732737
1760619600,2025-10-16 13:00:00,3.146,3.191,3.18,3.155,149305.05158157
1760623200,2025-10-16 14:00:00,3.104,3.18,3.156,3.143,215656.16467945
1760626800,2025-10-16 15:00:00,3.045,3.155,3.143,3.059,247957.15019029
1760630400,2025-10-16 16:00:00,3.024,3.13,3.059,3.127,412301.82257547
1760634000,2025-10-16 17:00:00,3.068,3.127,3.127,3.075,188232.86314716
1760637600,2025-10-16 18:00:00,3.038,3.078,3.075,3.062,206974.91024094
1760641200,2025-10-16 19:00:00,2.996,3.071,3.06,3.023,298568.06371306
1760644800,2025-10-16 20:00:00,2.972,3.033,3.025,2.99,258301.84160128
1760648400,2025-10-16 21:00:00,2.987,3.038,2.989,3.038,107264.25350673
1760652000,2025-10-16 22:00:00,2.988,3.036,3.036,2.988,134660.87314925
1760655600,2025-10-16 23:00:00,2.984,3.023,2.988,3.019,72984.95006434
1760659200,2025-10-17 00:00:00,3.014,3.042,3.019,3.038,64540.15991
1760662800,2025-10-17 01:00:00,3.02,3.06,3.039,3.032,60505.62456102
1760666400,2025-10-17 02:00:00,3.011,3.04,3.031,3.034,58854.05958477
1760670000,2025-10-17 03:00:00,3.031,3.047,3.035,3.045,49170.21962063
1760673600,2025-10-17 04:00:00,3.028,3.048,3.044,3.033,43654.44973524
1760677200,2025-10-17 05:00:00,3.003,3.037,3.034,3.01,49695.28286641
1760680800,2025-10-17 06:00:00,2.896,3.018,3.009,2.906,378920.76051912
1760684400,2025-10-17 07:00:00,2.813,2.913,2.908,2.821,610942.17732682
1760688000,2025-10-17 08:00:00,2.774,2.841,2.821,2.8,592906.95081187
1760691600,2025-10-17 09:00:00,2.794,2.895,2.801,2.843,212558.5952826
1760695200,2025-10-17 10:00:00,2.797,2.86,2.842,2.848,353751.84180832
1760698800,2025-10-17 11:00:00,2.844,2.938,2.849,2.91,474916.17865643
1760702400,2025-10-17 12:00:00,2.889,2.926,2.91,2.895,174072.24122096
1760706000,2025-10-17 13:00:00,2.866,2.932,2.894,2.913,296125.47843967
1760709600,2025-10-17 14:00:00,2.853,2.921,2.912,2.883,282219.54402793
1760713200,2025-10-17 15:00:00,2.868,2.925,2.882,2.923,188583.95538401
1760716800,2025-10-17 16:00:00,2.893,2.96,2.923,2.902,242244.17043194
1760720400,2025-10-17 17:00:00,2.894,2.922,2.902,2.916,115821.88521543
1760724000,2025-10-17 18:00:00,2.903,2.932,2.916,2.915,126326.14431314
1760727600,2025-10-17 19:00:00,2.892,2.923,2.913,2.905,55833.3192501
1760731200,2025-10-17 20:00:00,2.899,2.936,2.905,2.926,98349.5500779
1760734800,2025-10-17 21:00:00,2.925,2.949,2.927,2.94,75807.30300542
1760738400,2025-10-17 22:00:00,2.906,2.945,2.94,2.909,85028.64961182
1760742000,2025-10-17 23:00:00,2.886,2.908,2.908,2.893,53091.42233051
1760745600,2025-10-18 00:00:00,2.891,2.919,2.894,2.913,44575.21149861
1760749200,2025-10-18 01:00:00,2.913,2.942,2.915,2.941,22804.47266075
1760752800,2025-10-18 02:00:00,2.914,2.948,2.94,2.923,42257.92725385
1760756400,2025-10-18 03:00:00,2.921,2.943,2.923,2.934,23994.09486423
1760760000,2025-10-18 04:00:00,2.905,2.934,2.934,2.906,37566.06422886
1760763600,2025-10-18 05:00:00,2.899,2.925,2.907,2.925,33177.42110609
1760767200,2025-10-18 06:00:00,2.913,2.936,2.924,2.932,36502.00165866
1760770800,2025-10-18 07:00:00,2.919,2.972,2.932,2.925,64105.62342743
1760774400,2025-10-18 08:00:00,2.918,2.935,2.926,2.919,37838.73560418
1760778000,2025-10-18 09:00:00,2.915,2.94,2.919,2.936,36960.13763629
1760781600,2025-10-18 10:00:00,2.924,2.944,2.936,2.938,26590.53707549
1760785200,2025-10-18 11:00:00,2.934,2.95,2.938,2.947,69223.4589028
1760788800,2025-10-18 12:00:00,2.936,2.957,2.946,2.937,29640.42884113
1760792400,2025-10-18 13:00:00,2.909,2.936,2.936,2.915,42784.81763263
1760796000,2025-10-18 14:00:00,2.902,2.935,2.916,2.927,41626.83570322
1760799600,2025-10-18 15:00:00,2.91,2.936,2.928,2.921,31476.78498032
1760803200,2025-10-18 16:00:00,2.895,2.926,2.922,2.91,42043.85812296
1760806800,2025-10-18 17:00:00,2.902,2.939,2.912,2.937,48391.34412596
1760810400,2025-10-18 18:00:00,2.928,2.94,2.936,2.929,26378.26502095
1760814000,2025-10-18 19:00:00,2.924,2.937,2.931,2.934,35088.82672462
1760817600,2025-10-18 20:00:00,2.93,2.948,2.938,2.931,25707.16413626
1760821200,2025-10-18 21:00:00,2.92,2.942,2.931,2.94,51085.5105923
1760824800,2025-10-18 22:00:00,2.931,2.946,2.938,2.933,25327.82164446
1760828400,2025-10-18 23:00:00,2.927,2.935,2.932,2.934,50252.7818477
1760832000,2025-10-19 00:00:00,2.906,2.938,2.935,2.914,33422.42351511
1760835600,2025-10-19 01:00:00,2.906,2.931,2.913,2.928,42408.678293
1760839200,2025-10-19 02:00:00,2.909,2.931,2.926,2.913,75034.40162378
1760842800,2025-10-19 03:00:00,2.908,2.943,2.912,2.937,48718.95185363
1760846400,2025-10-19 04:00:00,2.919,2.94,2.937,2.923,32104.41975556
1760850000,2025-10-19 05:00:00,2.915,2.935,2.923,2.92,64493.54671899
1760853600,2025-10-19 06:00:00,2.9,2.925,2.921,2.91,33351.13345484
1760857200,2025-10-19 07:00:00,2.906,2.919,2.909,2.917,45356.67288095
1760860800,2025-10-19 08:00:00,2.9,2.948,2.918,2.901,187329.99133359
1760864400,2025-10-19 09:00:00,2.886,2.965,2.9,2.943,169171.96386557
1760868000,2025-10-19 10:00:00,2.935,2.996,2.944,2.996,71489.88977837
1760871600,2025-10-19 11:00:00,2.981,3.02,2.997,2.986,74499.17694878
1760875200,2025-10-19 12:00:00,2.965,2.989,2.988,2.977,39645.61017948
1760878800,2025-10-19 13:00:00,2.971,3.037,2.978,3.03,110042.99450106
1760882400,2025-10-19 14:00:00,3.013,3.044,3.031,3.039,83094.9430419
1760886000,2025-10-19 15:00:00,3.025,3.041,3.039,3.033,55053.76081762
1760889600,2025-10-19 16:00:00,3.014,3.043,3.034,3.031,123314.5365726
1760893200,2025-10-19 17:00:00,3.023,3.058,3.031,3.024,117933.95477851
1760896800,2025-10-19 18:00:00,3.02,3.033,3.025,3.029,50764.04365716
1760900400,2025-10-19 19:00:00,3.014,3.03,3.029,3.026,61949.32509205
1760904000,2025-10-19 20:00:00,3.021,3.038,3.026,3.038,30819.33753746
1760907600,2025-10-19 21:00:00,3.015,3.038,3.038,3.024,58430.01314149
1760911200,2025-10-19 22:00:00,3.024,3.04,3.026,3.03,39656.91606965
1760914800,2025-10-19 23:00:00,3.004,3.032,3.03,3.009,57853.688239
1760918400,2025-10-20 00:00:00,2.949,3.009,3.009,2.985,175659.40966
1760922000,2025-10-20 01:00:00,2.973,2.994,2.985,2.981,60360.38336946
1760925600,2025-10-20 02:00:00,2.964,3,2.979,2.992,76314.86288134
1760929200,2025-10-20 03:00:00,2.985,3.071,2.993,3.062,145730.41593513
1760932800,2025-10-20 04:00:00,3.052,3.076,3.063,3.067,72341.26072313
1760936400,2025-10-20 05:00:00,3.056,3.09,3.067,3.085,30418.75557162
1760940000,2025-10-20 06:00:00,3.081,3.123,3.086,3.108,65533.24143602
1760943600,2025-10-20 07:00:00,3.083,3.119,3.107,3.092,43381.52397493
1760947200,2025-10-20 08:00:00,3.079,3.103,3.092,3.082,25032.25281636
1760950800,2025-10-20 09:00:00,3.073,3.091,3.082,3.091,24768.0168858
1760954400,2025-10-20 10:00:00,3.084,3.116,3.092,3.091,71768.22149878
1760958000,2025-10-20 11:00:00,3.078,3.095,3.092,3.093,104549.67294277
1760961600,2025-10-20 12:00:00,3.087,3.103,3.092,3.092,30207.66622664
1760965200,2025-10-20 13:00:00,3.08,3.119,3.094,3.119,89608.92798477
1760968800,2025-10-20 14:00:00,3.089,3.125,3.117,3.122,96441.01651116
1760972400,2025-10-20 15:00:00,3.079,3.133,3.122,3.08,115914.86109975
1760976000,2025-10-20 16:00:00,3.036,3.087,3.081,3.066,175590.55224045
1760979600,2025-10-20 17:00:00,3.046,3.081,3.067,3.067,60541.26856438
1760983200,2025-10-20 18:00:00,3.062,3.089,3.067,3.086,84888.47957331
1760986800,2025-10-20 19:00:00,3.073,3.11,3.085,3.1,88761.27869
1760990400,2025-10-20 20:00:00,3.092,3.107,3.099,3.105,35780.80612873
1760994000,2025-10-20 21:00:00,3.076,3.115,3.104,3.083,21198.00434606
1760997600,2025-10-20 22:00:00,3.075,3.096,3.081,3.092,47947.91435592
1761001200,2025-10-20 23:00:00,3.083,3.095,3.092,3.085,44732.06330547
1761004800,2025-10-21 00:00:00,3.077,3.09,3.084,3.08,34835.33111004
1761008400,2025-10-21 01:00:00,3.049,3.08,3.08,3.058,43078.56439609
1761012000,2025-10-21 02:00:00,3.037,3.06,3.06,3.041,43434.6529063
1761015600,2025-10-21 03:00:00,3.02,3.048,3.04,3.021,26279.40077664
1761019200,2025-10-21 04:00:00,2.952,3.027,3.02,2.961,198171.51197704
1761022800,2025-10-21 05:00:00,2.95,2.978,2.962,2.964,91111.42839015
1761026400,2025-10-21 06:00:00,2.96,2.99,2.965,2.985,56651.02412212
1761030000,2025-10-21 07:00:00,2.977,3,2.984,2.994,82922.50966624
1761033600,2025-10-21 08:00:00,2.962,2.994,2.993,2.972,51730.37878628
1761037200,2025-10-21 09:00:00,2.967,2.981,2.972,2.974,41822.10417407
1761040800,2025-10-21 10:00:00,2.971,3.014,2.974,3.002,56616.61467173
1761044400,2025-10-21 11:00:00,2.992,3.011,3.001,3.004,42483.42636898
1761048000,2025-10-21 12:00:00,2.996,3.037,3.002,3.012,54658.24585655
1761051600,2025-10-21 13:00:00,2.99,3.026,3.013,3.005,114215.18292617
1761055200,2025-10-21 14:00:00,3.004,3.135,3.004,3.132,208618.10373198
1761058800,2025-10-21 15:00:00,3.114,3.184,3.132,3.173,223954.13331578
1761062400,2025-10-21 16:00:00,3.125,3.189,3.172,3.133,389418.22979572
1761066000,2025-10-21 17:00:00,3.112,3.16,3.134,3.142,212564.23318727
1761069600,2025-10-21 18:00:00,3.122,3.152,3.143,3.137,76316.18756648
1761073200,2025-10-21 19:00:00,3.128,3.145,3.138,3.133,37501.54611284
1761076800,2025-10-21 20:00:00,3.09,3.137,3.133,3.1,81507.94578963
1761080400,2025-10-21 21:00:00,3.06,3.118,3.099,3.1,92987.26419492
1761084000,2025-10-21 22:00:00,3.031,3.1,3.098,3.047,147275.60590133
1761087600,2025-10-21 23:00:00,2.999,3.051,3.044,3.007,144406.73900358
1761091200,2025-10-22 00:00:00,2.984,3.024,3.007,3.003,121384.37320136
1761094800,2025-10-22 01:00:00,3.002,3.025,3.003,3.019,104259.2312996
1761098400,2025-10-22 02:00:00,3.015,3.032,3.02,3.017,89337.76230162
1761102000,2025-10-22 03:00:00,2.996,3.017,3.017,3.01,76572.2424507
1761105600,2025-10-22 04:00:00,3.009,3.029,3.01,3.023,49278.38450178
1761109200,2025-10-22 05:00:00,2.973,3.028,3.022,2.993,159432.22281804
1761112800,2025-10-22 06:00:00,2.976,2.994,2.992,2.977,81265.46782693
1761116400,2025-10-22 07:00:00,2.966,2.993,2.976,2.985,93596.40294988
1761120000,2025-10-22 08:00:00,2.975,2.989,2.984,2.978,64088.05684829
1761123600,2025-10-22 09:00:00,2.953,2.982,2.978,2.963,94445.45960016
1761127200,2025-10-22 10:00:00,2.951,2.973,2.961,2.954,49501.38139952
1761130800,2025-10-22 11:00:00,2.924,2.995,2.954,2.978,247288.97897723
1761134400,2025-10-22 12:00:00,2.97,3.004,2.977,2.994,92107.43464949
1761138000,2025-10-22 13:00:00,2.979,3.029,2.995,3.025,150974.9256291
1761141600,2025-10-22 14:00:00,2.954,3.026,3.024,3.009,248023.91141149
1761145200,2025-10-22 15:00:00,2.964,3.022,3.009,2.988,167014.97267184
1761148800,2025-10-22 16:00:00,2.955,2.999,2.988,2.975,242242.49143942
1761152400,2025-10-22 17:00:00,2.942,2.982,2.974,2.95,70434.79627715
1761156000,2025-10-22 18:00:00,2.931,2.961,2.949,2.943,117611.95130751
1761159600,2025-10-22 19:00:00,2.92,2.973,2.944,2.945,133773.34543968
1761163200,2025-10-22 20:00:00,2.914,2.952,2.945,2.919,133867.96069124
1761166800,2025-10-22 21:00:00,2.837,2.919,2.918,2.871,323755.90055874
1761170400,2025-10-22 22:00:00,2.854,2.89,2.87,2.867,97511.51980584
1761174000,2025-10-22 23:00:00,2.867,2.925,2.867,2.919,140905.35627507
1761177600,2025-10-23 00:00:00,2.913,2.934,2.918,2.929,115709.2072765
1761181200,2025-10-23 01:00:00,2.928,2.948,2.929,2.931,132203.77745592
1761184800,2025-10-23 02:00:00,2.928,2.938,2.931,2.932,25965.45402132
1761188400,2025-10-23 03:00:00,2.919,2.94,2.932,2.923,115512.39457843
1761192000,2025-10-23 04:00:00,2.917,2.937,2.922,2.928,37425.45775804
1761195600,2025-10-23 05:00:00,2.918,2.934,2.931,2.931,95929.1483798
1761199200,2025-10-23 06:00:00,2.927,2.98,2.931,2.98,88772.26077002
1761202800,2025-10-23 07:00:00,2.959,2.979,2.978,2.971,37637.56131692
1761206400,2025-10-23 08:00:00,2.971,2.988,2.971,2.978,33310.34959598
1761210000,2025-10-23 09:00:00,2.967,2.981,2.979,2.974,23748.38318043
1761213600,2025-10-23 10:00:00,2.971,2.984,2.975,2.972,88718.84985302
1761217200,2025-10-23 11:00:00,2.958,2.982,2.973,2.962,30737.77959215
1761220800,2025-10-23 12:00:00,2.936,2.961,2.961,2.961,77739.29158252
1761224400,2025-10-23 13:00:00,2.945,2.989,2.96,2.977,92632.81304319
1761228000,2025-10-23 14:00:00,2.945,2.98,2.977,2.969,124929.21979669
1761231600,2025-10-23 15:00:00,2.962,3.008,2.969,2.996,101602.70945202
1761235200,2025-10-23 16:00:00,2.99,3.024,2.996,3.019,120631.00385374
1761238800,2025-10-23 17:00:00,2.992,3.038,3.02,3.034,158531.96947963
1761242400,2025-10-23 18:00:00,2.994,3.035,3.034,2.999,69152.87645346
1761246000,2025-10-23 19:00:00,2.985,3.002,2.999,2.997,58440.5024334
1761249600,2025-10-23 20:00:00,2.959,2.997,2.996,2.97,95549.05213665
1761253200,2025-10-23 21:00:00,2.964,2.981,2.97,2.969,123808.33874911
1761256800,2025-10-23 22:00:00,2.97,2.991,2.97,2.988,64648.79321863
1761260400,2025-10-23 23:00:00,2.985,3.006,2.989,3.005,34224.30277781
1761264000,2025-10-24 00:00:00,2.996,3.012,3.004,3.007,55260.48184793
1761267600,2025-10-24 01:00:00,2.993,3.011,3.008,3.002,30889.98594307
1761271200,2025-10-24 02:00:00,2.996,3.01,3.002,3.005,34880.26220962
1761274800,2025-10-24 03:00:00,2.997,3.007,3.006,3.007,35889.75871699
1761278400,2025-10-24 04:00:00,3.001,3.059,3.005,3.051,118799.7418589
1761282000,2025-10-24 05:00:00,3.042,3.06,3.051,3.055,59924.64551101
1761285600,2025-10-24 06:00:00,3.048,3.065,3.055,3.064,79354.19752224
1761289200,2025-10-24 07:00:00,3.038,3.066,3.065,3.053,43743.00584323
1761292800,2025-10-24 08:00:00,3.044,3.076,3.054,3.07,35180.01015911
1761296400,2025-10-24 09:00:00,3.059,3.07,3.069,3.063,28786.8043341
1761300000,2025-10-24 10:00:00,3.045,3.064,3.063,3.048,30487.52118112
1761303600,2025-10-24 11:00:00,3.024,3.059,3.047,3.059,42162.50904403
1761307200,2025-10-24 12:00:00,3.056,3.123,3.06,3.081,229754.87350308
1761310800,2025-10-24 13:00:00,3.046,3.087,3.079,3.073,153599.73630731
1761314400,2025-10-24 14:00:00,3.023,3.073,3.073,3.039,226570.3462127
1761318000,2025-10-24 15:00:00,3.02,3.053,3.04,3.03,151777.35332011
1761321600,2025-10-24 16:00:00,3.013,3.037,3.031,3.028,48709.95702812
1761325200,2025-10-24 17:00:00,3.027,3.045,3.028,3.031,48365.5645446
1761328800,2025-10-24 18:00:00,3.029,3.052,3.03,3.052,27358.37755337
1761332400,2025-10-24 19:00:00,3.052,3.077,3.052,3.07,65130.97644741
1761336000,2025-10-24 20:00:00,3.068,3.083,3.07,3.081,38224.87054066
1761339600,2025-10-24 21:00:00,3.074,3.09,3.082,3.09,39826.02544963
1761343200,2025-10-24 22:00:00,3.08,3.093,3.089,3.086,25226.77115328
1761346800,2025-10-24 23:00:00,3.075,3.086,3.086,3.08,33239.57929845
1761350400,2025-10-25 00:00:00,3.064,3.08,3.08,3.068,18554.62241226
1761354000,2025-10-25 01:00:00,3.064,3.081,3.068,3.072,41453.40040289
1761357600,2025-10-25 02:00:00,3.058,3.077,3.072,3.067,12160.57626897
1761361200,2025-10-25 03:00:00,3.051,3.067,3.067,3.053,17456.16290956
1761364800,2025-10-25 04:00:00,3.053,3.066,3.053,3.056,16537.28671774
1761368400,2025-10-25 05:00:00,3.046,3.057,3.055,3.055,62460.03458744
1761372000,2025-10-25 06:00:00,3.041,3.057,3.055,3.043,27536.08699737
1761375600,2025-10-25 07:00:00,3.043,3.063,3.043,3.047,33507.43687426
1761379200,2025-10-25 08:00:00,3.046,3.058,3.046,3.055,32599.77229475
1761382800,2025-10-25 09:00:00,3.037,3.056,3.055,3.04,20127.47989337
1761386400,2025-10-25 10:00:00,3.027,3.043,3.041,3.037,16043.22690378
1761390000,2025-10-25 11:00:00,3.033,3.049,3.036,3.047,25832.22849681
1761393600,2025-10-25 12:00:00,3.045,3.077,3.046,3.063,87095.50251209
1761397200,2025-10-25 13:00:00,3.05,3.064,3.063,3.056,20539.0495912
1761400800,2025-10-25 14:00:00,3.057,3.077,3.057,3.075,12234.79739726
1761404400,2025-10-25 15:00:00,3.064,3.074,3.074,3.064,3166.53134809
1761426000,2025-10-25 21:00:00,3.078,3.094,3.089,3.089,15442.07733897
1761429600,2025-10-25 22:00:00,3.081,3.107,3.089,3.101,22424.37246978
1761433200,2025-10-25 23:00:00,3.089,3.1,3.1,3.091,22306.92661081
1761436800,2025-10-26 00:00:00,3.076,3.099,3.092,3.093,51950.59722332
1761440400,2025-10-26 01:00:00,3.066,3.096,3.093,3.071,104843.3818634
1761444000,2025-10-26 02:00:00,3.063,3.079,3.072,3.068,38057.18201505
1761447600,2025-10-26 03:00:00,3.059,3.074,3.068,3.064,39967.28728082
1761451200,2025-10-26 04:00:00,3.062,3.09,3.062,3.086,34033.29168751
1761454800,2025-10-26 05:00:00,3.08,3.094,3.085,3.091,12219.52100072
1761458400,2025-10-26 06:00:00,3.084,3.094,3.09,3.091,25597.27552044
1761462000,2025-10-26 07:00:00,3.088,3.101,3.091,3.101,27535.35242927
1761465600,2025-10-26 08:00:00,3.099,3.114,3.101,3.112,32364.26253662
1761469200,2025-10-26 09:00:00,3.104,3.146,3.111,3.137,99399.41099749
1761472800,2025-10-26 10:00:00,3.108,3.137,3.137,3.112,30040.76754461
1761476400,2025-10-26 11:00:00,3.103,3.149,3.113,3.147,42391.42393169
1761480000,2025-10-26 12:00:00,3.139,3.159,3.148,3.158,42747.77447077
1761483600,2025-10-26 13:00:00,3.15,3.187,3.158,3.178,170265.63725149
1761487200,2025-10-26 14:00:00,3.166,3.184,3.179,3.175,43596.86989292
1761490800,2025-10-26 15:00:00,3.163,3.182,3.174,3.181,76244.9188308
1761494400,2025-10-26 16:00:00,3.156,3.181,3.181,3.163,47033.90423321
1761498000,2025-10-26 17:00:00,3.157,3.174,3.164,3.171,48009.74706144
1761501600,2025-10-26 18:00:00,3.17,3.18,3.172,3.175,48144.53864582
1761505200,2025-10-26 19:00:00,3.167,3.178,3.175,3.175,19599.62746854
1761508800,2025-10-26 20:00:00,3.157,3.177,3.176,3.162,19162.11368474
1761512400,2025-10-26 21:00:00,3.146,3.18,3.165,3.18,53624.09261245
1761516000,2025-10-26 22:00:00,3.181,3.239,3.181,3.215,106123.14703271
1761519600,2025-10-26 23:00:00,3.192,3.219,3.214,3.195,93930.52608201
1761523200,2025-10-27 00:00:00,3.187,3.214,3.195,3.205,185919.0320502
1761526800,2025-10-27 01:00:00,3.196,3.229,3.204,3.224,99693.69630562
1761530400,2025-10-27 02:00:00,3.204,3.232,3.224,3.214,92470.70375204
1761534000,2025-10-27 03:00:00,3.202,3.226,3.213,3.208,40195.67325856
1761537600,2025-10-27 04:00:00,3.199,3.219,3.206,3.216,25004.20597107
1761541200,2025-10-27 05:00:00,3.215,3.247,3.216,3.222,76387.49695385
1761544800,2025-10-27 06:00:00,3.208,3.242,3.221,3.232,61444.21003886
1761548400,2025-10-27 07:00:00,3.185,3.243,3.231,3.2,64135.37138073
1761552000,2025-10-27 08:00:00,3.163,3.211,3.199,3.177,168971.47615996
1761555600,2025-10-27 09:00:00,3.147,3.177,3.176,3.156,74470.33633403
1761559200,2025-10-27 10:00:00,3.153,3.169,3.156,3.16,34445.16047721
1761562800,2025-10-27 11:00:00,3.143,3.174,3.162,3.174,32806.65403493
1761566400,2025-10-27 12:00:00,3.144,3.177,3.172,3.144,37416.31903669
1761570000,2025-10-27 13:00:00,3.118,3.162,3.146,3.158,55787.30495948
1761573600,2025-10-27 14:00:00,3.126,3.161,3.158,3.136,75607.34881764
1761577200,2025-10-27 15:00:00,3.136,3.162,3.136,3.154,61248.48097742
1761580800,2025-10-27 16:00:00,3.153,3.202,3.154,3.199,199899.71705723
1761584400,2025-10-27 17:00:00,3.188,3.216,3.199,3.207,47148.60020897
1761588000,2025-10-27 18:00:00,3.192,3.215,3.207,3.196,49628.78499163
1761591600,2025-10-27 19:00:00,3.171,3.197,3.197,3.173,153332.89836994
1761595200,2025-10-27 20:00:00,3.148,3.174,3.174,3.148,74991.50495729
1761598800,2025-10-27 21:00:00,3.137,3.168,3.147,3.149,72977.31343148
1761602400,2025-10-27 22:00:00,3.132,3.165,3.148,3.137,88247.85355178
1761606000,2025-10-27 23:00:00,3.121,3.145,3.136,3.138,33410.10895813
1761609600,2025-10-28 00:00:00,3.128,3.154,3.138,3.144,30612.01958921
1761613200,2025-10-28 01:00:00,3.144,3.165,3.144,3.153,29528.67625016
1761616800,2025-10-28 02:00:00,3.113,3.16,3.154,3.137,47445.21531958
1761620400,2025-10-28 03:00:00,3.114,3.148,3.136,3.125,65369.76517878
1761624000,2025-10-28 04:00:00,3.116,3.149,3.125,3.141,20830.90162607
1761627600,2025-10-28 05:00:00,3.103,3.152,3.14,3.106,157121.5843195
1761631200,2025-10-28 06:00:00,3.099,3.17,3.107,3.169,119493.94668581
1761634800,2025-10-28 07:00:00,3.135,3.178,3.171,3.14,53820.03893407
1761638400,2025-10-28 08:00:00,3.132,3.155,3.141,3.144,23665.97521892
1761642000,2025-10-28 09:00:00,3.125,3.15,3.145,3.14,20042.45231361
1761645600,2025-10-28 10:00:00,3.126,3.14,3.14,3.135,24281.1201236
1761649200,2025-10-28 11:00:00,3.129,3.15,3.133,3.134,45042.17822157
1761652800,2025-10-28 12:00:00,3.131,3.166,3.135,3.164,32351.94164098
1761656400,2025-10-28 13:00:00,3.165,3.191,3.165,3.179,101435.24840919
1761660000,2025-10-28 14:00:00,3.091,3.195,3.18,3.147,123400.64340861
1761663600,2025-10-28 15:00:00,3.124,3.163,3.147,3.135,83333.699316
1761667200,2025-10-28 16:00:00,3.126,3.169,3.134,3.161,68812.05695835
1761670800,2025-10-28 17:00:00,3.146,3.167,3.162,3.158,23150.09869597
1761674400,2025-10-28 18:00:00,3.129,3.165,3.158,3.138,14692.53656534
1761678000,2025-10-28 19:00:00,3.073,3.142,3.139,3.086,105003.73857675
1761681600,2025-10-28 20:00:00,3.014,3.087,3.085,3.031,291640.25005286
1761685200,2025-10-28 21:00:00,2.992,3.047,3.03,3.028,170502.93291597
1761688800,2025-10-28 22:00:00,3.023,3.06,3.028,3.057,68886.67473142
1761692400,2025-10-28 23:00:00,3.041,3.057,3.057,3.051,60202.19262229
1761696000,2025-10-29 00:00:00,3.042,3.064,3.05,3.043,63961.89030142
1761699600,2025-10-29 01:00:00,3.039,3.072,3.042,3.056,36094.21274663
1761703200,2025-10-29 02:00:00,3.049,3.063,3.054,3.058,34134.27683365
1761706800,2025-10-29 03:00:00,3.044,3.059,3.058,3.052,51418.44464949
1761710400,2025-10-29 04:00:00,3.05,3.076,3.052,3.066,102803.18875071
1761714000,2025-10-29 05:00:00,3.062,3.076,3.065,3.066,44283.15471857
1761717600,2025-10-29 06:00:00,3.061,3.085,3.065,3.084,74856.62808251
1761721200,2025-10-29 07:00:00,3.069,3.09,3.085,3.078,118405.54287329
1761724800,2025-10-29 08:00:00,3.05,3.08,3.078,3.055,27659.42800025
1761728400,2025-10-29 09:00:00,3.047,3.065,3.055,3.061,16369.40125848
1761732000,2025-10-29 10:00:00,3.061,3.099,3.062,3.085,25800.21464168
1761735600,2025-10-29 11:00:00,3.081,3.11,3.085,3.105,53667.38873834
1761739200,2025-10-29 12:00:00,3.102,3.113,3.105,3.107,17832.2446276
1761742800,2025-10-29 13:00:00,3.103,3.132,3.108,3.11,55332.61361411
1761746400,2025-10-29 14:00:00,3.085,3.114,3.11,3.104,60026.91270541
1761750000,2025-10-29 15:00:00,3.046,3.11,3.103,3.06,125809.08776881
1761753600,2025-10-29 16:00:00,3.046,3.092,3.059,3.073,97938.8846644
1761757200,2025-10-29 17:00:00,3.075,3.171,3.075,3.171,80501.80285937
1761760800,2025-10-29 18:00:00,3.027,3.175,3.172,3.127,417745.62841802
1761764400,2025-10-29 19:00:00,3.113,3.169,3.128,3.143,209020.2032057
1761768000,2025-10-29 20:00:00,3.125,3.177,3.144,3.155,152922.78550358
1761771600,2025-10-29 21:00:00,3.142,3.162,3.155,3.146,67605.71958425
1761775200,2025-10-29 22:00:00,3.124,3.149,3.147,3.127,30859.19387541
1761778800,2025-10-29 23:00:00,3.066,3.127,3.127,3.079,128865.11302135
1761782400,2025-10-30 00:00:00,3.062,3.106,3.078,3.101,62160.22797923
1761786000,2025-10-30 01:00:00,3.083,3.112,3.1,3.098,43883.60296955
1761789600,2025-10-30 02:00:00,3.091,3.119,3.099,3.112,43053.50262632
1761793200,2025-10-30 03:00:00,3.08,3.113,3.113,3.087,27810.1839541
1761796800,2025-10-30 04:00:00,2.966,3.086,3.086,3.002,350452.09080944
1761800400,2025-10-30 05:00:00,2.995,3.061,3.001,3.055,98832.90224443
1761804000,2025-10-30 06:00:00,3.034,3.077,3.054,3.064,83749.89771137
1761807600,2025-10-30 07:00:00,3.061,3.1,3.064,3.091,49549.16729174
1761811200,2025-10-30 08:00:00,3.029,3.09,3.09,3.034,96563.29575788
1761814800,2025-10-30 09:00:00,3.01,3.038,3.035,3.016,46365.15166341
1761818400,2025-10-30 10:00:00,3.001,3.028,3.015,3.012,37800.11058773
1761822000,2025-10-30 11:00:00,2.994,3.019,3.011,2.994,35103.69265987
1761825600,2025-10-30 12:00:00,2.91,3.001,2.994,2.938,233064.85574046
1761829200,2025-10-30 13:00:00,2.859,2.939,2.937,2.875,328101.87371079
1761832800,2025-10-30 14:00:00,2.872,2.901,2.877,2.887,151387.15436316
1761836400,2025-10-30 15:00:00,2.852,2.893,2.887,2.86,103110.87650607
1761840000,2025-10-30 16:00:00,2.845,2.879,2.859,2.874,127504.96036408
1761843600,2025-10-30 17:00:00,2.8,2.873,2.873,2.84,252893.19228415
1761847200,2025-10-30 18:00:00,2.804,2.847,2.84,2.813,130026.44228861
1761850800,2025-10-30 19:00:00,2.782,2.823,2.813,2.797,264033.15593611
1761854400,2025-10-30 20:00:00,2.788,2.837,2.797,2.831,153930.21755999
1761858000,2025-10-30 21:00:00,2.819,2.847,2.83,2.839,126554.06504171
1761861600,2025-10-30 22:00:00,2.833,2.852,2.84,2.852,62519.46919454
1761865200,2025-10-30 23:00:00,2.841,2.876,2.853,2.871,81382.99407196
1761868800,2025-10-31 00:00:00,2.867,2.903,2.869,2.895,80556.26322609
1761872400,2025-10-31 01:00:00,2.89,2.915,2.894,2.915,71756.66043725
1761876000,2025-10-31 02:00:00,2.881,2.914,2.914,2.893,137415.80867125
1761879600,2025-10-31 03:00:00,2.884,2.904,2.894,2.898,44571.64748141
1761883200,2025-10-31 04:00:00,2.895,2.925,2.897,2.921,76129.54025874
1761886800,2025-10-31 05:00:00,2.906,2.92,2.92,2.91,21636.13683552
1761890400,2025-10-31 06:00:00,2.891,2.913,2.91,2.895,27666.87654214
1761894000,2025-10-31 07:00:00,2.886,2.901,2.895,2.895,29191.61806336
1761897600,2025-10-31 08:00:00,2.882,2.907,2.894,2.902,76378.57613215
1761901200,2025-10-31 09:00:00,2.89,2.907,2.902,2.893,26064.2187538
1761904800,2025-10-31 10:00:00,2.868,2.899,2.895,2.877,59539.44901221
1761908400,2025-10-31 11:00:00,2.87,2.912,2.877,2.908,39759.76401777
1761912000,2025-10-31 12:00:00,2.888,2.922,2.908,2.89,55243.00325235
1761915600,2025-10-31 13:00:00,2.88,2.91,2.89,2.905,113367.1893409
1761919200,2025-10-31 14:00:00,2.889,2.914,2.906,2.907,293261.11393589
1761922800,2025-10-31 15:00:00,2.894,2.922,2.907,2.899,147843.15154418
1761926400,2025-10-31 16:00:00,2.841,2.905,2.898,2.845,94536.45274278
1761930000,2025-10-31 17:00:00,2.825,2.857,2.844,2.846,101981.81709838
1761933600,2025-10-31 18:00:00,2.834,2.871,2.846,2.862,114931.11540687
1761937200,2025-10-31 19:00:00,2.845,2.906,2.861,2.894,97884.27680652
1761940800,2025-10-31 20:00:00,2.866,2.897,2.893,2.871,132397.35046
1761944400,2025-10-31 21:00:00,2.86,2.877,2.87,2.871,38216.99863268
1761948000,2025-10-31 22:00:00,2.87,2.885,2.871,2.875,76512.46534277
1761951600,2025-10-31 23:00:00,2.871,2.887,2.874,2.882,74050.94326796
1761955200,2025-11-01 00:00:00,2.866,2.885,2.881,2.883,42448.89168635
1761958800,2025-11-01 01:00:00,2.876,2.894,2.883,2.876,37586.59609391
1761962400,2025-11-01 02:00:00,2.864,2.894,2.876,2.894,17671.74078704
1761966000,2025-11-01 03:00:00,2.894,2.911,2.895,2.909,44080.9339902
1761969600,2025-11-01 04:00:00,2.895,2.915,2.909,2.898,43326.15313682
1761973200,2025-11-01 05:00:00,2.88,2.899,2.899,2.883,16565.9989171
1761976800,2025-11-01 06:00:00,2.875,2.892,2.882,2.891,13183.50384734
1761980400,2025-11-01 07:00:00,2.884,2.904,2.891,2.901,54675.08458634
1761984000,2025-11-01 08:00:00,2.9,2.922,2.901,2.921,59111.81109987
1761987600,2025-11-01 09:00:00,2.905,2.929,2.922,2.911,55789.42379474
1761991200,2025-11-01 10:00:00,2.911,2.935,2.912,2.928,73253.6698999
1761994800,2025-11-01 11:00:00,2.927,2.943,2.929,2.943,45227.14763078
1761998400,2025-11-01 12:00:00,2.934,2.949,2.943,2.942,44806.14482954
1762002000,2025-11-01 13:00:00,2.923,2.954,2.942,2.939,41834.11241602
1762005600,2025-11-01 14:00:00,2.905,2.946,2.94,2.92,121517.71461551
1762009200,2025-11-01 15:00:00,2.919,2.949,2.92,2.948,64615.93586503
1762012800,2025-11-01 16:00:00,2.943,2.967,2.95,2.957,67288.36513591
1762016400,2025-11-01 17:00:00,2.951,2.963,2.956,2.954,25597.87652901
1762020000,2025-11-01 18:00:00,2.943,2.959,2.953,2.951,27784.06669373
1762023600,2025-11-01 19:00:00,2.94,2.952,2.951,2.952,40702.96205538
1762027200,2025-11-01 20:00:00,2.95,2.964,2.951,2.958,33991.8961585
1762030800,2025-11-01 21:00:00,2.928,2.962,2.957,2.931,37000.84801427
1762034400,2025-11-01 22:00:00,2.929,2.953,2.929,2.951,81110.42764233
1762038000,2025-11-01 23:00:00,2.949,2.973,2.953,2.97,33831.38409776
1762041600,2025-11-02 00:00:00,2.953,2.969,2.969,2.953,47454.93402567
1762045200,2025-11-02 01:00:00,2.946,2.964,2.953,2.954,42013.47146841
1762048800,2025-11-02 02:00:00,2.949,2.968,2.954,2.956,21836.88355637
1762052400,2025-11-02 03:00:00,2.946,2.962,2.955,2.952,16969.61602981
1762056000,2025-11-02 04:00:00,2.948,2.987,2.951,2.983,47947.66443404
1762059600,2025-11-02 05:00:00,2.975,2.999,2.982,2.996,37441.27681617
1762063200,2025-11-02 06:00:00,2.99,3.006,2.996,3.001,19667.30516853
1762066800,2025-11-02 07:00:00,2.993,3.013,3.001,3.007,27064.04118791
1762070400,2025-11-02 08:00:00,2.987,3.01,3.009,2.992,29066.15953801
1762074000,2025-11-02 09:00:00,2.984,3.011,2.993,2.988,31524.71910922
1762077600,2025-11-02 10:00:00,2.96,2.996,2.988,2.968,90632.16275601
1762081200,2025-11-02 11:00:00,2.967,3.001,2.969,2.999,49452.32334209
1762084800,2025-11-02 12:00:00,2.978,2.998,2.997,2.979,106093.83939923
1762088400,2025-11-02 13:00:00,2.955,2.983,2.979,2.964,52877.03106436
1762092000,2025-11-02 14:00:00,2.903,2.97,2.964,2.915,113467.78824671
1762095600,2025-11-02 15:00:00,2.901,2.932,2.913,2.907,58135.37573285
1762099200,2025-11-02 16:00:00,2.865,2.92,2.906,2.92,100596.41971877
1762102800,2025-11-02 17:00:00,2.908,2.924,2.918,2.923,44175.30848611
1762106400,2025-11-02 18:00:00,2.904,2.924,2.922,2.907,22890.58396804
1762110000,2025-11-02 19:00:00,2.887,2.909,2.906,2.904,23095.55873696
1762113600,2025-11-02 20:00:00,2.896,2.918,2.901,2.913,62494.39719926
1762117200,2025-11-02 21:00:00,2.909,2.928,2.913,2.919,29178.60573452
1762120800,2025-11-02 22:00:00,2.908,2.929,2.915,2.922,40168.28328645
1762124400,2025-11-02 23:00:00,2.923,2.992,2.923,2.987,176375.09667231
1762128000,2025-11-03 00:00:00,2.931,2.993,2.987,2.933,83256.52618276
1762131600,2025-11-03 01:00:00,2.902,2.939,2.932,2.908,56375.13497802
1762135200,2025-11-03 02:00:00,2.86,2.91,2.907,2.88,80233.36547388
1762138800,2025-11-03 03:00:00,2.782,2.883,2.881,2.789,184423.56275608
1762142400,2025-11-03 04:00:00,2.76,2.804,2.789,2.803,128936.89422212
1762146000,2025-11-03 05:00:00,2.776,2.824,2.805,2.777,69324.70971158
1762149600,2025-11-03 06:00:00,2.725,2.787,2.774,2.758,110242.90466646
1762153200,2025-11-03 07:00:00,2.741,2.781,2.757,2.765,89445.26689053
1762156800,2025-11-03 08:00:00,2.748,2.782,2.765,2.774,145596.0888988
1762160400,2025-11-03 09:00:00,2.753,2.803,2.773,2.756,168842.17122337
1762164000,2025-11-03 10:00:00,2.721,2.774,2.756,2.731,65088.83262559
1762167600,2025-11-03 11:00:00,2.732,2.775,2.732,2.761,58966.12661912
1762171200,2025-11-03 12:00:00,2.75,2.782,2.762,2.758,119812.84250819
1762174800,2025-11-03 13:00:00,2.743,2.778,2.757,2.765,123710.92232832
1762178400,2025-11-03 14:00:00,2.751,2.793,2.765,2.775,74337.1622252
1762182000,2025-11-03 15:00:00,2.504,2.78,2.776,2.583,851638.6386608
1762185600,2025-11-03 16:00:00,2.563,2.64,2.584,2.621,490003.5484857
1762189200,2025-11-03 17:00:00,2.615,2.666,2.619,2.656,135903.40097613
1762192800,2025-11-03 18:00:00,2.603,2.656,2.656,2.605,94323.22982985
1762196400,2025-11-03 19:00:00,2.576,2.616,2.604,2.579,83325.84411598
1762200000,2025-11-03 20:00:00,2.521,2.582,2.58,2.535,159358.8934788
1762203600,2025-11-03 21:00:00,2.522,2.576,2.535,2.571,198694.28470864
1762207200,2025-11-03 22:00:00,2.533,2.582,2.571,2.564,89325.31785292
1762210800,2025-11-03 23:00:00,2.541,2.586,2.563,2.586,83017.17138109
1762214400,2025-11-04 00:00:00,2.566,2.629,2.586,2.611,78507.70137733
1762218000,2025-11-04 01:00:00,2.602,2.629,2.612,2.619,66300.43328978
1762221600,2025-11-04 02:00:00,2.612,2.629,2.618,2.627,39073.7102658
1762225200,2025-11-04 03:00:00,2.616,2.653,2.625,2.652,38992.9006131
1762228800,2025-11-04 04:00:00,2.636,2.662,2.652,2.636,58137.37661366
1762232400,2025-11-04 05:00:00,2.504,2.639,2.636,2.511,169323.28526064
1762236000,2025-11-04 06:00:00,2.508,2.598,2.51,2.558,154054.31132359
1762239600,2025-11-04 07:00:00,2.516,2.564,2.557,2.532,127471.10179877
1762243200,2025-11-04 08:00:00,2.517,2.586,2.531,2.568,123955.90963138
1762246800,2025-11-04 09:00:00,2.557,2.6,2.568,2.597,45461.62418203
1762250400,2025-11-04 10:00:00,2.589,2.609,2.597,2.607,53828.37907304
1762254000,2025-11-04 11:00:00,2.603,2.636,2.608,2.61,59071.07623497
1762257600,2025-11-04 12:00:00,2.571,2.61,2.609,2.582,56842.59221321
1762261200,2025-11-04 13:00:00,2.558,2.59,2.582,2.577,88077.02936187
1762264800,2025-11-04 14:00:00,2.556,2.646,2.576,2.628,94330.29758977
1762268400,2025-11-04 15:00:00,2.592,2.652,2.63,2.599,113799.88731968
1762272000,2025-11-04 16:00:00,2.543,2.619,2.599,2.55,118967.61663945
1762275600,2025-11-04 17:00:00,2.466,2.559,2.55,2.528,348088.08170374
1762279200,2025-11-04 18:00:00,2.422,2.527,2.527,2.499,351947.62269965
1762282800,2025-11-04 19:00:00,2.451,2.518,2.498,2.459,132804.89298173
1762286400,2025-11-04 20:00:00,2.35,2.481,2.458,2.447,356537.63711866
1762290000,2025-11-04 21:00:00,2.344,2.461,2.448,2.442,271722.52288969
1762293600,2025-11-04 22:00:00,2.43,2.519,2.444,2.507,154020.90035257
1762297200,2025-11-04 23:00:00,2.5,2.539,2.507,2.507,173763.07544316
1762300800,2025-11-05 00:00:00,2.464,2.52,2.508,2.482,64311.0912469
1762304400,2025-11-05 01:00:00,2.386,2.483,2.482,2.471,114194.38406417
1762308000,2025-11-05 02:00:00,2.472,2.559,2.472,2.556,159931.85085729
1762311600,2025-11-05 03:00:00,2.543,2.576,2.557,2.568,105070.35988997
1762315200,2025-11-05 04:00:00,2.55,2.58,2.567,2.565,73414.51427763
1762318800,2025-11-05 05:00:00,2.558,2.583,2.566,2.564,104412.61042829
1762322400,2025-11-05 06:00:00,2.547,2.576,2.564,2.576,67236.59465521
1762326000,2025-11-05 07:00:00,2.551,2.589,2.577,2.588,138149.35877231
1762329600,2025-11-05 08:00:00,2.537,2.587,2.587,2.553,76737.21777838
1762333200,2025-11-05 09:00:00,2.549,2.578,2.554,2.57,24187.27191474
1762336800,2025-11-05 10:00:00,2.536,2.573,2.571,2.539,63661.37057355
1762340400,2025-11-05 11:00:00,2.538,2.609,2.539,2.608,71228.53474748
1762344000,2025-11-05 12:00:00,2.593,2.619,2.607,2.602,129855.41470645
1762347600,2025-11-05 13:00:00,2.589,2.63,2.603,2.615,46274.74275522
1762351200,2025-11-05 14:00:00,2.576,2.62,2.615,2.606,148068.32788016
1762354800,2025-11-05 15:00:00,2.597,2.635,2.605,2.633,105578.9038683
1762358400,2025-11-05 16:00:00,2.6,2.641,2.633,2.638,70893.1808747
1762362000,2025-11-05 17:00:00,2.623,2.646,2.637,2.637,92197.24698447
1762365600,2025-11-05 18:00:00,2.632,2.655,2.636,2.64,66686.04373316
1762369200,2025-11-05 19:00:00,2.625,2.646,2.64,2.642,85275.43975652
1762372800,2025-11-05 20:00:00,2.64,2.668,2.642,2.656,99478.61067951
1762376400,2025-11-05 21:00:00,2.637,2.657,2.655,2.655,41734.36503475
1762380000,2025-11-05 22:00:00,2.644,2.674,2.657,2.67,87959.73624742
1762383600,2025-11-05 23:00:00,2.662,2.677,2.672,2.67,61532.55482852
1762387200,2025-11-06 00:00:00,2.649,2.68,2.669,2.658,43790.3464238
1762390800,2025-11-06 01:00:00,2.616,2.655,2.655,2.642,93398.73748608
1762394400,2025-11-06 02:00:00,2.617,2.683,2.642,2.667,709207.49902704
1762398000,2025-11-06 03:00:00,2.658,2.675,2.667,2.659,48468.53336987
1762401600,2025-11-06 04:00:00,2.648,2.666,2.66,2.662,72997.96383503
1762405200,2025-11-06 05:00:00,2.609,2.662,2.662,2.614,26112.71292163
1762408800,2025-11-06 06:00:00,2.606,2.627,2.615,2.607,21596.27616027
1762412400,2025-11-06 07:00:00,2.594,2.623,2.606,2.603,68084.72988439
1762416000,2025-11-06 08:00:00,2.597,2.615,2.602,2.607,41335.38714109
1762419600,2025-11-06 09:00:00,2.595,2.618,2.607,2.602,121178.96740342
1762423200,2025-11-06 10:00:00,2.584,2.613,2.603,2.606,150742.62306251
1762426800,2025-11-06 11:00:00,2.593,2.62,2.607,2.615,22690.96242006
1762430400,2025-11-06 12:00:00,2.57,2.619,2.614,2.579,130597.50350817
1762434000,2025-11-06 13:00:00,2.571,2.637,2.579,2.626,731413.89982343
1762437600,2025-11-06 14:00:00,2.591,2.688,2.626,2.66,423741.68008479
1762441200,2025-11-06 15:00:00,2.564,2.667,2.661,2.581,225773.94625769
1762444800,2025-11-06 16:00:00,2.53,2.595,2.582,2.572,219276.36398662
1762448400,2025-11-06 17:00:00,2.559,2.61,2.572,2.604,281986.87274972
1762452000,2025-11-06 18:00:00,2.576,2.65,2.604,2.628,112887.18546059
1762455600,2025-11-06 19:00:00,2.623,2.661,2.626,2.656,134658.2105225
1762459200,2025-11-06 20:00:00,2.623,2.67,2.658,2.648,91638.57665795
1762462800,2025-11-06 21:00:00,2.625,2.654,2.645,2.645,90387.16226204
1762466400,2025-11-06 22:00:00,2.633,2.67,2.644,2.667,30506.21554323
1762470000,2025-11-06 23:00:00,2.632,2.669,2.666,2.667,47404.6011993
1762473600,2025-11-07 00:00:00,2.663,2.802,2.666,2.791,436145.36897111
1762477200,2025-11-07 01:00:00,2.736,2.819,2.789,2.772,319682.96001855
1762480800,2025-11-07 02:00:00,2.721,2.784,2.771,2.781,181199.45603147
1762484400,2025-11-07 03:00:00,2.777,2.819,2.782,2.795,244747.62834947
1762488000,2025-11-07 04:00:00,2.743,2.816,2.795,2.762,189654.19031672
1762491600,2025-11-07 05:00:00,2.76,2.832,2.762,2.83,101894.00261874
1762495200,2025-11-07 06:00:00,2.804,2.861,2.828,2.806,160783.87611198
1762498800,2025-11-07 07:00:00,2.787,2.855,2.807,2.853,136713.65038651
1762502400,2025-11-07 08:00:00,2.826,2.856,2.853,2.834,119915.53285238
1762506000,2025-11-07 09:00:00,2.777,2.841,2.836,2.83,127818.9359823
1762509600,2025-11-07 10:00:00,2.807,2.859,2.833,2.819,95484.26613953
1762513200,2025-11-07 11:00:00,2.745,2.819,2.818,2.786,143700.53804052
1762516800,2025-11-07 12:00:00,2.711,2.794,2.786,2.74,208628.35544308
1762520400,2025-11-07 13:00:00,2.726,2.799,2.74,2.78,156442.60553876
1762524000,2025-11-07 14:00:00,2.725,2.833,2.778,2.821,262422.38167314
1762527600,2025-11-07 15:00:00,2.792,2.909,2.822,2.889,370644.65993413
1762531200,2025-11-07 16:00:00,2.879,3.128,2.889,3.104,1010895.51309736
1762534800,2025-11-07 17:00:00,3.077,3.206,3.106,3.2,657133.3726947
1762538400,2025-11-07 18:00:00,3.181,3.344,3.2,3.248,1178837.95367505
1762542000,2025-11-07 19:00:00,3.212,3.289,3.249,3.264,362449.17228083
1762545600,2025-11-07 20:00:00,3.188,3.28,3.266,3.203,428456.23965023
1762549200,2025-11-07 21:00:00,3.197,3.275,3.203,3.262,182918.9565472
1762552800,2025-11-07 22:00:00,3.225,3.278,3.26,3.265,94062.40386
1762556400,2025-11-07 23:00:00,3.209,3.306,3.265,3.259,597661.62601955
1762560000,2025-11-08 00:00:00,3.19,3.311,3.26,3.194,286273.81341472
1762563600,2025-11-08 01:00:00,3.182,3.408,3.195,3.4,633476.70803508
1762567200,2025-11-08 02:00:00,3.398,3.529,3.4,3.438,735229.64570117
1762570800,2025-11-08 03:00:00,3.365,3.469,3.44,3.378,422055.15996016
1762574400,2025-11-08 04:00:00,3.367,3.437,3.378,3.42,354063.42898181
1762578000,2025-11-08 05:00:00,3.306,3.437,3.421,3.328,370249.47543542
1762581600,2025-11-08 06:00:00,3.253,3.346,3.329,3.282,959204.8500885
1762585200,2025-11-08 07:00:00,3.194,3.29,3.282,3.255,1093345.88628422
1762588800,2025-11-08 08:00:00,3.228,3.31,3.254,3.287,171868.5114543
1762592400,2025-11-08 09:00:00,3.214,3.288,3.288,3.221,57677.27798174
1762596000,2025-11-08 10:00:00,3.207,3.243,3.22,3.237,116352.84287891
1762599600,2025-11-08 11:00:00,3.233,3.285,3.235,3.275,155482.98364923
1762603200,2025-11-08 12:00:00,3.241,3.317,3.276,3.28,329360.06098446
1762606800,2025-11-08 13:00:00,3.23,3.288,3.281,3.231,233162.70590702
1762610400,2025-11-08 14:00:00,3.142,3.258,3.233,3.188,338083.19657345
1762614000,2025-11-08 15:00:00,3.117,3.198,3.187,3.127,258119.64014653
1762617600,2025-11-08 16:00:00,3.087,3.169,3.127,3.152,235424.51072698
1762621200,2025-11-08 17:00:00,3.149,3.229,3.15,3.211,452173.19354967
1762624800,2025-11-08 18:00:00,3.195,3.232,3.205,3.208,351939.56648019
1762628400,2025-11-08 19:00:00,3.141,3.21,3.208,3.162,179112.15649481
1762632000,2025-11-08 20:00:00,3.146,3.225,3.162,3.195,226541.62752551
1762635600,2025-11-08 21:00:00,3.178,3.206,3.195,3.201,121004.54070703
1762639200,2025-11-08 22:00:00,3.2,3.228,3.202,3.216,92046.58621536
1762642800,2025-11-08 23:00:00,3.216,3.253,3.22,3.251,92825.65328779
1762646400,2025-11-09 00:00:00,3.224,3.298,3.249,3.253,274381.54920989
1762650000,2025-11-09 01:00:00,3.249,3.311,3.253,3.272,182723.02236838
1762653600,2025-11-09 02:00:00,3.183,3.279,3.271,3.196,257354.76125156
1762657200,2025-11-09 03:00:00,3.126,3.211,3.197,3.129,259155.07004239
1762660800,2025-11-09 04:00:00,3.113,3.167,3.133,3.115,200197.72442866
1762664400,2025-11-09 05:00:00,3.085,3.114,3.114,3.102,125751.6744675
1762668000,2025-11-09 06:00:00,3.089,3.14,3.103,3.138,52900.63165004
1762671600,2025-11-09 07:00:00,3.124,3.163,3.139,3.145,60027.4776685
1762675200,2025-11-09 08:00:00,3.108,3.146,3.145,3.118,41030.94296931
1762678800,2025-11-09 09:00:00,3.064,3.136,3.119,3.069,206807.92673934
1762682400,2025-11-09 10:00:00,3.039,3.087,3.068,3.085,216401.85662133
1762686000,2025-11-09 11:00:00,3.084,3.173,3.084,3.146,333901.62253504
1762689600,2025-11-09 12:00:00,3.13,3.167,3.147,3.143,207684.67988636
1762693200,2025-11-09 13:00:00,3.131,3.22,3.143,3.195,188310.66108422
1762696800,2025-11-09 14:00:00,3.171,3.249,3.195,3.21,338417.5956156
1762700400,2025-11-09 15:00:00,3.205,3.264,3.211,3.239,273350.95782956
1762704000,2025-11-09 16:00:00,3.194,3.252,3.238,3.219,175017.27566575
1762707600,2025-11-09 17:00:00,3.163,3.22,3.218,3.177,197031.76250057
1762711200,2025-11-09 18:00:00,3.159,3.244,3.176,3.239,269938.8455318
1762714800,2025-11-09 19:00:00,3.204,3.241,3.238,3.225,149670.13235084
1762718400,2025-11-09 20:00:00,3.182,3.225,3.225,3.191,306408.22691078
1762722000,2025-11-09 21:00:00,3.183,3.204,3.191,3.191,131125.86025463
1762725600,2025-11-09 22:00:00,3.178,3.232,3.189,3.227,46829.28298532
1762729200,2025-11-09 23:00:00,3.199,3.249,3.228,3.231,204258.09107553
1762732800,2025-11-10 00:00:00,3.202,3.274,3.231,3.241,207692.92810144
1762736400,2025-11-10 01:00:00,3.21,3.267,3.239,3.214,216434.54433493
1762740000,2025-11-10 02:00:00,3.201,3.237,3.216,3.226,40488.13772592
1762743600,2025-11-10 03:00:00,3.227,3.272,3.227,3.257,43914.1074079
1762747200,2025-11-10 04:00:00,3.218,3.266,3.258,3.237,269437.13403791
1762750800,2025-11-10 05:00:00,3.215,3.25,3.234,3.245,70338.7088912
1762754400,2025-11-10 06:00:00,3.236,3.28,3.245,3.26,89492.32403968
1762758000,2025-11-10 07:00:00,3.239,3.267,3.261,3.258,61703.03274078
1762761600,2025-11-10 08:00:00,3.207,3.263,3.258,3.228,201449.41098088
1762765200,2025-11-10 09:00:00,3.195,3.275,3.229,3.267,153683.20185703
1762768800,2025-11-10 10:00:00,3.215,3.278,3.268,3.226,33301.16990245
1762772400,2025-11-10 11:00:00,3.224,3.264,3.226,3.256,37341.1496943
1762776000,2025-11-10 12:00:00,3.225,3.273,3.257,3.239,47543.47221127
1762779600,2025-11-10 13:00:00,3.237,3.316,3.238,3.284,100681.74991609
1762783200,2025-11-10 14:00:00,3.165,3.292,3.284,3.189,276692.97147737
1762786800,2025-11-10 15:00:00,3.159,3.24,3.188,3.173,163056.54571332
1762790400,2025-11-10 16:00:00,3.124,3.185,3.173,3.144,200822.21158711
1762794000,2025-11-10 17:00:00,3.142,3.208,3.145,3.197,156887.46175049
1762797600,2025-11-10 18:00:00,3.186,3.226,3.196,3.191,62597.12450213
1762801200,2025-11-10 19:00:00,3.184,3.253,3.19,3.224,61989.30264302
1762804800,2025-11-10 20:00:00,3.222,3.262,3.222,3.242,51343.58196626
1762808400,2025-11-10 21:00:00,3.201,3.241,3.241,3.236,116041.41434084
1762812000,2025-11-10 22:00:00,3.194,3.306,3.238,3.294,99665.81657112
1762815600,2025-11-10 23:00:00,3.252,3.298,3.295,3.265,182796.65537793
1762819200,2025-11-11 00:00:00,3.214,3.274,3.266,3.25,177919.24497587
1762822800,2025-11-11 01:00:00,3.251,3.385,3.251,3.259,730286.27008158
1762826400,2025-11-11 02:00:00,3.246,3.345,3.26,3.307,358816.34092173
1762830000,2025-11-11 03:00:00,3.296,3.328,3.309,3.315,123631.06810722
1762833600,2025-11-11 04:00:00,3.249,3.324,3.315,3.252,114328.41818691
1762837200,2025-11-11 05:00:00,3.197,3.253,3.253,3.209,74122.85355016
1762840800,2025-11-11 06:00:00,3.191,3.222,3.21,3.205,73557.16981922
1762844400,2025-11-11 07:00:00,3.146,3.204,3.204,3.148,148862.29055499
1762848000,2025-11-11 08:00:00,3.138,3.175,3.148,3.163,165046.78451664
1762851600,2025-11-11 09:00:00,3.149,3.188,3.162,3.15,81790.20317368
1762855200,2025-11-11 10:00:00,3.148,3.17,3.149,3.16,69489.84589678
1762858800,2025-11-11 11:00:00,3.135,3.206,3.161,3.166,537947.08270967
1762862400,2025-11-11 12:00:00,3.154,3.191,3.166,3.175,240219.92351163
1762866000,2025-11-11 13:00:00,3.165,3.209,3.176,3.168,86063.46287198
1762869600,2025-11-11 14:00:00,3.152,3.217,3.169,3.215,134637.98103231
1762873200,2025-11-11 15:00:00,3.177,3.215,3.215,3.188,85067.63423386
1762876800,2025-11-11 16:00:00,3.174,3.217,3.187,3.197,207167.52232788
1762880400,2025-11-11 17:00:00,3.169,3.226,3.198,3.196,175203.35227158
1762884000,2025-11-11 18:00:00,3.154,3.204,3.195,3.162,57531.48497372
1762887600,2025-11-11 19:00:00,3.12,3.163,3.162,3.128,163430.19264971
1762891200,2025-11-11 20:00:00,3.077,3.134,3.128,3.089,175009.56623602
1762894800,2025-11-11 21:00:00,3.063,3.114,3.089,3.074,107123.11212692
1762898400,2025-11-11 22:00:00,3.054,3.119,3.073,3.111,57923.65669069
1762902000,2025-11-11 23:00:00,3.039,3.111,3.109,3.052,184276.87176334
1762905600,2025-11-12 00:00:00,3.035,3.078,3.053,3.037,82908.50505203
1762909200,2025-11-12 01:00:00,3.035,3.086,3.039,3.068,28329.6717164
1762912800,2025-11-12 02:00:00,3.037,3.081,3.067,3.064,52256.55056825
1762916400,2025-11-12 03:00:00,3.062,3.09,3.062,3.086,96637.47454498
1762920000,2025-11-12 04:00:00,3.063,3.093,3.088,3.085,133661.84044838
1762923600,2025-11-12 05:00:00,3.076,3.099,3.086,3.083,22513.7661832
1762927200,2025-11-12 06:00:00,3.078,3.103,3.083,3.08,17979.35775624
1762930800,2025-11-12 07:00:00,3.056,3.088,3.079,3.06,33319.47988543
1762934400,2025-11-12 08:00:00,3.06,3.127,3.06,3.112,50857.263459
1762938000,2025-11-12 09:00:00,3.11,3.146,3.111,3.132,111191.19778797
1762941600,2025-11-12 10:00:00,3.106,3.139,3.132,3.11,34852.08862585
1762945200,2025-11-12 11:00:00,3.085,3.118,3.107,3.091,75940.41122795
1762948800,2025-11-12 12:00:00,3.075,3.111,3.092,3.085,174127.46137034
1762952400,2025-11-12 13:00:00,3.071,3.118,3.086,3.115,147226.18584351
1762956000,2025-11-12 14:00:00,3.015,3.122,3.115,3.054,104587.28420091
1762959600,2025-11-12 15:00:00,2.947,3.073,3.051,2.963,284005.82482321
1762963200,2025-11-12 16:00:00,2.896,2.972,2.962,2.905,125534.27130187
1762966800,2025-11-12 17:00:00,2.89,2.952,2.907,2.94,67709.93543238
1762970400,2025-11-12 18:00:00,2.911,2.946,2.941,2.911,26524.27357046
1762974000,2025-11-12 19:00:00,2.876,2.916,2.91,2.903,48013.00780226
1762977600,2025-11-12 20:00:00,2.894,2.94,2.901,2.926,67177.61877848
1762981200,2025-11-12 21:00:00,2.921,2.938,2.926,2.932,45471.21041742
1762984800,2025-11-12 22:00:00,2.916,2.94,2.931,2.934,36116.44638089
1762988400,2025-11-12 23:00:00,2.916,2.938,2.935,2.928,177110.91649828
1762992000,2025-11-13 00:00:00,2.917,2.948,2.926,2.93,48698.50787333
1762995600,2025-11-13 01:00:00,2.929,2.977,2.93,2.964,69649.06418915
1762999200,2025-11-13 02:00:00,2.948,2.973,2.962,2.953,56796.79664812
1763002800,2025-11-13 03:00:00,2.912,3.009,2.951,2.99,115976.25388211
1763006400,2025-11-13 04:00:00,2.967,3.011,2.99,2.998,102546.66306941
1763010000,2025-11-13 05:00:00,2.978,3.034,2.997,3.023,77272.92539744
1763013600,2025-11-13 06:00:00,3.017,3.046,3.026,3.022,79957.30170569
1763017200,2025-11-13 07:00:00,2.972,3.025,3.021,2.979,185764.22662897
1763020800,2025-11-13 08:00:00,2.971,3.002,2.978,2.989,39082.27532804
1763024400,2025-11-13 09:00:00,2.956,2.992,2.99,2.968,53922.88978464
1763028000,2025-11-13 10:00:00,2.969,3,2.969,2.98,90462.5480884
1763031600,2025-11-13 11:00:00,2.977,3.004,2.981,2.998,96619.04749831
1763035200,2025-11-13 12:00:00,2.989,3.005,2.999,3.005,112506.6144888
1763038800,2025-11-13 13:00:00,2.975,3.011,3.004,2.99,136688.16458663
1763042400,2025-11-13 14:00:00,2.957,3.043,2.99,3.018,305816.45147404
1763046000,2025-11-13 15:00:00,2.934,3.036,3.019,2.971,161179.8859998
1763049600,2025-11-13 16:00:00,2.909,2.981,2.97,2.914,134785.46668413
1763053200,2025-11-13 17:00:00,2.856,2.932,2.915,2.859,206705.42438324
1763056800,2025-11-13 18:00:00,2.793,2.862,2.86,2.824,342160.29099122
1763060400,2025-11-13 19:00:00,2.776,2.85,2.826,2.793,118477.94005812
1763064000,2025-11-13 20:00:00,2.767,2.814,2.791,2.79,199918.23609507
1763067600,2025-11-13 21:00:00,2.763,2.803,2.789,2.786,93504.44396751
1763071200,2025-11-13 22:00:00,2.78,2.855,2.784,2.849,83832.97285977
1763074800,2025-11-13 23:00:00,2.836,2.877,2.848,2.852,55801.29476942
1763078400,2025-11-14 00:00:00,2.83,2.881,2.851,2.838,49310.71023189
1763082000,2025-11-14 01:00:00,2.83,2.861,2.837,2.838,100814.03105232
1763085600,2025-11-14 02:00:00,2.836,2.868,2.838,2.855,96091.76308447
1763089200,2025-11-14 03:00:00,2.838,2.868,2.856,2.855,64436.33110238
1763092800,2025-11-14 04:00:00,2.755,2.857,2.856,2.824,183681.49198449
1763096400,2025-11-14 05:00:00,2.822,2.884,2.824,2.882,88673.01922047
1763100000,2025-11-14 06:00:00,2.84,2.917,2.883,2.915,238193.27230019
1763103600,2025-11-14 07:00:00,2.88,2.92,2.912,2.89,45269.58448324
1763107200,2025-11-14 08:00:00,2.852,2.894,2.891,2.861,46419.10129355
1763110800,2025-11-14 09:00:00,2.818,2.871,2.86,2.826,37923.27220115
1763114400,2025-11-14 10:00:00,2.826,2.866,2.826,2.86,19395.59031064
1763118000,2025-11-14 11:00:00,2.821,2.862,2.859,2.832,39522.63830799
1763121600,2025-11-14 12:00:00,2.762,2.836,2.831,2.829,130814.8909044
1763125200,2025-11-14 13:00:00,2.8,2.848,2.83,2.83,131014.57158727
1763128800,2025-11-14 14:00:00,2.795,2.885,2.828,2.866,146919.13845628
1763132400,2025-11-14 15:00:00,2.839,2.893,2.864,2.856,208928.09072256
1763136000,2025-11-14 16:00:00,2.845,2.89,2.857,2.877,191171.30189526
1763139600,2025-11-14 17:00:00,2.839,2.89,2.878,2.852,151888.04118163
1763143200,2025-11-14 18:00:00,2.844,2.885,2.853,2.849,76987.89666338
1763146800,2025-11-14 19:00:00,2.844,2.892,2.848,2.883,90312.08171413
1763150400,2025-11-14 20:00:00,2.792,2.886,2.883,2.81,66463.44528907
1763154000,2025-11-14 21:00:00,2.797,2.858,2.811,2.858,147155.8171627
1763157600,2025-11-14 22:00:00,2.838,2.883,2.857,2.85,108816.03480156
1763161200,2025-11-14 23:00:00,2.771,2.851,2.85,2.811,145569.617644
1763164800,2025-11-15 00:00:00,2.81,2.851,2.811,2.845,48485.82001225
1763168400,2025-11-15 01:00:00,2.83,2.881,2.846,2.872,84410.8770232
1763172000,2025-11-15 02:00:00,2.86,2.888,2.871,2.888,95810.01202966
1763175600,2025-11-15 03:00:00,2.878,2.904,2.887,2.885,112547.6514134
1763179200,2025-11-15 04:00:00,2.872,2.897,2.884,2.874,31271.46834489
1763182800,2025-11-15 05:00:00,2.87,2.903,2.874,2.9,70052.74549451
1763186400,2025-11-15 06:00:00,2.895,2.948,2.9,2.925,197966.60904982
1763190000,2025-11-15 07:00:00,2.906,2.925,2.925,2.915,35338.7817649
1763193600,2025-11-15 08:00:00,2.856,2.914,2.914,2.861,59854.17179847
1763197200,2025-11-15 09:00:00,2.856,2.89,2.86,2.864,53137.03472622
1763200800,2025-11-15 10:00:00,2.854,2.888,2.863,2.887,24357.3516384
1763204400,2025-11-15 11:00:00,2.848,2.894,2.888,2.856,78479.9917405
1763208000,2025-11-15 12:00:00,2.848,2.897,2.855,2.894,36421.92570803
1763211600,2025-11-15 13:00:00,2.891,2.929,2.894,2.908,103107.57206235
1763215200,2025-11-15 14:00:00,2.871,2.908,2.907,2.874,56724.024967
1763218800,2025-11-15 15:00:00,2.865,2.882,2.874,2.866,46502.31209925
1763222400,2025-11-15 16:00:00,2.839,2.87,2.865,2.87,82966.11810095
1763226000,2025-11-15 17:00:00,2.858,2.889,2.87,2.879,35523.51966165
1763229600,2025-11-15 18:00:00,2.862,2.89,2.876,2.868,57278.14651207
1763233200,2025-11-15 19:00:00,2.856,2.872,2.867,2.862,41098.83503664
1763236800,2025-11-15 20:00:00,2.838,2.865,2.862,2.838,136524.79793874
1763240400,2025-11-15 21:00:00,2.818,2.859,2.838,2.823,93362.80849393
1763244000,2025-11-15 22:00:00,2.82,2.85,2.821,2.85,45706.34699232
1763247600,2025-11-15 23:00:00,2.826,2.85,2.848,2.83,36410.33054879
1763251200,2025-11-16 00:00:00,2.801,2.836,2.83,2.822,120236.76730909
1763254800,2025-11-16 01:00:00,2.783,2.828,2.821,2.815,39116.23533245
1763258400,2025-11-16 02:00:00,2.808,2.862,2.814,2.856,54531.44028853
1763262000,2025-11-16 03:00:00,2.851,2.877,2.855,2.868,102457.04346097
1763265600,2025-11-16 04:00:00,2.85,2.873,2.869,2.859,64977.03241312
1763269200,2025-11-16 05:00:00,2.859,2.881,2.859,2.862,13739.19424227
1763272800,2025-11-16 06:00:00,2.855,2.877,2.861,2.858,30697.93951678
1763276400,2025-11-16 07:00:00,2.852,2.877,2.856,2.877,33944.35119863
1763280000,2025-11-16 08:00:00,2.854,2.878,2.878,2.866,50036.16930469
1763283600,2025-11-16 09:00:00,2.859,2.893,2.865,2.892,65967.48204622
1763287200,2025-11-16 10:00:00,2.882,2.895,2.894,2.889,26145.78169898
1763290800,2025-11-16 11:00:00,2.818,2.892,2.891,2.824,44122.97262145
1763294400,2025-11-16 12:00:00,2.809,2.841,2.823,2.833,44028.51711184
1763298000,2025-11-16 13:00:00,2.792,2.84,2.832,2.807,74975.58016605
1763301600,2025-11-16 14:00:00,2.8,2.833,2.807,2.827,45684.12458221
1763305200,2025-11-16 15:00:00,2.768,2.829,2.827,2.773,95034.13223835
1763308800,2025-11-16 16:00:00,2.718,2.79,2.774,2.728,239205.4446648
1763312400,2025-11-16 17:00:00,2.694,2.74,2.727,2.731,298156.03152399
1763316000,2025-11-16 18:00:00,2.706,2.795,2.731,2.732,265023.47010581
1763319600,2025-11-16 19:00:00,2.732,2.773,2.732,2.737,94374.99889532
1763323200,2025-11-16 20:00:00,2.734,2.77,2.736,2.747,39532.77629714
1763326800,2025-11-16 21:00:00,2.714,2.749,2.747,2.745,75984.59142325
1763330400,2025-11-16 22:00:00,2.72,2.784,2.746,2.771,62083.24387191
1763334000,2025-11-16 23:00:00,2.72,2.801,2.772,2.784,108921.57119867
1763337600,2025-11-17 00:00:00,2.771,2.837,2.783,2.827,112679.43209457
1763341200,2025-11-17 01:00:00,2.791,2.828,2.828,2.796,57764.98434446
1763344800,2025-11-17 02:00:00,2.79,2.818,2.797,2.815,77430.30359583
1763348400,2025-11-17 03:00:00,2.815,2.84,2.815,2.821,63150.69742373
1763352000,2025-11-17 04:00:00,2.811,2.832,2.823,2.814,50608.75776031
1763355600,2025-11-17 05:00:00,2.806,2.818,2.814,2.812,26409.44422399
1763359200,2025-11-17 06:00:00,2.804,2.833,2.812,2.833,18561.54709723
1763362800,2025-11-17 07:00:00,2.824,2.84,2.834,2.833,27755.43174167
1763366400,2025-11-17 08:00:00,2.822,2.839,2.833,2.824,30896.17722441
1763370000,2025-11-17 09:00:00,2.812,2.837,2.824,2.813,64080.76350571
1763373600,2025-11-17 10:00:00,2.807,2.824,2.814,2.81,19980.41926466
1763377200,2025-11-17 11:00:00,2.808,2.841,2.81,2.829,41686.28718137
1763380800,2025-11-17 12:00:00,2.817,2.831,2.831,2.825,29573.92803911
1763384400,2025-11-17 13:00:00,2.737,2.827,2.825,2.757,131913.87634541
1763388000,2025-11-17 14:00:00,2.743,2.864,2.757,2.806,181396.12858627
1763391600,2025-11-17 15:00:00,2.762,2.822,2.808,2.77,123854.52168219
1763395200,2025-11-17 16:00:00,2.714,2.795,2.77,2.795,198393.45280145
1763398800,2025-11-17 17:00:00,2.709,2.791,2.791,2.715,97934.83721828
1763402400,2025-11-17 18:00:00,2.671,2.74,2.716,2.691,234145.90375863
1763406000,2025-11-17 19:00:00,2.636,2.703,2.695,2.649,219193.13112965
1763409600,2025-11-17 20:00:00,2.624,2.669,2.643,2.656,136144.4692249
1763413200,2025-11-17 21:00:00,2.627,2.676,2.656,2.651,87091.51530407
1763416800,2025-11-17 22:00:00,2.642,2.679,2.652,2.665,54191.90960391
1763420400,2025-11-17 23:00:00,2.645,2.667,2.664,2.663,93804.81761345
1763424000,2025-11-18 00:00:00,2.614,2.679,2.663,2.677,139603.50944427
1763427600,2025-11-18 01:00:00,2.669,2.694,2.675,2.684,52446.84826653
1763431200,2025-11-18 02:00:00,2.653,2.732,2.683,2.688,165926.16676401
1763434800,2025-11-18 03:00:00,2.656,2.744,2.688,2.733,163114.00059608
1763438400,2025-11-18 04:00:00,2.699,2.751,2.736,2.747,89797.04804284
1763442000,2025-11-18 05:00:00,2.724,2.761,2.747,2.732,46967.53378947
1763445600,2025-11-18 06:00:00,2.706,2.737,2.731,2.71,37689.3424725
1763449200,2025-11-18 07:00:00,2.697,2.729,2.711,2.722,61371.28259224
1763452800,2025-11-18 08:00:00,2.72,2.752,2.723,2.744,106150.71291305
1763456400,2025-11-18 09:00:00,2.714,2.747,2.744,2.722,114844.30118288
1763460000,2025-11-18 10:00:00,2.706,2.728,2.722,2.724,25057.59453812
1763463600,2025-11-18 11:00:00,2.702,2.725,2.724,2.709,37168.91325166
1763467200,2025-11-18 12:00:00,2.69,2.72,2.71,2.711,73217.12780398
1763470800,2025-11-18 13:00:00,2.683,2.711,2.711,2.705,33671.64237494
1763474400,2025-11-18 14:00:00,2.694,2.744,2.705,2.699,108550.363045
1763478000,2025-11-18 15:00:00,2.687,2.769,2.698,2.747,116105.10154185
1763481600,2025-11-18 16:00:00,2.738,2.8,2.747,2.784,105935.12712212
1763485200,2025-11-18 17:00:00,2.76,2.792,2.783,2.769,93238.32029029
1763488800,2025-11-18 18:00:00,2.767,2.8,2.77,2.78,98971.32552828
1763492400,2025-11-18 19:00:00,2.771,2.798,2.78,2.779,58333.68391465
1763496000,2025-11-18 20:00:00,2.762,2.786,2.78,2.762,30903.8558802
1763499600,2025-11-18 21:00:00,2.733,2.769,2.763,2.734,41704.56705022
1763503200,2025-11-18 22:00:00,2.734,2.777,2.734,2.769,43676.72853917
1763506800,2025-11-18 23:00:00,2.747,2.769,2.766,2.753,25915.76828468
1763510400,2025-11-19 00:00:00,2.717,2.754,2.753,2.747,60933.22273088
1763514000,2025-11-19 01:00:00,2.733,2.761,2.746,2.747,65160.85373572
1763517600,2025-11-19 02:00:00,2.741,2.765,2.747,2.748,28918.88759107
1763521200,2025-11-19 03:00:00,2.707,2.751,2.747,2.714,40179.95746293
1763524800,2025-11-19 04:00:00,2.7,2.721,2.714,2.7,35300.26254999
1763528400,2025-11-19 05:00:00,2.639,2.702,2.7,2.656,102521.04561287
1763532000,2025-11-19 06:00:00,2.652,2.687,2.655,2.686,55252.71348361
1763535600,2025-11-19 07:00:00,2.68,2.71,2.684,2.707,15155.28320857
1763539200,2025-11-19 08:00:00,2.7,2.722,2.707,2.7,19533.04553519
1763542800,2025-11-19 09:00:00,2.69,2.713,2.699,2.71,46728.31719479
1763546400,2025-11-19 10:00:00,2.707,2.73,2.709,2.714,18326.22404546
1763550000,2025-11-19 11:00:00,2.701,2.717,2.713,2.703,84776.32348295
1763553600,2025-11-19 12:00:00,2.699,2.727,2.702,2.727,63873.54628327
1763557200,2025-11-19 13:00:00,2.696,2.73,2.728,2.698,31240.05754587
1763560800,2025-11-19 14:00:00,2.67,2.704,2.699,2.7,110673.18593672
1763564400,2025-11-19 15:00:00,2.64,2.736,2.7,2.644,106012.32293371
1763568000,2025-11-19 16:00:00,2.603,2.663,2.641,2.614,223708.43526947
1763571600,2025-11-19 17:00:00,2.571,2.626,2.614,2.609,143332.61446965
1763575200,2025-11-19 18:00:00,2.567,2.618,2.609,2.59,141951.52562993
1763578800,2025-11-19 19:00:00,2.577,2.605,2.589,2.591,80155.58190891
1763582400,2025-11-19 20:00:00,2.583,2.632,2.591,2.63,66083.94277996
1763586000,2025-11-19 21:00:00,2.622,2.682,2.629,2.678,104327.61083324
1763589600,2025-11-19 22:00:00,2.651,2.678,2.678,2.664,20665.00215911
1763593200,2025-11-19 23:00:00,2.661,2.697,2.661,2.689,56696.60116604
1763596800,2025-11-20 00:00:00,2.669,2.69,2.69,2.672,77259.43541139
1763600400,2025-11-20 01:00:00,2.669,2.693,2.672,2.69,80976.59374872
1763604000,2025-11-20 02:00:00,2.687,2.707,2.69,2.704,41577.86348158
1763607600,2025-11-20 03:00:00,2.698,2.711,2.705,2.703,24227.49904834
1763611200,2025-11-20 04:00:00,2.696,2.732,2.703,2.732,52118.2925712
1763614800,2025-11-20 05:00:00,2.718,2.739,2.733,2.721,30122.00575512
1763618400,2025-11-20 06:00:00,2.707,2.725,2.719,2.718,49167.77261142
1763622000,2025-11-20 07:00:00,2.714,2.74,2.719,2.738,53035.7994623
1763625600,2025-11-20 08:00:00,2.733,2.75,2.739,2.75,75280.42692928
1763629200,2025-11-20 09:00:00,2.745,2.766,2.75,2.756,90708.98043897
1763632800,2025-11-20 10:00:00,2.736,2.759,2.756,2.754,50754.31247288
1763636400,2025-11-20 11:00:00,2.743,2.761,2.754,2.754,18995.13984514
1763640000,2025-11-20 12:00:00,2.75,2.799,2.752,2.799,32039.56622668
1763643600,2025-11-20 13:00:00,2.778,2.819,2.799,2.779,152076.32639486
1763647200,2025-11-20 14:00:00,2.747,2.805,2.778,2.786,141305.37868595
1763650800,2025-11-20 15:00:00,2.718,2.788,2.788,2.723,144881.74400284
1763654400,2025-11-20 16:00:00,2.581,2.722,2.721,2.595,273381.35796986
1763658000,2025-11-20 17:00:00,2.542,2.606,2.592,2.553,175169.22707865
1763661600,2025-11-20 18:00:00,2.52,2.577,2.553,2.525,177512.39951659
1763665200,2025-11-20 19:00:00,2.504,2.556,2.524,2.551,180721.67637198
1763668800,2025-11-20 20:00:00,2.522,2.556,2.55,2.536,64078.60126653
1763672400,2025-11-20 21:00:00,2.536,2.589,2.537,2.573,145509.89250609
1763676000,2025-11-20 22:00:00,2.57,2.618,2.574,2.593,56248.70446495
1763679600,2025-11-20 23:00:00,2.533,2.595,2.593,2.54,205163.87507265
1763683200,2025-11-21 00:00:00,2.535,2.573,2.54,2.568,68225.8776486
1763686800,2025-11-21 01:00:00,2.556,2.59,2.569,2.572,34243.84821936
1763690400,2025-11-21 02:00:00,2.509,2.573,2.572,2.517,87185.99841149
1763694000,2025-11-21 03:00:00,2.516,2.56,2.516,2.536,57789.3988175
1763697600,2025-11-21 04:00:00,2.498,2.539,2.535,2.535,84660.27429856
1763701200,2025-11-21 05:00:00,2.513,2.544,2.534,2.519,35332.09741394
1763704800,2025-11-21 06:00:00,2.5,2.525,2.519,2.509,37757.70992266
1763708400,2025-11-21 07:00:00,2.285,2.519,2.509,2.399,417198.80240169
1763712000,2025-11-21 08:00:00,2.389,2.441,2.397,2.42,94527.8207298
1763715600,2025-11-21 09:00:00,2.357,2.439,2.42,2.361,128610.79639292
1763719200,2025-11-21 10:00:00,2.35,2.398,2.363,2.373,204913.56225545
1763722800,2025-11-21 11:00:00,2.335,2.394,2.372,2.342,109591.76821738
1763726400,2025-11-21 12:00:00,2.293,2.4,2.343,2.378,348202.72884481
1763730000,2025-11-21 13:00:00,2.37,2.413,2.378,2.4,125999.66086651
1763733600,2025-11-21 14:00:00,2.372,2.43,2.4,2.411,224120.77466656
1763737200,2025-11-21 15:00:00,2.346,2.419,2.412,2.355,179184.7797996
1763740800,2025-11-21 16:00:00,2.326,2.411,2.356,2.411,354520.96511953
1763744400,2025-11-21 17:00:00,2.398,2.434,2.411,2.401,93431.98990775
1763748000,2025-11-21 18:00:00,2.352,2.425,2.404,2.407,116253.47822588
1763751600,2025-11-21 19:00:00,2.368,2.412,2.406,2.375,76030.21452445
1763755200,2025-11-21 20:00:00,2.321,2.375,2.375,2.339,127864.80941891
1763758800,2025-11-21 21:00:00,2.327,2.383,2.34,2.371,227445.26596817
1763762400,2025-11-21 22:00:00,2.294,2.377,2.373,2.296,71677.35982834
1763766000,2025-11-21 23:00:00,2.272,2.355,2.296,2.346,175992.08593267
1763769600,2025-11-22 00:00:00,2.317,2.354,2.345,2.333,150085.04241707
1763773200,2025-11-22 01:00:00,2.335,2.356,2.335,2.355,22751.46933873
1763776800,2025-11-22 02:00:00,2.315,2.355,2.354,2.327,60971.01862842
1763780400,2025-11-22 03:00:00,2.314,2.34,2.328,2.323,42571.5733894
1763784000,2025-11-22 04:00:00,2.269,2.324,2.322,2.301,66738.45119109
1763787600,2025-11-22 05:00:00,2.264,2.305,2.301,2.285,43502.89120509
1763791200,2025-11-22 06:00:00,2.265,2.315,2.285,2.315,45973.61877632
1763794800,2025-11-22 07:00:00,2.296,2.321,2.315,2.312,62340.41485095
1763798400,2025-11-22 08:00:00,2.273,2.312,2.311,2.276,93517.39428686
1763802000,2025-11-22 09:00:00,2.276,2.317,2.276,2.305,44798.2783546
1763805600,2025-11-22 10:00:00,2.285,2.314,2.306,2.296,34198.72657373
1763809200,2025-11-22 11:00:00,2.289,2.319,2.297,2.311,40733.13860918
1763812800,2025-11-22 12:00:00,2.279,2.314,2.313,2.287,35372.17141108
1763816400,2025-11-22 13:00:00,2.256,2.29,2.287,2.269,61786.19176339
1763820000,2025-11-22 14:00:00,2.271,2.312,2.271,2.306,39013.82681196
1763823600,2025-11-22 15:00:00,2.275,2.308,2.307,2.279,27597.44608038
1763827200,2025-11-22 16:00:00,2.278,2.314,2.279,2.306,49412.01562431
1763830800,2025-11-22 17:00:00,2.286,2.306,2.305,2.29,39947.97256295
1763834400,2025-11-22 18:00:00,2.282,2.301,2.291,2.297,28347.31335168
1763838000,2025-11-22 19:00:00,2.284,2.305,2.297,2.29,48768.40086044
1763841600,2025-11-22 20:00:00,2.281,2.307,2.292,2.289,45922.77723182
1763845200,2025-11-22 21:00:00,2.286,2.308,2.288,2.307,69434.77165793
1763848800,2025-11-22 22:00:00,2.296,2.343,2.307,2.332,70608.90793398
1763852400,2025-11-22 23:00:00,2.305,2.334,2.332,2.31,39445.66230177
1763856000,2025-11-23 00:00:00,2.303,2.326,2.31,2.308,33325.25542691
1763859600,2025-11-23 01:00:00,2.309,2.349,2.309,2.34,68643.41172261
1763863200,2025-11-23 02:00:00,2.333,2.357,2.34,2.345,71780.26679598
1763866800,2025-11-23 03:00:00,2.33,2.347,2.345,2.344,26659.7899002
1763870400,2025-11-23 04:00:00,2.342,2.368,2.345,2.354,70466.14198608
1763874000,2025-11-23 05:00:00,2.345,2.358,2.354,2.354,33345.10743767
1763877600,2025-11-23 06:00:00,2.341,2.362,2.352,2.349,34027.30746758
1763881200,2025-11-23 07:00:00,2.322,2.35,2.35,2.343,23665.19395222
1763884800,2025-11-23 08:00:00,2.341,2.35,2.343,2.349,30704.36711999
1763888400,2025-11-23 09:00:00,2.345,2.357,2.349,2.346,29126.69513822
1763892000,2025-11-23 10:00:00,2.334,2.348,2.347,2.34,15189.48241036
1763895600,2025-11-23 11:00:00,2.318,2.34,2.34,2.335,57647.3039843
1763899200,2025-11-23 12:00:00,2.335,2.357,2.335,2.343,29654.01597879
1763902800,2025-11-23 13:00:00,2.331,2.347,2.342,2.342,16289.75490912
1763906400,2025-11-23 14:00:00,2.312,2.355,2.342,2.315,32771.61883703
1763910000,2025-11-23 15:00:00,2.308,2.333,2.316,2.324,60049.22823826
1763913600,2025-11-23 16:00:00,2.297,2.331,2.324,2.298,45634.90214032
1763917200,2025-11-23 17:00:00,2.275,2.301,2.299,2.283,61808.40018803
1763920800,2025-11-23 18:00:00,2.283,2.307,2.283,2.293,31542.89307185
1763924400,2025-11-23 19:00:00,2.29,2.321,2.293,2.308,36046.12383759
1763928000,2025-11-23 20:00:00,2.298,2.311,2.308,2.302,29530.18768011
1763931600,2025-11-23 21:00:00,2.291,2.326,2.302,2.321,79194.4889549
1763935200,2025-11-23 22:00:00,2.3,2.323,2.321,2.313,52619.1367101
1763938800,2025-11-23 23:00:00,2.248,2.316,2.314,2.255,394802.94571064
1763942400,2025-11-24 00:00:00,2.244,2.297,2.254,2.283,81151.30371599
1763946000,2025-11-24 01:00:00,2.264,2.29,2.281,2.286,43143.87669419
1763949600,2025-11-24 02:00:00,2.284,2.338,2.286,2.314,85132.5199347
1763953200,2025-11-24 03:00:00,2.302,2.33,2.315,2.314,41558.50868011
1763956800,2025-11-24 04:00:00,2.274,2.324,2.315,2.275,89921.38349108
1763960400,2025-11-24 05:00:00,2.272,2.33,2.276,2.302,103365.15954503
1763964000,2025-11-24 06:00:00,2.273,2.302,2.301,2.285,67211.68192964
1763967600,2025-11-24 07:00:00,2.275,2.298,2.284,2.285,26795.7947565
1763971200,2025-11-24 08:00:00,2.278,2.299,2.284,2.291,36419.34171408
1763974800,2025-11-24 09:00:00,2.242,2.294,2.293,2.247,65387.99394607
1763978400,2025-11-24 10:00:00,2.245,2.26,2.245,2.257,37000.09825504
1763982000,2025-11-24 11:00:00,2.251,2.28,2.257,2.275,25078.34234025
1763985600,2025-11-24 12:00:00,2.252,2.28,2.274,2.258,35055.12729173
1763989200,2025-11-24 13:00:00,2.256,2.295,2.257,2.273,55207.5767101
1763992800,2025-11-24 14:00:00,2.249,2.31,2.273,2.291,95922.77608553
1763996400,2025-11-24 15:00:00,2.269,2.31,2.292,2.3,112370.94006706
1764000000,2025-11-24 16:00:00,2.299,2.319,2.301,2.309,75388.523233
1764003600,2025-11-24 17:00:00,2.301,2.36,2.308,2.357,216941.94154447
1764007200,2025-11-24 18:00:00,2.344,2.37,2.357,2.355,104070.93483335
1764010800,2025-11-24 19:00:00,2.353,2.371,2.354,2.362,120572.22411218
1764014400,2025-11-24 20:00:00,2.359,2.396,2.363,2.384,126942.12718575
1764018000,2025-11-24 21:00:00,2.36,2.39,2.383,2.363,52978.7827301
1764021600,2025-11-24 22:00:00,2.352,2.377,2.363,2.362,34275.08593912
1764025200,2025-11-24 23:00:00,2.337,2.363,2.362,2.339,28249.35611831
1764028800,2025-11-25 00:00:00,2.33,2.345,2.34,2.341,26103.03439785
1764032400,2025-11-25 01:00:00,2.324,2.349,2.34,2.325,31632.7077596
1764036000,2025-11-25 02:00:00,2.304,2.328,2.324,2.322,62584.40382543
1764039600,2025-11-25 03:00:00,2.31,2.332,2.322,2.313,40018.96855762
1764043200,2025-11-25 04:00:00,2.31,2.328,2.313,2.324,93179.16337463
1764046800,2025-11-25 05:00:00,2.308,2.325,2.324,2.311,31635.70465828
1764050400,2025-11-25 06:00:00,2.283,2.309,2.309,2.29,36084.9457826
1764054000,2025-11-25 07:00:00,2.264,2.298,2.29,2.265,60227.61276111
1764057600,2025-11-25 08:00:00,2.255,2.278,2.266,2.257,53778.72798254
1764061200,2025-11-25 09:00:00,2.247,2.272,2.257,2.271,102060.78859997
1764064800,2025-11-25 10:00:00,2.261,2.273,2.27,2.272,28435.1466955
1764068400,2025-11-25 11:00:00,2.252,2.27,2.27,2.255,57054.54456096
1764072000,2025-11-25 12:00:00,2.253,2.278,2.256,2.263,75073.3451282
1764075600,2025-11-25 13:00:00,2.221,2.273,2.262,2.238,174320.01629942
1764079200,2025-11-25 14:00:00,2.183,2.239,2.239,2.204,276984.11548947
1764082800,2025-11-25 15:00:00,2.177,2.236,2.204,2.223,139290.50010447
1764086400,2025-11-25 16:00:00,2.217,2.257,2.221,2.254,87462.79975381
1764090000,2025-11-25 17:00:00,2.248,2.287,2.255,2.266,111792.89379022
1764093600,2025-11-25 18:00:00,2.263,2.287,2.267,2.264,57088.02084193
1764097200,2025-11-25 19:00:00,2.233,2.272,2.268,2.265,86283.00469062
1764100800,2025-11-25 20:00:00,2.26,2.288,2.266,2.28,48894.49033867
1764104400,2025-11-25 21:00:00,2.274,2.289,2.28,2.274,53770.35080089
1764108000,2025-11-25 22:00:00,2.246,2.302,2.274,2.296,60149.0062489
1764111600,2025-11-25 23:00:00,2.286,2.314,2.296,2.298,89014.31989647
1764115200,2025-11-26 00:00:00,2.287,2.303,2.299,2.289,28263.83754132
1764118800,2025-11-26 01:00:00,2.281,2.307,2.288,2.292,36296.4341871
1764122400,2025-11-26 02:00:00,2.285,2.297,2.292,2.285,41023.18678645
1764126000,2025-11-26 03:00:00,2.265,2.291,2.284,2.268,37827.01753653
1764129600,2025-11-26 04:00:00,2.262,2.273,2.268,2.267,35524.97858885
1764133200,2025-11-26 05:00:00,2.264,2.292,2.267,2.288,29167.56428378
1764136800,2025-11-26 06:00:00,2.281,2.301,2.288,2.299,40901.31045754
1764140400,2025-11-26 07:00:00,2.296,2.315,2.298,2.311,96061.1761563
1764144000,2025-11-26 08:00:00,2.291,2.317,2.311,2.291,24962.22126408
1764147600,2025-11-26 09:00:00,2.262,2.291,2.29,2.268,92847.22538773
1764151200,2025-11-26 10:00:00,2.255,2.273,2.268,2.27,31534.55939257
1764154800,2025-11-26 11:00:00,2.255,2.271,2.269,2.261,31285.26439472
1764158400,2025-11-26 12:00:00,2.241,2.265,2.262,2.255,97533.78310762
1764162000,2025-11-26 13:00:00,2.253,2.271,2.254,2.267,67513.64333811
1764165600,2025-11-26 14:00:00,2.259,2.291,2.266,2.264,61927.17356537
1764169200,2025-11-26 15:00:00,2.247,2.277,2.262,2.261,63125.09567433
1764172800,2025-11-26 16:00:00,2.26,2.297,2.26,2.283,78636.19610691
1764176400,2025-11-26 17:00:00,2.274,2.387,2.284,2.35,266818.77044995
1764180000,2025-11-26 18:00:00,2.339,2.37,2.351,2.367,119722.16462135
1764183600,2025-11-26 19:00:00,2.355,2.369,2.368,2.361,52282.59002378
1764187200,2025-11-26 20:00:00,2.343,2.363,2.36,2.354,63130.83347185
1764190800,2025-11-26 21:00:00,2.343,2.37,2.35,2.359,21691.89984631
1764194400,2025-11-26 22:00:00,2.348,2.365,2.357,2.351,10654.63214789
1764198000,2025-11-26 23:00:00,2.339,2.355,2.351,2.343,22716.08725515
1764201600,2025-11-27 00:00:00,2.33,2.347,2.345,2.337,31923.1249977
1764205200,2025-11-27 01:00:00,2.335,2.353,2.337,2.348,26669.8520285
1764208800,2025-11-27 02:00:00,2.338,2.359,2.347,2.341,62486.63845608
1764212400,2025-11-27 03:00:00,2.315,2.342,2.34,2.316,61676.96460332
1764216000,2025-11-27 04:00:00,2.315,2.333,2.315,2.328,18127.99915478
1764219600,2025-11-27 05:00:00,2.315,2.333,2.327,2.319,31119.84535958
1764223200,2025-11-27 06:00:00,2.318,2.341,2.319,2.336,28674.57858445
1764226800,2025-11-27 07:00:00,2.326,2.337,2.337,2.328,13352.46798742
1764230400,2025-11-27 08:00:00,2.318,2.342,2.327,2.342,41264.93810864
1764234000,2025-11-27 09:00:00,2.331,2.352,2.341,2.331,26181.33613774
1764237600,2025-11-27 10:00:00,2.324,2.337,2.332,2.337,17426.33389263
1764241200,2025-11-27 11:00:00,2.327,2.34,2.336,2.33,5152.61762706
1764244800,2025-11-27 12:00:00,2.307,2.332,2.329,2.311,44051.47653755
1764248400,2025-11-27 13:00:00,2.312,2.327,2.313,2.323,50084.35280092
1764252000,2025-11-27 14:00:00,2.318,2.335,2.323,2.334,37306.76431691
1764255600,2025-11-27 15:00:00,2.323,2.351,2.334,2.347,81932.68032809
1764259200,2025-11-27 16:00:00,2.344,2.374,2.346,2.37,39505.01608234
1764262800,2025-11-27 17:00:00,2.363,2.377,2.37,2.37,56743.29865909
1764266400,2025-11-27 18:00:00,2.365,2.384,2.372,2.379,28737.03623737
1764270000,2025-11-27 19:00:00,2.366,2.38,2.378,2.38,21659.77461616
1764273600,2025-11-27 20:00:00,2.371,2.383,2.38,2.377,22769.88507824
1764277200,2025-11-27 21:00:00,2.372,2.391,2.377,2.376,39841.63350729
1764280800,2025-11-27 22:00:00,2.337,2.378,2.376,2.343,77482.49583044
1764284400,2025-11-27 23:00:00,2.33,2.348,2.342,2.336,32928.11960977
1764288000,2025-11-28 00:00:00,2.331,2.345,2.335,2.336,64537.84230788
1764291600,2025-11-28 01:00:00,2.303,2.339,2.336,2.305,90143.55065341
1764295200,2025-11-28 02:00:00,2.292,2.315,2.306,2.311,70449.98267468
1764298800,2025-11-28 03:00:00,2.31,2.32,2.311,2.317,19094.51308315
1764302400,2025-11-28 04:00:00,2.311,2.326,2.316,2.311,51110.03048979
1764306000,2025-11-28 05:00:00,2.305,2.322,2.311,2.32,30897.5461877
1764309600,2025-11-28 06:00:00,2.3,2.319,2.319,2.307,29021.49549098
1764313200,2025-11-28 07:00:00,2.305,2.324,2.306,2.318,47493.26646857
1764316800,2025-11-28 08:00:00,2.318,2.375,2.318,2.371,118259.76720411
1764320400,2025-11-28 09:00:00,2.346,2.376,2.372,2.348,77825.11332963
1764324000,2025-11-28 10:00:00,2.341,2.349,2.348,2.343,24693.06649702
1764327600,2025-11-28 11:00:00,2.306,2.343,2.342,2.321,31583.97245423
1764331200,2025-11-28 12:00:00,2.315,2.325,2.321,2.319,22138.84694512
1764334800,2025-11-28 13:00:00,2.312,2.354,2.319,2.341,56159.18594807
1764338400,2025-11-28 14:00:00,2.324,2.354,2.341,2.335,193787.46805018
1764342000,2025-11-28 15:00:00,2.328,2.366,2.335,2.35,89236.4686005
1764345600,2025-11-28 16:00:00,2.301,2.352,2.351,2.302,91292.34400358
1764349200,2025-11-28 17:00:00,2.274,2.305,2.303,2.287,107719.44282703
1764352800,2025-11-28 18:00:00,2.261,2.298,2.285,2.29,95100.24923483
1764356400,2025-11-28 19:00:00,2.287,2.305,2.289,2.299,38613.12239883
1764360000,2025-11-28 20:00:00,2.287,2.303,2.298,2.297,49906.91570547
1764363600,2025-11-28 21:00:00,2.283,2.3,2.297,2.284,29062.05112396
1764367200,2025-11-28 22:00:00,2.278,2.302,2.282,2.298,48232.92571962
1764370800,2025-11-28 23:00:00,2.284,2.301,2.299,2.284,26886.37278149
1764374400,2025-11-29 00:00:00,2.281,2.29,2.284,2.289,9343.77185988
1764378000,2025-11-29 01:00:00,2.284,2.299,2.29,2.287,40655.10594806
1764381600,2025-11-29 02:00:00,2.275,2.291,2.287,2.28,25650.83235012
1764385200,2025-11-29 03:00:00,2.275,2.286,2.28,2.275,22951.99274983
1764388800,2025-11-29 04:00:00,2.271,2.291,2.275,2.29,54170.61750497
1764392400,2025-11-29 05:00:00,2.279,2.289,2.289,2.28,10075.55478094
1764396000,2025-11-29 06:00:00,2.259,2.287,2.28,2.269,28792.81422426
1764399600,2025-11-29 07:00:00,2.266,2.276,2.269,2.267,9079.2851089
1764403200,2025-11-29 08:00:00,2.263,2.272,2.268,2.267,8574.73495803
1764406800,2025-11-29 09:00:00,2.266,2.273,2.268,2.271,5334.23680597
1764410400,2025-11-29 10:00:00,2.254,2.277,2.27,2.275,57942.44972525
1764414000,2025-11-29 11:00:00,2.274,2.281,2.275,2.276,23267.5978701
1764417600,2025-11-29 12:00:00,2.26,2.28,2.276,2.26,30746.00550877
1764421200,2025-11-29 13:00:00,2.261,2.271,2.261,2.265,9410.23464337
1764424800,2025-11-29 14:00:00,2.249,2.266,2.266,2.258,87432.67683666
1764428400,2025-11-29 15:00:00,2.259,2.275,2.259,2.27,43777.69883702
1764432000,2025-11-29 16:00:00,2.259,2.272,2.27,2.266,37635.61622865
1764435600,2025-11-29 17:00:00,2.239,2.268,2.267,2.24,54781.98781129
1764439200,2025-11-29 18:00:00,2.229,2.251,2.239,2.246,48281.15583473
1764442800,2025-11-29 19:00:00,2.24,2.25,2.247,2.244,16533.82827842
1764446400,2025-11-29 20:00:00,2.239,2.259,2.243,2.256,44610.77384967
1764450000,2025-11-29 21:00:00,2.247,2.264,2.257,2.262,22583.62073389
1764453600,2025-11-29 22:00:00,2.251,2.262,2.262,2.252,18821.10370096
1764457200,2025-11-29 23:00:00,2.247,2.262,2.251,2.258,13769.61379653
1764460800,2025-11-30 00:00:00,2.256,2.268,2.257,2.257,37833.41627905
1764464400,2025-11-30 01:00:00,2.255,2.266,2.256,2.261,22226.7745741
1764468000,2025-11-30 02:00:00,2.261,2.27,2.261,2.263,27940.40992781
1764471600,2025-11-30 03:00:00,2.246,2.273,2.265,2.273,26605.14212157
1764475200,2025-11-30 04:00:00,2.26,2.275,2.273,2.26,8211.87351243
1764478800,2025-11-30 05:00:00,2.25,2.26,2.259,2.255,21256.42362615
1764482400,2025-11-30 06:00:00,2.25,2.268,2.256,2.263,14737.32422064
1764486000,2025-11-30 07:00:00,2.26,2.268,2.262,2.267,16862.54254581
1764489600,2025-11-30 08:00:00,2.257,2.275,2.266,2.266,74723.2876329
1764493200,2025-11-30 09:00:00,2.264,2.274,2.267,2.272,22590.68259078
1764496800,2025-11-30 10:00:00,2.265,2.272,2.272,2.265,14726.84233719
1764500400,2025-11-30 11:00:00,2.255,2.272,2.265,2.256,22852.39503372
1764504000,2025-11-30 12:00:00,2.249,2.275,2.255,2.271,18597.16456506
1764507600,2025-11-30 13:00:00,2.269,2.294,2.27,2.288,74934.97930391
1764511200,2025-11-30 14:00:00,2.266,2.289,2.289,2.268,29878.00179592
1764514800,2025-11-30 15:00:00,2.256,2.268,2.268,2.263,46598.82129724
1764518400,2025-11-30 16:00:00,2.261,2.287,2.262,2.286,18734.28609678
1764522000,2025-11-30 17:00:00,2.271,2.285,2.285,2.279,23322.71983439
1764525600,2025-11-30 18:00:00,2.27,2.281,2.279,2.279,27951.65503924
1764529200,2025-11-30 19:00:00,2.267,2.281,2.278,2.27,16060.77679991
1764532800,2025-11-30 20:00:00,2.258,2.279,2.27,2.265,18856.76447746
1764536400,2025-11-30 21:00:00,2.251,2.267,2.265,2.262,37736.59863833
1764540000,2025-11-30 22:00:00,2.254,2.273,2.262,2.268,34397.76913752
1764543600,2025-11-30 23:00:00,2.205,2.268,2.266,2.209,87010.57547743
1764547200,2025-12-01 00:00:00,2.05,2.21,2.209,2.054,682504.34972688
1764550800,2025-12-01 01:00:00,2.046,2.096,2.054,2.079,246210.79279634
1764554400,2025-12-01 02:00:00,2.063,2.088,2.076,2.063,130567.18409128
1764558000,2025-12-01 03:00:00,2.046,2.066,2.063,2.048,80050.30772866
1764561600,2025-12-01 04:00:00,2.007,2.054,2.048,2.01,278921.83466279
1764565200,2025-12-01 05:00:00,2.009,2.038,2.01,2.027,92971.13756247
1764568800,2025-12-01 06:00:00,2.017,2.034,2.026,2.019,84440.37023609
1764572400,2025-12-01 07:00:00,2.014,2.038,2.019,2.038,46723.75125729
1764576000,2025-12-01 08:00:00,2.036,2.056,2.038,2.047,86608.78373152
1764579600,2025-12-01 09:00:00,2.039,2.055,2.047,2.047,49093.20132965
1764583200,2025-12-01 10:00:00,2.048,2.057,2.048,2.05,42763.16518628
1764586800,2025-12-01 11:00:00,2.032,2.052,2.052,2.037,64459.90387453
1764590400,2025-12-01 12:00:00,2,2.041,2.037,2.029,117222.98742687
1764594000,2025-12-01 13:00:00,2.018,2.042,2.029,2.026,85891.71951145
1764597600,2025-12-01 14:00:00,2.021,2.05,2.026,2.026,108503.91971305
1764601200,2025-12-01 15:00:00,1.963,2.028,2.027,1.994,349764.87863401
1764604800,2025-12-01 16:00:00,1.979,2.003,1.994,1.986,130973.17157618
1764608400,2025-12-01 17:00:00,1.983,2.003,1.987,1.99,72698.46212387
1764612000,2025-12-01 18:00:00,1.989,2.01,1.99,2.005,100309.67215839
1764615600,2025-12-01 19:00:00,1.989,2.005,2.004,1.996,123823.94978138
1764619200,2025-12-01 20:00:00,1.996,2.028,1.996,2.018,94427.93202451
1764622800,2025-12-01 21:00:00,2.017,2.04,2.018,2.032,109054.61832198
1764626400,2025-12-01 22:00:00,2.03,2.046,2.032,2.036,58809.42476844
1764630000,2025-12-01 23:00:00,2.037,2.05,2.037,2.042,92280.60731277
1764633600,2025-12-02 00:00:00,2.037,2.049,2.042,2.041,41018.48319453
1764637200,2025-12-02 01:00:00,2.036,2.064,2.041,2.036,74804.6068708
1764640800,2025-12-02 02:00:00,2.032,2.048,2.037,2.042,179678.02939959
1764644400,2025-12-02 03:00:00,2.033,2.058,2.042,2.055,48089.30702211
1764648000,2025-12-02 04:00:00,2.048,2.061,2.056,2.048,57258.6276571
1764651600,2025-12-02 05:00:00,2.048,2.057,2.049,2.056,37891.44043904
1764655200,2025-12-02 06:00:00,2.054,2.075,2.056,2.073,77519.88860771
1764658800,2025-12-02 07:00:00,2.064,2.074,2.073,2.067,35384.72034466
1764662400,2025-12-02 08:00:00,2.045,2.069,2.068,2.05,19854.94829015
1764666000,2025-12-02 09:00:00,2.051,2.064,2.051,2.061,16430.56039969
1764669600,2025-12-02 10:00:00,2.06,2.091,2.06,2.083,25672.99797081
1764673200,2025-12-02 11:00:00,2.08,2.122,2.083,2.096,202670.77303131
1764676800,2025-12-02 12:00:00,2.08,2.098,2.096,2.085,38706.25406179
1764680400,2025-12-02 13:00:00,2.079,2.115,2.086,2.111,87671.55347429
1764684000,2025-12-02 14:00:00,2.11,2.146,2.111,2.144,95936.45012897
1764687600,2025-12-02 15:00:00,2.144,2.252,2.144,2.245,161954.21961706
1764691200,2025-12-02 16:00:00,2.243,2.282,2.246,2.277,143591.32945517
1764694800,2025-12-02 17:00:00,2.248,2.285,2.276,2.248,88224.2936729
1764698400,2025-12-02 18:00:00,2.241,2.262,2.247,2.244,81266.73421796
1764702000,2025-12-02 19:00:00,2.231,2.249,2.244,2.235,35545.93354609
1764705600,2025-12-02 20:00:00,2.224,2.263,2.235,2.262,267743.78320313
1764709200,2025-12-02 21:00:00,2.246,2.265,2.263,2.256,79003.56228002
1764712800,2025-12-02 22:00:00,2.254,2.267,2.258,2.262,87252.24208535
1764716400,2025-12-02 23:00:00,2.245,2.261,2.261,2.255,38088.86872166
1764720000,2025-12-03 00:00:00,2.247,2.268,2.256,2.265,36560.82253213
1764723600,2025-12-03 01:00:00,2.26,2.277,2.264,2.275,28620.6332438
1764727200,2025-12-03 02:00:00,2.273,2.306,2.273,2.289,101626.20831027
1764730800,2025-12-03 03:00:00,2.285,2.298,2.287,2.292,22672.39878812
1764734400,2025-12-03 04:00:00,2.29,2.32,2.292,2.319,27575.76323402
1764738000,2025-12-03 05:00:00,2.312,2.331,2.318,2.317,76086.23429669
1764741600,2025-12-03 06:00:00,2.297,2.33,2.318,2.304,65310.7001986
1764745200,2025-12-03 07:00:00,2.292,2.303,2.302,2.295,41416.98186234
1764748800,2025-12-03 08:00:00,2.291,2.308,2.295,2.307,30222.13972167
1764752400,2025-12-03 09:00:00,2.295,2.312,2.307,2.312,17922.12654478
1764756000,2025-12-03 10:00:00,2.286,2.312,2.311,2.294,58281.75717434
1764759600,2025-12-03 11:00:00,2.286,2.3,2.294,2.296,41414.64613806
1764763200,2025-12-03 12:00:00,2.275,2.301,2.296,2.278,65809.18570209
1764766800,2025-12-03 13:00:00,2.28,2.294,2.28,2.287,57962.64029004
1764770400,2025-12-03 14:00:00,2.242,2.313,2.288,2.283,120596.98981782
1764774000,2025-12-03 15:00:00,2.28,2.306,2.283,2.305,67689.76526457
1764777600,2025-12-03 16:00:00,2.285,2.307,2.304,2.295,52154.32001212
1764781200,2025-12-03 17:00:00,2.294,2.336,2.296,2.33,69112.49556717
1764784800,2025-12-03 18:00:00,2.305,2.336,2.33,2.311,144126.4743452
1764788400,2025-12-03 19:00:00,2.31,2.326,2.312,2.326,65046.42927421
1764792000,2025-12-03 20:00:00,2.319,2.342,2.326,2.329,60041.59132368
1764795600,2025-12-03 21:00:00,2.327,2.361,2.329,2.36,86262.32831629
1764799200,2025-12-03 22:00:00,2.346,2.388,2.36,2.383,140414.60469055
1764802800,2025-12-03 23:00:00,2.362,2.399,2.383,2.366,55559.66631489
1764806400,2025-12-04 00:00:00,2.343,2.371,2.366,2.347,60423.5906509
1764810000,2025-12-04 01:00:00,2.343,2.375,2.347,2.349,51646.35544506
1764813600,2025-12-04 02:00:00,2.347,2.361,2.35,2.358,62914.01456809
1764817200,2025-12-04 03:00:00,2.34,2.364,2.357,2.341,24089.85409192
1764820800,2025-12-04 04:00:00,2.333,2.345,2.341,2.342,67169.74576326
1764824400,2025-12-04 05:00:00,2.33,2.343,2.343,2.343,44558.36170504
1764828000,2025-12-04 06:00:00,2.337,2.354,2.344,2.348,32958.48758047
1764831600,2025-12-04 07:00:00,2.329,2.347,2.347,2.338,57725.91330122
1764835200,2025-12-04 08:00:00,2.334,2.347,2.337,2.342,23303.26029473
1764838800,2025-12-04 09:00:00,2.337,2.352,2.34,2.338,18994.86539815
1764842400,2025-12-04 10:00:00,2.325,2.34,2.338,2.325,18835.54981601
1764846000,2025-12-04 11:00:00,2.319,2.329,2.325,2.326,24706.54144257
1764849600,2025-12-04 12:00:00,2.317,2.333,2.327,2.323,56147.26804951
1764853200,2025-12-04 13:00:00,2.317,2.332,2.323,2.318,38311.26674963
1764856800,2025-12-04 14:00:00,2.304,2.338,2.317,2.311,52867.586595
1764860400,2025-12-04 15:00:00,2.309,2.338,2.311,2.329,84784.19612321
1764864000,2025-12-04 16:00:00,2.312,2.342,2.329,2.314,110176.92003811
1764867600,2025-12-04 17:00:00,2.291,2.316,2.314,2.31,69519.21159784
1764871200,2025-12-04 18:00:00,2.288,2.316,2.31,2.292,51549.58775324
1764874800,2025-12-04 19:00:00,2.245,2.295,2.292,2.29,96417.9134561
1764878400,2025-12-04 20:00:00,2.278,2.303,2.291,2.298,48666.03804135
1764882000,2025-12-04 21:00:00,2.278,2.301,2.298,2.28,74196.64658187
1764885600,2025-12-04 22:00:00,2.278,2.292,2.28,2.286,53588.30468959
1764889200,2025-12-04 23:00:00,2.272,2.287,2.285,2.273,21715.29863562
1764892800,2025-12-05 00:00:00,2.272,2.29,2.273,2.277,35814.7477304
1764896400,2025-12-05 01:00:00,2.277,2.291,2.277,2.284,38054.35718889
1764900000,2025-12-05 02:00:00,2.28,2.307,2.284,2.299,23430.15731058
1764903600,2025-12-05 03:00:00,2.284,2.301,2.299,2.288,23570.16135024
1764907200,2025-12-05 04:00:00,2.254,2.293,2.287,2.266,98639.7033418
1764910800,2025-12-05 05:00:00,2.258,2.272,2.265,2.267,17328.35740901
1764914400,2025-12-05 06:00:00,2.267,2.277,2.268,2.273,32820.68961599
1764918000,2025-12-05 07:00:00,2.271,2.287,2.272,2.281,19312.52117433
1764921600,2025-12-05 08:00:00,2.264,2.284,2.282,2.271,16513.69549044
1764925200,2025-12-05 09:00:00,2.236,2.27,2.27,2.242,29780.48033033
1764928800,2025-12-05 10:00:00,2.239,2.257,2.24,2.244,24046.0540599
1764932400,2025-12-05 11:00:00,2.225,2.252,2.244,2.234,25823.85030937
1764936000,2025-12-05 12:00:00,2.23,2.243,2.233,2.236,53915.32043764
1764939600,2025-12-05 13:00:00,2.209,2.245,2.236,2.218,74688.40213059
1764943200,2025-12-05 14:00:00,2.185,2.224,2.217,2.191,152490.5394491
1764946800,2025-12-05 15:00:00,2.191,2.244,2.191,2.208,164365.19242091
1764950400,2025-12-05 16:00:00,2.114,2.208,2.208,2.137,226707.39439762
1764954000,2025-12-05 17:00:00,2.111,2.146,2.135,2.127,120404.79498785
1764957600,2025-12-05 18:00:00,2.095,2.142,2.127,2.095,93682.03354452
1764961200,2025-12-05 19:00:00,2.085,2.132,2.095,2.123,56728.06554742
1764964800,2025-12-05 20:00:00,2.105,2.124,2.122,2.109,60502.44393149
1764968400,2025-12-05 21:00:00,2.11,2.13,2.11,2.119,86244.16067184
1764972000,2025-12-05 22:00:00,2.109,2.126,2.119,2.118,38018.69533058
1764975600,2025-12-05 23:00:00,2.106,2.133,2.116,2.126,48266.79138488
1764979200,2025-12-06 00:00:00,2.108,2.127,2.126,2.124,45529.18293638
1764982800,2025-12-06 01:00:00,2.112,2.128,2.123,2.112,20521.30053632
1764986400,2025-12-06 02:00:00,2.106,2.12,2.113,2.119,26189.32042828
1764990000,2025-12-06 03:00:00,2.116,2.128,2.12,2.123,16790.8903644
1764993600,2025-12-06 04:00:00,2.107,2.123,2.122,2.109,28725.58571335
1764997200,2025-12-06 05:00:00,2.105,2.114,2.11,2.107,21649.66105278
1765000800,2025-12-06 06:00:00,2.104,2.115,2.106,2.105,35190.41805172
1765004400,2025-12-06 07:00:00,2.101,2.112,2.105,2.105,71937.47513969
1765008000,2025-12-06 08:00:00,2.088,2.108,2.106,2.088,31284.9967071
1765011600,2025-12-06 09:00:00,2.088,2.105,2.088,2.101,29675.91878936
1765015200,2025-12-06 10:00:00,2.095,2.105,2.103,2.096,29255.2170751
1765018800,2025-12-06 11:00:00,2.097,2.111,2.097,2.107,22010.1334803
1765022400,2025-12-06 12:00:00,2.102,2.11,2.107,2.105,14402.21520958
1765026000,2025-12-06 13:00:00,2.102,2.117,2.104,2.111,17264.89324584
1765029600,2025-12-06 14:00:00,2.108,2.142,2.111,2.135,98224.18219249
1765033200,2025-12-06 15:00:00,2.116,2.136,2.136,2.12,48144.94654651
1765036800,2025-12-06 16:00:00,2.12,2.146,2.12,2.136,57595.1310979
1765040400,2025-12-06 17:00:00,2.134,2.153,2.136,2.153,32796.06474563
1765044000,2025-12-06 18:00:00,2.148,2.165,2.152,2.154,26349.9572482
1765047600,2025-12-06 19:00:00,2.125,2.156,2.154,2.132,55122.46005608
1765051200,2025-12-06 20:00:00,2.129,2.141,2.133,2.139,34082.74165286
1765054800,2025-12-06 21:00:00,2.137,2.152,2.138,2.141,93929.11927619
1765058400,2025-12-06 22:00:00,2.13,2.147,2.14,2.133,106412.37611093
1765062000,2025-12-06 23:00:00,2.12,2.137,2.132,2.128,46620.2638241
1765065600,2025-12-07 00:00:00,2.127,2.144,2.128,2.135,31456.39948992
1765069200,2025-12-07 01:00:00,2.128,2.139,2.135,2.131,35852.7803313
1765072800,2025-12-07 02:00:00,2.13,2.144,2.131,2.141,25328.38973806
1765076400,2025-12-07 03:00:00,2.135,2.143,2.141,2.141,14418.17818706
1765080000,2025-12-07 04:00:00,2.127,2.145,2.141,2.132,20731.8233714
1765083600,2025-12-07 05:00:00,2.13,2.147,2.133,2.142,69498.82956697
1765087200,2025-12-07 06:00:00,2.142,2.155,2.142,2.153,70268.29030018
1765090800,2025-12-07 07:00:00,2.126,2.153,2.153,2.13,21670.57077237
1765094400,2025-12-07 08:00:00,2.118,2.132,2.13,2.121,55331.02835523
1765098000,2025-12-07 09:00:00,2.1,2.124,2.121,2.1,61595.5523695
1765101600,2025-12-07 10:00:00,2.087,2.108,2.1,2.091,101430.06545892
1765105200,2025-12-07 11:00:00,2.091,2.1,2.092,2.093,27248.0240815
1765108800,2025-12-07 12:00:00,2.091,2.112,2.093,2.105,36828.45219832
1765112400,2025-12-07 13:00:00,2.08,2.11,2.105,2.092,53567.79219077
1765116000,2025-12-07 14:00:00,2.04,2.094,2.092,2.055,125325.04422307
1765119600,2025-12-07 15:00:00,2.051,2.119,2.054,2.116,136432.71125776
1765123200,2025-12-07 16:00:00,2.097,2.116,2.115,2.116,58912.95846196
1765126800,2025-12-07 17:00:00,2.102,2.16,2.116,2.146,113935.24902491
1765130400,2025-12-07 18:00:00,2.139,2.154,2.146,2.143,84002.95466387
1765134000,2025-12-07 19:00:00,2.136,2.148,2.143,2.141,116873.53724435
1765137600,2025-12-07 20:00:00,2.139,2.149,2.142,2.146,25246.08936402
1765141200,2025-12-07 21:00:00,2.094,2.146,2.146,2.103,72102.17270392
1765144800,2025-12-07 22:00:00,2.053,2.103,2.103,2.081,125518.9669066
1765148400,2025-12-07 23:00:00,2.07,2.096,2.08,2.094,38621.41599799
1765152000,2025-12-08 00:00:00,2.084,2.105,2.095,2.09,62506.19946677
1765155600,2025-12-08 01:00:00,2.089,2.14,2.09,2.113,60298.65500163
1765159200,2025-12-08 02:00:00,2.11,2.129,2.113,2.127,18806.58383286
1765162800,2025-12-08 03:00:00,2.117,2.13,2.127,2.123,7981.55010569
1765166400,2025-12-08 04:00:00,2.122,2.138,2.124,2.126,68178.17690931
1765170000,2025-12-08 05:00:00,2.117,2.13,2.125,2.127,33331.30948272
1765173600,2025-12-08 06:00:00,2.124,2.146,2.127,2.141,80218.88530848
1765177200,2025-12-08 07:00:00,2.136,2.147,2.14,2.137,43945.23454274
1765180800,2025-12-08 08:00:00,2.133,2.154,2.137,2.153,53231.64129645
1765184400,2025-12-08 09:00:00,2.153,2.178,2.154,2.156,81726.16453906
1765188000,2025-12-08 10:00:00,2.148,2.158,2.156,2.152,35706.12759243
1765191600,2025-12-08 11:00:00,2.127,2.151,2.151,2.131,25832.9925468
1765195200,2025-12-08 12:00:00,2.118,2.131,2.131,2.13,37741.32476194
1765198800,2025-12-08 13:00:00,2.13,2.143,2.13,2.135,46019.36291374
1765202400,2025-12-08 14:00:00,2.134,2.169,2.135,2.145,122922.57117174
1765206000,2025-12-08 15:00:00,2.118,2.153,2.146,2.132,75194.47240059
1765209600,2025-12-08 16:00:00,2.12,2.155,2.132,2.138,70611.24573566
1765213200,2025-12-08 17:00:00,2.122,2.149,2.138,2.145,103513.76324273
1765216800,2025-12-08 18:00:00,2.111,2.151,2.146,2.122,73312.69837995
1765220400,2025-12-08 19:00:00,2.112,2.133,2.122,2.124,84395.89622947
1765224000,2025-12-08 20:00:00,2.124,2.146,2.125,2.142,61826.67505582
1765227600,2025-12-08 21:00:00,2.138,2.155,2.142,2.155,33560.1058615
1765231200,2025-12-08 22:00:00,2.129,2.155,2.155,2.139,54101.88388416
1765234800,2025-12-08 23:00:00,2.122,2.141,2.14,2.13,19010.71449137
1765238400,2025-12-09 00:00:00,2.123,2.139,2.129,2.126,18290.67768181
1765242000,2025-12-09 01:00:00,2.091,2.131,2.126,2.106,202456.38331978
1765245600,2025-12-09 02:00:00,2.105,2.118,2.106,2.109,76610.12455694
1765249200,2025-12-09 03:00:00,2.096,2.131,2.107,2.127,92113.54451538
1765252800,2025-12-09 04:00:00,2.104,2.133,2.128,2.107,30518.88847007
1765256400,2025-12-09 05:00:00,2.094,2.111,2.106,2.098,18976.95242461
1765260000,2025-12-09 06:00:00,2.09,2.106,2.099,2.104,56700.47926889
1765263600,2025-12-09 07:00:00,2.102,2.12,2.104,2.116,22776.80257953
1765267200,2025-12-09 08:00:00,2.106,2.119,2.116,2.11,33936.62172703
1765270800,2025-12-09 09:00:00,2.096,2.111,2.111,2.101,8244.8471278
1765274400,2025-12-09 10:00:00,2.09,2.107,2.099,2.103,19256.53922627
1765278000,2025-12-09 11:00:00,2.099,2.11,2.101,2.107,43092.04979312
1765281600,2025-12-09 12:00:00,2.107,2.128,2.107,2.126,21943.66122781
1765285200,2025-12-09 13:00:00,2.116,2.137,2.124,2.123,45162.79684434
1765288800,2025-12-09 14:00:00,2.105,2.132,2.123,2.117,69273.86538333
1765292400,2025-12-09 15:00:00,2.116,2.22,2.116,2.218,207569.64338587
1765296000,2025-12-09 16:00:00,2.219,2.391,2.219,2.336,585922.94072635
1765299600,2025-12-09 17:00:00,2.314,2.376,2.337,2.328,421485.22789652
1765303200,2025-12-09 18:00:00,2.321,2.355,2.329,2.331,138363.5073309
1765306800,2025-12-09 19:00:00,2.304,2.334,2.332,2.313,198992.78745952
1765310400,2025-12-09 20:00:00,2.277,2.321,2.313,2.29,178720.76607143
1765314000,2025-12-09 21:00:00,2.259,2.297,2.291,2.276,85734.93773872
1765317600,2025-12-09 22:00:00,2.277,2.304,2.277,2.289,72531.36636561
1765321200,2025-12-09 23:00:00,2.281,2.301,2.291,2.294,26949.79459561
1765324800,2025-12-10 00:00:00,2.259,2.297,2.295,2.259,86850.35171856
1765328400,2025-12-10 01:00:00,2.244,2.263,2.259,2.254,70509.43705295
1765332000,2025-12-10 02:00:00,2.241,2.256,2.253,2.247,41203.13801678
1765335600,2025-12-10 03:00:00,2.235,2.252,2.247,2.245,22628.88058921
1765339200,2025-12-10 04:00:00,2.232,2.25,2.246,2.232,24466.50331104
1765342800,2025-12-10 05:00:00,2.228,2.245,2.232,2.231,22690.43694412
1765346400,2025-12-10 06:00:00,2.222,2.233,2.23,2.227,45930.61420262
1765350000,2025-12-10 07:00:00,2.205,2.227,2.227,2.222,21500.62605053
1765353600,2025-12-10 08:00:00,2.212,2.225,2.222,2.217,24137.83822897
1765357200,2025-12-10 09:00:00,2.205,2.246,2.216,2.225,76784.35986772
1765360800,2025-12-10 10:00:00,2.191,2.248,2.225,2.197,69210.39037554
1765364400,2025-12-10 11:00:00,2.191,2.202,2.197,2.201,51947.04660533
1765368000,2025-12-10 12:00:00,2.191,2.208,2.201,2.201,44879.93170588
1765371600,2025-12-10 13:00:00,2.2,2.215,2.201,2.207,100156.46407141
1765375200,2025-12-10 14:00:00,2.19,2.209,2.207,2.2,70789.97961247
1765378800,2025-12-10 15:00:00,2.196,2.215,2.199,2.204,92888.46122738
1765382400,2025-12-10 16:00:00,2.199,2.23,2.203,2.222,71697.81253311
1765386000,2025-12-10 17:00:00,2.221,2.242,2.222,2.23,94865.83653428
1765389600,2025-12-10 18:00:00,2.225,2.271,2.231,2.248,79405.42354257
1765393200,2025-12-10 19:00:00,2.217,2.281,2.248,2.268,264680.11922425
1765396800,2025-12-10 20:00:00,2.236,2.316,2.269,2.243,168295.26959517
1765400400,2025-12-10 21:00:00,2.214,2.258,2.242,2.216,94899.59094183
1765404000,2025-12-10 22:00:00,2.183,2.227,2.215,2.217,117221.02227011
1765407600,2025-12-10 23:00:00,2.19,2.221,2.219,2.19,33362.17270067
1765411200,2025-12-11 00:00:00,2.137,2.193,2.189,2.141,104049.71264435
1765414800,2025-12-11 01:00:00,2.094,2.14,2.14,2.095,98448.31768796
1765418400,2025-12-11 02:00:00,2.066,2.097,2.095,2.083,192169.93102973
1765422000,2025-12-11 03:00:00,2.057,2.085,2.083,2.063,143815.38823192
1765425600,2025-12-11 04:00:00,2.052,2.08,2.061,2.074,68337.81557136
1765429200,2025-12-11 05:00:00,2.068,2.081,2.074,2.077,54291.13136973
1765432800,2025-12-11 06:00:00,2.069,2.088,2.076,2.078,32831.32887499
1765436400,2025-12-11 07:00:00,2.065,2.078,2.078,2.069,25009.94106907
1765440000,2025-12-11 08:00:00,2.048,2.069,2.069,2.059,21635.67672623
1765443600,2025-12-11 09:00:00,2.046,2.066,2.06,2.049,35811.86553062
1765447200,2025-12-11 10:00:00,2.037,2.05,2.049,2.044,66034.5709836
1765450800,2025-12-11 11:00:00,2.041,2.05,2.044,2.045,25553.51843445
1765454400,2025-12-11 12:00:00,2.038,2.048,2.044,2.043,52803.34477746
1765458000,2025-12-11 13:00:00,2.041,2.054,2.042,2.05,38628.40623463
1765461600,2025-12-11 14:00:00,2.021,2.057,2.051,2.034,147556.42397739
1765465200,2025-12-11 15:00:00,2.017,2.052,2.033,2.028,90944.86140501
1765468800,2025-12-11 16:00:00,2.012,2.04,2.027,2.02,128777.88022386
1765472400,2025-12-11 17:00:00,2.012,2.033,2.021,2.012,59591.77460086
1765476000,2025-12-11 18:00:00,2.01,2.051,2.013,2.028,145144.82779659
1765479600,2025-12-11 19:00:00,2.023,2.062,2.029,2.032,324502.43111669
1765483200,2025-12-11 20:00:00,2.027,2.057,2.032,2.056,101747.77465103
1765486800,2025-12-11 21:00:00,2.054,2.093,2.057,2.076,91669.89415813
1765490400,2025-12-11 22:00:00,2.054,2.084,2.077,2.069,37840.44914432
1765494000,2025-12-11 23:00:00,2.057,2.074,2.068,2.066,41219.52571299
1765497600,2025-12-12 00:00:00,2.029,2.071,2.065,2.03,23086.54887543
1765501200,2025-12-12 01:00:00,2.031,2.063,2.031,2.051,33852.49694602
1765504800,2025-12-12 02:00:00,2.048,2.08,2.051,2.077,59057.00940201
1765508400,2025-12-12 03:00:00,2.06,2.082,2.077,2.066,23333.79301982
1765512000,2025-12-12 04:00:00,2.054,2.068,2.067,2.056,27589.10537327
1765515600,2025-12-12 05:00:00,2.051,2.079,2.057,2.079,27851.27746442
1765519200,2025-12-12 06:00:00,2.066,2.096,2.08,2.067,40206.62770845
1765522800,2025-12-12 07:00:00,2.057,2.068,2.067,2.058,66679.03106625
1765526400,2025-12-12 08:00:00,2.039,2.06,2.058,2.043,123115.17095057
1765530000,2025-12-12 09:00:00,2.027,2.048,2.043,2.045,203243.67660484
1765533600,2025-12-12 10:00:00,2.041,2.059,2.044,2.045,43449.95187929
1765537200,2025-12-12 11:00:00,2.037,2.052,2.045,2.048,45427.13879677
1765540800,2025-12-12 12:00:00,2.043,2.061,2.046,2.059,28241.63338277
1765544400,2025-12-12 13:00:00,2.054,2.066,2.059,2.064,62019.03426145
1765548000,2025-12-12 14:00:00,2.05,2.069,2.064,2.062,71748.22289455
1765551600,2025-12-12 15:00:00,1.955,2.061,2.061,1.971,341763.18582858
1765555200,2025-12-12 16:00:00,1.947,1.977,1.969,1.956,443006.51947487
1765558800,2025-12-12 17:00:00,1.957,1.987,1.957,1.972,143056.94408249
1765562400,2025-12-12 18:00:00,1.969,2.009,1.97,1.992,185332.59342742
1765566000,2025-12-12 19:00:00,1.979,1.99,1.99,1.987,87190.5798889
1765569600,2025-12-12 20:00:00,1.978,1.995,1.986,1.991,68974.27439289
1765573200,2025-12-12 21:00:00,1.991,2.01,1.991,2.001,88819.39206277
1765576800,2025-12-12 22:00:00,2,2.017,2.002,2.014,27145.61979018
1765580400,2025-12-12 23:00:00,2.01,2.019,2.014,2.012,21790.34314323
1765584000,2025-12-13 00:00:00,2.007,2.024,2.014,2.019,62737.75928899
1765587600,2025-12-13 01:00:00,2.015,2.022,2.019,2.02,10700.57424506
1765591200,2025-12-13 02:00:00,2.021,2.028,2.021,2.023,22662.9229635
1765594800,2025-12-13 03:00:00,2.022,2.04,2.023,2.031,14661.32777016
1765598400,2025-12-13 04:00:00,2.028,2.041,2.031,2.034,18501.48023104
1765602000,2025-12-13 05:00:00,2.029,2.04,2.036,2.032,35933.16478408
1765605600,2025-12-13 06:00:00,2.024,2.033,2.032,2.029,28999.95549275
1765609200,2025-12-13 07:00:00,2.029,2.04,2.029,2.038,77223.64926912
1765612800,2025-12-13 08:00:00,2.036,2.05,2.039,2.04,40211.64675718
1765616400,2025-12-13 09:00:00,2.035,2.044,2.041,2.038,31344.67555223
1765620000,2025-12-13 10:00:00,2.038,2.055,2.038,2.051,71939.63927853
1765623600,2025-12-13 11:00:00,2.037,2.053,2.051,2.039,66748.03499642
1765627200,2025-12-13 12:00:00,2.037,2.048,2.039,2.046,52329.16331527
1765630800,2025-12-13 13:00:00,2.04,2.049,2.046,2.04,18424.51614549
1765634400,2025-12-13 14:00:00,2.028,2.043,2.041,2.034,16224.12611475
1765638000,2025-12-13 15:00:00,2.034,2.045,2.034,2.043,27370.14882027
1765641600,2025-12-13 16:00:00,2.044,2.057,2.044,2.047,48644.12322522
1765645200,2025-12-13 17:00:00,2.033,2.047,2.047,2.033,12822.64993604
1765648800,2025-12-13 18:00:00,2.029,2.035,2.033,2.031,13178.9320532
1765652400,2025-12-13 19:00:00,2.032,2.041,2.032,2.04,26428.36496899
1765656000,2025-12-13 20:00:00,2.037,2.044,2.04,2.041,11199.03242494
1765659600,2025-12-13 21:00:00,2.021,2.042,2.041,2.039,40408.21075657
1765663200,2025-12-13 22:00:00,2.025,2.042,2.039,2.035,31108.402513
1765666800,2025-12-13 23:00:00,2.033,2.042,2.034,2.038,17017.50129434
1765670400,2025-12-14 00:00:00,2.031,2.041,2.038,2.036,20738.84598691
1765674000,2025-12-14 01:00:00,2.033,2.042,2.036,2.035,13625.15376813
1765677600,2025-12-14 02:00:00,2.036,2.046,2.036,2.04,12009.01875497
1765681200,2025-12-14 03:00:00,2.026,2.042,2.039,2.027,28436.25848262
1765684800,2025-12-14 04:00:00,2.017,2.033,2.026,2.017,19485.54903367
1765688400,2025-12-14 05:00:00,2.002,2.02,2.017,2.01,45647.16144442
1765692000,2025-12-14 06:00:00,2.001,2.009,2.009,2.006,13884.00768971
1765695600,2025-12-14 07:00:00,2.006,2.013,2.006,2.009,18119.30184452
1765699200,2025-12-14 08:00:00,2.007,2.017,2.01,2.008,20506.90501393
1765702800,2025-12-14 09:00:00,2.004,2.01,2.007,2.005,38806.59335542
1765706400,2025-12-14 10:00:00,1.987,2.011,2.005,1.995,137294.68318992
1765710000,2025-12-14 11:00:00,1.964,1.997,1.995,1.985,45385.43979127
1765713600,2025-12-14 12:00:00,1.978,1.992,1.984,1.988,20213.81142244
1765717200,2025-12-14 13:00:00,1.975,1.988,1.988,1.985,140587.08063817
1765720800,2025-12-14 14:00:00,1.963,1.989,1.986,1.968,91658.97828594
1765724400,2025-12-14 15:00:00,1.962,1.975,1.968,1.973,47166.83611574
1765728000,2025-12-14 16:00:00,1.971,1.991,1.972,1.979,65648.47097153
1765731600,2025-12-14 17:00:00,1.949,1.983,1.979,1.95,216898.38428814
1765735200,2025-12-14 18:00:00,1.949,1.975,1.95,1.975,159374.78108944
1765738800,2025-12-14 19:00:00,1.954,1.976,1.976,1.963,34114.60669993
1765742400,2025-12-14 20:00:00,1.951,1.972,1.962,1.96,90593.86212793
1765746000,2025-12-14 21:00:00,1.948,1.968,1.959,1.955,93071.85822337
1765749600,2025-12-14 22:00:00,1.94,1.963,1.956,1.959,89484.72718765
1765753200,2025-12-14 23:00:00,1.932,1.967,1.96,1.953,96144.78686907
1765756800,2025-12-15 00:00:00,1.953,1.973,1.953,1.965,55746.1255324
1765760400,2025-12-15 01:00:00,1.963,1.995,1.966,1.991,38926.20439704
1765764000,2025-12-15 02:00:00,1.985,2.009,1.99,1.986,62059.21314901
1765767600,2025-12-15 03:00:00,1.982,1.993,1.985,1.991,16528.87538867
1765771200,2025-12-15 04:00:00,1.99,2.002,1.991,2,20274.00150962
1765774800,2025-12-15 05:00:00,1.997,2.007,2,2.004,28490.28190455
1765778400,2025-12-15 06:00:00,1.997,2.009,2.004,2.003,35818.62180961
1765782000,2025-12-15 07:00:00,1.986,2.005,2.004,1.993,27474.79273604
1765785600,2025-12-15 08:00:00,1.992,2.001,1.994,1.995,20676.88303852
1765789200,2025-12-15 09:00:00,1.994,2.003,1.994,2,29502.14891803
1765792800,2025-12-15 10:00:00,1.993,2.007,1.999,1.997,28730.41211528
1765796400,2025-12-15 11:00:00,1.99,2.002,1.997,1.995,32557.66233859
1765800000,2025-12-15 12:00:00,1.991,2.008,1.994,2.007,18875.57072745
1765803600,2025-12-15 13:00:00,1.985,2.007,2.007,1.993,64820.22500182
1765807200,2025-12-15 14:00:00,1.942,2.008,1.994,1.958,145710.81393169
1765810800,2025-12-15 15:00:00,1.872,1.956,1.956,1.885,615916.95703224
1765814400,2025-12-15 16:00:00,1.852,1.891,1.885,1.868,270557.80335371
1765818000,2025-12-15 17:00:00,1.849,1.872,1.867,1.852,134177.10854169
1765821600,2025-12-15 18:00:00,1.831,1.866,1.85,1.866,230199.43048159
1765825200,2025-12-15 19:00:00,1.865,1.886,1.865,1.871,115233.53762146
1765828800,2025-12-15 20:00:00,1.856,1.877,1.871,1.864,74070.86434529
1765832400,2025-12-15 21:00:00,1.861,1.89,1.865,1.887,108464.697488
1765836000,2025-12-15 22:00:00,1.879,1.896,1.887,1.896,63567.19162457
1765839600,2025-12-15 23:00:00,1.893,1.905,1.895,1.901,95353.84094422
1765843200,2025-12-16 00:00:00,1.88,1.905,1.9,1.881,64284.56070376
1765846800,2025-12-16 01:00:00,1.88,1.896,1.882,1.89,44408.84219941
1765850400,2025-12-16 02:00:00,1.883,1.899,1.891,1.891,69925.36924509
1765854000,2025-12-16 03:00:00,1.874,1.894,1.892,1.894,47352.66875121
1765857600,2025-12-16 04:00:00,1.863,1.894,1.894,1.885,78243.24722878
1765861200,2025-12-16 05:00:00,1.882,1.891,1.883,1.885,71683.62648378
1765864800,2025-12-16 06:00:00,1.884,1.903,1.885,1.901,47402.62395836
1765868400,2025-12-16 07:00:00,1.874,1.901,1.9,1.878,35340.21067105
1765872000,2025-12-16 08:00:00,1.879,1.897,1.879,1.889,12442.51094502
1765875600,2025-12-16 09:00:00,1.884,1.892,1.89,1.887,25592.38191179
1765879200,2025-12-16 10:00:00,1.885,1.943,1.887,1.921,169210.40816183
1765882800,2025-12-16 11:00:00,1.915,1.93,1.921,1.925,52224.46589208
1765886400,2025-12-16 12:00:00,1.914,1.928,1.925,1.918,23025.87126082
1765890000,2025-12-16 13:00:00,1.884,1.935,1.917,1.884,142184.29811286
1765893600,2025-12-16 14:00:00,1.873,1.916,1.885,1.902,147012.12672391
1765897200,2025-12-16 15:00:00,1.885,1.926,1.902,1.919,118437.85517859
1765900800,2025-12-16 16:00:00,1.898,1.923,1.919,1.907,64201.84382305
1765904400,2025-12-16 17:00:00,1.892,1.915,1.908,1.893,85335.79176394
1765908000,2025-12-16 18:00:00,1.89,1.919,1.894,1.909,112484.50286311
1765911600,2025-12-16 19:00:00,1.891,1.912,1.909,1.906,35200.14716541
1765915200,2025-12-16 20:00:00,1.9,1.911,1.905,1.901,63065.15237073
1765918800,2025-12-16 21:00:00,1.896,1.908,1.902,1.903,62933.86591714
1765922400,2025-12-16 22:00:00,1.897,1.906,1.903,1.9,34040.33023823
1765926000,2025-12-16 23:00:00,1.89,1.9,1.899,1.897,39551.96330576
1765929600,2025-12-17 00:00:00,1.885,1.897,1.897,1.89,27857.08813639
1765933200,2025-12-17 01:00:00,1.89,1.909,1.891,1.891,46484.53807268
1765936800,2025-12-17 02:00:00,1.881,1.9,1.893,1.898,58542.1128292
1765940400,2025-12-17 03:00:00,1.886,1.902,1.898,1.889,32684.91303319
1765944000,2025-12-17 04:00:00,1.86,1.892,1.889,1.871,120111.63818217
1765947600,2025-12-17 05:00:00,1.861,1.878,1.871,1.875,22675.79585406
1765951200,2025-12-17 06:00:00,1.873,1.884,1.875,1.876,18685.66454846
1765954800,2025-12-17 07:00:00,1.873,1.886,1.876,1.876,43992.363042
1765958400,2025-12-17 08:00:00,1.864,1.877,1.876,1.864,17741.82890924
1765962000,2025-12-17 09:00:00,1.857,1.869,1.864,1.861,26442.53742207
1765965600,2025-12-17 10:00:00,1.856,1.871,1.86,1.864,25694.17127272
1765969200,2025-12-17 11:00:00,1.863,1.877,1.864,1.869,49806.79582643
1765972800,2025-12-17 12:00:00,1.866,1.877,1.869,1.872,69639.28883884
1765976400,2025-12-17 13:00:00,1.866,1.894,1.873,1.892,70656.87856943
1765980000,2025-12-17 14:00:00,1.86,1.929,1.893,1.929,210046.71751434
1765983600,2025-12-17 15:00:00,1.862,1.953,1.93,1.87,386355.36361728
1765987200,2025-12-17 16:00:00,1.813,1.887,1.869,1.836,289817.73737292
1765990800,2025-12-17 17:00:00,1.814,1.844,1.834,1.817,118449.04714542
1765994400,2025-12-17 18:00:00,1.796,1.834,1.818,1.803,163722.51652701
1765998000,2025-12-17 19:00:00,1.79,1.817,1.804,1.817,272367.78636132
1766001600,2025-12-17 20:00:00,1.807,1.829,1.815,1.811,100230.1822087
1766005200,2025-12-17 21:00:00,1.795,1.817,1.81,1.799,41349.14151759
1766008800,2025-12-17 22:00:00,1.792,1.82,1.799,1.815,117369.63008113
1766012400,2025-12-17 23:00:00,1.804,1.815,1.814,1.814,55536.91780796
1766016000,2025-12-18 00:00:00,1.805,1.817,1.813,1.81,73646.14990337
1766019600,2025-12-18 01:00:00,1.791,1.809,1.809,1.795,43636.64209928
1766023200,2025-12-18 02:00:00,1.791,1.816,1.796,1.805,56621.20958459
1766026800,2025-12-18 03:00:00,1.781,1.805,1.805,1.793,75757.45306967
1766030400,2025-12-18 04:00:00,1.79,1.799,1.792,1.793,26598.84250133
1766034000,2025-12-18 05:00:00,1.771,1.793,1.792,1.776,76112.27313949
1766037600,2025-12-18 06:00:00,1.772,1.787,1.775,1.786,37573.98908515
1766041200,2025-12-18 07:00:00,1.784,1.795,1.786,1.789,44991.5344042
1766044800,2025-12-18 08:00:00,1.788,1.806,1.789,1.801,43502.16501984
1766048400,2025-12-18 09:00:00,1.795,1.809,1.801,1.801,30673.33135939
1766052000,2025-12-18 10:00:00,1.799,1.806,1.801,1.804,27673.49292451
1766055600,2025-12-18 11:00:00,1.796,1.808,1.804,1.807,46274.30104688
1766059200,2025-12-18 12:00:00,1.8,1.815,1.807,1.814,20711.32066074
1766062800,2025-12-18 13:00:00,1.815,1.874,1.815,1.872,214521.28909023
1766066400,2025-12-18 14:00:00,1.835,1.887,1.873,1.849,128143.21216077
1766070000,2025-12-18 15:00:00,1.837,1.881,1.85,1.86,68545.00172417
1766073600,2025-12-18 16:00:00,1.844,1.862,1.861,1.853,65269.53562341
1766077200,2025-12-18 17:00:00,1.758,1.853,1.853,1.794,291818.43157822
1766080800,2025-12-18 18:00:00,1.765,1.812,1.794,1.769,115002.79504772
1766084400,2025-12-18 19:00:00,1.722,1.773,1.77,1.726,159428.92374524
1766088000,2025-12-18 20:00:00,1.724,1.751,1.725,1.734,146012.84878064
1766091600,2025-12-18 21:00:00,1.737,1.774,1.737,1.772,137590.44225684
1766095200,2025-12-18 22:00:00,1.765,1.779,1.773,1.767,28524.06074561
1766098800,2025-12-18 23:00:00,1.756,1.768,1.768,1.759,26717.51174027
1766102400,2025-12-19 00:00:00,1.751,1.766,1.759,1.759,46667.71488447
1766106000,2025-12-19 01:00:00,1.738,1.758,1.758,1.746,49878.59693394
1766109600,2025-12-19 02:00:00,1.738,1.752,1.746,1.74,153202.16683646
1766113200,2025-12-19 03:00:00,1.74,1.802,1.74,1.784,104760.02031142
1766116800,2025-12-19 04:00:00,1.781,1.793,1.785,1.783,53172.01933691
1766120400,2025-12-19 05:00:00,1.771,1.784,1.784,1.773,82331.32893849
1766124000,2025-12-19 06:00:00,1.768,1.782,1.773,1.779,27234.53763317
1766127600,2025-12-19 07:00:00,1.78,1.809,1.78,1.796,82133.04653783
1766131200,2025-12-19 08:00:00,1.789,1.807,1.797,1.802,56494.07503373
1766134800,2025-12-19 09:00:00,1.791,1.804,1.802,1.8,39032.98924738
1766138400,2025-12-19 10:00:00,1.794,1.803,1.8,1.797,30955.37281537
1766142000,2025-12-19 11:00:00,1.796,1.809,1.797,1.807,30491.57972592
1766145600,2025-12-19 12:00:00,1.798,1.813,1.807,1.809,45398.55200963
1766149200,2025-12-19 13:00:00,1.808,1.82,1.809,1.814,52403.88299836
1766152800,2025-12-19 14:00:00,1.804,1.843,1.813,1.834,196661.36794493
1766156400,2025-12-19 15:00:00,1.824,1.866,1.832,1.833,179578.46818075
1766160000,2025-12-19 16:00:00,1.831,1.873,1.833,1.851,88861.82794041
1766163600,2025-12-19 17:00:00,1.821,1.868,1.851,1.821,86367.01582137
1766167200,2025-12-19 18:00:00,1.818,1.841,1.821,1.836,78616.53589603
1766170800,2025-12-19 19:00:00,1.837,1.877,1.837,1.868,110480.28973266
1766174400,2025-12-19 20:00:00,1.862,1.879,1.868,1.871,74816.63224111
1766178000,2025-12-19 21:00:00,1.85,1.87,1.87,1.852,63567.0801366
1766181600,2025-12-19 22:00:00,1.851,1.864,1.853,1.86,18355.34153106
1766185200,2025-12-19 23:00:00,1.848,1.859,1.859,1.848,77167.1545669
1766188800,2025-12-20 00:00:00,1.837,1.85,1.848,1.842,83857.60417358
1766192400,2025-12-20 01:00:00,1.834,1.847,1.841,1.836,30481.63427363
1766196000,2025-12-20 02:00:00,1.83,1.838,1.836,1.833,39213.43654092
1766199600,2025-12-20 03:00:00,1.831,1.847,1.833,1.841,32687.28883181
1766203200,2025-12-20 04:00:00,1.828,1.841,1.841,1.829,49594.92460923
1766206800,2025-12-20 05:00:00,1.829,1.84,1.83,1.834,40438.44812099
1766210400,2025-12-20 06:00:00,1.833,1.84,1.833,1.838,27025.46573365
1766214000,2025-12-20 07:00:00,1.835,1.857,1.839,1.857,74339.8294727
1766217600,2025-12-20 08:00:00,1.854,1.868,1.856,1.856,35900.22465338
1766221200,2025-12-20 09:00:00,1.856,1.865,1.856,1.859,20887.46703331
1766224800,2025-12-20 10:00:00,1.847,1.862,1.859,1.849,58653.24417454
1766228400,2025-12-20 11:00:00,1.846,1.861,1.849,1.86,27840.78800004
1766232000,2025-12-20 12:00:00,1.843,1.86,1.86,1.846,168597.37956689
1766235600,2025-12-20 13:00:00,1.832,1.85,1.846,1.84,53945.11283328
1766239200,2025-12-20 14:00:00,1.828,1.841,1.841,1.838,63773.29498723
1766242800,2025-12-20 15:00:00,1.827,1.838,1.838,1.831,42798.6443111
1766246400,2025-12-20 16:00:00,1.827,1.836,1.832,1.83,49426.45107416
1766250000,2025-12-20 17:00:00,1.828,1.836,1.831,1.829,41206.79771537
1766253600,2025-12-20 18:00:00,1.826,1.837,1.83,1.835,44406.4840727
1766257200,2025-12-20 19:00:00,1.832,1.837,1.833,1.833,31477.52464151
1766260800,2025-12-20 20:00:00,1.829,1.836,1.832,1.836,43162.25723197
1766264400,2025-12-20 21:00:00,1.832,1.84,1.836,1.833,24438.85688882
1766268000,2025-12-20 22:00:00,1.828,1.839,1.833,1.836,26652.91805313
1766271600,2025-12-20 23:00:00,1.83,1.837,1.837,1.831,23275.11357197
1766275200,2025-12-21 00:00:00,1.827,1.836,1.832,1.83,22717.28736333
1766278800,2025-12-21 01:00:00,1.811,1.83,1.829,1.811,67624.37770096
1766282400,2025-12-21 02:00:00,1.799,1.817,1.811,1.803,42780.59052636
1766286000,2025-12-21 03:00:00,1.802,1.815,1.802,1.809,26637.17695628
1766289600,2025-12-21 04:00:00,1.803,1.812,1.809,1.806,15526.50153822
1766293200,2025-12-21 05:00:00,1.804,1.815,1.806,1.81,17648.35882424
1766296800,2025-12-21 06:00:00,1.81,1.822,1.81,1.82,57397.57034236
1766300400,2025-12-21 07:00:00,1.82,1.83,1.82,1.83,26793.11623125
1766304000,2025-12-21 08:00:00,1.824,1.841,1.83,1.84,28669.92424911
1766307600,2025-12-21 09:00:00,1.834,1.851,1.841,1.844,53726.11204186
1766311200,2025-12-21 10:00:00,1.827,1.847,1.845,1.829,22586.09290381
1766314800,2025-12-21 11:00:00,1.825,1.833,1.828,1.825,5277.58821541
1766318400,2025-12-21 12:00:00,1.808,1.83,1.826,1.813,18135.68957388
1766322000,2025-12-21 13:00:00,1.751,1.813,1.813,1.753,132159.65889044
1766325600,2025-12-21 14:00:00,1.752,1.774,1.753,1.766,57024.89144439
1766329200,2025-12-21 15:00:00,1.754,1.773,1.766,1.767,52394.52386624
1766332800,2025-12-21 16:00:00,1.761,1.781,1.767,1.781,39509.3189057
1766336400,2025-12-21 17:00:00,1.777,1.791,1.782,1.777,29185.19440378
1766340000,2025-12-21 18:00:00,1.765,1.783,1.778,1.783,56696.66512392
1766343600,2025-12-21 19:00:00,1.778,1.795,1.784,1.793,60286.27318959
1766347200,2025-12-21 20:00:00,1.781,1.794,1.793,1.782,35489.70512243
1766350800,2025-12-21 21:00:00,1.766,1.785,1.782,1.768,43979.99780725
1766354400,2025-12-21 22:00:00,1.765,1.793,1.767,1.792,16997.76224268
1766358000,2025-12-21 23:00:00,1.79,1.812,1.792,1.802,56465.73146731
1766361600,2025-12-22 00:00:00,1.802,1.843,1.803,1.808,68608.48173782
1766365200,2025-12-22 01:00:00,1.804,1.828,1.807,1.806,73605.86359107
1766368800,2025-12-22 02:00:00,1.777,1.805,1.805,1.804,79943.26905696
1766372400,2025-12-22 03:00:00,1.798,1.82,1.804,1.813,57290.85599825
1766376000,2025-12-22 04:00:00,1.812,1.821,1.813,1.818,37857.25714279
1766379600,2025-12-22 05:00:00,1.807,1.821,1.818,1.808,16837.42068515
1766383200,2025-12-22 06:00:00,1.805,1.817,1.807,1.808,11369.54918125
1766386800,2025-12-22 07:00:00,1.807,1.819,1.808,1.812,21370.42316938
1766390400,2025-12-22 08:00:00,1.809,1.835,1.812,1.813,34257.59067131
1766394000,2025-12-22 09:00:00,1.811,1.82,1.814,1.816,26191.58036247
1766397600,2025-12-22 10:00:00,1.811,1.824,1.817,1.817,76154.31619682
1766401200,2025-12-22 11:00:00,1.811,1.829,1.818,1.824,31315.31258955
1766404800,2025-12-22 12:00:00,1.821,1.84,1.824,1.826,106271.17543522
1766408400,2025-12-22 13:00:00,1.818,1.831,1.828,1.831,18428.30532202
1766412000,2025-12-22 14:00:00,1.822,1.847,1.831,1.842,75214.76876788
1766415600,2025-12-22 15:00:00,1.813,1.852,1.842,1.835,82479.51128879
1766419200,2025-12-22 16:00:00,1.83,1.848,1.835,1.832,40297.43850145
1766422800,2025-12-22 17:00:00,1.813,1.831,1.831,1.816,63765.24731841
1766426400,2025-12-22 18:00:00,1.797,1.819,1.816,1.801,72978.82405589
1766430000,2025-12-22 19:00:00,1.764,1.801,1.801,1.768,213125.96942685
1766433600,2025-12-22 20:00:00,1.755,1.78,1.767,1.766,116550.67468707
1766437200,2025-12-22 21:00:00,1.766,1.778,1.766,1.767,62251.56295836
1766440800,2025-12-22 22:00:00,1.761,1.791,1.766,1.788,59294.19383197
1766444400,2025-12-22 23:00:00,1.776,1.788,1.788,1.783,31834.95904109
1766448000,2025-12-23 00:00:00,1.779,1.8,1.782,1.794,47297.52746977
1766451600,2025-12-23 01:00:00,1.781,1.798,1.794,1.787,44545.74436998
1766455200,2025-12-23 02:00:00,1.77,1.794,1.786,1.772,82063.85412304
1766458800,2025-12-23 03:00:00,1.762,1.779,1.77,1.775,27359.16774211
1766462400,2025-12-23 04:00:00,1.765,1.778,1.774,1.768,90114.96332965
1766466000,2025-12-23 05:00:00,1.758,1.773,1.768,1.768,34374.79413188
1766469600,2025-12-23 06:00:00,1.753,1.771,1.767,1.756,32252.88340957
1766473200,2025-12-23 07:00:00,1.753,1.763,1.758,1.759,17030.04194694
1766476800,2025-12-23 08:00:00,1.756,1.765,1.76,1.762,33700.48995739
1766480400,2025-12-23 09:00:00,1.755,1.765,1.762,1.76,35481.97168256
1766484000,2025-12-23 10:00:00,1.76,1.775,1.76,1.772,20733.60583059
1766487600,2025-12-23 11:00:00,1.77,1.778,1.77,1.774,32551.30912782
1766491200,2025-12-23 12:00:00,1.758,1.774,1.773,1.76,44128.79154147
1766494800,2025-12-23 13:00:00,1.736,1.764,1.76,1.746,161763.25356993
1766498400,2025-12-23 14:00:00,1.728,1.757,1.747,1.739,140596.24845293
1766502000,2025-12-23 15:00:00,1.734,1.754,1.739,1.746,68062.84877382
1766505600,2025-12-23 16:00:00,1.742,1.769,1.745,1.765,82919.8379711
1766509200,2025-12-23 17:00:00,1.738,1.773,1.765,1.741,46241.28256014
1766512800,2025-12-23 18:00:00,1.739,1.774,1.739,1.773,81318.6811685
1766516400,2025-12-23 19:00:00,1.754,1.775,1.773,1.759,131368.84045885
1766520000,2025-12-23 20:00:00,1.753,1.785,1.759,1.77,43387.42202266
1766523600,2025-12-23 21:00:00,1.763,1.771,1.771,1.765,61395.98807835
1766527200,2025-12-23 22:00:00,1.754,1.769,1.766,1.763,67380.84674318
1766530800,2025-12-23 23:00:00,1.756,1.766,1.762,1.763,47110.48390081
1766534400,2025-12-24 00:00:00,1.761,1.771,1.764,1.768,63270.5816799
1766538000,2025-12-24 01:00:00,1.756,1.775,1.769,1.758,49939.56014879
1766541600,2025-12-24 02:00:00,1.732,1.758,1.758,1.736,56545.6012261
1766545200,2025-12-24 03:00:00,1.729,1.75,1.735,1.749,76708.81709152
1766548800,2025-12-24 04:00:00,1.733,1.757,1.748,1.733,21921.08845768
1766552400,2025-12-24 05:00:00,1.718,1.738,1.734,1.725,55473.07462213
1766556000,2025-12-24 06:00:00,1.717,1.731,1.725,1.728,17710.36195244
1766559600,2025-12-24 07:00:00,1.722,1.732,1.729,1.722,41502.04584303
1766563200,2025-12-24 08:00:00,1.715,1.726,1.721,1.72,70942.52013761
1766566800,2025-12-24 09:00:00,1.721,1.728,1.721,1.721,25799.13257196
1766570400,2025-12-24 10:00:00,1.722,1.729,1.722,1.724,36622.92499698
1766574000,2025-12-24 11:00:00,1.725,1.734,1.725,1.727,23571.85022532
1766577600,2025-12-24 12:00:00,1.726,1.739,1.727,1.736,33043.46535641
1766581200,2025-12-24 13:00:00,1.722,1.737,1.735,1.728,69591.18983067
1766584800,2025-12-24 14:00:00,1.706,1.735,1.729,1.722,301384.33999775
1766588400,2025-12-24 15:00:00,1.712,1.735,1.722,1.731,64848.46775582
1766592000,2025-12-24 16:00:00,1.72,1.743,1.73,1.735,105071.05561842
1766595600,2025-12-24 17:00:00,1.719,1.737,1.735,1.72,70001.93540226
1766599200,2025-12-24 18:00:00,1.717,1.726,1.72,1.72,62261.91296271
1766602800,2025-12-24 19:00:00,1.716,1.729,1.72,1.728,47637.10675365
1766606400,2025-12-24 20:00:00,1.728,1.736,1.729,1.73,40255.08555046
1766610000,2025-12-24 21:00:00,1.726,1.732,1.731,1.731,29267.75795159
1766613600,2025-12-24 22:00:00,1.729,1.745,1.731,1.743,76078.95396431
1766617200,2025-12-24 23:00:00,1.731,1.742,1.742,1.737,24481.93437274
1766620800,2025-12-25 00:00:00,1.731,1.745,1.738,1.733,46191.29860204
1766624400,2025-12-25 01:00:00,1.731,1.744,1.732,1.74,33815.53771206
1766628000,2025-12-25 02:00:00,1.736,1.752,1.74,1.75,54484.81603721
1766631600,2025-12-25 03:00:00,1.743,1.751,1.75,1.745,32029.02055286
1766635200,2025-12-25 04:00:00,1.741,1.746,1.745,1.743,26237.55412916
1766638800,2025-12-25 05:00:00,1.738,1.744,1.744,1.739,18091.19509297
1766642400,2025-12-25 06:00:00,1.737,1.743,1.739,1.74,12329.4256909
1766646000,2025-12-25 07:00:00,1.735,1.74,1.74,1.736,30532.48393882
1766649600,2025-12-25 08:00:00,1.733,1.741,1.736,1.735,45007.58854218
1766653200,2025-12-25 09:00:00,1.729,1.736,1.735,1.729,23155.1855966
1766656800,2025-12-25 10:00:00,1.703,1.729,1.729,1.705,63127.36325394
1766660400,2025-12-25 11:00:00,1.703,1.716,1.706,1.71,29648.76521709
1766664000,2025-12-25 12:00:00,1.71,1.72,1.71,1.72,28149.95719267
1766667600,2025-12-25 13:00:00,1.715,1.724,1.719,1.718,29244.68481037
1766671200,2025-12-25 14:00:00,1.705,1.72,1.72,1.709,71846.43928982
1766674800,2025-12-25 15:00:00,1.706,1.736,1.709,1.732,70269.04732358
1766678400,2025-12-25 16:00:00,1.726,1.738,1.733,1.734,76470.27630191
1766682000,2025-12-25 17:00:00,1.727,1.735,1.733,1.729,32993.50979902
1766685600,2025-12-25 18:00:00,1.728,1.734,1.73,1.732,43743.41935023
1766689200,2025-12-25 19:00:00,1.73,1.734,1.732,1.734,14730.53221544
1766692800,2025-12-25 20:00:00,1.727,1.734,1.734,1.733,72914.43007053
1766696400,2025-12-25 21:00:00,1.732,1.734,1.732,1.733,15874.66016912
1766700000,2025-12-25 22:00:00,1.708,1.734,1.733,1.716,73141.11739594
1766703600,2025-12-25 23:00:00,1.677,1.716,1.716,1.684,160025.45171026
1766707200,2025-12-26 00:00:00,1.654,1.688,1.684,1.659,213349.14835525
1766710800,2025-12-26 01:00:00,1.659,1.69,1.659,1.687,84096.34624976
1766714400,2025-12-26 02:00:00,1.687,1.751,1.688,1.741,184414.96354053
1766718000,2025-12-26 03:00:00,1.729,1.746,1.742,1.738,119377.60455834
1766721600,2025-12-26 04:00:00,1.725,1.741,1.738,1.737,80276.70713836
1766725200,2025-12-26 05:00:00,1.73,1.741,1.736,1.734,35254.95878686
1766728800,2025-12-26 06:00:00,1.729,1.743,1.734,1.731,25212.48813368
1766732400,2025-12-26 07:00:00,1.712,1.74,1.73,1.716,58491.90633873
1766736000,2025-12-26 08:00:00,1.709,1.724,1.717,1.715,14869.36314081
1766739600,2025-12-26 09:00:00,1.709,1.718,1.715,1.718,64124.88233911
1766743200,2025-12-26 10:00:00,1.71,1.72,1.718,1.717,52240.33944439
1766746800,2025-12-26 11:00:00,1.704,1.717,1.717,1.712,145861.04169884
1766750400,2025-12-26 12:00:00,1.713,1.725,1.713,1.724,36009.65552284
1766754000,2025-12-26 13:00:00,1.722,1.732,1.724,1.729,39856.97006038
1766757600,2025-12-26 14:00:00,1.694,1.731,1.73,1.694,392753.06203157
1766761200,2025-12-26 15:00:00,1.683,1.71,1.695,1.706,72891.54885707
1766764800,2025-12-26 16:00:00,1.691,1.71,1.706,1.693,67199.75203646
1766768400,2025-12-26 17:00:00,1.693,1.712,1.694,1.704,48391.78632655
1766772000,2025-12-26 18:00:00,1.704,1.712,1.704,1.708,18834.99755907
1766775600,2025-12-26 19:00:00,1.707,1.722,1.707,1.719,27278.83975088
1766779200,2025-12-26 20:00:00,1.716,1.732,1.719,1.725,27084.25595872
1766782800,2025-12-26 21:00:00,1.719,1.728,1.727,1.72,75549.8154166
1766786400,2025-12-26 22:00:00,1.719,1.728,1.72,1.728,33355.4795593
1766790000,2025-12-26 23:00:00,1.72,1.729,1.729,1.722,18376.47839251
1766793600,2025-12-27 00:00:00,1.722,1.729,1.722,1.727,39886.08197093
1766797200,2025-12-27 01:00:00,1.721,1.736,1.727,1.736,123158.01305662
1766800800,2025-12-27 02:00:00,1.733,1.75,1.736,1.745,297698.04632738
1766804400,2025-12-27 03:00:00,1.745,1.774,1.745,1.762,89859.97821752
1766808000,2025-12-27 04:00:00,1.745,1.764,1.763,1.748,58364.35741757
1766811600,2025-12-27 05:00:00,1.745,1.754,1.748,1.754,103021.32863276
1766815200,2025-12-27 06:00:00,1.75,1.756,1.754,1.753,21214.04148271
1766818800,2025-12-27 07:00:00,1.749,1.757,1.753,1.751,41742.3117625
1766822400,2025-12-27 08:00:00,1.745,1.752,1.751,1.745,32999.51987125
1766826000,2025-12-27 09:00:00,1.742,1.747,1.744,1.743,31335.3917562
1766829600,2025-12-27 10:00:00,1.734,1.749,1.744,1.749,30530.63850909
1766833200,2025-12-27 11:00:00,1.749,1.765,1.75,1.765,48109.22463443
1766836800,2025-12-27 12:00:00,1.761,1.772,1.766,1.769,97638.32419328
1766840400,2025-12-27 13:00:00,1.762,1.774,1.771,1.766,69425.64749797
1766844000,2025-12-27 14:00:00,1.766,1.78,1.767,1.779,30978.3855003
1766847600,2025-12-27 15:00:00,1.772,1.822,1.778,1.801,211214.78292856
1766851200,2025-12-27 16:00:00,1.8,1.822,1.801,1.802,167371.85609488
1766854800,2025-12-27 17:00:00,1.796,1.819,1.801,1.817,59517.79288452
1766858400,2025-12-27 18:00:00,1.817,1.846,1.817,1.831,193917.38664237
1766862000,2025-12-27 19:00:00,1.822,1.842,1.829,1.833,90466.49273397
1766865600,2025-12-27 20:00:00,1.832,1.85,1.832,1.844,142589.76352337
1766869200,2025-12-27 21:00:00,1.84,1.882,1.845,1.88,104880.62287361
1766872800,2025-12-27 22:00:00,1.857,1.893,1.881,1.874,69195.27212262
1766876400,2025-12-27 23:00:00,1.869,1.925,1.874,1.909,269515.15035827
1766880000,2025-12-28 00:00:00,1.885,1.914,1.908,1.886,88286.85048102
1766883600,2025-12-28 01:00:00,1.872,1.887,1.886,1.881,54038.26121821
1766887200,2025-12-28 02:00:00,1.876,1.886,1.881,1.876,17351.04218993
1766890800,2025-12-28 03:00:00,1.867,1.882,1.876,1.867,19904.34269943
1766894400,2025-12-28 04:00:00,1.867,1.883,1.867,1.877,50108.59680797
1766898000,2025-12-28 05:00:00,1.877,1.893,1.878,1.888,29148.39939017
1766901600,2025-12-28 06:00:00,1.883,1.892,1.888,1.884,49264.3336523
1766905200,2025-12-28 07:00:00,1.885,1.895,1.886,1.891,23475.78754708
1766908800,2025-12-28 08:00:00,1.887,1.898,1.891,1.888,25581.15059018
1766912400,2025-12-28 09:00:00,1.877,1.889,1.888,1.88,110065.35091117
1766916000,2025-12-28 10:00:00,1.879,1.891,1.88,1.886,59864.97864777
1766919600,2025-12-28 11:00:00,1.875,1.892,1.886,1.879,23165.06173461
1766923200,2025-12-28 12:00:00,1.867,1.88,1.88,1.871,46533.0885154
1766926800,2025-12-28 13:00:00,1.87,1.879,1.87,1.876,18692.82970798
1766930400,2025-12-28 14:00:00,1.871,1.884,1.876,1.88,27307.519232
1766934000,2025-12-28 15:00:00,1.874,1.887,1.879,1.877,61168.07211485
1766937600,2025-12-28 16:00:00,1.869,1.877,1.877,1.872,74724.15751883
1766941200,2025-12-28 17:00:00,1.872,1.881,1.873,1.876,97158.79845468
1766944800,2025-12-28 18:00:00,1.842,1.877,1.877,1.843,195374.15014436
1766948400,2025-12-28 19:00:00,1.832,1.846,1.843,1.842,77856.38796612
1766952000,2025-12-28 20:00:00,1.837,1.846,1.843,1.837,36140.57115595
1766955600,2025-12-28 21:00:00,1.834,1.843,1.839,1.841,27599.04495009
1766959200,2025-12-28 22:00:00,1.827,1.846,1.841,1.846,127995.66245323
1766962800,2025-12-28 23:00:00,1.837,1.85,1.847,1.849,46369.27480142
1766966400,2025-12-29 00:00:00,1.842,1.867,1.849,1.859,86449.85937855
1766970000,2025-12-29 01:00:00,1.845,1.879,1.859,1.867,88103.15505107
1766973600,2025-12-29 02:00:00,1.856,1.883,1.868,1.867,669478.98508001
1766977200,2025-12-29 03:00:00,1.865,1.896,1.867,1.895,159217.21232985
1766980800,2025-12-29 04:00:00,1.888,1.902,1.896,1.889,119919.30861238
1766984400,2025-12-29 05:00:00,1.882,1.898,1.889,1.891,66336.96761107
1766988000,2025-12-29 06:00:00,1.886,1.898,1.89,1.89,66519.70223059
1766991600,2025-12-29 07:00:00,1.872,1.892,1.89,1.887,74919.76774014
1766995200,2025-12-29 08:00:00,1.87,1.889,1.886,1.873,38467.66828937
1766998800,2025-12-29 09:00:00,1.841,1.876,1.873,1.853,38395.87820869
1767002400,2025-12-29 10:00:00,1.851,1.866,1.853,1.86,59754.03224337
1767006000,2025-12-29 11:00:00,1.845,1.861,1.858,1.845,76673.12030727
1767009600,2025-12-29 12:00:00,1.816,1.852,1.845,1.834,151872.18439989
1767013200,2025-12-29 13:00:00,1.822,1.839,1.834,1.826,41585.90669676
1767016800,2025-12-29 14:00:00,1.823,1.856,1.825,1.836,121506.42565637
1767020400,2025-12-29 15:00:00,1.834,1.87,1.837,1.854,117148.01449611
1767024000,2025-12-29 16:00:00,1.833,1.857,1.854,1.845,65846.87960019
1767027600,2025-12-29 17:00:00,1.836,1.855,1.846,1.846,119740.44645262
1767031200,2025-12-29 18:00:00,1.83,1.85,1.847,1.835,78106.03072581
1767034800,2025-12-29 19:00:00,1.83,1.846,1.835,1.836,67082.26623276
1767038400,2025-12-29 20:00:00,1.828,1.846,1.837,1.831,78623.6376997
1767042000,2025-12-29 21:00:00,1.829,1.839,1.831,1.832,64946.40968523
1767045600,2025-12-29 22:00:00,1.826,1.836,1.831,1.833,78678.66925425
1767049200,2025-12-29 23:00:00,1.82,1.835,1.833,1.821,67274.50625356
1767052800,2025-12-30 00:00:00,1.8,1.826,1.822,1.809,134533.41461784
1767056400,2025-12-30 01:00:00,1.804,1.812,1.809,1.807,69392.27232244
1767060000,2025-12-30 02:00:00,1.795,1.812,1.806,1.802,74101.60703899
1767063600,2025-12-30 03:00:00,1.79,1.81,1.802,1.808,34615.11639276
1767067200,2025-12-30 04:00:00,1.802,1.813,1.807,1.802,28966.55387333
1767070800,2025-12-30 05:00:00,1.793,1.809,1.802,1.799,129411.86546338
1767074400,2025-12-30 06:00:00,1.798,1.817,1.799,1.812,65814.34870952
1767078000,2025-12-30 07:00:00,1.808,1.818,1.813,1.811,54807.67573486
1767081600,2025-12-30 08:00:00,1.813,1.839,1.813,1.829,104828.67046867
1767085200,2025-12-30 09:00:00,1.819,1.83,1.829,1.828,40952.59984969
1767088800,2025-12-30 10:00:00,1.822,1.832,1.828,1.825,50466.96927335
1767092400,2025-12-30 11:00:00,1.817,1.824,1.824,1.823,27675.5994554
1767096000,2025-12-30 12:00:00,1.819,1.83,1.822,1.819,31482.59427839
1767099600,2025-12-30 13:00:00,1.815,1.825,1.818,1.815,45543.41407208
1767103200,2025-12-30 14:00:00,1.796,1.833,1.815,1.827,136512.24690937
1767106800,2025-12-30 15:00:00,1.806,1.844,1.828,1.84,254389.94723483
1767110400,2025-12-30 16:00:00,1.822,1.844,1.841,1.83,140338.93880777
1767114000,2025-12-30 17:00:00,1.818,1.832,1.83,1.824,83017.25318109
1767117600,2025-12-30 18:00:00,1.814,1.828,1.824,1.818,77428.7929075
1767121200,2025-12-30 19:00:00,1.806,1.828,1.818,1.826,78910.58357356
1767124800,2025-12-30 20:00:00,1.814,1.828,1.827,1.816,60262.73720571
1767128400,2025-12-30 21:00:00,1.808,1.818,1.815,1.812,38794.02798814
1767132000,2025-12-30 22:00:00,1.806,1.816,1.811,1.807,36939.86043452
1767135600,2025-12-30 23:00:00,1.808,1.814,1.81,1.808,35140.39462701
1767139200,2025-12-31 00:00:00,1.798,1.81,1.808,1.809,37485.09800361
1767142800,2025-12-31 01:00:00,1.803,1.833,1.808,1.822,263678.66793463
1767146400,2025-12-31 02:00:00,1.818,1.827,1.822,1.822,92118.87126271
1767150000,2025-12-31 03:00:00,1.809,1.823,1.822,1.811,40170.2840939
1767153600,2025-12-31 04:00:00,1.808,1.816,1.81,1.812,49973.52899133
1767157200,2025-12-31 05:00:00,1.81,1.817,1.813,1.81,30715.27847976
1767160800,2025-12-31 06:00:00,1.804,1.813,1.809,1.81,62670.68246356
1767164400,2025-12-31 07:00:00,1.804,1.813,1.808,1.806,33984.68354201
1767168000,2025-12-31 08:00:00,1.802,1.814,1.806,1.803,42903.60378441
1767171600,2025-12-31 09:00:00,1.804,1.809,1.805,1.809,27979.82497036
1767175200,2025-12-31 10:00:00,1.801,1.81,1.808,1.804,62843.08894376
1767178800,2025-12-31 11:00:00,1.804,1.822,1.804,1.821,64301.9122392
1767182400,2025-12-31 12:00:00,1.808,1.822,1.822,1.81,57899.43999101
1767186000,2025-12-31 13:00:00,1.809,1.827,1.809,1.825,30527.03247725
1767189600,2025-12-31 14:00:00,1.809,1.842,1.825,1.819,244949.83895696
1767193200,2025-12-31 15:00:00,1.8,1.821,1.818,1.81,116739.90769682
1767196800,2025-12-31 16:00:00,1.762,1.811,1.811,1.777,290489.21553478
1767200400,2025-12-31 17:00:00,1.766,1.784,1.776,1.768,108745.09116209
1767204000,2025-12-31 18:00:00,1.763,1.78,1.768,1.771,137995.51392201
1767207600,2025-12-31 19:00:00,1.77,1.785,1.77,1.772,217029.09259689
1767211200,2025-12-31 20:00:00,1.762,1.786,1.771,1.782,165657.29460894
1767214800,2025-12-31 21:00:00,1.782,1.794,1.784,1.794,88270.86279879
1767218400,2025-12-31 22:00:00,1.781,1.794,1.793,1.781,175998.78683609
1767222000,2025-12-31 23:00:00,1.778,1.793,1.782,1.787,83518.67725126
1767225600,2026-01-01 00:00:00,1.776,1.789,1.788,1.776,112230.44466755
1767229200,2026-01-01 01:00:00,1.777,1.79,1.778,1.78,67991.77993632
1767232800,2026-01-01 02:00:00,1.774,1.781,1.78,1.777,99713.88692829
1767236400,2026-01-01 03:00:00,1.771,1.779,1.775,1.772,69186.99825112
1767240000,2026-01-01 04:00:00,1.762,1.773,1.772,1.768,97755.18718534
1767243600,2026-01-01 05:00:00,1.767,1.787,1.768,1.784,76262.18543623
1767247200,2026-01-01 06:00:00,1.78,1.785,1.784,1.782,44212.87820237
1767250800,2026-01-01 07:00:00,1.781,1.786,1.782,1.782,16080.88013152
1767254400,2026-01-01 08:00:00,1.782,1.792,1.782,1.792,18156.45257026
1767258000,2026-01-01 09:00:00,1.793,1.805,1.793,1.799,41408.29704262
1767261600,2026-01-01 10:00:00,1.795,1.801,1.799,1.801,28411.47748653
1767265200,2026-01-01 11:00:00,1.799,1.807,1.801,1.807,8194.78606859
1767268800,2026-01-01 12:00:00,1.802,1.815,1.807,1.812,31358.16334283
1767272400,2026-01-01 13:00:00,1.813,1.84,1.813,1.838,86040.35942034
1767276000,2026-01-01 14:00:00,1.829,1.873,1.839,1.86,762108.03356473
1767279600,2026-01-01 15:00:00,1.857,1.899,1.86,1.891,166902.71102141
1767283200,2026-01-01 16:00:00,1.892,1.915,1.893,1.903,184727.7874319
1767286800,2026-01-01 17:00:00,1.904,1.945,1.904,1.945,193260.58733034
1767290400,2026-01-01 18:00:00,1.937,1.978,1.945,1.974,271104.19635965
1767294000,2026-01-01 19:00:00,1.954,2.002,1.974,1.998,240458.38312398
1767297600,2026-01-01 20:00:00,1.977,2.011,1.999,1.987,187992.75586505
1767301200,2026-01-01 21:00:00,1.977,2.007,1.986,2.001,112211.14540026
1767304800,2026-01-01 22:00:00,1.988,2.029,2.002,2.017,156073.51350333
1767308400,2026-01-01 23:00:00,1.993,2.024,2.017,1.999,115401.3823301
1767312000,2026-01-02 00:00:00,1.986,2.005,1.997,1.994,56474.06082984
1767315600,2026-01-02 01:00:00,1.986,2,1.994,1.99,31487.98886386
1767319200,2026-01-02 02:00:00,1.981,2.001,1.989,1.997,53083.09857942
1767322800,2026-01-02 03:00:00,1.993,2.011,1.996,2.007,66984.06315607
1767326400,2026-01-02 04:00:00,1.981,2.009,2.008,1.985,64204.36383277
1767330000,2026-01-02 05:00:00,1.979,1.995,1.986,1.993,41621.32461871
1767333600,2026-01-02 06:00:00,1.991,2.001,1.995,1.992,38921.03985126
1767337200,2026-01-02 07:00:00,1.979,1.996,1.991,1.98,30090.68391828
1767340800,2026-01-02 08:00:00,1.967,1.987,1.981,1.975,58118.94978871
1767344400,2026-01-02 09:00:00,1.973,2.007,1.975,1.994,82525.41128893
1767348000,2026-01-02 10:00:00,1.988,2.001,1.994,1.996,151603.96481295
1767351600,2026-01-02 11:00:00,1.979,1.998,1.995,1.985,60872.38173284
1767355200,2026-01-02 12:00:00,1.978,2.005,1.985,2,39112.99494385
1767358800,2026-01-02 13:00:00,1.988,2.004,2,1.991,33872.509113
1767362400,2026-01-02 14:00:00,1.977,2.019,1.992,2.003,102989.58248522
1767366000,2026-01-02 15:00:00,1.985,2.022,2.004,2.006,101123.36958882
1767369600,2026-01-02 16:00:00,2.003,2.052,2.006,2.052,339465.16293916
1767373200,2026-01-02 17:00:00,2.039,2.066,2.052,2.05,662268.50802744
1767376800,2026-01-02 18:00:00,2.036,2.054,2.049,2.05,125068.14903792
1767380400,2026-01-02 19:00:00,2.045,2.124,2.05,2.112,247122.00672054
1767384000,2026-01-02 20:00:00,2.082,2.126,2.113,2.091,164546.62412002
1767387600,2026-01-02 21:00:00,2.079,2.134,2.092,2.118,333397.91481412
1767391200,2026-01-02 22:00:00,2.116,2.156,2.117,2.136,172546.1445606
1767394800,2026-01-02 23:00:00,2.13,2.169,2.136,2.166,178371.6348416
1767398400,2026-01-03 00:00:00,2.16,2.217,2.167,2.191,551072.3958837
1767402000,2026-01-03 01:00:00,2.161,2.197,2.193,2.167,201747.60311877
1767405600,2026-01-03 02:00:00,2.154,2.173,2.166,2.161,151002.97605724
1767409200,2026-01-03 03:00:00,2.147,2.168,2.161,2.161,71394.63247757
1767412800,2026-01-03 04:00:00,2.143,2.16,2.16,2.147,41079.58237663
1767416400,2026-01-03 05:00:00,2.136,2.153,2.148,2.144,35656.86864442
1767420000,2026-01-03 06:00:00,2.132,2.157,2.144,2.141,49264.31720277
1767423600,2026-01-03 07:00:00,2.109,2.145,2.141,2.112,127245.34633092
1767427200,2026-01-03 08:00:00,2.108,2.142,2.11,2.121,95776.6690084
1767430800,2026-01-03 09:00:00,2.11,2.132,2.12,2.123,29188.84363695
1767434400,2026-01-03 10:00:00,2.111,2.124,2.122,2.112,28373.71010547
1767438000,2026-01-03 11:00:00,2.11,2.119,2.112,2.111,50778.2078373
1767441600,2026-01-03 12:00:00,2.111,2.127,2.111,2.122,61175.26633146
1767445200,2026-01-03 13:00:00,2.111,2.132,2.122,2.121,157703.88757902
1767448800,2026-01-03 14:00:00,2.118,2.133,2.123,2.125,67171.01202962
1767452400,2026-01-03 15:00:00,2.123,2.139,2.124,2.13,21680.86918083
1767456000,2026-01-03 16:00:00,2.128,2.149,2.13,2.138,35784.21110575
1767459600,2026-01-03 17:00:00,2.122,2.141,2.14,2.131,25050.32944354
1767463200,2026-01-03 18:00:00,2.128,2.14,2.13,2.139,13579.22254537
1767466800,2026-01-03 19:00:00,2.132,2.14,2.138,2.134,20140.92722693
1767470400,2026-01-03 20:00:00,2.126,2.137,2.133,2.128,21949.73026178
1767474000,2026-01-03 21:00:00,2.121,2.145,2.127,2.122,73321.91267726
1767477600,2026-01-03 22:00:00,2.12,2.133,2.122,2.129,48514.50183005
1767481200,2026-01-03 23:00:00,2.122,2.13,2.127,2.123,67231.08723067
1767484800,2026-01-04 00:00:00,2.12,2.145,2.124,2.129,95373.92616683
1767488400,2026-01-04 01:00:00,2.115,2.131,2.128,2.126,26689.20636082
1767492000,2026-01-04 02:00:00,2.121,2.133,2.125,2.124,22354.27444696
1767495600,2026-01-04 03:00:00,2.125,2.139,2.125,2.128,32511.19914038
1767499200,2026-01-04 04:00:00,2.125,2.139,2.127,2.135,27304.88300784
1767502800,2026-01-04 05:00:00,2.132,2.146,2.135,2.146,13889.10058877
1767506400,2026-01-04 06:00:00,2.12,2.156,2.144,2.123,75011.80031939
1767510000,2026-01-04 07:00:00,2.122,2.143,2.124,2.136,15951.33012814
1767513600,2026-01-04 08:00:00,2.123,2.14,2.135,2.136,31226.79556205
1767517200,2026-01-04 09:00:00,2.128,2.152,2.136,2.145,39660.0944357
1767520800,2026-01-04 10:00:00,2.141,2.154,2.145,2.144,60182.81288784
1767524400,2026-01-04 11:00:00,2.136,2.157,2.143,2.155,37621.77345655
1767528000,2026-01-04 12:00:00,2.152,2.18,2.155,2.159,126853.50565816
1767531600,2026-01-04 13:00:00,2.147,2.163,2.158,2.162,30692.33466186
1767535200,2026-01-04 14:00:00,2.15,2.165,2.16,2.161,26020.4358446
1767538800,2026-01-04 15:00:00,2.155,2.168,2.16,2.166,19466.12331106
1767542400,2026-01-04 16:00:00,2.164,2.18,2.165,2.18,18175.23332041
1767546000,2026-01-04 17:00:00,2.161,2.179,2.178,2.165,222199.33654627
1767549600,2026-01-04 18:00:00,2.136,2.168,2.166,2.147,87640.42141949
1767553200,2026-01-04 19:00:00,2.119,2.146,2.146,2.136,138138.04656899
1767556800,2026-01-04 20:00:00,2.132,2.142,2.135,2.138,60971.96397792
1767560400,2026-01-04 21:00:00,2.13,2.153,2.138,2.137,64380.35914704
1767564000,2026-01-04 22:00:00,2.134,2.151,2.135,2.149,64000.56697221
1767567600,2026-01-04 23:00:00,2.135,2.16,2.147,2.142,35190.3338639
1767571200,2026-01-05 00:00:00,2.119,2.156,2.142,2.14,181476.36117102
1767574800,2026-01-05 01:00:00,2.125,2.172,2.14,2.162,194494.92270417
1767578400,2026-01-05 02:00:00,2.136,2.166,2.162,2.15,86513.29205917
1767582000,2026-01-05 03:00:00,2.139,2.157,2.149,2.153,29032.03343453
1767585600,2026-01-05 04:00:00,2.115,2.155,2.152,2.136,54541.27288718
1767589200,2026-01-05 05:00:00,2.124,2.141,2.135,2.126,22062.51924354
1767592800,2026-01-05 06:00:00,2.108,2.132,2.126,2.128,31885.27951427
1767596400,2026-01-05 07:00:00,2.123,2.149,2.127,2.145,64713.72440598
1767600000,2026-01-05 08:00:00,2.122,2.152,2.145,2.123,118979.48810054
1767603600,2026-01-05 09:00:00,2.108,2.123,2.123,2.113,51483.06464737
1767607200,2026-01-05 10:00:00,2.107,2.132,2.113,2.109,45426.70737035
1767610800,2026-01-05 11:00:00,2.095,2.115,2.109,2.114,73831.61852765
1767614400,2026-01-05 12:00:00,2.108,2.135,2.113,2.131,22390.98080037
1767618000,2026-01-05 13:00:00,2.113,2.134,2.131,2.125,20307.17168426
1767621600,2026-01-05 14:00:00,2.12,2.165,2.126,2.155,99533.36350334
1767625200,2026-01-05 15:00:00,2.141,2.202,2.155,2.196,152243.77721941
1767628800,2026-01-05 16:00:00,2.164,2.202,2.195,2.18,301460.45366297
1767632400,2026-01-05 17:00:00,2.154,2.207,2.181,2.2,108691.00092675
1767636000,2026-01-05 18:00:00,2.19,2.22,2.2,2.212,357868.08655136
1767639600,2026-01-05 19:00:00,2.183,2.212,2.212,2.191,85528.63668535
1767643200,2026-01-05 20:00:00,2.189,2.22,2.191,2.201,148502.90397059
1767646800,2026-01-05 21:00:00,2.197,2.215,2.2,2.208,142997.16648898
1767650400,2026-01-05 22:00:00,2.2,2.234,2.206,2.217,128802.52281631
1767654000,2026-01-05 23:00:00,2.203,2.219,2.216,2.207,65797.91721047
1767657600,2026-01-06 00:00:00,2.182,2.211,2.206,2.211,112754.63062361
1767661200,2026-01-06 01:00:00,2.2,2.239,2.211,2.202,174164.15689992
1767664800,2026-01-06 02:00:00,2.196,2.216,2.202,2.203,30099.68962419
1767668400,2026-01-06 03:00:00,2.201,2.227,2.202,2.219,25259.68226775
1767672000,2026-01-06 04:00:00,2.211,2.224,2.219,2.211,78082.59043698
1767675600,2026-01-06 05:00:00,2.208,2.227,2.211,2.208,68582.49204964
1767679200,2026-01-06 06:00:00,2.198,2.245,2.207,2.234,107844.19844601
1767682800,2026-01-06 07:00:00,2.179,2.234,2.234,2.187,56178.19831256
1767686400,2026-01-06 08:00:00,2.183,2.205,2.188,2.19,44661.43236315
1767690000,2026-01-06 09:00:00,2.186,2.202,2.19,2.186,29631.31412362
1767693600,2026-01-06 10:00:00,2.182,2.21,2.186,2.206,85636.75660139
1767697200,2026-01-06 11:00:00,2.204,2.223,2.206,2.218,71310.67670902
1767700800,2026-01-06 12:00:00,2.218,2.247,2.218,2.232,59711.8060594
1767704400,2026-01-06 13:00:00,2.219,2.238,2.234,2.225,125785.40413094
1767708000,2026-01-06 14:00:00,2.208,2.262,2.227,2.22,277081.20619376
1767711600,2026-01-06 15:00:00,2.184,2.237,2.22,2.198,250781.52008323
1767715200,2026-01-06 16:00:00,2.147,2.204,2.197,2.167,226114.63671198
1767718800,2026-01-06 17:00:00,2.116,2.185,2.166,2.119,243685.29575896
1767722400,2026-01-06 18:00:00,2.114,2.161,2.119,2.156,72181.52987274
1767726000,2026-01-06 19:00:00,2.145,2.158,2.156,2.148,29385.65311027
1767729600,2026-01-06 20:00:00,2.149,2.179,2.149,2.171,21222.91407119
1767733200,2026-01-06 21:00:00,2.164,2.228,2.17,2.223,206794.75614681
1767736800,2026-01-06 22:00:00,2.204,2.233,2.223,2.219,94366.90091328
1767740400,2026-01-06 23:00:00,2.219,2.241,2.219,2.234,106219.16205821
1767744000,2026-01-07 00:00:00,2.19,2.237,2.234,2.193,46688.00116595
1767747600,2026-01-07 01:00:00,2.179,2.202,2.193,2.183,76600.69515816
1767751200,2026-01-07 02:00:00,2.173,2.194,2.183,2.191,87209.05004164
1767754800,2026-01-07 03:00:00,2.183,2.203,2.192,2.189,15816.29517848
1767758400,2026-01-07 04:00:00,2.187,2.208,2.188,2.194,25174.25574468
1767762000,2026-01-07 05:00:00,2.193,2.213,2.194,2.194,14348.39101467
1767765600,2026-01-07 06:00:00,2.189,2.2,2.194,2.191,29238.44139702
1767769200,2026-01-07 07:00:00,2.192,2.238,2.192,2.237,108434.13772862
1767772800,2026-01-07 08:00:00,2.217,2.246,2.238,2.23,135572.37366043
1767776400,2026-01-07 09:00:00,2.178,2.234,2.229,2.181,107882.78012234
1767780000,2026-01-07 10:00:00,2.177,2.189,2.18,2.183,39093.63535192
1767783600,2026-01-07 11:00:00,2.179,2.197,2.181,2.197,84275.80801828
1767787200,2026-01-07 12:00:00,2.172,2.197,2.197,2.176,51413.35384833
1767790800,2026-01-07 13:00:00,2.164,2.187,2.178,2.166,72399.83978914
1767794400,2026-01-07 14:00:00,2.129,2.171,2.166,2.166,224073.03076829
1767798000,2026-01-07 15:00:00,2.125,2.165,2.165,2.135,122374.70051547
1767801600,2026-01-07 16:00:00,2.13,2.152,2.134,2.14,54624.08423177
1767805200,2026-01-07 17:00:00,2.137,2.171,2.14,2.151,45453.1684583
1767808800,2026-01-07 18:00:00,2.144,2.168,2.151,2.151,107638.82389562
1767812400,2026-01-07 19:00:00,2.127,2.155,2.152,2.142,64018.62861334
1767816000,2026-01-07 20:00:00,2.122,2.146,2.142,2.132,37402.99957159
1767819600,2026-01-07 21:00:00,2.129,2.138,2.132,2.131,41339.92872556
1767823200,2026-01-07 22:00:00,2.123,2.149,2.13,2.133,34822.34423485
1767826800,2026-01-07 23:00:00,2.119,2.157,2.131,2.141,37373.61542814
1767830400,2026-01-08 00:00:00,2.135,2.153,2.142,2.15,23506.29626367
1767834000,2026-01-08 01:00:00,2.141,2.154,2.149,2.147,70654.31107505
1767837600,2026-01-08 02:00:00,2.128,2.154,2.147,2.131,44865.65925014
1767841200,2026-01-08 03:00:00,2.116,2.146,2.132,2.118,22885.72554131
1767844800,2026-01-08 04:00:00,2.115,2.142,2.117,2.138,59142.66390717
1767848400,2026-01-08 05:00:00,2.13,2.148,2.138,2.132,26945.51043338
1767852000,2026-01-08 06:00:00,2.093,2.134,2.133,2.093,91817.02384806
1767855600,2026-01-08 07:00:00,2.081,2.129,2.095,2.126,113870.51895651
1767859200,2026-01-08 08:00:00,2.108,2.138,2.127,2.113,22443.9997637
1767862800,2026-01-08 09:00:00,2.091,2.121,2.112,2.095,36030.86025513
1767866400,2026-01-08 10:00:00,2.081,2.128,2.095,2.123,172911.16609928
1767870000,2026-01-08 11:00:00,2.106,2.126,2.123,2.123,81697.84291101
1767873600,2026-01-08 12:00:00,2.092,2.123,2.123,2.1,48749.6885043
1767877200,2026-01-08 13:00:00,2.086,2.103,2.1,2.103,31456.42760518
1767880800,2026-01-08 14:00:00,2.086,2.122,2.101,2.117,135078.35825756
1767884400,2026-01-08 15:00:00,2.107,2.154,2.119,2.153,110733.85300506
1767888000,2026-01-08 16:00:00,2.123,2.156,2.154,2.146,100161.64686201
1767891600,2026-01-08 17:00:00,2.13,2.151,2.147,2.146,55597.77357846
1767895200,2026-01-08 18:00:00,2.113,2.149,2.146,2.118,58804.47678719
1767898800,2026-01-08 19:00:00,2.11,2.131,2.117,2.111,56695.65797744
1767902400,2026-01-08 20:00:00,2.092,2.11,2.11,2.106,36313.28549495
1767906000,2026-01-08 21:00:00,2.103,2.122,2.105,2.119,24070.6862441
1767909600,2026-01-08 22:00:00,2.105,2.129,2.119,2.119,34061.11527851
1767913200,2026-01-08 23:00:00,2.108,2.123,2.118,2.11,6441.52766948
1767916800,2026-01-09 00:00:00,2.094,2.116,2.11,2.104,92952.04219091
1767920400,2026-01-09 01:00:00,2.084,2.123,2.104,2.095,170088.63309033
1767924000,2026-01-09 02:00:00,2.089,2.113,2.094,2.09,35906.32940273
1767927600,2026-01-09 03:00:00,2.087,2.11,2.089,2.11,59011.93533521
1767931200,2026-01-09 04:00:00,2.098,2.111,2.111,2.102,21279.43877649
1767934800,2026-01-09 05:00:00,2.094,2.106,2.103,2.106,30294.36946112
1767938400,2026-01-09 06:00:00,2.1,2.114,2.105,2.112,113892.54912934
1767942000,2026-01-09 07:00:00,2.101,2.111,2.111,2.101,97305.3957822
1767945600,2026-01-09 08:00:00,2.058,2.105,2.103,2.071,125850.50920051
1767949200,2026-01-09 09:00:00,2.069,2.092,2.071,2.08,42882.49469165
1767952800,2026-01-09 10:00:00,2.075,2.085,2.08,2.08,22300.63881307
1767956400,2026-01-09 11:00:00,2.077,2.088,2.08,2.078,21421.78356952
1767960000,2026-01-09 12:00:00,2.048,2.083,2.077,2.056,62907.74569106
1767963600,2026-01-09 13:00:00,2.055,2.081,2.056,2.068,160530.89788172
1767967200,2026-01-09 14:00:00,2.047,2.069,2.068,2.058,83567.62233115
1767970800,2026-01-09 15:00:00,2.049,2.137,2.06,2.105,218052.28406025
1767974400,2026-01-09 16:00:00,2.103,2.141,2.106,2.121,115913.31313115
1767978000,2026-01-09 17:00:00,2.09,2.121,2.12,2.106,118162.67590159
1767981600,2026-01-09 18:00:00,2.061,2.11,2.106,2.081,49579.5320707
1767985200,2026-01-09 19:00:00,2.056,2.081,2.08,2.061,54741.8546684
1767988800,2026-01-09 20:00:00,2.059,2.085,2.061,2.073,112447.76076597
1767992400,2026-01-09 21:00:00,2.069,2.091,2.073,2.082,126504.90471167
1767996000,2026-01-09 22:00:00,2.076,2.092,2.081,2.086,32453.16048046
1767999600,2026-01-09 23:00:00,2.079,2.09,2.087,2.08,64650.38666187
1768003200,2026-01-10 00:00:00,2.073,2.084,2.081,2.078,41787.92199065
1768006800,2026-01-10 01:00:00,2.078,2.089,2.079,2.086,13569.39877544
1768010400,2026-01-10 02:00:00,2.068,2.086,2.085,2.074,28237.60109641
1768014000,2026-01-10 03:00:00,2.067,2.088,2.074,2.087,155131.20642414
1768017600,2026-01-10 04:00:00,2.075,2.089,2.086,2.084,133144.10236217
1768021200,2026-01-10 05:00:00,2.082,2.092,2.085,2.083,37957.01948599
1768024800,2026-01-10 06:00:00,2.074,2.089,2.083,2.083,16206.00542474
1768028400,2026-01-10 07:00:00,2.083,2.113,2.083,2.098,97038.63810982
1768032000,2026-01-10 08:00:00,2.078,2.1,2.098,2.088,135562.76125695
1768035600,2026-01-10 09:00:00,2.088,2.105,2.089,2.103,40752.0505427
1768039200,2026-01-10 10:00:00,2.094,2.105,2.103,2.104,19995.23568562
1768042800,2026-01-10 11:00:00,2.098,2.105,2.103,2.105,10278.41678386
1768046400,2026-01-10 12:00:00,2.102,2.123,2.105,2.121,41766.66933797
1768050000,2026-01-10 13:00:00,2.115,2.127,2.121,2.122,49403.52033029
1768053600,2026-01-10 14:00:00,2.108,2.123,2.121,2.116,43958.21345298
1768057200,2026-01-10 15:00:00,2.112,2.121,2.115,2.115,19258.42878093
1768060800,2026-01-10 16:00:00,2.099,2.114,2.114,2.105,19935.13726494
1768064400,2026-01-10 17:00:00,2.094,2.116,2.106,2.099,17757.17762732
1768068000,2026-01-10 18:00:00,2.094,2.106,2.099,2.099,17449.85041407
1768071600,2026-01-10 19:00:00,2.1,2.125,2.1,2.125,31003.56547984
1768075200,2026-01-10 20:00:00,2.111,2.128,2.126,2.112,19268.06789669
1768078800,2026-01-10 21:00:00,2.099,2.114,2.111,2.099,17247.12355121
1768082400,2026-01-10 22:00:00,2.081,2.105,2.099,2.084,17826.05313619
1768086000,2026-01-10 23:00:00,2.085,2.095,2.085,2.09,13959.42389357
1768089600,2026-01-11 00:00:00,2.082,2.092,2.09,2.089,19331.93595093
1768093200,2026-01-11 01:00:00,2.088,2.094,2.088,2.094,5566.78752859
1768096800,2026-01-11 02:00:00,2.09,2.101,2.094,2.093,35458.70254169
1768100400,2026-01-11 03:00:00,2.092,2.099,2.094,2.097,19409.50592097
1768104000,2026-01-11 04:00:00,2.092,2.105,2.097,2.103,35725.63868359
1768107600,2026-01-11 05:00:00,2.1,2.108,2.104,2.104,18774.05888895
1768111200,2026-01-11 06:00:00,2.096,2.109,2.103,2.109,30166.66419178
1768114800,2026-01-11 07:00:00,2.104,2.114,2.108,2.113,25038.63966927
1768118400,2026-01-11 08:00:00,2.106,2.116,2.112,2.112,29280.83442296
1768122000,2026-01-11 09:00:00,2.108,2.116,2.112,2.111,15991.68361389
1768125600,2026-01-11 10:00:00,2.103,2.113,2.11,2.106,15582.16205044
1768129200,2026-01-11 11:00:00,2.103,2.112,2.107,2.108,22568.85957364
1768132800,2026-01-11 12:00:00,2.106,2.122,2.107,2.119,24040.2341358
1768136400,2026-01-11 13:00:00,2.097,2.121,2.121,2.099,21178.73099648
1768140000,2026-01-11 14:00:00,2.095,2.113,2.099,2.109,24088.50734384
1768143600,2026-01-11 15:00:00,2.068,2.11,2.108,2.075,28804.97625085
1768147200,2026-01-11 16:00:00,2.07,2.11,2.075,2.094,97776.9071741
1768150800,2026-01-11 17:00:00,2.083,2.103,2.094,2.1,21466.13922953
1768154400,2026-01-11 18:00:00,2.085,2.099,2.099,2.094,13109.22934511
1768158000,2026-01-11 19:00:00,2.083,2.099,2.094,2.087,24585.09102079
1768161600,2026-01-11 20:00:00,2.058,2.086,2.086,2.065,33207.36614276
1768165200,2026-01-11 21:00:00,2.053,2.073,2.064,2.07,56147.44607226
1768168800,2026-01-11 22:00:00,2.046,2.069,2.069,2.046,23345.5569529
1768172400,2026-01-11 23:00:00,2.033,2.072,2.048,2.068,101650.25580355
1768176000,2026-01-12 00:00:00,2.045,2.081,2.067,2.077,140177.35340052
1768179600,2026-01-12 01:00:00,2.072,2.103,2.077,2.096,163720.63144145
1768183200,2026-01-12 02:00:00,2.095,2.14,2.097,2.135,108065.48719214
1768186800,2026-01-12 03:00:00,2.112,2.149,2.135,2.113,95510.83739239
1768190400,2026-01-12 04:00:00,2.109,2.132,2.113,2.127,25725.55499254
1768194000,2026-01-12 05:00:00,2.117,2.133,2.126,2.118,45965.09331851
1768197600,2026-01-12 06:00:00,2.097,2.119,2.118,2.1,25803.49955357
1768201200,2026-01-12 07:00:00,2.061,2.114,2.1,2.061,61148.21100952
1768204800,2026-01-12 08:00:00,2.031,2.078,2.062,2.048,116381.17339879
1768208400,2026-01-12 09:00:00,2.043,2.056,2.047,2.05,48157.89900293
1768212000,2026-01-12 10:00:00,2.042,2.057,2.05,2.045,32573.82125144
1768215600,2026-01-12 11:00:00,2.045,2.06,2.045,2.056,35755.71731312
1768219200,2026-01-12 12:00:00,2.046,2.059,2.055,2.048,27954.98866122
1768222800,2026-01-12 13:00:00,2.028,2.052,2.047,2.034,46818.61545566
1768226400,2026-01-12 14:00:00,2.016,2.066,2.036,2.058,121372.79421152
1768230000,2026-01-12 15:00:00,2.049,2.087,2.058,2.086,77256.66038564
1768233600,2026-01-12 16:00:00,2.079,2.114,2.086,2.086,103368.0220956
1768237200,2026-01-12 17:00:00,2.052,2.094,2.085,2.071,90197.35006237
1768240800,2026-01-12 18:00:00,2.063,2.086,2.07,2.067,78525.11193344
1768244400,2026-01-12 19:00:00,2.059,2.075,2.066,2.073,25269.14282589
1768248000,2026-01-12 20:00:00,2.054,2.083,2.073,2.057,32883.63070113
1768251600,2026-01-12 21:00:00,2.037,2.059,2.057,2.047,33011.38207229
1768255200,2026-01-12 22:00:00,2.048,2.058,2.048,2.053,35765.81141771
1768258800,2026-01-12 23:00:00,2.042,2.059,2.053,2.051,90346.01800349
1768262400,2026-01-13 00:00:00,2.05,2.066,2.051,2.066,83575.44879132
1768266000,2026-01-13 01:00:00,2.064,2.08,2.066,2.077,66340.83996714
1768269600,2026-01-13 02:00:00,2.056,2.094,2.076,2.056,88691.0341295
1768273200,2026-01-13 03:00:00,2.051,2.064,2.057,2.062,35874.99250282
1768276800,2026-01-13 04:00:00,2.063,2.078,2.063,2.078,114759.70118478
1768280400,2026-01-13 05:00:00,2.079,2.104,2.079,2.091,81844.50777644
1768284000,2026-01-13 06:00:00,2.087,2.098,2.091,2.095,52772.36199594
1768287600,2026-01-13 07:00:00,2.075,2.095,2.095,2.077,22407.58035787
1768291200,2026-01-13 08:00:00,2.075,2.093,2.078,2.09,72688.33771443
1768294800,2026-01-13 09:00:00,2.07,2.098,2.09,2.081,91060.50726953
1768298400,2026-01-13 10:00:00,2.073,2.084,2.082,2.081,48035.91582974
1768302000,2026-01-13 11:00:00,2.076,2.089,2.082,2.086,50290.2009893
1768305600,2026-01-13 12:00:00,2.079,2.106,2.087,2.105,58360.16109774
1768309200,2026-01-13 13:00:00,2.103,2.142,2.106,2.14,366030.40462586
1768312800,2026-01-13 14:00:00,2.131,2.223,2.14,2.184,817888.03039252
1768316400,2026-01-13 15:00:00,2.173,2.247,2.184,2.247,450483.17979939
1768320000,2026-01-13 16:00:00,2.245,2.34,2.246,2.263,799121.75496714
1768323600,2026-01-13 17:00:00,2.225,2.268,2.265,2.245,262179.57906847
1768327200,2026-01-13 18:00:00,2.229,2.258,2.245,2.229,153574.78440714
1768330800,2026-01-13 19:00:00,2.229,2.259,2.229,2.249,311123.54029158
1768334400,2026-01-13 20:00:00,2.214,2.252,2.25,2.226,182416.92639783
1768338000,2026-01-13 21:00:00,2.225,2.256,2.226,2.25,154010.49279269
1768341600,2026-01-13 22:00:00,2.251,2.328,2.251,2.326,619728.27105998
1768345200,2026-01-13 23:00:00,2.271,2.332,2.327,2.282,245770.44078004
1768348800,2026-01-14 00:00:00,2.265,2.296,2.282,2.281,166695.7782814
1768352400,2026-01-14 01:00:00,2.269,2.286,2.281,2.271,114844.48155447
1768356000,2026-01-14 02:00:00,2.261,2.283,2.272,2.269,82047.13788489
1768359600,2026-01-14 03:00:00,2.259,2.279,2.269,2.279,66578.70814783
1768363200,2026-01-14 04:00:00,2.26,2.284,2.279,2.268,171059.58184285
1768366800,2026-01-14 05:00:00,2.258,2.278,2.267,2.275,57683.74112866
1768370400,2026-01-14 06:00:00,2.263,2.292,2.275,2.291,90385.27574547
1768374000,2026-01-14 07:00:00,2.27,2.297,2.292,2.277,95863.80335984
1768377600,2026-01-14 08:00:00,2.276,2.293,2.276,2.281,35411.15139747
1768381200,2026-01-14 09:00:00,2.26,2.296,2.283,2.283,202441.71791244
1768384800,2026-01-14 10:00:00,2.271,2.292,2.283,2.272,134343.45282392
1768388400,2026-01-14 11:00:00,2.25,2.272,2.271,2.252,169900.81276918
1768392000,2026-01-14 12:00:00,2.251,2.262,2.252,2.255,68403.37773878
1768395600,2026-01-14 13:00:00,2.235,2.259,2.255,2.238,73419.46871078
1768399200,2026-01-14 14:00:00,2.238,2.281,2.238,2.268,136193.50319054
1768402800,2026-01-14 15:00:00,2.25,2.298,2.268,2.266,339254.19003081
1768406400,2026-01-14 16:00:00,2.257,2.283,2.266,2.261,122710.43111949
1768410000,2026-01-14 17:00:00,2.234,2.271,2.261,2.237,159040.74587016
1768413600,2026-01-14 18:00:00,2.195,2.246,2.237,2.215,376748.99611074
1768417200,2026-01-14 19:00:00,2.21,2.254,2.214,2.24,223756.22664208
1768420800,2026-01-14 20:00:00,2.234,2.256,2.239,2.243,72004.14444285
1768424400,2026-01-14 21:00:00,2.226,2.246,2.243,2.236,47221.45393395
1768428000,2026-01-14 22:00:00,2.213,2.235,2.234,2.217,39147.73283026
1768431600,2026-01-14 23:00:00,2.216,2.233,2.217,2.224,57888.78902822
1768435200,2026-01-15 00:00:00,2.217,2.231,2.224,2.226,92624.3400098
1768438800,2026-01-15 01:00:00,2.214,2.237,2.227,2.215,65981.04875424
1768442400,2026-01-15 02:00:00,2.188,2.219,2.214,2.196,100763.09368409
1768446000,2026-01-15 03:00:00,2.157,2.201,2.196,2.167,128294.52037367
1768449600,2026-01-15 04:00:00,2.164,2.186,2.166,2.177,176482.2319916
1768453200,2026-01-15 05:00:00,2.171,2.184,2.177,2.175,46715.61369194
1768456800,2026-01-15 06:00:00,2.173,2.184,2.173,2.176,41553.04983938
1768460400,2026-01-15 07:00:00,2.175,2.202,2.175,2.197,49203.71585997
1768464000,2026-01-15 08:00:00,2.183,2.198,2.196,2.191,49488.86046187
1768467600,2026-01-15 09:00:00,2.182,2.212,2.19,2.208,62599.48467233
1768471200,2026-01-15 10:00:00,2.199,2.208,2.208,2.203,81245.85386178
1768474800,2026-01-15 11:00:00,2.196,2.211,2.204,2.2,163648.33915428
1768478400,2026-01-15 12:00:00,2.201,2.222,2.201,2.221,42073.62102957
1768482000,2026-01-15 13:00:00,2.218,2.236,2.22,2.225,48540.31279087
1768485600,2026-01-15 14:00:00,2.18,2.234,2.224,2.195,107288.13865344
1768489200,2026-01-15 15:00:00,2.128,2.207,2.194,2.163,157539.31108601
1768492800,2026-01-15 16:00:00,2.143,2.172,2.162,2.163,79715.06232638
1768496400,2026-01-15 17:00:00,2.137,2.171,2.164,2.141,159073.96068706
1768500000,2026-01-15 18:00:00,2.109,2.144,2.141,2.114,118818.94703742
1768503600,2026-01-15 19:00:00,2.098,2.122,2.114,2.12,114842.88260038
1768507200,2026-01-15 20:00:00,2.096,2.129,2.119,2.104,86501.10512665
1768510800,2026-01-15 21:00:00,2.103,2.115,2.103,2.114,189706.19217817
1768514400,2026-01-15 22:00:00,2.109,2.127,2.114,2.111,59164.61238741
1768518000,2026-01-15 23:00:00,2.103,2.12,2.111,2.116,45469.17911723
1768521600,2026-01-16 00:00:00,2.113,2.123,2.116,2.116,48564.40977983
1768525200,2026-01-16 01:00:00,2.112,2.124,2.115,2.119,113057.09865487
1768528800,2026-01-16 02:00:00,2.103,2.133,2.118,2.13,61921.69349497
1768532400,2026-01-16 03:00:00,2.11,2.13,2.13,2.111,25997.56887029
1768536000,2026-01-16 04:00:00,2.097,2.114,2.111,2.104,52649.30589597
1768539600,2026-01-16 05:00:00,2.104,2.126,2.104,2.121,78261.21963936
1768543200,2026-01-16 06:00:00,2.119,2.136,2.122,2.136,71323.48053905
1768546800,2026-01-16 07:00:00,2.133,2.15,2.135,2.137,115758.79879127
1768550400,2026-01-16 08:00:00,2.132,2.155,2.137,2.15,86385.57713133
1768554000,2026-01-16 09:00:00,2.139,2.153,2.149,2.14,33841.22912765
1768557600,2026-01-16 10:00:00,2.134,2.141,2.141,2.135,13521.02523371
1768561200,2026-01-16 11:00:00,2.119,2.139,2.136,2.129,30554.53201839
1768564800,2026-01-16 12:00:00,2.116,2.128,2.128,2.12,22490.81926124
1768568400,2026-01-16 13:00:00,2.101,2.122,2.12,2.108,92069.47238552
1768572000,2026-01-16 14:00:00,2.108,2.126,2.108,2.112,59300.13743326
1768575600,2026-01-16 15:00:00,2.062,2.125,2.113,2.073,164631.70230308
1768579200,2026-01-16 16:00:00,2.056,2.081,2.072,2.072,160458.92460373
1768582800,2026-01-16 17:00:00,2.059,2.089,2.071,2.087,251139.16245618
1768586400,2026-01-16 18:00:00,2.081,2.091,2.088,2.083,46911.0167905
1768590000,2026-01-16 19:00:00,2.074,2.097,2.082,2.091,54842.01821127
1768593600,2026-01-16 20:00:00,2.083,2.128,2.091,2.127,104370.64796848
1768597200,2026-01-16 21:00:00,2.124,2.136,2.128,2.126,220560.69303791
1768600800,2026-01-16 22:00:00,2.121,2.137,2.132,2.128,59939.6279497
1768604400,2026-01-16 23:00:00,2.114,2.127,2.127,2.118,57440.26643505
1768608000,2026-01-17 00:00:00,2.112,2.131,2.118,2.126,49049.15694889
1768611600,2026-01-17 01:00:00,2.122,2.136,2.126,2.125,41624.2316352
1768615200,2026-01-17 02:00:00,2.117,2.128,2.124,2.121,67495.89947411
1768618800,2026-01-17 03:00:00,2.118,2.131,2.121,2.128,23506.88308079
1768622400,2026-01-17 04:00:00,2.121,2.134,2.127,2.132,38449.72366455
1768626000,2026-01-17 05:00:00,2.131,2.138,2.132,2.133,55833.82747967
1768629600,2026-01-17 06:00:00,2.132,2.144,2.133,2.138,23042.65107925
1768633200,2026-01-17 07:00:00,2.132,2.159,2.138,2.156,70601.14576718
1768636800,2026-01-17 08:00:00,2.156,2.192,2.156,2.185,122620.90431905
1768640400,2026-01-17 09:00:00,2.18,2.209,2.186,2.186,170035.14867911
1768644000,2026-01-17 10:00:00,2.185,2.234,2.186,2.216,295817.06812052
1768647600,2026-01-17 11:00:00,2.179,2.215,2.215,2.18,132757.7468429
1768651200,2026-01-17 12:00:00,2.177,2.216,2.18,2.212,111511.90504755
1768654800,2026-01-17 13:00:00,2.198,2.214,2.212,2.2,114286.70252859
1768658400,2026-01-17 14:00:00,2.187,2.225,2.199,2.222,58826.86578578
1768662000,2026-01-17 15:00:00,2.192,2.227,2.222,2.208,173559.59934065
1768665600,2026-01-17 16:00:00,2.183,2.215,2.207,2.203,136828.34918893
1768669200,2026-01-17 17:00:00,2.194,2.21,2.203,2.205,62202.25633932
1768672800,2026-01-17 18:00:00,2.2,2.213,2.204,2.206,49203.79222637
1768676400,2026-01-17 19:00:00,2.191,2.21,2.204,2.199,78742.51689127
1768680000,2026-01-17 20:00:00,2.187,2.203,2.199,2.192,118910.63260625
1768683600,2026-01-17 21:00:00,2.182,2.191,2.191,2.189,58719.7920567
1768687200,2026-01-17 22:00:00,2.172,2.195,2.189,2.179,112984.86245538
1768690800,2026-01-17 23:00:00,2.172,2.187,2.178,2.177,40959.4901655
1768694400,2026-01-18 00:00:00,2.177,2.201,2.178,2.184,47030.7152644
1768698000,2026-01-18 01:00:00,2.162,2.189,2.184,2.169,130885.91278072
1768701600,2026-01-18 02:00:00,2.159,2.177,2.169,2.162,36253.86724148
1768705200,2026-01-18 03:00:00,2.16,2.172,2.162,2.162,43544.81227347
1768708800,2026-01-18 04:00:00,2.152,2.163,2.16,2.158,54274.51428678
1768712400,2026-01-18 05:00:00,2.151,2.158,2.157,2.158,23224.65264283
1768716000,2026-01-18 06:00:00,2.145,2.16,2.158,2.151,31758.93442262
1768719600,2026-01-18 07:00:00,2.14,2.158,2.15,2.15,48252.59465674
1768723200,2026-01-18 08:00:00,2.146,2.159,2.151,2.157,122333.99925389
1768726800,2026-01-18 09:00:00,2.147,2.163,2.158,2.155,100725.18548113
1768730400,2026-01-18 10:00:00,2.143,2.156,2.155,2.143,26292.62967892
1768734000,2026-01-18 11:00:00,2.141,2.152,2.143,2.148,38791.82197235
1768737600,2026-01-18 12:00:00,2.142,2.153,2.148,2.144,28132.43040778
1768741200,2026-01-18 13:00:00,2.138,2.155,2.146,2.145,60294.93913141
1768744800,2026-01-18 14:00:00,2.135,2.161,2.145,2.136,67504.82336661
1768748400,2026-01-18 15:00:00,2.13,2.17,2.135,2.161,89867.1916309
1768752000,2026-01-18 16:00:00,2.158,2.176,2.162,2.163,36549.34975125
1768755600,2026-01-18 17:00:00,2.149,2.164,2.164,2.158,74311.14148299
1768759200,2026-01-18 18:00:00,2.156,2.189,2.158,2.186,77447.68714057
1768762800,2026-01-18 19:00:00,2.165,2.189,2.188,2.17,22456.83472286
1768766400,2026-01-18 20:00:00,2.166,2.188,2.17,2.179,26137.77249526
1768770000,2026-01-18 21:00:00,2.172,2.184,2.18,2.179,26907.09060583
1768773600,2026-01-18 22:00:00,2.177,2.197,2.18,2.195,52516.94847102
1768777200,2026-01-18 23:00:00,2.062,2.195,2.195,2.064,213114.31958644
1768780800,2026-01-19 00:00:00,1.871,2.063,2.063,1.955,850962.58657577
1768784400,2026-01-19 01:00:00,1.945,1.974,1.954,1.96,199985.16947161
1768788000,2026-01-19 02:00:00,1.955,1.973,1.96,1.964,88837.12397444
1768791600,2026-01-19 03:00:00,1.958,1.982,1.963,1.978,84271.59790012
1768795200,2026-01-19 04:00:00,1.959,1.982,1.977,1.959,68427.97021534
1768798800,2026-01-19 05:00:00,1.955,1.975,1.96,1.971,118746.80793287
1768802400,2026-01-19 06:00:00,1.956,1.978,1.971,1.957,251954.49381913
1768806000,2026-01-19 07:00:00,1.954,1.972,1.958,1.967,124098.62691295
1768809600,2026-01-19 08:00:00,1.966,1.999,1.967,1.995,171840.65360177
1768813200,2026-01-19 09:00:00,1.978,1.994,1.994,1.978,47044.77047289
1768816800,2026-01-19 10:00:00,1.971,1.979,1.977,1.976,42067.71657203
1768820400,2026-01-19 11:00:00,1.971,1.984,1.976,1.972,57949.43377309
1768824000,2026-01-19 12:00:00,1.966,1.976,1.972,1.972,103658.99878602
1768827600,2026-01-19 13:00:00,1.969,1.98,1.973,1.973,72540.19250319
1768831200,2026-01-19 14:00:00,1.969,1.989,1.972,1.977,42266.21429633
1768834800,2026-01-19 15:00:00,1.97,1.984,1.977,1.975,57678.19316521
1768838400,2026-01-19 16:00:00,1.975,2.023,1.975,2.017,141622.52753713
1768842000,2026-01-19 17:00:00,2.004,2.028,2.017,2.014,122940.97074277
1768845600,2026-01-19 18:00:00,2.003,2.023,2.016,2.023,64918.89078091
1768849200,2026-01-19 19:00:00,2.024,2.063,2.024,2.046,267823.53416844
1768852800,2026-01-19 20:00:00,2.032,2.049,2.047,2.033,106414.97232988
1768856400,2026-01-19 21:00:00,2.019,2.038,2.033,2.02,137870.61459966
1768860000,2026-01-19 22:00:00,2.006,2.027,2.02,2.01,61247.81933578
1768863600,2026-01-19 23:00:00,2.005,2.038,2.011,2.028,75270.3970057
1768867200,2026-01-20 00:00:00,2.017,2.03,2.028,2.02,45535.70554147
1768870800,2026-01-20 01:00:00,2.013,2.036,2.02,2.023,31804.0886611
1768874400,2026-01-20 02:00:00,2.014,2.049,2.023,2.043,85716.20346827
1768878000,2026-01-20 03:00:00,2.018,2.046,2.044,2.032,58640.84565349
1768881600,2026-01-20 04:00:00,2.018,2.049,2.031,2.034,258260.04436296
1768885200,2026-01-20 05:00:00,2.022,2.045,2.035,2.026,156696.44351423
1768888800,2026-01-20 06:00:00,1.983,2.025,2.025,1.989,144886.67990929
1768892400,2026-01-20 07:00:00,1.987,2.004,1.988,1.988,60851.09295816
1768896000,2026-01-20 08:00:00,1.971,1.994,1.99,1.985,117572.54325571
1768899600,2026-01-20 09:00:00,1.976,1.992,1.985,1.981,51908.41527979
1768903200,2026-01-20 10:00:00,1.974,1.992,1.98,1.975,69157.54160883
1768906800,2026-01-20 11:00:00,1.957,1.983,1.975,1.958,165816.85815787
1768910400,2026-01-20 12:00:00,1.955,1.981,1.959,1.973,92024.17227186
1768914000,2026-01-20 13:00:00,1.934,1.972,1.972,1.938,106486.66305838
1768917600,2026-01-20 14:00:00,1.939,1.973,1.939,1.958,126015.58274541
1768921200,2026-01-20 15:00:00,1.929,1.96,1.957,1.939,150555.75394058
1768924800,2026-01-20 16:00:00,1.903,1.949,1.939,1.911,109513.77227484
1768928400,2026-01-20 17:00:00,1.894,1.925,1.911,1.908,146910.38824872
1768932000,2026-01-20 18:00:00,1.894,1.914,1.909,1.905,98982.31480691
1768935600,2026-01-20 19:00:00,1.905,1.916,1.906,1.91,75486.98460123
1768939200,2026-01-20 20:00:00,1.909,1.932,1.909,1.93,157294.79834852
1768942800,2026-01-20 21:00:00,1.908,1.93,1.93,1.911,42847.16122399
1768946400,2026-01-20 22:00:00,1.883,1.917,1.911,1.904,58987.5775497
1768950000,2026-01-20 23:00:00,1.891,1.906,1.905,1.896,75674.89409911
1768953600,2026-01-21 00:00:00,1.893,1.929,1.895,1.929,68555.07513096
1768957200,2026-01-21 01:00:00,1.926,1.939,1.929,1.934,47917.41385808
1768960800,2026-01-21 02:00:00,1.937,1.956,1.937,1.953,79658.83262159
1768964400,2026-01-21 03:00:00,1.944,1.958,1.953,1.945,38553.87135879
1768968000,2026-01-21 04:00:00,1.941,1.948,1.944,1.945,17198.28547909
1768971600,2026-01-21 05:00:00,1.943,1.957,1.944,1.955,61699.70567805
1768975200,2026-01-21 06:00:00,1.939,1.955,1.955,1.939,71515.20464056
1768978800,2026-01-21 07:00:00,1.936,1.952,1.939,1.942,36669.7347584
1768982400,2026-01-21 08:00:00,1.925,1.947,1.942,1.938,26301.15386611
1768986000,2026-01-21 09:00:00,1.929,1.938,1.938,1.934,25582.44499976
1768989600,2026-01-21 10:00:00,1.928,1.946,1.934,1.928,24403.83767554
1768993200,2026-01-21 11:00:00,1.915,1.938,1.928,1.917,77613.21846614
1768996800,2026-01-21 12:00:00,1.893,1.92,1.916,1.918,113738.34427246
1769000400,2026-01-21 13:00:00,1.903,1.928,1.92,1.908,53155.51572084
1769004000,2026-01-21 14:00:00,1.907,1.976,1.908,1.969,224003.2811154
1769007600,2026-01-21 15:00:00,1.949,1.977,1.968,1.967,84721.18343192
1769011200,2026-01-21 16:00:00,1.889,1.967,1.967,1.901,170955.20661526
1769014800,2026-01-21 17:00:00,1.871,1.914,1.902,1.897,130099.31689941
1769018400,2026-01-21 18:00:00,1.887,1.921,1.897,1.914,88980.9282394
1769022000,2026-01-21 19:00:00,1.906,1.991,1.914,1.991,230043.11376306
1769025600,2026-01-21 20:00:00,1.958,1.997,1.991,1.985,153423.89405377
1769029200,2026-01-21 21:00:00,1.979,1.996,1.986,1.988,86915.34817688
1769032800,2026-01-21 22:00:00,1.966,1.998,1.987,1.97,60365.15686884
1769036400,2026-01-21 23:00:00,1.941,1.974,1.97,1.953,54535.26137394
1769040000,2026-01-22 00:00:00,1.952,1.969,1.952,1.961,167411.3032227
1769043600,2026-01-22 01:00:00,1.96,1.978,1.962,1.976,37407.3087372
1769047200,2026-01-22 02:00:00,1.962,1.98,1.976,1.966,23238.26376804
1769050800,2026-01-22 03:00:00,1.948,1.97,1.966,1.953,70817.09152627
1769054400,2026-01-22 04:00:00,1.95,1.957,1.953,1.952,239752.17056276
1769058000,2026-01-22 05:00:00,1.937,1.957,1.953,1.94,154465.75179979
1769061600,2026-01-22 06:00:00,1.927,1.946,1.94,1.945,102115.81941796
1769065200,2026-01-22 07:00:00,1.932,1.948,1.945,1.944,57119.27240663
1769068800,2026-01-22 08:00:00,1.937,1.952,1.944,1.95,29813.05437467
1769072400,2026-01-22 09:00:00,1.947,1.959,1.949,1.955,26561.3248847
1769076000,2026-01-22 10:00:00,1.952,1.958,1.955,1.956,30325.06363661
1769079600,2026-01-22 11:00:00,1.947,1.958,1.955,1.947,50749.02624948
1769083200,2026-01-22 12:00:00,1.941,1.948,1.947,1.948,42056.72893485
1769086800,2026-01-22 13:00:00,1.937,1.961,1.949,1.946,55148.42846472
1769090400,2026-01-22 14:00:00,1.915,1.949,1.946,1.917,80359.4099701
1769094000,2026-01-22 15:00:00,1.903,1.934,1.917,1.925,105699.25255314
1769097600,2026-01-22 16:00:00,1.92,1.942,1.924,1.939,63728.84373982
1769101200,2026-01-22 17:00:00,1.924,1.943,1.94,1.937,40126.60912494
1769104800,2026-01-22 18:00:00,1.921,1.941,1.937,1.922,62722.7056291
1769108400,2026-01-22 19:00:00,1.917,1.941,1.921,1.936,38061.13942522
1769112000,2026-01-22 20:00:00,1.919,1.94,1.936,1.925,45481.6362392
1769115600,2026-01-22 21:00:00,1.924,1.935,1.926,1.926,35380.32090573
1769119200,2026-01-22 22:00:00,1.921,1.934,1.926,1.923,31365.22751497
1769122800,2026-01-22 23:00:00,1.912,1.928,1.922,1.924,46224.74125842
1769126400,2026-01-23 00:00:00,1.922,1.932,1.925,1.928,73164.39008343
1769130000,2026-01-23 01:00:00,1.929,1.95,1.929,1.95,90054.20057799
1769133600,2026-01-23 02:00:00,1.939,1.95,1.95,1.939,26393.60076303
1769137200,2026-01-23 03:00:00,1.939,1.964,1.939,1.955,32296.6978862
1769140800,2026-01-23 04:00:00,1.951,1.983,1.955,1.975,163271.47121031
1769144400,2026-01-23 05:00:00,1.957,1.974,1.974,1.961,36402.58333332
1769148000,2026-01-23 06:00:00,1.94,1.964,1.961,1.942,62618.4860724
1769151600,2026-01-23 07:00:00,1.933,1.944,1.942,1.938,53258.62069295
1769155200,2026-01-23 08:00:00,1.923,1.945,1.938,1.928,63292.4364413
1769158800,2026-01-23 09:00:00,1.924,1.936,1.928,1.93,29408.81639557
1769162400,2026-01-23 10:00:00,1.917,1.932,1.931,1.929,89290.11661155
1769166000,2026-01-23 11:00:00,1.929,1.946,1.929,1.943,28732.76872069
1769169600,2026-01-23 12:00:00,1.931,1.944,1.942,1.939,25986.85646763
1769173200,2026-01-23 13:00:00,1.937,1.948,1.938,1.937,48057.4985902
1769176800,2026-01-23 14:00:00,1.895,1.94,1.936,1.909,119174.0916673
1769180400,2026-01-23 15:00:00,1.898,1.945,1.91,1.942,118036.22266536
1769184000,2026-01-23 16:00:00,1.918,1.957,1.943,1.946,125879.64358193
1769187600,2026-01-23 17:00:00,1.932,1.979,1.946,1.953,144231.70803729
1769191200,2026-01-23 18:00:00,1.947,1.972,1.952,1.955,144409.27930483
1769194800,2026-01-23 19:00:00,1.919,1.954,1.954,1.925,128361.78872973
1769198400,2026-01-23 20:00:00,1.9,1.928,1.926,1.911,54976.83659009
1769202000,2026-01-23 21:00:00,1.91,1.923,1.91,1.912,19904.41398248
1769205600,2026-01-23 22:00:00,1.914,1.929,1.914,1.927,30346.85104408
1769209200,2026-01-23 23:00:00,1.918,1.926,1.926,1.923,41241.44556597
1769212800,2026-01-24 00:00:00,1.922,1.93,1.925,1.923,39530.49101038
1769216400,2026-01-24 01:00:00,1.919,1.931,1.922,1.93,37392.99939843
1769220000,2026-01-24 02:00:00,1.925,1.936,1.93,1.927,60951.90543533
1769223600,2026-01-24 03:00:00,1.925,1.937,1.927,1.929,32126.11147269
1769227200,2026-01-24 04:00:00,1.923,1.939,1.929,1.936,100972.88454966
1769230800,2026-01-24 05:00:00,1.924,1.937,1.936,1.93,40823.7795601
1769234400,2026-01-24 06:00:00,1.928,1.934,1.93,1.93,21873.72703235
1769238000,2026-01-24 07:00:00,1.922,1.932,1.93,1.922,15313.1110958
1769241600,2026-01-24 08:00:00,1.92,1.931,1.922,1.926,19949.44626599
1769245200,2026-01-24 09:00:00,1.916,1.927,1.927,1.919,27120.34098365
1769248800,2026-01-24 10:00:00,1.911,1.921,1.918,1.919,15100.11744163
1769252400,2026-01-24 11:00:00,1.914,1.921,1.918,1.917,14654.51306236
1769256000,2026-01-24 12:00:00,1.912,1.92,1.916,1.915,28001.43002953
1769259600,2026-01-24 13:00:00,1.907,1.916,1.915,1.907,20687.88081543
1769263200,2026-01-24 14:00:00,1.903,1.921,1.906,1.914,24054.40198029
1769266800,2026-01-24 15:00:00,1.901,1.918,1.915,1.903,23936.4530629
1769270400,2026-01-24 16:00:00,1.897,1.91,1.903,1.909,33739.714857
1769274000,2026-01-24 17:00:00,1.905,1.914,1.909,1.914,16102.2485772
1769277600,2026-01-24 18:00:00,1.911,1.92,1.914,1.911,41354.09558077
1769281200,2026-01-24 19:00:00,1.907,1.914,1.91,1.908,54089.54257403
1769284800,2026-01-24 20:00:00,1.91,1.921,1.91,1.919,32999.14382998
1769288400,2026-01-24 21:00:00,1.911,1.922,1.92,1.921,16044.73740374
1769292000,2026-01-24 22:00:00,1.918,1.929,1.921,1.927,34595.54879927
1769295600,2026-01-24 23:00:00,1.922,1.929,1.928,1.926,24777.89532658
1769299200,2026-01-25 00:00:00,1.923,1.94,1.927,1.932,74754.99043497
1769302800,2026-01-25 01:00:00,1.918,1.936,1.933,1.919,49760.42113656
1769306400,2026-01-25 02:00:00,1.913,1.924,1.918,1.918,38649.14746037
1769310000,2026-01-25 03:00:00,1.898,1.92,1.918,1.902,48391.45667352
1769313600,2026-01-25 04:00:00,1.899,1.909,1.901,1.9,29803.34717661
1769317200,2026-01-25 05:00:00,1.898,1.905,1.9,1.903,28366.30475804
1769320800,2026-01-25 06:00:00,1.899,1.906,1.903,1.903,80617.12475303
1769324400,2026-01-25 07:00:00,1.892,1.904,1.902,1.897,33051.23823891
1769328000,2026-01-25 08:00:00,1.88,1.901,1.897,1.887,49196.96451271
1769331600,2026-01-25 09:00:00,1.886,1.911,1.886,1.905,42409.60765757
1769335200,2026-01-25 10:00:00,1.905,1.916,1.906,1.906,34775.87879383
1769338800,2026-01-25 11:00:00,1.894,1.909,1.906,1.896,112689.36863946
1769342400,2026-01-25 12:00:00,1.884,1.898,1.895,1.898,39778.76796313
1769346000,2026-01-25 13:00:00,1.888,1.901,1.897,1.898,25036.24875379
1769349600,2026-01-25 14:00:00,1.876,1.899,1.899,1.884,46567.0979827
1769353200,2026-01-25 15:00:00,1.879,1.892,1.884,1.884,38535.43711587
1769356800,2026-01-25 16:00:00,1.831,1.883,1.883,1.845,248199.86680162
1769360400,2026-01-25 17:00:00,1.833,1.848,1.845,1.841,50294.86987759
1769364000,2026-01-25 18:00:00,1.813,1.844,1.841,1.82,130273.31675777
1769367600,2026-01-25 19:00:00,1.78,1.826,1.82,1.791,204358.26966732
1769371200,2026-01-25 20:00:00,1.787,1.807,1.791,1.804,108479.6133043
1769374800,2026-01-25 21:00:00,1.805,1.822,1.805,1.819,176266.82863641
1769378400,2026-01-25 22:00:00,1.801,1.819,1.819,1.813,82761.96834603
1769382000,2026-01-25 23:00:00,1.805,1.826,1.812,1.821,87227.84121261
1769385600,2026-01-26 00:00:00,1.817,1.838,1.82,1.838,70037.04747086
1769389200,2026-01-26 01:00:00,1.836,1.859,1.838,1.855,449395.72171521
1769392800,2026-01-26 02:00:00,1.834,1.854,1.854,1.834,79965.49971715
1769396400,2026-01-26 03:00:00,1.822,1.838,1.835,1.827,43743.31443638
1769400000,2026-01-26 04:00:00,1.828,1.852,1.828,1.842,43288.31857767
1769403600,2026-01-26 05:00:00,1.839,1.845,1.842,1.84,14712.37268128
1769407200,2026-01-26 06:00:00,1.837,1.861,1.839,1.861,28551.50738821
1769410800,2026-01-26 07:00:00,1.848,1.863,1.861,1.856,35770.11966016
1769414400,2026-01-26 08:00:00,1.851,1.871,1.855,1.854,74908.06909583
1769418000,2026-01-26 09:00:00,1.84,1.854,1.854,1.841,41859.20987515
1769421600,2026-01-26 10:00:00,1.841,1.848,1.841,1.846,24289.28737718
1769425200,2026-01-26 11:00:00,1.841,1.851,1.847,1.843,48577.77571923
1769428800,2026-01-26 12:00:00,1.841,1.852,1.844,1.85,46335.79073863
1769432400,2026-01-26 13:00:00,1.85,1.86,1.851,1.856,31762.39604424
1769436000,2026-01-26 14:00:00,1.844,1.879,1.856,1.877,115821.48277124
1769439600,2026-01-26 15:00:00,1.858,1.896,1.877,1.871,174587.5222457
1769443200,2026-01-26 16:00:00,1.857,1.883,1.871,1.873,202614.86376111
1769446800,2026-01-26 17:00:00,1.85,1.877,1.873,1.868,134194.0593767
1769450400,2026-01-26 18:00:00,1.865,1.886,1.867,1.882,79140.64936356
1769454000,2026-01-26 19:00:00,1.864,1.884,1.882,1.866,114791.46487019
1769457600,2026-01-26 20:00:00,1.855,1.87,1.867,1.857,86059.66546817
1769461200,2026-01-26 21:00:00,1.855,1.888,1.858,1.878,104196.5489417
1769464800,2026-01-26 22:00:00,1.872,1.883,1.878,1.877,47464.84519136
1769468400,2026-01-26 23:00:00,1.871,1.882,1.875,1.874,55083.04293193
1769472000,2026-01-27 00:00:00,1.868,1.877,1.872,1.872,44740.60046775
1769475600,2026-01-27 01:00:00,1.864,1.882,1.871,1.877,76059.3288983
1769479200,2026-01-27 02:00:00,1.873,1.883,1.877,1.88,67775.94551477
1769482800,2026-01-27 03:00:00,1.872,1.882,1.88,1.874,14265.52332061
1769486400,2026-01-27 04:00:00,1.871,1.885,1.873,1.875,22452.9784075
1769490000,2026-01-27 05:00:00,1.868,1.876,1.875,1.873,19067.78363119
1769493600,2026-01-27 06:00:00,1.861,1.874,1.873,1.861,13540.29561737
1769497200,2026-01-27 07:00:00,1.861,1.872,1.862,1.864,40190.273481
1769500800,2026-01-27 08:00:00,1.857,1.87,1.864,1.858,50569.95762113
1769504400,2026-01-27 09:00:00,1.847,1.858,1.858,1.848,25215.0356262
1769508000,2026-01-27 10:00:00,1.846,1.853,1.848,1.848,15272.00264628
1769511600,2026-01-27 11:00:00,1.845,1.855,1.848,1.849,21922.13777576
1769515200,2026-01-27 12:00:00,1.843,1.851,1.849,1.848,26417.57563562
1769518800,2026-01-27 13:00:00,1.83,1.851,1.848,1.832,103577.73170687
1769522400,2026-01-27 14:00:00,1.826,1.851,1.831,1.829,125063.35787109
1769526000,2026-01-27 15:00:00,1.827,1.853,1.829,1.851,58017.40059316
1769529600,2026-01-27 16:00:00,1.849,1.879,1.853,1.872,99584.79198534
1769533200,2026-01-27 17:00:00,1.824,1.872,1.872,1.834,118533.12794003
1769536800,2026-01-27 18:00:00,1.831,1.869,1.834,1.863,119125.00065973
1769540400,2026-01-27 19:00:00,1.856,1.871,1.863,1.868,38721.19876312
1769544000,2026-01-27 20:00:00,1.866,1.896,1.868,1.89,78014.6148191
1769547600,2026-01-27 21:00:00,1.869,1.893,1.889,1.871,72461.09198667
1769551200,2026-01-27 22:00:00,1.872,1.886,1.872,1.88,47800.42716972
1769554800,2026-01-27 23:00:00,1.871,1.881,1.878,1.874,39076.88884398
1769558400,2026-01-28 00:00:00,1.864,1.877,1.876,1.874,67692.07865974
1769562000,2026-01-28 01:00:00,1.861,1.875,1.874,1.867,70278.13866977
1769565600,2026-01-28 02:00:00,1.861,1.872,1.867,1.868,48652.52194634
1769569200,2026-01-28 03:00:00,1.856,1.869,1.868,1.86,56475.93344836
1769572800,2026-01-28 04:00:00,1.851,1.861,1.861,1.856,60567.27029415
1769576400,2026-01-28 05:00:00,1.844,1.862,1.857,1.862,67266.51252254
1769580000,2026-01-28 06:00:00,1.851,1.864,1.862,1.86,62287.30701323
1769583600,2026-01-28 07:00:00,1.851,1.864,1.859,1.86,79681.2429134
1769587200,2026-01-28 08:00:00,1.853,1.861,1.859,1.855,38607.6219926
1769590800,2026-01-28 09:00:00,1.85,1.881,1.855,1.881,51808.38286213
1769594400,2026-01-28 10:00:00,1.873,1.886,1.881,1.874,33772.36075038
1769598000,2026-01-28 11:00:00,1.873,1.893,1.874,1.89,51462.60452106
1769601600,2026-01-28 12:00:00,1.871,1.891,1.891,1.876,48471.88842014
1769605200,2026-01-28 13:00:00,1.864,1.885,1.876,1.867,422974.48015844
1769608800,2026-01-28 14:00:00,1.85,1.868,1.867,1.854,106027.33035688
1769612400,2026-01-28 15:00:00,1.832,1.859,1.854,1.843,62784.9647782
1769616000,2026-01-28 16:00:00,1.835,1.851,1.843,1.839,58470.02484846
1769619600,2026-01-28 17:00:00,1.828,1.859,1.84,1.852,60354.17456653
1769623200,2026-01-28 18:00:00,1.836,1.85,1.85,1.845,59734.47075721
1769626800,2026-01-28 19:00:00,1.838,1.86,1.843,1.856,65386.33639873
1769630400,2026-01-28 20:00:00,1.847,1.873,1.855,1.854,68507.72141602
1769634000,2026-01-28 21:00:00,1.838,1.867,1.855,1.862,65657.99921709
1769637600,2026-01-28 22:00:00,1.855,1.887,1.862,1.882,62106.19204088
1769641200,2026-01-28 23:00:00,1.865,1.883,1.882,1.868,70272.72581727
1769644800,2026-01-29 00:00:00,1.845,1.872,1.867,1.854,97886.74664103
1769648400,2026-01-29 01:00:00,1.835,1.859,1.854,1.84,70100.72878051
1769652000,2026-01-29 02:00:00,1.805,1.844,1.84,1.812,127070.81744708
1769655600,2026-01-29 03:00:00,1.808,1.825,1.813,1.813,93123.07219771
1769659200,2026-01-29 04:00:00,1.799,1.815,1.813,1.808,66108.27195815
1769662800,2026-01-29 05:00:00,1.806,1.812,1.809,1.808,65597.91967661
1769666400,2026-01-29 06:00:00,1.807,1.812,1.808,1.812,34905.61013887
1769670000,2026-01-29 07:00:00,1.806,1.815,1.811,1.807,47979.86289731
1769673600,2026-01-29 08:00:00,1.797,1.812,1.806,1.799,68949.74052316
1769677200,2026-01-29 09:00:00,1.794,1.802,1.799,1.795,45339.62738865
1769680800,2026-01-29 10:00:00,1.788,1.798,1.795,1.79,52698.22295922
1769684400,2026-01-29 11:00:00,1.784,1.794,1.789,1.785,60125.75534976
1769688000,2026-01-29 12:00:00,1.77,1.788,1.785,1.781,88496.8141202
1769691600,2026-01-29 13:00:00,1.78,1.792,1.78,1.792,100443.76939603
1769695200,2026-01-29 14:00:00,1.754,1.794,1.793,1.756,171022.16627816
1769698800,2026-01-29 15:00:00,1.709,1.757,1.756,1.728,388078.00017785
1769702400,2026-01-29 16:00:00,1.714,1.747,1.728,1.746,102210.58542826
1769706000,2026-01-29 17:00:00,1.721,1.762,1.747,1.722,208137.94051564
1769709600,2026-01-29 18:00:00,1.695,1.728,1.721,1.697,215912.95194941
1769713200,2026-01-29 19:00:00,1.695,1.729,1.697,1.721,147529.74346884
1769716800,2026-01-29 20:00:00,1.718,1.737,1.719,1.735,108750.00442392
1769720400,2026-01-29 21:00:00,1.731,1.741,1.735,1.738,82904.70102273
1769724000,2026-01-29 22:00:00,1.731,1.742,1.737,1.735,55000.87222275
1769727600,2026-01-29 23:00:00,1.725,1.735,1.734,1.735,71348.92489737
1769731200,2026-01-30 00:00:00,1.733,1.742,1.736,1.737,138986.62532009
1769734800,2026-01-30 01:00:00,1.674,1.745,1.738,1.714,342455.60182891
1769738400,2026-01-30 02:00:00,1.678,1.714,1.714,1.701,194108.76330816
1769742000,2026-01-30 03:00:00,1.697,1.711,1.701,1.701,116610.23239069
1769745600,2026-01-30 04:00:00,1.701,1.725,1.701,1.713,118104.15553279
1769749200,2026-01-30 05:00:00,1.709,1.717,1.713,1.712,38194.92091952
1769752800,2026-01-30 06:00:00,1.67,1.711,1.711,1.687,171864.11736917
1769756400,2026-01-30 07:00:00,1.686,1.714,1.686,1.707,89484.77751603
1769760000,2026-01-30 08:00:00,1.691,1.711,1.707,1.698,83072.87593374
1769763600,2026-01-30 09:00:00,1.69,1.704,1.699,1.697,63573.35206593
1769767200,2026-01-30 10:00:00,1.692,1.704,1.697,1.701,79178.5536662
1769770800,2026-01-30 11:00:00,1.696,1.724,1.7,1.719,60805.88254717
1769774400,2026-01-30 12:00:00,1.696,1.719,1.718,1.7,60622.665875
1769778000,2026-01-30 13:00:00,1.684,1.705,1.7,1.693,130033.27186503
1769781600,2026-01-30 14:00:00,1.677,1.713,1.694,1.683,310706.62615448
1769785200,2026-01-30 15:00:00,1.656,1.691,1.684,1.683,1255793.9320729
1769788800,2026-01-30 16:00:00,1.668,1.694,1.682,1.675,153652.21024016
1769792400,2026-01-30 17:00:00,1.669,1.694,1.676,1.685,84099.22797325
1769796000,2026-01-30 18:00:00,1.648,1.714,1.685,1.708,322240.63592463
1769799600,2026-01-30 19:00:00,1.706,1.719,1.709,1.711,59294.75079083
1769803200,2026-01-30 20:00:00,1.678,1.71,1.71,1.684,137066.74025706
1769806800,2026-01-30 21:00:00,1.68,1.699,1.684,1.693,113458.33807174
1769810400,2026-01-30 22:00:00,1.681,1.696,1.693,1.692,68188.31264937
1769814000,2026-01-30 23:00:00,1.68,1.69,1.69,1.687,88962.67903771
1769817600,2026-01-31 00:00:00,1.68,1.688,1.687,1.681,110997.43933678
1769821200,2026-01-31 01:00:00,1.679,1.688,1.681,1.685,21170.56437309
1769824800,2026-01-31 02:00:00,1.672,1.686,1.683,1.68,45074.18317813
1769828400,2026-01-31 03:00:00,1.675,1.683,1.681,1.678,44439.25182422
1769832000,2026-01-31 04:00:00,1.672,1.684,1.679,1.674,40348.883206
1769835600,2026-01-31 05:00:00,1.668,1.676,1.673,1.672,39376.92181669
1769839200,2026-01-31 06:00:00,1.653,1.674,1.672,1.662,50274.51463682
1769842800,2026-01-31 07:00:00,1.644,1.663,1.662,1.655,46426.08692717
1769846400,2026-01-31 08:00:00,1.614,1.657,1.655,1.632,274121.34690842
1769850000,2026-01-31 09:00:00,1.628,1.645,1.632,1.636,57614.18727999
1769853600,2026-01-31 10:00:00,1.63,1.646,1.636,1.64,125454.91588575
1769857200,2026-01-31 11:00:00,1.631,1.64,1.639,1.632,94911.71145765
1769860800,2026-01-31 12:00:00,1.628,1.635,1.632,1.63,89541.08452087
1769864400,2026-01-31 13:00:00,1.613,1.631,1.631,1.619,70392.75042555
1769868000,2026-01-31 14:00:00,1.533,1.623,1.619,1.565,531317.59432313
1769871600,2026-01-31 15:00:00,1.565,1.589,1.566,1.57,272375.80203561
1769875200,2026-01-31 16:00:00,1.544,1.589,1.57,1.554,342177.71616717
1769878800,2026-01-31 17:00:00,1.466,1.556,1.554,1.496,489151.77300559
1769882400,2026-01-31 18:00:00,1.396,1.504,1.496,1.471,529436.99579129
1769886000,2026-01-31 19:00:00,1.47,1.504,1.471,1.494,395539.4958432
1769889600,2026-01-31 20:00:00,1.478,1.507,1.494,1.507,145061.71220918
1769893200,2026-01-31 21:00:00,1.493,1.526,1.505,1.521,161135.49388671
1769896800,2026-01-31 22:00:00,1.509,1.524,1.522,1.521,77777.05967636
1769900400,2026-01-31 23:00:00,1.518,1.596,1.522,1.546,436890.85952747
1769904000,2026-02-01 00:00:00,1.543,1.555,1.545,1.553,115840.49925184
1769907600,2026-02-01 01:00:00,1.533,1.552,1.552,1.551,77338.5880723
1769911200,2026-02-01 02:00:00,1.545,1.557,1.551,1.554,45967.61789195
1769914800,2026-02-01 03:00:00,1.549,1.556,1.556,1.553,75294.63492828
1769918400,2026-02-01 04:00:00,1.55,1.558,1.552,1.552,87186.34317998
1769922000,2026-02-01 05:00:00,1.546,1.558,1.552,1.55,171929.47345429
1769925600,2026-02-01 06:00:00,1.54,1.556,1.549,1.543,29580.65985065
1769929200,2026-02-01 07:00:00,1.535,1.555,1.543,1.547,59461.11165944
1769932800,2026-02-01 08:00:00,1.539,1.555,1.546,1.544,46648.92273911
1769936400,2026-02-01 09:00:00,1.533,1.553,1.543,1.55,38263.97204
1769940000,2026-02-01 10:00:00,1.527,1.558,1.55,1.531,153817.89302934
1769943600,2026-02-01 11:00:00,1.532,1.552,1.532,1.546,45751.08723846
1769947200,2026-02-01 12:00:00,1.53,1.544,1.544,1.535,86278.29227813
1769950800,2026-02-01 13:00:00,1.52,1.546,1.535,1.526,89174.26100186
1769954400,2026-02-01 14:00:00,1.504,1.539,1.525,1.524,144912.24757091
1769958000,2026-02-01 15:00:00,1.479,1.524,1.523,1.497,193828.17284055
1769961600,2026-02-01 16:00:00,1.486,1.514,1.496,1.499,179664.41632589
1769965200,2026-02-01 17:00:00,1.486,1.505,1.499,1.502,77991.28848491
1769968800,2026-02-01 18:00:00,1.502,1.529,1.502,1.514,121348.20091088
1769972400,2026-02-01 19:00:00,1.494,1.518,1.514,1.503,74159.79881161
1769976000,2026-02-01 20:00:00,1.487,1.519,1.503,1.504,91725.88550242
1769979600,2026-02-01 21:00:00,1.489,1.505,1.504,1.494,103626.42703086
1769983200,2026-02-01 22:00:00,1.494,1.52,1.495,1.508,112668.27354116
1769986800,2026-02-01 23:00:00,1.457,1.516,1.509,1.495,257018.86589314
1769990400,2026-02-02 00:00:00,1.483,1.53,1.496,1.517,164552.20039389
1769994000,2026-02-02 01:00:00,1.497,1.534,1.518,1.524,125319.56908501
1769997600,2026-02-02 02:00:00,1.507,1.531,1.523,1.509,121337.60785931
1770001200,2026-02-02 03:00:00,1.45,1.513,1.509,1.508,381086.72815751
1770004800,2026-02-02 04:00:00,1.479,1.519,1.51,1.494,265255.88992299
1770008400,2026-02-02 05:00:00,1.454,1.495,1.494,1.47,212945.32705507
1770012000,2026-02-02 06:00:00,1.453,1.518,1.469,1.491,338211.65522662
1770015600,2026-02-02 07:00:00,1.488,1.507,1.492,1.495,228785.48877887
1770019200,2026-02-02 08:00:00,1.495,1.509,1.495,1.504,125961.33612537
1770022800,2026-02-02 09:00:00,1.497,1.53,1.504,1.52,201042.10937507
1770026400,2026-02-02 10:00:00,1.513,1.524,1.52,1.515,122281.65004198
1770030000,2026-02-02 11:00:00,1.511,1.521,1.515,1.512,126628.58443779
1770033600,2026-02-02 12:00:00,1.513,1.527,1.513,1.524,98501.03544428
1770037200,2026-02-02 13:00:00,1.52,1.536,1.524,1.532,78323.44242896
1770040800,2026-02-02 14:00:00,1.518,1.554,1.531,1.54,295097.60308202
1770044400,2026-02-02 15:00:00,1.537,1.574,1.541,1.57,258766.25324816
1770048000,2026-02-02 16:00:00,1.555,1.575,1.571,1.555,111122.50701026
1770051600,2026-02-02 17:00:00,1.55,1.567,1.555,1.555,86941.30266402
1770055200,2026-02-02 18:00:00,1.548,1.564,1.556,1.558,76859.37846032
1770058800,2026-02-02 19:00:00,1.545,1.56,1.557,1.545,63503.98581108
1770062400,2026-02-02 20:00:00,1.536,1.549,1.545,1.539,73383.38927311
1770066000,2026-02-02 21:00:00,1.54,1.55,1.54,1.546,52216.89981909
1770069600,2026-02-02 22:00:00,1.545,1.553,1.547,1.551,26919.82768171
1770073200,2026-02-02 23:00:00,1.54,1.55,1.55,1.541,33468.19858333
1770076800,2026-02-03 00:00:00,1.534,1.545,1.543,1.544,57737.13118407
1770080400,2026-02-03 01:00:00,1.532,1.545,1.544,1.538,32734.35827196
1770084000,2026-02-03 02:00:00,1.511,1.538,1.538,1.512,75926.05870365
1770087600,2026-02-03 03:00:00,1.508,1.539,1.512,1.536,78120.61110278
1770091200,2026-02-03 04:00:00,1.531,1.548,1.536,1.542,51914.38783214
1770094800,2026-02-03 05:00:00,1.527,1.542,1.542,1.529,48371.35402603
1770098400,2026-02-03 06:00:00,1.52,1.537,1.529,1.533,58201.27338787
1770102000,2026-02-03 07:00:00,1.53,1.543,1.532,1.536,36759.36225919
1770105600,2026-02-03 08:00:00,1.529,1.544,1.536,1.531,28998.30196638
1770109200,2026-02-03 09:00:00,1.509,1.535,1.531,1.516,141661.43225431
1770112800,2026-02-03 10:00:00,1.51,1.522,1.516,1.521,47188.47012868
1770116400,2026-02-03 11:00:00,1.51,1.522,1.521,1.517,124925.2420126
1770120000,2026-02-03 12:00:00,1.512,1.525,1.517,1.521,61325.59658485
1770123600,2026-02-03 13:00:00,1.517,1.53,1.52,1.526,77694.93878306
1770127200,2026-02-03 14:00:00,1.496,1.532,1.526,1.496,105510.45077408
1770130800,2026-02-03 15:00:00,1.49,1.529,1.496,1.523,342192.86039482
1770134400,2026-02-03 16:00:00,1.483,1.523,1.522,1.491,162293.14387678
1770138000,2026-02-03 17:00:00,1.462,1.493,1.492,1.462,141586.63862336
1770141600,2026-02-03 18:00:00,1.431,1.47,1.463,1.434,317044.46737818
1770145200,2026-02-03 19:00:00,1.43,1.515,1.433,1.502,246469.07043898
1770148800,2026-02-03 20:00:00,1.488,1.564,1.503,1.552,393888.26904447
1770152400,2026-02-03 21:00:00,1.52,1.563,1.551,1.523,134159.72217883
1770156000,2026-02-03 22:00:00,1.498,1.523,1.523,1.502,66419.58093554
1770159600,2026-02-03 23:00:00,1.486,1.503,1.502,1.496,96053.3127928
1770163200,2026-02-04 00:00:00,1.492,1.511,1.497,1.506,56825.84632821
1770166800,2026-02-04 01:00:00,1.506,1.524,1.506,1.516,57008.44119238
1770170400,2026-02-04 02:00:00,1.505,1.518,1.515,1.509,68149.73320196
1770174000,2026-02-04 03:00:00,1.508,1.531,1.509,1.525,98419.95369138
1770177600,2026-02-04 04:00:00,1.516,1.529,1.524,1.517,43143.37131256
1770181200,2026-02-04 05:00:00,1.5,1.517,1.517,1.505,35942.30986113
1770184800,2026-02-04 06:00:00,1.504,1.518,1.505,1.515,27398.98604898
1770188400,2026-02-04 07:00:00,1.508,1.521,1.515,1.516,60227.89167853
1770192000,2026-02-04 08:00:00,1.511,1.523,1.517,1.519,29122.61464936
1770195600,2026-02-04 09:00:00,1.504,1.519,1.519,1.506,31282.68974998
1770199200,2026-02-04 10:00:00,1.501,1.507,1.506,1.503,28057.94488889
1770202800,2026-02-04 11:00:00,1.486,1.507,1.502,1.499,61343.59571297
1770206400,2026-02-04 12:00:00,1.491,1.502,1.499,1.497,26297.09758202
1770210000,2026-02-04 13:00:00,1.473,1.497,1.495,1.473,67167.97339815
1770213600,2026-02-04 14:00:00,1.451,1.483,1.473,1.452,142901.3684265
1770217200,2026-02-04 15:00:00,1.435,1.47,1.451,1.449,167291.65885745
1770220800,2026-02-04 16:00:00,1.425,1.455,1.449,1.44,209464.56182549
1770224400,2026-02-04 17:00:00,1.426,1.451,1.439,1.442,161252.1779076
1770228000,2026-02-04 18:00:00,1.423,1.474,1.441,1.455,317120.42964725
1770231600,2026-02-04 19:00:00,1.449,1.487,1.456,1.483,159226.01430033
1770235200,2026-02-04 20:00:00,1.467,1.488,1.484,1.47,50472.13606169
1770238800,2026-02-04 21:00:00,1.443,1.475,1.47,1.454,97876.9556878
1770242400,2026-02-04 22:00:00,1.429,1.478,1.455,1.445,125308.42786773
1770246000,2026-02-04 23:00:00,1.439,1.471,1.444,1.459,199867.6543577
1770249600,2026-02-05 00:00:00,1.452,1.464,1.459,1.459,57999.83270358
1770253200,2026-02-05 01:00:00,1.446,1.475,1.458,1.455,121739.0859949
1770256800,2026-02-05 02:00:00,1.442,1.469,1.456,1.446,206069.3772012
1770260400,2026-02-05 03:00:00,1.437,1.456,1.444,1.441,113031.31729831
1770264000,2026-02-05 04:00:00,1.432,1.45,1.441,1.438,127250.94240631
1770267600,2026-02-05 05:00:00,1.425,1.457,1.438,1.441,108196.0049512
1770271200,2026-02-05 06:00:00,1.418,1.442,1.44,1.424,64952.97426844
1770274800,2026-02-05 07:00:00,1.418,1.442,1.423,1.423,55065.99560573
1770278400,2026-02-05 08:00:00,1.422,1.438,1.423,1.428,60984.36140227
1770282000,2026-02-05 09:00:00,1.425,1.444,1.428,1.427,65043.29134275
1770285600,2026-02-05 10:00:00,1.394,1.427,1.427,1.399,179766.96897734
1770289200,2026-02-05 11:00:00,1.372,1.404,1.399,1.389,146240.9604175
1770292800,2026-02-05 12:00:00,1.374,1.396,1.39,1.387,158843.74817316
1770296400,2026-02-05 13:00:00,1.377,1.399,1.388,1.38,170780.66894135
1770300000,2026-02-05 14:00:00,1.375,1.409,1.38,1.381,330783.22188416
1770303600,2026-02-05 15:00:00,1.294,1.382,1.38,1.327,617389.497826
1770307200,2026-02-05 16:00:00,1.314,1.349,1.327,1.334,475225.43901741
1770310800,2026-02-05 17:00:00,1.292,1.357,1.334,1.305,528324.49538339
1770314400,2026-02-05 18:00:00,1.291,1.324,1.305,1.321,269233.41346504
1770318000,2026-02-05 19:00:00,1.295,1.324,1.32,1.299,121085.1220153
1770321600,2026-02-05 20:00:00,1.23,1.306,1.299,1.253,672092.50112255
1770325200,2026-02-05 21:00:00,1.237,1.285,1.253,1.254,428369.23015217
1770328800,2026-02-05 22:00:00,1.24,1.285,1.255,1.264,302462.7657679
1770332400,2026-02-05 23:00:00,1.24,1.286,1.265,1.244,168602.35458571
1770336000,2026-02-06 00:00:00,1.103,1.251,1.244,1.229,1441977.29968913
1770339600,2026-02-06 01:00:00,1.222,1.267,1.23,1.264,354940.50837723
1770343200,2026-02-06 02:00:00,1.23,1.275,1.264,1.24,361523.51442803
1770346800,2026-02-06 03:00:00,1.228,1.247,1.239,1.239,145877.87113621
1770350400,2026-02-06 04:00:00,1.231,1.257,1.239,1.252,139435.92408026
1770354000,2026-02-06 05:00:00,1.25,1.301,1.252,1.294,387765.16016513
1770357600,2026-02-06 06:00:00,1.269,1.3,1.294,1.271,209933.37278382
1770361200,2026-02-06 07:00:00,1.259,1.279,1.271,1.269,153739.24451179
1770364800,2026-02-06 08:00:00,1.262,1.284,1.269,1.273,217751.03432885
1770368400,2026-02-06 09:00:00,1.268,1.307,1.274,1.302,130541.71092602
1770372000,2026-02-06 10:00:00,1.299,1.324,1.302,1.323,130377.90484926
1770375600,2026-02-06 11:00:00,1.32,1.329,1.322,1.322,139353.77082164
1770379200,2026-02-06 12:00:00,1.312,1.323,1.321,1.322,131824.25775773
1770382800,2026-02-06 13:00:00,1.319,1.335,1.322,1.327,253639.14990005
1770386400,2026-02-06 14:00:00,1.316,1.353,1.327,1.345,223099.33568693
1770390000,2026-02-06 15:00:00,1.332,1.353,1.345,1.347,236413.88036316
1770393600,2026-02-06 16:00:00,1.343,1.384,1.347,1.376,192912.34451794
1770397200,2026-02-06 17:00:00,1.369,1.407,1.375,1.388,165356.19701746
1770400800,2026-02-06 18:00:00,1.353,1.389,1.388,1.359,213445.87936449
1770404400,2026-02-06 19:00:00,1.347,1.367,1.359,1.362,110417.7825259
1770408000,2026-02-06 20:00:00,1.348,1.371,1.362,1.354,155240.97426405
1770411600,2026-02-06 21:00:00,1.348,1.367,1.354,1.365,171677.87195755
1770415200,2026-02-06 22:00:00,1.362,1.386,1.365,1.381,208702.63135621
1770418800,2026-02-06 23:00:00,1.362,1.386,1.381,1.366,167383.89215201
1770422400,2026-02-07 00:00:00,1.345,1.365,1.365,1.352,208854.83343144
1770426000,2026-02-07 01:00:00,1.342,1.361,1.352,1.358,142121.58309644
1770429600,2026-02-07 02:00:00,1.352,1.362,1.357,1.357,91765.88004434
1770433200,2026-02-07 03:00:00,1.356,1.38,1.356,1.377,131782.29283614
1770436800,2026-02-07 04:00:00,1.373,1.389,1.376,1.376,320830.12186847
1770440400,2026-02-07 05:00:00,1.363,1.379,1.376,1.367,106443.5241986
1770444000,2026-02-07 06:00:00,1.343,1.369,1.367,1.344,85148.67076458
1770447600,2026-02-07 07:00:00,1.317,1.348,1.344,1.33,217338.59444873
1770451200,2026-02-07 08:00:00,1.325,1.342,1.33,1.339,65979.0345499
1770454800,2026-02-07 09:00:00,1.331,1.342,1.339,1.334,38667.02159727
1770458400,2026-02-07 10:00:00,1.322,1.335,1.333,1.329,39002.14321439
1770462000,2026-02-07 11:00:00,1.326,1.331,1.329,1.328,25689.40087863
1770465600,2026-02-07 12:00:00,1.327,1.367,1.327,1.353,210303.46221815
1770469200,2026-02-07 13:00:00,1.339,1.358,1.355,1.344,53140.98452591
1770472800,2026-02-07 14:00:00,1.327,1.346,1.344,1.331,44637.16712516
1770476400,2026-02-07 15:00:00,1.329,1.359,1.331,1.354,95821.9895742
1770480000,2026-02-07 16:00:00,1.35,1.401,1.354,1.366,909626.78294263
1770483600,2026-02-07 17:00:00,1.359,1.377,1.364,1.371,19343.0017224
1770487200,2026-02-07 18:00:00,1.37,1.391,1.37,1.382,81463.73542258
1770490800,2026-02-07 19:00:00,1.373,1.382,1.382,1.375,105323.38867233
1770494400,2026-02-07 20:00:00,1.373,1.385,1.375,1.383,68861.80674046
1770498000,2026-02-07 21:00:00,1.374,1.385,1.384,1.375,82183.68385522
1770501600,2026-02-07 22:00:00,1.374,1.38,1.376,1.376,72901.48502402
1770505200,2026-02-07 23:00:00,1.364,1.378,1.376,1.371,43522.15410618
1770508800,2026-02-08 00:00:00,1.364,1.371,1.371,1.367,61751.98978882
1770512400,2026-02-08 01:00:00,1.363,1.372,1.368,1.365,36161.42425697
1770516000,2026-02-08 02:00:00,1.355,1.369,1.364,1.358,55886.68504237
1770519600,2026-02-08 03:00:00,1.351,1.361,1.359,1.352,82641.89032017
1770523200,2026-02-08 04:00:00,1.346,1.355,1.351,1.352,87932.31625366
1770526800,2026-02-08 05:00:00,1.345,1.355,1.352,1.347,15988.54155423
1770530400,2026-02-08 06:00:00,1.343,1.348,1.345,1.346,18267.34332366
1770534000,2026-02-08 07:00:00,1.339,1.348,1.346,1.348,72912.79823829
1770537600,2026-02-08 08:00:00,1.347,1.373,1.348,1.37,156545.35794827
1770541200,2026-02-08 09:00:00,1.356,1.375,1.372,1.359,25625.46447725
1770544800,2026-02-08 10:00:00,1.346,1.364,1.36,1.351,92128.38153327
1770548400,2026-02-08 11:00:00,1.351,1.372,1.352,1.369,95699.56174044
1770552000,2026-02-08 12:00:00,1.359,1.369,1.368,1.365,100423.46359832
1770555600,2026-02-08 13:00:00,1.356,1.367,1.365,1.364,87648.63450149
1770559200,2026-02-08 14:00:00,1.36,1.369,1.363,1.368,90279.43312447
1770562800,2026-02-08 15:00:00,1.35,1.371,1.368,1.356,62597.49435347
1770566400,2026-02-08 16:00:00,1.327,1.358,1.356,1.333,41264.55323058
1770570000,2026-02-08 17:00:00,1.333,1.345,1.333,1.344,66438.91340098
1770573600,2026-02-08 18:00:00,1.343,1.359,1.345,1.352,48522.47220343
1770577200,2026-02-08 19:00:00,1.351,1.359,1.353,1.356,33233.68337506
1770580800,2026-02-08 20:00:00,1.341,1.355,1.355,1.342,21440.67047853
1770584400,2026-02-08 21:00:00,1.33,1.345,1.342,1.336,86497.50870949
1770588000,2026-02-08 22:00:00,1.332,1.341,1.337,1.34,85738.74547058
1770591600,2026-02-08 23:00:00,1.324,1.367,1.34,1.336,209788.47044066
1770595200,2026-02-09 00:00:00,1.328,1.341,1.335,1.336,30041.04049546
1770598800,2026-02-09 01:00:00,1.327,1.347,1.335,1.334,117212.32294877
1770602400,2026-02-09 02:00:00,1.331,1.347,1.333,1.34,58205.7641415
1770606000,2026-02-09 03:00:00,1.334,1.349,1.34,1.346,44628.61843823
1770609600,2026-02-09 04:00:00,1.331,1.346,1.346,1.331,56013.52684341
1770613200,2026-02-09 05:00:00,1.328,1.334,1.331,1.332,40558.93114104
1770616800,2026-02-09 06:00:00,1.318,1.331,1.331,1.322,43316.31373976
1770620400,2026-02-09 07:00:00,1.314,1.325,1.322,1.314,36717.69741601
1770624000,2026-02-09 08:00:00,1.298,1.32,1.314,1.304,63398.87238934
1770627600,2026-02-09 09:00:00,1.295,1.306,1.304,1.298,94224.62806399
1770631200,2026-02-09 10:00:00,1.276,1.299,1.296,1.286,128440.38010872
1770634800,2026-02-09 11:00:00,1.286,1.292,1.287,1.29,54447.63298161
1770638400,2026-02-09 12:00:00,1.288,1.3,1.289,1.296,49528.94311803
1770642000,2026-02-09 13:00:00,1.293,1.303,1.296,1.295,77456.06065609
1770645600,2026-02-09 14:00:00,1.291,1.323,1.295,1.319,286200.84918899
1770649200,2026-02-09 15:00:00,1.29,1.33,1.32,1.309,161326.95669267
1770652800,2026-02-09 16:00:00,1.299,1.33,1.31,1.318,82543.44664125
1770656400,2026-02-09 17:00:00,1.313,1.343,1.318,1.336,60265.04940657
1770660000,2026-02-09 18:00:00,1.323,1.342,1.337,1.331,66248.52695513
1770663600,2026-02-09 19:00:00,1.324,1.333,1.331,1.331,53412.665458
1770667200,2026-02-09 20:00:00,1.318,1.334,1.33,1.326,36698.30789461
1770670800,2026-02-09 21:00:00,1.31,1.327,1.327,1.324,69672.42299169
1770674400,2026-02-09 22:00:00,1.322,1.328,1.324,1.326,40726.36545251
1770678000,2026-02-09 23:00:00,1.318,1.329,1.327,1.32,42817.3914076
1770681600,2026-02-10 00:00:00,1.311,1.322,1.321,1.314,42084.28405629
1770685200,2026-02-10 01:00:00,1.313,1.326,1.313,1.323,31589.81837666
1770688800,2026-02-10 02:00:00,1.311,1.323,1.323,1.315,38137.32035085
1770692400,2026-02-10 03:00:00,1.29,1.316,1.315,1.297,85579.03574202
1770696000,2026-02-10 04:00:00,1.297,1.309,1.297,1.307,59713.55423671
1770699600,2026-02-10 05:00:00,1.292,1.307,1.307,1.294,48101.0467335
1770703200,2026-02-10 06:00:00,1.272,1.297,1.293,1.277,134013.59302164
1770706800,2026-02-10 07:00:00,1.277,1.286,1.278,1.283,36971.91066782
1770710400,2026-02-10 08:00:00,1.278,1.287,1.283,1.286,24361.42212114
1770714000,2026-02-10 09:00:00,1.279,1.292,1.286,1.279,81656.30279156
1770717600,2026-02-10 10:00:00,1.271,1.28,1.279,1.272,21199.55324427
1770721200,2026-02-10 11:00:00,1.269,1.278,1.272,1.272,43398.35862923
1770724800,2026-02-10 12:00:00,1.265,1.276,1.272,1.265,88105.41521659
1770728400,2026-02-10 13:00:00,1.264,1.275,1.265,1.272,72094.67964632
1770732000,2026-02-10 14:00:00,1.265,1.285,1.272,1.274,97297.29382189
1770735600,2026-02-10 15:00:00,1.271,1.29,1.273,1.283,102807.1306776
1770739200,2026-02-10 16:00:00,1.272,1.285,1.281,1.277,92751.57710199
1770742800,2026-02-10 17:00:00,1.272,1.286,1.277,1.284,33878.45793375
1770746400,2026-02-10 18:00:00,1.266,1.284,1.284,1.272,166367.47339982
1770750000,2026-02-10 19:00:00,1.266,1.279,1.271,1.272,37444.37012494
1770753600,2026-02-10 20:00:00,1.269,1.278,1.272,1.275,54156.71199919
1770757200,2026-02-10 21:00:00,1.269,1.278,1.275,1.273,76197.17435534
1770760800,2026-02-10 22:00:00,1.274,1.284,1.274,1.277,40376.42953258
1770764400,2026-02-10 23:00:00,1.276,1.285,1.277,1.282,31291.85589758
1770768000,2026-02-11 00:00:00,1.282,1.287,1.283,1.284,52684.40617286
1770771600,2026-02-11 01:00:00,1.282,1.288,1.284,1.287,53563.26858938
1770775200,2026-02-11 02:00:00,1.279,1.292,1.288,1.28,51720.10792785
1770778800,2026-02-11 03:00:00,1.267,1.282,1.279,1.275,98157.28588555
1770782400,2026-02-11 04:00:00,1.254,1.277,1.275,1.256,117668.72702895
1770786000,2026-02-11 05:00:00,1.252,1.261,1.257,1.253,44550.34044682
1770789600,2026-02-11 06:00:00,1.24,1.256,1.254,1.241,150811.35809593
1770793200,2026-02-11 07:00:00,1.236,1.244,1.241,1.238,21714.10884786
1770796800,2026-02-11 08:00:00,1.232,1.239,1.238,1.238,29795.61268075
1770800400,2026-02-11 09:00:00,1.234,1.242,1.238,1.235,53998.11486222
1770804000,2026-02-11 10:00:00,1.228,1.236,1.235,1.233,84893.53015042
1770807600,2026-02-11 11:00:00,1.234,1.243,1.234,1.241,45759.57700176
1770811200,2026-02-11 12:00:00,1.233,1.243,1.241,1.236,50577.1638867
1770814800,2026-02-11 13:00:00,1.232,1.251,1.235,1.25,90576.75953408
1770818400,2026-02-11 14:00:00,1.236,1.296,1.252,1.238,185226.10952822
1770822000,2026-02-11 15:00:00,1.224,1.245,1.239,1.238,152521.94961152
1770825600,2026-02-11 16:00:00,1.235,1.26,1.237,1.236,131905.01949031
1770829200,2026-02-11 17:00:00,1.235,1.262,1.235,1.252,65512.67683946
1770832800,2026-02-11 18:00:00,1.244,1.267,1.252,1.265,92381.29398771
1770836400,2026-02-11 19:00:00,1.257,1.268,1.265,1.258,66322.89224744
1770840000,2026-02-11 20:00:00,1.249,1.265,1.258,1.261,56216.65811162
1770843600,2026-02-11 21:00:00,1.26,1.28,1.262,1.275,90168.55869739
1770847200,2026-02-11 22:00:00,1.258,1.28,1.275,1.258,59748.73240863
1770850800,2026-02-11 23:00:00,1.248,1.265,1.258,1.255,134423.92223376
1770854400,2026-02-12 00:00:00,1.255,1.271,1.255,1.265,72824.74995027
1770858000,2026-02-12 01:00:00,1.265,1.279,1.265,1.269,26071.95075817
1770861600,2026-02-12 02:00:00,1.269,1.28,1.269,1.276,67515.67546845
1770865200,2026-02-12 03:00:00,1.275,1.281,1.275,1.28,42580.16699315
1770868800,2026-02-12 04:00:00,1.276,1.285,1.28,1.279,17197.00544154
1770872400,2026-02-12 05:00:00,1.27,1.282,1.279,1.282,49334.25961587
1770876000,2026-02-12 06:00:00,1.281,1.292,1.283,1.286,31029.87152204
1770879600,2026-02-12 07:00:00,1.281,1.292,1.287,1.29,28271.1180453
1770883200,2026-02-12 08:00:00,1.282,1.292,1.29,1.285,73177.8091733
1770886800,2026-02-12 09:00:00,1.284,1.294,1.284,1.292,61757.60568177
1770890400,2026-02-12 10:00:00,1.286,1.301,1.292,1.301,33467.76398714
1770894000,2026-02-12 11:00:00,1.294,1.303,1.301,1.296,64958.33452931
1770897600,2026-02-12 12:00:00,1.278,1.296,1.296,1.284,60786.21509554
1770901200,2026-02-12 13:00:00,1.277,1.295,1.284,1.294,114028.55965133
1770904800,2026-02-12 14:00:00,1.281,1.294,1.293,1.289,59442.03074188
1770908400,2026-02-12 15:00:00,1.272,1.298,1.289,1.274,94651.99518948
1770912000,2026-02-12 16:00:00,1.249,1.276,1.274,1.255,81712.81061688
1770915600,2026-02-12 17:00:00,1.251,1.268,1.254,1.255,108933.50545569
1770919200,2026-02-12 18:00:00,1.255,1.269,1.256,1.266,70691.35032298
1770922800,2026-02-12 19:00:00,1.261,1.287,1.266,1.27,63454.57544547
1770926400,2026-02-12 20:00:00,1.255,1.273,1.271,1.258,56456.96574732
1770930000,2026-02-12 21:00:00,1.258,1.266,1.259,1.263,41889.5058856
1770933600,2026-02-12 22:00:00,1.261,1.278,1.263,1.278,77415.11606502
1770937200,2026-02-12 23:00:00,1.277,1.284,1.278,1.282,24631.80390804
1770940800,2026-02-13 00:00:00,1.272,1.287,1.282,1.276,49290.87619921
1770944400,2026-02-13 01:00:00,1.27,1.28,1.276,1.272,42177.86204434
1770948000,2026-02-13 02:00:00,1.267,1.275,1.272,1.273,25115.44746117
1770951600,2026-02-13 03:00:00,1.266,1.275,1.273,1.27,20822.85831699
1770955200,2026-02-13 04:00:00,1.262,1.271,1.27,1.263,12937.56439264
1770958800,2026-02-13 05:00:00,1.255,1.263,1.263,1.256,24166.71781424
1770962400,2026-02-13 06:00:00,1.252,1.267,1.256,1.267,27037.99595623
1770966000,2026-02-13 07:00:00,1.265,1.273,1.267,1.268,19913.20410643
1770969600,2026-02-13 08:00:00,1.265,1.281,1.268,1.276,48519.55489999
1770973200,2026-02-13 09:00:00,1.272,1.279,1.275,1.277,71639.01698911
1770976800,2026-02-13 10:00:00,1.274,1.283,1.277,1.279,27162.71034283
1770980400,2026-02-13 11:00:00,1.274,1.28,1.28,1.276,21729.97788275
1770984000,2026-02-13 12:00:00,1.27,1.276,1.276,1.274,12473.24131177
1770987600,2026-02-13 13:00:00,1.271,1.289,1.274,1.284,60903.76976172
1770991200,2026-02-13 14:00:00,1.276,1.298,1.284,1.287,82551.39163988
1770994800,2026-02-13 15:00:00,1.286,1.326,1.288,1.306,146715.67335318
1770998400,2026-02-13 16:00:00,1.302,1.335,1.307,1.325,84155.54426697
1771002000,2026-02-13 17:00:00,1.319,1.33,1.325,1.32,51828.4560934
1771005600,2026-02-13 18:00:00,1.313,1.324,1.32,1.32,49839.94324477
1771009200,2026-02-13 19:00:00,1.317,1.326,1.319,1.322,23201.57036317
1771012800,2026-02-13 20:00:00,1.319,1.33,1.321,1.327,45476.57055099
1771016400,2026-02-13 21:00:00,1.326,1.336,1.327,1.333,81986.90595558
1771020000,2026-02-13 22:00:00,1.328,1.341,1.333,1.331,52197.76422396
1771023600,2026-02-13 23:00:00,1.325,1.332,1.332,1.329,36462.93506138
1771027200,2026-02-14 00:00:00,1.328,1.341,1.329,1.34,42291.40795554
1771030800,2026-02-14 01:00:00,1.338,1.351,1.339,1.345,33728.09620832
1771034400,2026-02-14 02:00:00,1.341,1.348,1.347,1.341,46847.65082348
1771038000,2026-02-14 03:00:00,1.341,1.348,1.341,1.346,32201.91408343
1771041600,2026-02-14 04:00:00,1.342,1.347,1.345,1.344,18755.6061885
1771045200,2026-02-14 05:00:00,1.343,1.35,1.344,1.343,7829.93979483
1771048800,2026-02-14 06:00:00,1.338,1.347,1.343,1.346,28520.80659712
1771052400,2026-02-14 07:00:00,1.343,1.353,1.345,1.346,38185.98625321
1771056000,2026-02-14 08:00:00,1.347,1.364,1.347,1.362,43832.66148522
1771059600,2026-02-14 09:00:00,1.361,1.367,1.362,1.361,32436.84202446
1771063200,2026-02-14 10:00:00,1.356,1.362,1.362,1.358,30618.69528017
1771066800,2026-02-14 11:00:00,1.357,1.375,1.359,1.37,33475.34081002
1771070400,2026-02-14 12:00:00,1.364,1.374,1.369,1.365,50727.72207799
1771074000,2026-02-14 13:00:00,1.359,1.369,1.365,1.367,23073.25954064
1771077600,2026-02-14 14:00:00,1.367,1.392,1.368,1.391,53372.04476126
1771081200,2026-02-14 15:00:00,1.385,1.4,1.389,1.4,94288.26095668
1771084800,2026-02-14 16:00:00,1.388,1.409,1.4,1.406,72073.10159041
1771088400,2026-02-14 17:00:00,1.4,1.414,1.406,1.4,43261.78406567
1771092000,2026-02-14 18:00:00,1.4,1.417,1.4,1.415,64771.30722061
1771095600,2026-02-14 19:00:00,1.411,1.43,1.416,1.426,74014.06594874
1771099200,2026-02-14 20:00:00,1.411,1.43,1.425,1.418,43208.61046021
1771102800,2026-02-14 21:00:00,1.412,1.434,1.418,1.42,50313.16878879
1771106400,2026-02-14 22:00:00,1.421,1.439,1.421,1.428,29245.24904251
1771110000,2026-02-14 23:00:00,1.417,1.43,1.427,1.42,38182.03367899
1771113600,2026-02-15 00:00:00,1.408,1.425,1.422,1.414,31574.38781758
1771117200,2026-02-15 01:00:00,1.404,1.424,1.413,1.416,30110.75693413
1771120800,2026-02-15 02:00:00,1.399,1.421,1.416,1.41,47496.66675338
1771124400,2026-02-15 03:00:00,1.392,1.416,1.41,1.416,77933.34713802
1771128000,2026-02-15 04:00:00,1.414,1.435,1.415,1.417,53358.87244395
1771131600,2026-02-15 05:00:00,1.416,1.43,1.418,1.425,18806.07127099
1771135200,2026-02-15 06:00:00,1.416,1.429,1.426,1.424,24622.97108511
1771138800,2026-02-15 07:00:00,1.423,1.437,1.425,1.434,33709.27583745
1771142400,2026-02-15 08:00:00,1.406,1.438,1.434,1.413,36770.75299067
1771146000,2026-02-15 09:00:00,1.411,1.423,1.414,1.414,19080.58652778
1771149600,2026-02-15 10:00:00,1.397,1.415,1.415,1.407,28241.59952948
1771153200,2026-02-15 11:00:00,1.399,1.414,1.407,1.4,32709.01882735
1771156800,2026-02-15 12:00:00,1.363,1.403,1.401,1.363,60829.6972928
1771160400,2026-02-15 13:00:00,1.35,1.375,1.363,1.354,133384.37781127
1771164000,2026-02-15 14:00:00,1.354,1.369,1.354,1.368,50088.39176131
1771167600,2026-02-15 15:00:00,1.363,1.373,1.369,1.365,30613.51622546
1771171200,2026-02-15 16:00:00,1.355,1.367,1.366,1.363,42464.96724978
1771174800,2026-02-15 17:00:00,1.336,1.366,1.364,1.343,63135.14409399
1771178400,2026-02-15 18:00:00,1.332,1.348,1.343,1.337,52914.35333951
1771182000,2026-02-15 19:00:00,1.33,1.347,1.337,1.338,54879.26871476
1771185600,2026-02-15 20:00:00,1.334,1.351,1.338,1.349,37064.88871604
1771189200,2026-02-15 21:00:00,1.348,1.356,1.348,1.35,24862.37506045
1771192800,2026-02-15 22:00:00,1.348,1.357,1.35,1.357,24767.09017895
1771196400,2026-02-15 23:00:00,1.342,1.358,1.357,1.356,36418.15237602
1771200000,2026-02-16 00:00:00,1.354,1.365,1.355,1.358,23374.27266912
1771203600,2026-02-16 01:00:00,1.349,1.363,1.357,1.354,13073.88782895
1771207200,2026-02-16 02:00:00,1.347,1.359,1.353,1.349,22550.98045712
1771210800,2026-02-16 03:00:00,1.347,1.355,1.349,1.352,17491.88653276
1771214400,2026-02-16 04:00:00,1.353,1.371,1.353,1.368,19870.86712738
1771218000,2026-02-16 05:00:00,1.341,1.367,1.366,1.345,45014.65270758
1771221600,2026-02-16 06:00:00,1.345,1.36,1.345,1.354,12643.9255144
1771225200,2026-02-16 07:00:00,1.348,1.358,1.354,1.35,21949.21499595
1771228800,2026-02-16 08:00:00,1.35,1.359,1.35,1.355,28166.35916198
1771232400,2026-02-16 09:00:00,1.355,1.366,1.356,1.363,19194.53101278
1771236000,2026-02-16 10:00:00,1.357,1.364,1.362,1.36,10512.10814567
1771239600,2026-02-16 11:00:00,1.34,1.362,1.36,1.355,34972.27540661
1771243200,2026-02-16 12:00:00,1.354,1.382,1.355,1.382,53854.96695226
1771246800,2026-02-16 13:00:00,1.35,1.389,1.381,1.354,106224.27186788
1771250400,2026-02-16 14:00:00,1.347,1.367,1.354,1.362,59927.22797523
1771254000,2026-02-16 15:00:00,1.332,1.367,1.362,1.34,70517.66688
1771257600,2026-02-16 16:00:00,1.339,1.355,1.34,1.349,84409.71150031
1771261200,2026-02-16 17:00:00,1.342,1.354,1.351,1.349,27738.82110376
1771264800,2026-02-16 18:00:00,1.349,1.357,1.349,1.351,32511.91730968
1771268400,2026-02-16 19:00:00,1.347,1.362,1.351,1.355,12592.72402051
1771272000,2026-02-16 20:00:00,1.353,1.37,1.355,1.367,25262.38540604
1771275600,2026-02-16 21:00:00,1.364,1.381,1.366,1.379,44774.06378701
1771279200,2026-02-16 22:00:00,1.372,1.384,1.379,1.376,148045.22913019
1771282800,2026-02-16 23:00:00,1.372,1.378,1.376,1.376,16033.48958423
1771286400,2026-02-17 00:00:00,1.369,1.379,1.376,1.371,22635.09628367
1771290000,2026-02-17 01:00:00,1.365,1.376,1.371,1.365,23158.83760342
1771293600,2026-02-17 02:00:00,1.358,1.377,1.365,1.375,17628.98153624
1771297200,2026-02-17 03:00:00,1.367,1.377,1.374,1.374,23100.07042511
1771300800,2026-02-17 04:00:00,1.369,1.38,1.374,1.377,26814.32975122
1771304400,2026-02-17 05:00:00,1.362,1.379,1.376,1.372,17227.90145929
1771308000,2026-02-17 06:00:00,1.372,1.377,1.372,1.376,13815.79337619
1771311600,2026-02-17 07:00:00,1.372,1.379,1.376,1.372,23411.7269676
1771315200,2026-02-17 08:00:00,1.361,1.374,1.374,1.363,21763.57074454
1771318800,2026-02-17 09:00:00,1.355,1.364,1.363,1.361,13654.56895902
1771322400,2026-02-17 10:00:00,1.351,1.363,1.361,1.357,15419.44353901
1771326000,2026-02-17 11:00:00,1.356,1.365,1.358,1.361,16628.26408921
1771329600,2026-02-17 12:00:00,1.357,1.366,1.362,1.359,13632.49505355
1771333200,2026-02-17 13:00:00,1.357,1.376,1.359,1.37,39236.56968924
1771336800,2026-02-17 14:00:00,1.339,1.376,1.371,1.344,91648.56347228
1771340400,2026-02-17 15:00:00,1.341,1.359,1.344,1.358,68568.60606196
1771344000,2026-02-17 16:00:00,1.358,1.38,1.358,1.364,55648.92499435
1771347600,2026-02-17 17:00:00,1.343,1.368,1.363,1.352,67199.35710601
1771351200,2026-02-17 18:00:00,1.348,1.375,1.351,1.368,52615.94877325
1771354800,2026-02-17 19:00:00,1.357,1.37,1.368,1.358,32671.51718331
1771358400,2026-02-17 20:00:00,1.348,1.361,1.358,1.353,26645.48879787
1771362000,2026-02-17 21:00:00,1.348,1.36,1.353,1.354,25192.03734124
1771365600,2026-02-17 22:00:00,1.345,1.354,1.354,1.347,19620.28000645
1771369200,2026-02-17 23:00:00,1.344,1.349,1.346,1.347,19792.14228916
1771372800,2026-02-18 00:00:00,1.337,1.348,1.346,1.338,27823.33071255
1771376400,2026-02-18 01:00:00,1.338,1.347,1.339,1.345,239287.33987678
1771380000,2026-02-18 02:00:00,1.346,1.358,1.346,1.355,13254.67197579
1771383600,2026-02-18 03:00:00,1.354,1.359,1.356,1.356,14478.86010556
1771387200,2026-02-18 04:00:00,1.349,1.358,1.356,1.351,24867.79972346
1771390800,2026-02-18 05:00:00,1.349,1.355,1.351,1.354,16458.85517934
1771394400,2026-02-18 06:00:00,1.351,1.358,1.353,1.352,19275.18231601
1771398000,2026-02-18 07:00:00,1.351,1.362,1.351,1.36,11470.44983347
1771401600,2026-02-18 08:00:00,1.358,1.366,1.36,1.36,11162.04497449
1771405200,2026-02-18 09:00:00,1.356,1.362,1.359,1.359,17633.12524084
1771408800,2026-02-18 10:00:00,1.352,1.363,1.359,1.354,18348.42037167
1771412400,2026-02-18 11:00:00,1.338,1.355,1.355,1.345,21743.80670078
1771416000,2026-02-18 12:00:00,1.341,1.35,1.344,1.347,23984.87068579
1771419600,2026-02-18 13:00:00,1.334,1.348,1.348,1.34,12905.78078361
1771423200,2026-02-18 14:00:00,1.331,1.345,1.341,1.343,54587.5454464
1771426800,2026-02-18 15:00:00,1.343,1.371,1.343,1.355,60975.0501474
1771430400,2026-02-18 16:00:00,1.336,1.356,1.356,1.338,40279.27557516
1771434000,2026-02-18 17:00:00,1.336,1.351,1.339,1.338,33233.9741069
1771437600,2026-02-18 18:00:00,1.316,1.339,1.338,1.317,269202.70089925
1771441200,2026-02-18 19:00:00,1.303,1.324,1.317,1.31,78103.18187882
1771444800,2026-02-18 20:00:00,1.306,1.319,1.31,1.31,50788.98257053
1771448400,2026-02-18 21:00:00,1.306,1.315,1.311,1.308,26706.50366635
1771452000,2026-02-18 22:00:00,1.3,1.31,1.308,1.307,46864.00505684
1771455600,2026-02-18 23:00:00,1.304,1.312,1.305,1.312,73220.84586764
1771459200,2026-02-19 00:00:00,1.305,1.314,1.311,1.306,34611.52905547
1771462800,2026-02-19 01:00:00,1.307,1.319,1.307,1.319,44203.11959696
1771466400,2026-02-19 02:00:00,1.312,1.321,1.319,1.315,24679.28289877
1771470000,2026-02-19 03:00:00,1.309,1.318,1.315,1.317,19995.93434652
1771473600,2026-02-19 04:00:00,1.313,1.32,1.317,1.314,17519.33543027
1771477200,2026-02-19 05:00:00,1.304,1.314,1.312,1.308,14226.39542068
1771480800,2026-02-19 06:00:00,1.307,1.315,1.307,1.311,10954.85443598
1771484400,2026-02-19 07:00:00,1.308,1.314,1.312,1.309,15507.67105442
1771488000,2026-02-19 08:00:00,1.289,1.309,1.308,1.295,32321.50364372
1771491600,2026-02-19 09:00:00,1.294,1.303,1.295,1.297,17820.81770984
1771495200,2026-02-19 10:00:00,1.291,1.298,1.297,1.293,21295.14147302
1771498800,2026-02-19 11:00:00,1.29,1.296,1.292,1.293,16236.087048
1771502400,2026-02-19 12:00:00,1.288,1.296,1.292,1.29,22679.32607961
1771506000,2026-02-19 13:00:00,1.269,1.29,1.288,1.278,118959.12186336
1771509600,2026-02-19 14:00:00,1.271,1.29,1.279,1.284,96514.93843088
1771513200,2026-02-19 15:00:00,1.27,1.29,1.285,1.273,35163.79752429
1771516800,2026-02-19 16:00:00,1.26,1.276,1.272,1.271,136384.60103548
1771520400,2026-02-19 17:00:00,1.265,1.288,1.272,1.273,28988.67369456
1771524000,2026-02-19 18:00:00,1.27,1.289,1.272,1.285,36326.0496525
1771527600,2026-02-19 19:00:00,1.272,1.286,1.283,1.279,50466.56702825
1771531200,2026-02-19 20:00:00,1.277,1.287,1.28,1.282,29517.40798237
1771534800,2026-02-19 21:00:00,1.279,1.284,1.282,1.279,44313.81995837
1771538400,2026-02-19 22:00:00,1.275,1.285,1.278,1.284,25405.03885519
1771542000,2026-02-19 23:00:00,1.282,1.288,1.285,1.286,18828.57658299
1771545600,2026-02-20 00:00:00,1.284,1.296,1.285,1.296,24712.90757225
1771549200,2026-02-20 01:00:00,1.289,1.296,1.295,1.292,15509.70663675
1771552800,2026-02-20 02:00:00,1.288,1.296,1.293,1.288,19984.19182067
1771556400,2026-02-20 03:00:00,1.285,1.293,1.287,1.287,12732.87635154
1771560000,2026-02-20 04:00:00,1.274,1.287,1.286,1.283,51635.25876996
1771563600,2026-02-20 05:00:00,1.278,1.299,1.283,1.294,23456.86850888
1771567200,2026-02-20 06:00:00,1.289,1.298,1.294,1.298,10438.29075372
1771570800,2026-02-20 07:00:00,1.295,1.301,1.298,1.298,76270.16106183
1771574400,2026-02-20 08:00:00,1.297,1.303,1.299,1.3,26826.64697448
1771578000,2026-02-20 09:00:00,1.3,1.311,1.3,1.311,11117.24547376
1771581600,2026-02-20 10:00:00,1.305,1.316,1.31,1.306,22899.06847861
1771585200,2026-02-20 11:00:00,1.291,1.306,1.306,1.299,123660.83568668
1771588800,2026-02-20 12:00:00,1.296,1.304,1.299,1.298,72824.9259895
1771592400,2026-02-20 13:00:00,1.275,1.3,1.297,1.284,81923.00401904
1771596000,2026-02-20 14:00:00,1.284,1.309,1.284,1.302,91452.5931341
1771599600,2026-02-20 15:00:00,1.303,1.353,1.303,1.35,164988.89042697
1771603200,2026-02-20 16:00:00,1.337,1.363,1.351,1.352,148215.05042775
1771606800,2026-02-20 17:00:00,1.316,1.352,1.35,1.351,174310.61048035
1771610400,2026-02-20 18:00:00,1.334,1.355,1.351,1.343,214098.3526531
1771614000,2026-02-20 19:00:00,1.331,1.345,1.343,1.336,80509.53199845
1771617600,2026-02-20 20:00:00,1.326,1.34,1.335,1.335,46626.47281558
1771621200,2026-02-20 21:00:00,1.333,1.341,1.335,1.335,91660.91535894
1771624800,2026-02-20 22:00:00,1.331,1.344,1.334,1.343,22468.81728345
1771628400,2026-02-20 23:00:00,1.335,1.343,1.343,1.339,26981.87033527
1771632000,2026-02-21 00:00:00,1.328,1.346,1.339,1.331,19884.76061328
1771635600,2026-02-21 01:00:00,1.329,1.334,1.33,1.334,8259.79318592
1771639200,2026-02-21 02:00:00,1.331,1.344,1.334,1.341,15620.02137461
1771642800,2026-02-21 03:00:00,1.333,1.341,1.34,1.338,10294.13861697
1771646400,2026-02-21 04:00:00,1.337,1.347,1.337,1.347,8670.72396242
1771650000,2026-02-21 05:00:00,1.347,1.362,1.347,1.362,204964.51335825
1771653600,2026-02-21 06:00:00,1.349,1.362,1.362,1.352,27298.59832189
1771657200,2026-02-21 07:00:00,1.349,1.356,1.352,1.355,16672.28078889
1771660800,2026-02-21 08:00:00,1.35,1.372,1.356,1.372,18965.52536693
1771664400,2026-02-21 09:00:00,1.373,1.396,1.373,1.381,76946.63488103
1771668000,2026-02-21 10:00:00,1.381,1.396,1.381,1.386,45451.95392132
1771671600,2026-02-21 11:00:00,1.383,1.397,1.386,1.387,20278.50437757
1771675200,2026-02-21 12:00:00,1.372,1.393,1.387,1.375,36375.47925736
1771678800,2026-02-21 13:00:00,1.374,1.383,1.375,1.381,27958.50359286
1771682400,2026-02-21 14:00:00,1.376,1.392,1.381,1.378,41040.57353661
1771686000,2026-02-21 15:00:00,1.372,1.38,1.377,1.372,30665.39801116
1771689600,2026-02-21 16:00:00,1.358,1.372,1.371,1.359,35972.54629068
1771693200,2026-02-21 17:00:00,1.357,1.363,1.36,1.361,14144.56649831
1771696800,2026-02-21 18:00:00,1.36,1.367,1.363,1.365,55006.05516243
1771700400,2026-02-21 19:00:00,1.36,1.368,1.365,1.362,15646.04835369
1771704000,2026-02-21 20:00:00,1.353,1.364,1.363,1.354,26421.03817878
1771707600,2026-02-21 21:00:00,1.352,1.361,1.353,1.36,65639.35971091
1771711200,2026-02-21 22:00:00,1.356,1.364,1.361,1.357,76592.80619673
1771714800,2026-02-21 23:00:00,1.354,1.362,1.358,1.359,35079.55192761
1771718400,2026-02-22 00:00:00,1.355,1.363,1.359,1.362,39699.84259708
1771722000,2026-02-22 01:00:00,1.359,1.364,1.362,1.362,21058.09890258
1771725600,2026-02-22 02:00:00,1.348,1.365,1.362,1.349,87705.26936254
1771729200,2026-02-22 03:00:00,1.345,1.356,1.35,1.353,39481.87116539
1771732800,2026-02-22 04:00:00,1.344,1.355,1.354,1.346,25452.94686846
1771736400,2026-02-22 05:00:00,1.336,1.348,1.346,1.338,21973.5852754
1771740000,2026-02-22 06:00:00,1.335,1.342,1.338,1.341,76663.49035586
1771743600,2026-02-22 07:00:00,1.34,1.346,1.341,1.342,12384.47643169
1771747200,2026-02-22 08:00:00,1.324,1.342,1.342,1.324,21759.40083663
1771750800,2026-02-22 09:00:00,1.327,1.336,1.329,1.335,9320.75772252
1771754400,2026-02-22 10:00:00,1.334,1.341,1.334,1.34,5767.05420167
1771758000,2026-02-22 11:00:00,1.331,1.342,1.34,1.333,10513.27838163
1771761600,2026-02-22 12:00:00,1.319,1.334,1.334,1.323,18805.74958553
1771765200,2026-02-22 13:00:00,1.318,1.324,1.323,1.32,13636.38754865
1771768800,2026-02-22 14:00:00,1.311,1.321,1.321,1.314,19382.27372405
1771772400,2026-02-22 15:00:00,1.309,1.323,1.315,1.32,19987.55089954
1771776000,2026-02-22 16:00:00,1.313,1.321,1.319,1.32,14337.50130787
1771779600,2026-02-22 17:00:00,1.308,1.321,1.32,1.312,16201.07434822
1771783200,2026-02-22 18:00:00,1.305,1.314,1.312,1.313,16320.47319154
1771786800,2026-02-22 19:00:00,1.305,1.313,1.313,1.311,7618.64648305
1771790400,2026-02-22 20:00:00,1.304,1.312,1.311,1.306,12804.22004067
1771794000,2026-02-22 21:00:00,1.303,1.31,1.307,1.309,10417.59111189
1771797600,2026-02-22 22:00:00,1.308,1.317,1.31,1.314,16595.96556407
1771801200,2026-02-22 23:00:00,1.306,1.315,1.314,1.312,32108.17938362
1771804800,2026-02-23 00:00:00,1.289,1.313,1.312,1.29,30966.56681934
1771808400,2026-02-23 01:00:00,1.238,1.289,1.289,1.242,389565.48694605
1771812000,2026-02-23 02:00:00,1.24,1.253,1.243,1.251,58464.6569359
1771815600,2026-02-23 03:00:00,1.247,1.26,1.252,1.256,15427.05495067
1771819200,2026-02-23 04:00:00,1.248,1.259,1.255,1.25,22387.53062362
1771822800,2026-02-23 05:00:00,1.251,1.26,1.251,1.254,38482.84853615
1771826400,2026-02-23 06:00:00,1.255,1.276,1.255,1.272,23508.70648579
1771830000,2026-02-23 07:00:00,1.269,1.277,1.273,1.271,22155.67826849
1771833600,2026-02-23 08:00:00,1.268,1.276,1.271,1.275,81397.23971014
1771837200,2026-02-23 09:00:00,1.275,1.298,1.275,1.295,31786.60860059
1771840800,2026-02-23 10:00:00,1.288,1.297,1.294,1.29,77957.47540995
1771844400,2026-02-23 11:00:00,1.289,1.3,1.289,1.295,57698.11459411
1771848000,2026-02-23 12:00:00,1.292,1.313,1.295,1.306,41319.14252094
1771851600,2026-02-23 13:00:00,1.3,1.309,1.307,1.303,50503.17996768
1771855200,2026-02-23 14:00:00,1.288,1.31,1.303,1.293,186530.35490611
1771858800,2026-02-23 15:00:00,1.279,1.294,1.294,1.281,46171.73377122
1771862400,2026-02-23 16:00:00,1.271,1.283,1.281,1.274,54902.26962795
1771866000,2026-02-23 17:00:00,1.255,1.278,1.274,1.27,252414.85335496
1771869600,2026-02-23 18:00:00,1.266,1.282,1.269,1.268,124782.72367645
1771873200,2026-02-23 19:00:00,1.258,1.27,1.268,1.258,71879.94881688
1771876800,2026-02-23 20:00:00,1.254,1.269,1.258,1.269,64444.78816647
1771880400,2026-02-23 21:00:00,1.265,1.274,1.269,1.269,89021.17404328
1771884000,2026-02-23 22:00:00,1.268,1.277,1.269,1.268,99544.84087875
1771887600,2026-02-23 23:00:00,1.264,1.273,1.268,1.267,59311.50321624
1771891200,2026-02-24 00:00:00,1.266,1.279,1.268,1.274,29041.60551725
1771894800,2026-02-24 01:00:00,1.249,1.277,1.274,1.267,106183.40358684
1771898400,2026-02-24 02:00:00,1.262,1.274,1.269,1.262,45876.36193248
1771902000,2026-02-24 03:00:00,1.251,1.263,1.263,1.256,65326.69275963
1771905600,2026-02-24 04:00:00,1.244,1.257,1.255,1.25,72200.15595907
1771909200,2026-02-24 05:00:00,1.241,1.256,1.249,1.248,101615.43079828
1771912800,2026-02-24 06:00:00,1.241,1.252,1.247,1.244,31553.11445647
1771916400,2026-02-24 07:00:00,1.242,1.253,1.244,1.251,44136.77706763
1771920000,2026-02-24 08:00:00,1.246,1.26,1.252,1.256,44813.84673556
1771923600,2026-02-24 09:00:00,1.237,1.255,1.254,1.243,26126.48166343
1771927200,2026-02-24 10:00:00,1.239,1.245,1.243,1.243,30556.32788217
1771930800,2026-02-24 11:00:00,1.241,1.246,1.244,1.245,26511.59643724
1771934400,2026-02-24 12:00:00,1.235,1.247,1.246,1.237,40222.79328546
1771938000,2026-02-24 13:00:00,1.225,1.24,1.238,1.232,79710.13238131
1771941600,2026-02-24 14:00:00,1.227,1.249,1.232,1.244,48998.71891716
1771945200,2026-02-24 15:00:00,1.24,1.253,1.243,1.248,58392.02240921
1771948800,2026-02-24 16:00:00,1.247,1.26,1.25,1.257,41527.87751427
1771952400,2026-02-24 17:00:00,1.25,1.257,1.256,1.251,36747.68208648
1771956000,2026-02-24 18:00:00,1.244,1.256,1.251,1.249,37263.99338698
1771959600,2026-02-24 19:00:00,1.244,1.254,1.25,1.246,47666.11058328
1771963200,2026-02-24 20:00:00,1.243,1.249,1.246,1.244,31304.41093462
1771966800,2026-02-24 21:00:00,1.236,1.243,1.243,1.24,32897.98677188
1771970400,2026-02-24 22:00:00,1.237,1.245,1.239,1.244,34016.46423417
1771974000,2026-02-24 23:00:00,1.234,1.244,1.244,1.239,36425.79361352
1771977600,2026-02-25 00:00:00,1.236,1.243,1.239,1.241,44459.41245696
1771981200,2026-02-25 01:00:00,1.241,1.304,1.242,1.287,150161.53727996
1771984800,2026-02-25 02:00:00,1.285,1.298,1.287,1.287,90345.48698073
1771988400,2026-02-25 03:00:00,1.27,1.287,1.287,1.27,44731.7821961
1771992000,2026-02-25 04:00:00,1.263,1.279,1.271,1.278,55184.99541043
1771995600,2026-02-25 05:00:00,1.259,1.277,1.277,1.267,28350.65115045
1771999200,2026-02-25 06:00:00,1.265,1.275,1.267,1.268,15002.00129229
1772002800,2026-02-25 07:00:00,1.264,1.271,1.268,1.268,25694.70204191
1772006400,2026-02-25 08:00:00,1.262,1.287,1.27,1.285,123603.00710283
1772010000,2026-02-25 09:00:00,1.285,1.312,1.285,1.312,63295.05048342
1772013600,2026-02-25 10:00:00,1.308,1.334,1.313,1.331,316088.03971701
1772017200,2026-02-25 11:00:00,1.326,1.392,1.332,1.382,424367.81273888
1772020800,2026-02-25 12:00:00,1.368,1.454,1.382,1.438,885111.04155542
1772024400,2026-02-25 13:00:00,1.428,1.504,1.439,1.466,797985.97069334
1772028000,2026-02-25 14:00:00,1.456,1.507,1.467,1.507,387161.49673411
1772031600,2026-02-25 15:00:00,1.501,1.554,1.508,1.517,1078240.61230446
1772035200,2026-02-25 16:00:00,1.513,1.548,1.519,1.545,383710.93202523
1772038800,2026-02-25 17:00:00,1.52,1.584,1.544,1.579,308119.65693821
1772042400,2026-02-25 18:00:00,1.555,1.594,1.579,1.575,410401.03954876
1772046000,2026-02-25 19:00:00,1.558,1.641,1.574,1.633,510995.81526952
1772049600,2026-02-25 20:00:00,1.6,1.677,1.633,1.67,1394839.79258215
1772053200,2026-02-25 21:00:00,1.657,1.752,1.671,1.727,1433689.32862247
1772056800,2026-02-25 22:00:00,1.635,1.748,1.727,1.656,900093.85643322
1772060400,2026-02-25 23:00:00,1.643,1.691,1.655,1.663,738161.17278767
1772064000,2026-02-26 00:00:00,1.599,1.668,1.663,1.63,677860.547161
1772067600,2026-02-26 01:00:00,1.626,1.686,1.63,1.667,420294.82351614
1772071200,2026-02-26 02:00:00,1.638,1.696,1.668,1.659,417350.28459248
1772074800,2026-02-26 03:00:00,1.616,1.664,1.659,1.629,230305.9675243
1772078400,2026-02-26 04:00:00,1.604,1.647,1.629,1.612,276214.98639459
1772082000,2026-02-26 05:00:00,1.58,1.611,1.611,1.585,166377.67373368
1772085600,2026-02-26 06:00:00,1.576,1.602,1.586,1.589,155437.14012092
1772089200,2026-02-26 07:00:00,1.567,1.621,1.588,1.582,160399.31185283
1772092800,2026-02-26 08:00:00,1.577,1.61,1.582,1.599,206191.16610022
1772096400,2026-02-26 09:00:00,1.592,1.633,1.597,1.62,246956.40836487
1772100000,2026-02-26 10:00:00,1.585,1.631,1.619,1.587,273676.82132069
1772103600,2026-02-26 11:00:00,1.573,1.593,1.588,1.578,110942.36312834
1772107200,2026-02-26 12:00:00,1.58,1.638,1.58,1.609,302572.48700359
1772110800,2026-02-26 13:00:00,1.585,1.646,1.61,1.613,228690.55819938
1772114400,2026-02-26 14:00:00,1.573,1.622,1.613,1.591,243191.2077157
1772118000,2026-02-26 15:00:00,1.578,1.633,1.59,1.62,565323.69029561
1772121600,2026-02-26 16:00:00,1.533,1.62,1.62,1.542,646530.55936398
1772125200,2026-02-26 17:00:00,1.522,1.558,1.541,1.526,210545.18852061
1772128800,2026-02-26 18:00:00,1.524,1.557,1.525,1.554,187249.77988154
1772132400,2026-02-26 19:00:00,1.553,1.577,1.554,1.569,192551.17154553
1772136000,2026-02-26 20:00:00,1.554,1.583,1.567,1.558,167744.72705437
1772139600,2026-02-26 21:00:00,1.556,1.588,1.557,1.573,162919.04767853
1772143200,2026-02-26 22:00:00,1.569,1.611,1.573,1.591,198989.5326486
1772146800,2026-02-26 23:00:00,1.582,1.628,1.591,1.609,221630.63024525
1772150400,2026-02-27 00:00:00,1.599,1.634,1.608,1.608,257658.10727972
1772154000,2026-02-27 01:00:00,1.599,1.628,1.607,1.622,115763.91753192
1772157600,2026-02-27 02:00:00,1.622,1.659,1.622,1.642,246419.54423409
1772161200,2026-02-27 03:00:00,1.625,1.666,1.642,1.655,196205.6250964
1772164800,2026-02-27 04:00:00,1.622,1.683,1.654,1.623,287881.45861566
1772168400,2026-02-27 05:00:00,1.6,1.628,1.625,1.609,234270.5494102
1772172000,2026-02-27 06:00:00,1.591,1.629,1.61,1.614,121156.26374224
1772175600,2026-02-27 07:00:00,1.6,1.617,1.613,1.603,135849.76731899
1772179200,2026-02-27 08:00:00,1.604,1.629,1.605,1.614,182174.5748051
1772182800,2026-02-27 09:00:00,1.603,1.626,1.614,1.609,125565.31265523
1772186400,2026-02-27 10:00:00,1.584,1.618,1.609,1.591,164210.41345744
1772190000,2026-02-27 11:00:00,1.563,1.598,1.59,1.565,113185.3023347
1772193600,2026-02-27 12:00:00,1.55,1.599,1.566,1.592,330633.10864528
1772197200,2026-02-27 13:00:00,1.559,1.597,1.593,1.572,129281.95412451
1772200800,2026-02-27 14:00:00,1.553,1.578,1.574,1.556,72202.10412261
1772204400,2026-02-27 15:00:00,1.552,1.569,1.554,1.565,138831.64462762
1772208000,2026-02-27 16:00:00,1.552,1.58,1.564,1.557,146166.97825717
1772211600,2026-02-27 17:00:00,1.548,1.597,1.557,1.595,107178.39220777
1772215200,2026-02-27 18:00:00,1.584,1.626,1.594,1.605,333864.90982385
1772218800,2026-02-27 19:00:00,1.592,1.613,1.604,1.607,209261.72932337
1772222400,2026-02-27 20:00:00,1.608,1.65,1.608,1.622,361815.76622171
1772226000,2026-02-27 21:00:00,1.611,1.629,1.621,1.626,134853.12650523
1772229600,2026-02-27 22:00:00,1.568,1.637,1.627,1.586,186181.63854406
1772233200,2026-02-27 23:00:00,1.585,1.61,1.587,1.599,102042.86213522
1772236800,2026-02-28 00:00:00,1.578,1.607,1.6,1.598,171013.76904424
1772240400,2026-02-28 01:00:00,1.573,1.6,1.596,1.583,76331.017336
1772244000,2026-02-28 02:00:00,1.585,1.619,1.585,1.612,118225.14145427
1772247600,2026-02-28 03:00:00,1.573,1.613,1.612,1.576,99582.48183464
1772251200,2026-02-28 04:00:00,1.552,1.579,1.574,1.555,150580.92753073
1772254800,2026-02-28 05:00:00,1.537,1.567,1.555,1.541,109969.96580319
1772258400,2026-02-28 06:00:00,1.481,1.548,1.541,1.488,387719.93903429
1772262000,2026-02-28 07:00:00,1.481,1.53,1.488,1.502,244336.20869834
1772265600,2026-02-28 08:00:00,1.477,1.506,1.503,1.483,110574.29763689
1772269200,2026-02-28 09:00:00,1.459,1.487,1.484,1.46,112410.71386697
1772272800,2026-02-28 10:00:00,1.459,1.479,1.46,1.469,128623.74761086
1772276400,2026-02-28 11:00:00,1.468,1.492,1.469,1.476,100582.39158601
1772280000,2026-02-28 12:00:00,1.476,1.498,1.478,1.485,159988.65753648
1772283600,2026-02-28 13:00:00,1.462,1.539,1.486,1.538,304253.71805922
1772287200,2026-02-28 14:00:00,1.491,1.539,1.536,1.5,172399.69297905
1772290800,2026-02-28 15:00:00,1.485,1.523,1.5,1.508,187061.61391973
1772294400,2026-02-28 16:00:00,1.496,1.52,1.507,1.52,99488.85659028
1772298000,2026-02-28 17:00:00,1.506,1.532,1.521,1.529,193300.30789508
1772301600,2026-02-28 18:00:00,1.529,1.611,1.529,1.589,266288.25178971
1772305200,2026-02-28 19:00:00,1.571,1.642,1.59,1.597,338966.4187689
1772308800,2026-02-28 20:00:00,1.593,1.638,1.597,1.622,258256.18742228
1772312400,2026-02-28 21:00:00,1.603,1.63,1.625,1.63,114049.50457964
1772316000,2026-02-28 22:00:00,1.629,1.675,1.629,1.652,411711.53416612
1772319600,2026-02-28 23:00:00,1.637,1.674,1.652,1.66,244822.20997545
1772323200,2026-03-01 00:00:00,1.631,1.682,1.662,1.637,364873.89555914
1772326800,2026-03-01 01:00:00,1.613,1.667,1.637,1.649,309954.9981579
1772330400,2026-03-01 02:00:00,1.633,1.665,1.65,1.634,174723.97915827
1772334000,2026-03-01 03:00:00,1.61,1.638,1.633,1.615,118471.36737127
1772337600,2026-03-01 04:00:00,1.594,1.62,1.616,1.603,138448.32611816
1772341200,2026-03-01 05:00:00,1.591,1.604,1.602,1.597,74262.11583517
1772344800,2026-03-01 06:00:00,1.583,1.607,1.598,1.598,96907.36627646
1772348400,2026-03-01 07:00:00,1.597,1.622,1.599,1.604,75219.97427226
1772352000,2026-03-01 08:00:00,1.577,1.604,1.604,1.579,76163.86593086
1772355600,2026-03-01 09:00:00,1.569,1.59,1.581,1.573,38022.35591336
1772359200,2026-03-01 10:00:00,1.565,1.579,1.573,1.573,55927.15394971
1772362800,2026-03-01 11:00:00,1.559,1.578,1.574,1.564,149910.93199604
1772366400,2026-03-01 12:00:00,1.549,1.579,1.563,1.551,88353.0588954
1772370000,2026-03-01 13:00:00,1.541,1.576,1.55,1.564,137007.62473464
1772373600,2026-03-01 14:00:00,1.54,1.572,1.564,1.547,73903.96386202
1772377200,2026-03-01 15:00:00,1.546,1.564,1.546,1.551,87493.35408469
1772380800,2026-03-01 16:00:00,1.526,1.561,1.55,1.54,54945.99296591
1772384400,2026-03-01 17:00:00,1.524,1.543,1.542,1.531,60422.36393479
1772388000,2026-03-01 18:00:00,1.53,1.552,1.532,1.532,68837.41794652
1772391600,2026-03-01 19:00:00,1.521,1.534,1.532,1.522,62040.70588959
1772395200,2026-03-01 20:00:00,1.505,1.522,1.522,1.507,82522.34548513
1772398800,2026-03-01 21:00:00,1.507,1.526,1.509,1.516,98095.52870384
1772402400,2026-03-01 22:00:00,1.514,1.54,1.517,1.523,69565.2775293
1772406000,2026-03-01 23:00:00,1.524,1.542,1.524,1.536,37146.69255221
1772409600,2026-03-02 00:00:00,1.532,1.576,1.535,1.565,61852.39500107
1772413200,2026-03-02 01:00:00,1.567,1.599,1.567,1.585,105882.21151814
1772416800,2026-03-02 02:00:00,1.553,1.586,1.585,1.556,143861.8190522
1772420400,2026-03-02 03:00:00,1.552,1.566,1.555,1.559,41526.68869552
1772424000,2026-03-02 04:00:00,1.557,1.58,1.558,1.559,100665.00624785
1772427600,2026-03-02 05:00:00,1.538,1.564,1.559,1.541,64899.85027657
1772431200,2026-03-02 06:00:00,1.516,1.543,1.54,1.524,74404.36839649
1772434800,2026-03-02 07:00:00,1.507,1.525,1.525,1.512,56967.08200981
1772438400,2026-03-02 08:00:00,1.499,1.519,1.512,1.515,84913.08303204
1772442000,2026-03-02 09:00:00,1.507,1.519,1.514,1.508,36666.99607723
1772445600,2026-03-02 10:00:00,1.497,1.516,1.506,1.513,64475.2025239
1772449200,2026-03-02 11:00:00,1.511,1.526,1.513,1.517,70333.7348948
1772452800,2026-03-02 12:00:00,1.5,1.518,1.515,1.508,43439.92042454
1772456400,2026-03-02 13:00:00,1.504,1.522,1.509,1.512,130892.31915047
1772460000,2026-03-02 14:00:00,1.505,1.547,1.513,1.532,192199.22360416
1772463600,2026-03-02 15:00:00,1.525,1.596,1.531,1.576,389182.55214363
1772467200,2026-03-02 16:00:00,1.563,1.603,1.574,1.566,161864.94128988
1772470800,2026-03-02 17:00:00,1.536,1.57,1.566,1.558,150545.46863003
1772474400,2026-03-02 18:00:00,1.537,1.558,1.557,1.537,69753.48923635
1772478000,2026-03-02 19:00:00,1.522,1.539,1.539,1.534,85771.67142816
1772481600,2026-03-02 20:00:00,1.519,1.546,1.534,1.519,167006.06156849
1772485200,2026-03-02 21:00:00,1.511,1.534,1.519,1.528,145571.96415147
1772488800,2026-03-02 22:00:00,1.519,1.533,1.528,1.522,88495.5647526
1772492400,2026-03-02 23:00:00,1.501,1.525,1.524,1.509,157986.46685355
1772496000,2026-03-03 00:00:00,1.491,1.509,1.509,1.507,100576.3796304
1772499600,2026-03-03 01:00:00,1.496,1.515,1.507,1.498,156115.50828468
1772503200,2026-03-03 02:00:00,1.49,1.505,1.497,1.501,29653.92951237
1772506800,2026-03-03 03:00:00,1.49,1.508,1.501,1.503,36538.50678743
1772510400,2026-03-03 04:00:00,1.493,1.505,1.503,1.5,70689.04808844
1772514000,2026-03-03 05:00:00,1.488,1.508,1.499,1.492,64204.98115317
1772517600,2026-03-03 06:00:00,1.484,1.502,1.491,1.496,29060.69328672
1772521200,2026-03-03 07:00:00,1.495,1.518,1.495,1.516,34966.86047324
1772524800,2026-03-03 08:00:00,1.494,1.521,1.517,1.499,32826.76379383
1772528400,2026-03-03 09:00:00,1.481,1.512,1.499,1.482,140668.68984244
1772532000,2026-03-03 10:00:00,1.474,1.498,1.483,1.497,73177.65784546
1772535600,2026-03-03 11:00:00,1.483,1.502,1.497,1.484,32540.15934918
1772539200,2026-03-03 12:00:00,1.483,1.505,1.483,1.491,25664.35950712
1772542800,2026-03-03 13:00:00,1.483,1.497,1.492,1.492,33042.4202187
1772546400,2026-03-03 14:00:00,1.482,1.52,1.491,1.494,123259.28322046
1772550000,2026-03-03 15:00:00,1.49,1.516,1.495,1.507,47244.27853371
1772553600,2026-03-03 16:00:00,1.503,1.557,1.506,1.522,193866.71316727
1772557200,2026-03-03 17:00:00,1.508,1.535,1.522,1.532,86263.46790768
1772560800,2026-03-03 18:00:00,1.524,1.554,1.533,1.538,105096.48065799
1772564400,2026-03-03 19:00:00,1.527,1.545,1.539,1.53,69209.19657143
1772568000,2026-03-03 20:00:00,1.522,1.537,1.531,1.531,45985.69005492
1772571600,2026-03-03 21:00:00,1.51,1.529,1.529,1.522,74489.61993274
1772575200,2026-03-03 22:00:00,1.518,1.535,1.52,1.521,31379.77352177
1772578800,2026-03-03 23:00:00,1.518,1.537,1.518,1.534,98466.31936049
1772582400,2026-03-04 00:00:00,1.523,1.541,1.533,1.528,42021.71488875
1772586000,2026-03-04 01:00:00,1.525,1.55,1.527,1.537,128401.70001444
1772589600,2026-03-04 02:00:00,1.521,1.538,1.537,1.535,24386.88279402
1772593200,2026-03-04 03:00:00,1.52,1.546,1.533,1.528,73636.92578018
1772596800,2026-03-04 04:00:00,1.509,1.53,1.528,1.523,36202.95342499
1772600400,2026-03-04 05:00:00,1.517,1.53,1.525,1.523,50401.80732269
1772604000,2026-03-04 06:00:00,1.513,1.531,1.524,1.524,24113.16469526
1772607600,2026-03-04 07:00:00,1.515,1.54,1.524,1.532,36876.38183758
1772611200,2026-03-04 08:00:00,1.524,1.567,1.533,1.562,227722.27868402
1772614800,2026-03-04 09:00:00,1.548,1.573,1.563,1.557,320631.00776667
1772618400,2026-03-04 10:00:00,1.543,1.562,1.558,1.547,101229.88215061
1772622000,2026-03-04 11:00:00,1.529,1.552,1.548,1.536,70916.73198093
1772625600,2026-03-04 12:00:00,1.51,1.536,1.536,1.519,42346.0271314
1772629200,2026-03-04 13:00:00,1.517,1.53,1.518,1.526,149134.39451748
1772632800,2026-03-04 14:00:00,1.517,1.556,1.527,1.523,139438.60298624
1772636400,2026-03-04 15:00:00,1.515,1.557,1.524,1.557,262205.65635438
1772640000,2026-03-04 16:00:00,1.535,1.559,1.556,1.55,186177.70129439
1772643600,2026-03-04 17:00:00,1.523,1.555,1.55,1.54,132953.90695929
1772647200,2026-03-04 18:00:00,1.53,1.547,1.541,1.546,47166.6432136
1772650800,2026-03-04 19:00:00,1.542,1.569,1.545,1.561,121197.09762498
1772654400,2026-03-04 20:00:00,1.547,1.563,1.562,1.551,104334.06333714
1772658000,2026-03-04 21:00:00,1.537,1.554,1.552,1.54,92910.95139544
1772661600,2026-03-04 22:00:00,1.528,1.552,1.54,1.53,71028.2301263
1772665200,2026-03-04 23:00:00,1.517,1.55,1.529,1.541,56842.12647493
1772668800,2026-03-05 00:00:00,1.527,1.542,1.54,1.533,41714.39877193
1772672400,2026-03-05 01:00:00,1.514,1.545,1.532,1.521,52164.74221482
1772676000,2026-03-05 02:00:00,1.519,1.538,1.522,1.526,40721.93219995
1772679600,2026-03-05 03:00:00,1.523,1.532,1.527,1.529,42490.94684441
1772683200,2026-03-05 04:00:00,1.526,1.556,1.527,1.553,246307.31423342
1772686800,2026-03-05 05:00:00,1.513,1.554,1.552,1.516,146684.89800955
1772690400,2026-03-05 06:00:00,1.509,1.531,1.515,1.527,100114.4391409
1772694000,2026-03-05 07:00:00,1.512,1.534,1.529,1.519,23422.8653263
1772697600,2026-03-05 08:00:00,1.512,1.529,1.519,1.529,27073.98784562
1772701200,2026-03-05 09:00:00,1.526,1.541,1.53,1.53,25811.34525948
1772704800,2026-03-05 10:00:00,1.527,1.55,1.529,1.546,35105.98222006
1772708400,2026-03-05 11:00:00,1.517,1.546,1.545,1.522,74617.7994916
1772712000,2026-03-05 12:00:00,1.517,1.531,1.523,1.529,40790.51228208
1772715600,2026-03-05 13:00:00,1.513,1.53,1.529,1.525,51196.76192107
1772719200,2026-03-05 14:00:00,1.521,1.545,1.526,1.545,72176.28525401
1772722800,2026-03-05 15:00:00,1.507,1.546,1.546,1.511,83621.95606788
1772726400,2026-03-05 16:00:00,1.483,1.516,1.512,1.505,116559.43880312
1772730000,2026-03-05 17:00:00,1.486,1.512,1.503,1.487,39108.36723205
1772733600,2026-03-05 18:00:00,1.486,1.506,1.486,1.506,23278.40255289
1772737200,2026-03-05 19:00:00,1.502,1.523,1.507,1.51,40589.11079398
1772740800,2026-03-05 20:00:00,1.507,1.556,1.509,1.54,143984.10964366
1772744400,2026-03-05 21:00:00,1.533,1.554,1.54,1.54,35218.4412679
1772748000,2026-03-05 22:00:00,1.52,1.541,1.54,1.532,39173.97283166
1772751600,2026-03-05 23:00:00,1.528,1.539,1.53,1.529,87105.78439975
1772755200,2026-03-06 00:00:00,1.523,1.533,1.53,1.525,62309.9397141
1772758800,2026-03-06 01:00:00,1.523,1.547,1.525,1.535,63767.09157893
1772762400,2026-03-06 02:00:00,1.528,1.538,1.534,1.531,26670.44038079
1772766000,2026-03-06 03:00:00,1.522,1.531,1.53,1.529,47592.44323987
1772769600,2026-03-06 04:00:00,1.511,1.531,1.528,1.523,66772.10790389
1772773200,2026-03-06 05:00:00,1.515,1.529,1.522,1.524,39790.28914192
1772776800,2026-03-06 06:00:00,1.52,1.528,1.526,1.524,12116.33115156
1772780400,2026-03-06 07:00:00,1.522,1.548,1.524,1.542,22541.24807306
1772784000,2026-03-06 08:00:00,1.527,1.543,1.542,1.529,16437.99980737
1772787600,2026-03-06 09:00:00,1.513,1.53,1.53,1.52,41155.89888648
1772791200,2026-03-06 10:00:00,1.521,1.535,1.521,1.524,12972.73745547
1772794800,2026-03-06 11:00:00,1.505,1.525,1.524,1.507,23021.46132358
1772798400,2026-03-06 12:00:00,1.496,1.509,1.505,1.505,25744.67862997
1772802000,2026-03-06 13:00:00,1.485,1.519,1.505,1.488,162328.14088824
1772805600,2026-03-06 14:00:00,1.461,1.498,1.486,1.47,127371.44985834
1772809200,2026-03-06 15:00:00,1.453,1.479,1.47,1.462,201646.93216987
1772812800,2026-03-06 16:00:00,1.46,1.48,1.461,1.472,30141.55363163
1772816400,2026-03-06 17:00:00,1.462,1.481,1.474,1.468,42854.12182855
1772820000,2026-03-06 18:00:00,1.468,1.486,1.468,1.483,36599.34936063
1772823600,2026-03-06 19:00:00,1.482,1.494,1.482,1.486,15181.15928325
1772827200,2026-03-06 20:00:00,1.48,1.491,1.486,1.491,62107.27144004
1772830800,2026-03-06 21:00:00,1.486,1.493,1.491,1.49,31496.07420172
1772834400,2026-03-06 22:00:00,1.488,1.498,1.491,1.495,36157.11329398
1772838000,2026-03-06 23:00:00,1.482,1.495,1.494,1.488,21534.39870739
1772841600,2026-03-07 00:00:00,1.49,1.497,1.49,1.493,49580.33709125
1772845200,2026-03-07 01:00:00,1.486,1.499,1.492,1.496,15621.08791441
1772848800,2026-03-07 02:00:00,1.496,1.507,1.496,1.507,22902.8020133
1772852400,2026-03-07 03:00:00,1.497,1.518,1.507,1.499,29571.9793154
1772856000,2026-03-07 04:00:00,1.488,1.504,1.498,1.504,13476.30142306
1772859600,2026-03-07 05:00:00,1.503,1.514,1.505,1.513,13519.81030723
1772863200,2026-03-07 06:00:00,1.496,1.516,1.512,1.496,12889.53667013
1772866800,2026-03-07 07:00:00,1.49,1.502,1.496,1.501,12693.61906941
1772870400,2026-03-07 08:00:00,1.494,1.513,1.5,1.494,13188.29659734
1772874000,2026-03-07 09:00:00,1.484,1.497,1.493,1.492,9609.57509077
1772877600,2026-03-07 10:00:00,1.488,1.492,1.491,1.488,30149.60165187
1772881200,2026-03-07 11:00:00,1.483,1.501,1.489,1.488,20642.55673743
1772884800,2026-03-07 12:00:00,1.49,1.496,1.49,1.496,20829.28271135
1772888400,2026-03-07 13:00:00,1.487,1.5,1.496,1.487,23635.75123659
1772892000,2026-03-07 14:00:00,1.469,1.486,1.486,1.476,39165.23358375
1772895600,2026-03-07 15:00:00,1.463,1.48,1.475,1.469,17589.68656156
1772899200,2026-03-07 16:00:00,1.465,1.474,1.469,1.474,10181.58399883
1772902800,2026-03-07 17:00:00,1.475,1.481,1.475,1.478,8959.11793006
1772906400,2026-03-07 18:00:00,1.448,1.476,1.476,1.452,93217.17807343
1772910000,2026-03-07 19:00:00,1.432,1.454,1.451,1.438,115850.18214735
1772913600,2026-03-07 20:00:00,1.435,1.447,1.437,1.441,91681.66392562
1772917200,2026-03-07 21:00:00,1.435,1.442,1.441,1.442,14089.17729682
1772920800,2026-03-07 22:00:00,1.432,1.442,1.44,1.442,20505.56938298
1772924400,2026-03-07 23:00:00,1.439,1.449,1.44,1.448,19590.35864281
1772928000,2026-03-08 00:00:00,1.435,1.448,1.448,1.437,19464.2117046
1772931600,2026-03-08 01:00:00,1.434,1.45,1.436,1.447,13924.49962255
1772935200,2026-03-08 02:00:00,1.426,1.447,1.447,1.428,22850.7128684
1772938800,2026-03-08 03:00:00,1.428,1.441,1.428,1.435,21560.92190134
1772942400,2026-03-08 04:00:00,1.427,1.438,1.435,1.432,20995.85936422
1772946000,2026-03-08 05:00:00,1.433,1.448,1.434,1.448,12650.51824817
1772949600,2026-03-08 06:00:00,1.437,1.448,1.448,1.443,7548.20849093
1772953200,2026-03-08 07:00:00,1.442,1.456,1.442,1.447,5800.30925645
1772956800,2026-03-08 08:00:00,1.439,1.447,1.447,1.445,13001.98004958
1772960400,2026-03-08 09:00:00,1.443,1.458,1.444,1.456,9989.28622088
1772964000,2026-03-08 10:00:00,1.457,1.478,1.457,1.472,7006.39312396
1772967600,2026-03-08 11:00:00,1.457,1.475,1.47,1.467,13068.25933919
1772971200,2026-03-08 12:00:00,1.458,1.485,1.467,1.479,40697.13915062
1772974800,2026-03-08 13:00:00,1.455,1.479,1.479,1.464,28810.28509056
1772978400,2026-03-08 14:00:00,1.451,1.47,1.464,1.456,22014.9012672
1772982000,2026-03-08 15:00:00,1.446,1.459,1.455,1.452,15966.36917803
1772985600,2026-03-08 16:00:00,1.445,1.455,1.451,1.449,23257.8554335
1772989200,2026-03-08 17:00:00,1.449,1.459,1.45,1.456,13138.18808523
1772992800,2026-03-08 18:00:00,1.445,1.457,1.457,1.455,9985.84228792
1772996400,2026-03-08 19:00:00,1.452,1.48,1.454,1.469,110238.67334613
1773000000,2026-03-08 20:00:00,1.458,1.476,1.468,1.46,32120.58509896
1773003600,2026-03-08 21:00:00,1.45,1.466,1.459,1.461,36331.59639675
1773007200,2026-03-08 22:00:00,1.431,1.461,1.46,1.459,127415.41036737
1773010800,2026-03-08 23:00:00,1.448,1.463,1.457,1.453,36893.32792674
1773014400,2026-03-09 00:00:00,1.452,1.48,1.453,1.468,44355.57061252
1773018000,2026-03-09 01:00:00,1.456,1.475,1.467,1.462,46886.10803071
1773021600,2026-03-09 02:00:00,1.455,1.477,1.461,1.47,41644.54307221
1773025200,2026-03-09 03:00:00,1.467,1.492,1.472,1.473,101520.71718189
1773028800,2026-03-09 04:00:00,1.472,1.499,1.474,1.485,122036.3624722
1773032400,2026-03-09 05:00:00,1.482,1.52,1.486,1.512,122330.77255079
1773036000,2026-03-09 06:00:00,1.495,1.514,1.513,1.496,41348.69844293
1773039600,2026-03-09 07:00:00,1.472,1.496,1.496,1.488,37324.30254994
1773043200,2026-03-09 08:00:00,1.479,1.49,1.488,1.485,34459.97658117
1773046800,2026-03-09 09:00:00,1.475,1.497,1.484,1.482,78114.38008021
1773050400,2026-03-09 10:00:00,1.472,1.483,1.48,1.474,28705.69409698
1773054000,2026-03-09 11:00:00,1.463,1.479,1.474,1.475,37012.49883248
1773057600,2026-03-09 12:00:00,1.471,1.485,1.476,1.483,64228.71410672
1773061200,2026-03-09 13:00:00,1.482,1.513,1.482,1.503,115435.14814683
1773064800,2026-03-09 14:00:00,1.487,1.51,1.503,1.499,86623.96016616
1773068400,2026-03-09 15:00:00,1.487,1.504,1.5,1.502,85836.68134406
1773072000,2026-03-09 16:00:00,1.495,1.51,1.5,1.498,40941.4144626
1773075600,2026-03-09 17:00:00,1.498,1.509,1.498,1.503,38107.88084017
1773079200,2026-03-09 18:00:00,1.495,1.516,1.502,1.504,66152.77667827
1773082800,2026-03-09 19:00:00,1.494,1.532,1.505,1.507,83024.05051081
1773086400,2026-03-09 20:00:00,1.496,1.51,1.507,1.508,74080.59998867
1773090000,2026-03-09 21:00:00,1.5,1.514,1.508,1.507,64507.86084396
1773093600,2026-03-09 22:00:00,1.485,1.509,1.507,1.488,29103.29353142
1773097200,2026-03-09 23:00:00,1.487,1.496,1.488,1.494,30426.52035608
1773100800,2026-03-10 00:00:00,1.491,1.512,1.495,1.503,24848.92602474
1773104400,2026-03-10 01:00:00,1.495,1.511,1.503,1.505,44095.72648589
1773108000,2026-03-10 02:00:00,1.502,1.532,1.505,1.519,100284.43326275
1773111600,2026-03-10 03:00:00,1.506,1.522,1.52,1.509,47449.19564202
1773115200,2026-03-10 04:00:00,1.509,1.534,1.51,1.528,90236.7005195
1773118800,2026-03-10 05:00:00,1.514,1.534,1.527,1.515,36848.92514367
1773122400,2026-03-10 06:00:00,1.514,1.522,1.515,1.518,73087.42444256
1773126000,2026-03-10 07:00:00,1.516,1.526,1.518,1.52,71169.00880681
1773129600,2026-03-10 08:00:00,1.518,1.529,1.521,1.523,38580.60169255
1773133200,2026-03-10 09:00:00,1.523,1.539,1.524,1.532,40207.81145692
1773136800,2026-03-10 10:00:00,1.52,1.531,1.53,1.523,26863.63710988
1773140400,2026-03-10 11:00:00,1.516,1.524,1.522,1.517,30346.7547681
1773144000,2026-03-10 12:00:00,1.508,1.516,1.516,1.512,19153.42875526
1773147600,2026-03-10 13:00:00,1.497,1.518,1.512,1.508,35875.77716579
1773151200,2026-03-10 14:00:00,1.497,1.54,1.507,1.537,219764.59398991
1773154800,2026-03-10 15:00:00,1.519,1.546,1.538,1.53,96646.84606095
1773158400,2026-03-10 16:00:00,1.518,1.537,1.528,1.535,48080.62052941
1773162000,2026-03-10 17:00:00,1.518,1.539,1.535,1.519,95652.51647604
1773165600,2026-03-10 18:00:00,1.494,1.522,1.52,1.499,101542.37768366
1773169200,2026-03-10 19:00:00,1.491,1.503,1.499,1.499,43770.41680675
1773172800,2026-03-10 20:00:00,1.499,1.506,1.499,1.502,20813.31298671
1773176400,2026-03-10 21:00:00,1.482,1.504,1.503,1.489,37784.2892924
1773180000,2026-03-10 22:00:00,1.48,1.492,1.488,1.486,44574.68965145
1773183600,2026-03-10 23:00:00,1.485,1.489,1.487,1.486,26015.98450331
1773187200,2026-03-11 00:00:00,1.475,1.488,1.486,1.484,28069.73996502
1773190800,2026-03-11 01:00:00,1.479,1.488,1.485,1.483,21388.61138152
1773194400,2026-03-11 02:00:00,1.478,1.488,1.483,1.487,34085.30601988
1773198000,2026-03-11 03:00:00,1.484,1.494,1.489,1.484,18145.10282162
1773201600,2026-03-11 04:00:00,1.48,1.496,1.483,1.495,28864.79634358
1773205200,2026-03-11 05:00:00,1.474,1.494,1.494,1.48,24888.48607112
1773208800,2026-03-11 06:00:00,1.479,1.494,1.479,1.493,16971.09749404
1773212400,2026-03-11 07:00:00,1.482,1.498,1.494,1.485,19167.60858277
1773216000,2026-03-11 08:00:00,1.485,1.492,1.485,1.491,22747.833808
1773219600,2026-03-11 09:00:00,1.487,1.5,1.491,1.489,64258.62571305
1773223200,2026-03-11 10:00:00,1.488,1.506,1.489,1.502,40468.65552554
1773226800,2026-03-11 11:00:00,1.498,1.512,1.502,1.509,136794.18121433
1773230400,2026-03-11 12:00:00,1.508,1.543,1.509,1.527,137200.00832119
1773234000,2026-03-11 13:00:00,1.52,1.555,1.526,1.532,188524.62389832
1773237600,2026-03-11 14:00:00,1.532,1.545,1.533,1.533,82056.1617158
1773241200,2026-03-11 15:00:00,1.503,1.535,1.532,1.519,43857.00662937
1773244800,2026-03-11 16:00:00,1.515,1.528,1.519,1.526,43272.01770066
1773248400,2026-03-11 17:00:00,1.516,1.538,1.527,1.528,76910.34715808
1773252000,2026-03-11 18:00:00,1.529,1.54,1.53,1.538,94800.50426339
1773255600,2026-03-11 19:00:00,1.533,1.55,1.539,1.539,42916.98203174
1773259200,2026-03-11 20:00:00,1.528,1.544,1.538,1.533,39941.61717592
1773262800,2026-03-11 21:00:00,1.528,1.537,1.533,1.533,30073.70409754
1773266400,2026-03-11 22:00:00,1.531,1.538,1.533,1.538,16194.80629105
1773270000,2026-03-11 23:00:00,1.52,1.539,1.539,1.522,15429.87570115
1773273600,2026-03-12 00:00:00,1.515,1.526,1.523,1.521,30287.77570949
1773277200,2026-03-12 01:00:00,1.509,1.52,1.52,1.514,13635.78196384
1773280800,2026-03-12 02:00:00,1.501,1.516,1.514,1.502,45396.19896598
1773284400,2026-03-12 03:00:00,1.496,1.508,1.502,1.499,27717.74023071
1773288000,2026-03-12 04:00:00,1.497,1.504,1.499,1.499,14303.09742526
1773291600,2026-03-12 05:00:00,1.493,1.503,1.501,1.5,17217.10967114
1773295200,2026-03-12 06:00:00,1.497,1.504,1.499,1.503,23222.65952486
1773298800,2026-03-12 07:00:00,1.5,1.51,1.503,1.508,29822.76512402
1773302400,2026-03-12 08:00:00,1.508,1.518,1.51,1.511,36987.29328838
1773306000,2026-03-12 09:00:00,1.505,1.523,1.511,1.517,25556.95265129
1773309600,2026-03-12 10:00:00,1.512,1.528,1.517,1.519,19664.22063328
1773313200,2026-03-12 11:00:00,1.505,1.519,1.519,1.508,31825.63467507
1773316800,2026-03-12 12:00:00,1.502,1.512,1.508,1.507,34751.98289569
1773320400,2026-03-12 13:00:00,1.491,1.508,1.507,1.5,76810.89692392
1773324000,2026-03-12 14:00:00,1.486,1.509,1.5,1.495,103518.02184152
1773327600,2026-03-12 15:00:00,1.492,1.509,1.495,1.502,40143.48666591
1773331200,2026-03-12 16:00:00,1.496,1.51,1.502,1.503,39453.93271219
1773334800,2026-03-12 17:00:00,1.494,1.505,1.502,1.497,34693.26209169
1773338400,2026-03-12 18:00:00,1.489,1.504,1.496,1.501,149898.98166933
1773342000,2026-03-12 19:00:00,1.499,1.514,1.502,1.507,15948.5948251
1773345600,2026-03-12 20:00:00,1.502,1.511,1.508,1.508,16548.05050991
1773349200,2026-03-12 21:00:00,1.507,1.516,1.507,1.516,17069.37009817
1773352800,2026-03-12 22:00:00,1.513,1.518,1.516,1.518,34228.99732587
1773356400,2026-03-12 23:00:00,1.512,1.526,1.519,1.517,38899.59335055
1773360000,2026-03-13 00:00:00,1.514,1.549,1.517,1.533,114679.58040729
1773363600,2026-03-13 01:00:00,1.531,1.542,1.534,1.541,67111.21667203
1773367200,2026-03-13 02:00:00,1.526,1.542,1.54,1.53,40238.18925625
1773370800,2026-03-13 03:00:00,1.524,1.536,1.532,1.532,18212.91000216
1773374400,2026-03-13 04:00:00,1.52,1.534,1.533,1.523,21716.33982935
1773378000,2026-03-13 05:00:00,1.515,1.53,1.522,1.524,44417.63357564
1773381600,2026-03-13 06:00:00,1.502,1.526,1.525,1.502,62667.83486413
1773385200,2026-03-13 07:00:00,1.499,1.508,1.503,1.507,41736.56828289
1773388800,2026-03-13 08:00:00,1.502,1.514,1.507,1.508,40922.04883678
1773392400,2026-03-13 09:00:00,1.506,1.517,1.508,1.514,30139.6783809
1773396000,2026-03-13 10:00:00,1.514,1.527,1.514,1.523,44805.82180987
1773399600,2026-03-13 11:00:00,1.514,1.524,1.524,1.518,43104.87432087
1773403200,2026-03-13 12:00:00,1.515,1.536,1.519,1.534,62679.73143149
1773406800,2026-03-13 13:00:00,1.53,1.549,1.535,1.537,65811.25834737
1773410400,2026-03-13 14:00:00,1.513,1.548,1.539,1.516,136232.84898725
1773414000,2026-03-13 15:00:00,1.5,1.524,1.515,1.508,78905.81177815
1773417600,2026-03-13 16:00:00,1.498,1.516,1.509,1.512,75653.80143667
1773421200,2026-03-13 17:00:00,1.479,1.512,1.512,1.484,68336.52907792
1773424800,2026-03-13 18:00:00,1.469,1.486,1.484,1.475,106096.41413961
1773428400,2026-03-13 19:00:00,1.467,1.48,1.476,1.47,43086.4831271
1773432000,2026-03-13 20:00:00,1.463,1.475,1.47,1.472,42470.04251138
1773435600,2026-03-13 21:00:00,1.459,1.482,1.472,1.465,36607.39652768
1773439200,2026-03-13 22:00:00,1.447,1.464,1.464,1.457,50837.20544791
1773442800,2026-03-13 23:00:00,1.458,1.469,1.459,1.462,24106.47619114
1773446400,2026-03-14 00:00:00,1.45,1.462,1.462,1.453,12148.01188215
1773450000,2026-03-14 01:00:00,1.44,1.455,1.454,1.449,18133.53117859
1773453600,2026-03-14 02:00:00,1.44,1.451,1.451,1.448,26773.87950384
1773457200,2026-03-14 03:00:00,1.447,1.456,1.448,1.45,55344.55433546
1773460800,2026-03-14 04:00:00,1.441,1.457,1.45,1.448,63808.70656924
1773464400,2026-03-14 05:00:00,1.437,1.448,1.448,1.439,27238.88061852
1773468000,2026-03-14 06:00:00,1.432,1.439,1.439,1.437,13574.44398209
1773471600,2026-03-14 07:00:00,1.434,1.439,1.437,1.438,11588.19292856
1773475200,2026-03-14 08:00:00,1.437,1.442,1.438,1.439,18170.51468051
1773478800,2026-03-14 09:00:00,1.43,1.441,1.441,1.432,11547.95926248
1773482400,2026-03-14 10:00:00,1.428,1.437,1.431,1.436,17916.66062115
1773486000,2026-03-14 11:00:00,1.435,1.441,1.436,1.438,10927.8744405
1773489600,2026-03-14 12:00:00,1.437,1.443,1.438,1.438,10857.61734556
1773493200,2026-03-14 13:00:00,1.43,1.437,1.437,1.435,29727.63701559
1773496800,2026-03-14 14:00:00,1.428,1.437,1.435,1.431,21822.35140998
1773500400,2026-03-14 15:00:00,1.421,1.436,1.43,1.434,43237.6882292
1773504000,2026-03-14 16:00:00,1.427,1.434,1.434,1.429,17787.5834703
1773507600,2026-03-14 17:00:00,1.428,1.434,1.429,1.428,10784.92081841
1773511200,2026-03-14 18:00:00,1.424,1.43,1.427,1.425,16061.64751599
1773514800,2026-03-14 19:00:00,1.412,1.425,1.425,1.413,37612.15604569
1773518400,2026-03-14 20:00:00,1.407,1.417,1.413,1.413,51889.9466161
1773522000,2026-03-14 21:00:00,1.408,1.417,1.414,1.412,15848.53421496
1773525600,2026-03-14 22:00:00,1.408,1.416,1.413,1.409,10986.21931913
1773529200,2026-03-14 23:00:00,1.405,1.416,1.41,1.416,139073.26138717
1773532800,2026-03-15 00:00:00,1.404,1.419,1.416,1.408,358582.08752514
1773536400,2026-03-15 01:00:00,1.393,1.412,1.408,1.41,79419.67999613
1773540000,2026-03-15 02:00:00,1.411,1.431,1.411,1.426,76890.61323438
1773543600,2026-03-15 03:00:00,1.417,1.428,1.427,1.418,42692.84643073
1773547200,2026-03-15 04:00:00,1.417,1.425,1.419,1.419,35928.81523315
1773550800,2026-03-15 05:00:00,1.415,1.424,1.418,1.416,59612.4246827
1773554400,2026-03-15 06:00:00,1.411,1.419,1.415,1.418,25117.96865523
1773558000,2026-03-15 07:00:00,1.416,1.424,1.418,1.419,22169.15497148
1773561600,2026-03-15 08:00:00,1.417,1.422,1.42,1.42,33188.57365435
1773565200,2026-03-15 09:00:00,1.419,1.425,1.419,1.425,21767.51807263
1773568800,2026-03-15 10:00:00,1.424,1.435,1.424,1.427,20137.79121699
1773572400,2026-03-15 11:00:00,1.427,1.44,1.427,1.432,65579.06439718
1773576000,2026-03-15 12:00:00,1.431,1.443,1.433,1.437,65323.63335585
1773579600,2026-03-15 13:00:00,1.417,1.438,1.437,1.424,94409.35375139
1773583200,2026-03-15 14:00:00,1.417,1.429,1.423,1.419,20134.41225071
1773586800,2026-03-15 15:00:00,1.416,1.421,1.419,1.417,28713.17110899
1773590400,2026-03-15 16:00:00,1.41,1.422,1.418,1.412,34842.99311509
1773594000,2026-03-15 17:00:00,1.413,1.429,1.413,1.423,20039.94570242
1773597600,2026-03-15 18:00:00,1.411,1.424,1.424,1.412,12338.31582073
1773601200,2026-03-15 19:00:00,1.411,1.423,1.412,1.422,16483.00040722
1773604800,2026-03-15 20:00:00,1.42,1.431,1.422,1.424,338259.7101957
1773608400,2026-03-15 21:00:00,1.419,1.435,1.424,1.432,52097.9972536
1773612000,2026-03-15 22:00:00,1.417,1.444,1.431,1.441,235328.49142442
1773615600,2026-03-15 23:00:00,1.426,1.445,1.442,1.444,78466.01128572
1773619200,2026-03-16 00:00:00,1.432,1.448,1.445,1.438,74063.25334949
1773622800,2026-03-16 01:00:00,1.432,1.447,1.439,1.444,50826.34295595
1773626400,2026-03-16 02:00:00,1.433,1.447,1.443,1.443,43932.22682702
1773630000,2026-03-16 03:00:00,1.441,1.49,1.442,1.478,157816.4599819
1773633600,2026-03-16 04:00:00,1.48,1.533,1.48,1.525,427464.24679381
1773637200,2026-03-16 05:00:00,1.514,1.55,1.526,1.542,463009.93390932
1773640800,2026-03-16 06:00:00,1.536,1.587,1.543,1.582,288142.20680525
1773644400,2026-03-16 07:00:00,1.579,1.601,1.582,1.588,272293.63627447
1773648000,2026-03-16 08:00:00,1.587,1.624,1.589,1.601,217620.1622854
1773651600,2026-03-16 09:00:00,1.596,1.623,1.602,1.607,191434.72278611
1773655200,2026-03-16 10:00:00,1.57,1.609,1.608,1.598,216737.72016692
1773658800,2026-03-16 11:00:00,1.585,1.632,1.597,1.592,222453.17400716
1773662400,2026-03-16 12:00:00,1.584,1.604,1.593,1.585,156902.82220711
1773666000,2026-03-16 13:00:00,1.579,1.606,1.584,1.589,273481.55373784
1773669600,2026-03-16 14:00:00,1.566,1.593,1.588,1.573,219924.18777283
1773673200,2026-03-16 15:00:00,1.56,1.585,1.573,1.569,119281.17757034
1773676800,2026-03-16 16:00:00,1.567,1.598,1.569,1.589,165469.16888553
1773680400,2026-03-16 17:00:00,1.589,1.603,1.59,1.602,165993.37141357
1773684000,2026-03-16 18:00:00,1.6,1.624,1.603,1.61,268950.1227007
1773687600,2026-03-16 19:00:00,1.602,1.617,1.609,1.612,234194.14242871
1773691200,2026-03-16 20:00:00,1.607,1.651,1.612,1.632,320576.17226632
1773694800,2026-03-16 21:00:00,1.627,1.662,1.632,1.628,189503.74742619
1773698400,2026-03-16 22:00:00,1.625,1.645,1.626,1.627,120548.56913426
1773702000,2026-03-16 23:00:00,1.62,1.654,1.627,1.642,340470.42273151
1773705600,2026-03-17 00:00:00,1.62,1.642,1.641,1.632,79729.32745063
1773709200,2026-03-17 01:00:00,1.611,1.633,1.632,1.622,141005.73212057
1773712800,2026-03-17 02:00:00,1.612,1.625,1.621,1.612,32524.448874
1773716400,2026-03-17 03:00:00,1.595,1.617,1.613,1.606,49176.95704685
1773720000,2026-03-17 04:00:00,1.594,1.619,1.605,1.599,34708.5799905
1773723600,2026-03-17 05:00:00,1.589,1.604,1.598,1.598,50912.88516929
1773727200,2026-03-17 06:00:00,1.59,1.6,1.598,1.596,58755.93131844
1773730800,2026-03-17 07:00:00,1.596,1.616,1.596,1.613,40323.61179591
1773734400,2026-03-17 08:00:00,1.613,1.639,1.614,1.619,109124.77811001
1773738000,2026-03-17 09:00:00,1.611,1.628,1.619,1.612,66683.84298464
1773741600,2026-03-17 10:00:00,1.603,1.613,1.612,1.608,43497.95463418
1773745200,2026-03-17 11:00:00,1.602,1.611,1.608,1.602,29911.55971902
1773748800,2026-03-17 12:00:00,1.584,1.604,1.602,1.587,32091.94857694
1773752400,2026-03-17 13:00:00,1.586,1.601,1.587,1.594,54901.49162134
1773756000,2026-03-17 14:00:00,1.589,1.6,1.593,1.596,60691.50417326
1773759600,2026-03-17 15:00:00,1.586,1.602,1.595,1.592,70742.25396428
1773763200,2026-03-17 16:00:00,1.582,1.595,1.592,1.59,69283.65863984
1773766800,2026-03-17 17:00:00,1.588,1.599,1.59,1.599,36457.35226058
1773770400,2026-03-17 18:00:00,1.596,1.605,1.599,1.602,32382.51172929
1773774000,2026-03-17 19:00:00,1.593,1.602,1.601,1.594,21947.9797165
1773777600,2026-03-17 20:00:00,1.593,1.604,1.595,1.604,34187.38945098
1773781200,2026-03-17 21:00:00,1.605,1.625,1.605,1.619,30448.76471043
1773784800,2026-03-17 22:00:00,1.615,1.624,1.618,1.624,33852.01812346
1773788400,2026-03-17 23:00:00,1.618,1.635,1.624,1.625,41367.8981622
1773792000,2026-03-18 00:00:00,1.617,1.634,1.624,1.631,99634.2161459
1773795600,2026-03-18 01:00:00,1.623,1.64,1.632,1.624,113147.972314
1773799200,2026-03-18 02:00:00,1.624,1.649,1.625,1.642,139723.78271919
1773802800,2026-03-18 03:00:00,1.635,1.658,1.643,1.638,130549.44185597
1773806400,2026-03-18 04:00:00,1.63,1.645,1.638,1.637,120232.37166124
1773810000,2026-03-18 05:00:00,1.626,1.65,1.638,1.627,82318.72850951
1773813600,2026-03-18 06:00:00,1.626,1.64,1.628,1.626,87778.98233821
1773817200,2026-03-18 07:00:00,1.62,1.631,1.625,1.625,60462.04586282
1773820800,2026-03-18 08:00:00,1.621,1.635,1.626,1.624,46648.33503521
1773824400,2026-03-18 09:00:00,1.623,1.64,1.623,1.633,68713.28010996
1773828000,2026-03-18 10:00:00,1.63,1.638,1.634,1.634,62189.95881673
1773831600,2026-03-18 11:00:00,1.593,1.635,1.634,1.601,218175.10232467
1773835200,2026-03-18 12:00:00,1.58,1.601,1.6,1.588,131830.15142975
1773838800,2026-03-18 13:00:00,1.578,1.595,1.589,1.583,103073.78778679
1773842400,2026-03-18 14:00:00,1.551,1.583,1.583,1.552,95208.46608159
1773846000,2026-03-18 15:00:00,1.54,1.564,1.554,1.561,145813.45560021
1773849600,2026-03-18 16:00:00,1.55,1.562,1.561,1.555,75403.93209232
1773853200,2026-03-18 17:00:00,1.546,1.571,1.555,1.561,28171.08500636
1773856800,2026-03-18 18:00:00,1.553,1.576,1.562,1.558,43586.77884796
1773860400,2026-03-18 19:00:00,1.55,1.568,1.559,1.552,119385.61348852
1773864000,2026-03-18 20:00:00,1.541,1.564,1.552,1.561,66350.15777724
1773867600,2026-03-18 21:00:00,1.556,1.564,1.562,1.562,58227.66980656
1773871200,2026-03-18 22:00:00,1.554,1.567,1.56,1.564,59172.13689146
1773874800,2026-03-18 23:00:00,1.555,1.579,1.563,1.578,36092.19855986
1773878400,2026-03-19 00:00:00,1.561,1.577,1.577,1.563,70495.15725717
1773882000,2026-03-19 01:00:00,1.556,1.563,1.563,1.558,35873.47591107
1773885600,2026-03-19 02:00:00,1.547,1.558,1.556,1.548,12660.39888509
1773889200,2026-03-19 03:00:00,1.547,1.571,1.55,1.555,45476.3038949
1773892800,2026-03-19 04:00:00,1.551,1.559,1.554,1.553,28228.68689287
1773896400,2026-03-19 05:00:00,1.541,1.556,1.553,1.545,25708.9104638
1773900000,2026-03-19 06:00:00,1.543,1.55,1.546,1.545,18050.61458086
1773903600,2026-03-19 07:00:00,1.525,1.548,1.546,1.535,50831.32250662
1773907200,2026-03-19 08:00:00,1.527,1.537,1.534,1.532,36437.04142871
1773910800,2026-03-19 09:00:00,1.53,1.547,1.532,1.547,50730.38484462
1773914400,2026-03-19 10:00:00,1.531,1.546,1.545,1.531,25838.83429935
1773918000,2026-03-19 11:00:00,1.53,1.542,1.531,1.538,38550.83168702
1773921600,2026-03-19 12:00:00,1.521,1.543,1.538,1.521,45670.76776678
1773925200,2026-03-19 13:00:00,1.512,1.528,1.522,1.527,70228.52338979
1773928800,2026-03-19 14:00:00,1.507,1.53,1.526,1.512,26384.90850792
1773932400,2026-03-19 15:00:00,1.502,1.523,1.511,1.52,50440.71828312
1773936000,2026-03-19 16:00:00,1.506,1.521,1.519,1.51,73987.92814633
1773939600,2026-03-19 17:00:00,1.497,1.515,1.51,1.515,49526.00172004
1773943200,2026-03-19 18:00:00,1.509,1.516,1.515,1.515,24029.79454954
1773946800,2026-03-19 19:00:00,1.517,1.536,1.517,1.531,49727.25890957
1773950400,2026-03-19 20:00:00,1.526,1.535,1.531,1.53,16704.17086667
1773954000,2026-03-19 21:00:00,1.522,1.533,1.529,1.522,56517.20818519
1773957600,2026-03-19 22:00:00,1.505,1.521,1.52,1.519,26410.40758819
1773961200,2026-03-19 23:00:00,1.517,1.526,1.52,1.522,51992.54457817
1773964800,2026-03-20 00:00:00,1.52,1.53,1.522,1.528,38615.82593846
1773968400,2026-03-20 01:00:00,1.528,1.543,1.528,1.537,30308.30802968
1773972000,2026-03-20 02:00:00,1.528,1.54,1.536,1.538,43426.1689393
1773975600,2026-03-20 03:00:00,1.53,1.54,1.536,1.533,56508.2527106
1773979200,2026-03-20 04:00:00,1.53,1.546,1.533,1.546,142319.57212788
1773982800,2026-03-20 05:00:00,1.541,1.553,1.544,1.543,53693.20611586
1773986400,2026-03-20 06:00:00,1.539,1.548,1.541,1.54,37112.42925158
1773990000,2026-03-20 07:00:00,1.531,1.541,1.539,1.537,49914.03456613
1773993600,2026-03-20 08:00:00,1.535,1.549,1.536,1.536,34499.53469563
1773997200,2026-03-20 09:00:00,1.521,1.535,1.535,1.528,18053.66347381
1774000800,2026-03-20 10:00:00,1.521,1.535,1.527,1.533,11314.00501142
1774004400,2026-03-20 11:00:00,1.522,1.54,1.534,1.53,24327.93714457
1774008000,2026-03-20 12:00:00,1.525,1.537,1.531,1.531,29036.33174681
1774011600,2026-03-20 13:00:00,1.523,1.537,1.53,1.525,33123.87748922
1774015200,2026-03-20 14:00:00,1.517,1.533,1.523,1.519,47630.26817874
1774018800,2026-03-20 15:00:00,1.514,1.531,1.52,1.526,46528.98361804
1774022400,2026-03-20 16:00:00,1.513,1.525,1.525,1.517,27754.36808974
1774026000,2026-03-20 17:00:00,1.506,1.521,1.518,1.519,37215.15538541
1774029600,2026-03-20 18:00:00,1.502,1.52,1.52,1.505,28140.18249784
1774033200,2026-03-20 19:00:00,1.495,1.511,1.506,1.51,80247.58548302
1774036800,2026-03-20 20:00:00,1.496,1.511,1.51,1.508,46902.90456992
1774040400,2026-03-20 21:00:00,1.504,1.519,1.507,1.513,28950.55055013
1774044000,2026-03-20 22:00:00,1.515,1.523,1.515,1.516,26130.67472706
1774047600,2026-03-20 23:00:00,1.498,1.515,1.515,1.5,44441.09581696
1774051200,2026-03-21 00:00:00,1.5,1.511,1.5,1.51,55329.29211872
1774054800,2026-03-21 01:00:00,1.502,1.513,1.511,1.504,31547.95565884
1774058400,2026-03-21 02:00:00,1.503,1.514,1.504,1.513,33946.19915463
1774062000,2026-03-21 03:00:00,1.51,1.513,1.511,1.511,8639.61046131
1774065600,2026-03-21 04:00:00,1.506,1.515,1.511,1.508,27928.81930728
1774069200,2026-03-21 05:00:00,1.506,1.512,1.508,1.509,75677.55404491
1774072800,2026-03-21 06:00:00,1.508,1.515,1.509,1.509,43666.34540638
1774076400,2026-03-21 07:00:00,1.5,1.511,1.509,1.5,28540.19722472
1774080000,2026-03-21 08:00:00,1.491,1.503,1.5,1.502,31533.26680174
1774083600,2026-03-21 09:00:00,1.49,1.507,1.503,1.49,25967.4707297
1774087200,2026-03-21 10:00:00,1.487,1.496,1.491,1.494,41371.83962721
1774090800,2026-03-21 11:00:00,1.49,1.496,1.494,1.493,8675.90663535
1774094400,2026-03-21 12:00:00,1.489,1.495,1.492,1.492,16782.60965488
1774098000,2026-03-21 13:00:00,1.485,1.493,1.492,1.49,24805.93409368
1774101600,2026-03-21 14:00:00,1.488,1.498,1.491,1.489,30260.79566422
1774105200,2026-03-21 15:00:00,1.488,1.51,1.488,1.507,23664.79319789
1774108800,2026-03-21 16:00:00,1.5,1.509,1.508,1.501,38781.58255539
1774112400,2026-03-21 17:00:00,1.497,1.502,1.5,1.5,14378.07807862
1774116000,2026-03-21 18:00:00,1.495,1.501,1.5,1.495,28001.66504493
1774119600,2026-03-21 19:00:00,1.491,1.496,1.496,1.494,22248.63980879
1774123200,2026-03-21 20:00:00,1.492,1.501,1.493,1.501,20237.57615742
1774126800,2026-03-21 21:00:00,1.494,1.502,1.501,1.494,13097.93919703
1774130400,2026-03-21 22:00:00,1.493,1.499,1.496,1.496,13361.16497238
1774134000,2026-03-21 23:00:00,1.459,1.497,1.495,1.468,135083.78777066
1774137600,2026-03-22 00:00:00,1.444,1.473,1.467,1.465,73937.81836012
1774141200,2026-03-22 01:00:00,1.459,1.471,1.465,1.466,29538.19921399
1774144800,2026-03-22 02:00:00,1.464,1.479,1.465,1.47,25170.38056032
1774148400,2026-03-22 03:00:00,1.468,1.483,1.47,1.471,31935.85671788
1774152000,2026-03-22 04:00:00,1.469,1.48,1.47,1.476,22074.09428075
1774155600,2026-03-22 05:00:00,1.462,1.475,1.475,1.463,29063.79707834
1774159200,2026-03-22 06:00:00,1.46,1.466,1.462,1.466,18545.11462388
1774162800,2026-03-22 07:00:00,1.455,1.466,1.465,1.455,21979.10364413
1774166400,2026-03-22 08:00:00,1.446,1.456,1.455,1.452,18604.92621333
1774170000,2026-03-22 09:00:00,1.451,1.458,1.453,1.453,10685.23307657
1774173600,2026-03-22 10:00:00,1.436,1.453,1.453,1.438,52707.13117396
1774177200,2026-03-22 11:00:00,1.433,1.441,1.437,1.433,20412.22553617
1774180800,2026-03-22 12:00:00,1.434,1.449,1.434,1.44,35510.25776741
1774184400,2026-03-22 13:00:00,1.432,1.446,1.44,1.437,27742.31386617
1774188000,2026-03-22 14:00:00,1.431,1.439,1.437,1.433,24331.35037521
1774191600,2026-03-22 15:00:00,1.432,1.438,1.433,1.435,54935.15887174
1774195200,2026-03-22 16:00:00,1.431,1.437,1.435,1.432,22821.71221375
1774198800,2026-03-22 17:00:00,1.428,1.437,1.431,1.432,57662.42630953
1774202400,2026-03-22 18:00:00,1.423,1.437,1.432,1.429,26891.28123014
1774206000,2026-03-22 19:00:00,1.414,1.429,1.429,1.416,33482.32629542
1774209600,2026-03-22 20:00:00,1.409,1.42,1.417,1.412,28664.91916595
1774213200,2026-03-22 21:00:00,1.393,1.415,1.413,1.41,124158.24887963
1774216800,2026-03-22 22:00:00,1.405,1.425,1.409,1.418,51513.09009478
1774220400,2026-03-22 23:00:00,1.41,1.423,1.418,1.414,58360.06856578
1774224000,2026-03-23 00:00:00,1.41,1.423,1.415,1.421,39869.11374892
1774227600,2026-03-23 01:00:00,1.419,1.43,1.42,1.424,51108.38849277
1774231200,2026-03-23 02:00:00,1.422,1.436,1.424,1.433,39879.13665601
1774234800,2026-03-23 03:00:00,1.431,1.44,1.433,1.433,223076.89110351
1774238400,2026-03-23 04:00:00,1.431,1.441,1.433,1.441,30258.12949868
1774242000,2026-03-23 05:00:00,1.434,1.443,1.442,1.437,26521.33830033
1774245600,2026-03-23 06:00:00,1.413,1.436,1.436,1.417,27996.55458348
1774249200,2026-03-23 07:00:00,1.404,1.42,1.415,1.416,41745.64528158
1774252800,2026-03-23 08:00:00,1.407,1.421,1.416,1.407,28020.25373461
1774256400,2026-03-23 09:00:00,1.403,1.418,1.407,1.417,24200.55128242
1774260000,2026-03-23 10:00:00,1.414,1.423,1.417,1.417,59491.71796969
1774263600,2026-03-23 11:00:00,1.417,1.493,1.417,1.468,379794.52144524
1774267200,2026-03-23 12:00:00,1.457,1.476,1.469,1.471,65537.11313249
1774270800,2026-03-23 13:00:00,1.463,1.484,1.472,1.481,52563.66023229
1774274400,2026-03-23 14:00:00,1.46,1.486,1.482,1.463,58463.19850812
1774278000,2026-03-23 15:00:00,1.432,1.473,1.462,1.434,103363.98369178
1774281600,2026-03-23 16:00:00,1.426,1.441,1.433,1.439,99007.11651374
1774285200,2026-03-23 17:00:00,1.427,1.44,1.439,1.436,119536.48857541
1774288800,2026-03-23 18:00:00,1.428,1.443,1.435,1.438,84381.50958927
1774292400,2026-03-23 19:00:00,1.419,1.441,1.439,1.423,83877.18242956
1774296000,2026-03-23 20:00:00,1.408,1.428,1.421,1.428,68992.08135803
1774299600,2026-03-23 21:00:00,1.425,1.433,1.429,1.43,36694.19160147
1774303200,2026-03-23 22:00:00,1.409,1.43,1.43,1.411,102241.18170022
1774306800,2026-03-23 23:00:00,1.404,1.421,1.411,1.421,87096.21815694
1774310400,2026-03-24 00:00:00,1.412,1.425,1.422,1.423,146988.30331724
1774314000,2026-03-24 01:00:00,1.408,1.425,1.423,1.413,61440.3370372
1774317600,2026-03-24 02:00:00,1.412,1.423,1.413,1.413,19598.86798525
1774321200,2026-03-24 03:00:00,1.408,1.424,1.413,1.422,38377.93522511
1774324800,2026-03-24 04:00:00,1.411,1.426,1.422,1.413,41661.57683045
1774328400,2026-03-24 05:00:00,1.409,1.419,1.413,1.416,40701.93927003
1774332000,2026-03-24 06:00:00,1.408,1.419,1.417,1.417,37865.83470675
1774335600,2026-03-24 07:00:00,1.415,1.429,1.416,1.428,74517.10720981
1774339200,2026-03-24 08:00:00,1.41,1.428,1.428,1.42,76581.00774411
1774342800,2026-03-24 09:00:00,1.411,1.421,1.421,1.415,48410.98446604
1774346400,2026-03-24 10:00:00,1.397,1.415,1.413,1.406,105819.27844214
1774350000,2026-03-24 11:00:00,1.386,1.406,1.406,1.396,83705.07225268
1774353600,2026-03-24 12:00:00,1.39,1.4,1.397,1.393,59600.1585394
1774357200,2026-03-24 13:00:00,1.385,1.401,1.394,1.389,80188.31321663
1774360800,2026-03-24 14:00:00,1.386,1.404,1.39,1.403,74643.68538289
1774364400,2026-03-24 15:00:00,1.369,1.401,1.401,1.372,79406.13688771
1774368000,2026-03-24 16:00:00,1.366,1.381,1.373,1.379,193487.39183968
1774371600,2026-03-24 17:00:00,1.359,1.38,1.379,1.367,164999.63652212
1774375200,2026-03-24 18:00:00,1.362,1.381,1.368,1.373,45804.36045196
1774378800,2026-03-24 19:00:00,1.372,1.385,1.373,1.378,98666.41148077
1774382400,2026-03-24 20:00:00,1.377,1.401,1.377,1.396,148772.98988844
1774386000,2026-03-24 21:00:00,1.384,1.398,1.396,1.395,114847.31323512
1774389600,2026-03-24 22:00:00,1.386,1.399,1.398,1.395,53725.40544118
1774393200,2026-03-24 23:00:00,1.393,1.404,1.395,1.403,60333.32558446
1774396800,2026-03-25 00:00:00,1.393,1.412,1.404,1.404,77909.78964318
1774400400,2026-03-25 01:00:00,1.401,1.41,1.404,1.404,31512.54077433
1774404000,2026-03-25 02:00:00,1.399,1.406,1.405,1.4,254306.19616993
1774407600,2026-03-25 03:00:00,1.39,1.402,1.399,1.401,74461.09748202
1774411200,2026-03-25 04:00:00,1.39,1.403,1.401,1.393,36963.07250394
1774414800,2026-03-25 05:00:00,1.388,1.398,1.393,1.388,73976.36412426
1774418400,2026-03-25 06:00:00,1.379,1.389,1.388,1.382,41347.94571179
1774422000,2026-03-25 07:00:00,1.38,1.388,1.382,1.385,48036.16895304
1774425600,2026-03-25 08:00:00,1.383,1.401,1.384,1.384,85106.20457487
1774429200,2026-03-25 09:00:00,1.374,1.389,1.383,1.388,146189.8882476
1774432800,2026-03-25 10:00:00,1.385,1.395,1.388,1.388,108016.41570385
1774436400,2026-03-25 11:00:00,1.379,1.396,1.39,1.394,82257.19120381
1774440000,2026-03-25 12:00:00,1.38,1.395,1.394,1.39,107983.30402118
1774443600,2026-03-25 13:00:00,1.371,1.391,1.388,1.371,81380.26607066
1774447200,2026-03-25 14:00:00,1.367,1.381,1.371,1.378,58867.83726306
1774450800,2026-03-25 15:00:00,1.363,1.38,1.377,1.369,35505.60287384
1774454400,2026-03-25 16:00:00,1.367,1.383,1.369,1.369,39771.92959694
1774458000,2026-03-25 17:00:00,1.365,1.375,1.369,1.372,37962.58635932
1774461600,2026-03-25 18:00:00,1.372,1.383,1.373,1.374,147396.32362466
1774465200,2026-03-25 19:00:00,1.366,1.376,1.373,1.368,105338.89126428
1774468800,2026-03-25 20:00:00,1.345,1.367,1.367,1.352,234996.55608608
1774472400,2026-03-25 21:00:00,1.348,1.355,1.352,1.353,96518.02751762
1774476000,2026-03-25 22:00:00,1.348,1.365,1.353,1.36,91984.54964849
1774479600,2026-03-25 23:00:00,1.354,1.363,1.36,1.362,94394.14410572
1774483200,2026-03-26 00:00:00,1.353,1.368,1.362,1.358,54906.95553041
1774486800,2026-03-26 01:00:00,1.358,1.367,1.359,1.359,84227.67084576
1774490400,2026-03-26 02:00:00,1.344,1.36,1.359,1.348,90229.17049385
1774494000,2026-03-26 03:00:00,1.339,1.348,1.348,1.342,125217.2816599
1774497600,2026-03-26 04:00:00,1.332,1.342,1.342,1.335,117289.5494372
1774501200,2026-03-26 05:00:00,1.326,1.336,1.334,1.33,195174.3999184
1774504800,2026-03-26 06:00:00,1.318,1.33,1.329,1.324,127215.7552275
1774508400,2026-03-26 07:00:00,1.321,1.328,1.323,1.326,80755.51557171
1774512000,2026-03-26 08:00:00,1.318,1.328,1.326,1.319,119117.55971906
1774515600,2026-03-26 09:00:00,1.307,1.323,1.32,1.311,61698.71897948
1774519200,2026-03-26 10:00:00,1.305,1.313,1.31,1.313,29430.98713719
1774522800,2026-03-26 11:00:00,1.309,1.316,1.312,1.313,69276.0751275
1774526400,2026-03-26 12:00:00,1.313,1.328,1.314,1.32,58171.93680714
1774530000,2026-03-26 13:00:00,1.319,1.335,1.321,1.332,59978.98816383
1774533600,2026-03-26 14:00:00,1.325,1.335,1.331,1.329,36938.19752654
1774537200,2026-03-26 15:00:00,1.314,1.33,1.329,1.324,48294.53163964
1774540800,2026-03-26 16:00:00,1.318,1.331,1.325,1.318,90156.13938272
1774544400,2026-03-26 17:00:00,1.317,1.329,1.32,1.32,37164.38238438
1774548000,2026-03-26 18:00:00,1.314,1.323,1.321,1.314,39587.95149844
1774551600,2026-03-26 19:00:00,1.3,1.316,1.315,1.307,127626.1745281
1774555200,2026-03-26 20:00:00,1.301,1.327,1.307,1.307,161493.6171843
1774558800,2026-03-26 21:00:00,1.306,1.328,1.308,1.32,37834.21529907
1774562400,2026-03-26 22:00:00,1.317,1.324,1.321,1.32,35593.89437359
1774566000,2026-03-26 23:00:00,1.315,1.325,1.319,1.321,35186.7238153
1774569600,2026-03-27 00:00:00,1.317,1.324,1.322,1.324,33861.33728409
1774573200,2026-03-27 01:00:00,1.321,1.339,1.324,1.334,88552.51522433
1774576800,2026-03-27 02:00:00,1.326,1.335,1.335,1.326,118132.59655919
1774580400,2026-03-27 03:00:00,1.316,1.328,1.326,1.32,22000.9181596
1774584000,2026-03-27 04:00:00,1.313,1.324,1.321,1.32,23159.46004155
1774587600,2026-03-27 05:00:00,1.316,1.324,1.32,1.323,29359.62691227
1774591200,2026-03-27 06:00:00,1.317,1.323,1.323,1.321,34587.46698972
1774594800,2026-03-27 07:00:00,1.317,1.326,1.32,1.324,26557.72499708
1774598400,2026-03-27 08:00:00,1.308,1.326,1.324,1.314,82211.66809767
1774602000,2026-03-27 09:00:00,1.295,1.314,1.314,1.298,71953.03454182
1774605600,2026-03-27 10:00:00,1.273,1.299,1.297,1.276,125597.33665765
1774609200,2026-03-27 11:00:00,1.274,1.284,1.277,1.282,63396.21775996
1774612800,2026-03-27 12:00:00,1.274,1.284,1.28,1.283,86965.47436023
1774616400,2026-03-27 13:00:00,1.281,1.295,1.284,1.286,45594.71469955
1774620000,2026-03-27 14:00:00,1.274,1.289,1.287,1.284,56994.40800045
1774623600,2026-03-27 15:00:00,1.276,1.29,1.284,1.278,74657.14031101
1774627200,2026-03-27 16:00:00,1.275,1.285,1.277,1.28,56292.81963773
1774630800,2026-03-27 17:00:00,1.28,1.288,1.281,1.281,31295.80620457
1774634400,2026-03-27 18:00:00,1.272,1.282,1.282,1.276,47377.87772533
1774638000,2026-03-27 19:00:00,1.269,1.282,1.276,1.281,35823.71328469
1774641600,2026-03-27 20:00:00,1.272,1.284,1.281,1.282,18817.68439701
1774645200,2026-03-27 21:00:00,1.282,1.292,1.282,1.283,73571.12489711
1774648800,2026-03-27 22:00:00,1.283,1.289,1.285,1.284,38650.75355941
1774652400,2026-03-27 23:00:00,1.279,1.293,1.284,1.29,42438.84688725
1774656000,2026-03-28 00:00:00,1.281,1.293,1.291,1.282,37733.77660084
1774659600,2026-03-28 01:00:00,1.271,1.282,1.282,1.279,38380.84948507
1774663200,2026-03-28 02:00:00,1.275,1.285,1.279,1.278,29333.17670636
1774666800,2026-03-28 03:00:00,1.273,1.284,1.279,1.284,22894.11539968
1774670400,2026-03-28 04:00:00,1.28,1.287,1.284,1.284,12760.52510008
1774674000,2026-03-28 05:00:00,1.282,1.291,1.283,1.29,42287.94822649
1774677600,2026-03-28 06:00:00,1.289,1.297,1.291,1.296,25414.36570318
1774681200,2026-03-28 07:00:00,1.294,1.3,1.294,1.3,17083.80226064
1774684800,2026-03-28 08:00:00,1.301,1.306,1.301,1.301,57731.76879817
1774688400,2026-03-28 09:00:00,1.29,1.302,1.302,1.292,12559.25555934
1774692000,2026-03-28 10:00:00,1.293,1.298,1.293,1.296,12340.36443034
1774695600,2026-03-28 11:00:00,1.285,1.297,1.296,1.287,44419.20926469
1774699200,2026-03-28 12:00:00,1.275,1.286,1.286,1.28,53442.59853633
1774702800,2026-03-28 13:00:00,1.28,1.305,1.28,1.295,65254.84114277
1774706400,2026-03-28 14:00:00,1.284,1.296,1.296,1.29,65599.26182655
1774710000,2026-03-28 15:00:00,1.284,1.295,1.29,1.288,105375.87008513
1774713600,2026-03-28 16:00:00,1.284,1.29,1.288,1.289,37296.31355428
1774717200,2026-03-28 17:00:00,1.274,1.291,1.289,1.281,61864.55556747
1774720800,2026-03-28 18:00:00,1.278,1.285,1.28,1.281,21945.51784379
1774724400,2026-03-28 19:00:00,1.277,1.283,1.281,1.283,10191.41344889
1774728000,2026-03-28 20:00:00,1.282,1.285,1.283,1.282,20397.4668226
1774731600,2026-03-28 21:00:00,1.262,1.282,1.281,1.269,78501.0249328
1774735200,2026-03-28 22:00:00,1.263,1.273,1.268,1.267,33216.08280283
1774738800,2026-03-28 23:00:00,1.253,1.266,1.266,1.258,121629.59901879
1774742400,2026-03-29 00:00:00,1.248,1.263,1.259,1.259,83861.22772109
1774746000,2026-03-29 01:00:00,1.259,1.267,1.26,1.264,60828.94735494
1774749600,2026-03-29 02:00:00,1.262,1.266,1.265,1.265,7876.27001988
1774753200,2026-03-29 03:00:00,1.265,1.271,1.266,1.27,28105.19794575
1774756800,2026-03-29 04:00:00,1.265,1.269,1.269,1.265,17444.388854
1774760400,2026-03-29 05:00:00,1.264,1.273,1.265,1.27,23266.59529961
1774764000,2026-03-29 06:00:00,1.266,1.273,1.27,1.269,13886.35409905
1774767600,2026-03-29 07:00:00,1.266,1.269,1.269,1.269,10571.61755991
1774771200,2026-03-29 08:00:00,1.267,1.272,1.269,1.272,10109.50971415
1774774800,2026-03-29 09:00:00,1.268,1.273,1.272,1.27,36265.46765409
1774778400,2026-03-29 10:00:00,1.262,1.269,1.269,1.266,19112.78824609
1774782000,2026-03-29 11:00:00,1.265,1.274,1.267,1.265,14396.77889913
1774785600,2026-03-29 12:00:00,1.256,1.266,1.265,1.262,18226.47576533
1774789200,2026-03-29 13:00:00,1.255,1.266,1.262,1.262,24135.30033477
1774792800,2026-03-29 14:00:00,1.26,1.269,1.263,1.263,31929.39421466
1774796400,2026-03-29 15:00:00,1.254,1.266,1.264,1.254,30622.7841351
1774800000,2026-03-29 16:00:00,1.253,1.26,1.254,1.253,17005.83173996
1774803600,2026-03-29 17:00:00,1.248,1.257,1.254,1.253,28619.29704401
1774807200,2026-03-29 18:00:00,1.25,1.256,1.253,1.253,14658.58667968
1774810800,2026-03-29 19:00:00,1.25,1.254,1.253,1.252,13011.21829244
1774814400,2026-03-29 20:00:00,1.252,1.263,1.252,1.26,18225.24998165
1774818000,2026-03-29 21:00:00,1.259,1.267,1.261,1.264,18685.1599239
1774821600,2026-03-29 22:00:00,1.221,1.263,1.263,1.251,192854.57575227
1774825200,2026-03-29 23:00:00,1.249,1.262,1.25,1.262,218916.84128083
1774828800,2026-03-30 00:00:00,1.26,1.286,1.262,1.27,188649.30965006
1774832400,2026-03-30 01:00:00,1.265,1.276,1.27,1.276,99876.13516052
1774836000,2026-03-30 02:00:00,1.27,1.285,1.277,1.274,79568.97279938
1774839600,2026-03-30 03:00:00,1.271,1.276,1.274,1.272,70565.10883354
1774843200,2026-03-30 04:00:00,1.26,1.276,1.272,1.272,150632.79487609
1774846800,2026-03-30 05:00:00,1.259,1.273,1.272,1.262,45265.75181213
1774850400,2026-03-30 06:00:00,1.26,1.271,1.263,1.267,32676.99218662
1774854000,2026-03-30 07:00:00,1.266,1.277,1.267,1.277,40687.78828545
1774857600,2026-03-30 08:00:00,1.274,1.285,1.277,1.278,80823.57426877
1774861200,2026-03-30 09:00:00,1.268,1.278,1.278,1.269,118563.25473435
1774864800,2026-03-30 10:00:00,1.265,1.271,1.268,1.271,42270.08962891
1774868400,2026-03-30 11:00:00,1.27,1.287,1.271,1.279,77132.95743085
1774872000,2026-03-30 12:00:00,1.273,1.284,1.28,1.276,42777.62494619
1774875600,2026-03-30 13:00:00,1.263,1.28,1.276,1.265,62112.29530292
1774879200,2026-03-30 14:00:00,1.259,1.272,1.265,1.271,84320.81977945
1774882800,2026-03-30 15:00:00,1.259,1.27,1.27,1.263,41804.60435595
1774886400,2026-03-30 16:00:00,1.259,1.267,1.263,1.263,121010.7609096
1774890000,2026-03-30 17:00:00,1.245,1.265,1.264,1.25,154424.09939103
1774893600,2026-03-30 18:00:00,1.243,1.25,1.25,1.246,27884.31710647
1774897200,2026-03-30 19:00:00,1.233,1.246,1.245,1.239,73268.88087004
1774900800,2026-03-30 20:00:00,1.232,1.243,1.24,1.235,18706.27298642
1774904400,2026-03-30 21:00:00,1.234,1.251,1.234,1.25,40139.95049339
1774908000,2026-03-30 22:00:00,1.243,1.249,1.248,1.245,31893.44655966
1774911600,2026-03-30 23:00:00,1.236,1.245,1.245,1.243,43573.94135434
1774915200,2026-03-31 00:00:00,1.236,1.247,1.243,1.243,46349.93346288
1774918800,2026-03-31 01:00:00,1.241,1.263,1.245,1.258,39793.72734714
1774922400,2026-03-31 02:00:00,1.254,1.262,1.256,1.257,29172.39866183
1774926000,2026-03-31 03:00:00,1.25,1.26,1.256,1.255,184422.69589035
1774929600,2026-03-31 04:00:00,1.244,1.254,1.254,1.244,22934.34160328
1774933200,2026-03-31 05:00:00,1.241,1.249,1.244,1.245,21940.44094929
1774936800,2026-03-31 06:00:00,1.238,1.251,1.245,1.251,68202.72844656
1774940400,2026-03-31 07:00:00,1.246,1.256,1.25,1.255,34372.89337335
1774944000,2026-03-31 08:00:00,1.239,1.257,1.253,1.24,50459.75868123
1774947600,2026-03-31 09:00:00,1.227,1.243,1.241,1.232,191084.82050402
1774951200,2026-03-31 10:00:00,1.227,1.237,1.232,1.228,29354.86455753
1774954800,2026-03-31 11:00:00,1.225,1.244,1.227,1.238,68547.77922778
1774958400,2026-03-31 12:00:00,1.233,1.245,1.238,1.242,45813.62145586
1774962000,2026-03-31 13:00:00,1.241,1.269,1.242,1.266,42520.37564413
1774965600,2026-03-31 14:00:00,1.253,1.277,1.267,1.256,81318.86801342
1774969200,2026-03-31 15:00:00,1.251,1.265,1.256,1.253,31417.23625024
1774972800,2026-03-31 16:00:00,1.254,1.275,1.254,1.264,86202.09366068
1774976400,2026-03-31 17:00:00,1.255,1.273,1.265,1.258,101653.69931426
1774980000,2026-03-31 18:00:00,1.258,1.267,1.259,1.265,30893.13974046
1774983600,2026-03-31 19:00:00,1.262,1.27,1.265,1.268,28631.41455845
1774987200,2026-03-31 20:00:00,1.257,1.269,1.268,1.264,73221.88647133
1774990800,2026-03-31 21:00:00,1.257,1.266,1.263,1.259,32356.57516627
1774994400,2026-03-31 22:00:00,1.252,1.261,1.257,1.252,37398.97254044
1774998000,2026-03-31 23:00:00,1.249,1.254,1.252,1.252,39704.73477964
1775001600,2026-04-01 00:00:00,1.25,1.256,1.252,1.256,31348.57273772
1775005200,2026-04-01 01:00:00,1.249,1.258,1.256,1.249,15903.44870819
1775008800,2026-04-01 02:00:00,1.246,1.253,1.251,1.253,46851.49099922
1775012400,2026-04-01 03:00:00,1.253,1.264,1.253,1.26,39421.77010086
1775016000,2026-04-01 04:00:00,1.259,1.267,1.261,1.265,50489.06198014
1775019600,2026-04-01 05:00:00,1.261,1.281,1.262,1.278,66150.98265236
1775023200,2026-04-01 06:00:00,1.278,1.301,1.278,1.298,117629.70713168
1775026800,2026-04-01 07:00:00,1.284,1.3,1.299,1.286,65739.05414016
1775030400,2026-04-01 08:00:00,1.275,1.291,1.287,1.278,97066.90250926
1775034000,2026-04-01 09:00:00,1.273,1.285,1.278,1.282,23347.96662224
1775037600,2026-04-01 10:00:00,1.276,1.282,1.282,1.279,13910.98550045
1775041200,2026-04-01 11:00:00,1.269,1.278,1.278,1.276,30107.89138565
1775044800,2026-04-01 12:00:00,1.273,1.293,1.276,1.28,107076.23405412
1775048400,2026-04-01 13:00:00,1.265,1.283,1.28,1.27,82450.34862293
1775052000,2026-04-01 14:00:00,1.266,1.275,1.271,1.272,36851.32274134
1775055600,2026-04-01 15:00:00,1.263,1.276,1.272,1.275,58807.82039635
1775059200,2026-04-01 16:00:00,1.268,1.281,1.274,1.276,31258.51352032
1775062800,2026-04-01 17:00:00,1.27,1.284,1.276,1.271,33721.61869261
1775066400,2026-04-01 18:00:00,1.258,1.272,1.272,1.259,38379.87444144
1775070000,2026-04-01 19:00:00,1.257,1.267,1.259,1.264,30088.73329904
1775073600,2026-04-01 20:00:00,1.256,1.264,1.263,1.261,20720.204926
1775077200,2026-04-01 21:00:00,1.26,1.27,1.262,1.265,25364.81044807
1775080800,2026-04-01 22:00:00,1.252,1.264,1.264,1.254,47310.52745104
1775084400,2026-04-01 23:00:00,1.253,1.258,1.254,1.256,25452.21099725
1775088000,2026-04-02 00:00:00,1.256,1.269,1.256,1.265,31127.49035996
1775091600,2026-04-02 01:00:00,1.231,1.266,1.265,1.238,103422.12673957
1775095200,2026-04-02 02:00:00,1.215,1.238,1.237,1.228,84754.88866412
1775098800,2026-04-02 03:00:00,1.211,1.23,1.227,1.216,45097.48257961
1775102400,2026-04-02 04:00:00,1.215,1.224,1.216,1.218,25939.357709
1775106000,2026-04-02 05:00:00,1.213,1.221,1.22,1.219,61433.36362422
1775109600,2026-04-02 06:00:00,1.218,1.225,1.218,1.221,15267.41792363
1775113200,2026-04-02 07:00:00,1.22,1.227,1.222,1.225,15588.20499949
1775116800,2026-04-02 08:00:00,1.215,1.224,1.224,1.216,18428.70754837
1775120400,2026-04-02 09:00:00,1.211,1.22,1.218,1.218,47916.93489244
1775124000,2026-04-02 10:00:00,1.212,1.219,1.218,1.216,18348.36135228
1775127600,2026-04-02 11:00:00,1.206,1.219,1.214,1.215,34820.84339284
1775131200,2026-04-02 12:00:00,1.207,1.216,1.214,1.21,33350.11168785
1775134800,2026-04-02 13:00:00,1.204,1.211,1.209,1.211,107160.02170467
1775138400,2026-04-02 14:00:00,1.208,1.233,1.212,1.229,67855.96305599
1775142000,2026-04-02 15:00:00,1.216,1.228,1.228,1.22,74779.8051014
1775145600,2026-04-02 16:00:00,1.217,1.231,1.22,1.224,25579.47491726
1775149200,2026-04-02 17:00:00,1.218,1.233,1.221,1.22,42868.95631633
1775152800,2026-04-02 18:00:00,1.22,1.23,1.22,1.227,23657.73000956
1775156400,2026-04-02 19:00:00,1.221,1.229,1.227,1.227,31840.82005548
1775160000,2026-04-02 20:00:00,1.226,1.232,1.226,1.228,19112.3133987
1775163600,2026-04-02 21:00:00,1.225,1.233,1.228,1.231,45978.60126708
1775167200,2026-04-02 22:00:00,1.228,1.232,1.231,1.231,19935.31748166
1775170800,2026-04-02 23:00:00,1.229,1.239,1.229,1.238,24782.22402566
1775174400,2026-04-03 00:00:00,1.236,1.242,1.237,1.241,49211.26433396
1775178000,2026-04-03 01:00:00,1.234,1.243,1.241,1.236,34058.03257356
1775181600,2026-04-03 02:00:00,1.23,1.239,1.236,1.235,32078.44735146
1775185200,2026-04-03 03:00:00,1.233,1.239,1.235,1.236,24329.07294264
1775188800,2026-04-03 04:00:00,1.234,1.24,1.236,1.24,14837.10911606
1775192400,2026-04-03 05:00:00,1.238,1.251,1.239,1.249,30573.02101073
1775196000,2026-04-03 06:00:00,1.248,1.26,1.249,1.253,18781.63150353
1775199600,2026-04-03 07:00:00,1.25,1.256,1.253,1.252,24580.94105609
1775203200,2026-04-03 08:00:00,1.251,1.258,1.252,1.252,31548.20581561
1775206800,2026-04-03 09:00:00,1.246,1.254,1.253,1.248,56622.16531746
1775210400,2026-04-03 10:00:00,1.244,1.251,1.248,1.251,22303.91948319
1775214000,2026-04-03 11:00:00,1.25,1.259,1.25,1.257,32859.67172953
1775217600,2026-04-03 12:00:00,1.252,1.266,1.257,1.254,98638.01179374
1775221200,2026-04-03 13:00:00,1.246,1.255,1.254,1.249,18916.10048661
1775224800,2026-04-03 14:00:00,1.247,1.255,1.249,1.253,19228.48848208
1775228400,2026-04-03 15:00:00,1.248,1.257,1.253,1.249,17787.89063087
1775232000,2026-04-03 16:00:00,1.247,1.253,1.249,1.252,14911.34576612
1775235600,2026-04-03 17:00:00,1.248,1.256,1.252,1.249,38271.29782037
1775239200,2026-04-03 18:00:00,1.244,1.252,1.249,1.245,12230.85577172
1775242800,2026-04-03 19:00:00,1.237,1.246,1.246,1.244,14601.30146706
1775246400,2026-04-03 20:00:00,1.241,1.25,1.245,1.241,9895.43509069
1775250000,2026-04-03 21:00:00,1.241,1.247,1.242,1.242,19274.05632153
1775253600,2026-04-03 22:00:00,1.235,1.244,1.244,1.237,23321.85647901
1775257200,2026-04-03 23:00:00,1.234,1.238,1.236,1.238,31114.9934274
1775260800,2026-04-04 00:00:00,1.237,1.242,1.238,1.24,18167.90818823
1775264400,2026-04-04 01:00:00,1.232,1.239,1.239,1.237,21027.57718362
1775268000,2026-04-04 02:00:00,1.236,1.241,1.238,1.236,21482.90149963
1775271600,2026-04-04 03:00:00,1.236,1.246,1.237,1.244,37025.8134549
1775275200,2026-04-04 04:00:00,1.243,1.246,1.245,1.243,9064.2945216
1775278800,2026-04-04 05:00:00,1.241,1.249,1.243,1.241,11846.32023298
1775282400,2026-04-04 06:00:00,1.241,1.245,1.241,1.243,11123.8402205
1775286000,2026-04-04 07:00:00,1.244,1.25,1.244,1.247,7700.52162667
1775289600,2026-04-04 08:00:00,1.244,1.248,1.247,1.244,9140.24753363
1775293200,2026-04-04 09:00:00,1.244,1.246,1.244,1.244,8422.96006063
1775296800,2026-04-04 10:00:00,1.24,1.245,1.245,1.244,17650.27263884
1775300400,2026-04-04 11:00:00,1.245,1.257,1.245,1.255,39337.60544926
1775304000,2026-04-04 12:00:00,1.253,1.26,1.255,1.254,18928.95571422
1775307600,2026-04-04 13:00:00,1.249,1.258,1.253,1.249,26249.20436176
1775311200,2026-04-04 14:00:00,1.244,1.251,1.248,1.251,27906.8508021
1775314800,2026-04-04 15:00:00,1.249,1.259,1.251,1.25,49000.2290153
1775318400,2026-04-04 16:00:00,1.248,1.255,1.25,1.249,20123.93169725
1775322000,2026-04-04 17:00:00,1.248,1.264,1.248,1.261,23293.6229734
1775325600,2026-04-04 18:00:00,1.255,1.263,1.262,1.256,21352.80027245
1775329200,2026-04-04 19:00:00,1.254,1.265,1.257,1.256,30529.76476025
1775332800,2026-04-04 20:00:00,1.251,1.256,1.256,1.251,10540.30961104
1775336400,2026-04-04 21:00:00,1.249,1.255,1.251,1.25,24692.97285455
1775340000,2026-04-04 22:00:00,1.249,1.254,1.251,1.249,17533.90369935
1775343600,2026-04-04 23:00:00,1.247,1.253,1.249,1.253,22485.39983895
1775347200,2026-04-05 00:00:00,1.25,1.253,1.252,1.252,20818.81163862
1775350800,2026-04-05 01:00:00,1.247,1.252,1.252,1.247,18497.43303453
1775354400,2026-04-05 02:00:00,1.246,1.25,1.247,1.249,16672.65364279
1775358000,2026-04-05 03:00:00,1.248,1.25,1.249,1.25,16598.15846931
1775361600,2026-04-05 04:00:00,1.244,1.249,1.249,1.245,14055.92012883
1775365200,2026-04-05 05:00:00,1.233,1.245,1.245,1.233,21309.09625527
1775368800,2026-04-05 06:00:00,1.226,1.234,1.233,1.232,33427.90518333
1775372400,2026-04-05 07:00:00,1.224,1.233,1.232,1.226,30685.92029483
1775376000,2026-04-05 08:00:00,1.224,1.228,1.226,1.228,12408.97300388
1775379600,2026-04-05 09:00:00,1.224,1.229,1.229,1.228,108206.76439094
1775383200,2026-04-05 10:00:00,1.225,1.232,1.228,1.226,27546.0113743
1775386800,2026-04-05 11:00:00,1.225,1.229,1.225,1.226,23870.60840725
1775390400,2026-04-05 12:00:00,1.22,1.23,1.228,1.224,21085.86670166
1775394000,2026-04-05 13:00:00,1.217,1.226,1.225,1.224,16746.29725739
1775397600,2026-04-05 14:00:00,1.223,1.229,1.224,1.224,21186.63370557
1775401200,2026-04-05 15:00:00,1.22,1.242,1.223,1.231,187234.4289414
1775404800,2026-04-05 16:00:00,1.226,1.237,1.232,1.226,59438.17255398
1775408400,2026-04-05 17:00:00,1.225,1.232,1.227,1.23,17130.26256799
1775412000,2026-04-05 18:00:00,1.226,1.231,1.23,1.228,18719.5195132
1775415600,2026-04-05 19:00:00,1.223,1.23,1.227,1.227,16562.86837891
1775419200,2026-04-05 20:00:00,1.226,1.231,1.227,1.227,29151.36941675
1775422800,2026-04-05 21:00:00,1.221,1.229,1.226,1.226,37348.31152276
1775426400,2026-04-05 22:00:00,1.223,1.238,1.227,1.238,40986.80778358
1775430000,2026-04-05 23:00:00,1.234,1.247,1.237,1.246,163362.42916119
1775433600,2026-04-06 00:00:00,1.246,1.256,1.247,1.251,53062.51437783
1775437200,2026-04-06 01:00:00,1.245,1.253,1.251,1.25,23439.68393832
1775440800,2026-04-06 02:00:00,1.251,1.269,1.251,1.263,44959.81880801
1775444400,2026-04-06 03:00:00,1.257,1.265,1.263,1.259,66567.96482467
1775448000,2026-04-06 04:00:00,1.255,1.262,1.26,1.258,16214.37156845
1775451600,2026-04-06 05:00:00,1.259,1.264,1.259,1.261,15878.78355203
1775455200,2026-04-06 06:00:00,1.259,1.272,1.26,1.268,47906.44510491
1775458800,2026-04-06 07:00:00,1.265,1.274,1.268,1.272,78806.34111757
1775462400,2026-04-06 08:00:00,1.268,1.277,1.272,1.269,42770.56937601
1775466000,2026-04-06 09:00:00,1.268,1.293,1.269,1.293,112546.22326702
1775469600,2026-04-06 10:00:00,1.29,1.301,1.294,1.297,70920.46745017
1775473200,2026-04-06 11:00:00,1.296,1.309,1.296,1.304,52484.06244732
1775476800,2026-04-06 12:00:00,1.292,1.316,1.305,1.296,49661.85458634
1775480400,2026-04-06 13:00:00,1.288,1.298,1.296,1.288,33084.47746703
1775484000,2026-04-06 14:00:00,1.276,1.293,1.289,1.28,69972.70903396
1775487600,2026-04-06 15:00:00,1.276,1.285,1.28,1.283,27395.28489842
1775491200,2026-04-06 16:00:00,1.277,1.283,1.282,1.279,36929.3346716
1775494800,2026-04-06 17:00:00,1.273,1.285,1.279,1.279,43432.29745478
1775498400,2026-04-06 18:00:00,1.273,1.282,1.279,1.273,36988.02287487
1775502000,2026-04-06 19:00:00,1.268,1.272,1.272,1.27,20390.48223962
1775505600,2026-04-06 20:00:00,1.269,1.276,1.269,1.272,24767.27497749
1775509200,2026-04-06 21:00:00,1.259,1.271,1.271,1.26,22202.90884199
1775512800,2026-04-06 22:00:00,1.243,1.263,1.261,1.243,38588.84439948
1775516400,2026-04-06 23:00:00,1.233,1.245,1.242,1.241,39353.5805292
1775520000,2026-04-07 00:00:00,1.239,1.249,1.24,1.24,27877.05077619
1775523600,2026-04-07 01:00:00,1.232,1.243,1.242,1.234,30090.62938544
1775527200,2026-04-07 02:00:00,1.232,1.242,1.234,1.242,20761.71973671
1775530800,2026-04-07 03:00:00,1.239,1.244,1.243,1.241,11879.72245678
1775534400,2026-04-07 04:00:00,1.236,1.243,1.24,1.241,20442.72638274
1775538000,2026-04-07 05:00:00,1.23,1.241,1.24,1.233,13119.98729712
1775541600,2026-04-07 06:00:00,1.227,1.234,1.232,1.233,23881.21968267
1775545200,2026-04-07 07:00:00,1.232,1.241,1.233,1.235,13268.23292499
1775548800,2026-04-07 08:00:00,1.233,1.238,1.236,1.235,19835.68655975
1775552400,2026-04-07 09:00:00,1.236,1.241,1.237,1.239,68097.20679433
1775556000,2026-04-07 10:00:00,1.232,1.239,1.238,1.233,99919.27314687
1775559600,2026-04-07 11:00:00,1.231,1.239,1.233,1.234,24660.39601202
1775563200,2026-04-07 12:00:00,1.221,1.235,1.233,1.231,83677.37410524
1775566800,2026-04-07 13:00:00,1.218,1.233,1.231,1.218,18286.75740409
1775570400,2026-04-07 14:00:00,1.206,1.222,1.218,1.217,67516.50681747
1775574000,2026-04-07 15:00:00,1.215,1.224,1.216,1.219,32373.63734331
1775577600,2026-04-07 16:00:00,1.216,1.223,1.221,1.22,21839.25092677
1775581200,2026-04-07 17:00:00,1.216,1.23,1.221,1.224,28592.47157499
1775584800,2026-04-07 18:00:00,1.22,1.227,1.224,1.221,16829.41693158
1775588400,2026-04-07 19:00:00,1.22,1.234,1.221,1.234,33887.71371456
1775592000,2026-04-07 20:00:00,1.23,1.238,1.235,1.232,36538.30065017
1775595600,2026-04-07 21:00:00,1.233,1.28,1.233,1.278,74692.29717998
1775599200,2026-04-07 22:00:00,1.274,1.32,1.278,1.32,313902.41616134
1775602800,2026-04-07 23:00:00,1.305,1.329,1.32,1.314,210032.64839121
1775606400,2026-04-08 00:00:00,1.293,1.319,1.314,1.298,115499.56780873
1775610000,2026-04-08 01:00:00,1.293,1.315,1.298,1.312,51391.41824298
1775613600,2026-04-08 02:00:00,1.306,1.321,1.313,1.31,87501.18209585
1775617200,2026-04-08 03:00:00,1.305,1.313,1.311,1.306,67971.94326711
1775620800,2026-04-08 04:00:00,1.306,1.321,1.306,1.315,56489.69420179
1775624400,2026-04-08 05:00:00,1.313,1.334,1.314,1.327,59952.33583521
1775628000,2026-04-08 06:00:00,1.322,1.334,1.327,1.323,35005.24296777
1775631600,2026-04-08 07:00:00,1.317,1.333,1.323,1.326,37806.63259482
1775635200,2026-04-08 08:00:00,1.317,1.327,1.325,1.32,20517.96640105
1775638800,2026-04-08 09:00:00,1.318,1.33,1.319,1.325,28264.00552883
1775642400,2026-04-08 10:00:00,1.311,1.329,1.328,1.311,30029.43235164
1775646000,2026-04-08 11:00:00,1.301,1.311,1.31,1.306,42990.96373841
1775649600,2026-04-08 12:00:00,1.301,1.308,1.306,1.305,45337.86496039
1775653200,2026-04-08 13:00:00,1.304,1.315,1.305,1.308,66819.32224153
1775656800,2026-04-08 14:00:00,1.281,1.31,1.308,1.285,68896.15834042
1775660400,2026-04-08 15:00:00,1.282,1.293,1.283,1.292,32300.44584846
1775664000,2026-04-08 16:00:00,1.285,1.295,1.292,1.295,28106.80789534
1775667600,2026-04-08 17:00:00,1.288,1.301,1.295,1.292,31150.62780957
1775671200,2026-04-08 18:00:00,1.274,1.291,1.29,1.275,43489.56000715
1775674800,2026-04-08 19:00:00,1.272,1.281,1.274,1.281,18396.51578794
1775678400,2026-04-08 20:00:00,1.276,1.286,1.282,1.279,22028.72347772
1775682000,2026-04-08 21:00:00,1.277,1.29,1.279,1.286,44331.32289102
1775685600,2026-04-08 22:00:00,1.278,1.287,1.286,1.279,73138.30148843
1775689200,2026-04-08 23:00:00,1.265,1.28,1.278,1.268,58263.83095438
1775692800,2026-04-09 00:00:00,1.26,1.269,1.268,1.262,44114.97731894
1775696400,2026-04-09 01:00:00,1.251,1.263,1.262,1.256,53913.17546261
1775700000,2026-04-09 02:00:00,1.253,1.259,1.256,1.258,50401.90157376
1775703600,2026-04-09 03:00:00,1.252,1.257,1.257,1.254,40512.16525756
1775707200,2026-04-09 04:00:00,1.252,1.255,1.254,1.252,31545.53481431
1775710800,2026-04-09 05:00:00,1.25,1.257,1.252,1.252,24726.39360605
1775714400,2026-04-09 06:00:00,1.25,1.258,1.252,1.258,47952.57747078
1775718000,2026-04-09 07:00:00,1.257,1.261,1.258,1.257,31255.26081978
1775721600,2026-04-09 08:00:00,1.251,1.257,1.256,1.251,29636.58465069
1775725200,2026-04-09 09:00:00,1.246,1.256,1.251,1.254,45038.87052153
1775728800,2026-04-09 10:00:00,1.251,1.259,1.253,1.256,35245.38411298
1775732400,2026-04-09 11:00:00,1.249,1.256,1.256,1.249,24317.06102291
1775736000,2026-04-09 12:00:00,1.238,1.249,1.249,1.248,51177.77035455
1775739600,2026-04-09 13:00:00,1.24,1.248,1.247,1.244,68045.08409608
1775743200,2026-04-09 14:00:00,1.236,1.259,1.244,1.257,84161.4739924
1775746800,2026-04-09 15:00:00,1.253,1.289,1.256,1.283,147797.09453544
1775750400,2026-04-09 16:00:00,1.275,1.294,1.283,1.281,70473.34126627
1775754000,2026-04-09 17:00:00,1.276,1.29,1.282,1.285,38276.22535735
1775757600,2026-04-09 18:00:00,1.274,1.288,1.285,1.288,22406.00190128
1775761200,2026-04-09 19:00:00,1.287,1.31,1.287,1.307,50510.03812238
1775764800,2026-04-09 20:00:00,1.301,1.31,1.307,1.304,14853.5936984
1775768400,2026-04-09 21:00:00,1.303,1.324,1.303,1.317,43188.74024453
1775772000,2026-04-09 22:00:00,1.317,1.361,1.318,1.323,97831.30486282
1775775600,2026-04-09 23:00:00,1.296,1.323,1.322,1.299,118235.86307026
1775779200,2026-04-10 00:00:00,1.289,1.306,1.301,1.302,32009.69091659
1775782800,2026-04-10 01:00:00,1.292,1.309,1.3,1.296,47819.61480854
1775786400,2026-04-10 02:00:00,1.29,1.302,1.297,1.29,29037.82064483
1775790000,2026-04-10 03:00:00,1.286,1.292,1.289,1.288,32137.09123214
1775793600,2026-04-10 04:00:00,1.287,1.303,1.288,1.302,30197.04566621
1775797200,2026-04-10 05:00:00,1.298,1.309,1.302,1.302,29742.35902673
1775800800,2026-04-10 06:00:00,1.287,1.307,1.302,1.29,57062.84484419
1775804400,2026-04-10 07:00:00,1.281,1.293,1.29,1.287,42054.36967192
1775808000,2026-04-10 08:00:00,1.286,1.297,1.287,1.292,52407.4329732
1775811600,2026-04-10 09:00:00,1.291,1.301,1.291,1.292,37277.80213869
1775815200,2026-04-10 10:00:00,1.289,1.296,1.292,1.289,31001.83340177
1775818800,2026-04-10 11:00:00,1.289,1.296,1.289,1.289,28057.85402632
1775822400,2026-04-10 12:00:00,1.289,1.303,1.289,1.297,71024.45190501
1775826000,2026-04-10 13:00:00,1.295,1.304,1.299,1.301,19329.61148162
1775829600,2026-04-10 14:00:00,1.296,1.319,1.301,1.319,159076.45808978
1775833200,2026-04-10 15:00:00,1.306,1.327,1.319,1.311,106456.30500972
1775836800,2026-04-10 16:00:00,1.308,1.318,1.312,1.31,64084.43606943
1775840400,2026-04-10 17:00:00,1.303,1.31,1.31,1.31,46457.45236742
1775844000,2026-04-10 18:00:00,1.307,1.317,1.31,1.315,50840.53242297
1775847600,2026-04-10 19:00:00,1.313,1.321,1.316,1.318,29402.2181229
1775851200,2026-04-10 20:00:00,1.307,1.32,1.318,1.314,30538.94203488
1775854800,2026-04-10 21:00:00,1.305,1.315,1.313,1.313,47361.76385451
1775858400,2026-04-10 22:00:00,1.305,1.313,1.311,1.308,23292.137999
1775862000,2026-04-10 23:00:00,1.301,1.308,1.308,1.305,15138.17249138
1775865600,2026-04-11 00:00:00,1.297,1.308,1.305,1.298,36040.10840176
1775869200,2026-04-11 01:00:00,1.289,1.298,1.297,1.293,37267.57903671
1775872800,2026-04-11 02:00:00,1.29,1.299,1.293,1.293,41016.31932653
1775876400,2026-04-11 03:00:00,1.293,1.303,1.294,1.295,22757.42496641
1775880000,2026-04-11 04:00:00,1.29,1.296,1.296,1.291,26922.49206749
1775883600,2026-04-11 05:00:00,1.281,1.291,1.29,1.285,21390.89639104
1775887200,2026-04-11 06:00:00,1.277,1.284,1.284,1.281,29903.2959406
1775890800,2026-04-11 07:00:00,1.276,1.284,1.28,1.282,30112.10271352
1775894400,2026-04-11 08:00:00,1.28,1.285,1.283,1.282,26734.09511243
1775898000,2026-04-11 09:00:00,1.275,1.284,1.282,1.282,19389.81989008
1775901600,2026-04-11 10:00:00,1.276,1.282,1.281,1.282,10383.16705633
1775905200,2026-04-11 11:00:00,1.28,1.285,1.282,1.284,9468.92448771
1775908800,2026-04-11 12:00:00,1.279,1.286,1.282,1.279,15355.65233097
1775912400,2026-04-11 13:00:00,1.266,1.279,1.279,1.275,32012.38303102
1775916000,2026-04-11 14:00:00,1.272,1.278,1.275,1.274,10028.79728424
1775919600,2026-04-11 15:00:00,1.274,1.282,1.274,1.278,10606.62194948
1775923200,2026-04-11 16:00:00,1.278,1.296,1.279,1.291,51503.5945249
1775926800,2026-04-11 17:00:00,1.283,1.295,1.293,1.283,71059.70645919
1775930400,2026-04-11 18:00:00,1.281,1.306,1.284,1.303,34686.42869364
1775934000,2026-04-11 19:00:00,1.302,1.315,1.303,1.309,80593.55762781
1775937600,2026-04-11 20:00:00,1.292,1.308,1.308,1.295,26215.54265227
1775941200,2026-04-11 21:00:00,1.291,1.3,1.294,1.297,19696.29225997
1775944800,2026-04-11 22:00:00,1.289,1.303,1.296,1.293,12469.01043129
1775948400,2026-04-11 23:00:00,1.281,1.293,1.292,1.288,34905.61912288
1775952000,2026-04-12 00:00:00,1.282,1.288,1.288,1.285,8623.23624997
1775955600,2026-04-12 01:00:00,1.244,1.289,1.287,1.246,57262.49924312
1775959200,2026-04-12 02:00:00,1.242,1.251,1.246,1.246,37802.19496905
1775962800,2026-04-12 03:00:00,1.243,1.251,1.248,1.244,22155.35249895
1775966400,2026-04-12 04:00:00,1.23,1.245,1.243,1.23,38301.89300851
1775970000,2026-04-12 05:00:00,1.224,1.238,1.229,1.229,154365.50235777
1775973600,2026-04-12 06:00:00,1.227,1.234,1.228,1.228,31836.3975648
1775977200,2026-04-12 07:00:00,1.227,1.234,1.228,1.228,18666.26663012
1775980800,2026-04-12 08:00:00,1.224,1.231,1.228,1.224,29526.90453976
1775984400,2026-04-12 09:00:00,1.217,1.224,1.224,1.221,41832.74333894
1775988000,2026-04-12 10:00:00,1.22,1.232,1.221,1.221,20916.75977892
1775991600,2026-04-12 11:00:00,1.22,1.231,1.221,1.228,6631.03882003
1775995200,2026-04-12 12:00:00,1.225,1.236,1.227,1.227,19327.80017538
1775998800,2026-04-12 13:00:00,1.219,1.231,1.226,1.221,23461.56777199
1776002400,2026-04-12 14:00:00,1.221,1.231,1.221,1.225,21032.88304372
1776006000,2026-04-12 15:00:00,1.221,1.23,1.227,1.228,38176.16975105
1776009600,2026-04-12 16:00:00,1.223,1.236,1.227,1.236,6860.56419689
1776013200,2026-04-12 17:00:00,1.234,1.248,1.238,1.245,75009.42228868
1776016800,2026-04-12 18:00:00,1.235,1.246,1.246,1.237,60759.90429313
1776020400,2026-04-12 19:00:00,1.235,1.242,1.237,1.239,17918.92868621
1776024000,2026-04-12 20:00:00,1.236,1.244,1.239,1.244,16868.71981134
1776027600,2026-04-12 21:00:00,1.237,1.246,1.243,1.244,5699.02307628
1776031200,2026-04-12 22:00:00,1.223,1.243,1.243,1.225,35499.04480991
1776034800,2026-04-12 23:00:00,1.221,1.228,1.224,1.225,56996.30910251
1776038400,2026-04-13 00:00:00,1.224,1.237,1.224,1.231,21603.48811411
1776042000,2026-04-13 01:00:00,1.231,1.24,1.231,1.239,27451.43750633
1776045600,2026-04-13 02:00:00,1.229,1.238,1.238,1.232,10028.24718971
1776049200,2026-04-13 03:00:00,1.228,1.232,1.229,1.229,12827.41307094
1776052800,2026-04-13 04:00:00,1.162,1.23,1.229,1.187,810030.74389822
1776056400,2026-04-13 05:00:00,1.149,1.2,1.186,1.174,423003.18913731
1776060000,2026-04-13 06:00:00,1.172,1.199,1.174,1.185,265306.74818469
1776063600,2026-04-13 07:00:00,1.182,1.196,1.186,1.188,54535.10821188
1776067200,2026-04-13 08:00:00,1.181,1.2,1.187,1.184,134129.35066148
1776070800,2026-04-13 09:00:00,1.171,1.19,1.187,1.172,89775.99294089
1776074400,2026-04-13 10:00:00,1.155,1.173,1.173,1.155,121239.03478146
1776078000,2026-04-13 11:00:00,1.154,1.169,1.155,1.165,112006.7877801
1776081600,2026-04-13 12:00:00,1.157,1.176,1.166,1.174,101631.98709593
1776085200,2026-04-13 13:00:00,1.163,1.18,1.173,1.18,106208.88669037
1776088800,2026-04-13 14:00:00,1.165,1.184,1.179,1.181,78503.71196618
1776092400,2026-04-13 15:00:00,1.169,1.181,1.18,1.171,28086.09698326
1776096000,2026-04-13 16:00:00,1.162,1.176,1.171,1.17,75931.89366323
1776099600,2026-04-13 17:00:00,1.164,1.193,1.17,1.186,73273.83880132
1776103200,2026-04-13 18:00:00,1.176,1.192,1.184,1.183,63181.3244757
1776106800,2026-04-13 19:00:00,1.181,1.206,1.183,1.202,115360.29671025
1776110400,2026-04-13 20:00:00,1.174,1.202,1.201,1.175,98697.27865482
1776114000,2026-04-13 21:00:00,1.17,1.191,1.175,1.187,43059.47010663
1776117600,2026-04-13 22:00:00,1.184,1.219,1.186,1.217,336519.1132766
1776121200,2026-04-13 23:00:00,1.213,1.244,1.218,1.229,238139.22579377
1776124800,2026-04-14 00:00:00,1.21,1.231,1.229,1.22,145919.56930188
1776128400,2026-04-14 01:00:00,1.212,1.222,1.22,1.216,128648.69204451
1776132000,2026-04-14 02:00:00,1.208,1.219,1.216,1.208,117524.05327158
1776135600,2026-04-14 03:00:00,1.204,1.211,1.208,1.206,54488.27756714
1776139200,2026-04-14 04:00:00,1.193,1.217,1.206,1.196,91756.76147686
1776142800,2026-04-14 05:00:00,1.179,1.197,1.195,1.188,95337.42563768
1776146400,2026-04-14 06:00:00,1.186,1.197,1.189,1.192,136515.78279844
1776150000,2026-04-14 07:00:00,1.183,1.196,1.191,1.19,65509.30847057
1776153600,2026-04-14 08:00:00,1.187,1.196,1.19,1.194,38866.17162159
1776157200,2026-04-14 09:00:00,1.19,1.195,1.194,1.194,26267.83334011
1776160800,2026-04-14 10:00:00,1.183,1.199,1.195,1.192,132595.30124706
1776164400,2026-04-14 11:00:00,1.18,1.194,1.192,1.18,66565.36382967
1776168000,2026-04-14 12:00:00,1.17,1.182,1.18,1.181,114937.91924647
1776171600,2026-04-14 13:00:00,1.174,1.187,1.18,1.184,75366.64798215
1776175200,2026-04-14 14:00:00,1.168,1.183,1.183,1.172,158618.06694576
1776178800,2026-04-14 15:00:00,1.162,1.176,1.173,1.173,87982.66179421
1776182400,2026-04-14 16:00:00,1.169,1.179,1.172,1.176,163109.11273426
1776186000,2026-04-14 17:00:00,1.16,1.176,1.176,1.167,140152.63158784
1776189600,2026-04-14 18:00:00,1.148,1.169,1.167,1.154,117885.74244209
1776193200,2026-04-14 19:00:00,1.152,1.159,1.153,1.157,44264.61492485
1776196800,2026-04-14 20:00:00,1.156,1.167,1.157,1.16,58942.49074296
1776200400,2026-04-14 21:00:00,1.161,1.172,1.161,1.172,70424.67980136
1776204000,2026-04-14 22:00:00,1.16,1.172,1.168,1.163,18797.6540466
1776207600,2026-04-14 23:00:00,1.157,1.168,1.163,1.167,37690.11652029
1776211200,2026-04-15 00:00:00,1.165,1.176,1.166,1.173,44442.06999958
1776214800,2026-04-15 01:00:00,1.166,1.175,1.172,1.171,42411.3686522
1776218400,2026-04-15 02:00:00,1.162,1.174,1.17,1.167,33187.99483712
1776222000,2026-04-15 03:00:00,1.162,1.169,1.167,1.165,46413.88659905
1776225600,2026-04-15 04:00:00,1.163,1.175,1.165,1.175,48491.99652628
1776229200,2026-04-15 05:00:00,1.162,1.174,1.174,1.164,22712.53631776
1776232800,2026-04-15 06:00:00,1.155,1.164,1.164,1.158,23414.90864117
1776236400,2026-04-15 07:00:00,1.148,1.161,1.158,1.15,41692.9536724
1776240000,2026-04-15 08:00:00,1.148,1.16,1.148,1.159,36512.07474545
1776243600,2026-04-15 09:00:00,1.151,1.16,1.159,1.157,38639.1947422
1776247200,2026-04-15 10:00:00,1.157,1.169,1.158,1.164,20160.0455797
1776250800,2026-04-15 11:00:00,1.163,1.173,1.165,1.172,22664.09029636
1776254400,2026-04-15 12:00:00,1.167,1.174,1.172,1.171,40465.42333922
1776258000,2026-04-15 13:00:00,1.161,1.175,1.171,1.167,57752.84993345
1776261600,2026-04-15 14:00:00,1.165,1.177,1.168,1.177,72495.93538855
1776265200,2026-04-15 15:00:00,1.161,1.177,1.176,1.171,34282.96129202
1776268800,2026-04-15 16:00:00,1.17,1.187,1.171,1.186,83487.00614076
1776272400,2026-04-15 17:00:00,1.179,1.192,1.187,1.183,50703.60318852
1776276000,2026-04-15 18:00:00,1.182,1.189,1.182,1.189,22141.42485489
1776279600,2026-04-15 19:00:00,1.184,1.198,1.187,1.193,90770.11101741
1776283200,2026-04-15 20:00:00,1.18,1.194,1.193,1.188,40002.02874873
1776286800,2026-04-15 21:00:00,1.182,1.197,1.187,1.192,40814.30727485
1776290400,2026-04-15 22:00:00,1.186,1.196,1.194,1.187,69344.01340907
1776294000,2026-04-15 23:00:00,1.175,1.186,1.186,1.182,49270.89998325
1776297600,2026-04-16 00:00:00,1.171,1.184,1.183,1.179,60389.49814681
1776301200,2026-04-16 01:00:00,1.173,1.18,1.18,1.174,15515.74298848
1776304800,2026-04-16 02:00:00,1.175,1.195,1.175,1.191,112872.86638456
1776308400,2026-04-16 03:00:00,1.192,1.204,1.193,1.203,161416.02698383
1776312000,2026-04-16 04:00:00,1.2,1.219,1.201,1.217,161364.6326189
1776315600,2026-04-16 05:00:00,1.212,1.24,1.216,1.238,138974.09404941
1776319200,2026-04-16 06:00:00,1.23,1.26,1.238,1.252,241394.55064723
1776322800,2026-04-16 07:00:00,1.25,1.278,1.253,1.272,429590.07253518
1776326400,2026-04-16 08:00:00,1.25,1.277,1.273,1.25,236074.10836147
1776330000,2026-04-16 09:00:00,1.246,1.281,1.249,1.265,185880.69179464
1776333600,2026-04-16 10:00:00,1.25,1.267,1.265,1.26,108251.20944586
1776337200,2026-04-16 11:00:00,1.251,1.272,1.259,1.27,117245.47043891
1776340800,2026-04-16 12:00:00,1.268,1.283,1.269,1.281,411915.23249299
1776344400,2026-04-16 13:00:00,1.277,1.306,1.283,1.289,454511.26161888
1776348000,2026-04-16 14:00:00,1.267,1.294,1.287,1.283,318149.30518706
1776351600,2026-04-16 15:00:00,1.277,1.332,1.283,1.332,389702.3426125
1776355200,2026-04-16 16:00:00,1.291,1.337,1.331,1.291,357413.4586356
1776358800,2026-04-16 17:00:00,1.285,1.319,1.292,1.318,224013.38671758
1776362400,2026-04-16 18:00:00,1.315,1.338,1.319,1.33,196414.0790096
1776366000,2026-04-16 19:00:00,1.326,1.352,1.33,1.35,188532.42597848
1776369600,2026-04-16 20:00:00,1.326,1.353,1.35,1.327,128662.63752741
1776373200,2026-04-16 21:00:00,1.321,1.336,1.327,1.336,104111.47664204
1776376800,2026-04-16 22:00:00,1.322,1.341,1.336,1.325,105399.59605082
1776380400,2026-04-16 23:00:00,1.322,1.346,1.325,1.328,113634.75414217
1776384000,2026-04-17 00:00:00,1.312,1.33,1.328,1.318,76321.57067446
1776387600,2026-04-17 01:00:00,1.304,1.321,1.318,1.307,64615.25267536
1776391200,2026-04-17 02:00:00,1.294,1.311,1.308,1.3,111490.62276401
1776394800,2026-04-17 03:00:00,1.291,1.3,1.3,1.295,42679.02076111
1776398400,2026-04-17 04:00:00,1.292,1.302,1.295,1.295,34427.95848606
1776402000,2026-04-17 05:00:00,1.285,1.299,1.295,1.296,73815.76479572
1776405600,2026-04-17 06:00:00,1.296,1.322,1.296,1.312,86170.78936791
1776409200,2026-04-17 07:00:00,1.313,1.332,1.313,1.33,53141.79805595
1776412800,2026-04-17 08:00:00,1.316,1.334,1.33,1.319,59511.19002276
1776416400,2026-04-17 09:00:00,1.311,1.328,1.319,1.317,42183.81253506
1776420000,2026-04-17 10:00:00,1.296,1.319,1.316,1.306,75749.91191092
1776423600,2026-04-17 11:00:00,1.306,1.318,1.306,1.307,62154.27217025
1776427200,2026-04-17 12:00:00,1.3,1.324,1.307,1.317,108358.9062641
1776430800,2026-04-17 13:00:00,1.312,1.348,1.317,1.348,247253.85461977
1776434400,2026-04-17 14:00:00,1.339,1.351,1.349,1.343,108847.87038427
1776438000,2026-04-17 15:00:00,1.327,1.345,1.342,1.335,143368.53173402
1776441600,2026-04-17 16:00:00,1.333,1.356,1.335,1.354,130205.89225029
1776445200,2026-04-17 17:00:00,1.335,1.353,1.353,1.338,113882.32015188
1776448800,2026-04-17 18:00:00,1.327,1.342,1.337,1.338,58946.4005209
1776452400,2026-04-17 19:00:00,1.333,1.345,1.338,1.333,31945.46376722
1776456000,2026-04-17 20:00:00,1.326,1.339,1.333,1.331,53988.33799592
1776459600,2026-04-17 21:00:00,1.329,1.338,1.334,1.329,45118.46999283
1776463200,2026-04-17 22:00:00,1.329,1.345,1.329,1.341,60136.0755167
1776466800,2026-04-17 23:00:00,1.327,1.342,1.341,1.335,48767.66818962
1776470400,2026-04-18 00:00:00,1.324,1.341,1.334,1.33,109368.96321519
1776474000,2026-04-18 01:00:00,1.32,1.342,1.33,1.326,51269.20149055
1776477600,2026-04-18 02:00:00,1.322,1.335,1.325,1.331,36364.91249825
1776481200,2026-04-18 03:00:00,1.323,1.332,1.329,1.329,22073.28165816
1776484800,2026-04-18 04:00:00,1.318,1.33,1.33,1.321,213655.0959041
1776488400,2026-04-18 05:00:00,1.323,1.329,1.324,1.329,36336.20630091
1776492000,2026-04-18 06:00:00,1.322,1.339,1.329,1.332,47049.94822535
1776495600,2026-04-18 07:00:00,1.332,1.34,1.332,1.334,58103.70354353
1776499200,2026-04-18 08:00:00,1.303,1.334,1.334,1.311,167966.71111838
1776502800,2026-04-18 09:00:00,1.295,1.315,1.312,1.307,109602.39002916
1776506400,2026-04-18 10:00:00,1.293,1.307,1.306,1.294,76656.57226088
1776510000,2026-04-18 11:00:00,1.283,1.295,1.295,1.288,81509.60067079
1776513600,2026-04-18 12:00:00,1.285,1.294,1.289,1.291,76375.49643798
1776517200,2026-04-18 13:00:00,1.28,1.292,1.291,1.292,209672.48653767
1776520800,2026-04-18 14:00:00,1.285,1.296,1.292,1.295,51702.98661047
1776524400,2026-04-18 15:00:00,1.292,1.301,1.295,1.297,32276.29999973
1776528000,2026-04-18 16:00:00,1.289,1.307,1.295,1.29,154001.24283664
1776531600,2026-04-18 17:00:00,1.282,1.293,1.289,1.289,44687.41897947
1776535200,2026-04-18 18:00:00,1.271,1.289,1.288,1.271,60686.06483063
1776538800,2026-04-18 19:00:00,1.271,1.282,1.271,1.276,19344.2418033
1776542400,2026-04-18 20:00:00,1.274,1.283,1.276,1.28,21359.16649014
1776546000,2026-04-18 21:00:00,1.279,1.288,1.282,1.286,10990.07959917
1776549600,2026-04-18 22:00:00,1.28,1.287,1.287,1.281,19148.50987894
1776553200,2026-04-18 23:00:00,1.272,1.285,1.28,1.272,30598.46971222
1776556800,2026-04-19 00:00:00,1.266,1.275,1.272,1.275,56987.79830605
1776560400,2026-04-19 01:00:00,1.268,1.278,1.276,1.27,72623.12451227
1776564000,2026-04-19 02:00:00,1.264,1.275,1.269,1.274,28944.5766657
1776567600,2026-04-19 03:00:00,1.27,1.281,1.275,1.27,36279.02854143
1776571200,2026-04-19 04:00:00,1.266,1.28,1.271,1.272,38150.71419857
1776574800,2026-04-19 05:00:00,1.266,1.277,1.274,1.268,21353.01823305
1776578400,2026-04-19 06:00:00,1.258,1.268,1.266,1.266,33366.19401783
1776582000,2026-04-19 07:00:00,1.248,1.265,1.265,1.261,83969.11934763
1776585600,2026-04-19 08:00:00,1.256,1.261,1.259,1.258,21140.71400112
1776589200,2026-04-19 09:00:00,1.255,1.26,1.259,1.255,40754.55248759
1776592800,2026-04-19 10:00:00,1.254,1.263,1.256,1.257,27255.2275158
1776596400,2026-04-19 11:00:00,1.258,1.277,1.258,1.277,57768.94409885
1776600000,2026-04-19 12:00:00,1.27,1.279,1.276,1.278,22151.44098007
1776603600,2026-04-19 13:00:00,1.275,1.291,1.279,1.275,52599.28052403
1776607200,2026-04-19 14:00:00,1.272,1.286,1.274,1.282,18587.05965739
1776610800,2026-04-19 15:00:00,1.263,1.282,1.282,1.277,18333.87320018
1776614400,2026-04-19 16:00:00,1.269,1.276,1.275,1.27,20066.70523272
1776618000,2026-04-19 17:00:00,1.263,1.271,1.269,1.265,54107.64109147
1776621600,2026-04-19 18:00:00,1.261,1.27,1.264,1.267,76863.76255064
1776625200,2026-04-19 19:00:00,1.268,1.277,1.268,1.27,46393.9894748
1776628800,2026-04-19 20:00:00,1.262,1.27,1.27,1.266,21185.44067094
1776632400,2026-04-19 21:00:00,1.259,1.269,1.266,1.259,36598.39311978
1776636000,2026-04-19 22:00:00,1.236,1.258,1.258,1.243,138824.76572685
1776639600,2026-04-19 23:00:00,1.237,1.243,1.243,1.241,123111.04663837
1776643200,2026-04-20 00:00:00,1.239,1.257,1.241,1.252,57497.75509863
1776646800,2026-04-20 01:00:00,1.25,1.256,1.253,1.255,43555.22525432
1776650400,2026-04-20 02:00:00,1.25,1.264,1.254,1.261,62156.32087601
1776654000,2026-04-20 03:00:00,1.256,1.267,1.261,1.265,35107.8467222
1776657600,2026-04-20 04:00:00,1.261,1.268,1.264,1.267,61947.1422691
1776661200,2026-04-20 05:00:00,1.251,1.266,1.266,1.254,37163.75281202
1776664800,2026-04-20 06:00:00,1.252,1.269,1.254,1.264,18940.34478627
1776668400,2026-04-20 07:00:00,1.261,1.28,1.262,1.263,45938.29881646
1776672000,2026-04-20 08:00:00,1.255,1.265,1.264,1.255,56175.7739762
1776675600,2026-04-20 09:00:00,1.252,1.265,1.255,1.261,27866.03500195
1776679200,2026-04-20 10:00:00,1.257,1.267,1.262,1.257,20552.29190581
1776682800,2026-04-20 11:00:00,1.253,1.26,1.256,1.253,13322.39752674
1776686400,2026-04-20 12:00:00,1.253,1.266,1.253,1.266,34721.7202506
1776690000,2026-04-20 13:00:00,1.257,1.269,1.266,1.264,19612.37546292
1776693600,2026-04-20 14:00:00,1.257,1.274,1.263,1.26,26563.04019641
1776697200,2026-04-20 15:00:00,1.252,1.273,1.261,1.272,28883.72968608
1776700800,2026-04-20 16:00:00,1.268,1.275,1.27,1.269,12245.15943999
1776704400,2026-04-20 17:00:00,1.269,1.278,1.269,1.277,15575.2814702
1776708000,2026-04-20 18:00:00,1.278,1.289,1.278,1.286,119506.90184177
1776711600,2026-04-20 19:00:00,1.276,1.287,1.286,1.281,19927.9223317
1776715200,2026-04-20 20:00:00,1.277,1.29,1.28,1.29,26853.31205979
1776718800,2026-04-20 21:00:00,1.28,1.295,1.291,1.286,27177.25187672
1776722400,2026-04-20 22:00:00,1.278,1.288,1.287,1.279,22497.77583529
1776726000,2026-04-20 23:00:00,1.275,1.282,1.28,1.282,16362.98727047
1776729600,2026-04-21 00:00:00,1.28,1.286,1.281,1.282,151821.20094677
1776733200,2026-04-21 01:00:00,1.279,1.286,1.282,1.279,51414.87003979
1776736800,2026-04-21 02:00:00,1.272,1.278,1.278,1.272,43338.39553721
1776740400,2026-04-21 03:00:00,1.269,1.278,1.272,1.275,141911.81334897
1776744000,2026-04-21 04:00:00,1.271,1.28,1.275,1.279,47369.40069686
1776747600,2026-04-21 05:00:00,1.279,1.287,1.281,1.279,17355.63198552
1776751200,2026-04-21 06:00:00,1.272,1.285,1.28,1.278,25707.38936931
1776754800,2026-04-21 07:00:00,1.274,1.286,1.277,1.285,17724.1822676
1776758400,2026-04-21 08:00:00,1.278,1.291,1.285,1.279,37340.36622479
1776762000,2026-04-21 09:00:00,1.278,1.285,1.28,1.285,8803.69175707
1776765600,2026-04-21 10:00:00,1.283,1.289,1.285,1.289,15093.8064964
1776769200,2026-04-21 11:00:00,1.282,1.292,1.287,1.284,35232.26663595
1776772800,2026-04-21 12:00:00,1.273,1.286,1.286,1.276,47815.5176113
1776776400,2026-04-21 13:00:00,1.269,1.277,1.277,1.275,70397.13353437
1776780000,2026-04-21 14:00:00,1.269,1.285,1.275,1.271,46671.33256354
1776783600,2026-04-21 15:00:00,1.268,1.279,1.272,1.277,33173.47365788
1776787200,2026-04-21 16:00:00,1.269,1.278,1.277,1.27,38430.88608155
1776790800,2026-04-21 17:00:00,1.259,1.278,1.271,1.273,76753.71224387
1776794400,2026-04-21 18:00:00,1.267,1.274,1.274,1.274,50286.35103221
1776798000,2026-04-21 19:00:00,1.258,1.278,1.274,1.263,47531.16705305
1776801600,2026-04-21 20:00:00,1.261,1.278,1.263,1.269,93236.82997285
1776805200,2026-04-21 21:00:00,1.264,1.271,1.269,1.266,37293.49322423
1776808800,2026-04-21 22:00:00,1.264,1.271,1.267,1.27,21598.4641251
1776812400,2026-04-21 23:00:00,1.271,1.281,1.271,1.279,20874.49872323
1776816000,2026-04-22 00:00:00,1.275,1.282,1.279,1.275,41738.39838179
1776819600,2026-04-22 01:00:00,1.27,1.278,1.277,1.274,19741.30122683
1776823200,2026-04-22 02:00:00,1.275,1.294,1.275,1.292,79052.1650837
1776826800,2026-04-22 03:00:00,1.289,1.297,1.292,1.292,56565.61877629
1776830400,2026-04-22 04:00:00,1.29,1.306,1.292,1.304,92923.67005423
1776834000,2026-04-22 05:00:00,1.302,1.326,1.304,1.312,314097.53626191
1776837600,2026-04-22 06:00:00,1.305,1.313,1.311,1.31,32817.93645836
1776841200,2026-04-22 07:00:00,1.304,1.309,1.309,1.305,20460.02552638
1776844800,2026-04-22 08:00:00,1.305,1.313,1.306,1.311,25027.85764303
1776848400,2026-04-22 09:00:00,1.306,1.314,1.31,1.307,12125.50810032
1776852000,2026-04-22 10:00:00,1.303,1.312,1.308,1.31,39709.44500916
1776855600,2026-04-22 11:00:00,1.3,1.315,1.311,1.307,58208.15749222
1776859200,2026-04-22 12:00:00,1.299,1.306,1.306,1.3,40803.03292004
1776862800,2026-04-22 13:00:00,1.296,1.307,1.3,1.301,51211.17782202
1776866400,2026-04-22 14:00:00,1.299,1.306,1.301,1.304,85148.78897081
1776870000,2026-04-22 15:00:00,1.298,1.306,1.304,1.299,45738.99107806
1776873600,2026-04-22 16:00:00,1.295,1.303,1.299,1.296,39820.61956149
1776877200,2026-04-22 17:00:00,1.287,1.298,1.296,1.292,322168.13199874
1776880800,2026-04-22 18:00:00,1.287,1.297,1.291,1.287,34422.58986952
1776884400,2026-04-22 19:00:00,1.273,1.287,1.287,1.279,36074.96051477
1776888000,2026-04-22 20:00:00,1.272,1.279,1.278,1.274,20393.88034228
1776891600,2026-04-22 21:00:00,1.274,1.28,1.275,1.277,21120.24688775
1776895200,2026-04-22 22:00:00,1.272,1.279,1.276,1.275,46300.41808638
1776898800,2026-04-22 23:00:00,1.27,1.276,1.274,1.273,71512.35314684
1776902400,2026-04-23 00:00:00,1.264,1.279,1.274,1.274,129208.51312612
1776906000,2026-04-23 01:00:00,1.266,1.276,1.275,1.271,74732.1437226
1776909600,2026-04-23 02:00:00,1.257,1.271,1.271,1.262,171038.75747678
1776913200,2026-04-23 03:00:00,1.253,1.265,1.262,1.257,99999.3627442
1776916800,2026-04-23 04:00:00,1.255,1.261,1.256,1.258,50165.96791242
1776920400,2026-04-23 05:00:00,1.253,1.262,1.259,1.259,27059.58387463
1776924000,2026-04-23 06:00:00,1.26,1.264,1.26,1.26,18961.62140903
1776927600,2026-04-23 07:00:00,1.254,1.262,1.262,1.255,9201.34397427
1776931200,2026-04-23 08:00:00,1.25,1.255,1.254,1.254,56595.77837523
1776934800,2026-04-23 09:00:00,1.241,1.255,1.255,1.246,51232.56211534
1776938400,2026-04-23 10:00:00,1.239,1.247,1.244,1.244,68102.31075675
1776942000,2026-04-23 11:00:00,1.242,1.252,1.245,1.25,21975.27752774
1776945600,2026-04-23 12:00:00,1.243,1.254,1.25,1.247,48888.10967072
1776949200,2026-04-23 13:00:00,1.24,1.248,1.247,1.243,58677.74336685
1776952800,2026-04-23 14:00:00,1.24,1.251,1.242,1.249,18142.17078194
1776956400,2026-04-23 15:00:00,1.245,1.254,1.249,1.25,28936.2432549
1776960000,2026-04-23 16:00:00,1.243,1.253,1.25,1.245,65460.50748363
1776963600,2026-04-23 17:00:00,1.214,1.243,1.243,1.224,165042.86268093
1776967200,2026-04-23 18:00:00,1.219,1.229,1.224,1.22,43504.9357951
1776970800,2026-04-23 19:00:00,1.217,1.229,1.22,1.225,28721.01332427
1776974400,2026-04-23 20:00:00,1.224,1.237,1.224,1.234,115399.12073224
1776978000,2026-04-23 21:00:00,1.232,1.242,1.234,1.235,40430.19119957
1776981600,2026-04-23 22:00:00,1.236,1.242,1.236,1.238,31505.95550603
1776985200,2026-04-23 23:00:00,1.238,1.244,1.238,1.241,45102.27788288
1776988800,2026-04-24 00:00:00,1.239,1.249,1.242,1.247,55390.20217611
1776992400,2026-04-24 01:00:00,1.239,1.25,1.246,1.249,39168.27370815
1776996000,2026-04-24 02:00:00,1.243,1.25,1.249,1.245,49334.45941056
1776999600,2026-04-24 03:00:00,1.234,1.247,1.247,1.239,22618.2959194
1777003200,2026-04-24 04:00:00,1.236,1.243,1.238,1.238,18102.70651883
1777006800,2026-04-24 05:00:00,1.237,1.245,1.237,1.237,56591.73957454
1777010400,2026-04-24 06:00:00,1.235,1.24,1.236,1.235,17733.10121829
1777014000,2026-04-24 07:00:00,1.228,1.24,1.236,1.232,54243.80640135
1777017600,2026-04-24 08:00:00,1.233,1.243,1.233,1.24,39832.46087234
1777021200,2026-04-24 09:00:00,1.235,1.241,1.24,1.238,26598.17283082
1777024800,2026-04-24 10:00:00,1.236,1.247,1.238,1.245,30035.83422607
1777028400,2026-04-24 11:00:00,1.246,1.257,1.246,1.256,93012.3166269
1777032000,2026-04-24 12:00:00,1.251,1.261,1.256,1.252,127614.9151595
1777035600,2026-04-24 13:00:00,1.252,1.261,1.252,1.254,102184.09249776
1777039200,2026-04-24 14:00:00,1.248,1.256,1.254,1.249,44695.98205821
1777042800,2026-04-24 15:00:00,1.243,1.263,1.248,1.261,104384.08597238
1777046400,2026-04-24 16:00:00,1.25,1.261,1.261,1.253,48117.915361
1777050000,2026-04-24 17:00:00,1.253,1.262,1.253,1.258,80287.60299234
1777053600,2026-04-24 18:00:00,1.253,1.261,1.259,1.257,61470.19340654
1777057200,2026-04-24 19:00:00,1.254,1.26,1.259,1.258,34811.9586705
1777060800,2026-04-24 20:00:00,1.253,1.264,1.257,1.263,38337.14285378
1777064400,2026-04-24 21:00:00,1.258,1.269,1.264,1.258,62460.84261036
1777068000,2026-04-24 22:00:00,1.247,1.259,1.259,1.252,55644.77990689
1777071600,2026-04-24 23:00:00,1.25,1.255,1.252,1.253,13179.41189243
1777075200,2026-04-25 00:00:00,1.253,1.258,1.253,1.257,7564.7402231
1777078800,2026-04-25 01:00:00,1.254,1.27,1.257,1.266,61144.24425108
1777082400,2026-04-25 02:00:00,1.258,1.267,1.266,1.262,46297.04428268
1777086000,2026-04-25 03:00:00,1.262,1.269,1.263,1.266,18040.47635993
1777089600,2026-04-25 04:00:00,1.261,1.272,1.266,1.261,41054.79202683
1777093200,2026-04-25 05:00:00,1.257,1.269,1.26,1.265,36537.12163357
1777096800,2026-04-25 06:00:00,1.264,1.271,1.266,1.264,37465.79983956
1777100400,2026-04-25 07:00:00,1.262,1.268,1.263,1.265,37022.64761352
1777104000,2026-04-25 08:00:00,1.264,1.268,1.264,1.267,52148.62382312
1777107600,2026-04-25 09:00:00,1.267,1.275,1.268,1.272,42246.00599251
1777111200,2026-04-25 10:00:00,1.268,1.274,1.273,1.268,18130.20085187
1777114800,2026-04-25 11:00:00,1.256,1.269,1.268,1.257,66007.43052125
1777118400,2026-04-25 12:00:00,1.253,1.259,1.255,1.256,31098.17196138
1777122000,2026-04-25 13:00:00,1.257,1.266,1.258,1.261,20961.58493523
1777125600,2026-04-25 14:00:00,1.259,1.265,1.262,1.259,16130.61510599
1777129200,2026-04-25 15:00:00,1.255,1.264,1.259,1.259,51220.22444254
1777132800,2026-04-25 16:00:00,1.245,1.261,1.26,1.25,40267.18235715
1777136400,2026-04-25 17:00:00,1.243,1.251,1.25,1.244,45771.5590326
1777140000,2026-04-25 18:00:00,1.242,1.246,1.245,1.242,14593.78800272
1777143600,2026-04-25 19:00:00,1.238,1.244,1.241,1.241,30804.87383618
1777147200,2026-04-25 20:00:00,1.24,1.246,1.242,1.246,73994.49162687
1777150800,2026-04-25 21:00:00,1.242,1.247,1.246,1.243,14694.96837625
1777154400,2026-04-25 22:00:00,1.241,1.247,1.244,1.246,28782.45429577
1777158000,2026-04-25 23:00:00,1.244,1.248,1.246,1.247,10509.37659116
1777161600,2026-04-26 00:00:00,1.237,1.246,1.246,1.239,46615.63459359
1777165200,2026-04-26 01:00:00,1.238,1.245,1.239,1.239,41387.11087032
1777168800,2026-04-26 02:00:00,1.24,1.245,1.24,1.242,43014.44988178
1777172400,2026-04-26 03:00:00,1.239,1.246,1.242,1.244,19303.7648788
1777176000,2026-04-26 04:00:00,1.241,1.252,1.245,1.248,29589.36543331
1777179600,2026-04-26 05:00:00,1.249,1.26,1.249,1.258,41125.07248888
1777183200,2026-04-26 06:00:00,1.257,1.264,1.258,1.259,40065.53287464
1777186800,2026-04-26 07:00:00,1.256,1.264,1.258,1.263,5779.34477438
1777190400,2026-04-26 08:00:00,1.258,1.263,1.263,1.259,6249.78937669
1777194000,2026-04-26 09:00:00,1.259,1.272,1.261,1.267,44118.53448921
1777197600,2026-04-26 10:00:00,1.265,1.27,1.266,1.27,10567.51096292
1777201200,2026-04-26 11:00:00,1.268,1.274,1.27,1.271,13959.63541182
1777204800,2026-04-26 12:00:00,1.26,1.27,1.27,1.261,37697.2001782
1777208400,2026-04-26 13:00:00,1.258,1.264,1.26,1.259,8131.92721406
1777212000,2026-04-26 14:00:00,1.256,1.267,1.258,1.265,38128.79599646
1777215600,2026-04-26 15:00:00,1.263,1.269,1.266,1.267,8501.13292362
1777219200,2026-04-26 16:00:00,1.259,1.267,1.267,1.26,22941.2835952
1777222800,2026-04-26 17:00:00,1.255,1.267,1.259,1.267,32448.35244657
1777226400,2026-04-26 18:00:00,1.264,1.272,1.265,1.27,60778.84000742
1777230000,2026-04-26 19:00:00,1.267,1.274,1.27,1.271,6821.27970268
1777233600,2026-04-26 20:00:00,1.265,1.271,1.269,1.265,15425.70126474
1777237200,2026-04-26 21:00:00,1.253,1.268,1.267,1.265,48936.55310736
1777240800,2026-04-26 22:00:00,1.257,1.27,1.267,1.262,31888.28593862
1777244400,2026-04-26 23:00:00,1.259,1.265,1.261,1.261,8695.42049125
1777248000,2026-04-27 00:00:00,1.259,1.27,1.262,1.27,19600.89115325
1777251600,2026-04-27 01:00:00,1.261,1.275,1.27,1.272,75403.23172139
1777255200,2026-04-27 02:00:00,1.265,1.273,1.273,1.271,10262.22508231
1777258800,2026-04-27 03:00:00,1.268,1.274,1.272,1.268,22776.412715
1777262400,2026-04-27 04:00:00,1.265,1.269,1.267,1.267,31863.38196229
1777266000,2026-04-27 05:00:00,1.238,1.268,1.268,1.239,104067.78839223
1777269600,2026-04-27 06:00:00,1.228,1.242,1.239,1.235,105082.27306574
1777273200,2026-04-27 07:00:00,1.231,1.237,1.235,1.232,47916.7759265
1777276800,2026-04-27 08:00:00,1.229,1.236,1.234,1.235,12772.5878396
1777280400,2026-04-27 09:00:00,1.233,1.237,1.236,1.235,12519.01552445
1777284000,2026-04-27 10:00:00,1.233,1.237,1.235,1.233,22848.10495413
1777287600,2026-04-27 11:00:00,1.231,1.239,1.234,1.238,47091.08984394
1777291200,2026-04-27 12:00:00,1.233,1.237,1.237,1.236,15355.72370247
1777294800,2026-04-27 13:00:00,1.223,1.236,1.236,1.229,28544.05617603
1777298400,2026-04-27 14:00:00,1.228,1.238,1.229,1.234,37005.22742395
1777302000,2026-04-27 15:00:00,1.211,1.234,1.234,1.219,114772.06017301
1777305600,2026-04-27 16:00:00,1.216,1.223,1.218,1.222,31362.11495435
1777309200,2026-04-27 17:00:00,1.219,1.226,1.223,1.219,58959.12130257
1777312800,2026-04-27 18:00:00,1.217,1.224,1.219,1.223,28089.97234778
1777316400,2026-04-27 19:00:00,1.214,1.224,1.224,1.22,55162.95232864
1777320000,2026-04-27 20:00:00,1.218,1.222,1.219,1.219,27793.94795835
1777323600,2026-04-27 21:00:00,1.216,1.221,1.218,1.216,28907.55419382
1777327200,2026-04-27 22:00:00,1.216,1.226,1.216,1.225,20020.85737398
1777330800,2026-04-27 23:00:00,1.225,1.236,1.225,1.232,38123.91833593
1777334400,2026-04-28 00:00:00,1.23,1.234,1.232,1.231,36808.71797516
1777338000,2026-04-28 01:00:00,1.232,1.236,1.232,1.233,36081.73468259
1777341600,2026-04-28 02:00:00,1.227,1.238,1.233,1.231,48507.24534287
1777345200,2026-04-28 03:00:00,1.229,1.235,1.231,1.235,30952.09358813
1777348800,2026-04-28 04:00:00,1.234,1.239,1.235,1.235,25238.93948718
1777352400,2026-04-28 05:00:00,1.234,1.241,1.236,1.234,80128.52483223
1777356000,2026-04-28 06:00:00,1.224,1.237,1.234,1.227,25976.2019924
1777359600,2026-04-28 07:00:00,1.22,1.227,1.227,1.225,14488.30926786
1777363200,2026-04-28 08:00:00,1.22,1.226,1.224,1.224,10906.17557053
1777366800,2026-04-28 09:00:00,1.217,1.224,1.224,1.219,11339.06053273
1777370400,2026-04-28 10:00:00,1.219,1.225,1.221,1.223,12259.73999204
1777374000,2026-04-28 11:00:00,1.216,1.222,1.222,1.221,20144.20945963
1777377600,2026-04-28 12:00:00,1.218,1.226,1.221,1.225,41311.73247038
1777381200,2026-04-28 13:00:00,1.22,1.237,1.226,1.233,41206.58887391
1777384800,2026-04-28 14:00:00,1.219,1.233,1.233,1.231,43904.7311482
1777388400,2026-04-28 15:00:00,1.229,1.233,1.231,1.232,27254.86280579
1777392000,2026-04-28 16:00:00,1.228,1.236,1.232,1.229,18528.93088216
1777395600,2026-04-28 17:00:00,1.225,1.232,1.228,1.23,15185.25326126
1777399200,2026-04-28 18:00:00,1.228,1.233,1.23,1.232,20456.6787702
1777402800,2026-04-28 19:00:00,1.23,1.236,1.232,1.236,18244.19543791
1777406400,2026-04-28 20:00:00,1.229,1.236,1.236,1.229,24351.96934732
1777410000,2026-04-28 21:00:00,1.228,1.231,1.23,1.23,39241.04988519
1777413600,2026-04-28 22:00:00,1.227,1.233,1.231,1.228,12965.06395614
1777417200,2026-04-28 23:00:00,1.226,1.23,1.228,1.229,12698.52726104
1777420800,2026-04-29 00:00:00,1.227,1.232,1.229,1.23,23995.35211845
1777424400,2026-04-29 01:00:00,1.226,1.231,1.229,1.23,14255.90767702
1777428000,2026-04-29 02:00:00,1.225,1.231,1.23,1.231,34434.46052358
1777431600,2026-04-29 03:00:00,1.23,1.238,1.23,1.238,70415.57935856
1777435200,2026-04-29 04:00:00,1.236,1.246,1.238,1.246,36007.90852071
1777438800,2026-04-29 05:00:00,1.244,1.248,1.247,1.246,66996.81441953
1777442400,2026-04-29 06:00:00,1.24,1.247,1.246,1.242,16150.279352
1777446000,2026-04-29 07:00:00,1.238,1.246,1.241,1.242,42163.93572328
1777449600,2026-04-29 08:00:00,1.235,1.242,1.242,1.235,9373.48538025
1777453200,2026-04-29 09:00:00,1.235,1.258,1.235,1.258,68054.89626397
1777456800,2026-04-29 10:00:00,1.248,1.258,1.257,1.25,85891.80560921
1777460400,2026-04-29 11:00:00,1.243,1.254,1.25,1.243,45564.64205382
1777464000,2026-04-29 12:00:00,1.23,1.243,1.243,1.236,43526.56719506
1777467600,2026-04-29 13:00:00,1.221,1.237,1.236,1.228,48333.86309202
1777471200,2026-04-29 14:00:00,1.224,1.231,1.227,1.225,27597.45106425
1777474800,2026-04-29 15:00:00,1.201,1.226,1.226,1.207,67587.94389543
1777478400,2026-04-29 16:00:00,1.204,1.211,1.206,1.208,32530.15905031
1777482000,2026-04-29 17:00:00,1.21,1.218,1.211,1.218,28132.82811407
1777485600,2026-04-29 18:00:00,1.176,1.219,1.218,1.198,242861.91336548
1777489200,2026-04-29 19:00:00,1.192,1.199,1.198,1.197,35984.89646695
1777492800,2026-04-29 20:00:00,1.195,1.207,1.195,1.202,39960.75274195
1777496400,2026-04-29 21:00:00,1.202,1.212,1.203,1.206,12519.07103629
1777500000,2026-04-29 22:00:00,1.207,1.213,1.207,1.211,25220.6353642
1777503600,2026-04-29 23:00:00,1.208,1.212,1.211,1.211,7545.06234494
1777507200,2026-04-30 00:00:00,1.21,1.225,1.21,1.224,21403.57673031
1777510800,2026-04-30 01:00:00,1.219,1.225,1.224,1.222,21740.44795901
1777514400,2026-04-30 02:00:00,1.205,1.224,1.222,1.211,64127.43167224
1777518000,2026-04-30 03:00:00,1.209,1.217,1.211,1.214,10492.44355276
1777521600,2026-04-30 04:00:00,1.201,1.214,1.214,1.203,12282.77165254
1777525200,2026-04-30 05:00:00,1.197,1.206,1.204,1.2,27683.27824836
1777528800,2026-04-30 06:00:00,1.199,1.205,1.202,1.203,16114.3087157
1777532400,2026-04-30 07:00:00,1.2,1.212,1.203,1.212,21117.13515249
1777536000,2026-04-30 08:00:00,1.208,1.215,1.212,1.21,45787.60928811
1777539600,2026-04-30 09:00:00,1.21,1.219,1.21,1.213,20006.72996998
1777543200,2026-04-30 10:00:00,1.21,1.218,1.214,1.211,14529.39511345
1777546800,2026-04-30 11:00:00,1.208,1.218,1.211,1.216,39776.4348916
1777550400,2026-04-30 12:00:00,1.214,1.221,1.215,1.215,51101.11822267
1777554000,2026-04-30 13:00:00,1.209,1.216,1.215,1.211,26064.04265377
1777557600,2026-04-30 14:00:00,1.204,1.214,1.212,1.208,39874.29742819
1777561200,2026-04-30 15:00:00,1.205,1.216,1.208,1.214,40778.60558963
1777564800,2026-04-30 16:00:00,1.209,1.215,1.213,1.212,11429.15507889
1777568400,2026-04-30 17:00:00,1.208,1.212,1.212,1.21,19722.80144644
1777572000,2026-04-30 18:00:00,1.207,1.213,1.211,1.208,57600.96697594
1777575600,2026-04-30 19:00:00,1.207,1.213,1.208,1.209,19866.84588441
1777579200,2026-04-30 20:00:00,1.207,1.21,1.208,1.208,34579.59892376
1777582800,2026-04-30 21:00:00,1.202,1.21,1.208,1.204,14207.84422433
1777586400,2026-04-30 22:00:00,1.2,1.205,1.204,1.201,19979.2792378
1777590000,2026-04-30 23:00:00,1.2,1.205,1.202,1.205,14157.53955015
1777593600,2026-05-01 00:00:00,1.202,1.209,1.205,1.204,28870.69759325
1777597200,2026-05-01 01:00:00,1.204,1.209,1.204,1.208,11156.17351501
1777600800,2026-05-01 02:00:00,1.203,1.209,1.209,1.204,17619.86781861
1777604400,2026-05-01 03:00:00,1.203,1.219,1.203,1.213,33794.5279913
1777608000,2026-05-01 04:00:00,1.21,1.217,1.213,1.211,31148.98357684
1777611600,2026-05-01 05:00:00,1.208,1.214,1.211,1.209,28585.99375113
1777615200,2026-05-01 06:00:00,1.201,1.209,1.209,1.202,21149.56256903
1777618800,2026-05-01 07:00:00,1.2,1.205,1.201,1.204,15079.45485818
1777622400,2026-05-01 08:00:00,1.202,1.209,1.204,1.206,38805.73328575
1777626000,2026-05-01 09:00:00,1.198,1.207,1.206,1.2,41747.41161598
1777629600,2026-05-01 10:00:00,1.193,1.201,1.2,1.201,29450.07427722
1777633200,2026-05-01 11:00:00,1.196,1.202,1.201,1.2,27248.43866544
1777636800,2026-05-01 12:00:00,1.199,1.211,1.199,1.206,32847.90376764
1777640400,2026-05-01 13:00:00,1.206,1.224,1.206,1.224,40148.76894782
1777644000,2026-05-01 14:00:00,1.211,1.228,1.225,1.213,158624.60533345
1777647600,2026-05-01 15:00:00,1.208,1.221,1.212,1.214,72934.99573386
1777651200,2026-05-01 16:00:00,1.205,1.218,1.215,1.21,46739.79514971
1777654800,2026-05-01 17:00:00,1.207,1.215,1.21,1.214,26886.60866485
1777658400,2026-05-01 18:00:00,1.212,1.217,1.214,1.214,17860.61937229
1777662000,2026-05-01 19:00:00,1.21,1.216,1.214,1.212,28055.63253195
1777665600,2026-05-01 20:00:00,1.202,1.213,1.213,1.204,21134.26803288
1777669200,2026-05-01 21:00:00,1.202,1.211,1.204,1.207,18771.94257503
1777672800,2026-05-01 22:00:00,1.203,1.212,1.208,1.204,16612.99477697
1777676400,2026-05-01 23:00:00,1.199,1.206,1.203,1.204,36405.63177095
1777680000,2026-05-02 00:00:00,1.204,1.211,1.205,1.21,17917.36736899
1777683600,2026-05-02 01:00:00,1.208,1.212,1.21,1.21,14968.99882979
1777687200,2026-05-02 02:00:00,1.207,1.211,1.21,1.209,11839.1005898
1777690800,2026-05-02 03:00:00,1.204,1.21,1.209,1.208,47469.27766656
1777694400,2026-05-02 04:00:00,1.201,1.206,1.206,1.201,13732.12895545
1777698000,2026-05-02 05:00:00,1.195,1.203,1.201,1.197,57036.57471676
1777701600,2026-05-02 06:00:00,1.195,1.202,1.195,1.202,35154.65646629
1777705200,2026-05-02 07:00:00,1.198,1.203,1.202,1.199,11612.66982165
1777708800,2026-05-02 08:00:00,1.199,1.205,1.2,1.204,37403.89787781
1777712400,2026-05-02 09:00:00,1.204,1.211,1.204,1.211,8730.13345516
1777716000,2026-05-02 10:00:00,1.208,1.212,1.21,1.208,14025.13477954
1777719600,2026-05-02 11:00:00,1.201,1.207,1.207,1.204,9962.42446732
1777723200,2026-05-02 12:00:00,1.203,1.207,1.204,1.204,12329.73227254
1777726800,2026-05-02 13:00:00,1.203,1.209,1.204,1.208,15744.3908118
1777730400,2026-05-02 14:00:00,1.205,1.211,1.208,1.209,38954.69348397
1777734000,2026-05-02 15:00:00,1.208,1.215,1.209,1.215,17216.6335333
1777737600,2026-05-02 16:00:00,1.211,1.217,1.215,1.215,21536.97043694
1777741200,2026-05-02 17:00:00,1.21,1.216,1.215,1.211,9988.55789353
1777744800,2026-05-02 18:00:00,1.209,1.219,1.211,1.217,11500.30168415
1777748400,2026-05-02 19:00:00,1.217,1.223,1.217,1.223,23618.12162382
1777752000,2026-05-02 20:00:00,1.222,1.231,1.224,1.23,58760.91168268
1777755600,2026-05-02 21:00:00,1.225,1.24,1.229,1.233,90937.10213729
1777759200,2026-05-02 22:00:00,1.226,1.236,1.234,1.229,17239.93111449
1777762800,2026-05-02 23:00:00,1.225,1.229,1.228,1.227,29653.88810148
1777766400,2026-05-03 00:00:00,1.219,1.228,1.227,1.221,20375.00044167
1777770000,2026-05-03 01:00:00,1.209,1.221,1.221,1.21,26338.78846602
1777773600,2026-05-03 02:00:00,1.204,1.211,1.211,1.206,13979.3635424
1777777200,2026-05-03 03:00:00,1.204,1.208,1.205,1.208,6915.72580704
1777780800,2026-05-03 04:00:00,1.206,1.209,1.207,1.206,6394.95223713
1777784400,2026-05-03 05:00:00,1.204,1.209,1.206,1.207,11912.75196202
1777788000,2026-05-03 06:00:00,1.206,1.213,1.207,1.21,30089.03295004
1777791600,2026-05-03 07:00:00,1.21,1.216,1.21,1.215,16295.50310479
1777795200,2026-05-03 08:00:00,1.21,1.22,1.214,1.211,14162.09745052
1777798800,2026-05-03 09:00:00,1.206,1.213,1.21,1.212,53773.56594827
1777802400,2026-05-03 10:00:00,1.21,1.215,1.212,1.21,13702.88942776
1777806000,2026-05-03 11:00:00,1.208,1.215,1.209,1.212,57690.77353865
1777809600,2026-05-03 12:00:00,1.211,1.219,1.212,1.214,23083.30915002
1777813200,2026-05-03 13:00:00,1.206,1.213,1.213,1.207,46399.84632579
1777816800,2026-05-03 14:00:00,1.205,1.21,1.208,1.208,19208.50794699
1777820400,2026-05-03 15:00:00,1.208,1.213,1.208,1.211,14731.17511792
1777824000,2026-05-03 16:00:00,1.208,1.212,1.211,1.209,23637.81519729
1777827600,2026-05-03 17:00:00,1.207,1.213,1.208,1.21,18879.14742688
1777831200,2026-05-03 18:00:00,1.21,1.214,1.21,1.213,13584.586701
1777834800,2026-05-03 19:00:00,1.212,1.218,1.213,1.216,17137.09126417
1777838400,2026-05-03 20:00:00,1.216,1.224,1.216,1.217,30466.96033024
1777842000,2026-05-03 21:00:00,1.207,1.222,1.217,1.212,32942.24936578
1777845600,2026-05-03 22:00:00,1.213,1.224,1.213,1.221,34311.95669779
1777849200,2026-05-03 23:00:00,1.208,1.221,1.22,1.209,25901.64183016
1777852800,2026-05-04 00:00:00,1.198,1.213,1.208,1.213,74559.92735032
1777856400,2026-05-04 01:00:00,1.211,1.233,1.214,1.231,72993.63018378
1777860000,2026-05-04 02:00:00,1.228,1.247,1.23,1.243,121033.1941305
1777863600,2026-05-04 03:00:00,1.24,1.25,1.243,1.25,45971.9084051
1777867200,2026-05-04 04:00:00,1.249,1.262,1.251,1.254,79240.63592034
1777870800,2026-05-04 05:00:00,1.243,1.255,1.252,1.254,69593.22960887
1777874400,2026-05-04 06:00:00,1.236,1.254,1.254,1.244,43255.78179282
1777878000,2026-05-04 07:00:00,1.237,1.247,1.243,1.237,32047.22539496
1777881600,2026-05-04 08:00:00,1.235,1.24,1.238,1.238,17131.11069976
1777885200,2026-05-04 09:00:00,1.236,1.249,1.238,1.245,32739.63865612
1777888800,2026-05-04 10:00:00,1.206,1.244,1.244,1.215,132324.83877501
1777892400,2026-05-04 11:00:00,1.216,1.22,1.216,1.218,25382.88388605
1777896000,2026-05-04 12:00:00,1.218,1.226,1.219,1.218,65856.96313457
1777899600,2026-05-04 13:00:00,1.212,1.227,1.216,1.225,51874.37028614
1777903200,2026-05-04 14:00:00,1.217,1.242,1.225,1.238,89789.55938504
1777906800,2026-05-04 15:00:00,1.218,1.241,1.236,1.226,107973.49956927
1777910400,2026-05-04 16:00:00,1.216,1.229,1.225,1.224,43223.17204422
1777914000,2026-05-04 17:00:00,1.225,1.242,1.225,1.239,84318.88733345
1777917600,2026-05-04 18:00:00,1.234,1.244,1.239,1.239,43972.7309366
1777921200,2026-05-04 19:00:00,1.229,1.24,1.239,1.23,46101.11470187
1777924800,2026-05-04 20:00:00,1.222,1.232,1.23,1.226,8863.46899116
1777928400,2026-05-04 21:00:00,1.227,1.242,1.227,1.238,67214.59184356
1777932000,2026-05-04 22:00:00,1.227,1.242,1.24,1.229,49041.00917668
1777935600,2026-05-04 23:00:00,1.225,1.229,1.227,1.228,35920.54773611
1777939200,2026-05-05 00:00:00,1.225,1.233,1.228,1.23,21616.15969177
1777942800,2026-05-05 01:00:00,1.231,1.238,1.231,1.234,22621.46835877
1777946400,2026-05-05 02:00:00,1.233,1.243,1.236,1.236,31431.27763447
1777950000,2026-05-05 03:00:00,1.234,1.246,1.236,1.243,25111.87344896
1777953600,2026-05-05 04:00:00,1.239,1.246,1.243,1.242,21639.47695545
1777957200,2026-05-05 05:00:00,1.241,1.247,1.243,1.246,42599.33586126
1777960800,2026-05-05 06:00:00,1.242,1.249,1.246,1.249,20728.22443003
1777964400,2026-05-05 07:00:00,1.248,1.259,1.249,1.255,40236.23175279
1777968000,2026-05-05 08:00:00,1.255,1.26,1.255,1.258,15154.61518944
1777971600,2026-05-05 09:00:00,1.254,1.26,1.257,1.256,32737.33788766
1777975200,2026-05-05 10:00:00,1.255,1.265,1.256,1.261,37444.68008495
1777978800,2026-05-05 11:00:00,1.253,1.261,1.26,1.26,14982.66935891
1777982400,2026-05-05 12:00:00,1.258,1.279,1.261,1.272,89138.18488081
1777986000,2026-05-05 13:00:00,1.272,1.289,1.272,1.282,206390.08304984
1777989600,2026-05-05 14:00:00,1.268,1.297,1.282,1.278,168949.66215441
1777993200,2026-05-05 15:00:00,1.271,1.278,1.278,1.274,43204.82523567
1777996800,2026-05-05 16:00:00,1.257,1.276,1.274,1.262,28854.47786703
1778000400,2026-05-05 17:00:00,1.26,1.27,1.263,1.267,17299.91698036
1778004000,2026-05-05 18:00:00,1.266,1.271,1.269,1.269,35021.8427705
1778007600,2026-05-05 19:00:00,1.266,1.274,1.268,1.273,39288.94365766
1778011200,2026-05-05 20:00:00,1.274,1.287,1.275,1.287,85165.04977747
1778014800,2026-05-05 21:00:00,1.284,1.293,1.287,1.286,46185.28029001
1778018400,2026-05-05 22:00:00,1.274,1.289,1.288,1.28,110944.70011655
1778022000,2026-05-05 23:00:00,1.272,1.283,1.28,1.277,41425.1844782
1778025600,2026-05-06 00:00:00,1.27,1.281,1.278,1.278,26378.76095498
1778029200,2026-05-06 01:00:00,1.276,1.299,1.278,1.295,27131.59360979
1778032800,2026-05-06 02:00:00,1.281,1.295,1.295,1.291,46064.89988125
1778036400,2026-05-06 03:00:00,1.289,1.309,1.29,1.305,66875.95261909
1778040000,2026-05-06 04:00:00,1.3,1.314,1.305,1.303,88280.33377898
1778043600,2026-05-06 05:00:00,1.299,1.309,1.302,1.308,85592.98395963
1778047200,2026-05-06 06:00:00,1.301,1.31,1.309,1.305,41765.96183902
1778050800,2026-05-06 07:00:00,1.304,1.313,1.306,1.313,48672.07832454
1778054400,2026-05-06 08:00:00,1.31,1.333,1.31,1.331,81208.97637704
1778058000,2026-05-06 09:00:00,1.324,1.332,1.331,1.33,56910.63987975
1778061600,2026-05-06 10:00:00,1.325,1.333,1.331,1.328,56022.96992792
1778065200,2026-05-06 11:00:00,1.318,1.329,1.327,1.323,49715.59262756
1778068800,2026-05-06 12:00:00,1.318,1.327,1.323,1.319,45521.75209469
1778072400,2026-05-06 13:00:00,1.3,1.32,1.319,1.301,91596.77685244
1778076000,2026-05-06 14:00:00,1.286,1.303,1.3,1.297,79338.86602888
1778079600,2026-05-06 15:00:00,1.296,1.311,1.298,1.307,42040.10358389
1778083200,2026-05-06 16:00:00,1.301,1.316,1.308,1.313,31800.17666874
1778086800,2026-05-06 17:00:00,1.304,1.316,1.314,1.306,43709.35406029
1778090400,2026-05-06 18:00:00,1.302,1.31,1.306,1.305,36650.03362756
1778094000,2026-05-06 19:00:00,1.302,1.31,1.308,1.308,47183.72179365
1778097600,2026-05-06 20:00:00,1.3,1.318,1.308,1.305,43528.47613854
1778101200,2026-05-06 21:00:00,1.301,1.325,1.305,1.321,73200.67058446
1778104800,2026-05-06 22:00:00,1.309,1.32,1.32,1.312,59375.05570269
1778108400,2026-05-06 23:00:00,1.303,1.32,1.311,1.318,42024.51584237
1778112000,2026-05-07 00:00:00,1.305,1.322,1.319,1.306,45753.48287697
1778115600,2026-05-07 01:00:00,1.295,1.306,1.305,1.297,97490.92847558
1778119200,2026-05-07 02:00:00,1.29,1.299,1.297,1.294,28780.71493846
1778122800,2026-05-07 03:00:00,1.291,1.303,1.296,1.291,22783.21891122
1778126400,2026-05-07 04:00:00,1.291,1.316,1.293,1.315,57761.09115313
1778130000,2026-05-07 05:00:00,1.315,1.321,1.317,1.317,34563.06411412
1778133600,2026-05-07 06:00:00,1.31,1.33,1.316,1.328,106114.60738273
1778137200,2026-05-07 07:00:00,1.322,1.33,1.329,1.326,53477.4670049
1778140800,2026-05-07 08:00:00,1.318,1.327,1.323,1.322,58096.80108961
1778144400,2026-05-07 09:00:00,1.314,1.323,1.32,1.317,38228.75832371
1778148000,2026-05-07 10:00:00,1.309,1.322,1.319,1.315,24199.52140126
1778151600,2026-05-07 11:00:00,1.317,1.324,1.318,1.32,16479.0610935
1778155200,2026-05-07 12:00:00,1.32,1.333,1.32,1.331,59815.60928199
1778158800,2026-05-07 13:00:00,1.315,1.338,1.33,1.317,77696.00649033
1778162400,2026-05-07 14:00:00,1.296,1.32,1.318,1.305,127006.50451141
1778166000,2026-05-07 15:00:00,1.293,1.31,1.304,1.303,51995.90456943
1778169600,2026-05-07 16:00:00,1.297,1.312,1.303,1.303,40815.67626308
1778173200,2026-05-07 17:00:00,1.297,1.313,1.302,1.311,76344.68951054
1778176800,2026-05-07 18:00:00,1.304,1.318,1.311,1.307,42671.23366184
1778180400,2026-05-07 19:00:00,1.301,1.312,1.307,1.307,43066.32479364
1778184000,2026-05-07 20:00:00,1.301,1.316,1.306,1.301,62301.20163785
1778187600,2026-05-07 21:00:00,1.295,1.308,1.302,1.302,34956.03937921
1778191200,2026-05-07 22:00:00,1.297,1.308,1.302,1.302,79391.45236769
1778194800,2026-05-07 23:00:00,1.301,1.311,1.301,1.31,6624.56899568
1778198400,2026-05-08 00:00:00,1.301,1.314,1.31,1.304,29214.44840042
1778202000,2026-05-08 01:00:00,1.297,1.32,1.305,1.32,44124.40999518
1778223600,2026-05-08 07:00:00,1.316,1.32,1.32,1.318,5657.54875709
1778227200,2026-05-08 08:00:00,1.316,1.322,1.319,1.316,31220.84683305
1778230800,2026-05-08 09:00:00,1.314,1.326,1.315,1.319,43562.98035989
1778234400,2026-05-08 10:00:00,1.317,1.326,1.32,1.321,48093.44556036
1778238000,2026-05-08 11:00:00,1.313,1.325,1.32,1.324,176641.00503116
1778241600,2026-05-08 12:00:00,1.31,1.323,1.323,1.313,64479.83113256
1778245200,2026-05-08 13:00:00,1.305,1.316,1.313,1.312,40403.15985547
1778248800,2026-05-08 14:00:00,1.311,1.334,1.312,1.331,59781.7025287
1778252400,2026-05-08 15:00:00,1.324,1.361,1.332,1.357,184198.15655733
1778256000,2026-05-08 16:00:00,1.346,1.36,1.359,1.349,80028.33037492
1778259600,2026-05-08 17:00:00,1.346,1.369,1.35,1.36,132327.67396709
1778263200,2026-05-08 18:00:00,1.36,1.38,1.36,1.371,252150.74007816
1778266800,2026-05-08 19:00:00,1.365,1.382,1.372,1.373,120417.4544054
1778270400,2026-05-08 20:00:00,1.367,1.38,1.373,1.377,20220.779915
1778274000,2026-05-08 21:00:00,1.378,1.389,1.378,1.389,121780.22175248
1778277600,2026-05-08 22:00:00,1.375,1.39,1.388,1.377,42331.30009907
1778281200,2026-05-08 23:00:00,1.369,1.38,1.38,1.375,14656.42769057
1778284800,2026-05-09 00:00:00,1.37,1.379,1.376,1.374,26473.66127215
1778288400,2026-05-09 01:00:00,1.372,1.392,1.377,1.385,57667.21512723
1778292000,2026-05-09 02:00:00,1.378,1.387,1.385,1.378,47697.78425345
1778295600,2026-05-09 03:00:00,1.373,1.385,1.378,1.377,32773.36094699
1778299200,2026-05-09 04:00:00,1.37,1.381,1.378,1.371,43410.1984341
1778302800,2026-05-09 05:00:00,1.369,1.38,1.37,1.376,28186.49010771
1778306400,2026-05-09 06:00:00,1.367,1.38,1.376,1.37,35559.45540534
1778310000,2026-05-09 07:00:00,1.364,1.373,1.371,1.367,30420.21706292
1778313600,2026-05-09 08:00:00,1.367,1.37,1.367,1.368,18951.38634028
1778317200,2026-05-09 09:00:00,1.353,1.368,1.367,1.357,23124.80054597
1778320800,2026-05-09 10:00:00,1.352,1.36,1.356,1.358,24144.08248833
1778324400,2026-05-09 11:00:00,1.358,1.362,1.358,1.359,21018.01300506
1778328000,2026-05-09 12:00:00,1.354,1.36,1.359,1.357,16116.44169944
1778331600,2026-05-09 13:00:00,1.35,1.358,1.357,1.352,37841.34476495
1778335200,2026-05-09 14:00:00,1.34,1.351,1.351,1.345,77187.29532514
1778338800,2026-05-09 15:00:00,1.338,1.346,1.343,1.343,40724.48214881
1778342400,2026-05-09 16:00:00,1.34,1.35,1.343,1.345,58996.18367215
1778346000,2026-05-09 17:00:00,1.346,1.355,1.346,1.354,21489.97181504
1778349600,2026-05-09 18:00:00,1.351,1.358,1.354,1.353,13083.33785388
1778353200,2026-05-09 19:00:00,1.35,1.353,1.353,1.353,21414.40797215
1778356800,2026-05-09 20:00:00,1.347,1.352,1.352,1.35,9716.13998659
1778360400,2026-05-09 21:00:00,1.348,1.352,1.349,1.35,7364.67099144
1778364000,2026-05-09 22:00:00,1.348,1.353,1.349,1.351,26251.31794308
1778367600,2026-05-09 23:00:00,1.344,1.353,1.352,1.346,12904.53285239
1778371200,2026-05-10 00:00:00,1.336,1.346,1.345,1.336,36407.50460621
1778374800,2026-05-10 01:00:00,1.329,1.337,1.336,1.334,40469.63981431
1778378400,2026-05-10 02:00:00,1.332,1.341,1.334,1.339,44263.08190924
1778382000,2026-05-10 03:00:00,1.336,1.342,1.34,1.337,37995.36726114
1778385600,2026-05-10 04:00:00,1.334,1.34,1.336,1.337,24586.46385313
1778389200,2026-05-10 05:00:00,1.335,1.341,1.336,1.339,11285.60248532
1778392800,2026-05-10 06:00:00,1.336,1.341,1.338,1.34,11988.26473297
1778396400,2026-05-10 07:00:00,1.34,1.349,1.342,1.345,12100.22101174
1778400000,2026-05-10 08:00:00,1.345,1.36,1.346,1.359,45042.29857335
1778403600,2026-05-10 09:00:00,1.354,1.361,1.36,1.355,11977.05246124
1778407200,2026-05-10 10:00:00,1.347,1.357,1.356,1.354,29849.17936355
1778410800,2026-05-10 11:00:00,1.353,1.36,1.354,1.357,23145.54695547
1778414400,2026-05-10 12:00:00,1.353,1.361,1.356,1.361,16528.7222372
1778418000,2026-05-10 13:00:00,1.36,1.37,1.362,1.37,52996.58726078
1778421600,2026-05-10 14:00:00,1.354,1.37,1.369,1.357,66007.03494
1778425200,2026-05-10 15:00:00,1.357,1.373,1.358,1.373,31613.91018182
1778428800,2026-05-10 16:00:00,1.372,1.391,1.374,1.39,114009.17059205
1778432400,2026-05-10 17:00:00,1.383,1.406,1.39,1.403,1497928.24303037
1778436000,2026-05-10 18:00:00,1.396,1.415,1.403,1.409,99124.43518233
1778439600,2026-05-10 19:00:00,1.403,1.418,1.408,1.413,222128.84155009
1778443200,2026-05-10 20:00:00,1.345,1.419,1.414,1.361,264168.60423091
1778446800,2026-05-10 21:00:00,1.352,1.376,1.361,1.363,140304.69093869
1778450400,2026-05-10 22:00:00,1.363,1.389,1.363,1.389,152926.78157994
1778454000,2026-05-10 23:00:00,1.379,1.39,1.388,1.382,97351.04954571
1778457600,2026-05-11 00:00:00,1.361,1.385,1.382,1.366,110490.94522976
1778461200,2026-05-11 01:00:00,1.361,1.375,1.366,1.369,67691.16535149
1778464800,2026-05-11 02:00:00,1.351,1.37,1.369,1.354,59274.38748318
1778468400,2026-05-11 03:00:00,1.334,1.354,1.353,1.344,71124.42701626
1778472000,2026-05-11 04:00:00,1.339,1.35,1.343,1.348,45863.38963262
1778475600,2026-05-11 05:00:00,1.348,1.361,1.349,1.356,43381.25276047
1778479200,2026-05-11 06:00:00,1.355,1.365,1.356,1.36,37604.91568717
1778482800,2026-05-11 07:00:00,1.354,1.364,1.359,1.364,29579.23886935
1778486400,2026-05-11 08:00:00,1.358,1.365,1.365,1.361,31776.17268446
1778490000,2026-05-11 09:00:00,1.358,1.366,1.36,1.36,25235.45602584
1778493600,2026-05-11 10:00:00,1.359,1.374,1.36,1.36,49143.07189231
1778497200,2026-05-11 11:00:00,1.355,1.365,1.36,1.36,53451.81302785
1778500800,2026-05-11 12:00:00,1.353,1.363,1.361,1.357,38356.33786759
1778504400,2026-05-11 13:00:00,1.347,1.362,1.357,1.357,64645.61652845
1778508000,2026-05-11 14:00:00,1.341,1.363,1.358,1.355,201354.35720367
1778511600,2026-05-11 15:00:00,1.35,1.373,1.354,1.368,61504.89840482
1778515200,2026-05-11 16:00:00,1.36,1.374,1.366,1.366,54137.10788777
1778518800,2026-05-11 17:00:00,1.362,1.38,1.364,1.378,89344.44493031
1778522400,2026-05-11 18:00:00,1.369,1.38,1.378,1.369,48146.46113396
1778526000,2026-05-11 19:00:00,1.367,1.376,1.368,1.373,56727.88351917
1778529600,2026-05-11 20:00:00,1.366,1.378,1.374,1.37,111158.2274422
1778533200,2026-05-11 21:00:00,1.367,1.374,1.37,1.368,21322.62591021
1778536800,2026-05-11 22:00:00,1.364,1.37,1.366,1.365,36612.03898253
1778540400,2026-05-11 23:00:00,1.359,1.366,1.364,1.362,13125.94081854
1778544000,2026-05-12 00:00:00,1.359,1.368,1.361,1.367,42475.90276557
1778547600,2026-05-12 01:00:00,1.344,1.368,1.368,1.351,54936.34546282
1778551200,2026-05-12 02:00:00,1.348,1.356,1.353,1.355,29985.98584344
1778554800,2026-05-12 03:00:00,1.346,1.357,1.355,1.346,22646.10571243
1778558400,2026-05-12 04:00:00,1.346,1.353,1.346,1.351,21800.5719099
1778562000,2026-05-12 05:00:00,1.351,1.362,1.351,1.359,14535.07428374
1778565600,2026-05-12 06:00:00,1.356,1.363,1.358,1.356,9377.13335048
1778569200,2026-05-12 07:00:00,1.347,1.36,1.355,1.357,44058.60471596
1778572800,2026-05-12 08:00:00,1.346,1.359,1.357,1.346,38603.93424109
1778576400,2026-05-12 09:00:00,1.339,1.349,1.345,1.348,21480.40620135
1778580000,2026-05-12 10:00:00,1.333,1.348,1.345,1.337,34130.83714473
1778583600,2026-05-12 11:00:00,1.327,1.339,1.337,1.332,42052.87788653
1778587200,2026-05-12 12:00:00,1.324,1.337,1.332,1.334,33970.79353969
1778590800,2026-05-12 13:00:00,1.318,1.336,1.334,1.32,81316.37796499
1778594400,2026-05-12 14:00:00,1.306,1.325,1.319,1.314,47894.40061771
1778598000,2026-05-12 15:00:00,1.307,1.318,1.314,1.311,40775.76648521
1778601600,2026-05-12 16:00:00,1.303,1.318,1.31,1.31,69467.24976391
1778605200,2026-05-12 17:00:00,1.31,1.323,1.31,1.321,49135.58984011
1778608800,2026-05-12 18:00:00,1.317,1.329,1.319,1.326,33644.19345726
1778612400,2026-05-12 19:00:00,1.326,1.338,1.328,1.334,20114.3057043
1778616000,2026-05-12 20:00:00,1.333,1.341,1.333,1.339,9394.15760053
1778619600,2026-05-12 21:00:00,1.335,1.344,1.34,1.339,53790.95197599
1778623200,2026-05-12 22:00:00,1.336,1.343,1.34,1.339,27498.12544108
1778626800,2026-05-12 23:00:00,1.333,1.34,1.34,1.334,27164.839268
1778630400,2026-05-13 00:00:00,1.333,1.341,1.335,1.339,122844.32205113
1778634000,2026-05-13 01:00:00,1.339,1.361,1.339,1.359,87491.45816755
1778637600,2026-05-13 02:00:00,1.357,1.377,1.359,1.377,50822.62884466
1778641200,2026-05-13 03:00:00,1.373,1.399,1.375,1.397,148287.89491579
1778644800,2026-05-13 04:00:00,1.394,1.409,1.398,1.395,135695.73783862
1778648400,2026-05-13 05:00:00,1.384,1.402,1.396,1.391,86099.6850307
1778652000,2026-05-13 06:00:00,1.384,1.399,1.391,1.386,70661.53417973
1778655600,2026-05-13 07:00:00,1.381,1.394,1.386,1.393,70664.93752594
1778659200,2026-05-13 08:00:00,1.39,1.4,1.395,1.397,63407.53933928
1778662800,2026-05-13 09:00:00,1.396,1.433,1.396,1.432,171263.04472182
1778666400,2026-05-13 10:00:00,1.401,1.437,1.433,1.405,209188.45624732
1778670000,2026-05-13 11:00:00,1.382,1.406,1.406,1.387,82799.28341165
1778673600,2026-05-13 12:00:00,1.352,1.39,1.387,1.362,234914.27908401
1778677200,2026-05-13 13:00:00,1.337,1.368,1.361,1.34,82442.98032705
1778680800,2026-05-13 14:00:00,1.33,1.351,1.339,1.345,139002.63438027
1778684400,2026-05-13 15:00:00,1.316,1.352,1.349,1.318,96240.82120922
1778688000,2026-05-13 16:00:00,1.319,1.341,1.319,1.337,220521.67170096
1778691600,2026-05-13 17:00:00,1.333,1.342,1.339,1.338,54687.72883827
1778695200,2026-05-13 18:00:00,1.334,1.344,1.339,1.335,31716.56111907
1778698800,2026-05-13 19:00:00,1.319,1.336,1.336,1.321,79489.72255814
1778702400,2026-05-13 20:00:00,1.321,1.334,1.321,1.333,38785.5582502
1778706000,2026-05-13 21:00:00,1.323,1.333,1.333,1.326,40345.37205099
1778709600,2026-05-13 22:00:00,1.322,1.33,1.327,1.33,30977.04933097
1778713200,2026-05-13 23:00:00,1.326,1.334,1.331,1.327,21219.95128436
1778716800,2026-05-14 00:00:00,1.327,1.337,1.328,1.332,48060.22840903
1778720400,2026-05-14 01:00:00,1.332,1.337,1.332,1.334,15577.67242373
1778724000,2026-05-14 02:00:00,1.324,1.337,1.335,1.325,25408.56289517
1778727600,2026-05-14 03:00:00,1.312,1.328,1.324,1.316,37799.23432572
1778731200,2026-05-14 04:00:00,1.314,1.332,1.316,1.331,19684.99026454
1778734800,2026-05-14 05:00:00,1.329,1.337,1.331,1.332,15339.4827703
1778738400,2026-05-14 06:00:00,1.329,1.336,1.332,1.33,12296.94053689
1778742000,2026-05-14 07:00:00,1.325,1.331,1.33,1.325,21088.04647256
1778745600,2026-05-14 08:00:00,1.322,1.331,1.326,1.327,16446.74873116
1778749200,2026-05-14 09:00:00,1.32,1.33,1.326,1.323,14719.16168256
1778752800,2026-05-14 10:00:00,1.321,1.331,1.324,1.327,21009.59520214
1778756400,2026-05-14 11:00:00,1.319,1.328,1.327,1.32,33814.69043773
1778760000,2026-05-14 12:00:00,1.321,1.344,1.321,1.34,17196.9166832
1778763600,2026-05-14 13:00:00,1.336,1.347,1.34,1.342,54872.65371885
1778767200,2026-05-14 14:00:00,1.336,1.371,1.341,1.371,104707.06043918
1778770800,2026-05-14 15:00:00,1.36,1.373,1.372,1.37,71372.30259432
1778774400,2026-05-14 16:00:00,1.371,1.39,1.372,1.39,102064.2706467
1778778000,2026-05-14 17:00:00,1.382,1.409,1.39,1.398,121591.75490524
1778781600,2026-05-14 18:00:00,1.391,1.417,1.397,1.414,169146.68045166
1778785200,2026-05-14 19:00:00,1.402,1.422,1.414,1.405,183333.54291724
1778788800,2026-05-14 20:00:00,1.383,1.408,1.406,1.39,102924.66307716
1778792400,2026-05-14 21:00:00,1.385,1.398,1.391,1.392,29743.61944738
1778796000,2026-05-14 22:00:00,1.377,1.392,1.392,1.377,23854.43418204
1778799600,2026-05-14 23:00:00,1.361,1.377,1.376,1.364,64137.70375139
1778803200,2026-05-15 00:00:00,1.363,1.375,1.364,1.373,81235.08869497
1778806800,2026-05-15 01:00:00,1.358,1.375,1.373,1.358,48440.23522769
1778810400,2026-05-15 02:00:00,1.346,1.364,1.358,1.361,148922.41506519
1778814000,2026-05-15 03:00:00,1.353,1.363,1.363,1.357,16492.74044365
1778817600,2026-05-15 04:00:00,1.341,1.36,1.357,1.343,47866.25317181
1778821200,2026-05-15 05:00:00,1.323,1.348,1.341,1.323,49209.60942383
1778824800,2026-05-15 06:00:00,1.323,1.341,1.323,1.335,21207.56891377
1778828400,2026-05-15 07:00:00,1.334,1.349,1.336,1.342,42910.55785291
1778832000,2026-05-15 08:00:00,1.326,1.341,1.341,1.334,57785.94067924
1778835600,2026-05-15 09:00:00,1.327,1.336,1.333,1.331,26190.79290313
1778839200,2026-05-15 10:00:00,1.33,1.343,1.331,1.343,33003.37797993
1778842800,2026-05-15 11:00:00,1.335,1.342,1.342,1.338,20669.62926576
1778846400,2026-05-15 12:00:00,1.33,1.338,1.337,1.33,42528.38673991
1778850000,2026-05-15 13:00:00,1.293,1.332,1.329,1.296,154075.03044954
1778853600,2026-05-15 14:00:00,1.288,1.311,1.297,1.307,133902.56431241
1778857200,2026-05-15 15:00:00,1.303,1.312,1.31,1.308,100956.342203
1778860800,2026-05-15 16:00:00,1.304,1.322,1.308,1.317,114060.79511473
1778864400,2026-05-15 17:00:00,1.317,1.325,1.318,1.325,37892.3871874
1778868000,2026-05-15 18:00:00,1.318,1.327,1.326,1.323,42046.84940911
1778871600,2026-05-15 19:00:00,1.315,1.324,1.324,1.316,31807.54908707
1778875200,2026-05-15 20:00:00,1.307,1.316,1.316,1.311,55424.77430205
1778878800,2026-05-15 21:00:00,1.307,1.314,1.311,1.308,18336.83367492
1778882400,2026-05-15 22:00:00,1.309,1.315,1.31,1.315,19738.81575457
1778886000,2026-05-15 23:00:00,1.312,1.319,1.314,1.314,31055.91305364
1778889600,2026-05-16 00:00:00,1.314,1.32,1.314,1.316,36616.38740358
1778893200,2026-05-16 01:00:00,1.311,1.317,1.315,1.314,16824.70198174
1778896800,2026-05-16 02:00:00,1.306,1.315,1.314,1.31,40238.40050609
1778900400,2026-05-16 03:00:00,1.306,1.312,1.31,1.308,38000.25836172
1778904000,2026-05-16 04:00:00,1.295,1.309,1.308,1.299,75939.50993285
1778907600,2026-05-16 05:00:00,1.296,1.3,1.298,1.296,17609.51186793
1778911200,2026-05-16 06:00:00,1.271,1.296,1.296,1.274,59844.26036342
1778914800,2026-05-16 07:00:00,1.253,1.275,1.275,1.264,108931.38212032
1778918400,2026-05-16 08:00:00,1.264,1.27,1.264,1.265,10254.21013702
1778922000,2026-05-16 09:00:00,1.248,1.266,1.265,1.255,116117.12222559
1778925600,2026-05-16 10:00:00,1.248,1.256,1.256,1.256,89636.30365175
1778929200,2026-05-16 11:00:00,1.257,1.264,1.257,1.26,67254.35041134
1778932800,2026-05-16 12:00:00,1.261,1.265,1.261,1.264,28445.7024853
1778936400,2026-05-16 13:00:00,1.262,1.267,1.263,1.266,10802.33658264
1778940000,2026-05-16 14:00:00,1.263,1.273,1.265,1.267,34181.51831216
1778943600,2026-05-16 15:00:00,1.267,1.273,1.268,1.272,53568.96652774
1778947200,2026-05-16 16:00:00,1.272,1.277,1.272,1.275,68399.60548227
1778950800,2026-05-16 17:00:00,1.274,1.281,1.274,1.28,55136.21653303
1778954400,2026-05-16 18:00:00,1.273,1.281,1.28,1.273,5552.88990395
1778958000,2026-05-16 19:00:00,1.271,1.274,1.273,1.272,18296.6864534
1778961600,2026-05-16 20:00:00,1.27,1.275,1.273,1.27,10198.08974409
1778965200,2026-05-16 21:00:00,1.27,1.275,1.27,1.273,4370.25738639
1778968800,2026-05-16 22:00:00,1.269,1.274,1.274,1.269,2283.5566148
1778972400,2026-05-16 23:00:00,1.266,1.27,1.268,1.266,3901.16327331
1778976000,2026-05-17 00:00:00,1.259,1.269,1.267,1.262,8319.4868774
1778979600,2026-05-17 01:00:00,1.256,1.263,1.261,1.256,12857.24857398
1778983200,2026-05-17 02:00:00,1.255,1.263,1.257,1.26,11867.12156772
1778986800,2026-05-17 03:00:00,1.261,1.268,1.261,1.267,22465.18136996
1778990400,2026-05-17 04:00:00,1.267,1.275,1.267,1.272,19811.36646761
1778994000,2026-05-17 05:00:00,1.271,1.28,1.272,1.277,5578.98918206
1778997600,2026-05-17 06:00:00,1.274,1.278,1.277,1.277,6426.33591871
1779001200,2026-05-17 07:00:00,1.276,1.288,1.276,1.285,14703.37257113
1779004800,2026-05-17 08:00:00,1.278,1.284,1.284,1.278,2106.08389897
1779008400,2026-05-17 09:00:00,1.277,1.286,1.278,1.285,14934.08489735
1779012000,2026-05-17 10:00:00,1.284,1.293,1.286,1.284,53057.6900463
1779015600,2026-05-17 11:00:00,1.282,1.286,1.283,1.283,12521.29445216
1779019200,2026-05-17 12:00:00,1.281,1.287,1.282,1.281,52485.93427074
1779022800,2026-05-17 13:00:00,1.274,1.281,1.28,1.277,19701.71897169
1779026400,2026-05-17 14:00:00,1.265,1.276,1.274,1.27,29705.24292323
1779030000,2026-05-17 15:00:00,1.269,1.274,1.272,1.274,27388.45900892
1779033600,2026-05-17 16:00:00,1.266,1.275,1.273,1.266,36184.84648808
1779037200,2026-05-17 17:00:00,1.263,1.269,1.267,1.269,19790.38248959
1779040800,2026-05-17 18:00:00,1.263,1.272,1.269,1.272,5328.58004532
1779044400,2026-05-17 19:00:00,1.271,1.276,1.273,1.275,9032.88552248
1779048000,2026-05-17 20:00:00,1.272,1.276,1.275,1.273,10690.69159104
1779051600,2026-05-17 21:00:00,1.272,1.281,1.273,1.277,9061.6216981
1779055200,2026-05-17 22:00:00,1.261,1.275,1.275,1.264,32978.92819101
1779058800,2026-05-17 23:00:00,1.216,1.264,1.264,1.249,298840.26738945
1779062400,2026-05-18 00:00:00,1.238,1.249,1.248,1.248,74914.54409243
1779066000,2026-05-18 01:00:00,1.237,1.25,1.249,1.244,33127.78622341
1779069600,2026-05-18 02:00:00,1.239,1.25,1.244,1.242,69449.21073852
1779073200,2026-05-18 03:00:00,1.238,1.244,1.243,1.239,44351.98044871
1779076800,2026-05-18 04:00:00,1.235,1.242,1.24,1.24,12038.10272977
1779080400,2026-05-18 05:00:00,1.23,1.239,1.239,1.231,12888.16367368
1779084000,2026-05-18 06:00:00,1.218,1.232,1.231,1.225,132109.70744841
1779087600,2026-05-18 07:00:00,1.215,1.227,1.226,1.224,44615.69241014
1779091200,2026-05-18 08:00:00,1.223,1.232,1.226,1.231,28697.06993389
1779094800,2026-05-18 09:00:00,1.223,1.231,1.231,1.227,24673.82329478
1779098400,2026-05-18 10:00:00,1.222,1.228,1.226,1.225,22943.82653052
1779102000,2026-05-18 11:00:00,1.224,1.247,1.226,1.237,51369.75596462
1779105600,2026-05-18 12:00:00,1.237,1.252,1.237,1.246,149595.31221213
1779109200,2026-05-18 13:00:00,1.231,1.246,1.246,1.24,104601.98997078
1779112800,2026-05-18 14:00:00,1.222,1.241,1.24,1.227,143445.3579312
1779116400,2026-05-18 15:00:00,1.217,1.228,1.227,1.225,115778.81277742
1779120000,2026-05-18 16:00:00,1.221,1.23,1.224,1.226,39805.34088845
1779123600,2026-05-18 17:00:00,1.225,1.236,1.225,1.23,23950.49327511
1779127200,2026-05-18 18:00:00,1.215,1.229,1.229,1.217,50034.30903049
1779130800,2026-05-18 19:00:00,1.218,1.241,1.218,1.239,68252.74435868
1779134400,2026-05-18 20:00:00,1.23,1.241,1.239,1.233,57322.58124085
1779138000,2026-05-18 21:00:00,1.233,1.248,1.233,1.246,23818.99374507
1779141600,2026-05-18 22:00:00,1.243,1.252,1.247,1.25,84330.60844229
1779145200,2026-05-18 23:00:00,1.247,1.254,1.249,1.251,25408.28741331
1779148800,2026-05-19 00:00:00,1.25,1.26,1.251,1.251,54124.10922376
1779152400,2026-05-19 01:00:00,1.241,1.252,1.251,1.243,33414.70553847
1779156000,2026-05-19 02:00:00,1.24,1.25,1.242,1.241,20095.86190224
1779159600,2026-05-19 03:00:00,1.24,1.25,1.24,1.246,9445.98606708
1779163200,2026-05-19 04:00:00,1.245,1.254,1.245,1.249,9525.31921493
1779166800,2026-05-19 05:00:00,1.241,1.25,1.249,1.246,14406.58558484
1779170400,2026-05-19 06:00:00,1.246,1.252,1.246,1.249,24033.90370045
1779174000,2026-05-19 07:00:00,1.248,1.254,1.249,1.251,15175.74064188
1779177600,2026-05-19 08:00:00,1.243,1.25,1.25,1.247,7879.74554198
1779181200,2026-05-19 09:00:00,1.235,1.247,1.246,1.238,18170.65781751
1779184800,2026-05-19 10:00:00,1.228,1.239,1.238,1.234,14005.05168561
1779188400,2026-05-19 11:00:00,1.226,1.235,1.233,1.226,5547.17364785
1779192000,2026-05-19 12:00:00,1.225,1.232,1.225,1.23,10709.46609529
1779195600,2026-05-19 13:00:00,1.229,1.24,1.233,1.234,29508.21815305
1779199200,2026-05-19 14:00:00,1.218,1.239,1.233,1.225,44489.58830706
1779202800,2026-05-19 15:00:00,1.22,1.229,1.225,1.226,24038.34701902
1779206400,2026-05-19 16:00:00,1.224,1.237,1.226,1.235,7633.80710876
1779210000,2026-05-19 17:00:00,1.228,1.236,1.234,1.231,26162.17759412
1779213600,2026-05-19 18:00:00,1.223,1.233,1.23,1.225,42788.7138766
1779217200,2026-05-19 19:00:00,1.223,1.229,1.226,1.225,10094.94581875
1779220800,2026-05-19 20:00:00,1.225,1.232,1.225,1.232,7597.81605472
1779224400,2026-05-19 21:00:00,1.229,1.236,1.232,1.23,11744.19708054
1779228000,2026-05-19 22:00:00,1.22,1.23,1.229,1.22,21137.45801886
1779231600,2026-05-19 23:00:00,1.221,1.228,1.221,1.224,9607.99079124
1779235200,2026-05-20 00:00:00,1.219,1.227,1.223,1.225,14038.46245311
1779238800,2026-05-20 01:00:00,1.219,1.229,1.224,1.228,22703.52765345
1779242400,2026-05-20 02:00:00,1.222,1.231,1.228,1.222,15972.75514025
1779246000,2026-05-20 03:00:00,1.221,1.23,1.221,1.228,19703.60351864
1779249600,2026-05-20 04:00:00,1.225,1.234,1.229,1.234,9359.73890541
1779253200,2026-05-20 05:00:00,1.233,1.243,1.233,1.242,37183.13755455
1779256800,2026-05-20 06:00:00,1.238,1.243,1.243,1.242,28349.68811892
1779260400,2026-05-20 07:00:00,1.238,1.244,1.242,1.239,8806.22477115
1779264000,2026-05-20 08:00:00,1.238,1.246,1.239,1.242,31391.58248017
1779267600,2026-05-20 09:00:00,1.237,1.242,1.242,1.239,6993.78160227
1779271200,2026-05-20 10:00:00,1.237,1.242,1.24,1.24,11623.36886965
1779274800,2026-05-20 11:00:00,1.229,1.24,1.24,1.229,16500.69659022
1779278400,2026-05-20 12:00:00,1.227,1.239,1.229,1.236,11116.71495059
1779282000,2026-05-20 13:00:00,1.223,1.236,1.236,1.232,114478.67375691
1779285600,2026-05-20 14:00:00,1.229,1.247,1.233,1.245,38618.27129772
1779289200,2026-05-20 15:00:00,1.24,1.253,1.244,1.249,63877.44619739
1779292800,2026-05-20 16:00:00,1.24,1.252,1.25,1.247,13233.01272209
1779296400,2026-05-20 17:00:00,1.246,1.254,1.246,1.248,67965.40471945
1779300000,2026-05-20 18:00:00,1.244,1.252,1.25,1.247,64174.34633406
1779303600,2026-05-20 19:00:00,1.245,1.257,1.248,1.255,15855.3152159
1779307200,2026-05-20 20:00:00,1.247,1.256,1.254,1.253,21636.98497289
1779310800,2026-05-20 21:00:00,1.249,1.256,1.254,1.249,15762.87907937
1779314400,2026-05-20 22:00:00,1.241,1.248,1.247,1.248,43437.6798377
1779318000,2026-05-20 23:00:00,1.242,1.248,1.247,1.247,24754.5798293
1779321600,2026-05-21 00:00:00,1.247,1.26,1.247,1.259,19555.16932415
1779325200,2026-05-21 01:00:00,1.257,1.264,1.258,1.259,29550.3474361
1779328800,2026-05-21 02:00:00,1.259,1.268,1.26,1.265,13781.01914507
1779332400,2026-05-21 03:00:00,1.266,1.275,1.266,1.274,23983.1461481
1779336000,2026-05-21 04:00:00,1.273,1.287,1.276,1.284,94068.30630057
1779339600,2026-05-21 05:00:00,1.267,1.291,1.285,1.27,51970.03682485
1779343200,2026-05-21 06:00:00,1.265,1.276,1.27,1.267,35121.0882733
1779346800,2026-05-21 07:00:00,1.265,1.277,1.267,1.275,16990.66181659
1779350400,2026-05-21 08:00:00,1.273,1.281,1.276,1.273,32972.77138299
1779354000,2026-05-21 09:00:00,1.265,1.276,1.274,1.267,11089.75048936
1779357600,2026-05-21 10:00:00,1.248,1.267,1.267,1.248,68754.24382629
1779361200,2026-05-21 11:00:00,1.247,1.252,1.249,1.248,24558.787088
1779364800,2026-05-21 12:00:00,1.246,1.255,1.248,1.25,30746.82783382
1779368400,2026-05-21 13:00:00,1.244,1.258,1.253,1.257,127943.13399258
1779372000,2026-05-21 14:00:00,1.246,1.259,1.258,1.249,30610.29659739
1779375600,2026-05-21 15:00:00,1.245,1.263,1.249,1.258,79603.41233414
1779379200,2026-05-21 16:00:00,1.249,1.261,1.258,1.255,21468.43844884
1779382800,2026-05-21 17:00:00,1.253,1.284,1.256,1.28,190608.00422994
1779386400,2026-05-21 18:00:00,1.273,1.291,1.279,1.28,89473.26327076
1779390000,2026-05-21 19:00:00,1.278,1.302,1.28,1.299,61680.27467647
1779393600,2026-05-21 20:00:00,1.294,1.308,1.3,1.295,31175.71467592
1779397200,2026-05-21 21:00:00,1.294,1.304,1.295,1.298,100851.45344957
1779400800,2026-05-21 22:00:00,1.293,1.302,1.299,1.295,26525.12673645
1779404400,2026-05-21 23:00:00,1.286,1.296,1.294,1.291,29676.82777455
1779408000,2026-05-22 00:00:00,1.282,1.292,1.291,1.285,33770.53725868
1779411600,2026-05-22 01:00:00,1.283,1.294,1.284,1.292,47855.79801998
1779415200,2026-05-22 02:00:00,1.293,1.308,1.293,1.302,48471.38930272
1779418800,2026-05-22 03:00:00,1.303,1.319,1.303,1.319,122869.62202966
1779422400,2026-05-22 04:00:00,1.311,1.331,1.319,1.318,83411.30527212
1779426000,2026-05-22 05:00:00,1.316,1.332,1.317,1.321,64739.85041933
1779429600,2026-05-22 06:00:00,1.31,1.322,1.321,1.315,49141.932959
1779433200,2026-05-22 07:00:00,1.305,1.325,1.314,1.314,112129.4581377
1779436800,2026-05-22 08:00:00,1.315,1.334,1.315,1.321,58479.2125315
1779440400,2026-05-22 09:00:00,1.318,1.334,1.323,1.318,66766.96600591
1779444000,2026-05-22 10:00:00,1.314,1.327,1.321,1.324,30907.49806926
1779447600,2026-05-22 11:00:00,1.319,1.336,1.325,1.331,39501.64056224
1779451200,2026-05-22 12:00:00,1.325,1.344,1.33,1.344,59972.7881145
1779454800,2026-05-22 13:00:00,1.325,1.345,1.344,1.333,149858.13886073
1779458400,2026-05-22 14:00:00,1.309,1.332,1.332,1.312,103969.48930238
1779462000,2026-05-22 15:00:00,1.304,1.319,1.31,1.315,105715.01720111
1779465600,2026-05-22 16:00:00,1.309,1.32,1.319,1.318,33332.735563
1779469200,2026-05-22 17:00:00,1.311,1.322,1.318,1.312,30190.56800648
1779472800,2026-05-22 18:00:00,1.279,1.311,1.31,1.292,112093.86910112
1779476400,2026-05-22 19:00:00,1.265,1.294,1.291,1.278,182811.54902544
1779480000,2026-05-22 20:00:00,1.275,1.286,1.278,1.286,79164.19065142
1779483600,2026-05-22 21:00:00,1.284,1.29,1.287,1.285,40586.27549506
1779487200,2026-05-22 22:00:00,1.274,1.287,1.285,1.279,77535.97535316
1779490800,2026-05-22 23:00:00,1.249,1.281,1.279,1.257,217499.3839597
1779494400,2026-05-23 00:00:00,1.247,1.258,1.257,1.258,102752.09471187
1779498000,2026-05-23 01:00:00,1.251,1.261,1.259,1.255,32876.07248328
1779501600,2026-05-23 02:00:00,1.252,1.26,1.255,1.26,23675.22970363
1779505200,2026-05-23 03:00:00,1.259,1.264,1.259,1.26,5712.10377335
1779508800,2026-05-23 04:00:00,1.25,1.26,1.259,1.25,15594.56442943
1779512400,2026-05-23 05:00:00,1.243,1.252,1.249,1.246,8939.62777535
1779516000,2026-05-23 06:00:00,1.241,1.246,1.246,1.244,7999.39693135
1779519600,2026-05-23 07:00:00,1.199,1.245,1.245,1.21,275441.98102189
1779523200,2026-05-23 08:00:00,1.203,1.217,1.211,1.215,52164.46805419
1779526800,2026-05-23 09:00:00,1.21,1.217,1.215,1.212,16129.1015949
1779530400,2026-05-23 10:00:00,1.212,1.216,1.213,1.214,61564.68154503
1779534000,2026-05-23 11:00:00,1.214,1.22,1.214,1.214,18777.10028767
1779537600,2026-05-23 12:00:00,1.211,1.223,1.214,1.223,69752.26620325
1779541200,2026-05-23 13:00:00,1.223,1.234,1.223,1.23,64430.68993778
1779544800,2026-05-23 14:00:00,1.227,1.242,1.228,1.238,44959.64645326
1779548400,2026-05-23 15:00:00,1.236,1.246,1.238,1.242,22384.67841978
1779552000,2026-05-23 16:00:00,1.237,1.248,1.242,1.248,31975.78562101
1779555600,2026-05-23 17:00:00,1.243,1.252,1.248,1.246,45425.28651059
1779559200,2026-05-23 18:00:00,1.245,1.283,1.246,1.274,84821.77201538
1779562800,2026-05-23 19:00:00,1.268,1.277,1.274,1.27,30287.42543758
1779566400,2026-05-23 20:00:00,1.268,1.325,1.269,1.324,164535.02595814
1779570000,2026-05-23 21:00:00,1.302,1.336,1.325,1.31,144645.4888683
1779573600,2026-05-23 22:00:00,1.288,1.318,1.31,1.297,111644.72626233
1779577200,2026-05-23 23:00:00,1.286,1.298,1.296,1.295,64239.91164172
1779580800,2026-05-24 00:00:00,1.286,1.296,1.296,1.292,30737.73186317
1779584400,2026-05-24 01:00:00,1.289,1.295,1.293,1.294,7999.62630076
1779588000,2026-05-24 02:00:00,1.283,1.293,1.293,1.288,14335.10120082
1779591600,2026-05-24 03:00:00,1.28,1.291,1.288,1.283,98245.13993095
1779595200,2026-05-24 04:00:00,1.279,1.287,1.285,1.281,35722.34612078
1779598800,2026-05-24 05:00:00,1.272,1.28,1.28,1.277,15773.82406401
1779602400,2026-05-24 06:00:00,1.269,1.28,1.278,1.277,22788.27666492
1779606000,2026-05-24 07:00:00,1.272,1.277,1.276,1.276,11883.14850236
1779609600,2026-05-24 08:00:00,1.273,1.281,1.276,1.28,12335.07343327
1779613200,2026-05-24 09:00:00,1.278,1.284,1.278,1.282,30386.05285755
1779616800,2026-05-24 10:00:00,1.275,1.286,1.281,1.276,29400.95032513
1779620400,2026-05-24 11:00:00,1.274,1.279,1.277,1.277,12160.22597566
1779624000,2026-05-24 12:00:00,1.268,1.278,1.277,1.274,61797.32665912
1779627600,2026-05-24 13:00:00,1.26,1.275,1.275,1.265,75336.18308055
1779631200,2026-05-24 14:00:00,1.246,1.267,1.265,1.26,179611.688033
1779634800,2026-05-24 15:00:00,1.258,1.261,1.26,1.259,18558.76879687
1779638400,2026-05-24 16:00:00,1.257,1.265,1.26,1.259,14383.39734813
1779642000,2026-05-24 17:00:00,1.258,1.264,1.26,1.26,20233.47921937
1779645600,2026-05-24 18:00:00,1.254,1.262,1.26,1.257,8340.38464508
1779649200,2026-05-24 19:00:00,1.253,1.257,1.257,1.255,26220.42174842
1779652800,2026-05-24 20:00:00,1.246,1.254,1.254,1.249,20690.39228818
1779656400,2026-05-24 21:00:00,1.227,1.252,1.249,1.234,119819.38971516
1779660000,2026-05-24 22:00:00,1.23,1.249,1.233,1.238,90211.02228345
1779663600,2026-05-24 23:00:00,1.238,1.247,1.238,1.245,42682.39093279
1779667200,2026-05-25 00:00:00,1.245,1.256,1.245,1.251,90626.19135682
1779670800,2026-05-25 01:00:00,1.238,1.253,1.25,1.24,24968.46572041
1779674400,2026-05-25 02:00:00,1.24,1.252,1.24,1.244,18380.27945284
1779678000,2026-05-25 03:00:00,1.239,1.245,1.245,1.242,10785.84438692
1779681600,2026-05-25 04:00:00,1.24,1.257,1.243,1.255,11654.84860197
1779685200,2026-05-25 05:00:00,1.255,1.264,1.255,1.263,12109.53027844
1779688800,2026-05-25 06:00:00,1.253,1.266,1.263,1.266,15918.10544105
1779692400,2026-05-25 07:00:00,1.258,1.269,1.266,1.262,18834.44797398
1779696000,2026-05-25 08:00:00,1.258,1.266,1.262,1.265,15920.87571645
1779699600,2026-05-25 09:00:00,1.259,1.267,1.265,1.265,33374.91551195
1779703200,2026-05-25 10:00:00,1.265,1.271,1.265,1.266,51217.4000017
1779706800,2026-05-25 11:00:00,1.255,1.266,1.266,1.255,15856.30870095
1779710400,2026-05-25 12:00:00,1.251,1.262,1.254,1.257,25846.59856024
1779714000,2026-05-25 13:00:00,1.257,1.268,1.257,1.268,13887.34483031
1779717600,2026-05-25 14:00:00,1.267,1.281,1.267,1.275,90709.36169678
1779721200,2026-05-25 15:00:00,1.274,1.284,1.275,1.282,86091.65663222
1779724800,2026-05-25 16:00:00,1.278,1.287,1.283,1.282,38686.50253325
1779728400,2026-05-25 17:00:00,1.282,1.289,1.283,1.289,33249.67571073
1779732000,2026-05-25 18:00:00,1.276,1.294,1.29,1.277,47614.56276969
1779735600,2026-05-25 19:00:00,1.269,1.283,1.277,1.278,41079.72968109
1779739200,2026-05-25 20:00:00,1.266,1.284,1.276,1.271,51644.96787537
1779742800,2026-05-25 21:00:00,1.271,1.277,1.272,1.275,19021.46462674
1779746400,2026-05-25 22:00:00,1.255,1.274,1.273,1.255,95349.69892405
1779750000,2026-05-25 23:00:00,1.255,1.264,1.255,1.26,43347.02710972
1779753600,2026-05-26 00:00:00,1.242,1.26,1.26,1.247,24734.17352742
1779757200,2026-05-26 01:00:00,1.235,1.247,1.246,1.239,40941.7544199
1779760800,2026-05-26 02:00:00,1.234,1.24,1.239,1.238,19077.9514916
1779764400,2026-05-26 03:00:00,1.234,1.242,1.238,1.242,54442.91185783
1779768000,2026-05-26 04:00:00,1.237,1.251,1.243,1.247,18224.57095608
1779771600,2026-05-26 05:00:00,1.245,1.26,1.247,1.253,55777.9648469
1779775200,2026-05-26 06:00:00,1.246,1.259,1.254,1.258,22876.99326844
1779778800,2026-05-26 07:00:00,1.243,1.258,1.258,1.251,34795.87815529
1779782400,2026-05-26 08:00:00,1.252,1.259,1.252,1.255,18989.8949537
1779786000,2026-05-26 09:00:00,1.253,1.261,1.256,1.261,19714.22829273
1779789600,2026-05-26 10:00:00,1.258,1.291,1.261,1.287,81822.24822085
1779793200,2026-05-26 11:00:00,1.273,1.287,1.286,1.276,80034.16239749
1779796800,2026-05-26 12:00:00,1.272,1.282,1.278,1.277,33643.9570934
1779800400,2026-05-26 13:00:00,1.265,1.281,1.278,1.279,31120.91990421
1779804000,2026-05-26 14:00:00,1.279,1.307,1.28,1.291,262261.84944482
1779807600,2026-05-26 15:00:00,1.258,1.291,1.29,1.27,310746.73754827
1779811200,2026-05-26 16:00:00,1.259,1.271,1.269,1.265,61877.02453029
1779814800,2026-05-26 17:00:00,1.242,1.269,1.265,1.25,67653.27642227
1779818400,2026-05-26 18:00:00,1.242,1.261,1.25,1.245,53429.65241574
1779822000,2026-05-26 19:00:00,1.237,1.251,1.245,1.247,40587.92721219
1779825600,2026-05-26 20:00:00,1.244,1.251,1.248,1.251,15682.24991202
1779829200,2026-05-26 21:00:00,1.241,1.253,1.251,1.245,33734.72421934
1779832800,2026-05-26 22:00:00,1.242,1.252,1.245,1.246,18726.77523517
1779836400,2026-05-26 23:00:00,1.246,1.253,1.247,1.248,73119.74390735
1779840000,2026-05-27 00:00:00,1.249,1.261,1.249,1.26,83197.95643304
1779843600,2026-05-27 01:00:00,1.251,1.261,1.26,1.253,25822.37985402
1779847200,2026-05-27 02:00:00,1.245,1.254,1.253,1.254,13363.81115195
1779850800,2026-05-27 03:00:00,1.249,1.261,1.253,1.25,47958.56367692
1779854400,2026-05-27 04:00:00,1.232,1.253,1.25,1.253,148785.30629682
1779858000,2026-05-27 05:00:00,1.248,1.263,1.252,1.263,19738.11150649
1779861600,2026-05-27 06:00:00,1.261,1.272,1.261,1.272,35400.46695886
1779865200,2026-05-27 07:00:00,1.261,1.272,1.272,1.268,66229.41133899
1779868800,2026-05-27 08:00:00,1.26,1.276,1.268,1.264,36076.9601116
1779872400,2026-05-27 09:00:00,1.254,1.263,1.263,1.255,31610.62789466
1779876000,2026-05-27 10:00:00,1.252,1.261,1.256,1.257,15054.55030452
1779879600,2026-05-27 11:00:00,1.254,1.266,1.257,1.255,36543.83516011
1779883200,2026-05-27 12:00:00,1.25,1.272,1.254,1.266,54352.70459137
1779886800,2026-05-27 13:00:00,1.24,1.265,1.265,1.253,40214.32878397
1779890400,2026-05-27 14:00:00,1.241,1.259,1.254,1.252,119394.28684473
1779894000,2026-05-27 15:00:00,1.251,1.276,1.251,1.268,50180.63828169
1779897600,2026-05-27 16:00:00,1.253,1.272,1.268,1.261,84668.41794458
1779901200,2026-05-27 17:00:00,1.241,1.26,1.26,1.243,32958.61489605
1779904800,2026-05-27 18:00:00,1.236,1.258,1.242,1.256,72845.50278386
1779908400,2026-05-27 19:00:00,1.255,1.263,1.257,1.256,51236.06490018
1779912000,2026-05-27 20:00:00,1.25,1.26,1.257,1.258,39238.9533737
1779915600,2026-05-27 21:00:00,1.223,1.259,1.257,1.231,140717.04770341
1779919200,2026-05-27 22:00:00,1.227,1.239,1.23,1.228,125888.93428895
1779922800,2026-05-27 23:00:00,1.222,1.23,1.227,1.228,66414.77608297
1779926400,2026-05-28 00:00:00,1.225,1.232,1.23,1.232,86803.20292534
1779930000,2026-05-28 01:00:00,1.217,1.234,1.232,1.228,130998.94542189
1779933600,2026-05-28 02:00:00,1.225,1.232,1.228,1.226,102716.67108541
1779937200,2026-05-28 03:00:00,1.193,1.227,1.227,1.196,252936.07212713
1779940800,2026-05-28 04:00:00,1.176,1.196,1.195,1.188,161206.94067017
1779944400,2026-05-28 05:00:00,1.175,1.188,1.188,1.183,73394.90364561
1779948000,2026-05-28 06:00:00,1.18,1.19,1.182,1.187,31904.35189971
1779951600,2026-05-28 07:00:00,1.184,1.194,1.185,1.192,13965.50630989
1779955200,2026-05-28 08:00:00,1.188,1.194,1.191,1.19,16479.40530234
1779958800,2026-05-28 09:00:00,1.188,1.2,1.189,1.198,26792.73506545
1779962400,2026-05-28 10:00:00,1.184,1.203,1.197,1.184,43904.5349283
1779966000,2026-05-28 11:00:00,1.183,1.189,1.184,1.187,69033.09789357
1779969600,2026-05-28 12:00:00,1.181,1.198,1.188,1.198,67475.68403018
1779973200,2026-05-28 13:00:00,1.19,1.204,1.198,1.199,127289.69795982
1779976800,2026-05-28 14:00:00,1.183,1.208,1.198,1.194,110425.89032797
1779980400,2026-05-28 15:00:00,1.184,1.199,1.195,1.193,49846.69128656
1779984000,2026-05-28 16:00:00,1.186,1.209,1.193,1.205,54241.08192715
1779987600,2026-05-28 17:00:00,1.202,1.214,1.206,1.212,61458.66520848
1779991200,2026-05-28 18:00:00,1.212,1.227,1.212,1.221,63552.20629917
1779994800,2026-05-28 19:00:00,1.213,1.225,1.22,1.217,43727.27276812
1779998400,2026-05-28 20:00:00,1.207,1.222,1.216,1.216,39898.65956648
1780002000,2026-05-28 21:00:00,1.215,1.23,1.217,1.221,140333.37201431
1780005600,2026-05-28 22:00:00,1.207,1.224,1.222,1.211,32334.41615974
1780009200,2026-05-28 23:00:00,1.209,1.216,1.211,1.211,13888.87755888
1780012800,2026-05-29 00:00:00,1.211,1.221,1.211,1.218,42821.26030965
1780016400,2026-05-29 01:00:00,1.214,1.224,1.219,1.217,75158.53334884
1780020000,2026-05-29 02:00:00,1.2,1.22,1.216,1.202,28304.20639954
1780023600,2026-05-29 03:00:00,1.201,1.211,1.202,1.203,21491.84979667
1780027200,2026-05-29 04:00:00,1.194,1.209,1.203,1.209,14707.79088742
1780030800,2026-05-29 05:00:00,1.204,1.212,1.209,1.21,21056.12157231
1780034400,2026-05-29 06:00:00,1.209,1.219,1.21,1.211,27716.09640565
1780038000,2026-05-29 07:00:00,1.2,1.219,1.211,1.207,27261.14259421
1780041600,2026-05-29 08:00:00,1.206,1.215,1.209,1.209,19275.24488942
1780045200,2026-05-29 09:00:00,1.209,1.219,1.21,1.215,50320.82735847
1780048800,2026-05-29 10:00:00,1.205,1.214,1.214,1.207,27165.48713881
1780052400,2026-05-29 11:00:00,1.195,1.208,1.206,1.2,21887.3576644
1780056000,2026-05-29 12:00:00,1.191,1.2,1.2,1.193,27226.33694646
1780059600,2026-05-29 13:00:00,1.186,1.195,1.193,1.191,197079.8608892
1780063200,2026-05-29 14:00:00,1.176,1.198,1.192,1.193,158891.10171723
1780066800,2026-05-29 15:00:00,1.192,1.231,1.193,1.219,108803.77830712
1780070400,2026-05-29 16:00:00,1.209,1.224,1.219,1.222,108107.96531333
1780074000,2026-05-29 17:00:00,1.217,1.23,1.221,1.22,63827.81403138
1780077600,2026-05-29 18:00:00,1.197,1.223,1.22,1.201,58120.36943186
1780081200,2026-05-29 19:00:00,1.185,1.202,1.202,1.19,618361.01213698
1780084800,2026-05-29 20:00:00,1.187,1.195,1.19,1.191,117026.08904254
1780088400,2026-05-29 21:00:00,1.181,1.198,1.191,1.183,136316.17401208
1780092000,2026-05-29 22:00:00,1.181,1.191,1.183,1.188,57614.01824994
1780095600,2026-05-29 23:00:00,1.186,1.193,1.189,1.193,36582.81029427
1780099200,2026-05-30 00:00:00,1.19,1.198,1.193,1.197,172262.62545475
1780102800,2026-05-30 01:00:00,1.196,1.209,1.197,1.208,199168.79434908
1780106400,2026-05-30 02:00:00,1.209,1.217,1.209,1.215,47599.69097522
1780110000,2026-05-30 03:00:00,1.204,1.218,1.217,1.208,48288.92656325
1780113600,2026-05-30 04:00:00,1.185,1.211,1.208,1.196,136329.2221934
1780117200,2026-05-30 05:00:00,1.194,1.204,1.196,1.202,111236.8763623
1780120800,2026-05-30 06:00:00,1.194,1.202,1.202,1.194,35301.69273269
1780124400,2026-05-30 07:00:00,1.193,1.197,1.194,1.195,16028.01812147
1780128000,2026-05-30 08:00:00,1.191,1.195,1.195,1.191,16389.64812431
1780131600,2026-05-30 09:00:00,1.19,1.199,1.192,1.195,64435.3100799
1780135200,2026-05-30 10:00:00,1.193,1.197,1.195,1.193,13429.86427804
1780138800,2026-05-30 11:00:00,1.189,1.197,1.193,1.194,11535.79867187
1780142400,2026-05-30 12:00:00,1.193,1.197,1.195,1.196,10468.96220282
1780146000,2026-05-30 13:00:00,1.189,1.197,1.196,1.193,59152.3661763
1780149600,2026-05-30 14:00:00,1.191,1.198,1.193,1.196,43727.55862997
1780153200,2026-05-30 15:00:00,1.189,1.198,1.197,1.193,128815.84031635
1780156800,2026-05-30 16:00:00,1.191,1.198,1.193,1.198,32271.46258646
1780160400,2026-05-30 17:00:00,1.189,1.198,1.198,1.195,40992.55190091
1780164000,2026-05-30 18:00:00,1.193,1.198,1.196,1.197,14469.17050021
1780167600,2026-05-30 19:00:00,1.191,1.198,1.196,1.194,22161.05234341
1780171200,2026-05-30 20:00:00,1.194,1.197,1.195,1.197,19481.64082606
1780174800,2026-05-30 21:00:00,1.195,1.202,1.197,1.196,21175.84882389
1780178400,2026-05-30 22:00:00,1.182,1.195,1.195,1.186,78050.34285538
1780182000,2026-05-30 23:00:00,1.183,1.19,1.185,1.188,52193.00148563
1780185600,2026-05-31 00:00:00,1.185,1.193,1.188,1.192,20824.63001805
1780189200,2026-05-31 01:00:00,1.189,1.194,1.192,1.192,18546.56099235
1780192800,2026-05-31 02:00:00,1.187,1.198,1.191,1.194,21716.03422855
1780196400,2026-05-31 03:00:00,1.192,1.197,1.194,1.196,21760.34007305
1780200000,2026-05-31 04:00:00,1.194,1.201,1.196,1.2,30232.12718538
1780203600,2026-05-31 05:00:00,1.191,1.201,1.2,1.192,16025.99402564
1780207200,2026-05-31 06:00:00,1.189,1.193,1.193,1.189,5215.75859321
1780210800,2026-05-31 07:00:00,1.183,1.19,1.19,1.189,22849.73485655
1780214400,2026-05-31 08:00:00,1.187,1.191,1.19,1.189,9043.0048296
1780218000,2026-05-31 09:00:00,1.187,1.196,1.189,1.188,13975.63216502
1780221600,2026-05-31 10:00:00,1.181,1.189,1.187,1.189,34721.16885931
1780225200,2026-05-31 11:00:00,1.19,1.194,1.19,1.19,12663.4869655
1780228800,2026-05-31 12:00:00,1.188,1.195,1.191,1.193,27977.49968957
1780232400,2026-05-31 13:00:00,1.185,1.196,1.193,1.186,21527.29862283
1780236000,2026-05-31 14:00:00,1.166,1.187,1.185,1.171,246223.19342492
1780239600,2026-05-31 15:00:00,1.17,1.181,1.171,1.172,56004.50487632
1780243200,2026-05-31 16:00:00,1.162,1.173,1.173,1.164,41811.96579305
1780246800,2026-05-31 17:00:00,1.158,1.168,1.164,1.166,59233.77782318
1780250400,2026-05-31 18:00:00,1.161,1.166,1.166,1.166,17173.70532243
1780254000,2026-05-31 19:00:00,1.156,1.166,1.166,1.164,34649.74832958
1780257600,2026-05-31 20:00:00,1.165,1.175,1.166,1.173,36963.95211865
1780261200,2026-05-31 21:00:00,1.172,1.185,1.173,1.183,42985.87364237
1780264800,2026-05-31 22:00:00,1.176,1.189,1.185,1.188,41108.01605829
1780268400,2026-05-31 23:00:00,1.178,1.195,1.188,1.185,76459.2829663
1780272000,2026-06-01 00:00:00,1.185,1.197,1.186,1.194,54250.27669881
1780275600,2026-06-01 01:00:00,1.172,1.195,1.195,1.172,18439.1791746
1780279200,2026-06-01 02:00:00,1.171,1.2,1.172,1.198,33744.22841166
1780282800,2026-06-01 03:00:00,1.194,1.205,1.197,1.198,63668.17315615
1780286400,2026-06-01 04:00:00,1.182,1.203,1.198,1.187,41189.93213648
1780290000,2026-06-01 05:00:00,1.18,1.19,1.186,1.182,50136.02020615
1780293600,2026-06-01 06:00:00,1.164,1.181,1.181,1.172,102359.1591321
1780297200,2026-06-01 07:00:00,1.162,1.174,1.172,1.164,17029.09073656
1780300800,2026-06-01 08:00:00,1.158,1.167,1.163,1.166,111626.297511
1780304400,2026-06-01 09:00:00,1.166,1.173,1.167,1.171,30562.12891363
1780308000,2026-06-01 10:00:00,1.164,1.171,1.171,1.168,40296.21880242
1780311600,2026-06-01 11:00:00,1.153,1.172,1.169,1.156,60401.93167234
1780315200,2026-06-01 12:00:00,1.145,1.161,1.157,1.154,113467.49308389
1780318800,2026-06-01 13:00:00,1.133,1.155,1.154,1.142,157864.77831078
1780322400,2026-06-01 14:00:00,1.128,1.144,1.141,1.135,267491.94473914
1780326000,2026-06-01 15:00:00,1.125,1.14,1.135,1.131,77245.20315555
1780329600,2026-06-01 16:00:00,1.123,1.145,1.131,1.145,87673.66772784
1780333200,2026-06-01 17:00:00,1.142,1.164,1.144,1.156,188377.3002017
1780336800,2026-06-01 18:00:00,1.151,1.166,1.155,1.157,64875.76856515
1780340400,2026-06-01 19:00:00,1.154,1.167,1.157,1.166,16704.30169795
1780344000,2026-06-01 20:00:00,1.159,1.167,1.167,1.161,14107.47064235
1780347600,2026-06-01 21:00:00,1.148,1.16,1.16,1.15,40323.79758428
1780351200,2026-06-01 22:00:00,1.144,1.162,1.15,1.16,82690.18859473
1780354800,2026-06-01 23:00:00,1.154,1.163,1.16,1.158,35224.53483484
1780358400,2026-06-02 00:00:00,1.15,1.159,1.158,1.151,23072.94038235
1780362000,2026-06-02 01:00:00,1.138,1.154,1.151,1.138,62820.75597999
1780365600,2026-06-02 02:00:00,1.127,1.146,1.138,1.146,85663.98441271
1780369200,2026-06-02 03:00:00,1.143,1.153,1.147,1.152,45933.25413825
1780372800,2026-06-02 04:00:00,1.139,1.155,1.153,1.139,31354.86686159
1780376400,2026-06-02 05:00:00,1.129,1.14,1.139,1.129,37977.23725904
1780380000,2026-06-02 06:00:00,1.124,1.133,1.13,1.132,59888.73317887
1780383600,2026-06-02 07:00:00,1.121,1.134,1.132,1.128,58157.80088383
1780387200,2026-06-02 08:00:00,1.127,1.134,1.127,1.133,56423.70154523
1780390800,2026-06-02 09:00:00,1.127,1.135,1.132,1.131,50172.22037531
1780394400,2026-06-02 10:00:00,1.128,1.144,1.13,1.144,25960.94926926
1780398000,2026-06-02 11:00:00,1.131,1.144,1.141,1.134,54028.44535087
1780401600,2026-06-02 12:00:00,1.132,1.141,1.133,1.138,38230.59327427
1780405200,2026-06-02 13:00:00,1.134,1.14,1.139,1.135,29394.28625444
1780408800,2026-06-02 14:00:00,1.102,1.135,1.133,1.12,807308.64341341
1780412400,2026-06-02 15:00:00,1.082,1.12,1.12,1.095,276924.82639635
1780416000,2026-06-02 16:00:00,1.092,1.118,1.093,1.107,129363.9220287
1780419600,2026-06-02 17:00:00,1.107,1.12,1.107,1.114,72552.36998913
1780423200,2026-06-02 18:00:00,1.097,1.118,1.113,1.103,67470.56030325
1780426800,2026-06-02 19:00:00,1.077,1.107,1.103,1.102,127031.36718991
1780430400,2026-06-02 20:00:00,1.089,1.107,1.101,1.103,92922.71167987
1780434000,2026-06-02 21:00:00,1.095,1.111,1.104,1.099,52906.90326447
1780437600,2026-06-02 22:00:00,1.07,1.1,1.098,1.074,155028.74509699
1780441200,2026-06-02 23:00:00,1.055,1.081,1.075,1.077,560778.95159937
1780444800,2026-06-03 00:00:00,1.076,1.088,1.078,1.081,177584.95374579
1780448400,2026-06-03 01:00:00,1.077,1.089,1.081,1.085,85564.35978174
1780452000,2026-06-03 02:00:00,1.078,1.086,1.084,1.085,69630.2475659
1780455600,2026-06-03 03:00:00,1.055,1.087,1.086,1.063,144840.89220498
1780459200,2026-06-03 04:00:00,1.064,1.088,1.064,1.088,78928.40239518
1780462800,2026-06-03 05:00:00,1.089,1.104,1.089,1.101,79769.17400871
1780466400,2026-06-03 06:00:00,1.101,1.112,1.102,1.105,73076.34213083
1780470000,2026-06-03 07:00:00,1.102,1.115,1.104,1.112,36632.19045757
1780473600,2026-06-03 08:00:00,1.107,1.116,1.112,1.113,70515.1099299
1780477200,2026-06-03 09:00:00,1.104,1.114,1.113,1.108,50821.14671191
1780480800,2026-06-03 10:00:00,1.108,1.127,1.108,1.127,28850.76229177
1780484400,2026-06-03 11:00:00,1.114,1.13,1.126,1.116,59467.75031369
1780488000,2026-06-03 12:00:00,1.107,1.12,1.116,1.12,62583.45403487
1780491600,2026-06-03 13:00:00,1.114,1.125,1.121,1.119,41829.31775733
1780495200,2026-06-03 14:00:00,1.111,1.125,1.118,1.125,60817.03001727
1780498800,2026-06-03 15:00:00,1.11,1.126,1.126,1.11,65844.18577622
1780502400,2026-06-03 16:00:00,1.089,1.111,1.11,1.1,74974.89166039
1780506000,2026-06-03 17:00:00,1.087,1.111,1.1,1.107,53530.65653671
1780509600,2026-06-03 18:00:00,1.1,1.113,1.107,1.112,23442.33051499
1780513200,2026-06-03 19:00:00,1.094,1.115,1.113,1.094,97745.65263322
1780516800,2026-06-03 20:00:00,1.078,1.104,1.093,1.082,155879.98551482
1780520400,2026-06-03 21:00:00,1.081,1.121,1.082,1.12,108062.75450347
1780524000,2026-06-03 22:00:00,1.106,1.122,1.118,1.11,40399.11718161
1780527600,2026-06-03 23:00:00,1.097,1.112,1.111,1.103,60670.49469155
1780531200,2026-06-04 00:00:00,1.086,1.115,1.102,1.093,85562.07859259
1780534800,2026-06-04 01:00:00,1.054,1.1,1.095,1.058,226630.18439118
1780538400,2026-06-04 02:00:00,1.008,1.067,1.057,1.057,1180237.58194125
1780542000,2026-06-04 03:00:00,1.057,1.086,1.058,1.08,131406.51543743
1780545600,2026-06-04 04:00:00,1.069,1.085,1.079,1.069,68790.28487701
1780549200,2026-06-04 05:00:00,1.048,1.068,1.068,1.055,97630.06786386
1780552800,2026-06-04 06:00:00,1.054,1.072,1.055,1.064,45487.06893665
1780556400,2026-06-04 07:00:00,1.047,1.064,1.064,1.047,98942.46924923
1780560000,2026-06-04 08:00:00,1.036,1.053,1.046,1.044,172277.82460724
1780563600,2026-06-04 09:00:00,1.011,1.044,1.043,1.028,129386.90076939
1780567200,2026-06-04 10:00:00,1.01,1.029,1.027,1.015,121791.07862824
1780570800,2026-06-04 11:00:00,1.009,1.028,1.015,1.028,93317.87542293
1780574400,2026-06-04 12:00:00,1.021,1.053,1.029,1.05,103505.96038605
1780578000,2026-06-04 13:00:00,1.033,1.055,1.051,1.054,61284.07998331
1780581600,2026-06-04 14:00:00,1.043,1.057,1.055,1.05,58825.08394251
1780585200,2026-06-04 15:00:00,1.049,1.065,1.051,1.063,70748.08181008
1780588800,2026-06-04 16:00:00,1.055,1.069,1.063,1.065,55892.27606272
1780592400,2026-06-04 17:00:00,1.046,1.071,1.064,1.056,158314.36127356
1780596000,2026-06-04 18:00:00,1.047,1.069,1.057,1.063,82314.09029943
1780599600,2026-06-04 19:00:00,1.054,1.067,1.063,1.058,45957.80588658
1780603200,2026-06-04 20:00:00,1.047,1.058,1.058,1.051,70831.62828033
1780606800,2026-06-04 21:00:00,1.025,1.058,1.05,1.025,90775.11725935
1780610400,2026-06-04 22:00:00,1.022,1.037,1.024,1.035,118213.30274614
1780614000,2026-06-04 23:00:00,1.025,1.04,1.034,1.037,86003.12617779
1780617600,2026-06-05 00:00:00,1.029,1.041,1.036,1.031,47977.58771646
1780621200,2026-06-05 01:00:00,1.021,1.04,1.031,1.036,70718.94120764
1780624800,2026-06-05 02:00:00,1.006,1.037,1.037,1.009,105414.18537643
1780628400,2026-06-05 03:00:00,1.003,1.019,1.008,1.003,105200.14200532
1780632000,2026-06-05 04:00:00,1.001,1.026,1.002,1.026,131987.99273989
1780635600,2026-06-05 05:00:00,0.996,1.027,1.027,0.997,193686.30882133
1780639200,2026-06-05 06:00:00,0.944,1.001,0.997,0.973,1014569.44757273
1780642800,2026-06-05 07:00:00,0.956,0.995,0.973,0.993,161120.03944091
1780646400,2026-06-05 08:00:00,0.977,0.993,0.993,0.979,43453.02222313
1780650000,2026-06-05 09:00:00,0.98,1.004,0.98,1.004,171972.97639037
1780653600,2026-06-05 10:00:00,0.994,1.005,1.005,1.001,45498.75700184
1780657200,2026-06-05 11:00:00,0.99,1,1,0.992,122558.14833528
1780660800,2026-06-05 12:00:00,0.979,1,0.993,0.989,136321.03086405
1780664400,2026-06-05 13:00:00,0.962,1.003,0.989,0.965,116515.98021389
1780668000,2026-06-05 14:00:00,0.957,0.985,0.965,0.97,126843.87067064
1780671600,2026-06-05 15:00:00,0.944,0.971,0.971,0.954,269983.48366656
1780675200,2026-06-05 16:00:00,0.932,0.972,0.953,0.97,602303.43492618
1780678800,2026-06-05 17:00:00,0.955,0.973,0.97,0.961,394041.54490888
1780682400,2026-06-05 18:00:00,0.919,0.966,0.961,0.924,169596.92388707
1780686000,2026-06-05 19:00:00,0.911,0.942,0.924,0.936,218249.45052422
1780689600,2026-06-05 20:00:00,0.923,0.956,0.936,0.952,166227.01405668
1780693200,2026-06-05 21:00:00,0.951,0.965,0.953,0.958,155638.93634697
1780696800,2026-06-05 22:00:00,0.947,0.962,0.959,0.958,70198.05535171
1780700400,2026-06-05 23:00:00,0.932,0.963,0.959,0.945,160116.33023735
1780704000,2026-06-06 00:00:00,0.946,0.961,0.946,0.959,128093.23600149
1780707600,2026-06-06 01:00:00,0.945,0.962,0.96,0.946,53724.08355916
1780711200,2026-06-06 02:00:00,0.938,0.952,0.945,0.943,29785.90304002
1780714800,2026-06-06 03:00:00,0.933,0.943,0.942,0.933,48977.07112814
1780718400,2026-06-06 04:00:00,0.888,0.936,0.933,0.897,258639.30801711
1780722000,2026-06-06 05:00:00,0.885,0.929,0.896,0.928,181687.86951271
1780725600,2026-06-06 06:00:00,0.925,0.94,0.928,0.925,85925.94736493
1780729200,2026-06-06 07:00:00,0.924,0.945,0.925,0.944,105138.31601687
1780732800,2026-06-06 08:00:00,0.941,0.955,0.944,0.954,83728.71562912
1780736400,2026-06-06 09:00:00,0.94,0.96,0.955,0.942,56979.27564787
1780740000,2026-06-06 10:00:00,0.927,0.941,0.941,0.936,80880.59565673
1780743600,2026-06-06 11:00:00,0.936,0.947,0.936,0.945,36284.23081355
1780747200,2026-06-06 12:00:00,0.941,0.959,0.946,0.954,46541.48782433
1780750800,2026-06-06 13:00:00,0.95,0.959,0.954,0.952,39167.94761893
1780754400,2026-06-06 14:00:00,0.951,0.96,0.951,0.953,33590.15768759
1780758000,2026-06-06 15:00:00,0.932,0.954,0.954,0.937,70969.55929328
1780761600,2026-06-06 16:00:00,0.932,0.944,0.937,0.942,61882.39993936
1780765200,2026-06-06 17:00:00,0.928,0.942,0.942,0.93,47885.11033209
1780768800,2026-06-06 18:00:00,0.929,0.938,0.931,0.933,37634.01817086
1780772400,2026-06-06 19:00:00,0.931,0.94,0.933,0.931,12445.43336365
1780776000,2026-06-06 20:00:00,0.929,0.935,0.931,0.935,28662.76327001
1780779600,2026-06-06 21:00:00,0.935,0.943,0.935,0.938,33698.2832495
1780783200,2026-06-06 22:00:00,0.933,0.941,0.938,0.937,15808.9293373
1780786800,2026-06-06 23:00:00,0.936,0.944,0.936,0.942,22265.76410237
1780790400,2026-06-07 00:00:00,0.94,0.946,0.943,0.94,29896.53649923
1780794000,2026-06-07 01:00:00,0.94,0.964,0.941,0.962,69375.03881297
1780797600,2026-06-07 02:00:00,0.95,0.962,0.961,0.954,40575.10603954
1780801200,2026-06-07 03:00:00,0.952,0.959,0.954,0.956,9721.82285234
1780804800,2026-06-07 04:00:00,0.953,0.965,0.955,0.964,66024.90047731
1780808400,2026-06-07 05:00:00,0.961,0.967,0.964,0.963,28578.69658015
1780812000,2026-06-07 06:00:00,0.959,0.972,0.963,0.966,26209.24274416
1780815600,2026-06-07 07:00:00,0.965,0.969,0.966,0.968,41705.49845831
1780819200,2026-06-07 08:00:00,0.964,0.977,0.967,0.977,119126.07543325
1780822800,2026-06-07 09:00:00,0.97,0.981,0.977,0.971,31263.13149735
1780826400,2026-06-07 10:00:00,0.963,0.97,0.97,0.965,11607.90507577
1780830000,2026-06-07 11:00:00,0.963,0.975,0.964,0.971,33916.00397602
1780833600,2026-06-07 12:00:00,0.951,0.972,0.972,0.958,117808.8477282
1780837200,2026-06-07 13:00:00,0.957,0.962,0.957,0.962,11385.50843751
1780840800,2026-06-07 14:00:00,0.96,0.973,0.962,0.967,67230.43263716
1780844400,2026-06-07 15:00:00,0.96,0.968,0.966,0.963,83203.73138764
1780848000,2026-06-07 16:00:00,0.961,0.971,0.964,0.969,48991.16466825
1780851600,2026-06-07 17:00:00,0.965,0.974,0.968,0.968,18917.49919075
1780855200,2026-06-07 18:00:00,0.96,0.971,0.968,0.96,22310.05104688
1780858800,2026-06-07 19:00:00,0.941,0.959,0.959,0.942,144590.59809868
1780862400,2026-06-07 20:00:00,0.942,0.955,0.942,0.953,32002.28182144
1780866000,2026-06-07 21:00:00,0.945,0.955,0.953,0.95,59775.08062123
1780869600,2026-06-07 22:00:00,0.949,1.001,0.951,0.971,261348.42122489
1780873200,2026-06-07 23:00:00,0.968,0.975,0.971,0.973,63297.01710909
1780876800,2026-06-08 00:00:00,0.969,0.983,0.973,0.978,36701.67225907
1780880400,2026-06-08 01:00:00,0.957,0.978,0.978,0.967,107732.30563663
1780884000,2026-06-08 02:00:00,0.965,0.97,0.968,0.968,29354.36198125
1780887600,2026-06-08 03:00:00,0.965,0.974,0.969,0.969,13718.11490353
1780891200,2026-06-08 04:00:00,0.958,0.969,0.969,0.958,20795.02467735
1780894800,2026-06-08 05:00:00,0.951,0.959,0.958,0.957,29190.44457107
1780898400,2026-06-08 06:00:00,0.957,0.965,0.957,0.961,33981.90374308
1780902000,2026-06-08 07:00:00,0.957,0.967,0.961,0.965,20362.93584628
1780905600,2026-06-08 08:00:00,0.959,0.968,0.965,0.962,27668.58571627
1780909200,2026-06-08 09:00:00,0.959,0.969,0.962,0.968,93041.01274805
1780912800,2026-06-08 10:00:00,0.963,0.971,0.969,0.968,83431.31169846
1780916400,2026-06-08 11:00:00,0.966,0.984,0.967,0.98,59370.3261752
1780920000,2026-06-08 12:00:00,0.97,0.985,0.98,0.981,86986.05022972
1780923600,2026-06-08 13:00:00,0.971,0.982,0.982,0.976,79568.07344505
1780927200,2026-06-08 14:00:00,0.972,0.984,0.976,0.982,53597.510104
1780930800,2026-06-08 15:00:00,0.982,0.99,0.983,0.984,74461.30326039
1780934400,2026-06-08 16:00:00,0.98,0.992,0.985,0.981,79667.17711843
1780938000,2026-06-08 17:00:00,0.977,0.99,0.981,0.99,68806.12918983
1780941600,2026-06-08 18:00:00,0.983,0.99,0.989,0.985,32790.85657075
1780945200,2026-06-08 19:00:00,0.985,0.993,0.986,0.989,133569.67767842
1780948800,2026-06-08 20:00:00,0.98,0.99,0.988,0.984,99344.99500115
1780952400,2026-06-08 21:00:00,0.984,0.995,0.985,0.984,128816.27902718
1780956000,2026-06-08 22:00:00,0.978,0.985,0.984,0.981,62309.47849913
1780959600,2026-06-08 23:00:00,0.972,0.984,0.981,0.975,62466.88895007
1780963200,2026-06-09 00:00:00,0.951,0.975,0.975,0.952,175261.40368192
1780966800,2026-06-09 01:00:00,0.951,0.962,0.953,0.959,148468.06818326
1780970400,2026-06-09 02:00:00,0.952,0.961,0.959,0.958,70146.91451876
1780974000,2026-06-09 03:00:00,0.954,0.96,0.959,0.958,38642.37781557
1780977600,2026-06-09 04:00:00,0.955,0.973,0.958,0.971,130998.99579433
1780981200,2026-06-09 05:00:00,0.968,0.977,0.972,0.975,24380.18824083
1780984800,2026-06-09 06:00:00,0.97,0.977,0.973,0.972,15364.82706322
1780988400,2026-06-09 07:00:00,0.967,0.975,0.972,0.971,62955.29053052
1780992000,2026-06-09 08:00:00,0.965,0.972,0.97,0.968,22610.47753572
1780995600,2026-06-09 09:00:00,0.962,0.971,0.969,0.965,36962.90748408
1780999200,2026-06-09 10:00:00,0.963,0.969,0.966,0.968,26442.94553886
1781002800,2026-06-09 11:00:00,0.961,0.968,0.968,0.967,13552.31757038
1781006400,2026-06-09 12:00:00,0.966,0.973,0.968,0.973,23824.39420619
1781010000,2026-06-09 13:00:00,0.964,0.974,0.971,0.969,47077.3130213
1781013600,2026-06-09 14:00:00,0.945,0.97,0.969,0.954,150034.82999939
1781017200,2026-06-09 15:00:00,0.941,0.958,0.954,0.942,56844.54448233
1781020800,2026-06-09 16:00:00,0.928,0.944,0.942,0.938,103832.14961982
1781024400,2026-06-09 17:00:00,0.938,0.955,0.938,0.953,162452.84175296
1781028000,2026-06-09 18:00:00,0.951,0.961,0.954,0.959,10634.98472398
1781031600,2026-06-09 19:00:00,0.957,0.965,0.958,0.965,26654.47781155
1781035200,2026-06-09 20:00:00,0.963,0.968,0.966,0.967,15215.21550496
1781038800,2026-06-09 21:00:00,0.955,0.967,0.967,0.957,14649.4584588
1781042400,2026-06-09 22:00:00,0.954,0.96,0.957,0.955,52772.28211198
1781046000,2026-06-09 23:00:00,0.954,0.96,0.954,0.956,15629.96126183
1781049600,2026-06-10 00:00:00,0.953,0.962,0.957,0.962,12445.77969012
1781053200,2026-06-10 01:00:00,0.956,0.964,0.962,0.958,23246.5351264
1781056800,2026-06-10 02:00:00,0.944,0.959,0.958,0.947,175716.42539924
1781060400,2026-06-10 03:00:00,0.947,0.954,0.947,0.95,92109.33696452
1781064000,2026-06-10 04:00:00,0.942,0.95,0.95,0.943,31078.40976811
1781067600,2026-06-10 05:00:00,0.939,0.944,0.943,0.941,8550.98036137
1781071200,2026-06-10 06:00:00,0.938,0.944,0.941,0.942,46558.56330114
1781074800,2026-06-10 07:00:00,0.942,0.949,0.942,0.946,18975.49298686
1781078400,2026-06-10 08:00:00,0.935,0.946,0.946,0.937,18411.18461178
1781082000,2026-06-10 09:00:00,0.929,0.939,0.937,0.937,24315.92983057
1781085600,2026-06-10 10:00:00,0.933,0.94,0.937,0.938,8268.37450475
1781089200,2026-06-10 11:00:00,0.925,0.939,0.938,0.928,60879.83626297
1781092800,2026-06-10 12:00:00,0.927,0.949,0.928,0.941,66208.74607665
1781096400,2026-06-10 13:00:00,0.941,0.959,0.943,0.95,100175.71689222
1781100000,2026-06-10 14:00:00,0.941,0.952,0.95,0.946,65057.64992521
1781103600,2026-06-10 15:00:00,0.94,0.953,0.945,0.95,41385.84389181
1781107200,2026-06-10 16:00:00,0.933,0.952,0.95,0.941,34057.02144211
1781110800,2026-06-10 17:00:00,0.924,0.942,0.942,0.93,52759.7499013
1781114400,2026-06-10 18:00:00,0.923,0.932,0.931,0.93,30912.11918784
1781118000,2026-06-10 19:00:00,0.918,0.931,0.931,0.922,42105.39840721
1781121600,2026-06-10 20:00:00,0.912,0.924,0.922,0.915,37400.32814536
1781125200,2026-06-10 21:00:00,0.904,0.916,0.915,0.908,106557.23104804
1781128800,2026-06-10 22:00:00,0.902,0.914,0.908,0.908,56437.01532767
1781132400,2026-06-10 23:00:00,0.906,0.917,0.909,0.916,50437.81839883
1781136000,2026-06-11 00:00:00,0.915,0.926,0.915,0.925,22081.58669998
1781139600,2026-06-11 01:00:00,0.924,0.936,0.924,0.934,17652.08019131
1781143200,2026-06-11 02:00:00,0.924,0.935,0.934,0.929,16429.42083904
1781146800,2026-06-11 03:00:00,0.926,0.95,0.929,0.946,72081.98946197
1781150400,2026-06-11 04:00:00,0.942,0.953,0.947,0.948,45805.50927184
1781154000,2026-06-11 05:00:00,0.943,0.949,0.947,0.943,35754.73709178
1781157600,2026-06-11 06:00:00,0.941,0.95,0.943,0.944,37492.70128879
1781161200,2026-06-11 07:00:00,0.943,0.95,0.944,0.947,15765.9755015
1781164800,2026-06-11 08:00:00,0.947,0.959,0.948,0.954,40512.18165071
1781168400,2026-06-11 09:00:00,0.946,0.954,0.954,0.946,14932.26440157
1781172000,2026-06-11 10:00:00,0.944,0.948,0.945,0.948,14197.34740562
1781175600,2026-06-11 11:00:00,0.946,0.956,0.947,0.952,36834.86371465
1781179200,2026-06-11 12:00:00,0.935,0.952,0.952,0.945,100872.84381188
1781182800,2026-06-11 13:00:00,0.942,0.951,0.944,0.947,56278.50966952
1781186400,2026-06-11 14:00:00,0.941,0.948,0.947,0.944,20971.83583431
1781190000,2026-06-11 15:00:00,0.939,0.947,0.943,0.946,19401.5840475
1781193600,2026-06-11 16:00:00,0.943,0.949,0.946,0.943,52737.87985626
1781197200,2026-06-11 17:00:00,0.94,0.973,0.944,0.969,153739.61130855
1781200800,2026-06-11 18:00:00,0.96,0.973,0.97,0.962,37616.83155783
1781204400,2026-06-11 19:00:00,0.958,0.97,0.962,0.961,79798.01829158
1781208000,2026-06-11 20:00:00,0.955,0.963,0.961,0.958,61986.89089862
1781211600,2026-06-11 21:00:00,0.958,0.965,0.958,0.96,18088.91309793
1781215200,2026-06-11 22:00:00,0.954,0.962,0.96,0.954,13390.68232541
1781218800,2026-06-11 23:00:00,0.948,0.957,0.954,0.95,106415.87083406
1781222400,2026-06-12 00:00:00,0.948,0.954,0.95,0.948,61049.74577694
1781226000,2026-06-12 01:00:00,0.945,0.95,0.948,0.948,28039.34597965
1781229600,2026-06-12 02:00:00,0.947,0.954,0.948,0.949,18567.48295996
1781233200,2026-06-12 03:00:00,0.947,0.954,0.95,0.952,79249.25174017
1781236800,2026-06-12 04:00:00,0.95,0.958,0.952,0.957,49716.63932191
1781240400,2026-06-12 05:00:00,0.949,0.957,0.957,0.95,15470.19758873
1781244000,2026-06-12 06:00:00,0.939,0.951,0.95,0.942,20798.94239557
1781247600,2026-06-12 07:00:00,0.942,0.948,0.943,0.947,27184.87800384
1781251200,2026-06-12 08:00:00,0.945,0.956,0.947,0.956,46425.44313644
1781254800,2026-06-12 09:00:00,0.954,0.966,0.955,0.962,13559.80466994
1781258400,2026-06-12 10:00:00,0.959,0.967,0.962,0.964,71223.12805673
1781262000,2026-06-12 11:00:00,0.964,0.968,0.966,0.966,11920.55015078
1781265600,2026-06-12 12:00:00,0.959,0.97,0.966,0.961,18218.29968721
1781269200,2026-06-12 13:00:00,0.95,0.962,0.962,0.954,61233.20874966
1781272800,2026-06-12 14:00:00,0.954,0.972,0.955,0.972,73100.2498531
1781276400,2026-06-12 15:00:00,0.949,0.974,0.972,0.949,181634.43218839
1781280000,2026-06-12 16:00:00,0.946,0.962,0.949,0.962,58061.43734798
1781283600,2026-06-12 17:00:00,0.958,0.967,0.962,0.959,39821.23734761
1781287200,2026-06-12 18:00:00,0.953,0.96,0.958,0.956,14021.8752663
1781290800,2026-06-12 19:00:00,0.956,0.963,0.956,0.956,17269.30923051
1781294400,2026-06-12 20:00:00,0.955,0.96,0.957,0.956,14077.30391444
1781298000,2026-06-12 21:00:00,0.951,0.959,0.955,0.952,10071.88881049
1781301600,2026-06-12 22:00:00,0.952,0.956,0.953,0.955,24470.61996862
1781305200,2026-06-12 23:00:00,0.952,0.957,0.955,0.957,37435.84714885
1781308800,2026-06-13 00:00:00,0.956,0.963,0.958,0.961,21710.98259584
1781312400,2026-06-13 01:00:00,0.962,0.972,0.962,0.968,62837.56099127
1781316000,2026-06-13 02:00:00,0.964,0.97,0.968,0.967,30070.59165571
1781319600,2026-06-13 03:00:00,0.961,0.969,0.967,0.967,31673.65154618
1781323200,2026-06-13 04:00:00,0.964,0.972,0.966,0.964,13344.78852815
1781326800,2026-06-13 05:00:00,0.962,0.967,0.965,0.967,9633.48252014
1781330400,2026-06-13 06:00:00,0.966,0.981,0.968,0.978,11310.84198626
1781334000,2026-06-13 07:00:00,0.973,0.993,0.978,0.992,60425.91912994
1781337600,2026-06-13 08:00:00,0.982,0.993,0.992,0.983,19645.19550252
1781341200,2026-06-13 09:00:00,0.98,0.984,0.983,0.982,17279.58269593
1781344800,2026-06-13 10:00:00,0.978,0.985,0.983,0.98,23969.67941966
1781348400,2026-06-13 11:00:00,0.979,0.985,0.979,0.985,9021.61769941
1781352000,2026-06-13 12:00:00,0.986,0.994,0.986,0.99,28565.96796808
1781355600,2026-06-13 13:00:00,0.983,0.991,0.989,0.986,42481.3148301
1781359200,2026-06-13 14:00:00,0.983,0.989,0.986,0.988,14116.18284083
1781362800,2026-06-13 15:00:00,0.988,0.994,0.988,0.991,30658.10046571
1781366400,2026-06-13 16:00:00,0.979,0.99,0.989,0.985,48348.11640625
1781370000,2026-06-13 17:00:00,0.979,0.988,0.984,0.981,10855.44191278
1781373600,2026-06-13 18:00:00,0.976,0.984,0.982,0.977,4925.98729257
1781377200,2026-06-13 19:00:00,0.976,0.983,0.978,0.978,40551.545981
1781380800,2026-06-13 20:00:00,0.977,0.98,0.978,0.98,34261.08552446
1781384400,2026-06-13 21:00:00,0.976,0.986,0.979,0.981,11830.63688331
1781388000,2026-06-13 22:00:00,0.98,0.984,0.981,0.98,7855.98604882
1781391600,2026-06-13 23:00:00,0.978,0.983,0.981,0.979,24893.69089504
1781395200,2026-06-14 00:00:00,0.976,0.979,0.979,0.978,16668.43099823
1781398800,2026-06-14 01:00:00,0.977,0.983,0.978,0.98,27349.24404152
1781402400,2026-06-14 02:00:00,0.976,0.984,0.979,0.977,38405.23561692
1781406000,2026-06-14 03:00:00,0.975,0.978,0.977,0.978,13502.86951032
1781409600,2026-06-14 04:00:00,0.968,0.978,0.978,0.97,7799.75206624
1781413200,2026-06-14 05:00:00,0.966,0.971,0.97,0.97,14676.35733386
1781416800,2026-06-14 06:00:00,0.966,0.973,0.971,0.966,7434.1395401
1781420400,2026-06-14 07:00:00,0.964,0.968,0.966,0.966,9108.77531657
1781424000,2026-06-14 08:00:00,0.967,0.971,0.967,0.969,13125.18329383
1781427600,2026-06-14 09:00:00,0.966,0.972,0.969,0.971,6647.66844669
1781431200,2026-06-14 10:00:00,0.968,0.972,0.971,0.968,7001.40152992
1781434800,2026-06-14 11:00:00,0.967,0.969,0.967,0.968,4093.48359948
1781438400,2026-06-14 12:00:00,0.963,0.97,0.968,0.963,7211.24054646
1781442000,2026-06-14 13:00:00,0.959,0.964,0.964,0.961,35393.98484433
1781445600,2026-06-14 14:00:00,0.951,0.962,0.961,0.956,10942.98845542
1781449200,2026-06-14 15:00:00,0.956,0.959,0.956,0.957,7734.11947357
1781452800,2026-06-14 16:00:00,0.956,0.961,0.956,0.956,11161.83963747
1781456400,2026-06-14 17:00:00,0.95,0.958,0.956,0.95,8220.41005472
1781460000,2026-06-14 18:00:00,0.949,0.953,0.951,0.951,10438.1357117
1781463600,2026-06-14 19:00:00,0.95,0.956,0.951,0.952,47122.0288109
1781467200,2026-06-14 20:00:00,0.95,0.957,0.952,0.954,10597.20865755
1781470800,2026-06-14 21:00:00,0.955,0.992,0.955,0.985,146354.74161348
1781474400,2026-06-14 22:00:00,0.981,0.992,0.986,0.986,95778.26354372
1781478000,2026-06-14 23:00:00,0.983,0.998,0.985,0.997,49603.99136059
1781481600,2026-06-15 00:00:00,0.991,1.001,0.997,0.992,254304.74193568
1781485200,2026-06-15 01:00:00,0.987,0.995,0.991,0.99,48549.69222815
1781488800,2026-06-15 02:00:00,0.99,0.999,0.99,0.995,40516.32076733
1781492400,2026-06-15 03:00:00,0.995,1.003,0.995,1,202519.68661015
1781496000,2026-06-15 04:00:00,0.997,1.003,1.001,0.999,41820.67302246
1781499600,2026-06-15 05:00:00,0.998,1.01,0.999,1.005,72911.35237491
1781503200,2026-06-15 06:00:00,1.002,1.007,1.005,1.003,53702.7239495
1781506800,2026-06-15 07:00:00,0.998,1.007,1.002,0.998,25139.1526534
1781510400,2026-06-15 08:00:00,0.998,1.004,0.998,1,27205.69306999
1781514000,2026-06-15 09:00:00,0.999,1.003,1.001,1.003,18403.20550048
1781517600,2026-06-15 10:00:00,1.003,1.019,1.004,1.015,121163.59310086
1781521200,2026-06-15 11:00:00,1.011,1.026,1.015,1.022,120494.2987829
1781524800,2026-06-15 12:00:00,1.016,1.029,1.022,1.027,70233.57097486
1781528400,2026-06-15 13:00:00,1.027,1.043,1.028,1.035,209903.0923835
1781532000,2026-06-15 14:00:00,1.026,1.035,1.034,1.031,139064.5708364
1781535600,2026-06-15 15:00:00,1.027,1.045,1.032,1.044,499406.33014366
1781539200,2026-06-15 16:00:00,1.036,1.044,1.043,1.036,76272.59275062
1781542800,2026-06-15 17:00:00,1.028,1.037,1.035,1.033,64293.19796088
1781546400,2026-06-15 18:00:00,1.03,1.035,1.032,1.03,60531.10093412
1781550000,2026-06-15 19:00:00,1.017,1.034,1.03,1.019,119833.5091874
1781553600,2026-06-15 20:00:00,1.014,1.024,1.019,1.015,48570.96124033
1781557200,2026-06-15 21:00:00,1.014,1.021,1.016,1.015,66501.54186523
1781560800,2026-06-15 22:00:00,1.001,1.017,1.014,1.005,132588.49878653
1781564400,2026-06-15 23:00:00,1.002,1.011,1.005,1.009,40355.32684914
1781568000,2026-06-16 00:00:00,1.008,1.015,1.009,1.011,28579.14497179
1781571600,2026-06-16 01:00:00,1.009,1.016,1.011,1.009,17977.77832122
1781575200,2026-06-16 02:00:00,0.995,1.011,1.008,0.998,36349.31970259
1781578800,2026-06-16 03:00:00,0.996,1.011,0.999,1.011,32646.35154744
1781582400,2026-06-16 04:00:00,1.001,1.011,1.01,1.002,18782.02617412
1781586000,2026-06-16 05:00:00,1.002,1.008,1.002,1.008,17282.24356611
1781589600,2026-06-16 06:00:00,1.007,1.012,1.008,1.01,22888.86712086
1781593200,2026-06-16 07:00:00,1.009,1.017,1.01,1.016,20719.35231469
1781596800,2026-06-16 08:00:00,1.015,1.031,1.016,1.03,93222.49331962
1781600400,2026-06-16 09:00:00,1.021,1.031,1.03,1.023,17268.03429891
1781604000,2026-06-16 10:00:00,1.019,1.027,1.021,1.023,21100.77124275
1781607600,2026-06-16 11:00:00,1.017,1.024,1.023,1.021,8555.67155931
1781611200,2026-06-16 12:00:00,1.019,1.032,1.02,1.028,19175.2846712
1781614800,2026-06-16 13:00:00,1.012,1.03,1.029,1.013,40154.78765016
1781618400,2026-06-16 14:00:00,0.987,1.016,1.014,0.996,156856.03790862
1781622000,2026-06-16 15:00:00,0.995,1.006,0.996,1.002,37863.4982678
1781625600,2026-06-16 16:00:00,0.998,1.002,1.002,1.001,14187.2729125
1781629200,2026-06-16 17:00:00,1.001,1.011,1.002,1.011,17079.29593814
1781632800,2026-06-16 18:00:00,1.01,1.023,1.011,1.012,39867.68692388
1781636400,2026-06-16 19:00:00,1.004,1.014,1.011,1.009,20585.99017126
1781640000,2026-06-16 20:00:00,1.007,1.023,1.008,1.021,40359.27015712
1781643600,2026-06-16 21:00:00,1.014,1.021,1.021,1.016,44278.5972175
1781647200,2026-06-16 22:00:00,1.013,1.019,1.015,1.018,15593.44113452
1781650800,2026-06-16 23:00:00,1.011,1.019,1.018,1.013,27286.08567262
1781654400,2026-06-17 00:00:00,1.012,1.021,1.014,1.018,12190.16834584
1781658000,2026-06-17 01:00:00,1.014,1.03,1.018,1.03,27763.7138574
1781661600,2026-06-17 02:00:00,1.024,1.036,1.03,1.031,27395.68433406
1781665200,2026-06-17 03:00:00,1.02,1.03,1.029,1.024,15494.48450707
1781668800,2026-06-17 04:00:00,1.022,1.032,1.024,1.028,36468.54427523
1781672400,2026-06-17 05:00:00,1.02,1.031,1.027,1.024,66748.52828566
1781676000,2026-06-17 06:00:00,1.019,1.029,1.024,1.024,13649.8222523
1781679600,2026-06-17 07:00:00,1.018,1.03,1.022,1.021,57587.58279275
1781683200,2026-06-17 08:00:00,1.004,1.022,1.021,1.009,41667.83837349
1781686800,2026-06-17 09:00:00,1.009,1.014,1.009,1.013,21008.51457174
1781690400,2026-06-17 10:00:00,1.007,1.015,1.013,1.008,20964.14837658
1781694000,2026-06-17 11:00:00,0.999,1.008,1.008,1.004,13997.6020565
1781697600,2026-06-17 12:00:00,1,1.014,1.005,1.014,27546.67848153
1781701200,2026-06-17 13:00:00,1.008,1.017,1.013,1.011,12639.55120559
1781704800,2026-06-17 14:00:00,1.004,1.017,1.01,1.01,41542.9179883
1781708400,2026-06-17 15:00:00,1.009,1.038,1.01,1.037,43745.3890441
1781712000,2026-06-17 16:00:00,1.026,1.042,1.037,1.027,49718.73147071
1781715600,2026-06-17 17:00:00,1.02,1.036,1.027,1.035,31420.32219374
1781719200,2026-06-17 18:00:00,1.004,1.037,1.034,1.025,212318.13985381
1781722800,2026-06-17 19:00:00,0.993,1.028,1.027,0.997,192033.30285972
1781726400,2026-06-17 20:00:00,0.994,1.008,0.997,1.007,103742.64760636
1781730000,2026-06-17 21:00:00,0.997,1.007,1.006,1,54087.03411132
1781733600,2026-06-17 22:00:00,0.986,1.005,1,1.003,50126.72008524
1781737200,2026-06-17 23:00:00,1.001,1.007,1.004,1.003,41863.89420201
1781740800,2026-06-18 00:00:00,1.001,1.007,1.003,1.002,72044.11509022
1781744400,2026-06-18 01:00:00,1,1.009,1.002,1.001,41185.55722222
1781748000,2026-06-18 02:00:00,0.998,1.005,1.001,1,19273.44871418
1781751600,2026-06-18 03:00:00,0.981,1,1,0.981,50790.85380482
1781755200,2026-06-18 04:00:00,0.969,0.981,0.981,0.973,56109.47878084
1781758800,2026-06-18 05:00:00,0.965,0.974,0.973,0.974,35574.34968113
1781762400,2026-06-18 06:00:00,0.971,0.98,0.973,0.979,31780.13887821
1781766000,2026-06-18 07:00:00,0.978,0.985,0.978,0.982,34011.3543041
1781769600,2026-06-18 08:00:00,0.979,0.986,0.981,0.982,35033.58346648
1781773200,2026-06-18 09:00:00,0.98,0.986,0.982,0.983,24149.50844985
1781776800,2026-06-18 10:00:00,0.977,0.983,0.983,0.98,41658.88540851
1781780400,2026-06-18 11:00:00,0.971,0.982,0.98,0.972,34389.78791025
1781784000,2026-06-18 12:00:00,0.971,0.981,0.973,0.98,50260.3415167
1781787600,2026-06-18 13:00:00,0.967,0.984,0.979,0.973,63764.0920488
1781791200,2026-06-18 14:00:00,0.971,0.985,0.974,0.977,59882.20669861
1781794800,2026-06-18 15:00:00,0.94,0.976,0.976,0.946,405570.34760016
1781798400,2026-06-18 16:00:00,0.944,0.956,0.944,0.956,58803.76668811
1781802000,2026-06-18 17:00:00,0.946,0.956,0.956,0.954,114703.63828769
1781805600,2026-06-18 18:00:00,0.952,0.96,0.954,0.955,58544.49959038
1781809200,2026-06-18 19:00:00,0.954,0.965,0.955,0.963,41204.75733831
1781812800,2026-06-18 20:00:00,0.964,0.973,0.964,0.972,20129.47969179
1781816400,2026-06-18 21:00:00,0.965,0.972,0.972,0.968,20253.83719062
1781820000,2026-06-18 22:00:00,0.966,0.97,0.968,0.969,50846.43470168
1781823600,2026-06-18 23:00:00,0.966,0.974,0.969,0.973,21985.24682068
1781827200,2026-06-19 00:00:00,0.971,0.978,0.973,0.977,16308.18891097
1781830800,2026-06-19 01:00:00,0.972,0.98,0.975,0.979,26173.07859474
1781834400,2026-06-19 02:00:00,0.972,0.981,0.978,0.976,43224.30647123
1781838000,2026-06-19 03:00:00,0.958,0.976,0.976,0.966,88060.70513317
1781841600,2026-06-19 04:00:00,0.952,0.969,0.965,0.954,18531.24678752
1781845200,2026-06-19 05:00:00,0.955,0.962,0.955,0.961,9284.60484737
1781848800,2026-06-19 06:00:00,0.957,0.963,0.961,0.961,6757.22588098
1781852400,2026-06-19 07:00:00,0.95,0.96,0.96,0.953,29023.82953822
1781856000,2026-06-19 08:00:00,0.954,0.958,0.954,0.956,7612.06108632
1781859600,2026-06-19 09:00:00,0.951,0.957,0.957,0.952,15589.69751378
1781863200,2026-06-19 10:00:00,0.949,0.955,0.952,0.952,15602.25962794
1781866800,2026-06-19 11:00:00,0.949,0.953,0.952,0.95,5445.60959495
1781870400,2026-06-19 12:00:00,0.946,0.957,0.951,0.957,35363.31365509
1781874000,2026-06-19 13:00:00,0.955,0.97,0.957,0.966,25551.33178062
1781877600,2026-06-19 14:00:00,0.963,0.971,0.966,0.963,8359.37241469
1781881200,2026-06-19 15:00:00,0.962,0.969,0.964,0.967,21804.50423493
1781884800,2026-06-19 16:00:00,0.953,0.969,0.967,0.954,31596.16095495
1781888400,2026-06-19 17:00:00,0.954,0.964,0.954,0.961,13186.083351
1781892000,2026-06-19 18:00:00,0.951,0.961,0.961,0.954,129893.76527245
1781895600,2026-06-19 19:00:00,0.949,0.956,0.954,0.953,16151.82574166
1781899200,2026-06-19 20:00:00,0.95,0.959,0.953,0.958,18596.97285776
1781902800,2026-06-19 21:00:00,0.951,0.959,0.958,0.953,32157.16857229
1781906400,2026-06-19 22:00:00,0.951,0.957,0.953,0.956,8013.14475614
1781910000,2026-06-19 23:00:00,0.954,0.962,0.956,0.96,37279.36645295
1781913600,2026-06-20 00:00:00,0.96,0.967,0.962,0.96,11194.45397174
1781917200,2026-06-20 01:00:00,0.958,0.963,0.961,0.96,6017.98989433
1781920800,2026-06-20 02:00:00,0.954,0.961,0.96,0.955,8871.74672633
1781924400,2026-06-20 03:00:00,0.954,0.957,0.955,0.956,7083.58928988
1781928000,2026-06-20 04:00:00,0.955,0.962,0.955,0.961,3658.43901977
1781931600,2026-06-20 05:00:00,0.962,0.973,0.962,0.967,20597.77673928
1781935200,2026-06-20 06:00:00,0.964,0.968,0.967,0.966,13641.84252638
1781938800,2026-06-20 07:00:00,0.961,0.966,0.966,0.961,15041.124108
1781942400,2026-06-20 08:00:00,0.96,0.965,0.961,0.965,16873.44431007
1781946000,2026-06-20 09:00:00,0.965,0.969,0.965,0.969,6853.86315124
1781949600,2026-06-20 10:00:00,0.963,0.97,0.969,0.965,6784.08796714
1781953200,2026-06-20 11:00:00,0.963,0.966,0.964,0.963,5555.23787271
1781956800,2026-06-20 12:00:00,0.962,0.966,0.963,0.962,10754.8339629
1781960400,2026-06-20 13:00:00,0.955,0.965,0.963,0.958,26663.01602021
1781964000,2026-06-20 14:00:00,0.948,0.97,0.957,0.963,48782.91580907
1781967600,2026-06-20 15:00:00,0.96,0.971,0.962,0.968,43387.78744765
1781971200,2026-06-20 16:00:00,0.96,0.967,0.967,0.965,12999.77653184
1781974800,2026-06-20 17:00:00,0.954,0.965,0.965,0.96,28410.40337744
1781978400,2026-06-20 18:00:00,0.957,0.962,0.96,0.957,8403.70254138
1781982000,2026-06-20 19:00:00,0.956,0.959,0.957,0.958,11715.70746184
1781985600,2026-06-20 20:00:00,0.957,0.961,0.958,0.96,12867.78238477
1781989200,2026-06-20 21:00:00,0.959,0.968,0.96,0.966,84592.36207627
1781992800,2026-06-20 22:00:00,0.964,0.974,0.966,0.973,27591.53914567
1781996400,2026-06-20 23:00:00,0.968,0.974,0.973,0.968,14837.29916534
1782000000,2026-06-21 00:00:00,0.967,0.971,0.968,0.971,13900.38323217
1782003600,2026-06-21 01:00:00,0.967,0.972,0.972,0.968,4700.46974267
1782007200,2026-06-21 02:00:00,0.966,0.968,0.968,0.966,9471.75017532
1782010800,2026-06-21 03:00:00,0.965,0.972,0.966,0.971,20905.33044507
1782014400,2026-06-21 04:00:00,0.965,0.972,0.97,0.965,11385.96016093
1782018000,2026-06-21 05:00:00,0.962,0.968,0.964,0.965,7542.04477935
1782021600,2026-06-21 06:00:00,0.965,0.968,0.966,0.966,3481.83514427
1782025200,2026-06-21 07:00:00,0.964,0.97,0.966,0.967,9627.03133751
1782028800,2026-06-21 08:00:00,0.959,0.968,0.968,0.965,9220.0391034
1782032400,2026-06-21 09:00:00,0.963,0.972,0.965,0.971,4933.13088294
1782036000,2026-06-21 10:00:00,0.969,0.974,0.971,0.969,2785.37133896
1782039600,2026-06-21 11:00:00,0.963,0.97,0.969,0.963,4533.0141364
1782043200,2026-06-21 12:00:00,0.96,0.966,0.963,0.966,10373.11875232
1782046800,2026-06-21 13:00:00,0.965,0.969,0.966,0.969,54702.58042023
1782050400,2026-06-21 14:00:00,0.965,0.969,0.969,0.967,10775.9828194
1782054000,2026-06-21 15:00:00,0.966,0.971,0.967,0.968,27939.59457646
1782057600,2026-06-21 16:00:00,0.958,0.969,0.969,0.963,126649.40230286
1782061200,2026-06-21 17:00:00,0.96,0.965,0.963,0.961,4751.92732751
1782064800,2026-06-21 18:00:00,0.956,0.965,0.96,0.965,35738.53163242
1782068400,2026-06-21 19:00:00,0.963,0.965,0.965,0.963,1926.22796642
1782072000,2026-06-21 20:00:00,0.954,0.963,0.963,0.956,9040.23963683
1782075600,2026-06-21 21:00:00,0.942,0.955,0.955,0.948,78513.95063578
1782079200,2026-06-21 22:00:00,0.945,0.952,0.949,0.948,22411.93302271
1782082800,2026-06-21 23:00:00,0.94,0.947,0.947,0.941,64884.4017168
1782086400,2026-06-22 00:00:00,0.941,0.955,0.942,0.955,17996.77883761
1782090000,2026-06-22 01:00:00,0.953,0.97,0.956,0.962,21258.23993927
1782093600,2026-06-22 02:00:00,0.955,0.962,0.962,0.955,15459.86990327
1782097200,2026-06-22 03:00:00,0.949,0.958,0.955,0.95,16569.43927581
1782100800,2026-06-22 04:00:00,0.949,0.954,0.949,0.954,10321.31818057
1782104400,2026-06-22 05:00:00,0.954,0.958,0.954,0.958,8953.37986342
1782108000,2026-06-22 06:00:00,0.955,0.959,0.956,0.958,14438.74169151
1782111600,2026-06-22 07:00:00,0.958,0.965,0.958,0.962,15512.63356681
1782115200,2026-06-22 08:00:00,0.96,0.964,0.962,0.961,7010.4414954
1782118800,2026-06-22 09:00:00,0.958,0.962,0.961,0.959,6878.53127419
1782122400,2026-06-22 10:00:00,0.956,0.96,0.959,0.956,6531.23674937
1782126000,2026-06-22 11:00:00,0.957,0.971,0.957,0.969,49777.41060214
1782129600,2026-06-22 12:00:00,0.969,0.973,0.969,0.972,17811.17290403
1782133200,2026-06-22 13:00:00,0.968,0.978,0.971,0.976,39475.29802027
1782136800,2026-06-22 14:00:00,0.96,0.976,0.976,0.966,32148.64534526
1782140400,2026-06-22 15:00:00,0.955,0.968,0.967,0.956,96082.78784862
1782144000,2026-06-22 16:00:00,0.954,0.961,0.954,0.959,16947.50947773
1782147600,2026-06-22 17:00:00,0.951,0.96,0.959,0.955,3261.89658666
1782151200,2026-06-22 18:00:00,0.943,0.956,0.955,0.944,16758.28423005
1782154800,2026-06-22 19:00:00,0.94,0.946,0.944,0.944,21300.9375872
1782158400,2026-06-22 20:00:00,0.943,0.948,0.943,0.947,16128.98445979
1782162000,2026-06-22 21:00:00,0.94,0.947,0.947,0.943,14774.25920554
1782165600,2026-06-22 22:00:00,0.927,0.946,0.944,0.932,53010.72923442
1782169200,2026-06-22 23:00:00,0.931,0.936,0.933,0.935,130334.11373013
1782172800,2026-06-23 00:00:00,0.927,0.935,0.934,0.933,31563.63982134
1782176400,2026-06-23 01:00:00,0.928,0.936,0.933,0.933,28007.11017953
1782180000,2026-06-23 02:00:00,0.931,0.936,0.933,0.935,23463.39139019
1782183600,2026-06-23 03:00:00,0.932,0.938,0.935,0.937,26737.64105779
1782187200,2026-06-23 04:00:00,0.928,0.937,0.937,0.929,27400.58151205
1782190800,2026-06-23 05:00:00,0.927,0.932,0.929,0.93,27067.36063659
1782194400,2026-06-23 06:00:00,0.908,0.93,0.929,0.91,129017.44495668
1782198000,2026-06-23 07:00:00,0.904,0.913,0.912,0.905,44146.83870343
1782201600,2026-06-23 08:00:00,0.883,0.907,0.905,0.891,139859.05429394
1782205200,2026-06-23 09:00:00,0.891,0.896,0.891,0.895,7469.61794568
1782208800,2026-06-23 10:00:00,0.892,0.899,0.895,0.896,123080.30524136
1782212400,2026-06-23 11:00:00,0.896,0.905,0.896,0.903,32104.80880644
1782216000,2026-06-23 12:00:00,0.898,0.905,0.903,0.901,70177.80194927
1782219600,2026-06-23 13:00:00,0.896,0.908,0.9,0.906,55815.89979587
1782223200,2026-06-23 14:00:00,0.9,0.911,0.906,0.901,44490.81401689
1782226800,2026-06-23 15:00:00,0.893,0.901,0.901,0.899,25234.39568764
1782230400,2026-06-23 16:00:00,0.898,0.905,0.899,0.898,18163.64269744
1782234000,2026-06-23 17:00:00,0.895,0.903,0.898,0.896,5191.60818236
1782237600,2026-06-23 18:00:00,0.895,0.899,0.897,0.899,9859.56626483
1782241200,2026-06-23 19:00:00,0.898,0.903,0.899,0.903,25985.2441157
1782244800,2026-06-23 20:00:00,0.904,0.907,0.904,0.907,2457.47903953
1782248400,2026-06-23 21:00:00,0.907,0.91,0.908,0.908,7174.46144546
1782252000,2026-06-23 22:00:00,0.907,0.913,0.908,0.908,9244.80100355
1782255600,2026-06-23 23:00:00,0.905,0.911,0.908,0.909,21685.58197676
1782259200,2026-06-24 00:00:00,0.909,0.914,0.91,0.913,12330.91880113
1782262800,2026-06-24 01:00:00,0.91,0.918,0.913,0.913,22941.24798501
1782266400,2026-06-24 02:00:00,0.906,0.913,0.913,0.907,93919.50213879
1782270000,2026-06-24 03:00:00,0.902,0.908,0.907,0.905,9283.45152016
1782273600,2026-06-24 04:00:00,0.895,0.905,0.905,0.904,20987.11315974
1782277200,2026-06-24 05:00:00,0.904,0.911,0.904,0.908,19726.41511064
1782280800,2026-06-24 06:00:00,0.906,0.908,0.908,0.906,5136.60420513
1782284400,2026-06-24 07:00:00,0.902,0.907,0.905,0.904,18400.83907961
1782288000,2026-06-24 08:00:00,0.903,0.906,0.904,0.905,7874.08077281
1782291600,2026-06-24 09:00:00,0.9,0.905,0.904,0.902,4087.23161334
1782295200,2026-06-24 10:00:00,0.898,0.902,0.901,0.899,7701.93312507
1782298800,2026-06-24 11:00:00,0.893,0.912,0.899,0.905,13904.20131918
1782302400,2026-06-24 12:00:00,0.899,0.906,0.904,0.899,8749.48478831
1782306000,2026-06-24 13:00:00,0.882,0.899,0.899,0.886,88601.03692131
1782309600,2026-06-24 14:00:00,0.884,0.894,0.885,0.89,123412.02288479
1782313200,2026-06-24 15:00:00,0.867,0.889,0.889,0.873,144178.88471704
1782316800,2026-06-24 16:00:00,0.848,0.884,0.873,0.854,212707.23065858
1782320400,2026-06-24 17:00:00,0.841,0.861,0.853,0.846,174017.60167787
1782324000,2026-06-24 18:00:00,0.843,0.864,0.846,0.861,55656.79824869
1782327600,2026-06-24 19:00:00,0.858,0.867,0.861,0.865,68590.33627373
1782331200,2026-06-24 20:00:00,0.866,0.885,0.866,0.882,60108.88414094
1782334800,2026-06-24 21:00:00,0.877,0.887,0.882,0.887,21145.55744983
1782338400,2026-06-24 22:00:00,0.881,0.891,0.888,0.882,104627.89165717
1782342000,2026-06-24 23:00:00,0.882,0.887,0.882,0.886,8340.76987032
1782345600,2026-06-25 00:00:00,0.883,0.888,0.886,0.885,39981.9235372
1782349200,2026-06-25 01:00:00,0.885,0.888,0.885,0.887,12703.59650103
1782352800,2026-06-25 02:00:00,0.883,0.888,0.887,0.884,7902.48130089
1782356400,2026-06-25 03:00:00,0.879,0.884,0.884,0.88,29967.41890586
1782360000,2026-06-25 04:00:00,0.878,0.888,0.88,0.887,7479.4559201
1782363600,2026-06-25 05:00:00,0.887,0.897,0.887,0.893,36439.86970498
1782367200,2026-06-25 06:00:00,0.891,0.894,0.893,0.892,8847.25865493
1782370800,2026-06-25 07:00:00,0.889,0.891,0.891,0.889,5809.84219892
1782374400,2026-06-25 08:00:00,0.886,0.89,0.89,0.887,5040.02551934
1782378000,2026-06-25 09:00:00,0.886,0.888,0.886,0.888,9601.16673304
1782381600,2026-06-25 10:00:00,0.879,0.887,0.887,0.879,10602.66671628
1782385200,2026-06-25 11:00:00,0.874,0.879,0.879,0.876,7487.79335311
1782388800,2026-06-25 12:00:00,0.871,0.885,0.876,0.878,54061.78643114
1782392400,2026-06-25 13:00:00,0.817,0.883,0.878,0.822,248805.98217534
1782396000,2026-06-25 14:00:00,0.822,0.859,0.822,0.845,183421.32448394
1782399600,2026-06-25 15:00:00,0.836,0.851,0.845,0.851,65704.34716234
1782403200,2026-06-25 16:00:00,0.841,0.86,0.85,0.849,63678.07231234
1782406800,2026-06-25 17:00:00,0.849,0.861,0.85,0.861,42629.79486719
1782410400,2026-06-25 18:00:00,0.845,0.862,0.861,0.845,52906.20912173
1782414000,2026-06-25 19:00:00,0.837,0.845,0.845,0.841,109954.99642101
1782417600,2026-06-25 20:00:00,0.839,0.847,0.842,0.84,31178.5050159
1782421200,2026-06-25 21:00:00,0.839,0.853,0.84,0.851,63490.02450446
1782424800,2026-06-25 22:00:00,0.842,0.852,0.85,0.842,59877.85350553
1782428400,2026-06-25 23:00:00,0.841,0.848,0.842,0.843,52067.02488227
1782432000,2026-06-26 00:00:00,0.839,0.845,0.844,0.839,15116.58923172
1782435600,2026-06-26 01:00:00,0.824,0.84,0.839,0.826,74567.2131003
1782439200,2026-06-26 02:00:00,0.805,0.826,0.826,0.807,171124.31385668
1782442800,2026-06-26 03:00:00,0.804,0.833,0.806,0.832,120636.24645261
1782446400,2026-06-26 04:00:00,0.825,0.831,0.831,0.826,47182.43352651
1782450000,2026-06-26 05:00:00,0.825,0.833,0.826,0.83,25959.24459652
1782453600,2026-06-26 06:00:00,0.825,0.838,0.83,0.838,39162.1781688
1782457200,2026-06-26 07:00:00,0.837,0.844,0.837,0.843,33720.56981073
1782460800,2026-06-26 08:00:00,0.835,0.844,0.844,0.836,46145.40125406
1782464400,2026-06-26 09:00:00,0.832,0.841,0.837,0.832,25784.73394247
1782468000,2026-06-26 10:00:00,0.826,0.833,0.832,0.828,11849.52740546
1782471600,2026-06-26 11:00:00,0.825,0.833,0.828,0.829,31474.851509
1782475200,2026-06-26 12:00:00,0.824,0.841,0.83,0.828,33814.67599719
1782478800,2026-06-26 13:00:00,0.82,0.851,0.828,0.849,81292.85804704
1782482400,2026-06-26 14:00:00,0.841,0.852,0.849,0.843,100181.39807414
1782486000,2026-06-26 15:00:00,0.842,0.857,0.843,0.855,130652.63805499
1782489600,2026-06-26 16:00:00,0.847,0.863,0.855,0.855,89338.25833694
1782493200,2026-06-26 17:00:00,0.855,0.862,0.855,0.858,14819.71354951
1782496800,2026-06-26 18:00:00,0.853,0.862,0.858,0.853,85310.80658963
1782500400,2026-06-26 19:00:00,0.853,0.861,0.854,0.854,60601.6938455
1782504000,2026-06-26 20:00:00,0.852,0.864,0.854,0.854,84207.45255286
1782507600,2026-06-26 21:00:00,0.85,0.856,0.854,0.85,42402.17612927
1782511200,2026-06-26 22:00:00,0.847,0.852,0.85,0.852,8859.20394484
1782514800,2026-06-26 23:00:00,0.85,0.854,0.852,0.851,11337.97211079
1782518400,2026-06-27 00:00:00,0.845,0.855,0.852,0.846,9192.79259534
1782522000,2026-06-27 01:00:00,0.845,0.848,0.847,0.846,4967.05057987
1782525600,2026-06-27 02:00:00,0.846,0.859,0.846,0.857,35914.07878626
1782529200,2026-06-27 03:00:00,0.849,0.858,0.857,0.851,36806.69626456
1782532800,2026-06-27 04:00:00,0.849,0.855,0.851,0.849,24406.6957112
1782536400,2026-06-27 05:00:00,0.846,0.85,0.849,0.85,9636.83173293
1782540000,2026-06-27 06:00:00,0.843,0.849,0.849,0.845,73291.78429579
1782543600,2026-06-27 07:00:00,0.843,0.845,0.845,0.845,8820.02018609
1782547200,2026-06-27 08:00:00,0.841,0.845,0.844,0.843,4652.82124431
1782550800,2026-06-27 09:00:00,0.841,0.844,0.842,0.844,13773.22137492
1782554400,2026-06-27 10:00:00,0.841,0.845,0.845,0.842,2413.64738512
1782558000,2026-06-27 11:00:00,0.838,0.842,0.842,0.841,20112.09527913
1782561600,2026-06-27 12:00:00,0.838,0.842,0.841,0.842,13381.87643593
1782565200,2026-06-27 13:00:00,0.841,0.846,0.842,0.843,9594.6582526
1782568800,2026-06-27 14:00:00,0.842,0.847,0.842,0.844,19687.62730939
1782572400,2026-06-27 15:00:00,0.844,0.849,0.844,0.846,67933.07948357
1782576000,2026-06-27 16:00:00,0.841,0.846,0.846,0.843,66645.51476919
1782579600,2026-06-27 17:00:00,0.833,0.841,0.841,0.833,134861.44621274
1782583200,2026-06-27 18:00:00,0.83,0.834,0.833,0.834,13094.5139969
1782586800,2026-06-27 19:00:00,0.824,0.835,0.834,0.828,38245.19647642
1782590400,2026-06-27 20:00:00,0.828,0.831,0.828,0.829,6806.54953545
1782594000,2026-06-27 21:00:00,0.818,0.83,0.829,0.819,38671.42992498
1782597600,2026-06-27 22:00:00,0.807,0.82,0.819,0.816,135513.67080266
1782601200,2026-06-27 23:00:00,0.814,0.818,0.815,0.814,81164.54795074
1782604800,2026-06-28 00:00:00,0.809,0.818,0.815,0.809,23494.79753156
1782608400,2026-06-28 01:00:00,0.804,0.81,0.808,0.809,47245.93854327
1782612000,2026-06-28 02:00:00,0.808,0.814,0.81,0.814,35417.21315051
1782615600,2026-06-28 03:00:00,0.813,0.819,0.814,0.817,33989.59265489
1782619200,2026-06-28 04:00:00,0.816,0.819,0.817,0.817,6920.20583014
1782622800,2026-06-28 05:00:00,0.808,0.818,0.818,0.81,10016.86632752
1782626400,2026-06-28 06:00:00,0.806,0.811,0.811,0.809,16893.04676771
1782630000,2026-06-28 07:00:00,0.81,0.817,0.81,0.816,11697.7567486
1782633600,2026-06-28 08:00:00,0.814,0.82,0.816,0.816,4341.83559254
1782637200,2026-06-28 09:00:00,0.804,0.818,0.815,0.804,28761.30524901
1782640800,2026-06-28 10:00:00,0.804,0.808,0.804,0.806,20909.25588444
1782644400,2026-06-28 11:00:00,0.804,0.811,0.806,0.811,30617.26109001
1782648000,2026-06-28 12:00:00,0.808,0.814,0.81,0.81,14543.31921059
1782651600,2026-06-28 13:00:00,0.798,0.81,0.81,0.801,63169.55288006
1782655200,2026-06-28 14:00:00,0.801,0.811,0.801,0.808,44675.00609341
1782658800,2026-06-28 15:00:00,0.802,0.81,0.807,0.81,60461.23156149
1782662400,2026-06-28 16:00:00,0.804,0.813,0.809,0.808,110604.92425562
1782666000,2026-06-28 17:00:00,0.801,0.81,0.808,0.807,21087.83063404
1782669600,2026-06-28 18:00:00,0.802,0.808,0.807,0.808,19601.18209944
1782673200,2026-06-28 19:00:00,0.802,0.811,0.808,0.807,28292.49542764
1782676800,2026-06-28 20:00:00,0.805,0.813,0.806,0.81,9383.60101182
1782680400,2026-06-28 21:00:00,0.798,0.812,0.811,0.803,28754.65284685
1782684000,2026-06-28 22:00:00,0.796,0.813,0.804,0.801,100937.37243796
1782687600,2026-06-28 23:00:00,0.8,0.812,0.801,0.809,12943.44411105
1782691200,2026-06-29 00:00:00,0.806,0.818,0.808,0.818,60705.52623012
1782694800,2026-06-29 01:00:00,0.811,0.818,0.818,0.813,41108.19273439
1782698400,2026-06-29 02:00:00,0.807,0.821,0.813,0.821,142454.96958878
1782702000,2026-06-29 03:00:00,0.821,0.827,0.821,0.823,20093.63456233
1782705600,2026-06-29 04:00:00,0.816,0.823,0.823,0.817,14864.23911423
1782709200,2026-06-29 05:00:00,0.812,0.821,0.816,0.821,10923.62961683
1782712800,2026-06-29 06:00:00,0.82,0.824,0.822,0.822,13830.54770198
1782716400,2026-06-29 07:00:00,0.816,0.822,0.821,0.816,23448.08219393
1782720000,2026-06-29 08:00:00,0.81,0.817,0.816,0.812,25011.30934504
1782723600,2026-06-29 09:00:00,0.812,0.818,0.812,0.818,20963.60272842
1782727200,2026-06-29 10:00:00,0.818,0.822,0.819,0.819,11095.18248405
1782730800,2026-06-29 11:00:00,0.814,0.821,0.819,0.816,43919.05821492
1782734400,2026-06-29 12:00:00,0.811,0.83,0.817,0.823,60895.63436898
1782738000,2026-06-29 13:00:00,0.813,0.827,0.823,0.818,19759.69806599
1782741600,2026-06-29 14:00:00,0.808,0.818,0.818,0.818,39668.55142894
1782745200,2026-06-29 15:00:00,0.811,0.823,0.818,0.821,37657.42419382
1782748800,2026-06-29 16:00:00,0.817,0.825,0.821,0.824,36727.70364288
1782752400,2026-06-29 17:00:00,0.824,0.839,0.824,0.833,26048.25731256
1782756000,2026-06-29 18:00:00,0.829,0.833,0.833,0.829,16761.26648524
1782759600,2026-06-29 19:00:00,0.828,0.833,0.829,0.83,6630.38430181
1782763200,2026-06-29 20:00:00,0.825,0.83,0.83,0.825,10329.57663546
1782766800,2026-06-29 21:00:00,0.822,0.83,0.825,0.828,36547.73754117
1782770400,2026-06-29 22:00:00,0.823,0.83,0.829,0.823,12586.22851882
1782774000,2026-06-29 23:00:00,0.821,0.825,0.824,0.824,18731.26735912
1782777600,2026-06-30 00:00:00,0.815,0.827,0.824,0.818,46623.38793072
1782781200,2026-06-30 01:00:00,0.815,0.82,0.817,0.815,42365.45585275
1782784800,2026-06-30 02:00:00,0.812,0.818,0.815,0.818,9717.36833167
1782788400,2026-06-30 03:00:00,0.814,0.821,0.817,0.814,19306.47523505
1782792000,2026-06-30 04:00:00,0.812,0.817,0.814,0.816,5107.2477001
1782795600,2026-06-30 05:00:00,0.814,0.817,0.816,0.816,5121.76085547
1782799200,2026-06-30 06:00:00,0.816,0.818,0.817,0.816,4031.32455919
1782802800,2026-06-30 07:00:00,0.814,0.818,0.815,0.814,2446.27601686
1782806400,2026-06-30 08:00:00,0.81,0.816,0.814,0.813,35057.04661037
1782810000,2026-06-30 09:00:00,0.81,0.813,0.813,0.812,18201.85796166
1782813600,2026-06-30 10:00:00,0.811,0.814,0.812,0.814,7640.332176
1782817200,2026-06-30 11:00:00,0.809,0.813,0.813,0.81,16123.9014184
1782820800,2026-06-30 12:00:00,0.801,0.81,0.81,0.801,17981.11471561
1782824400,2026-06-30 13:00:00,0.801,0.811,0.801,0.81,118309.73634446
1782828000,2026-06-30 14:00:00,0.809,0.82,0.81,0.813,35407.48151276
1782831600,2026-06-30 15:00:00,0.81,0.818,0.813,0.814,27590.22817779
1782835200,2026-06-30 16:00:00,0.808,0.817,0.814,0.816,16103.29740628
1782838800,2026-06-30 17:00:00,0.816,0.82,0.816,0.816,36724.80373885
1782842400,2026-06-30 18:00:00,0.815,0.824,0.816,0.822,14494.30443933
1782846000,2026-06-30 19:00:00,0.82,0.824,0.823,0.822,11796.37947786
1782849600,2026-06-30 20:00:00,0.816,0.824,0.822,0.818,13236.5955276
1782853200,2026-06-30 21:00:00,0.816,0.822,0.818,0.821,18859.725628
1782856800,2026-06-30 22:00:00,0.816,0.824,0.821,0.817,9255.26830279
1782860400,2026-06-30 23:00:00,0.816,0.821,0.817,0.821,2440.06771815
1782864000,2026-07-01 00:00:00,0.818,0.823,0.821,0.82,28463.88941044
1782867600,2026-07-01 01:00:00,0.806,0.825,0.82,0.822,43455.64145383
1782871200,2026-07-01 02:00:00,0.821,0.832,0.822,0.828,86516.88584321
1782874800,2026-07-01 03:00:00,0.828,0.84,0.83,0.835,122329.98938984
1782878400,2026-07-01 04:00:00,0.834,0.842,0.835,0.838,65333.56039073
1782882000,2026-07-01 05:00:00,0.831,0.839,0.838,0.833,15697.71802274
1782885600,2026-07-01 06:00:00,0.828,0.833,0.833,0.833,74796.851284
1782889200,2026-07-01 07:00:00,0.831,0.835,0.833,0.833,28350.62580028
1782892800,2026-07-01 08:00:00,0.83,0.837,0.833,0.837,79695.72377512
1782896400,2026-07-01 09:00:00,0.834,0.84,0.837,0.836,19730.76700765
1782900000,2026-07-01 10:00:00,0.833,0.838,0.836,0.833,12935.57191745
1782903600,2026-07-01 11:00:00,0.831,0.838,0.833,0.832,25558.68773351
1782907200,2026-07-01 12:00:00,0.825,0.831,0.831,0.827,26070.67412052
1782910800,2026-07-01 13:00:00,0.826,0.841,0.828,0.84,35077.08733548
1782914400,2026-07-01 14:00:00,0.836,0.845,0.84,0.84,29953.93054333
1782918000,2026-07-01 15:00:00,0.84,0.849,0.841,0.845,53264.74939262
1782921600,2026-07-01 16:00:00,0.837,0.846,0.846,0.837,59354.79868871
1782925200,2026-07-01 17:00:00,0.834,0.84,0.838,0.839,57202.90070757
1782928800,2026-07-01 18:00:00,0.832,0.841,0.839,0.835,34207.02520559
1782932400,2026-07-01 19:00:00,0.831,0.838,0.836,0.832,19206.39568335
1782936000,2026-07-01 20:00:00,0.831,0.836,0.833,0.836,18463.07841054
1782939600,2026-07-01 21:00:00,0.836,0.846,0.836,0.843,22558.43814339
1782943200,2026-07-01 22:00:00,0.837,0.849,0.845,0.837,76693.59441621
1782946800,2026-07-01 23:00:00,0.827,0.837,0.837,0.827,34037.10257393
1782950400,2026-07-02 00:00:00,0.824,0.829,0.826,0.829,10206.70617406
1782954000,2026-07-02 01:00:00,0.83,0.839,0.83,0.836,41009.60581476
1782957600,2026-07-02 02:00:00,0.836,0.841,0.837,0.839,25731.20511105
1782961200,2026-07-02 03:00:00,0.837,0.848,0.84,0.847,42578.97545003
1782964800,2026-07-02 04:00:00,0.843,0.847,0.847,0.845,36058.06107289
1782968400,2026-07-02 05:00:00,0.838,0.845,0.845,0.838,13106.58962289
1782972000,2026-07-02 06:00:00,0.834,0.841,0.838,0.837,20515.6182481
1782975600,2026-07-02 07:00:00,0.836,0.841,0.837,0.839,9707.00744083
1782979200,2026-07-02 08:00:00,0.839,0.846,0.839,0.846,46356.98038203
1782982800,2026-07-02 09:00:00,0.839,0.849,0.846,0.846,31647.86546067
1782986400,2026-07-02 10:00:00,0.845,0.849,0.846,0.846,35349.79886302
1782990000,2026-07-02 11:00:00,0.845,0.857,0.845,0.849,257442.04415769
1782993600,2026-07-02 12:00:00,0.849,0.856,0.849,0.849,65040.09801821
1782997200,2026-07-02 13:00:00,0.849,0.865,0.851,0.863,132573.58214172
1783000800,2026-07-02 14:00:00,0.853,0.866,0.862,0.859,71829.87762137
1783004400,2026-07-02 15:00:00,0.849,0.859,0.859,0.85,72170.56607512
1783008000,2026-07-02 16:00:00,0.845,0.853,0.851,0.847,71833.99449286
1783011600,2026-07-02 17:00:00,0.841,0.848,0.846,0.844,48356.24989595
1783015200,2026-07-02 18:00:00,0.844,0.847,0.845,0.844,6934.65205015
1783018800,2026-07-02 19:00:00,0.842,0.847,0.844,0.843,50794.63879043
1783022400,2026-07-02 20:00:00,0.842,0.844,0.843,0.842,8001.56263709
1783026000,2026-07-02 21:00:00,0.837,0.843,0.843,0.841,8606.3033562
1783029600,2026-07-02 22:00:00,0.837,0.841,0.84,0.839,9864.58066058
1783033200,2026-07-02 23:00:00,0.837,0.842,0.838,0.84,5106.01970302
1783036800,2026-07-03 00:00:00,0.836,0.841,0.841,0.84,7110.28907601
1783040400,2026-07-03 01:00:00,0.841,0.852,0.841,0.849,8557.77835818
1783044000,2026-07-03 02:00:00,0.846,0.851,0.85,0.85,84557.68756041
1783047600,2026-07-03 03:00:00,0.848,0.855,0.85,0.852,21721.93394729
1783051200,2026-07-03 04:00:00,0.846,0.852,0.852,0.847,4868.13116017
1783054800,2026-07-03 05:00:00,0.847,0.854,0.848,0.851,41685.34802748
1783058400,2026-07-03 06:00:00,0.852,0.856,0.852,0.853,16484.88891902
1783062000,2026-07-03 07:00:00,0.852,0.857,0.853,0.855,7267.80680745
1783065600,2026-07-03 08:00:00,0.854,0.861,0.856,0.857,48045.70994202
1783069200,2026-07-03 09:00:00,0.856,0.862,0.858,0.86,16232.8424104
1783072800,2026-07-03 10:00:00,0.858,0.868,0.858,0.865,28901.49905654
1783076400,2026-07-03 11:00:00,0.864,0.871,0.864,0.871,25545.17152799
1783080000,2026-07-03 12:00:00,0.863,0.871,0.871,0.866,20307.46933545
1783083600,2026-07-03 13:00:00,0.866,0.876,0.867,0.875,66378.35859344
1783087200,2026-07-03 14:00:00,0.867,0.874,0.873,0.872,57473.70382393
1783090800,2026-07-03 15:00:00,0.871,0.877,0.873,0.874,52080.59943437
1783094400,2026-07-03 16:00:00,0.874,0.881,0.874,0.88,116304.42514433
1783098000,2026-07-03 17:00:00,0.879,0.885,0.879,0.883,23957.39555399
1783101600,2026-07-03 18:00:00,0.878,0.884,0.882,0.882,9100.7544455
1783105200,2026-07-03 19:00:00,0.881,0.887,0.881,0.882,477279.64616514
1783108800,2026-07-03 20:00:00,0.881,0.889,0.883,0.885,53120.39259645
1783112400,2026-07-03 21:00:00,0.881,0.892,0.886,0.886,35907.1889916
1783116000,2026-07-03 22:00:00,0.881,0.886,0.885,0.883,85191.02858095
1783119600,2026-07-03 23:00:00,0.877,0.883,0.883,0.88,65501.17781373
1783123200,2026-07-04 00:00:00,0.876,0.884,0.88,0.876,35066.2835229
1783126800,2026-07-04 01:00:00,0.868,0.875,0.875,0.87,44765.26329959
1783130400,2026-07-04 02:00:00,0.87,0.876,0.87,0.876,6031.45812697
1783134000,2026-07-04 03:00:00,0.875,0.884,0.877,0.882,14332.40377941
1783137600,2026-07-04 04:00:00,0.879,0.885,0.882,0.881,11328.86152219
1783141200,2026-07-04 05:00:00,0.874,0.88,0.88,0.875,10233.76648709
1783144800,2026-07-04 06:00:00,0.873,0.878,0.877,0.874,4538.81264607
1783148400,2026-07-04 07:00:00,0.872,0.875,0.873,0.873,53583.1667195
1783152000,2026-07-04 08:00:00,0.871,0.874,0.873,0.871,6601.82473242
1783155600,2026-07-04 09:00:00,0.868,0.875,0.871,0.868,13191.07485507
1783159200,2026-07-04 10:00:00,0.866,0.869,0.867,0.869,6139.7549965
1783162800,2026-07-04 11:00:00,0.867,0.873,0.869,0.871,4146.12310677
1783166400,2026-07-04 12:00:00,0.871,0.875,0.871,0.873,14105.21915497
1783170000,2026-07-04 13:00:00,0.869,0.876,0.874,0.87,16179.91802193
1783173600,2026-07-04 14:00:00,0.871,0.876,0.871,0.875,42943.63907554
1783177200,2026-07-04 15:00:00,0.876,0.889,0.876,0.886,65452.93310472
1783180800,2026-07-04 16:00:00,0.884,0.892,0.886,0.889,72367.9271155
1783184400,2026-07-04 17:00:00,0.885,0.898,0.889,0.896,64112.13910909
1783188000,2026-07-04 18:00:00,0.894,0.898,0.896,0.897,36730.64029847
1783191600,2026-07-04 19:00:00,0.89,0.899,0.896,0.891,23892.09316165
1783195200,2026-07-04 20:00:00,0.886,0.894,0.891,0.888,31371.54512193
1783198800,2026-07-04 21:00:00,0.889,0.896,0.889,0.893,17168.82615428
1783202400,2026-07-04 22:00:00,0.884,0.893,0.893,0.887,6125.58777297
1783206000,2026-07-04 23:00:00,0.877,0.886,0.885,0.883,36624.22609677
1783209600,2026-07-05 00:00:00,0.877,0.883,0.883,0.88,79296.22174874
1783213200,2026-07-05 01:00:00,0.873,0.882,0.881,0.876,14623.530465
1783216800,2026-07-05 02:00:00,0.868,0.875,0.875,0.869,64801.05144142
1783220400,2026-07-05 03:00:00,0.868,0.872,0.87,0.868,8758.82370506
1783224000,2026-07-05 04:00:00,0.868,0.873,0.868,0.87,5595.38720775
1783227600,2026-07-05 05:00:00,0.864,0.871,0.871,0.865,8119.32718751
1783231200,2026-07-05 06:00:00,0.864,0.868,0.865,0.867,2667.59222909
1783234800,2026-07-05 07:00:00,0.867,0.872,0.868,0.871,9361.19375499
1783238400,2026-07-05 08:00:00,0.869,0.872,0.87,0.871,6758.89427621
1783242000,2026-07-05 09:00:00,0.861,0.872,0.871,0.862,76473.30726723
1783245600,2026-07-05 10:00:00,0.859,0.868,0.861,0.865,57291.96628218
1783249200,2026-07-05 11:00:00,0.865,0.869,0.865,0.867,23667.14565771
1783252800,2026-07-05 12:00:00,0.865,0.874,0.866,0.872,7301.35021674
1783256400,2026-07-05 13:00:00,0.869,0.873,0.871,0.873,7545.47991638
1783260000,2026-07-05 14:00:00,0.871,0.878,0.873,0.878,3919.58048369
1783263600,2026-07-05 15:00:00,0.875,0.882,0.879,0.877,25440.5406105
1783267200,2026-07-05 16:00:00,0.873,0.878,0.878,0.877,18069.85382278
1783270800,2026-07-05 17:00:00,0.875,0.882,0.876,0.878,31107.05765713
1783274400,2026-07-05 18:00:00,0.877,0.884,0.877,0.881,14474.25103817
1783278000,2026-07-05 19:00:00,0.879,0.884,0.881,0.881,5745.03588472
1783281600,2026-07-05 20:00:00,0.88,0.883,0.881,0.88,7457.10339544
1783285200,2026-07-05 21:00:00,0.876,0.885,0.879,0.881,35314.79874772
1783288800,2026-07-05 22:00:00,0.88,0.89,0.88,0.885,106372.6996113
1783292400,2026-07-05 23:00:00,0.88,0.89,0.884,0.88,34718.34656021
1783296000,2026-07-06 00:00:00,0.874,0.882,0.88,0.881,91205.98973782
1783299600,2026-07-06 01:00:00,0.879,0.887,0.881,0.88,6751.90737572
1783303200,2026-07-06 02:00:00,0.874,0.88,0.88,0.877,57300.56828694
1783306800,2026-07-06 03:00:00,0.871,0.878,0.877,0.872,6249.058619
1783310400,2026-07-06 04:00:00,0.869,0.873,0.872,0.869,3024.1524644
1783314000,2026-07-06 05:00:00,0.859,0.869,0.869,0.863,29264.32833916
1783317600,2026-07-06 06:00:00,0.862,0.865,0.863,0.865,7698.2121188
1783321200,2026-07-06 07:00:00,0.864,0.868,0.864,0.866,18145.77304597
1783324800,2026-07-06 08:00:00,0.865,0.87,0.867,0.865,17886.17877759
1783328400,2026-07-06 09:00:00,0.861,0.865,0.865,0.863,25661.92178655
1783332000,2026-07-06 10:00:00,0.862,0.87,0.863,0.868,15847.14711186
1783335600,2026-07-06 11:00:00,0.861,0.868,0.868,0.861,9486.79669273
1783339200,2026-07-06 12:00:00,0.848,0.86,0.86,0.852,151345.40709879
1783342800,2026-07-06 13:00:00,0.85,0.864,0.852,0.86,24433.04012005
1783346400,2026-07-06 14:00:00,0.859,0.867,0.861,0.862,32793.20699917
1783350000,2026-07-06 15:00:00,0.863,0.882,0.863,0.879,110218.2044964
1783353600,2026-07-06 16:00:00,0.878,0.898,0.879,0.889,85633.96383002
1783357200,2026-07-06 17:00:00,0.882,0.894,0.89,0.886,16093.69129111
1783360800,2026-07-06 18:00:00,0.885,0.892,0.886,0.889,43870.35863371
1783364400,2026-07-06 19:00:00,0.886,0.893,0.889,0.889,81011.82226427
1783368000,2026-07-06 20:00:00,0.884,0.888,0.888,0.886,36512.43944556
1783371600,2026-07-06 21:00:00,0.886,0.907,0.887,0.897,186535.74121041
1783375200,2026-07-06 22:00:00,0.888,0.897,0.896,0.889,20497.6578176
1783378800,2026-07-06 23:00:00,0.883,0.891,0.889,0.884,11363.11760441
1783382400,2026-07-07 00:00:00,0.881,0.886,0.885,0.884,61318.06116707
1783386000,2026-07-07 01:00:00,0.877,0.884,0.884,0.88,55344.52757718
1783389600,2026-07-07 02:00:00,0.868,0.881,0.88,0.868,34785.39473655
1783393200,2026-07-07 03:00:00,0.857,0.869,0.868,0.858,29063.50435532
1783396800,2026-07-07 04:00:00,0.857,0.86,0.858,0.859,14832.51436453
1783400400,2026-07-07 05:00:00,0.853,0.865,0.859,0.865,128999.50361125
1783404000,2026-07-07 06:00:00,0.863,0.868,0.866,0.868,40528.61417822
1783407600,2026-07-07 07:00:00,0.86,0.867,0.867,0.86,7501.25175252
1783411200,2026-07-07 08:00:00,0.86,0.864,0.861,0.862,3893.20608967
1783414800,2026-07-07 09:00:00,0.86,0.863,0.862,0.863,12004.70927972
1783418400,2026-07-07 10:00:00,0.861,0.865,0.863,0.861,19053.37796572
1783422000,2026-07-07 11:00:00,0.86,0.866,0.861,0.866,15495.65514372
1783425600,2026-07-07 12:00:00,0.865,0.872,0.866,0.865,33079.01175733
1783429200,2026-07-07 13:00:00,0.856,0.865,0.865,0.856,44707.41940738
1783432800,2026-07-07 14:00:00,0.85,0.865,0.858,0.864,40711.56880993
1783436400,2026-07-07 15:00:00,0.863,0.875,0.864,0.873,42830.19608863
1783440000,2026-07-07 16:00:00,0.868,0.876,0.872,0.874,25424.74805003
1783443600,2026-07-07 17:00:00,0.869,0.875,0.872,0.873,8629.12953023
1783447200,2026-07-07 18:00:00,0.859,0.872,0.872,0.859,45568.59248126
1783450800,2026-07-07 19:00:00,0.855,0.864,0.859,0.864,35999.62879766
1783454400,2026-07-07 20:00:00,0.855,0.864,0.862,0.858,8896.0924629
1783458000,2026-07-07 21:00:00,0.85,0.86,0.858,0.85,9598.09861149
1783461600,2026-07-07 22:00:00,0.845,0.853,0.849,0.852,49631.13110635
1783465200,2026-07-07 23:00:00,0.85,0.855,0.853,0.85,23077.23643442
1783468800,2026-07-08 00:00:00,0.849,0.856,0.851,0.856,11196.94316563
1783472400,2026-07-08 01:00:00,0.839,0.856,0.855,0.84,83399.99457961
1783476000,2026-07-08 02:00:00,0.829,0.839,0.839,0.834,41673.69357494
1783479600,2026-07-08 03:00:00,0.832,0.838,0.834,0.832,15426.4557759
1783483200,2026-07-08 04:00:00,0.831,0.835,0.831,0.835,14817.62769447
1783486800,2026-07-08 05:00:00,0.834,0.838,0.835,0.834,30863.28429144
1783490400,2026-07-08 06:00:00,0.83,0.835,0.834,0.834,138225.64978217
1783494000,2026-07-08 07:00:00,0.832,0.841,0.834,0.84,11013.66422765
1783497600,2026-07-08 08:00:00,0.821,0.842,0.84,0.826,85144.71435159
1783501200,2026-07-08 09:00:00,0.822,0.827,0.827,0.825,23108.28067184
1783504800,2026-07-08 10:00:00,0.824,0.833,0.825,0.832,13309.34834963
1783508400,2026-07-08 11:00:00,0.83,0.838,0.831,0.832,27461.93412141
1783512000,2026-07-08 12:00:00,0.828,0.834,0.833,0.828,24527.61831068
1783515600,2026-07-08 13:00:00,0.824,0.831,0.828,0.829,64032.34113571
1783519200,2026-07-08 14:00:00,0.819,0.831,0.829,0.821,39027.09468877
1783522800,2026-07-08 15:00:00,0.815,0.821,0.821,0.819,22251.01948373
1783526400,2026-07-08 16:00:00,0.819,0.828,0.82,0.828,30271.12516993
1783530000,2026-07-08 17:00:00,0.824,0.83,0.829,0.824,5199.21236352
1783533600,2026-07-08 18:00:00,0.823,0.827,0.824,0.826,30632.15014081
1783537200,2026-07-08 19:00:00,0.823,0.826,0.825,0.825,16297.82999549
1783540800,2026-07-08 20:00:00,0.821,0.826,0.824,0.821,141867.33066239
1783544400,2026-07-08 21:00:00,0.819,0.825,0.821,0.825,114342.67013722
1783548000,2026-07-08 22:00:00,0.823,0.826,0.826,0.825,53317.12931686
1783551600,2026-07-08 23:00:00,0.823,0.826,0.824,0.826,5583.41764698
1783555200,2026-07-09 00:00:00,0.823,0.827,0.826,0.825,16185.27264996
1783558800,2026-07-09 01:00:00,0.825,0.834,0.826,0.825,15139.15622988
1783562400,2026-07-09 02:00:00,0.823,0.831,0.827,0.823,23983.15996358
1783566000,2026-07-09 03:00:00,0.82,0.827,0.823,0.826,9122.60799212
1783569600,2026-07-09 04:00:00,0.825,0.834,0.826,0.833,15579.99957605
1783573200,2026-07-09 05:00:00,0.832,0.837,0.832,0.836,36112.46120816
1783576800,2026-07-09 06:00:00,0.834,0.838,0.837,0.836,28215.42018755
1783580400,2026-07-09 07:00:00,0.832,0.838,0.836,0.833,17921.84902395
1783584000,2026-07-09 08:00:00,0.832,0.835,0.833,0.832,9953.58521684
1783587600,2026-07-09 09:00:00,0.829,0.833,0.831,0.831,53479.87007609
1783591200,2026-07-09 10:00:00,0.827,0.831,0.831,0.829,9898.65295325
1783594800,2026-07-09 11:00:00,0.83,0.833,0.83,0.832,16056.19388292
1783598400,2026-07-09 12:00:00,0.827,0.833,0.833,0.828,32759.76834996
1783602000,2026-07-09 13:00:00,0.825,0.834,0.828,0.833,14661.37209517
1783605600,2026-07-09 14:00:00,0.828,0.834,0.833,0.832,29919.69293524
1783609200,2026-07-09 15:00:00,0.827,0.833,0.832,0.827,23205.24227029
1783612800,2026-07-09 16:00:00,0.824,0.83,0.829,0.825,33435.82028655
1783616400,2026-07-09 17:00:00,0.824,0.83,0.826,0.829,141027.25750279
1783620000,2026-07-09 18:00:00,0.829,0.834,0.829,0.829,54186.59132051
1783623600,2026-07-09 19:00:00,0.825,0.829,0.829,0.825,84670.93865542
1783627200,2026-07-09 20:00:00,0.824,0.828,0.825,0.827,28567.00509082
1783630800,2026-07-09 21:00:00,0.824,0.828,0.826,0.826,6772.81094151
1783634400,2026-07-09 22:00:00,0.825,0.828,0.825,0.826,7508.24758711
1783638000,2026-07-09 23:00:00,0.823,0.828,0.827,0.826,37223.94946993
1783641600,2026-07-10 00:00:00,0.82,0.825,0.825,0.824,33066.66474787
1783645200,2026-07-10 01:00:00,0.822,0.841,0.824,0.836,113114.27284702
1783648800,2026-07-10 02:00:00,0.835,0.842,0.836,0.841,25504.60883559
1783652400,2026-07-10 03:00:00,0.84,0.848,0.842,0.845,89247.64917464
1783656000,2026-07-10 04:00:00,0.843,0.846,0.845,0.843,141169.65737266
1783659600,2026-07-10 05:00:00,0.843,0.85,0.844,0.849,19099.57222328
1783663200,2026-07-10 06:00:00,0.842,0.852,0.85,0.843,225014.57171592
1783666800,2026-07-10 07:00:00,0.842,0.848,0.843,0.847,19471.87078336
1783670400,2026-07-10 08:00:00,0.847,0.861,0.847,0.858,34705.73056661
1783674000,2026-07-10 09:00:00,0.854,0.893,0.857,0.884,271964.61678096
1783677600,2026-07-10 10:00:00,0.875,0.895,0.884,0.882,218104.77150826
1783681200,2026-07-10 11:00:00,0.876,0.887,0.882,0.883,500683.87046362
1783684800,2026-07-10 12:00:00,0.875,0.888,0.884,0.875,125049.15106592
1783688400,2026-07-10 13:00:00,0.875,0.886,0.875,0.884,49257.8439482
1783692000,2026-07-10 14:00:00,0.868,0.887,0.884,0.869,411530.23046996
1783695600,2026-07-10 15:00:00,0.866,0.877,0.869,0.874,261896.23221372
1783699200,2026-07-10 16:00:00,0.871,0.884,0.874,0.882,67050.93180996
1783702800,2026-07-10 17:00:00,0.874,0.883,0.882,0.874,70411.14530407
1783706400,2026-07-10 18:00:00,0.867,0.878,0.874,0.868,69255.58163282
1783710000,2026-07-10 19:00:00,0.868,0.876,0.868,0.872,68661.96624166
1783713600,2026-07-10 20:00:00,0.868,0.875,0.873,0.871,43017.01709611
1783717200,2026-07-10 21:00:00,0.87,0.882,0.87,0.879,90385.05354141
1783720800,2026-07-10 22:00:00,0.877,0.88,0.879,0.878,25452.99310162
1783724400,2026-07-10 23:00:00,0.875,0.879,0.878,0.876,68619.28796207
1783728000,2026-07-11 00:00:00,0.871,0.882,0.877,0.88,53471.06385008
1783731600,2026-07-11 01:00:00,0.874,0.88,0.88,0.878,28980.10151929
1783735200,2026-07-11 02:00:00,0.876,0.882,0.878,0.878,121542.09582877
1783738800,2026-07-11 03:00:00,0.877,0.884,0.879,0.884,119240.37387957
1783742400,2026-07-11 04:00:00,0.876,0.885,0.884,0.878,13118.72432809
1783746000,2026-07-11 05:00:00,0.876,0.881,0.877,0.876,24086.93562516
1783749600,2026-07-11 06:00:00,0.875,0.88,0.876,0.876,50775.76861355
1783753200,2026-07-11 07:00:00,0.874,0.877,0.876,0.875,8726.8187266
1783756800,2026-07-11 08:00:00,0.873,0.88,0.876,0.88,34925.54203053
1783760400,2026-07-11 09:00:00,0.877,0.881,0.88,0.879,42848.8444046
1783764000,2026-07-11 10:00:00,0.876,0.886,0.88,0.877,74028.49891641
1783767600,2026-07-11 11:00:00,0.878,0.88,0.878,0.88,15222.01985252
1783771200,2026-07-11 12:00:00,0.877,0.881,0.878,0.877,41066.54632564
1783774800,2026-07-11 13:00:00,0.875,0.88,0.877,0.878,48896.65281769
1783778400,2026-07-11 14:00:00,0.877,0.882,0.878,0.878,116018.0790165
1783782000,2026-07-11 15:00:00,0.876,0.885,0.879,0.879,88574.64571657
1783785600,2026-07-11 16:00:00,0.875,0.88,0.878,0.879,45219.95490673
1783789200,2026-07-11 17:00:00,0.878,0.882,0.878,0.879,7456.40514231
1783792800,2026-07-11 18:00:00,0.878,0.882,0.878,0.879,10753.11003014
1783796400,2026-07-11 19:00:00,0.876,0.881,0.878,0.88,26901.46572611
1783800000,2026-07-11 20:00:00,0.878,0.882,0.879,0.882,5473.73775595
1783803600,2026-07-11 21:00:00,0.875,0.883,0.882,0.876,11882.76259836
1783807200,2026-07-11 22:00:00,0.863,0.876,0.876,0.864,47403.60662275
1783810800,2026-07-11 23:00:00,0.85,0.866,0.864,0.853,100375.06461642
1783814400,2026-07-12 00:00:00,0.844,0.854,0.853,0.851,79183.0025049
1783818000,2026-07-12 01:00:00,0.851,0.858,0.851,0.857,49377.51679845
1783821600,2026-07-12 02:00:00,0.854,0.857,0.857,0.854,27904.69102875
1783825200,2026-07-12 03:00:00,0.854,0.858,0.854,0.856,10596.27309581
1783828800,2026-07-12 04:00:00,0.852,0.858,0.856,0.854,36640.04021781
1783832400,2026-07-12 05:00:00,0.849,0.855,0.855,0.852,18895.73653164
1783836000,2026-07-12 06:00:00,0.844,0.851,0.851,0.846,24652.75494349
1783839600,2026-07-12 07:00:00,0.845,0.847,0.846,0.847,4610.80214583
1783843200,2026-07-12 08:00:00,0.847,0.85,0.847,0.848,14423.15398818
1783846800,2026-07-12 09:00:00,0.843,0.848,0.848,0.845,19124.5201363
1783850400,2026-07-12 10:00:00,0.845,0.848,0.846,0.846,2605.25842846
1783854000,2026-07-12 11:00:00,0.843,0.849,0.846,0.847,13786.43745731
1783857600,2026-07-12 12:00:00,0.845,0.85,0.847,0.845,6965.47000237
1783861200,2026-07-12 13:00:00,0.841,0.846,0.845,0.841,16731.13638011
1783864800,2026-07-12 14:00:00,0.839,0.846,0.841,0.845,52650.21309358
1783868400,2026-07-12 15:00:00,0.843,0.847,0.844,0.845,90160.62784294
1783872000,2026-07-12 16:00:00,0.842,0.845,0.844,0.843,19174.87318229
1783875600,2026-07-12 17:00:00,0.834,0.843,0.843,0.837,106567.81390342
1783879200,2026-07-12 18:00:00,0.836,0.843,0.837,0.843,117805.13665457
1783882800,2026-07-12 19:00:00,0.842,0.845,0.843,0.845,5867.08222393
1783886400,2026-07-12 20:00:00,0.844,0.852,0.844,0.852,60202.95345792
1783890000,2026-07-12 21:00:00,0.846,0.853,0.852,0.847,83706.26331341
1783893600,2026-07-12 22:00:00,0.843,0.847,0.846,0.845,169260.92076212
1783897200,2026-07-12 23:00:00,0.843,0.846,0.845,0.844,50742.45807895
1783900800,2026-07-13 00:00:00,0.841,0.859,0.846,0.847,162493.93710527
1783904400,2026-07-13 01:00:00,0.83,0.847,0.847,0.83,47497.62363906
1783908000,2026-07-13 02:00:00,0.829,0.837,0.831,0.833,31994.70113677
1783911600,2026-07-13 03:00:00,0.825,0.834,0.833,0.828,28617.21493411
1783915200,2026-07-13 04:00:00,0.826,0.831,0.827,0.828,24134.42822594
1783918800,2026-07-13 05:00:00,0.829,0.835,0.83,0.834,9523.02060434
1783922400,2026-07-13 06:00:00,0.831,0.834,0.833,0.834,9961.82634603
1783926000,2026-07-13 07:00:00,0.832,0.838,0.834,0.837,7270.66438243
1783929600,2026-07-13 08:00:00,0.831,0.837,0.837,0.836,10669.85049548
1783933200,2026-07-13 09:00:00,0.831,0.836,0.835,0.831,3625.525268
1783936800,2026-07-13 10:00:00,0.831,0.836,0.831,0.834,4237.45287958
1783940400,2026-07-13 11:00:00,0.829,0.837,0.834,0.832,92569.62194996
1783944000,2026-07-13 12:00:00,0.828,0.835,0.831,0.829,51918.27341409
1783947600,2026-07-13 13:00:00,0.825,0.831,0.829,0.828,40021.67034804
1783951200,2026-07-13 14:00:00,0.824,0.837,0.829,0.837,80533.50156071
1783954800,2026-07-13 15:00:00,0.835,0.839,0.836,0.837,16411.27475314
1783958400,2026-07-13 16:00:00,0.833,0.841,0.837,0.838,27816.58591139
1783962000,2026-07-13 17:00:00,0.826,0.839,0.838,0.826,31509.86007607
1783965600,2026-07-13 18:00:00,0.827,0.831,0.827,0.83,12282.09182214
1783969200,2026-07-13 19:00:00,0.83,0.84,0.83,0.839,57183.33520668
1783972800,2026-07-13 20:00:00,0.833,0.84,0.839,0.834,12850.31136237
1783976400,2026-07-13 21:00:00,0.827,0.835,0.834,0.832,8135.77799288
1783980000,2026-07-13 22:00:00,0.83,0.834,0.832,0.83,25083.64686919
1783983600,2026-07-13 23:00:00,0.83,0.836,0.83,0.836,35930.0416593
1783987200,2026-07-14 00:00:00,0.835,0.841,0.837,0.84,51626.41371482
1783990800,2026-07-14 01:00:00,0.833,0.84,0.84,0.834,12392.56619975
1783994400,2026-07-14 02:00:00,0.83,0.834,0.833,0.83,44558.6626201
1783998000,2026-07-14 03:00:00,0.828,0.835,0.829,0.834,57585.17505017
1784001600,2026-07-14 04:00:00,0.834,0.838,0.835,0.836,45081.73908876
1784005200,2026-07-14 05:00:00,0.836,0.847,0.836,0.844,63651.19401229
1784008800,2026-07-14 06:00:00,0.838,0.846,0.845,0.84,48474.74237682
1784012400,2026-07-14 07:00:00,0.84,0.847,0.84,0.843,42721.53371461
1784016000,2026-07-14 08:00:00,0.842,0.845,0.844,0.842,41067.44557494
1784019600,2026-07-14 09:00:00,0.842,0.849,0.842,0.843,92163.36782771
1784023200,2026-07-14 10:00:00,0.839,0.845,0.843,0.841,164069.06240792
1784026800,2026-07-14 11:00:00,0.836,0.842,0.841,0.836,38510.25828125
1784030400,2026-07-14 12:00:00,0.833,0.846,0.836,0.843,137650.95978094
1784034000,2026-07-14 13:00:00,0.842,0.853,0.843,0.849,105825.99490363
1784037600,2026-07-14 14:00:00,0.846,0.854,0.85,0.851,135987.47383335
1784041200,2026-07-14 15:00:00,0.849,0.859,0.851,0.852,147866.69073205
1784044800,2026-07-14 16:00:00,0.851,0.859,0.852,0.854,40381.36219651
1784048400,2026-07-14 17:00:00,0.847,0.855,0.854,0.855,132862.02415999
1784052000,2026-07-14 18:00:00,0.848,0.855,0.854,0.848,189693.90584425
1784055600,2026-07-14 19:00:00,0.844,0.85,0.848,0.849,216125.34770798
1784059200,2026-07-14 20:00:00,0.843,0.849,0.848,0.846,41137.00320339
1784062800,2026-07-14 21:00:00,0.845,0.852,0.845,0.848,169556.30849039
1784066400,2026-07-14 22:00:00,0.846,0.853,0.848,0.849,73091.37418082
1784070000,2026-07-14 23:00:00,0.847,0.852,0.849,0.851,28399.51572814
1784073600,2026-07-15 00:00:00,0.851,0.857,0.852,0.855,69238.78376274
1784077200,2026-07-15 01:00:00,0.854,0.859,0.855,0.856,55770.52944545
1784080800,2026-07-15 02:00:00,0.851,0.858,0.856,0.851,29296.68529167
1784084400,2026-07-15 03:00:00,0.849,0.856,0.851,0.854,23613.60268358
1784088000,2026-07-15 04:00:00,0.849,0.854,0.854,0.852,17315.59073928
1784091600,2026-07-15 05:00:00,0.847,0.855,0.852,0.855,17670.1178239
1784095200,2026-07-15 06:00:00,0.854,0.86,0.856,0.857,29164.27920091
1784098800,2026-07-15 07:00:00,0.851,0.856,0.856,0.853,20578.73296996
1784102400,2026-07-15 08:00:00,0.85,0.853,0.852,0.853,43682.32175421
1784106000,2026-07-15 09:00:00,0.849,0.855,0.853,0.85,29924.3176388
1784109600,2026-07-15 10:00:00,0.85,0.854,0.85,0.851,32571.43327588
1784113200,2026-07-15 11:00:00,0.849,0.852,0.85,0.851,35644.92316445
1784116800,2026-07-15 12:00:00,0.85,0.863,0.851,0.861,82091.31350671
1784120400,2026-07-15 13:00:00,0.856,0.867,0.862,0.86,57631.07786924
1784124000,2026-07-15 14:00:00,0.855,0.861,0.86,0.86,32149.06956659
1784127600,2026-07-15 15:00:00,0.854,0.86,0.859,0.856,39095.3097568
1784131200,2026-07-15 16:00:00,0.841,0.855,0.855,0.848,178169.60523406
1784134800,2026-07-15 17:00:00,0.847,0.854,0.848,0.853,60008.21038873
1784138400,2026-07-15 18:00:00,0.853,0.856,0.853,0.854,80393.98114555
1784142000,2026-07-15 19:00:00,0.838,0.857,0.854,0.839,42926.21934897
1784145600,2026-07-15 20:00:00,0.84,0.847,0.84,0.845,28994.1683164
1784149200,2026-07-15 21:00:00,0.844,0.847,0.846,0.845,27198.53630881
1784152800,2026-07-15 22:00:00,0.846,0.85,0.846,0.846,44190.20040726
1784156400,2026-07-15 23:00:00,0.845,0.848,0.847,0.846,25145.0103915
1784160000,2026-07-16 00:00:00,0.842,0.848,0.847,0.843,51982.01020887
1784163600,2026-07-16 01:00:00,0.837,0.845,0.842,0.843,54086.20267637
1784167200,2026-07-16 02:00:00,0.843,0.849,0.844,0.847,48513.142709
1784170800,2026-07-16 03:00:00,0.845,0.85,0.848,0.849,26704.5158701
1784174400,2026-07-16 04:00:00,0.841,0.85,0.85,0.842,51872.04993735
1784178000,2026-07-16 05:00:00,0.841,0.846,0.842,0.845,35391.48221164
1784181600,2026-07-16 06:00:00,0.838,0.846,0.845,0.842,167378.280636
1784185200,2026-07-16 07:00:00,0.833,0.841,0.841,0.834,55275.67235952
1784188800,2026-07-16 08:00:00,0.828,0.837,0.835,0.835,134164.59673189
1784192400,2026-07-16 09:00:00,0.835,0.837,0.835,0.836,12089.51884817
1784196000,2026-07-16 10:00:00,0.837,0.84,0.837,0.84,11228.88057801
1784199600,2026-07-16 11:00:00,0.838,0.841,0.84,0.839,48282.41920538
1784203200,2026-07-16 12:00:00,0.834,0.841,0.839,0.836,86665.2651262
1784206800,2026-07-16 13:00:00,0.835,0.847,0.836,0.847,61199.5151065
1784210400,2026-07-16 14:00:00,0.847,0.851,0.848,0.851,101252.4560793
1784214000,2026-07-16 15:00:00,0.845,0.86,0.851,0.854,74067.17396038
1784217600,2026-07-16 16:00:00,0.843,0.858,0.854,0.845,104480.51552646
1784221200,2026-07-16 17:00:00,0.841,0.851,0.844,0.847,98611.52823551
1784224800,2026-07-16 18:00:00,0.848,0.855,0.848,0.853,28129.80266391
1784228400,2026-07-16 19:00:00,0.852,0.857,0.853,0.856,37876.09624876
1784232000,2026-07-16 20:00:00,0.851,0.861,0.857,0.851,42747.87637391
1784235600,2026-07-16 21:00:00,0.852,0.872,0.852,0.869,57161.27513498
1784239200,2026-07-16 22:00:00,0.855,0.871,0.869,0.856,147130.92629765
1784242800,2026-07-16 23:00:00,0.852,0.858,0.856,0.858,177187.13526383
1784246400,2026-07-17 00:00:00,0.855,0.865,0.858,0.865,99154.21167369
1784250000,2026-07-17 01:00:00,0.86,0.869,0.865,0.861,119983.75044412
1784253600,2026-07-17 02:00:00,0.852,0.864,0.861,0.854,80356.10352611
1784257200,2026-07-17 03:00:00,0.854,0.866,0.854,0.858,38603.01459233
1784260800,2026-07-17 04:00:00,0.855,0.861,0.857,0.858,33183.92784309
1784264400,2026-07-17 05:00:00,0.844,0.858,0.858,0.845,52309.59561669
1784268000,2026-07-17 06:00:00,0.844,0.851,0.844,0.85,60781.38732375
1784271600,2026-07-17 07:00:00,0.848,0.856,0.851,0.849,164695.75518063
1784275200,2026-07-17 08:00:00,0.841,0.854,0.849,0.849,102834.1304917
1784278800,2026-07-17 09:00:00,0.849,0.856,0.849,0.854,46763.92655236
1784282400,2026-07-17 10:00:00,0.854,0.861,0.854,0.857,38844.01781826
1784286000,2026-07-17 11:00:00,0.852,0.858,0.857,0.852,15472.66681884
1784289600,2026-07-17 12:00:00,0.844,0.854,0.852,0.844,39241.51033434
1784293200,2026-07-17 13:00:00,0.834,0.845,0.844,0.844,144839.61060993
1784296800,2026-07-17 14:00:00,0.842,0.849,0.844,0.844,58687.54852754
1784300400,2026-07-17 15:00:00,0.838,0.849,0.843,0.849,177428.71176092
1784304000,2026-07-17 16:00:00,0.846,0.863,0.848,0.857,157449.71020092
1784307600,2026-07-17 17:00:00,0.849,0.863,0.858,0.849,25977.18742748
1784311200,2026-07-17 18:00:00,0.849,0.858,0.85,0.856,32857.31429403
1784314800,2026-07-17 19:00:00,0.851,0.857,0.857,0.852,9656.78962555
1784318400,2026-07-17 20:00:00,0.85,0.855,0.852,0.854,102092.83899595
1784322000,2026-07-17 21:00:00,0.85,0.856,0.855,0.85,24587.33877723
1784325600,2026-07-17 22:00:00,0.848,0.851,0.85,0.849,15858.59131903
1784329200,2026-07-17 23:00:00,0.847,0.85,0.849,0.848,13466.4819225
1784332800,2026-07-18 00:00:00,0.847,0.852,0.847,0.85,68977.31083826
1784336400,2026-07-18 01:00:00,0.847,0.85,0.849,0.847,29961.35299656
1784340000,2026-07-18 02:00:00,0.847,0.85,0.847,0.848,19294.13888359
1784343600,2026-07-18 03:00:00,0.847,0.851,0.847,0.851,23884.93798961
1784347200,2026-07-18 04:00:00,0.848,0.851,0.85,0.849,12689.94523753
1784350800,2026-07-18 05:00:00,0.843,0.849,0.849,0.845,19593.01177925
1784354400,2026-07-18 06:00:00,0.844,0.847,0.844,0.846,52779.83650617
1784358000,2026-07-18 07:00:00,0.841,0.846,0.846,0.842,50988.98679529
1784361600,2026-07-18 08:00:00,0.841,0.843,0.841,0.842,15875.79240718
1784365200,2026-07-18 09:00:00,0.836,0.842,0.842,0.837,30128.03892787
1784368800,2026-07-18 10:00:00,0.835,0.838,0.837,0.836,3938.84500818
1784372400,2026-07-18 11:00:00,0.837,0.838,0.837,0.837,3766.90937339
1784376000,2026-07-18 12:00:00,0.834,0.84,0.838,0.838,47839.03170619
1784379600,2026-07-18 13:00:00,0.834,0.838,0.838,0.835,14930.33957491
1784383200,2026-07-18 14:00:00,0.83,0.835,0.834,0.834,61003.88896223
1784386800,2026-07-18 15:00:00,0.831,0.834,0.834,0.831,21495.77725981
1784390400,2026-07-18 16:00:00,0.83,0.834,0.831,0.832,53825.06958137
1784394000,2026-07-18 17:00:00,0.83,0.836,0.831,0.835,37450.44371563
1784397600,2026-07-18 18:00:00,0.835,0.84,0.836,0.835,49218.65947612
1784401200,2026-07-18 19:00:00,0.834,0.836,0.835,0.836,40160.30338932
1784404800,2026-07-18 20:00:00,0.834,0.837,0.835,0.835,10687.87675099
1784408400,2026-07-18 21:00:00,0.835,0.838,0.836,0.837,16732.12119763
1784412000,2026-07-18 22:00:00,0.835,0.837,0.837,0.837,12070.79703659
1784415600,2026-07-18 23:00:00,0.834,0.838,0.837,0.838,61883.77809835
1784419200,2026-07-19 00:00:00,0.833,0.84,0.839,0.834,59970.00658767
1784422800,2026-07-19 01:00:00,0.833,0.835,0.834,0.835,13799.2879002
1784426400,2026-07-19 02:00:00,0.834,0.839,0.835,0.837,20450.14554241
1784430000,2026-07-19 03:00:00,0.834,0.837,0.836,0.837,7340.0507451
1784433600,2026-07-19 04:00:00,0.835,0.841,0.838,0.837,37841.4346441
1784437200,2026-07-19 05:00:00,0.835,0.838,0.837,0.836,8800.36807016
1784440800,2026-07-19 06:00:00,0.835,0.839,0.836,0.838,154617.04168372
1784444400,2026-07-19 07:00:00,0.836,0.838,0.838,0.837,48600.66043246
1784448000,2026-07-19 08:00:00,0.835,0.838,0.837,0.835,12882.68580828
1784451600,2026-07-19 09:00:00,0.831,0.836,0.835,0.832,6619.09224819
1784455200,2026-07-19 10:00:00,0.831,0.835,0.831,0.832,26540.77212561
1784458800,2026-07-19 11:00:00,0.826,0.834,0.832,0.828,38083.51826036
1784462400,2026-07-19 12:00:00,0.823,0.828,0.826,0.827,53418.05585104
1784466000,2026-07-19 13:00:00,0.823,0.827,0.827,0.825,18511.20839567
1784469600,2026-07-19 14:00:00,0.824,0.829,0.825,0.825,114729.42682097
1784473200,2026-07-19 15:00:00,0.821,0.825,0.825,0.824,75025.58796471
1784476800,2026-07-19 16:00:00,0.822,0.825,0.824,0.822,29503.15256043
1784480400,2026-07-19 17:00:00,0.808,0.821,0.821,0.817,323269.41380498
1784484000,2026-07-19 18:00:00,0.81,0.816,0.816,0.812,46698.16737046
1784487600,2026-07-19 19:00:00,0.811,0.817,0.812,0.816,40253.78093589
1784491200,2026-07-19 20:00:00,0.815,0.817,0.817,0.817,28830.03194945
1784494800,2026-07-19 21:00:00,0.814,0.817,0.817,0.816,25558.96808214
1784498400,2026-07-19 22:00:00,0.812,0.82,0.817,0.817,86426.82162677
1784502000,2026-07-19 23:00:00,0.814,0.819,0.816,0.819,70193.26131751
1784505600,2026-07-20 00:00:00,0.811,0.826,0.818,0.814,80443.44388036
1784509200,2026-07-20 01:00:00,0.807,0.819,0.813,0.809,65166.70568143
1784512800,2026-07-20 02:00:00,0.809,0.815,0.809,0.814,48573.40569917
1784516400,2026-07-20 03:00:00,0.812,0.817,0.814,0.814,43884.18559849
1784520000,2026-07-20 04:00:00,0.809,0.815,0.814,0.812,213003.18475916
1784523600,2026-07-20 05:00:00,0.803,0.812,0.811,0.808,100832.28951602
1784527200,2026-07-20 06:00:00,0.801,0.809,0.808,0.804,61992.56976864
1784530800,2026-07-20 07:00:00,0.801,0.808,0.805,0.807,29157.57715729
1784534400,2026-07-20 08:00:00,0.801,0.808,0.808,0.803,18152.08625211
1784538000,2026-07-20 09:00:00,0.802,0.806,0.803,0.806,7020.4512186
1784541600,2026-07-20 10:00:00,0.805,0.81,0.806,0.807,48734.56951603
1784545200,2026-07-20 11:00:00,0.806,0.816,0.808,0.816,16020.53529037
1784548800,2026-07-20 12:00:00,0.811,0.816,0.816,0.812,31815.3713008
1784552400,2026-07-20 13:00:00,0.811,0.818,0.812,0.812,47572.67930577
1784556000,2026-07-20 14:00:00,0.808,0.815,0.812,0.81,22502.00120433
1784559600,2026-07-20 15:00:00,0.81,0.825,0.811,0.823,102619.28170169
1784563200,2026-07-20 16:00:00,0.817,0.827,0.822,0.82,107184.98301844
1784566800,2026-07-20 17:00:00,0.818,0.826,0.818,0.823,38172.7802157
1784570400,2026-07-20 18:00:00,0.821,0.827,0.824,0.821,29652.13489739
1784574000,2026-07-20 19:00:00,0.821,0.825,0.823,0.824,58744.35205305
1784577600,2026-07-20 20:00:00,0.823,0.829,0.824,0.828,19578.7800997
1784581200,2026-07-20 21:00:00,0.823,0.831,0.828,0.823,32168.39881107
1784584800,2026-07-20 22:00:00,0.82,0.824,0.824,0.823,5555.95539592
1784588400,2026-07-20 23:00:00,0.824,0.829,0.824,0.826,28835.27621795
1784592000,2026-07-21 00:00:00,0.826,0.83,0.826,0.828,7307.62481438
1784595600,2026-07-21 01:00:00,0.826,0.831,0.828,0.827,21476.88219129
1784599200,2026-07-21 02:00:00,0.825,0.834,0.828,0.832,8170.23107534
1784602800,2026-07-21 03:00:00,0.833,0.838,0.833,0.838,42162.93957447
1784606400,2026-07-21 04:00:00,0.833,0.839,0.839,0.835,16002.50274276
1784610000,2026-07-21 05:00:00,0.835,0.847,0.835,0.846,57448.67082141
1784613600,2026-07-21 06:00:00,0.846,0.864,0.846,0.856,396554.39490582
1784617200,2026-07-21 07:00:00,0.852,0.861,0.856,0.854,560848.85115824
1784620800,2026-07-21 08:00:00,0.855,0.86,0.856,0.856,35735.51032263
1784624400,2026-07-21 09:00:00,0.855,0.865,0.856,0.865,45083.7226908
1784628000,2026-07-21 10:00:00,0.858,0.868,0.866,0.861,32389.3025666
1784631600,2026-07-21 11:00:00,0.855,0.861,0.86,0.857,12580.5371991
1784635200,2026-07-21 12:00:00,0.855,0.86,0.857,0.859,69520.25437721
1784638800,2026-07-21 13:00:00,0.856,0.863,0.86,0.86,121974.31071147
1784642400,2026-07-21 14:00:00,0.856,0.862,0.86,0.858,15147.48546659
1784646000,2026-07-21 15:00:00,0.852,0.859,0.859,0.855,113486.75745528
1784649600,2026-07-21 16:00:00,0.851,0.855,0.855,0.852,19713.98604374
1784653200,2026-07-21 17:00:00,0.848,0.856,0.852,0.855,107316.11122223
1784656800,2026-07-21 18:00:00,0.852,0.855,0.855,0.855,49047.45763708
1784660400,2026-07-21 19:00:00,0.852,0.857,0.856,0.854,38004.06529478
1784664000,2026-07-21 20:00:00,0.849,0.855,0.855,0.849,46367.04880906
1784667600,2026-07-21 21:00:00,0.849,0.855,0.849,0.851,13378.43073612
1784671200,2026-07-21 22:00:00,0.845,0.851,0.849,0.847,43974.11736679
1784674800,2026-07-21 23:00:00,0.843,0.846,0.846,0.846,153743.88322969
1784678400,2026-07-22 00:00:00,0.846,0.853,0.846,0.851,78740.12522846
1784682000,2026-07-22 01:00:00,0.849,0.853,0.851,0.853,27182.68940524
1784685600,2026-07-22 02:00:00,0.851,0.855,0.853,0.853,155276.52914679
1784689200,2026-07-22 03:00:00,0.847,0.857,0.854,0.848,184857.09208926
1784692800,2026-07-22 04:00:00,0.848,0.854,0.848,0.854,24552.71194025
1784696400,2026-07-22 05:00:00,0.841,0.853,0.853,0.843,83387.34344814
1784700000,2026-07-22 06:00:00,0.839,0.843,0.843,0.841,11584.013781
1784703600,2026-07-22 07:00:00,0.837,0.841,0.84,0.84,68291.86774151
1784707200,2026-07-22 08:00:00,0.84,0.842,0.84,0.842,17736.18409604
1784710800,2026-07-22 09:00:00,0.836,0.842,0.842,0.838,27359.47730171
1784714400,2026-07-22 10:00:00,0.837,0.841,0.837,0.84,9783.53264016
1784718000,2026-07-22 11:00:00,0.837,0.841,0.84,0.838,43263.70275241
1784721600,2026-07-22 12:00:00,0.832,0.837,0.837,0.836,163453.37177318
1784725200,2026-07-22 13:00:00,0.834,0.841,0.836,0.84,26075.20619063
1784728800,2026-07-22 14:00:00,0.836,0.846,0.84,0.839,38053.11306288
1784732400,2026-07-22 15:00:00,0.838,0.845,0.839,0.844,15721.56208038
1784736000,2026-07-22 16:00:00,0.843,0.852,0.844,0.852,43763.93843274
1784739600,2026-07-22 17:00:00,0.843,0.853,0.852,0.844,40532.24934976
1784743200,2026-07-22 18:00:00,0.838,0.844,0.844,0.84,15330.24695441
1784746800,2026-07-22 19:00:00,0.836,0.842,0.84,0.84,33561.9267677
1784750400,2026-07-22 20:00:00,0.84,0.843,0.842,0.842,26987.02759147
1784754000,2026-07-22 21:00:00,0.838,0.843,0.843,0.839,31831.48651961
1784757600,2026-07-22 22:00:00,0.835,0.84,0.839,0.837,8121.70717069
1784761200,2026-07-22 23:00:00,0.829,0.836,0.836,0.835,32077.05538532
1784764800,2026-07-23 00:00:00,0.835,0.842,0.835,0.838,29956.31239207
1784768400,2026-07-23 01:00:00,0.831,0.839,0.838,0.831,15989.69584359
1784772000,2026-07-23 02:00:00,0.829,0.832,0.831,0.831,42625.76975925
1784775600,2026-07-23 03:00:00,0.82,0.831,0.831,0.821,76897.10971898
1784779200,2026-07-23 04:00:00,0.82,0.826,0.821,0.824,10966.389206
1784782800,2026-07-23 05:00:00,0.818,0.825,0.824,0.822,36063.26236916
1784786400,2026-07-23 06:00:00,0.82,0.823,0.821,0.823,6333.05035108
1784790000,2026-07-23 07:00:00,0.818,0.822,0.822,0.82,37249.98519598
1784793600,2026-07-23 08:00:00,0.82,0.824,0.82,0.822,20285.70440816
1784797200,2026-07-23 09:00:00,0.817,0.822,0.821,0.819,15701.12724005
1784800800,2026-07-23 10:00:00,0.818,0.822,0.82,0.821,34422.08897189
1784804400,2026-07-23 11:00:00,0.818,0.821,0.821,0.818,72903.18062598
1784808000,2026-07-23 12:00:00,0.814,0.823,0.818,0.817,139994.20692541
1784811600,2026-07-23 13:00:00,0.813,0.818,0.817,0.813,162794.43426284
1784815200,2026-07-23 14:00:00,0.813,0.819,0.814,0.815,18192.19838557
1784818800,2026-07-23 15:00:00,0.81,0.815,0.815,0.814,45141.36606967
1784822400,2026-07-23 16:00:00,0.81,0.814,0.814,0.81,28564.89559789
1784826000,2026-07-23 17:00:00,0.805,0.812,0.81,0.808,36186.5578046
1784829600,2026-07-23 18:00:00,0.806,0.815,0.806,0.815,44484.16489945
1784833200,2026-07-23 19:00:00,0.812,0.818,0.816,0.815,33826.85765731
1784836800,2026-07-23 20:00:00,0.815,0.819,0.815,0.816,15281.08058541
1784840400,2026-07-23 21:00:00,0.814,0.819,0.817,0.817,13011.62624118
1784844000,2026-07-23 22:00:00,0.813,0.817,0.817,0.817,16547.38375423
1784847600,2026-07-23 23:00:00,0.814,0.818,0.817,0.815,18861.86593413
1784851200,2026-07-24 00:00:00,0.811,0.816,0.816,0.815,51290.93317345
1784854800,2026-07-24 01:00:00,0.815,0.819,0.815,0.817,20957.44404016
1784858400,2026-07-24 02:00:00,0.811,0.817,0.816,0.813,8421.1630201
1784862000,2026-07-24 03:00:00,0.813,0.817,0.813,0.814,5572.87136152
1784865600,2026-07-24 04:00:00,0.812,0.815,0.815,0.813,26038.20192841
1784869200,2026-07-24 05:00:00,0.809,0.816,0.814,0.81,15856.39758002
1784872800,2026-07-24 06:00:00,0.809,0.813,0.81,0.81,47550.3232791
1784876400,2026-07-24 07:00:00,0.808,0.814,0.809,0.811,66692.40842776
1784880000,2026-07-24 08:00:00,0.809,0.811,0.811,0.809,6697.89763462
1784883600,2026-07-24 09:00:00,0.806,0.809,0.809,0.806,9013.0472417
1784887200,2026-07-24 10:00:00,0.801,0.806,0.806,0.801,32904.61247024
1784890800,2026-07-24 11:00:00,0.8,0.803,0.801,0.803,30314.32183429
1784894400,2026-07-24 12:00:00,0.799,0.804,0.803,0.799,28559.68451438
1784898000,2026-07-24 13:00:00,0.787,0.8,0.799,0.795,139636.99690416
1784901600,2026-07-24 14:00:00,0.791,0.797,0.795,0.796,32475.35351928
1784905200,2026-07-24 15:00:00,0.795,0.8,0.796,0.798,15192.18090026
1784908800,2026-07-24 16:00:00,0.798,0.801,0.798,0.8,301702.42532825
1784912400,2026-07-24 17:00:00,0.8,0.805,0.8,0.804,34924.36967488
1784916000,2026-07-24 18:00:00,0.802,0.807,0.804,0.806,17942.87582215
1784919600,2026-07-24 19:00:00,0.805,0.807,0.806,0.807,13701.67017463
1784923200,2026-07-24 20:00:00,0.805,0.808,0.807,0.805,6611.86352257
1784926800,2026-07-24 21:00:00,0.801,0.81,0.805,0.805,17566.12878163
1784930400,2026-07-24 22:00:00,0.802,0.807,0.805,0.807,44362.2949671
1784934000,2026-07-24 23:00:00,0.807,0.809,0.807,0.808,30865.98158439
1784937600,2026-07-25 00:00:00,0.805,0.809,0.808,0.809,40299.29717826
1784941200,2026-07-25 01:00:00,0.807,0.809,0.809,0.808,16867.51801901
1784944800,2026-07-25 02:00:00,0.806,0.809,0.808,0.809,7129.79044336
1784948400,2026-07-25 03:00:00,0.809,0.813,0.809,0.811,4667.65131724
1784952000,2026-07-25 04:00:00,0.811,0.817,0.811,0.812,38040.56691298
1784955600,2026-07-25 05:00:00,0.811,0.817,0.812,0.815,174601.5817798
1784959200,2026-07-25 06:00:00,0.81,0.816,0.815,0.813,21422.18950402
1784962800,2026-07-25 07:00:00,0.81,0.814,0.813,0.811,13443.79612248
1784966400,2026-07-25 08:00:00,0.808,0.814,0.811,0.813,9675.01572245
1784970000,2026-07-25 09:00:00,0.813,0.819,0.813,0.816,27927.66004867
1784973600,2026-07-25 10:00:00,0.813,0.818,0.815,0.814,28500.69832203
1784977200,2026-07-25 11:00:00,0.812,0.816,0.815,0.814,5275.96033908
1784980800,2026-07-25 12:00:00,0.813,0.818,0.813,0.818,3335.86452283
1784984400,2026-07-25 13:00:00,0.817,0.825,0.817,0.822,69721.99760389
1784988000,2026-07-25 14:00:00,0.819,0.823,0.822,0.821,6711.49746227
1784991600,2026-07-25 15:00:00,0.82,0.823,0.821,0.822,25840.29729746
1784995200,2026-07-25 16:00:00,0.82,0.823,0.822,0.822,16031.79411285
1784998800,2026-07-25 17:00:00,0.817,0.822,0.822,0.817,13157.65006635
1785002400,2026-07-25 18:00:00,0.817,0.819,0.818,0.817,14338.56122435
1785006000,2026-07-25 19:00:00,0.815,0.817,0.817,0.816,15383.06602668
1785009600,2026-07-25 20:00:00,0.814,0.816,0.816,0.814,6424.26619438
1785013200,2026-07-25 21:00:00,0.813,0.819,0.815,0.817,10682.99730809
1785016800,2026-07-25 22:00:00,0.815,0.817,0.817,0.817,5142.86377031
1785020400,2026-07-25 23:00:00,0.813,0.817,0.817,0.813,6551.10960675
1785024000,2026-07-26 00:00:00,0.813,0.817,0.813,0.816,8823.66494751
1785027600,2026-07-26 01:00:00,0.815,0.816,0.816,0.815,7073.51678587
1785031200,2026-07-26 02:00:00,0.814,0.82,0.814,0.82,8635.78323063
1785034800,2026-07-26 03:00:00,0.817,0.821,0.82,0.82,6811.50633396
1785038400,2026-07-26 04:00:00,0.819,0.823,0.819,0.822,4140.07961919
1785042000,2026-07-26 05:00:00,0.821,0.827,0.821,0.823,25278.21275453
1785045600,2026-07-26 06:00:00,0.82,0.826,0.824,0.826,8476.58170543
1785049200,2026-07-26 07:00:00,0.824,0.828,0.827,0.825,8962.52746664
1785052800,2026-07-26 08:00:00,0.823,0.825,0.825,0.825,9544.11548282
1785056400,2026-07-26 09:00:00,0.823,0.829,0.825,0.828,1836.21214994
1785060000,2026-07-26 10:00:00,0.825,0.831,0.828,0.825,10590.85098385
1785063600,2026-07-26 11:00:00,0.824,0.827,0.825,0.824,2990.36846863
1785067200,2026-07-26 12:00:00,0.824,0.827,0.824,0.826,6267.22052604
1785070800,2026-07-26 13:00:00,0.821,0.825,0.825,0.823,20858.27408337
1785074400,2026-07-26 14:00:00,0.821,0.826,0.822,0.822,59799.5914587
1785078000,2026-07-26 15:00:00,0.821,0.824,0.822,0.824,256289.51820282
1785081600,2026-07-26 16:00:00,0.821,0.827,0.822,0.823,52341.25420805
1785085200,2026-07-26 17:00:00,0.82,0.824,0.823,0.82,50393.91708609
1785088800,2026-07-26 18:00:00,0.817,0.82,0.82,0.817,38292.83721109
1785092400,2026-07-26 19:00:00,0.817,0.819,0.817,0.818,75611.14790165
1785096000,2026-07-26 20:00:00,0.816,0.818,0.818,0.817,8813.55016652
1785099600,2026-07-26 21:00:00,0.816,0.82,0.816,0.82,75290.4567707
1785103200,2026-07-26 22:00:00,0.821,0.829,0.821,0.828,54256.23480359
1785106800,2026-07-26 23:00:00,0.823,0.831,0.828,0.826,44202.10482612
1785110400,2026-07-27 00:00:00,0.823,0.827,0.827,0.824,20681.98422141
1785114000,2026-07-27 01:00:00,0.813,0.823,0.823,0.819,15781.65095268
1785117600,2026-07-27 02:00:00,0.815,0.819,0.818,0.816,53685.73345802
1785121200,2026-07-27 03:00:00,0.816,0.818,0.817,0.816,7617.13929912
1785124800,2026-07-27 04:00:00,0.814,0.819,0.816,0.814,73732.29067378
1785128400,2026-07-27 05:00:00,0.814,0.817,0.814,0.816,21879.16979024
1785132000,2026-07-27 06:00:00,0.816,0.82,0.816,0.816,26215.74916495
1785135600,2026-07-27 07:00:00,0.814,0.817,0.815,0.814,14630.67505649
1785139200,2026-07-27 08:00:00,0.808,0.814,0.814,0.808,31064.07195044
1785142800,2026-07-27 09:00:00,0.807,0.811,0.807,0.809,11684.7206225
1785146400,2026-07-27 10:00:00,0.809,0.814,0.809,0.811,53155.962856
1785150000,2026-07-27 11:00:00,0.807,0.81,0.81,0.807,26858.51008387
1785153600,2026-07-27 12:00:00,0.804,0.809,0.807,0.808,16875.39771205
1785157200,2026-07-27 13:00:00,0.804,0.813,0.808,0.806,28859.09703345
1785160800,2026-07-27 14:00:00,0.789,0.805,0.805,0.793,174205.83337655
1785164400,2026-07-27 15:00:00,0.79,0.795,0.792,0.791,16215.0449642
1785168000,2026-07-27 16:00:00,0.79,0.798,0.791,0.796,104134.87251278
1785171600,2026-07-27 17:00:00,0.793,0.796,0.795,0.795,17524.72052856
1785175200,2026-07-27 18:00:00,0.787,0.795,0.795,0.79,67772.70165387
1785178800,2026-07-27 19:00:00,0.79,0.795,0.79,0.792,24229.75558343
1785182400,2026-07-27 20:00:00,0.791,0.794,0.792,0.792,35025.98137231
1785186000,2026-07-27 21:00:00,0.79,0.793,0.792,0.791,31523.67515952
1785189600,2026-07-27 22:00:00,0.753,0.79,0.79,0.755,600802.71004539
1785193200,2026-07-27 23:00:00,0.748,0.759,0.754,0.759,280692.5395765
1785196800,2026-07-28 00:00:00,0.756,0.762,0.759,0.758,226449.91469407
1785200400,2026-07-28 01:00:00,0.752,0.76,0.758,0.757,55988.9636112
1785204000,2026-07-28 02:00:00,0.758,0.762,0.758,0.762,8683.5988571
1785207600,2026-07-28 03:00:00,0.759,0.762,0.762,0.761,14700.58128583
1785211200,2026-07-28 04:00:00,0.76,0.763,0.761,0.761,17163.03764801
1785214800,2026-07-28 05:00:00,0.762,0.771,0.762,0.771,118391.88244124
1785218400,2026-07-28 06:00:00,0.763,0.771,0.771,0.764,366436.90165623
1785222000,2026-07-28 07:00:00,0.757,0.764,0.764,0.758,127819.33994722
1785225600,2026-07-28 08:00:00,0.758,0.761,0.758,0.76,149194.4738584
1785229200,2026-07-28 09:00:00,0.759,0.765,0.76,0.764,25605.98087134
1785232800,2026-07-28 10:00:00,0.761,0.765,0.764,0.763,17952.24949382
1785236400,2026-07-28 11:00:00,0.757,0.762,0.762,0.758,26988.97716487
1785240000,2026-07-28 12:00:00,0.758,0.764,0.758,0.762,53188.26848153
1785243600,2026-07-28 13:00:00,0.748,0.762,0.762,0.756,118819.91516144
1785247200,2026-07-28 14:00:00,0.753,0.758,0.756,0.754,52864.59585813
1785250800,2026-07-28 15:00:00,0.754,0.765,0.755,0.762,178002.4855858
1785254400,2026-07-28 16:00:00,0.758,0.762,0.762,0.76,41117.08214752
1785258000,2026-07-28 17:00:00,0.753,0.76,0.76,0.757,51656.17782463
1785261600,2026-07-28 18:00:00,0.756,0.759,0.757,0.758,51434.86944141
1785265200,2026-07-28 19:00:00,0.758,0.764,0.758,0.763,68573.36969081
1785268800,2026-07-28 20:00:00,0.76,0.764,0.762,0.764,57382.98461114
1785272400,2026-07-28 21:00:00,0.762,0.767,0.763,0.766,47434.74107248
1785276000,2026-07-28 22:00:00,0.759,0.767,0.765,0.759,67604.83991959
1785279600,2026-07-28 23:00:00,0.757,0.762,0.759,0.76,56922.70638231
1785283200,2026-07-29 00:00:00,0.761,0.765,0.761,0.763,95985.24785218
1785286800,2026-07-29 01:00:00,0.752,0.763,0.763,0.752,104075.0141218
1785290400,2026-07-29 02:00:00,0.752,0.764,0.752,0.762,68830.39319989
1785294000,2026-07-29 03:00:00,0.757,0.764,0.762,0.758,14356.59758946
1785297600,2026-07-29 04:00:00,0.754,0.761,0.758,0.76,60299.81896978
1785301200,2026-07-29 05:00:00,0.758,0.763,0.76,0.76,13879.18644538
1785304800,2026-07-29 06:00:00,0.759,0.765,0.76,0.762,20297.43829752
1785308400,2026-07-29 07:00:00,0.761,0.764,0.762,0.764,14033.56019013
1785312000,2026-07-29 08:00:00,0.759,0.764,0.764,0.762,38997.9741749
1785315600,2026-07-29 09:00:00,0.762,0.765,0.762,0.764,7416.79161778
1785319200,2026-07-29 10:00:00,0.76,0.765,0.764,0.762,6804.2493109
1785322800,2026-07-29 11:00:00,0.757,0.764,0.763,0.76,15076.59025344
1785326400,2026-07-29 12:00:00,0.758,0.761,0.76,0.759,17759.10447547
1785330000,2026-07-29 13:00:00,0.757,0.762,0.759,0.761,41870.95180301
1785333600,2026-07-29 14:00:00,0.755,0.761,0.761,0.758,26573.06814331
1785337200,2026-07-29 15:00:00,0.756,0.761,0.76,0.756,278505.8873949
1785340800,2026-07-29 16:00:00,0.756,0.764,0.756,0.757,69647.60434087
1785344400,2026-07-29 17:00:00,0.757,0.765,0.757,0.765,151222.14131386
1785348000,2026-07-29 18:00:00,0.763,0.775,0.766,0.774,164188.14275329
1785351600,2026-07-29 19:00:00,0.758,0.775,0.774,0.759,24559.11321712
1785355200,2026-07-29 20:00:00,0.754,0.762,0.759,0.755,84678.93260612
1785358800,2026-07-29 21:00:00,0.751,0.761,0.754,0.761,28526.00557311
1785362400,2026-07-29 22:00:00,0.76,0.764,0.761,0.761,23430.04618345
1785366000,2026-07-29 23:00:00,0.761,0.763,0.761,0.763,57322.94829058
1785369600,2026-07-30 00:00:00,0.761,0.765,0.764,0.763,19440.4897842
1785373200,2026-07-30 01:00:00,0.763,0.772,0.763,0.769,59388.56782198
1785376800,2026-07-30 02:00:00,0.766,0.771,0.77,0.766,46758.54742315
1785380400,2026-07-30 03:00:00,0.764,0.768,0.767,0.765,21301.30998743
1785384000,2026-07-30 04:00:00,0.762,0.765,0.765,0.763,22251.95879793
1785387600,2026-07-30 05:00:00,0.76,0.766,0.762,0.765,166010.69966104
1785391200,2026-07-30 06:00:00,0.765,0.767,0.766,0.766,27794.89697554
1785394800,2026-07-30 07:00:00,0.764,0.767,0.766,0.765,45267.13780406
1785398400,2026-07-30 08:00:00,0.765,0.77,0.766,0.767,11664.35167936
1785402000,2026-07-30 09:00:00,0.766,0.768,0.768,0.766,15322.5953797
1785405600,2026-07-30 10:00:00,0.766,0.769,0.767,0.766,9750.57961246
1785409200,2026-07-30 11:00:00,0.765,0.768,0.765,0.767,12567.21667311
1785412800,2026-07-30 12:00:00,0.765,0.769,0.768,0.766,13323.79805496
1785416400,2026-07-30 13:00:00,0.763,0.77,0.767,0.77,189201.598646
1785420000,2026-07-30 14:00:00,0.768,0.772,0.77,0.769,290933.75099406
1785423600,2026-07-30 15:00:00,0.764,0.771,0.768,0.767,27250.28418796
1785427200,2026-07-30 16:00:00,0.767,0.772,0.767,0.771,9511.72355787
1785430800,2026-07-30 17:00:00,0.769,0.774,0.77,0.773,31675.59285277
1785434400,2026-07-30 18:00:00,0.773,0.776,0.773,0.773,49341.5631813
1785438000,2026-07-30 19:00:00,0.773,0.777,0.774,0.775,47615.48199136
1785441600,2026-07-30 20:00:00,0.772,0.778,0.775,0.772,56988.50947993
1785445200,2026-07-30 21:00:00,0.77,0.775,0.772,0.773,24351.12102516
1785448800,2026-07-30 22:00:00,0.771,0.774,0.772,0.771,7838.66123613
1785452400,2026-07-30 23:00:00,0.767,0.772,0.771,0.767,87649.21016407
1785456000,2026-07-31 00:00:00,0.766,0.769,0.768,0.768,218576.66484337
1785459600,2026-07-31 01:00:00,0.767,0.773,0.769,0.767,69173.39312976
1785463200,2026-07-31 02:00:00,0.762,0.768,0.767,0.764,25376.10947801
1785466800,2026-07-31 03:00:00,0.762,0.768,0.764,0.768,16615.67950948
1785470400,2026-07-31 04:00:00,0.765,0.769,0.767,0.767,14736.3193642
1785474000,2026-07-31 05:00:00,0.766,0.769,0.768,0.768,7756.78622877
1785477600,2026-07-31 06:00:00,0.766,0.77,0.768,0.769,17256.27952481
1785481200,2026-07-31 07:00:00,0.764,0.771,0.768,0.77,17368.69220685
1785484800,2026-07-31 08:00:00,0.765,0.77,0.77,0.765,21424.63701467
1785488400,2026-07-31 09:00:00,0.761,0.765,0.765,0.761,10604.87697176
1785492000,2026-07-31 10:00:00,0.756,0.763,0.76,0.762,24449.39085501
1785495600,2026-07-31 11:00:00,0.758,0.763,0.762,0.758,7206.36443989
1785499200,2026-07-31 12:00:00,0.755,0.76,0.758,0.76,7876.97534115
1785502800,2026-07-31 13:00:00,0.755,0.761,0.76,0.756,42741.38243821
1785506400,2026-07-31 14:00:00,0.743,0.756,0.756,0.754,245926.87231822
1785510000,2026-07-31 15:00:00,0.752,0.757,0.754,0.756,51349.63109297
1785513600,2026-07-31 16:00:00,0.756,0.762,0.756,0.762,23470.14791597
1785517200,2026-07-31 17:00:00,0.762,0.768,0.763,0.768,76697.97974429
1785520800,2026-07-31 18:00:00,0.764,0.769,0.768,0.769,155191.00033045
1785524400,2026-07-31 19:00:00,0.76,0.769,0.769,0.761,13127.20349455
1785528000,2026-07-31 20:00:00,0.76,0.764,0.761,0.761,15972.90305257
1785531600,2026-07-31 21:00:00,0.76,0.765,0.76,0.762,15752.27331635
1785535200,2026-07-31 22:00:00,0.758,0.761,0.761,0.759,16405.27082528
1785538800,2026-07-31 23:00:00,0.758,0.759,0.759,0.758,13920.96731011
1785542400,2026-08-01 00:00:00,0.757,0.761,0.759,0.758,37551.20226125
1785546000,2026-08-01 01:00:00,0.759,0.762,0.759,0.762,29017.48870537
1785549600,2026-08-01 02:00:00,0.762,0.765,0.762,0.764,18025.56812182
1785553200,2026-08-01 03:00:00,0.763,0.764,0.764,0.764,4344.54012117
1785556800,2026-08-01 04:00:00,0.764,0.766,0.764,0.766,1735.70154979
1785560400,2026-08-01 05:00:00,0.763,0.767,0.766,0.763,6014.72423195
1785564000,2026-08-01 06:00:00,0.76,0.763,0.763,0.76,26093.67973324
1785567600,2026-08-01 07:00:00,0.76,0.763,0.761,0.76,3614.0591769
1785571200,2026-08-01 08:00:00,0.76,0.762,0.761,0.761,10521.6511328
1785574800,2026-08-01 09:00:00,0.761,0.767,0.762,0.765,40482.29191387
1785578400,2026-08-01 10:00:00,0.761,0.765,0.765,0.762,25683.75245454
1785582000,2026-08-01 11:00:00,0.762,0.766,0.762,0.766,28490.16478552
1785585600,2026-08-01 12:00:00,0.766,0.771,0.767,0.77,48399.49195762
1785589200,2026-08-01 13:00:00,0.768,0.772,0.771,0.77,59999.44113807
1785592800,2026-08-01 14:00:00,0.769,0.784,0.769,0.781,186749.97643599
1785596400,2026-08-01 15:00:00,0.776,0.781,0.781,0.777,140571.93003109
1785600000,2026-08-01 16:00:00,0.776,0.78,0.778,0.778,24900.12500174
1785603600,2026-08-01 17:00:00,0.772,0.782,0.778,0.773,113647.68311066
1785607200,2026-08-01 18:00:00,0.763,0.775,0.774,0.77,191949.33445385
1785610800,2026-08-01 19:00:00,0.768,0.772,0.77,0.77,14337.34652919
1785614400,2026-08-01 20:00:00,0.769,0.774,0.77,0.771,78218.78499076
1785618000,2026-08-01 21:00:00,0.773,0.779,0.773,0.779,200680.89382015
1785621600,2026-08-01 22:00:00,0.779,0.782,0.779,0.779,12545.46066797
1785625200,2026-08-01 23:00:00,0.778,0.781,0.779,0.78,61513.53832279
1785628800,2026-08-02 00:00:00,0.78,0.786,0.781,0.786,94862.9106658
1785632400,2026-08-02 01:00:00,0.786,0.793,0.786,0.791,115438.71769764
1785636000,2026-08-02 02:00:00,0.787,0.799,0.792,0.797,192887.35496943
1785639600,2026-08-02 03:00:00,0.789,0.797,0.797,0.79,182439.71023917
1785643200,2026-08-02 04:00:00,0.788,0.793,0.79,0.793,206877.36449817
1785646800,2026-08-02 05:00:00,0.791,0.795,0.793,0.794,49201.56373312
1785650400,2026-08-02 06:00:00,0.789,0.794,0.794,0.79,42423.75277777
1785654000,2026-08-02 07:00:00,0.789,0.794,0.791,0.794,49556.02974412
1785657600,2026-08-02 08:00:00,0.791,0.796,0.794,0.794,19428.14396972
1785661200,2026-08-02 09:00:00,0.793,0.801,0.794,0.798,81437.32457642
1785664800,2026-08-02 10:00:00,0.793,0.799,0.798,0.794,27410.8677874
1785668400,2026-08-02 11:00:00,0.792,0.794,0.794,0.793,14938.81848775
1785672000,2026-08-02 12:00:00,0.792,0.795,0.792,0.795,7214.6331745
1785675600,2026-08-02 13:00:00,0.794,0.8,0.795,0.799,19073.39130257
1785679200,2026-08-02 14:00:00,0.796,0.8,0.8,0.796,19439.6730422
1785682800,2026-08-02 15:00:00,0.791,0.798,0.796,0.791,16315.83607305
1785686400,2026-08-02 16:00:00,0.789,0.795,0.791,0.793,36581.02003861
1785690000,2026-08-02 17:00:00,0.795,0.799,0.795,0.797,18491.09816537
1785693600,2026-08-02 18:00:00,0.795,0.799,0.796,0.797,17542.16422461
1785697200,2026-08-02 19:00:00,0.796,0.798,0.796,0.796,41483.55865639
1785700800,2026-08-02 20:00:00,0.794,0.797,0.796,0.797,7065.55224442
1785704400,2026-08-02 21:00:00,0.795,0.798,0.796,0.798,18124.5247054
1785708000,2026-08-02 22:00:00,0.793,0.798,0.798,0.797,40664.16454282
1785711600,2026-08-02 23:00:00,0.795,0.798,0.797,0.797,25488.85072838
1785715200,2026-08-03 00:00:00,0.795,0.798,0.797,0.796,39666.14963575
1785718800,2026-08-03 01:00:00,0.79,0.796,0.796,0.792,28192.84393732
1785722400,2026-08-03 02:00:00,0.788,0.794,0.791,0.789,116660.11765748
1785726000,2026-08-03 03:00:00,0.787,0.79,0.789,0.788,31310.38767413
1785729600,2026-08-03 04:00:00,0.787,0.792,0.787,0.79,36374.94568242
1785733200,2026-08-03 05:00:00,0.788,0.796,0.79,0.796,99986.92891435
1785736800,2026-08-03 06:00:00,0.793,0.798,0.796,0.793,30624.39932756
1785740400,2026-08-03 07:00:00,0.792,0.795,0.793,0.793,29156.57116577
1785744000,2026-08-03 08:00:00,0.789,0.797,0.793,0.797,65503.89626199
1785747600,2026-08-03 09:00:00,0.796,0.806,0.797,0.804,121647.36064816
1785751200,2026-08-03 10:00:00,0.8,0.805,0.804,0.803,51708.79602254
1785754800,2026-08-03 11:00:00,0.799,0.807,0.802,0.805,49660.9843079
1785758400,2026-08-03 12:00:00,0.804,0.814,0.806,0.813,217858.84993822
1785762000,2026-08-03 13:00:00,0.812,0.828,0.813,0.827,429861.61295058
1785765600,2026-08-03 14:00:00,0.82,0.827,0.826,0.823,202691.39470996
1785769200,2026-08-03 15:00:00,0.814,0.828,0.823,0.825,265706.22269729
1785772800,2026-08-03 16:00:00,0.821,0.827,0.826,0.825,107779.34618351
1785776400,2026-08-03 17:00:00,0.824,0.83,0.824,0.828,59184.82855353
1785780000,2026-08-03 18:00:00,0.826,0.831,0.828,0.83,77334.72627286
1785783600,2026-08-03 19:00:00,0.8244,0.831,0.831,0.8244,37329.80961489
1785787200,2026-08-03 20:00:00,0.8188,0.8244,0.8242,0.8217,55372.91559265
1785790800,2026-08-03 21:00:00,0.8192,0.824,0.8214,0.8227,17712.60521937
1785794400,2026-08-03 22:00:00,0.8208,0.8245,0.8226,0.8221,47559.84800582
1785798000,2026-08-03 23:00:00,0.82,0.8236,0.822,0.823,168049.80718078
1785801600,2026-08-04 00:00:00,0.82,0.8246,0.8235,0.821,103329.27287452
1785805200,2026-08-04 01:00:00,0.8212,0.8393,0.8212,0.8364,211628.00683173
1785808800,2026-08-04 02:00:00,0.8365,0.8466,0.8365,0.8428,476705.78497756
1785812400,2026-08-04 03:00:00,0.838,0.8454,0.8428,0.8389,282238.52538913
1785816000,2026-08-04 04:00:00,0.836,0.8403,0.8389,0.8387,328070.94238302
1785819600,2026-08-04 05:00:00,0.833,0.8386,0.8382,0.8356,122365.92215313
1785823200,2026-08-04 06:00:00,0.8322,0.8376,0.8353,0.8327,189288.42404894
1785826800,2026-08-04 07:00:00,0.8298,0.8356,0.8326,0.8353,93074.00567574
1785830400,2026-08-04 08:00:00,0.8293,0.8378,0.8354,0.8347,149311.74148369
1785834000,2026-08-04 09:00:00,0.832,0.8376,0.8346,0.8364,131013.65689686
1785837600,2026-08-04 10:00:00,0.8316,0.8377,0.8364,0.8342,160374.64498542
1785841200,2026-08-04 11:00:00,0.831,0.8347,0.8347,0.832,95536.33942527
1785844800,2026-08-04 12:00:00,0.8264,0.8319,0.8318,0.8298,157047.29417076
1785848400,2026-08-04 13:00:00,0.825,0.8305,0.8294,0.8254,232266.71408051
1785852000,2026-08-04 14:00:00,0.824,0.8295,0.8252,0.8288,211413.1211807
1785855600,2026-08-04 15:00:00,0.8276,0.8356,0.8286,0.8318,247680.94311884
1785859200,2026-08-04 16:00:00,0.8322,0.845,0.8322,0.8414,391986.49549782
1785862800,2026-08-04 17:00:00,0.8356,0.843,0.8414,0.8366,373341.00890956
1785866400,2026-08-04 18:00:00,0.8363,0.8437,0.8366,0.8417,211408.32011892
1785870000,2026-08-04 19:00:00,0.8384,0.8429,0.8418,0.8404,178837.59491937
1785873600,2026-08-04 20:00:00,0.8404,0.8472,0.8404,0.8455,359527.99791505
1785877200,2026-08-04 21:00:00,0.843,0.8619,0.8455,0.8529,410323.90309904
1785880800,2026-08-04 22:00:00,0.8516,0.8695,0.8525,0.8663,668437.30106665
1785884400,2026-08-04 23:00:00,0.8556,0.8685,0.8663,0.856,552566.29077953
1785888000,2026-08-05 00:00:00,0.8549,0.8698,0.856,0.8634,931094.86625433
1785891600,2026-08-05 01:00:00,0.8561,0.8635,0.8633,0.8579,389066.07409665
1785895200,2026-08-05 02:00:00,0.8552,0.8603,0.8578,0.8552,288938.90477871
1785898800,2026-08-05 03:00:00,0.8431,0.8561,0.8551,0.8459,468866.24499177
1785902400,2026-08-05 04:00:00,0.8442,0.8468,0.8458,0.8464,178636.19140813
1785906000,2026-08-05 05:00:00,0.8448,0.8482,0.8463,0.8463,188613.94608909
1785909600,2026-08-05 06:00:00,0.8446,0.8533,0.846,0.8526,183795.41116854
1785913200,2026-08-05 07:00:00,0.851,0.8552,0.8527,0.8552,282513.24184266
1785916800,2026-08-05 08:00:00,0.8517,0.8562,0.8552,0.854,260639.78186516
1785920400,2026-08-05 09:00:00,0.8487,0.8576,0.8539,0.8492,247021.28916418
1785924000,2026-08-05 10:00:00,0.847,0.851,0.8487,0.8499,208802.8442451
1785927600,2026-08-05 11:00:00,0.8492,0.8528,0.8499,0.8503,148225.3005601
1785931200,2026-08-05 12:00:00,0.8457,0.8524,0.8505,0.8457,274712.86243564
1785934800,2026-08-05 13:00:00,0.8414,0.848,0.8459,0.8454,611344.39521533
1785938400,2026-08-05 14:00:00,0.8423,0.8505,0.8453,0.8492,583515.98458517
1785942000,2026-08-05 15:00:00,0.8476,0.8538,0.8491,0.852,474445.34719207
1785945600,2026-08-05 16:00:00,0.8506,0.855,0.852,0.8524,332933.67868311
1785949200,2026-08-05 17:00:00,0.8512,0.8542,0.8524,0.8518,243206.85582271
1785952800,2026-08-05 18:00:00,0.8503,0.8531,0.8517,0.8518,235265.84301091
1785956400,2026-08-05 19:00:00,0.8469,0.8525,0.8518,0.8474,215174.76574677
1785960000,2026-08-05 20:00:00,0.8466,0.8495,0.8476,0.8482,160352.51553979
1785963600,2026-08-05 21:00:00,0.839,0.8486,0.8484,0.8404,170661.82340181
1785967200,2026-08-05 22:00:00,0.8371,0.8427,0.8401,0.8411,175069.69242169
1785970800,2026-08-05 23:00:00,0.8402,0.8435,0.8412,0.8415,211300.31699934
1785974400,2026-08-06 00:00:00,0.8417,0.8464,0.8417,0.8433,227875.87157171
1785978000,2026-08-06 01:00:00,0.8371,0.8445,0.8436,0.8398,282734.54501244
1785981600,2026-08-06 02:00:00,0.8383,0.8424,0.84,0.8414,407594.26163022
1785985200,2026-08-06 03:00:00,0.8394,0.8423,0.8414,0.8396,162474.95169693
1785988800,2026-08-06 04:00:00,0.8387,0.8431,0.8392,0.8408,256364.03252512
1785992400,2026-08-06 05:00:00,0.8347,0.8442,0.8408,0.837,356052.54970395
1785996000,2026-08-06 06:00:00,0.8343,0.8373,0.8368,0.8354,174256.30495075
1785999600,2026-08-06 07:00:00,0.8313,0.8359,0.8352,0.8327,258508.12401811
1786003200,2026-08-06 08:00:00,0.832,0.8342,0.833,0.8331,149987.5590367
1786006800,2026-08-06 09:00:00,0.8267,0.8332,0.8332,0.8268,257292.77868291
1786010400,2026-08-06 10:00:00,0.8213,0.8268,0.8268,0.8219,303808.56333063
1786014000,2026-08-06 11:00:00,0.8209,0.8266,0.822,0.8244,169434.4129173
1786017600,2026-08-06 12:00:00,0.8184,0.8243,0.8242,0.8194,178381.50038984
1786021200,2026-08-06 13:00:00,0.8137,0.8193,0.8193,0.8176,429972.99835518
1786024800,2026-08-06 14:00:00,0.8143,0.822,0.8178,0.8202,472967.18591564
1786028400,2026-08-06 15:00:00,0.8192,0.8265,0.8201,0.8231,459621.90849932
1786032000,2026-08-06 16:00:00,0.8197,0.8258,0.8231,0.8248,273882.23092578
1786035600,2026-08-06 17:00:00,0.8186,0.8258,0.8249,0.8198,384322.55765743
1786039200,2026-08-06 18:00:00,0.8172,0.8265,0.8202,0.8233,475561.82781602
1786042800,2026-08-06 19:00:00,0.8211,0.8244,0.8231,0.8211,338939.91479112
1786046400,2026-08-06 20:00:00,0.8214,0.827,0.8214,0.8256,335914.76978061
1786050000,2026-08-06 21:00:00,0.8242,0.8269,0.826,0.8259,97775.10816534
1786053600,2026-08-06 22:00:00,0.8208,0.8264,0.8259,0.8209,167472.11828626
1786057200,2026-08-06 23:00:00,0.8183,0.8211,0.8208,0.8203,127499.80898211
1786060800,2026-08-07 00:00:00,0.8195,0.8226,0.8202,0.8215,162685.91976339
1786064400,2026-08-07 01:00:00,0.8176,0.8233,0.8215,0.8179,283164.772243
1786068000,2026-08-07 02:00:00,0.8162,0.8213,0.8181,0.8203,246183.86226578
1786071600,2026-08-07 03:00:00,0.8176,0.8233,0.8201,0.8178,240498.88490543
1786075200,2026-08-07 04:00:00,0.814,0.8186,0.8176,0.816,246331.88851344
1786078800,2026-08-07 05:00:00,0.8088,0.817,0.8159,0.8154,264325.98320808
1786082400,2026-08-07 06:00:00,0.8144,0.818,0.8153,0.8145,165797.17615152
1786086000,2026-08-07 07:00:00,0.8142,0.8171,0.8142,0.8153,119163.67345114
1786089600,2026-08-07 08:00:00,0.8124,0.8167,0.8153,0.8125,166330.10382232
1786093200,2026-08-07 09:00:00,0.8113,0.8154,0.8125,0.8126,200646.60512127
1786096800,2026-08-07 10:00:00,0.8096,0.8152,0.8124,0.8098,127814.39347867
1786100400,2026-08-07 11:00:00,0.8099,0.8159,0.8099,0.8152,148649.81939791
1786104000,2026-08-07 12:00:00,0.8142,0.8222,0.8156,0.8175,328210.88888814
1786107600,2026-08-07 13:00:00,0.8144,0.8177,0.8176,0.8151,270570.2599097
1786111200,2026-08-07 14:00:00,0.8053,0.8152,0.8149,0.8063,460198.03225125
1786114800,2026-08-07 15:00:00,0.8058,0.8105,0.8065,0.8088,157648.13141343
1786118400,2026-08-07 16:00:00,0.8046,0.8105,0.8088,0.8047,152126.64992965
1786122000,2026-08-07 17:00:00,0.8009,0.8054,0.8045,0.8044,255130.14665529
1786125600,2026-08-07 18:00:00,0.8046,0.809,0.8046,0.8073,176490.04640082
1786129200,2026-08-07 19:00:00,0.8068,0.8135,0.8071,0.8126,176159.87181344
1786132800,2026-08-07 20:00:00,0.8125,0.8176,0.8125,0.8175,108985.14445348
1786136400,2026-08-07 21:00:00,0.8119,0.8174,0.8172,0.8132,69499.1381165
1786140000,2026-08-07 22:00:00,0.811,0.8141,0.8131,0.8112,37666.69744927
1786143600,2026-08-07 23:00:00,0.8113,0.8187,0.8113,0.8186,68408.75460632
1786147200,2026-08-08 00:00:00,0.8154,0.8198,0.8188,0.8196,51251.03365353
