timestamp,datetime,low,high,open,close,volume
1753390800,2025-07-24 21:00:00,2.76,2.805,2.803,2.764,34408.72
1753394400,2025-07-24 22:00:00,2.739,2.777,2.766,2.76,69040.294
1753398000,2025-07-24 23:00:00,2.71,2.759,2.759,2.72,92867.345
1753401600,2025-07-25 00:00:00,2.665,2.722,2.72,2.675,98090.497
1753405200,2025-07-25 01:00:00,2.657,2.719,2.676,2.707,60912.035
1753408800,2025-07-25 02:00:00,2.645,2.723,2.708,2.653,82918.035
1753412400,2025-07-25 03:00:00,2.604,2.677,2.652,2.64,119260.927
1753416000,2025-07-25 04:00:00,2.611,2.684,2.639,2.682,64750.705
1753419600,2025-07-25 05:00:00,2.646,2.687,2.682,2.649,30272.791
1753423200,2025-07-25 06:00:00,2.633,2.687,2.649,2.673,40073.658
1753426800,2025-07-25 07:00:00,2.638,2.702,2.671,2.673,85420.19
1753430400,2025-07-25 08:00:00,2.67,2.717,2.671,2.697,30071.197
1753434000,2025-07-25 09:00:00,2.684,2.762,2.697,2.761,173830.449
1753437600,2025-07-25 10:00:00,2.753,2.779,2.762,2.771,76212.496
1753441200,2025-07-25 11:00:00,2.765,2.795,2.772,2.779,35469.521
1753444800,2025-07-25 12:00:00,2.755,2.801,2.779,2.773,60034.473
1753448400,2025-07-25 13:00:00,2.742,2.783,2.772,2.774,73373.942
1753452000,2025-07-25 14:00:00,2.683,2.776,2.775,2.686,120116.516
1753455600,2025-07-25 15:00:00,2.656,2.712,2.686,2.688,63855.518
1753459200,2025-07-25 16:00:00,2.669,2.725,2.687,2.721,56483.513
1753462800,2025-07-25 17:00:00,2.71,2.741,2.719,2.718,76651.179
1753466400,2025-07-25 18:00:00,2.715,2.738,2.718,2.732,42320.646
1753470000,2025-07-25 19:00:00,2.723,2.755,2.732,2.737,20992.643
1753473600,2025-07-25 20:00:00,2.733,2.813,2.736,2.802,156934.182
1753477200,2025-07-25 21:00:00,2.801,2.853,2.802,2.853,60623.075
1753480800,2025-07-25 22:00:00,2.851,2.868,2.854,2.868,33977.696
1753484400,2025-07-25 23:00:00,2.846,2.867,2.867,2.857,41227.908
1753488000,2025-07-26 00:00:00,2.843,2.883,2.856,2.882,42997.009
1753491600,2025-07-26 01:00:00,2.866,2.909,2.881,2.877,48366.178
1753495200,2025-07-26 02:00:00,2.869,2.902,2.877,2.88,56741.88
1753498800,2025-07-26 03:00:00,2.858,2.885,2.881,2.867,27935.607
1753502400,2025-07-26 04:00:00,2.854,2.881,2.868,2.857,19047.52
1753506000,2025-07-26 05:00:00,2.849,2.871,2.856,2.866,22243.578
1753509600,2025-07-26 06:00:00,2.846,2.871,2.866,2.848,14967.728
1753513200,2025-07-26 07:00:00,2.842,2.854,2.849,2.848,11765.705
1753516800,2025-07-26 08:00:00,2.846,2.87,2.849,2.855,12984.881
1753520400,2025-07-26 09:00:00,2.83,2.861,2.856,2.859,36846.831
1753524000,2025-07-26 10:00:00,2.858,2.882,2.861,2.869,29173.556
1753527600,2025-07-26 11:00:00,2.857,2.881,2.868,2.864,25705.611
1753531200,2025-07-26 12:00:00,2.853,2.879,2.865,2.871,26331.849
1753534800,2025-07-26 13:00:00,2.868,2.888,2.872,2.873,54282.621
1753538400,2025-07-26 14:00:00,2.863,2.887,2.874,2.87,54281.843
1753542000,2025-07-26 15:00:00,2.86,2.894,2.87,2.891,63087.241
1753545600,2025-07-26 16:00:00,2.884,2.919,2.892,2.9,100755.906
1753549200,2025-07-26 17:00:00,2.87,2.902,2.9,2.876,36472.457
1753552800,2025-07-26 18:00:00,2.859,2.921,2.876,2.919,31937.722
1753556400,2025-07-26 19:00:00,2.914,2.935,2.92,2.93,47519.21
1753560000,2025-07-26 20:00:00,2.903,2.93,2.93,2.903,26007.589
1753563600,2025-07-26 21:00:00,2.892,2.917,2.903,2.913,27720.185
1753567200,2025-07-26 22:00:00,2.893,2.936,2.914,2.893,65253.35
1753570800,2025-07-26 23:00:00,2.878,2.894,2.894,2.883,40491.989
1753574400,2025-07-27 00:00:00,2.879,2.894,2.881,2.891,33291.237
1753578000,2025-07-27 01:00:00,2.88,2.909,2.892,2.896,23484.218
1753581600,2025-07-27 02:00:00,2.887,2.928,2.892,2.921,67133.431
1753585200,2025-07-27 03:00:00,2.905,2.928,2.922,2.911,64721.582
1753588800,2025-07-27 04:00:00,2.903,2.922,2.91,2.918,26657.402
1753592400,2025-07-27 05:00:00,2.915,2.936,2.918,2.919,67095.491
1753596000,2025-07-27 06:00:00,2.906,2.921,2.919,2.911,20495.14
1753599600,2025-07-27 07:00:00,2.901,2.921,2.91,2.909,14356.788
1753603200,2025-07-27 08:00:00,2.89,2.915,2.91,2.904,30482.47
1753606800,2025-07-27 09:00:00,2.881,2.904,2.902,2.885,19242.322
1753610400,2025-07-27 10:00:00,2.885,2.935,2.885,2.922,29942.698
1753614000,2025-07-27 11:00:00,2.9,2.935,2.922,2.906,60582.477
1753617600,2025-07-27 12:00:00,2.88,2.927,2.905,2.924,125318.726
1753621200,2025-07-27 13:00:00,2.902,2.933,2.923,2.906,20569.305
1753624800,2025-07-27 14:00:00,2.887,2.924,2.906,2.898,31077.413
1753628400,2025-07-27 15:00:00,2.883,2.906,2.895,2.905,49564.088
1753632000,2025-07-27 16:00:00,2.898,2.947,2.907,2.908,66177.626
1753635600,2025-07-27 17:00:00,2.896,2.928,2.906,2.925,61394.768
1753639200,2025-07-27 18:00:00,2.917,2.939,2.925,2.926,64205.16
1753642800,2025-07-27 19:00:00,2.904,2.927,2.925,2.91,36365.311
1753646400,2025-07-27 20:00:00,2.907,2.927,2.909,2.915,12913.322
1753650000,2025-07-27 21:00:00,2.893,2.931,2.916,2.929,40671.72
1753653600,2025-07-27 22:00:00,2.929,2.979,2.931,2.961,52806.969
1753657200,2025-07-27 23:00:00,2.938,2.966,2.96,2.964,34924.551
1753660800,2025-07-28 00:00:00,2.946,2.995,2.962,2.946,83728.676
1753664400,2025-07-28 01:00:00,2.911,2.946,2.946,2.918,25209.429
1753668000,2025-07-28 02:00:00,2.91,2.979,2.917,2.961,33027.32
1753671600,2025-07-28 03:00:00,2.943,2.967,2.962,2.958,36442.362
1753675200,2025-07-28 04:00:00,2.935,2.987,2.957,2.985,69709.653
1753678800,2025-07-28 05:00:00,2.979,3.012,2.986,3.004,156040.887
1753682400,2025-07-28 06:00:00,2.984,3.01,3.003,3.007,45648.823
1753686000,2025-07-28 07:00:00,2.975,3.006,3.006,2.987,66054.553
1753689600,2025-07-28 08:00:00,2.961,2.998,2.987,2.978,134461.681
1753693200,2025-07-28 09:00:00,2.974,3.016,2.977,2.995,62095.649
1753696800,2025-07-28 10:00:00,2.974,3,2.994,2.978,37994.246
1753700400,2025-07-28 11:00:00,2.939,2.981,2.978,2.96,43849.262
1753704000,2025-07-28 12:00:00,2.937,2.964,2.961,2.94,38897.306
1753707600,2025-07-28 13:00:00,2.885,2.942,2.941,2.893,164517.118
1753711200,2025-07-28 14:00:00,2.827,2.898,2.889,2.836,180529.341
1753714800,2025-07-28 15:00:00,2.808,2.863,2.838,2.827,96932.234
1753718400,2025-07-28 16:00:00,2.809,2.845,2.826,2.823,69093.515
1753722000,2025-07-28 17:00:00,2.797,2.833,2.823,2.808,82688.22
1753725600,2025-07-28 18:00:00,2.77,2.811,2.809,2.781,105828.262
1753729200,2025-07-28 19:00:00,2.761,2.804,2.781,2.783,69586.269
1753732800,2025-07-28 20:00:00,2.742,2.788,2.784,2.757,58541.031
1753736400,2025-07-28 21:00:00,2.734,2.779,2.756,2.751,30238.227
1753740000,2025-07-28 22:00:00,2.722,2.763,2.752,2.739,48691.524
1753743600,2025-07-28 23:00:00,2.731,2.752,2.74,2.75,30991.288
1753747200,2025-07-29 00:00:00,2.704,2.778,2.75,2.732,104768.707
1753750800,2025-07-29 01:00:00,2.706,2.743,2.732,2.706,18558.361
1753754400,2025-07-29 02:00:00,2.679,2.711,2.705,2.687,31734.686
1753758000,2025-07-29 03:00:00,2.688,2.742,2.688,2.738,66827.773
1753761600,2025-07-29 04:00:00,2.715,2.749,2.737,2.717,33700.203
1753765200,2025-07-29 05:00:00,2.718,2.772,2.718,2.769,29830.511
1753768800,2025-07-29 06:00:00,2.764,2.806,2.768,2.803,40745.621
1753772400,2025-07-29 07:00:00,2.79,2.833,2.803,2.828,82904.225
1753776000,2025-07-29 08:00:00,2.794,2.828,2.827,2.806,48920
1753779600,2025-07-29 09:00:00,2.79,2.82,2.806,2.791,55927.395
1753783200,2025-07-29 10:00:00,2.726,2.792,2.792,2.733,32682.5
1753786800,2025-07-29 11:00:00,2.731,2.762,2.731,2.756,82518.367
1753790400,2025-07-29 12:00:00,2.75,2.795,2.756,2.78,53333.607
1753794000,2025-07-29 13:00:00,2.743,2.801,2.779,2.751,84417.7
1753797600,2025-07-29 14:00:00,2.685,2.748,2.748,2.706,92559.319
1753801200,2025-07-29 15:00:00,2.693,2.732,2.705,2.719,32628.906
1753804800,2025-07-29 16:00:00,2.669,2.726,2.719,2.724,81173.85
1753808400,2025-07-29 17:00:00,2.706,2.745,2.724,2.712,42884.04
1753812000,2025-07-29 18:00:00,2.694,2.716,2.712,2.701,48091.946
1753815600,2025-07-29 19:00:00,2.678,2.719,2.7,2.682,113789.127
1753819200,2025-07-29 20:00:00,2.658,2.708,2.68,2.678,111769.39
1753822800,2025-07-29 21:00:00,2.665,2.737,2.679,2.726,222385.512
1753826400,2025-07-29 22:00:00,2.699,2.732,2.724,2.725,60024.763
1753830000,2025-07-29 23:00:00,2.71,2.731,2.726,2.723,24676.231
1753833600,2025-07-30 00:00:00,2.675,2.722,2.722,2.699,60930.841
1753837200,2025-07-30 01:00:00,2.67,2.729,2.699,2.714,38727.623
1753840800,2025-07-30 02:00:00,2.705,2.735,2.715,2.726,29617.104
1753844400,2025-07-30 03:00:00,2.714,2.735,2.726,2.715,18916.725
1753848000,2025-07-30 04:00:00,2.692,2.728,2.715,2.694,31040.525
1753851600,2025-07-30 05:00:00,2.678,2.724,2.693,2.718,25636.852
1753855200,2025-07-30 06:00:00,2.699,2.721,2.717,2.714,18584.617
1753858800,2025-07-30 07:00:00,2.689,2.727,2.714,2.693,22821.942
1753862400,2025-07-30 08:00:00,2.679,2.718,2.693,2.7,42099.183
1753866000,2025-07-30 09:00:00,2.666,2.703,2.697,2.671,32461.193
1753869600,2025-07-30 10:00:00,2.647,2.689,2.67,2.653,53282.891
1753873200,2025-07-30 11:00:00,2.607,2.669,2.654,2.623,195718.988
1753876800,2025-07-30 12:00:00,2.602,2.649,2.625,2.627,119901.381
1753880400,2025-07-30 13:00:00,2.607,2.636,2.626,2.63,118680.451
1753884000,2025-07-30 14:00:00,2.616,2.677,2.63,2.674,158117.121
1753887600,2025-07-30 15:00:00,2.632,2.677,2.674,2.641,48266.201
1753891200,2025-07-30 16:00:00,2.636,2.676,2.642,2.663,60649.383
1753894800,2025-07-30 17:00:00,2.654,2.678,2.664,2.674,31087.94
1753898400,2025-07-30 18:00:00,2.591,2.69,2.675,2.594,166951.504
1753902000,2025-07-30 19:00:00,2.508,2.637,2.593,2.626,254055.878
1753905600,2025-07-30 20:00:00,2.619,2.663,2.626,2.633,22163.981
1753909200,2025-07-30 21:00:00,2.591,2.644,2.634,2.616,45067.605
1753912800,2025-07-30 22:00:00,2.602,2.627,2.617,2.62,335302.257
1753916400,2025-07-30 23:00:00,2.621,2.664,2.621,2.658,115926.062
1753920000,2025-07-31 00:00:00,2.642,2.686,2.658,2.686,61185.594
1753923600,2025-07-31 01:00:00,2.677,2.697,2.684,2.682,39257.893
1753927200,2025-07-31 02:00:00,2.677,2.702,2.682,2.699,33498.012
1753930800,2025-07-31 03:00:00,2.695,2.716,2.699,2.707,29655.514
1753934400,2025-07-31 04:00:00,2.699,2.715,2.708,2.712,13695.89
1753938000,2025-07-31 05:00:00,2.701,2.721,2.711,2.702,41400.098
1753941600,2025-07-31 06:00:00,2.691,2.722,2.702,2.718,18585.926
1753945200,2025-07-31 07:00:00,2.709,2.723,2.717,2.716,19458.095
1753948800,2025-07-31 08:00:00,2.713,2.736,2.716,2.726,81273.872
1753952400,2025-07-31 09:00:00,2.72,2.731,2.725,2.727,21608.036
1753956000,2025-07-31 10:00:00,2.716,2.732,2.726,2.72,66524.588
1753959600,2025-07-31 11:00:00,2.691,2.722,2.719,2.698,24888.393
1753963200,2025-07-31 12:00:00,2.665,2.701,2.699,2.676,25692.666
1753966800,2025-07-31 13:00:00,2.611,2.675,2.675,2.63,93700.857
1753970400,2025-07-31 14:00:00,2.585,2.637,2.629,2.597,136783.611
1753974000,2025-07-31 15:00:00,2.594,2.637,2.597,2.628,91002.976
1753977600,2025-07-31 16:00:00,2.626,2.702,2.627,2.673,258589.59
1753981200,2025-07-31 17:00:00,2.625,2.674,2.674,2.631,264934.361
1753984800,2025-07-31 18:00:00,2.605,2.643,2.631,2.624,71883.942
1753988400,2025-07-31 19:00:00,2.595,2.63,2.625,2.603,80006.599
1753992000,2025-07-31 20:00:00,2.579,2.61,2.602,2.589,72159.787
1753995600,2025-07-31 21:00:00,2.564,2.61,2.588,2.58,78543.047
1753999200,2025-07-31 22:00:00,2.543,2.579,2.579,2.548,85699.749
1754002800,2025-07-31 23:00:00,2.524,2.569,2.547,2.534,153129.266
1754006400,2025-08-01 00:00:00,2.454,2.536,2.535,2.517,166691.605
1754010000,2025-08-01 01:00:00,2.483,2.529,2.516,2.517,115189.286
1754013600,2025-08-01 02:00:00,2.505,2.544,2.516,2.54,94875.626
1754017200,2025-08-01 03:00:00,2.524,2.55,2.54,2.53,40929.442
1754020800,2025-08-01 04:00:00,2.508,2.53,2.53,2.509,46537.66
1754024400,2025-08-01 05:00:00,2.483,2.517,2.509,2.491,68945.878
1754028000,2025-08-01 06:00:00,2.467,2.499,2.491,2.491,135619.655
1754031600,2025-08-01 07:00:00,2.474,2.501,2.491,2.485,61332.812
1754035200,2025-08-01 08:00:00,2.429,2.483,2.483,2.455,89437.188
1754038800,2025-08-01 09:00:00,2.442,2.489,2.454,2.443,111070.689
1754042400,2025-08-01 10:00:00,2.44,2.46,2.442,2.457,54021.794
1754046000,2025-08-01 11:00:00,2.447,2.481,2.458,2.478,76874.444
1754049600,2025-08-01 12:00:00,2.469,2.516,2.477,2.484,127438.929
1754053200,2025-08-01 13:00:00,2.412,2.497,2.483,2.425,209570.1
1754056800,2025-08-01 14:00:00,2.41,2.506,2.425,2.493,149230.912
1754060400,2025-08-01 15:00:00,2.451,2.499,2.495,2.477,89970.627
1754064000,2025-08-01 16:00:00,2.43,2.497,2.477,2.438,91997.993
1754067600,2025-08-01 17:00:00,2.416,2.453,2.438,2.424,83536.313
1754071200,2025-08-01 18:00:00,2.404,2.455,2.425,2.43,100199.634
1754074800,2025-08-01 19:00:00,2.427,2.475,2.429,2.469,114574.473
1754078400,2025-08-01 20:00:00,2.401,2.478,2.47,2.451,114111.388
1754082000,2025-08-01 21:00:00,2.437,2.467,2.45,2.439,120690.79
1754085600,2025-08-01 22:00:00,2.35,2.444,2.44,2.389,189369.987
1754089200,2025-08-01 23:00:00,2.383,2.425,2.388,2.413,29352.003
1754092800,2025-08-02 00:00:00,2.408,2.441,2.412,2.44,56096.059
1754096400,2025-08-02 01:00:00,2.424,2.445,2.437,2.442,33823.248
1754100000,2025-08-02 02:00:00,2.43,2.442,2.442,2.435,37187.055
1754103600,2025-08-02 03:00:00,2.431,2.44,2.436,2.437,32088.493
1754107200,2025-08-02 04:00:00,2.43,2.451,2.437,2.447,24509.295
1754110800,2025-08-02 05:00:00,2.435,2.447,2.446,2.436,8827.997
1754114400,2025-08-02 06:00:00,2.376,2.437,2.437,2.392,76410.773
1754118000,2025-08-02 07:00:00,2.37,2.427,2.391,2.427,116293.318
1754121600,2025-08-02 08:00:00,2.389,2.433,2.428,2.393,28735.788
1754125200,2025-08-02 09:00:00,2.383,2.401,2.391,2.393,19578.756
1754128800,2025-08-02 10:00:00,2.37,2.396,2.392,2.388,61266.067
1754132400,2025-08-02 11:00:00,2.379,2.417,2.389,2.401,32021.21
1754136000,2025-08-02 12:00:00,2.378,2.403,2.4,2.403,39144.588
1754139600,2025-08-02 13:00:00,2.382,2.411,2.4,2.403,50675.922
1754143200,2025-08-02 14:00:00,2.356,2.405,2.403,2.368,71001.556
1754146800,2025-08-02 15:00:00,2.355,2.396,2.369,2.363,55023.118
1754150400,2025-08-02 16:00:00,2.34,2.384,2.362,2.368,89694.146
1754154000,2025-08-02 17:00:00,2.322,2.384,2.368,2.335,77284.006
1754157600,2025-08-02 18:00:00,2.301,2.342,2.336,2.311,136113.913
1754161200,2025-08-02 19:00:00,2.302,2.362,2.313,2.333,117065.223
1754164800,2025-08-02 20:00:00,2.329,2.354,2.334,2.352,37900.875
1754168400,2025-08-02 21:00:00,2.338,2.368,2.353,2.35,55407.358
1754172000,2025-08-02 22:00:00,2.332,2.364,2.351,2.355,57056.282
1754175600,2025-08-02 23:00:00,2.325,2.36,2.354,2.346,27260.632
1754179200,2025-08-03 00:00:00,2.314,2.37,2.346,2.37,105467.573
1754182800,2025-08-03 01:00:00,2.355,2.378,2.37,2.368,32120.089
1754186400,2025-08-03 02:00:00,2.369,2.388,2.369,2.385,14726.513
1754190000,2025-08-03 03:00:00,2.38,2.389,2.385,2.386,13659.649
1754193600,2025-08-03 04:00:00,2.377,2.39,2.385,2.389,9194.946
1754197200,2025-08-03 05:00:00,2.387,2.396,2.388,2.394,15459.626
1754200800,2025-08-03 06:00:00,2.389,2.401,2.395,2.4,21132.277
1754204400,2025-08-03 07:00:00,2.395,2.407,2.401,2.404,9256.162
1754208000,2025-08-03 08:00:00,2.399,2.412,2.404,2.41,17222.881
1754211600,2025-08-03 09:00:00,2.402,2.42,2.411,2.42,15336.866
1754215200,2025-08-03 10:00:00,2.418,2.432,2.419,2.427,9725.511
1754218800,2025-08-03 11:00:00,2.427,2.446,2.428,2.431,37649.569
1754222400,2025-08-03 12:00:00,2.419,2.437,2.432,2.431,21910.179
1754226000,2025-08-03 13:00:00,2.418,2.437,2.43,2.427,17951.406
1754229600,2025-08-03 14:00:00,2.409,2.429,2.428,2.425,25438.181
1754233200,2025-08-03 15:00:00,2.419,2.435,2.424,2.429,29352.993
1754236800,2025-08-03 16:00:00,2.419,2.437,2.43,2.43,36532.733
1754240400,2025-08-03 17:00:00,2.417,2.434,2.431,2.43,21058.261
1754244000,2025-08-03 18:00:00,2.422,2.439,2.427,2.438,16387.297
1754247600,2025-08-03 19:00:00,2.433,2.454,2.439,2.437,36130.169
1754251200,2025-08-03 20:00:00,2.431,2.445,2.436,2.442,19832.292
1754254800,2025-08-03 21:00:00,2.44,2.453,2.441,2.45,16770.69
1754258400,2025-08-03 22:00:00,2.435,2.459,2.451,2.445,16586.211
1754262000,2025-08-03 23:00:00,2.441,2.459,2.445,2.447,25595.136
1754265600,2025-08-04 00:00:00,2.442,2.497,2.445,2.496,35382.414
1754269200,2025-08-04 01:00:00,2.468,2.501,2.494,2.471,32692.108
1754272800,2025-08-04 02:00:00,2.46,2.49,2.469,2.49,18933.182
1754276400,2025-08-04 03:00:00,2.467,2.493,2.491,2.467,29764.866
1754280000,2025-08-04 04:00:00,2.464,2.48,2.468,2.465,27030.122
1754283600,2025-08-04 05:00:00,2.456,2.472,2.465,2.47,10594.845
1754287200,2025-08-04 06:00:00,2.456,2.476,2.47,2.474,13873.209
1754290800,2025-08-04 07:00:00,2.47,2.487,2.474,2.481,30729.891
1754294400,2025-08-04 08:00:00,2.475,2.491,2.482,2.485,16636.819
1754298000,2025-08-04 09:00:00,2.471,2.489,2.485,2.474,35036.769
1754301600,2025-08-04 10:00:00,2.47,2.488,2.473,2.478,13938.483
1754305200,2025-08-04 11:00:00,2.463,2.481,2.477,2.47,10124.445
1754308800,2025-08-04 12:00:00,2.47,2.486,2.472,2.484,26082.371
1754312400,2025-08-04 13:00:00,2.472,2.521,2.486,2.521,42996.83
1754316000,2025-08-04 14:00:00,2.509,2.54,2.522,2.516,57950.534
1754319600,2025-08-04 15:00:00,2.509,2.535,2.514,2.522,70625.977
1754323200,2025-08-04 16:00:00,2.522,2.554,2.524,2.554,60491.055
1754326800,2025-08-04 17:00:00,2.544,2.569,2.552,2.551,36821.529
1754330400,2025-08-04 18:00:00,2.523,2.554,2.55,2.524,35048.056
1754334000,2025-08-04 19:00:00,2.504,2.524,2.524,2.509,35657.207
1754337600,2025-08-04 20:00:00,2.507,2.538,2.51,2.534,45163.957
1754341200,2025-08-04 21:00:00,2.535,2.562,2.536,2.552,35818.158
1754344800,2025-08-04 22:00:00,2.553,2.569,2.553,2.566,32150.393
1754348400,2025-08-04 23:00:00,2.551,2.566,2.566,2.553,39931.729
1754352000,2025-08-05 00:00:00,2.54,2.556,2.554,2.545,37856.495
1754355600,2025-08-05 01:00:00,2.525,2.55,2.543,2.526,56023.259
1754359200,2025-08-05 02:00:00,2.524,2.532,2.526,2.527,14514.752
1754362800,2025-08-05 03:00:00,2.496,2.527,2.526,2.496,19049.634
1754366400,2025-08-05 04:00:00,2.493,2.511,2.497,2.499,20866.555
1754370000,2025-08-05 05:00:00,2.489,2.507,2.499,2.501,10032.26
1754373600,2025-08-05 06:00:00,2.477,2.506,2.5,2.48,14925.173
1754377200,2025-08-05 07:00:00,2.436,2.48,2.48,2.445,106500.223
1754380800,2025-08-05 08:00:00,2.439,2.467,2.445,2.466,35718.684
1754384400,2025-08-05 09:00:00,2.467,2.499,2.467,2.495,27228.383
1754388000,2025-08-05 10:00:00,2.492,2.533,2.494,2.533,35925.804
1754391600,2025-08-05 11:00:00,2.521,2.547,2.533,2.543,98715.343
1754395200,2025-08-05 12:00:00,2.493,2.544,2.544,2.505,55220.943
1754398800,2025-08-05 13:00:00,2.502,2.546,2.506,2.536,43309.413
1754402400,2025-08-05 14:00:00,2.475,2.538,2.536,2.484,155141.724
1754406000,2025-08-05 15:00:00,2.452,2.516,2.485,2.462,70868.657
1754409600,2025-08-05 16:00:00,2.453,2.488,2.461,2.466,90240.228
1754413200,2025-08-05 17:00:00,2.441,2.469,2.464,2.463,40848.001
1754416800,2025-08-05 18:00:00,2.419,2.462,2.462,2.44,44945.109
1754420400,2025-08-05 19:00:00,2.413,2.449,2.439,2.42,69783.736
1754424000,2025-08-05 20:00:00,2.42,2.449,2.42,2.421,33393.077
1754427600,2025-08-05 21:00:00,2.41,2.436,2.42,2.413,15101.52
1754431200,2025-08-05 22:00:00,2.393,2.441,2.412,2.438,25437.206
1754434800,2025-08-05 23:00:00,2.437,2.471,2.438,2.467,22087.239
1754438400,2025-08-06 00:00:00,2.419,2.466,2.466,2.42,29541.977
1754442000,2025-08-06 01:00:00,2.404,2.429,2.419,2.427,28544.14
1754445600,2025-08-06 02:00:00,2.407,2.43,2.428,2.414,15687.429
1754449200,2025-08-06 03:00:00,2.394,2.416,2.415,2.394,19956.611
1754452800,2025-08-06 04:00:00,2.386,2.399,2.396,2.393,46411.455
1754456400,2025-08-06 05:00:00,2.388,2.478,2.392,2.45,121742.942
1754460000,2025-08-06 06:00:00,2.438,2.469,2.451,2.467,49614.659
1754463600,2025-08-06 07:00:00,2.462,2.493,2.466,2.489,48190.382
1754467200,2025-08-06 08:00:00,2.457,2.495,2.487,2.466,35302.225
1754470800,2025-08-06 09:00:00,2.46,2.494,2.465,2.474,33931.274
1754474400,2025-08-06 10:00:00,2.453,2.476,2.475,2.459,23892.624
1754478000,2025-08-06 11:00:00,2.453,2.479,2.46,2.463,23133.921
1754481600,2025-08-06 12:00:00,2.436,2.469,2.462,2.448,22316.901
1754485200,2025-08-06 13:00:00,2.434,2.465,2.448,2.455,52908.524
1754488800,2025-08-06 14:00:00,2.443,2.509,2.457,2.507,97285.761
1754492400,2025-08-06 15:00:00,2.485,2.523,2.505,2.518,98476.683
1754496000,2025-08-06 16:00:00,2.486,2.524,2.517,2.488,56000.096
1754499600,2025-08-06 17:00:00,2.477,2.512,2.488,2.511,41060.26
1754503200,2025-08-06 18:00:00,2.511,2.526,2.512,2.514,52713.244
1754506800,2025-08-06 19:00:00,2.502,2.521,2.514,2.513,27985.854
1754510400,2025-08-06 20:00:00,2.499,2.516,2.514,2.508,23188.13
1754514000,2025-08-06 21:00:00,2.49,2.512,2.507,2.503,86319.295
1754517600,2025-08-06 22:00:00,2.496,2.507,2.502,2.503,10718.956
1754521200,2025-08-06 23:00:00,2.487,2.504,2.503,2.487,20192.09
1754524800,2025-08-07 00:00:00,2.48,2.497,2.488,2.482,20215.601
1754528400,2025-08-07 01:00:00,2.476,2.509,2.482,2.478,18949.491
1754532000,2025-08-07 02:00:00,2.472,2.486,2.477,2.474,25116.556
1754535600,2025-08-07 03:00:00,2.47,2.481,2.475,2.471,11477.241
1754539200,2025-08-07 04:00:00,2.473,2.495,2.473,2.481,7293.399
1754542800,2025-08-07 05:00:00,2.476,2.497,2.481,2.497,15187.708
1754546400,2025-08-07 06:00:00,2.495,2.518,2.497,2.504,31611.234
1754550000,2025-08-07 07:00:00,2.498,2.512,2.504,2.503,13092.92
1754553600,2025-08-07 08:00:00,2.501,2.517,2.503,2.503,18170.774
1754557200,2025-08-07 09:00:00,2.497,2.512,2.503,2.51,24243.198
1754560800,2025-08-07 10:00:00,2.509,2.583,2.509,2.581,101670.153
1754564400,2025-08-07 11:00:00,2.58,2.603,2.581,2.599,72201.888
1754568000,2025-08-07 12:00:00,2.576,2.604,2.6,2.596,59764.568
1754571600,2025-08-07 13:00:00,2.592,2.609,2.597,2.601,50829.786
1754575200,2025-08-07 14:00:00,2.57,2.602,2.602,2.574,17352.665
1754578800,2025-08-07 15:00:00,2.565,2.593,2.575,2.587,24054.776
1754582400,2025-08-07 16:00:00,2.529,2.593,2.588,2.561,43937.414
1754586000,2025-08-07 17:00:00,2.553,2.57,2.563,2.566,40168.141
1754589600,2025-08-07 18:00:00,2.551,2.566,2.565,2.561,43019.653
1754593200,2025-08-07 19:00:00,2.559,2.609,2.563,2.609,55591.066
1754596800,2025-08-07 20:00:00,2.602,2.624,2.609,2.62,79583.936
1754600400,2025-08-07 21:00:00,2.615,2.642,2.621,2.628,53118.724
1754604000,2025-08-07 22:00:00,2.622,2.655,2.628,2.653,26597.049
1754607600,2025-08-07 23:00:00,2.638,2.654,2.652,2.652,37121.447
1754611200,2025-08-08 00:00:00,2.615,2.689,2.653,2.648,129142.883
1754614800,2025-08-08 01:00:00,2.607,2.671,2.648,2.634,283279.296
1754618400,2025-08-08 02:00:00,2.621,2.651,2.634,2.638,48242.568
1754622000,2025-08-08 03:00:00,2.639,2.674,2.639,2.659,35198.939
1754625600,2025-08-08 04:00:00,2.643,2.658,2.658,2.644,35904.445
1754629200,2025-08-08 05:00:00,2.633,2.65,2.643,2.634,12897.558
1754632800,2025-08-08 06:00:00,2.631,2.678,2.635,2.675,23735.139
1754636400,2025-08-08 07:00:00,2.652,2.693,2.674,2.685,71836.644
1754640000,2025-08-08 08:00:00,2.669,2.699,2.686,2.677,44744.589
1754643600,2025-08-08 09:00:00,2.664,2.683,2.676,2.677,22660.218
1754647200,2025-08-08 10:00:00,2.662,2.682,2.676,2.669,12377.206
1754650800,2025-08-08 11:00:00,2.667,2.678,2.67,2.668,14537.349
1754654400,2025-08-08 12:00:00,2.639,2.669,2.667,2.64,52168.721
1754658000,2025-08-08 13:00:00,2.64,2.7,2.642,2.7,47889.805
1754661600,2025-08-08 14:00:00,2.647,2.718,2.7,2.665,148643.861
1754665200,2025-08-08 15:00:00,2.619,2.669,2.666,2.643,33819.961
1754668800,2025-08-08 16:00:00,2.64,2.658,2.644,2.658,33363.306
1754672400,2025-08-08 17:00:00,2.655,2.716,2.658,2.713,28432.162
1754676000,2025-08-08 18:00:00,2.708,2.737,2.713,2.713,141500.35
1754679600,2025-08-08 19:00:00,2.704,2.724,2.714,2.723,28849.401
1754683200,2025-08-08 20:00:00,2.707,2.728,2.723,2.716,35939.579
1754686800,2025-08-08 21:00:00,2.704,2.72,2.717,2.71,25747.602
1754690400,2025-08-08 22:00:00,2.699,2.72,2.709,2.715,31043.094
1754694000,2025-08-08 23:00:00,2.706,2.72,2.714,2.713,30191.107
1754697600,2025-08-09 00:00:00,2.705,2.718,2.715,2.714,26880.157
1754701200,2025-08-09 01:00:00,2.709,2.74,2.713,2.736,20800.893
1754704800,2025-08-09 02:00:00,2.726,2.743,2.735,2.727,30748.927
1754708400,2025-08-09 03:00:00,2.722,2.744,2.727,2.736,20843.975
1754712000,2025-08-09 04:00:00,2.732,2.753,2.737,2.745,76065.142
1754715600,2025-08-09 05:00:00,2.741,2.805,2.744,2.791,176802.282
1754719200,2025-08-09 06:00:00,2.767,2.797,2.792,2.776,31928.708
1754722800,2025-08-09 07:00:00,2.776,2.811,2.777,2.794,71969.988
1754726400,2025-08-09 08:00:00,2.792,2.81,2.795,2.805,45019.724
1754730000,2025-08-09 09:00:00,2.798,2.819,2.803,2.812,20545.716
1754733600,2025-08-09 10:00:00,2.806,2.822,2.811,2.816,22215.349
1754737200,2025-08-09 11:00:00,2.808,2.824,2.815,2.818,25573.002
1754740800,2025-08-09 12:00:00,2.812,2.841,2.819,2.826,72600.283
1754744400,2025-08-09 13:00:00,2.784,2.828,2.825,2.784,37370.667
1754748000,2025-08-09 14:00:00,2.766,2.79,2.784,2.788,62051.856
1754751600,2025-08-09 15:00:00,2.771,2.8,2.787,2.789,83337.074
1754755200,2025-08-09 16:00:00,2.789,2.81,2.789,2.801,54612.696
1754758800,2025-08-09 17:00:00,2.794,2.813,2.797,2.807,55606.454
1754762400,2025-08-09 18:00:00,2.802,2.82,2.806,2.813,23711.437
1754766000,2025-08-09 19:00:00,2.812,2.833,2.813,2.823,47206.837
1754769600,2025-08-09 20:00:00,2.82,2.859,2.823,2.852,109954.695
1754773200,2025-08-09 21:00:00,2.819,2.855,2.851,2.835,59022.819
1754776800,2025-08-09 22:00:00,2.822,2.859,2.834,2.829,63983.945
1754780400,2025-08-09 23:00:00,2.816,2.839,2.828,2.832,68476.703
1754784000,2025-08-10 00:00:00,2.822,2.869,2.832,2.859,33986.534
1754787600,2025-08-10 01:00:00,2.835,2.871,2.857,2.84,40409.132
1754791200,2025-08-10 02:00:00,2.81,2.842,2.841,2.813,69360.759
1754794800,2025-08-10 03:00:00,2.801,2.841,2.813,2.834,75600.857
1754798400,2025-08-10 04:00:00,2.822,2.857,2.833,2.841,57667.363
1754802000,2025-08-10 05:00:00,2.795,2.84,2.84,2.796,55017.677
1754805600,2025-08-10 06:00:00,2.768,2.796,2.795,2.777,73064.677
1754809200,2025-08-10 07:00:00,2.728,2.788,2.777,2.729,55891.36
1754812800,2025-08-10 08:00:00,2.697,2.759,2.73,2.756,56027.462
1754816400,2025-08-10 09:00:00,2.75,2.772,2.756,2.759,34350.161
1754820000,2025-08-10 10:00:00,2.726,2.766,2.757,2.733,38429.193
1754823600,2025-08-10 11:00:00,2.727,2.753,2.733,2.728,53002.72
1754827200,2025-08-10 12:00:00,2.724,2.749,2.729,2.747,84803.452
1754830800,2025-08-10 13:00:00,2.713,2.75,2.747,2.715,36574.898
1754834400,2025-08-10 14:00:00,2.709,2.78,2.715,2.764,127697.46
1754838000,2025-08-10 15:00:00,2.754,2.792,2.764,2.756,466637.236
1754841600,2025-08-10 16:00:00,2.721,2.756,2.756,2.74,1755283.824
1754845200,2025-08-10 17:00:00,2.724,2.745,2.739,2.735,38332.641
1754848800,2025-08-10 18:00:00,2.733,2.754,2.736,2.737,52022.068
1754852400,2025-08-10 19:00:00,2.732,2.751,2.737,2.736,31918.251
1754856000,2025-08-10 20:00:00,2.719,2.737,2.736,2.725,40115.051
1754859600,2025-08-10 21:00:00,2.692,2.728,2.724,2.728,29801.063
1754863200,2025-08-10 22:00:00,2.713,2.741,2.727,2.739,22425.017
1754866800,2025-08-10 23:00:00,2.728,2.756,2.74,2.752,23786.474
1754870400,2025-08-11 00:00:00,2.737,2.761,2.753,2.74,28731.366
1754874000,2025-08-11 01:00:00,2.736,2.793,2.739,2.773,53975.511
1754877600,2025-08-11 02:00:00,2.772,2.82,2.772,2.814,105016.092
1754881200,2025-08-11 03:00:00,2.795,2.813,2.813,2.802,33777.985
1754884800,2025-08-11 04:00:00,2.796,2.83,2.803,2.798,126755.041
1754888400,2025-08-11 05:00:00,2.794,2.808,2.797,2.804,55025.338
1754892000,2025-08-11 06:00:00,2.794,2.81,2.805,2.796,59366.371
1754895600,2025-08-11 07:00:00,2.746,2.804,2.796,2.75,55992.808
1754899200,2025-08-11 08:00:00,2.735,2.766,2.749,2.762,72228.38
1754902800,2025-08-11 09:00:00,2.739,2.768,2.763,2.745,22477.892
1754906400,2025-08-11 10:00:00,2.712,2.747,2.746,2.719,32460.9
1754910000,2025-08-11 11:00:00,2.644,2.72,2.718,2.657,133640.448
1754913600,2025-08-11 12:00:00,2.642,2.67,2.658,2.659,120520.413
1754917200,2025-08-11 13:00:00,2.638,2.699,2.66,2.684,98356.883
1754920800,2025-08-11 14:00:00,2.674,2.714,2.685,2.674,89623.636
1754924400,2025-08-11 15:00:00,2.651,2.684,2.674,2.683,106809.728
1754928000,2025-08-11 16:00:00,2.672,2.729,2.684,2.682,105701.631
1754931600,2025-08-11 17:00:00,2.653,2.688,2.682,2.664,27982.548
1754935200,2025-08-11 18:00:00,2.64,2.674,2.663,2.662,45417.036
1754938800,2025-08-11 19:00:00,2.624,2.665,2.662,2.639,49914.679
1754942400,2025-08-11 20:00:00,2.627,2.646,2.638,2.639,48085.047
1754946000,2025-08-11 21:00:00,2.588,2.651,2.638,2.609,60797.425
1754949600,2025-08-11 22:00:00,2.579,2.61,2.608,2.597,21325.948
1754953200,2025-08-11 23:00:00,2.595,2.614,2.596,2.601,15714.799
1754956800,2025-08-12 00:00:00,2.597,2.627,2.6,2.62,36234.925
1754960400,2025-08-12 01:00:00,2.612,2.63,2.62,2.624,26348.27
1754964000,2025-08-12 02:00:00,2.615,2.646,2.624,2.628,17601.825
1754967600,2025-08-12 03:00:00,2.613,2.631,2.627,2.618,24415.997
1754971200,2025-08-12 04:00:00,2.615,2.633,2.617,2.63,17246.86
1754974800,2025-08-12 05:00:00,2.597,2.628,2.628,2.606,28457.073
1754978400,2025-08-12 06:00:00,2.584,2.627,2.607,2.611,93392.594
1754982000,2025-08-12 07:00:00,2.611,2.633,2.611,2.633,37383.575
1754985600,2025-08-12 08:00:00,2.613,2.641,2.633,2.616,54072.715
1754989200,2025-08-12 09:00:00,2.594,2.619,2.615,2.594,32818.807
1754992800,2025-08-12 10:00:00,2.58,2.6,2.595,2.589,26213.176
1754996400,2025-08-12 11:00:00,2.566,2.608,2.589,2.604,67772.598
1755000000,2025-08-12 12:00:00,2.594,2.689,2.605,2.67,156988.246
1755003600,2025-08-12 13:00:00,2.626,2.686,2.67,2.64,123010.761
1755007200,2025-08-12 14:00:00,2.635,2.694,2.64,2.691,47471.001
1755010800,2025-08-12 15:00:00,2.689,2.747,2.69,2.747,169298.938
1755014400,2025-08-12 16:00:00,2.724,2.754,2.748,2.752,83855.703
1755018000,2025-08-12 17:00:00,2.743,2.771,2.752,2.75,86685.659
1755021600,2025-08-12 18:00:00,2.745,2.822,2.748,2.756,239713.631
1755025200,2025-08-12 19:00:00,2.754,2.797,2.757,2.793,58722.134
1755028800,2025-08-12 20:00:00,2.785,2.825,2.794,2.821,63553.336
1755032400,2025-08-12 21:00:00,2.791,2.821,2.821,2.797,61833.772
1755036000,2025-08-12 22:00:00,2.785,2.808,2.797,2.803,21483.73
1755039600,2025-08-12 23:00:00,2.779,2.806,2.804,2.788,29659.442
1755043200,2025-08-13 00:00:00,2.789,2.81,2.789,2.797,44108.918
1755046800,2025-08-13 01:00:00,2.761,2.798,2.798,2.769,51438.917
1755050400,2025-08-13 02:00:00,2.753,2.814,2.768,2.812,59355.631
1755054000,2025-08-13 03:00:00,2.793,2.838,2.813,2.827,129842.436
1755057600,2025-08-13 04:00:00,2.82,2.845,2.826,2.834,58702.306
1755061200,2025-08-13 05:00:00,2.808,2.839,2.833,2.812,32387.275
1755064800,2025-08-13 06:00:00,2.797,2.83,2.81,2.817,22452.975
1755068400,2025-08-13 07:00:00,2.812,2.854,2.818,2.853,55873.29
1755072000,2025-08-13 08:00:00,2.851,2.896,2.852,2.877,59487.508
1755075600,2025-08-13 09:00:00,2.878,2.92,2.878,2.917,64277.52
1755079200,2025-08-13 10:00:00,2.914,2.936,2.915,2.914,81506.5
1755082800,2025-08-13 11:00:00,2.884,2.916,2.913,2.9,88472.226
1755086400,2025-08-13 12:00:00,2.887,2.908,2.901,2.889,47900.495
1755090000,2025-08-13 13:00:00,2.889,2.95,2.89,2.927,127269.328
1755093600,2025-08-13 14:00:00,2.887,2.942,2.928,2.896,157425.645
1755097200,2025-08-13 15:00:00,2.87,2.925,2.896,2.914,112979.718
1755100800,2025-08-13 16:00:00,2.899,2.939,2.913,2.907,78372.694
1755104400,2025-08-13 17:00:00,2.901,2.942,2.906,2.935,73222.797
1755108000,2025-08-13 18:00:00,2.907,2.961,2.934,2.928,159622.678
1755111600,2025-08-13 19:00:00,2.922,2.986,2.928,2.966,141075.115
1755115200,2025-08-13 20:00:00,2.944,2.974,2.967,2.966,111600.535
1755118800,2025-08-13 21:00:00,2.967,2.996,2.967,2.985,105794.435
1755122400,2025-08-13 22:00:00,2.975,3.047,2.985,3.034,197068.115
1755126000,2025-08-13 23:00:00,2.981,3.043,3.032,2.997,104084.561
1755129600,2025-08-14 00:00:00,2.984,3.019,2.998,2.99,114147.757
1755133200,2025-08-14 01:00:00,2.973,3.01,2.989,2.997,88370.945
1755136800,2025-08-14 02:00:00,2.982,3.041,2.994,3.039,52767.754
1755140400,2025-08-14 03:00:00,3.026,3.052,3.039,3.043,180749.674
1755144000,2025-08-14 04:00:00,3.026,3.061,3.043,3.028,126971.142
1755147600,2025-08-14 05:00:00,3.004,3.046,3.028,3.008,87184.3
1755151200,2025-08-14 06:00:00,2.957,3.008,3.007,2.985,109922.284
1755154800,2025-08-14 07:00:00,2.952,3.047,2.983,3.047,117898.16
1755158400,2025-08-14 08:00:00,2.954,3.046,3.046,2.99,138494.158
1755162000,2025-08-14 09:00:00,2.968,3.015,2.989,3.006,94291.713
1755165600,2025-08-14 10:00:00,2.93,3.005,3.005,2.939,152378.241
1755169200,2025-08-14 11:00:00,2.913,2.947,2.941,2.923,100540.912
1755172800,2025-08-14 12:00:00,2.759,2.941,2.923,2.787,504003.164
1755176400,2025-08-14 13:00:00,2.671,2.859,2.787,2.836,576525.168
1755180000,2025-08-14 14:00:00,2.818,2.866,2.838,2.834,83073.923
1755183600,2025-08-14 15:00:00,2.819,2.855,2.835,2.821,117210.989
1755187200,2025-08-14 16:00:00,2.763,2.819,2.819,2.781,129379.823
1755190800,2025-08-14 17:00:00,2.761,2.801,2.78,2.8,91996.793
1755194400,2025-08-14 18:00:00,2.744,2.799,2.798,2.77,168233.629
1755198000,2025-08-14 19:00:00,2.757,2.785,2.77,2.761,363792.125
1755201600,2025-08-14 20:00:00,2.734,2.76,2.759,2.757,133891.424
1755205200,2025-08-14 21:00:00,2.693,2.762,2.756,2.721,127628.77
1755208800,2025-08-14 22:00:00,2.704,2.752,2.72,2.738,88723.51
1755212400,2025-08-14 23:00:00,2.738,2.777,2.738,2.757,67042.468
1755216000,2025-08-15 00:00:00,2.75,2.794,2.756,2.77,72928.299
1755219600,2025-08-15 01:00:00,2.759,2.785,2.77,2.766,49146.025
1755223200,2025-08-15 02:00:00,2.764,2.789,2.767,2.78,42086.227
1755226800,2025-08-15 03:00:00,2.771,2.816,2.78,2.803,67678.146
1755230400,2025-08-15 04:00:00,2.781,2.822,2.802,2.781,56246.288
1755234000,2025-08-15 05:00:00,2.772,2.791,2.781,2.79,42049.674
1755237600,2025-08-15 06:00:00,2.79,2.85,2.79,2.833,74876.237
1755241200,2025-08-15 07:00:00,2.791,2.838,2.832,2.806,101675.852
1755244800,2025-08-15 08:00:00,2.792,2.814,2.805,2.8,39759.977
1755248400,2025-08-15 09:00:00,2.767,2.812,2.8,2.778,42850.835
1755252000,2025-08-15 10:00:00,2.771,2.794,2.777,2.773,19605.751
1755255600,2025-08-15 11:00:00,2.758,2.779,2.773,2.765,17646.201
1755259200,2025-08-15 12:00:00,2.749,2.815,2.765,2.774,129240.233
1755262800,2025-08-15 13:00:00,2.729,2.783,2.775,2.741,164447.959
1755266400,2025-08-15 14:00:00,2.694,2.755,2.74,2.701,160038.105
1755270000,2025-08-15 15:00:00,2.641,2.706,2.701,2.658,147987.84
1755273600,2025-08-15 16:00:00,2.627,2.692,2.658,2.682,119572.321
1755277200,2025-08-15 17:00:00,2.659,2.714,2.681,2.697,74758.376
1755280800,2025-08-15 18:00:00,2.652,2.705,2.696,2.661,65162.176
1755284400,2025-08-15 19:00:00,2.652,2.684,2.662,2.653,73818.5
1755288000,2025-08-15 20:00:00,2.645,2.683,2.652,2.683,30145.974
1755291600,2025-08-15 21:00:00,2.668,2.696,2.684,2.69,48812.329
1755295200,2025-08-15 22:00:00,2.684,2.74,2.689,2.739,98761.441
1755298800,2025-08-15 23:00:00,2.697,2.744,2.739,2.71,68924.613
1755302400,2025-08-16 00:00:00,2.71,2.76,2.71,2.757,66960.548
1755306000,2025-08-16 01:00:00,2.732,2.755,2.755,2.743,19907.458
1755309600,2025-08-16 02:00:00,2.724,2.747,2.743,2.728,16324.862
1755313200,2025-08-16 03:00:00,2.719,2.738,2.727,2.721,17792.123
1755316800,2025-08-16 04:00:00,2.718,2.745,2.722,2.742,5213.754
1755320400,2025-08-16 05:00:00,2.712,2.741,2.741,2.714,3765.175
1755324000,2025-08-16 06:00:00,2.711,2.733,2.714,2.72,16748.14
1755327600,2025-08-16 07:00:00,2.719,2.757,2.72,2.737,55537.801
1755331200,2025-08-16 08:00:00,2.72,2.743,2.736,2.72,10643.453
1755334800,2025-08-16 09:00:00,2.7,2.733,2.721,2.7,16688.622
1755338400,2025-08-16 10:00:00,2.693,2.714,2.7,2.699,95317.838
1755342000,2025-08-16 11:00:00,2.693,2.722,2.699,2.693,45286.078
1755345600,2025-08-16 12:00:00,2.685,2.71,2.694,2.709,19581.887
1755349200,2025-08-16 13:00:00,2.697,2.728,2.709,2.698,14951.493
1755352800,2025-08-16 14:00:00,2.696,2.748,2.699,2.744,46860.65
1755356400,2025-08-16 15:00:00,2.738,2.768,2.744,2.754,120150.587
1755360000,2025-08-16 16:00:00,2.736,2.761,2.752,2.741,19736.111
1755363600,2025-08-16 17:00:00,2.726,2.747,2.742,2.731,23776.095
1755367200,2025-08-16 18:00:00,2.727,2.753,2.731,2.737,25715.917
1755370800,2025-08-16 19:00:00,2.733,2.749,2.736,2.737,23969.859
1755374400,2025-08-16 20:00:00,2.737,2.759,2.738,2.748,17461.402
1755378000,2025-08-16 21:00:00,2.737,2.746,2.746,2.737,12633.547
1755381600,2025-08-16 22:00:00,2.73,2.75,2.737,2.745,8391.532
1755385200,2025-08-16 23:00:00,2.732,2.745,2.744,2.745,12216.917
1755388800,2025-08-17 00:00:00,2.727,2.746,2.746,2.727,12781.279
1755392400,2025-08-17 01:00:00,2.716,2.733,2.727,2.722,24334.733
1755396000,2025-08-17 02:00:00,2.705,2.73,2.723,2.73,37454.891
1755399600,2025-08-17 03:00:00,2.72,2.74,2.73,2.732,20292.033
1755403200,2025-08-17 04:00:00,2.73,2.765,2.731,2.765,26195.786
1755406800,2025-08-17 05:00:00,2.742,2.774,2.763,2.746,141317.857
1755410400,2025-08-17 06:00:00,2.729,2.755,2.747,2.732,9394.91
1755414000,2025-08-17 07:00:00,2.728,2.758,2.732,2.758,98788.79
1755417600,2025-08-17 08:00:00,2.752,2.779,2.759,2.772,46238.669
1755421200,2025-08-17 09:00:00,2.756,2.776,2.772,2.775,22445.491
1755424800,2025-08-17 10:00:00,2.762,2.781,2.774,2.775,24321.373
1755428400,2025-08-17 11:00:00,2.759,2.801,2.773,2.801,65758.984
1755432000,2025-08-17 12:00:00,2.763,2.801,2.8,2.767,40902.927
1755435600,2025-08-17 13:00:00,2.754,2.779,2.768,2.765,42357.705
1755439200,2025-08-17 14:00:00,2.748,2.787,2.764,2.781,51879.817
1755442800,2025-08-17 15:00:00,2.774,2.83,2.782,2.828,51368.268
1755446400,2025-08-17 16:00:00,2.769,2.843,2.828,2.781,69177.438
1755450000,2025-08-17 17:00:00,2.764,2.783,2.779,2.768,20713.016
1755453600,2025-08-17 18:00:00,2.713,2.774,2.769,2.742,34732.788
1755457200,2025-08-17 19:00:00,2.714,2.751,2.743,2.721,23034.468
1755460800,2025-08-17 20:00:00,2.715,2.74,2.721,2.721,31323.594
1755464400,2025-08-17 21:00:00,2.715,2.728,2.72,2.72,23686.236
1755468000,2025-08-17 22:00:00,2.715,2.738,2.721,2.729,60005.382
1755471600,2025-08-17 23:00:00,2.697,2.73,2.729,2.703,59839.193
1755475200,2025-08-18 00:00:00,2.676,2.703,2.703,2.69,48443.971
1755478800,2025-08-18 01:00:00,2.634,2.696,2.691,2.638,114791.54
1755482400,2025-08-18 02:00:00,2.578,2.636,2.636,2.587,131131.986
1755486000,2025-08-18 03:00:00,2.564,2.595,2.587,2.589,56942.762
1755489600,2025-08-18 04:00:00,2.578,2.61,2.588,2.603,27021.451
1755493200,2025-08-18 05:00:00,2.574,2.608,2.603,2.599,38559.745
1755496800,2025-08-18 06:00:00,2.545,2.601,2.599,2.566,106641.783
1755500400,2025-08-18 07:00:00,2.558,2.573,2.567,2.563,44253.068
1755504000,2025-08-18 08:00:00,2.56,2.575,2.562,2.561,24439.372
1755507600,2025-08-18 09:00:00,2.551,2.59,2.56,2.578,46945.39
1755511200,2025-08-18 10:00:00,2.571,2.588,2.576,2.571,22838.871
1755514800,2025-08-18 11:00:00,2.565,2.581,2.571,2.574,36497.029
1755518400,2025-08-18 12:00:00,2.571,2.614,2.573,2.61,42354.573
1755522000,2025-08-18 13:00:00,2.57,2.618,2.61,2.57,126580.615
1755525600,2025-08-18 14:00:00,2.556,2.588,2.571,2.579,92203.239
1755529200,2025-08-18 15:00:00,2.552,2.587,2.58,2.579,57479.201
1755532800,2025-08-18 16:00:00,2.554,2.586,2.579,2.56,43576.147
1755536400,2025-08-18 17:00:00,2.561,2.62,2.561,2.589,37765.62
1755540000,2025-08-18 18:00:00,2.575,2.601,2.587,2.598,22177.607
1755543600,2025-08-18 19:00:00,2.583,2.607,2.598,2.586,27862.077
1755547200,2025-08-18 20:00:00,2.561,2.595,2.585,2.577,214757.514
1755550800,2025-08-18 21:00:00,2.572,2.606,2.577,2.599,33264.335
1755554400,2025-08-18 22:00:00,2.592,2.626,2.599,2.593,70612.555
1755558000,2025-08-18 23:00:00,2.569,2.597,2.593,2.575,60799.304
1755561600,2025-08-19 00:00:00,2.536,2.59,2.576,2.589,190556.729
1755565200,2025-08-19 01:00:00,2.551,2.6,2.59,2.554,122066.855
1755568800,2025-08-19 02:00:00,2.538,2.558,2.555,2.54,69009.244
1755572400,2025-08-19 03:00:00,2.494,2.543,2.54,2.504,171475.466
1755576000,2025-08-19 04:00:00,2.487,2.531,2.504,2.53,144152.057
1755579600,2025-08-19 05:00:00,2.514,2.54,2.531,2.514,34131.216
1755583200,2025-08-19 06:00:00,2.503,2.52,2.513,2.514,16246.626
1755586800,2025-08-19 07:00:00,2.497,2.516,2.515,2.511,50726.781
1755590400,2025-08-19 08:00:00,2.486,2.517,2.511,2.508,36817.556
1755594000,2025-08-19 09:00:00,2.508,2.528,2.508,2.521,29189.255
1755597600,2025-08-19 10:00:00,2.514,2.543,2.521,2.534,49217.163
1755601200,2025-08-19 11:00:00,2.527,2.544,2.535,2.542,32024.323
1755604800,2025-08-19 12:00:00,2.518,2.542,2.542,2.529,31837.53
1755608400,2025-08-19 13:00:00,2.493,2.547,2.528,2.514,52050.355
1755612000,2025-08-19 14:00:00,2.468,2.524,2.515,2.486,125989.633
1755615600,2025-08-19 15:00:00,2.47,2.506,2.487,2.48,69146.458
1755619200,2025-08-19 16:00:00,2.456,2.483,2.479,2.463,47274.338
1755622800,2025-08-19 17:00:00,2.446,2.475,2.462,2.471,67854.456
1755626400,2025-08-19 18:00:00,2.433,2.473,2.47,2.445,39667.048
1755630000,2025-08-19 19:00:00,2.431,2.47,2.444,2.448,40664.413
1755633600,2025-08-19 20:00:00,2.437,2.467,2.447,2.46,33776.292
1755637200,2025-08-19 21:00:00,2.45,2.466,2.461,2.462,62631.697
1755640800,2025-08-19 22:00:00,2.444,2.46,2.459,2.448,21454.177
1755644400,2025-08-19 23:00:00,2.417,2.448,2.447,2.423,64662.721
1755648000,2025-08-20 00:00:00,2.422,2.447,2.422,2.438,21826.187
1755651600,2025-08-20 01:00:00,2.415,2.452,2.439,2.446,65495.87
1755655200,2025-08-20 02:00:00,2.435,2.455,2.446,2.438,34242.454
1755658800,2025-08-20 03:00:00,2.43,2.459,2.438,2.444,14215.005
1755662400,2025-08-20 04:00:00,2.445,2.466,2.445,2.456,44870.975
1755666000,2025-08-20 05:00:00,2.447,2.458,2.457,2.457,9722.854
1755669600,2025-08-20 06:00:00,2.437,2.458,2.457,2.449,89661.026
1755673200,2025-08-20 07:00:00,2.447,2.461,2.45,2.448,32096.379
1755676800,2025-08-20 08:00:00,2.447,2.485,2.448,2.483,103539.278
1755680400,2025-08-20 09:00:00,2.47,2.483,2.482,2.472,74832.543
1755684000,2025-08-20 10:00:00,2.473,2.487,2.473,2.48,24702.189
1755687600,2025-08-20 11:00:00,2.432,2.484,2.481,2.464,35887.079
1755691200,2025-08-20 12:00:00,2.457,2.485,2.464,2.472,39346.377
1755694800,2025-08-20 13:00:00,2.426,2.479,2.471,2.436,76229.246
1755698400,2025-08-20 14:00:00,2.414,2.494,2.436,2.473,61085.39
1755702000,2025-08-20 15:00:00,2.473,2.526,2.473,2.501,126552.373
1755705600,2025-08-20 16:00:00,2.5,2.544,2.5,2.523,54766.205
1755709200,2025-08-20 17:00:00,2.52,2.553,2.524,2.54,127801.186
1755712800,2025-08-20 18:00:00,2.493,2.542,2.54,2.512,46743.829
1755716400,2025-08-20 19:00:00,2.512,2.56,2.513,2.558,36919.139
1755720000,2025-08-20 20:00:00,2.55,2.563,2.557,2.556,27330.566
1755723600,2025-08-20 21:00:00,2.538,2.564,2.557,2.552,49462.208
1755727200,2025-08-20 22:00:00,2.545,2.56,2.553,2.553,30045.749
1755730800,2025-08-20 23:00:00,2.54,2.553,2.552,2.547,16561.72
1755734400,2025-08-21 00:00:00,2.532,2.549,2.546,2.546,35372.623
1755738000,2025-08-21 01:00:00,2.531,2.562,2.546,2.562,36460.492
1755741600,2025-08-21 02:00:00,2.516,2.569,2.562,2.527,49628.08
1755745200,2025-08-21 03:00:00,2.527,2.558,2.527,2.534,15679.53
1755748800,2025-08-21 04:00:00,2.526,2.544,2.535,2.532,28243.508
1755752400,2025-08-21 05:00:00,2.523,2.542,2.532,2.541,11625.755
1755756000,2025-08-21 06:00:00,2.516,2.539,2.539,2.519,11441.069
1755759600,2025-08-21 07:00:00,2.501,2.525,2.518,2.523,19765.937
1755763200,2025-08-21 08:00:00,2.504,2.525,2.523,2.504,41026.542
1755766800,2025-08-21 09:00:00,2.489,2.509,2.503,2.489,20985.317
1755770400,2025-08-21 10:00:00,2.487,2.499,2.49,2.493,10529.642
1755774000,2025-08-21 11:00:00,2.472,2.497,2.493,2.48,29383.562
1755777600,2025-08-21 12:00:00,2.456,2.49,2.48,2.468,33715.874
1755781200,2025-08-21 13:00:00,2.464,2.502,2.466,2.477,50147.269
1755784800,2025-08-21 14:00:00,2.462,2.509,2.478,2.471,15514.285
1755788400,2025-08-21 15:00:00,2.45,2.479,2.472,2.455,62724.613
1755792000,2025-08-21 16:00:00,2.436,2.471,2.455,2.438,37956.091
1755795600,2025-08-21 17:00:00,2.434,2.46,2.439,2.455,25245.214
1755799200,2025-08-21 18:00:00,2.45,2.471,2.456,2.467,13964.15
1755802800,2025-08-21 19:00:00,2.446,2.473,2.467,2.452,15499.949
1755806400,2025-08-21 20:00:00,2.437,2.47,2.453,2.46,45162.335
1755810000,2025-08-21 21:00:00,2.448,2.472,2.46,2.464,17572.836
1755813600,2025-08-21 22:00:00,2.459,2.475,2.463,2.463,24010.826
1755817200,2025-08-21 23:00:00,2.435,2.462,2.462,2.445,7651.953
1755820800,2025-08-22 00:00:00,2.436,2.458,2.446,2.443,25423.18
1755824400,2025-08-22 01:00:00,2.426,2.456,2.441,2.453,31133.1
1755828000,2025-08-22 02:00:00,2.45,2.484,2.453,2.464,19784.69
1755831600,2025-08-22 03:00:00,2.433,2.472,2.462,2.44,12478.125
1755835200,2025-08-22 04:00:00,2.436,2.46,2.44,2.441,19176.124
1755838800,2025-08-22 05:00:00,2.434,2.457,2.44,2.451,18618.21
1755842400,2025-08-22 06:00:00,2.432,2.465,2.451,2.437,9182.954
1755846000,2025-08-22 07:00:00,2.436,2.464,2.436,2.459,7659.037
1755849600,2025-08-22 08:00:00,2.452,2.478,2.459,2.454,27574.985
1755853200,2025-08-22 09:00:00,2.44,2.46,2.453,2.455,20694.968
1755856800,2025-08-22 10:00:00,2.428,2.456,2.455,2.428,17690.701
1755860400,2025-08-22 11:00:00,2.408,2.43,2.428,2.408,35973.197
1755864000,2025-08-22 12:00:00,2.367,2.411,2.409,2.393,144901.962
1755867600,2025-08-22 13:00:00,2.385,2.436,2.392,2.435,71313.388
1755871200,2025-08-22 14:00:00,2.436,2.616,2.436,2.559,808223.136
1755874800,2025-08-22 15:00:00,2.558,2.613,2.558,2.593,95594.441
1755878400,2025-08-22 16:00:00,2.595,2.658,2.595,2.643,96662.923
1755882000,2025-08-22 17:00:00,2.644,2.687,2.644,2.669,82633.769
1755885600,2025-08-22 18:00:00,2.651,2.68,2.669,2.673,102429.102
1755889200,2025-08-22 19:00:00,2.667,2.698,2.672,2.692,52118.797
1755892800,2025-08-22 20:00:00,2.683,2.697,2.693,2.694,42926.643
1755896400,2025-08-22 21:00:00,2.691,2.717,2.695,2.701,64948.255
1755900000,2025-08-22 22:00:00,2.681,2.706,2.703,2.686,46072.897
1755903600,2025-08-22 23:00:00,2.678,2.698,2.686,2.689,29021.675
1755907200,2025-08-23 00:00:00,2.683,2.7,2.69,2.686,28956.525
1755910800,2025-08-23 01:00:00,2.642,2.692,2.687,2.665,57180.455
1755914400,2025-08-23 02:00:00,2.604,2.669,2.664,2.633,87427.403
1755918000,2025-08-23 03:00:00,2.622,2.641,2.633,2.628,17285.127
1755921600,2025-08-23 04:00:00,2.628,2.671,2.629,2.67,18598.892
1755925200,2025-08-23 05:00:00,2.668,2.706,2.668,2.702,21826.427
1755928800,2025-08-23 06:00:00,2.692,2.709,2.703,2.696,23727.479
1755932400,2025-08-23 07:00:00,2.66,2.701,2.696,2.666,28759.719
1755936000,2025-08-23 08:00:00,2.656,2.677,2.666,2.669,18123.23
1755939600,2025-08-23 09:00:00,2.659,2.693,2.669,2.685,16938.614
1755943200,2025-08-23 10:00:00,2.664,2.688,2.686,2.664,9634.178
1755946800,2025-08-23 11:00:00,2.662,2.676,2.663,2.672,16825.654
1755950400,2025-08-23 12:00:00,2.658,2.689,2.672,2.675,14944.094
1755954000,2025-08-23 13:00:00,2.669,2.685,2.676,2.672,18228.224
1755957600,2025-08-23 14:00:00,2.667,2.695,2.67,2.677,22734.859
1755961200,2025-08-23 15:00:00,2.669,2.683,2.678,2.674,23310.4
1755964800,2025-08-23 16:00:00,2.653,2.676,2.675,2.657,20283.649
1755968400,2025-08-23 17:00:00,2.657,2.674,2.657,2.674,10314.278
1755972000,2025-08-23 18:00:00,2.674,2.69,2.675,2.69,32638.964
1755975600,2025-08-23 19:00:00,2.686,2.715,2.69,2.714,24835.038
1755979200,2025-08-23 20:00:00,2.687,2.716,2.715,2.695,31917.601
1755982800,2025-08-23 21:00:00,2.678,2.695,2.695,2.686,27472.076
1755986400,2025-08-23 22:00:00,2.685,2.704,2.687,2.704,29016.141
1755990000,2025-08-23 23:00:00,2.695,2.708,2.704,2.698,7044.027
1755993600,2025-08-24 00:00:00,2.699,2.712,2.699,2.703,10484.344
1755997200,2025-08-24 01:00:00,2.684,2.703,2.701,2.691,29969.811
1756000800,2025-08-24 02:00:00,2.68,2.698,2.69,2.684,9055.096
1756004400,2025-08-24 03:00:00,2.666,2.683,2.681,2.68,16062.378
1756008000,2025-08-24 04:00:00,2.67,2.682,2.68,2.679,7296.687
1756011600,2025-08-24 05:00:00,2.661,2.678,2.677,2.664,12502.1
1756015200,2025-08-24 06:00:00,2.631,2.664,2.664,2.631,11216.639
1756018800,2025-08-24 07:00:00,2.631,2.652,2.631,2.633,7720.044
1756022400,2025-08-24 08:00:00,2.626,2.648,2.632,2.641,9834.676
1756026000,2025-08-24 09:00:00,2.625,2.645,2.641,2.625,10625.35
1756029600,2025-08-24 10:00:00,2.583,2.626,2.625,2.586,48258.433
1756033200,2025-08-24 11:00:00,2.577,2.598,2.585,2.589,27697.327
1756036800,2025-08-24 12:00:00,2.587,2.602,2.588,2.601,23959.111
1756040400,2025-08-24 13:00:00,2.601,2.615,2.601,2.601,19312.908
1756044000,2025-08-24 14:00:00,2.588,2.626,2.6,2.623,45332.33
1756047600,2025-08-24 15:00:00,2.621,2.658,2.622,2.631,38038.566
1756051200,2025-08-24 16:00:00,2.626,2.657,2.631,2.652,18676.766
1756054800,2025-08-24 17:00:00,2.651,2.712,2.652,2.699,35091.085
1756058400,2025-08-24 18:00:00,2.692,2.776,2.698,2.76,89435.517
1756062000,2025-08-24 19:00:00,2.631,2.786,2.759,2.688,282652.116
1756065600,2025-08-24 20:00:00,2.628,2.699,2.689,2.669,88113.99
1756069200,2025-08-24 21:00:00,2.647,2.688,2.668,2.661,47803.597
1756072800,2025-08-24 22:00:00,2.619,2.667,2.661,2.662,55331.182
1756076400,2025-08-24 23:00:00,2.65,2.677,2.663,2.655,29202.968
1756080000,2025-08-25 00:00:00,2.6,2.671,2.655,2.62,37715.739
1756083600,2025-08-25 01:00:00,2.617,2.657,2.62,2.644,16592.902
1756087200,2025-08-25 02:00:00,2.644,2.684,2.644,2.678,36544.282
1756090800,2025-08-25 03:00:00,2.648,2.686,2.679,2.651,31061.291
1756094400,2025-08-25 04:00:00,2.625,2.657,2.652,2.625,13645.081
1756098000,2025-08-25 05:00:00,2.594,2.631,2.625,2.594,19848.954
1756101600,2025-08-25 06:00:00,2.549,2.596,2.594,2.55,97020.047
1756105200,2025-08-25 07:00:00,2.51,2.568,2.551,2.522,176369.416
1756108800,2025-08-25 08:00:00,2.5,2.538,2.523,2.522,153872.325
1756112400,2025-08-25 09:00:00,2.512,2.529,2.522,2.524,31095.905
1756116000,2025-08-25 10:00:00,2.482,2.524,2.523,2.497,55822.887
1756119600,2025-08-25 11:00:00,2.497,2.516,2.499,2.513,25525.258
1756123200,2025-08-25 12:00:00,2.5,2.516,2.512,2.516,129137.636
1756126800,2025-08-25 13:00:00,2.483,2.518,2.514,2.513,105877.742
1756130400,2025-08-25 14:00:00,2.5,2.529,2.513,2.507,132681.681
1756134000,2025-08-25 15:00:00,2.475,2.513,2.507,2.478,145518.324
1756137600,2025-08-25 16:00:00,2.465,2.497,2.476,2.476,48115.7
1756141200,2025-08-25 17:00:00,2.458,2.477,2.475,2.467,39491.814
1756144800,2025-08-25 18:00:00,2.455,2.474,2.468,2.463,46178.272
1756148400,2025-08-25 19:00:00,2.422,2.469,2.463,2.427,110192.602
1756152000,2025-08-25 20:00:00,2.363,2.437,2.426,2.364,181977.638
1756155600,2025-08-25 21:00:00,2.348,2.38,2.363,2.368,166375.334
1756159200,2025-08-25 22:00:00,2.364,2.407,2.364,2.39,68517.283
1756162800,2025-08-25 23:00:00,2.375,2.402,2.39,2.395,62894.762
1756166400,2025-08-26 00:00:00,2.379,2.407,2.394,2.395,69446.047
1756170000,2025-08-26 01:00:00,2.386,2.43,2.394,2.428,32747.344
1756173600,2025-08-26 02:00:00,2.411,2.441,2.428,2.415,38485.506
1756177200,2025-08-26 03:00:00,2.402,2.417,2.414,2.405,23979.652
1756180800,2025-08-26 04:00:00,2.405,2.421,2.405,2.415,47242.052
1756184400,2025-08-26 05:00:00,2.404,2.423,2.415,2.404,19374.028
1756188000,2025-08-26 06:00:00,2.398,2.418,2.404,2.409,21681.957
1756191600,2025-08-26 07:00:00,2.402,2.442,2.41,2.421,94742.587
1756195200,2025-08-26 08:00:00,2.406,2.425,2.42,2.413,44302.702
1756198800,2025-08-26 09:00:00,2.409,2.423,2.413,2.415,21117.217
1756202400,2025-08-26 10:00:00,2.414,2.438,2.416,2.43,31105.328
1756206000,2025-08-26 11:00:00,2.417,2.437,2.43,2.431,20995.944
1756209600,2025-08-26 12:00:00,2.418,2.489,2.432,2.471,66841.385
1756213200,2025-08-26 13:00:00,2.422,2.479,2.47,2.457,117101.01
1756216800,2025-08-26 14:00:00,2.438,2.482,2.459,2.474,113924.258
1756220400,2025-08-26 15:00:00,2.459,2.487,2.473,2.471,61635.736
1756224000,2025-08-26 16:00:00,2.468,2.503,2.472,2.503,43347.887
1756227600,2025-08-26 17:00:00,2.489,2.516,2.501,2.502,101677.197
1756231200,2025-08-26 18:00:00,2.5,2.519,2.503,2.505,64420.446
1756234800,2025-08-26 19:00:00,2.496,2.547,2.504,2.538,58572.651
1756238400,2025-08-26 20:00:00,2.519,2.548,2.539,2.523,102154.536
1756242000,2025-08-26 21:00:00,2.513,2.54,2.523,2.54,46965.763
1756245600,2025-08-26 22:00:00,2.525,2.541,2.539,2.533,25058.431
1756249200,2025-08-26 23:00:00,2.525,2.546,2.532,2.526,37899.984
1756252800,2025-08-27 00:00:00,2.51,2.534,2.525,2.515,34561.866
1756256400,2025-08-27 01:00:00,2.506,2.521,2.514,2.521,16797.659
1756260000,2025-08-27 02:00:00,2.503,2.525,2.519,2.516,40947.502
1756263600,2025-08-27 03:00:00,2.507,2.552,2.515,2.54,28918.657
1756267200,2025-08-27 04:00:00,2.539,2.567,2.54,2.566,48366.621
1756270800,2025-08-27 05:00:00,2.53,2.564,2.564,2.536,52238.612
1756274400,2025-08-27 06:00:00,2.517,2.537,2.536,2.52,23908.035
1756278000,2025-08-27 07:00:00,2.509,2.523,2.521,2.516,77118.64
1756281600,2025-08-27 08:00:00,2.496,2.52,2.517,2.51,50048.171
1756285200,2025-08-27 09:00:00,2.505,2.522,2.51,2.507,30567.693
1756288800,2025-08-27 10:00:00,2.496,2.513,2.506,2.506,14503.948
1756292400,2025-08-27 11:00:00,2.506,2.524,2.507,2.522,13691.535
1756296000,2025-08-27 12:00:00,2.503,2.525,2.521,2.516,37960.739
1756299600,2025-08-27 13:00:00,2.496,2.534,2.515,2.509,121584.263
1756303200,2025-08-27 14:00:00,2.505,2.552,2.51,2.539,72834.074
1756306800,2025-08-27 15:00:00,2.527,2.555,2.537,2.544,62959.425
1756310400,2025-08-27 16:00:00,2.52,2.546,2.544,2.54,44191.102
1756314000,2025-08-27 17:00:00,2.529,2.558,2.538,2.555,25236.651
1756317600,2025-08-27 18:00:00,2.543,2.561,2.555,2.543,30054.97
1756321200,2025-08-27 19:00:00,2.515,2.548,2.543,2.538,41897.924
1756324800,2025-08-27 20:00:00,2.509,2.576,2.538,2.576,128369.545
1756328400,2025-08-27 21:00:00,2.541,2.577,2.574,2.55,41325.117
1756332000,2025-08-27 22:00:00,2.516,2.549,2.548,2.528,57269.785
1756335600,2025-08-27 23:00:00,2.512,2.532,2.527,2.518,32866.781
1756339200,2025-08-28 00:00:00,2.495,2.53,2.516,2.508,21280.564
1756342800,2025-08-28 01:00:00,2.509,2.53,2.509,2.523,23168.096
1756346400,2025-08-28 02:00:00,2.508,2.53,2.522,2.508,14658.694
1756350000,2025-08-28 03:00:00,2.508,2.529,2.508,2.527,56633.79
1756353600,2025-08-28 04:00:00,2.517,2.539,2.528,2.533,64063.146
1756357200,2025-08-28 05:00:00,2.508,2.543,2.533,2.514,59162.631
1756360800,2025-08-28 06:00:00,2.505,2.524,2.513,2.522,22931.547
1756364400,2025-08-28 07:00:00,2.51,2.526,2.522,2.521,22433.707
1756368000,2025-08-28 08:00:00,2.522,2.544,2.522,2.526,63270.919
1756371600,2025-08-28 09:00:00,2.502,2.526,2.526,2.505,30688.36
1756375200,2025-08-28 10:00:00,2.5,2.526,2.505,2.526,51813.88
1756378800,2025-08-28 11:00:00,2.513,2.527,2.526,2.527,46014.905
1756382400,2025-08-28 12:00:00,2.52,2.538,2.525,2.529,33193.979
1756386000,2025-08-28 13:00:00,2.521,2.543,2.529,2.543,33648.664
1756389600,2025-08-28 14:00:00,2.532,2.568,2.543,2.557,73366.458
1756393200,2025-08-28 15:00:00,2.515,2.564,2.557,2.52,100745.043
1756396800,2025-08-28 16:00:00,2.483,2.539,2.52,2.484,65765.858
1756400400,2025-08-28 17:00:00,2.481,2.511,2.483,2.506,56242.975
1756404000,2025-08-28 18:00:00,2.5,2.523,2.505,2.511,29820.707
1756407600,2025-08-28 19:00:00,2.482,2.521,2.512,2.482,37397.633
1756411200,2025-08-28 20:00:00,2.477,2.5,2.481,2.493,41064.759
1756414800,2025-08-28 21:00:00,2.491,2.514,2.493,2.512,35585.166
1756418400,2025-08-28 22:00:00,2.513,2.551,2.513,2.55,48237.578
1756422000,2025-08-28 23:00:00,2.535,2.551,2.551,2.545,15739.048
1756425600,2025-08-29 00:00:00,2.523,2.551,2.545,2.528,40805.455
1756429200,2025-08-29 01:00:00,2.501,2.532,2.529,2.505,40036.566
1756432800,2025-08-29 02:00:00,2.504,2.535,2.505,2.52,34583.844
1756436400,2025-08-29 03:00:00,2.509,2.53,2.521,2.518,48882.929
1756440000,2025-08-29 04:00:00,2.501,2.523,2.519,2.505,28686.456
1756443600,2025-08-29 05:00:00,2.493,2.509,2.504,2.501,15765.329
1756447200,2025-08-29 06:00:00,2.481,2.504,2.501,2.49,715516.151
1756450800,2025-08-29 07:00:00,2.429,2.489,2.489,2.438,92370.761
1756454400,2025-08-29 08:00:00,2.403,2.446,2.438,2.403,167831.36
1756458000,2025-08-29 09:00:00,2.397,2.431,2.403,2.427,149592.594
1756461600,2025-08-29 10:00:00,2.425,2.44,2.426,2.439,43178.471
1756465200,2025-08-29 11:00:00,2.43,2.447,2.44,2.44,25459.009
1756468800,2025-08-29 12:00:00,2.44,2.512,2.44,2.472,170386.655
1756472400,2025-08-29 13:00:00,2.426,2.476,2.472,2.447,131641.024
1756476000,2025-08-29 14:00:00,2.41,2.465,2.448,2.436,105571.268
1756479600,2025-08-29 15:00:00,2.428,2.465,2.437,2.435,80890.303
1756483200,2025-08-29 16:00:00,2.417,2.447,2.435,2.427,49121.314
1756486800,2025-08-29 17:00:00,2.402,2.427,2.427,2.405,30065.975
1756490400,2025-08-29 18:00:00,2.393,2.416,2.405,2.399,107275.106
1756494000,2025-08-29 19:00:00,2.391,2.429,2.397,2.417,55011.242
1756497600,2025-08-29 20:00:00,2.4,2.42,2.417,2.401,89110.685
1756501200,2025-08-29 21:00:00,2.391,2.439,2.401,2.434,28349.31
1756504800,2025-08-29 22:00:00,2.42,2.436,2.433,2.435,17434.051
1756508400,2025-08-29 23:00:00,2.429,2.438,2.436,2.43,11482.915
1756512000,2025-08-30 00:00:00,2.419,2.436,2.429,2.426,16863.953
1756515600,2025-08-30 01:00:00,2.393,2.432,2.426,2.396,95477.952
1756519200,2025-08-30 02:00:00,2.392,2.432,2.396,2.425,32516.344
1756522800,2025-08-30 03:00:00,2.425,2.463,2.426,2.454,89800.946
1756526400,2025-08-30 04:00:00,2.439,2.455,2.454,2.439,7170.703
1756530000,2025-08-30 05:00:00,2.437,2.452,2.44,2.444,21822.849
1756533600,2025-08-30 06:00:00,2.44,2.452,2.445,2.446,15503.852
1756537200,2025-08-30 07:00:00,2.445,2.456,2.445,2.455,10883.586
1756540800,2025-08-30 08:00:00,2.445,2.454,2.454,2.445,10962.945
1756544400,2025-08-30 09:00:00,2.437,2.449,2.446,2.439,15496.825
1756548000,2025-08-30 10:00:00,2.434,2.448,2.439,2.445,9358.374
1756551600,2025-08-30 11:00:00,2.436,2.449,2.445,2.446,17488.522
1756555200,2025-08-30 12:00:00,2.418,2.446,2.446,2.424,27589.838
1756558800,2025-08-30 13:00:00,2.405,2.429,2.425,2.424,44759.5
1756562400,2025-08-30 14:00:00,2.413,2.428,2.424,2.425,12875.991
1756566000,2025-08-30 15:00:00,2.422,2.446,2.425,2.442,17174.015
1756569600,2025-08-30 16:00:00,2.426,2.443,2.44,2.426,12766.871
1756573200,2025-08-30 17:00:00,2.421,2.434,2.426,2.426,47172.998
1756576800,2025-08-30 18:00:00,2.417,2.431,2.426,2.423,21171.555
1756580400,2025-08-30 19:00:00,2.419,2.431,2.423,2.425,12157.243
1756584000,2025-08-30 20:00:00,2.414,2.429,2.426,2.42,8115.53
1756587600,2025-08-30 21:00:00,2.417,2.427,2.421,2.423,15827.59
1756591200,2025-08-30 22:00:00,2.417,2.431,2.423,2.431,5524.373
1756594800,2025-08-30 23:00:00,2.431,2.439,2.431,2.434,23928.082
1756598400,2025-08-31 00:00:00,2.436,2.467,2.436,2.465,45086.788
1756602000,2025-08-31 01:00:00,2.46,2.48,2.466,2.479,17329.023
1756605600,2025-08-31 02:00:00,2.471,2.483,2.48,2.476,26174.622
1756609200,2025-08-31 03:00:00,2.471,2.481,2.477,2.481,40141.539
1756612800,2025-08-31 04:00:00,2.455,2.483,2.482,2.46,28974.445
1756616400,2025-08-31 05:00:00,2.448,2.458,2.458,2.452,6338.779
1756620000,2025-08-31 06:00:00,2.44,2.454,2.453,2.44,14337.495
1756623600,2025-08-31 07:00:00,2.438,2.449,2.44,2.441,4968.585
1756627200,2025-08-31 08:00:00,2.442,2.458,2.442,2.458,12347.995
1756630800,2025-08-31 09:00:00,2.441,2.46,2.456,2.443,7113.864
1756634400,2025-08-31 10:00:00,2.426,2.442,2.442,2.434,13755.116
1756638000,2025-08-31 11:00:00,2.43,2.445,2.434,2.444,9170.67
1756641600,2025-08-31 12:00:00,2.429,2.447,2.445,2.445,8606.235
1756645200,2025-08-31 13:00:00,2.431,2.447,2.444,2.435,13304.662
1756648800,2025-08-31 14:00:00,2.421,2.436,2.436,2.425,37978.088
1756652400,2025-08-31 15:00:00,2.427,2.444,2.427,2.441,13939.185
1756656000,2025-08-31 16:00:00,2.426,2.441,2.441,2.433,11484.888
1756659600,2025-08-31 17:00:00,2.421,2.434,2.432,2.425,10033.893
1756663200,2025-08-31 18:00:00,2.423,2.436,2.427,2.435,13392.554
1756666800,2025-08-31 19:00:00,2.419,2.435,2.434,2.419,26287.529
1756670400,2025-08-31 20:00:00,2.415,2.428,2.419,2.42,12162.91
1756674000,2025-08-31 21:00:00,2.419,2.429,2.42,2.424,28611.522
1756677600,2025-08-31 22:00:00,2.403,2.426,2.425,2.407,45882.677
1756681200,2025-08-31 23:00:00,2.365,2.409,2.407,2.368,70112.097
1756684800,2025-09-01 00:00:00,2.331,2.368,2.367,2.354,181413.975
1756688400,2025-09-01 01:00:00,2.348,2.371,2.352,2.357,40716.733
1756692000,2025-09-01 02:00:00,2.328,2.358,2.356,2.335,54550.313
1756695600,2025-09-01 03:00:00,2.334,2.349,2.334,2.345,38236.623
1756699200,2025-09-01 04:00:00,2.324,2.348,2.344,2.331,38741.814
1756702800,2025-09-01 05:00:00,2.321,2.345,2.33,2.342,25510.142
1756706400,2025-09-01 06:00:00,2.328,2.349,2.343,2.343,27316.55
1756710000,2025-09-01 07:00:00,2.336,2.412,2.344,2.412,58057.585
1756713600,2025-09-01 08:00:00,2.413,2.441,2.413,2.441,59436.742
1756717200,2025-09-01 09:00:00,2.423,2.452,2.442,2.424,39435.776
1756720800,2025-09-01 10:00:00,2.387,2.424,2.422,2.394,37700.32
1756724400,2025-09-01 11:00:00,2.374,2.399,2.394,2.38,60011.202
1756728000,2025-09-01 12:00:00,2.376,2.395,2.38,2.383,15792.087
1756731600,2025-09-01 13:00:00,2.366,2.392,2.381,2.37,32405.529
1756735200,2025-09-01 14:00:00,2.357,2.383,2.371,2.369,33834.108
1756738800,2025-09-01 15:00:00,2.348,2.376,2.368,2.352,33704.076
1756742400,2025-09-01 16:00:00,2.34,2.357,2.351,2.347,30929.706
1756746000,2025-09-01 17:00:00,2.333,2.355,2.346,2.34,39142.393
1756749600,2025-09-01 18:00:00,2.341,2.359,2.341,2.353,28876.463
1756753200,2025-09-01 19:00:00,2.35,2.368,2.352,2.367,20421.96
1756756800,2025-09-01 20:00:00,2.304,2.373,2.367,2.325,138460.709
1756760400,2025-09-01 21:00:00,2.279,2.326,2.324,2.294,119308.33
1756764000,2025-09-01 22:00:00,2.286,2.313,2.293,2.305,35413.472
1756767600,2025-09-01 23:00:00,2.307,2.341,2.307,2.341,39043.168
1756771200,2025-09-02 00:00:00,2.329,2.345,2.341,2.336,60169.495
1756774800,2025-09-02 01:00:00,2.324,2.358,2.335,2.346,32428.637
1756778400,2025-09-02 02:00:00,2.339,2.372,2.345,2.37,31120.72
1756782000,2025-09-02 03:00:00,2.364,2.384,2.369,2.381,26775.736
1756785600,2025-09-02 04:00:00,2.374,2.385,2.38,2.382,33091.13
1756789200,2025-09-02 05:00:00,2.37,2.381,2.381,2.376,13826.556
1756792800,2025-09-02 06:00:00,2.374,2.386,2.377,2.38,11143.948
1756796400,2025-09-02 07:00:00,2.356,2.38,2.379,2.362,16872.486
1756800000,2025-09-02 08:00:00,2.357,2.374,2.361,2.366,11264.516
1756803600,2025-09-02 09:00:00,2.362,2.379,2.365,2.377,24894.039
1756807200,2025-09-02 10:00:00,2.369,2.38,2.377,2.38,7933.42
1756810800,2025-09-02 11:00:00,2.362,2.377,2.377,2.367,12894.589
1756814400,2025-09-02 12:00:00,2.318,2.368,2.368,2.322,170439.521
1756818000,2025-09-02 13:00:00,2.323,2.406,2.323,2.406,113478.68
1756821600,2025-09-02 14:00:00,2.381,2.414,2.404,2.393,69886.361
1756825200,2025-09-02 15:00:00,2.348,2.393,2.393,2.351,62209.745
1756828800,2025-09-02 16:00:00,2.352,2.375,2.352,2.374,37401.881
1756832400,2025-09-02 17:00:00,2.373,2.398,2.375,2.387,19687.043
1756836000,2025-09-02 18:00:00,2.362,2.391,2.386,2.383,23941.137
1756839600,2025-09-02 19:00:00,2.369,2.394,2.384,2.378,21667.831
1756843200,2025-09-02 20:00:00,2.373,2.412,2.376,2.408,22181.612
1756846800,2025-09-02 21:00:00,2.406,2.43,2.408,2.425,76598.21
1756850400,2025-09-02 22:00:00,2.413,2.428,2.424,2.428,59768.466
1756854000,2025-09-02 23:00:00,2.423,2.44,2.429,2.438,36491.731
1756857600,2025-09-03 00:00:00,2.435,2.448,2.439,2.439,28485.315
1756861200,2025-09-03 01:00:00,2.431,2.457,2.441,2.457,24612.614
1756864800,2025-09-03 02:00:00,2.449,2.47,2.457,2.45,43510.537
1756868400,2025-09-03 03:00:00,2.436,2.454,2.448,2.447,13151.541
1756872000,2025-09-03 04:00:00,2.441,2.45,2.446,2.443,14613.539
1756875600,2025-09-03 05:00:00,2.429,2.443,2.44,2.432,11431.669
1756879200,2025-09-03 06:00:00,2.423,2.444,2.431,2.43,26878.56
1756882800,2025-09-03 07:00:00,2.42,2.434,2.431,2.428,13686.554
1756886400,2025-09-03 08:00:00,2.429,2.449,2.429,2.438,27484.244
1756890000,2025-09-03 09:00:00,2.427,2.451,2.439,2.451,36294.748
1756893600,2025-09-03 10:00:00,2.443,2.456,2.452,2.45,74168.378
1756897200,2025-09-03 11:00:00,2.447,2.459,2.449,2.457,28172.87
1756900800,2025-09-03 12:00:00,2.442,2.467,2.46,2.446,33640.506
1756904400,2025-09-03 13:00:00,2.446,2.473,2.447,2.463,54934.228
1756908000,2025-09-03 14:00:00,2.455,2.484,2.462,2.479,46591.63
1756911600,2025-09-03 15:00:00,2.468,2.482,2.48,2.475,21317.848
1756915200,2025-09-03 16:00:00,2.464,2.482,2.478,2.469,56298.383
1756918800,2025-09-03 17:00:00,2.47,2.483,2.47,2.475,29895.53
1756922400,2025-09-03 18:00:00,2.466,2.477,2.474,2.47,19297.608
1756926000,2025-09-03 19:00:00,2.468,2.489,2.468,2.488,15966.018
1756929600,2025-09-03 20:00:00,2.484,2.493,2.489,2.489,17895.915
1756933200,2025-09-03 21:00:00,2.477,2.491,2.49,2.487,36617.329
1756936800,2025-09-03 22:00:00,2.474,2.49,2.486,2.479,18301.703
1756940400,2025-09-03 23:00:00,2.467,2.48,2.479,2.47,27342.274
1756944000,2025-09-04 00:00:00,2.465,2.476,2.472,2.471,15625.439
1756947600,2025-09-04 01:00:00,2.46,2.47,2.47,2.47,13434.166
1756951200,2025-09-04 02:00:00,2.457,2.472,2.471,2.464,11034.258
1756954800,2025-09-04 03:00:00,2.442,2.464,2.464,2.443,50056.423
1756958400,2025-09-04 04:00:00,2.438,2.451,2.443,2.442,14539.915
1756962000,2025-09-04 05:00:00,2.415,2.441,2.441,2.42,43812.258
1756965600,2025-09-04 06:00:00,2.402,2.42,2.419,2.403,62232.531
1756969200,2025-09-04 07:00:00,2.403,2.414,2.404,2.409,27872.004
1756972800,2025-09-04 08:00:00,2.406,2.421,2.409,2.407,12980.773
1756976400,2025-09-04 09:00:00,2.399,2.411,2.408,2.407,82287.112
1756980000,2025-09-04 10:00:00,2.406,2.419,2.407,2.406,18218.14
1756983600,2025-09-04 11:00:00,2.404,2.419,2.406,2.406,19919.687
1756987200,2025-09-04 12:00:00,2.403,2.422,2.406,2.422,26044.977
1756990800,2025-09-04 13:00:00,2.402,2.426,2.422,2.406,37125.178
1756994400,2025-09-04 14:00:00,2.387,2.41,2.408,2.396,206883.193
1756998000,2025-09-04 15:00:00,2.373,2.396,2.396,2.378,69665.208
1757001600,2025-09-04 16:00:00,2.371,2.384,2.377,2.379,53992.086
1757005200,2025-09-04 17:00:00,2.371,2.389,2.379,2.375,49436.699
1757008800,2025-09-04 18:00:00,2.36,2.382,2.375,2.368,79201.489
1757012400,2025-09-04 19:00:00,2.363,2.377,2.368,2.365,45291.48
1757016000,2025-09-04 20:00:00,2.363,2.384,2.364,2.375,84203.448
1757019600,2025-09-04 21:00:00,2.372,2.384,2.375,2.382,60112.913
1757023200,2025-09-04 22:00:00,2.379,2.4,2.381,2.397,66013.923
1757026800,2025-09-04 23:00:00,2.373,2.402,2.397,2.373,57206.768
1757030400,2025-09-05 00:00:00,2.368,2.385,2.373,2.37,59267.488
1757034000,2025-09-05 01:00:00,2.366,2.387,2.368,2.384,51570.666
1757037600,2025-09-05 02:00:00,2.379,2.393,2.384,2.392,58031.48
1757041200,2025-09-05 03:00:00,2.382,2.395,2.392,2.395,56396.745
1757044800,2025-09-05 04:00:00,2.388,2.395,2.395,2.391,40038.348
1757048400,2025-09-05 05:00:00,2.389,2.396,2.391,2.393,39038.374
1757052000,2025-09-05 06:00:00,2.381,2.395,2.392,2.385,48730.334
1757055600,2025-09-05 07:00:00,2.386,2.432,2.386,2.429,74487.013
1757059200,2025-09-05 08:00:00,2.4,2.43,2.43,2.412,182576.624
1757062800,2025-09-05 09:00:00,2.402,2.416,2.412,2.416,101065.444
1757066400,2025-09-05 10:00:00,2.417,2.429,2.417,2.418,56076.013
1757070000,2025-09-05 11:00:00,2.417,2.439,2.418,2.432,113150.488
1757073600,2025-09-05 12:00:00,2.423,2.468,2.432,2.468,212137.211
1757077200,2025-09-05 13:00:00,2.461,2.478,2.468,2.47,120992.73
1757080800,2025-09-05 14:00:00,2.38,2.47,2.47,2.389,207934.398
1757084400,2025-09-05 15:00:00,2.383,2.413,2.39,2.395,136417.402
1757088000,2025-09-05 16:00:00,2.387,2.403,2.395,2.398,107603.381
1757091600,2025-09-05 17:00:00,2.377,2.397,2.397,2.381,98741.507
1757095200,2025-09-05 18:00:00,2.372,2.404,2.381,2.397,127194.875
1757098800,2025-09-05 19:00:00,2.393,2.409,2.397,2.408,140756.522
1757102400,2025-09-05 20:00:00,2.4,2.417,2.409,2.416,133625.337
1757106000,2025-09-05 21:00:00,2.388,2.416,2.416,2.392,127426.009
1757109600,2025-09-05 22:00:00,2.383,2.399,2.392,2.395,71035.172
1757113200,2025-09-05 23:00:00,2.392,2.402,2.394,2.399,12408.44
1757116800,2025-09-06 00:00:00,2.398,2.409,2.398,2.402,30227.982
1757120400,2025-09-06 01:00:00,2.394,2.403,2.401,2.397,10153.615
1757124000,2025-09-06 02:00:00,2.387,2.403,2.398,2.403,18643.139
1757127600,2025-09-06 03:00:00,2.4,2.41,2.402,2.401,8415.884
1757131200,2025-09-06 04:00:00,2.388,2.401,2.4,2.393,9662.964
1757134800,2025-09-06 05:00:00,2.385,2.393,2.393,2.386,7789.491
1757138400,2025-09-06 06:00:00,2.386,2.393,2.386,2.387,10563.095
1757142000,2025-09-06 07:00:00,2.385,2.392,2.386,2.392,8277.163
1757145600,2025-09-06 08:00:00,2.386,2.393,2.393,2.386,11643.549
1757149200,2025-09-06 09:00:00,2.377,2.386,2.386,2.377,9344.42
1757152800,2025-09-06 10:00:00,2.375,2.392,2.377,2.391,12197.359
1757156400,2025-09-06 11:00:00,2.381,2.392,2.389,2.391,18738.341
1757160000,2025-09-06 12:00:00,2.385,2.397,2.389,2.387,18762.479
1757163600,2025-09-06 13:00:00,2.385,2.393,2.387,2.392,21866.603
1757167200,2025-09-06 14:00:00,2.392,2.407,2.392,2.405,10976.053
1757170800,2025-09-06 15:00:00,2.386,2.405,2.404,2.388,26229.821
1757174400,2025-09-06 16:00:00,2.384,2.408,2.388,2.403,28433.214
1757178000,2025-09-06 17:00:00,2.386,2.405,2.402,2.39,7300.444
1757181600,2025-09-06 18:00:00,2.388,2.398,2.391,2.394,12232.468
1757185200,2025-09-06 19:00:00,2.377,2.394,2.394,2.378,32028.652
1757188800,2025-09-06 20:00:00,2.377,2.399,2.377,2.399,14780.895
1757192400,2025-09-06 21:00:00,2.392,2.399,2.398,2.399,18069.37
1757196000,2025-09-06 22:00:00,2.397,2.411,2.399,2.403,16757.01
1757199600,2025-09-06 23:00:00,2.396,2.41,2.402,2.402,5557.2
1757203200,2025-09-07 00:00:00,2.4,2.408,2.403,2.405,19536.35
1757206800,2025-09-07 01:00:00,2.405,2.431,2.405,2.426,16093.405
1757210400,2025-09-07 02:00:00,2.424,2.435,2.425,2.435,9051.25
1757214000,2025-09-07 03:00:00,2.432,2.443,2.436,2.434,30112.418
1757217600,2025-09-07 04:00:00,2.433,2.442,2.433,2.438,16654.483
1757221200,2025-09-07 05:00:00,2.432,2.457,2.436,2.454,19706.553
1757224800,2025-09-07 06:00:00,2.439,2.458,2.456,2.44,13686.136
1757228400,2025-09-07 07:00:00,2.434,2.445,2.439,2.437,15046.587
1757232000,2025-09-07 08:00:00,2.438,2.451,2.438,2.442,37625.904
1757235600,2025-09-07 09:00:00,2.431,2.446,2.442,2.436,19905.713
1757239200,2025-09-07 10:00:00,2.432,2.439,2.436,2.437,9100.607
1757242800,2025-09-07 11:00:00,2.431,2.443,2.438,2.442,9123.112
1757246400,2025-09-07 12:00:00,2.436,2.447,2.443,2.447,5593.94
1757250000,2025-09-07 13:00:00,2.447,2.466,2.448,2.466,33789.793
1757253600,2025-09-07 14:00:00,2.455,2.472,2.467,2.461,129478.261
1757257200,2025-09-07 15:00:00,2.458,2.487,2.459,2.478,115216.682
1757260800,2025-09-07 16:00:00,2.463,2.481,2.479,2.467,21094.778
1757264400,2025-09-07 17:00:00,2.453,2.468,2.466,2.453,21878.738
1757268000,2025-09-07 18:00:00,2.446,2.46,2.453,2.449,14745.831
1757271600,2025-09-07 19:00:00,2.447,2.465,2.45,2.458,14664.703
1757275200,2025-09-07 20:00:00,2.452,2.466,2.457,2.466,19472.274
1757278800,2025-09-07 21:00:00,2.46,2.466,2.466,2.461,33902.471
1757282400,2025-09-07 22:00:00,2.451,2.465,2.461,2.465,26863.288
1757286000,2025-09-07 23:00:00,2.464,2.477,2.465,2.467,28985.944
1757289600,2025-09-08 00:00:00,2.457,2.472,2.467,2.457,29908.008
1757293200,2025-09-08 01:00:00,2.452,2.462,2.457,2.456,14975.291
1757296800,2025-09-08 02:00:00,2.455,2.493,2.456,2.493,44287.14
1757300400,2025-09-08 03:00:00,2.489,2.511,2.492,2.495,31957.053
1757304000,2025-09-08 04:00:00,2.486,2.504,2.496,2.503,27741.837
1757307600,2025-09-08 05:00:00,2.492,2.509,2.503,2.495,12016.072
1757311200,2025-09-08 06:00:00,2.478,2.497,2.496,2.49,14479.192
1757314800,2025-09-08 07:00:00,2.484,2.502,2.491,2.489,27305.576
1757318400,2025-09-08 08:00:00,2.488,2.51,2.489,2.502,18677.494
1757322000,2025-09-08 09:00:00,2.497,2.526,2.501,2.518,37209.115
1757325600,2025-09-08 10:00:00,2.517,2.535,2.517,2.522,56272.282
1757329200,2025-09-08 11:00:00,2.497,2.524,2.523,2.505,19466.386
1757332800,2025-09-08 12:00:00,2.5,2.52,2.505,2.52,47352.365
1757336400,2025-09-08 13:00:00,2.514,2.537,2.52,2.514,103368.312
1757340000,2025-09-08 14:00:00,2.513,2.549,2.513,2.549,79299.143
1757343600,2025-09-08 15:00:00,2.55,2.572,2.55,2.565,153624.539
1757347200,2025-09-08 16:00:00,2.551,2.572,2.565,2.556,97234.171
1757350800,2025-09-08 17:00:00,2.543,2.572,2.556,2.552,54112.416
1757354400,2025-09-08 18:00:00,2.552,2.57,2.552,2.569,20921.687
1757358000,2025-09-08 19:00:00,2.544,2.567,2.567,2.553,30627.489
1757361600,2025-09-08 20:00:00,2.538,2.559,2.554,2.549,30479.885
1757365200,2025-09-08 21:00:00,2.542,2.59,2.549,2.59,51373.057
1757368800,2025-09-08 22:00:00,2.58,2.598,2.591,2.583,56367.776
1757372400,2025-09-08 23:00:00,2.57,2.589,2.583,2.576,19764.267
1757376000,2025-09-09 00:00:00,2.577,2.617,2.577,2.61,113477.048
1757379600,2025-09-09 01:00:00,2.592,2.631,2.611,2.599,112278.04
1757383200,2025-09-09 02:00:00,2.592,2.621,2.599,2.606,74839.629
1757386800,2025-09-09 03:00:00,2.597,2.623,2.605,2.62,49374.329
1757390400,2025-09-09 04:00:00,2.609,2.656,2.621,2.645,134826.792
1757394000,2025-09-09 05:00:00,2.642,2.677,2.646,2.676,138608.948
1757397600,2025-09-09 06:00:00,2.664,2.702,2.675,2.695,68027.977
1757401200,2025-09-09 07:00:00,2.684,2.708,2.696,2.69,86169.169
1757404800,2025-09-09 08:00:00,2.683,2.707,2.691,2.707,78332.213
1757408400,2025-09-09 09:00:00,2.705,2.749,2.708,2.748,190848.882
1757412000,2025-09-09 10:00:00,2.741,2.796,2.749,2.747,235737.543
1757415600,2025-09-09 11:00:00,2.732,2.777,2.748,2.734,93200.805
1757419200,2025-09-09 12:00:00,2.707,2.763,2.735,2.708,109539.607
1757422800,2025-09-09 13:00:00,2.695,2.722,2.709,2.706,66418.024
1757426400,2025-09-09 14:00:00,2.647,2.713,2.707,2.67,228295.911
1757430000,2025-09-09 15:00:00,2.649,2.67,2.668,2.66,255270.78
1757433600,2025-09-09 16:00:00,2.633,2.666,2.66,2.645,174210.025
1757437200,2025-09-09 17:00:00,2.643,2.665,2.645,2.648,21885.114
1757440800,2025-09-09 18:00:00,2.642,2.667,2.648,2.663,20810.1
1757444400,2025-09-09 19:00:00,2.646,2.666,2.664,2.653,47498.895
1757448000,2025-09-09 20:00:00,2.637,2.655,2.653,2.648,45996.829
1757451600,2025-09-09 21:00:00,2.635,2.66,2.648,2.638,28883.348
1757455200,2025-09-09 22:00:00,2.631,2.647,2.638,2.646,38838.842
1757458800,2025-09-09 23:00:00,2.629,2.649,2.646,2.634,59545.572
1757462400,2025-09-10 00:00:00,2.618,2.645,2.633,2.628,88326.476
1757466000,2025-09-10 01:00:00,2.627,2.674,2.629,2.66,110954.098
1757469600,2025-09-10 02:00:00,2.662,2.693,2.662,2.684,110352.307
1757473200,2025-09-10 03:00:00,2.67,2.689,2.683,2.676,77537.82
1757476800,2025-09-10 04:00:00,2.662,2.677,2.677,2.673,49095.458
1757480400,2025-09-10 05:00:00,2.644,2.672,2.672,2.654,64923.317
1757484000,2025-09-10 06:00:00,2.645,2.67,2.653,2.661,47405.743
1757487600,2025-09-10 07:00:00,2.656,2.677,2.661,2.661,45627.305
1757491200,2025-09-10 08:00:00,2.656,2.683,2.662,2.662,108164.436
1757494800,2025-09-10 09:00:00,2.653,2.672,2.663,2.658,46037.895
1757498400,2025-09-10 10:00:00,2.646,2.659,2.659,2.648,41695.587
1757502000,2025-09-10 11:00:00,2.644,2.657,2.647,2.654,35965.124
1757505600,2025-09-10 12:00:00,2.653,2.704,2.653,2.703,130761.156
1757509200,2025-09-10 13:00:00,2.697,2.735,2.702,2.709,83855.638
1757512800,2025-09-10 14:00:00,2.695,2.726,2.709,2.7,122612.826
1757516400,2025-09-10 15:00:00,2.693,2.71,2.7,2.702,29010.504
1757520000,2025-09-10 16:00:00,2.677,2.717,2.703,2.714,47567.99
1757523600,2025-09-10 17:00:00,2.692,2.717,2.713,2.703,62299.796
1757527200,2025-09-10 18:00:00,2.686,2.704,2.701,2.693,39155.673
1757530800,2025-09-10 19:00:00,2.657,2.692,2.692,2.67,66871.057
1757534400,2025-09-10 20:00:00,2.67,2.696,2.671,2.687,73712.412
1757538000,2025-09-10 21:00:00,2.686,2.703,2.686,2.703,36474.767
1757541600,2025-09-10 22:00:00,2.702,2.718,2.703,2.717,106786.452
1757545200,2025-09-10 23:00:00,2.717,2.733,2.717,2.727,27366.2
1757548800,2025-09-11 00:00:00,2.724,2.772,2.726,2.745,137702.217
1757552400,2025-09-11 01:00:00,2.743,2.765,2.744,2.749,70483.103
1757556000,2025-09-11 02:00:00,2.733,2.749,2.748,2.733,35949.02
1757559600,2025-09-11 03:00:00,2.731,2.748,2.734,2.745,40781.223
1757563200,2025-09-11 04:00:00,2.727,2.745,2.745,2.731,30236.999
1757566800,2025-09-11 05:00:00,2.71,2.731,2.731,2.716,47119.135
1757570400,2025-09-11 06:00:00,2.709,2.735,2.715,2.732,30201.94
1757574000,2025-09-11 07:00:00,2.728,2.748,2.732,2.737,38230.343
1757577600,2025-09-11 08:00:00,2.732,2.742,2.737,2.736,24694.221
1757581200,2025-09-11 09:00:00,2.724,2.736,2.736,2.726,18054.998
1757584800,2025-09-11 10:00:00,2.72,2.731,2.726,2.721,19991.303
1757588400,2025-09-11 11:00:00,2.706,2.728,2.721,2.71,35978.733
1757592000,2025-09-11 12:00:00,2.678,2.75,2.711,2.715,173128.773
1757595600,2025-09-11 13:00:00,2.682,2.72,2.715,2.718,107035.167
1757599200,2025-09-11 14:00:00,2.686,2.72,2.719,2.706,55858.399
1757602800,2025-09-11 15:00:00,2.686,2.706,2.704,2.69,46993.423
1757606400,2025-09-11 16:00:00,2.691,2.709,2.691,2.702,19401.764
1757610000,2025-09-11 17:00:00,2.697,2.71,2.701,2.703,13324.157
1757613600,2025-09-11 18:00:00,2.703,2.716,2.703,2.71,18013.797
1757617200,2025-09-11 19:00:00,2.704,2.724,2.708,2.719,28254.638
1757620800,2025-09-11 20:00:00,2.714,2.758,2.719,2.728,28946.878
1757624400,2025-09-11 21:00:00,2.722,2.745,2.725,2.744,40655.247
1757628000,2025-09-11 22:00:00,2.74,2.755,2.745,2.751,22100.996
1757631600,2025-09-11 23:00:00,2.743,2.756,2.751,2.746,33551.099
1757635200,2025-09-12 00:00:00,2.744,2.774,2.747,2.755,93994.148
1757638800,2025-09-12 01:00:00,2.734,2.762,2.755,2.736,85016.836
1757642400,2025-09-12 02:00:00,2.734,2.758,2.737,2.75,58257.292
1757646000,2025-09-12 03:00:00,2.725,2.75,2.75,2.739,31200.238
1757649600,2025-09-12 04:00:00,2.73,2.753,2.74,2.75,61298.421
1757653200,2025-09-12 05:00:00,2.744,2.777,2.749,2.777,23870.985
1757656800,2025-09-12 06:00:00,2.758,2.782,2.776,2.761,41051.016
1757660400,2025-09-12 07:00:00,2.743,2.765,2.76,2.744,28108.169
1757664000,2025-09-12 08:00:00,2.727,2.745,2.745,2.734,65645.444
1757667600,2025-09-12 09:00:00,2.715,2.735,2.734,2.72,29353.39
1757671200,2025-09-12 10:00:00,2.706,2.722,2.721,2.718,19555.196
1757674800,2025-09-12 11:00:00,2.699,2.724,2.718,2.701,39991.2
1757678400,2025-09-12 12:00:00,2.689,2.72,2.701,2.716,94749.118
1757682000,2025-09-12 13:00:00,2.713,2.733,2.718,2.727,24692.751
1757685600,2025-09-12 14:00:00,2.717,2.747,2.73,2.728,112762.547
1757689200,2025-09-12 15:00:00,2.705,2.73,2.729,2.723,31773.739
1757692800,2025-09-12 16:00:00,2.72,2.744,2.723,2.744,34289.073
1757696400,2025-09-12 17:00:00,2.737,2.769,2.745,2.758,91855.808
1757700000,2025-09-12 18:00:00,2.757,2.784,2.757,2.783,26310.188
1757703600,2025-09-12 19:00:00,2.776,2.808,2.782,2.804,49541.743
1757707200,2025-09-12 20:00:00,2.773,2.805,2.805,2.787,112331.388
1757710800,2025-09-12 21:00:00,2.772,2.786,2.786,2.783,38763.161
1757714400,2025-09-12 22:00:00,2.783,2.815,2.783,2.802,38535.293
1757718000,2025-09-12 23:00:00,2.777,2.801,2.801,2.793,117959.712
1757721600,2025-09-13 00:00:00,2.784,2.807,2.793,2.803,50366.194
1757725200,2025-09-13 01:00:00,2.783,2.812,2.803,2.785,33046.547
1757728800,2025-09-13 02:00:00,2.778,2.798,2.784,2.795,37484.839
1757732400,2025-09-13 03:00:00,2.794,2.81,2.795,2.806,41223.569
1757736000,2025-09-13 04:00:00,2.799,2.814,2.806,2.803,27791.391
1757739600,2025-09-13 05:00:00,2.794,2.842,2.803,2.842,151021.547
1757743200,2025-09-13 06:00:00,2.826,2.847,2.841,2.832,128209.446
1757746800,2025-09-13 07:00:00,2.818,2.831,2.831,2.819,29239.854
1757750400,2025-09-13 08:00:00,2.816,2.845,2.819,2.843,44874.252
1757754000,2025-09-13 09:00:00,2.842,2.867,2.843,2.859,140574.555
1757757600,2025-09-13 10:00:00,2.852,2.874,2.857,2.863,61692.988
1757761200,2025-09-13 11:00:00,2.851,2.889,2.862,2.889,54647.866
1757764800,2025-09-13 12:00:00,2.868,2.891,2.888,2.881,63288.11
1757768400,2025-09-13 13:00:00,2.798,2.885,2.88,2.835,156951.487
1757772000,2025-09-13 14:00:00,2.814,2.854,2.835,2.834,82291.84
1757775600,2025-09-13 15:00:00,2.811,2.851,2.834,2.82,74365.142
1757779200,2025-09-13 16:00:00,2.79,2.829,2.821,2.802,79854.692
1757782800,2025-09-13 17:00:00,2.769,2.811,2.804,2.808,82440.712
1757786400,2025-09-13 18:00:00,2.795,2.809,2.808,2.805,12475.907
1757790000,2025-09-13 19:00:00,2.796,2.808,2.805,2.803,14557.097
1757793600,2025-09-13 20:00:00,2.8,2.817,2.802,2.809,38112.486
1757797200,2025-09-13 21:00:00,2.807,2.822,2.809,2.81,54541.339
1757800800,2025-09-13 22:00:00,2.805,2.822,2.809,2.809,68453.6
1757804400,2025-09-13 23:00:00,2.807,2.817,2.81,2.811,12276.687
1757808000,2025-09-14 00:00:00,2.785,2.818,2.811,2.791,27506.656
1757811600,2025-09-14 01:00:00,2.764,2.793,2.791,2.793,50434.49
1757815200,2025-09-14 02:00:00,2.789,2.808,2.792,2.796,15164.046
1757818800,2025-09-14 03:00:00,2.758,2.798,2.797,2.761,24035.081
1757822400,2025-09-14 04:00:00,2.736,2.767,2.76,2.762,63008.529
1757826000,2025-09-14 05:00:00,2.761,2.784,2.763,2.782,7793.752
1757829600,2025-09-14 06:00:00,2.758,2.788,2.782,2.77,13160.171
1757833200,2025-09-14 07:00:00,2.752,2.772,2.769,2.758,11298.093
1757836800,2025-09-14 08:00:00,2.747,2.764,2.759,2.751,14062.314
1757840400,2025-09-14 09:00:00,2.748,2.766,2.751,2.758,8772.824
1757844000,2025-09-14 10:00:00,2.75,2.76,2.757,2.754,10500.301
1757847600,2025-09-14 11:00:00,2.707,2.756,2.754,2.713,90312.504
1757851200,2025-09-14 12:00:00,2.698,2.727,2.713,2.708,83306.821
1757854800,2025-09-14 13:00:00,2.69,2.715,2.707,2.702,50945.21
1757858400,2025-09-14 14:00:00,2.678,2.72,2.703,2.692,105651.216
1757862000,2025-09-14 15:00:00,2.676,2.698,2.691,2.686,37403.057
1757865600,2025-09-14 16:00:00,2.684,2.713,2.685,2.711,22596.625
1757869200,2025-09-14 17:00:00,2.707,2.728,2.71,2.721,47006.834
1757872800,2025-09-14 18:00:00,2.698,2.72,2.72,2.701,15068.062
1757876400,2025-09-14 19:00:00,2.694,2.713,2.699,2.706,17586.298
1757880000,2025-09-14 20:00:00,2.703,2.716,2.706,2.707,18941.908
1757883600,2025-09-14 21:00:00,2.693,2.726,2.705,2.721,31215.125
1757887200,2025-09-14 22:00:00,2.708,2.742,2.722,2.736,24730.144
1757890800,2025-09-14 23:00:00,2.701,2.737,2.737,2.706,19490.281
1757894400,2025-09-15 00:00:00,2.705,2.73,2.706,2.711,21199.123
1757898000,2025-09-15 01:00:00,2.677,2.717,2.712,2.713,41797.559
1757901600,2025-09-15 02:00:00,2.708,2.73,2.712,2.713,26228.487
1757905200,2025-09-15 03:00:00,2.713,2.736,2.713,2.734,13548.138
1757908800,2025-09-15 04:00:00,2.727,2.753,2.733,2.738,75423.868
1757912400,2025-09-15 05:00:00,2.735,2.777,2.738,2.777,65621.921
1757916000,2025-09-15 06:00:00,2.706,2.777,2.775,2.717,45745.963
1757919600,2025-09-15 07:00:00,2.667,2.74,2.718,2.672,136957.78
1757923200,2025-09-15 08:00:00,2.599,2.673,2.673,2.6,310650.71
1757926800,2025-09-15 09:00:00,2.597,2.633,2.599,2.627,72333.029
1757930400,2025-09-15 10:00:00,2.609,2.634,2.625,2.63,31297.531
1757934000,2025-09-15 11:00:00,2.618,2.635,2.629,2.631,22371.022
1757937600,2025-09-15 12:00:00,2.611,2.635,2.63,2.615,23286.7
1757941200,2025-09-15 13:00:00,2.613,2.646,2.615,2.632,58658.716
1757944800,2025-09-15 14:00:00,2.608,2.638,2.632,2.613,31220.408
1757948400,2025-09-15 15:00:00,2.588,2.625,2.613,2.603,51730.165
1757952000,2025-09-15 16:00:00,2.577,2.606,2.602,2.586,37929.696
1757955600,2025-09-15 17:00:00,2.581,2.61,2.585,2.609,23356.19
1757959200,2025-09-15 18:00:00,2.599,2.62,2.609,2.615,24368.82
1757962800,2025-09-15 19:00:00,2.599,2.626,2.616,2.618,46710.93
1757966400,2025-09-15 20:00:00,2.618,2.633,2.618,2.628,24492.613
1757970000,2025-09-15 21:00:00,2.624,2.633,2.629,2.629,29218.85
1757973600,2025-09-15 22:00:00,2.619,2.634,2.628,2.623,19425.567
1757977200,2025-09-15 23:00:00,2.619,2.63,2.623,2.629,15389.737
1757980800,2025-09-16 00:00:00,2.614,2.628,2.627,2.622,21851.575
1757984400,2025-09-16 01:00:00,2.612,2.633,2.62,2.613,30608.602
1757988000,2025-09-16 02:00:00,2.606,2.622,2.613,2.606,12041.002
1757991600,2025-09-16 03:00:00,2.603,2.612,2.607,2.603,24995.937
1757995200,2025-09-16 04:00:00,2.58,2.609,2.602,2.607,31049.314
1757998800,2025-09-16 05:00:00,2.607,2.633,2.607,2.633,106767.227
1758002400,2025-09-16 06:00:00,2.621,2.646,2.634,2.643,42900.328
1758006000,2025-09-16 07:00:00,2.643,2.677,2.644,2.663,116304.274
1758009600,2025-09-16 08:00:00,2.664,2.702,2.664,2.697,109458.495
1758013200,2025-09-16 09:00:00,2.675,2.697,2.696,2.682,45027.942
1758016800,2025-09-16 10:00:00,2.67,2.687,2.681,2.671,36618.943
1758020400,2025-09-16 11:00:00,2.663,2.696,2.672,2.696,69554.606
1758024000,2025-09-16 12:00:00,2.679,2.701,2.695,2.684,42473.805
1758027600,2025-09-16 13:00:00,2.681,2.73,2.685,2.703,106530.723
1758031200,2025-09-16 14:00:00,2.664,2.702,2.702,2.69,53312.083
1758034800,2025-09-16 15:00:00,2.674,2.713,2.691,2.712,86020.18
1758038400,2025-09-16 16:00:00,2.695,2.714,2.713,2.706,56696.182
1758042000,2025-09-16 17:00:00,2.706,2.736,2.706,2.726,39849.901
1758045600,2025-09-16 18:00:00,2.706,2.732,2.727,2.706,30595.565
1758049200,2025-09-16 19:00:00,2.698,2.711,2.707,2.705,13190.918
1758052800,2025-09-16 20:00:00,2.698,2.71,2.705,2.7,14814.563
1758056400,2025-09-16 21:00:00,2.699,2.714,2.7,2.712,27035.084
1758060000,2025-09-16 22:00:00,2.712,2.726,2.713,2.719,15255.097
1758063600,2025-09-16 23:00:00,2.708,2.722,2.719,2.71,17965.749
1758067200,2025-09-17 00:00:00,2.7,2.713,2.711,2.704,19856.28
1758070800,2025-09-17 01:00:00,2.689,2.708,2.704,2.692,23518.052
1758074400,2025-09-17 02:00:00,2.689,2.731,2.692,2.725,49348.92
1758078000,2025-09-17 03:00:00,2.699,2.729,2.727,2.702,26253.045
1758081600,2025-09-17 04:00:00,2.686,2.714,2.703,2.694,49374.753
1758085200,2025-09-17 05:00:00,2.683,2.704,2.695,2.704,34000.832
1758088800,2025-09-17 06:00:00,2.696,2.728,2.702,2.725,17403.08
1758092400,2025-09-17 07:00:00,2.719,2.751,2.726,2.75,22982.131
1758096000,2025-09-17 08:00:00,2.728,2.769,2.75,2.768,116480.369
1758099600,2025-09-17 09:00:00,2.722,2.768,2.768,2.722,46710.482
1758103200,2025-09-17 10:00:00,2.707,2.737,2.721,2.713,30479.473
1758106800,2025-09-17 11:00:00,2.707,2.727,2.713,2.708,34389.999
1758110400,2025-09-17 12:00:00,2.694,2.718,2.707,2.703,26599.069
1758114000,2025-09-17 13:00:00,2.693,2.718,2.702,2.701,57016.916
1758117600,2025-09-17 14:00:00,2.675,2.704,2.701,2.678,90781.185
1758121200,2025-09-17 15:00:00,2.664,2.685,2.679,2.667,51884.92
1758124800,2025-09-17 16:00:00,2.648,2.695,2.666,2.694,59485.53
1758128400,2025-09-17 17:00:00,2.68,2.73,2.692,2.682,67140.168
1758132000,2025-09-17 18:00:00,2.675,2.743,2.679,2.685,132807.956
1758135600,2025-09-17 19:00:00,2.686,2.776,2.686,2.773,66316.241
1758139200,2025-09-17 20:00:00,2.746,2.806,2.773,2.747,103850.325
1758142800,2025-09-17 21:00:00,2.727,2.782,2.746,2.778,85313.233
1758146400,2025-09-17 22:00:00,2.777,2.827,2.777,2.826,44663.77
1758150000,2025-09-17 23:00:00,2.809,2.838,2.827,2.826,60498.902
1758153600,2025-09-18 00:00:00,2.805,2.841,2.827,2.815,34825.994
1758157200,2025-09-18 01:00:00,2.808,2.855,2.813,2.851,92425.304
1758160800,2025-09-18 02:00:00,2.837,2.864,2.852,2.863,85186.204
1758164400,2025-09-18 03:00:00,2.857,2.896,2.863,2.884,248761.596
1758168000,2025-09-18 04:00:00,2.885,2.927,2.885,2.926,96390.167
1758171600,2025-09-18 05:00:00,2.897,2.927,2.926,2.9,84310.192
1758175200,2025-09-18 06:00:00,2.866,2.904,2.901,2.875,41377.637
1758178800,2025-09-18 07:00:00,2.876,2.928,2.876,2.903,89722.606
1758182400,2025-09-18 08:00:00,2.903,2.94,2.903,2.919,82204.34
1758186000,2025-09-18 09:00:00,2.912,2.948,2.92,2.919,104566.828
1758189600,2025-09-18 10:00:00,2.899,2.924,2.92,2.917,33365.268
1758193200,2025-09-18 11:00:00,2.908,2.921,2.917,2.915,33216.538
1758196800,2025-09-18 12:00:00,2.902,2.93,2.914,2.926,76769.053
1758200400,2025-09-18 13:00:00,2.92,2.961,2.926,2.954,154348.289
1758204000,2025-09-18 14:00:00,2.949,2.986,2.955,2.968,154867.814
1758207600,2025-09-18 15:00:00,2.956,3.004,2.966,2.996,194510.214
1758211200,2025-09-18 16:00:00,2.974,3.007,2.997,2.991,132545.517
1758214800,2025-09-18 17:00:00,2.991,3.126,2.991,3.104,383691.765
1758218400,2025-09-18 18:00:00,3.094,3.196,3.105,3.185,453197.071
1758222000,2025-09-18 19:00:00,3.139,3.224,3.186,3.204,490044.991
1758225600,2025-09-18 20:00:00,3.194,3.269,3.203,3.21,706047.96
1758229200,2025-09-18 21:00:00,3.175,3.239,3.21,3.181,367332.034
1758232800,2025-09-18 22:00:00,3.155,3.198,3.182,3.164,126732.073
1758236400,2025-09-18 23:00:00,3.135,3.217,3.165,3.183,477917.536
1758240000,2025-09-19 00:00:00,3.184,3.278,3.184,3.246,373642.26
1758243600,2025-09-19 01:00:00,3.195,3.254,3.247,3.226,200089.027
1758247200,2025-09-19 02:00:00,3.212,3.255,3.226,3.235,174602.851
1758250800,2025-09-19 03:00:00,3.187,3.276,3.234,3.195,178670.311
1758254400,2025-09-19 04:00:00,3.144,3.232,3.195,3.226,272577.537
1758258000,2025-09-19 05:00:00,3.19,3.25,3.225,3.229,117507.426
1758261600,2025-09-19 06:00:00,3.201,3.231,3.227,3.203,77635.804
1758265200,2025-09-19 07:00:00,3.198,3.235,3.204,3.208,60392.428
1758268800,2025-09-19 08:00:00,3.208,3.288,3.208,3.272,100554.689
1758272400,2025-09-19 09:00:00,3.227,3.34,3.27,3.268,500271.842
1758276000,2025-09-19 10:00:00,3.223,3.266,3.266,3.244,159883.167
1758279600,2025-09-19 11:00:00,3.148,3.244,3.244,3.163,189514.708
1758283200,2025-09-19 12:00:00,3.161,3.217,3.163,3.172,145269.93
1758286800,2025-09-19 13:00:00,3.142,3.189,3.171,3.175,196127.008
1758290400,2025-09-19 14:00:00,3.126,3.183,3.175,3.165,221165.969
1758294000,2025-09-19 15:00:00,3.12,3.17,3.165,3.147,216506.352
1758297600,2025-09-19 16:00:00,3.129,3.178,3.146,3.162,168830.819
1758301200,2025-09-19 17:00:00,3.097,3.162,3.162,3.105,121331.092
1758304800,2025-09-19 18:00:00,3.094,3.122,3.104,3.11,114550.132
1758308400,2025-09-19 19:00:00,3.11,3.132,3.11,3.12,47993.018
1758312000,2025-09-19 20:00:00,3.119,3.159,3.12,3.141,67839.483
1758315600,2025-09-19 21:00:00,3.126,3.177,3.141,3.168,68145.83
1758319200,2025-09-19 22:00:00,3.157,3.175,3.167,3.159,35667.566
1758322800,2025-09-19 23:00:00,3.109,3.161,3.158,3.121,56555.267
1758326400,2025-09-20 00:00:00,3.117,3.168,3.121,3.149,70931.643
1758330000,2025-09-20 01:00:00,3.053,3.146,3.146,3.118,302101.817
1758333600,2025-09-20 02:00:00,3.076,3.122,3.118,3.097,101119.313
1758337200,2025-09-20 03:00:00,3.087,3.112,3.097,3.105,28428.733
1758340800,2025-09-20 04:00:00,3.104,3.138,3.105,3.111,132853.008
1758344400,2025-09-20 05:00:00,3.105,3.146,3.111,3.139,36748.448
1758348000,2025-09-20 06:00:00,3.122,3.142,3.14,3.125,25526.642
1758351600,2025-09-20 07:00:00,3.114,3.138,3.126,3.138,22786.008
1758355200,2025-09-20 08:00:00,3.11,3.141,3.138,3.111,122549.919
1758358800,2025-09-20 09:00:00,3.103,3.124,3.11,3.115,31883.375
1758362400,2025-09-20 10:00:00,3.082,3.142,3.116,3.084,48618.44
1758366000,2025-09-20 11:00:00,3.067,3.096,3.084,3.083,58252.806
1758369600,2025-09-20 12:00:00,3.073,3.102,3.082,3.095,45996.803
1758373200,2025-09-20 13:00:00,3.085,3.12,3.095,3.112,59015.79
1758376800,2025-09-20 14:00:00,3.105,3.19,3.111,3.181,138263.502
1758380400,2025-09-20 15:00:00,3.156,3.286,3.18,3.179,386031.827
1758384000,2025-09-20 16:00:00,3.165,3.208,3.178,3.2,176966.275
1758387600,2025-09-20 17:00:00,3.171,3.206,3.194,3.183,74969.055
1758391200,2025-09-20 18:00:00,3.147,3.188,3.182,3.162,79626.534
1758394800,2025-09-20 19:00:00,3.158,3.183,3.162,3.163,23216.907
1758398400,2025-09-20 20:00:00,3.161,3.204,3.162,3.197,96927.244
1758402000,2025-09-20 21:00:00,3.17,3.204,3.198,3.172,70534.377
1758405600,2025-09-20 22:00:00,3.156,3.174,3.171,3.168,25485.623
1758409200,2025-09-20 23:00:00,3.145,3.171,3.168,3.157,48237.568
1758412800,2025-09-21 00:00:00,3.135,3.159,3.158,3.145,44345.378
1758416400,2025-09-21 01:00:00,3.111,3.147,3.145,3.115,36306.351
1758420000,2025-09-21 02:00:00,3.111,3.135,3.114,3.13,31998.096
1758423600,2025-09-21 03:00:00,3.115,3.131,3.13,3.127,19028.705
1758427200,2025-09-21 04:00:00,3.113,3.129,3.126,3.117,22105.876
1758430800,2025-09-21 05:00:00,3.109,3.132,3.116,3.13,28402.297
1758434400,2025-09-21 06:00:00,3.124,3.149,3.128,3.132,18927.871
1758438000,2025-09-21 07:00:00,3.127,3.15,3.131,3.141,21843.898
1758441600,2025-09-21 08:00:00,3.132,3.161,3.141,3.132,33916.005
1758445200,2025-09-21 09:00:00,3.107,3.141,3.133,3.127,23033.034
1758448800,2025-09-21 10:00:00,3.098,3.135,3.127,3.099,38823.314
1758452400,2025-09-21 11:00:00,3.093,3.114,3.098,3.098,32373.084
1758456000,2025-09-21 12:00:00,3.097,3.123,3.097,3.113,54575.795
1758459600,2025-09-21 13:00:00,3.111,3.133,3.113,3.115,38350.455
1758463200,2025-09-21 14:00:00,3.103,3.122,3.116,3.103,21108.926
1758466800,2025-09-21 15:00:00,3.098,3.113,3.103,3.105,26551.129
1758470400,2025-09-21 16:00:00,3.078,3.118,3.105,3.087,52938.917
1758474000,2025-09-21 17:00:00,3.074,3.121,3.087,3.121,61395.674
1758477600,2025-09-21 18:00:00,3.116,3.157,3.121,3.147,98999.999
1758481200,2025-09-21 19:00:00,3.12,3.159,3.147,3.159,49517.071
1758484800,2025-09-21 20:00:00,3.131,3.171,3.159,3.137,44935.161
1758488400,2025-09-21 21:00:00,3.135,3.161,3.137,3.137,16346.181
1758492000,2025-09-21 22:00:00,3.124,3.163,3.137,3.157,23666.495
1758495600,2025-09-21 23:00:00,3.128,3.157,3.157,3.133,28984.539
1758499200,2025-09-22 00:00:00,3.026,3.163,3.136,3.045,237403.176
1758502800,2025-09-22 01:00:00,3.024,3.089,3.044,3.045,274070.1
1758506400,2025-09-22 02:00:00,2.958,3.049,3.044,2.963,240891.23
1758510000,2025-09-22 03:00:00,2.961,3.006,2.961,2.984,133239.032
1758513600,2025-09-22 04:00:00,2.965,2.993,2.984,2.965,29074.477
1758517200,2025-09-22 05:00:00,2.896,2.972,2.964,2.897,91316.475
1758520800,2025-09-22 06:00:00,2.761,2.899,2.897,2.88,587716.632
1758524400,2025-09-22 07:00:00,2.842,2.879,2.879,2.842,124273.466
1758528000,2025-09-22 08:00:00,2.82,2.858,2.841,2.847,90221.315
1758531600,2025-09-22 09:00:00,2.824,2.853,2.847,2.843,65072.709
1758535200,2025-09-22 10:00:00,2.826,2.911,2.843,2.908,130045.763
1758538800,2025-09-22 11:00:00,2.869,2.912,2.908,2.877,53894.268
1758542400,2025-09-22 12:00:00,2.866,2.929,2.877,2.892,124424.661
1758546000,2025-09-22 13:00:00,2.889,2.941,2.892,2.941,133982.171
1758549600,2025-09-22 14:00:00,2.892,2.95,2.941,2.911,124115.374
1758553200,2025-09-22 15:00:00,2.887,2.943,2.91,2.894,153289.245
1758556800,2025-09-22 16:00:00,2.875,2.919,2.894,2.88,106123.5
1758560400,2025-09-22 17:00:00,2.859,2.892,2.88,2.879,45792.234
1758564000,2025-09-22 18:00:00,2.859,2.882,2.877,2.872,79507.212
1758567600,2025-09-22 19:00:00,2.851,2.889,2.873,2.86,71184.646
1758571200,2025-09-22 20:00:00,2.858,2.919,2.859,2.917,127455.755
1758574800,2025-09-22 21:00:00,2.915,2.983,2.918,2.972,109473.544
1758578400,2025-09-22 22:00:00,2.952,2.988,2.972,2.985,55416.323
1758582000,2025-09-22 23:00:00,2.962,2.999,2.985,2.965,109467.522
1758585600,2025-09-23 00:00:00,2.965,3.039,2.965,2.97,142911.64
1758589200,2025-09-23 01:00:00,2.898,2.972,2.971,2.9,77494.191
1758592800,2025-09-23 02:00:00,2.869,2.916,2.9,2.869,29451.972
1758596400,2025-09-23 03:00:00,2.859,2.981,2.869,2.963,140547.911
1758600000,2025-09-23 04:00:00,2.898,2.982,2.964,2.899,117998.287
1758603600,2025-09-23 05:00:00,2.884,2.944,2.899,2.927,69864.179
1758607200,2025-09-23 06:00:00,2.919,3.099,2.926,3.082,340197.747
1758610800,2025-09-23 07:00:00,3.067,3.125,3.084,3.088,241767.2
1758614400,2025-09-23 08:00:00,3.077,3.135,3.09,3.104,259591.067
1758618000,2025-09-23 09:00:00,3.034,3.129,3.102,3.037,185989.417
1758621600,2025-09-23 10:00:00,3.013,3.048,3.037,3.045,115763.455
1758625200,2025-09-23 11:00:00,3.009,3.045,3.044,3.013,51778.136
1758628800,2025-09-23 12:00:00,3.01,3.054,3.012,3.044,111044.099
1758632400,2025-09-23 13:00:00,2.998,3.044,3.044,3.012,88109.389
1758636000,2025-09-23 14:00:00,3.009,3.076,3.012,3.027,128171.202
1758639600,2025-09-23 15:00:00,3.01,3.071,3.026,3.049,103566.335
1758643200,2025-09-23 16:00:00,3.003,3.059,3.05,3.039,144599.212
1758646800,2025-09-23 17:00:00,2.996,3.058,3.038,3.01,270880.698
1758650400,2025-09-23 18:00:00,2.963,3.017,3.009,2.967,122603.84
1758654000,2025-09-23 19:00:00,2.934,3,2.967,2.94,123893.905
1758657600,2025-09-23 20:00:00,2.933,2.963,2.939,2.962,67242.855
1758661200,2025-09-23 21:00:00,2.952,3,2.962,2.993,47274.538
1758664800,2025-09-23 22:00:00,2.943,2.99,2.99,2.947,39027.591
1758668400,2025-09-23 23:00:00,2.912,2.952,2.947,2.92,39737.458
1758672000,2025-09-24 00:00:00,2.921,2.991,2.921,2.978,62148.102
1758675600,2025-09-24 01:00:00,2.951,2.992,2.978,2.987,53230.138
1758679200,2025-09-24 02:00:00,2.945,2.989,2.986,2.957,50099.648
1758682800,2025-09-24 03:00:00,2.909,2.958,2.956,2.91,36870.195
1758686400,2025-09-24 04:00:00,2.868,2.954,2.909,2.93,143702.167
1758690000,2025-09-24 05:00:00,2.93,3.015,2.93,3.012,150690.643
1758693600,2025-09-24 06:00:00,2.978,3.027,3.011,3.016,85422.797
1758697200,2025-09-24 07:00:00,2.981,3.026,3.015,2.989,76838.025
1758700800,2025-09-24 08:00:00,2.988,3.023,2.99,3.016,90093.055
1758704400,2025-09-24 09:00:00,3.006,3.043,3.014,3.039,113054.182
1758708000,2025-09-24 10:00:00,3.012,3.057,3.039,3.027,122507.801
1758711600,2025-09-24 11:00:00,3.018,3.048,3.028,3.027,108042.869
1758715200,2025-09-24 12:00:00,3.011,3.031,3.028,3.018,34088.69
1758718800,2025-09-24 13:00:00,3.019,3.083,3.019,3.042,140912.766
1758722400,2025-09-24 14:00:00,3.041,3.079,3.041,3.059,117187.335
1758726000,2025-09-24 15:00:00,3.042,3.103,3.058,3.075,156755.355
1758729600,2025-09-24 16:00:00,3.068,3.117,3.075,3.109,267338.362
1758733200,2025-09-24 17:00:00,3.084,3.12,3.108,3.094,143035.597
1758736800,2025-09-24 18:00:00,3.068,3.103,3.094,3.073,97261.725
1758740400,2025-09-24 19:00:00,3.054,3.084,3.074,3.069,46809.274
1758744000,2025-09-24 20:00:00,3.042,3.076,3.068,3.051,94438.896
1758747600,2025-09-24 21:00:00,3.045,3.066,3.051,3.05,36215.897
1758751200,2025-09-24 22:00:00,3.036,3.069,3.05,3.041,69223.932
1758754800,2025-09-24 23:00:00,3.018,3.049,3.041,3.023,75389.631
1758758400,2025-09-25 00:00:00,2.978,3.037,3.026,2.987,109577.145
1758762000,2025-09-25 01:00:00,2.979,3.007,2.985,2.991,59804.502
1758765600,2025-09-25 02:00:00,2.968,3.02,2.991,2.983,78988.663
1758769200,2025-09-25 03:00:00,2.91,2.985,2.982,2.929,84983.056
1758772800,2025-09-25 04:00:00,2.87,2.937,2.928,2.881,115414.035
1758776400,2025-09-25 05:00:00,2.872,2.916,2.882,2.891,127002.621
1758780000,2025-09-25 06:00:00,2.85,2.896,2.891,2.853,58252.249
1758783600,2025-09-25 07:00:00,2.852,2.88,2.852,2.867,60164.243
1758787200,2025-09-25 08:00:00,2.856,2.881,2.863,2.866,51825.43
1758790800,2025-09-25 09:00:00,2.862,2.912,2.865,2.865,104079.072
1758794400,2025-09-25 10:00:00,2.86,2.892,2.865,2.862,51368.199
1758798000,2025-09-25 11:00:00,2.827,2.867,2.861,2.835,107294.095
1758801600,2025-09-25 12:00:00,2.792,2.874,2.835,2.855,191289.528
1758805200,2025-09-25 13:00:00,2.831,2.904,2.854,2.874,192237.697
1758808800,2025-09-25 14:00:00,2.874,2.922,2.874,2.893,120496.185
1758812400,2025-09-25 15:00:00,2.856,2.893,2.892,2.867,56178.375
1758816000,2025-09-25 16:00:00,2.81,2.871,2.866,2.812,78595.833
1758819600,2025-09-25 17:00:00,2.772,2.828,2.812,2.784,377908.468
1758823200,2025-09-25 18:00:00,2.776,2.85,2.783,2.846,154583.744
1758826800,2025-09-25 19:00:00,2.812,2.873,2.845,2.815,202144.206
1758830400,2025-09-25 20:00:00,2.764,2.817,2.814,2.768,80390.579
1758834000,2025-09-25 21:00:00,2.748,2.796,2.769,2.767,154307.723
1758837600,2025-09-25 22:00:00,2.75,2.78,2.766,2.767,107587.648
1758841200,2025-09-25 23:00:00,2.705,2.777,2.766,2.728,117911.495
1758844800,2025-09-26 00:00:00,2.699,2.754,2.728,2.743,146732.088
1758848400,2025-09-26 01:00:00,2.717,2.754,2.744,2.748,52373.923
1758852000,2025-09-26 02:00:00,2.729,2.764,2.747,2.747,29749.689
1758855600,2025-09-26 03:00:00,2.737,2.767,2.746,2.759,28864.057
1758859200,2025-09-26 04:00:00,2.709,2.768,2.761,2.713,86071.133
1758862800,2025-09-26 05:00:00,2.686,2.727,2.713,2.687,41085.685
1758866400,2025-09-26 06:00:00,2.646,2.693,2.686,2.679,169215.46
1758870000,2025-09-26 07:00:00,2.659,2.704,2.679,2.702,29917.282
1758873600,2025-09-26 08:00:00,2.701,2.72,2.703,2.714,44950.417
1758877200,2025-09-26 09:00:00,2.674,2.722,2.712,2.685,17733.536
1758880800,2025-09-26 10:00:00,2.653,2.685,2.684,2.665,33215.661
1758884400,2025-09-26 11:00:00,2.656,2.681,2.665,2.66,29573.584
1758888000,2025-09-26 12:00:00,2.626,2.717,2.659,2.692,142988.064
1758891600,2025-09-26 13:00:00,2.673,2.724,2.692,2.71,120777.461
1758895200,2025-09-26 14:00:00,2.666,2.714,2.712,2.68,47211.976
1758898800,2025-09-26 15:00:00,2.68,2.742,2.68,2.739,127162.69
1758902400,2025-09-26 16:00:00,2.737,2.77,2.738,2.761,42180.938
1758906000,2025-09-26 17:00:00,2.751,2.798,2.761,2.792,83284.835
1758909600,2025-09-26 18:00:00,2.761,2.802,2.792,2.769,41095.972
1758913200,2025-09-26 19:00:00,2.722,2.77,2.768,2.738,66246.157
1758916800,2025-09-26 20:00:00,2.732,2.755,2.738,2.752,21783.46
1758920400,2025-09-26 21:00:00,2.749,2.776,2.75,2.776,33094.74
1758924000,2025-09-26 22:00:00,2.774,2.792,2.774,2.776,23413.118
1758927600,2025-09-26 23:00:00,2.77,2.781,2.775,2.78,20694.613
1758931200,2025-09-27 00:00:00,2.76,2.778,2.778,2.776,32088.165
1758934800,2025-09-27 01:00:00,2.747,2.778,2.777,2.752,40160.086
1758938400,2025-09-27 02:00:00,2.745,2.772,2.751,2.757,34900.545
1758942000,2025-09-27 03:00:00,2.747,2.771,2.758,2.749,17997.476
1758945600,2025-09-27 04:00:00,2.741,2.756,2.748,2.744,119835.788
1758949200,2025-09-27 05:00:00,2.728,2.746,2.743,2.735,34515.151
1758952800,2025-09-27 06:00:00,2.722,2.736,2.735,2.728,19254.233
1758956400,2025-09-27 07:00:00,2.71,2.732,2.729,2.715,41382.254
1758960000,2025-09-27 08:00:00,2.692,2.718,2.716,2.697,26548.1
1758963600,2025-09-27 09:00:00,2.692,2.712,2.696,2.706,12534.511
1758967200,2025-09-27 10:00:00,2.7,2.716,2.705,2.705,33058.726
1758970800,2025-09-27 11:00:00,2.701,2.709,2.704,2.709,15249.352
1758974400,2025-09-27 12:00:00,2.701,2.725,2.708,2.72,32407.605
1758978000,2025-09-27 13:00:00,2.715,2.734,2.719,2.72,28907.097
1758981600,2025-09-27 14:00:00,2.717,2.734,2.719,2.72,19731.896
1758985200,2025-09-27 15:00:00,2.706,2.743,2.719,2.742,12870.289
1758988800,2025-09-27 16:00:00,2.709,2.744,2.742,2.71,24800.653
1758992400,2025-09-27 17:00:00,2.687,2.71,2.71,2.708,81497.975
1758996000,2025-09-27 18:00:00,2.703,2.714,2.708,2.71,13741.966
1758999600,2025-09-27 19:00:00,2.702,2.717,2.709,2.715,8948.603
1759003200,2025-09-27 20:00:00,2.707,2.724,2.716,2.711,18447.418
1759006800,2025-09-27 21:00:00,2.706,2.727,2.709,2.726,17092.248
1759010400,2025-09-27 22:00:00,2.726,2.757,2.726,2.74,18171.704
1759014000,2025-09-27 23:00:00,2.723,2.744,2.738,2.731,8333.282
1759017600,2025-09-28 00:00:00,2.706,2.737,2.732,2.706,24668.907
1759021200,2025-09-28 01:00:00,2.681,2.709,2.707,2.688,39835.242
1759024800,2025-09-28 02:00:00,2.682,2.699,2.687,2.69,41216.019
1759028400,2025-09-28 03:00:00,2.686,2.699,2.689,2.691,14910.957
1759032000,2025-09-28 04:00:00,2.683,2.703,2.691,2.694,34523.493
1759035600,2025-09-28 05:00:00,2.677,2.7,2.694,2.683,51767.819
1759039200,2025-09-28 06:00:00,2.659,2.686,2.682,2.675,40163.456
1759042800,2025-09-28 07:00:00,2.669,2.687,2.676,2.683,16410.754
1759046400,2025-09-28 08:00:00,2.673,2.694,2.684,2.684,6786.704
1759050000,2025-09-28 09:00:00,2.67,2.687,2.684,2.671,12119.715
1759053600,2025-09-28 10:00:00,2.66,2.682,2.67,2.675,7900.422
1759057200,2025-09-28 11:00:00,2.662,2.676,2.674,2.673,22099.859
1759060800,2025-09-28 12:00:00,2.649,2.673,2.673,2.66,28506.852
1759064400,2025-09-28 13:00:00,2.659,2.707,2.659,2.707,39617.896
1759068000,2025-09-28 14:00:00,2.697,2.717,2.707,2.701,24339.668
1759071600,2025-09-28 15:00:00,2.695,2.708,2.701,2.7,18102.519
1759075200,2025-09-28 16:00:00,2.695,2.716,2.7,2.71,85938.008
1759078800,2025-09-28 17:00:00,2.697,2.727,2.71,2.716,29931.027
1759082400,2025-09-28 18:00:00,2.71,2.723,2.715,2.723,12542.45
1759086000,2025-09-28 19:00:00,2.711,2.729,2.724,2.719,11219.556
1759089600,2025-09-28 20:00:00,2.716,2.743,2.719,2.73,56171.576
1759093200,2025-09-28 21:00:00,2.732,2.749,2.732,2.745,47267.31
1759096800,2025-09-28 22:00:00,2.744,2.816,2.746,2.813,94659.465
1759100400,2025-09-28 23:00:00,2.796,2.815,2.813,2.801,18698.672
1759104000,2025-09-29 00:00:00,2.784,2.825,2.8,2.81,67728.543
1759107600,2025-09-29 01:00:00,2.8,2.822,2.809,2.813,20083.519
1759111200,2025-09-29 02:00:00,2.805,2.834,2.811,2.824,23289.812
1759114800,2025-09-29 03:00:00,2.805,2.825,2.824,2.81,26566.403
1759118400,2025-09-29 04:00:00,2.789,2.811,2.811,2.79,28472.623
1759122000,2025-09-29 05:00:00,2.757,2.789,2.789,2.768,63229.209
1759125600,2025-09-29 06:00:00,2.748,2.767,2.767,2.749,38901.784
1759129200,2025-09-29 07:00:00,2.74,2.765,2.748,2.759,13914.226
1759132800,2025-09-29 08:00:00,2.752,2.801,2.76,2.794,91082.121
1759136400,2025-09-29 09:00:00,2.764,2.803,2.795,2.769,32357.496
1759140000,2025-09-29 10:00:00,2.746,2.79,2.768,2.748,35494.438
1759143600,2025-09-29 11:00:00,2.729,2.756,2.747,2.749,28217.944
1759147200,2025-09-29 12:00:00,2.713,2.76,2.749,2.72,72765.773
1759150800,2025-09-29 13:00:00,2.693,2.777,2.719,2.767,151027.106
1759154400,2025-09-29 14:00:00,2.761,2.831,2.766,2.817,203591.654
1759158000,2025-09-29 15:00:00,2.788,2.83,2.816,2.791,63865.261
1759161600,2025-09-29 16:00:00,2.751,2.807,2.792,2.753,44090.727
1759165200,2025-09-29 17:00:00,2.742,2.772,2.753,2.765,21327.432
1759168800,2025-09-29 18:00:00,2.742,2.765,2.765,2.75,9111.874
1759172400,2025-09-29 19:00:00,2.745,2.794,2.748,2.789,30424.592
1759176000,2025-09-29 20:00:00,2.788,2.826,2.789,2.821,59862.173
1759179600,2025-09-29 21:00:00,2.8,2.824,2.822,2.803,104886.123
1759183200,2025-09-29 22:00:00,2.788,2.805,2.804,2.792,30985.737
1759186800,2025-09-29 23:00:00,2.776,2.793,2.791,2.779,23972.496
1759190400,2025-09-30 00:00:00,2.752,2.789,2.78,2.756,49747.933
1759194000,2025-09-30 01:00:00,2.722,2.773,2.755,2.734,49581.331
1759197600,2025-09-30 02:00:00,2.724,2.748,2.734,2.725,34014.509
1759201200,2025-09-30 03:00:00,2.719,2.743,2.724,2.724,11963.097
1759204800,2025-09-30 04:00:00,2.713,2.728,2.722,2.714,20140.782
1759208400,2025-09-30 05:00:00,2.712,2.73,2.716,2.722,25624.86
1759212000,2025-09-30 06:00:00,2.69,2.721,2.721,2.692,35362.809
1759215600,2025-09-30 07:00:00,2.664,2.702,2.69,2.673,29185.102
1759219200,2025-09-30 08:00:00,2.666,2.678,2.672,2.675,11288.523
1759222800,2025-09-30 09:00:00,2.634,2.682,2.676,2.64,160169.092
1759226400,2025-09-30 10:00:00,2.63,2.65,2.641,2.639,193843.135
1759230000,2025-09-30 11:00:00,2.63,2.66,2.638,2.654,78530.922
1759233600,2025-09-30 12:00:00,2.635,2.657,2.653,2.636,34344.734
1759237200,2025-09-30 13:00:00,2.604,2.646,2.636,2.616,168001.917
1759240800,2025-09-30 14:00:00,2.58,2.619,2.615,2.601,258687.02
1759244400,2025-09-30 15:00:00,2.57,2.612,2.601,2.591,79320.381
1759248000,2025-09-30 16:00:00,2.567,2.59,2.59,2.579,22807.935
1759251600,2025-09-30 17:00:00,2.568,2.588,2.579,2.572,30132.178
1759255200,2025-09-30 18:00:00,2.563,2.604,2.572,2.579,91359.998
1759258800,2025-09-30 19:00:00,2.58,2.634,2.58,2.625,58728.333
1759262400,2025-09-30 20:00:00,2.617,2.653,2.627,2.648,52457.231
1759266000,2025-09-30 21:00:00,2.618,2.651,2.648,2.618,55518.881
1759269600,2025-09-30 22:00:00,2.61,2.636,2.62,2.61,32766.133
1759273200,2025-09-30 23:00:00,2.6,2.633,2.609,2.632,44130.716
1759276800,2025-10-01 00:00:00,2.616,2.636,2.63,2.636,35053.7
1759280400,2025-10-01 01:00:00,2.635,2.683,2.635,2.681,36045.267
1759284000,2025-10-01 02:00:00,2.641,2.682,2.682,2.645,27637.153
1759287600,2025-10-01 03:00:00,2.621,2.651,2.646,2.623,28389.365
1759291200,2025-10-01 04:00:00,2.622,2.677,2.623,2.651,57195.164
1759294800,2025-10-01 05:00:00,2.649,2.672,2.652,2.655,27548.371
1759298400,2025-10-01 06:00:00,2.64,2.671,2.658,2.643,26412.529
1759302000,2025-10-01 07:00:00,2.638,2.666,2.643,2.659,37514.623
1759305600,2025-10-01 08:00:00,2.655,2.781,2.659,2.777,209320.765
1759309200,2025-10-01 09:00:00,2.766,2.827,2.777,2.82,253496.885
1759312800,2025-10-01 10:00:00,2.775,2.823,2.82,2.792,102817.012
1759316400,2025-10-01 11:00:00,2.792,2.818,2.792,2.808,81591.875
1759320000,2025-10-01 12:00:00,2.781,2.811,2.806,2.783,66126.177
1759323600,2025-10-01 13:00:00,2.777,2.813,2.783,2.796,75145.333
1759327200,2025-10-01 14:00:00,2.791,2.819,2.797,2.801,48831.94
1759330800,2025-10-01 15:00:00,2.795,2.849,2.802,2.845,68702.46
1759334400,2025-10-01 16:00:00,2.825,2.86,2.846,2.832,103384.039
1759338000,2025-10-01 17:00:00,2.829,2.871,2.831,2.859,97908.56
1759341600,2025-10-01 18:00:00,2.827,2.877,2.859,2.827,142028.502
1759345200,2025-10-01 19:00:00,2.824,2.856,2.828,2.844,52408.162
1759348800,2025-10-01 20:00:00,2.818,2.845,2.843,2.827,119645.945
1759352400,2025-10-01 21:00:00,2.807,2.83,2.827,2.814,21663.361
1759356000,2025-10-01 22:00:00,2.805,2.827,2.815,2.813,62747.053
1759359600,2025-10-01 23:00:00,2.812,2.837,2.812,2.837,60975.043
1759363200,2025-10-02 00:00:00,2.834,2.874,2.837,2.842,69209.097
1759366800,2025-10-02 01:00:00,2.837,2.895,2.841,2.89,44337.21
1759370400,2025-10-02 02:00:00,2.873,2.912,2.89,2.91,96590.046
1759374000,2025-10-02 03:00:00,2.889,2.911,2.91,2.904,46184.099
1759377600,2025-10-02 04:00:00,2.892,2.921,2.905,2.918,67923.487
1759381200,2025-10-02 05:00:00,2.896,2.928,2.916,2.916,56366.849
1759384800,2025-10-02 06:00:00,2.906,2.932,2.917,2.908,73619.013
1759388400,2025-10-02 07:00:00,2.881,2.922,2.909,2.882,51933.527
1759392000,2025-10-02 08:00:00,2.876,2.888,2.883,2.884,19336.79
1759395600,2025-10-02 09:00:00,2.88,2.897,2.883,2.897,25254.893
1759399200,2025-10-02 10:00:00,2.88,2.918,2.897,2.916,85340.121
1759402800,2025-10-02 11:00:00,2.892,2.918,2.917,2.894,44517.434
1759406400,2025-10-02 12:00:00,2.887,2.905,2.894,2.905,59970.051
1759410000,2025-10-02 13:00:00,2.868,2.904,2.904,2.888,45149.855
1759413600,2025-10-02 14:00:00,2.833,2.891,2.89,2.841,79615.763
1759417200,2025-10-02 15:00:00,2.823,2.885,2.841,2.884,59922.242
1759420800,2025-10-02 16:00:00,2.879,2.906,2.883,2.889,77423.431
1759424400,2025-10-02 17:00:00,2.888,2.937,2.889,2.926,61575.102
1759428000,2025-10-02 18:00:00,2.927,2.96,2.928,2.946,143103.818
1759431600,2025-10-02 19:00:00,2.942,2.965,2.946,2.952,62393.236
1759435200,2025-10-02 20:00:00,2.938,2.97,2.953,2.969,51589.45
1759438800,2025-10-02 21:00:00,2.958,2.99,2.969,2.963,186277.031
1759442400,2025-10-02 22:00:00,2.964,2.991,2.964,2.969,51254.475
1759446000,2025-10-02 23:00:00,2.96,2.975,2.97,2.971,51613.882
1759449600,2025-10-03 00:00:00,2.947,2.994,2.973,2.955,430322.771
1759453200,2025-10-03 01:00:00,2.909,2.96,2.955,2.911,102457.965
1759456800,2025-10-03 02:00:00,2.907,2.943,2.911,2.941,52686.127
1759460400,2025-10-03 03:00:00,2.919,2.968,2.94,2.923,99855.447
1759464000,2025-10-03 04:00:00,2.921,2.956,2.923,2.948,30653.741
1759467600,2025-10-03 05:00:00,2.911,2.952,2.948,2.922,54460.806
1759471200,2025-10-03 06:00:00,2.914,2.944,2.922,2.931,30054.652
1759474800,2025-10-03 07:00:00,2.893,2.932,2.931,2.916,67852.384
1759478400,2025-10-03 08:00:00,2.89,2.93,2.915,2.928,29049.548
1759482000,2025-10-03 09:00:00,2.907,2.939,2.927,2.938,35940.454
1759485600,2025-10-03 10:00:00,2.929,2.945,2.936,2.941,34058.504
1759489200,2025-10-03 11:00:00,2.92,2.956,2.942,2.923,58602.134
1759492800,2025-10-03 12:00:00,2.913,2.936,2.922,2.934,38294.99
1759496400,2025-10-03 13:00:00,2.905,2.965,2.933,2.938,87004.374
1759500000,2025-10-03 14:00:00,2.912,2.973,2.938,2.964,47524.139
1759503600,2025-10-03 15:00:00,2.944,3.022,2.963,3.02,147713.43
1759507200,2025-10-03 16:00:00,3.006,3.084,3.02,3.036,288495.438
1759510800,2025-10-03 17:00:00,2.978,3.042,3.036,2.996,222427.791
1759514400,2025-10-03 18:00:00,2.975,3.058,2.995,3.045,108762.196
1759518000,2025-10-03 19:00:00,3.032,3.059,3.045,3.042,73248.945
1759521600,2025-10-03 20:00:00,3.024,3.045,3.041,3.045,32606.581
1759525200,2025-10-03 21:00:00,3.039,3.059,3.045,3.053,56612.078
1759528800,2025-10-03 22:00:00,3.041,3.058,3.053,3.045,66020.732
1759532400,2025-10-03 23:00:00,3.026,3.045,3.044,3.034,50825.804
1759536000,2025-10-04 00:00:00,3.009,3.044,3.035,3.023,25418.27
1759539600,2025-10-04 01:00:00,3.001,3.023,3.023,3.006,21891.085
1759543200,2025-10-04 02:00:00,2.984,3.013,3.003,2.998,45121.337
1759546800,2025-10-04 03:00:00,2.975,2.999,2.998,2.984,69623.472
1759550400,2025-10-04 04:00:00,2.965,3.002,2.983,2.998,94057.345
1759554000,2025-10-04 05:00:00,2.981,3.013,2.997,3.009,35253.968
1759557600,2025-10-04 06:00:00,2.988,3.015,3.01,2.988,32773.457
1759561200,2025-10-04 07:00:00,2.976,2.998,2.988,2.982,30463.86
1759564800,2025-10-04 08:00:00,2.956,2.985,2.981,2.961,32221.048
1759568400,2025-10-04 09:00:00,2.938,2.968,2.959,2.943,36123.844
1759572000,2025-10-04 10:00:00,2.927,2.959,2.943,2.93,22286.854
1759575600,2025-10-04 11:00:00,2.924,2.94,2.93,2.935,24152.779
1759579200,2025-10-04 12:00:00,2.927,2.948,2.934,2.932,30997.69
1759582800,2025-10-04 13:00:00,2.929,2.973,2.931,2.953,80449.093
1759586400,2025-10-04 14:00:00,2.917,2.968,2.954,2.917,27662.348
1759590000,2025-10-04 15:00:00,2.886,2.928,2.916,2.891,77864.212
1759593600,2025-10-04 16:00:00,2.881,2.913,2.891,2.908,43774.106
1759597200,2025-10-04 17:00:00,2.894,2.917,2.905,2.906,27613.187
1759600800,2025-10-04 18:00:00,2.896,2.913,2.906,2.899,14310.183
1759604400,2025-10-04 19:00:00,2.899,2.922,2.899,2.919,27343.182
1759608000,2025-10-04 20:00:00,2.92,2.942,2.92,2.924,23936.384
1759611600,2025-10-04 21:00:00,2.923,2.943,2.925,2.929,43238.164
1759615200,2025-10-04 22:00:00,2.929,2.959,2.932,2.951,20536.223
1759618800,2025-10-04 23:00:00,2.945,2.976,2.951,2.964,45715.799
1759622400,2025-10-05 00:00:00,2.934,2.987,2.964,2.935,92315.963
1759626000,2025-10-05 01:00:00,2.934,2.957,2.934,2.951,8352.207
1759629600,2025-10-05 02:00:00,2.944,3.05,2.95,3.048,144240.534
1759633200,2025-10-05 03:00:00,3.007,3.065,3.048,3.011,135214.875
1759636800,2025-10-05 04:00:00,3.007,3.088,3.011,3.067,113822.368
1759640400,2025-10-05 05:00:00,3.059,3.101,3.068,3.09,72875.315
1759644000,2025-10-05 06:00:00,3.081,3.111,3.091,3.105,62995.281
1759647600,2025-10-05 07:00:00,3.105,3.164,3.105,3.16,159315.239
1759651200,2025-10-05 08:00:00,3.122,3.182,3.161,3.162,113573.46
1759654800,2025-10-05 09:00:00,3.09,3.163,3.163,3.111,198746.824
1759658400,2025-10-05 10:00:00,3.059,3.114,3.111,3.07,208018.122
1759662000,2025-10-05 11:00:00,3.041,3.082,3.071,3.063,140244.489
1759665600,2025-10-05 12:00:00,3.021,3.064,3.063,3.025,76218.724
1759669200,2025-10-05 13:00:00,3.025,3.05,3.025,3.039,28338.358
1759672800,2025-10-05 14:00:00,3.009,3.055,3.039,3.025,49936.192
1759676400,2025-10-05 15:00:00,3.02,3.05,3.025,3.033,45238.883
1759680000,2025-10-05 16:00:00,2.99,3.046,3.031,3.017,202000.511
1759683600,2025-10-05 17:00:00,2.975,3.025,3.017,2.98,157666.041
1759687200,2025-10-05 18:00:00,2.966,3.01,2.982,2.983,253317.097
1759690800,2025-10-05 19:00:00,2.953,2.989,2.983,2.953,106908.825
1759694400,2025-10-05 20:00:00,2.945,2.976,2.953,2.968,106088.298
1759698000,2025-10-05 21:00:00,2.949,2.969,2.967,2.96,46750.096
1759701600,2025-10-05 22:00:00,2.952,2.979,2.961,2.967,23009.738
1759705200,2025-10-05 23:00:00,2.957,2.975,2.966,2.959,40957.747
1759708800,2025-10-06 00:00:00,2.937,2.994,2.96,2.952,106507.189
1759712400,2025-10-06 01:00:00,2.943,3.001,2.952,2.974,31703.816
1759716000,2025-10-06 02:00:00,2.95,2.996,2.973,2.978,20902.264
1759719600,2025-10-06 03:00:00,2.961,2.979,2.977,2.968,35533.505
1759723200,2025-10-06 04:00:00,2.943,2.974,2.968,2.943,34816.819
1759726800,2025-10-06 05:00:00,2.935,2.958,2.943,2.952,22326.935
1759730400,2025-10-06 06:00:00,2.953,2.981,2.953,2.965,27272.541
1759734000,2025-10-06 07:00:00,2.944,2.972,2.964,2.955,55298.001
1759737600,2025-10-06 08:00:00,2.943,2.959,2.956,2.953,25229.719
1759741200,2025-10-06 09:00:00,2.95,2.974,2.953,2.964,109352.482
1759744800,2025-10-06 10:00:00,2.954,2.981,2.964,2.973,49305.568
1759748400,2025-10-06 11:00:00,2.962,3,2.973,2.983,25671.073
1759752000,2025-10-06 12:00:00,2.978,3.016,2.983,3.009,52825.592
1759755600,2025-10-06 13:00:00,2.991,3.031,3.009,3.025,74008.462
1759759200,2025-10-06 14:00:00,3.02,3.062,3.024,3.027,116889.717
1759762800,2025-10-06 15:00:00,3.028,3.079,3.028,3.063,43408.549
1759766400,2025-10-06 16:00:00,3.03,3.078,3.063,3.059,53617.906
1759770000,2025-10-06 17:00:00,3.055,3.087,3.06,3.074,37260.94
1759773600,2025-10-06 18:00:00,3.059,3.084,3.073,3.079,34352.464
1759777200,2025-10-06 19:00:00,3.063,3.083,3.079,3.075,47004.298
1759780800,2025-10-06 20:00:00,3.058,3.089,3.076,3.068,75745.053
1759784400,2025-10-06 21:00:00,3.043,3.078,3.067,3.066,44066.123
1759788000,2025-10-06 22:00:00,3.052,3.074,3.067,3.061,22255.717
1759791600,2025-10-06 23:00:00,3.043,3.064,3.061,3.051,50355.86
1759795200,2025-10-07 00:00:00,3.05,3.074,3.05,3.069,35693.169
1759798800,2025-10-07 01:00:00,3.052,3.072,3.068,3.067,46716.969
1759802400,2025-10-07 02:00:00,3.05,3.068,3.065,3.05,20168.09
1759806000,2025-10-07 03:00:00,3.015,3.056,3.051,3.023,32796.812
1759809600,2025-10-07 04:00:00,2.994,3.059,3.021,3.051,108860.084
1759813200,2025-10-07 05:00:00,3.036,3.053,3.051,3.043,37994.553
1759816800,2025-10-07 06:00:00,2.978,3.043,3.043,2.983,51749.169
1759820400,2025-10-07 07:00:00,2.983,3.011,2.983,2.998,100820.761
1759824000,2025-10-07 08:00:00,2.965,3.004,2.997,2.992,33715.544
1759827600,2025-10-07 09:00:00,2.992,3.016,2.992,2.998,20459.276
1759831200,2025-10-07 10:00:00,2.988,3.031,2.995,3.011,30041.59
1759834800,2025-10-07 11:00:00,3.006,3.027,3.012,3.023,22778.551
1759838400,2025-10-07 12:00:00,3.017,3.062,3.021,3.059,46291.552
1759842000,2025-10-07 13:00:00,2.99,3.075,3.06,3.021,325083.138
1759845600,2025-10-07 14:00:00,2.938,3.025,3.02,2.94,181756.565
1759849200,2025-10-07 15:00:00,2.923,2.972,2.941,2.927,1038201.918
1759852800,2025-10-07 16:00:00,2.919,2.979,2.926,2.948,883898.874
1759856400,2025-10-07 17:00:00,2.923,2.963,2.95,2.927,52914.685
1759860000,2025-10-07 18:00:00,2.917,2.94,2.928,2.917,177003.238
1759863600,2025-10-07 19:00:00,2.912,2.939,2.917,2.919,138931.884
1759867200,2025-10-07 20:00:00,2.919,2.981,2.92,2.974,91363.786
1759870800,2025-10-07 21:00:00,2.945,2.984,2.973,2.95,54307.014
1759874400,2025-10-07 22:00:00,2.944,2.983,2.952,2.958,34184.67
1759878000,2025-10-07 23:00:00,2.936,2.965,2.958,2.949,71545.488
1759881600,2025-10-08 00:00:00,2.938,2.996,2.95,2.991,35343.029
1759885200,2025-10-08 01:00:00,2.979,3.015,2.991,3.004,68838.245
1759888800,2025-10-08 02:00:00,2.976,3.01,3.003,2.978,60076.198
1759892400,2025-10-08 03:00:00,2.917,2.979,2.977,2.927,37594.433
1759896000,2025-10-08 04:00:00,2.907,2.963,2.928,2.953,143075.043
1759899600,2025-10-08 05:00:00,2.914,2.952,2.952,2.922,95937.193
1759903200,2025-10-08 06:00:00,2.91,2.931,2.921,2.924,87365.491
1759906800,2025-10-08 07:00:00,2.918,2.957,2.924,2.957,64937.348
1759910400,2025-10-08 08:00:00,2.935,2.974,2.957,2.971,47624.599
1759914000,2025-10-08 09:00:00,2.942,2.976,2.972,2.955,33715.447
1759917600,2025-10-08 10:00:00,2.941,2.97,2.956,2.961,59999.942
1759921200,2025-10-08 11:00:00,2.933,2.971,2.961,2.936,37736.329
1759924800,2025-10-08 12:00:00,2.929,2.955,2.938,2.951,101351.966
1759928400,2025-10-08 13:00:00,2.909,2.96,2.951,2.946,60908.314
1759932000,2025-10-08 14:00:00,2.907,2.981,2.946,2.912,97149.461
1759935600,2025-10-08 15:00:00,2.907,2.929,2.913,2.912,79926.836
1759939200,2025-10-08 16:00:00,2.908,2.951,2.913,2.951,57642.649
1759942800,2025-10-08 17:00:00,2.946,3.014,2.95,3.01,127399.833
1759946400,2025-10-08 18:00:00,2.983,3.023,3.01,3.002,119602.146
1759950000,2025-10-08 19:00:00,2.977,3.003,3.002,2.998,45697.07
1759953600,2025-10-08 20:00:00,2.972,3.007,2.998,2.975,34257.551
1759957200,2025-10-08 21:00:00,2.974,2.999,2.974,2.988,25341.152
1759960800,2025-10-08 22:00:00,2.967,2.997,2.988,2.968,12240.875
1759964400,2025-10-08 23:00:00,2.956,2.979,2.966,2.966,19758.761
1759968000,2025-10-09 00:00:00,2.92,2.966,2.966,2.925,62676.209
1759971600,2025-10-09 01:00:00,2.916,2.94,2.925,2.937,68818.523
1759975200,2025-10-09 02:00:00,2.889,2.937,2.936,2.892,2190563.893
1759978800,2025-10-09 03:00:00,2.891,2.936,2.892,2.927,152890.5
1759982400,2025-10-09 04:00:00,2.913,2.941,2.927,2.937,43206.27
1759986000,2025-10-09 05:00:00,2.919,2.951,2.937,2.925,75487.506
1759989600,2025-10-09 06:00:00,2.899,2.928,2.925,2.9,41788.616
1759993200,2025-10-09 07:00:00,2.889,2.905,2.899,2.89,180394.865
1759996800,2025-10-09 08:00:00,2.842,2.901,2.889,2.844,928698.642
1760000400,2025-10-09 09:00:00,2.844,2.872,2.845,2.854,79394.284
1760004000,2025-10-09 10:00:00,2.84,2.873,2.855,2.863,65863.722
1760007600,2025-10-09 11:00:00,2.862,2.89,2.863,2.88,27581.355
1760011200,2025-10-09 12:00:00,2.879,2.934,2.879,2.926,43839.126
1760014800,2025-10-09 13:00:00,2.856,2.929,2.926,2.86,84750.188
1760018400,2025-10-09 14:00:00,2.839,2.878,2.86,2.858,346546.007
1760022000,2025-10-09 15:00:00,2.833,2.878,2.859,2.841,204340.99
1760025600,2025-10-09 16:00:00,2.831,2.855,2.839,2.835,296495.045
1760029200,2025-10-09 17:00:00,2.831,2.867,2.834,2.866,217771.991
1760032800,2025-10-09 18:00:00,2.848,2.87,2.866,2.849,47042.867
1760036400,2025-10-09 19:00:00,2.846,2.872,2.85,2.863,44860.509
1760040000,2025-10-09 20:00:00,2.852,2.881,2.864,2.856,23285.493
1760043600,2025-10-09 21:00:00,2.853,2.876,2.857,2.872,31528.804
1760047200,2025-10-09 22:00:00,2.87,2.911,2.872,2.898,50866.147
1760050800,2025-10-09 23:00:00,2.879,2.901,2.9,2.884,71767.151
1760054400,2025-10-10 00:00:00,2.88,2.903,2.884,2.884,33673.646
1760058000,2025-10-10 01:00:00,2.882,2.902,2.882,2.896,13706.847
1760061600,2025-10-10 02:00:00,2.882,2.909,2.896,2.9,81474.336
1760065200,2025-10-10 03:00:00,2.89,2.987,2.9,2.964,128792.884
1760068800,2025-10-10 04:00:00,2.965,2.994,2.965,2.99,74680.004
1760072400,2025-10-10 05:00:00,2.967,3.084,2.991,3.079,310659.086
1760076000,2025-10-10 06:00:00,3.011,3.122,3.08,3.032,198872.782
1760079600,2025-10-10 07:00:00,2.981,3.033,3.033,2.983,84703.036
1760083200,2025-10-10 08:00:00,2.969,3.028,2.983,3.026,81863.167
1760086800,2025-10-10 09:00:00,3.009,3.145,3.025,3.039,291615.312
1760090400,2025-10-10 10:00:00,3.037,3.132,3.038,3.13,110373.75
1760094000,2025-10-10 11:00:00,3.102,3.165,3.13,3.157,177591.72
1760097600,2025-10-10 12:00:00,3.114,3.211,3.157,3.185,325161.04
1760101200,2025-10-10 13:00:00,3.148,3.204,3.185,3.176,185622.413
1760104800,2025-10-10 14:00:00,3.125,3.23,3.177,3.139,371187.852
1760108400,2025-10-10 15:00:00,3.01,3.147,3.139,3.051,504743.683
1760112000,2025-10-10 16:00:00,3.037,3.119,3.051,3.047,252721.474
1760115600,2025-10-10 17:00:00,2.999,3.058,3.046,3.001,307576.841
1760119200,2025-10-10 18:00:00,2.977,3.03,3.001,2.99,136873.896
1760122800,2025-10-10 19:00:00,2.941,3.005,2.991,2.967,284829.053
1760126400,2025-10-10 20:00:00,2.77,2.988,2.967,2.796,630451.983
1760130000,2025-10-10 21:00:00,2.021,2.823,2.788,2.744,1784506.065
1760133600,2025-10-10 22:00:00,2.276,2.753,2.752,2.417,880354.383
1760137200,2025-10-10 23:00:00,2.361,2.501,2.418,2.392,559324.975
1760140800,2025-10-11 00:00:00,2.323,2.439,2.387,2.414,305734.228
1760144400,2025-10-11 01:00:00,2.341,2.421,2.416,2.358,163322.656
1760148000,2025-10-11 02:00:00,2.354,2.501,2.356,2.485,161966.447
1760151600,2025-10-11 03:00:00,2.389,2.486,2.485,2.408,184202.499
1760155200,2025-10-11 04:00:00,2.395,2.462,2.406,2.459,115477.968
1760158800,2025-10-11 05:00:00,2.392,2.461,2.458,2.415,99890.01
1760162400,2025-10-11 06:00:00,2.404,2.454,2.414,2.426,149788.202
1760166000,2025-10-11 07:00:00,2.41,2.491,2.426,2.462,182994.974
1760169600,2025-10-11 08:00:00,2.452,2.555,2.463,2.553,80631.935
1760173200,2025-10-11 09:00:00,2.499,2.583,2.552,2.505,195353.388
1760176800,2025-10-11 10:00:00,2.487,2.526,2.505,2.496,67562.906
1760180400,2025-10-11 11:00:00,2.462,2.502,2.496,2.482,77398.748
1760184000,2025-10-11 12:00:00,2.414,2.487,2.481,2.43,71539.442
1760187600,2025-10-11 13:00:00,2.387,2.44,2.428,2.414,123520.689
1760191200,2025-10-11 14:00:00,2.376,2.423,2.413,2.405,155896.64
1760194800,2025-10-11 15:00:00,2.385,2.433,2.403,2.398,156947.118
1760198400,2025-10-11 16:00:00,2.361,2.408,2.398,2.367,99903.814
1760202000,2025-10-11 17:00:00,2.366,2.394,2.366,2.39,87450.909
1760205600,2025-10-11 18:00:00,2.344,2.39,2.39,2.347,84272.808
1760209200,2025-10-11 19:00:00,2.254,2.351,2.347,2.281,186381.945
1760212800,2025-10-11 20:00:00,2.217,2.285,2.28,2.232,167470.784
1760216400,2025-10-11 21:00:00,2.188,2.291,2.233,2.288,470429.284
1760220000,2025-10-11 22:00:00,2.275,2.304,2.289,2.301,112893.89
1760223600,2025-10-11 23:00:00,2.294,2.312,2.301,2.303,31818.689
1760227200,2025-10-12 00:00:00,2.245,2.303,2.3,2.247,284121.821
1760230800,2025-10-12 01:00:00,2.232,2.281,2.248,2.238,121737.848
1760234400,2025-10-12 02:00:00,2.22,2.27,2.238,2.243,49587.371
1760238000,2025-10-12 03:00:00,2.237,2.295,2.242,2.263,59129.263
1760241600,2025-10-12 04:00:00,2.26,2.308,2.265,2.3,37690.559
1760245200,2025-10-12 05:00:00,2.287,2.318,2.301,2.307,76306.401
1760248800,2025-10-12 06:00:00,2.305,2.339,2.306,2.322,85899.341
1760252400,2025-10-12 07:00:00,2.31,2.346,2.322,2.327,63510.281
1760256000,2025-10-12 08:00:00,2.299,2.338,2.326,2.301,61646.268
1760259600,2025-10-12 09:00:00,2.268,2.322,2.301,2.313,140410.385
1760263200,2025-10-12 10:00:00,2.291,2.323,2.313,2.293,121284.431
1760266800,2025-10-12 11:00:00,2.283,2.313,2.293,2.29,82562.778
1760270400,2025-10-12 12:00:00,2.287,2.319,2.29,2.298,121849.988
1760274000,2025-10-12 13:00:00,2.246,2.304,2.298,2.255,99282.713
1760277600,2025-10-12 14:00:00,2.237,2.367,2.254,2.326,238886.873
1760281200,2025-10-12 15:00:00,2.324,2.45,2.327,2.436,199406.16
1760284800,2025-10-12 16:00:00,2.422,2.488,2.438,2.449,200452.668
1760288400,2025-10-12 17:00:00,2.439,2.501,2.447,2.484,260756.54
1760292000,2025-10-12 18:00:00,2.44,2.509,2.484,2.453,140178.526
1760295600,2025-10-12 19:00:00,2.453,2.513,2.453,2.509,84509.887
1760299200,2025-10-12 20:00:00,2.482,2.522,2.508,2.493,90627.9
1760302800,2025-10-12 21:00:00,2.444,2.51,2.491,2.475,133182.233
1760306400,2025-10-12 22:00:00,2.451,2.5,2.476,2.463,52210.438
1760310000,2025-10-12 23:00:00,2.433,2.466,2.464,2.459,61621.841
1760313600,2025-10-13 00:00:00,2.419,2.485,2.46,2.432,107993.944
1760317200,2025-10-13 01:00:00,2.421,2.482,2.432,2.481,63956.751
1760320800,2025-10-13 02:00:00,2.446,2.491,2.481,2.477,122368.843
1760324400,2025-10-13 03:00:00,2.438,2.485,2.478,2.444,77617.174
1760328000,2025-10-13 04:00:00,2.422,2.462,2.446,2.458,39008.394
1760331600,2025-10-13 05:00:00,2.442,2.472,2.459,2.446,44247.474
1760335200,2025-10-13 06:00:00,2.428,2.495,2.443,2.486,61732.565
1760338800,2025-10-13 07:00:00,2.479,2.529,2.486,2.49,48011.585
1760342400,2025-10-13 08:00:00,2.477,2.547,2.49,2.538,68801.507
1760346000,2025-10-13 09:00:00,2.514,2.556,2.538,2.547,60624.312
1760349600,2025-10-13 10:00:00,2.518,2.558,2.546,2.532,45685.849
1760353200,2025-10-13 11:00:00,2.416,2.533,2.532,2.467,188963.069
1760356800,2025-10-13 12:00:00,2.45,2.52,2.466,2.489,57535.858
1760360400,2025-10-13 13:00:00,2.484,2.574,2.491,2.565,182752.171
1760364000,2025-10-13 14:00:00,2.491,2.574,2.564,2.509,124194.14
1760367600,2025-10-13 15:00:00,2.461,2.559,2.506,2.536,384842.306
1760371200,2025-10-13 16:00:00,2.508,2.559,2.536,2.537,117025.768
1760374800,2025-10-13 17:00:00,2.535,2.596,2.538,2.595,80690.089
1760378400,2025-10-13 18:00:00,2.571,2.649,2.596,2.631,208821.568
1760382000,2025-10-13 19:00:00,2.624,2.67,2.631,2.655,74469.023
1760385600,2025-10-13 20:00:00,2.641,2.679,2.656,2.679,202700.137
1760389200,2025-10-13 21:00:00,2.643,2.686,2.677,2.646,80549.975
1760392800,2025-10-13 22:00:00,2.632,2.654,2.646,2.646,75096.605
1760396400,2025-10-13 23:00:00,2.61,2.654,2.646,2.621,47005.214
1760400000,2025-10-14 00:00:00,2.607,2.639,2.622,2.616,66366.339
1760403600,2025-10-14 01:00:00,2.587,2.619,2.616,2.596,39570.139
1760407200,2025-10-14 02:00:00,2.548,2.597,2.595,2.556,109724.325
1760410800,2025-10-14 03:00:00,2.535,2.573,2.555,2.558,77844.005
1760414400,2025-10-14 04:00:00,2.504,2.572,2.558,2.516,74784.314
1760418000,2025-10-14 05:00:00,2.471,2.538,2.515,2.481,75180.718
1760421600,2025-10-14 06:00:00,2.378,2.498,2.481,2.428,157822.423
1760425200,2025-10-14 07:00:00,2.4,2.453,2.428,2.411,106678.102
1760428800,2025-10-14 08:00:00,2.396,2.449,2.41,2.436,111629.267
1760432400,2025-10-14 09:00:00,2.422,2.455,2.436,2.437,146887.213
1760436000,2025-10-14 10:00:00,2.355,2.435,2.435,2.396,153479.689
1760439600,2025-10-14 11:00:00,2.394,2.424,2.396,2.405,81752.928
1760443200,2025-10-14 12:00:00,2.366,2.407,2.404,2.372,68625.108
1760446800,2025-10-14 13:00:00,2.34,2.406,2.373,2.387,141627.852
1760450400,2025-10-14 14:00:00,2.372,2.434,2.387,2.401,74594.855
1760454000,2025-10-14 15:00:00,2.384,2.47,2.4,2.467,95256.907
1760457600,2025-10-14 16:00:00,2.442,2.504,2.467,2.458,108223.911
1760461200,2025-10-14 17:00:00,2.421,2.499,2.457,2.47,76117.325
1760464800,2025-10-14 18:00:00,2.468,2.502,2.47,2.481,40974.301
1760468400,2025-10-14 19:00:00,2.419,2.498,2.481,2.456,185065.902
1760472000,2025-10-14 20:00:00,2.435,2.468,2.456,2.462,72960.248
1760475600,2025-10-14 21:00:00,2.438,2.468,2.463,2.462,43473.041
1760479200,2025-10-14 22:00:00,2.455,2.481,2.463,2.465,51373.825
1760482800,2025-10-14 23:00:00,2.455,2.48,2.464,2.463,98332.164
1760486400,2025-10-15 00:00:00,2.435,2.465,2.461,2.461,50703.105
1760490000,2025-10-15 01:00:00,2.436,2.464,2.461,2.454,35145.273
1760493600,2025-10-15 02:00:00,2.449,2.491,2.454,2.472,46557.917
1760497200,2025-10-15 03:00:00,2.428,2.477,2.471,2.445,31521.686
1760500800,2025-10-15 04:00:00,2.43,2.469,2.447,2.462,28437.556
1760504400,2025-10-15 05:00:00,2.45,2.476,2.462,2.457,45501.336
1760508000,2025-10-15 06:00:00,2.436,2.479,2.457,2.464,40099.35
1760511600,2025-10-15 07:00:00,2.452,2.479,2.466,2.476,22757.529
1760515200,2025-10-15 08:00:00,2.47,2.522,2.476,2.475,178272.106
1760518800,2025-10-15 09:00:00,2.443,2.478,2.477,2.449,20604.388
1760522400,2025-10-15 10:00:00,2.429,2.461,2.45,2.432,23717.624
1760526000,2025-10-15 11:00:00,2.406,2.441,2.433,2.421,67654.14
1760529600,2025-10-15 12:00:00,2.379,2.428,2.42,2.391,84337.424
1760533200,2025-10-15 13:00:00,2.337,2.403,2.389,2.381,126146
1760536800,2025-10-15 14:00:00,2.351,2.416,2.382,2.367,139453.803
1760540400,2025-10-15 15:00:00,2.332,2.383,2.368,2.349,139645.924
1760544000,2025-10-15 16:00:00,2.332,2.38,2.349,2.359,264837.936
1760547600,2025-10-15 17:00:00,2.333,2.366,2.359,2.365,111766.887
1760551200,2025-10-15 18:00:00,2.343,2.367,2.365,2.36,49921.303
1760554800,2025-10-15 19:00:00,2.324,2.36,2.359,2.332,66489.603
1760558400,2025-10-15 20:00:00,2.296,2.345,2.333,2.319,136330.171
1760562000,2025-10-15 21:00:00,2.294,2.337,2.319,2.312,76834.276
1760565600,2025-10-15 22:00:00,2.309,2.334,2.314,2.316,43737.841
1760569200,2025-10-15 23:00:00,2.312,2.334,2.318,2.326,86829.966
1760572800,2025-10-16 00:00:00,2.315,2.332,2.325,2.316,56727.639
1760576400,2025-10-16 01:00:00,2.319,2.35,2.319,2.346,52848.816
1760580000,2025-10-16 02:00:00,2.329,2.356,2.346,2.346,27234.74
1760583600,2025-10-16 03:00:00,2.332,2.356,2.345,2.335,23120.757
1760587200,2025-10-16 04:00:00,2.324,2.352,2.337,2.33,41605.936
1760590800,2025-10-16 05:00:00,2.316,2.346,2.33,2.333,43425.086
1760594400,2025-10-16 06:00:00,2.33,2.36,2.332,2.351,25430.311
1760598000,2025-10-16 07:00:00,2.317,2.353,2.353,2.322,27816.528
1760601600,2025-10-16 08:00:00,2.304,2.327,2.323,2.314,14105.376
1760605200,2025-10-16 09:00:00,2.24,2.352,2.314,2.34,114990.827
1760608800,2025-10-16 10:00:00,2.34,2.378,2.34,2.357,31717.089
1760612400,2025-10-16 11:00:00,2.343,2.369,2.356,2.362,62977.277
1760616000,2025-10-16 12:00:00,2.36,2.381,2.363,2.367,113835.189
1760619600,2025-10-16 13:00:00,2.342,2.376,2.365,2.349,77218.848
1760623200,2025-10-16 14:00:00,2.303,2.36,2.349,2.324,158695.041
1760626800,2025-10-16 15:00:00,2.242,2.333,2.325,2.251,139555.438
1760630400,2025-10-16 16:00:00,2.215,2.3,2.25,2.299,140133.029
1760634000,2025-10-16 17:00:00,2.253,2.298,2.298,2.257,51854.072
1760637600,2025-10-16 18:00:00,2.231,2.265,2.259,2.254,114396.636
1760641200,2025-10-16 19:00:00,2.194,2.258,2.251,2.222,107843.188
1760644800,2025-10-16 20:00:00,2.184,2.228,2.223,2.202,150431.019
1760648400,2025-10-16 21:00:00,2.193,2.225,2.203,2.225,82832.337
1760652000,2025-10-16 22:00:00,2.191,2.23,2.226,2.193,87629.433
1760655600,2025-10-16 23:00:00,2.188,2.219,2.19,2.199,56783.019
1760659200,2025-10-17 00:00:00,2.195,2.216,2.197,2.216,65354.667
1760662800,2025-10-17 01:00:00,2.201,2.235,2.215,2.211,66714.019
1760666400,2025-10-17 02:00:00,2.192,2.223,2.212,2.213,58552.123
1760670000,2025-10-17 03:00:00,2.212,2.234,2.214,2.232,162714.656
1760673600,2025-10-17 04:00:00,2.218,2.236,2.232,2.227,43029.312
1760677200,2025-10-17 05:00:00,2.199,2.229,2.227,2.206,36451.373
1760680800,2025-10-17 06:00:00,2.138,2.217,2.208,2.148,162283.93
1760684400,2025-10-17 07:00:00,2.089,2.153,2.148,2.097,144700.614
1760688000,2025-10-17 08:00:00,2.057,2.107,2.097,2.08,169041.289
1760691600,2025-10-17 09:00:00,2.075,2.145,2.08,2.105,226291.744
1760695200,2025-10-17 10:00:00,2.068,2.129,2.104,2.127,179308.929
1760698800,2025-10-17 11:00:00,2.115,2.19,2.128,2.168,168611.878
1760702400,2025-10-17 12:00:00,2.155,2.182,2.167,2.159,72425.691
1760706000,2025-10-17 13:00:00,2.133,2.179,2.159,2.16,88783.741
1760709600,2025-10-17 14:00:00,2.11,2.168,2.16,2.135,167609.509
1760713200,2025-10-17 15:00:00,2.126,2.176,2.135,2.172,101864.913
1760716800,2025-10-17 16:00:00,2.153,2.2,2.173,2.158,114141.477
1760720400,2025-10-17 17:00:00,2.146,2.169,2.159,2.161,30913.09
1760724000,2025-10-17 18:00:00,2.148,2.177,2.162,2.154,38916.723
1760727600,2025-10-17 19:00:00,2.134,2.161,2.153,2.144,43467.498
1760731200,2025-10-17 20:00:00,2.136,2.166,2.144,2.157,40245.482
1760734800,2025-10-17 21:00:00,2.155,2.176,2.158,2.168,68814.36
1760738400,2025-10-17 22:00:00,2.155,2.173,2.168,2.164,126611.712
1760742000,2025-10-17 23:00:00,2.146,2.164,2.164,2.15,29971.33
1760745600,2025-10-18 00:00:00,2.144,2.165,2.149,2.161,26986.463
1760749200,2025-10-18 01:00:00,2.159,2.184,2.161,2.181,41070.097
1760752800,2025-10-18 02:00:00,2.16,2.189,2.18,2.166,28235.776
1760756400,2025-10-18 03:00:00,2.165,2.18,2.166,2.174,15831.412
1760760000,2025-10-18 04:00:00,2.143,2.174,2.173,2.146,35248.401
1760763600,2025-10-18 05:00:00,2.14,2.158,2.147,2.158,95764.142
1760767200,2025-10-18 06:00:00,2.14,2.163,2.158,2.152,35443.351
1760770800,2025-10-18 07:00:00,2.148,2.185,2.154,2.154,33899.847
1760774400,2025-10-18 08:00:00,2.15,2.165,2.154,2.15,28391.566
1760778000,2025-10-18 09:00:00,2.146,2.168,2.15,2.161,51509.456
1760781600,2025-10-18 10:00:00,2.152,2.169,2.161,2.163,51695.457
1760785200,2025-10-18 11:00:00,2.154,2.172,2.164,2.168,26007.369
1760788800,2025-10-18 12:00:00,2.152,2.176,2.168,2.157,16707.399
1760792400,2025-10-18 13:00:00,2.134,2.157,2.157,2.141,65438.634
1760796000,2025-10-18 14:00:00,2.126,2.151,2.141,2.145,50315.392
1760799600,2025-10-18 15:00:00,2.124,2.15,2.145,2.135,26102.885
1760803200,2025-10-18 16:00:00,2.113,2.138,2.135,2.128,48857.051
1760806800,2025-10-18 17:00:00,2.124,2.157,2.13,2.154,66948.852
1760810400,2025-10-18 18:00:00,2.143,2.158,2.154,2.148,18160.152
1760814000,2025-10-18 19:00:00,2.144,2.158,2.148,2.157,7806.792
1760817600,2025-10-18 20:00:00,2.154,2.173,2.157,2.16,18928.497
1760821200,2025-10-18 21:00:00,2.148,2.175,2.16,2.172,20032.464
1760824800,2025-10-18 22:00:00,2.161,2.176,2.172,2.164,53424.059
1760828400,2025-10-18 23:00:00,2.158,2.169,2.163,2.168,28705.895
1760832000,2025-10-19 00:00:00,2.15,2.17,2.168,2.162,26353.45
1760835600,2025-10-19 01:00:00,2.153,2.177,2.162,2.173,34451.878
1760839200,2025-10-19 02:00:00,2.161,2.18,2.173,2.164,45512.603
1760842800,2025-10-19 03:00:00,2.161,2.188,2.163,2.183,17674.748
1760846400,2025-10-19 04:00:00,2.172,2.185,2.183,2.175,11406.308
1760850000,2025-10-19 05:00:00,2.17,2.187,2.175,2.176,19310.638
1760853600,2025-10-19 06:00:00,2.16,2.181,2.176,2.163,24086.886
1760857200,2025-10-19 07:00:00,2.154,2.169,2.163,2.165,11472.186
1760860800,2025-10-19 08:00:00,2.145,2.195,2.165,2.153,166091.117
1760864400,2025-10-19 09:00:00,2.135,2.205,2.153,2.184,90584.163
1760868000,2025-10-19 10:00:00,2.172,2.223,2.183,2.22,85012.253
1760871600,2025-10-19 11:00:00,2.219,2.243,2.22,2.223,86779.311
1760875200,2025-10-19 12:00:00,2.204,2.227,2.225,2.215,22779.672
1760878800,2025-10-19 13:00:00,2.212,2.286,2.216,2.275,127735.865
1760882400,2025-10-19 14:00:00,2.256,2.287,2.276,2.272,184189.186
1760886000,2025-10-19 15:00:00,2.255,2.272,2.271,2.267,52549.466
1760889600,2025-10-19 16:00:00,2.244,2.268,2.267,2.255,94120.064
1760893200,2025-10-19 17:00:00,2.254,2.279,2.255,2.258,78437.752
1760896800,2025-10-19 18:00:00,2.259,2.276,2.259,2.27,60299.347
1760900400,2025-10-19 19:00:00,2.259,2.274,2.271,2.269,32232.977
1760904000,2025-10-19 20:00:00,2.264,2.279,2.269,2.279,110343.6
1760907600,2025-10-19 21:00:00,2.261,2.285,2.279,2.274,336589.237
1760911200,2025-10-19 22:00:00,2.274,2.305,2.276,2.289,245175.342
1760914800,2025-10-19 23:00:00,2.254,2.289,2.289,2.261,37809.814
1760918400,2025-10-20 00:00:00,2.215,2.262,2.261,2.237,79865.418
1760922000,2025-10-20 01:00:00,2.228,2.247,2.237,2.232,36040.476
1760925600,2025-10-20 02:00:00,2.219,2.25,2.23,2.242,19375.698
1760929200,2025-10-20 03:00:00,2.237,2.304,2.242,2.3,113246.842
1760932800,2025-10-20 04:00:00,2.286,2.312,2.3,2.303,65819.395
1760936400,2025-10-20 05:00:00,2.287,2.319,2.303,2.31,91523.066
1760940000,2025-10-20 06:00:00,2.307,2.34,2.31,2.321,53450.734
1760943600,2025-10-20 07:00:00,2.304,2.332,2.32,2.312,46500.497
1760947200,2025-10-20 08:00:00,2.293,2.313,2.312,2.297,23122.366
1760950800,2025-10-20 09:00:00,2.287,2.303,2.296,2.299,19154.374
1760954400,2025-10-20 10:00:00,2.296,2.32,2.3,2.3,17960.807
1760958000,2025-10-20 11:00:00,2.289,2.309,2.301,2.307,23405.062
1760961600,2025-10-20 12:00:00,2.302,2.316,2.306,2.306,28773.202
1760965200,2025-10-20 13:00:00,2.296,2.331,2.307,2.328,49835.511
1760968800,2025-10-20 14:00:00,2.297,2.334,2.329,2.323,91614.768
1760972400,2025-10-20 15:00:00,2.289,2.332,2.323,2.289,74865.757
1760976000,2025-10-20 16:00:00,2.248,2.294,2.29,2.276,72029.941
1760979600,2025-10-20 17:00:00,2.254,2.283,2.277,2.268,57295.025
1760983200,2025-10-20 18:00:00,2.259,2.281,2.269,2.28,32982.909
1760986800,2025-10-20 19:00:00,2.272,2.301,2.28,2.289,29326.445
1760990400,2025-10-20 20:00:00,2.277,2.292,2.288,2.289,18347.306
1760994000,2025-10-20 21:00:00,2.259,2.303,2.29,2.264,79492.175
1760997600,2025-10-20 22:00:00,2.257,2.275,2.26,2.269,16668.046
1761001200,2025-10-20 23:00:00,2.255,2.27,2.269,2.257,25941.105
1761004800,2025-10-21 00:00:00,2.254,2.268,2.257,2.261,18283.831
1761008400,2025-10-21 01:00:00,2.233,2.261,2.261,2.246,61370.026
1761012000,2025-10-21 02:00:00,2.228,2.247,2.247,2.235,28817.905
1761015600,2025-10-21 03:00:00,2.22,2.239,2.235,2.222,16065.044
1761019200,2025-10-21 04:00:00,2.168,2.226,2.22,2.171,100272.413
1761022800,2025-10-21 05:00:00,2.165,2.186,2.171,2.177,33333.009
1761026400,2025-10-21 06:00:00,2.173,2.192,2.177,2.185,25382.446
1761030000,2025-10-21 07:00:00,2.178,2.2,2.186,2.198,19338.152
1761033600,2025-10-21 08:00:00,2.165,2.197,2.196,2.179,42983.666
1761037200,2025-10-21 09:00:00,2.171,2.187,2.179,2.179,14275.565
1761040800,2025-10-21 10:00:00,2.175,2.207,2.178,2.198,46625.3
1761044400,2025-10-21 11:00:00,2.192,2.206,2.197,2.204,18207.272
1761048000,2025-10-21 12:00:00,2.201,2.256,2.202,2.244,83778.41
1761051600,2025-10-21 13:00:00,2.222,2.252,2.245,2.237,91473.331
1761055200,2025-10-21 14:00:00,2.237,2.331,2.238,2.33,109544.806
1761058800,2025-10-21 15:00:00,2.312,2.365,2.331,2.348,121597.507
1761062400,2025-10-21 16:00:00,2.297,2.355,2.348,2.303,97229.517
1761066000,2025-10-21 17:00:00,2.289,2.326,2.304,2.321,97934.728
1761069600,2025-10-21 18:00:00,2.298,2.327,2.322,2.313,47984.661
1761073200,2025-10-21 19:00:00,2.298,2.314,2.314,2.303,27220.829
1761076800,2025-10-21 20:00:00,2.269,2.303,2.303,2.278,58417.058
1761080400,2025-10-21 21:00:00,2.245,2.285,2.277,2.28,37925.069
1761084000,2025-10-21 22:00:00,2.235,2.28,2.28,2.241,21565.375
1761087600,2025-10-21 23:00:00,2.215,2.251,2.241,2.218,19248.497
1761091200,2025-10-22 00:00:00,2.201,2.235,2.218,2.208,18363.078
1761094800,2025-10-22 01:00:00,2.203,2.224,2.207,2.222,88325.049
1761098400,2025-10-22 02:00:00,2.22,2.234,2.223,2.225,127644.616
1761102000,2025-10-22 03:00:00,2.211,2.226,2.225,2.219,39488.463
1761105600,2025-10-22 04:00:00,2.218,2.247,2.218,2.247,13713.734
1761109200,2025-10-22 05:00:00,2.194,2.245,2.245,2.21,44662.323
1761112800,2025-10-22 06:00:00,2.196,2.212,2.209,2.196,15511.834
1761116400,2025-10-22 07:00:00,2.191,2.22,2.195,2.215,31816.259
1761120000,2025-10-22 08:00:00,2.196,2.214,2.214,2.198,35104.417
1761123600,2025-10-22 09:00:00,2.178,2.202,2.196,2.183,41986.995
1761127200,2025-10-22 10:00:00,2.181,2.199,2.182,2.189,36722.466
1761130800,2025-10-22 11:00:00,2.161,2.223,2.19,2.2,138119.699
1761134400,2025-10-22 12:00:00,2.193,2.218,2.201,2.205,42911.371
1761138000,2025-10-22 13:00:00,2.199,2.242,2.205,2.242,58610.67
1761141600,2025-10-22 14:00:00,2.18,2.241,2.24,2.221,109798.965
1761145200,2025-10-22 15:00:00,2.183,2.237,2.22,2.21,40412.372
1761148800,2025-10-22 16:00:00,2.178,2.214,2.21,2.192,83388.139
1761152400,2025-10-22 17:00:00,2.168,2.201,2.193,2.176,44755.201
1761156000,2025-10-22 18:00:00,2.165,2.19,2.174,2.174,63817.258
1761159600,2025-10-22 19:00:00,2.161,2.202,2.175,2.182,58923.637
1761163200,2025-10-22 20:00:00,2.148,2.187,2.181,2.152,152101.23
1761166800,2025-10-22 21:00:00,2.097,2.153,2.152,2.133,143359.224
1761170400,2025-10-22 22:00:00,2.125,2.149,2.13,2.137,74139.674
1761174000,2025-10-22 23:00:00,2.138,2.172,2.138,2.164,54315.465
1761177600,2025-10-23 00:00:00,2.155,2.168,2.163,2.16,39892.13
1761181200,2025-10-23 01:00:00,2.155,2.172,2.159,2.157,22568.612
1761184800,2025-10-23 02:00:00,2.153,2.164,2.159,2.154,12131.065
1761188400,2025-10-23 03:00:00,2.146,2.161,2.155,2.148,47295.784
1761192000,2025-10-23 04:00:00,2.145,2.16,2.147,2.152,21983.27
1761195600,2025-10-23 05:00:00,2.15,2.167,2.151,2.166,17420.879
1761199200,2025-10-23 06:00:00,2.16,2.198,2.166,2.198,180265.244
1761202800,2025-10-23 07:00:00,2.184,2.2,2.198,2.194,71383.826
1761206400,2025-10-23 08:00:00,2.194,2.207,2.195,2.199,18860.058
1761210000,2025-10-23 09:00:00,2.19,2.201,2.199,2.199,28111.767
1761213600,2025-10-23 10:00:00,2.192,2.208,2.198,2.192,56165.835
1761217200,2025-10-23 11:00:00,2.175,2.196,2.192,2.176,33545.633
1761220800,2025-10-23 12:00:00,2.158,2.18,2.177,2.18,39792.033
1761224400,2025-10-23 13:00:00,2.163,2.192,2.179,2.183,52464.061
1761228000,2025-10-23 14:00:00,2.155,2.185,2.183,2.17,98362.109
1761231600,2025-10-23 15:00:00,2.164,2.214,2.17,2.198,109843.812
1761235200,2025-10-23 16:00:00,2.196,2.232,2.199,2.224,58137.939
1761238800,2025-10-23 17:00:00,2.201,2.244,2.225,2.239,109157.755
1761242400,2025-10-23 18:00:00,2.21,2.242,2.239,2.215,25252.552
1761246000,2025-10-23 19:00:00,2.2,2.216,2.215,2.212,48096.836
1761249600,2025-10-23 20:00:00,2.173,2.212,2.212,2.184,65766.521
1761253200,2025-10-23 21:00:00,2.179,2.192,2.183,2.187,38229.233
1761256800,2025-10-23 22:00:00,2.187,2.201,2.189,2.195,55821.886
1761260400,2025-10-23 23:00:00,2.187,2.203,2.195,2.203,15527.979
1761264000,2025-10-24 00:00:00,2.196,2.219,2.203,2.213,55289.23
1761267600,2025-10-24 01:00:00,2.199,2.216,2.211,2.209,49195.989
1761271200,2025-10-24 02:00:00,2.197,2.211,2.21,2.201,28712.148
1761274800,2025-10-24 03:00:00,2.19,2.204,2.2,2.198,58981.581
1761278400,2025-10-24 04:00:00,2.193,2.252,2.198,2.249,155452.749
1761282000,2025-10-24 05:00:00,2.24,2.256,2.249,2.25,146645.643
1761285600,2025-10-24 06:00:00,2.247,2.266,2.25,2.265,75034.438
1761289200,2025-10-24 07:00:00,2.233,2.267,2.265,2.247,40866.326
1761292800,2025-10-24 08:00:00,2.235,2.272,2.247,2.268,15828.071
1761296400,2025-10-24 09:00:00,2.253,2.27,2.268,2.258,19892.138
1761300000,2025-10-24 10:00:00,2.238,2.259,2.257,2.242,42778.586
1761303600,2025-10-24 11:00:00,2.222,2.252,2.242,2.246,24025.95
1761307200,2025-10-24 12:00:00,2.243,2.305,2.247,2.266,108502.308
1761310800,2025-10-24 13:00:00,2.238,2.268,2.266,2.259,69568.928
1761314400,2025-10-24 14:00:00,2.218,2.259,2.259,2.232,69871.795
1761318000,2025-10-24 15:00:00,2.209,2.245,2.233,2.218,63867.581
1761321600,2025-10-24 16:00:00,2.202,2.221,2.218,2.215,18808.433
1761325200,2025-10-24 17:00:00,2.212,2.231,2.215,2.22,26171.983
1761328800,2025-10-24 18:00:00,2.217,2.241,2.22,2.241,18721.159
1761332400,2025-10-24 19:00:00,2.239,2.27,2.241,2.256,77374.836
1761336000,2025-10-24 20:00:00,2.254,2.272,2.257,2.268,23980.534
1761339600,2025-10-24 21:00:00,2.262,2.275,2.267,2.275,18833.778
1761343200,2025-10-24 22:00:00,2.264,2.277,2.276,2.27,16600.643
1761346800,2025-10-24 23:00:00,2.263,2.274,2.269,2.274,12709.506
1761350400,2025-10-25 00:00:00,2.254,2.273,2.272,2.259,17522.035
1761354000,2025-10-25 01:00:00,2.252,2.27,2.259,2.257,27859.227
1761357600,2025-10-25 02:00:00,2.249,2.262,2.257,2.255,45437.555
1761361200,2025-10-25 03:00:00,2.236,2.256,2.256,2.238,35656.884
1761364800,2025-10-25 04:00:00,2.239,2.252,2.239,2.24,29201.206
1761368400,2025-10-25 05:00:00,2.231,2.242,2.24,2.239,8325.398
1761372000,2025-10-25 06:00:00,2.228,2.242,2.239,2.23,5349.833
1761375600,2025-10-25 07:00:00,2.226,2.244,2.23,2.227,25758.753
1761379200,2025-10-25 08:00:00,2.226,2.246,2.226,2.246,23036.406
1761382800,2025-10-25 09:00:00,2.235,2.246,2.245,2.237,10201.554
1761386400,2025-10-25 10:00:00,2.228,2.24,2.237,2.234,13751.33
1761390000,2025-10-25 11:00:00,2.232,2.254,2.233,2.253,21621.089
1761393600,2025-10-25 12:00:00,2.251,2.27,2.252,2.267,46417.081
1761397200,2025-10-25 13:00:00,2.26,2.27,2.266,2.269,15720.56
1761400800,2025-10-25 14:00:00,2.265,2.281,2.268,2.277,35245.215
1761404400,2025-10-25 15:00:00,2.272,2.278,2.276,2.272,57.13
1761426000,2025-10-25 21:00:00,2.272,2.289,2.286,2.28,30664.835
1761429600,2025-10-25 22:00:00,2.273,2.294,2.28,2.29,32205.789
1761433200,2025-10-25 23:00:00,2.277,2.29,2.289,2.281,38891.363
1761436800,2025-10-26 00:00:00,2.269,2.283,2.282,2.271,12681.619
1761440400,2025-10-26 01:00:00,2.253,2.278,2.271,2.261,70783.3
1761444000,2025-10-26 02:00:00,2.256,2.267,2.26,2.261,14830.922
1761447600,2025-10-26 03:00:00,2.258,2.269,2.26,2.266,21977.114
1761451200,2025-10-26 04:00:00,2.266,2.286,2.266,2.283,42942.349
1761454800,2025-10-26 05:00:00,2.277,2.298,2.281,2.294,13663.02
1761458400,2025-10-26 06:00:00,2.285,2.299,2.294,2.298,63868.572
1761462000,2025-10-26 07:00:00,2.296,2.309,2.298,2.303,37212.86
1761465600,2025-10-26 08:00:00,2.301,2.324,2.303,2.32,54199.586
1761469200,2025-10-26 09:00:00,2.312,2.343,2.322,2.338,72365.494
1761472800,2025-10-26 10:00:00,2.32,2.341,2.338,2.327,22436.604
1761476400,2025-10-26 11:00:00,2.319,2.36,2.327,2.358,100071.999
1761480000,2025-10-26 12:00:00,2.346,2.364,2.358,2.352,34906.374
1761483600,2025-10-26 13:00:00,2.345,2.368,2.354,2.361,54567.282
1761487200,2025-10-26 14:00:00,2.341,2.361,2.361,2.344,29555.795
1761490800,2025-10-26 15:00:00,2.336,2.363,2.345,2.361,93996.272
1761494400,2025-10-26 16:00:00,2.342,2.362,2.361,2.35,27747.595
1761498000,2025-10-26 17:00:00,2.345,2.355,2.35,2.349,19186.376
1761501600,2025-10-26 18:00:00,2.342,2.355,2.349,2.347,21257.587
1761505200,2025-10-26 19:00:00,2.34,2.348,2.347,2.346,10740.569
1761508800,2025-10-26 20:00:00,2.324,2.346,2.345,2.331,44170.884
1761512400,2025-10-26 21:00:00,2.327,2.353,2.331,2.352,89166.434
1761516000,2025-10-26 22:00:00,2.353,2.394,2.353,2.381,186967.65
1761519600,2025-10-26 23:00:00,2.368,2.385,2.382,2.371,41340.718
1761523200,2025-10-27 00:00:00,2.366,2.391,2.371,2.378,67374.322
1761526800,2025-10-27 01:00:00,2.376,2.4,2.378,2.395,64426.105
1761530400,2025-10-27 02:00:00,2.382,2.403,2.395,2.391,44772.326
1761534000,2025-10-27 03:00:00,2.383,2.396,2.391,2.391,26930.276
1761537600,2025-10-27 04:00:00,2.388,2.4,2.391,2.398,17444.337
1761541200,2025-10-27 05:00:00,2.39,2.42,2.397,2.407,98083.263
1761544800,2025-10-27 06:00:00,2.394,2.416,2.407,2.401,51514.042
1761548400,2025-10-27 07:00:00,2.379,2.411,2.4,2.398,84517.063
1761552000,2025-10-27 08:00:00,2.374,2.408,2.397,2.38,145755.275
1761555600,2025-10-27 09:00:00,2.353,2.383,2.38,2.364,122485.703
1761559200,2025-10-27 10:00:00,2.356,2.373,2.364,2.358,23774.486
1761562800,2025-10-27 11:00:00,2.346,2.375,2.358,2.373,37483.405
1761566400,2025-10-27 12:00:00,2.342,2.375,2.373,2.344,34358.09
1761570000,2025-10-27 13:00:00,2.311,2.362,2.344,2.344,183926.092
1761573600,2025-10-27 14:00:00,2.319,2.349,2.346,2.34,61489.408
1761577200,2025-10-27 15:00:00,2.341,2.366,2.341,2.358,66664.873
1761580800,2025-10-27 16:00:00,2.358,2.398,2.358,2.398,199692.602
1761584400,2025-10-27 17:00:00,2.382,2.402,2.398,2.387,163660.092
1761588000,2025-10-27 18:00:00,2.374,2.398,2.387,2.376,51315.797
1761591600,2025-10-27 19:00:00,2.358,2.379,2.376,2.36,47405.458
1761595200,2025-10-27 20:00:00,2.339,2.361,2.36,2.343,64493.387
1761598800,2025-10-27 21:00:00,2.338,2.364,2.343,2.348,91398.111
1761602400,2025-10-27 22:00:00,2.329,2.358,2.348,2.334,116713.598
1761606000,2025-10-27 23:00:00,2.316,2.338,2.334,2.332,42422.813
1761609600,2025-10-28 00:00:00,2.322,2.342,2.332,2.333,47276.572
1761613200,2025-10-28 01:00:00,2.325,2.345,2.333,2.334,16260.402
1761616800,2025-10-28 02:00:00,2.301,2.339,2.334,2.321,26962.745
1761620400,2025-10-28 03:00:00,2.31,2.329,2.32,2.318,14567.095
1761624000,2025-10-28 04:00:00,2.311,2.349,2.318,2.341,22038.681
1761627600,2025-10-28 05:00:00,2.306,2.357,2.341,2.307,89649.124
1761631200,2025-10-28 06:00:00,2.306,2.355,2.308,2.352,25673.67
1761634800,2025-10-28 07:00:00,2.325,2.361,2.352,2.328,53334.5
1761638400,2025-10-28 08:00:00,2.325,2.343,2.328,2.337,14949.674
1761642000,2025-10-28 09:00:00,2.32,2.341,2.337,2.331,30752.795
1761645600,2025-10-28 10:00:00,2.319,2.331,2.331,2.331,36710.513
1761649200,2025-10-28 11:00:00,2.32,2.34,2.331,2.324,12248.384
1761652800,2025-10-28 12:00:00,2.319,2.349,2.323,2.346,31570.447
1761656400,2025-10-28 13:00:00,2.345,2.384,2.346,2.363,190084.93
1761660000,2025-10-28 14:00:00,2.283,2.378,2.363,2.334,98182.096
1761663600,2025-10-28 15:00:00,2.314,2.347,2.334,2.324,32684.668
1761667200,2025-10-28 16:00:00,2.312,2.347,2.323,2.337,78029.492
1761670800,2025-10-28 17:00:00,2.316,2.34,2.336,2.323,42677.488
1761674400,2025-10-28 18:00:00,2.295,2.325,2.323,2.305,23520.51
1761678000,2025-10-28 19:00:00,2.257,2.308,2.305,2.27,86394.518
1761681600,2025-10-28 20:00:00,2.222,2.27,2.269,2.233,120423.107
1761685200,2025-10-28 21:00:00,2.201,2.243,2.231,2.229,84684.105
1761688800,2025-10-28 22:00:00,2.221,2.249,2.229,2.247,38361.698
1761692400,2025-10-28 23:00:00,2.23,2.248,2.248,2.233,40275.576
1761696000,2025-10-29 00:00:00,2.226,2.241,2.233,2.229,47700.06
1761699600,2025-10-29 01:00:00,2.226,2.252,2.228,2.241,45427.689
1761703200,2025-10-29 02:00:00,2.235,2.242,2.24,2.238,23456.913
1761706800,2025-10-29 03:00:00,2.228,2.239,2.237,2.235,17939.286
1761710400,2025-10-29 04:00:00,2.233,2.247,2.235,2.238,19211.579
1761714000,2025-10-29 05:00:00,2.235,2.247,2.238,2.241,36374.289
1761717600,2025-10-29 06:00:00,2.237,2.251,2.239,2.247,13887.534
1761721200,2025-10-29 07:00:00,2.237,2.254,2.247,2.248,41450.179
1761724800,2025-10-29 08:00:00,2.236,2.249,2.247,2.243,32120.865
1761728400,2025-10-29 09:00:00,2.24,2.27,2.243,2.266,32978.119
1761732000,2025-10-29 10:00:00,2.264,2.311,2.266,2.295,152929.852
1761735600,2025-10-29 11:00:00,2.291,2.311,2.295,2.297,54194.707
1761739200,2025-10-29 12:00:00,2.292,2.305,2.297,2.301,28296.199
1761742800,2025-10-29 13:00:00,2.301,2.324,2.301,2.316,72229.566
1761746400,2025-10-29 14:00:00,2.289,2.317,2.315,2.295,67934.004
1761750000,2025-10-29 15:00:00,2.252,2.301,2.295,2.271,108467.464
1761753600,2025-10-29 16:00:00,2.259,2.289,2.269,2.278,72550.859
1761757200,2025-10-29 17:00:00,2.276,2.347,2.277,2.347,51820.356
1761760800,2025-10-29 18:00:00,2.232,2.347,2.347,2.306,383847.285
1761764400,2025-10-29 19:00:00,2.295,2.342,2.307,2.314,149859.769
1761768000,2025-10-29 20:00:00,2.3,2.34,2.316,2.327,80457.111
1761771600,2025-10-29 21:00:00,2.314,2.328,2.328,2.321,65617.859
1761775200,2025-10-29 22:00:00,2.309,2.325,2.321,2.317,29915.892
1761778800,2025-10-29 23:00:00,2.265,2.317,2.316,2.277,67647.271
1761782400,2025-10-30 00:00:00,2.263,2.303,2.274,2.301,20307.22
1761786000,2025-10-30 01:00:00,2.277,2.301,2.3,2.289,44560.347
1761789600,2025-10-30 02:00:00,2.282,2.307,2.289,2.3,30832.89
1761793200,2025-10-30 03:00:00,2.271,2.299,2.299,2.28,25004.161
1761796800,2025-10-30 04:00:00,2.195,2.279,2.279,2.216,114170.251
1761800400,2025-10-30 05:00:00,2.204,2.255,2.217,2.249,25160.027
1761804000,2025-10-30 06:00:00,2.228,2.255,2.248,2.247,22373.123
1761807600,2025-10-30 07:00:00,2.239,2.271,2.246,2.262,79359.054
1761811200,2025-10-30 08:00:00,2.225,2.262,2.262,2.232,175895.461
1761814800,2025-10-30 09:00:00,2.203,2.234,2.232,2.212,111360.647
1761818400,2025-10-30 10:00:00,2.201,2.222,2.21,2.207,42445.915
1761822000,2025-10-30 11:00:00,2.187,2.211,2.206,2.192,40629.984
1761825600,2025-10-30 12:00:00,2.148,2.195,2.193,2.164,129595.881
1761829200,2025-10-30 13:00:00,2.118,2.172,2.164,2.123,87679.819
1761832800,2025-10-30 14:00:00,2.12,2.143,2.124,2.124,56192.099
1761836400,2025-10-30 15:00:00,2.089,2.128,2.123,2.096,52551.147
1761840000,2025-10-30 16:00:00,2.087,2.112,2.097,2.101,41785.217
1761843600,2025-10-30 17:00:00,2.053,2.102,2.099,2.08,25822.034
1761847200,2025-10-30 18:00:00,2.05,2.08,2.08,2.057,68132.308
1761850800,2025-10-30 19:00:00,2.029,2.07,2.057,2.037,402652.479
1761854400,2025-10-30 20:00:00,2.028,2.074,2.035,2.071,230999.101
1761858000,2025-10-30 21:00:00,2.047,2.073,2.071,2.067,155815.585
1761861600,2025-10-30 22:00:00,2.06,2.082,2.066,2.081,89511.942
1761865200,2025-10-30 23:00:00,2.071,2.101,2.082,2.1,111364.659
1761868800,2025-10-31 00:00:00,2.092,2.121,2.1,2.116,73942.427
1761872400,2025-10-31 01:00:00,2.109,2.13,2.117,2.127,124484.986
1761876000,2025-10-31 02:00:00,2.099,2.127,2.127,2.109,24456.116
1761879600,2025-10-31 03:00:00,2.104,2.131,2.107,2.122,51042.495
1761883200,2025-10-31 04:00:00,2.119,2.141,2.122,2.137,55937.675
1761886800,2025-10-31 05:00:00,2.118,2.136,2.136,2.12,18129.261
1761890400,2025-10-31 06:00:00,2.105,2.122,2.12,2.11,47155.214
1761894000,2025-10-31 07:00:00,2.101,2.116,2.11,2.11,36456.282
1761897600,2025-10-31 08:00:00,2.092,2.113,2.11,2.106,75483.034
1761901200,2025-10-31 09:00:00,2.096,2.11,2.106,2.104,55097.056
1761904800,2025-10-31 10:00:00,2.097,2.112,2.105,2.099,22632.191
1761908400,2025-10-31 11:00:00,2.094,2.13,2.101,2.128,55087.668
1761912000,2025-10-31 12:00:00,2.11,2.141,2.128,2.112,105084.511
1761915600,2025-10-31 13:00:00,2.103,2.131,2.112,2.13,62187.226
1761919200,2025-10-31 14:00:00,2.115,2.15,2.13,2.149,149930.076
1761922800,2025-10-31 15:00:00,2.135,2.159,2.149,2.138,50821.503
1761926400,2025-10-31 16:00:00,2.081,2.14,2.138,2.085,85853.963
1761930000,2025-10-31 17:00:00,2.068,2.1,2.083,2.086,127766.152
1761933600,2025-10-31 18:00:00,2.076,2.111,2.086,2.097,116949.773
1761937200,2025-10-31 19:00:00,2.085,2.137,2.097,2.131,105752.312
1761940800,2025-10-31 20:00:00,2.104,2.134,2.131,2.106,39341.583
1761944400,2025-10-31 21:00:00,2.094,2.109,2.106,2.103,74438.613
1761948000,2025-10-31 22:00:00,2.099,2.111,2.103,2.103,53337.58
1761951600,2025-10-31 23:00:00,2.096,2.106,2.102,2.098,59921.083
1761955200,2025-11-01 00:00:00,2.087,2.109,2.098,2.104,33178.183
1761958800,2025-11-01 01:00:00,2.097,2.115,2.104,2.1,20072.498
1761962400,2025-11-01 02:00:00,2.091,2.122,2.1,2.119,36064.249
1761966000,2025-11-01 03:00:00,2.118,2.131,2.119,2.13,17054.887
1761969600,2025-11-01 04:00:00,2.116,2.133,2.129,2.122,16314.52
1761973200,2025-11-01 05:00:00,2.108,2.124,2.121,2.112,31203.511
1761976800,2025-11-01 06:00:00,2.105,2.12,2.113,2.119,23565.314
1761980400,2025-11-01 07:00:00,2.115,2.144,2.119,2.139,98791.732
1761984000,2025-11-01 08:00:00,2.13,2.162,2.139,2.159,66779.692
1761987600,2025-11-01 09:00:00,2.13,2.162,2.159,2.136,42887.839
1761991200,2025-11-01 10:00:00,2.131,2.156,2.136,2.15,65137.966
1761994800,2025-11-01 11:00:00,2.149,2.167,2.151,2.161,34099.991
1761998400,2025-11-01 12:00:00,2.159,2.182,2.161,2.176,92423.018
1762002000,2025-11-01 13:00:00,2.149,2.183,2.176,2.167,97854.641
1762005600,2025-11-01 14:00:00,2.141,2.172,2.166,2.151,124516.859
1762009200,2025-11-01 15:00:00,2.145,2.174,2.151,2.162,109694.456
1762012800,2025-11-01 16:00:00,2.155,2.177,2.162,2.166,64433.113
1762016400,2025-11-01 17:00:00,2.154,2.168,2.167,2.158,76808.681
1762020000,2025-11-01 18:00:00,2.154,2.164,2.158,2.163,26751.886
1762023600,2025-11-01 19:00:00,2.156,2.169,2.163,2.169,27402.288
1762027200,2025-11-01 20:00:00,2.163,2.183,2.169,2.171,33626.205
1762030800,2025-11-01 21:00:00,2.148,2.179,2.171,2.151,130929.327
1762034400,2025-11-01 22:00:00,2.15,2.169,2.151,2.169,42013.31
1762038000,2025-11-01 23:00:00,2.163,2.175,2.169,2.173,18609.523
1762041600,2025-11-02 00:00:00,2.161,2.173,2.173,2.165,22112.584
1762045200,2025-11-02 01:00:00,2.152,2.169,2.165,2.159,21570.233
1762048800,2025-11-02 02:00:00,2.157,2.174,2.158,2.162,7161.138
1762052400,2025-11-02 03:00:00,2.154,2.165,2.163,2.16,12647.678
1762056000,2025-11-02 04:00:00,2.156,2.184,2.159,2.183,28945.494
1762059600,2025-11-02 05:00:00,2.161,2.183,2.183,2.18,32871.164
1762063200,2025-11-02 06:00:00,2.171,2.183,2.18,2.182,29621.892
1762066800,2025-11-02 07:00:00,2.177,2.199,2.182,2.193,26136.471
1762070400,2025-11-02 08:00:00,2.172,2.195,2.194,2.176,23839.337
1762074000,2025-11-02 09:00:00,2.161,2.191,2.176,2.167,45400.103
1762077600,2025-11-02 10:00:00,2.148,2.173,2.167,2.162,109703.89
1762081200,2025-11-02 11:00:00,2.16,2.188,2.162,2.186,49147.221
1762084800,2025-11-02 12:00:00,2.168,2.187,2.185,2.169,43046.3
1762088400,2025-11-02 13:00:00,2.144,2.17,2.17,2.152,43662.53
1762092000,2025-11-02 14:00:00,2.108,2.158,2.152,2.123,78169.736
1762095600,2025-11-02 15:00:00,2.113,2.14,2.122,2.122,76414.672
1762099200,2025-11-02 16:00:00,2.102,2.139,2.122,2.139,74201.506
1762102800,2025-11-02 17:00:00,2.119,2.141,2.139,2.132,26702.875
1762106400,2025-11-02 18:00:00,2.121,2.133,2.132,2.123,20085.419
1762110000,2025-11-02 19:00:00,2.109,2.126,2.122,2.122,29061.958
1762113600,2025-11-02 20:00:00,2.112,2.13,2.122,2.129,65486.323
1762117200,2025-11-02 21:00:00,2.122,2.144,2.129,2.137,121636.1
1762120800,2025-11-02 22:00:00,2.133,2.152,2.137,2.142,85537.133
1762124400,2025-11-02 23:00:00,2.144,2.202,2.144,2.189,118830.47
1762128000,2025-11-03 00:00:00,2.163,2.204,2.189,2.166,75101.869
1762131600,2025-11-03 01:00:00,2.139,2.175,2.164,2.142,137115.068
1762135200,2025-11-03 02:00:00,2.102,2.144,2.142,2.114,84377.987
1762138800,2025-11-03 03:00:00,2.038,2.121,2.115,2.041,123029.324
1762142400,2025-11-03 04:00:00,2.021,2.052,2.041,2.052,152015.658
1762146000,2025-11-03 05:00:00,2.026,2.07,2.052,2.028,38712.439
1762149600,2025-11-03 06:00:00,2.003,2.036,2.027,2.034,195481.53
1762153200,2025-11-03 07:00:00,2.011,2.052,2.032,2.042,127809.48
1762156800,2025-11-03 08:00:00,2.01,2.048,2.042,2.033,72717.949
1762160400,2025-11-03 09:00:00,2.007,2.056,2.033,2.011,61686.44
1762164000,2025-11-03 10:00:00,1.972,2.02,2.011,1.986,98640.531
1762167600,2025-11-03 11:00:00,1.987,2.017,1.987,2.003,37911.561
1762171200,2025-11-03 12:00:00,2,2.032,2.003,2.004,107153.801
1762174800,2025-11-03 13:00:00,1.996,2.024,2.003,2.012,105145.883
1762178400,2025-11-03 14:00:00,2.001,2.033,2.013,2.018,102588.614
1762182000,2025-11-03 15:00:00,1.827,2.022,2.018,1.901,518182.703
1762185600,2025-11-03 16:00:00,1.89,1.955,1.902,1.94,113940.786
1762189200,2025-11-03 17:00:00,1.935,1.973,1.94,1.967,77889.397
1762192800,2025-11-03 18:00:00,1.929,1.967,1.967,1.932,56740.23
1762196400,2025-11-03 19:00:00,1.909,1.936,1.93,1.911,112755.804
1762200000,2025-11-03 20:00:00,1.882,1.917,1.911,1.892,184683.339
1762203600,2025-11-03 21:00:00,1.878,1.918,1.891,1.912,154245.932
1762207200,2025-11-03 22:00:00,1.882,1.913,1.911,1.898,48253.232
1762210800,2025-11-03 23:00:00,1.884,1.913,1.898,1.912,119686.021
1762214400,2025-11-04 00:00:00,1.891,1.935,1.912,1.924,93008.56
1762218000,2025-11-04 01:00:00,1.914,1.934,1.924,1.924,150223.305
1762221600,2025-11-04 02:00:00,1.916,1.929,1.923,1.919,103179.841
1762225200,2025-11-04 03:00:00,1.913,1.945,1.92,1.942,72524.134
1762228800,2025-11-04 04:00:00,1.922,1.95,1.942,1.923,146090.273
1762232400,2025-11-04 05:00:00,1.828,1.928,1.922,1.83,143494.115
1762236000,2025-11-04 06:00:00,1.83,1.901,1.831,1.864,126670.46
1762239600,2025-11-04 07:00:00,1.824,1.863,1.862,1.84,141907.49
1762243200,2025-11-04 08:00:00,1.832,1.883,1.839,1.87,167968.796
1762246800,2025-11-04 09:00:00,1.867,1.895,1.87,1.892,58655.862
1762250400,2025-11-04 10:00:00,1.885,1.902,1.892,1.901,102679.214
1762254000,2025-11-04 11:00:00,1.889,1.913,1.901,1.892,170377.401
1762257600,2025-11-04 12:00:00,1.873,1.897,1.893,1.881,109594.757
1762261200,2025-11-04 13:00:00,1.865,1.888,1.88,1.881,116802.565
1762264800,2025-11-04 14:00:00,1.865,1.934,1.88,1.925,94022.275
1762268400,2025-11-04 15:00:00,1.887,1.941,1.926,1.897,168460.62
1762272000,2025-11-04 16:00:00,1.853,1.911,1.897,1.857,238335.239
1762275600,2025-11-04 17:00:00,1.799,1.865,1.857,1.835,265395.508
1762279200,2025-11-04 18:00:00,1.766,1.835,1.833,1.825,210544.263
1762282800,2025-11-04 19:00:00,1.792,1.84,1.823,1.796,110152.919
1762286400,2025-11-04 20:00:00,1.719,1.819,1.796,1.796,315250.509
1762290000,2025-11-04 21:00:00,1.724,1.806,1.797,1.796,272306.006
1762293600,2025-11-04 22:00:00,1.785,1.852,1.796,1.844,129230.096
1762297200,2025-11-04 23:00:00,1.829,1.856,1.843,1.831,76277.886
1762300800,2025-11-05 00:00:00,1.797,1.838,1.831,1.805,87953.347
1762304400,2025-11-05 01:00:00,1.734,1.808,1.805,1.797,163011.591
1762308000,2025-11-05 02:00:00,1.798,1.856,1.798,1.851,148443.098
1762311600,2025-11-05 03:00:00,1.841,1.868,1.852,1.862,95901.149
1762315200,2025-11-05 04:00:00,1.848,1.869,1.862,1.856,60109.466
1762318800,2025-11-05 05:00:00,1.85,1.867,1.856,1.854,37027.424
1762322400,2025-11-05 06:00:00,1.841,1.864,1.854,1.864,56589.358
1762326000,2025-11-05 07:00:00,1.846,1.867,1.864,1.863,37715.228
1762329600,2025-11-05 08:00:00,1.83,1.874,1.863,1.845,107220.942
1762333200,2025-11-05 09:00:00,1.839,1.862,1.845,1.859,46613.212
1762336800,2025-11-05 10:00:00,1.838,1.862,1.859,1.838,50940.577
1762340400,2025-11-05 11:00:00,1.837,1.884,1.837,1.881,101749.726
1762344000,2025-11-05 12:00:00,1.868,1.891,1.88,1.884,69072.046
1762347600,2025-11-05 13:00:00,1.87,1.905,1.884,1.895,87561.017
1762351200,2025-11-05 14:00:00,1.871,1.905,1.895,1.891,81613.576
1762354800,2025-11-05 15:00:00,1.882,1.911,1.89,1.911,200851.159
1762358400,2025-11-05 16:00:00,1.89,1.932,1.911,1.93,123775.319
1762362000,2025-11-05 17:00:00,1.919,1.932,1.93,1.928,98515.014
1762365600,2025-11-05 18:00:00,1.926,1.954,1.928,1.942,123268.511
1762369200,2025-11-05 19:00:00,1.928,1.943,1.941,1.937,81262.152
1762372800,2025-11-05 20:00:00,1.932,1.949,1.937,1.945,95085.266
1762376400,2025-11-05 21:00:00,1.93,1.945,1.945,1.936,76764.908
1762380000,2025-11-05 22:00:00,1.928,1.945,1.936,1.945,147982.868
1762383600,2025-11-05 23:00:00,1.936,1.973,1.945,1.951,247205.387
1762387200,2025-11-06 00:00:00,1.935,1.954,1.951,1.945,118020.105
1762390800,2025-11-06 01:00:00,1.913,1.944,1.944,1.933,95950.071
1762394400,2025-11-06 02:00:00,1.912,1.949,1.933,1.937,54207.759
1762398000,2025-11-06 03:00:00,1.922,1.94,1.937,1.924,37228.424
1762401600,2025-11-06 04:00:00,1.92,1.943,1.924,1.937,63816.398
1762405200,2025-11-06 05:00:00,1.906,1.94,1.937,1.912,44678.328
1762408800,2025-11-06 06:00:00,1.899,1.921,1.912,1.902,119896.525
1762412400,2025-11-06 07:00:00,1.891,1.913,1.902,1.898,68916.334
1762416000,2025-11-06 08:00:00,1.892,1.905,1.897,1.901,56878.683
1762419600,2025-11-06 09:00:00,1.893,1.907,1.901,1.899,46446.574
1762423200,2025-11-06 10:00:00,1.889,1.913,1.899,1.901,60707.84
1762426800,2025-11-06 11:00:00,1.889,1.907,1.901,1.902,76071.49
1762430400,2025-11-06 12:00:00,1.897,1.922,1.902,1.909,254620.972
1762434000,2025-11-06 13:00:00,1.9,2.041,1.909,1.99,639005.141
1762437600,2025-11-06 14:00:00,1.967,2.029,1.99,1.979,757759.811
1762441200,2025-11-06 15:00:00,1.962,2.021,1.979,1.971,294124.291
1762444800,2025-11-06 16:00:00,1.908,1.977,1.971,1.94,307983.324
1762448400,2025-11-06 17:00:00,1.94,2.009,1.94,1.998,234778.171
1762452000,2025-11-06 18:00:00,1.982,2.081,1.998,2.048,546640.845
1762455600,2025-11-06 19:00:00,2.034,2.074,2.047,2.068,513409.238
1762459200,2025-11-06 20:00:00,2.038,2.098,2.068,2.054,425016.088
1762462800,2025-11-06 21:00:00,2.041,2.076,2.053,2.061,208501.914
1762466400,2025-11-06 22:00:00,2.057,2.099,2.061,2.091,587933.737
1762470000,2025-11-06 23:00:00,2.053,2.105,2.091,2.099,872114.134
1762473600,2025-11-07 00:00:00,2.091,2.156,2.099,2.155,1573652.983
1762477200,2025-11-07 01:00:00,2.08,2.17,2.155,2.107,623261.682
1762480800,2025-11-07 02:00:00,2.082,2.116,2.105,2.113,252284.661
1762484400,2025-11-07 03:00:00,2.103,2.156,2.113,2.155,309914.353
1762488000,2025-11-07 04:00:00,2.118,2.163,2.155,2.155,420361.343
1762491600,2025-11-07 05:00:00,2.149,2.276,2.154,2.254,859670.69
1762495200,2025-11-07 06:00:00,2.2,2.27,2.254,2.202,595161.788
1762498800,2025-11-07 07:00:00,2.201,2.257,2.201,2.245,437342.634
1762502400,2025-11-07 08:00:00,2.235,2.285,2.245,2.284,654138.255
1762506000,2025-11-07 09:00:00,2.225,2.313,2.284,2.312,801268.604
1762509600,2025-11-07 10:00:00,2.268,2.358,2.312,2.272,1114669.288
1762513200,2025-11-07 11:00:00,2.209,2.287,2.271,2.279,852144.28
1762516800,2025-11-07 12:00:00,2.248,2.307,2.279,2.295,743885.206
1762520400,2025-11-07 13:00:00,2.277,2.366,2.295,2.352,1667260.041
1762524000,2025-11-07 14:00:00,2.311,2.496,2.352,2.463,1782680.056
1762527600,2025-11-07 15:00:00,2.43,2.591,2.465,2.522,2098412.228
1762531200,2025-11-07 16:00:00,2.514,2.764,2.522,2.723,2958471.675
1762534800,2025-11-07 17:00:00,2.651,2.906,2.723,2.845,2591125.281
1762538400,2025-11-07 18:00:00,2.76,3.034,2.846,2.793,3190755.326
1762542000,2025-11-07 19:00:00,2.772,3.023,2.794,2.794,2605602.732
1762545600,2025-11-07 20:00:00,2.734,2.828,2.793,2.744,870646.074
1762549200,2025-11-07 21:00:00,2.743,2.843,2.746,2.843,964790.514
1762552800,2025-11-07 22:00:00,2.816,2.977,2.841,2.924,1070837.291
1762556400,2025-11-07 23:00:00,2.749,2.943,2.929,2.765,1421515.265
1762560000,2025-11-08 00:00:00,2.588,2.837,2.767,2.633,1659529.233
1762563600,2025-11-08 01:00:00,2.632,2.731,2.635,2.714,1163405.031
1762567200,2025-11-08 02:00:00,2.711,2.795,2.713,2.734,1073693.916
1762570800,2025-11-08 03:00:00,2.684,2.775,2.734,2.689,607255.187
1762574400,2025-11-08 04:00:00,2.689,2.761,2.689,2.717,376586.409
1762578000,2025-11-08 05:00:00,2.632,2.729,2.717,2.656,574755.553
1762581600,2025-11-08 06:00:00,2.605,2.67,2.655,2.639,434394.609
1762585200,2025-11-08 07:00:00,2.619,2.678,2.64,2.661,364283.137
1762588800,2025-11-08 08:00:00,2.621,2.823,2.661,2.804,1311403.365
1762592400,2025-11-08 09:00:00,2.731,2.855,2.803,2.779,1628393.108
1762596000,2025-11-08 10:00:00,2.767,2.952,2.78,2.934,1216996.148
1762599600,2025-11-08 11:00:00,2.917,3.189,2.934,3.007,1701888.443
1762603200,2025-11-08 12:00:00,2.945,3.045,3.009,3.015,719162.691
1762606800,2025-11-08 13:00:00,2.869,3.031,3.016,2.875,814214.756
1762610400,2025-11-08 14:00:00,2.83,2.913,2.877,2.838,633422.459
1762614000,2025-11-08 15:00:00,2.79,2.857,2.84,2.808,581736.831
1762617600,2025-11-08 16:00:00,2.712,2.827,2.809,2.758,752875.001
1762621200,2025-11-08 17:00:00,2.75,2.813,2.755,2.789,568263.157
1762624800,2025-11-08 18:00:00,2.783,2.911,2.788,2.89,1178446.61
1762628400,2025-11-08 19:00:00,2.808,2.933,2.889,2.846,701542.809
1762632000,2025-11-08 20:00:00,2.815,2.868,2.846,2.824,363080.942
1762635600,2025-11-08 21:00:00,2.817,2.866,2.823,2.859,359625.338
1762639200,2025-11-08 22:00:00,2.845,2.876,2.86,2.856,322619.455
1762642800,2025-11-08 23:00:00,2.842,2.965,2.855,2.935,402264.355
1762646400,2025-11-09 00:00:00,2.885,3.033,2.935,2.993,1709115.077
1762650000,2025-11-09 01:00:00,2.953,3.085,2.99,2.958,670152.305
1762653600,2025-11-09 02:00:00,2.847,3.026,2.96,2.873,1062784.663
1762657200,2025-11-09 03:00:00,2.8,3.1,2.871,2.819,1704649.934
1762660800,2025-11-09 04:00:00,2.742,2.873,2.82,2.773,1248062.412
1762664400,2025-11-09 05:00:00,2.735,2.804,2.774,2.772,451885.491
1762668000,2025-11-09 06:00:00,2.752,2.827,2.773,2.795,330342.001
1762671600,2025-11-09 07:00:00,2.748,2.812,2.796,2.781,277562.383
1762675200,2025-11-09 08:00:00,2.67,2.783,2.78,2.717,329273.519
1762678800,2025-11-09 09:00:00,2.711,2.799,2.718,2.74,304855.262
1762682400,2025-11-09 10:00:00,2.692,2.742,2.739,2.72,285563.263
1762686000,2025-11-09 11:00:00,2.716,2.783,2.72,2.728,289654.014
1762689600,2025-11-09 12:00:00,2.704,2.76,2.728,2.711,410187.2
1762693200,2025-11-09 13:00:00,2.692,2.76,2.711,2.741,494169.291
1762696800,2025-11-09 14:00:00,2.729,2.911,2.74,2.845,661557.731
1762700400,2025-11-09 15:00:00,2.833,2.971,2.846,2.889,911240.756
1762704000,2025-11-09 16:00:00,2.84,2.981,2.887,2.972,983958.911
1762707600,2025-11-09 17:00:00,2.881,3.002,2.971,2.946,1102678.889
1762711200,2025-11-09 18:00:00,2.874,2.954,2.944,2.944,446597.079
1762714800,2025-11-09 19:00:00,2.93,3.032,2.946,3.025,435229.936
1762718400,2025-11-09 20:00:00,2.919,3.028,3.024,2.94,339119.699
1762722000,2025-11-09 21:00:00,2.909,2.955,2.941,2.929,207793.975
1762725600,2025-11-09 22:00:00,2.883,2.945,2.928,2.93,332430.819
1762729200,2025-11-09 23:00:00,2.931,3.093,2.931,3.08,1037605.341
1762732800,2025-11-10 00:00:00,2.93,3.08,3.08,2.972,1190247.249
1762736400,2025-11-10 01:00:00,2.897,2.982,2.974,2.945,557214.024
1762740000,2025-11-10 02:00:00,2.91,3.01,2.946,2.931,320657.428
1762743600,2025-11-10 03:00:00,2.91,3.046,2.932,3.016,415209.541
1762747200,2025-11-10 04:00:00,2.903,3.019,3.015,2.942,311983.06
1762750800,2025-11-10 05:00:00,2.931,3.153,2.943,3.1,1302004.257
1762754400,2025-11-10 06:00:00,3.004,3.149,3.101,3.047,653832.787
1762758000,2025-11-10 07:00:00,2.973,3.094,3.047,2.979,565184.506
1762761600,2025-11-10 08:00:00,2.939,3.016,2.98,2.949,324200.591
1762765200,2025-11-10 09:00:00,2.949,3.067,2.952,3.059,244117.358
1762768800,2025-11-10 10:00:00,2.832,3.07,3.058,2.875,801715.487
1762772400,2025-11-10 11:00:00,2.871,2.91,2.876,2.883,364304.117
1762776000,2025-11-10 12:00:00,2.843,2.903,2.884,2.856,303605.453
1762779600,2025-11-10 13:00:00,2.854,2.895,2.856,2.856,249845.101
1762783200,2025-11-10 14:00:00,2.799,2.862,2.855,2.862,446881.205
1762786800,2025-11-10 15:00:00,2.818,2.898,2.861,2.843,370466.804
1762790400,2025-11-10 16:00:00,2.805,2.851,2.843,2.825,266976.061
1762794000,2025-11-10 17:00:00,2.821,2.879,2.825,2.877,202264.097
1762797600,2025-11-10 18:00:00,2.841,2.882,2.877,2.841,151409.03
1762801200,2025-11-10 19:00:00,2.835,2.879,2.84,2.85,166214.212
1762804800,2025-11-10 20:00:00,2.809,2.881,2.848,2.818,581014.04
1762808400,2025-11-10 21:00:00,2.747,2.815,2.815,2.765,941603.463
1762812000,2025-11-10 22:00:00,2.749,2.796,2.766,2.789,322173.168
1762815600,2025-11-10 23:00:00,2.771,2.813,2.79,2.786,256311.172
1762819200,2025-11-11 00:00:00,2.727,2.805,2.787,2.761,287308.452
1762822800,2025-11-11 01:00:00,2.737,2.816,2.761,2.745,417692.976
1762826400,2025-11-11 02:00:00,2.73,2.808,2.746,2.797,318783.408
1762830000,2025-11-11 03:00:00,2.78,2.825,2.798,2.813,229846.879
1762833600,2025-11-11 04:00:00,2.773,2.833,2.813,2.779,188965.161
1762837200,2025-11-11 05:00:00,2.732,2.78,2.78,2.759,285559.63
1762840800,2025-11-11 06:00:00,2.711,2.788,2.76,2.72,104980.232
1762844400,2025-11-11 07:00:00,2.638,2.723,2.72,2.66,429241.326
1762848000,2025-11-11 08:00:00,2.66,2.691,2.66,2.677,112344.515
1762851600,2025-11-11 09:00:00,2.65,2.695,2.676,2.664,162179.491
1762855200,2025-11-11 10:00:00,2.635,2.677,2.663,2.638,206425.887
1762858800,2025-11-11 11:00:00,2.631,2.676,2.638,2.666,205153
1762862400,2025-11-11 12:00:00,2.635,2.679,2.665,2.664,196971.769
1762866000,2025-11-11 13:00:00,2.643,2.71,2.665,2.648,279279.908
1762869600,2025-11-11 14:00:00,2.638,2.724,2.648,2.723,152640.318
1762873200,2025-11-11 15:00:00,2.684,2.727,2.722,2.708,168264.92
1762876800,2025-11-11 16:00:00,2.687,2.722,2.708,2.705,267032.389
1762880400,2025-11-11 17:00:00,2.645,2.709,2.704,2.663,230969.864
1762884000,2025-11-11 18:00:00,2.642,2.667,2.662,2.644,59743.553
1762887600,2025-11-11 19:00:00,2.605,2.653,2.642,2.619,568039.215
1762891200,2025-11-11 20:00:00,2.578,2.627,2.619,2.594,237179.186
1762894800,2025-11-11 21:00:00,2.581,2.618,2.595,2.59,86284.88
1762898400,2025-11-11 22:00:00,2.559,2.593,2.588,2.588,168694.734
1762902000,2025-11-11 23:00:00,2.528,2.59,2.589,2.546,127528.053
1762905600,2025-11-12 00:00:00,2.539,2.576,2.546,2.546,184245.812
1762909200,2025-11-12 01:00:00,2.546,2.594,2.546,2.575,124009.474
1762912800,2025-11-12 02:00:00,2.548,2.583,2.574,2.577,242946.644
1762916400,2025-11-12 03:00:00,2.568,2.583,2.576,2.576,122601.392
1762920000,2025-11-12 04:00:00,2.561,2.578,2.576,2.573,54915.238
1762923600,2025-11-12 05:00:00,2.563,2.585,2.574,2.573,94530.029
1762927200,2025-11-12 06:00:00,2.566,2.605,2.572,2.589,87631.101
1762930800,2025-11-12 07:00:00,2.557,2.599,2.588,2.565,96246.994
1762934400,2025-11-12 08:00:00,2.563,2.635,2.567,2.624,123926.863
1762938000,2025-11-12 09:00:00,2.62,2.652,2.623,2.642,76921.08
1762941600,2025-11-12 10:00:00,2.634,2.664,2.643,2.645,145970.691
1762945200,2025-11-12 11:00:00,2.639,2.663,2.645,2.639,127410.053
1762948800,2025-11-12 12:00:00,2.618,2.659,2.64,2.628,164923.936
1762952400,2025-11-12 13:00:00,2.598,2.635,2.629,2.616,64584.174
1762956000,2025-11-12 14:00:00,2.563,2.623,2.616,2.589,93087.621
1762959600,2025-11-12 15:00:00,2.509,2.594,2.59,2.527,337220.889
1762963200,2025-11-12 16:00:00,2.478,2.538,2.527,2.504,360444.587
1762966800,2025-11-12 17:00:00,2.479,2.528,2.505,2.512,189135.361
1762970400,2025-11-12 18:00:00,2.497,2.523,2.513,2.497,67477.711
1762974000,2025-11-12 19:00:00,2.481,2.513,2.497,2.504,124073.096
1762977600,2025-11-12 20:00:00,2.498,2.57,2.503,2.561,106186.706
1762981200,2025-11-12 21:00:00,2.548,2.574,2.562,2.554,47986.033
1762984800,2025-11-12 22:00:00,2.546,2.564,2.552,2.552,78385.433
1762988400,2025-11-12 23:00:00,2.52,2.551,2.551,2.532,112742.033
1762992000,2025-11-13 00:00:00,2.514,2.542,2.531,2.527,97342.085
1762995600,2025-11-13 01:00:00,2.498,2.555,2.525,2.532,251248.972
1762999200,2025-11-13 02:00:00,2.522,2.55,2.532,2.529,126058.238
1763002800,2025-11-13 03:00:00,2.496,2.582,2.529,2.554,112781.954
1763006400,2025-11-13 04:00:00,2.538,2.58,2.554,2.573,71311.184
1763010000,2025-11-13 05:00:00,2.553,2.603,2.574,2.593,116767.658
1763013600,2025-11-13 06:00:00,2.566,2.597,2.594,2.566,50401.099
1763017200,2025-11-13 07:00:00,2.555,2.59,2.567,2.559,51709.524
1763020800,2025-11-13 08:00:00,2.553,2.592,2.56,2.579,46885.522
1763024400,2025-11-13 09:00:00,2.551,2.582,2.58,2.559,39122.006
1763028000,2025-11-13 10:00:00,2.536,2.579,2.559,2.542,44428.973
1763031600,2025-11-13 11:00:00,2.536,2.55,2.541,2.538,46215.625
1763035200,2025-11-13 12:00:00,2.535,2.576,2.538,2.576,59880.096
1763038800,2025-11-13 13:00:00,2.553,2.587,2.576,2.565,127020.473
1763042400,2025-11-13 14:00:00,2.525,2.601,2.565,2.581,78957.099
1763046000,2025-11-13 15:00:00,2.497,2.584,2.58,2.518,172292.622
1763049600,2025-11-13 16:00:00,2.46,2.525,2.518,2.466,227757.128
1763053200,2025-11-13 17:00:00,2.416,2.48,2.466,2.43,195953.08
1763056800,2025-11-13 18:00:00,2.394,2.44,2.429,2.411,117080.087
1763060400,2025-11-13 19:00:00,2.398,2.456,2.411,2.407,179903.99
1763064000,2025-11-13 20:00:00,2.391,2.426,2.406,2.405,78803.089
1763067600,2025-11-13 21:00:00,2.391,2.415,2.406,2.405,72882.194
1763071200,2025-11-13 22:00:00,2.401,2.464,2.405,2.455,191831.306
1763074800,2025-11-13 23:00:00,2.44,2.467,2.454,2.447,46809.525
1763078400,2025-11-14 00:00:00,2.416,2.448,2.446,2.42,88378.923
1763082000,2025-11-14 01:00:00,2.41,2.442,2.419,2.413,118882.512
1763085600,2025-11-14 02:00:00,2.395,2.426,2.413,2.405,80523.292
1763089200,2025-11-14 03:00:00,2.373,2.409,2.405,2.386,113926.505
1763092800,2025-11-14 04:00:00,2.306,2.391,2.386,2.353,134965.219
1763096400,2025-11-14 05:00:00,2.353,2.419,2.353,2.41,104599.639
1763100000,2025-11-14 06:00:00,2.363,2.43,2.41,2.43,253413.707
1763103600,2025-11-14 07:00:00,2.39,2.434,2.429,2.394,165670.513
1763107200,2025-11-14 08:00:00,2.365,2.398,2.395,2.375,185076.48
1763110800,2025-11-14 09:00:00,2.354,2.389,2.374,2.361,150693.608
1763114400,2025-11-14 10:00:00,2.361,2.395,2.361,2.38,150056.52
1763118000,2025-11-14 11:00:00,2.354,2.383,2.38,2.37,192828.317
1763121600,2025-11-14 12:00:00,2.329,2.397,2.37,2.391,221595.326
1763125200,2025-11-14 13:00:00,2.39,2.427,2.392,2.412,199746.574
1763128800,2025-11-14 14:00:00,2.366,2.439,2.413,2.434,206897.724
1763132400,2025-11-14 15:00:00,2.407,2.46,2.431,2.44,201965.376
1763136000,2025-11-14 16:00:00,2.408,2.447,2.441,2.431,132078.166
1763139600,2025-11-14 17:00:00,2.39,2.431,2.431,2.398,132755.41
1763143200,2025-11-14 18:00:00,2.391,2.432,2.398,2.416,230380.204
1763146800,2025-11-14 19:00:00,2.409,2.449,2.415,2.434,157271.554
1763150400,2025-11-14 20:00:00,2.356,2.437,2.437,2.369,245255.25
1763154000,2025-11-14 21:00:00,2.36,2.398,2.37,2.377,157979.242
1763157600,2025-11-14 22:00:00,2.359,2.393,2.378,2.368,118041.401
1763161200,2025-11-14 23:00:00,2.315,2.37,2.369,2.351,366816.473
1763164800,2025-11-15 00:00:00,2.348,2.384,2.351,2.382,181990.769
1763168400,2025-11-15 01:00:00,2.37,2.411,2.38,2.401,70265.752
1763172000,2025-11-15 02:00:00,2.397,2.446,2.4,2.446,103044.936
1763175600,2025-11-15 03:00:00,2.438,2.494,2.447,2.478,354091.666
1763179200,2025-11-15 04:00:00,2.471,2.619,2.479,2.552,1105029.289
1763182800,2025-11-15 05:00:00,2.502,2.586,2.55,2.579,369392.085
1763186400,2025-11-15 06:00:00,2.559,2.622,2.58,2.581,513494.666
1763190000,2025-11-15 07:00:00,2.524,2.585,2.582,2.531,415830.749
1763193600,2025-11-15 08:00:00,2.464,2.539,2.532,2.473,197013.724
1763197200,2025-11-15 09:00:00,2.458,2.49,2.474,2.473,51558.128
1763200800,2025-11-15 10:00:00,2.446,2.486,2.471,2.483,105505.782
1763204400,2025-11-15 11:00:00,2.472,2.506,2.483,2.485,117878.476
1763208000,2025-11-15 12:00:00,2.478,2.552,2.484,2.543,168310.555
1763211600,2025-11-15 13:00:00,2.502,2.553,2.543,2.512,155649.753
1763215200,2025-11-15 14:00:00,2.475,2.512,2.512,2.498,274506.222
1763218800,2025-11-15 15:00:00,2.478,2.524,2.496,2.478,263103.035
1763222400,2025-11-15 16:00:00,2.447,2.485,2.478,2.469,130285.181
1763226000,2025-11-15 17:00:00,2.448,2.474,2.47,2.473,97155.07
1763229600,2025-11-15 18:00:00,2.449,2.476,2.474,2.457,106631.758
1763233200,2025-11-15 19:00:00,2.451,2.467,2.455,2.453,73417.958
1763236800,2025-11-15 20:00:00,2.422,2.457,2.454,2.429,103804.985
1763240400,2025-11-15 21:00:00,2.39,2.439,2.428,2.39,309738.513
1763244000,2025-11-15 22:00:00,2.391,2.416,2.392,2.414,33120.58
1763247600,2025-11-15 23:00:00,2.405,2.42,2.413,2.405,42949.928
1763251200,2025-11-16 00:00:00,2.363,2.412,2.404,2.382,130667.342
1763254800,2025-11-16 01:00:00,2.362,2.399,2.381,2.393,61015.249
1763258400,2025-11-16 02:00:00,2.384,2.442,2.391,2.434,110295.186
1763262000,2025-11-16 03:00:00,2.42,2.44,2.433,2.439,53985.398
1763265600,2025-11-16 04:00:00,2.416,2.444,2.44,2.423,34214.07
1763269200,2025-11-16 05:00:00,2.424,2.506,2.424,2.467,310585.437
1763272800,2025-11-16 06:00:00,2.465,2.495,2.467,2.47,85345.382
1763276400,2025-11-16 07:00:00,2.454,2.486,2.469,2.472,93613.583
1763280000,2025-11-16 08:00:00,2.448,2.472,2.472,2.46,50503.27
1763283600,2025-11-16 09:00:00,2.447,2.513,2.46,2.513,524854.749
1763287200,2025-11-16 10:00:00,2.503,2.56,2.513,2.539,454371.947
1763290800,2025-11-16 11:00:00,2.463,2.548,2.538,2.481,178768.657
1763294400,2025-11-16 12:00:00,2.465,2.512,2.478,2.501,131040.72
1763298000,2025-11-16 13:00:00,2.41,2.506,2.502,2.418,316997.381
1763301600,2025-11-16 14:00:00,2.403,2.435,2.417,2.409,196103.478
1763305200,2025-11-16 15:00:00,2.335,2.411,2.41,2.338,270457.798
1763308800,2025-11-16 16:00:00,2.287,2.359,2.339,2.295,219774.967
1763312400,2025-11-16 17:00:00,2.265,2.305,2.294,2.299,153923.577
1763316000,2025-11-16 18:00:00,2.286,2.352,2.298,2.295,75464.799
1763319600,2025-11-16 19:00:00,2.272,2.324,2.294,2.272,86683.675
1763323200,2025-11-16 20:00:00,2.251,2.289,2.272,2.252,214950.833
1763326800,2025-11-16 21:00:00,2.228,2.266,2.253,2.257,130573.468
1763330400,2025-11-16 22:00:00,2.242,2.294,2.258,2.278,129301.845
1763334000,2025-11-16 23:00:00,2.242,2.315,2.277,2.288,165212.58
1763337600,2025-11-17 00:00:00,2.248,2.335,2.287,2.311,205079.606
1763341200,2025-11-17 01:00:00,2.303,2.336,2.312,2.319,177706.998
1763344800,2025-11-17 02:00:00,2.318,2.351,2.319,2.328,93996.844
1763348400,2025-11-17 03:00:00,2.304,2.347,2.327,2.313,181931.921
1763352000,2025-11-17 04:00:00,2.307,2.333,2.315,2.316,78587.215
1763355600,2025-11-17 05:00:00,2.309,2.329,2.317,2.321,49462.715
1763359200,2025-11-17 06:00:00,2.294,2.322,2.32,2.313,167605.729
1763362800,2025-11-17 07:00:00,2.312,2.333,2.314,2.316,128791.499
1763366400,2025-11-17 08:00:00,2.291,2.321,2.316,2.3,61680.256
1763370000,2025-11-17 09:00:00,2.294,2.313,2.3,2.303,28737.088
1763373600,2025-11-17 10:00:00,2.292,2.331,2.303,2.319,60536.047
1763377200,2025-11-17 11:00:00,2.306,2.335,2.318,2.307,59041.383
1763380800,2025-11-17 12:00:00,2.288,2.312,2.308,2.292,104182.252
1763384400,2025-11-17 13:00:00,2.219,2.3,2.293,2.232,219539.012
1763388000,2025-11-17 14:00:00,2.223,2.334,2.231,2.291,209610.657
1763391600,2025-11-17 15:00:00,2.261,2.314,2.293,2.27,270935.822
1763395200,2025-11-17 16:00:00,2.226,2.311,2.268,2.31,455853.988
1763398800,2025-11-17 17:00:00,2.246,2.33,2.311,2.254,153297.733
1763402400,2025-11-17 18:00:00,2.205,2.261,2.254,2.232,296952.405
1763406000,2025-11-17 19:00:00,2.172,2.238,2.231,2.194,441034.192
1763409600,2025-11-17 20:00:00,2.18,2.214,2.193,2.204,207133.407
1763413200,2025-11-17 21:00:00,2.171,2.224,2.205,2.195,124164.647
1763416800,2025-11-17 22:00:00,2.19,2.23,2.196,2.214,111982.445
1763420400,2025-11-17 23:00:00,2.205,2.268,2.213,2.268,239341.808
1763424000,2025-11-18 00:00:00,2.231,2.283,2.268,2.271,873201.81
1763427600,2025-11-18 01:00:00,2.256,2.278,2.27,2.269,134468.27
1763431200,2025-11-18 02:00:00,2.253,2.326,2.269,2.271,218634.289
1763434800,2025-11-18 03:00:00,2.258,2.323,2.27,2.305,203936.346
1763438400,2025-11-18 04:00:00,2.263,2.307,2.304,2.282,182982.31
1763442000,2025-11-18 05:00:00,2.261,2.305,2.281,2.265,84793.115
1763445600,2025-11-18 06:00:00,2.227,2.284,2.266,2.235,99943.434
1763449200,2025-11-18 07:00:00,2.227,2.271,2.235,2.255,151402.397
1763452800,2025-11-18 08:00:00,2.239,2.27,2.255,2.253,96364.137
1763456400,2025-11-18 09:00:00,2.228,2.257,2.253,2.243,59916.573
1763460000,2025-11-18 10:00:00,2.236,2.333,2.244,2.263,1278117.697
1763463600,2025-11-18 11:00:00,2.214,2.266,2.263,2.219,154226.738
1763467200,2025-11-18 12:00:00,2.21,2.244,2.22,2.24,79357.772
1763470800,2025-11-18 13:00:00,2.222,2.246,2.24,2.238,115541.653
1763474400,2025-11-18 14:00:00,2.21,2.269,2.238,2.21,246576.656
1763478000,2025-11-18 15:00:00,2.199,2.291,2.209,2.261,274430.168
1763481600,2025-11-18 16:00:00,2.251,2.328,2.259,2.323,392763.89
1763485200,2025-11-18 17:00:00,2.289,2.328,2.323,2.304,124074.211
1763488800,2025-11-18 18:00:00,2.305,2.352,2.305,2.329,103486.855
1763492400,2025-11-18 19:00:00,2.301,2.349,2.328,2.303,160823.923
1763496000,2025-11-18 20:00:00,2.293,2.309,2.304,2.293,73028.962
1763499600,2025-11-18 21:00:00,2.269,2.311,2.293,2.271,69548.86
1763503200,2025-11-18 22:00:00,2.27,2.305,2.271,2.292,63289.34
1763506800,2025-11-18 23:00:00,2.265,2.29,2.29,2.275,84410.898
1763510400,2025-11-19 00:00:00,2.25,2.292,2.274,2.284,43036.545
1763514000,2025-11-19 01:00:00,2.271,2.302,2.283,2.285,65380.507
1763517600,2025-11-19 02:00:00,2.281,2.307,2.285,2.292,64497.274
1763521200,2025-11-19 03:00:00,2.255,2.291,2.291,2.256,48474.498
1763524800,2025-11-19 04:00:00,2.253,2.267,2.255,2.254,49140.657
1763528400,2025-11-19 05:00:00,2.189,2.258,2.253,2.201,138146.538
1763532000,2025-11-19 06:00:00,2.189,2.223,2.2,2.223,135334.591
1763535600,2025-11-19 07:00:00,2.217,2.245,2.221,2.24,50209.053
1763539200,2025-11-19 08:00:00,2.227,2.257,2.241,2.237,158437.813
1763542800,2025-11-19 09:00:00,2.223,2.283,2.237,2.283,234161.945
1763546400,2025-11-19 10:00:00,2.273,2.308,2.282,2.289,160460.747
1763550000,2025-11-19 11:00:00,2.28,2.303,2.288,2.297,67689.36
1763553600,2025-11-19 12:00:00,2.285,2.309,2.297,2.291,209513.95
1763557200,2025-11-19 13:00:00,2.264,2.298,2.291,2.264,111181.728
1763560800,2025-11-19 14:00:00,2.221,2.275,2.263,2.274,227856.507
1763564400,2025-11-19 15:00:00,2.217,2.314,2.272,2.229,436461.107
1763568000,2025-11-19 16:00:00,2.191,2.244,2.228,2.201,319369.196
1763571600,2025-11-19 17:00:00,2.187,2.25,2.2,2.239,199738.446
1763575200,2025-11-19 18:00:00,2.146,2.24,2.24,2.203,487503.155
1763578800,2025-11-19 19:00:00,2.18,2.22,2.204,2.197,291123.315
1763582400,2025-11-19 20:00:00,2.175,2.227,2.195,2.209,206404.192
1763586000,2025-11-19 21:00:00,2.207,2.316,2.21,2.308,599530.209
1763589600,2025-11-19 22:00:00,2.286,2.34,2.308,2.33,208141.276
1763593200,2025-11-19 23:00:00,2.327,2.403,2.33,2.373,446572.142
1763596800,2025-11-20 00:00:00,2.338,2.392,2.375,2.339,356095.451
1763600400,2025-11-20 01:00:00,2.337,2.373,2.34,2.368,242460.35
1763604000,2025-11-20 02:00:00,2.355,2.409,2.369,2.404,263144.828
1763607600,2025-11-20 03:00:00,2.358,2.412,2.404,2.36,206075.887
1763611200,2025-11-20 04:00:00,2.356,2.389,2.36,2.388,337618.726
1763614800,2025-11-20 05:00:00,2.361,2.397,2.387,2.376,135017.33
1763618400,2025-11-20 06:00:00,2.356,2.38,2.376,2.359,131585.71
1763622000,2025-11-20 07:00:00,2.347,2.395,2.359,2.394,113757.031
1763625600,2025-11-20 08:00:00,2.357,2.393,2.393,2.383,123220.318
1763629200,2025-11-20 09:00:00,2.349,2.384,2.383,2.366,76966.657
1763632800,2025-11-20 10:00:00,2.342,2.367,2.367,2.346,45251.901
1763636400,2025-11-20 11:00:00,2.331,2.354,2.345,2.351,43628.456
1763640000,2025-11-20 12:00:00,2.328,2.368,2.35,2.357,72130.796
1763643600,2025-11-20 13:00:00,2.315,2.371,2.357,2.316,146333.421
1763647200,2025-11-20 14:00:00,2.293,2.336,2.315,2.311,178059.635
1763650800,2025-11-20 15:00:00,2.253,2.311,2.309,2.256,238414.233
1763654400,2025-11-20 16:00:00,2.134,2.258,2.256,2.149,589405.46
1763658000,2025-11-20 17:00:00,2.129,2.169,2.149,2.137,323152.633
1763661600,2025-11-20 18:00:00,2.102,2.16,2.136,2.114,275461.647
1763665200,2025-11-20 19:00:00,2.095,2.128,2.113,2.116,237586.189
1763668800,2025-11-20 20:00:00,2.088,2.117,2.116,2.095,107569.487
1763672400,2025-11-20 21:00:00,2.095,2.138,2.096,2.126,111325.154
1763676000,2025-11-20 22:00:00,2.123,2.161,2.125,2.15,103003.605
1763679600,2025-11-20 23:00:00,2.063,2.151,2.15,2.071,253669.366
1763683200,2025-11-21 00:00:00,2.05,2.085,2.071,2.064,134730.635
1763686800,2025-11-21 01:00:00,2.059,2.088,2.065,2.072,184085.407
1763690400,2025-11-21 02:00:00,2.036,2.074,2.072,2.041,156160.335
1763694000,2025-11-21 03:00:00,2.032,2.077,2.041,2.05,116642.9
1763697600,2025-11-21 04:00:00,2.013,2.054,2.05,2.045,232819.867
1763701200,2025-11-21 05:00:00,2.01,2.046,2.043,2.035,164377.183
1763704800,2025-11-21 06:00:00,2.012,2.038,2.035,2.014,81471.657
1763708400,2025-11-21 07:00:00,1.834,2.029,2.014,1.95,635461.333
1763712000,2025-11-21 08:00:00,1.941,1.988,1.949,1.965,228063.978
1763715600,2025-11-21 09:00:00,1.933,1.982,1.966,1.934,117393.88
1763719200,2025-11-21 10:00:00,1.917,1.953,1.935,1.92,170566.434
1763722800,2025-11-21 11:00:00,1.891,1.942,1.92,1.897,124338.328
1763726400,2025-11-21 12:00:00,1.86,1.938,1.897,1.925,187685.817
1763730000,2025-11-21 13:00:00,1.921,1.961,1.925,1.926,433185.62
1763733600,2025-11-21 14:00:00,1.906,1.942,1.927,1.917,883918.451
1763737200,2025-11-21 15:00:00,1.877,1.924,1.918,1.889,227203.904
1763740800,2025-11-21 16:00:00,1.856,1.918,1.889,1.917,313745.244
1763744400,2025-11-21 17:00:00,1.896,1.93,1.918,1.899,268476.715
1763748000,2025-11-21 18:00:00,1.85,1.903,1.9,1.889,215136.322
1763751600,2025-11-21 19:00:00,1.863,1.895,1.889,1.868,126767.021
1763755200,2025-11-21 20:00:00,1.829,1.871,1.867,1.843,343493.734
1763758800,2025-11-21 21:00:00,1.838,1.888,1.844,1.88,180095.753
1763762400,2025-11-21 22:00:00,1.825,1.886,1.88,1.828,207083.001
1763766000,2025-11-21 23:00:00,1.819,1.873,1.828,1.864,150482.355
1763769600,2025-11-22 00:00:00,1.84,1.873,1.865,1.862,145164.172
1763773200,2025-11-22 01:00:00,1.861,1.898,1.863,1.884,177146.166
1763776800,2025-11-22 02:00:00,1.868,1.892,1.884,1.881,121537.355
1763780400,2025-11-22 03:00:00,1.876,1.901,1.881,1.88,92226.11
1763784000,2025-11-22 04:00:00,1.839,1.88,1.879,1.873,84554.914
1763787600,2025-11-22 05:00:00,1.838,1.874,1.873,1.851,60341.935
1763791200,2025-11-22 06:00:00,1.829,1.866,1.85,1.855,66811.149
1763794800,2025-11-22 07:00:00,1.838,1.858,1.855,1.846,43545.371
1763798400,2025-11-22 08:00:00,1.81,1.848,1.846,1.812,126915.613
1763802000,2025-11-22 09:00:00,1.813,1.849,1.813,1.845,118005.978
1763805600,2025-11-22 10:00:00,1.82,1.854,1.845,1.831,51338.805
1763809200,2025-11-22 11:00:00,1.825,1.856,1.832,1.839,70240.132
1763812800,2025-11-22 12:00:00,1.815,1.839,1.839,1.817,102207.806
1763816400,2025-11-22 13:00:00,1.801,1.826,1.816,1.819,90193.461
1763820000,2025-11-22 14:00:00,1.815,1.846,1.819,1.821,122991.718
1763823600,2025-11-22 15:00:00,1.797,1.823,1.821,1.815,91374.649
1763827200,2025-11-22 16:00:00,1.815,1.832,1.815,1.827,58959.153
1763830800,2025-11-22 17:00:00,1.804,1.828,1.828,1.808,123255.191
1763834400,2025-11-22 18:00:00,1.8,1.817,1.807,1.815,42901.108
1763838000,2025-11-22 19:00:00,1.802,1.822,1.814,1.81,28647.913
1763841600,2025-11-22 20:00:00,1.799,1.822,1.81,1.806,86879.022
1763845200,2025-11-22 21:00:00,1.807,1.822,1.807,1.818,80277.027
1763848800,2025-11-22 22:00:00,1.809,1.867,1.819,1.86,156379.485
1763852400,2025-11-22 23:00:00,1.832,1.861,1.859,1.839,78422.746
1763856000,2025-11-23 00:00:00,1.841,1.861,1.841,1.847,94654.366
1763859600,2025-11-23 01:00:00,1.844,1.886,1.848,1.881,138267.03
1763863200,2025-11-23 02:00:00,1.873,1.909,1.879,1.904,162298.494
1763866800,2025-11-23 03:00:00,1.881,1.906,1.903,1.9,109670.407
1763870400,2025-11-23 04:00:00,1.883,1.914,1.901,1.885,77699.998
1763874000,2025-11-23 05:00:00,1.876,1.887,1.884,1.881,54509.105
1763877600,2025-11-23 06:00:00,1.867,1.891,1.88,1.87,41275.488
1763881200,2025-11-23 07:00:00,1.85,1.871,1.869,1.858,48281.286
1763884800,2025-11-23 08:00:00,1.857,1.873,1.858,1.871,28551.837
1763888400,2025-11-23 09:00:00,1.864,1.882,1.872,1.865,98738.764
1763892000,2025-11-23 10:00:00,1.848,1.865,1.865,1.854,84648.015
1763895600,2025-11-23 11:00:00,1.831,1.855,1.853,1.847,133441.53
1763899200,2025-11-23 12:00:00,1.845,1.878,1.847,1.857,38170.174
1763902800,2025-11-23 13:00:00,1.844,1.865,1.857,1.86,87310.126
1763906400,2025-11-23 14:00:00,1.839,1.873,1.859,1.843,262949.021
1763910000,2025-11-23 15:00:00,1.841,1.869,1.844,1.86,37642.212
1763913600,2025-11-23 16:00:00,1.839,1.87,1.861,1.839,36203.553
1763917200,2025-11-23 17:00:00,1.815,1.842,1.84,1.819,66474.907
1763920800,2025-11-23 18:00:00,1.819,1.846,1.819,1.835,67946.786
1763924400,2025-11-23 19:00:00,1.833,1.857,1.835,1.85,45219.727
1763928000,2025-11-23 20:00:00,1.848,1.866,1.85,1.855,34655.979
1763931600,2025-11-23 21:00:00,1.843,1.863,1.856,1.859,158114.673
1763935200,2025-11-23 22:00:00,1.843,1.86,1.86,1.852,27889.766
1763938800,2025-11-23 23:00:00,1.818,1.855,1.854,1.82,58901.257
1763942400,2025-11-24 00:00:00,1.797,1.84,1.82,1.823,61342.884
1763946000,2025-11-24 01:00:00,1.818,1.835,1.822,1.828,409673.742
1763949600,2025-11-24 02:00:00,1.828,1.884,1.828,1.866,557942.709
1763953200,2025-11-24 03:00:00,1.858,1.886,1.865,1.873,60793.18
1763956800,2025-11-24 04:00:00,1.834,1.876,1.873,1.846,57566.088
1763960400,2025-11-24 05:00:00,1.844,1.891,1.844,1.872,65189.773
1763964000,2025-11-24 06:00:00,1.844,1.873,1.873,1.854,55198.48
1763967600,2025-11-24 07:00:00,1.847,1.862,1.853,1.847,36285.535
1763971200,2025-11-24 08:00:00,1.841,1.859,1.849,1.855,42056.231
1763974800,2025-11-24 09:00:00,1.824,1.854,1.853,1.83,81185.37
1763978400,2025-11-24 10:00:00,1.829,1.844,1.829,1.843,48609.079
1763982000,2025-11-24 11:00:00,1.835,1.869,1.844,1.865,57197.904
1763985600,2025-11-24 12:00:00,1.845,1.868,1.864,1.85,52066.783
1763989200,2025-11-24 13:00:00,1.85,1.947,1.85,1.909,335945.669
1763992800,2025-11-24 14:00:00,1.87,1.942,1.908,1.902,289904.949
1763996400,2025-11-24 15:00:00,1.878,1.94,1.902,1.927,191360.154
1764000000,2025-11-24 16:00:00,1.916,1.939,1.926,1.939,191790.253
1764003600,2025-11-24 17:00:00,1.922,1.978,1.939,1.972,350557.529
1764007200,2025-11-24 18:00:00,1.95,1.987,1.972,1.954,193081.447
1764010800,2025-11-24 19:00:00,1.947,1.968,1.956,1.952,130277.655
1764014400,2025-11-24 20:00:00,1.943,1.968,1.952,1.963,177465.388
1764018000,2025-11-24 21:00:00,1.922,1.963,1.962,1.932,149536.038
1764021600,2025-11-24 22:00:00,1.932,1.945,1.932,1.942,81318.664
1764025200,2025-11-24 23:00:00,1.904,1.941,1.941,1.906,60340.591
1764028800,2025-11-25 00:00:00,1.899,1.947,1.905,1.928,211554.212
1764032400,2025-11-25 01:00:00,1.915,1.933,1.926,1.915,67169.291
1764036000,2025-11-25 02:00:00,1.903,1.923,1.916,1.92,63899.338
1764039600,2025-11-25 03:00:00,1.907,1.924,1.919,1.909,35954.511
1764043200,2025-11-25 04:00:00,1.886,1.915,1.908,1.899,80774.175
1764046800,2025-11-25 05:00:00,1.889,1.903,1.898,1.895,77102.304
1764050400,2025-11-25 06:00:00,1.868,1.896,1.896,1.871,71216.462
1764054000,2025-11-25 07:00:00,1.846,1.877,1.871,1.853,89124.276
1764057600,2025-11-25 08:00:00,1.845,1.866,1.854,1.848,72856.006
1764061200,2025-11-25 09:00:00,1.839,1.866,1.849,1.862,148375.929
1764064800,2025-11-25 10:00:00,1.854,1.862,1.861,1.86,55341.286
1764068400,2025-11-25 11:00:00,1.848,1.861,1.859,1.856,50110.158
1764072000,2025-11-25 12:00:00,1.852,1.876,1.855,1.869,46716.329
1764075600,2025-11-25 13:00:00,1.849,1.882,1.868,1.854,111583.876
1764079200,2025-11-25 14:00:00,1.815,1.861,1.853,1.837,150623.934
1764082800,2025-11-25 15:00:00,1.82,1.851,1.837,1.841,82645.702
1764086400,2025-11-25 16:00:00,1.838,1.877,1.841,1.872,123806.006
1764090000,2025-11-25 17:00:00,1.856,1.936,1.873,1.903,430074.677
1764093600,2025-11-25 18:00:00,1.897,1.923,1.903,1.899,137643.863
1764097200,2025-11-25 19:00:00,1.863,1.903,1.899,1.894,80298.701
1764100800,2025-11-25 20:00:00,1.886,1.906,1.894,1.899,83336.278
1764104400,2025-11-25 21:00:00,1.89,1.908,1.899,1.89,77833.238
1764108000,2025-11-25 22:00:00,1.87,1.927,1.889,1.918,84129.993
1764111600,2025-11-25 23:00:00,1.908,1.934,1.919,1.911,293761.334
1764115200,2025-11-26 00:00:00,1.901,1.916,1.912,1.913,112676.309
1764118800,2025-11-26 01:00:00,1.9,1.927,1.913,1.914,65858.913
1764122400,2025-11-26 02:00:00,1.894,1.918,1.913,1.894,31532.17
1764126000,2025-11-26 03:00:00,1.88,1.907,1.894,1.883,69795.52
1764129600,2025-11-26 04:00:00,1.872,1.887,1.883,1.873,130279.398
1764133200,2025-11-26 05:00:00,1.872,1.896,1.874,1.891,77074.927
1764136800,2025-11-26 06:00:00,1.874,1.893,1.89,1.889,76438.661
1764140400,2025-11-26 07:00:00,1.882,1.892,1.889,1.889,30921.29
1764144000,2025-11-26 08:00:00,1.863,1.888,1.888,1.864,52507.427
1764147600,2025-11-26 09:00:00,1.858,1.872,1.865,1.863,103849.844
1764151200,2025-11-26 10:00:00,1.852,1.873,1.864,1.858,26133.791
1764154800,2025-11-26 11:00:00,1.845,1.863,1.858,1.857,74432.187
1764158400,2025-11-26 12:00:00,1.837,1.861,1.856,1.854,134472.324
1764162000,2025-11-26 13:00:00,1.85,1.886,1.854,1.878,131800.026
1764165600,2025-11-26 14:00:00,1.862,1.89,1.877,1.866,158362.325
1764169200,2025-11-26 15:00:00,1.851,1.875,1.866,1.859,61928.159
1764172800,2025-11-26 16:00:00,1.859,1.889,1.859,1.875,238046.168
1764176400,2025-11-26 17:00:00,1.874,1.944,1.876,1.944,121116.324
1764180000,2025-11-26 18:00:00,1.935,1.96,1.943,1.958,189961.115
1764183600,2025-11-26 19:00:00,1.938,1.957,1.957,1.943,111761.17
1764187200,2025-11-26 20:00:00,1.927,1.945,1.943,1.933,92516.85
1764190800,2025-11-26 21:00:00,1.929,1.95,1.932,1.942,55828.427
1764194400,2025-11-26 22:00:00,1.933,1.946,1.943,1.938,33881.968
1764198000,2025-11-26 23:00:00,1.93,1.943,1.938,1.936,29191.955
1764201600,2025-11-27 00:00:00,1.917,1.936,1.936,1.924,94573.497
1764205200,2025-11-27 01:00:00,1.921,1.942,1.923,1.942,52055.974
1764208800,2025-11-27 02:00:00,1.926,1.954,1.941,1.927,71990.478
1764212400,2025-11-27 03:00:00,1.911,1.935,1.927,1.915,69498.664
1764216000,2025-11-27 04:00:00,1.915,1.928,1.916,1.922,25051.766
1764219600,2025-11-27 05:00:00,1.912,1.932,1.922,1.918,35541.775
1764223200,2025-11-27 06:00:00,1.918,1.94,1.919,1.931,28664.847
1764226800,2025-11-27 07:00:00,1.919,1.931,1.931,1.925,45635.104
1764230400,2025-11-27 08:00:00,1.913,1.925,1.924,1.924,37252.097
1764234000,2025-11-27 09:00:00,1.921,1.944,1.924,1.929,37602.489
1764237600,2025-11-27 10:00:00,1.922,1.94,1.929,1.93,228983.736
1764241200,2025-11-27 11:00:00,1.914,1.929,1.929,1.918,62141.408
1764244800,2025-11-27 12:00:00,1.901,1.92,1.918,1.907,99860.42
1764248400,2025-11-27 13:00:00,1.905,1.918,1.908,1.911,51452.195
1764252000,2025-11-27 14:00:00,1.909,1.928,1.911,1.925,49681.904
1764255600,2025-11-27 15:00:00,1.921,1.936,1.926,1.934,90785.88
1764259200,2025-11-27 16:00:00,1.928,1.95,1.933,1.943,141981.703
1764262800,2025-11-27 17:00:00,1.933,1.948,1.942,1.938,62552.622
1764266400,2025-11-27 18:00:00,1.929,1.948,1.938,1.944,61978.864
1764270000,2025-11-27 19:00:00,1.931,1.943,1.943,1.937,46862.339
1764273600,2025-11-27 20:00:00,1.934,1.94,1.937,1.935,23233.97
1764277200,2025-11-27 21:00:00,1.925,1.945,1.934,1.926,41241.477
1764280800,2025-11-27 22:00:00,1.906,1.926,1.926,1.909,57550.736
1764284400,2025-11-27 23:00:00,1.899,1.911,1.909,1.906,71886.155
1764288000,2025-11-28 00:00:00,1.904,1.918,1.906,1.908,18077.703
1764291600,2025-11-28 01:00:00,1.876,1.91,1.907,1.878,56647.793
1764295200,2025-11-28 02:00:00,1.867,1.89,1.878,1.888,39266.149
1764298800,2025-11-28 03:00:00,1.883,1.892,1.888,1.889,14575.04
1764302400,2025-11-28 04:00:00,1.876,1.894,1.888,1.876,41567.74
1764306000,2025-11-28 05:00:00,1.875,1.891,1.876,1.887,27365.682
1764309600,2025-11-28 06:00:00,1.874,1.886,1.886,1.88,40074.864
1764313200,2025-11-28 07:00:00,1.879,1.889,1.88,1.886,19823.778
1764316800,2025-11-28 08:00:00,1.884,1.94,1.887,1.937,117891.385
1764320400,2025-11-28 09:00:00,1.918,1.938,1.938,1.924,68400.98
1764324000,2025-11-28 10:00:00,1.914,1.929,1.924,1.925,54845.997
1764327600,2025-11-28 11:00:00,1.891,1.925,1.924,1.897,48331.23
1764331200,2025-11-28 12:00:00,1.891,1.904,1.897,1.896,43294.826
1764334800,2025-11-28 13:00:00,1.887,1.93,1.897,1.922,66157.498
1764338400,2025-11-28 14:00:00,1.907,1.93,1.921,1.925,121530.968
1764342000,2025-11-28 15:00:00,1.919,1.955,1.926,1.934,73674.383
1764345600,2025-11-28 16:00:00,1.891,1.937,1.934,1.892,235857.572
1764349200,2025-11-28 17:00:00,1.871,1.898,1.893,1.877,97244.39
1764352800,2025-11-28 18:00:00,1.849,1.881,1.876,1.873,71867.517
1764356400,2025-11-28 19:00:00,1.871,1.896,1.873,1.887,83996.808
1764360000,2025-11-28 20:00:00,1.871,1.887,1.885,1.884,42314.942
1764363600,2025-11-28 21:00:00,1.866,1.887,1.885,1.866,38316.171
1764367200,2025-11-28 22:00:00,1.864,1.886,1.867,1.884,46415.447
1764370800,2025-11-28 23:00:00,1.876,1.89,1.885,1.879,39714.056
1764374400,2025-11-29 00:00:00,1.866,1.878,1.878,1.876,26120.67
1764378000,2025-11-29 01:00:00,1.872,1.886,1.876,1.874,17631.426
1764381600,2025-11-29 02:00:00,1.868,1.88,1.874,1.874,24640.725
1764385200,2025-11-29 03:00:00,1.872,1.883,1.874,1.878,20129.644
1764388800,2025-11-29 04:00:00,1.874,1.898,1.878,1.894,52272.498
1764392400,2025-11-29 05:00:00,1.89,1.905,1.894,1.892,71430.216
1764396000,2025-11-29 06:00:00,1.874,1.897,1.893,1.883,47407.625
1764399600,2025-11-29 07:00:00,1.871,1.888,1.883,1.873,18998.695
1764403200,2025-11-29 08:00:00,1.868,1.881,1.872,1.872,47760.119
1764406800,2025-11-29 09:00:00,1.872,1.88,1.873,1.878,16942.777
1764410400,2025-11-29 10:00:00,1.871,1.89,1.878,1.886,42402.748
1764414000,2025-11-29 11:00:00,1.885,1.898,1.886,1.892,44236.965
1764417600,2025-11-29 12:00:00,1.872,1.892,1.891,1.877,56631.708
1764421200,2025-11-29 13:00:00,1.876,1.884,1.877,1.877,34646.747
1764424800,2025-11-29 14:00:00,1.86,1.877,1.877,1.863,45297.043
1764428400,2025-11-29 15:00:00,1.863,1.882,1.863,1.876,57745.441
1764432000,2025-11-29 16:00:00,1.863,1.88,1.875,1.87,91450.809
1764435600,2025-11-29 17:00:00,1.844,1.871,1.87,1.849,84940.012
1764439200,2025-11-29 18:00:00,1.832,1.852,1.849,1.846,108355.639
1764442800,2025-11-29 19:00:00,1.843,1.853,1.846,1.843,39778.886
1764446400,2025-11-29 20:00:00,1.838,1.854,1.845,1.852,43784.671
1764450000,2025-11-29 21:00:00,1.845,1.851,1.851,1.846,27377.827
1764453600,2025-11-29 22:00:00,1.842,1.853,1.847,1.848,29041.608
1764457200,2025-11-29 23:00:00,1.84,1.855,1.847,1.851,16925.617
1764460800,2025-11-30 00:00:00,1.849,1.856,1.851,1.851,20606.811
1764464400,2025-11-30 01:00:00,1.85,1.86,1.851,1.857,24184.683
1764468000,2025-11-30 02:00:00,1.85,1.866,1.858,1.85,16408.143
1764471600,2025-11-30 03:00:00,1.826,1.855,1.85,1.854,459313.584
1764475200,2025-11-30 04:00:00,1.846,1.859,1.854,1.849,47405.824
1764478800,2025-11-30 05:00:00,1.837,1.85,1.85,1.84,34908.33
1764482400,2025-11-30 06:00:00,1.836,1.858,1.841,1.846,41827.458
1764486000,2025-11-30 07:00:00,1.846,1.852,1.847,1.851,74910.396
1764489600,2025-11-30 08:00:00,1.841,1.86,1.851,1.846,64729.272
1764493200,2025-11-30 09:00:00,1.843,1.854,1.846,1.852,30340.129
1764496800,2025-11-30 10:00:00,1.843,1.856,1.851,1.845,24606.668
1764500400,2025-11-30 11:00:00,1.835,1.849,1.844,1.835,39263.707
1764504000,2025-11-30 12:00:00,1.826,1.855,1.836,1.848,51892.751
1764507600,2025-11-30 13:00:00,1.847,1.865,1.849,1.862,95310.019
1764511200,2025-11-30 14:00:00,1.837,1.864,1.863,1.844,54874.139
1764514800,2025-11-30 15:00:00,1.833,1.847,1.844,1.844,44255.832
1764518400,2025-11-30 16:00:00,1.843,1.868,1.844,1.863,57100.682
1764522000,2025-11-30 17:00:00,1.849,1.867,1.862,1.864,70578.145
1764525600,2025-11-30 18:00:00,1.847,1.866,1.863,1.857,263276.647
1764529200,2025-11-30 19:00:00,1.849,1.862,1.857,1.856,59696.723
1764532800,2025-11-30 20:00:00,1.85,1.866,1.857,1.857,40928.131
1764536400,2025-11-30 21:00:00,1.843,1.859,1.857,1.85,35620.142
1764540000,2025-11-30 22:00:00,1.847,1.861,1.85,1.857,26268.685
1764543600,2025-11-30 23:00:00,1.803,1.858,1.858,1.806,154682.548
1764547200,2025-12-01 00:00:00,1.698,1.81,1.806,1.702,446251.976
1764550800,2025-12-01 01:00:00,1.692,1.728,1.701,1.695,279272.078
1764554400,2025-12-01 02:00:00,1.693,1.715,1.694,1.7,160875.374
1764558000,2025-12-01 03:00:00,1.669,1.7,1.699,1.672,210343.021
1764561600,2025-12-01 04:00:00,1.659,1.682,1.672,1.665,210382.838
1764565200,2025-12-01 05:00:00,1.664,1.678,1.664,1.671,75772.334
1764568800,2025-12-01 06:00:00,1.667,1.676,1.67,1.667,53098.024
1764572400,2025-12-01 07:00:00,1.647,1.669,1.667,1.665,122474.419
1764576000,2025-12-01 08:00:00,1.657,1.673,1.665,1.666,26897.502
1764579600,2025-12-01 09:00:00,1.655,1.673,1.664,1.659,56033.318
1764583200,2025-12-01 10:00:00,1.651,1.663,1.659,1.654,47198.868
1764586800,2025-12-01 11:00:00,1.629,1.655,1.653,1.634,104531.791
1764590400,2025-12-01 12:00:00,1.599,1.636,1.635,1.627,174527.495
1764594000,2025-12-01 13:00:00,1.607,1.638,1.626,1.614,157603.515
1764597600,2025-12-01 14:00:00,1.609,1.639,1.614,1.618,179487.207
1764601200,2025-12-01 15:00:00,1.585,1.62,1.617,1.614,212609.891
1764604800,2025-12-01 16:00:00,1.601,1.621,1.613,1.603,99809.425
1764608400,2025-12-01 17:00:00,1.594,1.617,1.604,1.601,108835.031
1764612000,2025-12-01 18:00:00,1.599,1.615,1.601,1.614,247495.385
1764615600,2025-12-01 19:00:00,1.601,1.617,1.614,1.605,80454.6
1764619200,2025-12-01 20:00:00,1.606,1.626,1.606,1.62,104272.314
1764622800,2025-12-01 21:00:00,1.617,1.636,1.621,1.63,113782.224
1764626400,2025-12-01 22:00:00,1.627,1.642,1.631,1.634,96785.765
1764630000,2025-12-01 23:00:00,1.625,1.64,1.634,1.627,120715.017
1764633600,2025-12-02 00:00:00,1.625,1.633,1.628,1.627,124210.734
1764637200,2025-12-02 01:00:00,1.627,1.652,1.627,1.637,110484.725
1764640800,2025-12-02 02:00:00,1.633,1.653,1.637,1.645,118927.179
1764644400,2025-12-02 03:00:00,1.634,1.661,1.645,1.657,130134.007
1764648000,2025-12-02 04:00:00,1.651,1.669,1.658,1.655,210591.851
1764651600,2025-12-02 05:00:00,1.653,1.663,1.654,1.66,65588.717
1764655200,2025-12-02 06:00:00,1.655,1.679,1.661,1.674,84062.901
1764658800,2025-12-02 07:00:00,1.666,1.682,1.674,1.682,159178.159
1764662400,2025-12-02 08:00:00,1.667,1.689,1.682,1.683,254995.094
1764666000,2025-12-02 09:00:00,1.679,1.704,1.683,1.697,166844.568
1764669600,2025-12-02 10:00:00,1.684,1.714,1.696,1.699,171283.261
1764673200,2025-12-02 11:00:00,1.699,1.727,1.699,1.722,108704.796
1764676800,2025-12-02 12:00:00,1.723,1.752,1.723,1.749,399370.221
1764680400,2025-12-02 13:00:00,1.732,1.771,1.75,1.737,504621.245
1764684000,2025-12-02 14:00:00,1.736,1.758,1.736,1.754,288320.545
1764687600,2025-12-02 15:00:00,1.753,1.834,1.754,1.822,373170.456
1764691200,2025-12-02 16:00:00,1.798,1.83,1.822,1.804,274228.333
1764694800,2025-12-02 17:00:00,1.802,1.828,1.803,1.824,152005.998
1764698400,2025-12-02 18:00:00,1.814,1.831,1.824,1.818,74678.174
1764702000,2025-12-02 19:00:00,1.805,1.823,1.816,1.806,175853.834
1764705600,2025-12-02 20:00:00,1.789,1.808,1.806,1.8,193926.494
1764709200,2025-12-02 21:00:00,1.787,1.807,1.799,1.807,104458.341
1764712800,2025-12-02 22:00:00,1.806,1.825,1.808,1.818,66315.871
1764716400,2025-12-02 23:00:00,1.797,1.817,1.817,1.804,79736.053
1764720000,2025-12-03 00:00:00,1.789,1.81,1.805,1.793,108007.745
1764723600,2025-12-03 01:00:00,1.787,1.804,1.793,1.797,84628.7
1764727200,2025-12-03 02:00:00,1.796,1.814,1.797,1.81,175394.008
1764730800,2025-12-03 03:00:00,1.81,1.824,1.81,1.816,92339.278
1764734400,2025-12-03 04:00:00,1.804,1.826,1.815,1.821,191014.354
1764738000,2025-12-03 05:00:00,1.816,1.831,1.821,1.825,69737.174
1764741600,2025-12-03 06:00:00,1.817,1.849,1.826,1.824,150929.375
1764745200,2025-12-03 07:00:00,1.816,1.827,1.824,1.816,56382.902
1764748800,2025-12-03 08:00:00,1.808,1.824,1.816,1.823,202358.898
1764752400,2025-12-03 09:00:00,1.808,1.822,1.822,1.819,67488.956
1764756000,2025-12-03 10:00:00,1.794,1.819,1.818,1.795,120617.882
1764759600,2025-12-03 11:00:00,1.789,1.804,1.795,1.8,48719.49
1764763200,2025-12-03 12:00:00,1.785,1.804,1.8,1.791,66836.453
1764766800,2025-12-03 13:00:00,1.79,1.803,1.791,1.801,143155.111
1764770400,2025-12-03 14:00:00,1.758,1.819,1.801,1.792,358348.228
1764774000,2025-12-03 15:00:00,1.786,1.809,1.792,1.801,175251.403
1764777600,2025-12-03 16:00:00,1.787,1.807,1.803,1.795,93375.522
1764781200,2025-12-03 17:00:00,1.795,1.82,1.796,1.817,76141.749
1764784800,2025-12-03 18:00:00,1.807,1.832,1.817,1.812,85122.251
1764788400,2025-12-03 19:00:00,1.81,1.827,1.812,1.825,68574.995
1764792000,2025-12-03 20:00:00,1.811,1.836,1.825,1.823,73692.779
1764795600,2025-12-03 21:00:00,1.822,1.857,1.823,1.855,86426.304
1764799200,2025-12-03 22:00:00,1.841,1.872,1.854,1.858,159130.155
1764802800,2025-12-03 23:00:00,1.843,1.87,1.859,1.847,101898.018
1764806400,2025-12-04 00:00:00,1.837,1.85,1.847,1.846,68377.057
1764810000,2025-12-04 01:00:00,1.845,1.872,1.845,1.851,64688.593
1764813600,2025-12-04 02:00:00,1.849,1.877,1.851,1.867,136310.26
1764817200,2025-12-04 03:00:00,1.861,1.876,1.866,1.863,76642.075
1764820800,2025-12-04 04:00:00,1.863,1.886,1.863,1.883,91189.872
1764824400,2025-12-04 05:00:00,1.867,1.886,1.883,1.875,143020.331
1764828000,2025-12-04 06:00:00,1.862,1.876,1.875,1.867,125634.248
1764831600,2025-12-04 07:00:00,1.846,1.866,1.866,1.857,152674.937
1764835200,2025-12-04 08:00:00,1.852,1.892,1.858,1.882,210075.055
1764838800,2025-12-04 09:00:00,1.883,1.899,1.883,1.895,81126.352
1764842400,2025-12-04 10:00:00,1.874,1.898,1.895,1.875,102863.073
1764846000,2025-12-04 11:00:00,1.854,1.874,1.874,1.864,79424.389
1764849600,2025-12-04 12:00:00,1.854,1.869,1.863,1.858,36343.88
1764853200,2025-12-04 13:00:00,1.831,1.859,1.859,1.835,145317.518
1764856800,2025-12-04 14:00:00,1.819,1.848,1.835,1.822,161153.805
1764860400,2025-12-04 15:00:00,1.818,1.852,1.822,1.836,152841.656
1764864000,2025-12-04 16:00:00,1.813,1.839,1.835,1.814,120599.891
1764867600,2025-12-04 17:00:00,1.794,1.815,1.814,1.807,93726.722
1764871200,2025-12-04 18:00:00,1.789,1.81,1.807,1.793,76393.37
1764874800,2025-12-04 19:00:00,1.747,1.793,1.792,1.79,324673.693
1764878400,2025-12-04 20:00:00,1.778,1.807,1.789,1.806,107857.57
1764882000,2025-12-04 21:00:00,1.785,1.811,1.806,1.788,44530.96
1764885600,2025-12-04 22:00:00,1.786,1.801,1.788,1.796,69093.942
1764889200,2025-12-04 23:00:00,1.79,1.8,1.795,1.797,47584.726
1764892800,2025-12-05 00:00:00,1.797,1.817,1.797,1.799,62210.111
1764896400,2025-12-05 01:00:00,1.797,1.807,1.799,1.801,68422.498
1764900000,2025-12-05 02:00:00,1.798,1.81,1.8,1.804,36038.302
1764903600,2025-12-05 03:00:00,1.794,1.806,1.804,1.794,37904.445
1764907200,2025-12-05 04:00:00,1.778,1.799,1.795,1.784,83098.275
1764910800,2025-12-05 05:00:00,1.772,1.791,1.784,1.78,54415.967
1764914400,2025-12-05 06:00:00,1.78,1.789,1.78,1.783,35002.198
1764918000,2025-12-05 07:00:00,1.783,1.796,1.783,1.79,46500.034
1764921600,2025-12-05 08:00:00,1.772,1.789,1.789,1.774,47491.043
1764925200,2025-12-05 09:00:00,1.731,1.773,1.773,1.734,110763.724
1764928800,2025-12-05 10:00:00,1.732,1.76,1.735,1.75,65502.725
1764932400,2025-12-05 11:00:00,1.726,1.753,1.749,1.738,65962.64
1764936000,2025-12-05 12:00:00,1.733,1.745,1.737,1.744,75569.113
1764939600,2025-12-05 13:00:00,1.724,1.752,1.743,1.731,87467.899
1764943200,2025-12-05 14:00:00,1.69,1.731,1.731,1.697,1408244.01
1764946800,2025-12-05 15:00:00,1.697,1.746,1.698,1.712,256114.029
1764950400,2025-12-05 16:00:00,1.658,1.716,1.713,1.674,292407.293
1764954000,2025-12-05 17:00:00,1.667,1.69,1.673,1.679,161212.077
1764957600,2025-12-05 18:00:00,1.664,1.696,1.679,1.669,112062.191
1764961200,2025-12-05 19:00:00,1.66,1.69,1.668,1.681,40126.787
1764964800,2025-12-05 20:00:00,1.67,1.685,1.68,1.673,34047.966
1764968400,2025-12-05 21:00:00,1.674,1.69,1.674,1.683,81195.148
1764972000,2025-12-05 22:00:00,1.676,1.694,1.684,1.686,64664.804
1764975600,2025-12-05 23:00:00,1.676,1.688,1.687,1.682,41430.668
1764979200,2025-12-06 00:00:00,1.67,1.684,1.681,1.683,23945.67
1764982800,2025-12-06 01:00:00,1.682,1.699,1.682,1.687,27226.625
1764986400,2025-12-06 02:00:00,1.681,1.691,1.687,1.689,13465.559
1764990000,2025-12-06 03:00:00,1.681,1.696,1.688,1.685,56692.33
1764993600,2025-12-06 04:00:00,1.669,1.685,1.685,1.672,65635.963
1764997200,2025-12-06 05:00:00,1.671,1.678,1.673,1.675,24617.358
1765000800,2025-12-06 06:00:00,1.674,1.686,1.674,1.678,37493.542
1765004400,2025-12-06 07:00:00,1.676,1.69,1.679,1.683,47658.412
1765008000,2025-12-06 08:00:00,1.68,1.687,1.683,1.683,49817.43
1765011600,2025-12-06 09:00:00,1.683,1.71,1.683,1.707,86550.563
1765015200,2025-12-06 10:00:00,1.7,1.713,1.707,1.704,188764.117
1765018800,2025-12-06 11:00:00,1.703,1.711,1.704,1.705,71716.355
1765022400,2025-12-06 12:00:00,1.702,1.709,1.705,1.708,38371.036
1765026000,2025-12-06 13:00:00,1.708,1.738,1.708,1.729,35023.797
1765029600,2025-12-06 14:00:00,1.725,1.747,1.73,1.726,193329.346
1765033200,2025-12-06 15:00:00,1.705,1.726,1.726,1.71,93492.409
1765036800,2025-12-06 16:00:00,1.71,1.727,1.71,1.719,73192.709
1765040400,2025-12-06 17:00:00,1.714,1.731,1.719,1.731,53879.583
1765044000,2025-12-06 18:00:00,1.727,1.74,1.729,1.731,58153.716
1765047600,2025-12-06 19:00:00,1.71,1.733,1.731,1.714,92616.429
1765051200,2025-12-06 20:00:00,1.709,1.716,1.715,1.71,49754.171
1765054800,2025-12-06 21:00:00,1.709,1.722,1.709,1.715,62365.985
1765058400,2025-12-06 22:00:00,1.705,1.721,1.716,1.707,48534.229
1765062000,2025-12-06 23:00:00,1.699,1.712,1.708,1.709,52243.259
1765065600,2025-12-07 00:00:00,1.708,1.729,1.709,1.721,78568.584
1765069200,2025-12-07 01:00:00,1.713,1.724,1.72,1.713,31409.174
1765072800,2025-12-07 02:00:00,1.709,1.721,1.714,1.716,36972.037
1765076400,2025-12-07 03:00:00,1.711,1.718,1.716,1.718,23415.981
1765080000,2025-12-07 04:00:00,1.71,1.719,1.717,1.712,35737.317
1765083600,2025-12-07 05:00:00,1.709,1.719,1.713,1.714,36189.157
1765087200,2025-12-07 06:00:00,1.713,1.724,1.713,1.724,37548.665
1765090800,2025-12-07 07:00:00,1.705,1.725,1.724,1.708,37689.91
1765094400,2025-12-07 08:00:00,1.7,1.717,1.707,1.706,44936.07
1765098000,2025-12-07 09:00:00,1.687,1.708,1.706,1.689,121420.024
1765101600,2025-12-07 10:00:00,1.684,1.697,1.69,1.69,69717.476
1765105200,2025-12-07 11:00:00,1.686,1.697,1.69,1.688,42519.231
1765108800,2025-12-07 12:00:00,1.685,1.701,1.688,1.698,48438.774
1765112400,2025-12-07 13:00:00,1.677,1.7,1.697,1.683,70903.351
1765116000,2025-12-07 14:00:00,1.641,1.685,1.683,1.645,286739.783
1765119600,2025-12-07 15:00:00,1.644,1.699,1.644,1.698,225673.175
1765123200,2025-12-07 16:00:00,1.685,1.702,1.697,1.702,88201.682
1765126800,2025-12-07 17:00:00,1.693,1.742,1.702,1.735,156273.763
1765130400,2025-12-07 18:00:00,1.734,1.747,1.735,1.741,78869.78
1765134000,2025-12-07 19:00:00,1.727,1.742,1.741,1.738,67446.97
1765137600,2025-12-07 20:00:00,1.736,1.768,1.739,1.765,74882.168
1765141200,2025-12-07 21:00:00,1.711,1.772,1.765,1.722,138052.882
1765144800,2025-12-07 22:00:00,1.685,1.721,1.721,1.698,124503.746
1765148400,2025-12-07 23:00:00,1.69,1.707,1.697,1.702,117687.103
1765152000,2025-12-08 00:00:00,1.692,1.711,1.703,1.692,69264.467
1765155600,2025-12-08 01:00:00,1.691,1.741,1.692,1.713,164448.913
1765159200,2025-12-08 02:00:00,1.706,1.732,1.713,1.731,85456.333
1765162800,2025-12-08 03:00:00,1.721,1.738,1.731,1.723,152998.096
1765166400,2025-12-08 04:00:00,1.724,1.743,1.724,1.732,89660.353
1765170000,2025-12-08 05:00:00,1.726,1.74,1.732,1.74,69657.601
1765173600,2025-12-08 06:00:00,1.737,1.777,1.74,1.776,193458.548
1765177200,2025-12-08 07:00:00,1.774,1.801,1.775,1.781,283042.481
1765180800,2025-12-08 08:00:00,1.767,1.783,1.781,1.773,93407.153
1765184400,2025-12-08 09:00:00,1.774,1.797,1.774,1.778,93252.263
1765188000,2025-12-08 10:00:00,1.775,1.791,1.778,1.789,53401.26
1765191600,2025-12-08 11:00:00,1.772,1.792,1.789,1.78,54331.273
1765195200,2025-12-08 12:00:00,1.769,1.78,1.78,1.778,111490.499
1765198800,2025-12-08 13:00:00,1.777,1.792,1.778,1.78,68395.344
1765202400,2025-12-08 14:00:00,1.76,1.788,1.779,1.774,157268.449
1765206000,2025-12-08 15:00:00,1.746,1.78,1.775,1.755,151170.158
1765209600,2025-12-08 16:00:00,1.747,1.786,1.754,1.771,301275.127
1765213200,2025-12-08 17:00:00,1.758,1.782,1.771,1.773,120480.1
1765216800,2025-12-08 18:00:00,1.739,1.778,1.773,1.747,445963.82
1765220400,2025-12-08 19:00:00,1.742,1.757,1.747,1.75,78759.312
1765224000,2025-12-08 20:00:00,1.749,1.769,1.75,1.762,166362.21
1765227600,2025-12-08 21:00:00,1.757,1.779,1.762,1.778,104820.355
1765231200,2025-12-08 22:00:00,1.748,1.779,1.778,1.755,296390.256
1765234800,2025-12-08 23:00:00,1.736,1.756,1.754,1.744,98445.645
1765238400,2025-12-09 00:00:00,1.73,1.752,1.743,1.734,83399.082
1765242000,2025-12-09 01:00:00,1.722,1.741,1.733,1.727,61686.105
1765245600,2025-12-09 02:00:00,1.72,1.734,1.727,1.721,68122.843
1765249200,2025-12-09 03:00:00,1.713,1.736,1.72,1.733,95441.913
1765252800,2025-12-09 04:00:00,1.707,1.733,1.733,1.708,93274.989
1765256400,2025-12-09 05:00:00,1.699,1.722,1.709,1.711,107516.312
1765260000,2025-12-09 06:00:00,1.704,1.721,1.711,1.72,66338.341
1765263600,2025-12-09 07:00:00,1.717,1.736,1.72,1.733,111100.868
1765267200,2025-12-09 08:00:00,1.721,1.735,1.733,1.724,65812.852
1765270800,2025-12-09 09:00:00,1.712,1.724,1.723,1.716,36831.669
1765274400,2025-12-09 10:00:00,1.712,1.73,1.716,1.722,75461.646
1765278000,2025-12-09 11:00:00,1.715,1.727,1.721,1.725,76057.704
1765281600,2025-12-09 12:00:00,1.721,1.748,1.724,1.748,58602.652
1765285200,2025-12-09 13:00:00,1.743,1.763,1.749,1.75,85106.617
1765288800,2025-12-09 14:00:00,1.744,1.765,1.751,1.756,140821.704
1765292400,2025-12-09 15:00:00,1.755,1.843,1.757,1.835,348842.83
1765296000,2025-12-09 16:00:00,1.835,1.876,1.835,1.866,326024.953
1765299600,2025-12-09 17:00:00,1.858,1.884,1.866,1.864,214176.951
1765303200,2025-12-09 18:00:00,1.852,1.872,1.865,1.861,94590.331
1765306800,2025-12-09 19:00:00,1.845,1.864,1.861,1.848,116342.479
1765310400,2025-12-09 20:00:00,1.813,1.85,1.847,1.823,126334.177
1765314000,2025-12-09 21:00:00,1.783,1.824,1.822,1.798,129238.211
1765317600,2025-12-09 22:00:00,1.798,1.829,1.798,1.82,85757.304
1765321200,2025-12-09 23:00:00,1.808,1.822,1.821,1.81,49311.825
1765324800,2025-12-10 00:00:00,1.799,1.814,1.811,1.8,78043.324
1765328400,2025-12-10 01:00:00,1.788,1.802,1.8,1.795,69172.404
1765332000,2025-12-10 02:00:00,1.789,1.803,1.795,1.799,40459.607
1765335600,2025-12-10 03:00:00,1.792,1.801,1.8,1.796,29749.379
1765339200,2025-12-10 04:00:00,1.79,1.8,1.795,1.791,30713.087
1765342800,2025-12-10 05:00:00,1.788,1.8,1.792,1.791,42614.857
1765346400,2025-12-10 06:00:00,1.783,1.792,1.791,1.785,35446.37
1765350000,2025-12-10 07:00:00,1.772,1.784,1.784,1.783,51496.231
1765353600,2025-12-10 08:00:00,1.757,1.783,1.783,1.758,84810.031
1765357200,2025-12-10 09:00:00,1.754,1.773,1.757,1.768,59855.531
1765360800,2025-12-10 10:00:00,1.75,1.782,1.768,1.75,91541.271
1765364400,2025-12-10 11:00:00,1.743,1.757,1.75,1.752,125865.767
1765368000,2025-12-10 12:00:00,1.735,1.753,1.752,1.748,101309.964
1765371600,2025-12-10 13:00:00,1.739,1.75,1.748,1.749,61559.618
1765375200,2025-12-10 14:00:00,1.741,1.753,1.748,1.75,118617.838
1765378800,2025-12-10 15:00:00,1.748,1.764,1.749,1.757,88568.085
1765382400,2025-12-10 16:00:00,1.751,1.787,1.756,1.772,85534.594
1765386000,2025-12-10 17:00:00,1.771,1.793,1.772,1.781,65079.859
1765389600,2025-12-10 18:00:00,1.774,1.812,1.781,1.788,121641.475
1765393200,2025-12-10 19:00:00,1.771,1.822,1.789,1.815,237636.068
1765396800,2025-12-10 20:00:00,1.791,1.863,1.816,1.798,231562.013
1765400400,2025-12-10 21:00:00,1.775,1.807,1.798,1.778,132646.138
1765404000,2025-12-10 22:00:00,1.748,1.785,1.777,1.78,104095.949
1765407600,2025-12-10 23:00:00,1.758,1.783,1.78,1.758,60373.726
1765411200,2025-12-11 00:00:00,1.711,1.763,1.757,1.715,184732.252
1765414800,2025-12-11 01:00:00,1.689,1.718,1.715,1.689,170565.953
1765418400,2025-12-11 02:00:00,1.668,1.689,1.688,1.684,153536.306
1765422000,2025-12-11 03:00:00,1.659,1.684,1.684,1.667,129430.281
1765425600,2025-12-11 04:00:00,1.66,1.695,1.667,1.691,114032.824
1765429200,2025-12-11 05:00:00,1.679,1.693,1.691,1.682,40425.499
1765432800,2025-12-11 06:00:00,1.678,1.693,1.681,1.681,43050.345
1765436400,2025-12-11 07:00:00,1.673,1.682,1.68,1.674,49783.618
1765440000,2025-12-11 08:00:00,1.665,1.678,1.674,1.67,63357.84
1765443600,2025-12-11 09:00:00,1.662,1.674,1.669,1.664,38143.129
1765447200,2025-12-11 10:00:00,1.651,1.665,1.665,1.657,101052.3
1765450800,2025-12-11 11:00:00,1.656,1.672,1.657,1.663,33223.706
1765454400,2025-12-11 12:00:00,1.651,1.663,1.662,1.66,69780.645
1765458000,2025-12-11 13:00:00,1.654,1.665,1.661,1.662,90048.179
1765461600,2025-12-11 14:00:00,1.646,1.674,1.663,1.66,160687.129
1765465200,2025-12-11 15:00:00,1.647,1.674,1.659,1.654,159329.397
1765468800,2025-12-11 16:00:00,1.636,1.658,1.654,1.644,104722.778
1765472400,2025-12-11 17:00:00,1.63,1.648,1.644,1.633,95958.128
1765476000,2025-12-11 18:00:00,1.631,1.67,1.633,1.657,168770.896
1765479600,2025-12-11 19:00:00,1.655,1.682,1.657,1.661,134787.308
1765483200,2025-12-11 20:00:00,1.66,1.694,1.66,1.691,107860.199
1765486800,2025-12-11 21:00:00,1.688,1.726,1.691,1.708,276599.897
1765490400,2025-12-11 22:00:00,1.677,1.714,1.708,1.685,85384.665
1765494000,2025-12-11 23:00:00,1.67,1.688,1.685,1.674,102620.188
1765497600,2025-12-12 00:00:00,1.647,1.675,1.674,1.648,154846.972
1765501200,2025-12-12 01:00:00,1.649,1.683,1.649,1.678,55724.839
1765504800,2025-12-12 02:00:00,1.676,1.701,1.678,1.696,127645.931
1765508400,2025-12-12 03:00:00,1.679,1.695,1.695,1.682,62597.109
1765512000,2025-12-12 04:00:00,1.671,1.682,1.682,1.678,88148.658
1765515600,2025-12-12 05:00:00,1.679,1.714,1.679,1.703,259658.336
1765519200,2025-12-12 06:00:00,1.696,1.719,1.704,1.696,140711.148
1765522800,2025-12-12 07:00:00,1.693,1.705,1.696,1.704,76972.651
1765526400,2025-12-12 08:00:00,1.693,1.703,1.703,1.7,101593.875
1765530000,2025-12-12 09:00:00,1.685,1.703,1.701,1.7,177147.956
1765533600,2025-12-12 10:00:00,1.7,1.709,1.7,1.703,56923.201
1765537200,2025-12-12 11:00:00,1.693,1.704,1.702,1.702,57185.728
1765540800,2025-12-12 12:00:00,1.698,1.708,1.702,1.707,42898.345
1765544400,2025-12-12 13:00:00,1.699,1.708,1.706,1.704,78365.024
1765548000,2025-12-12 14:00:00,1.69,1.708,1.704,1.695,124973.828
1765551600,2025-12-12 15:00:00,1.6,1.694,1.694,1.611,310830.299
1765555200,2025-12-12 16:00:00,1.584,1.616,1.61,1.6,255974.324
1765558800,2025-12-12 17:00:00,1.6,1.628,1.6,1.613,98604.855
1765562400,2025-12-12 18:00:00,1.612,1.632,1.612,1.618,79936.518
1765566000,2025-12-12 19:00:00,1.606,1.62,1.618,1.611,222672.146
1765569600,2025-12-12 20:00:00,1.609,1.621,1.611,1.617,44193.926
1765573200,2025-12-12 21:00:00,1.616,1.628,1.617,1.62,30037.641
1765576800,2025-12-12 22:00:00,1.617,1.635,1.62,1.631,73603.783
1765580400,2025-12-12 23:00:00,1.631,1.639,1.631,1.639,46634.112
1765584000,2025-12-13 00:00:00,1.633,1.642,1.639,1.636,35310.366
1765587600,2025-12-13 01:00:00,1.633,1.64,1.637,1.64,47021.779
1765591200,2025-12-13 02:00:00,1.636,1.645,1.641,1.638,112596.858
1765594800,2025-12-13 03:00:00,1.635,1.653,1.637,1.649,44792.084
1765598400,2025-12-13 04:00:00,1.647,1.659,1.65,1.654,51072.489
1765602000,2025-12-13 05:00:00,1.646,1.656,1.654,1.649,42456.156
1765605600,2025-12-13 06:00:00,1.643,1.65,1.648,1.647,61690.451
1765609200,2025-12-13 07:00:00,1.647,1.654,1.648,1.651,48035.456
1765612800,2025-12-13 08:00:00,1.652,1.666,1.652,1.66,23639.329
1765616400,2025-12-13 09:00:00,1.661,1.677,1.661,1.663,93536.823
1765620000,2025-12-13 10:00:00,1.663,1.677,1.663,1.677,73305.572
1765623600,2025-12-13 11:00:00,1.674,1.684,1.677,1.676,55219.995
1765627200,2025-12-13 12:00:00,1.664,1.679,1.677,1.666,77935.646
1765630800,2025-12-13 13:00:00,1.66,1.668,1.666,1.663,59348.827
1765634400,2025-12-13 14:00:00,1.65,1.664,1.663,1.653,42860.304
1765638000,2025-12-13 15:00:00,1.653,1.661,1.653,1.657,44317.805
1765641600,2025-12-13 16:00:00,1.658,1.669,1.658,1.661,48665.397
1765645200,2025-12-13 17:00:00,1.654,1.663,1.662,1.656,32903.485
1765648800,2025-12-13 18:00:00,1.654,1.661,1.655,1.654,30566.253
1765652400,2025-12-13 19:00:00,1.654,1.662,1.655,1.662,49594.362
1765656000,2025-12-13 20:00:00,1.654,1.66,1.66,1.654,43712.496
1765659600,2025-12-13 21:00:00,1.64,1.655,1.654,1.652,99204.83
1765663200,2025-12-13 22:00:00,1.648,1.656,1.652,1.652,41245.341
1765666800,2025-12-13 23:00:00,1.651,1.667,1.651,1.664,68495.09
1765670400,2025-12-14 00:00:00,1.657,1.664,1.663,1.662,55577.55
1765674000,2025-12-14 01:00:00,1.655,1.67,1.662,1.658,56271.41
1765677600,2025-12-14 02:00:00,1.653,1.661,1.658,1.657,55907.609
1765681200,2025-12-14 03:00:00,1.648,1.657,1.656,1.651,40849.808
1765684800,2025-12-14 04:00:00,1.64,1.651,1.651,1.643,30646.796
1765688400,2025-12-14 05:00:00,1.628,1.642,1.642,1.633,85170.818
1765692000,2025-12-14 06:00:00,1.626,1.636,1.632,1.634,50936.929
1765695600,2025-12-14 07:00:00,1.63,1.637,1.633,1.634,44582.064
1765699200,2025-12-14 08:00:00,1.629,1.639,1.634,1.629,37625.551
1765702800,2025-12-14 09:00:00,1.628,1.634,1.63,1.634,40679.63
1765706400,2025-12-14 10:00:00,1.623,1.637,1.634,1.631,54814.405
1765710000,2025-12-14 11:00:00,1.609,1.631,1.63,1.623,74932.625
1765713600,2025-12-14 12:00:00,1.618,1.636,1.622,1.631,49427.043
1765717200,2025-12-14 13:00:00,1.618,1.631,1.63,1.626,26858.842
1765720800,2025-12-14 14:00:00,1.602,1.629,1.626,1.613,147643.289
1765724400,2025-12-14 15:00:00,1.605,1.614,1.612,1.606,55716.619
1765728000,2025-12-14 16:00:00,1.604,1.622,1.605,1.613,48615.615
1765731600,2025-12-14 17:00:00,1.587,1.616,1.614,1.592,68806.671
1765735200,2025-12-14 18:00:00,1.592,1.606,1.592,1.604,46264.449
1765738800,2025-12-14 19:00:00,1.591,1.603,1.603,1.596,37469.715
1765742400,2025-12-14 20:00:00,1.588,1.606,1.596,1.595,64197.812
1765746000,2025-12-14 21:00:00,1.575,1.599,1.595,1.584,95255.402
1765749600,2025-12-14 22:00:00,1.582,1.595,1.585,1.593,81799.935
1765753200,2025-12-14 23:00:00,1.571,1.6,1.594,1.591,118076.668
1765756800,2025-12-15 00:00:00,1.589,1.605,1.59,1.604,118167.159
1765760400,2025-12-15 01:00:00,1.603,1.63,1.605,1.628,77590.596
1765764000,2025-12-15 02:00:00,1.623,1.647,1.627,1.623,62603.637
1765767600,2025-12-15 03:00:00,1.618,1.627,1.624,1.625,49985.86
1765771200,2025-12-15 04:00:00,1.622,1.636,1.626,1.632,37948.882
1765774800,2025-12-15 05:00:00,1.631,1.638,1.632,1.633,37150.157
1765778400,2025-12-15 06:00:00,1.627,1.638,1.634,1.63,34147.821
1765782000,2025-12-15 07:00:00,1.615,1.632,1.631,1.62,27847.059
1765785600,2025-12-15 08:00:00,1.618,1.627,1.62,1.619,26104.824
1765789200,2025-12-15 09:00:00,1.618,1.628,1.619,1.625,44076.493
1765792800,2025-12-15 10:00:00,1.622,1.633,1.625,1.627,54521.808
1765796400,2025-12-15 11:00:00,1.615,1.627,1.627,1.619,44581.742
1765800000,2025-12-15 12:00:00,1.612,1.625,1.618,1.623,61874.21
1765803600,2025-12-15 13:00:00,1.606,1.624,1.623,1.606,57692.407
1765807200,2025-12-15 14:00:00,1.571,1.624,1.606,1.584,158624.292
1765810800,2025-12-15 15:00:00,1.527,1.583,1.583,1.533,351060.876
1765814400,2025-12-15 16:00:00,1.518,1.539,1.533,1.524,247286.883
1765818000,2025-12-15 17:00:00,1.501,1.527,1.524,1.505,158439.631
1765821600,2025-12-15 18:00:00,1.49,1.518,1.504,1.517,198404.573
1765825200,2025-12-15 19:00:00,1.517,1.535,1.517,1.525,116059.545
1765828800,2025-12-15 20:00:00,1.512,1.531,1.524,1.526,79518.105
1765832400,2025-12-15 21:00:00,1.525,1.542,1.527,1.537,77625.843
1765836000,2025-12-15 22:00:00,1.535,1.547,1.538,1.547,44749.743
1765839600,2025-12-15 23:00:00,1.543,1.553,1.547,1.543,83178.133
1765843200,2025-12-16 00:00:00,1.532,1.546,1.542,1.533,57553.608
1765846800,2025-12-16 01:00:00,1.531,1.543,1.533,1.54,47101.279
1765850400,2025-12-16 02:00:00,1.537,1.553,1.539,1.544,92847.654
1765854000,2025-12-16 03:00:00,1.532,1.545,1.544,1.542,121977.618
1765857600,2025-12-16 04:00:00,1.518,1.544,1.543,1.532,63922.722
1765861200,2025-12-16 05:00:00,1.528,1.536,1.532,1.529,41599.175
1765864800,2025-12-16 06:00:00,1.527,1.543,1.528,1.54,76155.219
1765868400,2025-12-16 07:00:00,1.517,1.544,1.54,1.52,70627.018
1765872000,2025-12-16 08:00:00,1.518,1.528,1.52,1.522,64363.214
1765875600,2025-12-16 09:00:00,1.518,1.527,1.522,1.524,65225.342
1765879200,2025-12-16 10:00:00,1.521,1.554,1.523,1.545,57929.081
1765882800,2025-12-16 11:00:00,1.539,1.548,1.545,1.543,32292.341
1765886400,2025-12-16 12:00:00,1.531,1.546,1.544,1.533,28506.392
1765890000,2025-12-16 13:00:00,1.516,1.555,1.532,1.516,185683.351
1765893600,2025-12-16 14:00:00,1.506,1.544,1.517,1.534,199124.806
1765897200,2025-12-16 15:00:00,1.522,1.562,1.534,1.557,166172.781
1765900800,2025-12-16 16:00:00,1.55,1.567,1.557,1.559,85579.294
1765904400,2025-12-16 17:00:00,1.549,1.571,1.559,1.551,142271.665
1765908000,2025-12-16 18:00:00,1.548,1.599,1.551,1.581,322785.609
1765911600,2025-12-16 19:00:00,1.558,1.586,1.581,1.581,128406.799
1765915200,2025-12-16 20:00:00,1.581,1.618,1.581,1.611,193116.815
1765918800,2025-12-16 21:00:00,1.587,1.611,1.609,1.592,81055.368
1765922400,2025-12-16 22:00:00,1.576,1.594,1.593,1.577,69473.979
1765926000,2025-12-16 23:00:00,1.563,1.577,1.577,1.569,66605.803
1765929600,2025-12-17 00:00:00,1.554,1.569,1.569,1.555,95573.331
1765933200,2025-12-17 01:00:00,1.556,1.573,1.556,1.563,126566.413
1765936800,2025-12-17 02:00:00,1.553,1.567,1.563,1.563,59590.129
1765940400,2025-12-17 03:00:00,1.554,1.568,1.563,1.555,42579.019
1765944000,2025-12-17 04:00:00,1.54,1.555,1.555,1.541,89205.323
1765947600,2025-12-17 05:00:00,1.536,1.554,1.54,1.551,66988.053
1765951200,2025-12-17 06:00:00,1.55,1.559,1.551,1.552,71154.772
1765954800,2025-12-17 07:00:00,1.546,1.554,1.551,1.547,38263.559
1765958400,2025-12-17 08:00:00,1.536,1.547,1.546,1.538,102482.192
1765962000,2025-12-17 09:00:00,1.529,1.54,1.538,1.532,68288.165
1765965600,2025-12-17 10:00:00,1.528,1.538,1.531,1.533,60591.635
1765969200,2025-12-17 11:00:00,1.531,1.538,1.533,1.538,42081.482
1765972800,2025-12-17 12:00:00,1.529,1.543,1.537,1.533,58123.144
1765976400,2025-12-17 13:00:00,1.529,1.554,1.533,1.551,76298.382
1765980000,2025-12-17 14:00:00,1.518,1.587,1.552,1.586,355124.039
1765983600,2025-12-17 15:00:00,1.533,1.612,1.586,1.538,411468.091
1765987200,2025-12-17 16:00:00,1.481,1.547,1.538,1.514,292494.527
1765990800,2025-12-17 17:00:00,1.49,1.525,1.513,1.492,186581.331
1765994400,2025-12-17 18:00:00,1.473,1.508,1.493,1.475,158122.149
1765998000,2025-12-17 19:00:00,1.467,1.489,1.475,1.484,588186.351
1766001600,2025-12-17 20:00:00,1.477,1.496,1.484,1.484,146799.331
1766005200,2025-12-17 21:00:00,1.471,1.488,1.484,1.474,95885.083
1766008800,2025-12-17 22:00:00,1.468,1.491,1.474,1.489,74808.268
1766012400,2025-12-17 23:00:00,1.473,1.488,1.488,1.481,81695.404
1766016000,2025-12-18 00:00:00,1.478,1.486,1.48,1.482,44106.529
1766019600,2025-12-18 01:00:00,1.466,1.483,1.481,1.47,142253.77
1766023200,2025-12-18 02:00:00,1.463,1.485,1.469,1.477,86249.601
1766026800,2025-12-18 03:00:00,1.46,1.478,1.476,1.464,124725.917
1766030400,2025-12-18 04:00:00,1.465,1.472,1.465,1.468,117826.696
1766034000,2025-12-18 05:00:00,1.452,1.471,1.469,1.456,78267.549
1766037600,2025-12-18 06:00:00,1.454,1.466,1.455,1.465,78453.906
1766041200,2025-12-18 07:00:00,1.465,1.477,1.466,1.475,38612.611
1766044800,2025-12-18 08:00:00,1.474,1.488,1.476,1.481,55968.952
1766048400,2025-12-18 09:00:00,1.474,1.488,1.481,1.476,72874.799
1766052000,2025-12-18 10:00:00,1.47,1.477,1.475,1.472,53040.748
1766055600,2025-12-18 11:00:00,1.465,1.475,1.472,1.475,57837.735
1766059200,2025-12-18 12:00:00,1.47,1.483,1.475,1.482,52874.234
1766062800,2025-12-18 13:00:00,1.483,1.53,1.483,1.529,456799.379
1766066400,2025-12-18 14:00:00,1.511,1.545,1.529,1.526,244598.369
1766070000,2025-12-18 15:00:00,1.517,1.595,1.526,1.566,570709.011
1766073600,2025-12-18 16:00:00,1.556,1.598,1.567,1.591,184856.381
1766077200,2025-12-18 17:00:00,1.514,1.594,1.592,1.524,320351.702
1766080800,2025-12-18 18:00:00,1.468,1.54,1.525,1.471,247736.336
1766084400,2025-12-18 19:00:00,1.425,1.476,1.471,1.426,379821.174
1766088000,2025-12-18 20:00:00,1.422,1.445,1.427,1.422,223693.711
1766091600,2025-12-18 21:00:00,1.422,1.446,1.423,1.438,229353.474
1766095200,2025-12-18 22:00:00,1.424,1.454,1.439,1.427,214985.352
1766098800,2025-12-18 23:00:00,1.419,1.431,1.426,1.426,166939.626
1766102400,2025-12-19 00:00:00,1.42,1.432,1.426,1.429,67904.24
1766106000,2025-12-19 01:00:00,1.404,1.428,1.428,1.413,154461.708
1766109600,2025-12-19 02:00:00,1.404,1.427,1.413,1.424,107612.99
1766113200,2025-12-19 03:00:00,1.422,1.486,1.423,1.477,302660.501
1766116800,2025-12-19 04:00:00,1.474,1.488,1.478,1.476,228996.654
1766120400,2025-12-19 05:00:00,1.465,1.476,1.474,1.466,81011.247
1766124000,2025-12-19 06:00:00,1.461,1.481,1.467,1.481,86790.368
1766127600,2025-12-19 07:00:00,1.481,1.503,1.481,1.491,103477.826
1766131200,2025-12-19 08:00:00,1.49,1.497,1.492,1.493,74097.018
1766134800,2025-12-19 09:00:00,1.484,1.494,1.494,1.491,60476.347
1766138400,2025-12-19 10:00:00,1.485,1.496,1.491,1.495,85924.09
1766142000,2025-12-19 11:00:00,1.49,1.51,1.494,1.504,131284.126
1766145600,2025-12-19 12:00:00,1.49,1.511,1.504,1.49,172597.804
1766149200,2025-12-19 13:00:00,1.487,1.498,1.492,1.497,135716.569
1766152800,2025-12-19 14:00:00,1.493,1.529,1.498,1.515,259320.588
1766156400,2025-12-19 15:00:00,1.5,1.542,1.515,1.514,415036.451
1766160000,2025-12-19 16:00:00,1.512,1.544,1.514,1.526,239527.633
1766163600,2025-12-19 17:00:00,1.505,1.542,1.526,1.507,149240.121
1766167200,2025-12-19 18:00:00,1.502,1.526,1.508,1.521,201141.64
1766170800,2025-12-19 19:00:00,1.522,1.558,1.522,1.55,167462.619
1766174400,2025-12-19 20:00:00,1.541,1.56,1.55,1.554,260031.22
1766178000,2025-12-19 21:00:00,1.534,1.554,1.554,1.535,110821.711
1766181600,2025-12-19 22:00:00,1.536,1.548,1.536,1.544,61962.713
1766185200,2025-12-19 23:00:00,1.536,1.542,1.542,1.538,119867.371
1766188800,2025-12-20 00:00:00,1.529,1.538,1.538,1.53,62475.934
1766192400,2025-12-20 01:00:00,1.513,1.53,1.53,1.517,386870.937
1766196000,2025-12-20 02:00:00,1.512,1.52,1.516,1.516,99778.416
1766199600,2025-12-20 03:00:00,1.511,1.521,1.516,1.514,67259.897
1766203200,2025-12-20 04:00:00,1.503,1.517,1.514,1.507,117013.255
1766206800,2025-12-20 05:00:00,1.507,1.519,1.507,1.513,68405.329
1766210400,2025-12-20 06:00:00,1.513,1.52,1.513,1.518,36035.003
1766214000,2025-12-20 07:00:00,1.515,1.538,1.518,1.533,124253.407
1766217600,2025-12-20 08:00:00,1.533,1.544,1.533,1.538,94023.565
1766221200,2025-12-20 09:00:00,1.529,1.54,1.539,1.529,62238.443
1766224800,2025-12-20 10:00:00,1.515,1.531,1.53,1.516,68619.705
1766228400,2025-12-20 11:00:00,1.514,1.524,1.516,1.521,60040.308
1766232000,2025-12-20 12:00:00,1.513,1.522,1.521,1.515,42817.171
1766235600,2025-12-20 13:00:00,1.504,1.518,1.515,1.514,73810.141
1766239200,2025-12-20 14:00:00,1.506,1.522,1.513,1.52,70730.159
1766242800,2025-12-20 15:00:00,1.509,1.521,1.52,1.517,61205.238
1766246400,2025-12-20 16:00:00,1.514,1.52,1.517,1.519,52814.184
1766250000,2025-12-20 17:00:00,1.514,1.523,1.519,1.514,29417.394
1766253600,2025-12-20 18:00:00,1.513,1.524,1.515,1.521,63369.22
1766257200,2025-12-20 19:00:00,1.517,1.521,1.52,1.517,35067.653
1766260800,2025-12-20 20:00:00,1.514,1.521,1.517,1.521,41386.312
1766264400,2025-12-20 21:00:00,1.515,1.522,1.522,1.516,48894.616
1766268000,2025-12-20 22:00:00,1.514,1.525,1.516,1.523,80049.458
1766271600,2025-12-20 23:00:00,1.521,1.526,1.522,1.522,49005.287
1766275200,2025-12-21 00:00:00,1.517,1.527,1.522,1.521,34272.159
1766278800,2025-12-21 01:00:00,1.503,1.52,1.52,1.504,79998.131
1766282400,2025-12-21 02:00:00,1.492,1.504,1.504,1.496,214024.018
1766286000,2025-12-21 03:00:00,1.496,1.51,1.496,1.507,77707.48
1766289600,2025-12-21 04:00:00,1.505,1.51,1.507,1.507,44196.295
1766293200,2025-12-21 05:00:00,1.506,1.519,1.507,1.509,49531.569
1766296800,2025-12-21 06:00:00,1.508,1.515,1.508,1.514,39857.397
1766300400,2025-12-21 07:00:00,1.512,1.517,1.513,1.516,44791.031
1766304000,2025-12-21 08:00:00,1.51,1.53,1.516,1.524,57528.725
1766307600,2025-12-21 09:00:00,1.519,1.535,1.525,1.53,52831.167
1766311200,2025-12-21 10:00:00,1.511,1.532,1.531,1.515,92131.05
1766314800,2025-12-21 11:00:00,1.51,1.518,1.515,1.513,47105.978
1766318400,2025-12-21 12:00:00,1.503,1.521,1.512,1.51,55378.277
1766322000,2025-12-21 13:00:00,1.455,1.51,1.51,1.459,222664.183
1766325600,2025-12-21 14:00:00,1.458,1.475,1.459,1.468,85084.846
1766329200,2025-12-21 15:00:00,1.454,1.471,1.467,1.463,117510.049
1766332800,2025-12-21 16:00:00,1.458,1.476,1.462,1.475,50217.881
1766336400,2025-12-21 17:00:00,1.467,1.487,1.476,1.468,113365.232
1766340000,2025-12-21 18:00:00,1.455,1.474,1.468,1.474,122384.354
1766343600,2025-12-21 19:00:00,1.473,1.49,1.475,1.487,73076.536
1766347200,2025-12-21 20:00:00,1.478,1.489,1.488,1.479,49705.707
1766350800,2025-12-21 21:00:00,1.467,1.486,1.479,1.477,106001.617
1766354400,2025-12-21 22:00:00,1.475,1.507,1.477,1.507,111291.955
1766358000,2025-12-21 23:00:00,1.498,1.527,1.508,1.51,174294.185
1766361600,2025-12-22 00:00:00,1.509,1.541,1.509,1.512,228227.741
1766365200,2025-12-22 01:00:00,1.511,1.534,1.511,1.513,124847.403
1766368800,2025-12-22 02:00:00,1.492,1.513,1.513,1.508,144467.57
1766372400,2025-12-22 03:00:00,1.502,1.523,1.508,1.515,59240.968
1766376000,2025-12-22 04:00:00,1.515,1.534,1.516,1.528,243858.086
1766379600,2025-12-22 05:00:00,1.522,1.532,1.528,1.523,88800.247
1766383200,2025-12-22 06:00:00,1.52,1.532,1.522,1.527,94767.166
1766386800,2025-12-22 07:00:00,1.525,1.536,1.526,1.535,36876.299
1766390400,2025-12-22 08:00:00,1.533,1.563,1.535,1.561,268277.059
1766394000,2025-12-22 09:00:00,1.555,1.568,1.561,1.568,106036.637
1766397600,2025-12-22 10:00:00,1.56,1.569,1.569,1.56,93390.555
1766401200,2025-12-22 11:00:00,1.554,1.568,1.559,1.559,74069.168
1766404800,2025-12-22 12:00:00,1.558,1.577,1.56,1.564,85281.015
1766408400,2025-12-22 13:00:00,1.562,1.576,1.563,1.574,105853.376
1766412000,2025-12-22 14:00:00,1.558,1.586,1.575,1.574,199406.084
1766415600,2025-12-22 15:00:00,1.542,1.577,1.575,1.558,225072.365
1766419200,2025-12-22 16:00:00,1.554,1.576,1.558,1.558,122880.093
1766422800,2025-12-22 17:00:00,1.545,1.559,1.557,1.554,68269.174
1766426400,2025-12-22 18:00:00,1.547,1.558,1.555,1.549,158584.971
1766430000,2025-12-22 19:00:00,1.503,1.548,1.548,1.504,459821.334
1766433600,2025-12-22 20:00:00,1.49,1.511,1.503,1.497,264513.373
1766437200,2025-12-22 21:00:00,1.497,1.51,1.497,1.503,98031.78
1766440800,2025-12-22 22:00:00,1.496,1.521,1.502,1.515,73025.403
1766444400,2025-12-22 23:00:00,1.5,1.514,1.514,1.505,87491.163
1766448000,2025-12-23 00:00:00,1.503,1.524,1.505,1.521,77223.219
1766451600,2025-12-23 01:00:00,1.494,1.522,1.52,1.496,320211.03
1766455200,2025-12-23 02:00:00,1.485,1.506,1.495,1.487,126270.9
1766458800,2025-12-23 03:00:00,1.477,1.495,1.486,1.491,99872.777
1766462400,2025-12-23 04:00:00,1.488,1.497,1.491,1.489,74827.065
1766466000,2025-12-23 05:00:00,1.48,1.49,1.489,1.485,80254.401
1766469600,2025-12-23 06:00:00,1.473,1.487,1.484,1.478,106608.862
1766473200,2025-12-23 07:00:00,1.473,1.481,1.477,1.477,51269.708
1766476800,2025-12-23 08:00:00,1.475,1.485,1.477,1.476,35603.975
1766480400,2025-12-23 09:00:00,1.472,1.482,1.476,1.481,61414.998
1766484000,2025-12-23 10:00:00,1.481,1.495,1.481,1.493,44863.47
1766487600,2025-12-23 11:00:00,1.49,1.499,1.493,1.49,37900.789
1766491200,2025-12-23 12:00:00,1.483,1.493,1.49,1.491,53814.622
1766494800,2025-12-23 13:00:00,1.477,1.498,1.49,1.483,87495.324
1766498400,2025-12-23 14:00:00,1.462,1.492,1.483,1.473,265936.117
1766502000,2025-12-23 15:00:00,1.468,1.491,1.472,1.487,115566.459
1766505600,2025-12-23 16:00:00,1.484,1.508,1.486,1.504,188343.403
1766509200,2025-12-23 17:00:00,1.486,1.53,1.505,1.486,254063.754
1766512800,2025-12-23 18:00:00,1.484,1.523,1.487,1.515,178852.548
1766516400,2025-12-23 19:00:00,1.499,1.515,1.515,1.504,141658.311
1766520000,2025-12-23 20:00:00,1.5,1.529,1.505,1.513,134750.137
1766523600,2025-12-23 21:00:00,1.504,1.515,1.514,1.505,78598.511
1766527200,2025-12-23 22:00:00,1.491,1.508,1.504,1.491,101134.384
1766530800,2025-12-23 23:00:00,1.483,1.492,1.49,1.485,138921.742
1766534400,2025-12-24 00:00:00,1.476,1.488,1.486,1.479,171867.686
1766538000,2025-12-24 01:00:00,1.47,1.485,1.479,1.474,111211.849
1766541600,2025-12-24 02:00:00,1.451,1.473,1.473,1.458,223798.482
1766545200,2025-12-24 03:00:00,1.452,1.469,1.458,1.468,112692.792
1766548800,2025-12-24 04:00:00,1.458,1.478,1.468,1.458,127096.165
1766552400,2025-12-24 05:00:00,1.447,1.465,1.458,1.45,124541.645
1766556000,2025-12-24 06:00:00,1.445,1.457,1.451,1.454,107039.016
1766559600,2025-12-24 07:00:00,1.441,1.455,1.454,1.441,130368.082
1766563200,2025-12-24 08:00:00,1.44,1.448,1.441,1.444,121112.739
1766566800,2025-12-24 09:00:00,1.442,1.449,1.445,1.444,68550.543
1766570400,2025-12-24 10:00:00,1.442,1.447,1.444,1.444,84629.885
1766574000,2025-12-24 11:00:00,1.444,1.452,1.444,1.445,70748.52
1766577600,2025-12-24 12:00:00,1.444,1.459,1.444,1.456,80280.367
1766581200,2025-12-24 13:00:00,1.449,1.458,1.456,1.452,74286.825
1766584800,2025-12-24 14:00:00,1.435,1.468,1.452,1.455,118510.632
1766588400,2025-12-24 15:00:00,1.447,1.467,1.455,1.465,101626.073
1766592000,2025-12-24 16:00:00,1.451,1.471,1.465,1.461,129828.823
1766595600,2025-12-24 17:00:00,1.448,1.463,1.462,1.448,68608.488
1766599200,2025-12-24 18:00:00,1.444,1.453,1.447,1.45,53635.476
1766602800,2025-12-24 19:00:00,1.447,1.459,1.45,1.458,57715.242
1766606400,2025-12-24 20:00:00,1.457,1.467,1.459,1.458,70670.821
1766610000,2025-12-24 21:00:00,1.455,1.46,1.459,1.457,55413.569
1766613600,2025-12-24 22:00:00,1.455,1.474,1.457,1.466,57292.054
1766617200,2025-12-24 23:00:00,1.451,1.465,1.465,1.456,69611.713
1766620800,2025-12-25 00:00:00,1.454,1.463,1.456,1.457,64856.916
1766624400,2025-12-25 01:00:00,1.459,1.467,1.459,1.465,45730.839
1766628000,2025-12-25 02:00:00,1.463,1.5,1.465,1.5,113252.477
1766631600,2025-12-25 03:00:00,1.478,1.501,1.5,1.496,99790.492
1766635200,2025-12-25 04:00:00,1.493,1.511,1.496,1.508,89673.044
1766638800,2025-12-25 05:00:00,1.489,1.508,1.508,1.491,86967.981
1766642400,2025-12-25 06:00:00,1.486,1.499,1.491,1.496,49695.135
1766646000,2025-12-25 07:00:00,1.487,1.501,1.495,1.501,38852.502
1766649600,2025-12-25 08:00:00,1.49,1.51,1.501,1.493,92928.839
1766653200,2025-12-25 09:00:00,1.482,1.494,1.493,1.482,45782.213
1766656800,2025-12-25 10:00:00,1.463,1.482,1.482,1.465,72544.979
1766660400,2025-12-25 11:00:00,1.465,1.477,1.465,1.47,35682.719
1766664000,2025-12-25 12:00:00,1.467,1.477,1.47,1.477,30302.374
1766667600,2025-12-25 13:00:00,1.476,1.492,1.476,1.483,63685.11
1766671200,2025-12-25 14:00:00,1.477,1.486,1.484,1.482,97330.297
1766674800,2025-12-25 15:00:00,1.479,1.506,1.482,1.499,134088.191
1766678400,2025-12-25 16:00:00,1.486,1.507,1.5,1.489,104016.387
1766682000,2025-12-25 17:00:00,1.481,1.494,1.489,1.492,75748.426
1766685600,2025-12-25 18:00:00,1.493,1.505,1.493,1.504,78354.582
1766689200,2025-12-25 19:00:00,1.496,1.505,1.505,1.504,83292.894
1766692800,2025-12-25 20:00:00,1.496,1.505,1.504,1.5,44497.18
1766696400,2025-12-25 21:00:00,1.497,1.503,1.5,1.5,36664.331
1766700000,2025-12-25 22:00:00,1.454,1.5,1.5,1.461,108274.577
1766703600,2025-12-25 23:00:00,1.433,1.465,1.46,1.437,252358.049
1766707200,2025-12-26 00:00:00,1.432,1.447,1.437,1.442,151956.088
1766710800,2025-12-26 01:00:00,1.442,1.459,1.442,1.456,87384.979
1766714400,2025-12-26 02:00:00,1.453,1.54,1.457,1.533,399831.328
1766718000,2025-12-26 03:00:00,1.518,1.537,1.533,1.527,164258.098
1766721600,2025-12-26 04:00:00,1.516,1.543,1.526,1.53,124201.572
1766725200,2025-12-26 05:00:00,1.529,1.541,1.531,1.538,37835.17
1766728800,2025-12-26 06:00:00,1.533,1.557,1.538,1.543,283761.816
1766732400,2025-12-26 07:00:00,1.519,1.562,1.543,1.522,146568.746
1766736000,2025-12-26 08:00:00,1.517,1.531,1.522,1.523,29767.424
1766739600,2025-12-26 09:00:00,1.521,1.53,1.524,1.528,64862.856
1766743200,2025-12-26 10:00:00,1.526,1.537,1.529,1.527,62267.395
1766746800,2025-12-26 11:00:00,1.523,1.529,1.526,1.525,43156.757
1766750400,2025-12-26 12:00:00,1.526,1.532,1.526,1.529,65071.883
1766754000,2025-12-26 13:00:00,1.525,1.533,1.528,1.529,37102.176
1766757600,2025-12-26 14:00:00,1.501,1.532,1.529,1.504,82354.87
1766761200,2025-12-26 15:00:00,1.487,1.514,1.503,1.511,194763.905
1766764800,2025-12-26 16:00:00,1.501,1.515,1.511,1.501,93062.109
1766768400,2025-12-26 17:00:00,1.497,1.517,1.502,1.51,102364.504
1766772000,2025-12-26 18:00:00,1.509,1.524,1.51,1.52,31926.24
1766775600,2025-12-26 19:00:00,1.516,1.529,1.52,1.524,92005.828
1766779200,2025-12-26 20:00:00,1.518,1.527,1.525,1.522,56408.826
1766782800,2025-12-26 21:00:00,1.515,1.526,1.522,1.515,44918.47
1766786400,2025-12-26 22:00:00,1.513,1.52,1.516,1.519,37065.724
1766790000,2025-12-26 23:00:00,1.514,1.52,1.519,1.516,84582.047
1766793600,2025-12-27 00:00:00,1.509,1.517,1.516,1.513,77936.348
1766797200,2025-12-27 01:00:00,1.511,1.524,1.513,1.524,41498.249
1766800800,2025-12-27 02:00:00,1.517,1.523,1.523,1.519,22018.571
1766804400,2025-12-27 03:00:00,1.52,1.537,1.52,1.537,67535.566
1766808000,2025-12-27 04:00:00,1.522,1.544,1.537,1.522,114920.14
1766811600,2025-12-27 05:00:00,1.522,1.53,1.522,1.528,55392.542
1766815200,2025-12-27 06:00:00,1.524,1.529,1.529,1.527,44100.553
1766818800,2025-12-27 07:00:00,1.518,1.527,1.527,1.519,78981.333
1766822400,2025-12-27 08:00:00,1.517,1.523,1.52,1.518,38392.78
1766826000,2025-12-27 09:00:00,1.51,1.52,1.518,1.516,60808.074
1766829600,2025-12-27 10:00:00,1.5,1.518,1.515,1.518,81204.562
1766833200,2025-12-27 11:00:00,1.512,1.534,1.519,1.531,67194.86
1766836800,2025-12-27 12:00:00,1.53,1.539,1.532,1.538,90387.125
1766840400,2025-12-27 13:00:00,1.526,1.539,1.538,1.529,67005.289
1766844000,2025-12-27 14:00:00,1.528,1.538,1.529,1.535,137303.126
1766847600,2025-12-27 15:00:00,1.531,1.553,1.535,1.552,160991.9
1766851200,2025-12-27 16:00:00,1.551,1.583,1.553,1.551,347438.89
1766854800,2025-12-27 17:00:00,1.546,1.555,1.551,1.552,194727.177
1766858400,2025-12-27 18:00:00,1.546,1.553,1.552,1.547,74398.016
1766862000,2025-12-27 19:00:00,1.545,1.551,1.548,1.549,52042.216
1766865600,2025-12-27 20:00:00,1.546,1.554,1.55,1.547,46270.808
1766869200,2025-12-27 21:00:00,1.548,1.568,1.548,1.568,51670.09
1766872800,2025-12-27 22:00:00,1.56,1.582,1.568,1.564,122667.541
1766876400,2025-12-27 23:00:00,1.564,1.601,1.564,1.593,170207.007
1766880000,2025-12-28 00:00:00,1.585,1.596,1.593,1.589,88809.099
1766883600,2025-12-28 01:00:00,1.584,1.593,1.59,1.585,76677.983
1766887200,2025-12-28 02:00:00,1.584,1.593,1.585,1.588,60468.158
1766890800,2025-12-28 03:00:00,1.583,1.593,1.587,1.591,35379.766
1766894400,2025-12-28 04:00:00,1.591,1.598,1.591,1.596,51232.749
1766898000,2025-12-28 05:00:00,1.594,1.607,1.595,1.599,64821.029
1766901600,2025-12-28 06:00:00,1.595,1.614,1.599,1.602,195738.07
1766905200,2025-12-28 07:00:00,1.601,1.607,1.602,1.604,49212.2
1766908800,2025-12-28 08:00:00,1.604,1.614,1.604,1.612,53727.48
1766912400,2025-12-28 09:00:00,1.596,1.612,1.612,1.6,49451.196
1766916000,2025-12-28 10:00:00,1.597,1.606,1.6,1.598,50525.69
1766919600,2025-12-28 11:00:00,1.587,1.601,1.599,1.594,65585.658
1766923200,2025-12-28 12:00:00,1.583,1.594,1.594,1.584,42146.769
1766926800,2025-12-28 13:00:00,1.579,1.591,1.584,1.582,87914.226
1766930400,2025-12-28 14:00:00,1.582,1.593,1.583,1.588,50177.513
1766934000,2025-12-28 15:00:00,1.568,1.593,1.589,1.588,143402.642
1766937600,2025-12-28 16:00:00,1.579,1.591,1.589,1.582,83334.708
1766941200,2025-12-28 17:00:00,1.575,1.585,1.581,1.576,42229.839
1766944800,2025-12-28 18:00:00,1.56,1.576,1.576,1.562,286309.772
1766948400,2025-12-28 19:00:00,1.554,1.563,1.561,1.556,88959.883
1766952000,2025-12-28 20:00:00,1.555,1.564,1.556,1.561,53702.95
1766955600,2025-12-28 21:00:00,1.553,1.563,1.561,1.558,40501.399
1766959200,2025-12-28 22:00:00,1.556,1.579,1.558,1.574,81663.043
1766962800,2025-12-28 23:00:00,1.559,1.583,1.574,1.581,164122.021
1766966400,2025-12-29 00:00:00,1.576,1.607,1.582,1.599,182069.396
1766970000,2025-12-29 01:00:00,1.583,1.605,1.6,1.598,135806.721
1766973600,2025-12-29 02:00:00,1.585,1.61,1.599,1.589,70523.473
1766977200,2025-12-29 03:00:00,1.587,1.607,1.589,1.603,103990.663
1766980800,2025-12-29 04:00:00,1.596,1.607,1.604,1.599,108669.835
1766984400,2025-12-29 05:00:00,1.581,1.6,1.599,1.583,118344.858
1766988000,2025-12-29 06:00:00,1.579,1.591,1.583,1.584,178097.688
1766991600,2025-12-29 07:00:00,1.572,1.586,1.583,1.583,75865.581
1766995200,2025-12-29 08:00:00,1.569,1.584,1.583,1.57,106478.818
1766998800,2025-12-29 09:00:00,1.532,1.57,1.57,1.542,136189.007
1767002400,2025-12-29 10:00:00,1.539,1.552,1.542,1.545,152831.307
1767006000,2025-12-29 11:00:00,1.536,1.548,1.545,1.536,79011.603
1767009600,2025-12-29 12:00:00,1.51,1.538,1.536,1.524,183577.468
1767013200,2025-12-29 13:00:00,1.511,1.526,1.523,1.514,75259.887
1767016800,2025-12-29 14:00:00,1.51,1.54,1.514,1.517,161561.467
1767020400,2025-12-29 15:00:00,1.517,1.536,1.517,1.523,216818.178
1767024000,2025-12-29 16:00:00,1.52,1.53,1.523,1.522,169407.137
1767027600,2025-12-29 17:00:00,1.511,1.528,1.523,1.522,80708.163
1767031200,2025-12-29 18:00:00,1.513,1.527,1.521,1.515,105295.858
1767034800,2025-12-29 19:00:00,1.512,1.525,1.515,1.516,96274.223
1767038400,2025-12-29 20:00:00,1.51,1.52,1.515,1.513,110997.721
1767042000,2025-12-29 21:00:00,1.512,1.526,1.513,1.523,189914.904
1767045600,2025-12-29 22:00:00,1.519,1.526,1.522,1.523,88172.721
1767049200,2025-12-29 23:00:00,1.519,1.527,1.522,1.521,91078.069
1767052800,2025-12-30 00:00:00,1.51,1.526,1.521,1.521,182772.544
1767056400,2025-12-30 01:00:00,1.516,1.532,1.52,1.526,86188.562
1767060000,2025-12-30 02:00:00,1.513,1.531,1.525,1.521,102054.989
1767063600,2025-12-30 03:00:00,1.511,1.526,1.522,1.523,75907.191
1767067200,2025-12-30 04:00:00,1.519,1.531,1.523,1.524,77271.788
1767070800,2025-12-30 05:00:00,1.513,1.524,1.523,1.52,55084.008
1767074400,2025-12-30 06:00:00,1.519,1.532,1.519,1.529,49435.571
1767078000,2025-12-30 07:00:00,1.525,1.533,1.529,1.529,78113.895
1767081600,2025-12-30 08:00:00,1.529,1.559,1.529,1.543,144901.973
1767085200,2025-12-30 09:00:00,1.535,1.548,1.543,1.548,80630.22
1767088800,2025-12-30 10:00:00,1.54,1.549,1.548,1.544,121804.133
1767092400,2025-12-30 11:00:00,1.54,1.545,1.545,1.543,57353.137
1767096000,2025-12-30 12:00:00,1.534,1.547,1.543,1.536,51572.967
1767099600,2025-12-30 13:00:00,1.536,1.546,1.536,1.538,87715.895
1767103200,2025-12-30 14:00:00,1.523,1.556,1.537,1.545,240579.481
1767106800,2025-12-30 15:00:00,1.53,1.547,1.546,1.545,122075.017
1767110400,2025-12-30 16:00:00,1.527,1.549,1.545,1.531,212975.655
1767114000,2025-12-30 17:00:00,1.52,1.534,1.531,1.524,106366.668
1767117600,2025-12-30 18:00:00,1.521,1.528,1.523,1.527,84734.892
1767121200,2025-12-30 19:00:00,1.514,1.529,1.526,1.528,107797.349
1767124800,2025-12-30 20:00:00,1.511,1.528,1.528,1.513,85569.281
1767128400,2025-12-30 21:00:00,1.51,1.517,1.512,1.517,47292.376
1767132000,2025-12-30 22:00:00,1.511,1.522,1.516,1.514,88232.146
1767135600,2025-12-30 23:00:00,1.513,1.52,1.514,1.514,63504.602
1767139200,2025-12-31 00:00:00,1.503,1.514,1.514,1.508,98742.001
1767142800,2025-12-31 01:00:00,1.507,1.529,1.507,1.524,101130.572
1767146400,2025-12-31 02:00:00,1.516,1.525,1.524,1.52,105278.471
1767150000,2025-12-31 03:00:00,1.511,1.521,1.52,1.516,47469.391
1767153600,2025-12-31 04:00:00,1.514,1.521,1.516,1.518,70252.255
1767157200,2025-12-31 05:00:00,1.514,1.52,1.518,1.516,125850.28
1767160800,2025-12-31 06:00:00,1.515,1.523,1.516,1.519,65099.827
1767164400,2025-12-31 07:00:00,1.513,1.519,1.519,1.518,90874.216
1767168000,2025-12-31 08:00:00,1.508,1.523,1.519,1.508,72524.515
1767171600,2025-12-31 09:00:00,1.5,1.51,1.509,1.508,96117.215
1767175200,2025-12-31 10:00:00,1.496,1.509,1.507,1.5,122293.952
1767178800,2025-12-31 11:00:00,1.501,1.522,1.501,1.517,111577.534
1767182400,2025-12-31 12:00:00,1.506,1.517,1.517,1.51,77003.54
1767186000,2025-12-31 13:00:00,1.507,1.52,1.509,1.516,61198.916
1767189600,2025-12-31 14:00:00,1.512,1.527,1.517,1.514,201345.659
1767193200,2025-12-31 15:00:00,1.504,1.517,1.514,1.506,232909.017
1767196800,2025-12-31 16:00:00,1.468,1.507,1.506,1.481,143922.289
1767200400,2025-12-31 17:00:00,1.475,1.486,1.481,1.482,99899.795
1767204000,2025-12-31 18:00:00,1.476,1.491,1.482,1.478,209841.609
1767207600,2025-12-31 19:00:00,1.479,1.492,1.479,1.486,213445.956
1767211200,2025-12-31 20:00:00,1.475,1.499,1.485,1.495,166777.794
1767214800,2025-12-31 21:00:00,1.494,1.517,1.495,1.513,263444.099
1767218400,2025-12-31 22:00:00,1.506,1.528,1.513,1.509,185892.555
1767222000,2025-12-31 23:00:00,1.504,1.513,1.508,1.511,215171.786
1767225600,2026-01-01 00:00:00,1.509,1.527,1.511,1.514,207971.327
1767229200,2026-01-01 01:00:00,1.51,1.526,1.514,1.51,122487.069
1767232800,2026-01-01 02:00:00,1.506,1.512,1.51,1.508,70680.62
1767236400,2026-01-01 03:00:00,1.503,1.514,1.507,1.504,78320.18
1767240000,2026-01-01 04:00:00,1.497,1.505,1.504,1.504,110227.021
1767243600,2026-01-01 05:00:00,1.505,1.512,1.505,1.51,67400.484
1767247200,2026-01-01 06:00:00,1.502,1.511,1.511,1.502,53375.645
1767250800,2026-01-01 07:00:00,1.502,1.511,1.504,1.51,44251.076
1767254400,2026-01-01 08:00:00,1.509,1.517,1.51,1.517,65866.247
1767258000,2026-01-01 09:00:00,1.517,1.525,1.518,1.52,102540.08
1767261600,2026-01-01 10:00:00,1.516,1.522,1.52,1.517,36380.325
1767265200,2026-01-01 11:00:00,1.518,1.533,1.518,1.528,34381.066
1767268800,2026-01-01 12:00:00,1.52,1.531,1.528,1.522,57726.581
1767272400,2026-01-01 13:00:00,1.521,1.549,1.521,1.549,78765.308
1767276000,2026-01-01 14:00:00,1.543,1.565,1.55,1.552,118530.733
1767279600,2026-01-01 15:00:00,1.547,1.581,1.553,1.574,173586.734
1767283200,2026-01-01 16:00:00,1.569,1.588,1.575,1.582,147694.656
1767286800,2026-01-01 17:00:00,1.579,1.592,1.582,1.589,168115.451
1767290400,2026-01-01 18:00:00,1.583,1.601,1.589,1.599,236240.032
1767294000,2026-01-01 19:00:00,1.59,1.613,1.599,1.613,90334.284
1767297600,2026-01-01 20:00:00,1.596,1.616,1.613,1.606,120450.071
1767301200,2026-01-01 21:00:00,1.601,1.622,1.606,1.617,238873.561
1767304800,2026-01-01 22:00:00,1.605,1.633,1.617,1.626,183487.649
1767308400,2026-01-01 23:00:00,1.62,1.631,1.626,1.626,216910.312
1767312000,2026-01-02 00:00:00,1.623,1.64,1.626,1.625,140247.018
1767315600,2026-01-02 01:00:00,1.626,1.651,1.626,1.644,186623.089
1767319200,2026-01-02 02:00:00,1.634,1.647,1.643,1.647,187571.681
1767322800,2026-01-02 03:00:00,1.643,1.66,1.647,1.653,232143.446
1767326400,2026-01-02 04:00:00,1.641,1.655,1.654,1.644,145559.136
1767330000,2026-01-02 05:00:00,1.641,1.649,1.643,1.644,82498.463
1767333600,2026-01-02 06:00:00,1.635,1.647,1.644,1.637,74567.763
1767337200,2026-01-02 07:00:00,1.626,1.64,1.637,1.627,94844.497
1767340800,2026-01-02 08:00:00,1.627,1.639,1.627,1.635,51356.659
1767344400,2026-01-02 09:00:00,1.633,1.663,1.635,1.654,103009.036
1767348000,2026-01-02 10:00:00,1.643,1.659,1.655,1.647,135855.064
1767351600,2026-01-02 11:00:00,1.629,1.647,1.647,1.634,96118.308
1767355200,2026-01-02 12:00:00,1.63,1.647,1.634,1.64,119718.59
1767358800,2026-01-02 13:00:00,1.636,1.644,1.639,1.638,78476.471
1767362400,2026-01-02 14:00:00,1.613,1.651,1.638,1.636,385479.985
1767366000,2026-01-02 15:00:00,1.621,1.647,1.636,1.635,201401.512
1767369600,2026-01-02 16:00:00,1.631,1.666,1.636,1.662,262298.849
1767373200,2026-01-02 17:00:00,1.652,1.665,1.662,1.662,138167.942
1767376800,2026-01-02 18:00:00,1.659,1.676,1.662,1.669,116978.818
1767380400,2026-01-02 19:00:00,1.667,1.691,1.67,1.685,149402.208
1767384000,2026-01-02 20:00:00,1.674,1.688,1.685,1.679,113415.792
1767387600,2026-01-02 21:00:00,1.675,1.692,1.679,1.685,91106.525
1767391200,2026-01-02 22:00:00,1.679,1.696,1.686,1.684,118665.235
1767394800,2026-01-02 23:00:00,1.682,1.692,1.683,1.69,83269.763
1767398400,2026-01-03 00:00:00,1.687,1.704,1.691,1.692,95219.034
1767402000,2026-01-03 01:00:00,1.684,1.7,1.691,1.693,65574.187
1767405600,2026-01-03 02:00:00,1.686,1.699,1.692,1.695,76263.721
1767409200,2026-01-03 03:00:00,1.687,1.712,1.695,1.709,152874.766
1767412800,2026-01-03 04:00:00,1.697,1.709,1.709,1.703,82670.749
1767416400,2026-01-03 05:00:00,1.695,1.708,1.703,1.702,52971.956
1767420000,2026-01-03 06:00:00,1.689,1.717,1.701,1.692,157094.39
1767423600,2026-01-03 07:00:00,1.657,1.692,1.692,1.666,116848.521
1767427200,2026-01-03 08:00:00,1.662,1.679,1.666,1.669,107048.277
1767430800,2026-01-03 09:00:00,1.659,1.674,1.669,1.666,91777.395
1767434400,2026-01-03 10:00:00,1.661,1.668,1.666,1.666,45410.842
1767438000,2026-01-03 11:00:00,1.666,1.675,1.667,1.673,36189.183
1767441600,2026-01-03 12:00:00,1.671,1.698,1.672,1.692,96113.597
1767445200,2026-01-03 13:00:00,1.69,1.706,1.692,1.696,74671.398
1767448800,2026-01-03 14:00:00,1.688,1.701,1.696,1.691,68206.822
1767452400,2026-01-03 15:00:00,1.68,1.692,1.69,1.681,62988.815
1767456000,2026-01-03 16:00:00,1.681,1.708,1.682,1.705,134319.857
1767459600,2026-01-03 17:00:00,1.695,1.708,1.705,1.697,94950.634
1767463200,2026-01-03 18:00:00,1.694,1.71,1.697,1.706,95696.337
1767466800,2026-01-03 19:00:00,1.701,1.712,1.705,1.705,87842
1767470400,2026-01-03 20:00:00,1.694,1.705,1.704,1.701,75931.114
1767474000,2026-01-03 21:00:00,1.698,1.711,1.701,1.701,45721.815
1767477600,2026-01-03 22:00:00,1.698,1.712,1.7,1.709,48616.86
1767481200,2026-01-03 23:00:00,1.708,1.716,1.708,1.709,42462.725
1767484800,2026-01-04 00:00:00,1.704,1.731,1.708,1.71,212941.515
1767488400,2026-01-04 01:00:00,1.691,1.715,1.71,1.698,140764.001
1767492000,2026-01-04 02:00:00,1.693,1.705,1.698,1.703,83203.108
1767495600,2026-01-04 03:00:00,1.703,1.718,1.703,1.711,122597.611
1767499200,2026-01-04 04:00:00,1.707,1.714,1.711,1.709,48344.181
1767502800,2026-01-04 05:00:00,1.701,1.714,1.709,1.709,53377.923
1767506400,2026-01-04 06:00:00,1.692,1.71,1.709,1.699,147830.86
1767510000,2026-01-04 07:00:00,1.697,1.717,1.698,1.71,54433.625
1767513600,2026-01-04 08:00:00,1.699,1.716,1.709,1.714,121944.501
1767517200,2026-01-04 09:00:00,1.708,1.72,1.714,1.714,63870.281
1767520800,2026-01-04 10:00:00,1.713,1.728,1.715,1.723,87828.531
1767524400,2026-01-04 11:00:00,1.714,1.729,1.722,1.724,91524.345
1767528000,2026-01-04 12:00:00,1.722,1.741,1.724,1.722,153878.983
1767531600,2026-01-04 13:00:00,1.708,1.723,1.721,1.722,86749.977
1767535200,2026-01-04 14:00:00,1.717,1.732,1.722,1.726,127231.271
1767538800,2026-01-04 15:00:00,1.724,1.739,1.726,1.734,84970.12
1767542400,2026-01-04 16:00:00,1.731,1.742,1.734,1.736,177542.605
1767546000,2026-01-04 17:00:00,1.729,1.739,1.735,1.736,55573.424
1767549600,2026-01-04 18:00:00,1.717,1.74,1.736,1.732,77192.263
1767553200,2026-01-04 19:00:00,1.705,1.732,1.731,1.722,122741.014
1767556800,2026-01-04 20:00:00,1.72,1.73,1.721,1.721,33936.976
1767560400,2026-01-04 21:00:00,1.711,1.734,1.721,1.716,59918.278
1767564000,2026-01-04 22:00:00,1.714,1.724,1.715,1.72,40327.2
1767567600,2026-01-04 23:00:00,1.72,1.736,1.72,1.728,112409.471
1767571200,2026-01-05 00:00:00,1.723,1.743,1.728,1.738,163910.693
1767574800,2026-01-05 01:00:00,1.735,1.772,1.739,1.761,175170.719
1767578400,2026-01-05 02:00:00,1.739,1.767,1.76,1.764,140920.578
1767582000,2026-01-05 03:00:00,1.756,1.798,1.764,1.792,235350.687
1767585600,2026-01-05 04:00:00,1.754,1.8,1.793,1.771,204053.455
1767589200,2026-01-05 05:00:00,1.758,1.778,1.77,1.76,107974.079
1767592800,2026-01-05 06:00:00,1.733,1.767,1.761,1.747,117648.654
1767596400,2026-01-05 07:00:00,1.736,1.76,1.747,1.748,93594.816
1767600000,2026-01-05 08:00:00,1.729,1.759,1.747,1.73,72764.113
1767603600,2026-01-05 09:00:00,1.712,1.729,1.729,1.719,172260.32
1767607200,2026-01-05 10:00:00,1.709,1.732,1.719,1.717,91325.863
1767610800,2026-01-05 11:00:00,1.71,1.72,1.716,1.718,62708.181
1767614400,2026-01-05 12:00:00,1.712,1.732,1.718,1.728,93359.199
1767618000,2026-01-05 13:00:00,1.714,1.735,1.728,1.723,94207.129
1767621600,2026-01-05 14:00:00,1.72,1.755,1.722,1.746,194039.19
1767625200,2026-01-05 15:00:00,1.723,1.764,1.747,1.758,176524.571
1767628800,2026-01-05 16:00:00,1.742,1.768,1.758,1.747,135187.132
1767632400,2026-01-05 17:00:00,1.722,1.764,1.746,1.763,164259.186
1767636000,2026-01-05 18:00:00,1.755,1.779,1.763,1.778,203268.892
1767639600,2026-01-05 19:00:00,1.761,1.783,1.779,1.768,115294.921
1767643200,2026-01-05 20:00:00,1.764,1.795,1.768,1.77,208190.776
1767646800,2026-01-05 21:00:00,1.757,1.773,1.77,1.759,135491.408
1767650400,2026-01-05 22:00:00,1.758,1.796,1.759,1.784,163673.244
1767654000,2026-01-05 23:00:00,1.773,1.789,1.783,1.773,166598.994
1767657600,2026-01-06 00:00:00,1.746,1.78,1.773,1.772,211500.603
1767661200,2026-01-06 01:00:00,1.758,1.789,1.773,1.762,136439.223
1767664800,2026-01-06 02:00:00,1.758,1.773,1.761,1.764,108360.96
1767668400,2026-01-06 03:00:00,1.762,1.787,1.763,1.778,128122.305
1767672000,2026-01-06 04:00:00,1.774,1.796,1.778,1.789,169043.222
1767675600,2026-01-06 05:00:00,1.776,1.79,1.789,1.778,104684.588
1767679200,2026-01-06 06:00:00,1.77,1.798,1.778,1.784,125892.952
1767682800,2026-01-06 07:00:00,1.749,1.785,1.785,1.758,74955.643
1767686400,2026-01-06 08:00:00,1.758,1.771,1.758,1.762,87286.198
1767690000,2026-01-06 09:00:00,1.759,1.777,1.762,1.768,79667.957
1767693600,2026-01-06 10:00:00,1.768,1.785,1.768,1.78,70862.881
1767697200,2026-01-06 11:00:00,1.779,1.825,1.779,1.82,243206.894
1767700800,2026-01-06 12:00:00,1.814,1.837,1.82,1.829,231144.191
1767704400,2026-01-06 13:00:00,1.815,1.833,1.829,1.82,143121.677
1767708000,2026-01-06 14:00:00,1.81,1.843,1.82,1.819,218083.303
1767711600,2026-01-06 15:00:00,1.783,1.833,1.818,1.794,353110.159
1767715200,2026-01-06 16:00:00,1.754,1.805,1.794,1.767,443528.803
1767718800,2026-01-06 17:00:00,1.731,1.789,1.766,1.733,407382.013
1767722400,2026-01-06 18:00:00,1.729,1.758,1.732,1.751,192918.342
1767726000,2026-01-06 19:00:00,1.749,1.763,1.752,1.752,69482.449
1767729600,2026-01-06 20:00:00,1.753,1.793,1.753,1.786,104773.801
1767733200,2026-01-06 21:00:00,1.779,1.828,1.786,1.813,174014.58
1767736800,2026-01-06 22:00:00,1.791,1.819,1.813,1.8,115673.702
1767740400,2026-01-06 23:00:00,1.8,1.813,1.802,1.807,83439.036
1767744000,2026-01-07 00:00:00,1.766,1.807,1.807,1.767,110644.615
1767747600,2026-01-07 01:00:00,1.752,1.776,1.768,1.756,147057.516
1767751200,2026-01-07 02:00:00,1.752,1.779,1.756,1.777,100333.829
1767754800,2026-01-07 03:00:00,1.767,1.783,1.777,1.772,88417.126
1767758400,2026-01-07 04:00:00,1.76,1.771,1.771,1.763,73170.529
1767762000,2026-01-07 05:00:00,1.76,1.773,1.763,1.762,110941.653
1767765600,2026-01-07 06:00:00,1.755,1.766,1.763,1.759,228934.533
1767769200,2026-01-07 07:00:00,1.759,1.789,1.76,1.789,102749.785
1767772800,2026-01-07 08:00:00,1.782,1.802,1.79,1.799,136144.282
1767776400,2026-01-07 09:00:00,1.758,1.802,1.798,1.761,187853.569
1767780000,2026-01-07 10:00:00,1.759,1.772,1.76,1.764,148538.75
1767783600,2026-01-07 11:00:00,1.763,1.773,1.764,1.772,50611.455
1767787200,2026-01-07 12:00:00,1.75,1.772,1.772,1.754,93951.584
1767790800,2026-01-07 13:00:00,1.742,1.761,1.755,1.745,120798.433
1767794400,2026-01-07 14:00:00,1.714,1.749,1.745,1.745,290088.848
1767798000,2026-01-07 15:00:00,1.709,1.745,1.745,1.718,292107.699
1767801600,2026-01-07 16:00:00,1.709,1.73,1.717,1.719,103350.195
1767805200,2026-01-07 17:00:00,1.716,1.733,1.72,1.719,111457.625
1767808800,2026-01-07 18:00:00,1.716,1.734,1.718,1.724,125046.462
1767812400,2026-01-07 19:00:00,1.713,1.734,1.724,1.729,122968.281
1767816000,2026-01-07 20:00:00,1.714,1.731,1.73,1.72,74776.42
1767819600,2026-01-07 21:00:00,1.717,1.727,1.72,1.717,50903.308
1767823200,2026-01-07 22:00:00,1.707,1.73,1.717,1.712,65389.997
1767826800,2026-01-07 23:00:00,1.702,1.729,1.712,1.72,83626.712
1767830400,2026-01-08 00:00:00,1.71,1.724,1.72,1.722,74472.867
1767834000,2026-01-08 01:00:00,1.715,1.725,1.723,1.721,88068.245
1767837600,2026-01-08 02:00:00,1.71,1.728,1.721,1.713,76705.896
1767841200,2026-01-08 03:00:00,1.697,1.723,1.712,1.698,73361.852
1767844800,2026-01-08 04:00:00,1.695,1.718,1.697,1.706,107715.506
1767848400,2026-01-08 05:00:00,1.7,1.714,1.706,1.702,59020.901
1767852000,2026-01-08 06:00:00,1.672,1.705,1.702,1.674,134332.785
1767855600,2026-01-08 07:00:00,1.665,1.709,1.674,1.709,213575.103
1767859200,2026-01-08 08:00:00,1.693,1.716,1.709,1.695,89251.591
1767862800,2026-01-08 09:00:00,1.68,1.702,1.696,1.681,219507.729
1767866400,2026-01-08 10:00:00,1.674,1.7,1.68,1.693,111979.262
1767870000,2026-01-08 11:00:00,1.679,1.695,1.693,1.688,68473.463
1767873600,2026-01-08 12:00:00,1.671,1.689,1.689,1.675,111299.15
1767877200,2026-01-08 13:00:00,1.663,1.679,1.675,1.668,88879.401
1767880800,2026-01-08 14:00:00,1.655,1.682,1.667,1.677,176185.676
1767884400,2026-01-08 15:00:00,1.666,1.714,1.676,1.713,213416.539
1767888000,2026-01-08 16:00:00,1.679,1.716,1.713,1.7,254115.252
1767891600,2026-01-08 17:00:00,1.691,1.709,1.701,1.707,84531.945
1767895200,2026-01-08 18:00:00,1.686,1.71,1.708,1.691,138146.098
1767898800,2026-01-08 19:00:00,1.68,1.698,1.691,1.681,48705.565
1767902400,2026-01-08 20:00:00,1.663,1.681,1.681,1.678,72782.111
1767906000,2026-01-08 21:00:00,1.678,1.697,1.678,1.695,29527.924
1767909600,2026-01-08 22:00:00,1.684,1.705,1.696,1.694,77512.394
1767913200,2026-01-08 23:00:00,1.684,1.696,1.694,1.686,42835.879
1767916800,2026-01-09 00:00:00,1.682,1.692,1.686,1.69,138223.923
1767920400,2026-01-09 01:00:00,1.676,1.706,1.69,1.679,146000.798
1767924000,2026-01-09 02:00:00,1.674,1.695,1.679,1.675,47450.604
1767927600,2026-01-09 03:00:00,1.672,1.694,1.674,1.694,121739.531
1767931200,2026-01-09 04:00:00,1.684,1.696,1.693,1.688,74839.676
1767934800,2026-01-09 05:00:00,1.687,1.699,1.688,1.699,75898.206
1767938400,2026-01-09 06:00:00,1.693,1.705,1.699,1.701,46027.501
1767942000,2026-01-09 07:00:00,1.693,1.701,1.701,1.694,118143.35
1767945600,2026-01-09 08:00:00,1.659,1.697,1.694,1.671,117852.061
1767949200,2026-01-09 09:00:00,1.67,1.687,1.671,1.676,80078.251
1767952800,2026-01-09 10:00:00,1.672,1.682,1.676,1.68,40210.759
1767956400,2026-01-09 11:00:00,1.678,1.687,1.68,1.681,38240.796
1767960000,2026-01-09 12:00:00,1.669,1.683,1.68,1.672,37796.845
1767963600,2026-01-09 13:00:00,1.672,1.709,1.672,1.702,163886.964
1767967200,2026-01-09 14:00:00,1.677,1.701,1.701,1.684,172454.84
1767970800,2026-01-09 15:00:00,1.671,1.754,1.684,1.721,454864.087
1767974400,2026-01-09 16:00:00,1.722,1.754,1.722,1.744,175451.703
1767978000,2026-01-09 17:00:00,1.71,1.746,1.745,1.727,144237.268
1767981600,2026-01-09 18:00:00,1.683,1.728,1.726,1.704,181927.671
1767985200,2026-01-09 19:00:00,1.676,1.704,1.704,1.683,125979.288
1767988800,2026-01-09 20:00:00,1.681,1.697,1.682,1.688,131942.281
1767992400,2026-01-09 21:00:00,1.682,1.705,1.689,1.699,87070.686
1767996000,2026-01-09 22:00:00,1.696,1.714,1.699,1.708,68103.39
1767999600,2026-01-09 23:00:00,1.698,1.709,1.708,1.7,35833.271
1768003200,2026-01-10 00:00:00,1.685,1.702,1.7,1.686,71502.238
1768006800,2026-01-10 01:00:00,1.686,1.696,1.687,1.691,80731.83
1768010400,2026-01-10 02:00:00,1.679,1.692,1.69,1.685,45490.286
1768014000,2026-01-10 03:00:00,1.674,1.685,1.685,1.684,33347.409
1768017600,2026-01-10 04:00:00,1.673,1.684,1.683,1.679,42949.383
1768021200,2026-01-10 05:00:00,1.677,1.685,1.68,1.678,97319.072
1768024800,2026-01-10 06:00:00,1.672,1.689,1.678,1.685,46612.871
1768028400,2026-01-10 07:00:00,1.685,1.703,1.685,1.701,47336.338
1768032000,2026-01-10 08:00:00,1.696,1.703,1.701,1.702,60010.08
1768035600,2026-01-10 09:00:00,1.7,1.71,1.702,1.709,64910.194
1768039200,2026-01-10 10:00:00,1.699,1.713,1.709,1.711,32133.085
1768042800,2026-01-10 11:00:00,1.703,1.712,1.71,1.712,22698.303
1768046400,2026-01-10 12:00:00,1.711,1.729,1.711,1.728,36083.975
1768050000,2026-01-10 13:00:00,1.72,1.731,1.727,1.721,40288.875
1768053600,2026-01-10 14:00:00,1.708,1.721,1.72,1.71,37837.211
1768057200,2026-01-10 15:00:00,1.703,1.715,1.71,1.706,64691.371
1768060800,2026-01-10 16:00:00,1.696,1.705,1.705,1.7,42094.068
1768064400,2026-01-10 17:00:00,1.688,1.707,1.701,1.692,40033.287
1768068000,2026-01-10 18:00:00,1.688,1.704,1.693,1.699,35614.679
1768071600,2026-01-10 19:00:00,1.698,1.713,1.699,1.713,33902.363
1768075200,2026-01-10 20:00:00,1.702,1.714,1.714,1.703,26032.507
1768078800,2026-01-10 21:00:00,1.692,1.704,1.703,1.693,49440.557
1768082400,2026-01-10 22:00:00,1.681,1.697,1.692,1.681,34742.442
1768086000,2026-01-10 23:00:00,1.681,1.69,1.681,1.686,33626.848
1768089600,2026-01-11 00:00:00,1.682,1.693,1.686,1.692,75026.862
1768093200,2026-01-11 01:00:00,1.683,1.692,1.692,1.69,60922.963
1768096800,2026-01-11 02:00:00,1.688,1.696,1.691,1.691,38566.568
1768100400,2026-01-11 03:00:00,1.69,1.695,1.691,1.692,28686.089
1768104000,2026-01-11 04:00:00,1.685,1.693,1.692,1.691,34593.282
1768107600,2026-01-11 05:00:00,1.686,1.693,1.691,1.689,33786.987
1768111200,2026-01-11 06:00:00,1.678,1.69,1.689,1.687,50051.925
1768114800,2026-01-11 07:00:00,1.683,1.689,1.687,1.687,23475.424
1768118400,2026-01-11 08:00:00,1.684,1.698,1.687,1.694,49404.591
1768122000,2026-01-11 09:00:00,1.692,1.702,1.693,1.697,80302.358
1768125600,2026-01-11 10:00:00,1.693,1.702,1.697,1.697,72595.06
1768129200,2026-01-11 11:00:00,1.695,1.702,1.697,1.701,30653.142
1768132800,2026-01-11 12:00:00,1.702,1.716,1.702,1.713,122649.367
1768136400,2026-01-11 13:00:00,1.7,1.716,1.714,1.701,30024.247
1768140000,2026-01-11 14:00:00,1.7,1.72,1.701,1.719,108268.713
1768143600,2026-01-11 15:00:00,1.686,1.72,1.72,1.693,93280.203
1768147200,2026-01-11 16:00:00,1.691,1.719,1.693,1.713,193970.346
1768150800,2026-01-11 17:00:00,1.701,1.725,1.714,1.725,113170.826
1768154400,2026-01-11 18:00:00,1.713,1.726,1.724,1.725,63749.082
1768158000,2026-01-11 19:00:00,1.716,1.736,1.725,1.718,131110.766
1768161600,2026-01-11 20:00:00,1.688,1.717,1.717,1.693,133645.348
1768165200,2026-01-11 21:00:00,1.681,1.703,1.692,1.699,76469.234
1768168800,2026-01-11 22:00:00,1.678,1.698,1.698,1.679,77608.994
1768172400,2026-01-11 23:00:00,1.67,1.706,1.678,1.7,123119.145
1768176000,2026-01-12 00:00:00,1.674,1.711,1.7,1.7,176742.46
1768179600,2026-01-12 01:00:00,1.695,1.718,1.701,1.706,143418.49
1768183200,2026-01-12 02:00:00,1.705,1.751,1.707,1.746,374151.719
1768186800,2026-01-12 03:00:00,1.733,1.767,1.747,1.733,211575.346
1768190400,2026-01-12 04:00:00,1.733,1.751,1.733,1.751,96915.37
1768194000,2026-01-12 05:00:00,1.744,1.757,1.749,1.749,57260.268
1768197600,2026-01-12 06:00:00,1.73,1.755,1.749,1.735,108812.577
1768201200,2026-01-12 07:00:00,1.714,1.755,1.736,1.715,138847.292
1768204800,2026-01-12 08:00:00,1.673,1.72,1.714,1.687,124756.948
1768208400,2026-01-12 09:00:00,1.664,1.693,1.687,1.667,378283.039
1768212000,2026-01-12 10:00:00,1.664,1.678,1.666,1.67,53669.339
1768215600,2026-01-12 11:00:00,1.671,1.683,1.671,1.68,44237.702
1768219200,2026-01-12 12:00:00,1.668,1.68,1.68,1.671,52960.786
1768222800,2026-01-12 13:00:00,1.652,1.676,1.67,1.658,165409.955
1768226400,2026-01-12 14:00:00,1.642,1.682,1.658,1.673,243308.882
1768230000,2026-01-12 15:00:00,1.668,1.719,1.673,1.712,190311.006
1768233600,2026-01-12 16:00:00,1.705,1.736,1.712,1.72,168750.526
1768237200,2026-01-12 17:00:00,1.685,1.726,1.719,1.696,172694.664
1768240800,2026-01-12 18:00:00,1.683,1.71,1.696,1.688,91972.747
1768244400,2026-01-12 19:00:00,1.679,1.695,1.687,1.693,56395.919
1768248000,2026-01-12 20:00:00,1.678,1.709,1.692,1.681,64923.357
1768251600,2026-01-12 21:00:00,1.662,1.681,1.68,1.671,75378.625
1768255200,2026-01-12 22:00:00,1.669,1.683,1.669,1.678,65429.68
1768258800,2026-01-12 23:00:00,1.667,1.678,1.678,1.672,59889.594
1768262400,2026-01-13 00:00:00,1.672,1.691,1.673,1.69,186292.486
1768266000,2026-01-13 01:00:00,1.689,1.707,1.69,1.704,180160.325
1768269600,2026-01-13 02:00:00,1.698,1.724,1.704,1.699,120601.358
1768273200,2026-01-13 03:00:00,1.686,1.7,1.699,1.695,124705.486
1768276800,2026-01-13 04:00:00,1.693,1.711,1.696,1.706,234173.404
1768280400,2026-01-13 05:00:00,1.707,1.733,1.707,1.721,171305.171
1768284000,2026-01-13 06:00:00,1.722,1.745,1.722,1.744,161736.749
1768287600,2026-01-13 07:00:00,1.732,1.749,1.744,1.738,55037.263
1768291200,2026-01-13 08:00:00,1.728,1.751,1.739,1.739,194632.858
1768294800,2026-01-13 09:00:00,1.738,1.761,1.74,1.761,241236.758
1768298400,2026-01-13 10:00:00,1.756,1.786,1.761,1.784,249386.867
1768302000,2026-01-13 11:00:00,1.763,1.785,1.784,1.767,420565.679
1768305600,2026-01-13 12:00:00,1.753,1.78,1.767,1.779,157046.884
1768309200,2026-01-13 13:00:00,1.773,1.798,1.78,1.792,362858.335
1768312800,2026-01-13 14:00:00,1.786,1.823,1.79,1.793,187060.758
1768316400,2026-01-13 15:00:00,1.773,1.813,1.793,1.812,233762.919
1768320000,2026-01-13 16:00:00,1.804,1.855,1.811,1.822,451250.988
1768323600,2026-01-13 17:00:00,1.81,1.845,1.823,1.832,371966.585
1768327200,2026-01-13 18:00:00,1.824,1.854,1.831,1.828,209769.154
1768330800,2026-01-13 19:00:00,1.822,1.855,1.828,1.848,273153.416
1768334400,2026-01-13 20:00:00,1.821,1.851,1.849,1.828,110936.616
1768338000,2026-01-13 21:00:00,1.828,1.846,1.828,1.835,150366.124
1768341600,2026-01-13 22:00:00,1.833,1.894,1.835,1.873,371381.167
1768345200,2026-01-13 23:00:00,1.85,1.885,1.874,1.859,147185.787
1768348800,2026-01-14 00:00:00,1.856,1.871,1.86,1.861,117492.786
1768352400,2026-01-14 01:00:00,1.858,1.872,1.86,1.866,82093.301
1768356000,2026-01-14 02:00:00,1.858,1.878,1.866,1.86,89108.37
1768359600,2026-01-14 03:00:00,1.848,1.863,1.861,1.858,84770.513
1768363200,2026-01-14 04:00:00,1.84,1.86,1.858,1.84,123227.178
1768366800,2026-01-14 05:00:00,1.829,1.839,1.839,1.834,32103.147
1768370400,2026-01-14 06:00:00,1.823,1.841,1.833,1.84,67291.586
1768374000,2026-01-14 07:00:00,1.835,1.846,1.841,1.838,61208.454
1768377600,2026-01-14 08:00:00,1.838,1.858,1.839,1.844,179175.253
1768381200,2026-01-14 09:00:00,1.845,1.858,1.845,1.857,71188.795
1768384800,2026-01-14 10:00:00,1.848,1.863,1.857,1.853,59420.279
1768388400,2026-01-14 11:00:00,1.825,1.853,1.853,1.828,111902.578
1768392000,2026-01-14 12:00:00,1.822,1.833,1.829,1.825,60142.916
1768395600,2026-01-14 13:00:00,1.808,1.83,1.824,1.814,102714.256
1768399200,2026-01-14 14:00:00,1.814,1.846,1.814,1.836,136208.195
1768402800,2026-01-14 15:00:00,1.825,1.853,1.836,1.843,124876.843
1768406400,2026-01-14 16:00:00,1.829,1.863,1.843,1.83,231979.299
1768410000,2026-01-14 17:00:00,1.809,1.839,1.831,1.815,157207.137
1768413600,2026-01-14 18:00:00,1.799,1.829,1.815,1.81,149003.733
1768417200,2026-01-14 19:00:00,1.804,1.838,1.81,1.824,149634.383
1768420800,2026-01-14 20:00:00,1.812,1.834,1.824,1.821,137696.278
1768424400,2026-01-14 21:00:00,1.806,1.827,1.82,1.813,52007.423
1768428000,2026-01-14 22:00:00,1.789,1.814,1.812,1.793,63125.052
1768431600,2026-01-14 23:00:00,1.793,1.808,1.794,1.8,84822.549
1768435200,2026-01-15 00:00:00,1.793,1.805,1.8,1.805,72998.503
1768438800,2026-01-15 01:00:00,1.787,1.815,1.806,1.788,132333.623
1768442400,2026-01-15 02:00:00,1.78,1.795,1.787,1.787,107333.85
1768446000,2026-01-15 03:00:00,1.743,1.789,1.788,1.749,99434.987
1768449600,2026-01-15 04:00:00,1.744,1.761,1.748,1.754,62006.617
1768453200,2026-01-15 05:00:00,1.75,1.763,1.754,1.761,62040.066
1768456800,2026-01-15 06:00:00,1.758,1.769,1.761,1.763,31631.131
1768460400,2026-01-15 07:00:00,1.762,1.788,1.762,1.783,42652.521
1768464000,2026-01-15 08:00:00,1.77,1.783,1.782,1.777,36149.7
1768467600,2026-01-15 09:00:00,1.768,1.794,1.776,1.789,100019.323
1768471200,2026-01-15 10:00:00,1.78,1.791,1.789,1.786,204720.901
1768474800,2026-01-15 11:00:00,1.785,1.8,1.786,1.788,27519.011
1768478400,2026-01-15 12:00:00,1.788,1.807,1.788,1.802,46672.678
1768482000,2026-01-15 13:00:00,1.798,1.812,1.801,1.802,32587.084
1768485600,2026-01-15 14:00:00,1.764,1.805,1.801,1.775,243784.627
1768489200,2026-01-15 15:00:00,1.719,1.784,1.776,1.745,212855.013
1768492800,2026-01-15 16:00:00,1.725,1.751,1.744,1.748,91768.657
1768496400,2026-01-15 17:00:00,1.725,1.753,1.749,1.727,88235.114
1768500000,2026-01-15 18:00:00,1.707,1.733,1.728,1.709,78886.742
1768503600,2026-01-15 19:00:00,1.699,1.718,1.708,1.712,204118.395
1768507200,2026-01-15 20:00:00,1.7,1.718,1.711,1.706,52195.868
1768510800,2026-01-15 21:00:00,1.704,1.717,1.706,1.717,55231.535
1768514400,2026-01-15 22:00:00,1.716,1.728,1.716,1.721,32571.066
1768518000,2026-01-15 23:00:00,1.713,1.724,1.72,1.72,21781.008
1768521600,2026-01-16 00:00:00,1.716,1.727,1.719,1.717,26029.721
1768525200,2026-01-16 01:00:00,1.708,1.717,1.717,1.711,21863.471
1768528800,2026-01-16 02:00:00,1.702,1.729,1.71,1.728,109306.911
1768532400,2026-01-16 03:00:00,1.716,1.728,1.728,1.716,56042.514
1768536000,2026-01-16 04:00:00,1.707,1.722,1.715,1.712,55579.542
1768539600,2026-01-16 05:00:00,1.712,1.741,1.712,1.739,52252.238
1768543200,2026-01-16 06:00:00,1.729,1.741,1.739,1.74,29263.522
1768546800,2026-01-16 07:00:00,1.739,1.75,1.739,1.744,91555.904
1768550400,2026-01-16 08:00:00,1.744,1.755,1.745,1.752,43990.778
1768554000,2026-01-16 09:00:00,1.738,1.753,1.751,1.738,13368.138
1768557600,2026-01-16 10:00:00,1.727,1.737,1.737,1.728,19185.774
1768561200,2026-01-16 11:00:00,1.721,1.73,1.728,1.728,49296.125
1768564800,2026-01-16 12:00:00,1.719,1.729,1.728,1.723,26386.016
1768568400,2026-01-16 13:00:00,1.707,1.723,1.722,1.714,53201.736
1768572000,2026-01-16 14:00:00,1.714,1.729,1.714,1.717,37963.879
1768575600,2026-01-16 15:00:00,1.675,1.726,1.717,1.686,140697.588
1768579200,2026-01-16 16:00:00,1.683,1.703,1.685,1.693,122364.489
1768582800,2026-01-16 17:00:00,1.673,1.696,1.694,1.695,52300.198
1768586400,2026-01-16 18:00:00,1.685,1.698,1.695,1.687,57299.326
1768590000,2026-01-16 19:00:00,1.669,1.695,1.687,1.692,428825.541
1768593600,2026-01-16 20:00:00,1.682,1.725,1.691,1.725,127228.537
1768597200,2026-01-16 21:00:00,1.722,1.765,1.725,1.728,383722.787
1768600800,2026-01-16 22:00:00,1.708,1.742,1.726,1.74,27202.938
1768604400,2026-01-16 23:00:00,1.727,1.744,1.739,1.732,37414.299
1768608000,2026-01-17 00:00:00,1.726,1.737,1.731,1.731,232569.989
1768611600,2026-01-17 01:00:00,1.73,1.738,1.73,1.732,66144.031
1768615200,2026-01-17 02:00:00,1.722,1.733,1.732,1.73,31304.387
1768618800,2026-01-17 03:00:00,1.726,1.736,1.729,1.728,37935.627
1768622400,2026-01-17 04:00:00,1.721,1.738,1.727,1.736,30450.018
1768626000,2026-01-17 05:00:00,1.737,1.743,1.737,1.74,15972.719
1768629600,2026-01-17 06:00:00,1.738,1.749,1.74,1.747,30576.502
1768633200,2026-01-17 07:00:00,1.743,1.772,1.746,1.771,44727.498
1768636800,2026-01-17 08:00:00,1.764,1.795,1.772,1.782,181594.473
1768640400,2026-01-17 09:00:00,1.778,1.796,1.783,1.782,162218.139
1768644000,2026-01-17 10:00:00,1.778,1.802,1.781,1.782,109887.823
1768647600,2026-01-17 11:00:00,1.766,1.784,1.781,1.766,61925.88
1768651200,2026-01-17 12:00:00,1.765,1.796,1.767,1.794,76413.774
1768654800,2026-01-17 13:00:00,1.785,1.794,1.794,1.788,63766.064
1768658400,2026-01-17 14:00:00,1.779,1.805,1.788,1.802,76622.45
1768662000,2026-01-17 15:00:00,1.777,1.808,1.802,1.786,134642.35
1768665600,2026-01-17 16:00:00,1.766,1.793,1.786,1.778,170649.489
1768669200,2026-01-17 17:00:00,1.773,1.789,1.778,1.779,90938.537
1768672800,2026-01-17 18:00:00,1.775,1.787,1.78,1.783,31347.652
1768676400,2026-01-17 19:00:00,1.775,1.791,1.783,1.784,49602.76
1768680000,2026-01-17 20:00:00,1.771,1.786,1.785,1.771,28569.134
1768683600,2026-01-17 21:00:00,1.764,1.772,1.772,1.767,53273.82
1768687200,2026-01-17 22:00:00,1.747,1.768,1.766,1.752,54303.077
1768690800,2026-01-17 23:00:00,1.747,1.759,1.753,1.751,22146.083
1768694400,2026-01-18 00:00:00,1.75,1.767,1.752,1.753,33456.751
1768698000,2026-01-18 01:00:00,1.724,1.755,1.753,1.729,132013.367
1768701600,2026-01-18 02:00:00,1.716,1.738,1.729,1.721,74942.708
1768705200,2026-01-18 03:00:00,1.72,1.734,1.72,1.72,34801.397
1768708800,2026-01-18 04:00:00,1.713,1.721,1.721,1.719,41110.285
1768712400,2026-01-18 05:00:00,1.712,1.719,1.718,1.718,36046.055
1768716000,2026-01-18 06:00:00,1.71,1.72,1.717,1.71,18382.023
1768719600,2026-01-18 07:00:00,1.7,1.713,1.709,1.708,80177.801
1768723200,2026-01-18 08:00:00,1.704,1.711,1.707,1.707,56268.823
1768726800,2026-01-18 09:00:00,1.705,1.714,1.708,1.71,27007.854
1768730400,2026-01-18 10:00:00,1.701,1.71,1.71,1.706,19730.953
1768734000,2026-01-18 11:00:00,1.699,1.711,1.705,1.708,35621.914
1768737600,2026-01-18 12:00:00,1.702,1.714,1.708,1.703,26094.053
1768741200,2026-01-18 13:00:00,1.693,1.712,1.703,1.708,67251.434
1768744800,2026-01-18 14:00:00,1.694,1.717,1.707,1.694,48796.535
1768748400,2026-01-18 15:00:00,1.689,1.721,1.695,1.721,37649.136
1768752000,2026-01-18 16:00:00,1.716,1.74,1.72,1.72,89608.802
1768755600,2026-01-18 17:00:00,1.711,1.724,1.719,1.72,60953.432
1768759200,2026-01-18 18:00:00,1.715,1.742,1.719,1.736,94366.255
1768762800,2026-01-18 19:00:00,1.713,1.739,1.736,1.719,39487.328
1768766400,2026-01-18 20:00:00,1.715,1.735,1.718,1.726,27687.326
1768770000,2026-01-18 21:00:00,1.722,1.731,1.727,1.723,39956.734
1768773600,2026-01-18 22:00:00,1.722,1.732,1.722,1.728,52820.47
1768777200,2026-01-18 23:00:00,1.625,1.727,1.727,1.627,332248.884
1768780800,2026-01-19 00:00:00,1.451,1.627,1.627,1.566,712560.777
1768784400,2026-01-19 01:00:00,1.56,1.584,1.566,1.575,328000.031
1768788000,2026-01-19 02:00:00,1.57,1.582,1.575,1.576,95325.713
1768791600,2026-01-19 03:00:00,1.575,1.598,1.575,1.594,98666.248
1768795200,2026-01-19 04:00:00,1.575,1.596,1.593,1.576,107535.922
1768798800,2026-01-19 05:00:00,1.572,1.596,1.576,1.591,175215.292
1768802400,2026-01-19 06:00:00,1.562,1.59,1.59,1.566,87663.311
1768806000,2026-01-19 07:00:00,1.554,1.57,1.566,1.561,253320.852
1768809600,2026-01-19 08:00:00,1.556,1.581,1.56,1.576,107950.215
1768813200,2026-01-19 09:00:00,1.564,1.576,1.576,1.568,48931.005
1768816800,2026-01-19 10:00:00,1.551,1.567,1.567,1.557,68199.99
1768820400,2026-01-19 11:00:00,1.55,1.561,1.557,1.553,58735.912
1768824000,2026-01-19 12:00:00,1.544,1.554,1.553,1.55,91002.609
1768827600,2026-01-19 13:00:00,1.548,1.563,1.55,1.558,60996.475
1768831200,2026-01-19 14:00:00,1.556,1.57,1.558,1.559,72522.716
1768834800,2026-01-19 15:00:00,1.557,1.567,1.559,1.562,124901.653
1768838400,2026-01-19 16:00:00,1.56,1.584,1.561,1.58,114540.143
1768842000,2026-01-19 17:00:00,1.575,1.593,1.58,1.582,79043.991
1768845600,2026-01-19 18:00:00,1.579,1.595,1.583,1.593,90728.82
1768849200,2026-01-19 19:00:00,1.593,1.62,1.593,1.608,93254.561
1768852800,2026-01-19 20:00:00,1.596,1.607,1.607,1.599,83225.091
1768856400,2026-01-19 21:00:00,1.591,1.603,1.6,1.592,101872.052
1768860000,2026-01-19 22:00:00,1.575,1.598,1.592,1.575,76184.968
1768863600,2026-01-19 23:00:00,1.573,1.603,1.576,1.596,109181.546
1768867200,2026-01-20 00:00:00,1.585,1.598,1.596,1.587,76762.016
1768870800,2026-01-20 01:00:00,1.583,1.602,1.586,1.589,61393.426
1768874400,2026-01-20 02:00:00,1.581,1.598,1.588,1.593,69731.691
1768878000,2026-01-20 03:00:00,1.577,1.596,1.594,1.587,115160.661
1768881600,2026-01-20 04:00:00,1.577,1.586,1.586,1.579,44394.758
1768885200,2026-01-20 05:00:00,1.57,1.59,1.578,1.576,118873.312
1768888800,2026-01-20 06:00:00,1.557,1.576,1.576,1.561,79662.379
1768892400,2026-01-20 07:00:00,1.549,1.566,1.561,1.549,145264.953
1768896000,2026-01-20 08:00:00,1.531,1.553,1.55,1.541,102049.944
1768899600,2026-01-20 09:00:00,1.538,1.547,1.541,1.545,63970.129
1768903200,2026-01-20 10:00:00,1.546,1.562,1.546,1.552,87398.349
1768906800,2026-01-20 11:00:00,1.536,1.553,1.552,1.536,26909.805
1768910400,2026-01-20 12:00:00,1.535,1.55,1.535,1.546,26062.557
1768914000,2026-01-20 13:00:00,1.532,1.55,1.546,1.534,212702.487
1768917600,2026-01-20 14:00:00,1.534,1.559,1.534,1.543,171842.204
1768921200,2026-01-20 15:00:00,1.517,1.543,1.542,1.527,128966.247
1768924800,2026-01-20 16:00:00,1.516,1.536,1.528,1.522,222128.681
1768928400,2026-01-20 17:00:00,1.508,1.534,1.521,1.517,110399.588
1768932000,2026-01-20 18:00:00,1.505,1.521,1.518,1.514,60277.491
1768935600,2026-01-20 19:00:00,1.513,1.528,1.515,1.516,20312.566
1768939200,2026-01-20 20:00:00,1.51,1.527,1.515,1.525,63795.383
1768942800,2026-01-20 21:00:00,1.514,1.527,1.526,1.515,48477.775
1768946400,2026-01-20 22:00:00,1.489,1.519,1.515,1.508,140307.523
1768950000,2026-01-20 23:00:00,1.499,1.508,1.508,1.503,125357.884
1768953600,2026-01-21 00:00:00,1.503,1.526,1.503,1.526,107256.4
1768957200,2026-01-21 01:00:00,1.526,1.542,1.526,1.539,82416.865
1768960800,2026-01-21 02:00:00,1.54,1.549,1.54,1.546,28080.734
1768964400,2026-01-21 03:00:00,1.541,1.55,1.545,1.541,37238.264
1768968000,2026-01-21 04:00:00,1.536,1.543,1.542,1.54,24309.566
1768971600,2026-01-21 05:00:00,1.537,1.546,1.54,1.542,27829.977
1768975200,2026-01-21 06:00:00,1.529,1.541,1.541,1.53,27298.229
1768978800,2026-01-21 07:00:00,1.527,1.539,1.529,1.531,23053.602
1768982400,2026-01-21 08:00:00,1.507,1.532,1.53,1.521,181316.045
1768986000,2026-01-21 09:00:00,1.519,1.53,1.521,1.527,65859.361
1768989600,2026-01-21 10:00:00,1.524,1.537,1.527,1.524,30328.762
1768993200,2026-01-21 11:00:00,1.511,1.53,1.523,1.512,47236.694
1768996800,2026-01-21 12:00:00,1.495,1.514,1.513,1.51,123815.039
1769000400,2026-01-21 13:00:00,1.498,1.516,1.51,1.502,55995.371
1769004000,2026-01-21 14:00:00,1.502,1.551,1.502,1.55,255374.62
1769007600,2026-01-21 15:00:00,1.538,1.559,1.548,1.551,211200.206
1769011200,2026-01-21 16:00:00,1.491,1.554,1.552,1.5,185254.004
1769014800,2026-01-21 17:00:00,1.482,1.513,1.5,1.5,226026.63
1769018400,2026-01-21 18:00:00,1.493,1.514,1.5,1.509,149959.575
1769022000,2026-01-21 19:00:00,1.501,1.568,1.509,1.568,237416.234
1769025600,2026-01-21 20:00:00,1.543,1.571,1.569,1.562,103947.308
1769029200,2026-01-21 21:00:00,1.554,1.573,1.561,1.565,127665.49
1769032800,2026-01-21 22:00:00,1.547,1.569,1.565,1.548,77160.287
1769036400,2026-01-21 23:00:00,1.523,1.55,1.548,1.53,73839.726
1769040000,2026-01-22 00:00:00,1.529,1.543,1.53,1.537,74091.307
1769043600,2026-01-22 01:00:00,1.536,1.554,1.536,1.551,47389.112
1769047200,2026-01-22 02:00:00,1.543,1.554,1.55,1.545,110116.05
1769050800,2026-01-22 03:00:00,1.531,1.547,1.545,1.536,52110.538
1769054400,2026-01-22 04:00:00,1.535,1.546,1.535,1.544,35146.951
1769058000,2026-01-22 05:00:00,1.543,1.558,1.543,1.547,105445.486
1769061600,2026-01-22 06:00:00,1.539,1.55,1.548,1.549,148363.091
1769065200,2026-01-22 07:00:00,1.537,1.55,1.549,1.545,44901.269
1769068800,2026-01-22 08:00:00,1.539,1.55,1.545,1.548,52196.878
1769072400,2026-01-22 09:00:00,1.545,1.557,1.547,1.555,37137.152
1769076000,2026-01-22 10:00:00,1.55,1.556,1.554,1.55,46012.648
1769079600,2026-01-22 11:00:00,1.529,1.549,1.549,1.529,68905.87
1769083200,2026-01-22 12:00:00,1.527,1.533,1.529,1.529,38646.117
1769086800,2026-01-22 13:00:00,1.521,1.539,1.529,1.526,73999.093
1769090400,2026-01-22 14:00:00,1.504,1.528,1.525,1.508,187208.481
1769094000,2026-01-22 15:00:00,1.495,1.521,1.507,1.511,244168.633
1769097600,2026-01-22 16:00:00,1.508,1.527,1.511,1.524,139353.401
1769101200,2026-01-22 17:00:00,1.515,1.533,1.525,1.531,61446.55
1769104800,2026-01-22 18:00:00,1.517,1.532,1.53,1.517,46820.609
1769108400,2026-01-22 19:00:00,1.512,1.527,1.517,1.522,53572.803
1769112000,2026-01-22 20:00:00,1.508,1.525,1.521,1.514,52971.072
1769115600,2026-01-22 21:00:00,1.511,1.519,1.513,1.513,34286.261
1769119200,2026-01-22 22:00:00,1.506,1.517,1.512,1.509,75883.221
1769122800,2026-01-22 23:00:00,1.501,1.513,1.508,1.513,36220.642
1769126400,2026-01-23 00:00:00,1.508,1.517,1.513,1.514,41956.508
1769130000,2026-01-23 01:00:00,1.514,1.528,1.514,1.527,46565.55
1769133600,2026-01-23 02:00:00,1.517,1.528,1.527,1.518,52434.436
1769137200,2026-01-23 03:00:00,1.516,1.529,1.518,1.528,45239.351
1769140800,2026-01-23 04:00:00,1.525,1.541,1.528,1.537,49202.622
1769144400,2026-01-23 05:00:00,1.524,1.536,1.536,1.528,40981.045
1769148000,2026-01-23 06:00:00,1.515,1.533,1.528,1.515,58894.171
1769151600,2026-01-23 07:00:00,1.512,1.52,1.516,1.516,43337.562
1769155200,2026-01-23 08:00:00,1.501,1.518,1.516,1.505,60433.816
1769158800,2026-01-23 09:00:00,1.505,1.517,1.505,1.517,54186.793
1769162400,2026-01-23 10:00:00,1.509,1.519,1.516,1.514,48133.336
1769166000,2026-01-23 11:00:00,1.513,1.522,1.514,1.521,46009.794
1769169600,2026-01-23 12:00:00,1.516,1.522,1.521,1.518,43902.901
1769173200,2026-01-23 13:00:00,1.517,1.53,1.517,1.525,63778.259
1769176800,2026-01-23 14:00:00,1.491,1.525,1.524,1.504,305269.173
1769180400,2026-01-23 15:00:00,1.493,1.525,1.504,1.524,313722.502
1769184000,2026-01-23 16:00:00,1.506,1.537,1.525,1.527,262895.356
1769187600,2026-01-23 17:00:00,1.514,1.549,1.526,1.53,248857.689
1769191200,2026-01-23 18:00:00,1.524,1.54,1.529,1.525,112152.781
1769194800,2026-01-23 19:00:00,1.498,1.524,1.524,1.505,201060.099
1769198400,2026-01-23 20:00:00,1.49,1.511,1.505,1.499,125612.913
1769202000,2026-01-23 21:00:00,1.499,1.511,1.499,1.505,65362.287
1769205600,2026-01-23 22:00:00,1.505,1.517,1.505,1.513,37237.446
1769209200,2026-01-23 23:00:00,1.505,1.511,1.511,1.507,40965.469
1769212800,2026-01-24 00:00:00,1.501,1.512,1.508,1.502,43406.994
1769216400,2026-01-24 01:00:00,1.499,1.506,1.502,1.506,34934.592
1769220000,2026-01-24 02:00:00,1.502,1.507,1.506,1.504,35139.419
1769223600,2026-01-24 03:00:00,1.503,1.516,1.504,1.509,35880.23
1769227200,2026-01-24 04:00:00,1.507,1.511,1.509,1.509,27976.747
1769230800,2026-01-24 05:00:00,1.505,1.514,1.509,1.514,30247.814
1769234400,2026-01-24 06:00:00,1.512,1.516,1.514,1.513,19213.567
1769238000,2026-01-24 07:00:00,1.51,1.516,1.514,1.511,28607.015
1769241600,2026-01-24 08:00:00,1.508,1.519,1.51,1.518,25698.777
1769245200,2026-01-24 09:00:00,1.508,1.517,1.517,1.508,13004.35
1769248800,2026-01-24 10:00:00,1.506,1.511,1.507,1.509,18264.467
1769252400,2026-01-24 11:00:00,1.505,1.511,1.509,1.506,13778.233
1769256000,2026-01-24 12:00:00,1.505,1.509,1.507,1.508,25447.276
1769259600,2026-01-24 13:00:00,1.498,1.508,1.508,1.498,39387.381
1769263200,2026-01-24 14:00:00,1.495,1.508,1.496,1.503,42865.304
1769266800,2026-01-24 15:00:00,1.49,1.506,1.504,1.493,45196.678
1769270400,2026-01-24 16:00:00,1.486,1.498,1.494,1.496,30568.831
1769274000,2026-01-24 17:00:00,1.493,1.498,1.496,1.497,42904.05
1769277600,2026-01-24 18:00:00,1.497,1.502,1.497,1.499,34205.557
1769281200,2026-01-24 19:00:00,1.494,1.499,1.499,1.494,26409.443
1769284800,2026-01-24 20:00:00,1.494,1.504,1.494,1.503,34689.755
1769288400,2026-01-24 21:00:00,1.498,1.504,1.503,1.501,40128.686
1769292000,2026-01-24 22:00:00,1.5,1.511,1.501,1.51,40500.09
1769295600,2026-01-24 23:00:00,1.502,1.511,1.51,1.504,42962.56
1769299200,2026-01-25 00:00:00,1.504,1.512,1.504,1.512,82831.097
1769302800,2026-01-25 01:00:00,1.5,1.514,1.512,1.503,46176.472
1769306400,2026-01-25 02:00:00,1.502,1.509,1.504,1.504,38636.988
1769310000,2026-01-25 03:00:00,1.492,1.507,1.505,1.497,83814.866
1769313600,2026-01-25 04:00:00,1.494,1.507,1.496,1.5,30742.799
1769317200,2026-01-25 05:00:00,1.499,1.507,1.5,1.507,16477.142
1769320800,2026-01-25 06:00:00,1.501,1.511,1.506,1.501,60762.064
1769324400,2026-01-25 07:00:00,1.493,1.503,1.501,1.5,40105.23
1769328000,2026-01-25 08:00:00,1.483,1.504,1.5,1.484,54045.407
1769331600,2026-01-25 09:00:00,1.484,1.505,1.484,1.5,81523.975
1769335200,2026-01-25 10:00:00,1.497,1.51,1.501,1.497,41966.566
1769338800,2026-01-25 11:00:00,1.492,1.502,1.496,1.494,27526.652
1769342400,2026-01-25 12:00:00,1.482,1.493,1.493,1.493,45773.439
1769346000,2026-01-25 13:00:00,1.488,1.496,1.493,1.492,41075.557
1769349600,2026-01-25 14:00:00,1.474,1.492,1.492,1.484,104850.887
1769353200,2026-01-25 15:00:00,1.482,1.491,1.483,1.486,108416.286
1769356800,2026-01-25 16:00:00,1.449,1.486,1.486,1.461,325455.21
1769360400,2026-01-25 17:00:00,1.451,1.467,1.461,1.459,102875.963
1769364000,2026-01-25 18:00:00,1.437,1.46,1.459,1.445,106525.578
1769367600,2026-01-25 19:00:00,1.411,1.449,1.445,1.417,231195.334
1769371200,2026-01-25 20:00:00,1.407,1.427,1.418,1.423,283971.169
1769374800,2026-01-25 21:00:00,1.423,1.436,1.423,1.429,164421.606
1769378400,2026-01-25 22:00:00,1.415,1.43,1.43,1.42,95587.287
1769382000,2026-01-25 23:00:00,1.415,1.438,1.42,1.434,123896.974
1769385600,2026-01-26 00:00:00,1.43,1.445,1.434,1.445,139244.636
1769389200,2026-01-26 01:00:00,1.445,1.469,1.446,1.465,136490.96
1769392800,2026-01-26 02:00:00,1.453,1.466,1.466,1.455,72586.868
1769396400,2026-01-26 03:00:00,1.441,1.46,1.456,1.445,54912.544
1769400000,2026-01-26 04:00:00,1.446,1.464,1.446,1.455,46452.041
1769403600,2026-01-26 05:00:00,1.453,1.46,1.456,1.458,35000.502
1769407200,2026-01-26 06:00:00,1.454,1.47,1.457,1.47,70913.395
1769410800,2026-01-26 07:00:00,1.465,1.473,1.469,1.467,122505.301
1769414400,2026-01-26 08:00:00,1.463,1.477,1.467,1.464,62551.758
1769418000,2026-01-26 09:00:00,1.448,1.464,1.464,1.45,48520.026
1769421600,2026-01-26 10:00:00,1.45,1.458,1.451,1.455,54089.469
1769425200,2026-01-26 11:00:00,1.45,1.457,1.456,1.452,33125.856
1769428800,2026-01-26 12:00:00,1.446,1.456,1.453,1.453,37284.495
1769432400,2026-01-26 13:00:00,1.453,1.463,1.453,1.461,43187.681
1769436000,2026-01-26 14:00:00,1.447,1.473,1.461,1.468,143959.444
1769439600,2026-01-26 15:00:00,1.455,1.486,1.468,1.464,118401.679
1769443200,2026-01-26 16:00:00,1.455,1.472,1.464,1.457,81661.91
1769446800,2026-01-26 17:00:00,1.439,1.462,1.457,1.457,146876.491
1769450400,2026-01-26 18:00:00,1.454,1.472,1.456,1.47,73665.445
1769454000,2026-01-26 19:00:00,1.457,1.472,1.471,1.459,53050.766
1769457600,2026-01-26 20:00:00,1.449,1.461,1.459,1.452,38125.191
1769461200,2026-01-26 21:00:00,1.449,1.477,1.451,1.469,97873.943
1769464800,2026-01-26 22:00:00,1.462,1.472,1.47,1.465,62198.749
1769468400,2026-01-26 23:00:00,1.46,1.471,1.464,1.46,69403.481
1769472000,2026-01-27 00:00:00,1.459,1.469,1.46,1.468,43374.375
1769475600,2026-01-27 01:00:00,1.459,1.476,1.467,1.473,85463.494
1769479200,2026-01-27 02:00:00,1.467,1.477,1.473,1.474,92070.535
1769482800,2026-01-27 03:00:00,1.469,1.476,1.474,1.471,39510.987
1769486400,2026-01-27 04:00:00,1.47,1.481,1.471,1.474,46587.516
1769490000,2026-01-27 05:00:00,1.469,1.475,1.473,1.475,16518.284
1769493600,2026-01-27 06:00:00,1.466,1.476,1.474,1.467,31607.643
1769497200,2026-01-27 07:00:00,1.467,1.476,1.467,1.469,27635.779
1769500800,2026-01-27 08:00:00,1.465,1.473,1.47,1.465,27069.826
1769504400,2026-01-27 09:00:00,1.456,1.464,1.464,1.456,101871.114
1769508000,2026-01-27 10:00:00,1.453,1.46,1.456,1.455,41908.223
1769511600,2026-01-27 11:00:00,1.453,1.46,1.455,1.455,34852.867
1769515200,2026-01-27 12:00:00,1.447,1.456,1.455,1.452,28854.024
1769518800,2026-01-27 13:00:00,1.446,1.454,1.452,1.449,36121.247
1769522400,2026-01-27 14:00:00,1.449,1.465,1.449,1.453,80253.646
1769526000,2026-01-27 15:00:00,1.45,1.468,1.453,1.467,64976.256
1769529600,2026-01-27 16:00:00,1.468,1.503,1.468,1.491,157670.83
1769533200,2026-01-27 17:00:00,1.45,1.491,1.491,1.454,111442.843
1769536800,2026-01-27 18:00:00,1.45,1.48,1.454,1.473,104009.107
1769540400,2026-01-27 19:00:00,1.468,1.482,1.473,1.479,65889.624
1769544000,2026-01-27 20:00:00,1.478,1.503,1.479,1.498,109212.966
1769547600,2026-01-27 21:00:00,1.481,1.499,1.497,1.485,89193.468
1769551200,2026-01-27 22:00:00,1.484,1.494,1.486,1.489,49010.623
1769554800,2026-01-27 23:00:00,1.484,1.494,1.488,1.488,69896.34
1769558400,2026-01-28 00:00:00,1.48,1.494,1.489,1.491,82475.729
1769562000,2026-01-28 01:00:00,1.478,1.492,1.491,1.482,77281.433
1769565600,2026-01-28 02:00:00,1.476,1.485,1.482,1.482,48500.312
1769569200,2026-01-28 03:00:00,1.473,1.483,1.483,1.473,30990.483
1769572800,2026-01-28 04:00:00,1.467,1.475,1.473,1.475,61419.198
1769576400,2026-01-28 05:00:00,1.472,1.485,1.476,1.484,35514.079
1769580000,2026-01-28 06:00:00,1.476,1.487,1.484,1.484,38517.828
1769583600,2026-01-28 07:00:00,1.474,1.484,1.484,1.476,32404.915
1769587200,2026-01-28 08:00:00,1.462,1.476,1.476,1.466,76512.185
1769590800,2026-01-28 09:00:00,1.462,1.48,1.466,1.48,49333.422
1769594400,2026-01-28 10:00:00,1.474,1.485,1.481,1.475,40840.936
1769598000,2026-01-28 11:00:00,1.473,1.494,1.476,1.494,44743.359
1769601600,2026-01-28 12:00:00,1.474,1.494,1.494,1.479,60993.518
1769605200,2026-01-28 13:00:00,1.479,1.488,1.479,1.481,84186.178
1769608800,2026-01-28 14:00:00,1.469,1.482,1.481,1.472,97428.726
1769612400,2026-01-28 15:00:00,1.458,1.478,1.472,1.466,98204.467
1769616000,2026-01-28 16:00:00,1.457,1.471,1.466,1.467,71598.757
1769619600,2026-01-28 17:00:00,1.459,1.484,1.468,1.477,81961.011
1769623200,2026-01-28 18:00:00,1.464,1.476,1.476,1.469,85286.057
1769626800,2026-01-28 19:00:00,1.463,1.479,1.468,1.475,112315.44
1769630400,2026-01-28 20:00:00,1.469,1.489,1.475,1.472,64924.131
1769634000,2026-01-28 21:00:00,1.462,1.489,1.473,1.486,62737.125
1769637600,2026-01-28 22:00:00,1.477,1.498,1.487,1.494,51310.54
1769641200,2026-01-28 23:00:00,1.484,1.498,1.495,1.488,76696.359
1769644800,2026-01-29 00:00:00,1.47,1.494,1.488,1.477,53388.145
1769648400,2026-01-29 01:00:00,1.465,1.48,1.477,1.467,96881.111
1769652000,2026-01-29 02:00:00,1.441,1.471,1.466,1.447,120323.142
1769655600,2026-01-29 03:00:00,1.444,1.46,1.447,1.446,54407.797
1769659200,2026-01-29 04:00:00,1.434,1.446,1.445,1.444,27632.066
1769662800,2026-01-29 05:00:00,1.44,1.448,1.444,1.441,17216.026
1769666400,2026-01-29 06:00:00,1.441,1.451,1.441,1.451,44023.366
1769670000,2026-01-29 07:00:00,1.438,1.452,1.451,1.438,62849.523
1769673600,2026-01-29 08:00:00,1.427,1.44,1.437,1.43,97036.401
1769677200,2026-01-29 09:00:00,1.428,1.434,1.429,1.429,47498.012
1769680800,2026-01-29 10:00:00,1.423,1.428,1.428,1.426,48075.036
1769684400,2026-01-29 11:00:00,1.416,1.425,1.425,1.417,55052.156
1769688000,2026-01-29 12:00:00,1.412,1.421,1.417,1.418,45576.04
1769691600,2026-01-29 13:00:00,1.418,1.427,1.418,1.425,64937.142
1769695200,2026-01-29 14:00:00,1.392,1.426,1.425,1.392,150023.042
1769698800,2026-01-29 15:00:00,1.352,1.392,1.392,1.372,516617.566
1769702400,2026-01-29 16:00:00,1.359,1.389,1.372,1.387,236608.234
1769706000,2026-01-29 17:00:00,1.363,1.402,1.388,1.364,147484.705
1769709600,2026-01-29 18:00:00,1.342,1.369,1.364,1.343,310032.789
1769713200,2026-01-29 19:00:00,1.34,1.366,1.343,1.36,213178.133
1769716800,2026-01-29 20:00:00,1.355,1.375,1.359,1.374,89515.868
1769720400,2026-01-29 21:00:00,1.373,1.382,1.373,1.377,89581.139
1769724000,2026-01-29 22:00:00,1.371,1.382,1.377,1.374,63502.13
1769727600,2026-01-29 23:00:00,1.366,1.374,1.374,1.373,52754.825
1769731200,2026-01-30 00:00:00,1.365,1.379,1.373,1.368,72499.348
1769734800,2026-01-30 01:00:00,1.314,1.377,1.369,1.353,419374.15
1769738400,2026-01-30 02:00:00,1.316,1.352,1.352,1.33,261767.501
1769742000,2026-01-30 03:00:00,1.324,1.337,1.329,1.327,84497.294
1769745600,2026-01-30 04:00:00,1.327,1.344,1.327,1.335,106560.913
1769749200,2026-01-30 05:00:00,1.323,1.336,1.334,1.328,74633.429
1769752800,2026-01-30 06:00:00,1.296,1.328,1.328,1.308,183131.158
1769756400,2026-01-30 07:00:00,1.306,1.351,1.306,1.332,522566.557
1769760000,2026-01-30 08:00:00,1.316,1.333,1.332,1.321,120131.977
1769763600,2026-01-30 09:00:00,1.312,1.325,1.321,1.32,106591.114
1769767200,2026-01-30 10:00:00,1.317,1.327,1.32,1.326,58996.295
1769770800,2026-01-30 11:00:00,1.324,1.346,1.325,1.341,45022.675
1769774400,2026-01-30 12:00:00,1.317,1.343,1.342,1.32,48603.359
1769778000,2026-01-30 13:00:00,1.31,1.327,1.32,1.318,255098.12
1769781600,2026-01-30 14:00:00,1.314,1.336,1.319,1.319,334102.281
1769785200,2026-01-30 15:00:00,1.299,1.327,1.32,1.319,263219.44
1769788800,2026-01-30 16:00:00,1.316,1.34,1.32,1.319,203294.591
1769792400,2026-01-30 17:00:00,1.306,1.326,1.32,1.314,390660.976
1769796000,2026-01-30 18:00:00,1.286,1.346,1.314,1.339,224462.856
1769799600,2026-01-30 19:00:00,1.332,1.348,1.341,1.336,146797.069
1769803200,2026-01-30 20:00:00,1.312,1.334,1.334,1.316,365847.624
1769806800,2026-01-30 21:00:00,1.313,1.327,1.318,1.325,150178.555
1769810400,2026-01-30 22:00:00,1.315,1.327,1.324,1.323,59045.052
1769814000,2026-01-30 23:00:00,1.31,1.324,1.323,1.319,76610.45
1769817600,2026-01-31 00:00:00,1.315,1.321,1.32,1.317,72646.881
1769821200,2026-01-31 01:00:00,1.316,1.324,1.318,1.32,65469.163
1769824800,2026-01-31 02:00:00,1.313,1.326,1.32,1.324,78802.072
1769828400,2026-01-31 03:00:00,1.32,1.326,1.324,1.322,53033.904
1769832000,2026-01-31 04:00:00,1.317,1.327,1.323,1.318,31809.039
1769835600,2026-01-31 05:00:00,1.315,1.323,1.317,1.322,43314.26
1769839200,2026-01-31 06:00:00,1.307,1.323,1.322,1.312,70104.476
1769842800,2026-01-31 07:00:00,1.294,1.313,1.312,1.303,67885.341
1769846400,2026-01-31 08:00:00,1.277,1.305,1.304,1.292,284097.024
1769850000,2026-01-31 09:00:00,1.287,1.298,1.292,1.287,79552.588
1769853600,2026-01-31 10:00:00,1.283,1.295,1.288,1.29,64567.154
1769857200,2026-01-31 11:00:00,1.274,1.29,1.289,1.278,103550.539
1769860800,2026-01-31 12:00:00,1.272,1.282,1.278,1.278,99306.656
1769864400,2026-01-31 13:00:00,1.266,1.279,1.278,1.268,154061.705
1769868000,2026-01-31 14:00:00,1.208,1.271,1.269,1.229,345998.975
1769871600,2026-01-31 15:00:00,1.228,1.251,1.228,1.237,125401.573
1769875200,2026-01-31 16:00:00,1.221,1.255,1.237,1.224,443897.687
1769878800,2026-01-31 17:00:00,1.142,1.227,1.224,1.174,979072.696
1769882400,2026-01-31 18:00:00,1.089,1.179,1.173,1.158,723783.283
1769886000,2026-01-31 19:00:00,1.156,1.188,1.159,1.172,193475.668
1769889600,2026-01-31 20:00:00,1.158,1.183,1.171,1.173,177887.603
1769893200,2026-01-31 21:00:00,1.161,1.189,1.174,1.183,259604.729
1769896800,2026-01-31 22:00:00,1.169,1.184,1.183,1.181,92599.534
1769900400,2026-01-31 23:00:00,1.179,1.211,1.182,1.205,100045.731
1769904000,2026-02-01 00:00:00,1.203,1.215,1.205,1.21,150247.724
1769907600,2026-02-01 01:00:00,1.194,1.211,1.211,1.206,132355.601
1769911200,2026-02-01 02:00:00,1.198,1.211,1.207,1.204,94550.441
1769914800,2026-02-01 03:00:00,1.199,1.206,1.204,1.206,186334.134
1769918400,2026-02-01 04:00:00,1.204,1.211,1.206,1.21,98167.292
1769922000,2026-02-01 05:00:00,1.198,1.21,1.21,1.2,83818.022
1769925600,2026-02-01 06:00:00,1.193,1.205,1.201,1.195,71880.005
1769929200,2026-02-01 07:00:00,1.188,1.206,1.195,1.199,106298.691
1769932800,2026-02-01 08:00:00,1.196,1.208,1.199,1.2,108175.704
1769936400,2026-02-01 09:00:00,1.191,1.207,1.199,1.205,78351.903
1769940000,2026-02-01 10:00:00,1.184,1.21,1.205,1.187,178895.461
1769943600,2026-02-01 11:00:00,1.187,1.204,1.188,1.2,69050.149
1769947200,2026-02-01 12:00:00,1.188,1.199,1.199,1.195,72189.422
1769950800,2026-02-01 13:00:00,1.191,1.208,1.196,1.196,134737.834
1769954400,2026-02-01 14:00:00,1.177,1.205,1.196,1.194,300896.149
1769958000,2026-02-01 15:00:00,1.152,1.193,1.193,1.169,327727.295
1769961600,2026-02-01 16:00:00,1.157,1.181,1.168,1.168,372407.368
1769965200,2026-02-01 17:00:00,1.155,1.172,1.169,1.167,191208.685
1769968800,2026-02-01 18:00:00,1.167,1.193,1.167,1.181,308585.675
1769972400,2026-02-01 19:00:00,1.162,1.184,1.18,1.167,163302.151
1769976000,2026-02-01 20:00:00,1.155,1.183,1.166,1.171,227302.915
1769979600,2026-02-01 21:00:00,1.157,1.17,1.17,1.161,188570.897
1769983200,2026-02-01 22:00:00,1.161,1.185,1.162,1.177,145268.54
1769986800,2026-02-01 23:00:00,1.142,1.191,1.177,1.172,537528.016
1769990400,2026-02-02 00:00:00,1.162,1.201,1.173,1.192,375184.766
1769994000,2026-02-02 01:00:00,1.177,1.205,1.192,1.193,289201.263
1769997600,2026-02-02 02:00:00,1.181,1.199,1.193,1.182,215248.121
1770001200,2026-02-02 03:00:00,1.136,1.183,1.182,1.179,799992.535
1770004800,2026-02-02 04:00:00,1.16,1.191,1.18,1.171,149211.804
1770008400,2026-02-02 05:00:00,1.142,1.173,1.17,1.153,223984.648
1770012000,2026-02-02 06:00:00,1.135,1.187,1.153,1.169,180407.503
1770015600,2026-02-02 07:00:00,1.158,1.18,1.169,1.158,130424.184
1770019200,2026-02-02 08:00:00,1.158,1.174,1.158,1.169,273650.772
1770022800,2026-02-02 09:00:00,1.162,1.188,1.169,1.183,313433.537
1770026400,2026-02-02 10:00:00,1.179,1.186,1.183,1.183,62617.877
1770030000,2026-02-02 11:00:00,1.179,1.188,1.183,1.181,110153.752
1770033600,2026-02-02 12:00:00,1.181,1.197,1.181,1.194,111400.123
1770037200,2026-02-02 13:00:00,1.191,1.204,1.193,1.201,80330.97
1770040800,2026-02-02 14:00:00,1.192,1.222,1.201,1.213,539757.509
1770044400,2026-02-02 15:00:00,1.21,1.237,1.213,1.227,505717.709
1770048000,2026-02-02 16:00:00,1.223,1.236,1.227,1.227,178909.892
1770051600,2026-02-02 17:00:00,1.217,1.236,1.226,1.22,114754.84
1770055200,2026-02-02 18:00:00,1.215,1.228,1.221,1.222,98567.695
1770058800,2026-02-02 19:00:00,1.212,1.224,1.222,1.213,81500.226
1770062400,2026-02-02 20:00:00,1.2,1.215,1.212,1.204,91725.789
1770066000,2026-02-02 21:00:00,1.204,1.212,1.205,1.206,47307.269
1770069600,2026-02-02 22:00:00,1.204,1.212,1.207,1.21,64267.256
1770073200,2026-02-02 23:00:00,1.197,1.209,1.209,1.199,68332.446
1770076800,2026-02-03 00:00:00,1.194,1.205,1.2,1.202,78268.735
1770080400,2026-02-03 01:00:00,1.188,1.205,1.202,1.194,112509.024
1770084000,2026-02-03 02:00:00,1.173,1.194,1.194,1.174,137859.628
1770087600,2026-02-03 03:00:00,1.171,1.198,1.174,1.196,104910.762
1770091200,2026-02-03 04:00:00,1.192,1.205,1.196,1.199,102960.922
1770094800,2026-02-03 05:00:00,1.188,1.2,1.198,1.189,103551.058
1770098400,2026-02-03 06:00:00,1.182,1.198,1.189,1.195,113158.362
1770102000,2026-02-03 07:00:00,1.193,1.204,1.195,1.199,119168.563
1770105600,2026-02-03 08:00:00,1.196,1.21,1.199,1.198,122731.916
1770109200,2026-02-03 09:00:00,1.18,1.202,1.199,1.191,292782.947
1770112800,2026-02-03 10:00:00,1.187,1.195,1.191,1.192,109659.605
1770116400,2026-02-03 11:00:00,1.19,1.195,1.192,1.192,98698.952
1770120000,2026-02-03 12:00:00,1.188,1.205,1.191,1.203,94320.601
1770123600,2026-02-03 13:00:00,1.2,1.209,1.202,1.207,87141.984
1770127200,2026-02-03 14:00:00,1.176,1.209,1.207,1.177,348645.543
1770130800,2026-02-03 15:00:00,1.173,1.207,1.178,1.205,517765.599
1770134400,2026-02-03 16:00:00,1.17,1.205,1.205,1.174,196282.645
1770138000,2026-02-03 17:00:00,1.147,1.176,1.174,1.149,142087.329
1770141600,2026-02-03 18:00:00,1.123,1.153,1.149,1.126,634357.854
1770145200,2026-02-03 19:00:00,1.123,1.187,1.125,1.178,486959.31
1770148800,2026-02-03 20:00:00,1.164,1.229,1.177,1.215,400994.847
1770152400,2026-02-03 21:00:00,1.194,1.224,1.214,1.196,154418.204
1770156000,2026-02-03 22:00:00,1.179,1.196,1.195,1.181,86453.575
1770159600,2026-02-03 23:00:00,1.168,1.182,1.181,1.173,108261.718
1770163200,2026-02-04 00:00:00,1.17,1.186,1.173,1.182,76483.709
1770166800,2026-02-04 01:00:00,1.183,1.198,1.183,1.188,64538.857
1770170400,2026-02-04 02:00:00,1.182,1.192,1.188,1.186,78953.227
1770174000,2026-02-04 03:00:00,1.185,1.203,1.186,1.198,69290.038
1770177600,2026-02-04 04:00:00,1.193,1.201,1.197,1.193,64329.284
1770181200,2026-02-04 05:00:00,1.182,1.194,1.194,1.185,41611.352
1770184800,2026-02-04 06:00:00,1.183,1.193,1.185,1.188,26577.661
1770188400,2026-02-04 07:00:00,1.182,1.193,1.188,1.191,53395.068
1770192000,2026-02-04 08:00:00,1.185,1.195,1.192,1.193,28080.687
1770195600,2026-02-04 09:00:00,1.181,1.194,1.192,1.186,37496.679
1770199200,2026-02-04 10:00:00,1.186,1.19,1.187,1.187,21638.995
1770202800,2026-02-04 11:00:00,1.172,1.189,1.186,1.183,167461.773
1770206400,2026-02-04 12:00:00,1.175,1.184,1.183,1.179,28380.937
1770210000,2026-02-04 13:00:00,1.156,1.179,1.178,1.159,180419.883
1770213600,2026-02-04 14:00:00,1.143,1.166,1.158,1.143,196912.664
1770217200,2026-02-04 15:00:00,1.131,1.161,1.143,1.147,170053.156
1770220800,2026-02-04 16:00:00,1.132,1.158,1.146,1.143,243059.369
1770224400,2026-02-04 17:00:00,1.126,1.15,1.143,1.141,359311.972
1770228000,2026-02-04 18:00:00,1.127,1.172,1.14,1.156,450131.958
1770231600,2026-02-04 19:00:00,1.149,1.182,1.156,1.179,189255.876
1770235200,2026-02-04 20:00:00,1.167,1.18,1.179,1.17,148625.799
1770238800,2026-02-04 21:00:00,1.149,1.173,1.17,1.158,175704.763
1770242400,2026-02-04 22:00:00,1.137,1.174,1.158,1.147,239489.262
1770246000,2026-02-04 23:00:00,1.144,1.166,1.147,1.157,282924.818
1770249600,2026-02-05 00:00:00,1.151,1.161,1.156,1.154,105723.301
1770253200,2026-02-05 01:00:00,1.141,1.165,1.153,1.151,210950.905
1770256800,2026-02-05 02:00:00,1.139,1.163,1.151,1.142,142471.442
1770260400,2026-02-05 03:00:00,1.135,1.149,1.141,1.14,151931.257
1770264000,2026-02-05 04:00:00,1.129,1.144,1.14,1.132,219332.535
1770267600,2026-02-05 05:00:00,1.116,1.143,1.131,1.131,108722.851
1770271200,2026-02-05 06:00:00,1.112,1.132,1.132,1.116,80989.809
1770274800,2026-02-05 07:00:00,1.114,1.132,1.116,1.117,116932.829
1770278400,2026-02-05 08:00:00,1.118,1.133,1.118,1.125,72358.393
1770282000,2026-02-05 09:00:00,1.125,1.139,1.127,1.127,137815.011
1770285600,2026-02-05 10:00:00,1.1,1.127,1.127,1.107,126839.421
1770289200,2026-02-05 11:00:00,1.085,1.111,1.106,1.106,230161.53
1770292800,2026-02-05 12:00:00,1.093,1.115,1.105,1.112,244659.605
1770296400,2026-02-05 13:00:00,1.1,1.121,1.113,1.103,89982.727
1770300000,2026-02-05 14:00:00,1.103,1.136,1.104,1.113,169923.804
1770303600,2026-02-05 15:00:00,1.033,1.117,1.113,1.06,350046.363
1770307200,2026-02-05 16:00:00,1.049,1.085,1.058,1.065,285848.368
1770310800,2026-02-05 17:00:00,1.033,1.077,1.065,1.043,240614.106
1770314400,2026-02-05 18:00:00,1.02,1.052,1.045,1.036,453603.043
1770318000,2026-02-05 19:00:00,1.01,1.038,1.035,1.014,342045.564
1770321600,2026-02-05 20:00:00,0.962,1.022,1.014,0.979,953814.143
1770325200,2026-02-05 21:00:00,0.966,1.004,0.979,0.987,627700.878
1770328800,2026-02-05 22:00:00,0.967,1,0.987,0.98,593925.89
1770332400,2026-02-05 23:00:00,0.972,1.005,0.981,0.975,334779.866
1770336000,2026-02-06 00:00:00,0.844,0.979,0.976,0.947,1576315.096
1770339600,2026-02-06 01:00:00,0.941,0.979,0.947,0.978,322755.434
1770343200,2026-02-06 02:00:00,0.949,0.983,0.976,0.954,172550.209
1770346800,2026-02-06 03:00:00,0.947,0.961,0.953,0.959,148924.826
1770350400,2026-02-06 04:00:00,0.953,0.974,0.959,0.971,202255.679
1770354000,2026-02-06 05:00:00,0.97,1.005,0.97,0.999,331850.425
1770357600,2026-02-06 06:00:00,0.977,1.004,0.999,0.981,336184.04
1770361200,2026-02-06 07:00:00,0.97,0.986,0.981,0.977,179157.3
1770364800,2026-02-06 08:00:00,0.968,0.984,0.976,0.975,284963.546
1770368400,2026-02-06 09:00:00,0.972,1.007,0.975,1.005,173374.827
1770372000,2026-02-06 10:00:00,1.004,1.02,1.007,1.011,119169.98
1770375600,2026-02-06 11:00:00,1.006,1.019,1.01,1.016,127664.801
1770379200,2026-02-06 12:00:00,1.009,1.021,1.015,1.021,105905.683
1770382800,2026-02-06 13:00:00,1.018,1.035,1.019,1.029,160606.365
1770386400,2026-02-06 14:00:00,1.021,1.064,1.029,1.058,313844.008
1770390000,2026-02-06 15:00:00,1.048,1.065,1.057,1.062,228924.784
1770393600,2026-02-06 16:00:00,1.058,1.092,1.062,1.086,346496.738
1770397200,2026-02-06 17:00:00,1.082,1.113,1.085,1.098,159401.22
1770400800,2026-02-06 18:00:00,1.072,1.099,1.097,1.079,204181.498
1770404400,2026-02-06 19:00:00,1.073,1.092,1.079,1.088,234078.849
1770408000,2026-02-06 20:00:00,1.073,1.095,1.088,1.081,211134.215
1770411600,2026-02-06 21:00:00,1.074,1.086,1.08,1.083,122623.787
1770415200,2026-02-06 22:00:00,1.083,1.1,1.083,1.095,131039.225
1770418800,2026-02-06 23:00:00,1.08,1.1,1.095,1.086,88167.559
1770422400,2026-02-07 00:00:00,1.071,1.085,1.085,1.077,176366.352
1770426000,2026-02-07 01:00:00,1.069,1.085,1.078,1.083,99887.791
1770429600,2026-02-07 02:00:00,1.077,1.087,1.083,1.079,34230.51
1770433200,2026-02-07 03:00:00,1.079,1.093,1.079,1.092,157629.618
1770436800,2026-02-07 04:00:00,1.087,1.102,1.091,1.091,46905.797
1770440400,2026-02-07 05:00:00,1.09,1.1,1.091,1.092,46955.272
1770444000,2026-02-07 06:00:00,1.07,1.096,1.093,1.07,102545.954
1770447600,2026-02-07 07:00:00,1.045,1.075,1.07,1.052,173514.266
1770451200,2026-02-07 08:00:00,1.049,1.061,1.053,1.059,56226.024
1770454800,2026-02-07 09:00:00,1.05,1.062,1.059,1.052,37183.921
1770458400,2026-02-07 10:00:00,1.041,1.054,1.052,1.046,74405.229
1770462000,2026-02-07 11:00:00,1.039,1.046,1.046,1.042,113060.858
1770465600,2026-02-07 12:00:00,1.043,1.079,1.043,1.075,140477.927
1770469200,2026-02-07 13:00:00,1.06,1.077,1.075,1.065,106667.153
1770472800,2026-02-07 14:00:00,1.053,1.069,1.066,1.054,89148.941
1770476400,2026-02-07 15:00:00,1.055,1.075,1.056,1.07,73256.157
1770480000,2026-02-07 16:00:00,1.067,1.102,1.071,1.078,537909.295
1770483600,2026-02-07 17:00:00,1.073,1.082,1.079,1.077,180301.731
1770487200,2026-02-07 18:00:00,1.077,1.097,1.077,1.091,126816.825
1770490800,2026-02-07 19:00:00,1.081,1.091,1.089,1.082,43517.309
1770494400,2026-02-07 20:00:00,1.08,1.087,1.082,1.086,58975.748
1770498000,2026-02-07 21:00:00,1.075,1.086,1.086,1.077,31550.863
1770501600,2026-02-07 22:00:00,1.073,1.082,1.077,1.075,52373.36
1770505200,2026-02-07 23:00:00,1.068,1.076,1.075,1.074,27145.863
1770508800,2026-02-08 00:00:00,1.067,1.074,1.074,1.071,84799.478
1770512400,2026-02-08 01:00:00,1.067,1.075,1.072,1.068,50168.238
1770516000,2026-02-08 02:00:00,1.064,1.074,1.068,1.068,32150.563
1770519600,2026-02-08 03:00:00,1.062,1.069,1.068,1.062,33199.774
1770523200,2026-02-08 04:00:00,1.057,1.066,1.062,1.065,66200.913
1770526800,2026-02-08 05:00:00,1.058,1.067,1.064,1.06,44085.477
1770530400,2026-02-08 06:00:00,1.058,1.061,1.06,1.059,35282.988
1770534000,2026-02-08 07:00:00,1.055,1.061,1.059,1.061,42847.103
1770537600,2026-02-08 08:00:00,1.059,1.077,1.061,1.075,99418.2
1770541200,2026-02-08 09:00:00,1.061,1.078,1.075,1.062,41472.912
1770544800,2026-02-08 10:00:00,1.053,1.067,1.062,1.056,48264.126
1770548400,2026-02-08 11:00:00,1.056,1.074,1.056,1.073,63674.559
1770552000,2026-02-08 12:00:00,1.063,1.072,1.072,1.068,58316.705
1770555600,2026-02-08 13:00:00,1.059,1.068,1.067,1.063,155935.921
1770559200,2026-02-08 14:00:00,1.056,1.069,1.063,1.067,108540.752
1770562800,2026-02-08 15:00:00,1.052,1.069,1.066,1.057,101157.506
1770566400,2026-02-08 16:00:00,1.03,1.059,1.057,1.034,112538.421
1770570000,2026-02-08 17:00:00,1.034,1.042,1.034,1.041,101210.711
1770573600,2026-02-08 18:00:00,1.041,1.055,1.041,1.049,73253.058
1770577200,2026-02-08 19:00:00,1.047,1.055,1.049,1.054,61917.888
1770580800,2026-02-08 20:00:00,1.04,1.052,1.052,1.041,47359.202
1770584400,2026-02-08 21:00:00,1.03,1.045,1.041,1.035,72482.528
1770588000,2026-02-08 22:00:00,1.032,1.041,1.035,1.041,67657.393
1770591600,2026-02-08 23:00:00,1.028,1.062,1.042,1.038,100002.459
1770595200,2026-02-09 00:00:00,1.033,1.041,1.037,1.039,49232.652
1770598800,2026-02-09 01:00:00,1.031,1.046,1.039,1.035,119256.153
1770602400,2026-02-09 02:00:00,1.032,1.045,1.035,1.038,51210.743
1770606000,2026-02-09 03:00:00,1.037,1.05,1.039,1.046,76027.909
1770609600,2026-02-09 04:00:00,1.037,1.046,1.046,1.038,51390.041
1770613200,2026-02-09 05:00:00,1.036,1.042,1.038,1.041,132333.656
1770616800,2026-02-09 06:00:00,1.026,1.041,1.041,1.03,118107.547
1770620400,2026-02-09 07:00:00,1.026,1.034,1.029,1.028,59538.606
1770624000,2026-02-09 08:00:00,1.009,1.029,1.027,1.012,105921.171
1770627600,2026-02-09 09:00:00,1.006,1.014,1.013,1.006,24838.271
1770631200,2026-02-09 10:00:00,0.986,1.008,1.005,0.99,100896.317
1770634800,2026-02-09 11:00:00,0.988,0.996,0.991,0.99,55733.443
1770638400,2026-02-09 12:00:00,0.99,0.998,0.991,0.997,72810.261
1770642000,2026-02-09 13:00:00,0.992,1.001,0.996,0.992,24650.705
1770645600,2026-02-09 14:00:00,0.989,1.009,0.993,1.005,110775.823
1770649200,2026-02-09 15:00:00,0.996,1.014,1.006,1.009,139852.433
1770652800,2026-02-09 16:00:00,1.001,1.027,1.008,1.018,66803.925
1770656400,2026-02-09 17:00:00,1.014,1.041,1.02,1.036,135015.163
1770660000,2026-02-09 18:00:00,1.024,1.04,1.037,1.032,119095.871
1770663600,2026-02-09 19:00:00,1.03,1.042,1.032,1.041,31864.475
1770667200,2026-02-09 20:00:00,1.033,1.045,1.039,1.041,50588.325
1770670800,2026-02-09 21:00:00,1.023,1.041,1.041,1.035,102397.463
1770674400,2026-02-09 22:00:00,1.033,1.041,1.034,1.037,30594.599
1770678000,2026-02-09 23:00:00,1.028,1.04,1.037,1.03,27499.067
1770681600,2026-02-10 00:00:00,1.025,1.031,1.031,1.028,17127.209
1770685200,2026-02-10 01:00:00,1.027,1.037,1.027,1.034,125026.239
1770688800,2026-02-10 02:00:00,1.025,1.034,1.034,1.028,22216.17
1770692400,2026-02-10 03:00:00,1.004,1.028,1.028,1.012,120009.785
1770696000,2026-02-10 04:00:00,1.009,1.016,1.013,1.011,76256.998
1770699600,2026-02-10 05:00:00,0.998,1.011,1.011,0.999,54971.682
1770703200,2026-02-10 06:00:00,0.984,1.003,1,0.99,164943.38
1770706800,2026-02-10 07:00:00,0.991,1,0.991,0.997,21257.809
1770710400,2026-02-10 08:00:00,0.996,1.005,0.997,1.003,28939.214
1770714000,2026-02-10 09:00:00,0.996,1.007,1.005,0.999,35905.839
1770717600,2026-02-10 10:00:00,0.996,1.001,0.999,0.998,53079.181
1770721200,2026-02-10 11:00:00,0.993,1.001,0.998,0.995,47398.597
1770724800,2026-02-10 12:00:00,0.987,0.998,0.995,0.987,42437.231
1770728400,2026-02-10 13:00:00,0.982,0.992,0.987,0.991,89106.436
1770732000,2026-02-10 14:00:00,0.983,0.997,0.991,0.987,107117.314
1770735600,2026-02-10 15:00:00,0.984,1.002,0.986,0.996,115783.109
1770739200,2026-02-10 16:00:00,0.992,1.006,0.996,1.002,51718.107
1770742800,2026-02-10 17:00:00,0.998,1.005,1.002,1.003,45859.683
1770746400,2026-02-10 18:00:00,0.98,1.002,1.002,0.986,37966.447
1770750000,2026-02-10 19:00:00,0.982,0.992,0.985,0.988,36971.742
1770753600,2026-02-10 20:00:00,0.983,0.994,0.989,0.991,24415.406
1770757200,2026-02-10 21:00:00,0.986,0.994,0.991,0.99,19405.155
1770760800,2026-02-10 22:00:00,0.988,0.994,0.991,0.988,28927.291
1770764400,2026-02-10 23:00:00,0.987,0.993,0.988,0.992,27275.731
1770768000,2026-02-11 00:00:00,0.991,0.998,0.991,0.996,24703.805
1770771600,2026-02-11 01:00:00,0.995,1,0.995,0.999,20532.849
1770775200,2026-02-11 02:00:00,0.993,1.003,1,0.993,14772.441
1770778800,2026-02-11 03:00:00,0.985,0.998,0.993,0.99,45499.439
1770782400,2026-02-11 04:00:00,0.976,0.991,0.99,0.982,130688.005
1770786000,2026-02-11 05:00:00,0.969,0.983,0.982,0.97,45319.099
1770789600,2026-02-11 06:00:00,0.957,0.972,0.971,0.958,72348.783
1770793200,2026-02-11 07:00:00,0.954,0.961,0.958,0.954,26210.498
1770796800,2026-02-11 08:00:00,0.952,0.958,0.955,0.958,39856.529
1770800400,2026-02-11 09:00:00,0.948,0.96,0.958,0.948,66588.07
1770804000,2026-02-11 10:00:00,0.944,0.951,0.949,0.947,30213.523
1770807600,2026-02-11 11:00:00,0.946,0.96,0.946,0.959,48864.818
1770811200,2026-02-11 12:00:00,0.956,0.963,0.959,0.958,48836.819
1770814800,2026-02-11 13:00:00,0.955,0.972,0.957,0.971,156495.599
1770818400,2026-02-11 14:00:00,0.954,0.998,0.97,0.956,118405.644
1770822000,2026-02-11 15:00:00,0.939,0.96,0.956,0.947,126383.386
1770825600,2026-02-11 16:00:00,0.945,0.963,0.947,0.947,75267.624
1770829200,2026-02-11 17:00:00,0.944,0.967,0.946,0.961,99732.624
1770832800,2026-02-11 18:00:00,0.953,0.974,0.961,0.972,63325.371
1770836400,2026-02-11 19:00:00,0.964,0.976,0.972,0.966,83323.078
1770840000,2026-02-11 20:00:00,0.958,0.973,0.966,0.971,57894.047
1770843600,2026-02-11 21:00:00,0.968,0.986,0.971,0.98,79770.492
1770847200,2026-02-11 22:00:00,0.968,0.983,0.98,0.968,54584.207
1770850800,2026-02-11 23:00:00,0.953,0.97,0.968,0.961,89843.483
1770854400,2026-02-12 00:00:00,0.962,0.975,0.963,0.967,88519.498
1770858000,2026-02-12 01:00:00,0.966,0.977,0.967,0.97,39158.623
1770861600,2026-02-12 02:00:00,0.968,0.977,0.97,0.974,79144.665
1770865200,2026-02-12 03:00:00,0.974,0.978,0.975,0.975,30189.848
1770868800,2026-02-12 04:00:00,0.971,0.978,0.975,0.973,44041.354
1770872400,2026-02-12 05:00:00,0.962,0.976,0.973,0.976,101496.033
1770876000,2026-02-12 06:00:00,0.973,0.986,0.976,0.982,30192.207
1770879600,2026-02-12 07:00:00,0.978,0.988,0.982,0.988,16018.873
1770883200,2026-02-12 08:00:00,0.981,0.991,0.988,0.985,30256.297
1770886800,2026-02-12 09:00:00,0.979,0.999,0.984,0.997,198866.316
1770890400,2026-02-12 10:00:00,0.994,1.009,0.997,1.009,177031.163
1770894000,2026-02-12 11:00:00,0.992,1.012,1.01,0.993,83001.165
1770897600,2026-02-12 12:00:00,0.962,0.993,0.993,0.963,126215.441
1770901200,2026-02-12 13:00:00,0.954,0.965,0.962,0.963,131105.296
1770904800,2026-02-12 14:00:00,0.952,0.968,0.963,0.964,154073.005
1770908400,2026-02-12 15:00:00,0.954,0.972,0.964,0.956,137487.68
1770912000,2026-02-12 16:00:00,0.934,0.957,0.955,0.94,217519.313
1770915600,2026-02-12 17:00:00,0.937,0.954,0.939,0.946,106366.375
1770919200,2026-02-12 18:00:00,0.945,0.953,0.946,0.95,78260.345
1770922800,2026-02-12 19:00:00,0.946,0.966,0.951,0.953,58999.128
1770926400,2026-02-12 20:00:00,0.94,0.955,0.954,0.942,56461.396
1770930000,2026-02-12 21:00:00,0.94,0.947,0.942,0.944,32631.213
1770933600,2026-02-12 22:00:00,0.942,0.958,0.944,0.958,73843.315
1770937200,2026-02-12 23:00:00,0.957,0.963,0.958,0.963,42184.237
1770940800,2026-02-13 00:00:00,0.955,0.966,0.962,0.96,59765.101
1770944400,2026-02-13 01:00:00,0.959,0.968,0.96,0.963,41879.145
1770948000,2026-02-13 02:00:00,0.96,0.964,0.963,0.962,27939.11
1770951600,2026-02-13 03:00:00,0.957,0.966,0.963,0.962,36376.244
1770955200,2026-02-13 04:00:00,0.958,0.966,0.962,0.965,58902.051
1770958800,2026-02-13 05:00:00,0.962,0.973,0.965,0.968,48465.423
1770962400,2026-02-13 06:00:00,0.967,0.987,0.968,0.985,96815.966
1770966000,2026-02-13 07:00:00,0.974,0.989,0.984,0.979,147338.904
1770969600,2026-02-13 08:00:00,0.976,0.99,0.979,0.987,101011.336
1770973200,2026-02-13 09:00:00,0.981,0.987,0.987,0.983,20716.872
1770976800,2026-02-13 10:00:00,0.981,0.99,0.983,0.984,93702.086
1770980400,2026-02-13 11:00:00,0.978,0.984,0.983,0.978,32484.662
1770984000,2026-02-13 12:00:00,0.973,0.977,0.977,0.975,34751.846
1770987600,2026-02-13 13:00:00,0.973,0.987,0.976,0.983,75787.21
1770991200,2026-02-13 14:00:00,0.98,1.006,0.984,1,280983.611
1770994800,2026-02-13 15:00:00,0.994,1.026,1,1.009,181998.514
1770998400,2026-02-13 16:00:00,1.008,1.028,1.009,1.024,114764.067
1771002000,2026-02-13 17:00:00,1.017,1.025,1.023,1.017,32219.75
1771005600,2026-02-13 18:00:00,1.013,1.021,1.016,1.018,21032.501
1771009200,2026-02-13 19:00:00,1.017,1.023,1.018,1.021,32232.195
1771012800,2026-02-13 20:00:00,1.018,1.023,1.02,1.023,18412.193
1771016400,2026-02-13 21:00:00,1.023,1.03,1.023,1.027,18874.466
1771020000,2026-02-13 22:00:00,1.021,1.03,1.027,1.023,22011.917
1771023600,2026-02-13 23:00:00,1.019,1.024,1.023,1.023,19800.567
1771027200,2026-02-14 00:00:00,1.02,1.028,1.023,1.023,41747.965
1771030800,2026-02-14 01:00:00,1.021,1.029,1.023,1.027,34201.631
1771034400,2026-02-14 02:00:00,1.024,1.029,1.027,1.026,31979.919
1771038000,2026-02-14 03:00:00,1.025,1.028,1.027,1.028,18747.143
1771041600,2026-02-14 04:00:00,1.023,1.028,1.027,1.023,11461.236
1771045200,2026-02-14 05:00:00,1.021,1.03,1.022,1.024,55947.381
1771048800,2026-02-14 06:00:00,1.016,1.026,1.024,1.026,159828.997
1771052400,2026-02-14 07:00:00,1.024,1.032,1.025,1.032,82127.299
1771056000,2026-02-14 08:00:00,1.031,1.04,1.032,1.04,60846.559
1771059600,2026-02-14 09:00:00,1.04,1.044,1.04,1.043,30650.825
1771063200,2026-02-14 10:00:00,1.038,1.042,1.042,1.041,17564.649
1771066800,2026-02-14 11:00:00,1.041,1.054,1.041,1.052,51957.587
1771070400,2026-02-14 12:00:00,1.051,1.063,1.052,1.051,90332.209
1771074000,2026-02-14 13:00:00,1.044,1.052,1.051,1.049,33005.716
1771077600,2026-02-14 14:00:00,1.048,1.062,1.049,1.062,67288.164
1771081200,2026-02-14 15:00:00,1.058,1.069,1.061,1.068,109900.559
1771084800,2026-02-14 16:00:00,1.059,1.077,1.068,1.073,91361.222
1771088400,2026-02-14 17:00:00,1.067,1.084,1.072,1.072,223149.14
1771092000,2026-02-14 18:00:00,1.072,1.085,1.072,1.08,123164.201
1771095600,2026-02-14 19:00:00,1.078,1.094,1.08,1.093,40162.55
1771099200,2026-02-14 20:00:00,1.083,1.095,1.091,1.088,61738.761
1771102800,2026-02-14 21:00:00,1.084,1.102,1.088,1.09,231721.589
1771106400,2026-02-14 22:00:00,1.088,1.097,1.089,1.094,94627.647
1771110000,2026-02-14 23:00:00,1.08,1.092,1.091,1.084,99101.839
1771113600,2026-02-15 00:00:00,1.074,1.086,1.085,1.077,70363.404
1771117200,2026-02-15 01:00:00,1.071,1.084,1.079,1.077,54180.021
1771120800,2026-02-15 02:00:00,1.064,1.08,1.077,1.07,48759.134
1771124400,2026-02-15 03:00:00,1.057,1.073,1.072,1.073,57250.845
1771128000,2026-02-15 04:00:00,1.072,1.087,1.072,1.075,122784.183
1771131600,2026-02-15 05:00:00,1.074,1.084,1.075,1.079,23258.582
1771135200,2026-02-15 06:00:00,1.075,1.083,1.079,1.078,31199.429
1771138800,2026-02-15 07:00:00,1.078,1.089,1.078,1.087,21714.672
1771142400,2026-02-15 08:00:00,1.067,1.089,1.088,1.071,58854.447
1771146000,2026-02-15 09:00:00,1.072,1.08,1.072,1.078,113769.111
1771149600,2026-02-15 10:00:00,1.07,1.081,1.079,1.079,50067.583
1771153200,2026-02-15 11:00:00,1.079,1.084,1.079,1.083,30434.3
1771156800,2026-02-15 12:00:00,1.053,1.084,1.084,1.053,82995.218
1771160400,2026-02-15 13:00:00,1.047,1.066,1.053,1.051,99775.58
1771164000,2026-02-15 14:00:00,1.046,1.06,1.053,1.06,159789.976
1771167600,2026-02-15 15:00:00,1.052,1.061,1.06,1.057,48250.653
1771171200,2026-02-15 16:00:00,1.048,1.058,1.057,1.055,48980.027
1771174800,2026-02-15 17:00:00,1.033,1.056,1.054,1.042,72028.049
1771178400,2026-02-15 18:00:00,1.035,1.046,1.043,1.038,90889.831
1771182000,2026-02-15 19:00:00,1.032,1.045,1.039,1.039,86064.568
1771185600,2026-02-15 20:00:00,1.037,1.046,1.038,1.043,59796.167
1771189200,2026-02-15 21:00:00,1.043,1.051,1.043,1.046,30724.841
1771192800,2026-02-15 22:00:00,1.045,1.052,1.046,1.05,27941.715
1771196400,2026-02-15 23:00:00,1.041,1.056,1.049,1.055,31532.187
1771200000,2026-02-16 00:00:00,1.051,1.064,1.055,1.056,78082.224
1771203600,2026-02-16 01:00:00,1.048,1.062,1.057,1.052,75896.729
1771207200,2026-02-16 02:00:00,1.045,1.055,1.052,1.046,60065.061
1771210800,2026-02-16 03:00:00,1.043,1.05,1.047,1.05,57253.474
1771214400,2026-02-16 04:00:00,1.049,1.059,1.051,1.058,80349.695
1771218000,2026-02-16 05:00:00,1.04,1.057,1.057,1.041,85972.657
1771221600,2026-02-16 06:00:00,1.041,1.052,1.042,1.049,55100.268
1771225200,2026-02-16 07:00:00,1.043,1.051,1.048,1.044,95770.573
1771228800,2026-02-16 08:00:00,1.042,1.049,1.042,1.047,94691.478
1771232400,2026-02-16 09:00:00,1.047,1.055,1.048,1.051,94185.212
1771236000,2026-02-16 10:00:00,1.045,1.052,1.05,1.046,47926.113
1771239600,2026-02-16 11:00:00,1.032,1.048,1.046,1.047,141435.459
1771243200,2026-02-16 12:00:00,1.045,1.07,1.047,1.069,200023.634
1771246800,2026-02-16 13:00:00,1.041,1.075,1.069,1.042,160617.036
1771250400,2026-02-16 14:00:00,1.037,1.052,1.042,1.05,116129.17
1771254000,2026-02-16 15:00:00,1.025,1.055,1.051,1.03,189424.923
1771257600,2026-02-16 16:00:00,1.03,1.045,1.031,1.043,127700.191
1771261200,2026-02-16 17:00:00,1.037,1.049,1.044,1.046,103065.305
1771264800,2026-02-16 18:00:00,1.046,1.052,1.047,1.048,65793.253
1771268400,2026-02-16 19:00:00,1.045,1.058,1.048,1.054,49857.19
1771272000,2026-02-16 20:00:00,1.05,1.065,1.054,1.062,70118.988
1771275600,2026-02-16 21:00:00,1.055,1.067,1.062,1.064,140888.354
1771279200,2026-02-16 22:00:00,1.054,1.066,1.063,1.056,83793.653
1771282800,2026-02-16 23:00:00,1.055,1.059,1.057,1.057,100557.9
1771286400,2026-02-17 00:00:00,1.052,1.059,1.058,1.053,104746.654
1771290000,2026-02-17 01:00:00,1.048,1.057,1.054,1.05,88283.078
1771293600,2026-02-17 02:00:00,1.045,1.062,1.049,1.059,125454.281
1771297200,2026-02-17 03:00:00,1.053,1.059,1.059,1.055,69096.197
1771300800,2026-02-17 04:00:00,1.052,1.061,1.055,1.054,55353.089
1771304400,2026-02-17 05:00:00,1.041,1.053,1.052,1.048,84881.51
1771308000,2026-02-17 06:00:00,1.049,1.053,1.049,1.052,68370.887
1771311600,2026-02-17 07:00:00,1.049,1.056,1.052,1.053,61503.334
1771315200,2026-02-17 08:00:00,1.05,1.056,1.054,1.052,78461.052
1771318800,2026-02-17 09:00:00,1.049,1.054,1.052,1.052,44882.444
1771322400,2026-02-17 10:00:00,1.045,1.053,1.053,1.051,74522.239
1771326000,2026-02-17 11:00:00,1.051,1.056,1.052,1.055,78727.084
1771329600,2026-02-17 12:00:00,1.054,1.067,1.055,1.055,110607.763
1771333200,2026-02-17 13:00:00,1.054,1.066,1.056,1.058,82750.319
1771336800,2026-02-17 14:00:00,1.032,1.061,1.058,1.037,184291.747
1771340400,2026-02-17 15:00:00,1.029,1.046,1.038,1.039,150860.127
1771344000,2026-02-17 16:00:00,1.037,1.054,1.04,1.042,153134.107
1771347600,2026-02-17 17:00:00,1.028,1.045,1.042,1.034,48528.457
1771351200,2026-02-17 18:00:00,1.033,1.057,1.033,1.056,105876.652
1771354800,2026-02-17 19:00:00,1.044,1.055,1.055,1.045,76285.043
1771358400,2026-02-17 20:00:00,1.037,1.047,1.045,1.043,64647.215
1771362000,2026-02-17 21:00:00,1.041,1.048,1.043,1.045,38791.157
1771365600,2026-02-17 22:00:00,1.04,1.047,1.045,1.041,41535.978
1771369200,2026-02-17 23:00:00,1.039,1.045,1.041,1.044,26903.45
1771372800,2026-02-18 00:00:00,1.04,1.047,1.044,1.04,38089.757
1771376400,2026-02-18 01:00:00,1.037,1.043,1.041,1.042,45631.614
1771380000,2026-02-18 02:00:00,1.042,1.048,1.042,1.047,38892.813
1771383600,2026-02-18 03:00:00,1.044,1.051,1.048,1.049,22423.298
1771387200,2026-02-18 04:00:00,1.046,1.049,1.049,1.046,24638.039
1771390800,2026-02-18 05:00:00,1.045,1.052,1.046,1.047,40954.256
1771394400,2026-02-18 06:00:00,1.046,1.05,1.046,1.047,20624.344
1771398000,2026-02-18 07:00:00,1.042,1.053,1.047,1.051,47142.842
1771401600,2026-02-18 08:00:00,1.048,1.056,1.051,1.05,89312.273
1771405200,2026-02-18 09:00:00,1.048,1.051,1.05,1.05,23571.054
1771408800,2026-02-18 10:00:00,1.05,1.058,1.05,1.052,204829.686
1771412400,2026-02-18 11:00:00,1.036,1.053,1.052,1.04,52865.649
1771416000,2026-02-18 12:00:00,1.035,1.044,1.04,1.041,40961.373
1771419600,2026-02-18 13:00:00,1.029,1.041,1.041,1.034,33106.74
1771423200,2026-02-18 14:00:00,1.03,1.042,1.035,1.04,114749.574
1771426800,2026-02-18 15:00:00,1.041,1.064,1.041,1.052,101816.74
1771430400,2026-02-18 16:00:00,1.037,1.053,1.053,1.039,63728.18
1771434000,2026-02-18 17:00:00,1.036,1.049,1.039,1.038,52168.768
1771437600,2026-02-18 18:00:00,1.022,1.039,1.039,1.022,140241.38
1771441200,2026-02-18 19:00:00,1.012,1.027,1.022,1.018,77488.071
1771444800,2026-02-18 20:00:00,1.016,1.027,1.019,1.02,123370.137
1771448400,2026-02-18 21:00:00,1.013,1.02,1.019,1.015,32938.506
1771452000,2026-02-18 22:00:00,1.006,1.016,1.016,1.011,26338.156
1771455600,2026-02-18 23:00:00,1.006,1.017,1.01,1.017,46821.118
1771459200,2026-02-19 00:00:00,1.003,1.017,1.017,1.005,49326.886
1771462800,2026-02-19 01:00:00,1.006,1.015,1.006,1.013,78615.802
1771466400,2026-02-19 02:00:00,1.009,1.017,1.014,1.012,33892.026
1771470000,2026-02-19 03:00:00,1.011,1.017,1.012,1.013,40204.511
1771473600,2026-02-19 04:00:00,1.011,1.018,1.013,1.013,33538.702
1771477200,2026-02-19 05:00:00,1.009,1.016,1.013,1.013,25958.889
1771480800,2026-02-19 06:00:00,1.014,1.021,1.014,1.018,32752.357
1771484400,2026-02-19 07:00:00,1.016,1.022,1.017,1.019,33530.507
1771488000,2026-02-19 08:00:00,1.002,1.019,1.019,1.008,51374.84
1771491600,2026-02-19 09:00:00,1.005,1.013,1.008,1.005,60651.612
1771495200,2026-02-19 10:00:00,1.004,1.013,1.006,1.006,22105.881
1771498800,2026-02-19 11:00:00,1.004,1.008,1.006,1.005,33280.722
1771502400,2026-02-19 12:00:00,1.003,1.008,1.005,1.003,34128.264
1771506000,2026-02-19 13:00:00,0.99,1.004,1.004,0.996,113933.189
1771509600,2026-02-19 14:00:00,0.991,1.01,0.997,1.003,72534.534
1771513200,2026-02-19 15:00:00,0.989,1.007,1.004,0.991,102621.22
1771516800,2026-02-19 16:00:00,0.982,0.996,0.991,0.991,135323.468
1771520400,2026-02-19 17:00:00,0.985,1.004,0.99,0.989,177016.074
1771524000,2026-02-19 18:00:00,0.988,1.009,0.989,1.001,83721.194
1771527600,2026-02-19 19:00:00,0.994,1.004,1.001,0.999,76459.086
1771531200,2026-02-19 20:00:00,0.995,1.004,1.001,1.001,73709.567
1771534800,2026-02-19 21:00:00,0.997,1.003,1.001,0.998,38920.566
1771538400,2026-02-19 22:00:00,0.997,1.004,0.998,1.003,45692.004
1771542000,2026-02-19 23:00:00,1.002,1.007,1.002,1.006,22131.681
1771545600,2026-02-20 00:00:00,1.004,1.01,1.005,1.007,27356.204
1771549200,2026-02-20 01:00:00,1.004,1.013,1.006,1.011,78607.866
1771552800,2026-02-20 02:00:00,1.008,1.013,1.012,1.008,39196.656
1771556400,2026-02-20 03:00:00,1.006,1.013,1.008,1.009,59892.928
1771560000,2026-02-20 04:00:00,1.001,1.009,1.009,1.005,64961.757
1771563600,2026-02-20 05:00:00,1.002,1.018,1.004,1.012,52648.771
1771567200,2026-02-20 06:00:00,1.008,1.014,1.012,1.013,32326.472
1771570800,2026-02-20 07:00:00,1.011,1.016,1.012,1.016,32870.621
1771574400,2026-02-20 08:00:00,1.011,1.016,1.015,1.014,25960.699
1771578000,2026-02-20 09:00:00,1.014,1.02,1.014,1.016,189709.862
1771581600,2026-02-20 10:00:00,1.016,1.024,1.017,1.017,57677.05
1771585200,2026-02-20 11:00:00,1.008,1.019,1.016,1.014,145110.868
1771588800,2026-02-20 12:00:00,1.011,1.028,1.014,1.023,97915.19
1771592400,2026-02-20 13:00:00,1.003,1.026,1.023,1.012,211935.901
1771596000,2026-02-20 14:00:00,1.011,1.033,1.013,1.027,97937.691
1771599600,2026-02-20 15:00:00,1.029,1.055,1.029,1.04,206327.62
1771603200,2026-02-20 16:00:00,1.031,1.046,1.04,1.043,213475.783
1771606800,2026-02-20 17:00:00,1.018,1.045,1.042,1.044,236542.8
1771610400,2026-02-20 18:00:00,1.033,1.045,1.044,1.045,128371.111
1771614000,2026-02-20 19:00:00,1.036,1.044,1.044,1.041,69793.449
1771617600,2026-02-20 20:00:00,1.037,1.047,1.039,1.047,79454.682
1771621200,2026-02-20 21:00:00,1.042,1.049,1.045,1.049,76097.45
1771624800,2026-02-20 22:00:00,1.046,1.055,1.048,1.055,59618.741
1771628400,2026-02-20 23:00:00,1.047,1.054,1.054,1.053,45910.404
1771632000,2026-02-21 00:00:00,1.042,1.058,1.054,1.044,82004.172
1771635600,2026-02-21 01:00:00,1.042,1.052,1.045,1.052,35718.848
1771639200,2026-02-21 02:00:00,1.048,1.059,1.052,1.056,31317.293
1771642800,2026-02-21 03:00:00,1.052,1.065,1.056,1.057,34880.103
1771646400,2026-02-21 04:00:00,1.056,1.07,1.057,1.068,62223.064
1771650000,2026-02-21 05:00:00,1.068,1.074,1.069,1.073,61600.089
1771653600,2026-02-21 06:00:00,1.062,1.074,1.072,1.066,30682.342
1771657200,2026-02-21 07:00:00,1.065,1.072,1.067,1.067,59124.623
1771660800,2026-02-21 08:00:00,1.067,1.09,1.067,1.089,199588.919
1771664400,2026-02-21 09:00:00,1.086,1.1,1.089,1.09,124644.895
1771668000,2026-02-21 10:00:00,1.091,1.105,1.091,1.1,106940.437
1771671600,2026-02-21 11:00:00,1.087,1.108,1.101,1.093,109713.422
1771675200,2026-02-21 12:00:00,1.079,1.094,1.094,1.081,85865.292
1771678800,2026-02-21 13:00:00,1.072,1.08,1.08,1.079,40104.676
1771682400,2026-02-21 14:00:00,1.067,1.08,1.078,1.068,103197.812
1771686000,2026-02-21 15:00:00,1.059,1.069,1.068,1.06,102889.256
1771689600,2026-02-21 16:00:00,1.049,1.059,1.059,1.051,59204.126
1771693200,2026-02-21 17:00:00,1.049,1.055,1.05,1.055,47214.993
1771696800,2026-02-21 18:00:00,1.052,1.056,1.054,1.056,29022.126
1771700400,2026-02-21 19:00:00,1.051,1.057,1.056,1.055,81886.177
1771704000,2026-02-21 20:00:00,1.054,1.063,1.056,1.054,68080.988
1771707600,2026-02-21 21:00:00,1.053,1.059,1.054,1.059,25709.723
1771711200,2026-02-21 22:00:00,1.051,1.06,1.059,1.052,104756.5
1771714800,2026-02-21 23:00:00,1.052,1.061,1.053,1.055,43675.511
1771718400,2026-02-22 00:00:00,1.034,1.055,1.054,1.042,179723.272
1771722000,2026-02-22 01:00:00,1.038,1.044,1.042,1.038,26509.967
1771725600,2026-02-22 02:00:00,1.03,1.043,1.037,1.031,84139.444
1771729200,2026-02-22 03:00:00,1.026,1.033,1.031,1.031,44953.62
1771732800,2026-02-22 04:00:00,1.031,1.035,1.031,1.032,128688.634
1771736400,2026-02-22 05:00:00,1.025,1.034,1.032,1.028,57442.041
1771740000,2026-02-22 06:00:00,1.026,1.034,1.029,1.032,66207.527
1771743600,2026-02-22 07:00:00,1.031,1.036,1.032,1.032,25798.35
1771747200,2026-02-22 08:00:00,1.024,1.033,1.03,1.025,23253.876
1771750800,2026-02-22 09:00:00,1.026,1.029,1.026,1.029,20071.887
1771754400,2026-02-22 10:00:00,1.029,1.033,1.029,1.032,51887.619
1771758000,2026-02-22 11:00:00,1.028,1.033,1.032,1.028,19028.583
1771761600,2026-02-22 12:00:00,1.019,1.028,1.028,1.021,71532.884
1771765200,2026-02-22 13:00:00,1.015,1.022,1.02,1.017,73227.102
1771768800,2026-02-22 14:00:00,1.008,1.017,1.016,1.01,84738.317
1771772400,2026-02-22 15:00:00,1.007,1.018,1.01,1.014,41339.168
1771776000,2026-02-22 16:00:00,1.012,1.02,1.014,1.02,32486.192
1771779600,2026-02-22 17:00:00,1.012,1.021,1.02,1.014,41099.789
1771783200,2026-02-22 18:00:00,1.012,1.014,1.014,1.014,9780.695
1771786800,2026-02-22 19:00:00,1.01,1.013,1.013,1.011,20635.091
1771790400,2026-02-22 20:00:00,1.004,1.013,1.012,1.006,29266.468
1771794000,2026-02-22 21:00:00,1.004,1.011,1.008,1.009,34047.482
1771797600,2026-02-22 22:00:00,1.008,1.016,1.01,1.016,16737.213
1771801200,2026-02-22 23:00:00,1.013,1.023,1.016,1.023,50007.011
1771804800,2026-02-23 00:00:00,1.01,1.029,1.022,1.01,160960.373
1771808400,2026-02-23 01:00:00,0.975,1.009,1.009,0.975,362795.412
1771812000,2026-02-23 02:00:00,0.973,0.987,0.976,0.985,105514.555
1771815600,2026-02-23 03:00:00,0.98,0.992,0.986,0.986,67902.427
1771819200,2026-02-23 04:00:00,0.981,0.987,0.985,0.983,122219.777
1771822800,2026-02-23 05:00:00,0.984,0.995,0.984,0.993,92873.408
1771826400,2026-02-23 06:00:00,0.993,1.019,0.993,1.008,171486.608
1771830000,2026-02-23 07:00:00,1.002,1.008,1.008,1.002,62631.554
1771833600,2026-02-23 08:00:00,0.995,1.002,1.002,0.997,69002.16
1771837200,2026-02-23 09:00:00,0.997,1.016,0.997,1.014,87559.313
1771840800,2026-02-23 10:00:00,1.007,1.015,1.014,1.009,55918.049
1771844400,2026-02-23 11:00:00,1.007,1.014,1.01,1.009,48188.501
1771848000,2026-02-23 12:00:00,1.01,1.021,1.01,1.015,69726.836
1771851600,2026-02-23 13:00:00,1.005,1.015,1.015,1.006,48263.3
1771855200,2026-02-23 14:00:00,0.997,1.006,1.005,0.999,74882.162
1771858800,2026-02-23 15:00:00,0.985,1,0.999,0.987,196806.123
1771862400,2026-02-23 16:00:00,0.98,0.991,0.986,0.982,88286.559
1771866000,2026-02-23 17:00:00,0.968,0.984,0.983,0.98,126183.391
1771869600,2026-02-23 18:00:00,0.977,0.988,0.98,0.979,60387.791
1771873200,2026-02-23 19:00:00,0.969,0.98,0.98,0.971,63210.396
1771876800,2026-02-23 20:00:00,0.965,0.978,0.971,0.978,97596.747
1771880400,2026-02-23 21:00:00,0.976,0.983,0.978,0.98,41274.338
1771884000,2026-02-23 22:00:00,0.98,0.987,0.98,0.982,37479.638
1771887600,2026-02-23 23:00:00,0.977,0.985,0.983,0.982,42109.396
1771891200,2026-02-24 00:00:00,0.98,0.993,0.981,0.989,77902.758
1771894800,2026-02-24 01:00:00,0.966,0.992,0.989,0.982,188487.55
1771898400,2026-02-24 02:00:00,0.978,0.986,0.982,0.981,42435.171
1771902000,2026-02-24 03:00:00,0.974,0.981,0.981,0.977,48949.988
1771905600,2026-02-24 04:00:00,0.968,0.979,0.977,0.974,18871.401
1771909200,2026-02-24 05:00:00,0.967,0.978,0.973,0.972,40173.683
1771912800,2026-02-24 06:00:00,0.969,0.974,0.972,0.97,11797.802
1771916400,2026-02-24 07:00:00,0.967,0.976,0.971,0.973,20420.027
1771920000,2026-02-24 08:00:00,0.97,0.978,0.972,0.976,10375.762
1771923600,2026-02-24 09:00:00,0.968,0.977,0.976,0.975,5478.865
1771927200,2026-02-24 10:00:00,0.972,0.975,0.975,0.974,4318.453
1771930800,2026-02-24 11:00:00,0.97,0.975,0.974,0.97,9933.568
1771934400,2026-02-24 12:00:00,0.967,0.976,0.969,0.972,25036.265
1771938000,2026-02-24 13:00:00,0.963,0.976,0.972,0.965,62664.199
1771941600,2026-02-24 14:00:00,0.955,0.975,0.965,0.971,92691.434
1771945200,2026-02-24 15:00:00,0.964,0.98,0.971,0.973,87645.95
1771948800,2026-02-24 16:00:00,0.973,0.99,0.973,0.985,85571.787
1771952400,2026-02-24 17:00:00,0.977,0.985,0.984,0.979,22336.934
1771956000,2026-02-24 18:00:00,0.973,0.983,0.979,0.979,9152.986
1771959600,2026-02-24 19:00:00,0.973,0.982,0.979,0.976,66599.7
1771963200,2026-02-24 20:00:00,0.974,0.979,0.975,0.975,10719.302
1771966800,2026-02-24 21:00:00,0.968,0.974,0.974,0.969,32907.548
1771970400,2026-02-24 22:00:00,0.968,0.973,0.968,0.968,37322.734
1771974000,2026-02-24 23:00:00,0.961,0.97,0.968,0.967,34535.743
1771977600,2026-02-25 00:00:00,0.965,0.972,0.967,0.97,53879.233
1771981200,2026-02-25 01:00:00,0.969,1.012,0.97,1.002,262522.668
1771984800,2026-02-25 02:00:00,0.998,1.011,1.003,1.001,124611.459
1771988400,2026-02-25 03:00:00,0.987,1.001,1.001,0.987,158060.964
1771992000,2026-02-25 04:00:00,0.98,0.991,0.986,0.988,93914.616
1771995600,2026-02-25 05:00:00,0.977,0.99,0.988,0.985,56921.388
1771999200,2026-02-25 06:00:00,0.985,0.992,0.985,0.988,93036.097
1772002800,2026-02-25 07:00:00,0.986,0.994,0.988,0.994,56430.36
1772006400,2026-02-25 08:00:00,0.992,1.008,0.994,1.006,44034.565
1772010000,2026-02-25 09:00:00,1.006,1.015,1.007,1.015,63837.581
1772013600,2026-02-25 10:00:00,1.011,1.019,1.015,1.014,151855.442
1772017200,2026-02-25 11:00:00,1.009,1.029,1.013,1.029,103524.331
1772020800,2026-02-25 12:00:00,1.029,1.06,1.029,1.058,144110.133
1772024400,2026-02-25 13:00:00,1.055,1.092,1.059,1.073,451053.057
1772028000,2026-02-25 14:00:00,1.067,1.094,1.072,1.092,107682.824
1772031600,2026-02-25 15:00:00,1.088,1.114,1.093,1.104,206610.362
1772035200,2026-02-25 16:00:00,1.105,1.145,1.105,1.142,362534.412
1772038800,2026-02-25 17:00:00,1.135,1.154,1.141,1.151,457205.146
1772042400,2026-02-25 18:00:00,1.148,1.177,1.15,1.169,636273.105
1772046000,2026-02-25 19:00:00,1.159,1.201,1.168,1.2,382873.022
1772049600,2026-02-25 20:00:00,1.195,1.249,1.2,1.234,778893.374
1772053200,2026-02-25 21:00:00,1.226,1.263,1.234,1.234,522948.623
1772056800,2026-02-25 22:00:00,1.189,1.239,1.233,1.197,337479.419
1772060400,2026-02-25 23:00:00,1.164,1.209,1.196,1.172,249555.13
1772064000,2026-02-26 00:00:00,1.155,1.184,1.173,1.168,172119.517
1772067600,2026-02-26 01:00:00,1.161,1.183,1.166,1.169,119719.242
1772071200,2026-02-26 02:00:00,1.155,1.172,1.167,1.16,131409.731
1772074800,2026-02-26 03:00:00,1.151,1.164,1.16,1.161,76433.811
1772078400,2026-02-26 04:00:00,1.154,1.172,1.162,1.154,151630.664
1772082000,2026-02-26 05:00:00,1.137,1.155,1.153,1.142,311392.142
1772085600,2026-02-26 06:00:00,1.134,1.15,1.142,1.139,62076.628
1772089200,2026-02-26 07:00:00,1.126,1.14,1.138,1.133,71465.138
1772092800,2026-02-26 08:00:00,1.131,1.139,1.134,1.131,101916.966
1772096400,2026-02-26 09:00:00,1.131,1.142,1.132,1.135,123433.866
1772100000,2026-02-26 10:00:00,1.127,1.139,1.135,1.13,87605.469
1772103600,2026-02-26 11:00:00,1.12,1.133,1.131,1.121,62252.311
1772107200,2026-02-26 12:00:00,1.122,1.156,1.122,1.152,165837.792
1772110800,2026-02-26 13:00:00,1.131,1.16,1.152,1.133,112594.738
1772114400,2026-02-26 14:00:00,1.118,1.135,1.133,1.125,114221.47
1772118000,2026-02-26 15:00:00,1.109,1.126,1.125,1.12,231374.653
1772121600,2026-02-26 16:00:00,1.085,1.121,1.12,1.087,223112.583
1772125200,2026-02-26 17:00:00,1.086,1.099,1.088,1.091,80071.705
1772128800,2026-02-26 18:00:00,1.088,1.112,1.091,1.11,104179.205
1772132400,2026-02-26 19:00:00,1.11,1.122,1.11,1.119,136083.57
1772136000,2026-02-26 20:00:00,1.106,1.121,1.118,1.107,172177.838
1772139600,2026-02-26 21:00:00,1.108,1.119,1.108,1.117,59172.79
1772143200,2026-02-26 22:00:00,1.115,1.128,1.118,1.126,47449.809
1772146800,2026-02-26 23:00:00,1.123,1.134,1.124,1.127,94396.756
1772150400,2026-02-27 00:00:00,1.126,1.132,1.127,1.129,91083.624
1772154000,2026-02-27 01:00:00,1.11,1.129,1.128,1.123,132786.885
1772157600,2026-02-27 02:00:00,1.119,1.128,1.123,1.121,32458.047
1772161200,2026-02-27 03:00:00,1.119,1.13,1.12,1.129,33684.664
1772164800,2026-02-27 04:00:00,1.13,1.144,1.13,1.136,64488.788
1772168400,2026-02-27 05:00:00,1.137,1.142,1.137,1.14,52195.059
1772172000,2026-02-27 06:00:00,1.136,1.147,1.14,1.142,48426.178
1772175600,2026-02-27 07:00:00,1.134,1.142,1.141,1.141,20979.469
1772179200,2026-02-27 08:00:00,1.128,1.144,1.14,1.138,104903.784
1772182800,2026-02-27 09:00:00,1.132,1.142,1.138,1.137,74271.367
1772186400,2026-02-27 10:00:00,1.12,1.144,1.137,1.126,170322.655
1772190000,2026-02-27 11:00:00,1.121,1.141,1.126,1.123,132901.988
1772193600,2026-02-27 12:00:00,1.107,1.123,1.123,1.113,172809.134
1772197200,2026-02-27 13:00:00,1.099,1.121,1.113,1.112,397311.675
1772200800,2026-02-27 14:00:00,1.1,1.114,1.112,1.101,303884.302
1772204400,2026-02-27 15:00:00,1.101,1.111,1.101,1.11,248256.041
1772208000,2026-02-27 16:00:00,1.095,1.112,1.109,1.097,257419.475
1772211600,2026-02-27 17:00:00,1.087,1.105,1.098,1.104,147767.998
1772215200,2026-02-27 18:00:00,1.094,1.106,1.104,1.094,39627.721
1772218800,2026-02-27 19:00:00,1.083,1.095,1.094,1.086,84671.609
1772222400,2026-02-27 20:00:00,1.086,1.094,1.086,1.089,87107.761
1772226000,2026-02-27 21:00:00,1.077,1.091,1.089,1.081,44719.228
1772229600,2026-02-27 22:00:00,1.072,1.09,1.082,1.084,84052.262
1772233200,2026-02-27 23:00:00,1.084,1.095,1.084,1.094,34805.262
1772236800,2026-02-28 00:00:00,1.087,1.096,1.092,1.095,86565.841
1772240400,2026-02-28 01:00:00,1.08,1.094,1.094,1.081,56773.97
1772244000,2026-02-28 02:00:00,1.08,1.091,1.08,1.09,71014.027
1772247600,2026-02-28 03:00:00,1.084,1.093,1.091,1.084,37974.961
1772251200,2026-02-28 04:00:00,1.077,1.084,1.084,1.082,52957.798
1772254800,2026-02-28 05:00:00,1.073,1.083,1.082,1.074,54062.317
1772258400,2026-02-28 06:00:00,1.031,1.074,1.074,1.032,205287.212
1772262000,2026-02-28 07:00:00,1.029,1.071,1.031,1.057,218921.894
1772265600,2026-02-28 08:00:00,1.046,1.056,1.056,1.051,123376.416
1772269200,2026-02-28 09:00:00,1.039,1.058,1.051,1.041,66577.787
1772272800,2026-02-28 10:00:00,1.039,1.066,1.041,1.059,187632.986
1772276400,2026-02-28 11:00:00,1.044,1.069,1.06,1.045,194137.284
1772280000,2026-02-28 12:00:00,1.045,1.068,1.046,1.055,190274.088
1772283600,2026-02-28 13:00:00,1.045,1.074,1.055,1.072,212284.313
1772287200,2026-02-28 14:00:00,1.058,1.077,1.073,1.064,178441.946
1772290800,2026-02-28 15:00:00,1.056,1.071,1.063,1.067,98192.34
1772294400,2026-02-28 16:00:00,1.066,1.075,1.066,1.074,104277.459
1772298000,2026-02-28 17:00:00,1.065,1.08,1.074,1.076,71644.207
1772301600,2026-02-28 18:00:00,1.068,1.111,1.076,1.11,642052.851
1772305200,2026-02-28 19:00:00,1.084,1.136,1.11,1.126,526949.363
1772308800,2026-02-28 20:00:00,1.125,1.159,1.126,1.148,552862.705
1772312400,2026-02-28 21:00:00,1.137,1.169,1.149,1.156,705434.344
1772316000,2026-02-28 22:00:00,1.156,1.177,1.157,1.164,333687.263
1772319600,2026-02-28 23:00:00,1.151,1.174,1.165,1.173,159248.939
1772323200,2026-03-01 00:00:00,1.141,1.182,1.174,1.142,357716.691
1772326800,2026-03-01 01:00:00,1.129,1.174,1.142,1.166,374425.11
1772330400,2026-03-01 02:00:00,1.167,1.196,1.167,1.177,712087.847
1772334000,2026-03-01 03:00:00,1.145,1.178,1.177,1.154,172631.203
1772337600,2026-03-01 04:00:00,1.14,1.153,1.153,1.152,169469.541
1772341200,2026-03-01 05:00:00,1.152,1.173,1.152,1.171,61010.808
1772344800,2026-03-01 06:00:00,1.156,1.188,1.171,1.185,434286.169
1772348400,2026-03-01 07:00:00,1.179,1.205,1.186,1.204,164243.441
1772352000,2026-03-01 08:00:00,1.172,1.213,1.204,1.173,196736.908
1772355600,2026-03-01 09:00:00,1.162,1.184,1.172,1.164,69583.331
1772359200,2026-03-01 10:00:00,1.149,1.165,1.164,1.151,73484.155
1772362800,2026-03-01 11:00:00,1.146,1.155,1.151,1.148,81682.187
1772366400,2026-03-01 12:00:00,1.137,1.155,1.148,1.14,57865.9
1772370000,2026-03-01 13:00:00,1.137,1.171,1.141,1.168,88082.695
1772373600,2026-03-01 14:00:00,1.154,1.182,1.169,1.154,103964.822
1772377200,2026-03-01 15:00:00,1.15,1.162,1.154,1.153,91643.049
1772380800,2026-03-01 16:00:00,1.134,1.161,1.154,1.143,81095.295
1772384400,2026-03-01 17:00:00,1.132,1.147,1.143,1.14,100472.339
1772388000,2026-03-01 18:00:00,1.14,1.157,1.14,1.144,93601.572
1772391600,2026-03-01 19:00:00,1.128,1.143,1.143,1.131,62731.392
1772395200,2026-03-01 20:00:00,1.112,1.13,1.13,1.116,164204.326
1772398800,2026-03-01 21:00:00,1.115,1.136,1.116,1.13,48121.543
1772402400,2026-03-01 22:00:00,1.126,1.149,1.13,1.131,190870.805
1772406000,2026-03-01 23:00:00,1.131,1.159,1.131,1.15,199604.968
1772409600,2026-03-02 00:00:00,1.143,1.176,1.151,1.17,180245.309
1772413200,2026-03-02 01:00:00,1.161,1.194,1.169,1.174,311190.325
1772416800,2026-03-02 02:00:00,1.159,1.183,1.174,1.18,103008.024
1772420400,2026-03-02 03:00:00,1.169,1.2,1.181,1.194,251744.609
1772424000,2026-03-02 04:00:00,1.183,1.221,1.195,1.191,435595.289
1772427600,2026-03-02 05:00:00,1.174,1.222,1.192,1.199,677034.11
1772431200,2026-03-02 06:00:00,1.191,1.225,1.199,1.22,468036.833
1772434800,2026-03-02 07:00:00,1.185,1.22,1.22,1.203,336849.797
1772438400,2026-03-02 08:00:00,1.171,1.215,1.203,1.191,409318.163
1772442000,2026-03-02 09:00:00,1.178,1.197,1.19,1.184,186250.105
1772445600,2026-03-02 10:00:00,1.178,1.188,1.182,1.187,85414.486
1772449200,2026-03-02 11:00:00,1.186,1.207,1.186,1.201,515725.932
1772452800,2026-03-02 12:00:00,1.2,1.22,1.201,1.219,472858.558
1772456400,2026-03-02 13:00:00,1.214,1.239,1.219,1.222,643436.344
1772460000,2026-03-02 14:00:00,1.216,1.304,1.222,1.301,1189027.607
1772463600,2026-03-02 15:00:00,1.275,1.336,1.301,1.309,1269963.681
1772467200,2026-03-02 16:00:00,1.28,1.34,1.308,1.322,807898.462
1772470800,2026-03-02 17:00:00,1.298,1.339,1.32,1.313,673789.892
1772474400,2026-03-02 18:00:00,1.303,1.337,1.313,1.325,280713.424
1772478000,2026-03-02 19:00:00,1.308,1.332,1.325,1.33,348815.365
1772481600,2026-03-02 20:00:00,1.31,1.344,1.331,1.326,450427.167
1772485200,2026-03-02 21:00:00,1.316,1.392,1.326,1.373,1084875.897
1772488800,2026-03-02 22:00:00,1.371,1.415,1.374,1.375,678857.745
1772492400,2026-03-02 23:00:00,1.338,1.38,1.374,1.361,550604.514
1772496000,2026-03-03 00:00:00,1.347,1.379,1.361,1.374,457401.07
1772499600,2026-03-03 01:00:00,1.367,1.406,1.374,1.399,405243.477
1772503200,2026-03-03 02:00:00,1.375,1.408,1.397,1.383,388967.398
1772506800,2026-03-03 03:00:00,1.376,1.424,1.381,1.421,843606.495
1772510400,2026-03-03 04:00:00,1.394,1.431,1.421,1.412,542862.921
1772514000,2026-03-03 05:00:00,1.362,1.455,1.411,1.367,823030.898
1772517600,2026-03-03 06:00:00,1.344,1.376,1.366,1.359,418890.441
1772521200,2026-03-03 07:00:00,1.335,1.36,1.36,1.344,365489.198
1772524800,2026-03-03 08:00:00,1.334,1.365,1.344,1.357,633776.706
1772528400,2026-03-03 09:00:00,1.343,1.416,1.359,1.345,1435075.85
1772532000,2026-03-03 10:00:00,1.33,1.351,1.345,1.336,198807.361
1772535600,2026-03-03 11:00:00,1.32,1.353,1.336,1.331,298338.236
1772539200,2026-03-03 12:00:00,1.332,1.372,1.332,1.348,263105.944
1772542800,2026-03-03 13:00:00,1.338,1.354,1.348,1.342,179725.248
1772546400,2026-03-03 14:00:00,1.318,1.369,1.343,1.327,390351.829
1772550000,2026-03-03 15:00:00,1.324,1.399,1.327,1.393,473152.012
1772553600,2026-03-03 16:00:00,1.351,1.406,1.392,1.375,891810.215
1772557200,2026-03-03 17:00:00,1.368,1.397,1.375,1.391,416755.134
1772560800,2026-03-03 18:00:00,1.383,1.412,1.392,1.388,611157.826
1772564400,2026-03-03 19:00:00,1.359,1.391,1.389,1.365,359786.977
1772568000,2026-03-03 20:00:00,1.362,1.374,1.366,1.371,219376.733
1772571600,2026-03-03 21:00:00,1.342,1.373,1.372,1.347,202204.138
1772575200,2026-03-03 22:00:00,1.344,1.361,1.348,1.348,156487.273
1772578800,2026-03-03 23:00:00,1.347,1.362,1.35,1.359,146183.044
1772582400,2026-03-04 00:00:00,1.349,1.381,1.36,1.364,230444.316
1772586000,2026-03-04 01:00:00,1.363,1.391,1.363,1.382,174073.873
1772589600,2026-03-04 02:00:00,1.373,1.407,1.383,1.403,393082.062
1772593200,2026-03-04 03:00:00,1.379,1.415,1.402,1.395,599467.949
1772596800,2026-03-04 04:00:00,1.365,1.397,1.395,1.38,427580.079
1772600400,2026-03-04 05:00:00,1.368,1.383,1.38,1.377,123910.67
1772604000,2026-03-04 06:00:00,1.351,1.38,1.378,1.359,141580.405
1772607600,2026-03-04 07:00:00,1.337,1.366,1.36,1.366,154009.246
1772611200,2026-03-04 08:00:00,1.356,1.412,1.367,1.4,380282.045
1772614800,2026-03-04 09:00:00,1.386,1.412,1.4,1.391,500932.581
1772618400,2026-03-04 10:00:00,1.353,1.394,1.392,1.357,202667.799
1772622000,2026-03-04 11:00:00,1.336,1.362,1.357,1.336,170260.233
1772625600,2026-03-04 12:00:00,1.327,1.345,1.338,1.332,187327.276
1772629200,2026-03-04 13:00:00,1.329,1.342,1.333,1.339,245033.112
1772632800,2026-03-04 14:00:00,1.339,1.376,1.34,1.344,355839.445
1772636400,2026-03-04 15:00:00,1.327,1.361,1.345,1.359,372284.429
1772640000,2026-03-04 16:00:00,1.33,1.359,1.358,1.346,338024.285
1772643600,2026-03-04 17:00:00,1.319,1.351,1.345,1.321,371332.491
1772647200,2026-03-04 18:00:00,1.304,1.325,1.322,1.314,187908.162
1772650800,2026-03-04 19:00:00,1.307,1.332,1.315,1.327,349219.271
1772654400,2026-03-04 20:00:00,1.308,1.33,1.327,1.312,142922.599
1772658000,2026-03-04 21:00:00,1.308,1.319,1.312,1.316,73098.36
1772661600,2026-03-04 22:00:00,1.307,1.325,1.316,1.311,74452.192
1772665200,2026-03-04 23:00:00,1.302,1.319,1.313,1.313,190714.253
1772668800,2026-03-05 00:00:00,1.273,1.313,1.312,1.278,223169.293
1772672400,2026-03-05 01:00:00,1.244,1.28,1.277,1.246,639613.981
1772676000,2026-03-05 02:00:00,1.246,1.275,1.246,1.27,189097.875
1772679600,2026-03-05 03:00:00,1.266,1.282,1.27,1.28,113079.448
1772683200,2026-03-05 04:00:00,1.268,1.293,1.28,1.287,203801.209
1772686800,2026-03-05 05:00:00,1.275,1.294,1.286,1.284,223504.947
1772690400,2026-03-05 06:00:00,1.277,1.295,1.285,1.291,129790.589
1772694000,2026-03-05 07:00:00,1.284,1.297,1.291,1.295,85986.37
1772697600,2026-03-05 08:00:00,1.285,1.332,1.295,1.315,835559.898
1772701200,2026-03-05 09:00:00,1.292,1.325,1.315,1.296,136548.289
1772704800,2026-03-05 10:00:00,1.291,1.309,1.295,1.305,207564.603
1772708400,2026-03-05 11:00:00,1.28,1.306,1.305,1.291,216075.124
1772712000,2026-03-05 12:00:00,1.285,1.301,1.29,1.296,102149.365
1772715600,2026-03-05 13:00:00,1.284,1.296,1.295,1.287,124812.892
1772719200,2026-03-05 14:00:00,1.284,1.306,1.288,1.3,226679.418
1772722800,2026-03-05 15:00:00,1.265,1.301,1.3,1.27,355203.67
1772726400,2026-03-05 16:00:00,1.255,1.286,1.269,1.279,287536.834
1772730000,2026-03-05 17:00:00,1.252,1.286,1.28,1.256,298289.403
1772733600,2026-03-05 18:00:00,1.253,1.265,1.254,1.265,145341.223
1772737200,2026-03-05 19:00:00,1.262,1.282,1.266,1.263,82745.283
1772740800,2026-03-05 20:00:00,1.26,1.282,1.264,1.274,125953.764
1772744400,2026-03-05 21:00:00,1.271,1.288,1.274,1.279,193489.42
1772748000,2026-03-05 22:00:00,1.277,1.287,1.278,1.277,86742.772
1772751600,2026-03-05 23:00:00,1.269,1.285,1.277,1.269,326757.659
1772755200,2026-03-06 00:00:00,1.266,1.278,1.271,1.27,402805.912
1772758800,2026-03-06 01:00:00,1.262,1.298,1.271,1.29,510464.049
1772762400,2026-03-06 02:00:00,1.266,1.291,1.29,1.282,221574.929
1772766000,2026-03-06 03:00:00,1.276,1.284,1.281,1.282,37575.247
1772769600,2026-03-06 04:00:00,1.265,1.283,1.281,1.275,119810.353
1772773200,2026-03-06 05:00:00,1.267,1.278,1.272,1.268,52192.278
1772776800,2026-03-06 06:00:00,1.256,1.271,1.267,1.265,125731.849
1772780400,2026-03-06 07:00:00,1.261,1.274,1.265,1.269,33953.488
1772784000,2026-03-06 08:00:00,1.263,1.27,1.269,1.27,48906.865
1772787600,2026-03-06 09:00:00,1.257,1.272,1.271,1.262,47565.306
1772791200,2026-03-06 10:00:00,1.256,1.266,1.262,1.259,60821.694
1772794800,2026-03-06 11:00:00,1.243,1.263,1.26,1.252,85455.761
1772798400,2026-03-06 12:00:00,1.248,1.26,1.252,1.254,208000.938
1772802000,2026-03-06 13:00:00,1.239,1.27,1.254,1.24,431767.301
1772805600,2026-03-06 14:00:00,1.228,1.254,1.241,1.243,206422.193
1772809200,2026-03-06 15:00:00,1.226,1.248,1.243,1.229,143090.745
1772812800,2026-03-06 16:00:00,1.228,1.239,1.23,1.235,71618.734
1772816400,2026-03-06 17:00:00,1.217,1.237,1.236,1.218,142206.435
1772820000,2026-03-06 18:00:00,1.219,1.245,1.219,1.237,121099.773
1772823600,2026-03-06 19:00:00,1.228,1.241,1.238,1.232,90672.403
1772827200,2026-03-06 20:00:00,1.231,1.238,1.231,1.238,47755.119
1772830800,2026-03-06 21:00:00,1.232,1.241,1.239,1.235,30181.961
1772834400,2026-03-06 22:00:00,1.233,1.244,1.235,1.238,16833.037
1772838000,2026-03-06 23:00:00,1.225,1.238,1.237,1.227,25269.202
1772841600,2026-03-07 00:00:00,1.226,1.247,1.227,1.241,103412.878
1772845200,2026-03-07 01:00:00,1.226,1.245,1.24,1.238,122368.506
1772848800,2026-03-07 02:00:00,1.236,1.242,1.239,1.24,34380.677
1772852400,2026-03-07 03:00:00,1.233,1.243,1.241,1.233,17280.98
1772856000,2026-03-07 04:00:00,1.226,1.235,1.232,1.23,33306.929
1772859600,2026-03-07 05:00:00,1.218,1.231,1.231,1.221,38814.703
1772863200,2026-03-07 06:00:00,1.211,1.221,1.221,1.212,89502.985
1772866800,2026-03-07 07:00:00,1.209,1.215,1.212,1.214,26820.642
1772870400,2026-03-07 08:00:00,1.215,1.221,1.215,1.219,21027.086
1772874000,2026-03-07 09:00:00,1.215,1.221,1.219,1.219,20099.097
1772877600,2026-03-07 10:00:00,1.216,1.221,1.218,1.22,30206.633
1772881200,2026-03-07 11:00:00,1.22,1.229,1.22,1.222,34257.998
1772884800,2026-03-07 12:00:00,1.219,1.229,1.222,1.226,36264.887
1772888400,2026-03-07 13:00:00,1.226,1.235,1.226,1.229,56027.018
1772892000,2026-03-07 14:00:00,1.216,1.23,1.227,1.228,63875.087
1772895600,2026-03-07 15:00:00,1.219,1.238,1.228,1.22,122982.203
1772899200,2026-03-07 16:00:00,1.219,1.227,1.22,1.227,15197.603
1772902800,2026-03-07 17:00:00,1.228,1.233,1.228,1.231,17340.589
1772906400,2026-03-07 18:00:00,1.216,1.231,1.231,1.217,64213.686
1772910000,2026-03-07 19:00:00,1.203,1.218,1.216,1.209,136747.924
1772913600,2026-03-07 20:00:00,1.208,1.217,1.209,1.216,25031.02
1772917200,2026-03-07 21:00:00,1.213,1.221,1.216,1.216,18458.742
1772920800,2026-03-07 22:00:00,1.208,1.217,1.216,1.211,15546.389
1772924400,2026-03-07 23:00:00,1.209,1.216,1.212,1.215,37870.439
1772928000,2026-03-08 00:00:00,1.212,1.219,1.216,1.212,24777.332
1772931600,2026-03-08 01:00:00,1.209,1.215,1.212,1.213,33819.448
1772935200,2026-03-08 02:00:00,1.2,1.213,1.213,1.202,59686.644
1772938800,2026-03-08 03:00:00,1.202,1.217,1.202,1.214,29940.271
1772942400,2026-03-08 04:00:00,1.202,1.217,1.215,1.205,32095.614
1772946000,2026-03-08 05:00:00,1.204,1.214,1.204,1.211,16744.629
1772949600,2026-03-08 06:00:00,1.193,1.21,1.21,1.202,186254.194
1772953200,2026-03-08 07:00:00,1.2,1.21,1.201,1.201,36022.666
1772956800,2026-03-08 08:00:00,1.198,1.216,1.201,1.213,52755.51
1772960400,2026-03-08 09:00:00,1.213,1.234,1.214,1.23,95239.926
1772964000,2026-03-08 10:00:00,1.224,1.256,1.229,1.253,229801.179
1772967600,2026-03-08 11:00:00,1.233,1.254,1.253,1.244,129714.367
1772971200,2026-03-08 12:00:00,1.226,1.256,1.243,1.246,229179.062
1772974800,2026-03-08 13:00:00,1.222,1.246,1.246,1.237,120101.958
1772978400,2026-03-08 14:00:00,1.226,1.245,1.238,1.23,61538.904
1772982000,2026-03-08 15:00:00,1.211,1.228,1.228,1.214,69668.194
1772985600,2026-03-08 16:00:00,1.205,1.214,1.214,1.212,71073.746
1772989200,2026-03-08 17:00:00,1.212,1.225,1.213,1.225,24154.52
1772992800,2026-03-08 18:00:00,1.214,1.225,1.225,1.218,38939.427
1772996400,2026-03-08 19:00:00,1.218,1.24,1.218,1.232,73098.871
1773000000,2026-03-08 20:00:00,1.226,1.239,1.23,1.23,121363.724
1773003600,2026-03-08 21:00:00,1.215,1.23,1.23,1.222,23752.889
1773007200,2026-03-08 22:00:00,1.19,1.221,1.221,1.219,222898.669
1773010800,2026-03-08 23:00:00,1.208,1.225,1.218,1.212,82163.472
1773014400,2026-03-09 00:00:00,1.205,1.23,1.211,1.222,112711.383
1773018000,2026-03-09 01:00:00,1.213,1.234,1.221,1.224,92070.092
1773021600,2026-03-09 02:00:00,1.214,1.237,1.223,1.234,66917.275
1773025200,2026-03-09 03:00:00,1.236,1.268,1.236,1.239,250083.667
1773028800,2026-03-09 04:00:00,1.232,1.25,1.241,1.233,160746.062
1773032400,2026-03-09 05:00:00,1.229,1.257,1.232,1.25,124088.273
1773036000,2026-03-09 06:00:00,1.228,1.249,1.249,1.228,53275.829
1773039600,2026-03-09 07:00:00,1.219,1.248,1.229,1.241,141612.041
1773043200,2026-03-09 08:00:00,1.238,1.246,1.241,1.239,69687.691
1773046800,2026-03-09 09:00:00,1.235,1.259,1.24,1.247,99424.058
1773050400,2026-03-09 10:00:00,1.234,1.25,1.248,1.234,45240.561
1773054000,2026-03-09 11:00:00,1.22,1.236,1.234,1.231,67790.541
1773057600,2026-03-09 12:00:00,1.226,1.246,1.231,1.244,51536.752
1773061200,2026-03-09 13:00:00,1.24,1.267,1.244,1.264,141408.141
1773064800,2026-03-09 14:00:00,1.25,1.27,1.263,1.263,132018.542
1773068400,2026-03-09 15:00:00,1.246,1.266,1.263,1.254,112050.972
1773072000,2026-03-09 16:00:00,1.236,1.257,1.253,1.239,94565.597
1773075600,2026-03-09 17:00:00,1.239,1.248,1.24,1.246,40276.547
1773079200,2026-03-09 18:00:00,1.242,1.261,1.244,1.255,66351.433
1773082800,2026-03-09 19:00:00,1.25,1.282,1.256,1.254,124620.561
1773086400,2026-03-09 20:00:00,1.244,1.257,1.253,1.25,57061.344
1773090000,2026-03-09 21:00:00,1.244,1.254,1.25,1.248,19819.306
1773093600,2026-03-09 22:00:00,1.22,1.248,1.248,1.228,164897.823
1773097200,2026-03-09 23:00:00,1.224,1.235,1.229,1.235,61725.221
1773100800,2026-03-10 00:00:00,1.225,1.246,1.236,1.239,102720.203
1773104400,2026-03-10 01:00:00,1.23,1.245,1.238,1.241,61198.519
1773108000,2026-03-10 02:00:00,1.235,1.263,1.24,1.255,116922.14
1773111600,2026-03-10 03:00:00,1.244,1.259,1.254,1.246,112681.826
1773115200,2026-03-10 04:00:00,1.246,1.273,1.246,1.263,115673.034
1773118800,2026-03-10 05:00:00,1.262,1.269,1.263,1.262,104345.318
1773122400,2026-03-10 06:00:00,1.257,1.278,1.264,1.274,176561.959
1773126000,2026-03-10 07:00:00,1.273,1.289,1.275,1.282,211465.954
1773129600,2026-03-10 08:00:00,1.281,1.298,1.282,1.293,145373.544
1773133200,2026-03-10 09:00:00,1.295,1.32,1.295,1.313,325656.798
1773136800,2026-03-10 10:00:00,1.298,1.316,1.314,1.3,246527.285
1773140400,2026-03-10 11:00:00,1.299,1.308,1.301,1.307,87193.993
1773144000,2026-03-10 12:00:00,1.3,1.31,1.307,1.304,92849.103
1773147600,2026-03-10 13:00:00,1.294,1.313,1.303,1.303,194634.889
1773151200,2026-03-10 14:00:00,1.28,1.332,1.303,1.33,367491.224
1773154800,2026-03-10 15:00:00,1.297,1.33,1.33,1.304,329080.642
1773158400,2026-03-10 16:00:00,1.293,1.317,1.304,1.313,355451.479
1773162000,2026-03-10 17:00:00,1.3,1.319,1.313,1.302,154553.473
1773165600,2026-03-10 18:00:00,1.277,1.307,1.301,1.286,278931.849
1773169200,2026-03-10 19:00:00,1.277,1.291,1.287,1.278,96009.89
1773172800,2026-03-10 20:00:00,1.279,1.292,1.279,1.287,71376.221
1773176400,2026-03-10 21:00:00,1.272,1.289,1.287,1.278,60973.257
1773180000,2026-03-10 22:00:00,1.269,1.282,1.278,1.28,55748.711
1773183600,2026-03-10 23:00:00,1.28,1.286,1.281,1.283,25089.633
1773187200,2026-03-11 00:00:00,1.282,1.295,1.283,1.291,89041.616
1773190800,2026-03-11 01:00:00,1.278,1.303,1.291,1.281,126614.837
1773194400,2026-03-11 02:00:00,1.272,1.289,1.281,1.289,87324.637
1773198000,2026-03-11 03:00:00,1.283,1.297,1.289,1.283,159872.087
1773201600,2026-03-11 04:00:00,1.275,1.285,1.282,1.285,67905.372
1773205200,2026-03-11 05:00:00,1.268,1.284,1.284,1.274,71036.7
1773208800,2026-03-11 06:00:00,1.274,1.29,1.275,1.287,80295.15
1773212400,2026-03-11 07:00:00,1.276,1.292,1.288,1.276,48868.46
1773216000,2026-03-11 08:00:00,1.27,1.278,1.276,1.276,34395.949
1773219600,2026-03-11 09:00:00,1.269,1.278,1.276,1.271,36452.724
1773223200,2026-03-11 10:00:00,1.272,1.288,1.272,1.279,52703.122
1773226800,2026-03-11 11:00:00,1.276,1.288,1.278,1.287,84218.23
1773230400,2026-03-11 12:00:00,1.283,1.306,1.285,1.297,170174.376
1773234000,2026-03-11 13:00:00,1.296,1.322,1.296,1.304,246280.746
1773237600,2026-03-11 14:00:00,1.302,1.316,1.305,1.307,84558.265
1773241200,2026-03-11 15:00:00,1.287,1.308,1.308,1.296,130861.725
1773244800,2026-03-11 16:00:00,1.288,1.3,1.296,1.299,154769.538
1773248400,2026-03-11 17:00:00,1.283,1.306,1.299,1.293,159833.894
1773252000,2026-03-11 18:00:00,1.291,1.299,1.294,1.294,130521.834
1773255600,2026-03-11 19:00:00,1.29,1.298,1.295,1.295,43629.679
1773259200,2026-03-11 20:00:00,1.288,1.296,1.295,1.294,49452.783
1773262800,2026-03-11 21:00:00,1.291,1.302,1.294,1.302,42637.411
1773266400,2026-03-11 22:00:00,1.295,1.302,1.302,1.3,50296.126
1773270000,2026-03-11 23:00:00,1.295,1.303,1.301,1.298,51203.506
1773273600,2026-03-12 00:00:00,1.295,1.306,1.299,1.304,103674.889
1773277200,2026-03-12 01:00:00,1.289,1.304,1.304,1.294,44201.11
1773280800,2026-03-12 02:00:00,1.285,1.299,1.294,1.285,91867.927
1773284400,2026-03-12 03:00:00,1.284,1.294,1.285,1.286,59598.812
1773288000,2026-03-12 04:00:00,1.285,1.293,1.285,1.289,35329.271
1773291600,2026-03-12 05:00:00,1.279,1.29,1.289,1.288,54245.073
1773295200,2026-03-12 06:00:00,1.288,1.309,1.288,1.306,74462.497
1773298800,2026-03-12 07:00:00,1.299,1.325,1.307,1.324,174323.17
1773302400,2026-03-12 08:00:00,1.313,1.331,1.324,1.317,142897.055
1773306000,2026-03-12 09:00:00,1.312,1.338,1.317,1.332,181970.497
1773309600,2026-03-12 10:00:00,1.326,1.337,1.332,1.334,58553.897
1773313200,2026-03-12 11:00:00,1.322,1.341,1.334,1.325,58070.924
1773316800,2026-03-12 12:00:00,1.317,1.325,1.323,1.321,67706.388
1773320400,2026-03-12 13:00:00,1.308,1.329,1.322,1.321,112715.052
1773324000,2026-03-12 14:00:00,1.304,1.329,1.322,1.318,177509.997
1773327600,2026-03-12 15:00:00,1.316,1.334,1.319,1.321,148654.818
1773331200,2026-03-12 16:00:00,1.314,1.326,1.32,1.322,117945.492
1773334800,2026-03-12 17:00:00,1.321,1.347,1.323,1.341,196612.721
1773338400,2026-03-12 18:00:00,1.331,1.351,1.342,1.335,255225.74
1773342000,2026-03-12 19:00:00,1.331,1.352,1.335,1.34,133320.904
1773345600,2026-03-12 20:00:00,1.324,1.34,1.34,1.333,66013.657
1773349200,2026-03-12 21:00:00,1.333,1.358,1.333,1.353,77824.424
1773352800,2026-03-12 22:00:00,1.354,1.364,1.354,1.362,105437.565
1773356400,2026-03-12 23:00:00,1.349,1.373,1.363,1.372,157056.087
1773360000,2026-03-13 00:00:00,1.364,1.406,1.368,1.385,545756.456
1773363600,2026-03-13 01:00:00,1.385,1.423,1.385,1.414,293028.269
1773367200,2026-03-13 02:00:00,1.376,1.42,1.413,1.389,225471.107
1773370800,2026-03-13 03:00:00,1.379,1.391,1.39,1.387,57986.924
1773374400,2026-03-13 04:00:00,1.367,1.388,1.386,1.37,125032.958
1773378000,2026-03-13 05:00:00,1.367,1.385,1.37,1.377,65201.666
1773381600,2026-03-13 06:00:00,1.357,1.378,1.377,1.357,106689.404
1773385200,2026-03-13 07:00:00,1.344,1.359,1.357,1.345,92890.832
1773388800,2026-03-13 08:00:00,1.322,1.352,1.346,1.33,341695.567
1773392400,2026-03-13 09:00:00,1.327,1.344,1.329,1.338,116721.149
1773396000,2026-03-13 10:00:00,1.339,1.357,1.339,1.349,210007.364
1773399600,2026-03-13 11:00:00,1.341,1.353,1.349,1.351,74809.132
1773403200,2026-03-13 12:00:00,1.348,1.36,1.35,1.353,198322.059
1773406800,2026-03-13 13:00:00,1.347,1.368,1.353,1.358,250212.423
1773410400,2026-03-13 14:00:00,1.349,1.369,1.358,1.349,144874.308
1773414000,2026-03-13 15:00:00,1.343,1.363,1.35,1.353,155268.769
1773417600,2026-03-13 16:00:00,1.351,1.371,1.354,1.369,285363.297
1773421200,2026-03-13 17:00:00,1.345,1.376,1.369,1.346,123002.883
1773424800,2026-03-13 18:00:00,1.337,1.352,1.347,1.346,315282.041
1773428400,2026-03-13 19:00:00,1.342,1.351,1.346,1.344,41947.741
1773432000,2026-03-13 20:00:00,1.341,1.35,1.344,1.35,54116.023
1773435600,2026-03-13 21:00:00,1.34,1.357,1.351,1.341,67279.113
1773439200,2026-03-13 22:00:00,1.326,1.341,1.341,1.331,55947.804
1773442800,2026-03-13 23:00:00,1.331,1.341,1.332,1.334,44836.758
1773446400,2026-03-14 00:00:00,1.315,1.333,1.333,1.319,79924.216
1773450000,2026-03-14 01:00:00,1.319,1.339,1.319,1.335,59281.155
1773453600,2026-03-14 02:00:00,1.323,1.336,1.334,1.329,70432.841
1773457200,2026-03-14 03:00:00,1.329,1.341,1.329,1.333,59275.631
1773460800,2026-03-14 04:00:00,1.323,1.335,1.332,1.326,86909.936
1773464400,2026-03-14 05:00:00,1.314,1.328,1.326,1.317,55184.344
1773468000,2026-03-14 06:00:00,1.312,1.32,1.317,1.316,55235.345
1773471600,2026-03-14 07:00:00,1.314,1.319,1.318,1.317,18592.421
1773475200,2026-03-14 08:00:00,1.313,1.32,1.317,1.314,23355.592
1773478800,2026-03-14 09:00:00,1.307,1.317,1.314,1.312,53279.053
1773482400,2026-03-14 10:00:00,1.304,1.312,1.31,1.307,51552.176
1773486000,2026-03-14 11:00:00,1.304,1.309,1.307,1.306,26831.032
1773489600,2026-03-14 12:00:00,1.306,1.313,1.306,1.312,51079.035
1773493200,2026-03-14 13:00:00,1.301,1.312,1.311,1.307,114439.508
1773496800,2026-03-14 14:00:00,1.306,1.314,1.308,1.309,58688.994
1773500400,2026-03-14 15:00:00,1.306,1.313,1.309,1.31,51884.293
1773504000,2026-03-14 16:00:00,1.308,1.317,1.309,1.314,50668.561
1773507600,2026-03-14 17:00:00,1.306,1.314,1.313,1.306,32221.377
1773511200,2026-03-14 18:00:00,1.303,1.309,1.305,1.307,44712.642
1773514800,2026-03-14 19:00:00,1.305,1.309,1.308,1.305,55840.993
1773518400,2026-03-14 20:00:00,1.304,1.309,1.305,1.307,26240.056
1773522000,2026-03-14 21:00:00,1.304,1.311,1.306,1.31,28598.127
1773525600,2026-03-14 22:00:00,1.309,1.317,1.31,1.315,30816.97
1773529200,2026-03-14 23:00:00,1.315,1.328,1.315,1.327,93327.091
1773532800,2026-03-15 00:00:00,1.318,1.327,1.327,1.322,33951.547
1773536400,2026-03-15 01:00:00,1.318,1.348,1.323,1.347,91552.14
1773540000,2026-03-15 02:00:00,1.341,1.363,1.347,1.363,96103.005
1773543600,2026-03-15 03:00:00,1.355,1.377,1.364,1.356,119300.957
1773547200,2026-03-15 04:00:00,1.341,1.365,1.357,1.344,99678.703
1773550800,2026-03-15 05:00:00,1.342,1.354,1.344,1.345,65517.982
1773554400,2026-03-15 06:00:00,1.332,1.347,1.344,1.338,67181.673
1773558000,2026-03-15 07:00:00,1.332,1.343,1.336,1.339,58801.811
1773561600,2026-03-15 08:00:00,1.337,1.348,1.34,1.347,55843.946
1773565200,2026-03-15 09:00:00,1.344,1.358,1.348,1.347,47139.004
1773568800,2026-03-15 10:00:00,1.345,1.353,1.348,1.351,26583.906
1773572400,2026-03-15 11:00:00,1.347,1.355,1.351,1.352,64335.922
1773576000,2026-03-15 12:00:00,1.345,1.365,1.352,1.356,56752.131
1773579600,2026-03-15 13:00:00,1.34,1.355,1.355,1.347,87749.859
1773583200,2026-03-15 14:00:00,1.326,1.349,1.345,1.336,116103.659
1773586800,2026-03-15 15:00:00,1.333,1.339,1.336,1.338,38585.106
1773590400,2026-03-15 16:00:00,1.335,1.345,1.339,1.336,45491.462
1773594000,2026-03-15 17:00:00,1.337,1.353,1.337,1.346,78938.116
1773597600,2026-03-15 18:00:00,1.331,1.348,1.348,1.336,94941.18
1773601200,2026-03-15 19:00:00,1.335,1.343,1.336,1.342,18427.707
1773604800,2026-03-15 20:00:00,1.338,1.35,1.34,1.345,61064.372
1773608400,2026-03-15 21:00:00,1.343,1.364,1.345,1.355,134144.794
1773612000,2026-03-15 22:00:00,1.342,1.361,1.354,1.355,151715.293
1773615600,2026-03-15 23:00:00,1.339,1.357,1.355,1.35,94028.455
1773619200,2026-03-16 00:00:00,1.34,1.356,1.352,1.355,60138.23
1773622800,2026-03-16 01:00:00,1.353,1.369,1.355,1.365,36723.695
1773626400,2026-03-16 02:00:00,1.356,1.374,1.364,1.369,86079.81
1773630000,2026-03-16 03:00:00,1.367,1.406,1.369,1.391,654925.796
1773633600,2026-03-16 04:00:00,1.389,1.408,1.392,1.403,146092.083
1773637200,2026-03-16 05:00:00,1.399,1.418,1.402,1.414,335518.492
1773640800,2026-03-16 06:00:00,1.394,1.415,1.415,1.402,262629.389
1773644400,2026-03-16 07:00:00,1.394,1.409,1.402,1.396,64277.703
1773648000,2026-03-16 08:00:00,1.371,1.407,1.396,1.374,142358.515
1773651600,2026-03-16 09:00:00,1.373,1.383,1.373,1.378,25173.387
1773655200,2026-03-16 10:00:00,1.374,1.388,1.378,1.388,38126.879
1773658800,2026-03-16 11:00:00,1.383,1.396,1.388,1.391,60518.518
1773662400,2026-03-16 12:00:00,1.389,1.403,1.392,1.398,131358.762
1773666000,2026-03-16 13:00:00,1.395,1.439,1.397,1.431,413506.671
1773669600,2026-03-16 14:00:00,1.398,1.438,1.43,1.416,338385.694
1773673200,2026-03-16 15:00:00,1.4,1.419,1.416,1.415,170583.369
1773676800,2026-03-16 16:00:00,1.413,1.448,1.415,1.439,205551.121
1773680400,2026-03-16 17:00:00,1.434,1.448,1.44,1.437,208082.447
1773684000,2026-03-16 18:00:00,1.43,1.449,1.437,1.434,125841.289
1773687600,2026-03-16 19:00:00,1.431,1.446,1.433,1.446,88083.235
1773691200,2026-03-16 20:00:00,1.442,1.466,1.445,1.465,143351.569
1773694800,2026-03-16 21:00:00,1.463,1.49,1.465,1.476,226932.871
1773698400,2026-03-16 22:00:00,1.476,1.511,1.476,1.507,387494.451
1773702000,2026-03-16 23:00:00,1.488,1.51,1.508,1.491,231280.757
1773705600,2026-03-17 00:00:00,1.484,1.509,1.492,1.493,255134.971
1773709200,2026-03-17 01:00:00,1.466,1.491,1.491,1.475,239344.002
1773712800,2026-03-17 02:00:00,1.458,1.477,1.475,1.458,116675.818
1773716400,2026-03-17 03:00:00,1.449,1.459,1.457,1.456,105153.882
1773720000,2026-03-17 04:00:00,1.436,1.457,1.456,1.441,125387.544
1773723600,2026-03-17 05:00:00,1.422,1.447,1.441,1.434,179396.591
1773727200,2026-03-17 06:00:00,1.428,1.452,1.433,1.45,133180.41
1773730800,2026-03-17 07:00:00,1.447,1.467,1.449,1.462,62031.901
1773734400,2026-03-17 08:00:00,1.459,1.475,1.461,1.466,195601.494
1773738000,2026-03-17 09:00:00,1.449,1.469,1.467,1.454,110595.852
1773741600,2026-03-17 10:00:00,1.447,1.456,1.455,1.454,80513.404
1773745200,2026-03-17 11:00:00,1.44,1.459,1.454,1.444,107166.583
1773748800,2026-03-17 12:00:00,1.438,1.451,1.445,1.444,208011.915
1773752400,2026-03-17 13:00:00,1.433,1.45,1.444,1.44,122312.131
1773756000,2026-03-17 14:00:00,1.435,1.457,1.439,1.455,82347.492
1773759600,2026-03-17 15:00:00,1.446,1.462,1.454,1.461,104039.538
1773763200,2026-03-17 16:00:00,1.455,1.465,1.459,1.462,97739.296
1773766800,2026-03-17 17:00:00,1.46,1.465,1.463,1.465,72756.726
1773770400,2026-03-17 18:00:00,1.457,1.466,1.463,1.459,76911.214
1773774000,2026-03-17 19:00:00,1.453,1.459,1.459,1.454,59087.505
1773777600,2026-03-17 20:00:00,1.452,1.462,1.453,1.459,44003.588
1773781200,2026-03-17 21:00:00,1.457,1.468,1.459,1.46,146980.184
1773784800,2026-03-17 22:00:00,1.453,1.464,1.459,1.459,61422.694
1773788400,2026-03-17 23:00:00,1.452,1.462,1.458,1.452,43563.777
1773792000,2026-03-18 00:00:00,1.449,1.46,1.453,1.458,68713.903
1773795600,2026-03-18 01:00:00,1.45,1.461,1.459,1.45,72354.464
1773799200,2026-03-18 02:00:00,1.451,1.471,1.451,1.462,156015.512
1773802800,2026-03-18 03:00:00,1.459,1.467,1.462,1.459,77026.381
1773806400,2026-03-18 04:00:00,1.448,1.459,1.459,1.457,48398.99
1773810000,2026-03-18 05:00:00,1.448,1.47,1.457,1.45,67304.35
1773813600,2026-03-18 06:00:00,1.439,1.454,1.451,1.439,104144.637
1773817200,2026-03-18 07:00:00,1.432,1.442,1.44,1.44,59045.373
1773820800,2026-03-18 08:00:00,1.438,1.445,1.441,1.44,40781.916
1773824400,2026-03-18 09:00:00,1.44,1.458,1.44,1.457,85140.033
1773828000,2026-03-18 10:00:00,1.451,1.458,1.457,1.458,54825.713
1773831600,2026-03-18 11:00:00,1.425,1.459,1.457,1.43,167203.778
1773835200,2026-03-18 12:00:00,1.409,1.437,1.43,1.416,418342.398
1773838800,2026-03-18 13:00:00,1.404,1.42,1.414,1.409,159626.57
1773842400,2026-03-18 14:00:00,1.382,1.41,1.409,1.387,572259.12
1773846000,2026-03-18 15:00:00,1.38,1.4,1.386,1.384,225102.186
1773849600,2026-03-18 16:00:00,1.373,1.391,1.383,1.379,128989.208
1773853200,2026-03-18 17:00:00,1.374,1.4,1.379,1.393,197544.926
1773856800,2026-03-18 18:00:00,1.38,1.405,1.394,1.386,138102.939
1773860400,2026-03-18 19:00:00,1.385,1.397,1.386,1.392,310393.377
1773864000,2026-03-18 20:00:00,1.381,1.402,1.392,1.399,271110.671
1773867600,2026-03-18 21:00:00,1.391,1.404,1.4,1.394,87354.044
1773871200,2026-03-18 22:00:00,1.384,1.394,1.393,1.387,48529.853
1773874800,2026-03-18 23:00:00,1.381,1.388,1.387,1.387,47905.158
1773878400,2026-03-19 00:00:00,1.378,1.388,1.388,1.378,28080.109
1773882000,2026-03-19 01:00:00,1.371,1.381,1.377,1.379,47950.295
1773885600,2026-03-19 02:00:00,1.374,1.384,1.378,1.381,40564.724
1773889200,2026-03-19 03:00:00,1.379,1.397,1.38,1.385,48424.279
1773892800,2026-03-19 04:00:00,1.375,1.386,1.384,1.376,52329.968
1773896400,2026-03-19 05:00:00,1.359,1.377,1.375,1.366,149431.677
1773900000,2026-03-19 06:00:00,1.361,1.373,1.366,1.362,233223.231
1773903600,2026-03-19 07:00:00,1.341,1.365,1.362,1.355,849048.439
1773907200,2026-03-19 08:00:00,1.348,1.355,1.355,1.35,50572.633
1773910800,2026-03-19 09:00:00,1.348,1.363,1.35,1.362,70449.953
1773914400,2026-03-19 10:00:00,1.354,1.362,1.362,1.356,48679.093
1773918000,2026-03-19 11:00:00,1.353,1.359,1.356,1.354,73128.649
1773921600,2026-03-19 12:00:00,1.335,1.355,1.354,1.336,103950.067
1773925200,2026-03-19 13:00:00,1.325,1.34,1.336,1.337,284898.866
1773928800,2026-03-19 14:00:00,1.325,1.341,1.337,1.339,127306.094
1773932400,2026-03-19 15:00:00,1.322,1.342,1.338,1.332,149723.275
1773936000,2026-03-19 16:00:00,1.324,1.335,1.333,1.326,58190.937
1773939600,2026-03-19 17:00:00,1.322,1.336,1.326,1.335,91693.363
1773943200,2026-03-19 18:00:00,1.33,1.337,1.336,1.333,89067.315
1773946800,2026-03-19 19:00:00,1.334,1.352,1.334,1.343,289842.752
1773950400,2026-03-19 20:00:00,1.334,1.346,1.343,1.335,208517.86
1773954000,2026-03-19 21:00:00,1.328,1.339,1.336,1.332,243730.682
1773957600,2026-03-19 22:00:00,1.321,1.332,1.329,1.332,225036.87
1773961200,2026-03-19 23:00:00,1.328,1.34,1.332,1.334,172599.637
1773964800,2026-03-20 00:00:00,1.333,1.346,1.334,1.346,128735.386
1773968400,2026-03-20 01:00:00,1.343,1.361,1.347,1.357,115735.564
1773972000,2026-03-20 02:00:00,1.348,1.357,1.355,1.352,109474.774
1773975600,2026-03-20 03:00:00,1.345,1.353,1.352,1.345,100607.263
1773979200,2026-03-20 04:00:00,1.345,1.356,1.346,1.354,66706.35
1773982800,2026-03-20 05:00:00,1.353,1.365,1.353,1.36,109316.763
1773986400,2026-03-20 06:00:00,1.353,1.361,1.36,1.353,75984.73
1773990000,2026-03-20 07:00:00,1.338,1.355,1.353,1.351,250761.897
1773993600,2026-03-20 08:00:00,1.347,1.359,1.351,1.347,130461.966
1773997200,2026-03-20 09:00:00,1.336,1.349,1.347,1.345,92815.985
1774000800,2026-03-20 10:00:00,1.336,1.346,1.345,1.343,59961.95
1774004400,2026-03-20 11:00:00,1.331,1.349,1.344,1.335,86477.89
1774008000,2026-03-20 12:00:00,1.332,1.342,1.336,1.334,98607.514
1774011600,2026-03-20 13:00:00,1.33,1.343,1.335,1.333,112646.166
1774015200,2026-03-20 14:00:00,1.325,1.344,1.332,1.328,115908.829
1774018800,2026-03-20 15:00:00,1.314,1.333,1.327,1.332,173919.54
1774022400,2026-03-20 16:00:00,1.327,1.338,1.333,1.333,83266.144
1774026000,2026-03-20 17:00:00,1.327,1.338,1.333,1.337,128366.947
1774029600,2026-03-20 18:00:00,1.313,1.338,1.338,1.316,169424.086
1774033200,2026-03-20 19:00:00,1.309,1.323,1.317,1.322,166214.927
1774036800,2026-03-20 20:00:00,1.312,1.323,1.323,1.32,96309.328
1774040400,2026-03-20 21:00:00,1.316,1.331,1.32,1.328,85666.881
1774044000,2026-03-20 22:00:00,1.322,1.336,1.329,1.322,55389.105
1774047600,2026-03-20 23:00:00,1.314,1.322,1.322,1.315,55035.286
1774051200,2026-03-21 00:00:00,1.313,1.32,1.316,1.317,60668.214
1774054800,2026-03-21 01:00:00,1.312,1.319,1.317,1.312,31948.122
1774058400,2026-03-21 02:00:00,1.312,1.322,1.312,1.32,38099.837
1774062000,2026-03-21 03:00:00,1.312,1.318,1.318,1.313,36009.806
1774065600,2026-03-21 04:00:00,1.313,1.319,1.313,1.315,21418.553
1774069200,2026-03-21 05:00:00,1.314,1.318,1.315,1.315,25508.049
1774072800,2026-03-21 06:00:00,1.314,1.321,1.315,1.319,16005.328
1774076400,2026-03-21 07:00:00,1.315,1.32,1.318,1.316,17000.32
1774080000,2026-03-21 08:00:00,1.316,1.32,1.316,1.319,20817.735
1774083600,2026-03-21 09:00:00,1.313,1.322,1.32,1.313,14000.232
1774087200,2026-03-21 10:00:00,1.309,1.314,1.314,1.313,142754.395
1774090800,2026-03-21 11:00:00,1.311,1.314,1.313,1.313,4213.944
1774094400,2026-03-21 12:00:00,1.305,1.313,1.313,1.306,43572.269
1774098000,2026-03-21 13:00:00,1.305,1.311,1.307,1.311,23646.552
1774101600,2026-03-21 14:00:00,1.311,1.32,1.311,1.314,48883.205
1774105200,2026-03-21 15:00:00,1.314,1.329,1.314,1.329,32576.726
1774108800,2026-03-21 16:00:00,1.32,1.331,1.33,1.321,60804.73
1774112400,2026-03-21 17:00:00,1.317,1.326,1.322,1.323,27248.655
1774116000,2026-03-21 18:00:00,1.323,1.328,1.323,1.324,12485.885
1774119600,2026-03-21 19:00:00,1.319,1.323,1.323,1.321,13590.954
1774123200,2026-03-21 20:00:00,1.318,1.323,1.32,1.323,13277.864
1774126800,2026-03-21 21:00:00,1.32,1.325,1.322,1.321,29220.31
1774130400,2026-03-21 22:00:00,1.314,1.32,1.32,1.315,15598.959
1774134000,2026-03-21 23:00:00,1.271,1.315,1.315,1.281,189744.915
1774137600,2026-03-22 00:00:00,1.261,1.298,1.281,1.293,171860.996
1774141200,2026-03-22 01:00:00,1.285,1.297,1.292,1.292,53376.303
1774144800,2026-03-22 02:00:00,1.289,1.304,1.292,1.298,54510.346
1774148400,2026-03-22 03:00:00,1.295,1.305,1.297,1.296,44568.058
1774152000,2026-03-22 04:00:00,1.295,1.304,1.296,1.301,57723.152
1774155600,2026-03-22 05:00:00,1.297,1.303,1.301,1.302,34777.577
1774159200,2026-03-22 06:00:00,1.293,1.303,1.301,1.298,30922.044
1774162800,2026-03-22 07:00:00,1.291,1.302,1.299,1.292,19928.732
1774166400,2026-03-22 08:00:00,1.285,1.296,1.291,1.295,58039.917
1774170000,2026-03-22 09:00:00,1.292,1.3,1.295,1.295,21395.263
1774173600,2026-03-22 10:00:00,1.284,1.295,1.294,1.284,19015.393
1774177200,2026-03-22 11:00:00,1.277,1.285,1.283,1.277,37334.495
1774180800,2026-03-22 12:00:00,1.277,1.288,1.277,1.279,37303.483
1774184400,2026-03-22 13:00:00,1.278,1.284,1.28,1.279,20171.723
1774188000,2026-03-22 14:00:00,1.274,1.284,1.279,1.283,48220.541
1774191600,2026-03-22 15:00:00,1.284,1.296,1.284,1.287,30135.182
1774195200,2026-03-22 16:00:00,1.284,1.29,1.286,1.288,18484.832
1774198800,2026-03-22 17:00:00,1.286,1.294,1.287,1.29,24845.42
1774202400,2026-03-22 18:00:00,1.274,1.289,1.289,1.28,39017.937
1774206000,2026-03-22 19:00:00,1.271,1.28,1.28,1.279,32766.737
1774209600,2026-03-22 20:00:00,1.276,1.284,1.279,1.278,30379.583
1774213200,2026-03-22 21:00:00,1.264,1.283,1.279,1.281,72827.601
1774216800,2026-03-22 22:00:00,1.269,1.284,1.279,1.282,108061.655
1774220400,2026-03-22 23:00:00,1.273,1.285,1.282,1.274,38905.429
1774224000,2026-03-23 00:00:00,1.265,1.281,1.275,1.278,119093.664
1774227600,2026-03-23 01:00:00,1.274,1.283,1.278,1.278,89334.464
1774231200,2026-03-23 02:00:00,1.279,1.289,1.279,1.283,49938.152
1774234800,2026-03-23 03:00:00,1.282,1.291,1.284,1.284,62134.189
1774238400,2026-03-23 04:00:00,1.284,1.292,1.285,1.291,31392.729
1774242000,2026-03-23 05:00:00,1.279,1.293,1.293,1.284,96140.259
1774245600,2026-03-23 06:00:00,1.262,1.283,1.283,1.265,55189.367
1774249200,2026-03-23 07:00:00,1.256,1.272,1.266,1.265,71818.196
1774252800,2026-03-23 08:00:00,1.26,1.27,1.265,1.261,36829.527
1774256400,2026-03-23 09:00:00,1.252,1.263,1.26,1.263,37816.612
1774260000,2026-03-23 10:00:00,1.258,1.27,1.263,1.263,60874.374
1774263600,2026-03-23 11:00:00,1.263,1.331,1.264,1.302,384370.888
1774267200,2026-03-23 12:00:00,1.291,1.312,1.303,1.312,109555.902
1774270800,2026-03-23 13:00:00,1.295,1.314,1.313,1.312,91486.398
1774274400,2026-03-23 14:00:00,1.308,1.32,1.313,1.319,104033.208
1774278000,2026-03-23 15:00:00,1.29,1.326,1.318,1.294,212830.937
1774281600,2026-03-23 16:00:00,1.291,1.307,1.294,1.307,65317.248
1774285200,2026-03-23 17:00:00,1.296,1.309,1.306,1.305,42664.983
1774288800,2026-03-23 18:00:00,1.3,1.319,1.306,1.318,90051.618
1774292400,2026-03-23 19:00:00,1.305,1.32,1.318,1.305,43568.127
1774296000,2026-03-23 20:00:00,1.302,1.324,1.305,1.323,67658.418
1774299600,2026-03-23 21:00:00,1.318,1.327,1.323,1.324,35870.748
1774303200,2026-03-23 22:00:00,1.31,1.326,1.326,1.312,61834.694
1774306800,2026-03-23 23:00:00,1.304,1.318,1.311,1.312,99707.396
1774310400,2026-03-24 00:00:00,1.301,1.316,1.312,1.31,192529.214
1774314000,2026-03-24 01:00:00,1.297,1.314,1.31,1.301,95899.523
1774317600,2026-03-24 02:00:00,1.295,1.313,1.3,1.296,173552.398
1774321200,2026-03-24 03:00:00,1.296,1.31,1.296,1.308,62387.659
1774324800,2026-03-24 04:00:00,1.302,1.309,1.308,1.303,60594.783
1774328400,2026-03-24 05:00:00,1.297,1.311,1.303,1.305,96809.948
1774332000,2026-03-24 06:00:00,1.3,1.311,1.305,1.307,49187.038
1774335600,2026-03-24 07:00:00,1.305,1.32,1.307,1.319,70975.056
1774339200,2026-03-24 08:00:00,1.317,1.328,1.319,1.321,67132.64
1774342800,2026-03-24 09:00:00,1.317,1.329,1.32,1.327,66513.304
1774346400,2026-03-24 10:00:00,1.31,1.329,1.327,1.313,88039.344
1774350000,2026-03-24 11:00:00,1.297,1.312,1.312,1.299,117681.643
1774353600,2026-03-24 12:00:00,1.294,1.301,1.298,1.296,101987.242
1774357200,2026-03-24 13:00:00,1.291,1.303,1.297,1.295,98512.376
1774360800,2026-03-24 14:00:00,1.281,1.296,1.295,1.294,150790.666
1774364400,2026-03-24 15:00:00,1.281,1.293,1.293,1.283,90249.119
1774368000,2026-03-24 16:00:00,1.283,1.291,1.284,1.291,49755.675
1774371600,2026-03-24 17:00:00,1.274,1.291,1.291,1.279,129374.324
1774375200,2026-03-24 18:00:00,1.278,1.293,1.279,1.289,45585.506
1774378800,2026-03-24 19:00:00,1.288,1.297,1.289,1.292,74788.835
1774382400,2026-03-24 20:00:00,1.292,1.303,1.293,1.301,83092.387
1774386000,2026-03-24 21:00:00,1.29,1.303,1.301,1.296,88527.839
1774389600,2026-03-24 22:00:00,1.285,1.299,1.296,1.289,71946.819
1774393200,2026-03-24 23:00:00,1.285,1.293,1.289,1.292,81780.561
1774396800,2026-03-25 00:00:00,1.288,1.301,1.292,1.298,95583.216
1774400400,2026-03-25 01:00:00,1.29,1.299,1.298,1.296,49446.069
1774404000,2026-03-25 02:00:00,1.293,1.301,1.296,1.293,42390.774
1774407600,2026-03-25 03:00:00,1.286,1.296,1.292,1.292,38518.239
1774411200,2026-03-25 04:00:00,1.289,1.295,1.291,1.294,34683.875
1774414800,2026-03-25 05:00:00,1.282,1.304,1.294,1.283,131001.664
1774418400,2026-03-25 06:00:00,1.266,1.282,1.282,1.278,124651.059
1774422000,2026-03-25 07:00:00,1.272,1.283,1.277,1.277,39905.709
1774425600,2026-03-25 08:00:00,1.277,1.304,1.277,1.298,306856.287
1774429200,2026-03-25 09:00:00,1.283,1.298,1.298,1.292,100023.89
1774432800,2026-03-25 10:00:00,1.292,1.303,1.292,1.302,54885.869
1774436400,2026-03-25 11:00:00,1.299,1.307,1.303,1.307,65948.754
1774440000,2026-03-25 12:00:00,1.297,1.311,1.308,1.303,130804.778
1774443600,2026-03-25 13:00:00,1.294,1.307,1.303,1.295,102019.906
1774447200,2026-03-25 14:00:00,1.291,1.307,1.294,1.3,135100.99
1774450800,2026-03-25 15:00:00,1.28,1.302,1.3,1.282,124168.016
1774454400,2026-03-25 16:00:00,1.278,1.299,1.282,1.291,148482.065
1774458000,2026-03-25 17:00:00,1.273,1.295,1.292,1.278,117292.268
1774461600,2026-03-25 18:00:00,1.274,1.284,1.28,1.276,65761.602
1774465200,2026-03-25 19:00:00,1.274,1.282,1.276,1.282,28452.554
1774468800,2026-03-25 20:00:00,1.271,1.284,1.28,1.274,61898.2
1774472400,2026-03-25 21:00:00,1.269,1.279,1.273,1.277,33742.311
1774476000,2026-03-25 22:00:00,1.273,1.286,1.276,1.282,70053.811
1774479600,2026-03-25 23:00:00,1.276,1.284,1.282,1.279,36500.983
1774483200,2026-03-26 00:00:00,1.27,1.279,1.279,1.275,84383.845
1774486800,2026-03-26 01:00:00,1.27,1.276,1.274,1.27,45918.639
1774490400,2026-03-26 02:00:00,1.254,1.271,1.27,1.263,197406.385
1774494000,2026-03-26 03:00:00,1.254,1.262,1.262,1.254,45149.289
1774497600,2026-03-26 04:00:00,1.246,1.255,1.255,1.249,46672.94
1774501200,2026-03-26 05:00:00,1.234,1.249,1.248,1.236,138916.972
1774504800,2026-03-26 06:00:00,1.228,1.239,1.235,1.231,52651.744
1774508400,2026-03-26 07:00:00,1.23,1.235,1.232,1.234,19394.826
1774512000,2026-03-26 08:00:00,1.226,1.235,1.233,1.231,68740.943
1774515600,2026-03-26 09:00:00,1.218,1.234,1.231,1.221,56098.945
1774519200,2026-03-26 10:00:00,1.217,1.224,1.221,1.22,70914.155
1774522800,2026-03-26 11:00:00,1.22,1.227,1.22,1.224,60763.823
1774526400,2026-03-26 12:00:00,1.222,1.229,1.225,1.224,33712.471
1774530000,2026-03-26 13:00:00,1.221,1.238,1.224,1.235,123196.448
1774533600,2026-03-26 14:00:00,1.232,1.238,1.236,1.234,104591.254
1774537200,2026-03-26 15:00:00,1.217,1.234,1.234,1.22,148775.039
1774540800,2026-03-26 16:00:00,1.212,1.225,1.221,1.212,96226.153
1774544400,2026-03-26 17:00:00,1.207,1.22,1.211,1.21,50212.908
1774548000,2026-03-26 18:00:00,1.205,1.212,1.211,1.21,176685.313
1774551600,2026-03-26 19:00:00,1.202,1.209,1.209,1.206,44650.015
1774555200,2026-03-26 20:00:00,1.202,1.23,1.206,1.221,164794.819
1774558800,2026-03-26 21:00:00,1.219,1.231,1.221,1.224,63175.367
1774562400,2026-03-26 22:00:00,1.218,1.225,1.224,1.224,65760.129
1774566000,2026-03-26 23:00:00,1.218,1.227,1.225,1.224,60072.25
1774569600,2026-03-27 00:00:00,1.224,1.234,1.225,1.229,66523.122
1774573200,2026-03-27 01:00:00,1.226,1.239,1.23,1.239,94466.554
1774576800,2026-03-27 02:00:00,1.233,1.239,1.238,1.234,102629.246
1774580400,2026-03-27 03:00:00,1.228,1.235,1.235,1.228,46035.101
1774584000,2026-03-27 04:00:00,1.221,1.228,1.228,1.227,56169.605
1774587600,2026-03-27 05:00:00,1.221,1.229,1.226,1.228,27702.968
1774591200,2026-03-27 06:00:00,1.225,1.232,1.229,1.232,19701.151
1774594800,2026-03-27 07:00:00,1.23,1.237,1.231,1.236,22817.156
1774598400,2026-03-27 08:00:00,1.221,1.238,1.237,1.229,92783.749
1774602000,2026-03-27 09:00:00,1.212,1.228,1.228,1.214,69004.538
1774605600,2026-03-27 10:00:00,1.189,1.214,1.213,1.191,164150.497
1774609200,2026-03-27 11:00:00,1.183,1.196,1.19,1.186,123563.514
1774612800,2026-03-27 12:00:00,1.177,1.186,1.185,1.182,79953.627
1774616400,2026-03-27 13:00:00,1.178,1.189,1.182,1.181,143429.668
1774620000,2026-03-27 14:00:00,1.175,1.186,1.182,1.185,138051.097
1774623600,2026-03-27 15:00:00,1.178,1.191,1.185,1.181,85126.869
1774627200,2026-03-27 16:00:00,1.174,1.182,1.18,1.176,161695.036
1774630800,2026-03-27 17:00:00,1.177,1.189,1.177,1.182,93468.491
1774634400,2026-03-27 18:00:00,1.177,1.186,1.182,1.178,49277.382
1774638000,2026-03-27 19:00:00,1.175,1.183,1.178,1.178,83421.813
1774641600,2026-03-27 20:00:00,1.167,1.18,1.178,1.174,144185.899
1774645200,2026-03-27 21:00:00,1.173,1.183,1.173,1.175,25024.569
1774648800,2026-03-27 22:00:00,1.171,1.177,1.175,1.177,30949.431
1774652400,2026-03-27 23:00:00,1.173,1.18,1.176,1.179,58038.813
1774656000,2026-03-28 00:00:00,1.174,1.18,1.18,1.174,22101.26
1774659600,2026-03-28 01:00:00,1.163,1.174,1.174,1.172,58340.12
1774663200,2026-03-28 02:00:00,1.161,1.176,1.171,1.164,49019.602
1774666800,2026-03-28 03:00:00,1.163,1.166,1.163,1.164,14567.357
1774670400,2026-03-28 04:00:00,1.162,1.167,1.164,1.166,42641.972
1774674000,2026-03-28 05:00:00,1.164,1.172,1.167,1.171,13128.225
1774677600,2026-03-28 06:00:00,1.168,1.175,1.172,1.172,29313.562
1774681200,2026-03-28 07:00:00,1.171,1.176,1.172,1.175,17897.819
1774684800,2026-03-28 08:00:00,1.172,1.178,1.175,1.172,17657.623
1774688400,2026-03-28 09:00:00,1.161,1.172,1.172,1.162,65066.06
1774692000,2026-03-28 10:00:00,1.161,1.167,1.162,1.165,28966
1774695600,2026-03-28 11:00:00,1.164,1.171,1.165,1.17,24759.118
1774699200,2026-03-28 12:00:00,1.162,1.17,1.169,1.162,143067.092
1774702800,2026-03-28 13:00:00,1.161,1.185,1.161,1.18,89287.629
1774706400,2026-03-28 14:00:00,1.172,1.183,1.181,1.177,68276.336
1774710000,2026-03-28 15:00:00,1.175,1.187,1.177,1.184,101005.107
1774713600,2026-03-28 16:00:00,1.181,1.189,1.185,1.186,71120.133
1774717200,2026-03-28 17:00:00,1.178,1.187,1.185,1.184,41206.826
1774720800,2026-03-28 18:00:00,1.183,1.189,1.183,1.186,40514.551
1774724400,2026-03-28 19:00:00,1.183,1.188,1.187,1.188,8939.358
1774728000,2026-03-28 20:00:00,1.185,1.191,1.188,1.187,23366.518
1774731600,2026-03-28 21:00:00,1.178,1.189,1.186,1.179,51019.937
1774735200,2026-03-28 22:00:00,1.174,1.181,1.18,1.179,77852.935
1774738800,2026-03-28 23:00:00,1.164,1.178,1.178,1.172,93224.535
1774742400,2026-03-29 00:00:00,1.161,1.173,1.172,1.164,143822.364
1774746000,2026-03-29 01:00:00,1.165,1.173,1.165,1.167,101523.167
1774749600,2026-03-29 02:00:00,1.166,1.171,1.167,1.168,58171.162
1774753200,2026-03-29 03:00:00,1.168,1.176,1.169,1.171,74934.645
1774756800,2026-03-29 04:00:00,1.167,1.171,1.171,1.168,40996.215
1774760400,2026-03-29 05:00:00,1.165,1.171,1.168,1.17,56693.105
1774764000,2026-03-29 06:00:00,1.168,1.172,1.169,1.169,27688.688
1774767600,2026-03-29 07:00:00,1.162,1.169,1.169,1.162,69844.624
1774771200,2026-03-29 08:00:00,1.16,1.165,1.162,1.162,96177.765
1774774800,2026-03-29 09:00:00,1.16,1.165,1.162,1.161,46275.316
1774778400,2026-03-29 10:00:00,1.153,1.162,1.162,1.157,60611.346
1774782000,2026-03-29 11:00:00,1.157,1.166,1.158,1.163,62236.446
1774785600,2026-03-29 12:00:00,1.154,1.163,1.162,1.157,86159.999
1774789200,2026-03-29 13:00:00,1.15,1.162,1.157,1.156,94734.811
1774792800,2026-03-29 14:00:00,1.155,1.163,1.157,1.16,69427.873
1774796400,2026-03-29 15:00:00,1.153,1.16,1.16,1.158,26875.604
1774800000,2026-03-29 16:00:00,1.151,1.161,1.157,1.151,43321.745
1774803600,2026-03-29 17:00:00,1.15,1.156,1.151,1.154,234477.257
1774807200,2026-03-29 18:00:00,1.15,1.157,1.154,1.155,118992.012
1774810800,2026-03-29 19:00:00,1.154,1.158,1.155,1.156,27677.696
1774814400,2026-03-29 20:00:00,1.156,1.17,1.156,1.168,44998.93
1774818000,2026-03-29 21:00:00,1.166,1.173,1.168,1.173,37068.461
1774821600,2026-03-29 22:00:00,1.13,1.176,1.173,1.158,457311.798
1774825200,2026-03-29 23:00:00,1.155,1.168,1.158,1.165,156346.717
1774828800,2026-03-30 00:00:00,1.163,1.188,1.166,1.169,61723.584
1774832400,2026-03-30 01:00:00,1.169,1.177,1.169,1.175,76052.272
1774836000,2026-03-30 02:00:00,1.176,1.197,1.176,1.186,96274.715
1774839600,2026-03-30 03:00:00,1.182,1.19,1.188,1.189,31078.339
1774843200,2026-03-30 04:00:00,1.185,1.201,1.189,1.2,164706.94
1774846800,2026-03-30 05:00:00,1.193,1.206,1.201,1.199,111037.069
1774850400,2026-03-30 06:00:00,1.194,1.202,1.2,1.196,53651.641
1774854000,2026-03-30 07:00:00,1.188,1.204,1.195,1.203,94125.125
1774857600,2026-03-30 08:00:00,1.202,1.225,1.203,1.219,100799.871
1774861200,2026-03-30 09:00:00,1.2,1.22,1.22,1.201,32953.103
1774864800,2026-03-30 10:00:00,1.194,1.201,1.201,1.197,27434.774
1774868400,2026-03-30 11:00:00,1.197,1.211,1.197,1.199,100435.041
1774872000,2026-03-30 12:00:00,1.199,1.207,1.2,1.203,60331.884
1774875600,2026-03-30 13:00:00,1.191,1.206,1.202,1.193,64108.085
1774879200,2026-03-30 14:00:00,1.176,1.192,1.192,1.187,70024.715
1774882800,2026-03-30 15:00:00,1.176,1.187,1.186,1.179,87682.799
1774886400,2026-03-30 16:00:00,1.169,1.18,1.179,1.172,53953.183
1774890000,2026-03-30 17:00:00,1.156,1.174,1.173,1.165,62163.685
1774893600,2026-03-30 18:00:00,1.153,1.167,1.165,1.159,135542.26
1774897200,2026-03-30 19:00:00,1.148,1.159,1.159,1.153,83915.265
1774900800,2026-03-30 20:00:00,1.147,1.158,1.152,1.155,34494.477
1774904400,2026-03-30 21:00:00,1.157,1.173,1.157,1.166,35809.432
1774908000,2026-03-30 22:00:00,1.162,1.168,1.165,1.164,52812.577
1774911600,2026-03-30 23:00:00,1.154,1.163,1.163,1.161,100700.669
1774915200,2026-03-31 00:00:00,1.16,1.17,1.162,1.17,47241.474
1774918800,2026-03-31 01:00:00,1.17,1.201,1.171,1.189,87089.342
1774922400,2026-03-31 02:00:00,1.18,1.19,1.19,1.183,65968.108
1774926000,2026-03-31 03:00:00,1.176,1.183,1.183,1.18,38768.422
1774929600,2026-03-31 04:00:00,1.175,1.182,1.179,1.175,32025.965
1774933200,2026-03-31 05:00:00,1.173,1.179,1.174,1.178,51345.321
1774936800,2026-03-31 06:00:00,1.174,1.186,1.177,1.185,27577.801
1774940400,2026-03-31 07:00:00,1.178,1.185,1.184,1.185,63071.105
1774944000,2026-03-31 08:00:00,1.174,1.188,1.186,1.175,44626.447
1774947600,2026-03-31 09:00:00,1.161,1.178,1.176,1.166,103766.023
1774951200,2026-03-31 10:00:00,1.164,1.172,1.167,1.164,77259.406
1774954800,2026-03-31 11:00:00,1.163,1.175,1.164,1.174,110028.399
1774958400,2026-03-31 12:00:00,1.171,1.183,1.175,1.171,95033.626
1774962000,2026-03-31 13:00:00,1.171,1.193,1.172,1.189,165750.406
1774965600,2026-03-31 14:00:00,1.172,1.198,1.19,1.174,138256.455
1774969200,2026-03-31 15:00:00,1.171,1.19,1.176,1.171,94544.784
1774972800,2026-03-31 16:00:00,1.173,1.196,1.174,1.196,95334.711
1774976400,2026-03-31 17:00:00,1.181,1.202,1.195,1.184,150369.559
1774980000,2026-03-31 18:00:00,1.182,1.189,1.185,1.187,44324.097
1774983600,2026-03-31 19:00:00,1.18,1.19,1.188,1.187,88192.782
1774987200,2026-03-31 20:00:00,1.182,1.189,1.187,1.183,26654.08
1774990800,2026-03-31 21:00:00,1.177,1.188,1.182,1.183,71101.215
1774994400,2026-03-31 22:00:00,1.175,1.183,1.182,1.178,57987.733
1774998000,2026-03-31 23:00:00,1.177,1.188,1.177,1.187,18366.328
1775001600,2026-04-01 00:00:00,1.183,1.192,1.188,1.189,46591.109
1775005200,2026-04-01 01:00:00,1.18,1.191,1.189,1.18,29587.747
1775008800,2026-04-01 02:00:00,1.177,1.184,1.182,1.18,24863.821
1775012400,2026-04-01 03:00:00,1.18,1.192,1.18,1.191,36686.053
1775016000,2026-04-01 04:00:00,1.187,1.196,1.192,1.193,30881.505
1775019600,2026-04-01 05:00:00,1.19,1.209,1.193,1.206,74691.306
1775023200,2026-04-01 06:00:00,1.205,1.224,1.205,1.223,123066.448
1775026800,2026-04-01 07:00:00,1.214,1.227,1.224,1.219,93215.273
1775030400,2026-04-01 08:00:00,1.21,1.221,1.22,1.212,97158.615
1775034000,2026-04-01 09:00:00,1.205,1.214,1.213,1.209,42649.255
1775037600,2026-04-01 10:00:00,1.2,1.211,1.211,1.204,83890.054
1775041200,2026-04-01 11:00:00,1.203,1.212,1.203,1.211,59399.146
1775044800,2026-04-01 12:00:00,1.21,1.229,1.213,1.218,107413.536
1775048400,2026-04-01 13:00:00,1.201,1.217,1.217,1.207,96752.94
1775052000,2026-04-01 14:00:00,1.205,1.214,1.208,1.214,60332.049
1775055600,2026-04-01 15:00:00,1.201,1.214,1.214,1.206,78290.309
1775059200,2026-04-01 16:00:00,1.199,1.208,1.205,1.204,82694.962
1775062800,2026-04-01 17:00:00,1.202,1.215,1.207,1.206,67022.13
1775066400,2026-04-01 18:00:00,1.198,1.205,1.205,1.199,46028.255
1775070000,2026-04-01 19:00:00,1.198,1.206,1.198,1.201,48620.36
1775073600,2026-04-01 20:00:00,1.194,1.201,1.201,1.196,21198.048
1775077200,2026-04-01 21:00:00,1.196,1.206,1.197,1.199,79732.876
1775080800,2026-04-01 22:00:00,1.189,1.201,1.2,1.191,55894.195
1775084400,2026-04-01 23:00:00,1.186,1.192,1.191,1.191,26095.523
1775088000,2026-04-02 00:00:00,1.189,1.205,1.19,1.202,24768.529
1775091600,2026-04-02 01:00:00,1.163,1.201,1.201,1.17,180132.399
1775095200,2026-04-02 02:00:00,1.159,1.171,1.169,1.164,79525.697
1775098800,2026-04-02 03:00:00,1.153,1.167,1.164,1.156,69671.132
1775102400,2026-04-02 04:00:00,1.152,1.16,1.156,1.153,40502.393
1775106000,2026-04-02 05:00:00,1.146,1.155,1.152,1.154,80742.386
1775109600,2026-04-02 06:00:00,1.153,1.161,1.153,1.155,49172.864
1775113200,2026-04-02 07:00:00,1.154,1.166,1.155,1.164,55570.515
1775116800,2026-04-02 08:00:00,1.153,1.166,1.164,1.155,44142.155
1775120400,2026-04-02 09:00:00,1.152,1.156,1.155,1.156,45300.326
1775124000,2026-04-02 10:00:00,1.149,1.156,1.155,1.152,38292.456
1775127600,2026-04-02 11:00:00,1.146,1.154,1.152,1.153,47754.556
1775131200,2026-04-02 12:00:00,1.15,1.156,1.153,1.151,38148.008
1775134800,2026-04-02 13:00:00,1.14,1.152,1.152,1.148,139531.771
1775138400,2026-04-02 14:00:00,1.146,1.169,1.148,1.164,158752.824
1775142000,2026-04-02 15:00:00,1.152,1.164,1.164,1.156,59766.993
1775145600,2026-04-02 16:00:00,1.151,1.164,1.155,1.158,58484.851
1775149200,2026-04-02 17:00:00,1.149,1.166,1.156,1.151,53549.146
1775152800,2026-04-02 18:00:00,1.148,1.157,1.151,1.154,44199.792
1775156400,2026-04-02 19:00:00,1.152,1.158,1.155,1.158,42246.812
1775160000,2026-04-02 20:00:00,1.154,1.163,1.157,1.16,82776.657
1775163600,2026-04-02 21:00:00,1.154,1.16,1.159,1.158,26386.265
1775167200,2026-04-02 22:00:00,1.157,1.162,1.157,1.161,24987.133
1775170800,2026-04-02 23:00:00,1.158,1.163,1.16,1.163,47735.662
1775174400,2026-04-03 00:00:00,1.158,1.165,1.163,1.16,26010.691
1775178000,2026-04-03 01:00:00,1.159,1.167,1.162,1.162,54530.487
1775181600,2026-04-03 02:00:00,1.159,1.169,1.161,1.168,51919.134
1775185200,2026-04-03 03:00:00,1.166,1.179,1.168,1.177,52592.962
1775188800,2026-04-03 04:00:00,1.173,1.182,1.176,1.182,47761.268
1775192400,2026-04-03 05:00:00,1.175,1.188,1.181,1.185,38376.319
1775196000,2026-04-03 06:00:00,1.183,1.205,1.184,1.198,94021.464
1775199600,2026-04-03 07:00:00,1.196,1.21,1.197,1.205,188235.735
1775203200,2026-04-03 08:00:00,1.205,1.221,1.206,1.212,131684.016
1775206800,2026-04-03 09:00:00,1.208,1.223,1.211,1.22,144607.361
1775210400,2026-04-03 10:00:00,1.215,1.226,1.22,1.223,81415.048
1775214000,2026-04-03 11:00:00,1.219,1.228,1.223,1.224,91343.24
1775217600,2026-04-03 12:00:00,1.212,1.228,1.224,1.216,156070.18
1775221200,2026-04-03 13:00:00,1.21,1.216,1.215,1.213,60643.333
1775224800,2026-04-03 14:00:00,1.209,1.217,1.213,1.213,43021.638
1775228400,2026-04-03 15:00:00,1.203,1.214,1.212,1.204,68707.007
1775232000,2026-04-03 16:00:00,1.203,1.212,1.204,1.211,49048.662
1775235600,2026-04-03 17:00:00,1.203,1.214,1.21,1.204,101275.876
1775239200,2026-04-03 18:00:00,1.2,1.208,1.205,1.202,24190.293
1775242800,2026-04-03 19:00:00,1.196,1.207,1.201,1.207,31489.422
1775246400,2026-04-03 20:00:00,1.206,1.216,1.207,1.215,46967.977
1775250000,2026-04-03 21:00:00,1.209,1.22,1.217,1.211,50393.005
1775253600,2026-04-03 22:00:00,1.205,1.211,1.209,1.206,40699.839
1775257200,2026-04-03 23:00:00,1.204,1.21,1.206,1.208,33649.242
1775260800,2026-04-04 00:00:00,1.208,1.213,1.208,1.21,22352.817
1775264400,2026-04-04 01:00:00,1.206,1.211,1.21,1.211,19529.097
1775268000,2026-04-04 02:00:00,1.209,1.214,1.21,1.213,20227.979
1775271600,2026-04-04 03:00:00,1.213,1.224,1.213,1.222,37657.345
1775275200,2026-04-04 04:00:00,1.218,1.226,1.221,1.224,37286.503
1775278800,2026-04-04 05:00:00,1.218,1.229,1.224,1.218,49093.482
1775282400,2026-04-04 06:00:00,1.217,1.225,1.217,1.225,20887.511
1775286000,2026-04-04 07:00:00,1.225,1.233,1.225,1.231,45015.291
1775289600,2026-04-04 08:00:00,1.224,1.233,1.232,1.226,37682.883
1775293200,2026-04-04 09:00:00,1.223,1.228,1.226,1.228,24425.136
1775296800,2026-04-04 10:00:00,1.224,1.235,1.227,1.232,43388.334
1775300400,2026-04-04 11:00:00,1.23,1.237,1.232,1.231,47303.677
1775304000,2026-04-04 12:00:00,1.231,1.248,1.232,1.247,146277.885
1775307600,2026-04-04 13:00:00,1.243,1.258,1.246,1.244,167039.487
1775311200,2026-04-04 14:00:00,1.24,1.25,1.244,1.248,82880.066
1775314800,2026-04-04 15:00:00,1.249,1.268,1.249,1.265,186371.179
1775318400,2026-04-04 16:00:00,1.254,1.274,1.265,1.255,227738.905
1775322000,2026-04-04 17:00:00,1.252,1.282,1.253,1.279,217940.951
1775325600,2026-04-04 18:00:00,1.273,1.283,1.279,1.277,74360.31
1775329200,2026-04-04 19:00:00,1.269,1.287,1.276,1.27,173673.579
1775332800,2026-04-04 20:00:00,1.263,1.271,1.27,1.263,51588.128
1775336400,2026-04-04 21:00:00,1.26,1.272,1.262,1.26,42342.281
1775340000,2026-04-04 22:00:00,1.253,1.26,1.26,1.255,26018.049
1775343600,2026-04-04 23:00:00,1.252,1.257,1.254,1.256,17923.43
1775347200,2026-04-05 00:00:00,1.253,1.26,1.258,1.258,31004.065
1775350800,2026-04-05 01:00:00,1.256,1.266,1.258,1.259,53636.186
1775354400,2026-04-05 02:00:00,1.253,1.258,1.258,1.258,40592.099
1775358000,2026-04-05 03:00:00,1.257,1.262,1.259,1.26,19166.655
1775361600,2026-04-05 04:00:00,1.258,1.27,1.26,1.263,38597.04
1775365200,2026-04-05 05:00:00,1.251,1.267,1.263,1.252,144520.165
1775368800,2026-04-05 06:00:00,1.239,1.252,1.252,1.246,306497.565
1775372400,2026-04-05 07:00:00,1.238,1.248,1.246,1.239,35135.883
1775376000,2026-04-05 08:00:00,1.239,1.245,1.239,1.243,15164.603
1775379600,2026-04-05 09:00:00,1.242,1.249,1.244,1.247,20476.458
1775383200,2026-04-05 10:00:00,1.241,1.25,1.247,1.242,43664.169
1775386800,2026-04-05 11:00:00,1.242,1.248,1.244,1.247,16666.703
1775390400,2026-04-05 12:00:00,1.234,1.248,1.248,1.244,75204.374
1775394000,2026-04-05 13:00:00,1.237,1.248,1.245,1.248,76110.974
1775397600,2026-04-05 14:00:00,1.243,1.25,1.247,1.245,51717
1775401200,2026-04-05 15:00:00,1.242,1.262,1.244,1.248,115545.52
1775404800,2026-04-05 16:00:00,1.244,1.25,1.249,1.245,19970.545
1775408400,2026-04-05 17:00:00,1.239,1.246,1.245,1.239,20368.638
1775412000,2026-04-05 18:00:00,1.23,1.242,1.239,1.232,58688.456
1775415600,2026-04-05 19:00:00,1.227,1.236,1.231,1.233,23785.119
1775419200,2026-04-05 20:00:00,1.231,1.236,1.234,1.232,20581.258
1775422800,2026-04-05 21:00:00,1.222,1.232,1.232,1.228,59297.615
1775426400,2026-04-05 22:00:00,1.226,1.243,1.229,1.243,115748.107
1775430000,2026-04-05 23:00:00,1.238,1.251,1.242,1.25,112972.415
1775433600,2026-04-06 00:00:00,1.249,1.263,1.249,1.261,72034.496
1775437200,2026-04-06 01:00:00,1.255,1.262,1.261,1.261,40731.699
1775440800,2026-04-06 02:00:00,1.262,1.275,1.262,1.269,73422.671
1775444400,2026-04-06 03:00:00,1.267,1.276,1.27,1.274,159049.558
1775448000,2026-04-06 04:00:00,1.268,1.28,1.272,1.276,51115.847
1775451600,2026-04-06 05:00:00,1.274,1.278,1.276,1.274,15833.941
1775455200,2026-04-06 06:00:00,1.269,1.277,1.273,1.272,69141.165
1775458800,2026-04-06 07:00:00,1.263,1.272,1.271,1.269,48008.953
1775462400,2026-04-06 08:00:00,1.269,1.28,1.269,1.277,58402.655
1775466000,2026-04-06 09:00:00,1.276,1.288,1.276,1.282,85790.329
1775469600,2026-04-06 10:00:00,1.282,1.296,1.282,1.294,84966.07
1775473200,2026-04-06 11:00:00,1.292,1.301,1.294,1.297,73311.095
1775476800,2026-04-06 12:00:00,1.292,1.302,1.298,1.292,63668.926
1775480400,2026-04-06 13:00:00,1.283,1.293,1.292,1.283,76885.52
1775484000,2026-04-06 14:00:00,1.271,1.287,1.283,1.281,114074.91
1775487600,2026-04-06 15:00:00,1.276,1.283,1.282,1.279,110553.542
1775491200,2026-04-06 16:00:00,1.276,1.286,1.278,1.281,78251.623
1775494800,2026-04-06 17:00:00,1.271,1.28,1.28,1.274,81783.957
1775498400,2026-04-06 18:00:00,1.272,1.277,1.273,1.272,18376.679
1775502000,2026-04-06 19:00:00,1.268,1.276,1.271,1.274,64415.9
1775505600,2026-04-06 20:00:00,1.271,1.28,1.273,1.278,36026.191
1775509200,2026-04-06 21:00:00,1.255,1.278,1.278,1.255,83401.257
1775512800,2026-04-06 22:00:00,1.247,1.262,1.255,1.247,120975.542
1775516400,2026-04-06 23:00:00,1.238,1.252,1.246,1.248,124052.374
1775520000,2026-04-07 00:00:00,1.238,1.25,1.248,1.242,25358.512
1775523600,2026-04-07 01:00:00,1.233,1.243,1.241,1.236,64716.291
1775527200,2026-04-07 02:00:00,1.23,1.238,1.235,1.235,90920.588
1775530800,2026-04-07 03:00:00,1.234,1.241,1.235,1.24,20051.4
1775534400,2026-04-07 04:00:00,1.234,1.242,1.24,1.238,82157.596
1775538000,2026-04-07 05:00:00,1.228,1.237,1.237,1.23,77432.265
1775541600,2026-04-07 06:00:00,1.226,1.236,1.23,1.235,17640.802
1775545200,2026-04-07 07:00:00,1.234,1.241,1.234,1.237,20844.017
1775548800,2026-04-07 08:00:00,1.236,1.247,1.236,1.245,54593.197
1775552400,2026-04-07 09:00:00,1.246,1.255,1.246,1.251,67890.509
1775556000,2026-04-07 10:00:00,1.235,1.256,1.252,1.238,126485.208
1775559600,2026-04-07 11:00:00,1.234,1.24,1.238,1.236,58307.291
1775563200,2026-04-07 12:00:00,1.227,1.245,1.235,1.242,171808.567
1775566800,2026-04-07 13:00:00,1.235,1.247,1.243,1.236,70344.365
1775570400,2026-04-07 14:00:00,1.228,1.237,1.235,1.228,81232.4
1775574000,2026-04-07 15:00:00,1.22,1.238,1.226,1.237,109735.156
1775577600,2026-04-07 16:00:00,1.236,1.246,1.239,1.239,99559.029
1775581200,2026-04-07 17:00:00,1.234,1.249,1.238,1.244,36847.958
1775584800,2026-04-07 18:00:00,1.244,1.25,1.246,1.245,37166.162
1775588400,2026-04-07 19:00:00,1.243,1.264,1.246,1.262,84465.391
1775592000,2026-04-07 20:00:00,1.263,1.271,1.263,1.268,89201.047
1775595600,2026-04-07 21:00:00,1.267,1.314,1.267,1.308,115049.276
1775599200,2026-04-07 22:00:00,1.298,1.333,1.309,1.332,340827.94
1775602800,2026-04-07 23:00:00,1.309,1.34,1.334,1.31,135458.909
1775606400,2026-04-08 00:00:00,1.289,1.312,1.31,1.29,134341.663
1775610000,2026-04-08 01:00:00,1.284,1.298,1.29,1.296,103362.522
1775613600,2026-04-08 02:00:00,1.291,1.302,1.296,1.295,47494.22
1775617200,2026-04-08 03:00:00,1.293,1.301,1.296,1.298,23244.275
1775620800,2026-04-08 04:00:00,1.298,1.309,1.298,1.303,87487.027
1775624400,2026-04-08 05:00:00,1.304,1.328,1.304,1.321,270272.445
1775628000,2026-04-08 06:00:00,1.321,1.341,1.322,1.336,98091.634
1775631600,2026-04-08 07:00:00,1.33,1.353,1.337,1.351,443165.863
1775635200,2026-04-08 08:00:00,1.34,1.367,1.352,1.365,235687.499
1775638800,2026-04-08 09:00:00,1.362,1.378,1.364,1.371,168381.499
1775642400,2026-04-08 10:00:00,1.359,1.378,1.371,1.359,141906.34
1775646000,2026-04-08 11:00:00,1.348,1.366,1.358,1.362,157857.673
1775649600,2026-04-08 12:00:00,1.361,1.379,1.362,1.377,150445.11
1775653200,2026-04-08 13:00:00,1.37,1.392,1.377,1.378,154586.652
1775656800,2026-04-08 14:00:00,1.351,1.381,1.38,1.356,219922.703
1775660400,2026-04-08 15:00:00,1.345,1.356,1.355,1.35,158188.869
1775664000,2026-04-08 16:00:00,1.342,1.357,1.35,1.354,62897.914
1775667600,2026-04-08 17:00:00,1.352,1.367,1.354,1.363,101713.061
1775671200,2026-04-08 18:00:00,1.339,1.364,1.363,1.34,179271.812
1775674800,2026-04-08 19:00:00,1.339,1.345,1.34,1.345,68497.19
1775678400,2026-04-08 20:00:00,1.339,1.353,1.346,1.344,103699.538
1775682000,2026-04-08 21:00:00,1.342,1.355,1.343,1.352,135033.16
1775685600,2026-04-08 22:00:00,1.334,1.351,1.351,1.334,104688.087
1775689200,2026-04-08 23:00:00,1.328,1.342,1.334,1.331,53400.478
1775692800,2026-04-09 00:00:00,1.326,1.335,1.33,1.332,63613.317
1775696400,2026-04-09 01:00:00,1.321,1.336,1.332,1.328,84463.848
1775700000,2026-04-09 02:00:00,1.325,1.337,1.329,1.328,57111.008
1775703600,2026-04-09 03:00:00,1.324,1.342,1.327,1.33,95864.141
1775707200,2026-04-09 04:00:00,1.328,1.344,1.331,1.338,101359.432
1775710800,2026-04-09 05:00:00,1.334,1.351,1.338,1.336,120095.55
1775714400,2026-04-09 06:00:00,1.337,1.347,1.337,1.347,40798.728
1775718000,2026-04-09 07:00:00,1.346,1.355,1.347,1.349,48427.815
1775721600,2026-04-09 08:00:00,1.342,1.35,1.347,1.344,75228.836
1775725200,2026-04-09 09:00:00,1.327,1.343,1.343,1.334,77516.092
1775728800,2026-04-09 10:00:00,1.329,1.335,1.333,1.329,27129.376
1775732400,2026-04-09 11:00:00,1.327,1.333,1.33,1.33,41874.254
1775736000,2026-04-09 12:00:00,1.329,1.342,1.329,1.342,30204.005
1775739600,2026-04-09 13:00:00,1.325,1.345,1.341,1.327,275181.421
1775743200,2026-04-09 14:00:00,1.324,1.352,1.326,1.348,101836.355
1775746800,2026-04-09 15:00:00,1.342,1.391,1.348,1.381,284992.228
1775750400,2026-04-09 16:00:00,1.357,1.391,1.382,1.361,220195.137
1775754000,2026-04-09 17:00:00,1.352,1.368,1.362,1.361,97333.951
1775757600,2026-04-09 18:00:00,1.349,1.367,1.361,1.361,130214.37
1775761200,2026-04-09 19:00:00,1.359,1.37,1.362,1.361,89942.924
1775764800,2026-04-09 20:00:00,1.36,1.369,1.363,1.366,56952.186
1775768400,2026-04-09 21:00:00,1.351,1.372,1.367,1.358,57597.416
1775772000,2026-04-09 22:00:00,1.359,1.388,1.36,1.372,161964.773
1775775600,2026-04-09 23:00:00,1.358,1.373,1.371,1.366,148145.072
1775779200,2026-04-10 00:00:00,1.355,1.371,1.365,1.368,179277.293
1775782800,2026-04-10 01:00:00,1.36,1.377,1.367,1.364,202735.374
1775786400,2026-04-10 02:00:00,1.359,1.37,1.364,1.36,94061.92
1775790000,2026-04-10 03:00:00,1.352,1.362,1.359,1.358,155318.478
1775793600,2026-04-10 04:00:00,1.357,1.375,1.358,1.374,98408.54
1775797200,2026-04-10 05:00:00,1.365,1.377,1.374,1.366,89854.385
1775800800,2026-04-10 06:00:00,1.349,1.376,1.366,1.355,109963.728
1775804400,2026-04-10 07:00:00,1.35,1.359,1.353,1.355,63866.334
1775808000,2026-04-10 08:00:00,1.344,1.36,1.355,1.356,60077.886
1775811600,2026-04-10 09:00:00,1.355,1.384,1.355,1.376,109669.21
1775815200,2026-04-10 10:00:00,1.367,1.379,1.376,1.368,35110.484
1775818800,2026-04-10 11:00:00,1.36,1.37,1.367,1.365,41641.137
1775822400,2026-04-10 12:00:00,1.355,1.37,1.363,1.363,108942.841
1775826000,2026-04-10 13:00:00,1.361,1.373,1.362,1.367,80015.697
1775829600,2026-04-10 14:00:00,1.365,1.387,1.368,1.387,238652.413
1775833200,2026-04-10 15:00:00,1.37,1.394,1.387,1.378,192893.821
1775836800,2026-04-10 16:00:00,1.368,1.38,1.378,1.374,87897.767
1775840400,2026-04-10 17:00:00,1.36,1.374,1.373,1.366,40134.169
1775844000,2026-04-10 18:00:00,1.364,1.377,1.367,1.377,40538.704
1775847600,2026-04-10 19:00:00,1.371,1.38,1.376,1.379,53396.925
1775851200,2026-04-10 20:00:00,1.356,1.38,1.379,1.364,131543.905
1775854800,2026-04-10 21:00:00,1.348,1.365,1.363,1.356,72296.307
1775858400,2026-04-10 22:00:00,1.354,1.361,1.356,1.36,46960.554
1775862000,2026-04-10 23:00:00,1.356,1.362,1.36,1.36,35682.812
1775865600,2026-04-11 00:00:00,1.355,1.365,1.359,1.356,54708.459
1775869200,2026-04-11 01:00:00,1.34,1.358,1.356,1.351,72893.684
1775872800,2026-04-11 02:00:00,1.349,1.355,1.35,1.353,37357.504
1775876400,2026-04-11 03:00:00,1.349,1.363,1.354,1.355,62681.016
1775880000,2026-04-11 04:00:00,1.345,1.355,1.355,1.347,37441.287
1775883600,2026-04-11 05:00:00,1.34,1.351,1.346,1.341,29749.85
1775887200,2026-04-11 06:00:00,1.331,1.341,1.34,1.335,85991.906
1775890800,2026-04-11 07:00:00,1.333,1.341,1.334,1.341,8816.902
1775894400,2026-04-11 08:00:00,1.341,1.35,1.341,1.348,33414.661
1775898000,2026-04-11 09:00:00,1.342,1.348,1.347,1.348,13075.486
1775901600,2026-04-11 10:00:00,1.342,1.348,1.347,1.348,9280.58
1775905200,2026-04-11 11:00:00,1.346,1.355,1.346,1.353,53252.901
1775908800,2026-04-11 12:00:00,1.35,1.362,1.353,1.353,48783.52
1775912400,2026-04-11 13:00:00,1.349,1.359,1.354,1.358,32626.755
1775916000,2026-04-11 14:00:00,1.351,1.359,1.356,1.353,13128.786
1775919600,2026-04-11 15:00:00,1.352,1.37,1.352,1.369,66742.388
1775923200,2026-04-11 16:00:00,1.368,1.397,1.369,1.383,144307.283
1775926800,2026-04-11 17:00:00,1.382,1.419,1.383,1.407,210471.587
1775930400,2026-04-11 18:00:00,1.402,1.423,1.408,1.405,109208.259
1775934000,2026-04-11 19:00:00,1.403,1.417,1.406,1.409,324177.152
1775937600,2026-04-11 20:00:00,1.395,1.411,1.41,1.402,99995.294
1775941200,2026-04-11 21:00:00,1.398,1.415,1.402,1.407,147909.251
1775944800,2026-04-11 22:00:00,1.402,1.426,1.408,1.407,158986.912
1775948400,2026-04-11 23:00:00,1.395,1.412,1.406,1.404,268816.087
1775952000,2026-04-12 00:00:00,1.389,1.407,1.402,1.394,84286.773
1775955600,2026-04-12 01:00:00,1.345,1.395,1.392,1.348,301751.603
1775959200,2026-04-12 02:00:00,1.335,1.352,1.347,1.351,209020.631
1775962800,2026-04-12 03:00:00,1.344,1.353,1.351,1.344,119680.783
1775966400,2026-04-12 04:00:00,1.335,1.345,1.343,1.339,60527.792
1775970000,2026-04-12 05:00:00,1.337,1.343,1.339,1.34,42156.596
1775973600,2026-04-12 06:00:00,1.331,1.344,1.339,1.335,55282.02
1775977200,2026-04-12 07:00:00,1.332,1.34,1.335,1.335,47071.584
1775980800,2026-04-12 08:00:00,1.334,1.342,1.335,1.335,40490.077
1775984400,2026-04-12 09:00:00,1.326,1.337,1.335,1.328,90231.891
1775988000,2026-04-12 10:00:00,1.324,1.331,1.329,1.325,41207.01
1775991600,2026-04-12 11:00:00,1.324,1.333,1.325,1.331,33548.435
1775995200,2026-04-12 12:00:00,1.329,1.342,1.33,1.333,85942.217
1775998800,2026-04-12 13:00:00,1.331,1.343,1.333,1.332,89599.723
1776002400,2026-04-12 14:00:00,1.331,1.352,1.331,1.339,106381.13
1776006000,2026-04-12 15:00:00,1.333,1.341,1.339,1.336,90288.343
1776009600,2026-04-12 16:00:00,1.334,1.35,1.337,1.347,78006.352
1776013200,2026-04-12 17:00:00,1.345,1.358,1.347,1.356,70714.915
1776016800,2026-04-12 18:00:00,1.353,1.367,1.357,1.354,70748.414
1776020400,2026-04-12 19:00:00,1.352,1.358,1.354,1.357,86844.406
1776024000,2026-04-12 20:00:00,1.354,1.368,1.356,1.362,98696.975
1776027600,2026-04-12 21:00:00,1.356,1.367,1.363,1.363,64349.09
1776031200,2026-04-12 22:00:00,1.346,1.363,1.362,1.348,144328.867
1776034800,2026-04-12 23:00:00,1.342,1.352,1.347,1.346,84158.074
1776038400,2026-04-13 00:00:00,1.344,1.373,1.346,1.363,129461.512
1776042000,2026-04-13 01:00:00,1.363,1.387,1.363,1.385,191009.954
1776045600,2026-04-13 02:00:00,1.356,1.386,1.385,1.361,215384.384
1776049200,2026-04-13 03:00:00,1.354,1.372,1.36,1.368,163178.061
1776052800,2026-04-13 04:00:00,1.356,1.373,1.368,1.356,85225.484
1776056400,2026-04-13 05:00:00,1.35,1.366,1.356,1.366,126415.273
1776060000,2026-04-13 06:00:00,1.366,1.392,1.366,1.39,181819.042
1776063600,2026-04-13 07:00:00,1.374,1.396,1.39,1.387,139043.726
1776067200,2026-04-13 08:00:00,1.376,1.395,1.386,1.376,123029.765
1776070800,2026-04-13 09:00:00,1.376,1.396,1.376,1.389,149944.17
1776074400,2026-04-13 10:00:00,1.371,1.391,1.389,1.372,102228.619
1776078000,2026-04-13 11:00:00,1.37,1.38,1.371,1.38,148071.481
1776081600,2026-04-13 12:00:00,1.364,1.383,1.38,1.377,141469.588
1776085200,2026-04-13 13:00:00,1.373,1.409,1.377,1.399,207227.656
1776088800,2026-04-13 14:00:00,1.388,1.404,1.4,1.396,162425.942
1776092400,2026-04-13 15:00:00,1.367,1.395,1.395,1.376,344987.711
1776096000,2026-04-13 16:00:00,1.373,1.393,1.376,1.39,146445.497
1776099600,2026-04-13 17:00:00,1.388,1.41,1.389,1.397,234617.909
1776103200,2026-04-13 18:00:00,1.392,1.404,1.396,1.401,105586.531
1776106800,2026-04-13 19:00:00,1.399,1.414,1.401,1.407,142224.282
1776110400,2026-04-13 20:00:00,1.386,1.407,1.407,1.391,93497.512
1776114000,2026-04-13 21:00:00,1.387,1.401,1.391,1.399,63123.268
1776117600,2026-04-13 22:00:00,1.397,1.415,1.399,1.407,238977.811
1776121200,2026-04-13 23:00:00,1.398,1.422,1.407,1.418,321313.8
1776124800,2026-04-14 00:00:00,1.404,1.422,1.417,1.413,143795.457
1776128400,2026-04-14 01:00:00,1.406,1.424,1.41,1.413,162037.24
1776132000,2026-04-14 02:00:00,1.411,1.419,1.413,1.414,42607.716
1776135600,2026-04-14 03:00:00,1.406,1.413,1.413,1.409,44618.001
1776139200,2026-04-14 04:00:00,1.405,1.416,1.407,1.406,103301.187
1776142800,2026-04-14 05:00:00,1.4,1.409,1.406,1.407,76350.538
1776146400,2026-04-14 06:00:00,1.406,1.427,1.407,1.425,42746.624
1776150000,2026-04-14 07:00:00,1.419,1.435,1.424,1.435,301628.254
1776153600,2026-04-14 08:00:00,1.424,1.441,1.435,1.427,151864.722
1776157200,2026-04-14 09:00:00,1.413,1.428,1.428,1.416,98303.29
1776160800,2026-04-14 10:00:00,1.406,1.425,1.416,1.409,84414.157
1776164400,2026-04-14 11:00:00,1.401,1.41,1.41,1.405,98731.782
1776168000,2026-04-14 12:00:00,1.406,1.416,1.406,1.409,134994.044
1776171600,2026-04-14 13:00:00,1.396,1.413,1.408,1.399,260685.759
1776175200,2026-04-14 14:00:00,1.375,1.399,1.399,1.387,405421.111
1776178800,2026-04-14 15:00:00,1.378,1.397,1.386,1.386,202046.341
1776182400,2026-04-14 16:00:00,1.365,1.39,1.385,1.37,98754.687
1776186000,2026-04-14 17:00:00,1.365,1.373,1.371,1.371,79319.018
1776189600,2026-04-14 18:00:00,1.357,1.375,1.372,1.362,120232.332
1776193200,2026-04-14 19:00:00,1.362,1.371,1.363,1.371,39981.153
1776196800,2026-04-14 20:00:00,1.363,1.374,1.371,1.363,45742.717
1776200400,2026-04-14 21:00:00,1.36,1.368,1.364,1.362,39929.824
1776204000,2026-04-14 22:00:00,1.355,1.365,1.361,1.359,61504.638
1776207600,2026-04-14 23:00:00,1.353,1.362,1.359,1.36,71884.513
1776211200,2026-04-15 00:00:00,1.359,1.368,1.36,1.362,51877.281
1776214800,2026-04-15 01:00:00,1.36,1.37,1.363,1.37,71066.109
1776218400,2026-04-15 02:00:00,1.36,1.371,1.369,1.364,113582.591
1776222000,2026-04-15 03:00:00,1.36,1.369,1.364,1.368,44276.862
1776225600,2026-04-15 04:00:00,1.364,1.372,1.368,1.371,54272.449
1776229200,2026-04-15 05:00:00,1.351,1.373,1.37,1.355,84288.351
1776232800,2026-04-15 06:00:00,1.348,1.356,1.355,1.348,37006.716
1776236400,2026-04-15 07:00:00,1.342,1.351,1.35,1.344,83293.712
1776240000,2026-04-15 08:00:00,1.343,1.354,1.344,1.35,101544.959
1776243600,2026-04-15 09:00:00,1.344,1.351,1.35,1.351,71222.88
1776247200,2026-04-15 10:00:00,1.351,1.369,1.351,1.366,67093.678
1776250800,2026-04-15 11:00:00,1.363,1.385,1.366,1.381,142886.248
1776254400,2026-04-15 12:00:00,1.38,1.402,1.382,1.394,201548.142
1776258000,2026-04-15 13:00:00,1.383,1.398,1.395,1.385,81774.266
1776261600,2026-04-15 14:00:00,1.381,1.399,1.384,1.399,98534.033
1776265200,2026-04-15 15:00:00,1.388,1.401,1.398,1.399,97472.142
1776268800,2026-04-15 16:00:00,1.392,1.405,1.4,1.401,56248.013
1776272400,2026-04-15 17:00:00,1.398,1.409,1.401,1.405,73598.524
1776276000,2026-04-15 18:00:00,1.397,1.412,1.404,1.406,88415.061
1776279600,2026-04-15 19:00:00,1.401,1.415,1.406,1.413,72949.855
1776283200,2026-04-15 20:00:00,1.404,1.414,1.412,1.413,48084.504
1776286800,2026-04-15 21:00:00,1.404,1.417,1.413,1.412,93885.646
1776290400,2026-04-15 22:00:00,1.407,1.421,1.411,1.414,110460.412
1776294000,2026-04-15 23:00:00,1.402,1.416,1.413,1.41,100020.962
1776297600,2026-04-16 00:00:00,1.403,1.412,1.41,1.407,130360.868
1776301200,2026-04-16 01:00:00,1.401,1.411,1.407,1.409,53429.318
1776304800,2026-04-16 02:00:00,1.408,1.421,1.41,1.417,99676.473
1776308400,2026-04-16 03:00:00,1.417,1.431,1.42,1.429,108277.711
1776312000,2026-04-16 04:00:00,1.425,1.436,1.429,1.428,53178.987
1776315600,2026-04-16 05:00:00,1.421,1.443,1.428,1.435,142724.148
1776319200,2026-04-16 06:00:00,1.429,1.439,1.436,1.438,46395.84
1776322800,2026-04-16 07:00:00,1.429,1.443,1.438,1.432,64314.137
1776326400,2026-04-16 08:00:00,1.415,1.432,1.431,1.419,65418.867
1776330000,2026-04-16 09:00:00,1.402,1.432,1.419,1.405,242721.316
1776333600,2026-04-16 10:00:00,1.401,1.411,1.406,1.405,44323.745
1776337200,2026-04-16 11:00:00,1.402,1.409,1.404,1.405,57796.235
1776340800,2026-04-16 12:00:00,1.392,1.407,1.404,1.396,117848.134
1776344400,2026-04-16 13:00:00,1.369,1.407,1.396,1.379,239486.487
1776348000,2026-04-16 14:00:00,1.368,1.387,1.379,1.382,99160.903
1776351600,2026-04-16 15:00:00,1.382,1.419,1.384,1.419,192663.486
1776355200,2026-04-16 16:00:00,1.39,1.424,1.418,1.39,120496.923
1776358800,2026-04-16 17:00:00,1.384,1.404,1.39,1.401,72437.125
1776362400,2026-04-16 18:00:00,1.396,1.422,1.402,1.421,120836.393
1776366000,2026-04-16 19:00:00,1.416,1.435,1.421,1.435,79549.929
1776369600,2026-04-16 20:00:00,1.421,1.437,1.436,1.425,93474.89
1776373200,2026-04-16 21:00:00,1.418,1.431,1.427,1.429,45463.048
1776376800,2026-04-16 22:00:00,1.425,1.437,1.431,1.434,99356.322
1776380400,2026-04-16 23:00:00,1.429,1.443,1.433,1.434,82402.648
1776384000,2026-04-17 00:00:00,1.424,1.436,1.434,1.434,62363.93
1776387600,2026-04-17 01:00:00,1.418,1.433,1.431,1.423,73835.048
1776391200,2026-04-17 02:00:00,1.405,1.423,1.423,1.412,54706.449
1776394800,2026-04-17 03:00:00,1.405,1.414,1.411,1.408,36857.559
1776398400,2026-04-17 04:00:00,1.396,1.415,1.411,1.403,103055.796
1776402000,2026-04-17 05:00:00,1.394,1.404,1.402,1.398,45192.636
1776405600,2026-04-17 06:00:00,1.397,1.427,1.397,1.419,62277.421
1776409200,2026-04-17 07:00:00,1.414,1.428,1.418,1.427,67821.25
1776412800,2026-04-17 08:00:00,1.419,1.431,1.428,1.425,106572.343
1776416400,2026-04-17 09:00:00,1.416,1.43,1.425,1.427,103463.182
1776420000,2026-04-17 10:00:00,1.371,1.433,1.427,1.387,469500.187
1776423600,2026-04-17 11:00:00,1.385,1.402,1.386,1.396,91895.622
1776427200,2026-04-17 12:00:00,1.39,1.408,1.395,1.406,118845.005
1776430800,2026-04-17 13:00:00,1.398,1.43,1.404,1.429,199510.106
1776434400,2026-04-17 14:00:00,1.422,1.442,1.43,1.429,171911.323
1776438000,2026-04-17 15:00:00,1.409,1.43,1.429,1.413,342062.159
1776441600,2026-04-17 16:00:00,1.411,1.429,1.412,1.429,156728.088
1776445200,2026-04-17 17:00:00,1.416,1.432,1.429,1.427,203059.955
1776448800,2026-04-17 18:00:00,1.414,1.431,1.428,1.423,104809.168
1776452400,2026-04-17 19:00:00,1.417,1.432,1.422,1.425,64276.843
1776456000,2026-04-17 20:00:00,1.414,1.427,1.425,1.421,50226.836
1776459600,2026-04-17 21:00:00,1.418,1.429,1.422,1.421,32705.785
1776463200,2026-04-17 22:00:00,1.415,1.422,1.419,1.419,43619.253
1776466800,2026-04-17 23:00:00,1.404,1.421,1.418,1.407,63406.32
1776470400,2026-04-18 00:00:00,1.393,1.408,1.407,1.4,70117.436
1776474000,2026-04-18 01:00:00,1.393,1.407,1.399,1.397,81633.94
1776477600,2026-04-18 02:00:00,1.394,1.403,1.397,1.401,45563.475
1776481200,2026-04-18 03:00:00,1.397,1.404,1.4,1.401,50395.52
1776484800,2026-04-18 04:00:00,1.399,1.407,1.399,1.406,42922.11
1776488400,2026-04-18 05:00:00,1.401,1.41,1.407,1.406,27072.846
1776492000,2026-04-18 06:00:00,1.403,1.42,1.407,1.418,74068.212
1776495600,2026-04-18 07:00:00,1.416,1.422,1.416,1.419,44681.221
1776499200,2026-04-18 08:00:00,1.397,1.42,1.42,1.408,107891.341
1776502800,2026-04-18 09:00:00,1.398,1.415,1.408,1.412,65909.432
1776506400,2026-04-18 10:00:00,1.392,1.411,1.411,1.396,119940.781
1776510000,2026-04-18 11:00:00,1.386,1.396,1.396,1.391,90268.945
1776513600,2026-04-18 12:00:00,1.379,1.394,1.391,1.384,157125.16
1776517200,2026-04-18 13:00:00,1.37,1.384,1.384,1.382,184821.377
1776520800,2026-04-18 14:00:00,1.379,1.388,1.381,1.383,30727.214
1776524400,2026-04-18 15:00:00,1.375,1.387,1.382,1.376,38542.989
1776528000,2026-04-18 16:00:00,1.369,1.384,1.375,1.372,76632.195
1776531600,2026-04-18 17:00:00,1.357,1.374,1.373,1.36,78215.023
1776535200,2026-04-18 18:00:00,1.352,1.362,1.358,1.353,99586.205
1776538800,2026-04-18 19:00:00,1.353,1.361,1.353,1.357,52845.663
1776542400,2026-04-18 20:00:00,1.353,1.359,1.357,1.353,38597.082
1776546000,2026-04-18 21:00:00,1.346,1.357,1.353,1.357,230820.836
1776549600,2026-04-18 22:00:00,1.344,1.355,1.355,1.346,151533.799
1776553200,2026-04-18 23:00:00,1.343,1.349,1.346,1.344,36995.553
1776556800,2026-04-19 00:00:00,1.333,1.346,1.343,1.343,76385.591
1776560400,2026-04-19 01:00:00,1.335,1.346,1.344,1.338,44720.212
1776564000,2026-04-19 02:00:00,1.33,1.341,1.337,1.338,62039.825
1776567600,2026-04-19 03:00:00,1.335,1.35,1.339,1.342,78863.644
1776571200,2026-04-19 04:00:00,1.342,1.358,1.342,1.352,60851.807
1776574800,2026-04-19 05:00:00,1.336,1.356,1.352,1.338,33411.891
1776578400,2026-04-19 06:00:00,1.331,1.345,1.337,1.337,38374.842
1776582000,2026-04-19 07:00:00,1.325,1.337,1.336,1.335,111048.134
1776585600,2026-04-19 08:00:00,1.331,1.337,1.334,1.336,99181.157
1776589200,2026-04-19 09:00:00,1.332,1.339,1.335,1.333,22735.727
1776592800,2026-04-19 10:00:00,1.33,1.343,1.331,1.343,29611.885
1776596400,2026-04-19 11:00:00,1.342,1.361,1.342,1.359,72005.149
1776600000,2026-04-19 12:00:00,1.35,1.366,1.359,1.362,97746.403
1776603600,2026-04-19 13:00:00,1.362,1.383,1.362,1.378,203970.357
1776607200,2026-04-19 14:00:00,1.37,1.389,1.378,1.376,267200.388
1776610800,2026-04-19 15:00:00,1.36,1.374,1.374,1.367,109449.541
1776614400,2026-04-19 16:00:00,1.359,1.369,1.368,1.359,87321.147
1776618000,2026-04-19 17:00:00,1.349,1.36,1.36,1.351,80230.86
1776621600,2026-04-19 18:00:00,1.346,1.356,1.35,1.355,47025.093
1776625200,2026-04-19 19:00:00,1.354,1.364,1.355,1.358,103753.281
1776628800,2026-04-19 20:00:00,1.342,1.359,1.358,1.346,61705.971
1776632400,2026-04-19 21:00:00,1.345,1.357,1.345,1.348,27247.441
1776636000,2026-04-19 22:00:00,1.322,1.347,1.347,1.332,130943.596
1776639600,2026-04-19 23:00:00,1.325,1.331,1.331,1.325,43772.262
1776643200,2026-04-20 00:00:00,1.327,1.348,1.327,1.345,58323.755
1776646800,2026-04-20 01:00:00,1.344,1.358,1.345,1.349,76324.778
1776650400,2026-04-20 02:00:00,1.344,1.353,1.349,1.35,32596.679
1776654000,2026-04-20 03:00:00,1.347,1.362,1.351,1.362,23050.61
1776657600,2026-04-20 04:00:00,1.347,1.361,1.361,1.351,92055
1776661200,2026-04-20 05:00:00,1.34,1.351,1.35,1.348,47722.665
1776664800,2026-04-20 06:00:00,1.34,1.355,1.348,1.351,47156.318
1776668400,2026-04-20 07:00:00,1.342,1.364,1.35,1.349,85806.804
1776672000,2026-04-20 08:00:00,1.34,1.352,1.35,1.341,80842.591
1776675600,2026-04-20 09:00:00,1.34,1.355,1.34,1.351,49157.198
1776679200,2026-04-20 10:00:00,1.352,1.359,1.352,1.353,29371.55
1776682800,2026-04-20 11:00:00,1.348,1.356,1.353,1.349,42836.227
1776686400,2026-04-20 12:00:00,1.346,1.363,1.348,1.359,136606.697
1776690000,2026-04-20 13:00:00,1.349,1.363,1.359,1.358,57138.999
1776693600,2026-04-20 14:00:00,1.341,1.364,1.357,1.345,130725.296
1776697200,2026-04-20 15:00:00,1.335,1.355,1.342,1.352,44182.636
1776700800,2026-04-20 16:00:00,1.346,1.353,1.353,1.349,34458.366
1776704400,2026-04-20 17:00:00,1.349,1.363,1.349,1.362,37375.115
1776708000,2026-04-20 18:00:00,1.361,1.371,1.364,1.364,69390.777
1776711600,2026-04-20 19:00:00,1.356,1.365,1.363,1.36,18501.326
1776715200,2026-04-20 20:00:00,1.355,1.369,1.359,1.364,28731.333
1776718800,2026-04-20 21:00:00,1.362,1.371,1.364,1.368,29945.144
1776722400,2026-04-20 22:00:00,1.362,1.373,1.37,1.362,24179.944
1776726000,2026-04-20 23:00:00,1.359,1.364,1.361,1.363,34891.189
1776729600,2026-04-21 00:00:00,1.363,1.371,1.363,1.366,44986.002
1776733200,2026-04-21 01:00:00,1.358,1.372,1.366,1.358,224540.531
1776736800,2026-04-21 02:00:00,1.353,1.359,1.358,1.355,211680.992
1776740400,2026-04-21 03:00:00,1.348,1.357,1.355,1.355,423895.728
1776744000,2026-04-21 04:00:00,1.353,1.362,1.355,1.362,49630.287
1776747600,2026-04-21 05:00:00,1.362,1.37,1.363,1.367,56672.255
1776751200,2026-04-21 06:00:00,1.362,1.376,1.367,1.37,50235.319
1776754800,2026-04-21 07:00:00,1.369,1.382,1.37,1.38,49959.176
1776758400,2026-04-21 08:00:00,1.376,1.388,1.379,1.376,43596.007
1776762000,2026-04-21 09:00:00,1.376,1.39,1.376,1.39,39610.397
1776765600,2026-04-21 10:00:00,1.387,1.398,1.388,1.392,77338.072
1776769200,2026-04-21 11:00:00,1.386,1.398,1.391,1.395,75419.482
1776772800,2026-04-21 12:00:00,1.368,1.396,1.395,1.371,165172.665
1776776400,2026-04-21 13:00:00,1.366,1.375,1.371,1.369,81327.627
1776780000,2026-04-21 14:00:00,1.364,1.382,1.369,1.369,68299.747
1776783600,2026-04-21 15:00:00,1.367,1.38,1.37,1.377,61075.584
1776787200,2026-04-21 16:00:00,1.371,1.381,1.378,1.371,48012.678
1776790800,2026-04-21 17:00:00,1.354,1.376,1.372,1.368,147274.207
1776794400,2026-04-21 18:00:00,1.357,1.369,1.368,1.366,59603.212
1776798000,2026-04-21 19:00:00,1.352,1.37,1.366,1.356,66426.706
1776801600,2026-04-21 20:00:00,1.355,1.374,1.355,1.37,83499.531
1776805200,2026-04-21 21:00:00,1.367,1.373,1.37,1.371,33897.543
1776808800,2026-04-21 22:00:00,1.366,1.375,1.371,1.371,70941.915
1776812400,2026-04-21 23:00:00,1.37,1.388,1.37,1.386,104122.619
1776816000,2026-04-22 00:00:00,1.381,1.387,1.386,1.382,40551.001
1776819600,2026-04-22 01:00:00,1.379,1.387,1.383,1.385,48238.576
1776823200,2026-04-22 02:00:00,1.384,1.403,1.385,1.403,140162.462
1776826800,2026-04-22 03:00:00,1.396,1.406,1.402,1.405,69492.726
1776830400,2026-04-22 04:00:00,1.399,1.41,1.406,1.409,80597.836
1776834000,2026-04-22 05:00:00,1.407,1.415,1.408,1.407,190440.923
1776837600,2026-04-22 06:00:00,1.404,1.41,1.406,1.408,41604.418
1776841200,2026-04-22 07:00:00,1.403,1.414,1.407,1.414,54748.186
1776844800,2026-04-22 08:00:00,1.413,1.418,1.414,1.415,56693.493
1776848400,2026-04-22 09:00:00,1.414,1.422,1.414,1.418,44585.955
1776852000,2026-04-22 10:00:00,1.418,1.426,1.419,1.424,18994.896
1776855600,2026-04-22 11:00:00,1.419,1.427,1.425,1.425,36732.721
1776859200,2026-04-22 12:00:00,1.413,1.428,1.425,1.414,31641.964
1776862800,2026-04-22 13:00:00,1.411,1.424,1.413,1.421,42372.644
1776866400,2026-04-22 14:00:00,1.416,1.429,1.42,1.425,204234.281
1776870000,2026-04-22 15:00:00,1.421,1.432,1.424,1.424,114941.707
1776873600,2026-04-22 16:00:00,1.413,1.425,1.422,1.418,56925.358
1776877200,2026-04-22 17:00:00,1.414,1.424,1.42,1.42,80197.632
1776880800,2026-04-22 18:00:00,1.417,1.423,1.419,1.417,25708.94
1776884400,2026-04-22 19:00:00,1.406,1.419,1.418,1.415,39189.161
1776888000,2026-04-22 20:00:00,1.409,1.417,1.416,1.409,30676.285
1776891600,2026-04-22 21:00:00,1.407,1.417,1.41,1.414,28362.064
1776895200,2026-04-22 22:00:00,1.407,1.415,1.413,1.409,33871.253
1776898800,2026-04-22 23:00:00,1.4,1.409,1.409,1.403,87464.726
1776902400,2026-04-23 00:00:00,1.395,1.409,1.404,1.405,115419.507
1776906000,2026-04-23 01:00:00,1.396,1.406,1.405,1.398,38698.699
1776909600,2026-04-23 02:00:00,1.387,1.399,1.399,1.393,30924.803
1776913200,2026-04-23 03:00:00,1.376,1.396,1.394,1.381,76257.69
1776916800,2026-04-23 04:00:00,1.378,1.386,1.38,1.385,29370.605
1776920400,2026-04-23 05:00:00,1.379,1.389,1.384,1.387,55389.907
1776924000,2026-04-23 06:00:00,1.387,1.393,1.387,1.391,44492.623
1776927600,2026-04-23 07:00:00,1.384,1.392,1.391,1.385,28591.423
1776931200,2026-04-23 08:00:00,1.382,1.389,1.384,1.385,28324.915
1776934800,2026-04-23 09:00:00,1.374,1.385,1.384,1.378,43787.69
1776938400,2026-04-23 10:00:00,1.37,1.379,1.378,1.371,45979.008
1776942000,2026-04-23 11:00:00,1.371,1.39,1.371,1.389,23824.592
1776945600,2026-04-23 12:00:00,1.383,1.396,1.391,1.388,58749.395
1776949200,2026-04-23 13:00:00,1.386,1.39,1.388,1.388,30391.592
1776952800,2026-04-23 14:00:00,1.386,1.404,1.388,1.4,63144.621
1776956400,2026-04-23 15:00:00,1.398,1.411,1.4,1.41,145305.392
1776960000,2026-04-23 16:00:00,1.404,1.416,1.41,1.406,92749.347
1776963600,2026-04-23 17:00:00,1.379,1.407,1.406,1.39,142005.582
1776967200,2026-04-23 18:00:00,1.386,1.396,1.39,1.388,66121.313
1776970800,2026-04-23 19:00:00,1.386,1.397,1.388,1.394,48234.97
1776974400,2026-04-23 20:00:00,1.392,1.403,1.393,1.398,56035.859
1776978000,2026-04-23 21:00:00,1.395,1.406,1.397,1.396,46918.152
1776981600,2026-04-23 22:00:00,1.399,1.409,1.399,1.406,35942.114
1776985200,2026-04-23 23:00:00,1.402,1.408,1.406,1.407,33498.282
1776988800,2026-04-24 00:00:00,1.405,1.411,1.408,1.408,36419.203
1776992400,2026-04-24 01:00:00,1.402,1.413,1.408,1.411,56197.251
1776996000,2026-04-24 02:00:00,1.402,1.412,1.411,1.405,52055.302
1776999600,2026-04-24 03:00:00,1.398,1.406,1.404,1.406,57123.16
1777003200,2026-04-24 04:00:00,1.406,1.411,1.407,1.406,65434.408
1777006800,2026-04-24 05:00:00,1.403,1.413,1.406,1.411,25248.325
1777010400,2026-04-24 06:00:00,1.41,1.417,1.411,1.413,13474.746
1777014000,2026-04-24 07:00:00,1.406,1.414,1.413,1.41,10274.573
1777017600,2026-04-24 08:00:00,1.406,1.416,1.411,1.416,26732.917
1777021200,2026-04-24 09:00:00,1.406,1.415,1.415,1.41,31741.286
1777024800,2026-04-24 10:00:00,1.405,1.417,1.409,1.416,26668.832
1777028400,2026-04-24 11:00:00,1.416,1.424,1.417,1.421,56991.441
1777032000,2026-04-24 12:00:00,1.412,1.424,1.421,1.414,15268.073
1777035600,2026-04-24 13:00:00,1.413,1.423,1.413,1.417,16501
1777039200,2026-04-24 14:00:00,1.41,1.419,1.416,1.414,37517.35
1777042800,2026-04-24 15:00:00,1.407,1.428,1.413,1.428,102170.444
1777046400,2026-04-24 16:00:00,1.388,1.433,1.428,1.419,554225.451
1777050000,2026-04-24 17:00:00,1.412,1.421,1.418,1.415,47156.932
1777053600,2026-04-24 18:00:00,1.41,1.418,1.415,1.413,28044.916
1777057200,2026-04-24 19:00:00,1.41,1.415,1.413,1.413,25382.995
1777060800,2026-04-24 20:00:00,1.41,1.417,1.414,1.415,17136.961
1777064400,2026-04-24 21:00:00,1.409,1.419,1.415,1.409,38309.613
1777068000,2026-04-24 22:00:00,1.401,1.409,1.409,1.404,21570.167
1777071600,2026-04-24 23:00:00,1.402,1.41,1.404,1.407,30620.406
1777075200,2026-04-25 00:00:00,1.403,1.41,1.408,1.408,18972.058
1777078800,2026-04-25 01:00:00,1.403,1.411,1.408,1.407,28819.266
1777082400,2026-04-25 02:00:00,1.404,1.412,1.406,1.41,16213.912
1777086000,2026-04-25 03:00:00,1.409,1.418,1.41,1.416,7684.309
1777089600,2026-04-25 04:00:00,1.414,1.419,1.417,1.416,26000.019
1777093200,2026-04-25 05:00:00,1.411,1.417,1.416,1.417,28230.615
1777096800,2026-04-25 06:00:00,1.415,1.422,1.416,1.415,27828.314
1777100400,2026-04-25 07:00:00,1.412,1.418,1.414,1.415,24788.32
1777104000,2026-04-25 08:00:00,1.412,1.416,1.415,1.414,21232.343
1777107600,2026-04-25 09:00:00,1.412,1.418,1.414,1.415,29486.969
1777111200,2026-04-25 10:00:00,1.412,1.416,1.414,1.413,15014.971
1777114800,2026-04-25 11:00:00,1.403,1.413,1.413,1.404,46268.532
1777118400,2026-04-25 12:00:00,1.401,1.407,1.404,1.405,46430.671
1777122000,2026-04-25 13:00:00,1.404,1.408,1.405,1.405,45407.672
1777125600,2026-04-25 14:00:00,1.402,1.407,1.405,1.402,19408.08
1777129200,2026-04-25 15:00:00,1.4,1.406,1.401,1.401,26002.142
1777132800,2026-04-25 16:00:00,1.394,1.404,1.403,1.398,20802.823
1777136400,2026-04-25 17:00:00,1.388,1.398,1.398,1.391,131580.923
1777140000,2026-04-25 18:00:00,1.391,1.396,1.392,1.393,19149.628
1777143600,2026-04-25 19:00:00,1.388,1.394,1.392,1.39,14659.119
1777147200,2026-04-25 20:00:00,1.391,1.4,1.391,1.399,6202.885
1777150800,2026-04-25 21:00:00,1.394,1.403,1.4,1.394,19394.299
1777154400,2026-04-25 22:00:00,1.394,1.402,1.394,1.4,13436.463
1777158000,2026-04-25 23:00:00,1.399,1.405,1.4,1.402,13618.878
1777161600,2026-04-26 00:00:00,1.394,1.402,1.402,1.395,45438.065
1777165200,2026-04-26 01:00:00,1.391,1.395,1.394,1.391,14052.943
1777168800,2026-04-26 02:00:00,1.391,1.395,1.392,1.393,20537.156
1777172400,2026-04-26 03:00:00,1.388,1.395,1.393,1.395,32752.633
1777176000,2026-04-26 04:00:00,1.393,1.401,1.393,1.399,33327.014
1777179600,2026-04-26 05:00:00,1.397,1.41,1.4,1.405,37959.788
1777183200,2026-04-26 06:00:00,1.404,1.409,1.406,1.406,21005.178
1777186800,2026-04-26 07:00:00,1.405,1.412,1.405,1.409,16002.947
1777190400,2026-04-26 08:00:00,1.405,1.411,1.409,1.408,51479.238
1777194000,2026-04-26 09:00:00,1.407,1.414,1.408,1.411,31706.538
1777197600,2026-04-26 10:00:00,1.404,1.412,1.409,1.405,83865.833
1777201200,2026-04-26 11:00:00,1.404,1.41,1.405,1.404,23216.201
1777204800,2026-04-26 12:00:00,1.392,1.404,1.404,1.394,33370.656
1777208400,2026-04-26 13:00:00,1.389,1.397,1.394,1.389,69268.341
1777212000,2026-04-26 14:00:00,1.388,1.397,1.389,1.393,44857.716
1777215600,2026-04-26 15:00:00,1.385,1.395,1.393,1.389,21983.181
1777219200,2026-04-26 16:00:00,1.387,1.393,1.39,1.389,28832.297
1777222800,2026-04-26 17:00:00,1.384,1.389,1.389,1.387,21476.897
1777226400,2026-04-26 18:00:00,1.384,1.392,1.386,1.391,18052.851
1777230000,2026-04-26 19:00:00,1.389,1.398,1.391,1.391,63566.835
1777233600,2026-04-26 20:00:00,1.388,1.394,1.39,1.388,14875.567
1777237200,2026-04-26 21:00:00,1.381,1.397,1.388,1.396,132738.644
1777240800,2026-04-26 22:00:00,1.388,1.4,1.397,1.392,68136.066
1777244400,2026-04-26 23:00:00,1.391,1.397,1.392,1.395,11048.713
1777248000,2026-04-27 00:00:00,1.393,1.406,1.396,1.406,55053.559
1777251600,2026-04-27 01:00:00,1.399,1.413,1.407,1.411,112597.27
1777255200,2026-04-27 02:00:00,1.403,1.412,1.412,1.409,73513.961
1777258800,2026-04-27 03:00:00,1.404,1.411,1.41,1.404,18688.329
1777262400,2026-04-27 04:00:00,1.394,1.405,1.405,1.398,65973.531
1777266000,2026-04-27 05:00:00,1.372,1.398,1.398,1.376,104404.305
1777269600,2026-04-27 06:00:00,1.369,1.382,1.375,1.372,46035.238
1777273200,2026-04-27 07:00:00,1.368,1.373,1.372,1.37,33071.302
1777276800,2026-04-27 08:00:00,1.367,1.373,1.37,1.372,64916.011
1777280400,2026-04-27 09:00:00,1.371,1.381,1.372,1.375,44435.739
1777284000,2026-04-27 10:00:00,1.375,1.381,1.376,1.375,48721.062
1777287600,2026-04-27 11:00:00,1.373,1.38,1.374,1.379,14294.813
1777291200,2026-04-27 12:00:00,1.366,1.379,1.379,1.369,60997.442
1777294800,2026-04-27 13:00:00,1.366,1.373,1.37,1.37,41201.991
1777298400,2026-04-27 14:00:00,1.368,1.377,1.37,1.369,62641.713
1777302000,2026-04-27 15:00:00,1.346,1.369,1.369,1.347,115629.017
1777305600,2026-04-27 16:00:00,1.344,1.354,1.346,1.353,116392.967
1777309200,2026-04-27 17:00:00,1.351,1.359,1.353,1.352,82883.652
1777312800,2026-04-27 18:00:00,1.35,1.355,1.351,1.353,14170.299
1777316400,2026-04-27 19:00:00,1.34,1.353,1.353,1.345,27391.013
1777320000,2026-04-27 20:00:00,1.346,1.351,1.346,1.349,10029.69
1777323600,2026-04-27 21:00:00,1.348,1.359,1.349,1.355,11712.6
1777327200,2026-04-27 22:00:00,1.353,1.359,1.353,1.359,10928.56
1777330800,2026-04-27 23:00:00,1.356,1.365,1.358,1.364,20946.946
1777334400,2026-04-28 00:00:00,1.358,1.364,1.363,1.36,36648.74
1777338000,2026-04-28 01:00:00,1.357,1.363,1.359,1.36,47635.134
1777341600,2026-04-28 02:00:00,1.352,1.363,1.359,1.357,93344.962
1777345200,2026-04-28 03:00:00,1.355,1.361,1.357,1.359,20761.131
1777348800,2026-04-28 04:00:00,1.357,1.365,1.359,1.361,40786.525
1777352400,2026-04-28 05:00:00,1.361,1.366,1.361,1.361,23523.707
1777356000,2026-04-28 06:00:00,1.352,1.362,1.36,1.354,40921.551
1777359600,2026-04-28 07:00:00,1.346,1.354,1.354,1.351,41595.98
1777363200,2026-04-28 08:00:00,1.347,1.355,1.351,1.349,22882.015
1777366800,2026-04-28 09:00:00,1.346,1.35,1.348,1.35,16289.797
1777370400,2026-04-28 10:00:00,1.348,1.352,1.35,1.351,6475.165
1777374000,2026-04-28 11:00:00,1.343,1.351,1.35,1.346,84118.399
1777377600,2026-04-28 12:00:00,1.345,1.352,1.346,1.35,47817.527
1777381200,2026-04-28 13:00:00,1.346,1.36,1.35,1.355,62257.091
1777384800,2026-04-28 14:00:00,1.343,1.355,1.355,1.355,62611.09
1777388400,2026-04-28 15:00:00,1.321,1.358,1.356,1.331,1186697.887
1777392000,2026-04-28 16:00:00,1.33,1.339,1.33,1.337,81426.79
1777395600,2026-04-28 17:00:00,1.332,1.344,1.336,1.339,36036.358
1777399200,2026-04-28 18:00:00,1.339,1.348,1.34,1.348,40687.637
1777402800,2026-04-28 19:00:00,1.346,1.353,1.348,1.35,44126.851
1777406400,2026-04-28 20:00:00,1.345,1.352,1.35,1.347,37134.753
1777410000,2026-04-28 21:00:00,1.345,1.351,1.347,1.348,36190.719
1777413600,2026-04-28 22:00:00,1.345,1.352,1.349,1.346,36769.171
1777417200,2026-04-28 23:00:00,1.343,1.347,1.344,1.345,43987.326
1777420800,2026-04-29 00:00:00,1.346,1.352,1.347,1.35,30334.938
1777424400,2026-04-29 01:00:00,1.344,1.352,1.351,1.35,34888.604
1777428000,2026-04-29 02:00:00,1.348,1.352,1.35,1.352,38484.05
1777431600,2026-04-29 03:00:00,1.352,1.364,1.352,1.364,51357.29
1777435200,2026-04-29 04:00:00,1.363,1.373,1.364,1.371,47503.07
1777438800,2026-04-29 05:00:00,1.367,1.371,1.371,1.37,31066.626
1777442400,2026-04-29 06:00:00,1.361,1.372,1.37,1.363,23469.676
1777446000,2026-04-29 07:00:00,1.361,1.366,1.363,1.361,18128.693
1777449600,2026-04-29 08:00:00,1.355,1.362,1.362,1.355,29520.676
1777453200,2026-04-29 09:00:00,1.355,1.371,1.356,1.37,98788.502
1777456800,2026-04-29 10:00:00,1.358,1.373,1.369,1.36,85461.428
1777460400,2026-04-29 11:00:00,1.354,1.361,1.358,1.355,53031.175
1777464000,2026-04-29 12:00:00,1.345,1.357,1.356,1.352,139841.757
1777467600,2026-04-29 13:00:00,1.339,1.354,1.352,1.344,78572.315
1777471200,2026-04-29 14:00:00,1.338,1.349,1.343,1.341,85046.063
1777474800,2026-04-29 15:00:00,1.316,1.341,1.341,1.317,94906.368
1777478400,2026-04-29 16:00:00,1.317,1.327,1.317,1.32,198069.866
1777482000,2026-04-29 17:00:00,1.318,1.326,1.32,1.326,47123.721
1777485600,2026-04-29 18:00:00,1.293,1.327,1.327,1.317,180958.368
1777489200,2026-04-29 19:00:00,1.306,1.315,1.315,1.311,88394.56
1777492800,2026-04-29 20:00:00,1.312,1.323,1.313,1.319,54589.309
1777496400,2026-04-29 21:00:00,1.317,1.326,1.319,1.321,24508.428
1777500000,2026-04-29 22:00:00,1.321,1.328,1.324,1.322,21349.148
1777503600,2026-04-29 23:00:00,1.321,1.328,1.322,1.326,26774.688
1777507200,2026-04-30 00:00:00,1.327,1.338,1.328,1.337,27703.559
1777510800,2026-04-30 01:00:00,1.333,1.341,1.336,1.339,39045.826
1777514400,2026-04-30 02:00:00,1.321,1.34,1.339,1.324,49097.638
1777518000,2026-04-30 03:00:00,1.323,1.331,1.324,1.328,49225.871
1777521600,2026-04-30 04:00:00,1.317,1.328,1.327,1.318,42331.821
1777525200,2026-04-30 05:00:00,1.315,1.323,1.319,1.32,44195.726
1777528800,2026-04-30 06:00:00,1.318,1.324,1.32,1.32,30730.831
1777532400,2026-04-30 07:00:00,1.321,1.329,1.321,1.328,34161.868
1777536000,2026-04-30 08:00:00,1.323,1.33,1.328,1.323,37656.766
1777539600,2026-04-30 09:00:00,1.323,1.331,1.323,1.327,42848.503
1777543200,2026-04-30 10:00:00,1.32,1.327,1.326,1.32,40107.933
1777546800,2026-04-30 11:00:00,1.318,1.326,1.32,1.324,64865.2
1777550400,2026-04-30 12:00:00,1.32,1.329,1.325,1.32,67089.665
1777554000,2026-04-30 13:00:00,1.317,1.323,1.321,1.318,39335.819
1777557600,2026-04-30 14:00:00,1.309,1.32,1.318,1.31,271431.036
1777561200,2026-04-30 15:00:00,1.306,1.314,1.31,1.311,84568.169
1777564800,2026-04-30 16:00:00,1.309,1.313,1.311,1.309,20988.192
1777568400,2026-04-30 17:00:00,1.305,1.311,1.309,1.307,44223.196
1777572000,2026-04-30 18:00:00,1.302,1.309,1.307,1.302,44659.92
1777575600,2026-04-30 19:00:00,1.301,1.307,1.301,1.304,16092.071
1777579200,2026-04-30 20:00:00,1.299,1.303,1.303,1.301,27332.553
1777582800,2026-04-30 21:00:00,1.299,1.304,1.302,1.3,29234.651
1777586400,2026-04-30 22:00:00,1.292,1.302,1.301,1.293,32597.162
1777590000,2026-04-30 23:00:00,1.289,1.298,1.292,1.298,23652.717
1777593600,2026-05-01 00:00:00,1.297,1.302,1.299,1.299,27067.671
1777597200,2026-05-01 01:00:00,1.293,1.3,1.298,1.298,38290.262
1777600800,2026-05-01 02:00:00,1.294,1.301,1.298,1.3,29456.907
1777604400,2026-05-01 03:00:00,1.3,1.319,1.3,1.309,56692.933
1777608000,2026-05-01 04:00:00,1.303,1.312,1.311,1.303,47323.281
1777611600,2026-05-01 05:00:00,1.299,1.307,1.302,1.299,16885.767
1777615200,2026-05-01 06:00:00,1.295,1.302,1.3,1.298,23518.608
1777618800,2026-05-01 07:00:00,1.294,1.298,1.297,1.297,15829.307
1777622400,2026-05-01 08:00:00,1.296,1.301,1.297,1.3,35957.706
1777626000,2026-05-01 09:00:00,1.296,1.3,1.3,1.298,24423.385
1777629600,2026-05-01 10:00:00,1.294,1.299,1.298,1.299,26481.111
1777633200,2026-05-01 11:00:00,1.293,1.301,1.298,1.298,21272.479
1777636800,2026-05-01 12:00:00,1.297,1.311,1.297,1.303,153251.794
1777640400,2026-05-01 13:00:00,1.299,1.311,1.304,1.31,183565.431
1777644000,2026-05-01 14:00:00,1.297,1.312,1.31,1.301,79947.17
1777647600,2026-05-01 15:00:00,1.287,1.305,1.3,1.295,111854.687
1777651200,2026-05-01 16:00:00,1.286,1.297,1.296,1.29,149875.746
1777654800,2026-05-01 17:00:00,1.283,1.29,1.29,1.288,38681.188
1777658400,2026-05-01 18:00:00,1.285,1.293,1.288,1.293,24222.298
1777662000,2026-05-01 19:00:00,1.29,1.296,1.293,1.293,61704.974
1777665600,2026-05-01 20:00:00,1.287,1.293,1.293,1.29,108357.399
1777669200,2026-05-01 21:00:00,1.285,1.291,1.29,1.286,33123.98
1777672800,2026-05-01 22:00:00,1.284,1.29,1.287,1.287,37897.045
1777676400,2026-05-01 23:00:00,1.279,1.289,1.287,1.289,51916.93
1777680000,2026-05-02 00:00:00,1.286,1.293,1.289,1.291,10103.729
1777683600,2026-05-02 01:00:00,1.29,1.299,1.291,1.296,42231.647
1777687200,2026-05-02 02:00:00,1.294,1.298,1.296,1.296,13103.04
1777690800,2026-05-02 03:00:00,1.293,1.3,1.296,1.297,18548.19
1777694400,2026-05-02 04:00:00,1.29,1.299,1.297,1.291,15735.743
1777698000,2026-05-02 05:00:00,1.286,1.294,1.291,1.288,27701.765
1777701600,2026-05-02 06:00:00,1.287,1.293,1.287,1.292,16715.956
1777705200,2026-05-02 07:00:00,1.288,1.293,1.293,1.288,7107.232
1777708800,2026-05-02 08:00:00,1.287,1.295,1.288,1.293,13576.71
1777712400,2026-05-02 09:00:00,1.289,1.296,1.294,1.291,60490.672
1777716000,2026-05-02 10:00:00,1.288,1.291,1.291,1.288,10570.205
1777719600,2026-05-02 11:00:00,1.276,1.289,1.288,1.281,102472.027
1777723200,2026-05-02 12:00:00,1.279,1.283,1.28,1.28,33624.099
1777726800,2026-05-02 13:00:00,1.278,1.283,1.28,1.281,63576.612
1777730400,2026-05-02 14:00:00,1.28,1.284,1.282,1.283,35843.998
1777734000,2026-05-02 15:00:00,1.281,1.288,1.283,1.287,22942.753
1777737600,2026-05-02 16:00:00,1.287,1.292,1.287,1.291,15364.146
1777741200,2026-05-02 17:00:00,1.288,1.292,1.291,1.29,14894.399
1777744800,2026-05-02 18:00:00,1.288,1.299,1.291,1.297,19122.005
1777748400,2026-05-02 19:00:00,1.29,1.3,1.297,1.291,75105.816
1777752000,2026-05-02 20:00:00,1.29,1.296,1.291,1.293,26121.059
1777755600,2026-05-02 21:00:00,1.291,1.303,1.292,1.299,53968.805
1777759200,2026-05-02 22:00:00,1.297,1.304,1.302,1.299,8409.524
1777762800,2026-05-02 23:00:00,1.294,1.303,1.299,1.301,128668.425
1777766400,2026-05-03 00:00:00,1.296,1.303,1.301,1.299,77307.511
1777770000,2026-05-03 01:00:00,1.289,1.298,1.298,1.29,20461.942
1777773600,2026-05-03 02:00:00,1.28,1.292,1.292,1.284,24358.347
1777777200,2026-05-03 03:00:00,1.277,1.286,1.283,1.279,21541.369
1777780800,2026-05-03 04:00:00,1.279,1.287,1.28,1.283,19718.206
1777784400,2026-05-03 05:00:00,1.274,1.284,1.284,1.277,23671.063
1777788000,2026-05-03 06:00:00,1.275,1.284,1.276,1.279,44858.478
1777791600,2026-05-03 07:00:00,1.279,1.285,1.28,1.279,26865.43
1777795200,2026-05-03 08:00:00,1.273,1.282,1.279,1.273,18692.865
1777798800,2026-05-03 09:00:00,1.27,1.277,1.274,1.276,31140.736
1777802400,2026-05-03 10:00:00,1.268,1.277,1.277,1.268,16707.989
1777806000,2026-05-03 11:00:00,1.269,1.283,1.269,1.277,82191.912
1777809600,2026-05-03 12:00:00,1.275,1.283,1.277,1.279,32356.221
1777813200,2026-05-03 13:00:00,1.27,1.279,1.279,1.271,20117.927
1777816800,2026-05-03 14:00:00,1.268,1.273,1.271,1.272,26819.44
1777820400,2026-05-03 15:00:00,1.271,1.277,1.273,1.274,55567.634
1777824000,2026-05-03 16:00:00,1.271,1.275,1.274,1.274,23826.996
1777827600,2026-05-03 17:00:00,1.27,1.275,1.273,1.271,11788.175
1777831200,2026-05-03 18:00:00,1.271,1.278,1.272,1.274,27922.937
1777834800,2026-05-03 19:00:00,1.274,1.279,1.274,1.278,17320.296
1777838400,2026-05-03 20:00:00,1.277,1.285,1.279,1.279,69875.223
1777842000,2026-05-03 21:00:00,1.268,1.285,1.281,1.274,66094.217
1777845600,2026-05-03 22:00:00,1.274,1.284,1.274,1.279,61432.984
1777849200,2026-05-03 23:00:00,1.273,1.279,1.279,1.273,32618.396
1777852800,2026-05-04 00:00:00,1.262,1.273,1.273,1.272,34583.023
1777856400,2026-05-04 01:00:00,1.263,1.284,1.271,1.284,86411.21
1777860000,2026-05-04 02:00:00,1.281,1.299,1.284,1.297,142828.631
1777863600,2026-05-04 03:00:00,1.29,1.3,1.297,1.296,67143.55
1777867200,2026-05-04 04:00:00,1.296,1.311,1.297,1.304,67908.188
1777870800,2026-05-04 05:00:00,1.294,1.305,1.305,1.297,61146.469
1777874400,2026-05-04 06:00:00,1.281,1.298,1.298,1.288,55450.98
1777878000,2026-05-04 07:00:00,1.282,1.291,1.288,1.282,33758.077
1777881600,2026-05-04 08:00:00,1.273,1.284,1.282,1.273,47324.829
1777885200,2026-05-04 09:00:00,1.272,1.286,1.273,1.284,100582.962
1777888800,2026-05-04 10:00:00,1.246,1.284,1.284,1.252,120388.092
1777892400,2026-05-04 11:00:00,1.246,1.257,1.254,1.252,50267.729
1777896000,2026-05-04 12:00:00,1.251,1.26,1.251,1.253,46010.746
1777899600,2026-05-04 13:00:00,1.249,1.258,1.253,1.252,64302.083
1777903200,2026-05-04 14:00:00,1.247,1.282,1.252,1.282,104306.148
1777906800,2026-05-04 15:00:00,1.263,1.282,1.282,1.268,131603.304
1777910400,2026-05-04 16:00:00,1.261,1.273,1.271,1.263,60405.304
1777914000,2026-05-04 17:00:00,1.263,1.283,1.263,1.277,58054.983
1777917600,2026-05-04 18:00:00,1.275,1.282,1.277,1.281,28774.272
1777921200,2026-05-04 19:00:00,1.272,1.281,1.281,1.276,15376.075
1777924800,2026-05-04 20:00:00,1.267,1.275,1.274,1.269,94879.429
1777928400,2026-05-04 21:00:00,1.271,1.287,1.271,1.279,32245.363
1777932000,2026-05-04 22:00:00,1.257,1.287,1.281,1.261,152843.086
1777935600,2026-05-04 23:00:00,1.257,1.264,1.26,1.262,43839.896
1777939200,2026-05-05 00:00:00,1.258,1.266,1.263,1.261,50893.051
1777942800,2026-05-05 01:00:00,1.257,1.268,1.261,1.259,70620.308
1777946400,2026-05-05 02:00:00,1.258,1.27,1.259,1.266,80635.707
1777950000,2026-05-05 03:00:00,1.264,1.275,1.267,1.269,35257.406
1777953600,2026-05-05 04:00:00,1.269,1.279,1.269,1.271,41657.938
1777957200,2026-05-05 05:00:00,1.272,1.279,1.272,1.276,10606.865
1777960800,2026-05-05 06:00:00,1.271,1.278,1.277,1.276,22374.105
1777964400,2026-05-05 07:00:00,1.271,1.28,1.276,1.272,18275.738
1777968000,2026-05-05 08:00:00,1.269,1.279,1.273,1.272,39865.293
1777971600,2026-05-05 09:00:00,1.27,1.274,1.271,1.274,9429.579
1777975200,2026-05-05 10:00:00,1.27,1.281,1.273,1.278,21948.157
1777978800,2026-05-05 11:00:00,1.271,1.28,1.276,1.279,16056.685
1777982400,2026-05-05 12:00:00,1.276,1.293,1.279,1.289,87633.699
1777986000,2026-05-05 13:00:00,1.285,1.295,1.29,1.286,55776.551
1777989600,2026-05-05 14:00:00,1.275,1.291,1.284,1.28,98989.021
1777993200,2026-05-05 15:00:00,1.273,1.284,1.28,1.274,75057.922
1777996800,2026-05-05 16:00:00,1.266,1.279,1.274,1.271,52121.717
1778000400,2026-05-05 17:00:00,1.264,1.272,1.269,1.269,54144.337
1778004000,2026-05-05 18:00:00,1.268,1.277,1.269,1.274,18864.566
1778007600,2026-05-05 19:00:00,1.273,1.291,1.273,1.291,37001.199
1778011200,2026-05-05 20:00:00,1.29,1.308,1.292,1.307,42227.066
1778014800,2026-05-05 21:00:00,1.303,1.318,1.306,1.309,95687.693
1778018400,2026-05-05 22:00:00,1.295,1.315,1.312,1.301,89404.231
1778022000,2026-05-05 23:00:00,1.288,1.304,1.302,1.296,40721.156
1778025600,2026-05-06 00:00:00,1.289,1.298,1.296,1.295,66685.413
1778029200,2026-05-06 01:00:00,1.292,1.316,1.292,1.309,78156.777
1778032800,2026-05-06 02:00:00,1.297,1.309,1.309,1.307,19404.285
1778036400,2026-05-06 03:00:00,1.305,1.321,1.307,1.318,59094.14
1778040000,2026-05-06 04:00:00,1.309,1.322,1.318,1.311,55624.486
1778043600,2026-05-06 05:00:00,1.308,1.325,1.31,1.324,107345.306
1778047200,2026-05-06 06:00:00,1.31,1.325,1.324,1.321,78133.587
1778050800,2026-05-06 07:00:00,1.32,1.359,1.321,1.359,191075.029
1778054400,2026-05-06 08:00:00,1.358,1.43,1.36,1.427,396046.093
1778058000,2026-05-06 09:00:00,1.401,1.433,1.427,1.41,182850.978
1778061600,2026-05-06 10:00:00,1.405,1.456,1.41,1.443,379187.576
1778065200,2026-05-06 11:00:00,1.445,1.483,1.445,1.483,378100.22
1778068800,2026-05-06 12:00:00,1.47,1.504,1.483,1.498,1035254.415
1778072400,2026-05-06 13:00:00,1.452,1.497,1.495,1.466,377328.141
1778076000,2026-05-06 14:00:00,1.431,1.476,1.464,1.47,278945.893
1778079600,2026-05-06 15:00:00,1.452,1.516,1.47,1.509,359456.88
1778083200,2026-05-06 16:00:00,1.493,1.523,1.509,1.52,238970.65
1778086800,2026-05-06 17:00:00,1.501,1.527,1.522,1.507,176091.054
1778090400,2026-05-06 18:00:00,1.497,1.519,1.507,1.498,128270.969
1778094000,2026-05-06 19:00:00,1.495,1.513,1.498,1.504,144246.415
1778097600,2026-05-06 20:00:00,1.5,1.524,1.505,1.517,232592.631
1778101200,2026-05-06 21:00:00,1.505,1.546,1.517,1.528,397210.043
1778104800,2026-05-06 22:00:00,1.485,1.527,1.527,1.487,286748.444
1778108400,2026-05-06 23:00:00,1.477,1.496,1.485,1.488,150582.691
1778112000,2026-05-07 00:00:00,1.476,1.501,1.489,1.491,123539.847
1778115600,2026-05-07 01:00:00,1.464,1.49,1.49,1.47,157475.852
1778119200,2026-05-07 02:00:00,1.465,1.488,1.469,1.485,132708.913
1778122800,2026-05-07 03:00:00,1.478,1.5,1.485,1.487,273998.543
1778126400,2026-05-07 04:00:00,1.481,1.496,1.487,1.489,107525.005
1778130000,2026-05-07 05:00:00,1.488,1.513,1.488,1.502,151780.323
1778133600,2026-05-07 06:00:00,1.486,1.529,1.504,1.527,117523.979
1778137200,2026-05-07 07:00:00,1.495,1.528,1.527,1.504,171637.168
1778140800,2026-05-07 08:00:00,1.475,1.504,1.504,1.476,81994.853
1778144400,2026-05-07 09:00:00,1.467,1.481,1.476,1.475,42506.545
1778148000,2026-05-07 10:00:00,1.466,1.483,1.474,1.475,40970.06
1778151600,2026-05-07 11:00:00,1.472,1.481,1.475,1.473,49444.657
1778155200,2026-05-07 12:00:00,1.475,1.498,1.475,1.496,60300.944
1778158800,2026-05-07 13:00:00,1.49,1.504,1.496,1.498,171142.527
1778162400,2026-05-07 14:00:00,1.472,1.501,1.496,1.48,188555.142
1778166000,2026-05-07 15:00:00,1.467,1.488,1.478,1.482,174463.207
1778169600,2026-05-07 16:00:00,1.469,1.485,1.482,1.478,274656.687
1778173200,2026-05-07 17:00:00,1.475,1.489,1.478,1.487,143084.502
1778176800,2026-05-07 18:00:00,1.46,1.492,1.486,1.469,180884.77
1778180400,2026-05-07 19:00:00,1.456,1.471,1.47,1.459,164019.163
1778184000,2026-05-07 20:00:00,1.455,1.471,1.459,1.455,213327.42
1778187600,2026-05-07 21:00:00,1.453,1.472,1.455,1.459,125041.534
1778191200,2026-05-07 22:00:00,1.451,1.467,1.459,1.461,166051.454
1778194800,2026-05-07 23:00:00,1.46,1.47,1.46,1.47,27400.702
1778198400,2026-05-08 00:00:00,1.466,1.477,1.47,1.471,40490.253
1778202000,2026-05-08 01:00:00,1.468,1.536,1.472,1.536,17677.558
1778223600,2026-05-08 07:00:00,1.527,1.536,1.535,1.534,11414.011
1778227200,2026-05-08 08:00:00,1.513,1.55,1.534,1.545,129119.398
1778230800,2026-05-08 09:00:00,1.536,1.577,1.544,1.558,258921.094
1778234400,2026-05-08 10:00:00,1.549,1.581,1.558,1.557,271638.295
1778238000,2026-05-08 11:00:00,1.547,1.569,1.557,1.551,92209.978
1778241600,2026-05-08 12:00:00,1.539,1.565,1.551,1.544,92193.487
1778245200,2026-05-08 13:00:00,1.523,1.544,1.544,1.54,49731.27
1778248800,2026-05-08 14:00:00,1.537,1.584,1.54,1.574,96846.409
1778252400,2026-05-08 15:00:00,1.562,1.59,1.574,1.582,174735.219
1778256000,2026-05-08 16:00:00,1.561,1.583,1.582,1.569,108226.965
1778259600,2026-05-08 17:00:00,1.536,1.574,1.57,1.545,277447.318
1778263200,2026-05-08 18:00:00,1.544,1.57,1.544,1.567,107178.762
1778266800,2026-05-08 19:00:00,1.565,1.575,1.566,1.57,97970.03
1778270400,2026-05-08 20:00:00,1.566,1.59,1.571,1.577,72398.907
1778274000,2026-05-08 21:00:00,1.572,1.605,1.575,1.573,153630.005
1778277600,2026-05-08 22:00:00,1.568,1.593,1.574,1.593,118339.97
1778281200,2026-05-08 23:00:00,1.581,1.598,1.593,1.597,69545.445
1778284800,2026-05-09 00:00:00,1.585,1.613,1.597,1.594,115183.773
1778288400,2026-05-09 01:00:00,1.578,1.617,1.594,1.604,123253.547
1778292000,2026-05-09 02:00:00,1.589,1.618,1.606,1.593,100358.803
1778295600,2026-05-09 03:00:00,1.583,1.607,1.593,1.599,64604.167
1778299200,2026-05-09 04:00:00,1.573,1.604,1.6,1.574,64202.747
1778302800,2026-05-09 05:00:00,1.571,1.596,1.573,1.595,67163.152
1778306400,2026-05-09 06:00:00,1.575,1.612,1.595,1.579,247331.658
1778310000,2026-05-09 07:00:00,1.567,1.58,1.58,1.574,55406.792
1778313600,2026-05-09 08:00:00,1.572,1.59,1.574,1.584,87145.054
1778317200,2026-05-09 09:00:00,1.564,1.587,1.584,1.57,149465.499
1778320800,2026-05-09 10:00:00,1.564,1.58,1.569,1.58,95306.658
1778324400,2026-05-09 11:00:00,1.579,1.59,1.579,1.588,98401.318
1778328000,2026-05-09 12:00:00,1.572,1.592,1.588,1.574,86356.051
1778331600,2026-05-09 13:00:00,1.558,1.578,1.573,1.566,191198.185
1778335200,2026-05-09 14:00:00,1.555,1.567,1.566,1.557,123125.075
1778338800,2026-05-09 15:00:00,1.551,1.562,1.557,1.557,84407.987
1778342400,2026-05-09 16:00:00,1.551,1.562,1.556,1.555,102865.198
1778346000,2026-05-09 17:00:00,1.551,1.568,1.553,1.565,153085.947
1778349600,2026-05-09 18:00:00,1.557,1.576,1.564,1.558,62802.742
1778353200,2026-05-09 19:00:00,1.551,1.562,1.558,1.56,34913.016
1778356800,2026-05-09 20:00:00,1.556,1.564,1.561,1.557,24596.04
1778360400,2026-05-09 21:00:00,1.556,1.564,1.558,1.564,30921.703
1778364000,2026-05-09 22:00:00,1.561,1.573,1.563,1.564,77856.111
1778367600,2026-05-09 23:00:00,1.562,1.569,1.564,1.568,50792.735
1778371200,2026-05-10 00:00:00,1.55,1.567,1.567,1.555,98829.959
1778374800,2026-05-10 01:00:00,1.545,1.557,1.555,1.549,56103.409
1778378400,2026-05-10 02:00:00,1.546,1.561,1.55,1.553,49222.893
1778382000,2026-05-10 03:00:00,1.553,1.565,1.553,1.556,38409.469
1778385600,2026-05-10 04:00:00,1.552,1.559,1.554,1.554,48263.977
1778389200,2026-05-10 05:00:00,1.549,1.556,1.553,1.553,28707.803
1778392800,2026-05-10 06:00:00,1.551,1.56,1.553,1.553,30866.824
1778396400,2026-05-10 07:00:00,1.553,1.573,1.553,1.563,37596.724
1778400000,2026-05-10 08:00:00,1.563,1.58,1.563,1.576,73719.376
1778403600,2026-05-10 09:00:00,1.565,1.58,1.577,1.567,43056.07
1778407200,2026-05-10 10:00:00,1.564,1.573,1.567,1.567,49475.183
1778410800,2026-05-10 11:00:00,1.562,1.571,1.567,1.563,30275.101
1778414400,2026-05-10 12:00:00,1.561,1.574,1.562,1.572,110053.813
1778418000,2026-05-10 13:00:00,1.567,1.583,1.571,1.581,127660.881
1778421600,2026-05-10 14:00:00,1.568,1.585,1.58,1.57,86273.415
1778425200,2026-05-10 15:00:00,1.569,1.58,1.57,1.58,72618.201
1778428800,2026-05-10 16:00:00,1.576,1.587,1.579,1.585,134811.755
1778432400,2026-05-10 17:00:00,1.581,1.599,1.586,1.597,199337.202
1778436000,2026-05-10 18:00:00,1.591,1.606,1.598,1.605,135149.189
1778439600,2026-05-10 19:00:00,1.599,1.626,1.606,1.623,190702.748
1778443200,2026-05-10 20:00:00,1.538,1.631,1.623,1.549,436376.333
1778446800,2026-05-10 21:00:00,1.539,1.561,1.549,1.541,81023.97
1778450400,2026-05-10 22:00:00,1.54,1.588,1.54,1.582,197468.385
1778454000,2026-05-10 23:00:00,1.562,1.59,1.582,1.565,179422.902
1778457600,2026-05-11 00:00:00,1.547,1.57,1.565,1.552,102852.185
1778461200,2026-05-11 01:00:00,1.543,1.558,1.554,1.55,72134.704
1778464800,2026-05-11 02:00:00,1.527,1.552,1.55,1.531,159725.463
1778468400,2026-05-11 03:00:00,1.521,1.534,1.533,1.528,117722.062
1778472000,2026-05-11 04:00:00,1.516,1.53,1.528,1.528,111323.632
1778475600,2026-05-11 05:00:00,1.528,1.544,1.529,1.542,34853.46
1778479200,2026-05-11 06:00:00,1.538,1.548,1.542,1.54,40857.007
1778482800,2026-05-11 07:00:00,1.534,1.564,1.539,1.56,86037.131
1778486400,2026-05-11 08:00:00,1.546,1.562,1.562,1.55,89384.327
1778490000,2026-05-11 09:00:00,1.544,1.557,1.55,1.552,67189.097
1778493600,2026-05-11 10:00:00,1.552,1.573,1.552,1.56,59749.621
1778497200,2026-05-11 11:00:00,1.54,1.563,1.561,1.543,81769.841
1778500800,2026-05-11 12:00:00,1.538,1.552,1.545,1.539,44590.06
1778504400,2026-05-11 13:00:00,1.519,1.542,1.54,1.522,91816.617
1778508000,2026-05-11 14:00:00,1.511,1.542,1.524,1.515,225673.719
1778511600,2026-05-11 15:00:00,1.51,1.527,1.515,1.52,123919.756
1778515200,2026-05-11 16:00:00,1.518,1.53,1.522,1.523,109471.396
1778518800,2026-05-11 17:00:00,1.518,1.533,1.523,1.53,62602.649
1778522400,2026-05-11 18:00:00,1.526,1.548,1.53,1.542,146517.749
1778526000,2026-05-11 19:00:00,1.539,1.555,1.543,1.552,110941.584
1778529600,2026-05-11 20:00:00,1.545,1.56,1.551,1.555,99982.398
1778533200,2026-05-11 21:00:00,1.547,1.559,1.555,1.548,26791.679
1778536800,2026-05-11 22:00:00,1.546,1.556,1.548,1.551,48729.416
1778540400,2026-05-11 23:00:00,1.537,1.551,1.549,1.547,43622.684
1778544000,2026-05-12 00:00:00,1.534,1.547,1.547,1.539,69129.168
1778547600,2026-05-12 01:00:00,1.506,1.541,1.54,1.513,68560.501
1778551200,2026-05-12 02:00:00,1.511,1.528,1.513,1.528,83268.13
1778554800,2026-05-12 03:00:00,1.518,1.529,1.527,1.521,38195.578
1778558400,2026-05-12 04:00:00,1.519,1.543,1.521,1.536,68805.517
1778562000,2026-05-12 05:00:00,1.536,1.545,1.536,1.541,35638.847
1778565600,2026-05-12 06:00:00,1.539,1.556,1.539,1.554,73311.395
1778569200,2026-05-12 07:00:00,1.541,1.587,1.555,1.58,250919.925
1778572800,2026-05-12 08:00:00,1.537,1.581,1.581,1.566,310237.476
1778576400,2026-05-12 09:00:00,1.565,1.592,1.565,1.586,210879.258
1778580000,2026-05-12 10:00:00,1.557,1.605,1.586,1.575,280998.132
1778583600,2026-05-12 11:00:00,1.54,1.575,1.575,1.552,171798.659
1778587200,2026-05-12 12:00:00,1.528,1.567,1.552,1.555,238921.364
1778590800,2026-05-12 13:00:00,1.529,1.561,1.554,1.529,165933.12
1778594400,2026-05-12 14:00:00,1.514,1.551,1.53,1.544,197106.637
1778598000,2026-05-12 15:00:00,1.543,1.575,1.545,1.548,265469.435
1778601600,2026-05-12 16:00:00,1.525,1.563,1.547,1.536,251189.745
1778605200,2026-05-12 17:00:00,1.535,1.594,1.536,1.583,331473.403
1778608800,2026-05-12 18:00:00,1.57,1.635,1.582,1.622,502632.307
1778612400,2026-05-12 19:00:00,1.58,1.642,1.621,1.601,457991.484
1778616000,2026-05-12 20:00:00,1.601,1.636,1.601,1.634,250745.111
1778619600,2026-05-12 21:00:00,1.606,1.66,1.634,1.612,355015.318
1778623200,2026-05-12 22:00:00,1.601,1.623,1.611,1.615,130948.435
1778626800,2026-05-12 23:00:00,1.594,1.649,1.616,1.609,287293.796
1778630400,2026-05-13 00:00:00,1.602,1.634,1.609,1.627,228238.952
1778634000,2026-05-13 01:00:00,1.626,1.685,1.626,1.668,501871.697
1778637600,2026-05-13 02:00:00,1.652,1.682,1.668,1.678,218325.603
1778641200,2026-05-13 03:00:00,1.66,1.693,1.677,1.687,602926.737
1778644800,2026-05-13 04:00:00,1.653,1.687,1.686,1.656,262854.234
1778648400,2026-05-13 05:00:00,1.634,1.661,1.656,1.639,302406.841
1778652000,2026-05-13 06:00:00,1.621,1.651,1.638,1.631,285244.185
1778655600,2026-05-13 07:00:00,1.609,1.647,1.63,1.62,340832.808
1778659200,2026-05-13 08:00:00,1.605,1.632,1.619,1.618,230924.393
1778662800,2026-05-13 09:00:00,1.594,1.623,1.617,1.62,395219.721
1778666400,2026-05-13 10:00:00,1.613,1.628,1.62,1.614,114748.933
1778670000,2026-05-13 11:00:00,1.585,1.632,1.616,1.594,226795.424
1778673600,2026-05-13 12:00:00,1.566,1.596,1.593,1.589,420266.661
1778677200,2026-05-13 13:00:00,1.573,1.6,1.59,1.58,372430.105
1778680800,2026-05-13 14:00:00,1.575,1.597,1.58,1.584,307636.906
1778684400,2026-05-13 15:00:00,1.549,1.586,1.585,1.552,392960.951
1778688000,2026-05-13 16:00:00,1.553,1.586,1.554,1.584,278905.851
1778691600,2026-05-13 17:00:00,1.581,1.61,1.585,1.581,560025.566
1778695200,2026-05-13 18:00:00,1.579,1.619,1.581,1.602,333244.36
1778698800,2026-05-13 19:00:00,1.58,1.604,1.604,1.586,339988.318
1778702400,2026-05-13 20:00:00,1.58,1.594,1.586,1.581,134094.159
1778706000,2026-05-13 21:00:00,1.556,1.582,1.581,1.565,188725.038
1778709600,2026-05-13 22:00:00,1.561,1.575,1.566,1.575,242005.021
1778713200,2026-05-13 23:00:00,1.57,1.581,1.576,1.573,90260.452
1778716800,2026-05-14 00:00:00,1.573,1.592,1.574,1.588,121027.307
1778720400,2026-05-14 01:00:00,1.586,1.609,1.587,1.604,218957.286
1778724000,2026-05-14 02:00:00,1.56,1.62,1.604,1.563,375176.867
1778727600,2026-05-14 03:00:00,1.539,1.566,1.563,1.553,162833.67
1778731200,2026-05-14 04:00:00,1.546,1.556,1.55,1.553,156691.679
1778734800,2026-05-14 05:00:00,1.551,1.569,1.552,1.56,77475.891
1778738400,2026-05-14 06:00:00,1.557,1.582,1.559,1.577,78292.416
1778742000,2026-05-14 07:00:00,1.564,1.58,1.578,1.573,72174.4
1778745600,2026-05-14 08:00:00,1.568,1.591,1.575,1.582,92319.392
1778749200,2026-05-14 09:00:00,1.554,1.587,1.58,1.561,149180.879
1778752800,2026-05-14 10:00:00,1.551,1.575,1.562,1.564,61328.389
1778756400,2026-05-14 11:00:00,1.555,1.568,1.563,1.561,49970.182
1778760000,2026-05-14 12:00:00,1.55,1.572,1.561,1.569,136055
1778763600,2026-05-14 13:00:00,1.562,1.577,1.568,1.568,74362.708
1778767200,2026-05-14 14:00:00,1.563,1.606,1.568,1.6,216290.911
1778770800,2026-05-14 15:00:00,1.597,1.62,1.6,1.616,92268.83
1778774400,2026-05-14 16:00:00,1.594,1.636,1.616,1.612,710262.773
1778778000,2026-05-14 17:00:00,1.587,1.616,1.612,1.601,172044.919
1778781600,2026-05-14 18:00:00,1.586,1.6,1.6,1.596,94832.157
1778785200,2026-05-14 19:00:00,1.58,1.605,1.597,1.581,126972.944
1778788800,2026-05-14 20:00:00,1.564,1.586,1.581,1.579,149693.573
1778792400,2026-05-14 21:00:00,1.576,1.59,1.58,1.583,48253.591
1778796000,2026-05-14 22:00:00,1.58,1.592,1.581,1.586,51041.73
1778799600,2026-05-14 23:00:00,1.569,1.588,1.585,1.572,50167.377
1778803200,2026-05-15 00:00:00,1.566,1.581,1.572,1.574,56935.268
1778806800,2026-05-15 01:00:00,1.557,1.578,1.575,1.563,76373.908
1778810400,2026-05-15 02:00:00,1.553,1.569,1.563,1.567,79840.792
1778814000,2026-05-15 03:00:00,1.566,1.576,1.566,1.576,50021.922
1778817600,2026-05-15 04:00:00,1.567,1.581,1.574,1.567,65854.681
1778821200,2026-05-15 05:00:00,1.539,1.571,1.567,1.546,138608.848
1778824800,2026-05-15 06:00:00,1.545,1.566,1.547,1.563,42147.706
1778828400,2026-05-15 07:00:00,1.561,1.593,1.564,1.579,93722.659
1778832000,2026-05-15 08:00:00,1.545,1.584,1.579,1.55,94479.704
1778835600,2026-05-15 09:00:00,1.536,1.552,1.551,1.544,49130.105
1778839200,2026-05-15 10:00:00,1.54,1.559,1.543,1.558,62809.086
1778842800,2026-05-15 11:00:00,1.549,1.56,1.558,1.554,39649.772
1778846400,2026-05-15 12:00:00,1.538,1.559,1.554,1.542,72935.351
1778850000,2026-05-15 13:00:00,1.508,1.543,1.543,1.522,461003.075
1778853600,2026-05-15 14:00:00,1.516,1.537,1.522,1.529,177481.938
1778857200,2026-05-15 15:00:00,1.518,1.535,1.529,1.524,92352.197
1778860800,2026-05-15 16:00:00,1.523,1.56,1.525,1.557,280932.896
1778864400,2026-05-15 17:00:00,1.558,1.575,1.558,1.573,188748.708
1778868000,2026-05-15 18:00:00,1.554,1.575,1.573,1.559,126389.039
1778871600,2026-05-15 19:00:00,1.544,1.559,1.558,1.545,148750.681
1778875200,2026-05-15 20:00:00,1.532,1.546,1.545,1.537,144194.159
1778878800,2026-05-15 21:00:00,1.53,1.54,1.536,1.535,94722.309
1778882400,2026-05-15 22:00:00,1.532,1.543,1.536,1.539,78745.077
1778886000,2026-05-15 23:00:00,1.537,1.545,1.538,1.542,31225.587
1778889600,2026-05-16 00:00:00,1.536,1.547,1.541,1.538,41143.67
1778893200,2026-05-16 01:00:00,1.535,1.547,1.538,1.539,68920.655
1778896800,2026-05-16 02:00:00,1.536,1.547,1.54,1.542,49373.014
1778900400,2026-05-16 03:00:00,1.54,1.552,1.542,1.552,33443.402
1778904000,2026-05-16 04:00:00,1.522,1.553,1.552,1.526,158299.516
1778907600,2026-05-16 05:00:00,1.52,1.533,1.526,1.522,53895.437
1778911200,2026-05-16 06:00:00,1.504,1.523,1.522,1.508,177351.874
1778914800,2026-05-16 07:00:00,1.483,1.506,1.506,1.503,444679.927
1778918400,2026-05-16 08:00:00,1.494,1.514,1.503,1.496,208369.339
1778922000,2026-05-16 09:00:00,1.477,1.508,1.497,1.505,274680.832
1778925600,2026-05-16 10:00:00,1.489,1.511,1.506,1.496,200962.068
1778929200,2026-05-16 11:00:00,1.488,1.505,1.497,1.494,117139.772
1778932800,2026-05-16 12:00:00,1.492,1.501,1.494,1.492,91227.082
1778936400,2026-05-16 13:00:00,1.478,1.493,1.493,1.487,100454.013
1778940000,2026-05-16 14:00:00,1.481,1.493,1.487,1.488,59899.29
1778943600,2026-05-16 15:00:00,1.487,1.494,1.489,1.489,76301.836
1778947200,2026-05-16 16:00:00,1.488,1.499,1.489,1.493,54323.209
1778950800,2026-05-16 17:00:00,1.492,1.503,1.492,1.5,109094.982
1778954400,2026-05-16 18:00:00,1.495,1.503,1.5,1.497,137618.277
1778958000,2026-05-16 19:00:00,1.495,1.5,1.498,1.5,49799.959
1778961600,2026-05-16 20:00:00,1.491,1.5,1.5,1.494,40213.222
1778965200,2026-05-16 21:00:00,1.491,1.496,1.494,1.493,26311.338
1778968800,2026-05-16 22:00:00,1.489,1.495,1.493,1.493,20980.245
1778972400,2026-05-16 23:00:00,1.492,1.5,1.493,1.496,25158.46
1778976000,2026-05-17 00:00:00,1.486,1.5,1.496,1.487,26829.22
1778979600,2026-05-17 01:00:00,1.477,1.49,1.487,1.481,59251.661
1778983200,2026-05-17 02:00:00,1.481,1.489,1.481,1.487,65982.565
1778986800,2026-05-17 03:00:00,1.488,1.509,1.488,1.502,65846.042
1778990400,2026-05-17 04:00:00,1.502,1.524,1.502,1.521,117538.782
1778994000,2026-05-17 05:00:00,1.515,1.533,1.522,1.521,150836.92
1778997600,2026-05-17 06:00:00,1.52,1.529,1.521,1.529,58353.473
1779001200,2026-05-17 07:00:00,1.527,1.536,1.529,1.531,59164.389
1779004800,2026-05-17 08:00:00,1.523,1.535,1.53,1.535,31488.716
1779008400,2026-05-17 09:00:00,1.53,1.551,1.535,1.548,190471.761
1779012000,2026-05-17 10:00:00,1.546,1.558,1.549,1.553,113721.874
1779015600,2026-05-17 11:00:00,1.542,1.554,1.553,1.552,67870.922
1779019200,2026-05-17 12:00:00,1.548,1.556,1.552,1.55,65901.365
1779022800,2026-05-17 13:00:00,1.534,1.55,1.55,1.539,78832.278
1779026400,2026-05-17 14:00:00,1.518,1.539,1.539,1.528,135928.959
1779030000,2026-05-17 15:00:00,1.52,1.532,1.528,1.526,110007.875
1779033600,2026-05-17 16:00:00,1.516,1.532,1.527,1.516,57638.902
1779037200,2026-05-17 17:00:00,1.512,1.521,1.516,1.518,68098.918
1779040800,2026-05-17 18:00:00,1.512,1.524,1.518,1.524,49789.358
1779044400,2026-05-17 19:00:00,1.517,1.531,1.525,1.526,58560.67
1779048000,2026-05-17 20:00:00,1.52,1.534,1.526,1.534,48094.99
1779051600,2026-05-17 21:00:00,1.529,1.548,1.533,1.531,148658.698
1779055200,2026-05-17 22:00:00,1.503,1.531,1.531,1.516,135384.977
1779058800,2026-05-17 23:00:00,1.466,1.516,1.515,1.506,382653.902
1779062400,2026-05-18 00:00:00,1.49,1.513,1.506,1.51,151781.947
1779066000,2026-05-18 01:00:00,1.492,1.515,1.511,1.5,158027.439
1779069600,2026-05-18 02:00:00,1.498,1.52,1.499,1.51,235874.916
1779073200,2026-05-18 03:00:00,1.496,1.514,1.511,1.502,95664.696
1779076800,2026-05-18 04:00:00,1.497,1.513,1.503,1.513,109926.024
1779080400,2026-05-18 05:00:00,1.501,1.513,1.513,1.501,100557.844
1779084000,2026-05-18 06:00:00,1.481,1.503,1.502,1.498,323764.136
1779087600,2026-05-18 07:00:00,1.479,1.499,1.498,1.484,150645.956
1779091200,2026-05-18 08:00:00,1.48,1.489,1.484,1.487,35959.612
1779094800,2026-05-18 09:00:00,1.481,1.492,1.487,1.482,70350.308
1779098400,2026-05-18 10:00:00,1.478,1.514,1.481,1.508,267735.942
1779102000,2026-05-18 11:00:00,1.501,1.53,1.509,1.521,295536.306
1779105600,2026-05-18 12:00:00,1.514,1.533,1.521,1.519,180334.123
1779109200,2026-05-18 13:00:00,1.498,1.518,1.518,1.515,167317.776
1779112800,2026-05-18 14:00:00,1.487,1.518,1.514,1.493,178407.125
1779116400,2026-05-18 15:00:00,1.486,1.519,1.494,1.514,151907.972
1779120000,2026-05-18 16:00:00,1.51,1.528,1.514,1.524,152281.571
1779123600,2026-05-18 17:00:00,1.52,1.558,1.523,1.545,288009.384
1779127200,2026-05-18 18:00:00,1.518,1.546,1.545,1.521,202709.682
1779130800,2026-05-18 19:00:00,1.521,1.585,1.521,1.574,387530.841
1779134400,2026-05-18 20:00:00,1.574,1.589,1.574,1.586,243576.601
1779138000,2026-05-18 21:00:00,1.585,1.612,1.586,1.597,391434.992
1779141600,2026-05-18 22:00:00,1.598,1.617,1.599,1.615,181526.018
1779145200,2026-05-18 23:00:00,1.61,1.627,1.615,1.626,212074.947
1779148800,2026-05-19 00:00:00,1.616,1.64,1.624,1.63,262209.605
1779152400,2026-05-19 01:00:00,1.612,1.635,1.629,1.613,185209.855
1779156000,2026-05-19 02:00:00,1.601,1.626,1.612,1.605,173501.802
1779159600,2026-05-19 03:00:00,1.601,1.62,1.603,1.608,141867.193
1779163200,2026-05-19 04:00:00,1.594,1.619,1.608,1.603,173310.92
1779166800,2026-05-19 05:00:00,1.592,1.613,1.603,1.598,93532.474
1779170400,2026-05-19 06:00:00,1.596,1.642,1.597,1.639,219551.954
1779174000,2026-05-19 07:00:00,1.636,1.667,1.639,1.656,536843.364
1779177600,2026-05-19 08:00:00,1.636,1.658,1.655,1.64,181626.702
1779181200,2026-05-19 09:00:00,1.625,1.647,1.64,1.637,170804.436
1779184800,2026-05-19 10:00:00,1.605,1.637,1.637,1.607,119667.786
1779188400,2026-05-19 11:00:00,1.581,1.611,1.607,1.597,321955.849
1779192000,2026-05-19 12:00:00,1.593,1.618,1.595,1.613,373848.756
1779195600,2026-05-19 13:00:00,1.611,1.635,1.614,1.618,262396.483
1779199200,2026-05-19 14:00:00,1.6,1.629,1.617,1.611,171698.392
1779202800,2026-05-19 15:00:00,1.607,1.628,1.611,1.621,198247.008
1779206400,2026-05-19 16:00:00,1.619,1.662,1.621,1.658,173473.611
1779210000,2026-05-19 17:00:00,1.647,1.686,1.659,1.677,316373.332
1779213600,2026-05-19 18:00:00,1.642,1.688,1.677,1.642,356402.454
1779217200,2026-05-19 19:00:00,1.623,1.652,1.643,1.627,145538.541
1779220800,2026-05-19 20:00:00,1.624,1.632,1.627,1.632,100809.764
1779224400,2026-05-19 21:00:00,1.613,1.632,1.631,1.619,81853.233
1779228000,2026-05-19 22:00:00,1.604,1.619,1.619,1.604,59387.31
1779231600,2026-05-19 23:00:00,1.597,1.611,1.605,1.601,91605.235
1779235200,2026-05-20 00:00:00,1.59,1.605,1.601,1.6,115563.444
1779238800,2026-05-20 01:00:00,1.585,1.6,1.6,1.588,138668.963
1779242400,2026-05-20 02:00:00,1.58,1.59,1.588,1.581,123720.106
1779246000,2026-05-20 03:00:00,1.579,1.598,1.58,1.594,115092.045
1779249600,2026-05-20 04:00:00,1.593,1.6,1.594,1.596,39277.953
1779253200,2026-05-20 05:00:00,1.595,1.67,1.596,1.66,331595.619
1779256800,2026-05-20 06:00:00,1.645,1.669,1.661,1.655,359196.095
1779260400,2026-05-20 07:00:00,1.642,1.664,1.654,1.647,204020.863
1779264000,2026-05-20 08:00:00,1.644,1.657,1.648,1.654,61492.888
1779267600,2026-05-20 09:00:00,1.635,1.655,1.653,1.644,180810.725
1779271200,2026-05-20 10:00:00,1.632,1.654,1.644,1.651,89513.026
1779274800,2026-05-20 11:00:00,1.633,1.652,1.652,1.638,109175.862
1779278400,2026-05-20 12:00:00,1.627,1.65,1.637,1.645,165449.641
1779282000,2026-05-20 13:00:00,1.637,1.668,1.646,1.653,337414.815
1779285600,2026-05-20 14:00:00,1.65,1.694,1.654,1.691,363801.959
1779289200,2026-05-20 15:00:00,1.679,1.71,1.688,1.686,499470.507
1779292800,2026-05-20 16:00:00,1.662,1.689,1.686,1.682,440313.582
1779296400,2026-05-20 17:00:00,1.669,1.695,1.682,1.69,350227.419
1779300000,2026-05-20 18:00:00,1.659,1.701,1.691,1.669,289873.051
1779303600,2026-05-20 19:00:00,1.662,1.701,1.668,1.686,290861.888
1779307200,2026-05-20 20:00:00,1.673,1.698,1.685,1.695,169349.629
1779310800,2026-05-20 21:00:00,1.688,1.728,1.695,1.717,301945.033
1779314400,2026-05-20 22:00:00,1.682,1.72,1.715,1.693,242876.767
1779318000,2026-05-20 23:00:00,1.683,1.705,1.692,1.703,461783.369
1779321600,2026-05-21 00:00:00,1.694,1.728,1.702,1.719,368608.783
1779325200,2026-05-21 01:00:00,1.707,1.747,1.72,1.712,481092.239
1779328800,2026-05-21 02:00:00,1.702,1.737,1.714,1.727,225014.569
1779332400,2026-05-21 03:00:00,1.726,1.758,1.727,1.738,269816.166
1779336000,2026-05-21 04:00:00,1.73,1.781,1.737,1.776,565977.912
1779339600,2026-05-21 05:00:00,1.737,1.781,1.775,1.746,282451.923
1779343200,2026-05-21 06:00:00,1.703,1.745,1.745,1.71,257185.781
1779346800,2026-05-21 07:00:00,1.705,1.729,1.709,1.723,145247.362
1779350400,2026-05-21 08:00:00,1.721,1.776,1.723,1.768,296388.48
1779354000,2026-05-21 09:00:00,1.746,1.785,1.767,1.755,248453.743
1779357600,2026-05-21 10:00:00,1.734,1.775,1.756,1.738,414538.122
1779361200,2026-05-21 11:00:00,1.729,1.749,1.738,1.74,369379.743
1779364800,2026-05-21 12:00:00,1.737,1.769,1.741,1.751,188854.339
1779368400,2026-05-21 13:00:00,1.722,1.755,1.751,1.742,317064.274
1779372000,2026-05-21 14:00:00,1.721,1.757,1.742,1.755,387779.713
1779375600,2026-05-21 15:00:00,1.751,1.828,1.754,1.806,813153.567
1779379200,2026-05-21 16:00:00,1.764,1.821,1.806,1.784,485894.219
1779382800,2026-05-21 17:00:00,1.783,1.87,1.784,1.855,644826.053
1779386400,2026-05-21 18:00:00,1.82,1.87,1.854,1.836,492790.376
1779390000,2026-05-21 19:00:00,1.835,1.931,1.837,1.922,618027.416
1779393600,2026-05-21 20:00:00,1.91,1.955,1.922,1.945,660463.113
1779397200,2026-05-21 21:00:00,1.921,1.99,1.946,1.925,903488.885
1779400800,2026-05-21 22:00:00,1.916,1.962,1.925,1.93,650717.459
1779404400,2026-05-21 23:00:00,1.918,1.953,1.931,1.924,588268.028
1779408000,2026-05-22 00:00:00,1.917,1.988,1.925,1.979,857198.234
1779411600,2026-05-22 01:00:00,1.972,2.051,1.978,2.019,1562482.302
1779415200,2026-05-22 02:00:00,2.019,2.117,2.02,2.066,1559099.449
1779418800,2026-05-22 03:00:00,2.066,2.134,2.066,2.121,956347.156
1779422400,2026-05-22 04:00:00,2.104,2.2,2.12,2.175,1112007.199
1779426000,2026-05-22 05:00:00,2.151,2.212,2.172,2.195,1279372.483
1779429600,2026-05-22 06:00:00,2.145,2.211,2.197,2.198,1115310.625
1779433200,2026-05-22 07:00:00,2.163,2.253,2.2,2.241,1601654.966
1779436800,2026-05-22 08:00:00,2.226,2.285,2.241,2.265,1141664.286
1779440400,2026-05-22 09:00:00,2.239,2.304,2.266,2.249,1537810.235
1779444000,2026-05-22 10:00:00,2.195,2.27,2.248,2.258,791129.73
1779447600,2026-05-22 11:00:00,2.2,2.275,2.258,2.228,834763.824
1779451200,2026-05-22 12:00:00,2.199,2.316,2.227,2.315,1403976.103
1779454800,2026-05-22 13:00:00,2.275,2.334,2.315,2.281,1455074.777
1779458400,2026-05-22 14:00:00,2.224,2.29,2.279,2.24,1228870.57
1779462000,2026-05-22 15:00:00,2.182,2.247,2.241,2.194,1567570.768
1779465600,2026-05-22 16:00:00,2.154,2.236,2.197,2.171,857600.392
1779469200,2026-05-22 17:00:00,2.152,2.2,2.17,2.182,744326.178
1779472800,2026-05-22 18:00:00,2.132,2.193,2.182,2.164,854457.056
1779476400,2026-05-22 19:00:00,2.091,2.17,2.164,2.113,1105572.018
1779480000,2026-05-22 20:00:00,2.053,2.136,2.113,2.109,1308862.139
1779483600,2026-05-22 21:00:00,2.076,2.129,2.107,2.076,413219.242
1779487200,2026-05-22 22:00:00,2.052,2.105,2.077,2.082,529614.519
1779490800,2026-05-22 23:00:00,2.077,2.112,2.082,2.1,462444.592
1779494400,2026-05-23 00:00:00,2.063,2.119,2.101,2.106,859113.276
1779498000,2026-05-23 01:00:00,2.07,2.133,2.107,2.083,706711.593
1779501600,2026-05-23 02:00:00,2.076,2.124,2.084,2.094,788955.693
1779505200,2026-05-23 03:00:00,2.073,2.114,2.094,2.112,428381.807
1779508800,2026-05-23 04:00:00,2.062,2.115,2.112,2.064,364414.393
1779512400,2026-05-23 05:00:00,2.053,2.085,2.063,2.078,391897.491
1779516000,2026-05-23 06:00:00,2.041,2.083,2.078,2.058,339588.016
1779519600,2026-05-23 07:00:00,2.016,2.073,2.059,2.027,805320.888
1779523200,2026-05-23 08:00:00,2.007,2.084,2.027,2.065,631557.815
1779526800,2026-05-23 09:00:00,2.054,2.093,2.064,2.069,438632.828
1779530400,2026-05-23 10:00:00,2.064,2.091,2.068,2.075,293504.936
1779534000,2026-05-23 11:00:00,2.066,2.099,2.072,2.077,389644.424
1779537600,2026-05-23 12:00:00,2.035,2.105,2.076,2.099,579814.115
1779541200,2026-05-23 13:00:00,2.08,2.128,2.1,2.104,725230.883
1779544800,2026-05-23 14:00:00,2.102,2.192,2.103,2.186,936664.17
1779548400,2026-05-23 15:00:00,2.17,2.274,2.185,2.258,1593588.307
1779552000,2026-05-23 16:00:00,2.237,2.43,2.258,2.424,1759247.351
1779555600,2026-05-23 17:00:00,2.322,2.481,2.422,2.348,2787063.368
1779559200,2026-05-23 18:00:00,2.314,2.473,2.348,2.388,2403009.072
1779562800,2026-05-23 19:00:00,2.365,2.442,2.389,2.388,1105535.728
1779566400,2026-05-23 20:00:00,2.362,2.429,2.387,2.402,1392308.256
1779570000,2026-05-23 21:00:00,2.379,2.456,2.402,2.412,1783722.642
1779573600,2026-05-23 22:00:00,2.334,2.426,2.413,2.415,859052.6
1779577200,2026-05-23 23:00:00,2.407,2.471,2.414,2.451,1153228.615
1779580800,2026-05-24 00:00:00,2.382,2.462,2.45,2.397,1319654.542
1779584400,2026-05-24 01:00:00,2.358,2.397,2.397,2.389,517779.388
1779588000,2026-05-24 02:00:00,2.356,2.416,2.389,2.403,530473.346
1779591600,2026-05-24 03:00:00,2.372,2.433,2.402,2.385,742093.128
1779595200,2026-05-24 04:00:00,2.343,2.414,2.386,2.391,755121.069
1779598800,2026-05-24 05:00:00,2.332,2.395,2.391,2.349,525002.16
1779602400,2026-05-24 06:00:00,2.327,2.395,2.349,2.395,422398.114
1779606000,2026-05-24 07:00:00,2.36,2.432,2.395,2.386,854064.679
1779609600,2026-05-24 08:00:00,2.365,2.391,2.386,2.376,233633.931
1779613200,2026-05-24 09:00:00,2.355,2.395,2.376,2.361,234605.46
1779616800,2026-05-24 10:00:00,2.334,2.373,2.36,2.357,272392.014
1779620400,2026-05-24 11:00:00,2.342,2.401,2.356,2.398,474572.373
1779624000,2026-05-24 12:00:00,2.354,2.397,2.397,2.383,607043.818
1779627600,2026-05-24 13:00:00,2.38,2.423,2.382,2.403,708248.625
1779631200,2026-05-24 14:00:00,2.369,2.51,2.403,2.495,1439105.819
1779634800,2026-05-24 15:00:00,2.398,2.509,2.496,2.438,1131145.662
1779638400,2026-05-24 16:00:00,2.39,2.446,2.438,2.425,589324.055
1779642000,2026-05-24 17:00:00,2.399,2.471,2.425,2.433,931060.688
1779645600,2026-05-24 18:00:00,2.411,2.47,2.432,2.442,607056.591
1779649200,2026-05-24 19:00:00,2.391,2.456,2.442,2.425,671293.574
1779652800,2026-05-24 20:00:00,2.415,2.464,2.425,2.448,613350.345
1779656400,2026-05-24 21:00:00,2.361,2.503,2.448,2.391,1151008.69
1779660000,2026-05-24 22:00:00,2.388,2.446,2.393,2.406,649230.885
1779663600,2026-05-24 23:00:00,2.383,2.428,2.406,2.392,427917.359
1779667200,2026-05-25 00:00:00,2.372,2.423,2.394,2.379,409310.712
1779670800,2026-05-25 01:00:00,2.351,2.399,2.379,2.36,484299.999
1779674400,2026-05-25 02:00:00,2.333,2.415,2.36,2.362,899855.188
1779678000,2026-05-25 03:00:00,2.333,2.367,2.362,2.348,493445.494
1779681600,2026-05-25 04:00:00,2.338,2.39,2.347,2.383,482015.814
1779685200,2026-05-25 05:00:00,2.355,2.403,2.382,2.365,317283.913
1779688800,2026-05-25 06:00:00,2.366,2.414,2.366,2.372,334514.327
1779692400,2026-05-25 07:00:00,2.357,2.392,2.371,2.38,376857.122
1779696000,2026-05-25 08:00:00,2.365,2.415,2.38,2.413,489649.76
1779699600,2026-05-25 09:00:00,2.375,2.432,2.413,2.416,469096.535
1779703200,2026-05-25 10:00:00,2.414,2.464,2.416,2.457,386971.631
1779706800,2026-05-25 11:00:00,2.425,2.474,2.459,2.443,419145.983
1779710400,2026-05-25 12:00:00,2.43,2.576,2.442,2.479,1292992.485
1779714000,2026-05-25 13:00:00,2.478,2.633,2.48,2.616,1496347.988
1779717600,2026-05-25 14:00:00,2.616,2.688,2.616,2.674,1966124.808
1779721200,2026-05-25 15:00:00,2.628,2.717,2.674,2.71,1024537.268
1779724800,2026-05-25 16:00:00,2.666,2.818,2.711,2.781,2126330.994
1779728400,2026-05-25 17:00:00,2.705,2.82,2.781,2.734,1992275.117
1779732000,2026-05-25 18:00:00,2.701,2.766,2.735,2.722,1313628.162
1779735600,2026-05-25 19:00:00,2.708,2.776,2.722,2.755,1077057.943
1779739200,2026-05-25 20:00:00,2.717,2.786,2.756,2.752,819488.296
1779742800,2026-05-25 21:00:00,2.744,2.825,2.753,2.786,1149980.523
1779746400,2026-05-25 22:00:00,2.727,2.798,2.787,2.764,1196098.081
1779750000,2026-05-25 23:00:00,2.747,2.803,2.765,2.768,561534.069
1779753600,2026-05-26 00:00:00,2.706,2.772,2.77,2.718,819314.151
1779757200,2026-05-26 01:00:00,2.665,2.727,2.717,2.683,722630.711
1779760800,2026-05-26 02:00:00,2.663,2.759,2.684,2.728,870200.901
1779764400,2026-05-26 03:00:00,2.695,2.753,2.728,2.72,1152072.657
1779768000,2026-05-26 04:00:00,2.716,2.797,2.719,2.78,1109607.978
1779771600,2026-05-26 05:00:00,2.737,2.793,2.78,2.743,721928.999
1779775200,2026-05-26 06:00:00,2.714,2.777,2.742,2.733,553477.44
1779778800,2026-05-26 07:00:00,2.702,2.735,2.733,2.721,554216.671
1779782400,2026-05-26 08:00:00,2.68,2.755,2.721,2.738,711411.964
1779786000,2026-05-26 09:00:00,2.696,2.768,2.737,2.715,568080.272
1779789600,2026-05-26 10:00:00,2.706,2.906,2.714,2.896,2358073.373
1779793200,2026-05-26 11:00:00,2.848,2.979,2.896,2.849,2811301.467
1779796800,2026-05-26 12:00:00,2.753,2.866,2.852,2.782,1744595.844
1779800400,2026-05-26 13:00:00,2.735,2.885,2.781,2.823,1297114.136
1779804000,2026-05-26 14:00:00,2.815,2.913,2.824,2.832,1677579.874
1779807600,2026-05-26 15:00:00,2.741,2.841,2.833,2.76,930149.003
1779811200,2026-05-26 16:00:00,2.703,2.759,2.759,2.736,1102472.851
1779814800,2026-05-26 17:00:00,2.668,2.742,2.737,2.689,978015.453
1779818400,2026-05-26 18:00:00,2.583,2.694,2.691,2.618,930403.535
1779822000,2026-05-26 19:00:00,2.588,2.655,2.619,2.648,603089.789
1779825600,2026-05-26 20:00:00,2.62,2.671,2.648,2.65,445663.157
1779829200,2026-05-26 21:00:00,2.593,2.655,2.651,2.604,363271.281
1779832800,2026-05-26 22:00:00,2.591,2.666,2.605,2.633,661534.067
1779836400,2026-05-26 23:00:00,2.524,2.642,2.634,2.549,509195.873
1779840000,2026-05-27 00:00:00,2.528,2.598,2.55,2.565,891546.075
1779843600,2026-05-27 01:00:00,2.516,2.568,2.564,2.524,396385.528
1779847200,2026-05-27 02:00:00,2.458,2.526,2.522,2.506,1242362.241
1779850800,2026-05-27 03:00:00,2.477,2.523,2.506,2.486,374568.942
1779854400,2026-05-27 04:00:00,2.466,2.513,2.485,2.507,296023.686
1779858000,2026-05-27 05:00:00,2.506,2.546,2.508,2.529,417705.285
1779861600,2026-05-27 06:00:00,2.515,2.546,2.53,2.536,300657.957
1779865200,2026-05-27 07:00:00,2.489,2.538,2.536,2.516,499075.13
1779868800,2026-05-27 08:00:00,2.507,2.576,2.515,2.522,787705.994
1779872400,2026-05-27 09:00:00,2.471,2.53,2.523,2.472,602005.431
1779876000,2026-05-27 10:00:00,2.452,2.493,2.471,2.491,676785.389
1779879600,2026-05-27 11:00:00,2.487,2.543,2.489,2.517,593601.671
1779883200,2026-05-27 12:00:00,2.497,2.548,2.518,2.516,532262.993
1779886800,2026-05-27 13:00:00,2.493,2.564,2.517,2.538,764297.186
1779890400,2026-05-27 14:00:00,2.506,2.56,2.538,2.539,842928.27
1779894000,2026-05-27 15:00:00,2.52,2.622,2.54,2.576,1206378.224
1779897600,2026-05-27 16:00:00,2.52,2.579,2.576,2.561,718513.941
1779901200,2026-05-27 17:00:00,2.509,2.576,2.561,2.529,921736.989
1779904800,2026-05-27 18:00:00,2.522,2.618,2.529,2.617,709146.829
1779908400,2026-05-27 19:00:00,2.61,2.734,2.616,2.668,1754767.194
1779912000,2026-05-27 20:00:00,2.584,2.669,2.668,2.615,705393.45
1779915600,2026-05-27 21:00:00,2.517,2.627,2.615,2.563,631733.589
1779919200,2026-05-27 22:00:00,2.52,2.582,2.565,2.527,695358.823
1779922800,2026-05-27 23:00:00,2.469,2.538,2.527,2.485,766062.376
1779926400,2026-05-28 00:00:00,2.437,2.504,2.484,2.447,728178.954
1779930000,2026-05-28 01:00:00,2.416,2.459,2.447,2.443,679906.939
1779933600,2026-05-28 02:00:00,2.381,2.446,2.443,2.413,503003.683
1779937200,2026-05-28 03:00:00,2.362,2.426,2.413,2.38,635876.343
1779940800,2026-05-28 04:00:00,2.372,2.431,2.381,2.416,802054.792
1779944400,2026-05-28 05:00:00,2.377,2.421,2.413,2.413,316820.005
1779948000,2026-05-28 06:00:00,2.345,2.413,2.413,2.369,690757.44
1779951600,2026-05-28 07:00:00,2.363,2.417,2.37,2.413,628677.111
1779955200,2026-05-28 08:00:00,2.378,2.414,2.411,2.382,302027.578
1779958800,2026-05-28 09:00:00,2.375,2.42,2.382,2.416,321731.718
1779962400,2026-05-28 10:00:00,2.372,2.423,2.415,2.372,467191.139
1779966000,2026-05-28 11:00:00,2.363,2.387,2.373,2.382,393900.763
1779969600,2026-05-28 12:00:00,2.327,2.384,2.382,2.344,533682.516
1779973200,2026-05-28 13:00:00,2.305,2.354,2.345,2.311,995201.024
1779976800,2026-05-28 14:00:00,2.265,2.361,2.312,2.288,1378785.889
1779980400,2026-05-28 15:00:00,2.288,2.335,2.291,2.297,655831.526
1779984000,2026-05-28 16:00:00,2.286,2.355,2.297,2.345,698666.548
1779987600,2026-05-28 17:00:00,2.329,2.361,2.346,2.354,518599.878
1779991200,2026-05-28 18:00:00,2.351,2.422,2.353,2.414,881866.754
1779994800,2026-05-28 19:00:00,2.385,2.433,2.413,2.389,497667.015
1779998400,2026-05-28 20:00:00,2.353,2.452,2.39,2.42,585347.171
1780002000,2026-05-28 21:00:00,2.412,2.471,2.422,2.444,453022.901
1780005600,2026-05-28 22:00:00,2.414,2.466,2.445,2.433,635286.702
1780009200,2026-05-28 23:00:00,2.412,2.449,2.434,2.424,147613.401
1780012800,2026-05-29 00:00:00,2.416,2.528,2.424,2.51,737576.66
1780016400,2026-05-29 01:00:00,2.489,2.555,2.51,2.549,914715.778
1780020000,2026-05-29 02:00:00,2.465,2.56,2.549,2.476,758017.02
1780023600,2026-05-29 03:00:00,2.445,2.524,2.477,2.454,518988.658
1780027200,2026-05-29 04:00:00,2.44,2.492,2.454,2.485,311950.042
1780030800,2026-05-29 05:00:00,2.463,2.513,2.485,2.492,223606.2
1780034400,2026-05-29 06:00:00,2.474,2.514,2.493,2.505,148750.744
1780038000,2026-05-29 07:00:00,2.471,2.572,2.505,2.496,492098.345
1780041600,2026-05-29 08:00:00,2.477,2.512,2.497,2.483,293462.923
1780045200,2026-05-29 09:00:00,2.478,2.548,2.482,2.499,280991.413
1780048800,2026-05-29 10:00:00,2.481,2.522,2.498,2.501,330862.206
1780052400,2026-05-29 11:00:00,2.471,2.515,2.499,2.483,521593.832
1780056000,2026-05-29 12:00:00,2.403,2.484,2.484,2.429,658435.395
1780059600,2026-05-29 13:00:00,2.404,2.465,2.428,2.454,673401.18
1780063200,2026-05-29 14:00:00,2.411,2.476,2.455,2.441,635912.638
1780066800,2026-05-29 15:00:00,2.439,2.599,2.441,2.549,1703701.323
1780070400,2026-05-29 16:00:00,2.531,2.629,2.552,2.589,851206.178
1780074000,2026-05-29 17:00:00,2.569,2.628,2.588,2.583,650612.568
1780077600,2026-05-29 18:00:00,2.549,2.61,2.583,2.551,559792.679
1780081200,2026-05-29 19:00:00,2.517,2.576,2.552,2.54,489693.138
1780084800,2026-05-29 20:00:00,2.484,2.559,2.538,2.499,868372.846
1780088400,2026-05-29 21:00:00,2.359,2.509,2.5,2.361,972590.307
1780092000,2026-05-29 22:00:00,2.357,2.41,2.361,2.397,788729.447
1780095600,2026-05-29 23:00:00,2.37,2.417,2.398,2.38,562017.85
1780099200,2026-05-30 00:00:00,2.355,2.399,2.379,2.361,521795.789
1780102800,2026-05-30 01:00:00,2.351,2.392,2.362,2.379,450665.815
1780106400,2026-05-30 02:00:00,2.361,2.397,2.379,2.391,358482.045
1780110000,2026-05-30 03:00:00,2.35,2.392,2.391,2.358,355187.661
1780113600,2026-05-30 04:00:00,2.246,2.363,2.353,2.307,1752093.264
1780117200,2026-05-30 05:00:00,2.305,2.366,2.307,2.355,594929.284
1780120800,2026-05-30 06:00:00,2.348,2.386,2.357,2.384,388474.301
1780124400,2026-05-30 07:00:00,2.371,2.398,2.383,2.397,233579.601
1780128000,2026-05-30 08:00:00,2.382,2.405,2.397,2.397,220372.378
1780131600,2026-05-30 09:00:00,2.398,2.435,2.398,2.416,223712.319
1780135200,2026-05-30 10:00:00,2.393,2.439,2.416,2.398,390046.998
1780138800,2026-05-30 11:00:00,2.382,2.417,2.397,2.412,367720.789
1780142400,2026-05-30 12:00:00,2.393,2.428,2.41,2.401,176718.394
1780146000,2026-05-30 13:00:00,2.381,2.41,2.401,2.399,284411.413
1780149600,2026-05-30 14:00:00,2.384,2.412,2.399,2.4,251771.726
1780153200,2026-05-30 15:00:00,2.327,2.405,2.401,2.338,582699.205
1780156800,2026-05-30 16:00:00,2.335,2.357,2.338,2.344,205590.33
1780160400,2026-05-30 17:00:00,2.274,2.353,2.344,2.307,1219344.758
1780164000,2026-05-30 18:00:00,2.299,2.328,2.31,2.327,349984.75
1780167600,2026-05-30 19:00:00,2.286,2.337,2.327,2.301,260929.863
1780171200,2026-05-30 20:00:00,2.301,2.323,2.301,2.311,810906.419
1780174800,2026-05-30 21:00:00,2.293,2.316,2.312,2.293,207323.169
1780178400,2026-05-30 22:00:00,2.242,2.297,2.294,2.266,815776.943
1780182000,2026-05-30 23:00:00,2.22,2.282,2.266,2.25,993038.11
1780185600,2026-05-31 00:00:00,2.227,2.258,2.249,2.242,398827.573
1780189200,2026-05-31 01:00:00,2.237,2.264,2.244,2.243,252239.956
1780192800,2026-05-31 02:00:00,2.24,2.271,2.243,2.257,394328.925
1780196400,2026-05-31 03:00:00,2.251,2.282,2.259,2.276,334647.478
1780200000,2026-05-31 04:00:00,2.269,2.329,2.275,2.328,1550792.093
1780203600,2026-05-31 05:00:00,2.307,2.336,2.327,2.315,381397.639
1780207200,2026-05-31 06:00:00,2.308,2.334,2.316,2.32,212755.972
1780210800,2026-05-31 07:00:00,2.288,2.344,2.321,2.301,274297.762
1780214400,2026-05-31 08:00:00,2.261,2.312,2.302,2.277,380927.132
1780218000,2026-05-31 09:00:00,2.252,2.287,2.278,2.259,323562.934
1780221600,2026-05-31 10:00:00,2.237,2.267,2.259,2.263,339527.351
1780225200,2026-05-31 11:00:00,2.259,2.274,2.265,2.269,211951.666
1780228800,2026-05-31 12:00:00,2.266,2.325,2.27,2.315,424160.706
1780232400,2026-05-31 13:00:00,2.309,2.334,2.315,2.319,363195.88
1780236000,2026-05-31 14:00:00,2.274,2.326,2.319,2.286,690297.774
1780239600,2026-05-31 15:00:00,2.282,2.35,2.287,2.313,841697.226
1780243200,2026-05-31 16:00:00,2.246,2.318,2.314,2.252,837331.378
1780246800,2026-05-31 17:00:00,2.243,2.275,2.253,2.271,327636.551
1780250400,2026-05-31 18:00:00,2.22,2.271,2.271,2.233,523834.941
1780254000,2026-05-31 19:00:00,2.212,2.25,2.232,2.245,370877.481
1780257600,2026-05-31 20:00:00,2.238,2.256,2.246,2.254,134330.131
1780261200,2026-05-31 21:00:00,2.251,2.335,2.255,2.316,1386602.463
1780264800,2026-05-31 22:00:00,2.286,2.351,2.318,2.342,722051.217
1780268400,2026-05-31 23:00:00,2.288,2.354,2.343,2.319,504850.392
1780272000,2026-06-01 00:00:00,2.302,2.363,2.319,2.305,777313.456
1780275600,2026-06-01 01:00:00,2.257,2.314,2.307,2.263,740853.694
1780279200,2026-06-01 02:00:00,2.261,2.379,2.263,2.363,507085.419
1780282800,2026-06-01 03:00:00,2.363,2.417,2.363,2.376,1039782.066
1780286400,2026-06-01 04:00:00,2.317,2.394,2.378,2.34,909605.862
1780290000,2026-06-01 05:00:00,2.314,2.359,2.34,2.349,282736.801
1780293600,2026-06-01 06:00:00,2.289,2.353,2.348,2.323,527173.741
1780297200,2026-06-01 07:00:00,2.295,2.346,2.324,2.305,323994.313
1780300800,2026-06-01 08:00:00,2.3,2.344,2.306,2.311,372384.274
1780304400,2026-06-01 09:00:00,2.284,2.331,2.311,2.33,286940.174
1780308000,2026-06-01 10:00:00,2.312,2.354,2.331,2.332,462240.078
1780311600,2026-06-01 11:00:00,2.301,2.367,2.33,2.323,366297.075
1780315200,2026-06-01 12:00:00,2.294,2.403,2.322,2.359,1185254.319
1780318800,2026-06-01 13:00:00,2.331,2.4,2.358,2.376,1168979.958
1780322400,2026-06-01 14:00:00,2.346,2.41,2.377,2.388,946096.492
1780326000,2026-06-01 15:00:00,2.364,2.448,2.388,2.406,1436942.69
1780329600,2026-06-01 16:00:00,2.378,2.465,2.405,2.45,867227.965
1780333200,2026-06-01 17:00:00,2.449,2.556,2.449,2.533,1449283.239
1780336800,2026-06-01 18:00:00,2.49,2.58,2.532,2.575,961598.278
1780340400,2026-06-01 19:00:00,2.57,2.65,2.576,2.612,1101289.648
1780344000,2026-06-01 20:00:00,2.567,2.696,2.613,2.685,989167.372
1780347600,2026-06-01 21:00:00,2.607,2.691,2.685,2.623,1043726.342
1780351200,2026-06-01 22:00:00,2.602,2.706,2.622,2.691,993901.203
1780354800,2026-06-01 23:00:00,2.604,2.691,2.691,2.636,634337.477
1780358400,2026-06-02 00:00:00,2.57,2.652,2.636,2.589,679505.294
1780362000,2026-06-02 01:00:00,2.573,2.677,2.591,2.585,859704.589
1780365600,2026-06-02 02:00:00,2.557,2.664,2.586,2.662,708716.584
1780369200,2026-06-02 03:00:00,2.64,2.755,2.663,2.731,857881.923
1780372800,2026-06-02 04:00:00,2.648,2.755,2.731,2.652,613742.167
1780376400,2026-06-02 05:00:00,2.571,2.652,2.65,2.595,348479.012
1780380000,2026-06-02 06:00:00,2.563,2.622,2.596,2.607,258815.268
1780383600,2026-06-02 07:00:00,2.569,2.632,2.608,2.596,479046.814
1780387200,2026-06-02 08:00:00,2.588,2.662,2.598,2.651,283749.668
1780390800,2026-06-02 09:00:00,2.599,2.661,2.652,2.626,246542.137
1780394400,2026-06-02 10:00:00,2.617,2.692,2.627,2.681,590449.533
1780398000,2026-06-02 11:00:00,2.668,2.715,2.678,2.672,439330.38
1780401600,2026-06-02 12:00:00,2.666,2.732,2.671,2.702,728676.707
1780405200,2026-06-02 13:00:00,2.653,2.733,2.703,2.686,701643.275
1780408800,2026-06-02 14:00:00,2.592,2.719,2.684,2.615,1092781.931
1780412400,2026-06-02 15:00:00,2.45,2.618,2.614,2.479,2070097.299
1780416000,2026-06-02 16:00:00,2.45,2.561,2.478,2.522,1636740.448
1780419600,2026-06-02 17:00:00,2.522,2.644,2.524,2.638,758769.705
1780423200,2026-06-02 18:00:00,2.545,2.654,2.638,2.568,692711.774
1780426800,2026-06-02 19:00:00,2.488,2.643,2.568,2.627,1021445.268
1780430400,2026-06-02 20:00:00,2.576,2.729,2.627,2.71,1298282.459
1780434000,2026-06-02 21:00:00,2.639,2.772,2.711,2.659,1345546.73
1780437600,2026-06-02 22:00:00,2.589,2.695,2.658,2.624,1076023.334
1780441200,2026-06-02 23:00:00,2.534,2.63,2.624,2.624,986883.234
1780444800,2026-06-03 00:00:00,2.625,2.767,2.625,2.721,1343948.532
1780448400,2026-06-03 01:00:00,2.659,2.738,2.721,2.722,1051636.442
1780452000,2026-06-03 02:00:00,2.672,2.726,2.724,2.715,749855.168
1780455600,2026-06-03 03:00:00,2.629,2.755,2.714,2.678,1701713.217
1780459200,2026-06-03 04:00:00,2.677,2.831,2.677,2.819,1477083.732
1780462800,2026-06-03 05:00:00,2.804,2.893,2.82,2.863,1241888.818
1780466400,2026-06-03 06:00:00,2.786,2.876,2.86,2.808,715332.139
1780470000,2026-06-03 07:00:00,2.793,2.865,2.808,2.855,592536.354
1780473600,2026-06-03 08:00:00,2.818,2.91,2.856,2.868,788094.182
1780477200,2026-06-03 09:00:00,2.82,2.88,2.871,2.829,519105.565
1780480800,2026-06-03 10:00:00,2.814,2.974,2.828,2.955,1139245.603
1780484400,2026-06-03 11:00:00,2.841,2.969,2.953,2.945,1438566.697
1780488000,2026-06-03 12:00:00,2.889,2.994,2.944,2.973,1811743.537
1780491600,2026-06-03 13:00:00,2.936,3.06,2.971,3.05,2389971.599
1780495200,2026-06-03 14:00:00,2.961,3.077,3.047,3.006,1652890.674
1780498800,2026-06-03 15:00:00,2.906,3.08,3.007,2.938,2684786.428
1780502400,2026-06-03 16:00:00,2.789,2.95,2.939,2.85,2355865.088
1780506000,2026-06-03 17:00:00,2.769,2.855,2.851,2.799,1259046.166
1780509600,2026-06-03 18:00:00,2.773,2.874,2.799,2.872,1032791.403
1780513200,2026-06-03 19:00:00,2.83,2.92,2.872,2.849,1499121.02
1780516800,2026-06-03 20:00:00,2.771,2.873,2.848,2.796,1133908.305
1780520400,2026-06-03 21:00:00,2.794,2.926,2.796,2.911,924897.179
1780524000,2026-06-03 22:00:00,2.822,2.934,2.911,2.828,838837.525
1780527600,2026-06-03 23:00:00,2.79,2.855,2.827,2.814,891663.094
1780531200,2026-06-04 00:00:00,2.765,2.85,2.813,2.786,1041397.38
1780534800,2026-06-04 01:00:00,2.678,2.805,2.787,2.694,1463123.187
1780538400,2026-06-04 02:00:00,2.627,2.796,2.695,2.705,2295023.617
1780542000,2026-06-04 03:00:00,2.694,2.829,2.705,2.728,1112502.425
1780545600,2026-06-04 04:00:00,2.613,2.754,2.728,2.63,575670.211
1780549200,2026-06-04 05:00:00,2.505,2.634,2.63,2.535,1202586.778
1780552800,2026-06-04 06:00:00,2.461,2.572,2.534,2.464,830009.47
1780556400,2026-06-04 07:00:00,2.377,2.474,2.464,2.402,1510513.695
1780560000,2026-06-04 08:00:00,2.302,2.411,2.403,2.328,1283718.928
1780563600,2026-06-04 09:00:00,2.293,2.367,2.329,2.346,1695406.675
1780567200,2026-06-04 10:00:00,2.328,2.413,2.347,2.408,1218072.375
1780570800,2026-06-04 11:00:00,2.344,2.453,2.409,2.449,1735118.877
1780574400,2026-06-04 12:00:00,2.363,2.486,2.45,2.424,3299274.081
1780578000,2026-06-04 13:00:00,2.34,2.424,2.424,2.369,1324603.673
1780581600,2026-06-04 14:00:00,2.348,2.403,2.369,2.367,775194.157
1780585200,2026-06-04 15:00:00,2.353,2.443,2.366,2.39,1234964.429
1780588800,2026-06-04 16:00:00,2.382,2.483,2.392,2.43,1026246.952
1780592400,2026-06-04 17:00:00,2.374,2.462,2.428,2.39,834914.347
1780596000,2026-06-04 18:00:00,2.357,2.408,2.39,2.379,654871.698
1780599600,2026-06-04 19:00:00,2.325,2.386,2.378,2.345,1167405.825
1780603200,2026-06-04 20:00:00,2.29,2.347,2.346,2.297,608870.437
1780606800,2026-06-04 21:00:00,2.211,2.31,2.297,2.236,1539512.412
1780610400,2026-06-04 22:00:00,2.177,2.268,2.236,2.217,1607990.564
1780614000,2026-06-04 23:00:00,2.172,2.239,2.218,2.195,827362.599
1780617600,2026-06-05 00:00:00,2.194,2.283,2.197,2.237,1270097.644
1780621200,2026-06-05 01:00:00,2.214,2.299,2.237,2.247,907040.219
1780624800,2026-06-05 02:00:00,2.113,2.246,2.245,2.122,1296448.008
1780628400,2026-06-05 03:00:00,2.089,2.16,2.122,2.124,755892.09
1780632000,2026-06-05 04:00:00,2.11,2.204,2.124,2.198,784383.547
1780635600,2026-06-05 05:00:00,2.157,2.234,2.198,2.176,1261027.4
1780639200,2026-06-05 06:00:00,2.058,2.19,2.177,2.083,1863271.609
1780642800,2026-06-05 07:00:00,1.986,2.101,2.083,2.096,1581271.226
1780646400,2026-06-05 08:00:00,2.014,2.116,2.1,2.077,874597.525
1780650000,2026-06-05 09:00:00,2.037,2.102,2.078,2.083,558099.752
1780653600,2026-06-05 10:00:00,2.016,2.087,2.082,2.036,752931.339
1780657200,2026-06-05 11:00:00,1.995,2.062,2.036,2.016,551843.808
1780660800,2026-06-05 12:00:00,1.997,2.053,2.016,2.036,942583.225
1780664400,2026-06-05 13:00:00,1.998,2.081,2.038,1.998,1125261.784
1780668000,2026-06-05 14:00:00,1.977,2.064,1.998,1.987,1308778.241
1780671600,2026-06-05 15:00:00,1.904,1.989,1.986,1.919,1541928.936
1780675200,2026-06-05 16:00:00,1.84,1.986,1.917,1.979,3036237.811
1780678800,2026-06-05 17:00:00,1.923,2.003,1.977,1.976,1227100.478
1780682400,2026-06-05 18:00:00,1.888,1.981,1.976,1.893,1256047.611
1780686000,2026-06-05 19:00:00,1.851,1.984,1.891,1.972,1678173.587
1780689600,2026-06-05 20:00:00,1.934,2.033,1.973,2.016,1385192.253
1780693200,2026-06-05 21:00:00,1.991,2.047,2.015,1.995,825987.326
1780696800,2026-06-05 22:00:00,1.966,2.012,1.996,1.985,628728.155
1780700400,2026-06-05 23:00:00,1.937,2.001,1.985,1.968,741410.594
1780704000,2026-06-06 00:00:00,1.96,1.992,1.968,1.985,476986.734
1780707600,2026-06-06 01:00:00,1.955,2.006,1.986,1.992,290898.221
1780711200,2026-06-06 02:00:00,1.961,1.993,1.991,1.968,366354.238
1780714800,2026-06-06 03:00:00,1.941,1.979,1.969,1.945,596677.189
1780718400,2026-06-06 04:00:00,1.829,1.947,1.945,1.868,1301865.258
1780722000,2026-06-06 05:00:00,1.849,1.956,1.866,1.935,1231336.595
1780725600,2026-06-06 06:00:00,1.928,1.972,1.936,1.928,505276.196
1780729200,2026-06-06 07:00:00,1.921,1.954,1.927,1.933,274472.697
1780732800,2026-06-06 08:00:00,1.916,1.947,1.932,1.936,318119.722
1780736400,2026-06-06 09:00:00,1.887,1.951,1.935,1.905,307149.875
1780740000,2026-06-06 10:00:00,1.856,1.904,1.904,1.875,643981.714
1780743600,2026-06-06 11:00:00,1.873,1.928,1.874,1.916,576373.817
1780747200,2026-06-06 12:00:00,1.889,1.921,1.917,1.904,246674.871
1780750800,2026-06-06 13:00:00,1.868,1.913,1.906,1.875,423825.234
1780754400,2026-06-06 14:00:00,1.842,1.889,1.874,1.851,1007019.422
1780758000,2026-06-06 15:00:00,1.824,1.895,1.852,1.886,637406.579
1780761600,2026-06-06 16:00:00,1.858,1.914,1.885,1.891,705223.771
1780765200,2026-06-06 17:00:00,1.853,1.897,1.889,1.857,399712.767
1780768800,2026-06-06 18:00:00,1.849,1.9,1.859,1.865,351746.323
1780772400,2026-06-06 19:00:00,1.858,1.881,1.866,1.859,326593.479
1780776000,2026-06-06 20:00:00,1.854,1.877,1.858,1.872,316949.744
1780779600,2026-06-06 21:00:00,1.869,1.892,1.872,1.877,223473.746
1780783200,2026-06-06 22:00:00,1.846,1.885,1.877,1.852,287955.45
1780786800,2026-06-06 23:00:00,1.846,1.871,1.851,1.858,738875.783
1780790400,2026-06-07 00:00:00,1.851,1.885,1.858,1.877,456039.718
1780794000,2026-06-07 01:00:00,1.872,1.953,1.877,1.943,955203.105
1780797600,2026-06-07 02:00:00,1.879,1.953,1.942,1.893,1452209.758
1780801200,2026-06-07 03:00:00,1.814,1.893,1.893,1.849,1225354.066
1780804800,2026-06-07 04:00:00,1.837,1.885,1.848,1.876,571523.056
1780808400,2026-06-07 05:00:00,1.865,1.905,1.876,1.9,477122.98
1780812000,2026-06-07 06:00:00,1.888,1.944,1.902,1.932,587761.27
1780815600,2026-06-07 07:00:00,1.904,1.95,1.931,1.909,358806.592
1780819200,2026-06-07 08:00:00,1.899,1.938,1.91,1.932,547767.2
1780822800,2026-06-07 09:00:00,1.904,1.959,1.932,1.912,770289.427
1780826400,2026-06-07 10:00:00,1.883,1.915,1.912,1.895,366123.995
1780830000,2026-06-07 11:00:00,1.885,1.939,1.894,1.919,348972.663
1780833600,2026-06-07 12:00:00,1.857,1.929,1.92,1.886,508719.231
1780837200,2026-06-07 13:00:00,1.882,1.92,1.885,1.911,392822.25
1780840800,2026-06-07 14:00:00,1.911,1.991,1.911,1.982,479554.908
1780844400,2026-06-07 15:00:00,1.97,2.062,1.983,2.022,1186289.139
1780848000,2026-06-07 16:00:00,2.002,2.102,2.024,2.039,1888570.333
1780851600,2026-06-07 17:00:00,2.012,2.08,2.038,2.036,586391.133
1780855200,2026-06-07 18:00:00,2.015,2.061,2.038,2.017,559233.621
1780858800,2026-06-07 19:00:00,1.905,2.019,2.017,1.966,1186190.826
1780862400,2026-06-07 20:00:00,1.955,2.019,1.965,2.006,534718.61
1780866000,2026-06-07 21:00:00,1.971,2.013,2.006,1.989,361416.006
1780869600,2026-06-07 22:00:00,1.988,2.1,1.988,2.031,676615.181
1780873200,2026-06-07 23:00:00,2.018,2.059,2.032,2.059,307007.322
1780876800,2026-06-08 00:00:00,2.022,2.093,2.057,2.084,640656.214
1780880400,2026-06-08 01:00:00,2.012,2.086,2.085,2.042,765186.878
1780884000,2026-06-08 02:00:00,2.035,2.108,2.043,2.081,898149.888
1780887600,2026-06-08 03:00:00,2.058,2.109,2.08,2.075,606224.58
1780891200,2026-06-08 04:00:00,2.033,2.08,2.076,2.041,543633.239
1780894800,2026-06-08 05:00:00,2.018,2.074,2.04,2.073,580924.102
1780898400,2026-06-08 06:00:00,2.071,2.16,2.073,2.157,677304.257
1780902000,2026-06-08 07:00:00,2.132,2.195,2.158,2.142,782377.452
1780905600,2026-06-08 08:00:00,2.113,2.156,2.138,2.126,773925.709
1780909200,2026-06-08 09:00:00,2.127,2.181,2.127,2.181,771508.354
1780912800,2026-06-08 10:00:00,2.114,2.184,2.181,2.114,390871.503
1780916400,2026-06-08 11:00:00,2.103,2.161,2.115,2.122,562255.577
1780920000,2026-06-08 12:00:00,2.093,2.199,2.123,2.193,736961.944
1780923600,2026-06-08 13:00:00,2.133,2.197,2.192,2.152,548207.448
1780927200,2026-06-08 14:00:00,2.12,2.17,2.152,2.165,651674.262
1780930800,2026-06-08 15:00:00,2.153,2.231,2.168,2.212,968284.707
1780934400,2026-06-08 16:00:00,2.201,2.263,2.212,2.201,1065524.544
1780938000,2026-06-08 17:00:00,2.168,2.222,2.201,2.192,625101.042
1780941600,2026-06-08 18:00:00,2.17,2.203,2.194,2.197,433027.151
1780945200,2026-06-08 19:00:00,2.174,2.219,2.196,2.188,506656.219
1780948800,2026-06-08 20:00:00,2.133,2.203,2.189,2.196,801534.56
1780952400,2026-06-08 21:00:00,2.143,2.206,2.197,2.15,870774.083
1780956000,2026-06-08 22:00:00,2.125,2.155,2.149,2.133,501932.779
1780959600,2026-06-08 23:00:00,2.119,2.143,2.134,2.129,239066.686
1780963200,2026-06-09 00:00:00,2.05,2.137,2.128,2.078,712855.734
1780966800,2026-06-09 01:00:00,2.062,2.093,2.077,2.085,387635.654
1780970400,2026-06-09 02:00:00,2.047,2.093,2.085,2.066,396876.059
1780974000,2026-06-09 03:00:00,2.044,2.075,2.065,2.048,278244.685
1780977600,2026-06-09 04:00:00,2.046,2.101,2.049,2.094,519561.69
1780981200,2026-06-09 05:00:00,2.087,2.19,2.093,2.183,401465.786
1780984800,2026-06-09 06:00:00,2.152,2.184,2.181,2.17,332536.978
1780988400,2026-06-09 07:00:00,2.165,2.202,2.171,2.181,429702.897
1780992000,2026-06-09 08:00:00,2.144,2.2,2.181,2.168,294658.178
1780995600,2026-06-09 09:00:00,2.128,2.182,2.168,2.138,589623.932
1780999200,2026-06-09 10:00:00,2.132,2.182,2.139,2.18,303833.662
1781002800,2026-06-09 11:00:00,2.142,2.181,2.179,2.159,244783.978
1781006400,2026-06-09 12:00:00,2.151,2.181,2.158,2.165,527166.875
1781010000,2026-06-09 13:00:00,2.131,2.226,2.166,2.176,967214.812
1781013600,2026-06-09 14:00:00,2.075,2.177,2.176,2.111,784517.081
1781017200,2026-06-09 15:00:00,2.046,2.139,2.112,2.076,1061727.731
1781020800,2026-06-09 16:00:00,2.033,2.112,2.075,2.075,900305.257
1781024400,2026-06-09 17:00:00,2.072,2.131,2.076,2.122,516642.838
1781028000,2026-06-09 18:00:00,2.097,2.199,2.121,2.158,561999.765
1781031600,2026-06-09 19:00:00,2.149,2.218,2.159,2.217,690608.327
1781035200,2026-06-09 20:00:00,2.187,2.251,2.218,2.233,898997.284
1781038800,2026-06-09 21:00:00,2.174,2.259,2.234,2.185,645687.251
1781042400,2026-06-09 22:00:00,2.152,2.201,2.185,2.153,420096.374
1781046000,2026-06-09 23:00:00,2.142,2.18,2.155,2.151,225146.989
1781049600,2026-06-10 00:00:00,2.113,2.171,2.153,2.141,708545.002
1781053200,2026-06-10 01:00:00,2.126,2.203,2.14,2.177,595533.821
1781056800,2026-06-10 02:00:00,2.127,2.188,2.177,2.141,709885.613
1781060400,2026-06-10 03:00:00,2.128,2.177,2.14,2.134,150146.546
1781064000,2026-06-10 04:00:00,2.091,2.15,2.135,2.097,567942.09
1781067600,2026-06-10 05:00:00,2.042,2.104,2.097,2.043,386097.679
1781071200,2026-06-10 06:00:00,1.997,2.083,2.042,2.062,876614.718
1781074800,2026-06-10 07:00:00,2.047,2.099,2.062,2.081,353282.939
1781078400,2026-06-10 08:00:00,2.055,2.099,2.081,2.076,961630.754
1781082000,2026-06-10 09:00:00,2.058,2.099,2.078,2.083,563798.287
1781085600,2026-06-10 10:00:00,2.055,2.083,2.082,2.068,404205.661
1781089200,2026-06-10 11:00:00,2.029,2.073,2.069,2.038,571006.677
1781092800,2026-06-10 12:00:00,2.025,2.131,2.039,2.115,628379.142
1781096400,2026-06-10 13:00:00,2.084,2.174,2.116,2.137,509776.594
1781100000,2026-06-10 14:00:00,2.09,2.141,2.135,2.106,381896.003
1781103600,2026-06-10 15:00:00,2.065,2.13,2.107,2.091,696627.388
1781107200,2026-06-10 16:00:00,2.038,2.11,2.092,2.051,460783.089
1781110800,2026-06-10 17:00:00,2.026,2.077,2.051,2.062,336310.751
1781114400,2026-06-10 18:00:00,2.001,2.063,2.062,2.03,693831.538
1781118000,2026-06-10 19:00:00,2.008,2.04,2.031,2.008,307744.986
1781121600,2026-06-10 20:00:00,1.97,2.022,2.009,1.976,488353.646
1781125200,2026-06-10 21:00:00,1.927,1.984,1.976,1.961,767154.476
1781128800,2026-06-10 22:00:00,1.938,1.983,1.961,1.959,461687.577
1781132400,2026-06-10 23:00:00,1.945,1.98,1.958,1.967,471467.455
1781136000,2026-06-11 00:00:00,1.964,2.004,1.969,1.969,217244.139
1781139600,2026-06-11 01:00:00,1.97,2.011,1.97,2.009,478466.497
1781143200,2026-06-11 02:00:00,1.947,2.01,2.01,1.964,228679.888
1781146800,2026-06-11 03:00:00,1.95,2.046,1.965,2.026,979461.918
1781150400,2026-06-11 04:00:00,2.007,2.064,2.026,2.053,280451.466
1781154000,2026-06-11 05:00:00,2.037,2.075,2.052,2.042,367916.519
1781157600,2026-06-11 06:00:00,2.041,2.08,2.044,2.045,453393.864
1781161200,2026-06-11 07:00:00,2.018,2.05,2.044,2.037,252325.683
1781164800,2026-06-11 08:00:00,2.027,2.061,2.036,2.03,264063.691
1781168400,2026-06-11 09:00:00,1.985,2.03,2.03,1.995,332234.033
1781172000,2026-06-11 10:00:00,1.989,2.044,1.996,2.017,947542.188
1781175600,2026-06-11 11:00:00,2.008,2.076,2.016,2.063,562362.761
1781179200,2026-06-11 12:00:00,2.005,2.068,2.061,2.011,431099.427
1781182800,2026-06-11 13:00:00,2.003,2.036,2.011,2.016,486042.849
1781186400,2026-06-11 14:00:00,1.993,2.027,2.018,1.996,296875.202
1781190000,2026-06-11 15:00:00,1.982,2.039,1.995,2.013,233182.187
1781193600,2026-06-11 16:00:00,1.978,2.025,2.013,1.978,239829.381
1781197200,2026-06-11 17:00:00,1.955,2.075,1.978,2.069,1059635.916
1781200800,2026-06-11 18:00:00,2.031,2.079,2.068,2.036,769804.803
1781204400,2026-06-11 19:00:00,2.022,2.07,2.035,2.038,604517.852
1781208000,2026-06-11 20:00:00,2.013,2.051,2.039,2.042,308761.214
1781211600,2026-06-11 21:00:00,2.043,2.118,2.043,2.095,729258.813
1781215200,2026-06-11 22:00:00,2.052,2.093,2.091,2.058,475223.571
1781218800,2026-06-11 23:00:00,2.044,2.079,2.058,2.064,204950.531
1781222400,2026-06-12 00:00:00,2.048,2.074,2.063,2.055,248531.602
1781226000,2026-06-12 01:00:00,2.03,2.065,2.054,2.065,279324.139
1781229600,2026-06-12 02:00:00,2.062,2.105,2.065,2.094,172046.647
1781233200,2026-06-12 03:00:00,2.073,2.102,2.094,2.08,180411.179
1781236800,2026-06-12 04:00:00,2.073,2.099,2.079,2.093,138609.576
1781240400,2026-06-12 05:00:00,2.042,2.096,2.093,2.042,154210.167
1781244000,2026-06-12 06:00:00,2.016,2.068,2.041,2.047,760623.335
1781247600,2026-06-12 07:00:00,2.049,2.13,2.049,2.086,642298.537
1781251200,2026-06-12 08:00:00,2.084,2.143,2.085,2.14,204778.674
1781254800,2026-06-12 09:00:00,2.109,2.143,2.139,2.12,378288.663
1781258400,2026-06-12 10:00:00,2.079,2.152,2.121,2.099,537304.396
1781262000,2026-06-12 11:00:00,2.084,2.113,2.098,2.091,448123.413
1781265600,2026-06-12 12:00:00,2.087,2.119,2.092,2.102,598464.041
1781269200,2026-06-12 13:00:00,2.05,2.103,2.103,2.062,884320.571
1781272800,2026-06-12 14:00:00,2.05,2.09,2.063,2.082,717563.339
1781276400,2026-06-12 15:00:00,2.034,2.126,2.083,2.038,1010116.854
1781280000,2026-06-12 16:00:00,2.018,2.055,2.038,2.054,489359.043
1781283600,2026-06-12 17:00:00,2.053,2.07,2.055,2.057,253558.353
1781287200,2026-06-12 18:00:00,2.021,2.06,2.057,2.022,167185.922
1781290800,2026-06-12 19:00:00,2.005,2.039,2.022,2.005,150473.757
1781294400,2026-06-12 20:00:00,1.978,2.019,2.005,1.998,436675.853
1781298000,2026-06-12 21:00:00,1.984,2.016,1.998,1.994,253188.225
1781301600,2026-06-12 22:00:00,1.993,2.01,1.994,2.006,169435.33
1781305200,2026-06-12 23:00:00,1.995,2.013,2.007,2.01,110262.231
1781308800,2026-06-13 00:00:00,1.996,2.01,2.009,2.006,93933.075
1781312400,2026-06-13 01:00:00,2.001,2.019,2.007,2.015,110307.809
1781316000,2026-06-13 02:00:00,2.006,2.021,2.012,2.02,116524.589
1781319600,2026-06-13 03:00:00,2.01,2.034,2.022,2.013,138909.046
1781323200,2026-06-13 04:00:00,1.995,2.018,2.014,1.999,90312.369
1781326800,2026-06-13 05:00:00,1.989,2.003,2,2,77995.235
1781330400,2026-06-13 06:00:00,1.99,2.03,2.001,2.027,96288.529
1781334000,2026-06-13 07:00:00,2.006,2.056,2.027,2.026,224257.593
1781337600,2026-06-13 08:00:00,2.017,2.046,2.026,2.026,84915.708
1781341200,2026-06-13 09:00:00,2.012,2.04,2.027,2.029,156891.074
1781344800,2026-06-13 10:00:00,2.015,2.036,2.027,2.026,80813.292
1781348400,2026-06-13 11:00:00,2.018,2.051,2.023,2.042,232152.261
1781352000,2026-06-13 12:00:00,2.039,2.065,2.042,2.054,279871.695
1781355600,2026-06-13 13:00:00,2.046,2.074,2.055,2.057,293716.292
1781359200,2026-06-13 14:00:00,2.051,2.074,2.058,2.072,178199.5
1781362800,2026-06-13 15:00:00,2.07,2.183,2.073,2.179,1392846.703
1781366400,2026-06-13 16:00:00,2.091,2.185,2.178,2.151,591841.909
1781370000,2026-06-13 17:00:00,2.105,2.152,2.148,2.118,323732.306
1781373600,2026-06-13 18:00:00,2.103,2.129,2.117,2.12,225201.722
1781377200,2026-06-13 19:00:00,2.1,2.132,2.12,2.1,150919.907
1781380800,2026-06-13 20:00:00,2.09,2.109,2.102,2.099,155094.779
1781384400,2026-06-13 21:00:00,2.084,2.142,2.1,2.131,174158.634
1781388000,2026-06-13 22:00:00,2.112,2.136,2.128,2.112,165165.984
1781391600,2026-06-13 23:00:00,2.111,2.136,2.111,2.127,173093.562
1781395200,2026-06-14 00:00:00,2.111,2.131,2.127,2.116,171738.964
1781398800,2026-06-14 01:00:00,2.111,2.173,2.117,2.159,322714.521
1781402400,2026-06-14 02:00:00,2.128,2.171,2.158,2.133,401825.109
1781406000,2026-06-14 03:00:00,2.121,2.146,2.133,2.14,189752.954
1781409600,2026-06-14 04:00:00,2.107,2.142,2.139,2.116,151101.327
1781413200,2026-06-14 05:00:00,2.099,2.123,2.117,2.116,132215.067
1781416800,2026-06-14 06:00:00,2.098,2.141,2.117,2.106,126873.655
1781420400,2026-06-14 07:00:00,2.09,2.11,2.107,2.101,167136.285
1781424000,2026-06-14 08:00:00,2.1,2.127,2.102,2.112,105005.412
1781427600,2026-06-14 09:00:00,2.085,2.121,2.11,2.117,132030.347
1781431200,2026-06-14 10:00:00,2.102,2.132,2.116,2.103,168654.915
1781434800,2026-06-14 11:00:00,2.093,2.119,2.102,2.108,107084.143
1781438400,2026-06-14 12:00:00,2.083,2.113,2.11,2.089,122502.778
1781442000,2026-06-14 13:00:00,2.077,2.111,2.09,2.098,124699.576
1781445600,2026-06-14 14:00:00,2.061,2.1,2.098,2.072,281523.08
1781449200,2026-06-14 15:00:00,2.066,2.084,2.074,2.068,147777.832
1781452800,2026-06-14 16:00:00,2.068,2.092,2.068,2.073,173015.213
1781456400,2026-06-14 17:00:00,2.073,2.098,2.073,2.087,206016.746
1781460000,2026-06-14 18:00:00,2.083,2.102,2.087,2.095,126899.583
1781463600,2026-06-14 19:00:00,2.09,2.109,2.094,2.101,72102.892
1781467200,2026-06-14 20:00:00,2.102,2.131,2.102,2.113,169010.743
1781470800,2026-06-14 21:00:00,2.099,2.21,2.114,2.188,788313.839
1781474400,2026-06-14 22:00:00,2.169,2.237,2.19,2.214,1102789.678
1781478000,2026-06-14 23:00:00,2.206,2.236,2.214,2.218,557423.807
1781481600,2026-06-15 00:00:00,2.21,2.258,2.219,2.249,568127.791
1781485200,2026-06-15 01:00:00,2.224,2.254,2.251,2.244,462606.589
1781488800,2026-06-15 02:00:00,2.235,2.281,2.243,2.279,354861.105
1781492400,2026-06-15 03:00:00,2.257,2.318,2.279,2.316,395387.138
1781496000,2026-06-15 04:00:00,2.316,2.382,2.318,2.361,581753.579
1781499600,2026-06-15 05:00:00,2.337,2.384,2.362,2.366,575835.059
1781503200,2026-06-15 06:00:00,2.356,2.402,2.365,2.38,688713.082
1781506800,2026-06-15 07:00:00,2.369,2.411,2.38,2.375,311896.066
1781510400,2026-06-15 08:00:00,2.366,2.416,2.374,2.369,354123.199
1781514000,2026-06-15 09:00:00,2.348,2.395,2.37,2.391,490110.151
1781517600,2026-06-15 10:00:00,2.378,2.449,2.391,2.419,614080.554
1781521200,2026-06-15 11:00:00,2.417,2.499,2.42,2.495,1141824.325
1781524800,2026-06-15 12:00:00,2.442,2.5,2.494,2.479,571073.352
1781528400,2026-06-15 13:00:00,2.46,2.501,2.477,2.468,385405.12
1781532000,2026-06-15 14:00:00,2.458,2.538,2.468,2.536,606154.528
1781535600,2026-06-15 15:00:00,2.466,2.542,2.537,2.488,722279.213
1781539200,2026-06-15 16:00:00,2.471,2.497,2.488,2.479,433907.353
1781542800,2026-06-15 17:00:00,2.469,2.508,2.479,2.488,479743.705
1781546400,2026-06-15 18:00:00,2.471,2.509,2.487,2.501,166139.958
1781550000,2026-06-15 19:00:00,2.46,2.531,2.501,2.467,508097.197
1781553600,2026-06-15 20:00:00,2.458,2.489,2.464,2.473,150780.662
1781557200,2026-06-15 21:00:00,2.427,2.473,2.472,2.443,378055.236
1781560800,2026-06-15 22:00:00,2.391,2.465,2.444,2.397,591546.379
1781564400,2026-06-15 23:00:00,2.364,2.402,2.398,2.391,547211.982
1781568000,2026-06-16 00:00:00,2.384,2.417,2.392,2.406,215273.286
1781571600,2026-06-16 01:00:00,2.396,2.427,2.407,2.399,196581.347
1781575200,2026-06-16 02:00:00,2.338,2.399,2.398,2.381,403860.772
1781578800,2026-06-16 03:00:00,2.368,2.4,2.38,2.398,208895.56
1781582400,2026-06-16 04:00:00,2.367,2.415,2.398,2.387,349330.632
1781586000,2026-06-16 05:00:00,2.386,2.434,2.386,2.428,223872.905
1781589600,2026-06-16 06:00:00,2.425,2.446,2.43,2.43,188343.981
1781593200,2026-06-16 07:00:00,2.41,2.464,2.429,2.453,247919.364
1781596800,2026-06-16 08:00:00,2.449,2.502,2.453,2.493,363838.846
1781600400,2026-06-16 09:00:00,2.48,2.521,2.494,2.504,204726.595
1781604000,2026-06-16 10:00:00,2.468,2.56,2.506,2.469,472632.943
1781607600,2026-06-16 11:00:00,2.425,2.488,2.468,2.441,442324.941
1781611200,2026-06-16 12:00:00,2.419,2.453,2.441,2.448,250692.396
1781614800,2026-06-16 13:00:00,2.374,2.451,2.447,2.382,467523.887
1781618400,2026-06-16 14:00:00,2.309,2.397,2.383,2.323,503388.887
1781622000,2026-06-16 15:00:00,2.309,2.345,2.322,2.337,424067.417
1781625600,2026-06-16 16:00:00,2.313,2.347,2.336,2.32,212236.147
1781629200,2026-06-16 17:00:00,2.316,2.341,2.319,2.335,217239.49
1781632800,2026-06-16 18:00:00,2.323,2.357,2.334,2.33,227506.738
1781636400,2026-06-16 19:00:00,2.283,2.328,2.328,2.298,387369.657
1781640000,2026-06-16 20:00:00,2.297,2.384,2.299,2.368,370451.537
1781643600,2026-06-16 21:00:00,2.329,2.371,2.367,2.334,199654.907
1781647200,2026-06-16 22:00:00,2.317,2.345,2.334,2.324,318148.208
1781650800,2026-06-16 23:00:00,2.305,2.328,2.326,2.308,171990.469
1781654400,2026-06-17 00:00:00,2.302,2.326,2.308,2.311,183553.91
1781658000,2026-06-17 01:00:00,2.304,2.349,2.31,2.348,239656.649
1781661600,2026-06-17 02:00:00,2.33,2.357,2.348,2.347,151639.018
1781665200,2026-06-17 03:00:00,2.31,2.348,2.348,2.316,162148.578
1781668800,2026-06-17 04:00:00,2.311,2.345,2.315,2.336,120744.72
1781672400,2026-06-17 05:00:00,2.309,2.344,2.336,2.331,123696.542
1781676000,2026-06-17 06:00:00,2.304,2.336,2.33,2.315,104599.729
1781679600,2026-06-17 07:00:00,2.269,2.317,2.314,2.314,248579.427
1781683200,2026-06-17 08:00:00,2.27,2.316,2.315,2.28,227964.219
1781686800,2026-06-17 09:00:00,2.265,2.291,2.279,2.284,157297.548
1781690400,2026-06-17 10:00:00,2.268,2.285,2.284,2.271,128044.039
1781694000,2026-06-17 11:00:00,2.256,2.293,2.274,2.282,114286.364
1781697600,2026-06-17 12:00:00,2.272,2.322,2.285,2.314,173124.153
1781701200,2026-06-17 13:00:00,2.297,2.329,2.314,2.306,343457.725
1781704800,2026-06-17 14:00:00,2.286,2.321,2.305,2.303,291517.1
1781708400,2026-06-17 15:00:00,2.293,2.385,2.302,2.38,386747.656
1781712000,2026-06-17 16:00:00,2.337,2.387,2.381,2.339,332098.452
1781715600,2026-06-17 17:00:00,2.317,2.356,2.339,2.344,156513.306
1781719200,2026-06-17 18:00:00,2.274,2.344,2.343,2.309,480979.039
1781722800,2026-06-17 19:00:00,2.229,2.326,2.31,2.233,824184.575
1781726400,2026-06-17 20:00:00,2.228,2.262,2.232,2.261,338726.963
1781730000,2026-06-17 21:00:00,2.216,2.273,2.262,2.224,233539.138
1781733600,2026-06-17 22:00:00,2.202,2.243,2.223,2.224,322504.621
1781737200,2026-06-17 23:00:00,2.172,2.239,2.224,2.181,638948.906
1781740800,2026-06-18 00:00:00,2.175,2.203,2.18,2.193,542522.131
1781744400,2026-06-18 01:00:00,2.193,2.229,2.193,2.223,357596.514
1781748000,2026-06-18 02:00:00,2.222,2.243,2.224,2.235,221912.561
1781751600,2026-06-18 03:00:00,2.199,2.235,2.235,2.203,250947.316
1781755200,2026-06-18 04:00:00,2.159,2.204,2.204,2.167,298906.302
1781758800,2026-06-18 05:00:00,2.144,2.168,2.166,2.162,273640.289
1781762400,2026-06-18 06:00:00,2.154,2.203,2.163,2.2,172897.188
1781766000,2026-06-18 07:00:00,2.191,2.219,2.2,2.214,251221.79
1781769600,2026-06-18 08:00:00,2.207,2.234,2.213,2.214,140828.034
1781773200,2026-06-18 09:00:00,2.206,2.238,2.215,2.235,141067.662
1781776800,2026-06-18 10:00:00,2.211,2.234,2.234,2.22,145556.829
1781780400,2026-06-18 11:00:00,2.186,2.229,2.221,2.203,173052.998
1781784000,2026-06-18 12:00:00,2.199,2.268,2.202,2.26,260762.167
1781787600,2026-06-18 13:00:00,2.237,2.3,2.26,2.27,787742.391
1781791200,2026-06-18 14:00:00,2.241,2.289,2.27,2.263,480143.889
1781794800,2026-06-18 15:00:00,2.165,2.278,2.262,2.177,821496.068
1781798400,2026-06-18 16:00:00,2.173,2.225,2.176,2.221,401440.918
1781802000,2026-06-18 17:00:00,2.128,2.226,2.222,2.17,1374133.19
1781805600,2026-06-18 18:00:00,2.159,2.189,2.17,2.171,411536.781
1781809200,2026-06-18 19:00:00,2.16,2.211,2.17,2.195,347288.804
1781812800,2026-06-18 20:00:00,2.197,2.23,2.197,2.21,287044.872
1781816400,2026-06-18 21:00:00,2.187,2.215,2.21,2.193,177457.136
1781820000,2026-06-18 22:00:00,2.19,2.216,2.192,2.213,272472.886
1781823600,2026-06-18 23:00:00,2.182,2.237,2.212,2.234,289971.089
1781827200,2026-06-19 00:00:00,2.223,2.252,2.236,2.238,214277.911
1781830800,2026-06-19 01:00:00,2.207,2.246,2.236,2.221,167736.986
1781834400,2026-06-19 02:00:00,2.189,2.232,2.222,2.208,82258.513
1781838000,2026-06-19 03:00:00,2.103,2.211,2.208,2.133,692662.909
1781841600,2026-06-19 04:00:00,2.094,2.148,2.133,2.102,279428.625
1781845200,2026-06-19 05:00:00,2.1,2.137,2.103,2.131,361976.735
1781848800,2026-06-19 06:00:00,2.122,2.152,2.13,2.15,117450.735
1781852400,2026-06-19 07:00:00,2.103,2.149,2.149,2.115,272299.274
1781856000,2026-06-19 08:00:00,2.114,2.147,2.116,2.134,207959.944
1781859600,2026-06-19 09:00:00,2.108,2.14,2.135,2.113,161017.452
1781863200,2026-06-19 10:00:00,2.097,2.118,2.114,2.111,208738.088
1781866800,2026-06-19 11:00:00,2.096,2.119,2.111,2.1,102143.854
1781870400,2026-06-19 12:00:00,2.082,2.135,2.101,2.13,326860.475
1781874000,2026-06-19 13:00:00,2.122,2.176,2.131,2.159,404626.33
1781877600,2026-06-19 14:00:00,2.143,2.173,2.159,2.149,262557.763
1781881200,2026-06-19 15:00:00,2.144,2.165,2.149,2.161,163267.322
1781884800,2026-06-19 16:00:00,2.13,2.179,2.162,2.139,197123.116
1781888400,2026-06-19 17:00:00,2.133,2.161,2.139,2.156,113488.905
1781892000,2026-06-19 18:00:00,2.136,2.161,2.155,2.142,173369.95
1781895600,2026-06-19 19:00:00,2.117,2.145,2.143,2.121,126876.026
1781899200,2026-06-19 20:00:00,2.12,2.15,2.122,2.147,109296.46
1781902800,2026-06-19 21:00:00,2.123,2.155,2.146,2.132,134461.664
1781906400,2026-06-19 22:00:00,2.128,2.158,2.133,2.157,151594.071
1781910000,2026-06-19 23:00:00,2.153,2.192,2.158,2.187,530156.083
1781913600,2026-06-20 00:00:00,2.156,2.192,2.186,2.156,951649.352
1781917200,2026-06-20 01:00:00,2.15,2.177,2.155,2.169,136470.402
1781920800,2026-06-20 02:00:00,2.153,2.177,2.169,2.166,131217.997
1781924400,2026-06-20 03:00:00,2.156,2.173,2.166,2.159,116754.886
1781928000,2026-06-20 04:00:00,2.156,2.175,2.159,2.173,161906.668
1781931600,2026-06-20 05:00:00,2.166,2.19,2.174,2.176,132829.179
1781935200,2026-06-20 06:00:00,2.154,2.179,2.177,2.158,85397.957
1781938800,2026-06-20 07:00:00,2.136,2.16,2.158,2.139,104059.87
1781942400,2026-06-20 08:00:00,2.133,2.146,2.138,2.142,76601.122
1781946000,2026-06-20 09:00:00,2.136,2.153,2.142,2.152,56377.552
1781949600,2026-06-20 10:00:00,2.132,2.158,2.151,2.142,71801.971
1781953200,2026-06-20 11:00:00,2.121,2.143,2.142,2.133,108464.019
1781956800,2026-06-20 12:00:00,2.132,2.151,2.133,2.143,141559.368
1781960400,2026-06-20 13:00:00,2.122,2.156,2.143,2.134,238253.124
1781964000,2026-06-20 14:00:00,2.099,2.163,2.133,2.151,599360.839
1781967600,2026-06-20 15:00:00,2.143,2.177,2.151,2.162,253633.305
1781971200,2026-06-20 16:00:00,2.15,2.195,2.163,2.192,345842.093
1781974800,2026-06-20 17:00:00,2.136,2.195,2.193,2.146,342747.342
1781978400,2026-06-20 18:00:00,2.134,2.152,2.146,2.136,107476.153
1781982000,2026-06-20 19:00:00,2.134,2.155,2.135,2.154,176158.407
1781985600,2026-06-20 20:00:00,2.146,2.163,2.154,2.159,253801.642
1781989200,2026-06-20 21:00:00,2.154,2.174,2.159,2.164,155014.011
1781992800,2026-06-20 22:00:00,2.157,2.203,2.163,2.192,297397.265
1781996400,2026-06-20 23:00:00,2.185,2.197,2.192,2.192,160766.229
1782000000,2026-06-21 00:00:00,2.187,2.225,2.192,2.21,328437.084
1782003600,2026-06-21 01:00:00,2.189,2.209,2.209,2.192,194559.356
1782007200,2026-06-21 02:00:00,2.168,2.195,2.191,2.172,187344.338
1782010800,2026-06-21 03:00:00,2.167,2.21,2.172,2.206,258570.461
1782014400,2026-06-21 04:00:00,2.197,2.222,2.207,2.199,160586.077
1782018000,2026-06-21 05:00:00,2.185,2.211,2.198,2.211,90464.045
1782021600,2026-06-21 06:00:00,2.208,2.231,2.212,2.229,101373.663
1782025200,2026-06-21 07:00:00,2.207,2.248,2.228,2.216,173098.122
1782028800,2026-06-21 08:00:00,2.199,2.258,2.217,2.255,369542.143
1782032400,2026-06-21 09:00:00,2.235,2.277,2.256,2.269,323334.917
1782036000,2026-06-21 10:00:00,2.251,2.27,2.268,2.258,187247.95
1782039600,2026-06-21 11:00:00,2.229,2.268,2.259,2.232,275829.025
1782043200,2026-06-21 12:00:00,2.158,2.233,2.233,2.177,411519.235
1782046800,2026-06-21 13:00:00,2.173,2.189,2.178,2.183,124458.43
1782050400,2026-06-21 14:00:00,2.169,2.19,2.184,2.182,143435.413
1782054000,2026-06-21 15:00:00,2.18,2.209,2.183,2.203,138293.75
1782057600,2026-06-21 16:00:00,2.14,2.203,2.202,2.163,391955.095
1782061200,2026-06-21 17:00:00,2.149,2.176,2.162,2.155,169593.368
1782064800,2026-06-21 18:00:00,2.147,2.187,2.155,2.184,274104.622
1782068400,2026-06-21 19:00:00,2.178,2.197,2.183,2.179,135000.813
1782072000,2026-06-21 20:00:00,2.116,2.178,2.178,2.117,343337.385
1782075600,2026-06-21 21:00:00,2.1,2.132,2.117,2.115,382406.239
1782079200,2026-06-21 22:00:00,2.09,2.133,2.117,2.113,553093.64
1782082800,2026-06-21 23:00:00,2.087,2.113,2.113,2.099,182852.199
1782086400,2026-06-22 00:00:00,2.093,2.133,2.099,2.132,201825.995
1782090000,2026-06-22 01:00:00,2.127,2.182,2.133,2.165,516464.113
1782093600,2026-06-22 02:00:00,2.158,2.179,2.165,2.16,208389.206
1782097200,2026-06-22 03:00:00,2.136,2.169,2.16,2.136,154686.069
1782100800,2026-06-22 04:00:00,2.127,2.146,2.135,2.144,121577.977
1782104400,2026-06-22 05:00:00,2.139,2.163,2.145,2.151,112855.422
1782108000,2026-06-22 06:00:00,2.137,2.159,2.152,2.147,79398.896
1782111600,2026-06-22 07:00:00,2.146,2.195,2.146,2.169,171369.647
1782115200,2026-06-22 08:00:00,2.146,2.169,2.169,2.158,111421.267
1782118800,2026-06-22 09:00:00,2.139,2.158,2.158,2.14,93927.94
1782122400,2026-06-22 10:00:00,2.131,2.147,2.139,2.136,99656.594
1782126000,2026-06-22 11:00:00,2.13,2.171,2.135,2.165,382552.779
1782129600,2026-06-22 12:00:00,2.155,2.185,2.164,2.178,277351.461
1782133200,2026-06-22 13:00:00,2.165,2.19,2.179,2.184,222923.472
1782136800,2026-06-22 14:00:00,2.116,2.189,2.185,2.13,290127.93
1782140400,2026-06-22 15:00:00,2.112,2.146,2.131,2.119,333888.215
1782144000,2026-06-22 16:00:00,2.11,2.131,2.119,2.126,208038.761
1782147600,2026-06-22 17:00:00,2.112,2.129,2.126,2.127,64681.676
1782151200,2026-06-22 18:00:00,2.104,2.136,2.128,2.108,105944.393
1782154800,2026-06-22 19:00:00,2.1,2.123,2.107,2.109,252840.694
1782158400,2026-06-22 20:00:00,2.093,2.146,2.108,2.138,359315.546
1782162000,2026-06-22 21:00:00,2.103,2.141,2.139,2.11,157744.231
1782165600,2026-06-22 22:00:00,2.054,2.12,2.11,2.065,545374.167
1782169200,2026-06-22 23:00:00,2.057,2.076,2.066,2.065,216475.553
1782172800,2026-06-23 00:00:00,2.04,2.068,2.065,2.058,477888.466
1782176400,2026-06-23 01:00:00,2.017,2.062,2.058,2.039,309367.616
1782180000,2026-06-23 02:00:00,2.029,2.046,2.038,2.041,281523.858
1782183600,2026-06-23 03:00:00,2.033,2.065,2.04,2.059,486407.114
1782187200,2026-06-23 04:00:00,2.022,2.066,2.059,2.023,461591.104
1782190800,2026-06-23 05:00:00,2.021,2.036,2.023,2.025,169353.051
1782194400,2026-06-23 06:00:00,2.002,2.033,2.023,2.024,444679.245
1782198000,2026-06-23 07:00:00,2.011,2.031,2.025,2.016,208033.224
1782201600,2026-06-23 08:00:00,1.96,2.021,2.016,1.979,1139853.307
1782205200,2026-06-23 09:00:00,1.978,1.992,1.979,1.988,185696.497
1782208800,2026-06-23 10:00:00,1.975,2,1.989,1.985,170874.052
1782212400,2026-06-23 11:00:00,1.984,2.011,1.984,2.007,136630.673
1782216000,2026-06-23 12:00:00,1.991,2.011,2.007,2.001,118827.285
1782219600,2026-06-23 13:00:00,1.978,2.005,2,1.995,341099.055
1782223200,2026-06-23 14:00:00,1.986,2.007,1.995,1.986,265827.488
1782226800,2026-06-23 15:00:00,1.967,1.991,1.986,1.977,224025.116
1782230400,2026-06-23 16:00:00,1.968,2.003,1.976,1.973,153745.295
1782234000,2026-06-23 17:00:00,1.962,1.976,1.972,1.97,144766.279
1782237600,2026-06-23 18:00:00,1.96,1.977,1.97,1.975,155414.894
1782241200,2026-06-23 19:00:00,1.974,1.987,1.976,1.979,73523.667
1782244800,2026-06-23 20:00:00,1.978,1.994,1.978,1.993,72615.629
1782248400,2026-06-23 21:00:00,1.986,1.998,1.993,1.987,64916.741
1782252000,2026-06-23 22:00:00,1.977,1.999,1.988,1.977,115729.591
1782255600,2026-06-23 23:00:00,1.968,1.982,1.976,1.979,143122.185
1782259200,2026-06-24 00:00:00,1.98,1.995,1.98,1.989,149847.056
1782262800,2026-06-24 01:00:00,1.976,2.002,1.989,1.992,133706.13
1782266400,2026-06-24 02:00:00,1.964,1.993,1.992,1.967,512726.958
1782270000,2026-06-24 03:00:00,1.952,1.973,1.967,1.967,126004.49
1782273600,2026-06-24 04:00:00,1.947,1.969,1.968,1.964,281444.719
1782277200,2026-06-24 05:00:00,1.962,1.988,1.965,1.982,122005.294
1782280800,2026-06-24 06:00:00,1.972,1.984,1.984,1.974,140462.051
1782284400,2026-06-24 07:00:00,1.948,1.975,1.975,1.953,200368.842
1782288000,2026-06-24 08:00:00,1.948,1.961,1.954,1.955,103900.862
1782291600,2026-06-24 09:00:00,1.944,1.954,1.954,1.952,72907.266
1782295200,2026-06-24 10:00:00,1.948,1.961,1.951,1.95,151648.944
1782298800,2026-06-24 11:00:00,1.934,1.981,1.95,1.971,141807.106
1782302400,2026-06-24 12:00:00,1.959,1.978,1.971,1.962,137260.568
1782306000,2026-06-24 13:00:00,1.914,1.962,1.962,1.937,392913.024
1782309600,2026-06-24 14:00:00,1.924,1.947,1.936,1.934,358465.028
1782313200,2026-06-24 15:00:00,1.893,1.935,1.935,1.911,236236.055
1782316800,2026-06-24 16:00:00,1.868,1.929,1.91,1.883,388097.709
1782320400,2026-06-24 17:00:00,1.84,1.895,1.885,1.867,794177.549
1782324000,2026-06-24 18:00:00,1.857,1.918,1.868,1.899,249831.228
1782327600,2026-06-24 19:00:00,1.883,1.904,1.9,1.904,106593.186
1782331200,2026-06-24 20:00:00,1.898,1.951,1.903,1.946,267252.334
1782334800,2026-06-24 21:00:00,1.934,1.968,1.946,1.966,140214.281
1782338400,2026-06-24 22:00:00,1.948,1.978,1.967,1.952,224565.544
1782342000,2026-06-24 23:00:00,1.951,1.964,1.952,1.964,69785.442
1782345600,2026-06-25 00:00:00,1.952,1.969,1.963,1.956,91406.538
1782349200,2026-06-25 01:00:00,1.946,1.96,1.957,1.946,61906.85
1782352800,2026-06-25 02:00:00,1.937,1.948,1.945,1.937,160862.067
1782356400,2026-06-25 03:00:00,1.931,1.942,1.938,1.939,112881.546
1782360000,2026-06-25 04:00:00,1.924,1.948,1.939,1.946,79239.949
1782363600,2026-06-25 05:00:00,1.947,1.969,1.947,1.967,180866.712
1782367200,2026-06-25 06:00:00,1.962,1.973,1.967,1.971,110123.925
1782370800,2026-06-25 07:00:00,1.955,1.971,1.971,1.966,84844.709
1782374400,2026-06-25 08:00:00,1.949,1.969,1.966,1.951,99740.362
1782378000,2026-06-25 09:00:00,1.936,1.952,1.952,1.948,120045.887
1782381600,2026-06-25 10:00:00,1.929,1.948,1.946,1.932,254835.259
1782385200,2026-06-25 11:00:00,1.897,1.943,1.932,1.901,577477.631
1782388800,2026-06-25 12:00:00,1.892,1.93,1.902,1.913,515476.344
1782392400,2026-06-25 13:00:00,1.803,1.947,1.913,1.809,961970.856
1782396000,2026-06-25 14:00:00,1.81,1.892,1.81,1.857,797624.809
1782399600,2026-06-25 15:00:00,1.835,1.867,1.856,1.861,365441.134
1782403200,2026-06-25 16:00:00,1.823,1.887,1.86,1.834,719591.9
1782406800,2026-06-25 17:00:00,1.824,1.869,1.833,1.863,274466.288
1782410400,2026-06-25 18:00:00,1.841,1.874,1.863,1.851,311380.201
1782414000,2026-06-25 19:00:00,1.818,1.852,1.852,1.829,306258.472
1782417600,2026-06-25 20:00:00,1.806,1.835,1.83,1.808,238570.426
1782421200,2026-06-25 21:00:00,1.8,1.837,1.808,1.83,384973.093
1782424800,2026-06-25 22:00:00,1.773,1.832,1.83,1.8,423500.786
1782428400,2026-06-25 23:00:00,1.798,1.856,1.799,1.831,564030.035
1782432000,2026-06-26 00:00:00,1.806,1.839,1.832,1.811,187398.902
1782435600,2026-06-26 01:00:00,1.8,1.814,1.81,1.807,130689.919
1782439200,2026-06-26 02:00:00,1.756,1.807,1.807,1.761,474184.93
1782442800,2026-06-26 03:00:00,1.756,1.831,1.762,1.821,507733.134
1782446400,2026-06-26 04:00:00,1.8,1.823,1.821,1.801,125154.668
1782450000,2026-06-26 05:00:00,1.794,1.818,1.801,1.81,139643.768
1782453600,2026-06-26 06:00:00,1.8,1.861,1.81,1.849,370204.263
1782457200,2026-06-26 07:00:00,1.835,1.86,1.85,1.847,277995.122
1782460800,2026-06-26 08:00:00,1.812,1.847,1.847,1.817,179726.857
1782464400,2026-06-26 09:00:00,1.801,1.819,1.816,1.801,103833.837
1782468000,2026-06-26 10:00:00,1.791,1.807,1.802,1.795,382724.889
1782471600,2026-06-26 11:00:00,1.777,1.817,1.795,1.786,700423.63
1782475200,2026-06-26 12:00:00,1.771,1.801,1.786,1.777,413351.52
1782478800,2026-06-26 13:00:00,1.746,1.808,1.778,1.804,1469554.408
1782482400,2026-06-26 14:00:00,1.776,1.807,1.804,1.786,787235.071
1782486000,2026-06-26 15:00:00,1.779,1.816,1.786,1.801,626674.442
1782489600,2026-06-26 16:00:00,1.786,1.826,1.801,1.801,719579.824
1782493200,2026-06-26 17:00:00,1.797,1.823,1.8,1.808,303603.362
1782496800,2026-06-26 18:00:00,1.794,1.823,1.808,1.796,193066.434
1782500400,2026-06-26 19:00:00,1.79,1.836,1.796,1.803,496276.396
1782504000,2026-06-26 20:00:00,1.799,1.827,1.804,1.808,408011.588
1782507600,2026-06-26 21:00:00,1.784,1.808,1.808,1.792,418485.988
1782511200,2026-06-26 22:00:00,1.778,1.793,1.793,1.791,192760.745
1782514800,2026-06-26 23:00:00,1.79,1.815,1.792,1.801,346748.536
1782518400,2026-06-27 00:00:00,1.787,1.809,1.801,1.804,130708.166
1782522000,2026-06-27 01:00:00,1.792,1.805,1.805,1.794,88487.212
1782525600,2026-06-27 02:00:00,1.792,1.832,1.793,1.822,253293.343
1782529200,2026-06-27 03:00:00,1.804,1.823,1.821,1.807,147126.827
1782532800,2026-06-27 04:00:00,1.8,1.817,1.807,1.802,184087.235
1782536400,2026-06-27 05:00:00,1.797,1.809,1.802,1.808,159268.177
1782540000,2026-06-27 06:00:00,1.795,1.811,1.809,1.802,160715.114
1782543600,2026-06-27 07:00:00,1.8,1.812,1.802,1.809,145826.088
1782547200,2026-06-27 08:00:00,1.792,1.808,1.808,1.797,120016.594
1782550800,2026-06-27 09:00:00,1.79,1.802,1.795,1.8,46096.894
1782554400,2026-06-27 10:00:00,1.796,1.809,1.8,1.809,59332.043
1782558000,2026-06-27 11:00:00,1.798,1.821,1.81,1.82,139843.246
1782561600,2026-06-27 12:00:00,1.809,1.82,1.819,1.816,74262.776
1782565200,2026-06-27 13:00:00,1.814,1.847,1.817,1.846,462984.424
1782568800,2026-06-27 14:00:00,1.838,1.878,1.847,1.878,274615.496
1782572400,2026-06-27 15:00:00,1.868,1.9,1.878,1.89,284412.074
1782576000,2026-06-27 16:00:00,1.884,1.923,1.89,1.922,627530.587
1782579600,2026-06-27 17:00:00,1.878,1.927,1.922,1.907,517186.129
1782583200,2026-06-27 18:00:00,1.864,1.907,1.907,1.876,577400.816
1782586800,2026-06-27 19:00:00,1.833,1.883,1.875,1.858,433234.807
1782590400,2026-06-27 20:00:00,1.855,1.892,1.857,1.888,258411.388
1782594000,2026-06-27 21:00:00,1.863,1.911,1.889,1.871,206574.163
1782597600,2026-06-27 22:00:00,1.853,1.88,1.87,1.861,245516.009
1782601200,2026-06-27 23:00:00,1.856,1.879,1.861,1.866,257739.167
1782604800,2026-06-28 00:00:00,1.866,1.941,1.866,1.902,761822.084
1782608400,2026-06-28 01:00:00,1.883,1.905,1.901,1.896,235894.504
1782612000,2026-06-28 02:00:00,1.887,1.909,1.896,1.906,188342.565
1782615600,2026-06-28 03:00:00,1.892,1.918,1.905,1.906,325874.511
1782619200,2026-06-28 04:00:00,1.882,1.907,1.907,1.884,132754.481
1782622800,2026-06-28 05:00:00,1.866,1.887,1.883,1.885,193013.901
1782626400,2026-06-28 06:00:00,1.838,1.886,1.885,1.85,586633.288
1782630000,2026-06-28 07:00:00,1.85,1.874,1.85,1.871,120010.368
1782633600,2026-06-28 08:00:00,1.863,1.89,1.87,1.878,143148.122
1782637200,2026-06-28 09:00:00,1.87,1.889,1.878,1.87,71577.21
1782640800,2026-06-28 10:00:00,1.849,1.881,1.872,1.857,181121.038
1782644400,2026-06-28 11:00:00,1.853,1.873,1.857,1.867,256002.99
1782648000,2026-06-28 12:00:00,1.852,1.872,1.866,1.859,128272.427
1782651600,2026-06-28 13:00:00,1.844,1.87,1.859,1.859,294328.756
1782655200,2026-06-28 14:00:00,1.855,1.882,1.859,1.872,166953.365
1782658800,2026-06-28 15:00:00,1.855,1.878,1.872,1.86,289150.646
1782662400,2026-06-28 16:00:00,1.846,1.868,1.86,1.851,197116.929
1782666000,2026-06-28 17:00:00,1.814,1.854,1.85,1.819,353226.807
1782669600,2026-06-28 18:00:00,1.814,1.832,1.818,1.831,135256.628
1782673200,2026-06-28 19:00:00,1.81,1.832,1.831,1.822,138739.301
1782676800,2026-06-28 20:00:00,1.822,1.845,1.823,1.841,112286.169
1782680400,2026-06-28 21:00:00,1.801,1.841,1.841,1.811,199511.391
1782684000,2026-06-28 22:00:00,1.804,1.843,1.812,1.808,203616.521
1782687600,2026-06-28 23:00:00,1.808,1.848,1.808,1.829,870776.674
1782691200,2026-06-29 00:00:00,1.802,1.839,1.829,1.834,313281.37
1782694800,2026-06-29 01:00:00,1.814,1.852,1.833,1.84,656801.126
1782698400,2026-06-29 02:00:00,1.816,1.858,1.839,1.856,165503.69
1782702000,2026-06-29 03:00:00,1.855,1.881,1.855,1.865,262923.585
1782705600,2026-06-29 04:00:00,1.839,1.864,1.864,1.844,190335.48
1782709200,2026-06-29 05:00:00,1.82,1.853,1.842,1.853,189379.604
1782712800,2026-06-29 06:00:00,1.85,1.867,1.854,1.859,213073.4
1782716400,2026-06-29 07:00:00,1.851,1.874,1.857,1.864,123541.93
1782720000,2026-06-29 08:00:00,1.83,1.871,1.864,1.837,544324.399
1782723600,2026-06-29 09:00:00,1.832,1.848,1.837,1.847,166719.354
1782727200,2026-06-29 10:00:00,1.847,1.862,1.848,1.851,77382.197
1782730800,2026-06-29 11:00:00,1.828,1.853,1.851,1.837,157070.161
1782734400,2026-06-29 12:00:00,1.825,1.873,1.838,1.848,255303.512
1782738000,2026-06-29 13:00:00,1.825,1.865,1.849,1.844,239030.539
1782741600,2026-06-29 14:00:00,1.812,1.846,1.845,1.844,244725.132
1782745200,2026-06-29 15:00:00,1.816,1.847,1.844,1.844,176738.953
1782748800,2026-06-29 16:00:00,1.837,1.86,1.843,1.852,159418.272
1782752400,2026-06-29 17:00:00,1.851,1.912,1.851,1.894,565415.925
1782756000,2026-06-29 18:00:00,1.884,1.912,1.894,1.889,261543.134
1782759600,2026-06-29 19:00:00,1.879,1.906,1.888,1.89,216132.799
1782763200,2026-06-29 20:00:00,1.863,1.897,1.89,1.865,259013.957
1782766800,2026-06-29 21:00:00,1.856,1.885,1.866,1.857,288993.671
1782770400,2026-06-29 22:00:00,1.852,1.871,1.856,1.853,171404.59
1782774000,2026-06-29 23:00:00,1.852,1.866,1.852,1.862,82464.61
1782777600,2026-06-30 00:00:00,1.83,1.863,1.862,1.834,199697.785
1782781200,2026-06-30 01:00:00,1.826,1.839,1.834,1.838,157098.178
1782784800,2026-06-30 02:00:00,1.827,1.841,1.835,1.836,63697.46
1782788400,2026-06-30 03:00:00,1.837,1.852,1.837,1.848,116408.906
1782792000,2026-06-30 04:00:00,1.838,1.861,1.848,1.858,266393.85
1782795600,2026-06-30 05:00:00,1.857,1.872,1.857,1.871,119016.475
1782799200,2026-06-30 06:00:00,1.855,1.871,1.869,1.855,140858.379
1782802800,2026-06-30 07:00:00,1.845,1.862,1.854,1.854,86578.44
1782806400,2026-06-30 08:00:00,1.833,1.853,1.853,1.844,237397.169
1782810000,2026-06-30 09:00:00,1.83,1.844,1.844,1.842,79305.986
1782813600,2026-06-30 10:00:00,1.833,1.858,1.842,1.855,90240.483
1782817200,2026-06-30 11:00:00,1.83,1.855,1.855,1.843,126467.465
1782820800,2026-06-30 12:00:00,1.769,1.842,1.842,1.769,1865401.337
1782824400,2026-06-30 13:00:00,1.753,1.797,1.77,1.789,1816963.926
1782828000,2026-06-30 14:00:00,1.78,1.809,1.789,1.782,389741.742
1782831600,2026-06-30 15:00:00,1.774,1.795,1.782,1.784,228047.747
1782835200,2026-06-30 16:00:00,1.771,1.801,1.784,1.796,366061.764
1782838800,2026-06-30 17:00:00,1.79,1.804,1.796,1.793,100393.52
1782842400,2026-06-30 18:00:00,1.792,1.808,1.793,1.801,153076.436
1782846000,2026-06-30 19:00:00,1.792,1.805,1.801,1.794,110715.49
1782849600,2026-06-30 20:00:00,1.783,1.798,1.793,1.786,141714.787
1782853200,2026-06-30 21:00:00,1.774,1.789,1.787,1.789,135721.936
1782856800,2026-06-30 22:00:00,1.78,1.797,1.79,1.782,150395.766
1782860400,2026-06-30 23:00:00,1.777,1.786,1.782,1.779,155468.415
1782864000,2026-07-01 00:00:00,1.772,1.785,1.779,1.774,104741.408
1782867600,2026-07-01 01:00:00,1.721,1.787,1.773,1.772,738278.878
1782871200,2026-07-01 02:00:00,1.762,1.809,1.772,1.808,163380.596
1782874800,2026-07-01 03:00:00,1.799,1.84,1.809,1.838,182766.823
1782878400,2026-07-01 04:00:00,1.834,1.852,1.838,1.839,268107.568
1782882000,2026-07-01 05:00:00,1.82,1.842,1.838,1.825,292411.448
1782885600,2026-07-01 06:00:00,1.795,1.824,1.824,1.803,147206.2
1782889200,2026-07-01 07:00:00,1.785,1.804,1.804,1.792,172401.742
1782892800,2026-07-01 08:00:00,1.771,1.796,1.791,1.791,322910.553
1782896400,2026-07-01 09:00:00,1.785,1.796,1.791,1.79,138204.469
1782900000,2026-07-01 10:00:00,1.776,1.793,1.79,1.779,138208.556
1782903600,2026-07-01 11:00:00,1.777,1.801,1.779,1.789,105874.981
1782907200,2026-07-01 12:00:00,1.774,1.796,1.789,1.783,141591.903
1782910800,2026-07-01 13:00:00,1.766,1.813,1.783,1.813,347850.852
1782914400,2026-07-01 14:00:00,1.803,1.847,1.814,1.842,456322.512
1782918000,2026-07-01 15:00:00,1.834,1.866,1.843,1.842,569712.08
1782921600,2026-07-01 16:00:00,1.821,1.844,1.841,1.823,160147.027
1782925200,2026-07-01 17:00:00,1.814,1.838,1.824,1.833,100191.561
1782928800,2026-07-01 18:00:00,1.819,1.849,1.833,1.835,490548.543
1782932400,2026-07-01 19:00:00,1.824,1.844,1.834,1.826,144287.257
1782936000,2026-07-01 20:00:00,1.819,1.837,1.827,1.835,84632.3
1782939600,2026-07-01 21:00:00,1.834,1.874,1.835,1.872,243033.747
1782943200,2026-07-01 22:00:00,1.841,1.876,1.873,1.845,441702.684
1782946800,2026-07-01 23:00:00,1.801,1.844,1.844,1.805,319793.564
1782950400,2026-07-02 00:00:00,1.799,1.826,1.805,1.821,164805.13
1782954000,2026-07-02 01:00:00,1.822,1.91,1.823,1.883,790128.799
1782957600,2026-07-02 02:00:00,1.877,1.894,1.884,1.886,240381.215
1782961200,2026-07-02 03:00:00,1.871,1.925,1.887,1.922,371971.692
1782964800,2026-07-02 04:00:00,1.906,1.924,1.92,1.92,237790.858
1782968400,2026-07-02 05:00:00,1.899,1.922,1.919,1.9,163998.895
1782972000,2026-07-02 06:00:00,1.891,1.921,1.901,1.907,168209.524
1782975600,2026-07-02 07:00:00,1.902,1.916,1.906,1.913,83360.18
1782979200,2026-07-02 08:00:00,1.913,1.939,1.913,1.93,183916.698
1782982800,2026-07-02 09:00:00,1.909,1.949,1.928,1.943,476665.464
1782986400,2026-07-02 10:00:00,1.933,1.953,1.943,1.934,169267.391
1782990000,2026-07-02 11:00:00,1.929,1.95,1.932,1.944,255611.225
1782993600,2026-07-02 12:00:00,1.93,1.952,1.942,1.933,368076.811
1782997200,2026-07-02 13:00:00,1.926,1.95,1.932,1.941,280727.573
1783000800,2026-07-02 14:00:00,1.902,1.952,1.942,1.909,317979.099
1783004400,2026-07-02 15:00:00,1.897,1.917,1.91,1.914,223926.491
1783008000,2026-07-02 16:00:00,1.904,1.93,1.914,1.923,215306.994
1783011600,2026-07-02 17:00:00,1.92,1.951,1.922,1.94,395395.488
1783015200,2026-07-02 18:00:00,1.937,1.949,1.942,1.946,84131.8
1783018800,2026-07-02 19:00:00,1.933,1.95,1.946,1.939,136514.456
1783022400,2026-07-02 20:00:00,1.919,1.941,1.94,1.93,439472.518
1783026000,2026-07-02 21:00:00,1.915,1.932,1.931,1.922,104888.86
1783029600,2026-07-02 22:00:00,1.919,1.934,1.925,1.928,96560.304
1783033200,2026-07-02 23:00:00,1.92,1.946,1.927,1.942,145877.006
1783036800,2026-07-03 00:00:00,1.918,1.946,1.942,1.925,107818.883
1783040400,2026-07-03 01:00:00,1.922,1.965,1.923,1.954,219814.379
1783044000,2026-07-03 02:00:00,1.939,1.963,1.956,1.953,237589.229
1783047600,2026-07-03 03:00:00,1.94,1.961,1.952,1.957,181150.143
1783051200,2026-07-03 04:00:00,1.939,1.96,1.957,1.939,102350.05
1783054800,2026-07-03 05:00:00,1.932,1.959,1.94,1.945,79145.754
1783058400,2026-07-03 06:00:00,1.944,1.964,1.944,1.955,116088.115
1783062000,2026-07-03 07:00:00,1.947,1.964,1.955,1.955,92477.325
1783065600,2026-07-03 08:00:00,1.948,1.972,1.954,1.955,141367.379
1783069200,2026-07-03 09:00:00,1.952,1.971,1.954,1.969,173662.374
1783072800,2026-07-03 10:00:00,1.97,2.001,1.97,1.991,414444.56
1783076400,2026-07-03 11:00:00,1.99,2.017,1.99,2.015,438315.696
1783080000,2026-07-03 12:00:00,2.014,2.047,2.015,2.04,598009.25
1783083600,2026-07-03 13:00:00,2.041,2.095,2.041,2.093,1208881.543
1783087200,2026-07-03 14:00:00,2.069,2.116,2.093,2.078,2098775.768
1783090800,2026-07-03 15:00:00,2.03,2.085,2.078,2.034,453950.056
1783094400,2026-07-03 16:00:00,2.016,2.041,2.035,2.023,334848.555
1783098000,2026-07-03 17:00:00,2.009,2.031,2.023,2.019,335218.426
1783101600,2026-07-03 18:00:00,2.008,2.017,2.017,2.01,256915.832
1783105200,2026-07-03 19:00:00,1.996,2.021,2.009,2.008,323469.106
1783108800,2026-07-03 20:00:00,2.001,2.042,2.009,2.03,376237.659
1783112400,2026-07-03 21:00:00,2.029,2.06,2.03,2.055,241589.72
1783116000,2026-07-03 22:00:00,2.029,2.055,2.055,2.04,133068.774
1783119600,2026-07-03 23:00:00,2.028,2.046,2.041,2.045,464887.641
1783123200,2026-07-04 00:00:00,2.035,2.058,2.045,2.058,1220138.306
1783126800,2026-07-04 01:00:00,2.01,2.057,2.055,2.019,846030.718
1783130400,2026-07-04 02:00:00,2.004,2.025,2.018,2.01,151184.389
1783134000,2026-07-04 03:00:00,2.003,2.022,2.009,2.009,182592.034
1783137600,2026-07-04 04:00:00,1.989,2.017,2.009,2.01,181755.338
1783141200,2026-07-04 05:00:00,1.989,2.01,2.01,1.997,117754.714
1783144800,2026-07-04 06:00:00,1.99,2.009,1.996,1.992,125120.091
1783148400,2026-07-04 07:00:00,1.967,1.993,1.99,1.977,216429.826
1783152000,2026-07-04 08:00:00,1.97,1.982,1.976,1.974,117288.122
1783155600,2026-07-04 09:00:00,1.955,1.979,1.974,1.96,100148.893
1783159200,2026-07-04 10:00:00,1.957,1.967,1.96,1.961,67409.263
1783162800,2026-07-04 11:00:00,1.959,1.979,1.961,1.967,197985.689
1783166400,2026-07-04 12:00:00,1.968,1.98,1.968,1.977,97622.189
1783170000,2026-07-04 13:00:00,1.965,1.988,1.977,1.972,133093.1
1783173600,2026-07-04 14:00:00,1.972,2.031,1.972,2.022,289178.335
1783177200,2026-07-04 15:00:00,2.012,2.045,2.023,2.037,329395.628
1783180800,2026-07-04 16:00:00,2.013,2.039,2.036,2.016,222627.584
1783184400,2026-07-04 17:00:00,2.007,2.038,2.015,2.029,177527.717
1783188000,2026-07-04 18:00:00,1.995,2.032,2.029,2,412206.688
1783191600,2026-07-04 19:00:00,1.99,2.011,2.002,2,143659.641
1783195200,2026-07-04 20:00:00,1.982,2.012,2.001,1.993,531161.113
1783198800,2026-07-04 21:00:00,1.991,2.006,1.992,1.999,106570.906
1783202400,2026-07-04 22:00:00,1.989,2.004,1.999,2.004,102446.138
1783206000,2026-07-04 23:00:00,1.979,2.004,2.004,1.996,138332.302
1783209600,2026-07-05 00:00:00,1.978,1.997,1.996,1.985,93709.605
1783213200,2026-07-05 01:00:00,1.969,1.992,1.986,1.979,222147.384
1783216800,2026-07-05 02:00:00,1.959,1.982,1.978,1.97,109284.235
1783220400,2026-07-05 03:00:00,1.96,1.987,1.97,1.965,107931.69
1783224000,2026-07-05 04:00:00,1.96,1.976,1.965,1.97,62834.35
1783227600,2026-07-05 05:00:00,1.943,1.97,1.969,1.954,115708.962
1783231200,2026-07-05 06:00:00,1.945,1.958,1.953,1.951,75958.386
1783234800,2026-07-05 07:00:00,1.937,1.959,1.95,1.957,66620.254
1783238400,2026-07-05 08:00:00,1.949,1.964,1.956,1.952,50000.623
1783242000,2026-07-05 09:00:00,1.924,1.957,1.951,1.929,152966.338
1783245600,2026-07-05 10:00:00,1.92,1.944,1.928,1.944,127711.392
1783249200,2026-07-05 11:00:00,1.934,1.952,1.944,1.946,87163.125
1783252800,2026-07-05 12:00:00,1.938,1.971,1.945,1.963,128160.304
1783256400,2026-07-05 13:00:00,1.961,1.98,1.963,1.978,143412.845
1783260000,2026-07-05 14:00:00,1.966,1.979,1.978,1.977,77051.689
1783263600,2026-07-05 15:00:00,1.97,1.993,1.978,1.978,114314.223
1783267200,2026-07-05 16:00:00,1.963,1.981,1.977,1.972,88290.139
1783270800,2026-07-05 17:00:00,1.969,1.986,1.972,1.974,76601.058
1783274400,2026-07-05 18:00:00,1.973,1.995,1.975,1.984,79993.522
1783278000,2026-07-05 19:00:00,1.981,2.005,1.983,1.999,219777.86
1783281600,2026-07-05 20:00:00,1.997,2.01,1.998,2.007,162147.63
1783285200,2026-07-05 21:00:00,1.999,2.04,2.006,2.025,267152.598
1783288800,2026-07-05 22:00:00,2.017,2.058,2.025,2.027,462483.589
1783292400,2026-07-05 23:00:00,2.007,2.031,2.027,2.014,214197.39
1783296000,2026-07-06 00:00:00,1.988,2.028,2.014,2.02,448872.386
1783299600,2026-07-06 01:00:00,1.997,2.037,2.02,2.002,176708.247
1783303200,2026-07-06 02:00:00,1.997,2.02,2.003,2.005,291032.624
1783306800,2026-07-06 03:00:00,1.974,2.007,2.005,1.995,168688.436
1783310400,2026-07-06 04:00:00,1.979,1.995,1.995,1.987,85771.145
1783314000,2026-07-06 05:00:00,1.968,1.992,1.987,1.98,147299.254
1783317600,2026-07-06 06:00:00,1.97,1.983,1.981,1.98,65370.525
1783321200,2026-07-06 07:00:00,1.974,1.995,1.98,1.988,65597.064
1783324800,2026-07-06 08:00:00,1.97,1.998,1.989,1.979,56578.605
1783328400,2026-07-06 09:00:00,1.967,1.984,1.979,1.973,95281.216
1783332000,2026-07-06 10:00:00,1.974,2.018,1.975,2.018,83239.731
1783335600,2026-07-06 11:00:00,1.993,2.035,2.017,1.994,445198.055
1783339200,2026-07-06 12:00:00,1.958,2.012,1.993,1.968,692112.307
1783342800,2026-07-06 13:00:00,1.951,2.003,1.968,1.998,452551.1
1783346400,2026-07-06 14:00:00,1.994,2.034,1.998,2.005,722734.446
1783350000,2026-07-06 15:00:00,2.001,2.094,2.006,2.075,1266663.466
1783353600,2026-07-06 16:00:00,2.044,2.108,2.076,2.063,874945.245
1783357200,2026-07-06 17:00:00,2.053,2.084,2.063,2.067,314972.335
1783360800,2026-07-06 18:00:00,2.059,2.079,2.067,2.07,126805.837
1783364400,2026-07-06 19:00:00,2.067,2.088,2.071,2.069,150764.269
1783368000,2026-07-06 20:00:00,2.06,2.071,2.069,2.065,95779.052
1783371600,2026-07-06 21:00:00,2.059,2.096,2.065,2.081,314184.973
1783375200,2026-07-06 22:00:00,2.065,2.083,2.082,2.072,232957.95
1783378800,2026-07-06 23:00:00,2.045,2.076,2.072,2.051,191252.209
1783382400,2026-07-07 00:00:00,2.049,2.079,2.051,2.073,133583.006
1783386000,2026-07-07 01:00:00,2.044,2.076,2.074,2.065,213994.848
1783389600,2026-07-07 02:00:00,2.033,2.07,2.065,2.034,280924.321
1783393200,2026-07-07 03:00:00,2.014,2.037,2.035,2.018,195443.071
1783396800,2026-07-07 04:00:00,1.997,2.022,2.018,2.009,288406.114
1783400400,2026-07-07 05:00:00,1.982,2.01,2.008,2.002,174622.322
1783404000,2026-07-07 06:00:00,1.994,2.022,2.002,2.017,104499.358
1783407600,2026-07-07 07:00:00,2.016,2.039,2.016,2.024,259546.876
1783411200,2026-07-07 08:00:00,2.008,2.033,2.022,2.019,233429.971
1783414800,2026-07-07 09:00:00,2.004,2.026,2.018,2.006,188014.399
1783418400,2026-07-07 10:00:00,2.006,2.025,2.007,2.008,105028.75
1783422000,2026-07-07 11:00:00,1.998,2.03,2.007,2.03,176776.956
1783425600,2026-07-07 12:00:00,2.01,2.036,2.028,2.01,185904.508
1783429200,2026-07-07 13:00:00,2,2.03,2.01,2.001,282139.592
1783432800,2026-07-07 14:00:00,1.977,2.031,2.001,2.029,249054.9
1783436400,2026-07-07 15:00:00,2.02,2.066,2.028,2.065,396850.479
1783440000,2026-07-07 16:00:00,2.043,2.07,2.065,2.052,229278.899
1783443600,2026-07-07 17:00:00,2.049,2.076,2.053,2.076,171096.563
1783447200,2026-07-07 18:00:00,2.016,2.076,2.076,2.017,349934.454
1783450800,2026-07-07 19:00:00,1.996,2.023,2.016,2.018,285751.606
1783454400,2026-07-07 20:00:00,1.996,2.024,2.018,1.999,143330.928
1783458000,2026-07-07 21:00:00,1.981,2.011,2.002,1.983,223009.986
1783461600,2026-07-07 22:00:00,1.967,1.994,1.982,1.985,157078.432
1783465200,2026-07-07 23:00:00,1.972,1.993,1.986,1.975,176082.745
1783468800,2026-07-08 00:00:00,1.972,1.993,1.976,1.99,181957.874
1783472400,2026-07-08 01:00:00,1.917,1.991,1.989,1.919,586086.213
1783476000,2026-07-08 02:00:00,1.886,1.923,1.919,1.921,563897.142
1783479600,2026-07-08 03:00:00,1.913,1.935,1.921,1.924,288442.896
1783483200,2026-07-08 04:00:00,1.913,1.934,1.924,1.924,148422.852
1783486800,2026-07-08 05:00:00,1.915,1.927,1.924,1.918,76480.81
1783490400,2026-07-08 06:00:00,1.894,1.919,1.918,1.907,138410.952
1783494000,2026-07-08 07:00:00,1.894,1.911,1.907,1.904,167312.222
1783497600,2026-07-08 08:00:00,1.875,1.917,1.902,1.876,584398.986
1783501200,2026-07-08 09:00:00,1.86,1.88,1.875,1.869,333164.693
1783504800,2026-07-08 10:00:00,1.861,1.88,1.868,1.871,251111.555
1783508400,2026-07-08 11:00:00,1.865,1.89,1.871,1.879,320577.333
1783512000,2026-07-08 12:00:00,1.867,1.884,1.88,1.867,192786.313
1783515600,2026-07-08 13:00:00,1.851,1.881,1.867,1.875,295565.233
1783519200,2026-07-08 14:00:00,1.859,1.88,1.875,1.869,240604.825
1783522800,2026-07-08 15:00:00,1.84,1.872,1.87,1.853,179486.54
1783526400,2026-07-08 16:00:00,1.852,1.878,1.853,1.874,191620.984
1783530000,2026-07-08 17:00:00,1.869,1.887,1.874,1.872,221503.495
1783533600,2026-07-08 18:00:00,1.87,1.886,1.873,1.881,149431.084
1783537200,2026-07-08 19:00:00,1.874,1.886,1.882,1.878,112439.769
1783540800,2026-07-08 20:00:00,1.862,1.881,1.878,1.864,131700.71
1783544400,2026-07-08 21:00:00,1.859,1.88,1.864,1.877,119156.538
1783548000,2026-07-08 22:00:00,1.876,1.899,1.876,1.89,245659.341
1783551600,2026-07-08 23:00:00,1.885,1.892,1.889,1.891,44142.133
1783555200,2026-07-09 00:00:00,1.885,1.893,1.892,1.89,84347.573
1783558800,2026-07-09 01:00:00,1.88,1.919,1.89,1.883,118058.305
1783562400,2026-07-09 02:00:00,1.873,1.903,1.883,1.878,141363.633
1783566000,2026-07-09 03:00:00,1.876,1.9,1.878,1.9,143815.023
1783569600,2026-07-09 04:00:00,1.893,1.931,1.899,1.93,104876.026
1783573200,2026-07-09 05:00:00,1.906,1.932,1.929,1.929,256286.356
1783576800,2026-07-09 06:00:00,1.922,1.939,1.929,1.927,171492.929
1783580400,2026-07-09 07:00:00,1.91,1.934,1.927,1.916,100700.469
1783584000,2026-07-09 08:00:00,1.913,1.929,1.916,1.916,56972.859
1783587600,2026-07-09 09:00:00,1.902,1.916,1.914,1.916,60228.999
1783591200,2026-07-09 10:00:00,1.892,1.915,1.915,1.9,106286.888
1783594800,2026-07-09 11:00:00,1.89,1.903,1.9,1.899,68254.973
1783598400,2026-07-09 12:00:00,1.896,1.953,1.9,1.914,397609.11
1783602000,2026-07-09 13:00:00,1.911,1.941,1.914,1.937,196864.481
1783605600,2026-07-09 14:00:00,1.917,1.946,1.937,1.924,227300.861
1783609200,2026-07-09 15:00:00,1.909,1.933,1.922,1.913,170022.96
1783612800,2026-07-09 16:00:00,1.904,1.92,1.913,1.907,151939.554
1783616400,2026-07-09 17:00:00,1.904,1.931,1.907,1.931,250413.911
1783620000,2026-07-09 18:00:00,1.925,1.941,1.931,1.929,100849.608
1783623600,2026-07-09 19:00:00,1.916,1.928,1.927,1.918,72051.568
1783627200,2026-07-09 20:00:00,1.915,1.927,1.919,1.924,50625.8
1783630800,2026-07-09 21:00:00,1.919,1.929,1.925,1.924,33364.451
1783634400,2026-07-09 22:00:00,1.921,1.928,1.925,1.921,54476.802
1783638000,2026-07-09 23:00:00,1.912,1.926,1.92,1.917,47872.451
1783641600,2026-07-10 00:00:00,1.902,1.919,1.916,1.919,79479.187
1783645200,2026-07-10 01:00:00,1.908,1.966,1.918,1.949,256259.548
1783648800,2026-07-10 02:00:00,1.94,1.954,1.949,1.95,101206.674
1783652400,2026-07-10 03:00:00,1.94,1.951,1.951,1.94,102208.95
1783656000,2026-07-10 04:00:00,1.935,1.945,1.941,1.938,33118.634
1783659600,2026-07-10 05:00:00,1.936,1.943,1.938,1.94,36625.348
1783663200,2026-07-10 06:00:00,1.927,1.942,1.939,1.929,26316.126
1783666800,2026-07-10 07:00:00,1.926,1.937,1.93,1.931,29891.049
1783670400,2026-07-10 08:00:00,1.93,1.952,1.931,1.942,86963.565
1783674000,2026-07-10 09:00:00,1.929,1.953,1.942,1.946,142974.369
1783677600,2026-07-10 10:00:00,1.937,1.951,1.946,1.946,55756.508
1783681200,2026-07-10 11:00:00,1.931,1.948,1.947,1.934,80669.989
1783684800,2026-07-10 12:00:00,1.918,1.938,1.935,1.918,148792.5
1783688400,2026-07-10 13:00:00,1.913,1.932,1.918,1.918,303990.276
1783692000,2026-07-10 14:00:00,1.878,1.922,1.919,1.89,289381.318
1783695600,2026-07-10 15:00:00,1.887,1.899,1.889,1.898,106485.058
1783699200,2026-07-10 16:00:00,1.887,1.906,1.898,1.898,123691.466
1783702800,2026-07-10 17:00:00,1.893,1.903,1.898,1.897,61736.23
1783706400,2026-07-10 18:00:00,1.857,1.907,1.898,1.861,383836.861
1783710000,2026-07-10 19:00:00,1.861,1.88,1.861,1.874,299689.481
1783713600,2026-07-10 20:00:00,1.864,1.877,1.874,1.871,133632.227
1783717200,2026-07-10 21:00:00,1.871,1.886,1.872,1.881,33482.655
1783720800,2026-07-10 22:00:00,1.882,1.899,1.882,1.896,68221.194
1783724400,2026-07-10 23:00:00,1.89,1.897,1.897,1.891,65488.347
1783728000,2026-07-11 00:00:00,1.886,1.901,1.891,1.896,509343.974
1783731600,2026-07-11 01:00:00,1.894,1.906,1.896,1.9,519247.792
1783735200,2026-07-11 02:00:00,1.896,1.914,1.9,1.913,389920.924
1783738800,2026-07-11 03:00:00,1.907,1.92,1.912,1.912,472703.204
1783742400,2026-07-11 04:00:00,1.898,1.913,1.911,1.899,361156.323
1783746000,2026-07-11 05:00:00,1.897,1.914,1.899,1.902,277241.824
1783749600,2026-07-11 06:00:00,1.884,1.914,1.903,1.885,374046.044
1783753200,2026-07-11 07:00:00,1.877,1.887,1.885,1.88,106310.917
1783756800,2026-07-11 08:00:00,1.874,1.888,1.881,1.888,70997.559
1783760400,2026-07-11 09:00:00,1.884,1.898,1.889,1.889,87419.469
1783764000,2026-07-11 10:00:00,1.886,1.899,1.89,1.889,156899.514
1783767600,2026-07-11 11:00:00,1.889,1.903,1.889,1.902,60208.331
1783771200,2026-07-11 12:00:00,1.894,1.906,1.902,1.901,169509.062
1783774800,2026-07-11 13:00:00,1.897,1.911,1.901,1.905,95840.957
1783778400,2026-07-11 14:00:00,1.904,1.923,1.906,1.909,106365.718
1783782000,2026-07-11 15:00:00,1.889,1.922,1.911,1.904,362100.235
1783785600,2026-07-11 16:00:00,1.89,1.904,1.904,1.9,142572.255
1783789200,2026-07-11 17:00:00,1.896,1.908,1.899,1.903,31992.048
1783792800,2026-07-11 18:00:00,1.892,1.91,1.902,1.896,292066.415
1783796400,2026-07-11 19:00:00,1.894,1.904,1.895,1.9,55932.579
1783800000,2026-07-11 20:00:00,1.9,1.908,1.9,1.904,87817.955
1783803600,2026-07-11 21:00:00,1.904,1.918,1.904,1.91,54294.181
1783807200,2026-07-11 22:00:00,1.892,1.913,1.909,1.895,96450.609
1783810800,2026-07-11 23:00:00,1.863,1.9,1.896,1.865,203354.847
1783814400,2026-07-12 00:00:00,1.854,1.877,1.865,1.868,263566.19
1783818000,2026-07-12 01:00:00,1.867,1.889,1.868,1.888,101750.606
1783821600,2026-07-12 02:00:00,1.876,1.888,1.888,1.882,54627.027
1783825200,2026-07-12 03:00:00,1.875,1.889,1.882,1.888,26630.733
1783828800,2026-07-12 04:00:00,1.885,1.894,1.888,1.887,46099.659
1783832400,2026-07-12 05:00:00,1.88,1.892,1.887,1.886,75696.485
1783836000,2026-07-12 06:00:00,1.858,1.885,1.885,1.871,120767.899
1783839600,2026-07-12 07:00:00,1.871,1.884,1.871,1.875,100180.102
1783843200,2026-07-12 08:00:00,1.876,1.889,1.876,1.883,50412.616
1783846800,2026-07-12 09:00:00,1.868,1.893,1.883,1.892,83841.416
1783850400,2026-07-12 10:00:00,1.878,1.89,1.89,1.879,43178.078
1783854000,2026-07-12 11:00:00,1.873,1.894,1.877,1.889,61092.221
1783857600,2026-07-12 12:00:00,1.883,1.901,1.888,1.883,89915.153
1783861200,2026-07-12 13:00:00,1.88,1.894,1.883,1.88,92591.49
1783864800,2026-07-12 14:00:00,1.879,1.9,1.881,1.9,109363.425
1783868400,2026-07-12 15:00:00,1.896,1.908,1.9,1.898,152815.161
1783872000,2026-07-12 16:00:00,1.89,1.909,1.899,1.899,151828.672
1783875600,2026-07-12 17:00:00,1.89,1.909,1.9,1.894,132047.504
1783879200,2026-07-12 18:00:00,1.891,1.91,1.895,1.906,91510.945
1783882800,2026-07-12 19:00:00,1.906,1.935,1.908,1.932,259761.114
1783886400,2026-07-12 20:00:00,1.909,1.937,1.932,1.914,200255.451
1783890000,2026-07-12 21:00:00,1.894,1.92,1.915,1.896,131450.544
1783893600,2026-07-12 22:00:00,1.887,1.9,1.896,1.896,214777.003
1783897200,2026-07-12 23:00:00,1.882,1.897,1.897,1.887,94157.758
1783900800,2026-07-13 00:00:00,1.882,1.932,1.886,1.905,249370.659
1783904400,2026-07-13 01:00:00,1.876,1.912,1.905,1.879,188254.529
1783908000,2026-07-13 02:00:00,1.874,1.9,1.878,1.889,105701.996
1783911600,2026-07-13 03:00:00,1.858,1.895,1.888,1.864,142132.291
1783915200,2026-07-13 04:00:00,1.861,1.873,1.863,1.862,103190.216
1783918800,2026-07-13 05:00:00,1.854,1.897,1.86,1.893,114311.12
1783922400,2026-07-13 06:00:00,1.885,1.901,1.893,1.894,60662.676
1783926000,2026-07-13 07:00:00,1.888,1.919,1.895,1.911,132538.245
1783929600,2026-07-13 08:00:00,1.912,1.93,1.912,1.92,204332.371
1783933200,2026-07-13 09:00:00,1.907,1.928,1.919,1.916,161960.676
1783936800,2026-07-13 10:00:00,1.907,1.927,1.916,1.921,238034.704
1783940400,2026-07-13 11:00:00,1.91,1.926,1.921,1.914,161873.057
1783944000,2026-07-13 12:00:00,1.892,1.915,1.914,1.897,104900.145
1783947600,2026-07-13 13:00:00,1.887,1.914,1.896,1.912,143328.833
1783951200,2026-07-13 14:00:00,1.906,1.977,1.913,1.965,918958.349
1783954800,2026-07-13 15:00:00,1.933,1.969,1.965,1.937,572797.005
1783958400,2026-07-13 16:00:00,1.92,1.96,1.937,1.946,236995.336
1783962000,2026-07-13 17:00:00,1.914,1.954,1.944,1.92,217677.868
1783965600,2026-07-13 18:00:00,1.891,1.932,1.919,1.894,324286.629
1783969200,2026-07-13 19:00:00,1.886,1.918,1.894,1.914,197663.883
1783972800,2026-07-13 20:00:00,1.893,1.917,1.915,1.899,142570.326
1783976400,2026-07-13 21:00:00,1.877,1.909,1.899,1.879,229684.97
1783980000,2026-07-13 22:00:00,1.875,1.899,1.88,1.889,156592.741
1783983600,2026-07-13 23:00:00,1.884,1.923,1.888,1.922,176567.932
1783987200,2026-07-14 00:00:00,1.913,1.946,1.921,1.943,248941.714
1783990800,2026-07-14 01:00:00,1.932,1.963,1.946,1.962,445268.713
1783994400,2026-07-14 02:00:00,1.942,1.968,1.962,1.958,344860.029
1783998000,2026-07-14 03:00:00,1.936,1.963,1.958,1.959,204026.625
1784001600,2026-07-14 04:00:00,1.952,1.973,1.959,1.968,175729.335
1784005200,2026-07-14 05:00:00,1.963,2.001,1.967,1.991,313656.111
1784008800,2026-07-14 06:00:00,1.986,2.008,1.991,1.997,415772.664
1784012400,2026-07-14 07:00:00,1.985,2.01,1.997,1.99,490520.37
1784016000,2026-07-14 08:00:00,1.983,2.007,1.99,1.986,176831.335
1784019600,2026-07-14 09:00:00,1.972,1.988,1.987,1.984,161527.621
1784023200,2026-07-14 10:00:00,1.97,1.994,1.983,1.97,139208.848
1784026800,2026-07-14 11:00:00,1.967,1.991,1.97,1.986,111220.944
1784030400,2026-07-14 12:00:00,1.974,2.038,1.985,2.027,980116.922
1784034000,2026-07-14 13:00:00,2.015,2.031,2.03,2.024,241166.924
1784037600,2026-07-14 14:00:00,2.018,2.044,2.026,2.04,310288.993
1784041200,2026-07-14 15:00:00,2.036,2.064,2.041,2.044,398945.549
1784044800,2026-07-14 16:00:00,2.025,2.043,2.043,2.035,119156.239
1784048400,2026-07-14 17:00:00,2.016,2.045,2.034,2.039,179751.54
1784052000,2026-07-14 18:00:00,2.021,2.045,2.038,2.027,120941.223
1784055600,2026-07-14 19:00:00,2.016,2.029,2.028,2.021,100059.643
1784059200,2026-07-14 20:00:00,2.014,2.028,2.022,2.018,130179.481
1784062800,2026-07-14 21:00:00,2.014,2.023,2.019,2.015,130534.535
1784066400,2026-07-14 22:00:00,2.008,2.025,2.014,2.01,143655.735
1784070000,2026-07-14 23:00:00,2,2.013,2.011,2.01,185401.153
1784073600,2026-07-15 00:00:00,2,2.015,2.009,2.006,159818.773
1784077200,2026-07-15 01:00:00,1.999,2.015,2.006,2.012,178938.024
1784080800,2026-07-15 02:00:00,2.008,2.026,2.012,2.018,95793.738
1784084400,2026-07-15 03:00:00,2.007,2.023,2.019,2.018,69416.852
1784088000,2026-07-15 04:00:00,2.007,2.024,2.021,2.021,47840.118
1784091600,2026-07-15 05:00:00,2.008,2.027,2.022,2.025,68999.297
1784095200,2026-07-15 06:00:00,2.023,2.042,2.025,2.023,66518.985
1784098800,2026-07-15 07:00:00,2.002,2.022,2.022,2.006,57614.187
1784102400,2026-07-15 08:00:00,1.997,2.028,2.006,2.021,100059.926
1784106000,2026-07-15 09:00:00,2.02,2.041,2.021,2.032,99977.687
1784109600,2026-07-15 10:00:00,2.033,2.061,2.033,2.052,280068.339
1784113200,2026-07-15 11:00:00,2.047,2.092,2.052,2.078,473759.434
1784116800,2026-07-15 12:00:00,2.066,2.098,2.079,2.087,624447.954
1784120400,2026-07-15 13:00:00,2.069,2.11,2.089,2.084,650728.208
1784124000,2026-07-15 14:00:00,2.062,2.089,2.085,2.077,255679.324
1784127600,2026-07-15 15:00:00,2.062,2.079,2.076,2.079,141745.006
1784131200,2026-07-15 16:00:00,2.046,2.08,2.08,2.064,214536.396
1784134800,2026-07-15 17:00:00,2.064,2.077,2.064,2.071,149787.266
1784138400,2026-07-15 18:00:00,2.034,2.073,2.072,2.037,169843.124
1784142000,2026-07-15 19:00:00,2.033,2.044,2.037,2.034,120913.72
1784145600,2026-07-15 20:00:00,2.033,2.057,2.033,2.055,47897.756
1784149200,2026-07-15 21:00:00,2.056,2.066,2.056,2.06,75580.294
1784152800,2026-07-15 22:00:00,2.058,2.086,2.06,2.066,185647.429
1784156400,2026-07-15 23:00:00,2.06,2.077,2.065,2.066,112058.34
1784160000,2026-07-16 00:00:00,2.058,2.08,2.067,2.065,151739.07
1784163600,2026-07-16 01:00:00,2.05,2.069,2.064,2.065,90941.792
1784167200,2026-07-16 02:00:00,2.053,2.066,2.064,2.066,88297.005
1784170800,2026-07-16 03:00:00,2.056,2.071,2.067,2.063,52833.078
1784174400,2026-07-16 04:00:00,2.05,2.063,2.063,2.053,33327.111
1784178000,2026-07-16 05:00:00,2.046,2.058,2.052,2.053,123717.729
1784181600,2026-07-16 06:00:00,2.044,2.059,2.053,2.053,123186.158
1784185200,2026-07-16 07:00:00,2.04,2.054,2.052,2.049,86916.326
1784188800,2026-07-16 08:00:00,2.02,2.051,2.049,2.026,237875.223
1784192400,2026-07-16 09:00:00,2.007,2.031,2.026,2.009,177042.613
1784196000,2026-07-16 10:00:00,2.007,2.032,2.009,2.031,85306.804
1784199600,2026-07-16 11:00:00,2.022,2.034,2.031,2.029,110201.528
1784203200,2026-07-16 12:00:00,2.016,2.043,2.03,2.025,184851.451
1784206800,2026-07-16 13:00:00,2.026,2.085,2.026,2.074,440805.778
1784210400,2026-07-16 14:00:00,2.061,2.079,2.072,2.074,176778.515
1784214000,2026-07-16 15:00:00,2.053,2.084,2.072,2.067,149639.717
1784217600,2026-07-16 16:00:00,2.051,2.067,2.064,2.062,116585.619
1784221200,2026-07-16 17:00:00,2.043,2.082,2.061,2.047,303595.796
1784224800,2026-07-16 18:00:00,2.02,2.048,2.047,2.025,336913.837
1784228400,2026-07-16 19:00:00,2.015,2.031,2.026,2.026,127200.694
1784232000,2026-07-16 20:00:00,2.018,2.033,2.024,2.027,46834.352
1784235600,2026-07-16 21:00:00,2.028,2.044,2.028,2.036,43896.35
1784239200,2026-07-16 22:00:00,1.986,2.043,2.037,1.986,348855.508
1784242800,2026-07-16 23:00:00,1.956,1.989,1.986,1.962,264352.183
1784246400,2026-07-17 00:00:00,1.955,1.983,1.961,1.983,170886.806
1784250000,2026-07-17 01:00:00,1.967,1.991,1.982,1.97,90231.034
1784253600,2026-07-17 02:00:00,1.961,1.978,1.97,1.969,90500.301
1784257200,2026-07-17 03:00:00,1.969,2.005,1.97,1.987,208501.883
1784260800,2026-07-17 04:00:00,1.978,1.996,1.986,1.991,104165.267
1784264400,2026-07-17 05:00:00,1.958,1.99,1.99,1.962,313541.207
1784268000,2026-07-17 06:00:00,1.937,1.962,1.961,1.942,385056.643
1784271600,2026-07-17 07:00:00,1.931,1.946,1.943,1.939,119167.683
1784275200,2026-07-17 08:00:00,1.879,1.94,1.94,1.897,533655.749
1784278800,2026-07-17 09:00:00,1.896,1.913,1.896,1.905,178967.872
1784282400,2026-07-17 10:00:00,1.905,1.918,1.906,1.915,89437.763
1784286000,2026-07-17 11:00:00,1.913,1.927,1.916,1.914,58272.623
1784289600,2026-07-17 12:00:00,1.906,1.924,1.914,1.906,116777.809
1784293200,2026-07-17 13:00:00,1.894,1.936,1.905,1.934,215448.988
1784296800,2026-07-17 14:00:00,1.906,1.948,1.935,1.913,113163.353
1784300400,2026-07-17 15:00:00,1.891,1.919,1.912,1.919,296772.779
1784304000,2026-07-17 16:00:00,1.91,1.931,1.918,1.924,154894.23
1784307600,2026-07-17 17:00:00,1.918,1.94,1.924,1.92,108827.618
1784311200,2026-07-17 18:00:00,1.913,1.933,1.921,1.925,197476.608
1784314800,2026-07-17 19:00:00,1.912,1.93,1.925,1.923,73708.258
1784318400,2026-07-17 20:00:00,1.916,1.925,1.922,1.92,38508.864
1784322000,2026-07-17 21:00:00,1.915,1.936,1.921,1.918,44378.126
1784325600,2026-07-17 22:00:00,1.913,1.921,1.918,1.918,37176.504
1784329200,2026-07-17 23:00:00,1.914,1.928,1.917,1.925,31090.379
1784332800,2026-07-18 00:00:00,1.922,1.931,1.925,1.922,60612.256
1784336400,2026-07-18 01:00:00,1.92,1.932,1.922,1.931,87992.141
1784340000,2026-07-18 02:00:00,1.927,1.937,1.931,1.933,59677.203
1784343600,2026-07-18 03:00:00,1.928,1.944,1.934,1.935,80946.536
1784347200,2026-07-18 04:00:00,1.921,1.935,1.935,1.926,35573.872
1784350800,2026-07-18 05:00:00,1.915,1.928,1.926,1.917,76013.101
1784354400,2026-07-18 06:00:00,1.912,1.918,1.918,1.914,37073.913
1784358000,2026-07-18 07:00:00,1.905,1.915,1.914,1.907,63618.373
1784361600,2026-07-18 08:00:00,1.904,1.926,1.906,1.91,138182.052
1784365200,2026-07-18 09:00:00,1.896,1.911,1.909,1.9,63684.381
1784368800,2026-07-18 10:00:00,1.893,1.904,1.9,1.896,107780.242
1784372400,2026-07-18 11:00:00,1.894,1.906,1.895,1.904,49938.895
1784376000,2026-07-18 12:00:00,1.904,1.92,1.904,1.914,179805.444
1784379600,2026-07-18 13:00:00,1.903,1.913,1.913,1.908,42586.124
1784383200,2026-07-18 14:00:00,1.906,1.918,1.908,1.915,93295.672
1784386800,2026-07-18 15:00:00,1.91,1.93,1.916,1.915,134921.999
1784390400,2026-07-18 16:00:00,1.912,1.926,1.915,1.919,79432.572
1784394000,2026-07-18 17:00:00,1.915,1.93,1.918,1.929,42995.589
1784397600,2026-07-18 18:00:00,1.928,1.945,1.929,1.933,80570.18
1784401200,2026-07-18 19:00:00,1.93,1.938,1.934,1.935,46653.367
1784404800,2026-07-18 20:00:00,1.929,1.937,1.935,1.931,44767.172
1784408400,2026-07-18 21:00:00,1.926,1.941,1.933,1.927,56263.173
1784412000,2026-07-18 22:00:00,1.925,1.936,1.927,1.93,62581.135
1784415600,2026-07-18 23:00:00,1.927,1.935,1.93,1.93,61571.928
1784419200,2026-07-19 00:00:00,1.924,1.937,1.931,1.927,45200.105
1784422800,2026-07-19 01:00:00,1.914,1.926,1.926,1.918,44966.448
1784426400,2026-07-19 02:00:00,1.918,1.932,1.918,1.925,46332.827
1784430000,2026-07-19 03:00:00,1.916,1.926,1.926,1.918,37383.1
1784433600,2026-07-19 04:00:00,1.915,1.923,1.917,1.922,22801.672
1784437200,2026-07-19 05:00:00,1.921,1.927,1.922,1.924,14067.819
1784440800,2026-07-19 06:00:00,1.923,1.935,1.924,1.935,33034.153
1784444400,2026-07-19 07:00:00,1.93,1.94,1.936,1.934,61333.398
1784448000,2026-07-19 08:00:00,1.932,1.945,1.935,1.939,129741.528
1784451600,2026-07-19 09:00:00,1.925,1.939,1.939,1.93,60601.142
1784455200,2026-07-19 10:00:00,1.924,1.934,1.929,1.925,35719.685
1784458800,2026-07-19 11:00:00,1.918,1.928,1.924,1.921,33142.462
1784462400,2026-07-19 12:00:00,1.91,1.925,1.921,1.923,92092.601
1784466000,2026-07-19 13:00:00,1.917,1.924,1.922,1.921,93334.165
1784469600,2026-07-19 14:00:00,1.917,1.934,1.921,1.928,131336.738
1784473200,2026-07-19 15:00:00,1.912,1.931,1.929,1.918,222115.668
1784476800,2026-07-19 16:00:00,1.902,1.921,1.918,1.907,406695.827
1784480400,2026-07-19 17:00:00,1.895,1.919,1.908,1.91,138310.684
1784484000,2026-07-19 18:00:00,1.899,1.914,1.909,1.914,55378.962
1784487600,2026-07-19 19:00:00,1.909,1.917,1.914,1.916,36779.174
1784491200,2026-07-19 20:00:00,1.913,1.919,1.917,1.916,42978.539
1784494800,2026-07-19 21:00:00,1.902,1.917,1.916,1.902,80399.254
1784498400,2026-07-19 22:00:00,1.904,1.929,1.904,1.911,90009.446
1784502000,2026-07-19 23:00:00,1.906,1.919,1.91,1.914,43649.748
1784505600,2026-07-20 00:00:00,1.91,1.939,1.914,1.915,149655.415
1784509200,2026-07-20 01:00:00,1.901,1.937,1.917,1.907,141127.196
1784512800,2026-07-20 02:00:00,1.907,1.928,1.907,1.928,54005.082
1784516400,2026-07-20 03:00:00,1.916,1.93,1.928,1.923,63344.891
1784520000,2026-07-20 04:00:00,1.912,1.925,1.924,1.914,36151.931
1784523600,2026-07-20 05:00:00,1.901,1.915,1.915,1.905,110166.297
1784527200,2026-07-20 06:00:00,1.897,1.91,1.905,1.906,60149.65
1784530800,2026-07-20 07:00:00,1.904,1.928,1.907,1.924,52023.847
1784534400,2026-07-20 08:00:00,1.916,1.934,1.926,1.922,122951.668
1784538000,2026-07-20 09:00:00,1.918,1.936,1.922,1.935,78568.663
1784541600,2026-07-20 10:00:00,1.932,1.95,1.936,1.943,67605.854
1784545200,2026-07-20 11:00:00,1.931,1.963,1.944,1.958,190350.914
1784548800,2026-07-20 12:00:00,1.944,1.99,1.956,1.972,377522.278
1784552400,2026-07-20 13:00:00,1.952,1.984,1.972,1.962,366712.584
1784556000,2026-07-20 14:00:00,1.952,1.98,1.96,1.964,178275.523
1784559600,2026-07-20 15:00:00,1.96,1.986,1.966,1.98,344599.75
1784563200,2026-07-20 16:00:00,1.971,1.988,1.981,1.983,199923.871
1784566800,2026-07-20 17:00:00,1.967,1.983,1.983,1.976,76234.898
1784570400,2026-07-20 18:00:00,1.967,1.986,1.976,1.968,129736.506
1784574000,2026-07-20 19:00:00,1.957,1.973,1.969,1.969,134653.857
1784577600,2026-07-20 20:00:00,1.968,1.981,1.97,1.974,136991.804
1784581200,2026-07-20 21:00:00,1.964,1.98,1.973,1.965,50117.634
1784584800,2026-07-20 22:00:00,1.954,1.969,1.965,1.96,68906.484
1784588400,2026-07-20 23:00:00,1.958,1.982,1.96,1.974,78815.002
1784592000,2026-07-21 00:00:00,1.97,2.005,1.974,1.994,358021.056
1784595600,2026-07-21 01:00:00,1.984,1.999,1.994,1.991,126200.03
1784599200,2026-07-21 02:00:00,1.982,2.012,1.99,2.003,141046.659
1784602800,2026-07-21 03:00:00,2.002,2.027,2.004,2.024,411772.969
1784606400,2026-07-21 04:00:00,2.025,2.04,2.025,2.038,336154.56
1784610000,2026-07-21 05:00:00,2.025,2.046,2.037,2.041,89342.254
1784613600,2026-07-21 06:00:00,2.034,2.062,2.042,2.035,234511.954
1784617200,2026-07-21 07:00:00,2.014,2.037,2.034,2.018,111771.095
1784620800,2026-07-21 08:00:00,1.998,2.02,2.016,2.001,148061.495
1784624400,2026-07-21 09:00:00,1.995,2.02,2,2.004,88058.722
1784628000,2026-07-21 10:00:00,1.988,2.008,2.006,1.993,115773.331
1784631600,2026-07-21 11:00:00,1.987,2.001,1.992,1.999,106236.739
1784635200,2026-07-21 12:00:00,1.973,2,1.999,1.983,167089.676
1784638800,2026-07-21 13:00:00,1.977,1.993,1.984,1.987,195291.558
1784642400,2026-07-21 14:00:00,1.964,1.988,1.988,1.97,315657.284
1784646000,2026-07-21 15:00:00,1.946,1.969,1.969,1.953,226416.28
1784649600,2026-07-21 16:00:00,1.929,1.957,1.952,1.937,276939.06
1784653200,2026-07-21 17:00:00,1.92,1.939,1.938,1.936,270168.704
1784656800,2026-07-21 18:00:00,1.931,1.942,1.937,1.933,114237.671
1784660400,2026-07-21 19:00:00,1.913,1.946,1.932,1.934,368317.813
1784664000,2026-07-21 20:00:00,1.929,1.939,1.934,1.935,48135.349
1784667600,2026-07-21 21:00:00,1.924,1.937,1.935,1.927,81083.678
1784671200,2026-07-21 22:00:00,1.923,1.937,1.925,1.935,50659.273
1784674800,2026-07-21 23:00:00,1.929,1.937,1.935,1.935,35406.597
1784678400,2026-07-22 00:00:00,1.932,1.952,1.935,1.951,95952.109
1784682000,2026-07-22 01:00:00,1.938,1.95,1.95,1.943,50021.503
1784685600,2026-07-22 02:00:00,1.929,1.948,1.943,1.93,90797.32
1784689200,2026-07-22 03:00:00,1.908,1.932,1.93,1.911,161769.879
1784692800,2026-07-22 04:00:00,1.906,1.924,1.913,1.922,123897.493
1784696400,2026-07-22 05:00:00,1.905,1.922,1.922,1.907,136638.853
1784700000,2026-07-22 06:00:00,1.897,1.91,1.907,1.902,127791.73
1784703600,2026-07-22 07:00:00,1.864,1.904,1.902,1.876,451427.617
1784707200,2026-07-22 08:00:00,1.867,1.886,1.875,1.881,205143.288
1784710800,2026-07-22 09:00:00,1.871,1.885,1.881,1.879,105775.571
1784714400,2026-07-22 10:00:00,1.877,1.892,1.879,1.889,103776.562
1784718000,2026-07-22 11:00:00,1.879,1.892,1.889,1.889,181965.579
1784721600,2026-07-22 12:00:00,1.874,1.89,1.889,1.885,132439.865
1784725200,2026-07-22 13:00:00,1.869,1.889,1.884,1.887,141708.11
1784728800,2026-07-22 14:00:00,1.874,1.894,1.886,1.888,298091.559
1784732400,2026-07-22 15:00:00,1.886,1.9,1.888,1.889,90466.779
1784736000,2026-07-22 16:00:00,1.879,1.899,1.889,1.889,130006.66
1784739600,2026-07-22 17:00:00,1.878,1.893,1.89,1.879,119082.32
1784743200,2026-07-22 18:00:00,1.85,1.882,1.879,1.865,269255.956
1784746800,2026-07-22 19:00:00,1.852,1.866,1.866,1.861,106426.524
1784750400,2026-07-22 20:00:00,1.854,1.871,1.86,1.87,158779.619
1784754000,2026-07-22 21:00:00,1.862,1.871,1.871,1.866,41692.904
1784757600,2026-07-22 22:00:00,1.857,1.868,1.866,1.865,51176.269
1784761200,2026-07-22 23:00:00,1.853,1.868,1.864,1.868,48408.104
1784764800,2026-07-23 00:00:00,1.863,1.874,1.867,1.871,131764.259
1784768400,2026-07-23 01:00:00,1.871,1.88,1.871,1.874,61730.818
1784772000,2026-07-23 02:00:00,1.86,1.873,1.873,1.871,82116.477
1784775600,2026-07-23 03:00:00,1.864,1.872,1.872,1.865,57127.363
1784779200,2026-07-23 04:00:00,1.861,1.872,1.864,1.862,34311.632
1784782800,2026-07-23 05:00:00,1.854,1.872,1.861,1.87,99210.964
1784786400,2026-07-23 06:00:00,1.866,1.877,1.869,1.875,43696.361
1784790000,2026-07-23 07:00:00,1.857,1.874,1.874,1.862,44255.579
1784793600,2026-07-23 08:00:00,1.859,1.869,1.861,1.866,43851.498
1784797200,2026-07-23 09:00:00,1.864,1.877,1.865,1.87,92708.494
1784800800,2026-07-23 10:00:00,1.868,1.904,1.869,1.884,129452.453
1784804400,2026-07-23 11:00:00,1.879,1.895,1.884,1.888,114229.771
1784808000,2026-07-23 12:00:00,1.87,1.899,1.888,1.878,188124.134
1784811600,2026-07-23 13:00:00,1.873,1.892,1.878,1.879,197210.322
1784815200,2026-07-23 14:00:00,1.877,1.895,1.88,1.882,139670.12
1784818800,2026-07-23 15:00:00,1.868,1.881,1.88,1.879,124126.569
1784822400,2026-07-23 16:00:00,1.868,1.882,1.878,1.879,42529.698
1784826000,2026-07-23 17:00:00,1.869,1.892,1.877,1.873,87468.262
1784829600,2026-07-23 18:00:00,1.872,1.885,1.874,1.881,39931.641
1784833200,2026-07-23 19:00:00,1.866,1.888,1.881,1.877,86969.46
1784836800,2026-07-23 20:00:00,1.877,1.889,1.877,1.886,44511.375
1784840400,2026-07-23 21:00:00,1.881,1.894,1.886,1.889,84124.966
1784844000,2026-07-23 22:00:00,1.876,1.891,1.887,1.887,99163.243
1784847600,2026-07-23 23:00:00,1.88,1.888,1.888,1.883,27423.863
1784851200,2026-07-24 00:00:00,1.876,1.892,1.883,1.892,53547.254
1784854800,2026-07-24 01:00:00,1.891,1.904,1.892,1.891,81124.966
1784858400,2026-07-24 02:00:00,1.875,1.898,1.892,1.875,88121.951
1784862000,2026-07-24 03:00:00,1.874,1.902,1.874,1.902,47630.331
1784865600,2026-07-24 04:00:00,1.889,1.906,1.902,1.895,45501.157
1784869200,2026-07-24 05:00:00,1.892,1.904,1.895,1.899,107756.137
1784872800,2026-07-24 06:00:00,1.895,1.913,1.901,1.906,121659.382
1784876400,2026-07-24 07:00:00,1.89,1.915,1.906,1.901,96489.37
1784880000,2026-07-24 08:00:00,1.892,1.912,1.901,1.91,83400.245
1784883600,2026-07-24 09:00:00,1.893,1.916,1.909,1.893,96114.098
1784887200,2026-07-24 10:00:00,1.881,1.894,1.894,1.884,85005.509
1784890800,2026-07-24 11:00:00,1.876,1.887,1.884,1.884,48352.282
1784894400,2026-07-24 12:00:00,1.854,1.883,1.883,1.862,143855.095
1784898000,2026-07-24 13:00:00,1.825,1.861,1.861,1.842,484435.677
1784901600,2026-07-24 14:00:00,1.788,1.849,1.843,1.805,758027.475
1784905200,2026-07-24 15:00:00,1.793,1.826,1.805,1.817,205942.735
1784908800,2026-07-24 16:00:00,1.803,1.822,1.818,1.807,153046.617
1784912400,2026-07-24 17:00:00,1.797,1.821,1.806,1.817,174008.956
1784916000,2026-07-24 18:00:00,1.808,1.818,1.817,1.809,35104.11
1784919600,2026-07-24 19:00:00,1.803,1.814,1.81,1.807,82904.551
1784923200,2026-07-24 20:00:00,1.808,1.817,1.808,1.812,49975.954
1784926800,2026-07-24 21:00:00,1.799,1.815,1.811,1.804,52750.494
1784930400,2026-07-24 22:00:00,1.803,1.819,1.803,1.809,188016.279
1784934000,2026-07-24 23:00:00,1.804,1.812,1.81,1.805,15382.462
1784937600,2026-07-25 00:00:00,1.797,1.81,1.804,1.805,120016.002
1784941200,2026-07-25 01:00:00,1.793,1.808,1.805,1.794,52603.209
1784944800,2026-07-25 02:00:00,1.788,1.801,1.795,1.8,76292.196
1784948400,2026-07-25 03:00:00,1.8,1.815,1.8,1.815,47955.452
1784952000,2026-07-25 04:00:00,1.8,1.814,1.814,1.801,59152.853
1784955600,2026-07-25 05:00:00,1.794,1.809,1.802,1.797,136059.41
1784959200,2026-07-25 06:00:00,1.786,1.797,1.797,1.795,44020.219
1784962800,2026-07-25 07:00:00,1.775,1.796,1.795,1.781,276804.555
1784966400,2026-07-25 08:00:00,1.776,1.787,1.781,1.782,60113.698
1784970000,2026-07-25 09:00:00,1.779,1.791,1.782,1.788,36190.397
1784973600,2026-07-25 10:00:00,1.784,1.793,1.789,1.784,25068.133
1784977200,2026-07-25 11:00:00,1.784,1.79,1.784,1.789,67503.985
1784980800,2026-07-25 12:00:00,1.785,1.795,1.788,1.795,34214.93
1784984400,2026-07-25 13:00:00,1.787,1.797,1.794,1.787,61609.479
1784988000,2026-07-25 14:00:00,1.784,1.797,1.787,1.795,44395.584
1784991600,2026-07-25 15:00:00,1.796,1.8,1.796,1.796,57111.729
1784995200,2026-07-25 16:00:00,1.786,1.798,1.795,1.789,42906.61
1784998800,2026-07-25 17:00:00,1.788,1.798,1.789,1.797,66598.211
1785002400,2026-07-25 18:00:00,1.795,1.801,1.798,1.8,76648.776
1785006000,2026-07-25 19:00:00,1.794,1.8,1.8,1.795,37812.6
1785009600,2026-07-25 20:00:00,1.79,1.799,1.794,1.79,63577.052
1785013200,2026-07-25 21:00:00,1.789,1.799,1.79,1.797,26677.224
1785016800,2026-07-25 22:00:00,1.795,1.801,1.798,1.798,50912.877
1785020400,2026-07-25 23:00:00,1.789,1.797,1.797,1.79,11618.427
1785024000,2026-07-26 00:00:00,1.786,1.793,1.79,1.791,42169.823
1785027600,2026-07-26 01:00:00,1.789,1.795,1.791,1.792,64330.567
1785031200,2026-07-26 02:00:00,1.784,1.796,1.791,1.796,71029.672
1785034800,2026-07-26 03:00:00,1.792,1.797,1.796,1.797,43748.16
1785038400,2026-07-26 04:00:00,1.791,1.804,1.795,1.796,104652.738
1785042000,2026-07-26 05:00:00,1.786,1.796,1.796,1.793,50620.308
1785045600,2026-07-26 06:00:00,1.787,1.797,1.795,1.795,40753.192
1785049200,2026-07-26 07:00:00,1.795,1.812,1.795,1.799,106693.088
1785052800,2026-07-26 08:00:00,1.797,1.802,1.799,1.8,41665.154
1785056400,2026-07-26 09:00:00,1.8,1.808,1.801,1.801,56020.175
1785060000,2026-07-26 10:00:00,1.796,1.803,1.8,1.797,27135.251
1785063600,2026-07-26 11:00:00,1.795,1.802,1.797,1.795,29736.935
1785067200,2026-07-26 12:00:00,1.788,1.8,1.795,1.789,101138.924
1785070800,2026-07-26 13:00:00,1.786,1.793,1.789,1.788,47572.058
1785074400,2026-07-26 14:00:00,1.787,1.803,1.789,1.794,142222.394
1785078000,2026-07-26 15:00:00,1.794,1.803,1.794,1.802,79154.611
1785081600,2026-07-26 16:00:00,1.795,1.805,1.802,1.798,57857.214
1785085200,2026-07-26 17:00:00,1.788,1.8,1.797,1.789,97449.242
1785088800,2026-07-26 18:00:00,1.787,1.792,1.791,1.791,33110.783
1785092400,2026-07-26 19:00:00,1.787,1.794,1.791,1.793,22493.785
1785096000,2026-07-26 20:00:00,1.788,1.793,1.793,1.791,21102.752
1785099600,2026-07-26 21:00:00,1.791,1.804,1.791,1.803,99069.712
1785103200,2026-07-26 22:00:00,1.802,1.826,1.805,1.826,258243.685
1785106800,2026-07-26 23:00:00,1.819,1.84,1.827,1.837,137747.515
1785110400,2026-07-27 00:00:00,1.827,1.844,1.836,1.84,160686.725
1785114000,2026-07-27 01:00:00,1.821,1.848,1.839,1.833,98731.811
1785117600,2026-07-27 02:00:00,1.83,1.851,1.832,1.85,105973.952
1785121200,2026-07-27 03:00:00,1.84,1.858,1.851,1.858,194993.381
1785124800,2026-07-27 04:00:00,1.839,1.855,1.855,1.843,77652.615
1785128400,2026-07-27 05:00:00,1.842,1.854,1.844,1.854,102597.749
1785132000,2026-07-27 06:00:00,1.851,1.858,1.854,1.851,93606.486
1785135600,2026-07-27 07:00:00,1.835,1.852,1.85,1.84,74351.023
1785139200,2026-07-27 08:00:00,1.835,1.848,1.839,1.838,56505.943
1785142800,2026-07-27 09:00:00,1.834,1.847,1.837,1.843,69958.86
1785146400,2026-07-27 10:00:00,1.839,1.847,1.845,1.84,37145.419
1785150000,2026-07-27 11:00:00,1.823,1.839,1.839,1.826,153822.531
1785153600,2026-07-27 12:00:00,1.813,1.833,1.825,1.831,122034.213
1785157200,2026-07-27 13:00:00,1.807,1.833,1.831,1.816,110913.755
1785160800,2026-07-27 14:00:00,1.77,1.819,1.816,1.778,390105.025
1785164400,2026-07-27 15:00:00,1.769,1.787,1.778,1.771,183669.739
1785168000,2026-07-27 16:00:00,1.76,1.784,1.772,1.777,242115.148
1785171600,2026-07-27 17:00:00,1.765,1.778,1.778,1.767,42641.862
1785175200,2026-07-27 18:00:00,1.727,1.773,1.767,1.737,576137.57
1785178800,2026-07-27 19:00:00,1.725,1.744,1.737,1.744,206991.747
1785182400,2026-07-27 20:00:00,1.732,1.746,1.742,1.74,70344.541
1785186000,2026-07-27 21:00:00,1.726,1.744,1.738,1.735,80273.136
1785189600,2026-07-27 22:00:00,1.695,1.734,1.733,1.701,464943.111
1785193200,2026-07-27 23:00:00,1.679,1.711,1.699,1.688,468483.191
1785196800,2026-07-28 00:00:00,1.68,1.696,1.689,1.69,195321.734
1785200400,2026-07-28 01:00:00,1.666,1.692,1.69,1.668,248752.258
1785204000,2026-07-28 02:00:00,1.667,1.68,1.669,1.675,121443.526
1785207600,2026-07-28 03:00:00,1.67,1.684,1.675,1.68,89406.214
1785211200,2026-07-28 04:00:00,1.674,1.68,1.679,1.674,37467.145
1785214800,2026-07-28 05:00:00,1.656,1.679,1.674,1.656,127899.852
1785218400,2026-07-28 06:00:00,1.654,1.673,1.657,1.673,109868.47
1785222000,2026-07-28 07:00:00,1.666,1.676,1.673,1.674,61565.737
1785225600,2026-07-28 08:00:00,1.672,1.682,1.673,1.679,74168.405
1785229200,2026-07-28 09:00:00,1.673,1.682,1.678,1.674,42099.456
1785232800,2026-07-28 10:00:00,1.668,1.676,1.674,1.673,67114.742
1785236400,2026-07-28 11:00:00,1.655,1.68,1.672,1.658,255097.94
1785240000,2026-07-28 12:00:00,1.646,1.67,1.658,1.661,167135.624
1785243600,2026-07-28 13:00:00,1.62,1.662,1.66,1.628,478617.23
1785247200,2026-07-28 14:00:00,1.628,1.649,1.628,1.646,181963.362
1785250800,2026-07-28 15:00:00,1.634,1.68,1.645,1.664,671575.532
1785254400,2026-07-28 16:00:00,1.65,1.664,1.663,1.656,256938.987
1785258000,2026-07-28 17:00:00,1.634,1.656,1.655,1.642,181533.486
1785261600,2026-07-28 18:00:00,1.632,1.646,1.642,1.635,136678.552
1785265200,2026-07-28 19:00:00,1.635,1.645,1.635,1.64,103058.296
1785268800,2026-07-28 20:00:00,1.639,1.649,1.641,1.649,313830.451
1785272400,2026-07-28 21:00:00,1.647,1.659,1.649,1.653,147034.408
1785276000,2026-07-28 22:00:00,1.64,1.659,1.652,1.641,172664.838
1785279600,2026-07-28 23:00:00,1.638,1.651,1.641,1.651,137476.626
1785283200,2026-07-29 00:00:00,1.649,1.665,1.651,1.658,180899.591
1785286800,2026-07-29 01:00:00,1.624,1.659,1.658,1.627,189756.938
1785290400,2026-07-29 02:00:00,1.625,1.641,1.627,1.628,160843.232
1785294000,2026-07-29 03:00:00,1.604,1.631,1.629,1.604,211623.837
1785297600,2026-07-29 04:00:00,1.586,1.623,1.604,1.623,275834.566
1785301200,2026-07-29 05:00:00,1.607,1.625,1.622,1.607,41428.37
1785304800,2026-07-29 06:00:00,1.602,1.618,1.606,1.611,95447.971
1785308400,2026-07-29 07:00:00,1.592,1.612,1.611,1.606,219642.228
1785312000,2026-07-29 08:00:00,1.574,1.605,1.605,1.59,335372.594
1785315600,2026-07-29 09:00:00,1.588,1.603,1.59,1.593,85798.248
1785319200,2026-07-29 10:00:00,1.574,1.595,1.592,1.576,110107.937
1785322800,2026-07-29 11:00:00,1.569,1.59,1.576,1.588,114308.368
1785326400,2026-07-29 12:00:00,1.581,1.59,1.588,1.582,95556.914
1785330000,2026-07-29 13:00:00,1.575,1.594,1.582,1.591,252517.143
1785333600,2026-07-29 14:00:00,1.579,1.596,1.592,1.58,138986.821
1785337200,2026-07-29 15:00:00,1.571,1.585,1.579,1.578,109063.774
1785340800,2026-07-29 16:00:00,1.575,1.589,1.578,1.586,51524.262
1785344400,2026-07-29 17:00:00,1.585,1.601,1.586,1.601,134430.039
1785348000,2026-07-29 18:00:00,1.597,1.638,1.601,1.631,384614.112
1785351600,2026-07-29 19:00:00,1.594,1.636,1.631,1.595,174389.533
1785355200,2026-07-29 20:00:00,1.577,1.599,1.596,1.579,290927.97
1785358800,2026-07-29 21:00:00,1.571,1.592,1.578,1.592,69654.946
1785362400,2026-07-29 22:00:00,1.59,1.608,1.593,1.605,69783.528
1785366000,2026-07-29 23:00:00,1.604,1.624,1.605,1.62,152033.388
1785369600,2026-07-30 00:00:00,1.604,1.622,1.62,1.609,64374.795
1785373200,2026-07-30 01:00:00,1.608,1.619,1.609,1.617,51429.036
1785376800,2026-07-30 02:00:00,1.615,1.627,1.618,1.622,89138.712
1785380400,2026-07-30 03:00:00,1.621,1.633,1.621,1.629,230458.604
1785384000,2026-07-30 04:00:00,1.619,1.632,1.628,1.619,114591.135
1785387600,2026-07-30 05:00:00,1.616,1.637,1.619,1.635,73328.364
1785391200,2026-07-30 06:00:00,1.628,1.64,1.635,1.629,73167.038
1785394800,2026-07-30 07:00:00,1.623,1.636,1.63,1.625,61321.75
1785398400,2026-07-30 08:00:00,1.62,1.629,1.626,1.623,33961.608
1785402000,2026-07-30 09:00:00,1.624,1.661,1.624,1.659,152141.321
1785405600,2026-07-30 10:00:00,1.651,1.67,1.659,1.656,318879.335
1785409200,2026-07-30 11:00:00,1.647,1.658,1.655,1.655,252040.608
1785412800,2026-07-30 12:00:00,1.642,1.658,1.656,1.644,98419.982
1785416400,2026-07-30 13:00:00,1.645,1.664,1.645,1.655,325871.223
1785420000,2026-07-30 14:00:00,1.646,1.66,1.654,1.647,109517.109
1785423600,2026-07-30 15:00:00,1.644,1.666,1.645,1.665,83841.073
1785427200,2026-07-30 16:00:00,1.655,1.682,1.665,1.673,118008.271
1785430800,2026-07-30 17:00:00,1.663,1.674,1.673,1.671,144192.656
1785434400,2026-07-30 18:00:00,1.667,1.683,1.671,1.676,129390.498
1785438000,2026-07-30 19:00:00,1.675,1.691,1.675,1.687,161691.182
1785441600,2026-07-30 20:00:00,1.685,1.697,1.688,1.687,159490.658
1785445200,2026-07-30 21:00:00,1.682,1.69,1.686,1.685,154702.14
1785448800,2026-07-30 22:00:00,1.676,1.692,1.684,1.682,192034.174
1785452400,2026-07-30 23:00:00,1.672,1.683,1.682,1.676,120509.194
1785456000,2026-07-31 00:00:00,1.666,1.683,1.677,1.667,130216.95
1785459600,2026-07-31 01:00:00,1.667,1.683,1.668,1.667,74123.424
1785463200,2026-07-31 02:00:00,1.634,1.67,1.667,1.642,328532.653
1785466800,2026-07-31 03:00:00,1.635,1.651,1.641,1.65,66606.365
1785470400,2026-07-31 04:00:00,1.64,1.653,1.649,1.64,97768.706
1785474000,2026-07-31 05:00:00,1.64,1.655,1.64,1.654,28804.671
1785477600,2026-07-31 06:00:00,1.652,1.665,1.654,1.655,51142.079
1785481200,2026-07-31 07:00:00,1.642,1.657,1.654,1.654,91036.799
1785484800,2026-07-31 08:00:00,1.645,1.656,1.655,1.648,71878.852
1785488400,2026-07-31 09:00:00,1.638,1.65,1.648,1.638,32617.432
1785492000,2026-07-31 10:00:00,1.634,1.648,1.639,1.644,26686.021
1785495600,2026-07-31 11:00:00,1.64,1.648,1.645,1.643,19933.824
1785499200,2026-07-31 12:00:00,1.635,1.662,1.641,1.662,155699.066
1785502800,2026-07-31 13:00:00,1.655,1.672,1.661,1.666,217336.705
1785506400,2026-07-31 14:00:00,1.649,1.689,1.667,1.657,460403.037
1785510000,2026-07-31 15:00:00,1.645,1.678,1.658,1.664,441605.092
1785513600,2026-07-31 16:00:00,1.659,1.692,1.663,1.691,217633.816
1785517200,2026-07-31 17:00:00,1.682,1.707,1.69,1.7,568670.536
1785520800,2026-07-31 18:00:00,1.688,1.707,1.701,1.701,179328.431
1785524400,2026-07-31 19:00:00,1.684,1.704,1.702,1.687,122904.697
1785528000,2026-07-31 20:00:00,1.667,1.689,1.688,1.672,178577.39
1785531600,2026-07-31 21:00:00,1.659,1.678,1.672,1.663,93357.827
1785535200,2026-07-31 22:00:00,1.655,1.666,1.663,1.656,114870.134
1785538800,2026-07-31 23:00:00,1.655,1.667,1.655,1.663,94796.371
1785542400,2026-08-01 00:00:00,1.656,1.667,1.664,1.66,77919.921
1785546000,2026-08-01 01:00:00,1.66,1.683,1.66,1.682,183747.141
1785549600,2026-08-01 02:00:00,1.67,1.683,1.682,1.671,143108.867
1785553200,2026-08-01 03:00:00,1.663,1.674,1.672,1.674,53475.555
1785556800,2026-08-01 04:00:00,1.668,1.677,1.674,1.673,34937.936
1785560400,2026-08-01 05:00:00,1.664,1.678,1.673,1.67,22374.635
1785564000,2026-08-01 06:00:00,1.662,1.672,1.669,1.665,51122.268
1785567600,2026-08-01 07:00:00,1.66,1.667,1.666,1.662,74571.306
1785571200,2026-08-01 08:00:00,1.649,1.665,1.662,1.653,177701.95
1785574800,2026-08-01 09:00:00,1.643,1.656,1.655,1.646,72694.353
1785578400,2026-08-01 10:00:00,1.643,1.655,1.644,1.654,45041.554
1785582000,2026-08-01 11:00:00,1.653,1.661,1.653,1.661,38704.513
1785585600,2026-08-01 12:00:00,1.659,1.672,1.661,1.67,56548.713
1785589200,2026-08-01 13:00:00,1.664,1.674,1.67,1.668,42785.452
1785592800,2026-08-01 14:00:00,1.664,1.681,1.669,1.67,102537.504
1785596400,2026-08-01 15:00:00,1.654,1.673,1.67,1.668,124070.822
1785600000,2026-08-01 16:00:00,1.666,1.685,1.669,1.679,111589.871
1785603600,2026-08-01 17:00:00,1.653,1.681,1.679,1.657,133236.002
1785607200,2026-08-01 18:00:00,1.646,1.667,1.656,1.661,107059.419
1785610800,2026-08-01 19:00:00,1.654,1.666,1.66,1.657,76465.195
1785614400,2026-08-01 20:00:00,1.652,1.664,1.655,1.659,92219.022
1785618000,2026-08-01 21:00:00,1.66,1.673,1.66,1.672,180280.354
1785621600,2026-08-01 22:00:00,1.669,1.678,1.673,1.67,29756.328
1785625200,2026-08-01 23:00:00,1.668,1.68,1.67,1.673,85543.522
1785628800,2026-08-02 00:00:00,1.67,1.693,1.675,1.692,276352.659
1785632400,2026-08-02 01:00:00,1.686,1.705,1.691,1.703,433383.61
1785636000,2026-08-02 02:00:00,1.698,1.709,1.702,1.701,208725.242
1785639600,2026-08-02 03:00:00,1.698,1.709,1.701,1.708,78159.606
1785643200,2026-08-02 04:00:00,1.708,1.721,1.709,1.71,117788.667
1785646800,2026-08-02 05:00:00,1.705,1.731,1.712,1.717,229309.931
1785650400,2026-08-02 06:00:00,1.714,1.725,1.717,1.724,72223.475
1785654000,2026-08-02 07:00:00,1.714,1.727,1.723,1.716,65643.314
1785657600,2026-08-02 08:00:00,1.71,1.719,1.717,1.711,52969.161
1785661200,2026-08-02 09:00:00,1.707,1.723,1.71,1.719,54614.175
1785664800,2026-08-02 10:00:00,1.707,1.72,1.72,1.709,31471.293
1785668400,2026-08-02 11:00:00,1.692,1.709,1.708,1.698,99944.508
1785672000,2026-08-02 12:00:00,1.695,1.702,1.698,1.699,34069.129
1785675600,2026-08-02 13:00:00,1.696,1.703,1.7,1.697,27266.149
1785679200,2026-08-02 14:00:00,1.691,1.7,1.696,1.694,47036.326
1785682800,2026-08-02 15:00:00,1.693,1.7,1.695,1.693,33202.863
1785686400,2026-08-02 16:00:00,1.69,1.7,1.692,1.696,50761.391
1785690000,2026-08-02 17:00:00,1.69,1.702,1.696,1.702,66048.568
1785693600,2026-08-02 18:00:00,1.701,1.719,1.702,1.708,386366.855
1785697200,2026-08-02 19:00:00,1.694,1.708,1.708,1.706,219081.925
1785700800,2026-08-02 20:00:00,1.702,1.708,1.705,1.703,36102.462
1785704400,2026-08-02 21:00:00,1.704,1.714,1.704,1.713,50245.893
1785708000,2026-08-02 22:00:00,1.712,1.722,1.713,1.719,74043.631
1785711600,2026-08-02 23:00:00,1.713,1.723,1.718,1.713,72955.736
1785715200,2026-08-03 00:00:00,1.708,1.718,1.714,1.711,127481.445
1785718800,2026-08-03 01:00:00,1.698,1.713,1.711,1.699,71168.743
1785722400,2026-08-03 02:00:00,1.696,1.705,1.698,1.699,46679.746
1785726000,2026-08-03 03:00:00,1.691,1.703,1.698,1.699,77018.074
1785729600,2026-08-03 04:00:00,1.7,1.717,1.7,1.708,77288.92
1785733200,2026-08-03 05:00:00,1.705,1.714,1.71,1.713,52274.806
1785736800,2026-08-03 06:00:00,1.705,1.714,1.714,1.71,67613.394
1785740400,2026-08-03 07:00:00,1.701,1.71,1.708,1.706,26650.068
1785744000,2026-08-03 08:00:00,1.703,1.721,1.707,1.72,64725.887
1785747600,2026-08-03 09:00:00,1.712,1.725,1.721,1.725,71861.758
1785751200,2026-08-03 10:00:00,1.717,1.727,1.725,1.721,66418.493
1785754800,2026-08-03 11:00:00,1.707,1.72,1.72,1.708,28563.839
1785758400,2026-08-03 12:00:00,1.7,1.711,1.709,1.701,31258.122
1785762000,2026-08-03 13:00:00,1.698,1.732,1.701,1.731,114570.832
1785765600,2026-08-03 14:00:00,1.728,1.749,1.731,1.744,543295.882
1785769200,2026-08-03 15:00:00,1.738,1.75,1.742,1.746,214818.61
1785772800,2026-08-03 16:00:00,1.737,1.752,1.746,1.751,115202.475
1785776400,2026-08-03 17:00:00,1.735,1.751,1.75,1.743,169381.264
1785780000,2026-08-03 18:00:00,1.742,1.749,1.742,1.744,67683.463
1785783600,2026-08-03 19:00:00,1.7385,1.747,1.745,1.7407,73056.818
1785787200,2026-08-03 20:00:00,1.7381,1.7486,1.7409,1.7445,70509.244
1785790800,2026-08-03 21:00:00,1.7405,1.75,1.7443,1.7457,72607.355
1785794400,2026-08-03 22:00:00,1.7267,1.7456,1.7456,1.7292,106707.203
1785798000,2026-08-03 23:00:00,1.726,1.7345,1.7292,1.7314,115254.538
1785801600,2026-08-04 00:00:00,1.7297,1.743,1.732,1.7305,140865.834
1785805200,2026-08-04 01:00:00,1.7308,1.7576,1.731,1.757,119270.302
1785808800,2026-08-04 02:00:00,1.754,1.7664,1.7566,1.7579,121877.023
1785812400,2026-08-04 03:00:00,1.7496,1.7656,1.7578,1.7599,113844.334
1785816000,2026-08-04 04:00:00,1.756,1.7671,1.7608,1.7562,99761.922
1785819600,2026-08-04 05:00:00,1.7517,1.7658,1.7558,1.7642,121238.081
1785823200,2026-08-04 06:00:00,1.746,1.7642,1.7637,1.7477,140319.537
1785826800,2026-08-04 07:00:00,1.7394,1.7503,1.7476,1.7492,108027.684
1785830400,2026-08-04 08:00:00,1.7429,1.7516,1.7496,1.7435,51802.014
1785834000,2026-08-04 09:00:00,1.7324,1.7456,1.7442,1.7336,64135.67
1785837600,2026-08-04 10:00:00,1.7311,1.7472,1.7333,1.7442,112419.019
1785841200,2026-08-04 11:00:00,1.7373,1.745,1.7436,1.7429,63661.816
1785844800,2026-08-04 12:00:00,1.7275,1.7422,1.7422,1.7304,122022.543
1785848400,2026-08-04 13:00:00,1.7289,1.7412,1.7302,1.7312,299028.997
1785852000,2026-08-04 14:00:00,1.7208,1.7379,1.7316,1.7334,318191.121
1785855600,2026-08-04 15:00:00,1.7168,1.7355,1.7337,1.7321,105949.18
1785859200,2026-08-04 16:00:00,1.7204,1.7331,1.7329,1.7223,106941.501
1785862800,2026-08-04 17:00:00,1.7226,1.7318,1.7226,1.727,89541.739
1785866400,2026-08-04 18:00:00,1.7268,1.7467,1.7268,1.7415,156941.081
1785870000,2026-08-04 19:00:00,1.737,1.7474,1.7407,1.7407,117167.964
1785873600,2026-08-04 20:00:00,1.7328,1.745,1.7405,1.7406,126889.596
1785877200,2026-08-04 21:00:00,1.7274,1.7413,1.7401,1.7305,168278.928
1785880800,2026-08-04 22:00:00,1.7274,1.7389,1.7312,1.7348,156159.366
1785884400,2026-08-04 23:00:00,1.7278,1.7384,1.7345,1.728,56193.036
1785888000,2026-08-05 00:00:00,1.7198,1.7304,1.7286,1.7208,186515.418
1785891600,2026-08-05 01:00:00,1.7175,1.7288,1.7211,1.726,97402.695
1785895200,2026-08-05 02:00:00,1.725,1.733,1.7258,1.729,117990.351
1785898800,2026-08-05 03:00:00,1.6915,1.7307,1.7288,1.6997,581925.126
1785902400,2026-08-05 04:00:00,1.6924,1.7021,1.6999,1.6983,155683.901
1785906000,2026-08-05 05:00:00,1.6973,1.7248,1.698,1.7244,258933.626
1785909600,2026-08-05 06:00:00,1.7197,1.7291,1.7249,1.7261,212645.589
1785913200,2026-08-05 07:00:00,1.719,1.7268,1.7262,1.7265,102220.42
1785916800,2026-08-05 08:00:00,1.7125,1.7256,1.7255,1.7133,79892.825
1785920400,2026-08-05 09:00:00,1.7095,1.7154,1.7136,1.7115,88458.333
1785924000,2026-08-05 10:00:00,1.7006,1.7146,1.7112,1.7016,80838.053
1785927600,2026-08-05 11:00:00,1.6934,1.702,1.7011,1.6968,127279.835
1785931200,2026-08-05 12:00:00,1.6944,1.7082,1.6963,1.6987,86914.338
1785934800,2026-08-05 13:00:00,1.6785,1.6999,1.6989,1.6936,205330.389
1785938400,2026-08-05 14:00:00,1.6883,1.6995,1.6948,1.694,194296.184
1785942000,2026-08-05 15:00:00,1.6846,1.6976,1.6938,1.6925,169499.685
1785945600,2026-08-05 16:00:00,1.6887,1.7081,1.692,1.7064,76747.647
1785949200,2026-08-05 17:00:00,1.7073,1.7207,1.7073,1.7175,111390.973
1785952800,2026-08-05 18:00:00,1.7022,1.7176,1.7172,1.7082,81099.357
1785956400,2026-08-05 19:00:00,1.7029,1.7125,1.7081,1.7044,60730.235
1785960000,2026-08-05 20:00:00,1.6988,1.7104,1.7042,1.7036,94790.797
1785963600,2026-08-05 21:00:00,1.6908,1.7031,1.7031,1.6936,97901.901
1785967200,2026-08-05 22:00:00,1.6913,1.6979,1.6936,1.6941,58298.903
1785970800,2026-08-05 23:00:00,1.69,1.6997,1.6929,1.6973,77694.606
1785974400,2026-08-06 00:00:00,1.6951,1.7133,1.698,1.7081,106017.43
1785978000,2026-08-06 01:00:00,1.6999,1.7145,1.7088,1.7106,124577.657
1785981600,2026-08-06 02:00:00,1.6926,1.7148,1.7117,1.7017,140403.863
1785985200,2026-08-06 03:00:00,1.698,1.7174,1.701,1.7154,206862.563
1785988800,2026-08-06 04:00:00,1.7133,1.7298,1.7153,1.7269,149457.674
1785992400,2026-08-06 05:00:00,1.719,1.7296,1.7271,1.7239,86449.462
1785996000,2026-08-06 06:00:00,1.7143,1.7264,1.724,1.7189,62515.378
1785999600,2026-08-06 07:00:00,1.7115,1.7192,1.719,1.7115,33347.895
1786003200,2026-08-06 08:00:00,1.7028,1.7113,1.7113,1.7073,52768.893
1786006800,2026-08-06 09:00:00,1.6731,1.7082,1.7082,1.6851,316933.912
1786010400,2026-08-06 10:00:00,1.6797,1.6946,1.6851,1.6832,94673.971
1786014000,2026-08-06 11:00:00,1.6746,1.6923,1.683,1.6892,110077.747
1786017600,2026-08-06 12:00:00,1.6815,1.6991,1.6891,1.694,230086.34
1786021200,2026-08-06 13:00:00,1.6876,1.7015,1.694,1.6977,144270.302
1786024800,2026-08-06 14:00:00,1.6693,1.698,1.698,1.6828,415373.075
1786028400,2026-08-06 15:00:00,1.6723,1.6901,1.683,1.6728,206805.377
1786032000,2026-08-06 16:00:00,1.6612,1.6755,1.6725,1.6684,251459.563
1786035600,2026-08-06 17:00:00,1.6539,1.6758,1.6687,1.6644,304413.078
1786039200,2026-08-06 18:00:00,1.6502,1.6753,1.664,1.657,270527.156
1786042800,2026-08-06 19:00:00,1.6544,1.6656,1.657,1.6556,204211.012
1786046400,2026-08-06 20:00:00,1.6511,1.66,1.6556,1.6523,103402.769
1786050000,2026-08-06 21:00:00,1.6529,1.6625,1.6532,1.6619,73216.923
1786053600,2026-08-06 22:00:00,1.6576,1.6665,1.6615,1.6594,95366.565
1786057200,2026-08-06 23:00:00,1.6524,1.6652,1.6603,1.6556,82391.039
1786060800,2026-08-07 00:00:00,1.6528,1.6629,1.6554,1.6629,75941.905
1786064400,2026-08-07 01:00:00,1.6556,1.667,1.6631,1.6608,101125.323
1786068000,2026-08-07 02:00:00,1.649,1.6691,1.6606,1.65,225932.751
1786071600,2026-08-07 03:00:00,1.6413,1.654,1.6508,1.6413,140866.552
1786075200,2026-08-07 04:00:00,1.6276,1.6412,1.6412,1.6402,183401.785
1786078800,2026-08-07 05:00:00,1.6195,1.6437,1.6396,1.6297,240225.553
1786082400,2026-08-07 06:00:00,1.6285,1.642,1.6295,1.6353,256155.943
1786086000,2026-08-07 07:00:00,1.6345,1.648,1.6353,1.6428,104566.358
1786089600,2026-08-07 08:00:00,1.6424,1.6567,1.6427,1.6471,122577.348
1786093200,2026-08-07 09:00:00,1.6411,1.6582,1.6476,1.6498,377482.185
1786096800,2026-08-07 10:00:00,1.6467,1.6671,1.6502,1.656,290331.946
1786100400,2026-08-07 11:00:00,1.6453,1.6616,1.6559,1.6462,184589.139
1786104000,2026-08-07 12:00:00,1.6352,1.6541,1.6469,1.6412,363117.826
1786107600,2026-08-07 13:00:00,1.6363,1.6443,1.641,1.6372,115257.366
1786111200,2026-08-07 14:00:00,1.626,1.6425,1.6374,1.6271,221660.499
1786114800,2026-08-07 15:00:00,1.6108,1.6279,1.6275,1.6122,282981.424
1786118400,2026-08-07 16:00:00,1.6003,1.6176,1.6121,1.6003,188006.185
1786122000,2026-08-07 17:00:00,1.5925,1.6023,1.6012,1.6002,170559.925
1786125600,2026-08-07 18:00:00,1.5875,1.6027,1.6,1.588,177413.277
1786129200,2026-08-07 19:00:00,1.587,1.5983,1.5884,1.5891,114771.549
1786132800,2026-08-07 20:00:00,1.577,1.5978,1.5888,1.592,320485.607
1786136400,2026-08-07 21:00:00,1.5896,1.5964,1.5921,1.5906,142814.603
1786140000,2026-08-07 22:00:00,1.5869,1.594,1.5902,1.5929,29633.168
1786143600,2026-08-07 23:00:00,1.586,1.5952,1.5924,1.5902,59459.788
1786147200,2026-08-08 00:00:00,1.5839,1.5916,1.59,1.5916,49620.313
