timestamp,datetime,low,high,open,close,volume
1754103600,2025-08-02 03:00:00,0.0352,0.03584,0.03556,0.03545,39961530
1754107200,2025-08-02 04:00:00,0.03488,0.03609,0.03543,0.03566,51562983
1754110800,2025-08-02 05:00:00,0.0349,0.03565,0.03565,0.03504,44398162
1754114400,2025-08-02 06:00:00,0.03429,0.03514,0.03502,0.03451,81981976
1754118000,2025-08-02 07:00:00,0.03406,0.03519,0.0345,0.03499,48991141
1754121600,2025-08-02 08:00:00,0.03437,0.03525,0.03499,0.03449,57652670
1754125200,2025-08-02 09:00:00,0.03418,0.03477,0.03448,0.03444,23659368
1754128800,2025-08-02 10:00:00,0.03371,0.0345,0.03443,0.03379,36559573
1754132400,2025-08-02 11:00:00,0.03355,0.03443,0.03378,0.03391,41778756
1754136000,2025-08-02 12:00:00,0.03377,0.03436,0.0339,0.03426,23399939
1754139600,2025-08-02 13:00:00,0.03388,0.03475,0.03424,0.03442,57961130
1754143200,2025-08-02 14:00:00,0.03342,0.03452,0.03443,0.03383,48800558
1754146800,2025-08-02 15:00:00,0.03313,0.03425,0.03383,0.03337,42788965
1754150400,2025-08-02 16:00:00,0.03235,0.03351,0.03339,0.03299,87904103
1754154000,2025-08-02 17:00:00,0.03155,0.03333,0.03298,0.03165,79290813
1754157600,2025-08-02 18:00:00,0.03116,0.03182,0.03165,0.03152,103444114
1754161200,2025-08-02 19:00:00,0.03135,0.03295,0.03153,0.03238,107505470
1754164800,2025-08-02 20:00:00,0.03224,0.03335,0.0324,0.03315,43002481
1754168400,2025-08-02 21:00:00,0.03275,0.03347,0.03315,0.03283,36661677
1754172000,2025-08-02 22:00:00,0.03251,0.03312,0.03282,0.03302,27501866
1754175600,2025-08-02 23:00:00,0.03236,0.03346,0.03303,0.03326,54453055
1754179200,2025-08-03 00:00:00,0.03247,0.03356,0.03327,0.03341,64117907
1754182800,2025-08-03 01:00:00,0.03292,0.0334,0.03339,0.03312,31171813
1754186400,2025-08-03 02:00:00,0.03303,0.03354,0.03311,0.03352,15087658
1754190000,2025-08-03 03:00:00,0.0333,0.03386,0.03352,0.03375,25170502
1754193600,2025-08-03 04:00:00,0.03344,0.03403,0.03377,0.03395,22818266
1754197200,2025-08-03 05:00:00,0.03352,0.03416,0.03395,0.03364,22335073
1754200800,2025-08-03 06:00:00,0.03359,0.03404,0.03362,0.03375,31454198
1754204400,2025-08-03 07:00:00,0.03375,0.03443,0.03375,0.03411,36621955
1754208000,2025-08-03 08:00:00,0.03381,0.03415,0.03411,0.03399,38272060
1754211600,2025-08-03 09:00:00,0.03382,0.0342,0.03399,0.03398,56081057
1754215200,2025-08-03 10:00:00,0.03393,0.03429,0.03401,0.03424,21765867
1754218800,2025-08-03 11:00:00,0.03386,0.03476,0.03425,0.03394,35531429
1754222400,2025-08-03 12:00:00,0.0337,0.03435,0.03396,0.03413,22540146
1754226000,2025-08-03 13:00:00,0.03394,0.03461,0.03412,0.03433,49676169
1754229600,2025-08-03 14:00:00,0.03408,0.03461,0.03434,0.03425,22083447
1754233200,2025-08-03 15:00:00,0.03387,0.03426,0.03426,0.03411,22298954
1754236800,2025-08-03 16:00:00,0.03379,0.0343,0.03408,0.0342,18844115
1754240400,2025-08-03 17:00:00,0.03392,0.03431,0.03421,0.03422,26688037
1754244000,2025-08-03 18:00:00,0.03403,0.035,0.03421,0.03469,37685310
1754247600,2025-08-03 19:00:00,0.0343,0.03559,0.03469,0.03448,91939460
1754251200,2025-08-03 20:00:00,0.03408,0.03469,0.03447,0.03465,33571376
1754254800,2025-08-03 21:00:00,0.03437,0.03518,0.03464,0.03514,26455451
1754258400,2025-08-03 22:00:00,0.03507,0.03606,0.03512,0.03586,106418476
1754262000,2025-08-03 23:00:00,0.03531,0.03635,0.03588,0.03532,87550558
1754265600,2025-08-04 00:00:00,0.03515,0.03694,0.03534,0.03687,111995433
1754269200,2025-08-04 01:00:00,0.03621,0.0375,0.03686,0.03631,177099591
1754272800,2025-08-04 02:00:00,0.03582,0.03645,0.03631,0.0362,42343891
1754276400,2025-08-04 03:00:00,0.03546,0.03631,0.03621,0.0356,55949634
1754280000,2025-08-04 04:00:00,0.03543,0.03596,0.0356,0.03561,23604372
1754283600,2025-08-04 05:00:00,0.03499,0.03563,0.03558,0.03536,20265426
1754287200,2025-08-04 06:00:00,0.03477,0.03538,0.03534,0.03515,26021413
1754290800,2025-08-04 07:00:00,0.03512,0.03579,0.03516,0.03573,17593150
1754294400,2025-08-04 08:00:00,0.03546,0.03621,0.03574,0.03581,28427895
1754298000,2025-08-04 09:00:00,0.03508,0.03593,0.03582,0.03519,28296508
1754301600,2025-08-04 10:00:00,0.03507,0.03544,0.0352,0.03534,42666148
1754305200,2025-08-04 11:00:00,0.03501,0.03539,0.03532,0.03521,52030967
1754308800,2025-08-04 12:00:00,0.03503,0.03573,0.03523,0.0354,43870200
1754312400,2025-08-04 13:00:00,0.03518,0.03659,0.0354,0.03655,63638055
1754316000,2025-08-04 14:00:00,0.03573,0.03683,0.03656,0.03609,87823671
1754319600,2025-08-04 15:00:00,0.03541,0.0363,0.0361,0.0356,43366435
1754323200,2025-08-04 16:00:00,0.03551,0.03615,0.03559,0.03609,41687690
1754326800,2025-08-04 17:00:00,0.03551,0.03665,0.0361,0.03573,56636967
1754330400,2025-08-04 18:00:00,0.03472,0.03595,0.03574,0.03491,29975013
1754334000,2025-08-04 19:00:00,0.03436,0.03532,0.03488,0.03456,73307481
1754337600,2025-08-04 20:00:00,0.03449,0.0352,0.03455,0.03509,29800135
1754341200,2025-08-04 21:00:00,0.035,0.03614,0.03507,0.03575,62783857
1754344800,2025-08-04 22:00:00,0.03569,0.03634,0.03578,0.03631,36343493
1754348400,2025-08-04 23:00:00,0.03596,0.0365,0.03631,0.03626,40743207
1754352000,2025-08-05 00:00:00,0.03576,0.0363,0.03624,0.03595,32004868
1754355600,2025-08-05 01:00:00,0.0355,0.03613,0.03596,0.03565,27744791
1754359200,2025-08-05 02:00:00,0.0354,0.03597,0.03568,0.03588,21180968
1754362800,2025-08-05 03:00:00,0.03494,0.03588,0.03587,0.035,31360449
1754366400,2025-08-05 04:00:00,0.03476,0.03524,0.03499,0.03495,31528901
1754370000,2025-08-05 05:00:00,0.0349,0.03534,0.03494,0.03514,19778750
1754373600,2025-08-05 06:00:00,0.03465,0.03569,0.03514,0.03485,22673907
1754377200,2025-08-05 07:00:00,0.03414,0.03486,0.03485,0.03419,32097610
1754380800,2025-08-05 08:00:00,0.03416,0.03459,0.03419,0.03441,30323207
1754384400,2025-08-05 09:00:00,0.03437,0.03479,0.03442,0.03467,25481707
1754388000,2025-08-05 10:00:00,0.03455,0.0356,0.03466,0.03549,26567360
1754391600,2025-08-05 11:00:00,0.03518,0.03578,0.03548,0.03542,33869993
1754395200,2025-08-05 12:00:00,0.03428,0.03547,0.03544,0.03453,47137857
1754398800,2025-08-05 13:00:00,0.03412,0.03482,0.03453,0.03458,43720834
1754402400,2025-08-05 14:00:00,0.03336,0.03459,0.03458,0.03361,100945941
1754406000,2025-08-05 15:00:00,0.03318,0.03395,0.0336,0.03337,58371988
1754409600,2025-08-05 16:00:00,0.03312,0.03366,0.03335,0.03336,47762999
1754413200,2025-08-05 17:00:00,0.0333,0.03386,0.03334,0.03375,36458727
1754416800,2025-08-05 18:00:00,0.03345,0.03377,0.03374,0.03366,22806382
1754420400,2025-08-05 19:00:00,0.03328,0.03379,0.03367,0.03349,18747473
1754424000,2025-08-05 20:00:00,0.03333,0.03372,0.03349,0.03339,23310428
1754427600,2025-08-05 21:00:00,0.03291,0.03358,0.03339,0.03322,15428298
1754431200,2025-08-05 22:00:00,0.03285,0.03362,0.0332,0.03341,34104838
1754434800,2025-08-05 23:00:00,0.03337,0.0337,0.0334,0.03347,16186748
1754438400,2025-08-06 00:00:00,0.03266,0.03349,0.03348,0.03291,25693315
1754442000,2025-08-06 01:00:00,0.03263,0.03304,0.0329,0.03287,22314934
1754445600,2025-08-06 02:00:00,0.03266,0.03305,0.03287,0.03287,11253115
1754449200,2025-08-06 03:00:00,0.03256,0.03287,0.03287,0.03261,19459604
1754452800,2025-08-06 04:00:00,0.0324,0.03266,0.03259,0.03256,16923787
1754456400,2025-08-06 05:00:00,0.03253,0.03345,0.03255,0.03314,36343935
1754460000,2025-08-06 06:00:00,0.0328,0.03349,0.03316,0.03331,15351455
1754463600,2025-08-06 07:00:00,0.03315,0.03351,0.0333,0.03339,14657446
1754467200,2025-08-06 08:00:00,0.03271,0.03345,0.03338,0.03293,17428486
1754470800,2025-08-06 09:00:00,0.03279,0.03341,0.03291,0.03308,19914445
1754474400,2025-08-06 10:00:00,0.03276,0.0331,0.03307,0.03298,9259900
1754478000,2025-08-06 11:00:00,0.03288,0.03327,0.03297,0.03306,7772793
1754481600,2025-08-06 12:00:00,0.03256,0.03336,0.03304,0.03277,11958530
1754485200,2025-08-06 13:00:00,0.03257,0.0331,0.03278,0.03297,16000358
1754488800,2025-08-06 14:00:00,0.03272,0.03399,0.03299,0.03392,38755814
1754492400,2025-08-06 15:00:00,0.03333,0.0342,0.03392,0.03413,62692529
1754496000,2025-08-06 16:00:00,0.03378,0.03458,0.03414,0.03397,52345720
1754499600,2025-08-06 17:00:00,0.03387,0.03673,0.03396,0.03574,431654900
1754503200,2025-08-06 18:00:00,0.03537,0.0362,0.03576,0.03539,103041387
1754506800,2025-08-06 19:00:00,0.03509,0.03579,0.03538,0.03547,31347641
1754510400,2025-08-06 20:00:00,0.0348,0.0357,0.03547,0.03501,43513595
1754514000,2025-08-06 21:00:00,0.03466,0.03552,0.03501,0.03491,37711890
1754517600,2025-08-06 22:00:00,0.03487,0.03565,0.03491,0.03528,51085366
1754521200,2025-08-06 23:00:00,0.03521,0.03588,0.03529,0.03565,25314233
1754524800,2025-08-07 00:00:00,0.03482,0.03567,0.03566,0.03517,48822808
1754528400,2025-08-07 01:00:00,0.03507,0.03586,0.03516,0.03525,31074235
1754532000,2025-08-07 02:00:00,0.03519,0.03579,0.03526,0.03533,22827222
1754535600,2025-08-07 03:00:00,0.03496,0.03546,0.03533,0.03523,30437429
1754539200,2025-08-07 04:00:00,0.03444,0.03558,0.03521,0.03476,45823675
1754542800,2025-08-07 05:00:00,0.03463,0.03519,0.03477,0.03506,27669168
1754546400,2025-08-07 06:00:00,0.03491,0.03547,0.03506,0.03536,22144221
1754550000,2025-08-07 07:00:00,0.03494,0.03554,0.03533,0.03514,14029941
1754553600,2025-08-07 08:00:00,0.03504,0.03551,0.03516,0.03506,36436884
1754557200,2025-08-07 09:00:00,0.03501,0.03549,0.03506,0.03545,29632197
1754560800,2025-08-07 10:00:00,0.03544,0.03696,0.03545,0.03668,80029391
1754564400,2025-08-07 11:00:00,0.03661,0.03746,0.03669,0.03731,86610695
1754568000,2025-08-07 12:00:00,0.03664,0.03749,0.03736,0.03689,51016194
1754571600,2025-08-07 13:00:00,0.0366,0.0373,0.03689,0.03721,52727697
1754575200,2025-08-07 14:00:00,0.03615,0.03724,0.03722,0.03626,64260625
1754578800,2025-08-07 15:00:00,0.03597,0.0365,0.03626,0.03645,39647126
1754582400,2025-08-07 16:00:00,0.03525,0.03646,0.03644,0.03541,42380737
1754586000,2025-08-07 17:00:00,0.0352,0.03561,0.03541,0.03543,59261245
1754589600,2025-08-07 18:00:00,0.03532,0.03582,0.03544,0.03578,25593832
1754593200,2025-08-07 19:00:00,0.03579,0.0369,0.03579,0.03675,59823553
1754596800,2025-08-07 20:00:00,0.03663,0.037,0.03676,0.03677,34907280
1754600400,2025-08-07 21:00:00,0.03641,0.03705,0.03678,0.03665,50009636
1754604000,2025-08-07 22:00:00,0.03652,0.0373,0.03664,0.03725,62153866
1754607600,2025-08-07 23:00:00,0.03673,0.0374,0.03728,0.03725,56155367
1754611200,2025-08-08 00:00:00,0.03705,0.03902,0.03726,0.03861,197715443
1754614800,2025-08-08 01:00:00,0.03794,0.03876,0.0386,0.03804,95213276
1754618400,2025-08-08 02:00:00,0.03754,0.03812,0.03803,0.03767,66225402
1754622000,2025-08-08 03:00:00,0.03735,0.03821,0.03766,0.03738,58561506
1754625600,2025-08-08 04:00:00,0.03709,0.03747,0.03738,0.03712,32814167
1754629200,2025-08-08 05:00:00,0.03693,0.03739,0.03711,0.03709,25584823
1754632800,2025-08-08 06:00:00,0.03705,0.03761,0.03708,0.03739,30415034
1754636400,2025-08-08 07:00:00,0.03697,0.03748,0.0374,0.03742,24075795
1754640000,2025-08-08 08:00:00,0.03686,0.03784,0.0374,0.03708,29943969
1754643600,2025-08-08 09:00:00,0.03678,0.03722,0.03707,0.03707,17927016
1754647200,2025-08-08 10:00:00,0.03685,0.03722,0.03708,0.03704,17749509
1754650800,2025-08-08 11:00:00,0.03701,0.03728,0.03706,0.03715,16246414
1754654400,2025-08-08 12:00:00,0.03657,0.03713,0.03713,0.03663,25771365
1754658000,2025-08-08 13:00:00,0.03658,0.03787,0.03666,0.03782,74981719
1754661600,2025-08-08 14:00:00,0.0368,0.03842,0.03784,0.03707,110055622
1754665200,2025-08-08 15:00:00,0.03615,0.03711,0.03708,0.03649,53748823
1754668800,2025-08-08 16:00:00,0.03626,0.03686,0.03648,0.03646,60711071
1754672400,2025-08-08 17:00:00,0.03648,0.03783,0.0365,0.03783,70518970
1754676000,2025-08-08 18:00:00,0.03719,0.03796,0.03784,0.03751,45793216
1754679600,2025-08-08 19:00:00,0.03712,0.03769,0.03751,0.03749,34925817
1754683200,2025-08-08 20:00:00,0.03724,0.03776,0.03747,0.03755,31281906
1754686800,2025-08-08 21:00:00,0.03733,0.03771,0.03754,0.03752,29514863
1754690400,2025-08-08 22:00:00,0.03723,0.03766,0.03751,0.03752,23103199
1754694000,2025-08-08 23:00:00,0.03749,0.03791,0.03751,0.03776,26827523
1754697600,2025-08-09 00:00:00,0.03722,0.03774,0.03773,0.03752,36398560
1754701200,2025-08-09 01:00:00,0.03706,0.03754,0.03753,0.03736,38889956
1754704800,2025-08-09 02:00:00,0.03679,0.03735,0.03734,0.03688,22933578
1754708400,2025-08-09 03:00:00,0.03664,0.03702,0.03688,0.03676,14195730
1754712000,2025-08-09 04:00:00,0.0367,0.03774,0.03676,0.03762,30672505
1754715600,2025-08-09 05:00:00,0.03758,0.03898,0.0376,0.03834,122459314
1754719200,2025-08-09 06:00:00,0.0375,0.03837,0.03834,0.03766,55767041
1754722800,2025-08-09 07:00:00,0.03757,0.03824,0.03765,0.0381,38846340
1754726400,2025-08-09 08:00:00,0.0379,0.03848,0.0381,0.03842,35759495
1754730000,2025-08-09 09:00:00,0.03827,0.03892,0.03843,0.03863,36365343
1754733600,2025-08-09 10:00:00,0.03835,0.03879,0.03862,0.03836,40168171
1754737200,2025-08-09 11:00:00,0.03808,0.03844,0.03836,0.03815,54836515
1754740800,2025-08-09 12:00:00,0.03802,0.03899,0.03814,0.03898,33026210
1754744400,2025-08-09 13:00:00,0.03767,0.03938,0.03897,0.0377,68610863
1754748000,2025-08-09 14:00:00,0.03719,0.03818,0.0377,0.0381,47706726
1754751600,2025-08-09 15:00:00,0.03768,0.03833,0.03809,0.03796,37082012
1754755200,2025-08-09 16:00:00,0.03759,0.03821,0.03797,0.03771,29479709
1754758800,2025-08-09 17:00:00,0.03769,0.03908,0.03771,0.03851,65965912
1754762400,2025-08-09 18:00:00,0.03828,0.03879,0.03852,0.03864,49311509
1754766000,2025-08-09 19:00:00,0.03854,0.03916,0.03863,0.0387,46436269
1754769600,2025-08-09 20:00:00,0.03841,0.03966,0.03869,0.03955,59423449
1754773200,2025-08-09 21:00:00,0.0387,0.03994,0.03955,0.03918,64103009
1754776800,2025-08-09 22:00:00,0.03864,0.03978,0.03921,0.03877,69740799
1754780400,2025-08-09 23:00:00,0.0383,0.03899,0.03877,0.0387,44177063
1754784000,2025-08-10 00:00:00,0.03847,0.03945,0.03871,0.0393,42399770
1754787600,2025-08-10 01:00:00,0.03863,0.03948,0.03932,0.03868,52065706
1754791200,2025-08-10 02:00:00,0.03841,0.03923,0.0387,0.03856,37999482
1754794800,2025-08-10 03:00:00,0.03845,0.04023,0.03857,0.04022,92746389
1754798400,2025-08-10 04:00:00,0.03988,0.04185,0.0402,0.04061,189847711
1754802000,2025-08-10 05:00:00,0.03948,0.04065,0.0406,0.03952,77614226
1754805600,2025-08-10 06:00:00,0.03864,0.03959,0.03953,0.03898,43255245
1754809200,2025-08-10 07:00:00,0.03836,0.03933,0.03898,0.03867,46773126
1754812800,2025-08-10 08:00:00,0.03806,0.03937,0.0387,0.03913,49138465
1754816400,2025-08-10 09:00:00,0.03856,0.0392,0.03914,0.03873,18376203
1754820000,2025-08-10 10:00:00,0.03806,0.03874,0.03871,0.03825,26014051
1754823600,2025-08-10 11:00:00,0.03805,0.03858,0.03823,0.03828,22591658
1754827200,2025-08-10 12:00:00,0.03809,0.03849,0.03827,0.03841,29489356
1754830800,2025-08-10 13:00:00,0.03807,0.0387,0.0384,0.03825,25910325
1754834400,2025-08-10 14:00:00,0.03807,0.03905,0.03824,0.03885,41900861
1754838000,2025-08-10 15:00:00,0.03865,0.0392,0.03883,0.03878,61301195
1754841600,2025-08-10 16:00:00,0.03865,0.03959,0.03877,0.03955,44174561
1754845200,2025-08-10 17:00:00,0.0392,0.03999,0.03955,0.0398,64542610
1754848800,2025-08-10 18:00:00,0.03969,0.04015,0.03981,0.04002,60107882
1754852400,2025-08-10 19:00:00,0.03973,0.0403,0.04002,0.03994,67497537
1754856000,2025-08-10 20:00:00,0.03955,0.04013,0.03995,0.03964,53211731
1754859600,2025-08-10 21:00:00,0.03881,0.0397,0.03964,0.0393,37485710
1754863200,2025-08-10 22:00:00,0.03911,0.04013,0.03931,0.04005,54126304
1754866800,2025-08-10 23:00:00,0.03987,0.04059,0.04007,0.04041,53202978
1754870400,2025-08-11 00:00:00,0.03985,0.04054,0.04037,0.03991,58903016
1754874000,2025-08-11 01:00:00,0.03973,0.04089,0.03993,0.04057,77421423
1754877600,2025-08-11 02:00:00,0.04052,0.04149,0.04058,0.04123,159133480
1754881200,2025-08-11 03:00:00,0.04068,0.04141,0.04122,0.04129,63097236
1754884800,2025-08-11 04:00:00,0.04087,0.04139,0.04132,0.04093,45563022
1754888400,2025-08-11 05:00:00,0.04062,0.04132,0.04094,0.04073,28534438
1754892000,2025-08-11 06:00:00,0.04053,0.04116,0.04074,0.04114,29592013
1754895600,2025-08-11 07:00:00,0.03983,0.04124,0.04114,0.03996,43054085
1754899200,2025-08-11 08:00:00,0.03974,0.04031,0.03997,0.04009,36751549
1754902800,2025-08-11 09:00:00,0.03941,0.04015,0.0401,0.03954,28641666
1754906400,2025-08-11 10:00:00,0.03925,0.0396,0.03953,0.03941,33145615
1754910000,2025-08-11 11:00:00,0.03791,0.03947,0.03941,0.03819,67799410
1754913600,2025-08-11 12:00:00,0.03765,0.03845,0.03819,0.03794,67814603
1754917200,2025-08-11 13:00:00,0.03741,0.03857,0.03797,0.0382,97283792
1754920800,2025-08-11 14:00:00,0.03789,0.03854,0.03822,0.03826,98190675
1754924400,2025-08-11 15:00:00,0.03785,0.03842,0.03827,0.03837,36046930
1754928000,2025-08-11 16:00:00,0.03771,0.03892,0.03837,0.03789,71391343
1754931600,2025-08-11 17:00:00,0.03725,0.03801,0.03789,0.03728,52995284
1754935200,2025-08-11 18:00:00,0.0368,0.03741,0.03731,0.03741,50739325
1754938800,2025-08-11 19:00:00,0.03666,0.03749,0.03742,0.03686,30978142
1754942400,2025-08-11 20:00:00,0.03672,0.03709,0.03686,0.03698,36443649
1754946000,2025-08-11 21:00:00,0.03611,0.03733,0.03698,0.03648,50173122
1754949600,2025-08-11 22:00:00,0.03583,0.03652,0.03648,0.0363,82397676
1754953200,2025-08-11 23:00:00,0.03625,0.03676,0.0363,0.03638,43796916
1754956800,2025-08-12 00:00:00,0.03632,0.03692,0.03636,0.03682,39854685
1754960400,2025-08-12 01:00:00,0.03659,0.03699,0.03681,0.03682,30560074
1754964000,2025-08-12 02:00:00,0.03675,0.0372,0.03683,0.03679,22910474
1754967600,2025-08-12 03:00:00,0.03646,0.03684,0.03679,0.03651,19488517
1754971200,2025-08-12 04:00:00,0.03619,0.03665,0.03649,0.03635,32527452
1754974800,2025-08-12 05:00:00,0.03543,0.03635,0.03633,0.03563,41116396
1754978400,2025-08-12 06:00:00,0.03518,0.03588,0.03563,0.0356,31083705
1754982000,2025-08-12 07:00:00,0.03554,0.03598,0.0356,0.03561,18541260
1754985600,2025-08-12 08:00:00,0.03518,0.03566,0.03562,0.03525,24910449
1754989200,2025-08-12 09:00:00,0.0347,0.03528,0.03524,0.03472,47504048
1754992800,2025-08-12 10:00:00,0.03453,0.03493,0.03474,0.03488,32653956
1754996400,2025-08-12 11:00:00,0.03454,0.03504,0.03487,0.03495,28989317
1755000000,2025-08-12 12:00:00,0.03484,0.03677,0.03497,0.03632,126878565
1755003600,2025-08-12 13:00:00,0.03551,0.0366,0.03633,0.03593,79295452
1755007200,2025-08-12 14:00:00,0.03578,0.03655,0.03593,0.03631,52863335
1755010800,2025-08-12 15:00:00,0.03626,0.0373,0.03632,0.03713,71421329
1755014400,2025-08-12 16:00:00,0.0368,0.03747,0.03713,0.03739,92762472
1755018000,2025-08-12 17:00:00,0.03681,0.03774,0.03741,0.03691,83155521
1755021600,2025-08-12 18:00:00,0.03672,0.03746,0.03692,0.03684,48855270
1755025200,2025-08-12 19:00:00,0.03677,0.03745,0.03686,0.03738,62589208
1755028800,2025-08-12 20:00:00,0.03687,0.03766,0.03738,0.03747,89835940
1755032400,2025-08-12 21:00:00,0.037,0.03759,0.03746,0.03706,57068477
1755036000,2025-08-12 22:00:00,0.03678,0.03728,0.03707,0.0372,42817150
1755039600,2025-08-12 23:00:00,0.03707,0.03761,0.03717,0.03728,35796367
1755043200,2025-08-13 00:00:00,0.0365,0.03741,0.0373,0.0369,167181622
1755046800,2025-08-13 01:00:00,0.03586,0.03691,0.03689,0.03621,164565109
1755050400,2025-08-13 02:00:00,0.03594,0.03699,0.03619,0.03698,47898955
1755054000,2025-08-13 03:00:00,0.03698,0.03833,0.03699,0.03774,185614571
1755057600,2025-08-13 04:00:00,0.03765,0.03854,0.03773,0.03793,67864931
1755061200,2025-08-13 05:00:00,0.03669,0.03796,0.03794,0.03684,104311295
1755064800,2025-08-13 06:00:00,0.03649,0.037,0.03685,0.03692,37135002
1755068400,2025-08-13 07:00:00,0.03683,0.03755,0.03692,0.03752,28643346
1755072000,2025-08-13 08:00:00,0.03733,0.0378,0.0375,0.03767,36926233
1755075600,2025-08-13 09:00:00,0.03744,0.03782,0.03766,0.03774,34948350
1755079200,2025-08-13 10:00:00,0.03763,0.03807,0.03772,0.03787,37817714
1755082800,2025-08-13 11:00:00,0.03765,0.03814,0.03786,0.03769,28441808
1755086400,2025-08-13 12:00:00,0.03701,0.03825,0.03769,0.03717,50635327
1755090000,2025-08-13 13:00:00,0.03692,0.03787,0.03718,0.0373,75285901
1755093600,2025-08-13 14:00:00,0.03632,0.03741,0.03731,0.03646,94019814
1755097200,2025-08-13 15:00:00,0.03622,0.03685,0.03647,0.03665,49792210
1755100800,2025-08-13 16:00:00,0.03666,0.03749,0.03666,0.03702,60006474
1755104400,2025-08-13 17:00:00,0.03676,0.03737,0.03699,0.03729,27607471
1755108000,2025-08-13 18:00:00,0.03664,0.0375,0.03727,0.03698,33806283
1755111600,2025-08-13 19:00:00,0.03695,0.03779,0.03698,0.03762,55675080
1755115200,2025-08-13 20:00:00,0.03699,0.03768,0.03763,0.03718,31870644
1755118800,2025-08-13 21:00:00,0.03691,0.03749,0.03719,0.03713,36740958
1755122400,2025-08-13 22:00:00,0.03704,0.03796,0.03712,0.03749,58030902
1755126000,2025-08-13 23:00:00,0.03747,0.03784,0.03748,0.03755,35376448
1755129600,2025-08-14 00:00:00,0.03703,0.03791,0.03757,0.03734,46015305
1755133200,2025-08-14 01:00:00,0.03691,0.03778,0.03734,0.03753,45127142
1755136800,2025-08-14 02:00:00,0.03729,0.03839,0.03755,0.03818,59229266
1755140400,2025-08-14 03:00:00,0.03805,0.03859,0.03817,0.03826,61858866
1755144000,2025-08-14 04:00:00,0.03798,0.03855,0.03825,0.03831,50706706
1755147600,2025-08-14 05:00:00,0.03695,0.03872,0.03831,0.03707,104406123
1755151200,2025-08-14 06:00:00,0.03659,0.03762,0.03706,0.03727,48959513
1755154800,2025-08-14 07:00:00,0.03671,0.03747,0.03728,0.03697,31116982
1755158400,2025-08-14 08:00:00,0.03621,0.03698,0.03697,0.03631,30406498
1755162000,2025-08-14 09:00:00,0.03595,0.03655,0.03631,0.03637,30977625
1755165600,2025-08-14 10:00:00,0.03536,0.03641,0.03637,0.03571,44584383
1755169200,2025-08-14 11:00:00,0.03543,0.03591,0.0357,0.03588,33408792
1755172800,2025-08-14 12:00:00,0.03212,0.03621,0.03586,0.03354,180218049
1755176400,2025-08-14 13:00:00,0.03256,0.03407,0.03354,0.03366,237411186
1755180000,2025-08-14 14:00:00,0.03336,0.03425,0.03367,0.03376,94195130
1755183600,2025-08-14 15:00:00,0.03341,0.03404,0.0338,0.03341,38639117
1755187200,2025-08-14 16:00:00,0.03294,0.03341,0.03341,0.03311,77113301
1755190800,2025-08-14 17:00:00,0.0327,0.03325,0.0331,0.03302,56947061
1755194400,2025-08-14 18:00:00,0.03249,0.03302,0.03302,0.0329,182716097
1755198000,2025-08-14 19:00:00,0.03277,0.03314,0.03291,0.03287,186220224
1755201600,2025-08-14 20:00:00,0.03263,0.03311,0.03286,0.03306,45032849
1755205200,2025-08-14 21:00:00,0.03197,0.03304,0.03302,0.03254,83433888
1755208800,2025-08-14 22:00:00,0.03231,0.03307,0.03253,0.03296,37927271
1755212400,2025-08-14 23:00:00,0.03294,0.03339,0.03295,0.03309,33175844
1755216000,2025-08-15 00:00:00,0.03303,0.03363,0.0331,0.03343,59552707
1755219600,2025-08-15 01:00:00,0.03323,0.03475,0.03342,0.0347,81354858
1755223200,2025-08-15 02:00:00,0.03399,0.03529,0.03471,0.03413,120112241
1755226800,2025-08-15 03:00:00,0.03385,0.03416,0.03413,0.03405,107932383
1755230400,2025-08-15 04:00:00,0.03389,0.03408,0.03404,0.03399,53471575
1755234000,2025-08-15 05:00:00,0.03371,0.03404,0.03399,0.0339,19517409
1755237600,2025-08-15 06:00:00,0.03378,0.03408,0.03388,0.03397,22026069
1755241200,2025-08-15 07:00:00,0.03385,0.03408,0.03396,0.03406,25660890
1755244800,2025-08-15 08:00:00,0.0335,0.03408,0.03404,0.034,78030032
1755248400,2025-08-15 09:00:00,0.03336,0.03404,0.034,0.03357,26274801
1755252000,2025-08-15 10:00:00,0.03355,0.03381,0.03358,0.03362,20032587
1755255600,2025-08-15 11:00:00,0.03327,0.03375,0.03363,0.03341,77272003
1755259200,2025-08-15 12:00:00,0.03315,0.03399,0.0334,0.03347,48355076
1755262800,2025-08-15 13:00:00,0.03295,0.0336,0.03347,0.03308,45978059
1755266400,2025-08-15 14:00:00,0.03252,0.0333,0.03306,0.03268,79170381
1755270000,2025-08-15 15:00:00,0.03083,0.03272,0.03266,0.03134,344261575
1755273600,2025-08-15 16:00:00,0.03097,0.03207,0.03133,0.03203,83183028
1755277200,2025-08-15 17:00:00,0.03153,0.03235,0.03203,0.03207,72611596
1755280800,2025-08-15 18:00:00,0.03151,0.03216,0.03208,0.03167,28803606
1755284400,2025-08-15 19:00:00,0.03154,0.03202,0.03162,0.03166,27866976
1755288000,2025-08-15 20:00:00,0.03155,0.03206,0.03167,0.03203,14743801
1755291600,2025-08-15 21:00:00,0.03183,0.03216,0.03202,0.03215,19866952
1755295200,2025-08-15 22:00:00,0.03207,0.03276,0.03216,0.03273,22016275
1755298800,2025-08-15 23:00:00,0.03214,0.03292,0.03272,0.03243,20764506
1755302400,2025-08-16 00:00:00,0.03223,0.03253,0.03243,0.03233,14917650
1755306000,2025-08-16 01:00:00,0.03216,0.03239,0.03234,0.03234,12500847
1755309600,2025-08-16 02:00:00,0.03215,0.03257,0.03235,0.03241,39355112
1755313200,2025-08-16 03:00:00,0.03236,0.03261,0.03241,0.03258,17321205
1755316800,2025-08-16 04:00:00,0.03235,0.03281,0.03256,0.03281,9340661
1755320400,2025-08-16 05:00:00,0.03255,0.03281,0.0328,0.03261,12013802
1755324000,2025-08-16 06:00:00,0.0325,0.03276,0.03263,0.03251,4983287
1755327600,2025-08-16 07:00:00,0.03246,0.03272,0.03251,0.03259,6414388
1755331200,2025-08-16 08:00:00,0.03245,0.03268,0.03256,0.03256,4669441
1755334800,2025-08-16 09:00:00,0.0323,0.03279,0.03254,0.0323,8027650
1755338400,2025-08-16 10:00:00,0.03221,0.03252,0.03229,0.03236,14468907
1755342000,2025-08-16 11:00:00,0.03235,0.03283,0.03237,0.03238,30342206
1755345600,2025-08-16 12:00:00,0.0323,0.03273,0.0324,0.03272,11464463
1755349200,2025-08-16 13:00:00,0.03267,0.03337,0.03272,0.03279,29688891
1755352800,2025-08-16 14:00:00,0.03254,0.03338,0.03279,0.03323,39007138
1755356400,2025-08-16 15:00:00,0.03302,0.03333,0.03322,0.03309,20899146
1755360000,2025-08-16 16:00:00,0.03301,0.03332,0.03306,0.03322,16628631
1755363600,2025-08-16 17:00:00,0.03287,0.03321,0.03321,0.033,26241469
1755367200,2025-08-16 18:00:00,0.03279,0.03316,0.033,0.0329,15815143
1755370800,2025-08-16 19:00:00,0.03288,0.03317,0.0329,0.0329,9147188
1755374400,2025-08-16 20:00:00,0.0328,0.03335,0.03288,0.03327,23450225
1755378000,2025-08-16 21:00:00,0.03309,0.0333,0.03325,0.03315,11758620
1755381600,2025-08-16 22:00:00,0.03298,0.03333,0.03313,0.03325,8513463
1755385200,2025-08-16 23:00:00,0.03301,0.03325,0.03324,0.03319,6933718
1755388800,2025-08-17 00:00:00,0.03288,0.0332,0.0332,0.03308,25760536
1755392400,2025-08-17 01:00:00,0.03286,0.03308,0.03308,0.03293,10882493
1755396000,2025-08-17 02:00:00,0.03281,0.03332,0.03292,0.03332,14927129
1755399600,2025-08-17 03:00:00,0.03317,0.03356,0.03332,0.03349,20433685
1755403200,2025-08-17 04:00:00,0.03325,0.03364,0.03347,0.03353,17450566
1755406800,2025-08-17 05:00:00,0.03332,0.03362,0.03352,0.03334,14213669
1755410400,2025-08-17 06:00:00,0.0332,0.03353,0.03337,0.03323,7657726
1755414000,2025-08-17 07:00:00,0.03316,0.03338,0.03325,0.03324,7936494
1755417600,2025-08-17 08:00:00,0.03319,0.03368,0.03325,0.0336,7252483
1755421200,2025-08-17 09:00:00,0.03328,0.03363,0.03358,0.03345,11785932
1755424800,2025-08-17 10:00:00,0.03324,0.03347,0.03343,0.0334,8306288
1755428400,2025-08-17 11:00:00,0.03328,0.03348,0.03342,0.03343,10989124
1755432000,2025-08-17 12:00:00,0.03308,0.03344,0.03343,0.03312,9187759
1755435600,2025-08-17 13:00:00,0.03291,0.0333,0.03311,0.0332,20845612
1755439200,2025-08-17 14:00:00,0.03301,0.03345,0.03321,0.03329,18852057
1755442800,2025-08-17 15:00:00,0.03324,0.03389,0.03331,0.03389,18620842
1755446400,2025-08-17 16:00:00,0.03323,0.03434,0.03389,0.03335,57383024
1755450000,2025-08-17 17:00:00,0.03312,0.03337,0.03335,0.03335,26045863
1755453600,2025-08-17 18:00:00,0.03264,0.03344,0.03336,0.03298,37487395
1755457200,2025-08-17 19:00:00,0.03248,0.03318,0.033,0.03256,39380556
1755460800,2025-08-17 20:00:00,0.03254,0.03301,0.03257,0.03281,15774031
1755464400,2025-08-17 21:00:00,0.03274,0.03298,0.0328,0.03283,12606456
1755468000,2025-08-17 22:00:00,0.03276,0.03362,0.03283,0.03342,40513266
1755471600,2025-08-17 23:00:00,0.03282,0.03336,0.03336,0.03291,35134190
1755475200,2025-08-18 00:00:00,0.03247,0.03299,0.03291,0.03266,32683804
1755478800,2025-08-18 01:00:00,0.03197,0.03275,0.0327,0.03204,61924179
1755482400,2025-08-18 02:00:00,0.03129,0.0321,0.03204,0.03136,61311293
1755486000,2025-08-18 03:00:00,0.03075,0.03139,0.03135,0.03127,40947014
1755489600,2025-08-18 04:00:00,0.03116,0.03265,0.03126,0.03226,66027433
1755493200,2025-08-18 05:00:00,0.03186,0.03282,0.03226,0.03233,38442124
1755496800,2025-08-18 06:00:00,0.03181,0.0324,0.03234,0.0322,33484549
1755500400,2025-08-18 07:00:00,0.03149,0.03225,0.03221,0.03163,27757406
1755504000,2025-08-18 08:00:00,0.03141,0.0318,0.03164,0.03143,13791186
1755507600,2025-08-18 09:00:00,0.03112,0.03206,0.03142,0.03172,32755694
1755511200,2025-08-18 10:00:00,0.03146,0.03178,0.03169,0.0315,12221820
1755514800,2025-08-18 11:00:00,0.03137,0.0318,0.0315,0.03172,17693115
1755518400,2025-08-18 12:00:00,0.03164,0.03218,0.03174,0.03213,49603932
1755522000,2025-08-18 13:00:00,0.03126,0.03223,0.03213,0.03126,80469290
1755525600,2025-08-18 14:00:00,0.03119,0.03177,0.03126,0.03177,49534469
1755529200,2025-08-18 15:00:00,0.03131,0.03196,0.03175,0.03193,47636008
1755532800,2025-08-18 16:00:00,0.03144,0.03196,0.03194,0.03154,42012140
1755536400,2025-08-18 17:00:00,0.03153,0.03196,0.03155,0.03156,65709723
1755540000,2025-08-18 18:00:00,0.03137,0.03166,0.03154,0.03162,31621114
1755543600,2025-08-18 19:00:00,0.03124,0.03173,0.03164,0.03136,23594428
1755547200,2025-08-18 20:00:00,0.03099,0.03151,0.03134,0.03123,42316408
1755550800,2025-08-18 21:00:00,0.03123,0.03159,0.03124,0.03152,28312213
1755554400,2025-08-18 22:00:00,0.03123,0.03187,0.03153,0.03127,43171656
1755558000,2025-08-18 23:00:00,0.03098,0.03142,0.03127,0.03111,20160850
1755561600,2025-08-19 00:00:00,0.03037,0.03141,0.03111,0.03141,60617552
1755565200,2025-08-19 01:00:00,0.03135,0.03191,0.03139,0.03173,230258443
1755568800,2025-08-19 02:00:00,0.03164,0.03177,0.03172,0.03165,148243420
1755572400,2025-08-19 03:00:00,0.03101,0.03183,0.03165,0.03111,115394233
1755576000,2025-08-19 04:00:00,0.03046,0.03167,0.03111,0.03159,72655334
1755579600,2025-08-19 05:00:00,0.0313,0.03192,0.0316,0.03145,37632133
1755583200,2025-08-19 06:00:00,0.03106,0.03149,0.03144,0.03123,22844294
1755586800,2025-08-19 07:00:00,0.03095,0.03138,0.03123,0.03126,18249333
1755590400,2025-08-19 08:00:00,0.03079,0.03149,0.03127,0.03147,30578145
1755594000,2025-08-19 09:00:00,0.03142,0.03225,0.03146,0.03209,40768670
1755597600,2025-08-19 10:00:00,0.03182,0.03228,0.0321,0.03213,18100963
1755601200,2025-08-19 11:00:00,0.03196,0.0324,0.03214,0.03218,21675028
1755604800,2025-08-19 12:00:00,0.03197,0.03256,0.03219,0.03208,34581681
1755608400,2025-08-19 13:00:00,0.03144,0.03257,0.03208,0.03186,97307994
1755612000,2025-08-19 14:00:00,0.03084,0.03201,0.03186,0.03124,95808812
1755615600,2025-08-19 15:00:00,0.03101,0.03192,0.03127,0.03124,82972782
1755619200,2025-08-19 16:00:00,0.03059,0.03133,0.03123,0.03098,105170540
1755622800,2025-08-19 17:00:00,0.03048,0.0311,0.03099,0.03066,68558287
1755626400,2025-08-19 18:00:00,0.02993,0.03075,0.03066,0.02997,86279170
1755630000,2025-08-19 19:00:00,0.02971,0.03075,0.02997,0.03038,84024052
1755633600,2025-08-19 20:00:00,0.03023,0.03075,0.03038,0.03074,64169801
1755637200,2025-08-19 21:00:00,0.03044,0.03075,0.03074,0.0305,30410029
1755640800,2025-08-19 22:00:00,0.03015,0.03054,0.03052,0.03024,31331806
1755644400,2025-08-19 23:00:00,0.02936,0.03026,0.03025,0.02953,95118065
1755648000,2025-08-20 00:00:00,0.02953,0.03006,0.02953,0.02968,181382723
1755651600,2025-08-20 01:00:00,0.02896,0.02988,0.02968,0.02952,77667367
1755655200,2025-08-20 02:00:00,0.02942,0.02984,0.02954,0.02974,30640898
1755658800,2025-08-20 03:00:00,0.02951,0.03012,0.02975,0.02979,20771629
1755662400,2025-08-20 04:00:00,0.02977,0.03034,0.02979,0.03008,29979685
1755666000,2025-08-20 05:00:00,0.02983,0.03046,0.03007,0.03038,19107307
1755669600,2025-08-20 06:00:00,0.03006,0.03043,0.0304,0.03012,14063296
1755673200,2025-08-20 07:00:00,0.02994,0.03036,0.03013,0.02996,13121407
1755676800,2025-08-20 08:00:00,0.02987,0.03038,0.02994,0.03032,30244590
1755680400,2025-08-20 09:00:00,0.02994,0.03033,0.03031,0.03009,30314977
1755684000,2025-08-20 10:00:00,0.02997,0.03021,0.03007,0.03005,9815555
1755687600,2025-08-20 11:00:00,0.02934,0.03009,0.03006,0.02977,26951401
1755691200,2025-08-20 12:00:00,0.02964,0.03019,0.02978,0.02973,43808222
1755694800,2025-08-20 13:00:00,0.02893,0.02979,0.02973,0.02898,95943388
1755698400,2025-08-20 14:00:00,0.02862,0.02997,0.02897,0.02974,109132909
1755702000,2025-08-20 15:00:00,0.02974,0.03081,0.02974,0.03011,125555343
1755705600,2025-08-20 16:00:00,0.03009,0.03078,0.0301,0.03045,48582387
1755709200,2025-08-20 17:00:00,0.03042,0.03131,0.03043,0.03114,58974066
1755712800,2025-08-20 18:00:00,0.03018,0.03117,0.03114,0.03061,57447787
1755716400,2025-08-20 19:00:00,0.03056,0.03172,0.03062,0.0317,45301378
1755720000,2025-08-20 20:00:00,0.03143,0.03187,0.03171,0.03162,17822089
1755723600,2025-08-20 21:00:00,0.03161,0.03225,0.03161,0.03203,65618184
1755727200,2025-08-20 22:00:00,0.03185,0.03228,0.03203,0.03212,36628229
1755730800,2025-08-20 23:00:00,0.0318,0.03226,0.03214,0.03206,99210555
1755734400,2025-08-21 00:00:00,0.03155,0.03268,0.03206,0.03267,229054381
1755738000,2025-08-21 01:00:00,0.03199,0.0327,0.03268,0.03261,43087989
1755741600,2025-08-21 02:00:00,0.03168,0.03276,0.03258,0.03189,40140765
1755745200,2025-08-21 03:00:00,0.03172,0.03242,0.03191,0.03176,27760393
1755748800,2025-08-21 04:00:00,0.03171,0.03224,0.03176,0.03206,30439786
1755752400,2025-08-21 05:00:00,0.0319,0.03237,0.03206,0.03232,23818830
1755756000,2025-08-21 06:00:00,0.03181,0.03233,0.03233,0.03188,19266428
1755759600,2025-08-21 07:00:00,0.03141,0.03187,0.03187,0.03169,18975722
1755763200,2025-08-21 08:00:00,0.03126,0.03175,0.03168,0.03128,19653094
1755766800,2025-08-21 09:00:00,0.03095,0.03135,0.03129,0.03097,22105164
1755770400,2025-08-21 10:00:00,0.03081,0.0311,0.03096,0.03084,15234705
1755774000,2025-08-21 11:00:00,0.03077,0.03118,0.03086,0.03091,30799189
1755777600,2025-08-21 12:00:00,0.0305,0.03104,0.0309,0.0306,40918773
1755781200,2025-08-21 13:00:00,0.03056,0.03105,0.03058,0.03069,42853013
1755784800,2025-08-21 14:00:00,0.03048,0.03138,0.03068,0.0306,49833054
1755788400,2025-08-21 15:00:00,0.03015,0.03062,0.03059,0.0302,37695963
1755792000,2025-08-21 16:00:00,0.03013,0.03048,0.0302,0.0302,21157266
1755795600,2025-08-21 17:00:00,0.03002,0.03048,0.0302,0.03045,24201433
1755799200,2025-08-21 18:00:00,0.03042,0.03095,0.03045,0.03076,23735419
1755802800,2025-08-21 19:00:00,0.03025,0.0309,0.03075,0.03035,17315811
1755806400,2025-08-21 20:00:00,0.03022,0.03077,0.03034,0.03055,22490840
1755810000,2025-08-21 21:00:00,0.03034,0.03074,0.03057,0.03055,13654037
1755813600,2025-08-21 22:00:00,0.03053,0.03083,0.03055,0.03069,17764450
1755817200,2025-08-21 23:00:00,0.03026,0.03069,0.03068,0.03046,20199198
1755820800,2025-08-22 00:00:00,0.03048,0.0309,0.03048,0.03076,22453097
1755824400,2025-08-22 01:00:00,0.03042,0.03106,0.03075,0.03105,30061823
1755828000,2025-08-22 02:00:00,0.03093,0.03192,0.03103,0.0314,71097803
1755831600,2025-08-22 03:00:00,0.03093,0.03152,0.0314,0.0311,25539930
1755835200,2025-08-22 04:00:00,0.03096,0.03151,0.03111,0.03108,24515159
1755838800,2025-08-22 05:00:00,0.03083,0.03125,0.03108,0.03105,80409016
1755842400,2025-08-22 06:00:00,0.0309,0.03123,0.03104,0.03098,92608765
1755846000,2025-08-22 07:00:00,0.03097,0.03123,0.03098,0.03111,84394808
1755849600,2025-08-22 08:00:00,0.03093,0.03123,0.03111,0.03094,29735190
1755853200,2025-08-22 09:00:00,0.03061,0.03101,0.03094,0.03075,19709604
1755856800,2025-08-22 10:00:00,0.03003,0.03074,0.03074,0.03021,26664341
1755860400,2025-08-22 11:00:00,0.0296,0.03022,0.03017,0.02961,59532864
1755864000,2025-08-22 12:00:00,0.02882,0.02966,0.02962,0.02935,94368132
1755867600,2025-08-22 13:00:00,0.0293,0.03036,0.02935,0.03004,103726607
1755871200,2025-08-22 14:00:00,0.03004,0.0327,0.03005,0.03238,543161201
1755874800,2025-08-22 15:00:00,0.03237,0.03436,0.03237,0.03342,206919576
1755878400,2025-08-22 16:00:00,0.03342,0.03451,0.03342,0.03394,144904983
1755882000,2025-08-22 17:00:00,0.0338,0.03431,0.03395,0.03409,71038395
1755885600,2025-08-22 18:00:00,0.03372,0.03426,0.03406,0.0338,64824605
1755889200,2025-08-22 19:00:00,0.0337,0.03412,0.0338,0.03399,35275101
1755892800,2025-08-22 20:00:00,0.03388,0.03456,0.034,0.03424,57623662
1755896400,2025-08-22 21:00:00,0.0342,0.03505,0.03427,0.03504,60877555
1755900000,2025-08-22 22:00:00,0.03456,0.03527,0.03504,0.03513,86225931
1755903600,2025-08-22 23:00:00,0.03508,0.03749,0.03514,0.03622,267489211
1755907200,2025-08-23 00:00:00,0.0357,0.03689,0.03622,0.03612,83486423
1755910800,2025-08-23 01:00:00,0.03552,0.03627,0.03613,0.03589,75277953
1755914400,2025-08-23 02:00:00,0.03479,0.03605,0.03591,0.03526,117720970
1755918000,2025-08-23 03:00:00,0.03464,0.03526,0.03526,0.0347,43348185
1755921600,2025-08-23 04:00:00,0.03467,0.03555,0.0347,0.03553,46195082
1755925200,2025-08-23 05:00:00,0.0354,0.03602,0.03552,0.03572,36256732
1755928800,2025-08-23 06:00:00,0.03551,0.03599,0.03572,0.03565,30431348
1755932400,2025-08-23 07:00:00,0.03513,0.03569,0.03564,0.03534,19475229
1755936000,2025-08-23 08:00:00,0.03529,0.03588,0.03532,0.03577,31240522
1755939600,2025-08-23 09:00:00,0.03555,0.03612,0.03575,0.03607,24663410
1755943200,2025-08-23 10:00:00,0.03565,0.0362,0.03608,0.03569,17497861
1755946800,2025-08-23 11:00:00,0.03558,0.03608,0.0357,0.03574,22423759
1755950400,2025-08-23 12:00:00,0.03552,0.03621,0.03575,0.03592,38909226
1755954000,2025-08-23 13:00:00,0.03528,0.03593,0.03593,0.03532,28163524
1755957600,2025-08-23 14:00:00,0.0352,0.03569,0.03531,0.03534,28609030
1755961200,2025-08-23 15:00:00,0.03498,0.03544,0.03534,0.03522,31926619
1755964800,2025-08-23 16:00:00,0.03483,0.03526,0.03522,0.03501,30079505
1755968400,2025-08-23 17:00:00,0.03501,0.03548,0.03501,0.0354,14714511
1755972000,2025-08-23 18:00:00,0.0354,0.03583,0.0354,0.03578,25520529
1755975600,2025-08-23 19:00:00,0.03561,0.03592,0.03578,0.03586,13244245
1755979200,2025-08-23 20:00:00,0.03563,0.03587,0.03584,0.03581,10543423
1755982800,2025-08-23 21:00:00,0.03577,0.03604,0.0358,0.03599,36734757
1755986400,2025-08-23 22:00:00,0.03595,0.0362,0.03599,0.03616,29839152
1755990000,2025-08-23 23:00:00,0.03616,0.03656,0.03616,0.03628,35777350
1755993600,2025-08-24 00:00:00,0.03594,0.03642,0.03629,0.03617,27607558
1755997200,2025-08-24 01:00:00,0.0358,0.03621,0.03616,0.03621,22757361
1756000800,2025-08-24 02:00:00,0.03571,0.03624,0.0362,0.03576,24919968
1756004400,2025-08-24 03:00:00,0.03562,0.03603,0.03575,0.03596,24048275
1756008000,2025-08-24 04:00:00,0.03575,0.03607,0.03596,0.03596,12731195
1756011600,2025-08-24 05:00:00,0.03563,0.03596,0.03596,0.03566,10426621
1756015200,2025-08-24 06:00:00,0.03509,0.03569,0.03565,0.03515,21829690
1756018800,2025-08-24 07:00:00,0.03515,0.03555,0.03515,0.03527,13374949
1756022400,2025-08-24 08:00:00,0.03512,0.03541,0.03527,0.03517,7039427
1756026000,2025-08-24 09:00:00,0.03452,0.03519,0.03516,0.03452,16973309
1756029600,2025-08-24 10:00:00,0.03388,0.03454,0.03453,0.03405,74515033
1756033200,2025-08-24 11:00:00,0.03359,0.03429,0.03403,0.0341,30270399
1756036800,2025-08-24 12:00:00,0.034,0.03438,0.03411,0.03414,18233273
1756040400,2025-08-24 13:00:00,0.03403,0.03436,0.03416,0.03406,25611563
1756044000,2025-08-24 14:00:00,0.03386,0.03422,0.03406,0.03413,27378049
1756047600,2025-08-24 15:00:00,0.03396,0.03472,0.03411,0.03408,42154775
1756051200,2025-08-24 16:00:00,0.03386,0.03426,0.03408,0.0342,22029274
1756054800,2025-08-24 17:00:00,0.03419,0.03528,0.03419,0.03494,59135504
1756058400,2025-08-24 18:00:00,0.03481,0.03584,0.03494,0.03552,90129787
1756062000,2025-08-24 19:00:00,0.0341,0.03601,0.03552,0.03458,336058374
1756065600,2025-08-24 20:00:00,0.03371,0.03464,0.03459,0.03429,111338548
1756069200,2025-08-24 21:00:00,0.03402,0.03456,0.03424,0.03411,35246520
1756072800,2025-08-24 22:00:00,0.03354,0.03421,0.03414,0.03418,75062919
1756076400,2025-08-24 23:00:00,0.03401,0.03447,0.03418,0.03411,27453652
1756080000,2025-08-25 00:00:00,0.03363,0.03549,0.03412,0.0339,254586494
1756083600,2025-08-25 01:00:00,0.03372,0.03428,0.03391,0.034,34217567
1756087200,2025-08-25 02:00:00,0.03402,0.03493,0.03402,0.03473,50926814
1756090800,2025-08-25 03:00:00,0.03399,0.03478,0.03472,0.03403,42030669
1756094400,2025-08-25 04:00:00,0.03362,0.03408,0.03402,0.03369,31091331
1756098000,2025-08-25 05:00:00,0.03272,0.0338,0.03369,0.03274,75425328
1756101600,2025-08-25 06:00:00,0.03191,0.03279,0.03276,0.03209,181290636
1756105200,2025-08-25 07:00:00,0.03174,0.03246,0.03209,0.03188,62508775
1756108800,2025-08-25 08:00:00,0.03152,0.03204,0.03185,0.03192,54030328
1756112400,2025-08-25 09:00:00,0.03179,0.03201,0.03192,0.03193,23868827
1756116000,2025-08-25 10:00:00,0.03137,0.03193,0.03193,0.03146,36594618
1756119600,2025-08-25 11:00:00,0.03139,0.03168,0.03147,0.03166,21395646
1756123200,2025-08-25 12:00:00,0.03157,0.03186,0.03164,0.03179,19828606
1756126800,2025-08-25 13:00:00,0.03137,0.03184,0.03179,0.03168,41109506
1756130400,2025-08-25 14:00:00,0.03155,0.03211,0.03169,0.03179,53031468
1756134000,2025-08-25 15:00:00,0.03097,0.03192,0.03181,0.03126,62583374
1756137600,2025-08-25 16:00:00,0.031,0.03164,0.03127,0.03112,43218000
1756141200,2025-08-25 17:00:00,0.03081,0.03117,0.03112,0.03104,59089383
1756144800,2025-08-25 18:00:00,0.03089,0.03117,0.03105,0.03095,27449954
1756148400,2025-08-25 19:00:00,0.03007,0.03102,0.03095,0.03011,68171006
1756152000,2025-08-25 20:00:00,0.02952,0.03031,0.03013,0.0296,118067404
1756155600,2025-08-25 21:00:00,0.02954,0.02994,0.02959,0.02968,51713171
1756159200,2025-08-25 22:00:00,0.02967,0.03044,0.02968,0.03018,50850171
1756162800,2025-08-25 23:00:00,0.0297,0.03031,0.03018,0.02995,33665007
1756166400,2025-08-26 00:00:00,0.02974,0.03013,0.02995,0.02987,32253791
1756170000,2025-08-26 01:00:00,0.02978,0.03024,0.02987,0.03011,26145724
1756173600,2025-08-26 02:00:00,0.02989,0.03041,0.0301,0.02994,35930260
1756177200,2025-08-26 03:00:00,0.02974,0.03002,0.02996,0.02987,24332142
1756180800,2025-08-26 04:00:00,0.02986,0.03025,0.02986,0.03016,21742641
1756184400,2025-08-26 05:00:00,0.03004,0.03073,0.03016,0.03051,108897031
1756188000,2025-08-26 06:00:00,0.0305,0.03095,0.0305,0.03064,62674901
1756191600,2025-08-26 07:00:00,0.0305,0.03108,0.03066,0.03081,46658975
1756195200,2025-08-26 08:00:00,0.0305,0.03083,0.03079,0.03058,15032767
1756198800,2025-08-26 09:00:00,0.03054,0.0309,0.03058,0.03068,20529541
1756202400,2025-08-26 10:00:00,0.03053,0.03098,0.0307,0.03058,15704341
1756206000,2025-08-26 11:00:00,0.03023,0.03065,0.03059,0.03041,29974784
1756209600,2025-08-26 12:00:00,0.03015,0.03125,0.03038,0.03067,60654983
1756213200,2025-08-26 13:00:00,0.03023,0.03083,0.03066,0.03065,62135147
1756216800,2025-08-26 14:00:00,0.03036,0.03095,0.03066,0.03091,64734855
1756220400,2025-08-26 15:00:00,0.03042,0.03113,0.0309,0.03061,52953372
1756224000,2025-08-26 16:00:00,0.03051,0.03093,0.03061,0.03093,20279490
1756227600,2025-08-26 17:00:00,0.03055,0.03096,0.03092,0.03076,20333563
1756231200,2025-08-26 18:00:00,0.03065,0.031,0.03075,0.03088,20346439
1756234800,2025-08-26 19:00:00,0.03074,0.03157,0.03086,0.03152,33455406
1756238400,2025-08-26 20:00:00,0.03114,0.03165,0.03149,0.03125,20921299
1756242000,2025-08-26 21:00:00,0.03094,0.03133,0.03124,0.03127,139655338
1756245600,2025-08-26 22:00:00,0.03095,0.03133,0.03128,0.03112,24895685
1756249200,2025-08-26 23:00:00,0.03107,0.03141,0.03111,0.03116,20066423
1756252800,2025-08-27 00:00:00,0.0307,0.03118,0.03116,0.03078,27778903
1756256400,2025-08-27 01:00:00,0.03062,0.03086,0.03079,0.03084,18436673
1756260000,2025-08-27 02:00:00,0.03062,0.03112,0.03084,0.03082,20293764
1756263600,2025-08-27 03:00:00,0.03064,0.03138,0.03084,0.03117,19763565
1756267200,2025-08-27 04:00:00,0.03115,0.03156,0.03117,0.03123,35130562
1756270800,2025-08-27 05:00:00,0.03081,0.03122,0.03122,0.03083,13735463
1756274400,2025-08-27 06:00:00,0.03074,0.03101,0.03083,0.03085,12895704
1756278000,2025-08-27 07:00:00,0.03069,0.03093,0.03085,0.03087,6099974
1756281600,2025-08-27 08:00:00,0.03055,0.03095,0.03088,0.03081,10373242
1756285200,2025-08-27 09:00:00,0.0308,0.03114,0.0308,0.03091,19576861
1756288800,2025-08-27 10:00:00,0.03082,0.03114,0.03091,0.031,19555454
1756292400,2025-08-27 11:00:00,0.03088,0.0311,0.03101,0.03096,12002903
1756296000,2025-08-27 12:00:00,0.0307,0.031,0.03096,0.0309,20986506
1756299600,2025-08-27 13:00:00,0.03068,0.0313,0.03091,0.03086,35153004
1756303200,2025-08-27 14:00:00,0.03073,0.03132,0.03086,0.03088,50070012
1756306800,2025-08-27 15:00:00,0.03078,0.03109,0.03086,0.03095,29688832
1756310400,2025-08-27 16:00:00,0.03054,0.03097,0.03096,0.03079,26803521
1756314000,2025-08-27 17:00:00,0.03057,0.03091,0.03079,0.0308,35098652
1756317600,2025-08-27 18:00:00,0.03037,0.03087,0.0308,0.03039,18916261
1756321200,2025-08-27 19:00:00,0.0301,0.03059,0.03039,0.0305,30576198
1756324800,2025-08-27 20:00:00,0.0301,0.0309,0.03049,0.03081,111855031
1756328400,2025-08-27 21:00:00,0.03026,0.03085,0.03081,0.03036,14788451
1756332000,2025-08-27 22:00:00,0.03004,0.03043,0.03037,0.03021,53657770
1756335600,2025-08-27 23:00:00,0.02994,0.03036,0.03021,0.03003,41492011
1756339200,2025-08-28 00:00:00,0.02969,0.03019,0.03001,0.02994,30704824
1756342800,2025-08-28 01:00:00,0.02991,0.0302,0.02995,0.03008,21156474
1756346400,2025-08-28 02:00:00,0.02989,0.03011,0.03008,0.03001,17322455
1756350000,2025-08-28 03:00:00,0.02994,0.03034,0.02999,0.03025,21800192
1756353600,2025-08-28 04:00:00,0.03016,0.03103,0.03024,0.0308,55980704
1756357200,2025-08-28 05:00:00,0.03047,0.03098,0.0308,0.0306,18515749
1756360800,2025-08-28 06:00:00,0.03041,0.03067,0.0306,0.03062,8246012
1756364400,2025-08-28 07:00:00,0.03039,0.03069,0.03064,0.03059,13820347
1756368000,2025-08-28 08:00:00,0.03044,0.03088,0.0306,0.03053,21344322
1756371600,2025-08-28 09:00:00,0.03013,0.03053,0.03053,0.03026,13329400
1756375200,2025-08-28 10:00:00,0.0302,0.03059,0.03026,0.03058,12376634
1756378800,2025-08-28 11:00:00,0.03038,0.03061,0.03056,0.03055,16667903
1756382400,2025-08-28 12:00:00,0.03032,0.03074,0.03054,0.03053,52907329
1756386000,2025-08-28 13:00:00,0.03038,0.0308,0.03053,0.03047,41467047
1756389600,2025-08-28 14:00:00,0.03031,0.03076,0.03049,0.0306,44891544
1756393200,2025-08-28 15:00:00,0.03013,0.03074,0.03058,0.03021,43442406
1756396800,2025-08-28 16:00:00,0.02972,0.03041,0.03022,0.02974,42148306
1756400400,2025-08-28 17:00:00,0.02968,0.03013,0.02971,0.03005,19224488
1756404000,2025-08-28 18:00:00,0.02985,0.0302,0.03005,0.03003,15650542
1756407600,2025-08-28 19:00:00,0.02963,0.03019,0.03003,0.02965,19433550
1756411200,2025-08-28 20:00:00,0.02956,0.02993,0.02963,0.02985,12133257
1756414800,2025-08-28 21:00:00,0.02981,0.03017,0.02985,0.03017,9374460
1756418400,2025-08-28 22:00:00,0.03016,0.03059,0.03017,0.03059,14487736
1756422000,2025-08-28 23:00:00,0.03035,0.03062,0.03058,0.03045,15056326
1756425600,2025-08-29 00:00:00,0.03016,0.03053,0.03044,0.03024,27653121
1756429200,2025-08-29 01:00:00,0.02968,0.03031,0.03025,0.02979,37821597
1756432800,2025-08-29 02:00:00,0.02976,0.03029,0.02979,0.03004,17600286
1756436400,2025-08-29 03:00:00,0.02989,0.0303,0.03003,0.03016,17557795
1756440000,2025-08-29 04:00:00,0.02998,0.03036,0.03019,0.03005,7822793
1756443600,2025-08-29 05:00:00,0.02992,0.03013,0.03006,0.02999,7044841
1756447200,2025-08-29 06:00:00,0.0297,0.03006,0.03,0.02981,76892185
1756450800,2025-08-29 07:00:00,0.02907,0.02981,0.0298,0.02913,38039647
1756454400,2025-08-29 08:00:00,0.02876,0.02933,0.02913,0.02878,34717421
1756458000,2025-08-29 09:00:00,0.02856,0.02923,0.02878,0.02915,30279726
1756461600,2025-08-29 10:00:00,0.02896,0.02928,0.02914,0.02901,14018160
1756465200,2025-08-29 11:00:00,0.02898,0.0292,0.02902,0.02906,26964096
1756468800,2025-08-29 12:00:00,0.02903,0.03011,0.02905,0.02963,54160128
1756472400,2025-08-29 13:00:00,0.02927,0.03,0.02964,0.0294,55436397
1756476000,2025-08-29 14:00:00,0.029,0.02968,0.02941,0.0292,80065292
1756479600,2025-08-29 15:00:00,0.02898,0.02954,0.0292,0.02902,24655891
1756483200,2025-08-29 16:00:00,0.02884,0.0293,0.02903,0.02903,21668076
1756486800,2025-08-29 17:00:00,0.02862,0.02901,0.02901,0.02871,42294108
1756490400,2025-08-29 18:00:00,0.02839,0.02879,0.0287,0.02847,37597076
1756494000,2025-08-29 19:00:00,0.02842,0.029,0.02847,0.02893,65717467
1756497600,2025-08-29 20:00:00,0.02869,0.02898,0.02892,0.02877,23949006
1756501200,2025-08-29 21:00:00,0.02862,0.02931,0.02877,0.02925,24596210
1756504800,2025-08-29 22:00:00,0.02907,0.02938,0.02926,0.02938,16788257
1756508400,2025-08-29 23:00:00,0.02927,0.02946,0.02939,0.02932,15175187
1756512000,2025-08-30 00:00:00,0.02915,0.02936,0.0293,0.02928,13030883
1756515600,2025-08-30 01:00:00,0.02872,0.02932,0.02928,0.02876,11522896
1756519200,2025-08-30 02:00:00,0.02871,0.02914,0.02874,0.0291,14875387
1756522800,2025-08-30 03:00:00,0.0291,0.02987,0.0291,0.02973,38897244
1756526400,2025-08-30 04:00:00,0.02954,0.02986,0.02974,0.02959,46926589
1756530000,2025-08-30 05:00:00,0.02949,0.02979,0.02958,0.02965,8566252
1756533600,2025-08-30 06:00:00,0.02957,0.02978,0.02966,0.02957,26681334
1756537200,2025-08-30 07:00:00,0.0295,0.02979,0.02957,0.02972,25230878
1756540800,2025-08-30 08:00:00,0.02974,0.0302,0.02974,0.03004,18725908
1756544400,2025-08-30 09:00:00,0.02982,0.03001,0.03001,0.02989,6464306
1756548000,2025-08-30 10:00:00,0.02983,0.03026,0.0299,0.03025,8657478
1756551600,2025-08-30 11:00:00,0.03006,0.03033,0.03023,0.03028,6198968
1756555200,2025-08-30 12:00:00,0.0298,0.03029,0.03027,0.02998,7626801
1756558800,2025-08-30 13:00:00,0.02963,0.02999,0.02998,0.0299,17681439
1756562400,2025-08-30 14:00:00,0.02966,0.02991,0.02989,0.02982,10291237
1756566000,2025-08-30 15:00:00,0.02975,0.03067,0.02981,0.03044,45819447
1756569600,2025-08-30 16:00:00,0.02994,0.03043,0.03043,0.02995,11889645
1756573200,2025-08-30 17:00:00,0.02982,0.03009,0.02995,0.02996,12936816
1756576800,2025-08-30 18:00:00,0.02974,0.03007,0.02997,0.0299,16770656
1756580400,2025-08-30 19:00:00,0.02983,0.02998,0.02989,0.02998,8541851
1756584000,2025-08-30 20:00:00,0.02978,0.02997,0.02996,0.02982,4977260
1756587600,2025-08-30 21:00:00,0.02978,0.02992,0.02981,0.02981,5537306
1756591200,2025-08-30 22:00:00,0.02974,0.02993,0.02981,0.02988,5382696
1756594800,2025-08-30 23:00:00,0.02973,0.03001,0.02988,0.02979,8893851
1756598400,2025-08-31 00:00:00,0.02976,0.03016,0.02977,0.0301,14093828
1756602000,2025-08-31 01:00:00,0.02989,0.03032,0.03011,0.03031,21740512
1756605600,2025-08-31 02:00:00,0.03004,0.03043,0.03032,0.03009,10523701
1756609200,2025-08-31 03:00:00,0.03006,0.03022,0.0301,0.03017,6213320
1756612800,2025-08-31 04:00:00,0.02985,0.03016,0.03015,0.02988,9295697
1756616400,2025-08-31 05:00:00,0.02979,0.0299,0.02988,0.02989,4332759
1756620000,2025-08-31 06:00:00,0.02961,0.0299,0.02989,0.02965,4647340
1756623600,2025-08-31 07:00:00,0.02965,0.02985,0.02965,0.02976,2689538
1756627200,2025-08-31 08:00:00,0.02976,0.0301,0.02977,0.03008,6251106
1756630800,2025-08-31 09:00:00,0.02969,0.03007,0.03007,0.02972,19589856
1756634400,2025-08-31 10:00:00,0.02952,0.02974,0.02973,0.02965,7309922
1756638000,2025-08-31 11:00:00,0.02954,0.02974,0.02966,0.02971,4509499
1756641600,2025-08-31 12:00:00,0.02955,0.02976,0.02972,0.02969,15836663
1756645200,2025-08-31 13:00:00,0.02938,0.02978,0.02969,0.0295,17023214
1756648800,2025-08-31 14:00:00,0.02934,0.02962,0.02951,0.02946,11454720
1756652400,2025-08-31 15:00:00,0.02947,0.02976,0.02947,0.02972,8814910
1756656000,2025-08-31 16:00:00,0.02948,0.02973,0.02972,0.02966,7111184
1756659600,2025-08-31 17:00:00,0.02957,0.02973,0.02966,0.02963,14677008
1756663200,2025-08-31 18:00:00,0.02962,0.03006,0.02962,0.03006,13933511
1756666800,2025-08-31 19:00:00,0.02989,0.03014,0.03006,0.02991,13711457
1756670400,2025-08-31 20:00:00,0.02982,0.03014,0.0299,0.02986,11976914
1756674000,2025-08-31 21:00:00,0.02936,0.02988,0.02985,0.02982,29111927
1756677600,2025-08-31 22:00:00,0.0294,0.02981,0.02981,0.02953,34333468
1756681200,2025-08-31 23:00:00,0.02892,0.02952,0.0295,0.02896,39928245
1756684800,2025-09-01 00:00:00,0.02846,0.02901,0.02895,0.02874,95999575
1756688400,2025-09-01 01:00:00,0.02846,0.02888,0.02874,0.02855,37836840
1756692000,2025-09-01 02:00:00,0.02754,0.02857,0.02854,0.02777,103628302
1756695600,2025-09-01 03:00:00,0.02769,0.02811,0.02776,0.02808,46013618
1756699200,2025-09-01 04:00:00,0.02776,0.02811,0.02807,0.02784,13776434
1756702800,2025-09-01 05:00:00,0.02766,0.02807,0.02781,0.02796,27216961
1756706400,2025-09-01 06:00:00,0.02781,0.0282,0.02795,0.02804,14734775
1756710000,2025-09-01 07:00:00,0.02782,0.02878,0.02804,0.02878,45387130
1756713600,2025-09-01 08:00:00,0.02877,0.02931,0.02879,0.02931,73836925
1756717200,2025-09-01 09:00:00,0.02902,0.02949,0.02932,0.02904,24946877
1756720800,2025-09-01 10:00:00,0.02856,0.02911,0.02904,0.02881,27005624
1756724400,2025-09-01 11:00:00,0.02853,0.02889,0.02879,0.02863,12917160
1756728000,2025-09-01 12:00:00,0.02855,0.02891,0.02864,0.02862,8885700
1756731600,2025-09-01 13:00:00,0.0284,0.02875,0.02861,0.02856,27038230
1756735200,2025-09-01 14:00:00,0.02842,0.02875,0.02855,0.0285,38104375
1756738800,2025-09-01 15:00:00,0.02834,0.0287,0.0285,0.02841,41227800
1756742400,2025-09-01 16:00:00,0.02824,0.02861,0.0284,0.02842,35467350
1756746000,2025-09-01 17:00:00,0.02833,0.02867,0.02843,0.02849,58371438
1756749600,2025-09-01 18:00:00,0.0285,0.02917,0.0285,0.02898,31305639
1756753200,2025-09-01 19:00:00,0.02866,0.029,0.029,0.02873,14533986
1756756800,2025-09-01 20:00:00,0.02774,0.02873,0.02873,0.02835,114065844
1756760400,2025-09-01 21:00:00,0.02766,0.02834,0.02834,0.02793,66341174
1756764000,2025-09-01 22:00:00,0.02777,0.02807,0.02792,0.02797,36918525
1756767600,2025-09-01 23:00:00,0.02796,0.02855,0.02796,0.02853,38400024
1756771200,2025-09-02 00:00:00,0.02812,0.02854,0.02851,0.02817,24353718
1756774800,2025-09-02 01:00:00,0.02799,0.02849,0.02817,0.02831,44548290
1756778400,2025-09-02 02:00:00,0.02828,0.02917,0.02832,0.02917,75919778
1756782000,2025-09-02 03:00:00,0.02895,0.02969,0.02917,0.02902,141622011
1756785600,2025-09-02 04:00:00,0.02896,0.02932,0.02902,0.02916,24186742
1756789200,2025-09-02 05:00:00,0.029,0.02935,0.02915,0.02928,23166534
1756792800,2025-09-02 06:00:00,0.02926,0.02958,0.02928,0.02951,41197908
1756796400,2025-09-02 07:00:00,0.02922,0.02954,0.02949,0.02937,27760009
1756800000,2025-09-02 08:00:00,0.02924,0.0296,0.02935,0.02934,61696961
1756803600,2025-09-02 09:00:00,0.02932,0.02955,0.02935,0.02951,19475244
1756807200,2025-09-02 10:00:00,0.02929,0.02961,0.02949,0.02934,16621514
1756810800,2025-09-02 11:00:00,0.02904,0.02935,0.02933,0.02908,11582145
1756814400,2025-09-02 12:00:00,0.02841,0.02914,0.02908,0.02848,38475864
1756818000,2025-09-02 13:00:00,0.02845,0.02967,0.02848,0.02951,71401561
1756821600,2025-09-02 14:00:00,0.02915,0.02994,0.02952,0.0298,94422431
1756825200,2025-09-02 15:00:00,0.02895,0.02985,0.02979,0.02907,45799897
1756828800,2025-09-02 16:00:00,0.02908,0.02949,0.02908,0.02937,30517742
1756832400,2025-09-02 17:00:00,0.02928,0.02954,0.02938,0.02935,15143690
1756836000,2025-09-02 18:00:00,0.02905,0.02956,0.02938,0.02945,23844921
1756839600,2025-09-02 19:00:00,0.02928,0.02959,0.02946,0.02936,20344879
1756843200,2025-09-02 20:00:00,0.0293,0.03048,0.02934,0.03045,66423214
1756846800,2025-09-02 21:00:00,0.03031,0.03097,0.03045,0.03057,104596162
1756850400,2025-09-02 22:00:00,0.03024,0.03056,0.03056,0.03047,30705368
1756854000,2025-09-02 23:00:00,0.03031,0.03106,0.03046,0.03093,58896057
1756857600,2025-09-03 00:00:00,0.03045,0.03097,0.03093,0.03051,46903963
1756861200,2025-09-03 01:00:00,0.03002,0.03071,0.0305,0.0306,55489169
1756864800,2025-09-03 02:00:00,0.03046,0.03084,0.03059,0.03056,60707103
1756868400,2025-09-03 03:00:00,0.03052,0.03113,0.03054,0.0307,57328359
1756872000,2025-09-03 04:00:00,0.03046,0.03077,0.03069,0.03065,16731598
1756875600,2025-09-03 05:00:00,0.03046,0.03069,0.03066,0.03049,19972895
1756879200,2025-09-03 06:00:00,0.03025,0.0306,0.0305,0.03031,11752933
1756882800,2025-09-03 07:00:00,0.03008,0.03067,0.03032,0.03057,16971617
1756886400,2025-09-03 08:00:00,0.03042,0.03085,0.03056,0.0305,19015051
1756890000,2025-09-03 09:00:00,0.03036,0.03079,0.03051,0.03076,11651770
1756893600,2025-09-03 10:00:00,0.03066,0.03098,0.03078,0.03081,27856130
1756897200,2025-09-03 11:00:00,0.03066,0.03089,0.03081,0.0307,16698608
1756900800,2025-09-03 12:00:00,0.03052,0.03088,0.03073,0.03055,13726031
1756904400,2025-09-03 13:00:00,0.03038,0.03084,0.03055,0.0306,37208023
1756908000,2025-09-03 14:00:00,0.03056,0.03151,0.03061,0.03121,102744783
1756911600,2025-09-03 15:00:00,0.03069,0.03134,0.03122,0.03078,61109034
1756915200,2025-09-03 16:00:00,0.03054,0.03088,0.03078,0.03071,58298236
1756918800,2025-09-03 17:00:00,0.03073,0.0311,0.03073,0.03094,31870537
1756922400,2025-09-03 18:00:00,0.03071,0.03106,0.03093,0.0309,20890571
1756926000,2025-09-03 19:00:00,0.03055,0.03091,0.03091,0.03082,21963274
1756929600,2025-09-03 20:00:00,0.03074,0.03095,0.03083,0.03084,18598935
1756933200,2025-09-03 21:00:00,0.03068,0.03096,0.03086,0.03093,7946296
1756936800,2025-09-03 22:00:00,0.03072,0.03101,0.03095,0.0308,20215544
1756940400,2025-09-03 23:00:00,0.03058,0.03082,0.0308,0.03061,10903041
1756944000,2025-09-04 00:00:00,0.03061,0.03089,0.03063,0.03073,8880981
1756947600,2025-09-04 01:00:00,0.03044,0.03075,0.03072,0.03059,26208448
1756951200,2025-09-04 02:00:00,0.03031,0.03061,0.0306,0.03037,14368584
1756954800,2025-09-04 03:00:00,0.03009,0.03043,0.03038,0.03013,13535488
1756958400,2025-09-04 04:00:00,0.03003,0.03021,0.03013,0.03004,7827138
1756962000,2025-09-04 05:00:00,0.02972,0.03004,0.03004,0.02978,14484272
1756965600,2025-09-04 06:00:00,0.02928,0.02981,0.02979,0.02928,22632484
1756969200,2025-09-04 07:00:00,0.02929,0.02954,0.0293,0.02949,9414246
1756972800,2025-09-04 08:00:00,0.02936,0.02965,0.02949,0.02943,9735244
1756976400,2025-09-04 09:00:00,0.02944,0.02956,0.02944,0.02952,9122626
1756980000,2025-09-04 10:00:00,0.02938,0.02962,0.02951,0.02938,10373004
1756983600,2025-09-04 11:00:00,0.02934,0.02957,0.02938,0.0294,12228678
1756987200,2025-09-04 12:00:00,0.0291,0.02951,0.02939,0.02936,37561110
1756990800,2025-09-04 13:00:00,0.02902,0.02938,0.02935,0.02914,30207249
1756994400,2025-09-04 14:00:00,0.02878,0.02917,0.02913,0.02895,36620427
1756998000,2025-09-04 15:00:00,0.02859,0.02898,0.02896,0.02874,27870795
1757001600,2025-09-04 16:00:00,0.02818,0.02879,0.02874,0.02824,50140836
1757005200,2025-09-04 17:00:00,0.02825,0.02866,0.02825,0.02862,17452962
1757008800,2025-09-04 18:00:00,0.02834,0.02865,0.02862,0.02848,20780515
1757012400,2025-09-04 19:00:00,0.02827,0.02857,0.02848,0.02828,34515289
1757016000,2025-09-04 20:00:00,0.02826,0.02865,0.02828,0.02841,26799248
1757019600,2025-09-04 21:00:00,0.02838,0.02858,0.02843,0.02857,15298305
1757023200,2025-09-04 22:00:00,0.02845,0.02879,0.02855,0.02871,25504864
1757026800,2025-09-04 23:00:00,0.02849,0.02886,0.02873,0.0285,59287967
1757030400,2025-09-05 00:00:00,0.02848,0.02874,0.0285,0.02851,12529559
1757034000,2025-09-05 01:00:00,0.0285,0.02875,0.0285,0.02869,8262293
1757037600,2025-09-05 02:00:00,0.02855,0.02878,0.02869,0.02871,12991565
1757041200,2025-09-05 03:00:00,0.02866,0.02884,0.02871,0.02884,6187446
1757044800,2025-09-05 04:00:00,0.02866,0.02885,0.02884,0.02884,13201374
1757048400,2025-09-05 05:00:00,0.02877,0.02891,0.02883,0.0288,3446866
1757052000,2025-09-05 06:00:00,0.02867,0.02884,0.02879,0.02881,3986431
1757055600,2025-09-05 07:00:00,0.0288,0.0295,0.0288,0.02946,41586266
1757059200,2025-09-05 08:00:00,0.0291,0.02953,0.02948,0.0292,33246546
1757062800,2025-09-05 09:00:00,0.02878,0.02921,0.0292,0.02911,28360073
1757066400,2025-09-05 10:00:00,0.0291,0.02932,0.0291,0.02916,15751715
1757070000,2025-09-05 11:00:00,0.02913,0.02937,0.02915,0.02932,20272800
1757073600,2025-09-05 12:00:00,0.02928,0.02994,0.02932,0.02991,98691341
1757077200,2025-09-05 13:00:00,0.02987,0.03051,0.02992,0.03037,92937758
1757080800,2025-09-05 14:00:00,0.02885,0.03038,0.03034,0.02896,125349775
1757084400,2025-09-05 15:00:00,0.0286,0.02932,0.02896,0.02891,158651876
1757088000,2025-09-05 16:00:00,0.02861,0.0291,0.02889,0.02905,46158632
1757091600,2025-09-05 17:00:00,0.02864,0.02906,0.02904,0.02877,44643151
1757095200,2025-09-05 18:00:00,0.0287,0.02916,0.02877,0.02907,13389641
1757098800,2025-09-05 19:00:00,0.02901,0.0293,0.02909,0.0293,11734180
1757102400,2025-09-05 20:00:00,0.02928,0.02968,0.0293,0.02964,48955635
1757106000,2025-09-05 21:00:00,0.02899,0.02966,0.02965,0.02906,65428448
1757109600,2025-09-05 22:00:00,0.02902,0.02934,0.02906,0.02927,39203550
1757113200,2025-09-05 23:00:00,0.0291,0.02935,0.02926,0.02916,9454967
1757116800,2025-09-06 00:00:00,0.02904,0.02936,0.02915,0.0293,22694414
1757120400,2025-09-06 01:00:00,0.02914,0.02937,0.02927,0.02925,10124903
1757124000,2025-09-06 02:00:00,0.02915,0.02952,0.02925,0.02937,47943829
1757127600,2025-09-06 03:00:00,0.02927,0.02942,0.02936,0.02929,7325901
1757131200,2025-09-06 04:00:00,0.02883,0.02928,0.02928,0.02889,17666750
1757134800,2025-09-06 05:00:00,0.02872,0.0289,0.02889,0.02877,18374079
1757138400,2025-09-06 06:00:00,0.02874,0.0289,0.02876,0.02886,6158324
1757142000,2025-09-06 07:00:00,0.02882,0.02891,0.02887,0.02891,3312089
1757145600,2025-09-06 08:00:00,0.02872,0.02892,0.02891,0.0288,3160563
1757149200,2025-09-06 09:00:00,0.02861,0.02879,0.02879,0.02869,4675418
1757152800,2025-09-06 10:00:00,0.02863,0.02883,0.02867,0.02881,2530941
1757156400,2025-09-06 11:00:00,0.02867,0.0288,0.0288,0.0288,3474034
1757160000,2025-09-06 12:00:00,0.02875,0.02892,0.02878,0.02882,4367535
1757163600,2025-09-06 13:00:00,0.02873,0.0289,0.02883,0.02879,3299198
1757167200,2025-09-06 14:00:00,0.02878,0.02919,0.02878,0.02912,16690759
1757170800,2025-09-06 15:00:00,0.02869,0.02914,0.02912,0.02871,20349326
1757174400,2025-09-06 16:00:00,0.0286,0.02902,0.02872,0.02897,32565317
1757178000,2025-09-06 17:00:00,0.0287,0.02897,0.02896,0.02874,16258878
1757181600,2025-09-06 18:00:00,0.02859,0.02886,0.02873,0.02863,16744646
1757185200,2025-09-06 19:00:00,0.0284,0.02867,0.02863,0.02843,13704166
1757188800,2025-09-06 20:00:00,0.02837,0.02863,0.02842,0.02856,12069328
1757192400,2025-09-06 21:00:00,0.02851,0.02858,0.02857,0.02853,29580073
1757196000,2025-09-06 22:00:00,0.02847,0.02861,0.02853,0.02854,53071689
1757199600,2025-09-06 23:00:00,0.02849,0.02873,0.02853,0.02858,6108950
1757203200,2025-09-07 00:00:00,0.02855,0.0287,0.02859,0.02867,2408076
1757206800,2025-09-07 01:00:00,0.02864,0.02894,0.02867,0.02884,15492425
1757210400,2025-09-07 02:00:00,0.02872,0.02899,0.02885,0.02898,19619698
1757214000,2025-09-07 03:00:00,0.02892,0.02908,0.02898,0.02901,15843382
1757217600,2025-09-07 04:00:00,0.02891,0.02902,0.02901,0.02898,3548266
1757221200,2025-09-07 05:00:00,0.02887,0.02901,0.02897,0.02901,2703074
1757224800,2025-09-07 06:00:00,0.02875,0.02899,0.02899,0.02876,2410990
1757228400,2025-09-07 07:00:00,0.02867,0.02898,0.02875,0.02884,6333912
1757232000,2025-09-07 08:00:00,0.02885,0.02913,0.02885,0.02891,6106303
1757235600,2025-09-07 09:00:00,0.02864,0.02894,0.02891,0.02871,15621636
1757239200,2025-09-07 10:00:00,0.02872,0.02884,0.02872,0.02884,2780835
1757242800,2025-09-07 11:00:00,0.02878,0.02889,0.02882,0.02889,1565880
1757246400,2025-09-07 12:00:00,0.02873,0.02889,0.02888,0.02877,4360465
1757250000,2025-09-07 13:00:00,0.02869,0.02889,0.02876,0.02884,13458243
1757253600,2025-09-07 14:00:00,0.0288,0.02907,0.02884,0.02891,27377305
1757257200,2025-09-07 15:00:00,0.02881,0.02906,0.02891,0.02901,16636531
1757260800,2025-09-07 16:00:00,0.02887,0.02941,0.02901,0.02895,26230302
1757264400,2025-09-07 17:00:00,0.02867,0.029,0.02894,0.0287,8529037
1757268000,2025-09-07 18:00:00,0.02863,0.0288,0.02869,0.02874,8637590
1757271600,2025-09-07 19:00:00,0.02874,0.02917,0.02877,0.02899,14154731
1757275200,2025-09-07 20:00:00,0.02888,0.02927,0.02898,0.02926,15430097
1757278800,2025-09-07 21:00:00,0.02909,0.02931,0.02927,0.02909,18011083
1757282400,2025-09-07 22:00:00,0.02908,0.02988,0.02909,0.02985,53715954
1757286000,2025-09-07 23:00:00,0.02986,0.03119,0.02986,0.03061,183107817
1757289600,2025-09-08 00:00:00,0.03004,0.03089,0.03062,0.03041,124898457
1757293200,2025-09-08 01:00:00,0.02999,0.03056,0.03038,0.03017,60831323
1757296800,2025-09-08 02:00:00,0.03009,0.03087,0.03019,0.03086,57169812
1757300400,2025-09-08 03:00:00,0.03064,0.03107,0.03086,0.03074,66458356
1757304000,2025-09-08 04:00:00,0.03034,0.03081,0.03072,0.03042,57896699
1757307600,2025-09-08 05:00:00,0.03036,0.03071,0.03042,0.0306,12912845
1757311200,2025-09-08 06:00:00,0.03041,0.03081,0.03062,0.03074,21949612
1757314800,2025-09-08 07:00:00,0.0307,0.03156,0.03072,0.03121,98918961
1757318400,2025-09-08 08:00:00,0.03118,0.03271,0.03125,0.03248,234743439
1757322000,2025-09-08 09:00:00,0.03233,0.03299,0.03246,0.03258,122316415
1757325600,2025-09-08 10:00:00,0.03247,0.03341,0.03259,0.03272,101706669
1757329200,2025-09-08 11:00:00,0.03226,0.03271,0.03271,0.03242,89431362
1757332800,2025-09-08 12:00:00,0.03214,0.03278,0.03244,0.03266,64399787
1757336400,2025-09-08 13:00:00,0.03242,0.03336,0.03267,0.03251,288011075
1757340000,2025-09-08 14:00:00,0.03238,0.03393,0.03252,0.03353,306006510
1757343600,2025-09-08 15:00:00,0.03335,0.03439,0.03353,0.03393,222211905
1757347200,2025-09-08 16:00:00,0.03362,0.03437,0.03392,0.03397,113843471
1757350800,2025-09-08 17:00:00,0.03353,0.0343,0.03396,0.03364,113267126
1757354400,2025-09-08 18:00:00,0.03358,0.03463,0.03366,0.03434,234637009
1757358000,2025-09-08 19:00:00,0.0334,0.03436,0.03434,0.03357,114623910
1757361600,2025-09-08 20:00:00,0.03303,0.03367,0.03358,0.03327,92491397
1757365200,2025-09-08 21:00:00,0.03318,0.03398,0.03327,0.03395,51180494
1757368800,2025-09-08 22:00:00,0.03371,0.03416,0.03395,0.03385,76693180
1757372400,2025-09-08 23:00:00,0.03359,0.03403,0.03385,0.03385,53759351
1757376000,2025-09-09 00:00:00,0.03331,0.03407,0.03385,0.03368,69045214
1757379600,2025-09-09 01:00:00,0.03287,0.03395,0.03369,0.03331,91654911
1757383200,2025-09-09 02:00:00,0.03279,0.03358,0.03329,0.03293,55944205
1757386800,2025-09-09 03:00:00,0.03283,0.03376,0.03292,0.0337,40040417
1757390400,2025-09-09 04:00:00,0.03355,0.03444,0.0337,0.03437,87188380
1757394000,2025-09-09 05:00:00,0.03435,0.03554,0.03435,0.03469,213455286
1757397600,2025-09-09 06:00:00,0.03453,0.03531,0.0347,0.03499,92173499
1757401200,2025-09-09 07:00:00,0.03471,0.0357,0.035,0.03499,91867278
1757404800,2025-09-09 08:00:00,0.03488,0.03542,0.035,0.03511,46063415
1757408400,2025-09-09 09:00:00,0.03485,0.03514,0.03509,0.03502,30988287
1757412000,2025-09-09 10:00:00,0.03447,0.03531,0.03502,0.03462,63137926
1757415600,2025-09-09 11:00:00,0.0345,0.03484,0.03462,0.03457,29828579
1757419200,2025-09-09 12:00:00,0.03418,0.03495,0.03459,0.03419,60347741
1757422800,2025-09-09 13:00:00,0.03404,0.03492,0.03421,0.03457,106678207
1757426400,2025-09-09 14:00:00,0.03347,0.03468,0.03458,0.03375,127225747
1757430000,2025-09-09 15:00:00,0.03292,0.03383,0.03374,0.03315,128945608
1757433600,2025-09-09 16:00:00,0.03313,0.03369,0.03316,0.03323,71694255
1757437200,2025-09-09 17:00:00,0.03314,0.03366,0.03323,0.03318,47899547
1757440800,2025-09-09 18:00:00,0.0331,0.03352,0.03318,0.03339,30900822
1757444400,2025-09-09 19:00:00,0.03334,0.03366,0.0334,0.03341,42448457
1757448000,2025-09-09 20:00:00,0.03327,0.03374,0.0334,0.03367,19507029
1757451600,2025-09-09 21:00:00,0.03344,0.03405,0.03367,0.03346,34926174
1757455200,2025-09-09 22:00:00,0.03342,0.03382,0.03347,0.03382,11976645
1757458800,2025-09-09 23:00:00,0.03355,0.03385,0.03378,0.0336,19479936
1757462400,2025-09-10 00:00:00,0.03331,0.03376,0.0336,0.03357,23067628
1757466000,2025-09-10 01:00:00,0.03345,0.034,0.03355,0.03385,30852947
1757469600,2025-09-10 02:00:00,0.03385,0.0344,0.03385,0.03406,52442260
1757473200,2025-09-10 03:00:00,0.03371,0.03405,0.03404,0.03383,27361372
1757476800,2025-09-10 04:00:00,0.03366,0.03392,0.03381,0.03381,23027647
1757480400,2025-09-10 05:00:00,0.03343,0.0338,0.0338,0.03359,23359172
1757484000,2025-09-10 06:00:00,0.03336,0.03376,0.03355,0.03362,25272275
1757487600,2025-09-10 07:00:00,0.0336,0.03428,0.03363,0.03394,33319008
1757491200,2025-09-10 08:00:00,0.03386,0.03425,0.03395,0.0341,37021169
1757494800,2025-09-10 09:00:00,0.03377,0.03409,0.03409,0.03386,24662400
1757498400,2025-09-10 10:00:00,0.03362,0.03421,0.03387,0.03372,51658990
1757502000,2025-09-10 11:00:00,0.03359,0.03383,0.03371,0.03383,28076653
1757505600,2025-09-10 12:00:00,0.03378,0.03483,0.03383,0.03447,115771502
1757509200,2025-09-10 13:00:00,0.03446,0.0357,0.03448,0.03514,120255582
1757512800,2025-09-10 14:00:00,0.03496,0.03559,0.03515,0.03501,43489727
1757516400,2025-09-10 15:00:00,0.03497,0.03577,0.03501,0.03533,110877236
1757520000,2025-09-10 16:00:00,0.03468,0.03558,0.03535,0.03522,103403855
1757523600,2025-09-10 17:00:00,0.03476,0.03539,0.03523,0.03513,56296410
1757527200,2025-09-10 18:00:00,0.03486,0.03548,0.03514,0.03544,33604057
1757530800,2025-09-10 19:00:00,0.03443,0.03546,0.03544,0.03447,75355946
1757534400,2025-09-10 20:00:00,0.03432,0.0348,0.03448,0.0344,28569011
1757538000,2025-09-10 21:00:00,0.03438,0.03484,0.03439,0.0347,15899832
1757541600,2025-09-10 22:00:00,0.03454,0.03498,0.0347,0.03456,17598553
1757545200,2025-09-10 23:00:00,0.03446,0.03479,0.03456,0.03478,39357300
1757548800,2025-09-11 00:00:00,0.03443,0.03498,0.03477,0.03449,27268320
1757552400,2025-09-11 01:00:00,0.03436,0.03471,0.03448,0.03449,26302787
1757556000,2025-09-11 02:00:00,0.03405,0.03453,0.0345,0.03405,31470157
1757559600,2025-09-11 03:00:00,0.03395,0.03463,0.03406,0.03461,83010585
1757563200,2025-09-11 04:00:00,0.0342,0.03464,0.03462,0.0343,21313428
1757566800,2025-09-11 05:00:00,0.03389,0.03432,0.03431,0.03395,38419837
1757570400,2025-09-11 06:00:00,0.03385,0.03419,0.03394,0.03409,14733416
1757574000,2025-09-11 07:00:00,0.0339,0.03414,0.03411,0.03404,10710022
1757577600,2025-09-11 08:00:00,0.03394,0.03414,0.03403,0.03414,10242315
1757581200,2025-09-11 09:00:00,0.03406,0.03422,0.03415,0.03409,8301307
1757584800,2025-09-11 10:00:00,0.03384,0.03419,0.03411,0.03395,8302758
1757588400,2025-09-11 11:00:00,0.03348,0.03397,0.03395,0.03363,24336908
1757592000,2025-09-11 12:00:00,0.03298,0.0342,0.03363,0.03375,134137293
1757595600,2025-09-11 13:00:00,0.03333,0.03393,0.03376,0.03387,40963744
1757599200,2025-09-11 14:00:00,0.03337,0.03394,0.03391,0.03375,39636702
1757602800,2025-09-11 15:00:00,0.03346,0.0338,0.03374,0.03359,18518988
1757606400,2025-09-11 16:00:00,0.03342,0.03383,0.0336,0.03353,18741797
1757610000,2025-09-11 17:00:00,0.03341,0.03371,0.03351,0.03367,21738312
1757613600,2025-09-11 18:00:00,0.03346,0.03374,0.03368,0.03353,21553648
1757617200,2025-09-11 19:00:00,0.03344,0.03374,0.03352,0.03365,14586755
1757620800,2025-09-11 20:00:00,0.03357,0.0341,0.03367,0.03376,28365394
1757624400,2025-09-11 21:00:00,0.03368,0.03408,0.03373,0.03401,11363502
1757628000,2025-09-11 22:00:00,0.03398,0.03439,0.03402,0.03424,30613773
1757631600,2025-09-11 23:00:00,0.03422,0.035,0.03424,0.03488,63210117
1757635200,2025-09-12 00:00:00,0.03474,0.036,0.03487,0.03587,125405635
1757638800,2025-09-12 01:00:00,0.03584,0.03689,0.03587,0.03596,150635455
1757642400,2025-09-12 02:00:00,0.03578,0.03678,0.03597,0.03634,124793046
1757646000,2025-09-12 03:00:00,0.03617,0.0371,0.03634,0.03678,53171664
1757649600,2025-09-12 04:00:00,0.03628,0.03701,0.03677,0.0367,67505508
1757653200,2025-09-12 05:00:00,0.03623,0.03705,0.03671,0.03698,62950794
1757656800,2025-09-12 06:00:00,0.03674,0.03793,0.03699,0.03771,136459203
1757660400,2025-09-12 07:00:00,0.03713,0.03817,0.0377,0.03753,120488098
1757664000,2025-09-12 08:00:00,0.03693,0.03757,0.03754,0.03751,64594391
1757667600,2025-09-12 09:00:00,0.03703,0.03774,0.03752,0.03708,47687473
1757671200,2025-09-12 10:00:00,0.03687,0.03725,0.03708,0.03699,26952103
1757674800,2025-09-12 11:00:00,0.03632,0.03698,0.03695,0.03636,34085716
1757678400,2025-09-12 12:00:00,0.03595,0.03645,0.03638,0.03635,44816111
1757682000,2025-09-12 13:00:00,0.03589,0.03636,0.03636,0.03617,42628316
1757685600,2025-09-12 14:00:00,0.03572,0.03669,0.03618,0.03594,65239967
1757689200,2025-09-12 15:00:00,0.03504,0.03597,0.03595,0.03526,57026123
1757692800,2025-09-12 16:00:00,0.03522,0.03578,0.03525,0.03576,42354142
1757696400,2025-09-12 17:00:00,0.03561,0.03637,0.03577,0.03614,47556418
1757700000,2025-09-12 18:00:00,0.03606,0.03656,0.03612,0.0364,50530043
1757703600,2025-09-12 19:00:00,0.03626,0.0367,0.03641,0.03667,47692952
1757707200,2025-09-12 20:00:00,0.03612,0.03666,0.03665,0.03628,52478774
1757710800,2025-09-12 21:00:00,0.03604,0.03629,0.03629,0.03607,18542669
1757714400,2025-09-12 22:00:00,0.03611,0.03658,0.03612,0.03628,54553162
1757718000,2025-09-12 23:00:00,0.03623,0.03658,0.03626,0.03643,36121440
1757721600,2025-09-13 00:00:00,0.03614,0.03679,0.03643,0.03677,54748233
1757725200,2025-09-13 01:00:00,0.0364,0.03742,0.03676,0.03661,97968043
1757728800,2025-09-13 02:00:00,0.03644,0.03688,0.03658,0.03675,34640309
1757732400,2025-09-13 03:00:00,0.03668,0.03707,0.03676,0.03682,23921916
1757736000,2025-09-13 04:00:00,0.03643,0.03688,0.03681,0.03655,38348167
1757739600,2025-09-13 05:00:00,0.03623,0.0366,0.03656,0.0364,26088497
1757743200,2025-09-13 06:00:00,0.03636,0.03652,0.0364,0.03639,16603854
1757746800,2025-09-13 07:00:00,0.0363,0.03649,0.03638,0.03631,12679359
1757750400,2025-09-13 08:00:00,0.03627,0.03662,0.03631,0.0366,14732319
1757754000,2025-09-13 09:00:00,0.03657,0.0374,0.03661,0.03735,52409484
1757757600,2025-09-13 10:00:00,0.03695,0.03736,0.03736,0.03725,39057820
1757761200,2025-09-13 11:00:00,0.03699,0.03744,0.03724,0.03741,32944286
1757764800,2025-09-13 12:00:00,0.03718,0.03774,0.03741,0.03773,49981750
1757768400,2025-09-13 13:00:00,0.03623,0.03793,0.03775,0.03674,95815446
1757772000,2025-09-13 14:00:00,0.03624,0.03707,0.03674,0.0368,93373264
1757775600,2025-09-13 15:00:00,0.03673,0.0378,0.03679,0.03708,107815788
1757779200,2025-09-13 16:00:00,0.03658,0.03747,0.03706,0.03674,83400579
1757782800,2025-09-13 17:00:00,0.03608,0.03717,0.03674,0.03658,92037745
1757786400,2025-09-13 18:00:00,0.03627,0.03657,0.03657,0.03652,30208489
1757790000,2025-09-13 19:00:00,0.03637,0.03669,0.0365,0.03656,25941302
1757793600,2025-09-13 20:00:00,0.03656,0.03698,0.03656,0.03683,42656566
1757797200,2025-09-13 21:00:00,0.03648,0.0369,0.03683,0.03652,65118443
1757800800,2025-09-13 22:00:00,0.03625,0.03668,0.03652,0.03647,30988485
1757804400,2025-09-13 23:00:00,0.03639,0.03663,0.03647,0.0365,22700220
1757808000,2025-09-14 00:00:00,0.03586,0.03665,0.0365,0.03603,41731900
1757811600,2025-09-14 01:00:00,0.0354,0.03608,0.03601,0.03608,63770984
1757815200,2025-09-14 02:00:00,0.03591,0.03643,0.03608,0.03602,39218486
1757818800,2025-09-14 03:00:00,0.03546,0.03608,0.03603,0.03558,22737736
1757822400,2025-09-14 04:00:00,0.03518,0.03562,0.03557,0.03552,27205785
1757826000,2025-09-14 05:00:00,0.03551,0.03586,0.03555,0.0358,58385947
1757829600,2025-09-14 06:00:00,0.03538,0.03585,0.03578,0.03559,12354557
1757833200,2025-09-14 07:00:00,0.0354,0.03572,0.0356,0.03553,9411488
1757836800,2025-09-14 08:00:00,0.03544,0.03581,0.03551,0.03561,9241130
1757840400,2025-09-14 09:00:00,0.0355,0.03585,0.0356,0.0357,8785920
1757844000,2025-09-14 10:00:00,0.03557,0.03574,0.0357,0.03568,9120598
1757847600,2025-09-14 11:00:00,0.03421,0.03575,0.0357,0.03462,45609458
1757851200,2025-09-14 12:00:00,0.03437,0.03491,0.03463,0.03461,25234088
1757854800,2025-09-14 13:00:00,0.03428,0.03476,0.03461,0.03451,32874737
1757858400,2025-09-14 14:00:00,0.03401,0.03479,0.03451,0.03432,47195578
1757862000,2025-09-14 15:00:00,0.03408,0.03452,0.03433,0.03448,30522949
1757865600,2025-09-14 16:00:00,0.03439,0.03489,0.03448,0.03473,19160269
1757869200,2025-09-14 17:00:00,0.03462,0.03504,0.03472,0.0349,20909810
1757872800,2025-09-14 18:00:00,0.03466,0.0349,0.0349,0.03467,23374330
1757876400,2025-09-14 19:00:00,0.03458,0.03485,0.03467,0.0347,15578017
1757880000,2025-09-14 20:00:00,0.03464,0.03499,0.03468,0.03496,20555364
1757883600,2025-09-14 21:00:00,0.03486,0.03547,0.03495,0.03536,28808267
1757887200,2025-09-14 22:00:00,0.03499,0.03535,0.03533,0.03519,21426628
1757890800,2025-09-14 23:00:00,0.03464,0.03521,0.03518,0.03473,34067992
1757894400,2025-09-15 00:00:00,0.03448,0.03495,0.03472,0.03465,34287707
1757898000,2025-09-15 01:00:00,0.03436,0.03497,0.03466,0.03473,27233714
1757901600,2025-09-15 02:00:00,0.03468,0.03503,0.03473,0.03479,29067132
1757905200,2025-09-15 03:00:00,0.03475,0.03505,0.0348,0.03494,33175586
1757908800,2025-09-15 04:00:00,0.03484,0.03524,0.03495,0.03491,24436143
1757912400,2025-09-15 05:00:00,0.03489,0.03519,0.0349,0.03517,21290019
1757916000,2025-09-15 06:00:00,0.03446,0.03531,0.03517,0.03464,41628806
1757919600,2025-09-15 07:00:00,0.03375,0.03517,0.03463,0.03399,47052498
1757923200,2025-09-15 08:00:00,0.03268,0.03399,0.03399,0.03287,112989549
1757926800,2025-09-15 09:00:00,0.0328,0.03343,0.03285,0.03328,32330825
1757930400,2025-09-15 10:00:00,0.03301,0.03343,0.03327,0.03332,20569915
1757934000,2025-09-15 11:00:00,0.03299,0.03344,0.03333,0.03333,46743494
1757937600,2025-09-15 12:00:00,0.03277,0.03338,0.03332,0.0329,37777258
1757941200,2025-09-15 13:00:00,0.03283,0.03328,0.03289,0.03299,51604176
1757944800,2025-09-15 14:00:00,0.03262,0.03318,0.03298,0.03277,34610469
1757948400,2025-09-15 15:00:00,0.03235,0.03293,0.03278,0.03268,44891645
1757952000,2025-09-15 16:00:00,0.03232,0.03284,0.03266,0.03251,35951896
1757955600,2025-09-15 17:00:00,0.03241,0.03288,0.0325,0.03284,34553521
1757959200,2025-09-15 18:00:00,0.03264,0.03297,0.03284,0.03291,29563323
1757962800,2025-09-15 19:00:00,0.03268,0.03307,0.03291,0.03296,20935869
1757966400,2025-09-15 20:00:00,0.03291,0.03315,0.03296,0.03314,17270904
1757970000,2025-09-15 21:00:00,0.03303,0.03331,0.0331,0.03323,7666584
1757973600,2025-09-15 22:00:00,0.033,0.03329,0.03323,0.03313,19638247
1757977200,2025-09-15 23:00:00,0.03302,0.03322,0.03313,0.03314,8212936
1757980800,2025-09-16 00:00:00,0.03273,0.03316,0.03316,0.0329,35727879
1757984400,2025-09-16 01:00:00,0.03272,0.03306,0.03289,0.03272,25205610
1757988000,2025-09-16 02:00:00,0.03272,0.03295,0.03274,0.03272,13522899
1757991600,2025-09-16 03:00:00,0.03256,0.03282,0.03272,0.03264,19181259
1757995200,2025-09-16 04:00:00,0.03213,0.03265,0.03265,0.03245,31592531
1757998800,2025-09-16 05:00:00,0.0324,0.03289,0.03244,0.03289,31337073
1758002400,2025-09-16 06:00:00,0.03276,0.03317,0.03289,0.0329,49850417
1758006000,2025-09-16 07:00:00,0.03282,0.03301,0.0329,0.03288,13175555
1758009600,2025-09-16 08:00:00,0.03289,0.03325,0.03289,0.03312,12629170
1758013200,2025-09-16 09:00:00,0.03294,0.03327,0.0331,0.03308,9591582
1758016800,2025-09-16 10:00:00,0.03296,0.03323,0.03309,0.03312,12957356
1758020400,2025-09-16 11:00:00,0.03299,0.03323,0.03313,0.03311,14229550
1758024000,2025-09-16 12:00:00,0.03305,0.03337,0.03313,0.03332,25746828
1758027600,2025-09-16 13:00:00,0.03296,0.03392,0.03333,0.03336,77862918
1758031200,2025-09-16 14:00:00,0.03267,0.03337,0.03336,0.03332,44160275
1758034800,2025-09-16 15:00:00,0.03306,0.03411,0.03332,0.03407,53344845
1758038400,2025-09-16 16:00:00,0.03372,0.03413,0.03408,0.03395,47052498
1758042000,2025-09-16 17:00:00,0.03393,0.03464,0.03395,0.03452,74128695
1758045600,2025-09-16 18:00:00,0.0341,0.03466,0.03453,0.0344,29619210
1758049200,2025-09-16 19:00:00,0.03432,0.03454,0.03438,0.0345,27490976
1758052800,2025-09-16 20:00:00,0.03425,0.03458,0.03449,0.0343,15919121
1758056400,2025-09-16 21:00:00,0.03417,0.03444,0.0343,0.03429,13697126
1758060000,2025-09-16 22:00:00,0.03396,0.03436,0.03431,0.03406,85657879
1758063600,2025-09-16 23:00:00,0.03375,0.03408,0.03405,0.03398,34896251
1758067200,2025-09-17 00:00:00,0.03377,0.03405,0.03399,0.03387,38700203
1758070800,2025-09-17 01:00:00,0.03359,0.03393,0.03388,0.0337,16368642
1758074400,2025-09-17 02:00:00,0.03357,0.034,0.03371,0.03366,14236797
1758078000,2025-09-17 03:00:00,0.03344,0.03391,0.03366,0.03347,18939235
1758081600,2025-09-17 04:00:00,0.03318,0.03361,0.03346,0.03331,14856189
1758085200,2025-09-17 05:00:00,0.03328,0.03367,0.03332,0.03364,21127791
1758088800,2025-09-17 06:00:00,0.03346,0.03371,0.03364,0.0337,12725403
1758092400,2025-09-17 07:00:00,0.03357,0.03386,0.03368,0.03367,25067722
1758096000,2025-09-17 08:00:00,0.0333,0.03368,0.03366,0.03343,13751407
1758099600,2025-09-17 09:00:00,0.03322,0.03345,0.03342,0.03329,7628552
1758103200,2025-09-17 10:00:00,0.03299,0.03338,0.0333,0.03316,9259055
1758106800,2025-09-17 11:00:00,0.03314,0.0334,0.03315,0.03332,5849014
1758110400,2025-09-17 12:00:00,0.0332,0.03354,0.03332,0.03343,11485676
1758114000,2025-09-17 13:00:00,0.03316,0.03356,0.03344,0.03327,18587240
1758117600,2025-09-17 14:00:00,0.03307,0.03341,0.03327,0.0332,30213822
1758121200,2025-09-17 15:00:00,0.03315,0.03348,0.03321,0.03323,49181732
1758124800,2025-09-17 16:00:00,0.03292,0.03331,0.03323,0.0333,30655015
1758128400,2025-09-17 17:00:00,0.03324,0.03392,0.03329,0.03324,50546327
1758132000,2025-09-17 18:00:00,0.03302,0.03403,0.03324,0.03323,210909276
1758135600,2025-09-17 19:00:00,0.03319,0.03463,0.03322,0.03463,148332579
1758139200,2025-09-17 20:00:00,0.03438,0.0351,0.0346,0.03442,63028155
1758142800,2025-09-17 21:00:00,0.03405,0.0353,0.03443,0.03525,55419741
1758146400,2025-09-17 22:00:00,0.03507,0.03604,0.03525,0.03592,141877270
1758150000,2025-09-17 23:00:00,0.03568,0.03621,0.03593,0.03597,84488814
1758153600,2025-09-18 00:00:00,0.03577,0.03677,0.03598,0.03615,189766764
1758157200,2025-09-18 01:00:00,0.03604,0.03691,0.03615,0.0368,69347274
1758160800,2025-09-18 02:00:00,0.03645,0.03737,0.03681,0.03707,92236364
1758164400,2025-09-18 03:00:00,0.0368,0.0374,0.03707,0.03707,75275831
1758168000,2025-09-18 04:00:00,0.03687,0.03726,0.03708,0.03726,68737450
1758171600,2025-09-18 05:00:00,0.03681,0.03745,0.03726,0.0373,50526315
1758175200,2025-09-18 06:00:00,0.03682,0.0374,0.03728,0.03711,50929379
1758178800,2025-09-18 07:00:00,0.03706,0.03756,0.03709,0.03729,48691129
1758182400,2025-09-18 08:00:00,0.03723,0.03832,0.0373,0.03826,91196129
1758186000,2025-09-18 09:00:00,0.03746,0.03843,0.03824,0.03793,82170885
1758189600,2025-09-18 10:00:00,0.03717,0.03798,0.03792,0.03758,35183301
1758193200,2025-09-18 11:00:00,0.03753,0.03788,0.03759,0.03788,37796655
1758196800,2025-09-18 12:00:00,0.0377,0.03868,0.03788,0.03838,75998117
1758200400,2025-09-18 13:00:00,0.03815,0.03892,0.03837,0.03856,80986081
1758204000,2025-09-18 14:00:00,0.03853,0.03974,0.03855,0.0388,146014174
1758207600,2025-09-18 15:00:00,0.03856,0.0395,0.0388,0.03932,87383420
1758211200,2025-09-18 16:00:00,0.0386,0.03948,0.03932,0.03885,106260271
1758214800,2025-09-18 17:00:00,0.03862,0.03901,0.03885,0.03878,57777344
1758218400,2025-09-18 18:00:00,0.03852,0.03888,0.03878,0.03855,64510524
1758222000,2025-09-18 19:00:00,0.03801,0.03855,0.03855,0.03828,45476548
1758225600,2025-09-18 20:00:00,0.03824,0.03874,0.03828,0.03868,30571076
1758229200,2025-09-18 21:00:00,0.03832,0.03877,0.03868,0.03839,40919999
1758232800,2025-09-18 22:00:00,0.03779,0.0384,0.03839,0.03786,30557583
1758236400,2025-09-18 23:00:00,0.03762,0.03819,0.03785,0.03807,29977879
1758240000,2025-09-19 00:00:00,0.03807,0.03868,0.03807,0.0386,51467206
1758243600,2025-09-19 01:00:00,0.03831,0.03876,0.03861,0.03845,32659253
1758247200,2025-09-19 02:00:00,0.03798,0.03852,0.03844,0.03804,39813871
1758250800,2025-09-19 03:00:00,0.03772,0.03843,0.03805,0.03775,41433844
1758254400,2025-09-19 04:00:00,0.03731,0.03852,0.03774,0.03833,84938987
1758258000,2025-09-19 05:00:00,0.0379,0.03849,0.03834,0.03796,25924711
1758261600,2025-09-19 06:00:00,0.03771,0.03818,0.03794,0.0378,23039694
1758265200,2025-09-19 07:00:00,0.03769,0.03812,0.03781,0.03779,16113781
1758268800,2025-09-19 08:00:00,0.03754,0.03808,0.03778,0.03769,14933681
1758272400,2025-09-19 09:00:00,0.03703,0.03772,0.03769,0.03723,23701517
1758276000,2025-09-19 10:00:00,0.03701,0.03724,0.03723,0.03708,16866582
1758279600,2025-09-19 11:00:00,0.03631,0.03708,0.03707,0.03639,51157549
1758283200,2025-09-19 12:00:00,0.03619,0.03683,0.03637,0.03631,47923038
1758286800,2025-09-19 13:00:00,0.03627,0.03676,0.03632,0.0366,45135143
1758290400,2025-09-19 14:00:00,0.03585,0.03663,0.03658,0.03593,65230870
1758294000,2025-09-19 15:00:00,0.03529,0.03596,0.03592,0.03582,110317175
1758297600,2025-09-19 16:00:00,0.03578,0.03673,0.03582,0.03657,90660372
1758301200,2025-09-19 17:00:00,0.03576,0.03656,0.03655,0.03587,50960316
1758304800,2025-09-19 18:00:00,0.0356,0.03599,0.03588,0.03578,37652156
1758308400,2025-09-19 19:00:00,0.03553,0.03589,0.03579,0.03553,39441922
1758312000,2025-09-19 20:00:00,0.03553,0.03588,0.03553,0.0357,10930062
1758315600,2025-09-19 21:00:00,0.03558,0.03607,0.03571,0.03592,22468244
1758319200,2025-09-19 22:00:00,0.0359,0.0362,0.03594,0.03598,14030017
1758322800,2025-09-19 23:00:00,0.03538,0.036,0.03598,0.03561,19824982
1758326400,2025-09-20 00:00:00,0.03538,0.0358,0.0356,0.03577,17841196
1758330000,2025-09-20 01:00:00,0.03536,0.03579,0.03579,0.03541,15585002
1758333600,2025-09-20 02:00:00,0.03478,0.03544,0.03541,0.03531,48710203
1758337200,2025-09-20 03:00:00,0.03505,0.03533,0.03532,0.03522,16265237
1758340800,2025-09-20 04:00:00,0.03504,0.03529,0.03523,0.03515,8843895
1758344400,2025-09-20 05:00:00,0.03508,0.03561,0.03515,0.03553,23278017
1758348000,2025-09-20 06:00:00,0.03529,0.03552,0.03552,0.03537,7839659
1758351600,2025-09-20 07:00:00,0.03519,0.03547,0.03537,0.03543,10373260
1758355200,2025-09-20 08:00:00,0.03492,0.03542,0.03542,0.03494,10011113
1758358800,2025-09-20 09:00:00,0.03447,0.03508,0.03495,0.03462,44136935
1758362400,2025-09-20 10:00:00,0.03438,0.03475,0.03462,0.03442,26114231
1758366000,2025-09-20 11:00:00,0.03417,0.03458,0.03442,0.03442,27262950
1758369600,2025-09-20 12:00:00,0.03422,0.03451,0.03442,0.03433,32810873
1758373200,2025-09-20 13:00:00,0.03423,0.03453,0.03433,0.0344,20711150
1758376800,2025-09-20 14:00:00,0.03427,0.03501,0.03439,0.03494,26537073
1758380400,2025-09-20 15:00:00,0.03494,0.03563,0.03494,0.03519,88259517
1758384000,2025-09-20 16:00:00,0.03492,0.03536,0.03517,0.03523,46186326
1758387600,2025-09-20 17:00:00,0.03498,0.03528,0.03526,0.03499,14940802
1758391200,2025-09-20 18:00:00,0.03466,0.03504,0.03498,0.03476,27596130
1758394800,2025-09-20 19:00:00,0.03467,0.03493,0.03475,0.03479,11424972
1758398400,2025-09-20 20:00:00,0.03479,0.03519,0.03479,0.03512,8247816
1758402000,2025-09-20 21:00:00,0.03511,0.03545,0.03513,0.03528,16582423
1758405600,2025-09-20 22:00:00,0.03519,0.03551,0.03528,0.03545,27395044
1758409200,2025-09-20 23:00:00,0.03513,0.03545,0.03545,0.03529,17495950
1758412800,2025-09-21 00:00:00,0.03495,0.03545,0.03529,0.0352,19898720
1758416400,2025-09-21 01:00:00,0.03504,0.0353,0.03522,0.03508,8885965
1758420000,2025-09-21 02:00:00,0.03505,0.0354,0.03506,0.03527,13206349
1758423600,2025-09-21 03:00:00,0.03518,0.03539,0.03527,0.03527,21158639
1758427200,2025-09-21 04:00:00,0.03507,0.03528,0.03527,0.03512,17323096
1758430800,2025-09-21 05:00:00,0.03501,0.03519,0.03513,0.0351,17665273
1758434400,2025-09-21 06:00:00,0.03483,0.03524,0.03507,0.03483,25071924
1758438000,2025-09-21 07:00:00,0.03478,0.03508,0.03482,0.03499,11001463
1758441600,2025-09-21 08:00:00,0.0347,0.03502,0.03499,0.03476,11201943
1758445200,2025-09-21 09:00:00,0.03422,0.03477,0.03477,0.03464,39884154
1758448800,2025-09-21 10:00:00,0.03444,0.03484,0.03463,0.03444,11635031
1758452400,2025-09-21 11:00:00,0.03439,0.03463,0.03444,0.03456,5462332
1758456000,2025-09-21 12:00:00,0.03455,0.03492,0.03455,0.03472,16781505
1758459600,2025-09-21 13:00:00,0.03464,0.03486,0.03472,0.03478,12256971
1758463200,2025-09-21 14:00:00,0.0346,0.03486,0.03477,0.03462,21643899
1758466800,2025-09-21 15:00:00,0.03444,0.03479,0.03461,0.0345,13396823
1758470400,2025-09-21 16:00:00,0.03395,0.03456,0.03451,0.03408,32448646
1758474000,2025-09-21 17:00:00,0.03373,0.03432,0.03409,0.0343,44294106
1758477600,2025-09-21 18:00:00,0.03409,0.03437,0.03429,0.03433,14952388
1758481200,2025-09-21 19:00:00,0.03384,0.03434,0.03433,0.0341,22069657
1758484800,2025-09-21 20:00:00,0.03387,0.0341,0.03409,0.034,9160278
1758488400,2025-09-21 21:00:00,0.03381,0.03402,0.03399,0.03396,14434910
1758492000,2025-09-21 22:00:00,0.0338,0.03447,0.03397,0.03432,62702402
1758495600,2025-09-21 23:00:00,0.0339,0.03433,0.03433,0.03392,14187554
1758499200,2025-09-22 00:00:00,0.03194,0.03414,0.03391,0.03224,132527794
1758502800,2025-09-22 01:00:00,0.03156,0.03254,0.03222,0.03206,104773379
1758506400,2025-09-22 02:00:00,0.0315,0.0322,0.03208,0.0318,105840455
1758510000,2025-09-22 03:00:00,0.0317,0.03219,0.03182,0.03207,42332505
1758513600,2025-09-22 04:00:00,0.03192,0.0322,0.03204,0.03202,24511282
1758517200,2025-09-22 05:00:00,0.03129,0.03207,0.03203,0.03133,18418984
1758520800,2025-09-22 06:00:00,0.0293,0.03135,0.03134,0.03111,125744323
1758524400,2025-09-22 07:00:00,0.0307,0.03124,0.03112,0.03076,68040542
1758528000,2025-09-22 08:00:00,0.03057,0.03093,0.03076,0.0306,47567480
1758531600,2025-09-22 09:00:00,0.03011,0.03064,0.03059,0.0302,38216213
1758535200,2025-09-22 10:00:00,0.0301,0.03055,0.03021,0.03043,54579609
1758538800,2025-09-22 11:00:00,0.02996,0.03048,0.03043,0.03014,44487847
1758542400,2025-09-22 12:00:00,0.02999,0.03042,0.03014,0.03025,22813746
1758546000,2025-09-22 13:00:00,0.03021,0.03064,0.03027,0.03063,60742725
1758549600,2025-09-22 14:00:00,0.0302,0.03097,0.03063,0.03029,153248747
1758553200,2025-09-22 15:00:00,0.02996,0.03041,0.03028,0.03008,62763706
1758556800,2025-09-22 16:00:00,0.02986,0.03041,0.03008,0.02998,47738691
1758560400,2025-09-22 17:00:00,0.02977,0.03027,0.02999,0.03016,59392869
1758564000,2025-09-22 18:00:00,0.03009,0.03039,0.03018,0.03018,22196033
1758567600,2025-09-22 19:00:00,0.02983,0.03023,0.03018,0.02994,22701350
1758571200,2025-09-22 20:00:00,0.02988,0.03041,0.02993,0.03027,19231093
1758574800,2025-09-22 21:00:00,0.03018,0.03068,0.03029,0.03062,34084799
1758578400,2025-09-22 22:00:00,0.03049,0.03071,0.03062,0.0305,10285610
1758582000,2025-09-22 23:00:00,0.03047,0.03101,0.03053,0.03089,21084838
1758585600,2025-09-23 00:00:00,0.03026,0.03091,0.03088,0.0304,74497685
1758589200,2025-09-23 01:00:00,0.02968,0.03043,0.0304,0.02982,44711921
1758592800,2025-09-23 02:00:00,0.02944,0.03,0.02983,0.02945,34663488
1758596400,2025-09-23 03:00:00,0.0292,0.03027,0.02945,0.03,79101903
1758600000,2025-09-23 04:00:00,0.02956,0.03005,0.03001,0.02976,22517709
1758603600,2025-09-23 05:00:00,0.02963,0.03006,0.02978,0.02981,18783401
1758607200,2025-09-23 06:00:00,0.02979,0.03044,0.02979,0.03017,46314343
1758610800,2025-09-23 07:00:00,0.03002,0.0303,0.03015,0.03011,17041036
1758614400,2025-09-23 08:00:00,0.03008,0.03037,0.03011,0.0303,17111364
1758618000,2025-09-23 09:00:00,0.02987,0.03038,0.03031,0.02996,31053370
1758621600,2025-09-23 10:00:00,0.02992,0.03018,0.02996,0.03002,19472432
1758625200,2025-09-23 11:00:00,0.02988,0.03015,0.03003,0.03,21051786
1758628800,2025-09-23 12:00:00,0.02989,0.03023,0.02999,0.03001,20120147
1758632400,2025-09-23 13:00:00,0.02972,0.03006,0.02999,0.02985,20679821
1758636000,2025-09-23 14:00:00,0.02964,0.03019,0.02985,0.02976,28129765
1758639600,2025-09-23 15:00:00,0.02958,0.03027,0.02974,0.03005,45415801
1758643200,2025-09-23 16:00:00,0.02984,0.03049,0.03006,0.03032,23129586
1758646800,2025-09-23 17:00:00,0.02962,0.03033,0.03031,0.02964,28395869
1758650400,2025-09-23 18:00:00,0.0293,0.02983,0.02964,0.02946,44339310
1758654000,2025-09-23 19:00:00,0.02927,0.02983,0.02945,0.02937,34600448
1758657600,2025-09-23 20:00:00,0.02905,0.02956,0.02935,0.02949,33033186
1758661200,2025-09-23 21:00:00,0.02926,0.02974,0.02949,0.02966,16385670
1758664800,2025-09-23 22:00:00,0.02945,0.02975,0.02966,0.02952,20885987
1758668400,2025-09-23 23:00:00,0.02927,0.02967,0.02952,0.02936,21011543
1758672000,2025-09-24 00:00:00,0.02931,0.02994,0.02936,0.02976,31232459
1758675600,2025-09-24 01:00:00,0.02964,0.03009,0.02975,0.03004,27276828
1758679200,2025-09-24 02:00:00,0.02965,0.03011,0.03003,0.02981,28146918
1758682800,2025-09-24 03:00:00,0.02903,0.02993,0.02979,0.02906,60752895
1758686400,2025-09-24 04:00:00,0.02837,0.02957,0.02905,0.02953,148840073
1758690000,2025-09-24 05:00:00,0.02948,0.02999,0.02952,0.02986,28950860
1758693600,2025-09-24 06:00:00,0.02965,0.02995,0.02987,0.02987,14888097
1758697200,2025-09-24 07:00:00,0.02965,0.02993,0.02987,0.02988,10093332
1758700800,2025-09-24 08:00:00,0.02972,0.03,0.02989,0.02987,9375018
1758704400,2025-09-24 09:00:00,0.02974,0.0304,0.02985,0.03025,23887135
1758708000,2025-09-24 10:00:00,0.03017,0.03043,0.03028,0.03031,23801709
1758711600,2025-09-24 11:00:00,0.03026,0.03074,0.03031,0.03055,28917179
1758715200,2025-09-24 12:00:00,0.0303,0.03068,0.03057,0.03036,31477084
1758718800,2025-09-24 13:00:00,0.03004,0.03046,0.03038,0.03004,18819359
1758722400,2025-09-24 14:00:00,0.03006,0.0309,0.03006,0.03066,24225310
1758726000,2025-09-24 15:00:00,0.0302,0.03079,0.03067,0.03022,31294023
1758729600,2025-09-24 16:00:00,0.03005,0.03037,0.03024,0.03033,33907012
1758733200,2025-09-24 17:00:00,0.03026,0.03054,0.03034,0.03039,13549209
1758736800,2025-09-24 18:00:00,0.0301,0.03041,0.0304,0.03013,11936582
1758740400,2025-09-24 19:00:00,0.02986,0.03019,0.03014,0.02999,11158950
1758744000,2025-09-24 20:00:00,0.02985,0.03012,0.02999,0.03005,16795546
1758747600,2025-09-24 21:00:00,0.02956,0.03006,0.03004,0.02966,22590677
1758751200,2025-09-24 22:00:00,0.02965,0.02993,0.02967,0.02991,13104403
1758754800,2025-09-24 23:00:00,0.02979,0.03,0.02992,0.02994,24495881
1758758400,2025-09-25 00:00:00,0.02954,0.03002,0.02993,0.02961,27411506
1758762000,2025-09-25 01:00:00,0.0293,0.02971,0.0296,0.02943,82238543
1758765600,2025-09-25 02:00:00,0.02923,0.02984,0.02944,0.02947,57105442
1758769200,2025-09-25 03:00:00,0.02879,0.02947,0.02946,0.02914,45193340
1758772800,2025-09-25 04:00:00,0.02852,0.02928,0.02916,0.02872,61269109
1758776400,2025-09-25 05:00:00,0.02859,0.02917,0.02871,0.02887,24171334
1758780000,2025-09-25 06:00:00,0.02853,0.0289,0.02886,0.02853,21254099
1758783600,2025-09-25 07:00:00,0.02842,0.02877,0.02853,0.02851,18633719
1758787200,2025-09-25 08:00:00,0.02846,0.02876,0.02851,0.02857,11490400
1758790800,2025-09-25 09:00:00,0.02836,0.0288,0.02857,0.0284,23213342
1758794400,2025-09-25 10:00:00,0.02826,0.02864,0.02839,0.02829,10944790
1758798000,2025-09-25 11:00:00,0.02806,0.02842,0.02831,0.02817,30802332
1758801600,2025-09-25 12:00:00,0.02758,0.02834,0.02816,0.02801,85348043
1758805200,2025-09-25 13:00:00,0.02779,0.02849,0.02803,0.0281,93535948
1758808800,2025-09-25 14:00:00,0.0281,0.02871,0.0281,0.02849,195303793
1758812400,2025-09-25 15:00:00,0.02804,0.02857,0.02849,0.02821,34395511
1758816000,2025-09-25 16:00:00,0.02758,0.02831,0.02819,0.02765,37225408
1758819600,2025-09-25 17:00:00,0.02634,0.02763,0.02763,0.02651,205764305
1758823200,2025-09-25 18:00:00,0.02638,0.02737,0.02648,0.02736,74351422
1758826800,2025-09-25 19:00:00,0.02693,0.02748,0.02736,0.02701,35398992
1758830400,2025-09-25 20:00:00,0.02671,0.02706,0.02702,0.02678,27408528
1758834000,2025-09-25 21:00:00,0.0267,0.02717,0.02679,0.02715,26221638
1758837600,2025-09-25 22:00:00,0.02683,0.02738,0.02714,0.02696,16504547
1758841200,2025-09-25 23:00:00,0.02659,0.02719,0.02698,0.0268,32057038
1758844800,2025-09-26 00:00:00,0.02675,0.02728,0.0268,0.02719,22026641
1758848400,2025-09-26 01:00:00,0.027,0.0273,0.02721,0.02713,20766299
1758852000,2025-09-26 02:00:00,0.02698,0.02727,0.02713,0.02702,15211484
1758855600,2025-09-26 03:00:00,0.02691,0.02717,0.02701,0.02711,9487505
1758859200,2025-09-26 04:00:00,0.02677,0.02713,0.02711,0.0268,8876120
1758862800,2025-09-26 05:00:00,0.02678,0.02713,0.02681,0.02686,7726921
1758866400,2025-09-26 06:00:00,0.02667,0.02706,0.02686,0.02686,17014380
1758870000,2025-09-26 07:00:00,0.02675,0.02709,0.02687,0.02706,7564644
1758873600,2025-09-26 08:00:00,0.0269,0.02714,0.02706,0.02693,12691150
1758877200,2025-09-26 09:00:00,0.02663,0.02696,0.02691,0.02679,15039686
1758880800,2025-09-26 10:00:00,0.02633,0.02681,0.02681,0.02648,28304014
1758884400,2025-09-26 11:00:00,0.02623,0.02688,0.0265,0.02671,23240282
1758888000,2025-09-26 12:00:00,0.0264,0.02737,0.02671,0.02707,40612982
1758891600,2025-09-26 13:00:00,0.02676,0.02736,0.02707,0.02729,34577026
1758895200,2025-09-26 14:00:00,0.02683,0.02734,0.02732,0.02706,27184715
1758898800,2025-09-26 15:00:00,0.02705,0.02737,0.02708,0.02729,21998416
1758902400,2025-09-26 16:00:00,0.02729,0.02799,0.0273,0.02792,43980852
1758906000,2025-09-26 17:00:00,0.02791,0.02873,0.02792,0.02856,47866883
1758909600,2025-09-26 18:00:00,0.0284,0.02888,0.02856,0.0285,31653868
1758913200,2025-09-26 19:00:00,0.02817,0.02861,0.0285,0.02833,25823304
1758916800,2025-09-26 20:00:00,0.02819,0.02846,0.02831,0.02822,13524803
1758920400,2025-09-26 21:00:00,0.02818,0.02856,0.02821,0.02849,13942828
1758924000,2025-09-26 22:00:00,0.02847,0.02862,0.0285,0.02852,18980360
1758927600,2025-09-26 23:00:00,0.02845,0.02863,0.02853,0.02858,8896817
1758931200,2025-09-27 00:00:00,0.0284,0.0286,0.02856,0.0286,12599171
1758934800,2025-09-27 01:00:00,0.02844,0.02865,0.0286,0.02855,20127156
1758938400,2025-09-27 02:00:00,0.02848,0.02865,0.02856,0.02859,6786520
1758942000,2025-09-27 03:00:00,0.02861,0.02907,0.02861,0.02868,16927468
1758945600,2025-09-27 04:00:00,0.02866,0.02886,0.02867,0.02878,8533106
1758949200,2025-09-27 05:00:00,0.02861,0.02886,0.02876,0.02867,7932270
1758952800,2025-09-27 06:00:00,0.02851,0.0287,0.02868,0.02864,4523928
1758956400,2025-09-27 07:00:00,0.02834,0.02873,0.02865,0.02839,6840990
1758960000,2025-09-27 08:00:00,0.02805,0.02842,0.0284,0.02808,8532435
1758963600,2025-09-27 09:00:00,0.02789,0.02821,0.0281,0.02813,12332752
1758967200,2025-09-27 10:00:00,0.02802,0.02828,0.02812,0.02813,5692577
1758970800,2025-09-27 11:00:00,0.02808,0.02817,0.02812,0.02816,3051619
1758974400,2025-09-27 12:00:00,0.02806,0.0284,0.02814,0.02837,11329605
1758978000,2025-09-27 13:00:00,0.02817,0.02836,0.02836,0.02819,7253998
1758981600,2025-09-27 14:00:00,0.02812,0.02831,0.0282,0.02817,3508436
1758985200,2025-09-27 15:00:00,0.02796,0.02835,0.02817,0.02832,14395845
1758988800,2025-09-27 16:00:00,0.02804,0.02833,0.02833,0.02806,7698384
1758992400,2025-09-27 17:00:00,0.02778,0.02806,0.02804,0.02799,12939619
1758996000,2025-09-27 18:00:00,0.02782,0.02802,0.02799,0.02795,5255532
1758999600,2025-09-27 19:00:00,0.02787,0.02801,0.02795,0.02797,5263918
1759003200,2025-09-27 20:00:00,0.02784,0.02808,0.02799,0.02787,8688678
1759006800,2025-09-27 21:00:00,0.02784,0.02808,0.02786,0.02808,5895821
1759010400,2025-09-27 22:00:00,0.028,0.02833,0.02807,0.02803,16059387
1759014000,2025-09-27 23:00:00,0.02788,0.02812,0.02804,0.02791,5576863
1759017600,2025-09-28 00:00:00,0.02742,0.02796,0.02791,0.02768,28007336
1759021200,2025-09-28 01:00:00,0.02749,0.02771,0.02767,0.02755,13505396
1759024800,2025-09-28 02:00:00,0.02753,0.02773,0.02754,0.02763,7079308
1759028400,2025-09-28 03:00:00,0.02758,0.02774,0.02763,0.02771,4330056
1759032000,2025-09-28 04:00:00,0.0276,0.02773,0.02772,0.02766,3784183
1759035600,2025-09-28 05:00:00,0.02755,0.02773,0.02766,0.02756,5616890
1759039200,2025-09-28 06:00:00,0.02727,0.02759,0.02755,0.02745,24641518
1759042800,2025-09-28 07:00:00,0.02731,0.0275,0.02746,0.02743,4818690
1759046400,2025-09-28 08:00:00,0.02719,0.0275,0.02742,0.0273,7813897
1759050000,2025-09-28 09:00:00,0.0272,0.02738,0.0273,0.02728,5850779
1759053600,2025-09-28 10:00:00,0.02713,0.02734,0.02727,0.02731,4733212
1759057200,2025-09-28 11:00:00,0.02715,0.02731,0.02731,0.02728,6199363
1759060800,2025-09-28 12:00:00,0.02702,0.02729,0.02727,0.02712,12519181
1759064400,2025-09-28 13:00:00,0.0271,0.02765,0.02713,0.02755,14180964
1759068000,2025-09-28 14:00:00,0.02735,0.02772,0.02754,0.0277,23693019
1759071600,2025-09-28 15:00:00,0.02764,0.02798,0.02771,0.02797,16792914
1759075200,2025-09-28 16:00:00,0.0279,0.0282,0.02796,0.02813,24508638
1759078800,2025-09-28 17:00:00,0.02805,0.02843,0.02814,0.0283,19352247
1759082400,2025-09-28 18:00:00,0.0282,0.02839,0.02831,0.02838,12041996
1759086000,2025-09-28 19:00:00,0.02826,0.02844,0.02838,0.02843,15293334
1759089600,2025-09-28 20:00:00,0.02836,0.02872,0.02843,0.02848,23972361
1759093200,2025-09-28 21:00:00,0.02831,0.02868,0.02849,0.02847,11395136
1759096800,2025-09-28 22:00:00,0.02847,0.02918,0.02848,0.02912,37724861
1759100400,2025-09-28 23:00:00,0.0289,0.02918,0.02912,0.02905,30348202
1759104000,2025-09-29 00:00:00,0.02878,0.02907,0.02904,0.02888,43615247
1759107600,2025-09-29 01:00:00,0.02867,0.02897,0.02887,0.02868,19388228
1759111200,2025-09-29 02:00:00,0.02857,0.02885,0.02869,0.02864,8935092
1759114800,2025-09-29 03:00:00,0.02847,0.02866,0.02862,0.02861,8501099
1759118400,2025-09-29 04:00:00,0.02841,0.02864,0.0286,0.02847,4784845
1759122000,2025-09-29 05:00:00,0.02829,0.02846,0.02846,0.02843,14190354
1759125600,2025-09-29 06:00:00,0.02823,0.02844,0.02844,0.02823,12632533
1759129200,2025-09-29 07:00:00,0.02811,0.02838,0.02826,0.02838,4772379
1759132800,2025-09-29 08:00:00,0.02817,0.02845,0.02836,0.02828,7024377
1759136400,2025-09-29 09:00:00,0.02806,0.02838,0.02827,0.0281,4685932
1759140000,2025-09-29 10:00:00,0.02787,0.02818,0.02809,0.0279,6361800
1759143600,2025-09-29 11:00:00,0.02768,0.02796,0.02787,0.02791,19960401
1759147200,2025-09-29 12:00:00,0.0275,0.02813,0.02791,0.02755,22672671
1759150800,2025-09-29 13:00:00,0.02738,0.02844,0.02754,0.02829,67215619
1759154400,2025-09-29 14:00:00,0.02824,0.02924,0.02829,0.02911,89560322
1759158000,2025-09-29 15:00:00,0.02808,0.02913,0.02911,0.02817,67748467
1759161600,2025-09-29 16:00:00,0.02792,0.02858,0.02819,0.02795,40392389
1759165200,2025-09-29 17:00:00,0.02773,0.02819,0.02794,0.02808,33384730
1759168800,2025-09-29 18:00:00,0.02785,0.02812,0.02809,0.02805,7764770
1759172400,2025-09-29 19:00:00,0.02798,0.02841,0.02806,0.02833,15479096
1759176000,2025-09-29 20:00:00,0.02829,0.02898,0.02834,0.02884,46803923
1759179600,2025-09-29 21:00:00,0.02856,0.02891,0.02885,0.02858,31794976
1759183200,2025-09-29 22:00:00,0.02827,0.02862,0.02861,0.02834,9676084
1759186800,2025-09-29 23:00:00,0.02814,0.0284,0.02834,0.02816,11207959
1759190400,2025-09-30 00:00:00,0.02778,0.02822,0.02815,0.02783,34604178
1759194000,2025-09-30 01:00:00,0.02765,0.0281,0.02781,0.02786,22446384
1759197600,2025-09-30 02:00:00,0.02772,0.02806,0.02785,0.02774,21155402
1759201200,2025-09-30 03:00:00,0.02769,0.02799,0.02773,0.02782,15422204
1759204800,2025-09-30 04:00:00,0.02775,0.02789,0.02783,0.02775,5601529
1759208400,2025-09-30 05:00:00,0.02771,0.02789,0.02775,0.02774,7826014
1759212000,2025-09-30 06:00:00,0.02752,0.02783,0.02773,0.02755,7836048
1759215600,2025-09-30 07:00:00,0.02725,0.02766,0.02753,0.02734,13199947
1759219200,2025-09-30 08:00:00,0.02726,0.02746,0.02735,0.02728,6171773
1759222800,2025-09-30 09:00:00,0.02714,0.02742,0.02729,0.02721,16298455
1759226400,2025-09-30 10:00:00,0.02713,0.02739,0.02722,0.02726,20016170
1759230000,2025-09-30 11:00:00,0.02716,0.02746,0.02727,0.02741,6193206
1759233600,2025-09-30 12:00:00,0.02717,0.02742,0.02742,0.02718,10142155
1759237200,2025-09-30 13:00:00,0.02705,0.02748,0.02718,0.02715,16189333
1759240800,2025-09-30 14:00:00,0.02695,0.02724,0.02714,0.02708,29720338
1759244400,2025-09-30 15:00:00,0.02652,0.02712,0.02708,0.02678,70574087
1759248000,2025-09-30 16:00:00,0.02667,0.02699,0.02677,0.02683,40602672
1759251600,2025-09-30 17:00:00,0.02679,0.02719,0.02683,0.0269,31878369
1759255200,2025-09-30 18:00:00,0.02683,0.02728,0.0269,0.02724,13652382
1759258800,2025-09-30 19:00:00,0.02713,0.02779,0.02723,0.02769,36549394
1759262400,2025-09-30 20:00:00,0.02755,0.02804,0.0277,0.02801,33906701
1759266000,2025-09-30 21:00:00,0.02782,0.02823,0.02801,0.02785,45066650
1759269600,2025-09-30 22:00:00,0.0277,0.02817,0.02785,0.02775,35182617
1759273200,2025-09-30 23:00:00,0.0277,0.02795,0.02774,0.02794,10895804
1759276800,2025-10-01 00:00:00,0.02773,0.02804,0.02796,0.02789,8823261
1759280400,2025-10-01 01:00:00,0.02779,0.02816,0.0279,0.02815,14251984
1759284000,2025-10-01 02:00:00,0.02796,0.02825,0.02816,0.028,12209499
1759287600,2025-10-01 03:00:00,0.02761,0.02804,0.02801,0.02761,19443713
1759291200,2025-10-01 04:00:00,0.02763,0.02801,0.02763,0.02784,24369777
1759294800,2025-10-01 05:00:00,0.02782,0.02842,0.02784,0.028,38336441
1759298400,2025-10-01 06:00:00,0.02774,0.02803,0.02798,0.0278,8482642
1759302000,2025-10-01 07:00:00,0.02779,0.02811,0.0278,0.02805,6969027
1759305600,2025-10-01 08:00:00,0.02802,0.02979,0.02806,0.02979,95353215
1759309200,2025-10-01 09:00:00,0.02971,0.03049,0.0298,0.0304,65272576
1759312800,2025-10-01 10:00:00,0.02988,0.03052,0.03039,0.03026,68308902
1759316400,2025-10-01 11:00:00,0.03017,0.03079,0.03024,0.03067,59342161
1759320000,2025-10-01 12:00:00,0.0301,0.03071,0.03067,0.03013,50665686
1759323600,2025-10-01 13:00:00,0.03014,0.03083,0.03014,0.03074,52847867
1759327200,2025-10-01 14:00:00,0.03056,0.03118,0.03073,0.03095,64128075
1759330800,2025-10-01 15:00:00,0.0309,0.0318,0.03095,0.03152,92080242
1759334400,2025-10-01 16:00:00,0.03128,0.03213,0.03153,0.03133,114344098
1759338000,2025-10-01 17:00:00,0.0308,0.0315,0.03132,0.03103,99511007
1759341600,2025-10-01 18:00:00,0.03103,0.03179,0.03103,0.03175,44081512
1759345200,2025-10-01 19:00:00,0.03145,0.03182,0.03174,0.0315,32913659
1759348800,2025-10-01 20:00:00,0.03126,0.03161,0.03151,0.03147,20996346
1759352400,2025-10-01 21:00:00,0.03098,0.03147,0.03146,0.03118,28293375
1759356000,2025-10-01 22:00:00,0.03116,0.03147,0.03118,0.03131,20614148
1759359600,2025-10-01 23:00:00,0.03118,0.03156,0.03129,0.03149,25430949
1759363200,2025-10-02 00:00:00,0.03119,0.03179,0.0315,0.03122,28367147
1759366800,2025-10-02 01:00:00,0.03111,0.03197,0.03121,0.03189,38654559
1759370400,2025-10-02 02:00:00,0.0317,0.03219,0.03189,0.03184,40739563
1759374000,2025-10-02 03:00:00,0.0316,0.03192,0.03185,0.03163,28181283
1759377600,2025-10-02 04:00:00,0.03159,0.03199,0.03162,0.03199,13549376
1759381200,2025-10-02 05:00:00,0.03178,0.0321,0.032,0.03186,12444854
1759384800,2025-10-02 06:00:00,0.03174,0.032,0.03189,0.03188,25861568
1759388400,2025-10-02 07:00:00,0.03184,0.03207,0.03188,0.032,17838216
1759392000,2025-10-02 08:00:00,0.0316,0.03206,0.03199,0.03169,7109904
1759395600,2025-10-02 09:00:00,0.03132,0.03167,0.03167,0.03141,14428900
1759399200,2025-10-02 10:00:00,0.03121,0.03162,0.03142,0.03146,13104448
1759402800,2025-10-02 11:00:00,0.03135,0.03176,0.03145,0.03163,20296383
1759406400,2025-10-02 12:00:00,0.03157,0.03182,0.03161,0.03181,15759979
1759410000,2025-10-02 13:00:00,0.0309,0.03181,0.03181,0.0313,59482609
1759413600,2025-10-02 14:00:00,0.03045,0.03133,0.03131,0.03048,63772193
1759417200,2025-10-02 15:00:00,0.03022,0.03122,0.03048,0.0312,102962294
1759420800,2025-10-02 16:00:00,0.03078,0.03162,0.0312,0.03098,79589347
1759424400,2025-10-02 17:00:00,0.03082,0.03132,0.03098,0.03121,20587259
1759428000,2025-10-02 18:00:00,0.03119,0.03184,0.03121,0.03181,25678999
1759431600,2025-10-02 19:00:00,0.03163,0.03203,0.03178,0.03181,32344814
1759435200,2025-10-02 20:00:00,0.03149,0.03185,0.0318,0.03164,24436766
1759438800,2025-10-02 21:00:00,0.03144,0.03183,0.03163,0.0315,14946480
1759442400,2025-10-02 22:00:00,0.0314,0.03167,0.03149,0.03154,22640212
1759446000,2025-10-02 23:00:00,0.03152,0.03189,0.03152,0.03183,21610923
1759449600,2025-10-03 00:00:00,0.03156,0.03182,0.03182,0.03177,8194950
1759453200,2025-10-03 01:00:00,0.03101,0.03189,0.03177,0.03103,24335914
1759456800,2025-10-03 02:00:00,0.03101,0.0314,0.03105,0.03137,12728406
1759460400,2025-10-03 03:00:00,0.03112,0.03164,0.03134,0.03113,23141732
1759464000,2025-10-03 04:00:00,0.03112,0.03155,0.03115,0.03132,15708205
1759467600,2025-10-03 05:00:00,0.03085,0.03134,0.03132,0.03094,28057617
1759471200,2025-10-03 06:00:00,0.03066,0.03116,0.03096,0.03079,14412536
1759474800,2025-10-03 07:00:00,0.03052,0.03085,0.03078,0.03071,10535300
1759478400,2025-10-03 08:00:00,0.0305,0.03097,0.03073,0.03095,9934224
1759482000,2025-10-03 09:00:00,0.03073,0.03105,0.03097,0.03097,14804627
1759485600,2025-10-03 10:00:00,0.03081,0.031,0.03096,0.03087,8520456
1759489200,2025-10-03 11:00:00,0.03057,0.03087,0.03087,0.03079,13844665
1759492800,2025-10-03 12:00:00,0.03072,0.0311,0.03077,0.03073,13235972
1759496400,2025-10-03 13:00:00,0.03059,0.03118,0.03072,0.0307,26156304
1759500000,2025-10-03 14:00:00,0.03046,0.03121,0.03068,0.03114,22653678
1759503600,2025-10-03 15:00:00,0.03086,0.03178,0.03113,0.03173,32894687
1759507200,2025-10-03 16:00:00,0.03142,0.03246,0.03174,0.0315,123648271
1759510800,2025-10-03 17:00:00,0.03079,0.03163,0.0315,0.03096,101061201
1759514400,2025-10-03 18:00:00,0.0307,0.0314,0.03095,0.03139,35888656
1759518000,2025-10-03 19:00:00,0.03114,0.03188,0.03138,0.03166,82771838
1759521600,2025-10-03 20:00:00,0.03133,0.03175,0.03166,0.03166,15274278
1759525200,2025-10-03 21:00:00,0.03155,0.03189,0.03167,0.03167,8503282
1759528800,2025-10-03 22:00:00,0.03168,0.03212,0.03168,0.03201,40393160
1759532400,2025-10-03 23:00:00,0.03179,0.03218,0.032,0.03193,33851223
1759536000,2025-10-04 00:00:00,0.0315,0.03207,0.03192,0.03165,16429572
1759539600,2025-10-04 01:00:00,0.03124,0.03167,0.03166,0.03138,37885183
1759543200,2025-10-04 02:00:00,0.03108,0.0316,0.03138,0.03128,17335549
1759546800,2025-10-04 03:00:00,0.03103,0.0315,0.03127,0.0313,21282880
1759550400,2025-10-04 04:00:00,0.0311,0.03139,0.03129,0.03127,7549585
1759554000,2025-10-04 05:00:00,0.03115,0.03149,0.03126,0.0313,14610638
1759557600,2025-10-04 06:00:00,0.03131,0.03187,0.03131,0.0318,17068366
1759561200,2025-10-04 07:00:00,0.03144,0.032,0.03183,0.03153,21544982
1759564800,2025-10-04 08:00:00,0.03099,0.03159,0.03152,0.0311,17507544
1759568400,2025-10-04 09:00:00,0.0309,0.0314,0.03108,0.03097,28782911
1759572000,2025-10-04 10:00:00,0.03069,0.03121,0.03098,0.03077,29623740
1759575600,2025-10-04 11:00:00,0.0307,0.03095,0.03076,0.03087,9966884
1759579200,2025-10-04 12:00:00,0.03066,0.03113,0.03087,0.03067,10798670
1759582800,2025-10-04 13:00:00,0.03064,0.03122,0.03067,0.03091,21210254
1759586400,2025-10-04 14:00:00,0.03041,0.03119,0.03091,0.03043,17620930
1759590000,2025-10-04 15:00:00,0.02938,0.03067,0.03043,0.02956,68947738
1759593600,2025-10-04 16:00:00,0.02933,0.02965,0.02955,0.02958,24585272
1759597200,2025-10-04 17:00:00,0.02952,0.02983,0.02964,0.02977,11217452
1759600800,2025-10-04 18:00:00,0.02963,0.02985,0.02976,0.02967,13627841
1759604400,2025-10-04 19:00:00,0.0296,0.03006,0.02969,0.03005,30726435
1759608000,2025-10-04 20:00:00,0.02993,0.03021,0.03006,0.03,11832902
1759611600,2025-10-04 21:00:00,0.02999,0.03025,0.03002,0.03009,6345883
1759615200,2025-10-04 22:00:00,0.03007,0.03042,0.03008,0.03036,9987934
1759618800,2025-10-04 23:00:00,0.03022,0.03042,0.03035,0.0303,5588716
1759622400,2025-10-05 00:00:00,0.03006,0.03049,0.03031,0.03011,11665027
1759626000,2025-10-05 01:00:00,0.03008,0.0303,0.0301,0.03022,5139865
1759629600,2025-10-05 02:00:00,0.03013,0.03127,0.03021,0.03124,61251659
1759633200,2025-10-05 03:00:00,0.03109,0.03151,0.03125,0.03115,42974126
1759636800,2025-10-05 04:00:00,0.03102,0.032,0.03115,0.03188,40406689
1759640400,2025-10-05 05:00:00,0.03168,0.03273,0.03188,0.03248,65070949
1759644000,2025-10-05 06:00:00,0.03204,0.03285,0.03249,0.03258,44282088
1759647600,2025-10-05 07:00:00,0.03242,0.03351,0.03258,0.03346,82116563
1759651200,2025-10-05 08:00:00,0.03342,0.03402,0.03347,0.03391,80882545
1759654800,2025-10-05 09:00:00,0.03296,0.03401,0.03391,0.03335,67491984
1759658400,2025-10-05 10:00:00,0.03285,0.03345,0.03335,0.03311,49820605
1759662000,2025-10-05 11:00:00,0.03276,0.03336,0.0331,0.03296,24816549
1759665600,2025-10-05 12:00:00,0.0324,0.03294,0.03294,0.03263,37052257
1759669200,2025-10-05 13:00:00,0.03262,0.03304,0.03264,0.03287,34558664
1759672800,2025-10-05 14:00:00,0.03227,0.0331,0.03288,0.03243,32787710
1759676400,2025-10-05 15:00:00,0.03235,0.03267,0.03242,0.03247,22391454
1759680000,2025-10-05 16:00:00,0.03199,0.0327,0.03246,0.0323,56104228
1759683600,2025-10-05 17:00:00,0.03173,0.0325,0.03229,0.0319,31393102
1759687200,2025-10-05 18:00:00,0.03174,0.03205,0.03191,0.03194,19940718
1759690800,2025-10-05 19:00:00,0.03132,0.03196,0.03195,0.03138,19786883
1759694400,2025-10-05 20:00:00,0.03122,0.03164,0.03137,0.03143,22301221
1759698000,2025-10-05 21:00:00,0.03138,0.03164,0.03142,0.0316,8219331
1759701600,2025-10-05 22:00:00,0.03142,0.03176,0.03161,0.03169,10224823
1759705200,2025-10-05 23:00:00,0.03145,0.03175,0.03169,0.03155,21560391
1759708800,2025-10-06 00:00:00,0.03073,0.03178,0.03154,0.03085,68998260
1759712400,2025-10-06 01:00:00,0.03072,0.03148,0.03084,0.03121,32776414
1759716000,2025-10-06 02:00:00,0.03085,0.03135,0.03118,0.03115,21019808
1759719600,2025-10-06 03:00:00,0.03089,0.03121,0.03114,0.03098,10111496
1759723200,2025-10-06 04:00:00,0.03068,0.0311,0.03097,0.03077,12640826
1759726800,2025-10-06 05:00:00,0.0306,0.0309,0.03076,0.03088,9105358
1759730400,2025-10-06 06:00:00,0.03088,0.03146,0.03088,0.03129,20347150
1759734000,2025-10-06 07:00:00,0.03077,0.03132,0.03128,0.03098,10626490
1759737600,2025-10-06 08:00:00,0.03095,0.03121,0.03099,0.0311,6947963
1759741200,2025-10-06 09:00:00,0.03106,0.03127,0.03111,0.03118,9911816
1759744800,2025-10-06 10:00:00,0.03103,0.03124,0.03119,0.0311,11045343
1759748400,2025-10-06 11:00:00,0.03093,0.03149,0.03109,0.03125,22677553
1759752000,2025-10-06 12:00:00,0.03124,0.03154,0.03127,0.03149,20639345
1759755600,2025-10-06 13:00:00,0.03134,0.03182,0.0315,0.03164,34174031
1759759200,2025-10-06 14:00:00,0.03156,0.03253,0.03164,0.03199,72771200
1759762800,2025-10-06 15:00:00,0.03202,0.033,0.03202,0.03283,76345703
1759766400,2025-10-06 16:00:00,0.03226,0.03299,0.03283,0.0328,55293351
1759770000,2025-10-06 17:00:00,0.03269,0.0336,0.03279,0.03301,78333701
1759773600,2025-10-06 18:00:00,0.03288,0.0335,0.03301,0.0334,37683516
1759777200,2025-10-06 19:00:00,0.03307,0.03351,0.0334,0.03348,46473303
1759780800,2025-10-06 20:00:00,0.03316,0.03367,0.03348,0.03328,38552185
1759784400,2025-10-06 21:00:00,0.03292,0.03345,0.03328,0.03314,38840901
1759788000,2025-10-06 22:00:00,0.03288,0.03325,0.03315,0.03308,22285154
1759791600,2025-10-06 23:00:00,0.03277,0.0332,0.03308,0.03279,21611986
1759795200,2025-10-07 00:00:00,0.03256,0.03301,0.03279,0.03299,25209529
1759798800,2025-10-07 01:00:00,0.03274,0.03331,0.033,0.03295,16407087
1759802400,2025-10-07 02:00:00,0.03284,0.03329,0.03295,0.03316,21297142
1759806000,2025-10-07 03:00:00,0.03295,0.03333,0.03317,0.03313,13880851
1759809600,2025-10-07 04:00:00,0.0326,0.03395,0.03309,0.03373,71692475
1759813200,2025-10-07 05:00:00,0.03337,0.03405,0.03374,0.03354,59947038
1759816800,2025-10-07 06:00:00,0.03243,0.03361,0.03353,0.03245,64145419
1759820400,2025-10-07 07:00:00,0.03219,0.0327,0.03245,0.03223,20800630
1759824000,2025-10-07 08:00:00,0.03172,0.03233,0.03224,0.03227,52483345
1759827600,2025-10-07 09:00:00,0.0322,0.03252,0.03227,0.03237,9797924
1759831200,2025-10-07 10:00:00,0.03228,0.0331,0.03236,0.03292,41413408
1759834800,2025-10-07 11:00:00,0.03255,0.03312,0.03293,0.03268,21427776
1759838400,2025-10-07 12:00:00,0.03251,0.03294,0.03267,0.03289,20688254
1759842000,2025-10-07 13:00:00,0.03193,0.03301,0.0329,0.0322,41906634
1759845600,2025-10-07 14:00:00,0.03106,0.0323,0.03219,0.03107,112356219
1759849200,2025-10-07 15:00:00,0.03068,0.03124,0.03108,0.03091,75011504
1759852800,2025-10-07 16:00:00,0.03043,0.03137,0.03091,0.03104,64546377
1759856400,2025-10-07 17:00:00,0.03059,0.03116,0.03104,0.03061,26604399
1759860000,2025-10-07 18:00:00,0.03053,0.03082,0.03061,0.03058,24463557
1759863600,2025-10-07 19:00:00,0.03059,0.0309,0.03059,0.03075,25699368
1759867200,2025-10-07 20:00:00,0.03069,0.03119,0.03076,0.0309,26126915
1759870800,2025-10-07 21:00:00,0.03055,0.03099,0.03091,0.03065,18452134
1759874400,2025-10-07 22:00:00,0.03056,0.03087,0.03064,0.03071,13195479
1759878000,2025-10-07 23:00:00,0.03033,0.03072,0.03071,0.0304,25474510
1759881600,2025-10-08 00:00:00,0.03028,0.03079,0.03042,0.03058,18050604
1759885200,2025-10-08 01:00:00,0.03047,0.03077,0.0306,0.0306,11450533
1759888800,2025-10-08 02:00:00,0.0305,0.03073,0.03061,0.03053,10999689
1759892400,2025-10-08 03:00:00,0.0299,0.03052,0.03052,0.03007,26303187
1759896000,2025-10-08 04:00:00,0.0299,0.0304,0.03006,0.03032,29755548
1759899600,2025-10-08 05:00:00,0.03001,0.03033,0.03032,0.03013,14557095
1759903200,2025-10-08 06:00:00,0.02996,0.03024,0.03013,0.03022,11806576
1759906800,2025-10-08 07:00:00,0.03019,0.03056,0.03021,0.03055,6487431
1759910400,2025-10-08 08:00:00,0.03047,0.03153,0.03056,0.03122,32657613
1759914000,2025-10-08 09:00:00,0.03085,0.03127,0.03121,0.03112,17967790
1759917600,2025-10-08 10:00:00,0.031,0.03133,0.03113,0.03128,7884386
1759921200,2025-10-08 11:00:00,0.03099,0.03145,0.03129,0.03099,12139483
1759924800,2025-10-08 12:00:00,0.031,0.03136,0.03101,0.03132,11582618
1759928400,2025-10-08 13:00:00,0.0311,0.03183,0.03133,0.03161,45772235
1759932000,2025-10-08 14:00:00,0.03135,0.03216,0.03161,0.03152,40672737
1759935600,2025-10-08 15:00:00,0.03151,0.03209,0.03153,0.03175,20940808
1759939200,2025-10-08 16:00:00,0.03164,0.03231,0.03175,0.0323,31686996
1759942800,2025-10-08 17:00:00,0.032173,0.033,0.032291,0.032802,78233445
1759946400,2025-10-08 18:00:00,0.03233,0.032874,0.0328,0.03271,48110538
1759950000,2025-10-08 19:00:00,0.032422,0.03301,0.032705,0.03297,43009532
1759953600,2025-10-08 20:00:00,0.03263,0.033108,0.03298,0.03266,40031741
1759957200,2025-10-08 21:00:00,0.03258,0.03301,0.032653,0.03292,27307513
1759960800,2025-10-08 22:00:00,0.032905,0.03323,0.03292,0.03292,53555586
1759964400,2025-10-08 23:00:00,0.03247,0.032915,0.032915,0.032558,39059129
1759968000,2025-10-09 00:00:00,0.032404,0.032772,0.03256,0.032443,37325328
1759971600,2025-10-09 01:00:00,0.031896,0.032471,0.032444,0.032111,37073759
1759975200,2025-10-09 02:00:00,0.031092,0.03214,0.032127,0.03117,59859957
1759978800,2025-10-09 03:00:00,0.031177,0.031635,0.03118,0.031588,38365326
1759982400,2025-10-09 04:00:00,0.031476,0.03188,0.031581,0.031734,31223414
1759986000,2025-10-09 05:00:00,0.031417,0.03178,0.03174,0.031508,16940055
1759989600,2025-10-09 06:00:00,0.03124,0.031607,0.0315,0.03124,17296953
1759993200,2025-10-09 07:00:00,0.03085,0.031367,0.031237,0.030894,29261233
1759996800,2025-10-09 08:00:00,0.030232,0.031005,0.030892,0.030308,52144414
1760000400,2025-10-09 09:00:00,0.030312,0.03087,0.030312,0.030807,28075321
1760004000,2025-10-09 10:00:00,0.03059,0.031144,0.030802,0.030851,41684907
1760007600,2025-10-09 11:00:00,0.030716,0.031114,0.030852,0.030818,30501894
1760011200,2025-10-09 12:00:00,0.030798,0.031251,0.030828,0.031113,46285566
1760014800,2025-10-09 13:00:00,0.030348,0.031168,0.031117,0.030389,31841270
1760018400,2025-10-09 14:00:00,0.029867,0.030627,0.030392,0.030214,96622548
1760022000,2025-10-09 15:00:00,0.029911,0.030461,0.03022,0.030076,41834955
1760025600,2025-10-09 16:00:00,0.029587,0.030287,0.030076,0.029663,41418815
1760029200,2025-10-09 17:00:00,0.02963,0.03037,0.02965,0.030333,40457084
1760032800,2025-10-09 18:00:00,0.030005,0.03041,0.030337,0.03001,26725272
1760036400,2025-10-09 19:00:00,0.03,0.03031,0.030005,0.030129,24105688
1760040000,2025-10-09 20:00:00,0.030003,0.03028,0.03013,0.030133,19094404
1760043600,2025-10-09 21:00:00,0.030102,0.030353,0.030138,0.030332,13032727
1760047200,2025-10-09 22:00:00,0.030297,0.030553,0.030328,0.030442,23842122
1760050800,2025-10-09 23:00:00,0.030125,0.03046,0.030444,0.03015,20033517
1760054400,2025-10-10 00:00:00,0.030138,0.030467,0.030152,0.030242,38437907
1760058000,2025-10-10 01:00:00,0.030164,0.030446,0.030251,0.030279,13025559
1760061600,2025-10-10 02:00:00,0.030003,0.030342,0.030285,0.030084,17073047
1760065200,2025-10-10 03:00:00,0.029929,0.030946,0.030082,0.030515,59509921
1760068800,2025-10-10 04:00:00,0.030428,0.03078,0.030512,0.03049,35153599
1760072400,2025-10-10 05:00:00,0.030165,0.030733,0.030489,0.030696,23869994
1760076000,2025-10-10 06:00:00,0.030216,0.030817,0.0307,0.030362,29253308
1760079600,2025-10-10 07:00:00,0.03009,0.030375,0.030363,0.030116,31613648
1760083200,2025-10-10 08:00:00,0.030087,0.030536,0.03012,0.030495,22938040
1760086800,2025-10-10 09:00:00,0.030377,0.030808,0.030492,0.03059,30219782
1760090400,2025-10-10 10:00:00,0.03053,0.031265,0.030586,0.03118,32862248
1760094000,2025-10-10 11:00:00,0.030977,0.031501,0.031191,0.031298,29601898
1760097600,2025-10-10 12:00:00,0.031256,0.031671,0.031295,0.03146,45072081
1760101200,2025-10-10 13:00:00,0.03127,0.031649,0.031454,0.031449,57281923
1760104800,2025-10-10 14:00:00,0.030552,0.03171,0.031449,0.030597,120569034
1760108400,2025-10-10 15:00:00,0.0286,0.030596,0.030582,0.028976,209255787
1760112000,2025-10-10 16:00:00,0.028506,0.029101,0.02897,0.028526,136069021
1760115600,2025-10-10 17:00:00,0.02816,0.028791,0.028522,0.02843,88338676
1760119200,2025-10-10 18:00:00,0.028308,0.028759,0.028431,0.028309,64155627
1760122800,2025-10-10 19:00:00,0.0275,0.02843,0.02832,0.02793,144139679
1760126400,2025-10-10 20:00:00,0.02505,0.028215,0.027931,0.025397,133945751
1760130000,2025-10-10 21:00:00,0.017,0.028,0.025467,0.025467,291419114
1760133600,2025-10-10 22:00:00,0.021037,0.027,0.025239,0.023804,268064236
1760137200,2025-10-10 23:00:00,0.02278,0.025999,0.023804,0.023799,148254533
1760140800,2025-10-11 00:00:00,0.023331,0.025069,0.02377,0.024722,109073214
1760144400,2025-10-11 01:00:00,0.022789,0.024801,0.024722,0.023058,83953504
1760148000,2025-10-11 02:00:00,0.023039,0.02475,0.02304,0.024602,98795439
1760151600,2025-10-11 03:00:00,0.023407,0.024639,0.0246,0.023731,57895595
1760155200,2025-10-11 04:00:00,0.02339,0.02399,0.023721,0.02396,48513953
1760158800,2025-10-11 05:00:00,0.023267,0.02396,0.02396,0.0234,38637036
1760162400,2025-10-11 06:00:00,0.023171,0.024016,0.023406,0.023505,69176862
1760166000,2025-10-11 07:00:00,0.023207,0.023854,0.0235,0.023504,49136284
1760169600,2025-10-11 08:00:00,0.023359,0.024668,0.023511,0.024577,91277742
1760173200,2025-10-11 09:00:00,0.023941,0.024913,0.024573,0.023995,68328121
1760176800,2025-10-11 10:00:00,0.023798,0.024429,0.02398,0.024086,39121240
1760180400,2025-10-11 11:00:00,0.023709,0.024118,0.024082,0.02396,34978265
1760184000,2025-10-11 12:00:00,0.023161,0.02396,0.023946,0.023492,90323553
1760187600,2025-10-11 13:00:00,0.02279,0.023503,0.023495,0.02323,66210303
1760191200,2025-10-11 14:00:00,0.022833,0.023276,0.023236,0.023184,54984331
1760194800,2025-10-11 15:00:00,0.023031,0.023633,0.023184,0.023255,52795958
1760198400,2025-10-11 16:00:00,0.02274,0.023459,0.023257,0.0228,53083375
1760202000,2025-10-11 17:00:00,0.022621,0.023055,0.022878,0.0228,40601818
1760205600,2025-10-11 18:00:00,0.022618,0.022899,0.022819,0.02268,28196080
1760209200,2025-10-11 19:00:00,0.021481,0.022702,0.022686,0.021692,137317877
1760212800,2025-10-11 20:00:00,0.021088,0.0218,0.021689,0.021292,99013773
1760216400,2025-10-11 21:00:00,0.020797,0.021766,0.021303,0.021604,78564382
1760220000,2025-10-11 22:00:00,0.021588,0.021943,0.021603,0.021699,47626709
1760223600,2025-10-11 23:00:00,0.021568,0.021803,0.021697,0.021747,28762246
1760227200,2025-10-12 00:00:00,0.021262,0.02187,0.021748,0.021345,48789681
1760230800,2025-10-12 01:00:00,0.021216,0.021804,0.021337,0.021284,54390271
1760234400,2025-10-12 02:00:00,0.021176,0.021646,0.021286,0.021467,67475015
1760238000,2025-10-12 03:00:00,0.021404,0.022437,0.021456,0.022122,92015542
1760241600,2025-10-12 04:00:00,0.021995,0.022611,0.022127,0.022394,73205317
1760245200,2025-10-12 05:00:00,0.022156,0.022423,0.022396,0.022157,36497827
1760248800,2025-10-12 06:00:00,0.022145,0.022577,0.022163,0.022384,22416222
1760252400,2025-10-12 07:00:00,0.022162,0.022495,0.022404,0.022173,29115399
1760256000,2025-10-12 08:00:00,0.021927,0.022321,0.02216,0.021955,24715023
1760259600,2025-10-12 09:00:00,0.021664,0.022069,0.02194,0.022021,34458180
1760263200,2025-10-12 10:00:00,0.021779,0.022155,0.02203,0.021836,24868888
1760266800,2025-10-12 11:00:00,0.021837,0.022164,0.02184,0.022104,30389197
1760270400,2025-10-12 12:00:00,0.02208,0.02493,0.022096,0.022699,148343414
1760274000,2025-10-12 13:00:00,0.02202,0.023018,0.022699,0.022171,89156231
1760277600,2025-10-12 14:00:00,0.02205,0.023748,0.022172,0.023345,91106428
1760281200,2025-10-12 15:00:00,0.023268,0.02548,0.023345,0.025015,226959913
1760284800,2025-10-12 16:00:00,0.024966,0.026582,0.025025,0.026009,164452846
1760288400,2025-10-12 17:00:00,0.02584,0.02637,0.025995,0.026143,116347369
1760292000,2025-10-12 18:00:00,0.0258,0.026343,0.026132,0.026109,76006750
1760295600,2025-10-12 19:00:00,0.026068,0.026427,0.026125,0.026225,39566527
1760299200,2025-10-12 20:00:00,0.025953,0.026665,0.02625,0.026283,68801087
1760302800,2025-10-12 21:00:00,0.025427,0.02639,0.026271,0.0259,80021178
1760306400,2025-10-12 22:00:00,0.025681,0.026182,0.02591,0.025724,89940175
1760310000,2025-10-12 23:00:00,0.02546,0.025971,0.025711,0.025717,57459228
1760313600,2025-10-13 00:00:00,0.025074,0.026062,0.02572,0.025284,89594470
1760317200,2025-10-13 01:00:00,0.025073,0.02565,0.025282,0.025582,60674544
1760320800,2025-10-13 02:00:00,0.025258,0.025738,0.025583,0.025647,44511276
1760324400,2025-10-13 03:00:00,0.02528,0.025727,0.025646,0.025369,45510522
1760328000,2025-10-13 04:00:00,0.025086,0.02549,0.025373,0.025287,37377320
1760331600,2025-10-13 05:00:00,0.025062,0.025744,0.025283,0.025255,89570595
1760335200,2025-10-13 06:00:00,0.025115,0.025856,0.025241,0.025549,63337702
1760338800,2025-10-13 07:00:00,0.025424,0.025968,0.025552,0.025594,41552292
1760342400,2025-10-13 08:00:00,0.025471,0.025886,0.025594,0.025788,50354941
1760346000,2025-10-13 09:00:00,0.025533,0.025899,0.02578,0.025832,42146078
1760349600,2025-10-13 10:00:00,0.025413,0.025848,0.025828,0.025548,36109281
1760353200,2025-10-13 11:00:00,0.024466,0.025548,0.025542,0.024935,92531252
1760356800,2025-10-13 12:00:00,0.024679,0.025499,0.024933,0.025168,69950410
1760360400,2025-10-13 13:00:00,0.025084,0.026186,0.025166,0.025728,113300879
1760364000,2025-10-13 14:00:00,0.024885,0.025843,0.02572,0.025148,105288686
1760367600,2025-10-13 15:00:00,0.025123,0.02582,0.025148,0.025676,76449541
1760371200,2025-10-13 16:00:00,0.025404,0.026,0.025682,0.025938,75722433
1760374800,2025-10-13 17:00:00,0.025837,0.027,0.025922,0.026568,141821463
1760378400,2025-10-13 18:00:00,0.026072,0.026781,0.026554,0.026377,107150537
1760382000,2025-10-13 19:00:00,0.026348,0.026956,0.026376,0.026777,68754184
1760385600,2025-10-13 20:00:00,0.026426,0.02682,0.026779,0.02674,40823820
1760389200,2025-10-13 21:00:00,0.026384,0.026867,0.026739,0.026408,36864880
1760392800,2025-10-13 22:00:00,0.0263,0.026656,0.026405,0.026596,22180160
1760396400,2025-10-13 23:00:00,0.02635,0.026716,0.026585,0.0264,23000022
1760400000,2025-10-14 00:00:00,0.026165,0.026636,0.026408,0.026378,21340741
1760403600,2025-10-14 01:00:00,0.025983,0.026423,0.026366,0.026041,18040823
1760407200,2025-10-14 02:00:00,0.025444,0.026049,0.026048,0.025512,42685789
1760410800,2025-10-14 03:00:00,0.025134,0.025536,0.025516,0.025384,29545048
1760414400,2025-10-14 04:00:00,0.024897,0.025522,0.025375,0.025025,34234798
1760418000,2025-10-14 05:00:00,0.024522,0.025239,0.025024,0.024581,61880544
1760421600,2025-10-14 06:00:00,0.023538,0.024742,0.024566,0.024055,79861813
1760425200,2025-10-14 07:00:00,0.023754,0.024243,0.024052,0.02384,51791297
1760428800,2025-10-14 08:00:00,0.023696,0.02433,0.02383,0.024048,32690462
1760432400,2025-10-14 09:00:00,0.024045,0.024355,0.024045,0.02423,25945191
1760436000,2025-10-14 10:00:00,0.023459,0.02422,0.024216,0.023945,42524922
1760439600,2025-10-14 11:00:00,0.023898,0.024435,0.023948,0.02413,83596954
1760443200,2025-10-14 12:00:00,0.023644,0.024138,0.024138,0.023687,34057768
1760446800,2025-10-14 13:00:00,0.023399,0.02417,0.023686,0.02394,52715349
1760450400,2025-10-14 14:00:00,0.023791,0.024438,0.023921,0.024009,48554112
1760454000,2025-10-14 15:00:00,0.023899,0.024836,0.024023,0.024813,40399858
1760457600,2025-10-14 16:00:00,0.024492,0.025263,0.024815,0.02464,76349989
1760461200,2025-10-14 17:00:00,0.024262,0.025086,0.024632,0.024894,42730236
1760464800,2025-10-14 18:00:00,0.024811,0.025315,0.024898,0.024917,24371082
1760468400,2025-10-14 19:00:00,0.024235,0.025141,0.024916,0.024661,38181682
1760472000,2025-10-14 20:00:00,0.024408,0.024739,0.024663,0.024604,42398672
1760475600,2025-10-14 21:00:00,0.024374,0.024786,0.024603,0.024784,13523205
1760479200,2025-10-14 22:00:00,0.024496,0.024965,0.024786,0.024632,31890547
1760482800,2025-10-14 23:00:00,0.024552,0.024814,0.024632,0.024561,42341287
1760486400,2025-10-15 00:00:00,0.024351,0.024659,0.024556,0.024622,21895901
1760490000,2025-10-15 01:00:00,0.02433,0.024666,0.024624,0.024626,17316442
1760493600,2025-10-15 02:00:00,0.024587,0.02501,0.024629,0.024661,14954951
1760497200,2025-10-15 03:00:00,0.024112,0.024718,0.024652,0.024327,22596216
1760500800,2025-10-15 04:00:00,0.024171,0.024547,0.024328,0.024481,13361962
1760504400,2025-10-15 05:00:00,0.024279,0.024581,0.024484,0.024403,14089710
1760508000,2025-10-15 06:00:00,0.024171,0.024622,0.024403,0.024515,17727336
1760511600,2025-10-15 07:00:00,0.024416,0.024694,0.024528,0.024675,10886539
1760515200,2025-10-15 08:00:00,0.024621,0.025347,0.02467,0.024887,42574569
1760518800,2025-10-15 09:00:00,0.024523,0.024922,0.024887,0.024564,16388796
1760522400,2025-10-15 10:00:00,0.024378,0.02469,0.02456,0.024493,10822341
1760526000,2025-10-15 11:00:00,0.024234,0.02458,0.024509,0.0244,7097844
1760529600,2025-10-15 12:00:00,0.024124,0.024463,0.024406,0.024316,23070630
1760533200,2025-10-15 13:00:00,0.023626,0.024392,0.024304,0.024162,40091737
1760536800,2025-10-15 14:00:00,0.023755,0.024463,0.024164,0.023979,49302845
1760540400,2025-10-15 15:00:00,0.023511,0.02409,0.023964,0.023716,46846191
1760544000,2025-10-15 16:00:00,0.023538,0.023813,0.02371,0.023669,36925273
1760547600,2025-10-15 17:00:00,0.023344,0.023706,0.023664,0.023706,47861882
1760551200,2025-10-15 18:00:00,0.023514,0.023823,0.023703,0.023785,24268855
1760554800,2025-10-15 19:00:00,0.023382,0.023778,0.023778,0.023491,13948997
1760558400,2025-10-15 20:00:00,0.022935,0.023634,0.023492,0.023212,51561530
1760562000,2025-10-15 21:00:00,0.022935,0.023428,0.023208,0.023082,30784261
1760565600,2025-10-15 22:00:00,0.02302,0.023325,0.02308,0.023101,17669788
1760569200,2025-10-15 23:00:00,0.0231,0.023341,0.023104,0.023217,16266805
1760572800,2025-10-16 00:00:00,0.023076,0.023291,0.02322,0.023165,18539270
1760576400,2025-10-16 01:00:00,0.023154,0.023496,0.02316,0.02345,15163654
1760580000,2025-10-16 02:00:00,0.023392,0.02364,0.023456,0.023616,24365869
1760583600,2025-10-16 03:00:00,0.023456,0.023658,0.023622,0.023476,8977612
1760587200,2025-10-16 04:00:00,0.02328,0.023634,0.023475,0.023339,9029142
1760590800,2025-10-16 05:00:00,0.023205,0.023529,0.023341,0.023362,12021588
1760594400,2025-10-16 06:00:00,0.023336,0.023708,0.023353,0.02367,18935578
1760598000,2025-10-16 07:00:00,0.023305,0.023686,0.023676,0.023357,11293128
1760601600,2025-10-16 08:00:00,0.023154,0.023399,0.02336,0.023233,8580002
1760605200,2025-10-16 09:00:00,0.022353,0.02358,0.023225,0.023498,41062046
1760608800,2025-10-16 10:00:00,0.023412,0.023755,0.023504,0.023551,23045293
1760612400,2025-10-16 11:00:00,0.023417,0.023688,0.023542,0.023677,18268738
1760616000,2025-10-16 12:00:00,0.023627,0.023864,0.023682,0.023631,30956355
1760619600,2025-10-16 13:00:00,0.023203,0.023679,0.023624,0.0233,21134213
1760623200,2025-10-16 14:00:00,0.022899,0.023671,0.023296,0.023228,42238191
1760626800,2025-10-16 15:00:00,0.02247,0.023366,0.023236,0.022567,35140523
1760630400,2025-10-16 16:00:00,0.022181,0.022983,0.022556,0.022983,110731779
1760634000,2025-10-16 17:00:00,0.022514,0.022967,0.022967,0.022553,30744361
1760637600,2025-10-16 18:00:00,0.02226,0.022598,0.022561,0.022442,26014792
1760641200,2025-10-16 19:00:00,0.021753,0.022492,0.022457,0.022004,47195950
1760644800,2025-10-16 20:00:00,0.021576,0.022101,0.022005,0.021772,41409473
1760648400,2025-10-16 21:00:00,0.021719,0.022137,0.02178,0.022137,20629190
1760652000,2025-10-16 22:00:00,0.021797,0.022144,0.02214,0.021818,17450129
1760655600,2025-10-16 23:00:00,0.021768,0.022104,0.021809,0.022082,13810122
1760659200,2025-10-17 00:00:00,0.022015,0.02222,0.022076,0.022153,13834950
1760662800,2025-10-17 01:00:00,0.022031,0.022372,0.022149,0.022181,19656637
1760666400,2025-10-17 02:00:00,0.021974,0.022296,0.022178,0.022228,14793154
1760670000,2025-10-17 03:00:00,0.022184,0.022324,0.022232,0.022264,11084230
1760673600,2025-10-17 04:00:00,0.022025,0.022268,0.022268,0.022089,23924761
1760677200,2025-10-17 05:00:00,0.021964,0.022198,0.022094,0.021989,17683016
1760680800,2025-10-17 06:00:00,0.021058,0.022032,0.021987,0.021162,62351949
1760684400,2025-10-17 07:00:00,0.020336,0.021222,0.021166,0.0204,148435407
1760688000,2025-10-17 08:00:00,0.019866,0.02051,0.020408,0.020035,84864833
1760691600,2025-10-17 09:00:00,0.019956,0.020911,0.020039,0.020311,64718410
1760695200,2025-10-17 10:00:00,0.019966,0.020513,0.020322,0.020416,65545303
1760698800,2025-10-17 11:00:00,0.020393,0.021278,0.020428,0.021105,75359372
1760702400,2025-10-17 12:00:00,0.020817,0.021319,0.021106,0.020829,44380254
1760706000,2025-10-17 13:00:00,0.0206,0.021147,0.020833,0.020984,59289498
1760709600,2025-10-17 14:00:00,0.02039,0.021029,0.020981,0.020653,80413883
1760713200,2025-10-17 15:00:00,0.0206,0.021192,0.020652,0.021159,54227999
1760716800,2025-10-17 16:00:00,0.02082,0.021552,0.021156,0.020882,52367394
1760720400,2025-10-17 17:00:00,0.020763,0.021012,0.020883,0.020952,31479737
1760724000,2025-10-17 18:00:00,0.020905,0.02121,0.02096,0.020991,46826349
1760727600,2025-10-17 19:00:00,0.020788,0.021092,0.020996,0.020972,24039794
1760731200,2025-10-17 20:00:00,0.020896,0.021237,0.020975,0.021117,21465020
1760734800,2025-10-17 21:00:00,0.021122,0.021458,0.021128,0.021449,26202002
1760738400,2025-10-17 22:00:00,0.02124,0.021516,0.02146,0.02138,10039025
1760742000,2025-10-17 23:00:00,0.021158,0.021389,0.021368,0.021191,10409000
1760745600,2025-10-18 00:00:00,0.021083,0.021337,0.021197,0.021283,10851730
1760749200,2025-10-18 01:00:00,0.021284,0.021586,0.021284,0.021513,13693015
1760752800,2025-10-18 02:00:00,0.021349,0.021592,0.021512,0.021397,12569686
1760756400,2025-10-18 03:00:00,0.021357,0.021583,0.021404,0.02147,8395103
1760760000,2025-10-18 04:00:00,0.021127,0.02147,0.02147,0.021173,8606541
1760763600,2025-10-18 05:00:00,0.02116,0.0214,0.021164,0.021391,8397596
1760767200,2025-10-18 06:00:00,0.021186,0.021512,0.021386,0.02137,6572684
1760770800,2025-10-18 07:00:00,0.021265,0.02174,0.021376,0.021313,21287154
1760774400,2025-10-18 08:00:00,0.021295,0.021529,0.021312,0.021392,9228870
1760778000,2025-10-18 09:00:00,0.021337,0.021619,0.021393,0.021516,12105888
1760781600,2025-10-18 10:00:00,0.021415,0.02163,0.021513,0.021509,9904407
1760785200,2025-10-18 11:00:00,0.021447,0.021597,0.021504,0.021595,7272323
1760788800,2025-10-18 12:00:00,0.021477,0.021631,0.021593,0.021535,9294669
1760792400,2025-10-18 13:00:00,0.021213,0.021528,0.021528,0.021295,12178105
1760796000,2025-10-18 14:00:00,0.021158,0.021477,0.021297,0.021424,11260360
1760799600,2025-10-18 15:00:00,0.021237,0.021498,0.021429,0.021393,6928175
1760803200,2025-10-18 16:00:00,0.020978,0.021447,0.02138,0.021124,38950653
1760806800,2025-10-18 17:00:00,0.02103,0.021448,0.021134,0.021426,14617756
1760810400,2025-10-18 18:00:00,0.021285,0.02148,0.021433,0.021308,9564333
1760814000,2025-10-18 19:00:00,0.021258,0.021409,0.021308,0.021381,6341665
1760817600,2025-10-18 20:00:00,0.021337,0.021552,0.021384,0.021402,16472238
1760821200,2025-10-18 21:00:00,0.021314,0.021511,0.021406,0.021502,5704961
1760824800,2025-10-18 22:00:00,0.021393,0.021544,0.021488,0.021434,6756082
1760828400,2025-10-18 23:00:00,0.021375,0.021483,0.02142,0.021478,7120925
1760832000,2025-10-19 00:00:00,0.021268,0.021509,0.021477,0.021375,11263479
1760835600,2025-10-19 01:00:00,0.021201,0.021399,0.02138,0.021384,13424676
1760839200,2025-10-19 02:00:00,0.02123,0.021411,0.021388,0.021312,16251222
1760842800,2025-10-19 03:00:00,0.021277,0.021587,0.021305,0.021572,22523244
1760846400,2025-10-19 04:00:00,0.021428,0.021589,0.021576,0.021468,16117052
1760850000,2025-10-19 05:00:00,0.021347,0.021624,0.021471,0.021387,9794859
1760853600,2025-10-19 06:00:00,0.021135,0.021412,0.021385,0.021219,14103164
1760857200,2025-10-19 07:00:00,0.021208,0.021355,0.021227,0.021308,6670545
1760860800,2025-10-19 08:00:00,0.021108,0.02166,0.021312,0.021152,30078336
1760864400,2025-10-19 09:00:00,0.020984,0.02175,0.021148,0.021531,39736851
1760868000,2025-10-19 10:00:00,0.021458,0.022169,0.021536,0.02206,36875736
1760871600,2025-10-19 11:00:00,0.022064,0.022615,0.022064,0.022244,55961779
1760875200,2025-10-19 12:00:00,0.021948,0.022293,0.022244,0.022053,24243196
1760878800,2025-10-19 13:00:00,0.021954,0.022823,0.022053,0.022708,36146836
1760882400,2025-10-19 14:00:00,0.022416,0.022777,0.022716,0.022633,51683241
1760886000,2025-10-19 15:00:00,0.02235,0.022724,0.022629,0.022416,45869859
1760889600,2025-10-19 16:00:00,0.022232,0.022577,0.02242,0.022454,27821135
1760893200,2025-10-19 17:00:00,0.022376,0.02276,0.022456,0.022437,46919808
1760896800,2025-10-19 18:00:00,0.022357,0.022736,0.022422,0.022585,38337260
1760900400,2025-10-19 19:00:00,0.022407,0.022601,0.022584,0.022526,23619245
1760904000,2025-10-19 20:00:00,0.022413,0.022662,0.022525,0.022565,22134138
1760907600,2025-10-19 21:00:00,0.022348,0.022612,0.022567,0.022462,13134789
1760911200,2025-10-19 22:00:00,0.022457,0.022662,0.022464,0.022584,12737469
1760914800,2025-10-19 23:00:00,0.022172,0.022583,0.022583,0.022242,35622171
1760918400,2025-10-20 00:00:00,0.021667,0.022249,0.022244,0.021979,49308627
1760922000,2025-10-20 01:00:00,0.02186,0.022094,0.02198,0.02191,24167792
1760925600,2025-10-20 02:00:00,0.02172,0.022098,0.021899,0.022034,20892140
1760929200,2025-10-20 03:00:00,0.021961,0.022862,0.022036,0.022805,24359197
1760932800,2025-10-20 04:00:00,0.022609,0.02287,0.022808,0.02276,20649281
1760936400,2025-10-20 05:00:00,0.022624,0.022944,0.022756,0.022856,16055862
1760940000,2025-10-20 06:00:00,0.022832,0.023229,0.022856,0.023073,18741060
1760943600,2025-10-20 07:00:00,0.022763,0.023068,0.023068,0.022825,6931556
1760947200,2025-10-20 08:00:00,0.022703,0.022996,0.022812,0.02276,2790301
1760950800,2025-10-20 09:00:00,0.022602,0.022784,0.02275,0.022684,4353146
1760954400,2025-10-20 10:00:00,0.022573,0.022954,0.022685,0.022669,20384759
1760958000,2025-10-20 11:00:00,0.022512,0.022682,0.022669,0.022644,38137779
1760961600,2025-10-20 12:00:00,0.022541,0.022845,0.022639,0.022744,33256406
1760965200,2025-10-20 13:00:00,0.022653,0.02299,0.022748,0.022971,25735262
1760968800,2025-10-20 14:00:00,0.022653,0.022967,0.022967,0.022874,14544477
1760972400,2025-10-20 15:00:00,0.022612,0.023059,0.022876,0.022612,27260066
1760976000,2025-10-20 16:00:00,0.022104,0.022628,0.022614,0.0224,29023930
1760979600,2025-10-20 17:00:00,0.022125,0.022542,0.022392,0.022276,14849168
1760983200,2025-10-20 18:00:00,0.022164,0.022415,0.022284,0.022409,12465616
1760986800,2025-10-20 19:00:00,0.022327,0.022762,0.022405,0.022612,21934372
1760990400,2025-10-20 20:00:00,0.022457,0.022669,0.022608,0.02258,11569116
1760994000,2025-10-20 21:00:00,0.02233,0.022735,0.022579,0.02244,8925859
1760997600,2025-10-20 22:00:00,0.022348,0.022609,0.022438,0.022512,10851052
1761001200,2025-10-20 23:00:00,0.022396,0.022512,0.02251,0.022399,10306664
1761004800,2025-10-21 00:00:00,0.022329,0.022489,0.0224,0.022374,13527047
1761008400,2025-10-21 01:00:00,0.02202,0.022396,0.022376,0.022109,20543644
1761012000,2025-10-21 02:00:00,0.021872,0.022116,0.022114,0.022019,22997617
1761015600,2025-10-21 03:00:00,0.021847,0.022057,0.022015,0.021882,11229248
1761019200,2025-10-21 04:00:00,0.021312,0.021908,0.021876,0.021359,43723890
1761022800,2025-10-21 05:00:00,0.021282,0.021606,0.021368,0.021501,23183809
1761026400,2025-10-21 06:00:00,0.021444,0.021652,0.021505,0.021553,17691301
1761030000,2025-10-21 07:00:00,0.021434,0.021723,0.021546,0.021684,10158798
1761033600,2025-10-21 08:00:00,0.021327,0.021676,0.021676,0.021479,13736814
1761037200,2025-10-21 09:00:00,0.021412,0.021509,0.021489,0.021437,9433542
1761040800,2025-10-21 10:00:00,0.021378,0.021699,0.02144,0.021566,23357580
1761044400,2025-10-21 11:00:00,0.021474,0.021625,0.021564,0.021554,9481298
1761048000,2025-10-21 12:00:00,0.021509,0.021864,0.021553,0.021606,22413238
1761051600,2025-10-21 13:00:00,0.02144,0.021724,0.021608,0.021531,26448117
1761055200,2025-10-21 14:00:00,0.021524,0.022878,0.021532,0.022832,69000619
1761058800,2025-10-21 15:00:00,0.022648,0.023478,0.022844,0.023329,71300321
1761062400,2025-10-21 16:00:00,0.022845,0.023514,0.023328,0.02292,63092280
1761066000,2025-10-21 17:00:00,0.022691,0.023194,0.02292,0.023,59629314
1761069600,2025-10-21 18:00:00,0.022799,0.023082,0.022999,0.023006,19025581
1761073200,2025-10-21 19:00:00,0.022778,0.023036,0.023004,0.02278,14712780
1761076800,2025-10-21 20:00:00,0.022326,0.022815,0.022783,0.022387,28053798
1761080400,2025-10-21 21:00:00,0.02203,0.022512,0.022384,0.022417,30350024
1761084000,2025-10-21 22:00:00,0.021568,0.022419,0.022416,0.021653,41305843
1761087600,2025-10-21 23:00:00,0.021248,0.021726,0.021644,0.021257,27938471
1761091200,2025-10-22 00:00:00,0.021023,0.021476,0.021266,0.021065,27826228
1761094800,2025-10-22 01:00:00,0.021037,0.021308,0.021067,0.021232,34235634
1761098400,2025-10-22 02:00:00,0.02122,0.021361,0.021234,0.021261,11268029
1761102000,2025-10-22 03:00:00,0.021062,0.021261,0.021261,0.021171,15006153
1761105600,2025-10-22 04:00:00,0.021168,0.021412,0.021173,0.021379,9588097
1761109200,2025-10-22 05:00:00,0.02088,0.021396,0.021372,0.021048,31776975
1761112800,2025-10-22 06:00:00,0.020968,0.021147,0.021041,0.020978,15142644
1761116400,2025-10-22 07:00:00,0.020882,0.021159,0.020977,0.021135,16057963
1761120000,2025-10-22 08:00:00,0.020961,0.021129,0.021124,0.021042,8317400
1761123600,2025-10-22 09:00:00,0.020707,0.021057,0.021044,0.020831,14828326
1761127200,2025-10-22 10:00:00,0.020754,0.020939,0.020822,0.020754,12887505
1761130800,2025-10-22 11:00:00,0.020528,0.021144,0.020757,0.02097,28319076
1761134400,2025-10-22 12:00:00,0.02089,0.021216,0.020962,0.021084,20671449
1761138000,2025-10-22 13:00:00,0.020865,0.021237,0.02109,0.021195,25622855
1761141600,2025-10-22 14:00:00,0.020687,0.021204,0.021184,0.0212,43346282
1761145200,2025-10-22 15:00:00,0.02076,0.021291,0.021188,0.020989,37674205
1761148800,2025-10-22 16:00:00,0.020715,0.021076,0.020987,0.020816,32680228
1761152400,2025-10-22 17:00:00,0.020567,0.020892,0.020812,0.020633,25519397
1761156000,2025-10-22 18:00:00,0.020473,0.020734,0.020633,0.020612,26389357
1761159600,2025-10-22 19:00:00,0.02039,0.020859,0.020614,0.020596,23151715
1761163200,2025-10-22 20:00:00,0.02,0.020672,0.020586,0.020047,56295854
1761166800,2025-10-22 21:00:00,0.019349,0.020081,0.020048,0.019674,92580532
1761170400,2025-10-22 22:00:00,0.019594,0.019882,0.019671,0.019614,31036018
1761174000,2025-10-22 23:00:00,0.019604,0.020051,0.019615,0.019941,24184835
1761177600,2025-10-23 00:00:00,0.01966,0.019948,0.019948,0.01975,15926160
1761181200,2025-10-23 01:00:00,0.019729,0.019956,0.019746,0.019832,26269101
1761184800,2025-10-23 02:00:00,0.019822,0.020031,0.019834,0.019951,19041331
1761188400,2025-10-23 03:00:00,0.019848,0.020037,0.019946,0.019885,16609895
1761192000,2025-10-23 04:00:00,0.01978,0.020024,0.019886,0.01987,15564243
1761195600,2025-10-23 05:00:00,0.019851,0.019977,0.019873,0.019945,11141646
1761199200,2025-10-23 06:00:00,0.019901,0.020644,0.019945,0.020585,62069726
1761202800,2025-10-23 07:00:00,0.02033,0.020598,0.020585,0.020491,23768996
1761206400,2025-10-23 08:00:00,0.020467,0.020705,0.020493,0.020622,28411394
1761210000,2025-10-23 09:00:00,0.020499,0.020651,0.020623,0.020616,15043967
1761213600,2025-10-23 10:00:00,0.020569,0.020737,0.020616,0.020575,10113266
1761217200,2025-10-23 11:00:00,0.020263,0.020583,0.020574,0.020263,14839514
1761220800,2025-10-23 12:00:00,0.019995,0.020264,0.020264,0.020252,53907222
1761224400,2025-10-23 13:00:00,0.020137,0.020487,0.020247,0.02037,40614624
1761228000,2025-10-23 14:00:00,0.020016,0.020396,0.02037,0.020234,26606435
1761231600,2025-10-23 15:00:00,0.020169,0.020556,0.020256,0.020355,50530807
1761235200,2025-10-23 16:00:00,0.020233,0.020733,0.020357,0.020678,37394181
1761238800,2025-10-23 17:00:00,0.020324,0.021008,0.020682,0.020891,63916700
1761242400,2025-10-23 18:00:00,0.020439,0.020887,0.020887,0.020517,33495867
1761246000,2025-10-23 19:00:00,0.020307,0.020553,0.020509,0.020524,23695360
1761249600,2025-10-23 20:00:00,0.020056,0.02052,0.02052,0.020134,26960460
1761253200,2025-10-23 21:00:00,0.020076,0.020219,0.020135,0.020107,14332780
1761256800,2025-10-23 22:00:00,0.0201,0.020321,0.020106,0.020232,10963516
1761260400,2025-10-23 23:00:00,0.020196,0.02048,0.020238,0.020477,8650934
1761264000,2025-10-24 00:00:00,0.020341,0.02058,0.02048,0.020483,27276530
1761267600,2025-10-24 01:00:00,0.020424,0.020647,0.020486,0.020618,17562554
1761271200,2025-10-24 02:00:00,0.020434,0.020619,0.020619,0.020477,11629694
1761274800,2025-10-24 03:00:00,0.02035,0.020477,0.020477,0.020417,6986314
1761278400,2025-10-24 04:00:00,0.020345,0.021028,0.020415,0.020934,32385640
1761282000,2025-10-24 05:00:00,0.020831,0.021061,0.020942,0.020995,22668430
1761285600,2025-10-24 06:00:00,0.020919,0.021086,0.020989,0.021043,17111637
1761289200,2025-10-24 07:00:00,0.020718,0.021051,0.021042,0.020842,19610132
1761292800,2025-10-24 08:00:00,0.020741,0.021084,0.02085,0.021029,20393929
1761296400,2025-10-24 09:00:00,0.020859,0.021026,0.021024,0.020896,8903551
1761300000,2025-10-24 10:00:00,0.020666,0.020894,0.020894,0.020678,12722356
1761303600,2025-10-24 11:00:00,0.02054,0.020877,0.020676,0.020877,18170630
1761307200,2025-10-24 12:00:00,0.020802,0.021474,0.02088,0.021159,68310421
1761310800,2025-10-24 13:00:00,0.020693,0.021168,0.021156,0.02091,32407743
1761314400,2025-10-24 14:00:00,0.020173,0.020909,0.020909,0.020555,97368995
1761318000,2025-10-24 15:00:00,0.020441,0.020843,0.020557,0.020505,74826761
1761321600,2025-10-24 16:00:00,0.020253,0.020524,0.020514,0.020391,13598796
1761325200,2025-10-24 17:00:00,0.020385,0.020626,0.020391,0.020437,12365105
1761328800,2025-10-24 18:00:00,0.020424,0.020703,0.020436,0.020669,16099661
1761332400,2025-10-24 19:00:00,0.020666,0.020961,0.020678,0.020844,38486773
1761336000,2025-10-24 20:00:00,0.020811,0.02111,0.020846,0.021021,15667985
1761339600,2025-10-24 21:00:00,0.020977,0.021153,0.021024,0.021139,16479662
1761343200,2025-10-24 22:00:00,0.021072,0.021257,0.02114,0.021164,7970862
1761346800,2025-10-24 23:00:00,0.021073,0.021204,0.02116,0.02117,10501175
1761350400,2025-10-25 00:00:00,0.020994,0.02118,0.021169,0.021056,18640100
1761354000,2025-10-25 01:00:00,0.021013,0.021245,0.02106,0.021096,16249126
1761357600,2025-10-25 02:00:00,0.021058,0.021313,0.021093,0.021256,7338096
1761361200,2025-10-25 03:00:00,0.021061,0.021292,0.021255,0.021077,11767973
1761364800,2025-10-25 04:00:00,0.021058,0.021266,0.021072,0.021166,11154765
1761368400,2025-10-25 05:00:00,0.020937,0.021165,0.021165,0.020974,10519608
1761372000,2025-10-25 06:00:00,0.020785,0.021022,0.020974,0.020807,10976902
1761375600,2025-10-25 07:00:00,0.020753,0.020987,0.020806,0.02079,13759147
1761379200,2025-10-25 08:00:00,0.020778,0.021134,0.020796,0.021108,11582435
1761382800,2025-10-25 09:00:00,0.020877,0.021116,0.021103,0.020911,9694234
1761386400,2025-10-25 10:00:00,0.020786,0.020964,0.020911,0.020854,6985689
1761390000,2025-10-25 11:00:00,0.020812,0.02101,0.020857,0.020968,8722227
1761393600,2025-10-25 12:00:00,0.020955,0.021164,0.020974,0.021105,14052695
1761397200,2025-10-25 13:00:00,0.020965,0.02113,0.021111,0.020988,8201436
1761400800,2025-10-25 14:00:00,0.02098,0.02118,0.020985,0.02115,2220845
1761404400,2025-10-25 15:00:00,0.02105,0.021145,0.021145,0.02109,167437
1761426000,2025-10-25 21:00:00,0.021377,0.021527,0.021444,0.021436,4787872
1761429600,2025-10-25 22:00:00,0.021339,0.021523,0.021433,0.021476,8689214
1761433200,2025-10-25 23:00:00,0.021358,0.021484,0.021467,0.021379,7308765
1761436800,2025-10-26 00:00:00,0.021222,0.021426,0.021376,0.021255,15365213
1761440400,2025-10-26 01:00:00,0.02085,0.021274,0.021252,0.020934,32082136
1761444000,2025-10-26 02:00:00,0.020782,0.020972,0.02094,0.020827,15417552
1761447600,2025-10-26 03:00:00,0.020708,0.020847,0.020827,0.020783,10526978
1761451200,2025-10-26 04:00:00,0.020748,0.020872,0.02078,0.02085,8368128
1761454800,2025-10-26 05:00:00,0.020784,0.021061,0.020842,0.020977,17743759
1761458400,2025-10-26 06:00:00,0.020864,0.020982,0.020976,0.020945,8836470
1761462000,2025-10-26 07:00:00,0.020895,0.021079,0.020946,0.021075,10015494
1761465600,2025-10-26 08:00:00,0.021051,0.021172,0.02107,0.021132,6352437
1761469200,2025-10-26 09:00:00,0.021032,0.021758,0.021131,0.021529,28798731
1761472800,2025-10-26 10:00:00,0.021345,0.021541,0.021529,0.021445,10911911
1761476400,2025-10-26 11:00:00,0.02134,0.022095,0.021438,0.021975,34086018
1761480000,2025-10-26 12:00:00,0.021971,0.022359,0.021971,0.022091,52108692
1761483600,2025-10-26 13:00:00,0.021761,0.022286,0.022091,0.022181,52117395
1761487200,2025-10-26 14:00:00,0.022059,0.022302,0.022188,0.022097,33364981
1761490800,2025-10-26 15:00:00,0.021951,0.022176,0.022101,0.022133,18661725
1761494400,2025-10-26 16:00:00,0.021859,0.022153,0.022138,0.021909,11988019
1761498000,2025-10-26 17:00:00,0.021866,0.022013,0.021907,0.02196,8989291
1761501600,2025-10-26 18:00:00,0.021953,0.022092,0.021968,0.02203,10163805
1761505200,2025-10-26 19:00:00,0.021951,0.02203,0.022029,0.02199,7096973
1761508800,2025-10-26 20:00:00,0.021737,0.021992,0.021992,0.021786,11698858
1761512400,2025-10-26 21:00:00,0.021652,0.021972,0.021791,0.02197,12387026
1761516000,2025-10-26 22:00:00,0.021972,0.022633,0.021972,0.022497,74359949
1761519600,2025-10-26 23:00:00,0.022305,0.02267,0.0225,0.022332,40907957
1761523200,2025-10-27 00:00:00,0.022285,0.022555,0.022329,0.022428,30899137
1761526800,2025-10-27 01:00:00,0.022375,0.0229,0.022423,0.022874,42109711
1761530400,2025-10-27 02:00:00,0.022581,0.022901,0.022873,0.022673,31466098
1761534000,2025-10-27 03:00:00,0.022554,0.022836,0.022668,0.022655,12053372
1761537600,2025-10-27 04:00:00,0.022593,0.02293,0.02266,0.022894,28085381
1761541200,2025-10-27 05:00:00,0.022877,0.0233,0.022898,0.022947,27404794
1761544800,2025-10-27 06:00:00,0.02267,0.023224,0.022948,0.02311,29909320
1761548400,2025-10-27 07:00:00,0.022558,0.0231,0.0231,0.022657,56082366
1761552000,2025-10-27 08:00:00,0.022165,0.022703,0.022664,0.022191,26553471
1761555600,2025-10-27 09:00:00,0.021872,0.022221,0.022192,0.021979,42899872
1761559200,2025-10-27 10:00:00,0.021915,0.022084,0.021979,0.022021,19087683
1761562800,2025-10-27 11:00:00,0.021774,0.022085,0.022021,0.021916,39898565
1761566400,2025-10-27 12:00:00,0.021728,0.021956,0.021905,0.021749,23829564
1761570000,2025-10-27 13:00:00,0.021564,0.022039,0.021748,0.021943,39772911
1761573600,2025-10-27 14:00:00,0.021578,0.022005,0.021945,0.021687,35609291
1761577200,2025-10-27 15:00:00,0.021688,0.021895,0.021691,0.021776,32244914
1761580800,2025-10-27 16:00:00,0.021784,0.022509,0.021784,0.022374,45655463
1761584400,2025-10-27 17:00:00,0.02219,0.022503,0.022367,0.022308,50508542
1761588000,2025-10-27 18:00:00,0.022185,0.022529,0.022306,0.02225,30807990
1761591600,2025-10-27 19:00:00,0.021892,0.022251,0.022243,0.021936,34030634
1761595200,2025-10-27 20:00:00,0.021603,0.021935,0.021929,0.021624,31232678
1761598800,2025-10-27 21:00:00,0.021537,0.02181,0.021621,0.021645,24240229
1761602400,2025-10-27 22:00:00,0.021363,0.02174,0.021638,0.021385,19321146
1761606000,2025-10-27 23:00:00,0.021228,0.021465,0.021383,0.021377,21612963
1761609600,2025-10-28 00:00:00,0.021224,0.021437,0.02138,0.021312,15438350
1761613200,2025-10-28 01:00:00,0.021315,0.021564,0.021315,0.021474,17899428
1761616800,2025-10-28 02:00:00,0.02103,0.021489,0.021468,0.02118,27428036
1761620400,2025-10-28 03:00:00,0.021064,0.021299,0.02119,0.021166,17076239
1761624000,2025-10-28 04:00:00,0.021108,0.021279,0.02116,0.021192,7990208
1761627600,2025-10-28 05:00:00,0.02094,0.02125,0.021192,0.020988,13570399
1761631200,2025-10-28 06:00:00,0.020972,0.021344,0.020992,0.021333,11040008
1761634800,2025-10-28 07:00:00,0.02114,0.021493,0.021336,0.021186,13243490
1761638400,2025-10-28 08:00:00,0.021156,0.021445,0.021187,0.021326,5769496
1761642000,2025-10-28 09:00:00,0.021282,0.021475,0.021333,0.021454,5987442
1761645600,2025-10-28 10:00:00,0.021332,0.02156,0.021459,0.02156,5155534
1761649200,2025-10-28 11:00:00,0.021361,0.021816,0.021553,0.021394,13433675
1761652800,2025-10-28 12:00:00,0.021286,0.021765,0.021385,0.021736,19686277
1761656400,2025-10-28 13:00:00,0.021733,0.022168,0.021744,0.021979,44770628
1761660000,2025-10-28 14:00:00,0.021185,0.022098,0.02198,0.021601,48385346
1761663600,2025-10-28 15:00:00,0.0212,0.021776,0.021608,0.021343,43566081
1761667200,2025-10-28 16:00:00,0.02121,0.021747,0.021337,0.021669,25414444
1761670800,2025-10-28 17:00:00,0.021454,0.021726,0.02167,0.021582,11195054
1761674400,2025-10-28 18:00:00,0.021304,0.021668,0.021569,0.021411,11915265
1761678000,2025-10-28 19:00:00,0.020809,0.021468,0.021412,0.020883,34468780
1761681600,2025-10-28 20:00:00,0.020342,0.020911,0.020872,0.020504,64109075
1761685200,2025-10-28 21:00:00,0.020186,0.020656,0.020504,0.02048,54568470
1761688800,2025-10-28 22:00:00,0.020356,0.020716,0.020468,0.020668,11445407
1761692400,2025-10-28 23:00:00,0.020539,0.020679,0.020672,0.02057,11649065
1761696000,2025-10-29 00:00:00,0.020492,0.020691,0.020564,0.020529,11503994
1761699600,2025-10-29 01:00:00,0.020428,0.020656,0.020529,0.020565,33777725
1761703200,2025-10-29 02:00:00,0.020508,0.02084,0.020565,0.020681,30905561
1761706800,2025-10-29 03:00:00,0.02052,0.02068,0.02068,0.020545,7055085
1761710400,2025-10-29 04:00:00,0.020524,0.020674,0.020545,0.02062,12099919
1761714000,2025-10-29 05:00:00,0.020569,0.02081,0.020616,0.020692,11543087
1761717600,2025-10-29 06:00:00,0.020668,0.020938,0.020693,0.020869,14992543
1761721200,2025-10-29 07:00:00,0.020755,0.021059,0.020867,0.020842,13634975
1761724800,2025-10-29 08:00:00,0.020649,0.020927,0.020843,0.02074,9068159
1761728400,2025-10-29 09:00:00,0.020595,0.020784,0.020739,0.020713,9060797
1761732000,2025-10-29 10:00:00,0.02068,0.021045,0.020716,0.020883,8440925
1761735600,2025-10-29 11:00:00,0.020847,0.021149,0.020889,0.021114,8970813
1761739200,2025-10-29 12:00:00,0.021075,0.021285,0.021117,0.021214,11592279
1761742800,2025-10-29 13:00:00,0.021073,0.021362,0.021212,0.021156,33049048
1761746400,2025-10-29 14:00:00,0.020853,0.021184,0.021156,0.021062,15472057
1761750000,2025-10-29 15:00:00,0.020503,0.021096,0.021064,0.020634,36893595
1761753600,2025-10-29 16:00:00,0.020471,0.020919,0.020628,0.02074,19551751
1761757200,2025-10-29 17:00:00,0.020692,0.021603,0.020745,0.021603,28803764
1761760800,2025-10-29 18:00:00,0.020292,0.021748,0.021602,0.021198,160009530
1761764400,2025-10-29 19:00:00,0.020977,0.021541,0.021192,0.02129,52089244
1761768000,2025-10-29 20:00:00,0.021192,0.022084,0.021294,0.021917,68137069
1761771600,2025-10-29 21:00:00,0.021661,0.022124,0.021908,0.021801,30878908
1761775200,2025-10-29 22:00:00,0.021489,0.021813,0.021801,0.021589,11898148
1761778800,2025-10-29 23:00:00,0.020978,0.021616,0.021597,0.021156,25708143
1761782400,2025-10-30 00:00:00,0.0209,0.021437,0.021156,0.02135,27689010
1761786000,2025-10-30 01:00:00,0.020994,0.02134,0.02134,0.021058,29139918
1761789600,2025-10-30 02:00:00,0.020968,0.02132,0.021061,0.021263,13718795
1761793200,2025-10-30 03:00:00,0.020913,0.02126,0.02126,0.021007,17226401
1761796800,2025-10-30 04:00:00,0.019893,0.021002,0.021001,0.020079,85945276
1761800400,2025-10-30 05:00:00,0.019975,0.020615,0.020079,0.020536,22527486
1761804000,2025-10-30 06:00:00,0.020385,0.020705,0.020536,0.020519,20508700
1761807600,2025-10-30 07:00:00,0.020504,0.021081,0.020528,0.020958,16826692
1761811200,2025-10-30 08:00:00,0.020587,0.020995,0.020958,0.020683,9941913
1761814800,2025-10-30 09:00:00,0.020358,0.020706,0.020682,0.020372,15623939
1761818400,2025-10-30 10:00:00,0.020138,0.020421,0.020365,0.020245,16543615
1761822000,2025-10-30 11:00:00,0.020119,0.020345,0.020256,0.020149,11244742
1761825600,2025-10-30 12:00:00,0.019688,0.02017,0.02015,0.019789,38722360
1761829200,2025-10-30 13:00:00,0.019208,0.019882,0.019777,0.019233,44243263
1761832800,2025-10-30 14:00:00,0.01914,0.019451,0.019236,0.019232,51576652
1761836400,2025-10-30 15:00:00,0.018623,0.019268,0.019225,0.018755,69456521
1761840000,2025-10-30 16:00:00,0.018636,0.019029,0.018742,0.018832,40921780
1761843600,2025-10-30 17:00:00,0.018287,0.018828,0.018822,0.018569,64251715
1761847200,2025-10-30 18:00:00,0.017763,0.018572,0.018571,0.018092,207597097
1761850800,2025-10-30 19:00:00,0.017682,0.018176,0.01809,0.017874,204761792
1761854400,2025-10-30 20:00:00,0.017721,0.018256,0.017872,0.018195,70433708
1761858000,2025-10-30 21:00:00,0.018144,0.018423,0.018202,0.018362,35281057
1761861600,2025-10-30 22:00:00,0.01833,0.018493,0.018368,0.018493,24517088
1761865200,2025-10-30 23:00:00,0.018382,0.0186,0.018494,0.018581,30936272
1761868800,2025-10-31 00:00:00,0.018496,0.018858,0.018581,0.01879,41546626
1761872400,2025-10-31 01:00:00,0.018748,0.01914,0.018788,0.019052,45988290
1761876000,2025-10-31 02:00:00,0.018681,0.019056,0.019049,0.018752,36493693
1761879600,2025-10-31 03:00:00,0.018674,0.01883,0.018753,0.018794,16552081
1761883200,2025-10-31 04:00:00,0.018751,0.019003,0.018796,0.018914,32515091
1761886800,2025-10-31 05:00:00,0.018754,0.018912,0.018912,0.018793,8601755
1761890400,2025-10-31 06:00:00,0.018663,0.018814,0.018791,0.0187,6602578
1761894000,2025-10-31 07:00:00,0.018645,0.018806,0.018702,0.01869,11212083
1761897600,2025-10-31 08:00:00,0.018486,0.018761,0.01869,0.018728,17818327
1761901200,2025-10-31 09:00:00,0.018627,0.018787,0.018729,0.018677,10407791
1761904800,2025-10-31 10:00:00,0.018572,0.018748,0.018682,0.018574,11110175
1761908400,2025-10-31 11:00:00,0.018486,0.018814,0.018578,0.018793,17748627
1761912000,2025-10-31 12:00:00,0.0186,0.019029,0.018793,0.018608,33109423
1761915600,2025-10-31 13:00:00,0.018435,0.018801,0.018612,0.018708,42528532
1761919200,2025-10-31 14:00:00,0.018456,0.018879,0.01871,0.018847,43683843
1761922800,2025-10-31 15:00:00,0.018589,0.01895,0.018846,0.018628,30885416
1761926400,2025-10-31 16:00:00,0.017842,0.018646,0.018625,0.017892,42597966
1761930000,2025-10-31 17:00:00,0.017478,0.017995,0.017886,0.0177,129494779
1761933600,2025-10-31 18:00:00,0.017528,0.018006,0.017706,0.017907,107402807
1761937200,2025-10-31 19:00:00,0.017707,0.018461,0.017906,0.018367,52282000
1761940800,2025-10-31 20:00:00,0.018027,0.018444,0.018365,0.018044,25494429
1761944400,2025-10-31 21:00:00,0.017955,0.018133,0.01804,0.018059,21086344
1761948000,2025-10-31 22:00:00,0.018025,0.018243,0.018056,0.018187,10178992
1761951600,2025-10-31 23:00:00,0.018102,0.018226,0.018181,0.018116,10911577
1761955200,2025-11-01 00:00:00,0.017981,0.018254,0.018114,0.018245,10080161
1761958800,2025-11-01 01:00:00,0.018075,0.018314,0.018245,0.01808,10708521
1761962400,2025-11-01 02:00:00,0.017911,0.018285,0.018078,0.01827,19119722
1761966000,2025-11-01 03:00:00,0.018166,0.018467,0.01827,0.018449,53901594
1761969600,2025-11-01 04:00:00,0.018194,0.018506,0.01845,0.018238,19378519
1761973200,2025-11-01 05:00:00,0.018092,0.018268,0.018238,0.018118,23218781
1761976800,2025-11-01 06:00:00,0.017979,0.018211,0.018115,0.018111,22582248
1761980400,2025-11-01 07:00:00,0.018064,0.018328,0.018112,0.018214,21651141
1761984000,2025-11-01 08:00:00,0.018137,0.018317,0.018209,0.018307,11097048
1761987600,2025-11-01 09:00:00,0.018056,0.018331,0.018307,0.01809,11694978
1761991200,2025-11-01 10:00:00,0.01803,0.018223,0.01809,0.018156,9680058
1761994800,2025-11-01 11:00:00,0.018079,0.01824,0.01816,0.018198,6371145
1761998400,2025-11-01 12:00:00,0.018171,0.018273,0.018195,0.018188,16738541
1762002000,2025-11-01 13:00:00,0.017983,0.018272,0.018189,0.018038,16307229
1762005600,2025-11-01 14:00:00,0.017734,0.018101,0.018038,0.017855,35350689
1762009200,2025-11-01 15:00:00,0.017842,0.018191,0.017855,0.018178,31575350
1762012800,2025-11-01 16:00:00,0.018067,0.018343,0.018179,0.018284,26913588
1762016400,2025-11-01 17:00:00,0.018142,0.0183,0.018282,0.018189,13601875
1762020000,2025-11-01 18:00:00,0.018169,0.018327,0.018186,0.018302,13588687
1762023600,2025-11-01 19:00:00,0.018086,0.018305,0.018303,0.01818,25965206
1762027200,2025-11-01 20:00:00,0.018132,0.018347,0.01818,0.018185,17343007
1762030800,2025-11-01 21:00:00,0.017896,0.018222,0.018185,0.017905,12634164
1762034400,2025-11-01 22:00:00,0.017812,0.018105,0.0179,0.018091,20711574
1762038000,2025-11-01 23:00:00,0.018018,0.018188,0.018088,0.018166,10594865
1762041600,2025-11-02 00:00:00,0.017958,0.018185,0.018166,0.018011,16204875
1762045200,2025-11-02 01:00:00,0.01789,0.018055,0.018009,0.017961,19984419
1762048800,2025-11-02 02:00:00,0.017905,0.018149,0.017956,0.018026,20380799
1762052400,2025-11-02 03:00:00,0.017824,0.018035,0.018024,0.017911,26359361
1762056000,2025-11-02 04:00:00,0.017874,0.018223,0.01791,0.018196,17715180
1762059600,2025-11-02 05:00:00,0.017939,0.018215,0.018194,0.018145,12717320
1762063200,2025-11-02 06:00:00,0.018053,0.018195,0.018141,0.018122,12587460
1762066800,2025-11-02 07:00:00,0.018021,0.018262,0.01812,0.0182,22566561
1762070400,2025-11-02 08:00:00,0.017923,0.018234,0.018206,0.017962,14276488
1762074000,2025-11-02 09:00:00,0.017676,0.018036,0.01796,0.017725,19807590
1762077600,2025-11-02 10:00:00,0.017525,0.017807,0.017724,0.017721,24885847
1762081200,2025-11-02 11:00:00,0.017707,0.018095,0.017716,0.018049,13590655
1762084800,2025-11-02 12:00:00,0.017903,0.018084,0.018055,0.01791,19357598
1762088400,2025-11-02 13:00:00,0.017647,0.017925,0.017909,0.017772,28401119
1762092000,2025-11-02 14:00:00,0.017253,0.017831,0.01776,0.017388,55406268
1762095600,2025-11-02 15:00:00,0.017272,0.017667,0.01738,0.017502,29787472
1762099200,2025-11-02 16:00:00,0.01724,0.017602,0.017503,0.01759,39780048
1762102800,2025-11-02 17:00:00,0.017379,0.017618,0.017588,0.017508,15362943
1762106400,2025-11-02 18:00:00,0.017379,0.017535,0.017508,0.017379,17599539
1762110000,2025-11-02 19:00:00,0.017158,0.017394,0.017378,0.017322,28644801
1762113600,2025-11-02 20:00:00,0.017238,0.017349,0.017321,0.017314,21500684
1762117200,2025-11-02 21:00:00,0.017293,0.017506,0.017314,0.017415,13748663
1762120800,2025-11-02 22:00:00,0.017266,0.017488,0.017413,0.017354,12519020
1762124400,2025-11-02 23:00:00,0.017356,0.017904,0.017356,0.01778,31985094
1762128000,2025-11-03 00:00:00,0.017473,0.017938,0.017781,0.017473,34164602
1762131600,2025-11-03 01:00:00,0.017149,0.01755,0.017472,0.017235,29027955
1762135200,2025-11-03 02:00:00,0.016804,0.01726,0.017235,0.01701,43948237
1762138800,2025-11-03 03:00:00,0.01645,0.01706,0.01702,0.016491,67930076
1762142400,2025-11-03 04:00:00,0.016224,0.016504,0.01649,0.016498,48165361
1762146000,2025-11-03 05:00:00,0.01629,0.016666,0.0165,0.016308,26116164
1762149600,2025-11-03 06:00:00,0.016086,0.01642,0.016307,0.016325,26556894
1762153200,2025-11-03 07:00:00,0.016218,0.016536,0.016324,0.016392,19955865
1762156800,2025-11-03 08:00:00,0.016191,0.016448,0.016389,0.016414,20600600
1762160400,2025-11-03 09:00:00,0.016329,0.016727,0.016412,0.016358,16529461
1762164000,2025-11-03 10:00:00,0.016174,0.016461,0.016365,0.016245,15292462
1762167600,2025-11-03 11:00:00,0.016248,0.016483,0.016248,0.01633,21532914
1762171200,2025-11-03 12:00:00,0.016282,0.016462,0.016332,0.016306,20417331
1762174800,2025-11-03 13:00:00,0.016185,0.016405,0.0163,0.016245,27987355
1762178400,2025-11-03 14:00:00,0.016189,0.016471,0.016246,0.016395,37349902
1762182000,2025-11-03 15:00:00,0.0148,0.016423,0.016396,0.015285,161602820
1762185600,2025-11-03 16:00:00,0.015175,0.015838,0.01529,0.015674,79161749
1762189200,2025-11-03 17:00:00,0.015614,0.01606,0.015672,0.015956,58826038
1762192800,2025-11-03 18:00:00,0.015676,0.016022,0.015957,0.0157,20711865
1762196400,2025-11-03 19:00:00,0.015508,0.015748,0.015698,0.015516,52369131
1762200000,2025-11-03 20:00:00,0.015189,0.015553,0.015519,0.015289,45487619
1762203600,2025-11-03 21:00:00,0.015162,0.0155,0.015284,0.015499,24541529
1762207200,2025-11-03 22:00:00,0.015168,0.015504,0.015484,0.015281,21078563
1762210800,2025-11-03 23:00:00,0.015163,0.015509,0.015281,0.015487,18044778
1762214400,2025-11-04 00:00:00,0.015216,0.015695,0.015488,0.015538,61965705
1762218000,2025-11-04 01:00:00,0.015472,0.015736,0.01554,0.015605,58957756
1762221600,2025-11-04 02:00:00,0.015489,0.015687,0.015605,0.015496,33580683
1762225200,2025-11-04 03:00:00,0.015471,0.015672,0.015495,0.015552,20068162
1762228800,2025-11-04 04:00:00,0.0153,0.015634,0.015551,0.015329,37985806
1762232400,2025-11-04 05:00:00,0.014589,0.015428,0.015328,0.014614,79809625
1762236000,2025-11-04 06:00:00,0.014589,0.015225,0.014612,0.014795,83120274
1762239600,2025-11-04 07:00:00,0.01448,0.01483,0.014794,0.014594,52088626
1762243200,2025-11-04 08:00:00,0.014492,0.015033,0.014594,0.014868,56085403
1762246800,2025-11-04 09:00:00,0.014773,0.015046,0.014867,0.014971,18691871
1762250400,2025-11-04 10:00:00,0.014843,0.015048,0.014972,0.01492,23726605
1762254000,2025-11-04 11:00:00,0.014838,0.015025,0.014916,0.014892,16644375
1762257600,2025-11-04 12:00:00,0.014656,0.014923,0.014892,0.014732,29176012
1762261200,2025-11-04 13:00:00,0.014507,0.014828,0.014732,0.01465,30196851
1762264800,2025-11-04 14:00:00,0.01438,0.015058,0.014649,0.014966,70472588
1762268400,2025-11-04 15:00:00,0.014608,0.01513,0.01497,0.014628,44343121
1762272000,2025-11-04 16:00:00,0.014253,0.014804,0.014632,0.014337,66636712
1762275600,2025-11-04 17:00:00,0.013969,0.014629,0.014336,0.014346,131974863
1762279200,2025-11-04 18:00:00,0.01379,0.014376,0.014345,0.014262,100938202
1762282800,2025-11-04 19:00:00,0.013865,0.014413,0.014261,0.013903,52936416
1762286400,2025-11-04 20:00:00,0.013243,0.01412,0.013901,0.013915,105150820
1762290000,2025-11-04 21:00:00,0.013225,0.014058,0.013916,0.01403,81564755
1762293600,2025-11-04 22:00:00,0.013935,0.014466,0.014036,0.014348,77301137
1762297200,2025-11-04 23:00:00,0.014292,0.014502,0.01435,0.014357,63022399
1762300800,2025-11-05 00:00:00,0.014089,0.014423,0.014362,0.014185,45388517
1762304400,2025-11-05 01:00:00,0.013601,0.014243,0.01419,0.014176,81043127
1762308000,2025-11-05 02:00:00,0.01418,0.014637,0.01418,0.014602,89132549
1762311600,2025-11-05 03:00:00,0.014523,0.014833,0.014604,0.014771,42766304
1762315200,2025-11-05 04:00:00,0.014615,0.014833,0.014764,0.014744,25642076
1762318800,2025-11-05 05:00:00,0.014684,0.014822,0.014746,0.014739,29421794
1762322400,2025-11-05 06:00:00,0.014687,0.014844,0.01474,0.014822,23887132
1762326000,2025-11-05 07:00:00,0.014647,0.014816,0.014816,0.01471,17588215
1762329600,2025-11-05 08:00:00,0.014395,0.014708,0.014708,0.014549,34102495
1762333200,2025-11-05 09:00:00,0.014533,0.014762,0.014557,0.014744,18974091
1762336800,2025-11-05 10:00:00,0.014538,0.014784,0.014746,0.014552,18758558
1762340400,2025-11-05 11:00:00,0.014548,0.014929,0.01455,0.014885,30296931
1762344000,2025-11-05 12:00:00,0.014828,0.01504,0.014882,0.01504,22105669
1762347600,2025-11-05 13:00:00,0.014964,0.015252,0.015036,0.015156,36169329
1762351200,2025-11-05 14:00:00,0.014929,0.015269,0.015156,0.015132,58982457
1762354800,2025-11-05 15:00:00,0.015078,0.015442,0.015138,0.015412,74795723
1762358400,2025-11-05 16:00:00,0.0151,0.015448,0.015411,0.015348,67075324
1762362000,2025-11-05 17:00:00,0.015224,0.015431,0.015346,0.01533,47852986
1762365600,2025-11-05 18:00:00,0.015211,0.015498,0.015328,0.015389,57074024
1762369200,2025-11-05 19:00:00,0.015313,0.015494,0.015394,0.015385,26679054
1762372800,2025-11-05 20:00:00,0.015238,0.015466,0.015384,0.015272,29884000
1762376400,2025-11-05 21:00:00,0.015139,0.015276,0.015273,0.015226,35436862
1762380000,2025-11-05 22:00:00,0.015192,0.015369,0.015226,0.015366,20247069
1762383600,2025-11-05 23:00:00,0.015304,0.015397,0.01537,0.015305,27356285
1762387200,2025-11-06 00:00:00,0.015204,0.015324,0.015305,0.015243,22945688
1762390800,2025-11-06 01:00:00,0.014972,0.015242,0.015242,0.015186,24568775
1762394400,2025-11-06 02:00:00,0.015043,0.015342,0.015184,0.015226,26308652
1762398000,2025-11-06 03:00:00,0.015184,0.015329,0.015218,0.015286,29356033
1762401600,2025-11-06 04:00:00,0.015258,0.015412,0.015284,0.015358,14818473
1762405200,2025-11-06 05:00:00,0.015012,0.015374,0.015356,0.015056,17787914
1762408800,2025-11-06 06:00:00,0.015029,0.015207,0.015052,0.015059,13295233
1762412400,2025-11-06 07:00:00,0.014972,0.015163,0.015064,0.015003,19896248
1762416000,2025-11-06 08:00:00,0.014926,0.015073,0.015003,0.014988,16450904
1762419600,2025-11-06 09:00:00,0.014929,0.015089,0.01499,0.014996,19013690
1762423200,2025-11-06 10:00:00,0.014886,0.01513,0.014998,0.015012,24214701
1762426800,2025-11-06 11:00:00,0.014913,0.015063,0.01501,0.014986,13666584
1762430400,2025-11-06 12:00:00,0.014784,0.01506,0.014986,0.014802,45389561
1762434000,2025-11-06 13:00:00,0.014783,0.015164,0.0148,0.015064,40346722
1762437600,2025-11-06 14:00:00,0.014673,0.015127,0.015062,0.01471,54025258
1762441200,2025-11-06 15:00:00,0.014448,0.014958,0.014712,0.014536,77161416
1762444800,2025-11-06 16:00:00,0.014168,0.014643,0.014536,0.014446,83739817
1762448400,2025-11-06 17:00:00,0.01438,0.014701,0.014441,0.014661,48434665
1762452000,2025-11-06 18:00:00,0.014422,0.014858,0.014654,0.014681,33604297
1762455600,2025-11-06 19:00:00,0.01448,0.014733,0.014685,0.014623,24483291
1762459200,2025-11-06 20:00:00,0.014407,0.01472,0.014624,0.014535,28816494
1762462800,2025-11-06 21:00:00,0.01446,0.014718,0.014528,0.014632,20609534
1762466400,2025-11-06 22:00:00,0.014437,0.014692,0.014639,0.014596,16149467
1762470000,2025-11-06 23:00:00,0.014366,0.014594,0.014594,0.014458,22999345
1762473600,2025-11-07 00:00:00,0.014325,0.014628,0.014455,0.014548,37220789
1762477200,2025-11-07 01:00:00,0.014268,0.014633,0.014548,0.014534,46507739
1762480800,2025-11-07 02:00:00,0.01439,0.014657,0.014536,0.014649,34785990
1762484400,2025-11-07 03:00:00,0.014554,0.014774,0.01465,0.014576,33688019
1762488000,2025-11-07 04:00:00,0.01441,0.014608,0.014584,0.014588,39202051
1762491600,2025-11-07 05:00:00,0.01458,0.014776,0.014591,0.014755,32240130
1762495200,2025-11-07 06:00:00,0.014683,0.014807,0.014755,0.01469,24284108
1762498800,2025-11-07 07:00:00,0.014641,0.014834,0.014694,0.014824,18983505
1762502400,2025-11-07 08:00:00,0.014685,0.01493,0.014823,0.014736,18920797
1762506000,2025-11-07 09:00:00,0.014366,0.014741,0.014741,0.01451,37451195
1762509600,2025-11-07 10:00:00,0.014274,0.014612,0.014506,0.014324,38914913
1762513200,2025-11-07 11:00:00,0.01397,0.014322,0.014322,0.014208,89496500
1762516800,2025-11-07 12:00:00,0.013792,0.014274,0.014204,0.013959,58568696
1762520400,2025-11-07 13:00:00,0.013901,0.014228,0.013949,0.014113,48910962
1762524000,2025-11-07 14:00:00,0.013794,0.014466,0.014102,0.014433,92984341
1762527600,2025-11-07 15:00:00,0.014279,0.014796,0.014436,0.014722,102496535
1762531200,2025-11-07 16:00:00,0.014666,0.015325,0.014728,0.015248,118373058
1762534800,2025-11-07 17:00:00,0.015118,0.01573,0.015241,0.015612,216046242
1762538400,2025-11-07 18:00:00,0.015614,0.016009,0.015618,0.015748,99560082
1762542000,2025-11-07 19:00:00,0.015676,0.015957,0.015747,0.015914,61331251
1762545600,2025-11-07 20:00:00,0.01577,0.016033,0.015917,0.016003,48583416
1762549200,2025-11-07 21:00:00,0.015886,0.01601,0.016008,0.015978,14566728
1762552800,2025-11-07 22:00:00,0.01592,0.016275,0.015979,0.016159,58574595
1762556400,2025-11-07 23:00:00,0.015716,0.01617,0.016153,0.015752,56101715
1762560000,2025-11-08 00:00:00,0.015588,0.01605,0.015752,0.015599,45762236
1762563600,2025-11-08 01:00:00,0.015559,0.015977,0.015601,0.015948,36446376
1762567200,2025-11-08 02:00:00,0.015919,0.01623,0.01595,0.015977,41841653
1762570800,2025-11-08 03:00:00,0.015738,0.016217,0.015981,0.015738,50718396
1762574400,2025-11-08 04:00:00,0.015751,0.015978,0.015759,0.01577,16365874
1762578000,2025-11-08 05:00:00,0.015274,0.015801,0.015787,0.015281,36557633
1762581600,2025-11-08 06:00:00,0.01512,0.015384,0.015284,0.015285,24431643
1762585200,2025-11-08 07:00:00,0.015084,0.015304,0.015288,0.015228,13619265
1762588800,2025-11-08 08:00:00,0.015062,0.015428,0.015239,0.015348,17153627
1762592400,2025-11-08 09:00:00,0.015123,0.015386,0.015345,0.015156,15965664
1762596000,2025-11-08 10:00:00,0.015137,0.01546,0.015154,0.01543,20926111
1762599600,2025-11-08 11:00:00,0.015196,0.015483,0.015428,0.015254,19313555
1762603200,2025-11-08 12:00:00,0.015108,0.015288,0.015252,0.015183,17729394
1762606800,2025-11-08 13:00:00,0.014776,0.015184,0.015153,0.014782,35827527
1762610400,2025-11-08 14:00:00,0.014536,0.014848,0.014778,0.01476,33570889
1762614000,2025-11-08 15:00:00,0.014367,0.014794,0.014753,0.014425,26014267
1762617600,2025-11-08 16:00:00,0.014368,0.014645,0.014429,0.014621,49701721
1762621200,2025-11-08 17:00:00,0.014504,0.014706,0.014616,0.014614,26953592
1762624800,2025-11-08 18:00:00,0.014568,0.014793,0.014638,0.014755,9922805
1762628400,2025-11-08 19:00:00,0.014545,0.014811,0.01475,0.014673,24121183
1762632000,2025-11-08 20:00:00,0.014576,0.014731,0.014672,0.014616,10984793
1762635600,2025-11-08 21:00:00,0.014601,0.014845,0.014617,0.014818,8761366
1762639200,2025-11-08 22:00:00,0.014768,0.014907,0.014818,0.014863,11393666
1762642800,2025-11-08 23:00:00,0.01479,0.014863,0.014863,0.014806,5684664
1762646400,2025-11-09 00:00:00,0.014501,0.014807,0.014805,0.014521,24389420
1762650000,2025-11-09 01:00:00,0.014427,0.014618,0.014532,0.01457,14815520
1762653600,2025-11-09 02:00:00,0.014157,0.014568,0.014568,0.014193,34067295
1762657200,2025-11-09 03:00:00,0.01407,0.014267,0.014201,0.01416,37515569
1762660800,2025-11-09 04:00:00,0.014161,0.014326,0.014161,0.014209,20272983
1762664400,2025-11-09 05:00:00,0.014156,0.014266,0.014208,0.014237,14137412
1762668000,2025-11-09 06:00:00,0.014207,0.014396,0.014232,0.01424,13427847
1762671600,2025-11-09 07:00:00,0.014226,0.014498,0.014236,0.014494,15374377
1762675200,2025-11-09 08:00:00,0.014292,0.014498,0.014495,0.01439,16042487
1762678800,2025-11-09 09:00:00,0.014237,0.01448,0.014391,0.014258,11465807
1762682400,2025-11-09 10:00:00,0.01417,0.014446,0.014256,0.014446,13393093
1762686000,2025-11-09 11:00:00,0.014434,0.014571,0.014448,0.014542,9348352
1762689600,2025-11-09 12:00:00,0.014488,0.014657,0.014544,0.01463,20143860
1762693200,2025-11-09 13:00:00,0.014617,0.015065,0.014628,0.014844,32478501
1762696800,2025-11-09 14:00:00,0.014709,0.015296,0.014844,0.015003,67719719
1762700400,2025-11-09 15:00:00,0.014958,0.015267,0.015003,0.015032,38106594
1762704000,2025-11-09 16:00:00,0.01499,0.015279,0.015036,0.01523,15618905
1762707600,2025-11-09 17:00:00,0.015102,0.015275,0.015228,0.015136,31832015
1762711200,2025-11-09 18:00:00,0.014972,0.0153,0.015132,0.015257,18507535
1762714800,2025-11-09 19:00:00,0.015233,0.015521,0.015258,0.01551,53612057
1762718400,2025-11-09 20:00:00,0.015325,0.015511,0.015508,0.01539,31759520
1762722000,2025-11-09 21:00:00,0.015288,0.015443,0.015391,0.015348,13804312
1762725600,2025-11-09 22:00:00,0.015142,0.015355,0.015349,0.015276,18116164
1762729200,2025-11-09 23:00:00,0.015183,0.015444,0.015278,0.015271,33274013
1762732800,2025-11-10 00:00:00,0.01512,0.015869,0.015273,0.015726,108657759
1762736400,2025-11-10 01:00:00,0.015529,0.015804,0.015724,0.015614,39994338
1762740000,2025-11-10 02:00:00,0.015532,0.015725,0.015614,0.015681,15354010
1762743600,2025-11-10 03:00:00,0.015616,0.015892,0.015682,0.01579,64532116
1762747200,2025-11-10 04:00:00,0.015757,0.016198,0.015789,0.016156,44799161
1762750800,2025-11-10 05:00:00,0.015912,0.0163,0.016158,0.016048,35086459
1762754400,2025-11-10 06:00:00,0.015877,0.016093,0.016058,0.015947,18737905
1762758000,2025-11-10 07:00:00,0.015729,0.016025,0.015948,0.015814,17311691
1762761600,2025-11-10 08:00:00,0.015633,0.015882,0.015816,0.015788,29898137
1762765200,2025-11-10 09:00:00,0.015766,0.016289,0.015794,0.016169,35890729
1762768800,2025-11-10 10:00:00,0.015849,0.016209,0.016169,0.015937,17677382
1762772400,2025-11-10 11:00:00,0.015911,0.016119,0.015931,0.016061,18255184
1762776000,2025-11-10 12:00:00,0.015848,0.016191,0.016059,0.016125,29412081
1762779600,2025-11-10 13:00:00,0.016113,0.016483,0.016125,0.01631,47389118
1762783200,2025-11-10 14:00:00,0.015674,0.016316,0.01631,0.015769,74190165
1762786800,2025-11-10 15:00:00,0.015738,0.016264,0.015781,0.015938,69666193
1762790400,2025-11-10 16:00:00,0.015575,0.016042,0.015922,0.015706,57150659
1762794000,2025-11-10 17:00:00,0.015687,0.016057,0.015706,0.016042,58062523
1762797600,2025-11-10 18:00:00,0.015773,0.016105,0.016042,0.015775,32836971
1762801200,2025-11-10 19:00:00,0.015775,0.016188,0.015779,0.016009,41654629
1762804800,2025-11-10 20:00:00,0.015985,0.016236,0.016,0.016118,33242944
1762808400,2025-11-10 21:00:00,0.015753,0.016123,0.01612,0.015901,44717624
1762812000,2025-11-10 22:00:00,0.015852,0.016409,0.015906,0.016331,51862038
1762815600,2025-11-10 23:00:00,0.016201,0.016443,0.016332,0.016298,39626652
1762819200,2025-11-11 00:00:00,0.015837,0.01632,0.0163,0.016104,46248996
1762822800,2025-11-11 01:00:00,0.016013,0.016522,0.016104,0.016032,68896354
1762826400,2025-11-11 02:00:00,0.015895,0.01665,0.016036,0.016377,72875397
1762830000,2025-11-11 03:00:00,0.016217,0.016494,0.016383,0.016301,39070952
1762833600,2025-11-11 04:00:00,0.016024,0.016326,0.016296,0.016065,47295514
1762837200,2025-11-11 05:00:00,0.015788,0.016065,0.016065,0.015805,34305992
1762840800,2025-11-11 06:00:00,0.015682,0.015926,0.015812,0.015818,23989613
1762844400,2025-11-11 07:00:00,0.015578,0.015852,0.01582,0.015578,17871135
1762848000,2025-11-11 08:00:00,0.015438,0.015667,0.015589,0.015544,17258010
1762851600,2025-11-11 09:00:00,0.015396,0.01563,0.015546,0.015409,21981388
1762855200,2025-11-11 10:00:00,0.015398,0.015609,0.015408,0.01557,11068225
1762858800,2025-11-11 11:00:00,0.015566,0.015721,0.015571,0.015626,7114257
1762862400,2025-11-11 12:00:00,0.015418,0.015769,0.015626,0.015495,29071503
1762866000,2025-11-11 13:00:00,0.015422,0.01565,0.015496,0.01546,24942428
1762869600,2025-11-11 14:00:00,0.015253,0.015708,0.015462,0.015691,79033554
1762873200,2025-11-11 15:00:00,0.015314,0.015683,0.015683,0.015416,54393204
1762876800,2025-11-11 16:00:00,0.01531,0.015513,0.015415,0.01539,35735137
1762880400,2025-11-11 17:00:00,0.015096,0.015491,0.015392,0.015226,51129280
1762884000,2025-11-11 18:00:00,0.015052,0.015288,0.015225,0.015104,27194708
1762887600,2025-11-11 19:00:00,0.01486,0.015102,0.015102,0.014928,46246065
1762891200,2025-11-11 20:00:00,0.0143,0.014951,0.014928,0.014671,133310458
1762894800,2025-11-11 21:00:00,0.01456,0.01476,0.014672,0.014603,44675400
1762898400,2025-11-11 22:00:00,0.01452,0.014909,0.014602,0.014859,27854004
1762902000,2025-11-11 23:00:00,0.014608,0.014898,0.014858,0.014674,25480016
1762905600,2025-11-12 00:00:00,0.014483,0.014747,0.014672,0.014504,52065858
1762909200,2025-11-12 01:00:00,0.014479,0.014725,0.014507,0.014685,47698814
1762912800,2025-11-12 02:00:00,0.014561,0.014755,0.014683,0.014725,21279589
1762916400,2025-11-12 03:00:00,0.014703,0.014794,0.014725,0.01472,21017436
1762920000,2025-11-12 04:00:00,0.014642,0.014813,0.014716,0.01471,19337564
1762923600,2025-11-12 05:00:00,0.014663,0.014842,0.014712,0.014799,26014556
1762927200,2025-11-12 06:00:00,0.014766,0.0151,0.014795,0.014921,49925316
1762930800,2025-11-12 07:00:00,0.014758,0.015005,0.014921,0.014786,19860998
1762934400,2025-11-12 08:00:00,0.014783,0.01519,0.014785,0.01511,35271353
1762938000,2025-11-12 09:00:00,0.01507,0.015247,0.015112,0.015129,26611666
1762941600,2025-11-12 10:00:00,0.01513,0.01541,0.01513,0.015333,33453603
1762945200,2025-11-12 11:00:00,0.015289,0.015448,0.015333,0.015352,35662301
1762948800,2025-11-12 12:00:00,0.015277,0.015505,0.015351,0.015385,25873145
1762952400,2025-11-12 13:00:00,0.015248,0.015689,0.015387,0.015611,34783727
1762956000,2025-11-12 14:00:00,0.014938,0.01561,0.01561,0.015154,58148590
1762959600,2025-11-12 15:00:00,0.014585,0.01532,0.015152,0.01469,126503033
1762963200,2025-11-12 16:00:00,0.014242,0.014718,0.014688,0.01431,110363188
1762966800,2025-11-12 17:00:00,0.01416,0.014583,0.014322,0.014383,62819017
1762970400,2025-11-12 18:00:00,0.014226,0.014485,0.014384,0.014259,38948827
1762974000,2025-11-12 19:00:00,0.014028,0.014303,0.014258,0.014172,44514011
1762977600,2025-11-12 20:00:00,0.014122,0.014523,0.014172,0.014383,48182434
1762981200,2025-11-12 21:00:00,0.014338,0.01453,0.014386,0.014505,24309769
1762984800,2025-11-12 22:00:00,0.014326,0.014507,0.014503,0.014454,18272335
1762988400,2025-11-12 23:00:00,0.014291,0.014457,0.014457,0.01432,11059986
1762992000,2025-11-13 00:00:00,0.014297,0.014497,0.014316,0.01438,35389430
1762995600,2025-11-13 01:00:00,0.014364,0.014569,0.01438,0.01442,38254975
1762999200,2025-11-13 02:00:00,0.0144,0.01455,0.01442,0.014433,19660246
1763002800,2025-11-13 03:00:00,0.014166,0.014785,0.01443,0.014568,53997500
1763006400,2025-11-13 04:00:00,0.014439,0.01465,0.014571,0.014516,57038019
1763010000,2025-11-13 05:00:00,0.014448,0.014892,0.014514,0.01484,30360884
1763013600,2025-11-13 06:00:00,0.014776,0.014992,0.014842,0.014872,39424296
1763017200,2025-11-13 07:00:00,0.01471,0.014961,0.014874,0.014744,27570613
1763020800,2025-11-13 08:00:00,0.014668,0.01481,0.014742,0.01476,13555816
1763024400,2025-11-13 09:00:00,0.014516,0.014774,0.014762,0.014561,39252558
1763028000,2025-11-13 10:00:00,0.014553,0.014782,0.014562,0.014612,15345013
1763031600,2025-11-13 11:00:00,0.014552,0.014683,0.014611,0.014588,19137193
1763035200,2025-11-13 12:00:00,0.014515,0.01467,0.01459,0.014647,14355808
1763038800,2025-11-13 13:00:00,0.014382,0.014703,0.014642,0.01445,42350815
1763042400,2025-11-13 14:00:00,0.014242,0.014758,0.014446,0.014572,65412584
1763046000,2025-11-13 15:00:00,0.014209,0.01466,0.01457,0.014281,58122276
1763049600,2025-11-13 16:00:00,0.013911,0.014326,0.014279,0.013954,66488592
1763053200,2025-11-13 17:00:00,0.013502,0.013955,0.013955,0.013529,70308286
1763056800,2025-11-13 18:00:00,0.01326,0.013571,0.013529,0.013345,72001770
1763060400,2025-11-13 19:00:00,0.013101,0.01345,0.013345,0.013165,83036537
1763064000,2025-11-13 20:00:00,0.013038,0.013232,0.013162,0.013166,53846158
1763067600,2025-11-13 21:00:00,0.013113,0.013314,0.013166,0.013277,33746299
1763071200,2025-11-13 22:00:00,0.013224,0.013625,0.013276,0.013575,34638281
1763074800,2025-11-13 23:00:00,0.013509,0.013767,0.013575,0.013577,33237743
1763078400,2025-11-14 00:00:00,0.013372,0.013615,0.013578,0.013393,78419518
1763082000,2025-11-14 01:00:00,0.013355,0.013508,0.013393,0.013382,42068763
1763085600,2025-11-14 02:00:00,0.013372,0.013518,0.013384,0.01347,43596495
1763089200,2025-11-14 03:00:00,0.013259,0.013476,0.013472,0.01334,37916605
1763092800,2025-11-14 04:00:00,0.012737,0.013348,0.01334,0.013088,112241846
1763096400,2025-11-14 05:00:00,0.013029,0.013275,0.013084,0.013228,78182120
1763100000,2025-11-14 06:00:00,0.01296,0.013454,0.01323,0.013447,53920138
1763103600,2025-11-14 07:00:00,0.013296,0.013506,0.013446,0.013328,49025592
1763107200,2025-11-14 08:00:00,0.013189,0.013337,0.01333,0.013256,29382455
1763110800,2025-11-14 09:00:00,0.013068,0.013328,0.01326,0.01311,35894073
1763114400,2025-11-14 10:00:00,0.013098,0.013254,0.01311,0.01315,15568766
1763118000,2025-11-14 11:00:00,0.012932,0.013171,0.013148,0.013076,34825531
1763121600,2025-11-14 12:00:00,0.012702,0.01309,0.013074,0.013057,67315716
1763125200,2025-11-14 13:00:00,0.01277,0.013143,0.013058,0.012949,76870179
1763128800,2025-11-14 14:00:00,0.012788,0.013259,0.01295,0.013179,95381559
1763132400,2025-11-14 15:00:00,0.01295,0.013371,0.01318,0.0132,69023455
1763136000,2025-11-14 16:00:00,0.013089,0.013456,0.013202,0.013385,62758401
1763139600,2025-11-14 17:00:00,0.013052,0.013436,0.013387,0.013112,37029161
1763143200,2025-11-14 18:00:00,0.013065,0.013313,0.013111,0.01319,41662933
1763146800,2025-11-14 19:00:00,0.013148,0.013455,0.013185,0.013367,35661071
1763150400,2025-11-14 20:00:00,0.012866,0.013374,0.013369,0.012976,46454457
1763154000,2025-11-14 21:00:00,0.012894,0.013178,0.012978,0.013066,20555323
1763157600,2025-11-14 22:00:00,0.012914,0.013165,0.013069,0.012964,23282446
1763161200,2025-11-14 23:00:00,0.012552,0.012986,0.012964,0.012869,83161424
1763164800,2025-11-15 00:00:00,0.012857,0.013042,0.012869,0.013032,41365087
1763168400,2025-11-15 01:00:00,0.012964,0.01325,0.013034,0.013207,20867171
1763172000,2025-11-15 02:00:00,0.013165,0.013327,0.013212,0.013323,47657550
1763175600,2025-11-15 03:00:00,0.013302,0.013397,0.01332,0.013343,32452805
1763179200,2025-11-15 04:00:00,0.013285,0.013385,0.013348,0.01329,10126490
1763182800,2025-11-15 05:00:00,0.013241,0.013363,0.013286,0.013363,13012975
1763186400,2025-11-15 06:00:00,0.013318,0.013423,0.01336,0.013338,8707200
1763190000,2025-11-15 07:00:00,0.013283,0.013396,0.013339,0.013298,6342019
1763193600,2025-11-15 08:00:00,0.013004,0.013294,0.013294,0.013044,12907986
1763197200,2025-11-15 09:00:00,0.01301,0.013187,0.013042,0.01306,8968730
1763200800,2025-11-15 10:00:00,0.013011,0.013149,0.013056,0.01314,7254287
1763204400,2025-11-15 11:00:00,0.013005,0.01316,0.01314,0.013053,8615325
1763208000,2025-11-15 12:00:00,0.01302,0.013218,0.013051,0.013184,10884265
1763211600,2025-11-15 13:00:00,0.013182,0.01334,0.013182,0.013309,19906740
1763215200,2025-11-15 14:00:00,0.01323,0.013328,0.013304,0.013318,20021512
1763218800,2025-11-15 15:00:00,0.013234,0.013358,0.013314,0.013237,11369264
1763222400,2025-11-15 16:00:00,0.013152,0.01328,0.013236,0.013238,23998387
1763226000,2025-11-15 17:00:00,0.013176,0.013349,0.01324,0.013331,24948897
1763229600,2025-11-15 18:00:00,0.013251,0.013351,0.013331,0.013278,16941315
1763233200,2025-11-15 19:00:00,0.013204,0.013304,0.013276,0.01323,11141063
1763236800,2025-11-15 20:00:00,0.013066,0.013228,0.013228,0.013089,27794102
1763240400,2025-11-15 21:00:00,0.012987,0.013202,0.013084,0.013025,22452581
1763244000,2025-11-15 22:00:00,0.013006,0.013148,0.013024,0.013147,10130738
1763247600,2025-11-15 23:00:00,0.013119,0.013186,0.013144,0.013119,12605678
1763251200,2025-11-16 00:00:00,0.01293,0.013164,0.013123,0.013032,26481651
1763254800,2025-11-16 01:00:00,0.012792,0.013091,0.01303,0.012998,22553938
1763258400,2025-11-16 02:00:00,0.012942,0.013183,0.012996,0.013166,16972755
1763262000,2025-11-16 03:00:00,0.013121,0.013224,0.013168,0.01319,8520378
1763265600,2025-11-16 04:00:00,0.013051,0.013199,0.013189,0.013125,9899264
1763269200,2025-11-16 05:00:00,0.013113,0.013242,0.013123,0.013152,8001682
1763272800,2025-11-16 06:00:00,0.013108,0.013209,0.01315,0.013124,5996177
1763276400,2025-11-16 07:00:00,0.013076,0.013184,0.013122,0.013184,8516351
1763280000,2025-11-16 08:00:00,0.013085,0.013202,0.013186,0.01313,9192460
1763283600,2025-11-16 09:00:00,0.013069,0.013277,0.013133,0.013275,14323137
1763287200,2025-11-16 10:00:00,0.013212,0.013282,0.013272,0.013214,11062535
1763290800,2025-11-16 11:00:00,0.012851,0.013226,0.013214,0.012906,11812176
1763294400,2025-11-16 12:00:00,0.012785,0.012992,0.012902,0.012877,20764567
1763298000,2025-11-16 13:00:00,0.012714,0.012926,0.012873,0.012794,15041147
1763301600,2025-11-16 14:00:00,0.012745,0.012896,0.012796,0.012865,18140396
1763305200,2025-11-16 15:00:00,0.012456,0.012861,0.012861,0.012484,34581794
1763308800,2025-11-16 16:00:00,0.012197,0.012619,0.012491,0.012254,58803254
1763312400,2025-11-16 17:00:00,0.0121,0.012368,0.012256,0.012281,51358625
1763316000,2025-11-16 18:00:00,0.012216,0.012597,0.01228,0.012282,51750088
1763319600,2025-11-16 19:00:00,0.012279,0.012504,0.01228,0.012326,65895353
1763323200,2025-11-16 20:00:00,0.012304,0.012555,0.01232,0.012342,60041584
1763326800,2025-11-16 21:00:00,0.012185,0.012356,0.012346,0.012266,38176796
1763330400,2025-11-16 22:00:00,0.012124,0.012475,0.012267,0.012412,21408359
1763334000,2025-11-16 23:00:00,0.012169,0.01259,0.012415,0.012482,41609730
1763337600,2025-11-17 00:00:00,0.012282,0.01267,0.012484,0.0126,43367842
1763341200,2025-11-17 01:00:00,0.012484,0.012646,0.012604,0.01251,24260238
1763344800,2025-11-17 02:00:00,0.012477,0.012671,0.012512,0.012622,28411886
1763348400,2025-11-17 03:00:00,0.012622,0.012816,0.012622,0.012806,15011684
1763352000,2025-11-17 04:00:00,0.01274,0.012876,0.01281,0.012792,14779666
1763355600,2025-11-17 05:00:00,0.01273,0.012823,0.01279,0.012794,8103349
1763359200,2025-11-17 06:00:00,0.012709,0.012845,0.012796,0.012834,14426242
1763362800,2025-11-17 07:00:00,0.012796,0.012911,0.012836,0.01286,11547265
1763366400,2025-11-17 08:00:00,0.012821,0.012921,0.012861,0.012853,14015097
1763370000,2025-11-17 09:00:00,0.012777,0.012932,0.01285,0.012853,8297021
1763373600,2025-11-17 10:00:00,0.012842,0.012929,0.012858,0.012869,7403304
1763377200,2025-11-17 11:00:00,0.012854,0.012998,0.012868,0.012916,8765650
1763380800,2025-11-17 12:00:00,0.012824,0.01292,0.012918,0.012842,11001757
1763384400,2025-11-17 13:00:00,0.012271,0.012862,0.012847,0.0124,36219316
1763388000,2025-11-17 14:00:00,0.012312,0.013032,0.012393,0.012671,67674718
1763391600,2025-11-17 15:00:00,0.012264,0.012741,0.012672,0.012332,54501052
1763395200,2025-11-17 16:00:00,0.01207,0.012608,0.01233,0.012602,114469154
1763398800,2025-11-17 17:00:00,0.012105,0.012599,0.012599,0.012126,51571308
1763402400,2025-11-17 18:00:00,0.011883,0.012256,0.01213,0.011932,73598657
1763406000,2025-11-17 19:00:00,0.011781,0.012022,0.011931,0.011834,55866548
1763409600,2025-11-17 20:00:00,0.011739,0.011988,0.01183,0.011874,77767945
1763413200,2025-11-17 21:00:00,0.011804,0.012019,0.011877,0.011965,70604749
1763416800,2025-11-17 22:00:00,0.011891,0.012091,0.011959,0.011971,53337033
1763420400,2025-11-17 23:00:00,0.011884,0.012039,0.011961,0.012011,26434889
1763424000,2025-11-18 00:00:00,0.01171,0.012043,0.012012,0.01198,54132550
1763427600,2025-11-18 01:00:00,0.011911,0.012058,0.011981,0.011943,34705455
1763431200,2025-11-18 02:00:00,0.011761,0.012192,0.011946,0.011927,83713215
1763434800,2025-11-18 03:00:00,0.011754,0.012187,0.01193,0.012105,61241517
1763438400,2025-11-18 04:00:00,0.01186,0.012176,0.012108,0.012156,47934613
1763442000,2025-11-18 05:00:00,0.012022,0.012284,0.012157,0.012148,38762401
1763445600,2025-11-18 06:00:00,0.011996,0.012183,0.012148,0.012022,27168083
1763449200,2025-11-18 07:00:00,0.011926,0.012151,0.012021,0.012084,34970664
1763452800,2025-11-18 08:00:00,0.012075,0.012258,0.012086,0.012191,31519000
1763456400,2025-11-18 09:00:00,0.012086,0.012233,0.012188,0.012218,18013478
1763460000,2025-11-18 10:00:00,0.01214,0.012259,0.012222,0.012219,20592048
1763463600,2025-11-18 11:00:00,0.012122,0.012228,0.012214,0.012134,9830392
1763467200,2025-11-18 12:00:00,0.012006,0.012232,0.012132,0.012189,23772509
1763470800,2025-11-18 13:00:00,0.011941,0.012182,0.012182,0.012063,30305291
1763474400,2025-11-18 14:00:00,0.01199,0.012244,0.012065,0.011993,65664159
1763478000,2025-11-18 15:00:00,0.011894,0.012454,0.011992,0.012349,66524862
1763481600,2025-11-18 16:00:00,0.012298,0.012601,0.01235,0.012461,59915863
1763485200,2025-11-18 17:00:00,0.012343,0.012496,0.012462,0.012419,18934187
1763488800,2025-11-18 18:00:00,0.012422,0.012605,0.012422,0.01253,28896641
1763492400,2025-11-18 19:00:00,0.012503,0.012632,0.012531,0.01254,15113130
1763496000,2025-11-18 20:00:00,0.012462,0.01259,0.012542,0.012462,8255779
1763499600,2025-11-18 21:00:00,0.012231,0.012464,0.012461,0.012235,28101778
1763503200,2025-11-18 22:00:00,0.012238,0.012477,0.012238,0.012416,19469591
1763506800,2025-11-18 23:00:00,0.012312,0.012422,0.012408,0.012343,17298369
1763510400,2025-11-19 00:00:00,0.012122,0.012358,0.012342,0.012316,23214500
1763514000,2025-11-19 01:00:00,0.012248,0.012427,0.012321,0.012331,24265401
1763517600,2025-11-19 02:00:00,0.012294,0.01248,0.012332,0.012378,18240948
1763521200,2025-11-19 03:00:00,0.012137,0.012445,0.012382,0.012177,26607289
1763524800,2025-11-19 04:00:00,0.012095,0.012224,0.012176,0.012134,24203103
1763528400,2025-11-19 05:00:00,0.011779,0.01216,0.012138,0.011892,62995450
1763532000,2025-11-19 06:00:00,0.011848,0.012038,0.011894,0.012028,20338319
1763535600,2025-11-19 07:00:00,0.012016,0.012234,0.012026,0.012177,15577437
1763539200,2025-11-19 08:00:00,0.012106,0.012226,0.012172,0.01213,12537954
1763542800,2025-11-19 09:00:00,0.012016,0.012189,0.012128,0.012172,16032221
1763546400,2025-11-19 10:00:00,0.012082,0.012238,0.01217,0.012097,7563126
1763550000,2025-11-19 11:00:00,0.012057,0.012153,0.012092,0.012064,4027750
1763553600,2025-11-19 12:00:00,0.01205,0.012173,0.012068,0.012153,12812396
1763557200,2025-11-19 13:00:00,0.011965,0.01215,0.01215,0.011968,32972222
1763560800,2025-11-19 14:00:00,0.011795,0.012024,0.011969,0.011967,56035783
1763564400,2025-11-19 15:00:00,0.011674,0.01223,0.011968,0.011707,65676513
1763568000,2025-11-19 16:00:00,0.011447,0.011814,0.011704,0.011506,62709135
1763571600,2025-11-19 17:00:00,0.01129,0.011588,0.011498,0.011431,39271615
1763575200,2025-11-19 18:00:00,0.011161,0.011494,0.01143,0.011266,70579797
1763578800,2025-11-19 19:00:00,0.011153,0.011308,0.01127,0.011225,38230733
1763582400,2025-11-19 20:00:00,0.011177,0.011568,0.01123,0.011554,44038606
1763586000,2025-11-19 21:00:00,0.011472,0.011919,0.011553,0.011869,64873745
1763589600,2025-11-19 22:00:00,0.011742,0.011876,0.011863,0.011842,17660836
1763593200,2025-11-19 23:00:00,0.011839,0.012096,0.011844,0.012049,43248057
1763596800,2025-11-20 00:00:00,0.011928,0.012183,0.012048,0.012046,50163126
1763600400,2025-11-20 01:00:00,0.012034,0.012231,0.012046,0.012228,31209939
1763604000,2025-11-20 02:00:00,0.012229,0.012471,0.012229,0.012382,64606663
1763607600,2025-11-20 03:00:00,0.012288,0.012465,0.012384,0.012314,28402267
1763611200,2025-11-20 04:00:00,0.01219,0.01237,0.012316,0.01236,21475480
1763614800,2025-11-20 05:00:00,0.012302,0.012469,0.012358,0.012433,21016403
1763618400,2025-11-20 06:00:00,0.012308,0.012505,0.012431,0.012367,19093514
1763622000,2025-11-20 07:00:00,0.01233,0.012485,0.012365,0.012482,15588322
1763625600,2025-11-20 08:00:00,0.012413,0.012532,0.012479,0.012439,17392399
1763629200,2025-11-20 09:00:00,0.01233,0.012462,0.012438,0.012376,16289349
1763632800,2025-11-20 10:00:00,0.012268,0.012387,0.012379,0.012351,17367038
1763636400,2025-11-20 11:00:00,0.012323,0.012452,0.01235,0.012438,10343707
1763640000,2025-11-20 12:00:00,0.012409,0.012728,0.012434,0.012689,33060321
1763643600,2025-11-20 13:00:00,0.012553,0.012828,0.012688,0.012608,73925365
1763647200,2025-11-20 14:00:00,0.012355,0.012731,0.0126,0.012628,74510099
1763650800,2025-11-20 15:00:00,0.01226,0.012653,0.012634,0.012285,43662616
1763654400,2025-11-20 16:00:00,0.011595,0.012323,0.012283,0.011696,179580954
1763658000,2025-11-20 17:00:00,0.011419,0.011752,0.01169,0.011533,93212526
1763661600,2025-11-20 18:00:00,0.011274,0.011613,0.011532,0.011298,47350993
1763665200,2025-11-20 19:00:00,0.011202,0.01164,0.011296,0.011607,39922474
1763668800,2025-11-20 20:00:00,0.011426,0.01166,0.011606,0.011514,29937572
1763672400,2025-11-20 21:00:00,0.011504,0.011818,0.011511,0.011662,27754874
1763676000,2025-11-20 22:00:00,0.011638,0.01195,0.011661,0.011851,23267587
1763679600,2025-11-20 23:00:00,0.011448,0.011871,0.011854,0.011474,28368769
1763683200,2025-11-21 00:00:00,0.011467,0.011642,0.011473,0.011592,23615348
1763686800,2025-11-21 01:00:00,0.011458,0.011638,0.011594,0.011477,18918979
1763690400,2025-11-21 02:00:00,0.01116,0.011498,0.011476,0.011207,62965688
1763694000,2025-11-21 03:00:00,0.011205,0.011436,0.011207,0.011321,40861197
1763697600,2025-11-21 04:00:00,0.011197,0.011446,0.01132,0.01141,24254115
1763701200,2025-11-21 05:00:00,0.011228,0.011444,0.011408,0.011268,18808365
1763704800,2025-11-21 06:00:00,0.011215,0.011331,0.011272,0.011266,22292271
1763708400,2025-11-21 07:00:00,0.01024,0.0113,0.011264,0.010648,234927557
1763712000,2025-11-21 08:00:00,0.010545,0.010792,0.01065,0.010657,81590425
1763715600,2025-11-21 09:00:00,0.010303,0.010742,0.010658,0.010321,121661912
1763719200,2025-11-21 10:00:00,0.010248,0.010502,0.010322,0.010388,133420630
1763722800,2025-11-21 11:00:00,0.010169,0.010492,0.010386,0.010182,166193942
1763726400,2025-11-21 12:00:00,0.0099,0.010508,0.010186,0.010379,234867266
1763730000,2025-11-21 13:00:00,0.010272,0.010524,0.010384,0.010374,104104034
1763733600,2025-11-21 14:00:00,0.010292,0.010699,0.010374,0.010626,97789949
1763737200,2025-11-21 15:00:00,0.010235,0.010663,0.010631,0.010284,78865358
1763740800,2025-11-21 16:00:00,0.01014,0.010591,0.010277,0.010584,118178903
1763744400,2025-11-21 17:00:00,0.010558,0.010804,0.010586,0.010585,83526786
1763748000,2025-11-21 18:00:00,0.01047,0.010821,0.010589,0.010769,197123628
1763751600,2025-11-21 19:00:00,0.010562,0.010804,0.010768,0.010588,16448298
1763755200,2025-11-21 20:00:00,0.010322,0.010588,0.010582,0.010411,126097752
1763758800,2025-11-21 21:00:00,0.010338,0.010694,0.010414,0.010619,26266162
1763762400,2025-11-21 22:00:00,0.010183,0.010668,0.010614,0.010192,28635901
1763766000,2025-11-21 23:00:00,0.010105,0.010553,0.010191,0.010506,44737998
1763769600,2025-11-22 00:00:00,0.010418,0.010559,0.010509,0.010482,21682206
1763773200,2025-11-22 01:00:00,0.01046,0.010634,0.01048,0.010589,17312864
1763776800,2025-11-22 02:00:00,0.010401,0.010594,0.01059,0.010456,12548178
1763780400,2025-11-22 03:00:00,0.010364,0.010528,0.010454,0.010419,23169095
1763784000,2025-11-22 04:00:00,0.01012,0.010424,0.010419,0.010286,49805167
1763787600,2025-11-22 05:00:00,0.010044,0.010311,0.01028,0.010181,17633485
1763791200,2025-11-22 06:00:00,0.010072,0.01037,0.010183,0.010299,12580400
1763794800,2025-11-22 07:00:00,0.010216,0.010323,0.010299,0.010268,6677247
1763798400,2025-11-22 08:00:00,0.010011,0.010266,0.010266,0.010058,27322638
1763802000,2025-11-22 09:00:00,0.010022,0.010261,0.01006,0.010174,9785729
1763805600,2025-11-22 10:00:00,0.010058,0.010229,0.010175,0.010122,10990019
1763809200,2025-11-22 11:00:00,0.010088,0.010298,0.010128,0.010196,6801347
1763812800,2025-11-22 12:00:00,0.010032,0.010194,0.010194,0.010048,18481648
1763816400,2025-11-22 13:00:00,0.009909,0.010101,0.010046,0.010003,36820508
1763820000,2025-11-22 14:00:00,0.010005,0.01025,0.010005,0.010165,45437529
1763823600,2025-11-22 15:00:00,0.009982,0.010188,0.010165,0.010025,50453896
1763827200,2025-11-22 16:00:00,0.010003,0.010151,0.010024,0.010131,38738127
1763830800,2025-11-22 17:00:00,0.010067,0.010166,0.010134,0.010091,27596626
1763834400,2025-11-22 18:00:00,0.010035,0.010165,0.01008,0.010143,17362473
1763838000,2025-11-22 19:00:00,0.010031,0.010197,0.010146,0.010062,22878701
1763841600,2025-11-22 20:00:00,0.009894,0.010148,0.010063,0.009964,33774771
1763845200,2025-11-22 21:00:00,0.009949,0.010077,0.009963,0.010064,19547452
1763848800,2025-11-22 22:00:00,0.01,0.010401,0.010064,0.010372,62751703
1763852400,2025-11-22 23:00:00,0.010176,0.010383,0.01037,0.0102,44186198
1763856000,2025-11-23 00:00:00,0.010093,0.010276,0.0102,0.010152,15070245
1763859600,2025-11-23 01:00:00,0.01015,0.010407,0.010154,0.010344,53056127
1763863200,2025-11-23 02:00:00,0.01032,0.010547,0.010346,0.010446,58708007
1763866800,2025-11-23 03:00:00,0.010347,0.010482,0.010447,0.010482,46235746
1763870400,2025-11-23 04:00:00,0.010435,0.010654,0.010484,0.010554,46498793
1763874000,2025-11-23 05:00:00,0.010463,0.010551,0.010551,0.010538,17843933
1763877600,2025-11-23 06:00:00,0.010353,0.010572,0.010542,0.010371,10385019
1763881200,2025-11-23 07:00:00,0.010236,0.010386,0.010373,0.010318,17858395
1763884800,2025-11-23 08:00:00,0.010258,0.010346,0.010318,0.010314,12860979
1763888400,2025-11-23 09:00:00,0.010304,0.010391,0.010315,0.010318,11965275
1763892000,2025-11-23 10:00:00,0.010206,0.010322,0.010319,0.01028,10289179
1763895600,2025-11-23 11:00:00,0.010182,0.01029,0.010278,0.010274,9058307
1763899200,2025-11-23 12:00:00,0.010265,0.010467,0.010275,0.010356,17394270
1763902800,2025-11-23 13:00:00,0.010288,0.010455,0.01035,0.010436,33816522
1763906400,2025-11-23 14:00:00,0.010249,0.010528,0.010433,0.010266,53543328
1763910000,2025-11-23 15:00:00,0.010235,0.010538,0.010262,0.010496,23922803
1763913600,2025-11-23 16:00:00,0.010382,0.010613,0.010492,0.010384,26811733
1763917200,2025-11-23 17:00:00,0.010288,0.01042,0.010386,0.010328,19364953
1763920800,2025-11-23 18:00:00,0.010329,0.01053,0.010329,0.010447,10894751
1763924400,2025-11-23 19:00:00,0.010439,0.010606,0.010446,0.010527,21279535
1763928000,2025-11-23 20:00:00,0.010481,0.010579,0.01053,0.010507,30444812
1763931600,2025-11-23 21:00:00,0.010426,0.010598,0.010506,0.010577,17461837
1763935200,2025-11-23 22:00:00,0.010486,0.010607,0.010578,0.010514,33953594
1763938800,2025-11-23 23:00:00,0.010292,0.010543,0.010516,0.010332,15942933
1763942400,2025-11-24 00:00:00,0.010203,0.010424,0.010331,0.010299,12021594
1763946000,2025-11-24 01:00:00,0.010194,0.010381,0.010293,0.010354,33611000
1763949600,2025-11-24 02:00:00,0.010317,0.010697,0.010352,0.010494,118473372
1763953200,2025-11-24 03:00:00,0.010433,0.010646,0.010494,0.010546,55237064
1763956800,2025-11-24 04:00:00,0.010316,0.010616,0.010545,0.010424,59158848
1763960400,2025-11-24 05:00:00,0.010409,0.010725,0.010424,0.01059,53491752
1763964000,2025-11-24 06:00:00,0.010426,0.010608,0.010591,0.01048,43024596
1763967600,2025-11-24 07:00:00,0.010382,0.010516,0.010478,0.010405,19876545
1763971200,2025-11-24 08:00:00,0.010353,0.010443,0.0104,0.010407,27518518
1763974800,2025-11-24 09:00:00,0.010133,0.010413,0.010406,0.010172,41675392
1763978400,2025-11-24 10:00:00,0.010136,0.010226,0.010173,0.010184,16244884
1763982000,2025-11-24 11:00:00,0.010132,0.010255,0.010187,0.010241,27298299
1763985600,2025-11-24 12:00:00,0.010135,0.010272,0.01024,0.010156,34580902
1763989200,2025-11-24 13:00:00,0.010148,0.010343,0.010156,0.010226,57964231
1763992800,2025-11-24 14:00:00,0.010117,0.010444,0.010225,0.010354,86170649
1763996400,2025-11-24 15:00:00,0.010222,0.010515,0.010356,0.010427,106778252
1764000000,2025-11-24 16:00:00,0.010404,0.010556,0.010431,0.010474,60457690
1764003600,2025-11-24 17:00:00,0.010476,0.010948,0.010476,0.010921,87138004
1764007200,2025-11-24 18:00:00,0.010892,0.01103,0.010924,0.010944,53939437
1764010800,2025-11-24 19:00:00,0.01091,0.011019,0.010942,0.010969,43262306
1764014400,2025-11-24 20:00:00,0.010937,0.011275,0.010972,0.01124,67453758
1764018000,2025-11-24 21:00:00,0.011128,0.011279,0.011236,0.01117,41839978
1764021600,2025-11-24 22:00:00,0.011098,0.011287,0.011171,0.011172,25892069
1764025200,2025-11-24 23:00:00,0.011128,0.011326,0.011175,0.011294,37882051
1764028800,2025-11-25 00:00:00,0.01117,0.011379,0.011296,0.011206,39454166
1764032400,2025-11-25 01:00:00,0.011077,0.011258,0.0112,0.011083,31061370
1764036000,2025-11-25 02:00:00,0.011019,0.011212,0.011084,0.011204,17926067
1764039600,2025-11-25 03:00:00,0.011187,0.011307,0.011201,0.011237,21963885
1764043200,2025-11-25 04:00:00,0.011196,0.011306,0.011237,0.01126,17433326
1764046800,2025-11-25 05:00:00,0.011192,0.011295,0.011258,0.011242,8224921
1764050400,2025-11-25 06:00:00,0.011235,0.011454,0.011238,0.011433,20099039
1764054000,2025-11-25 07:00:00,0.01118,0.01157,0.011432,0.011228,25753035
1764057600,2025-11-25 08:00:00,0.011139,0.011331,0.011216,0.011174,28702080
1764061200,2025-11-25 09:00:00,0.011073,0.011234,0.011178,0.011233,24476089
1764064800,2025-11-25 10:00:00,0.011176,0.01141,0.011232,0.011375,35583811
1764068400,2025-11-25 11:00:00,0.011199,0.011374,0.011374,0.011234,23967646
1764072000,2025-11-25 12:00:00,0.011208,0.011397,0.01123,0.011373,22139627
1764075600,2025-11-25 13:00:00,0.011248,0.011581,0.011364,0.01128,69097055
1764079200,2025-11-25 14:00:00,0.010917,0.011368,0.011282,0.01108,54429286
1764082800,2025-11-25 15:00:00,0.010876,0.011215,0.011081,0.011072,37555348
1764086400,2025-11-25 16:00:00,0.010998,0.011252,0.011075,0.01115,57334692
1764090000,2025-11-25 17:00:00,0.011026,0.011288,0.011148,0.011137,28463287
1764093600,2025-11-25 18:00:00,0.011088,0.011295,0.011134,0.011118,30613059
1764097200,2025-11-25 19:00:00,0.010868,0.011194,0.01112,0.011191,41434915
1764100800,2025-11-25 20:00:00,0.011149,0.011331,0.011194,0.011273,41696066
1764104400,2025-11-25 21:00:00,0.011162,0.011284,0.011269,0.011166,16403512
1764108000,2025-11-25 22:00:00,0.011007,0.011358,0.011164,0.011341,18719684
1764111600,2025-11-25 23:00:00,0.011271,0.011474,0.011342,0.011362,27753631
1764115200,2025-11-26 00:00:00,0.011262,0.011411,0.011359,0.011281,77159627
1764118800,2025-11-26 01:00:00,0.01126,0.011457,0.011282,0.011366,64317834
1764122400,2025-11-26 02:00:00,0.011284,0.011414,0.011365,0.011288,11014240
1764126000,2025-11-26 03:00:00,0.011107,0.011303,0.011287,0.011108,54524734
1764129600,2025-11-26 04:00:00,0.011082,0.011183,0.011118,0.01113,10448198
1764133200,2025-11-26 05:00:00,0.011124,0.011315,0.011131,0.011236,8657562
1764136800,2025-11-26 06:00:00,0.011173,0.011283,0.011233,0.011224,7464298
1764140400,2025-11-26 07:00:00,0.011193,0.011276,0.011222,0.01127,7931064
1764144000,2025-11-26 08:00:00,0.011041,0.011267,0.011264,0.011041,20353242
1764147600,2025-11-26 09:00:00,0.010931,0.011072,0.011043,0.010955,9371734
1764151200,2025-11-26 10:00:00,0.010891,0.011022,0.010956,0.010987,10207227
1764154800,2025-11-26 11:00:00,0.010918,0.011015,0.010986,0.010954,7550829
1764158400,2025-11-26 12:00:00,0.010803,0.010973,0.010952,0.01083,17965824
1764162000,2025-11-26 13:00:00,0.010821,0.010999,0.010831,0.010976,13101045
1764165600,2025-11-26 14:00:00,0.010782,0.011022,0.010963,0.010808,29673255
1764169200,2025-11-26 15:00:00,0.010713,0.010882,0.010807,0.010796,57160162
1764172800,2025-11-26 16:00:00,0.010789,0.011044,0.010793,0.01099,21502694
1764176400,2025-11-26 17:00:00,0.010979,0.01155,0.010989,0.011502,68370678
1764180000,2025-11-26 18:00:00,0.011424,0.011607,0.011502,0.0116,66191280
1764183600,2025-11-26 19:00:00,0.01144,0.011606,0.011602,0.011463,24257187
1764187200,2025-11-26 20:00:00,0.01133,0.011483,0.011464,0.01139,29145671
1764190800,2025-11-26 21:00:00,0.01139,0.011884,0.011391,0.011799,64898261
1764194400,2025-11-26 22:00:00,0.011646,0.011835,0.0118,0.011668,28792555
1764198000,2025-11-26 23:00:00,0.011577,0.011871,0.011672,0.011627,34121602
1764201600,2025-11-27 00:00:00,0.011486,0.011718,0.011622,0.01155,39679469
1764205200,2025-11-27 01:00:00,0.011476,0.011714,0.011549,0.0116,42304414
1764208800,2025-11-27 02:00:00,0.011526,0.011682,0.0116,0.011589,54086807
1764212400,2025-11-27 03:00:00,0.01145,0.011678,0.011591,0.011513,40154924
1764216000,2025-11-27 04:00:00,0.011513,0.011781,0.011513,0.01166,46763809
1764219600,2025-11-27 05:00:00,0.01151,0.011664,0.011662,0.011556,32222177
1764223200,2025-11-27 06:00:00,0.011534,0.011606,0.011558,0.011587,21468192
1764226800,2025-11-27 07:00:00,0.011528,0.011641,0.011586,0.011586,21925470
1764230400,2025-11-27 08:00:00,0.011509,0.011619,0.011586,0.011528,23477294
1764234000,2025-11-27 09:00:00,0.011446,0.011566,0.011536,0.011462,25078377
1764237600,2025-11-27 10:00:00,0.011282,0.011458,0.011458,0.011285,29379032
1764241200,2025-11-27 11:00:00,0.011132,0.011291,0.011284,0.011194,26666454
1764244800,2025-11-27 12:00:00,0.011106,0.011208,0.01119,0.011119,17510530
1764248400,2025-11-27 13:00:00,0.011111,0.011272,0.011117,0.011232,41535745
1764252000,2025-11-27 14:00:00,0.011218,0.011373,0.011233,0.011354,60864671
1764255600,2025-11-27 15:00:00,0.011287,0.011469,0.011352,0.011444,63671454
1764259200,2025-11-27 16:00:00,0.011424,0.011622,0.011443,0.011569,50980131
1764262800,2025-11-27 17:00:00,0.01148,0.011582,0.011569,0.011542,31534133
1764266400,2025-11-27 18:00:00,0.011493,0.011598,0.011547,0.011545,50313134
1764270000,2025-11-27 19:00:00,0.01151,0.011602,0.011544,0.011588,20904548
1764273600,2025-11-27 20:00:00,0.011533,0.0116,0.01159,0.011546,23130677
1764277200,2025-11-27 21:00:00,0.011493,0.011612,0.011546,0.011509,26551630
1764280800,2025-11-27 22:00:00,0.01129,0.011519,0.011505,0.011306,22029279
1764284400,2025-11-27 23:00:00,0.011253,0.011368,0.011304,0.01131,33542253
1764288000,2025-11-28 00:00:00,0.011245,0.011358,0.011309,0.011245,12492754
1764291600,2025-11-28 01:00:00,0.011066,0.011249,0.011244,0.01107,27457726
1764295200,2025-11-28 02:00:00,0.010958,0.011088,0.011079,0.011037,41463424
1764298800,2025-11-28 03:00:00,0.011009,0.011105,0.011036,0.011079,15237192
1764302400,2025-11-28 04:00:00,0.011042,0.011129,0.01108,0.011056,17620106
1764306000,2025-11-28 05:00:00,0.011009,0.011115,0.011054,0.011078,22835957
1764309600,2025-11-28 06:00:00,0.010992,0.011077,0.011076,0.011005,10681922
1764313200,2025-11-28 07:00:00,0.010991,0.011066,0.011004,0.011,16536390
1764316800,2025-11-28 08:00:00,0.010996,0.011476,0.011001,0.011476,50607929
1764320400,2025-11-28 09:00:00,0.01143,0.011594,0.01148,0.011536,43950867
1764324000,2025-11-28 10:00:00,0.011482,0.011564,0.011537,0.011494,24342263
1764327600,2025-11-28 11:00:00,0.01127,0.01151,0.011492,0.01131,34455332
1764331200,2025-11-28 12:00:00,0.011283,0.011401,0.011308,0.011338,26637318
1764334800,2025-11-28 13:00:00,0.011262,0.011654,0.011336,0.01163,42921947
1764338400,2025-11-28 14:00:00,0.011612,0.011933,0.011632,0.011802,110094992
1764342000,2025-11-28 15:00:00,0.011719,0.012287,0.011804,0.011988,190746725
1764345600,2025-11-28 16:00:00,0.011423,0.011996,0.011984,0.011426,161757838
1764349200,2025-11-28 17:00:00,0.011082,0.011491,0.01143,0.011194,154611965
1764352800,2025-11-28 18:00:00,0.011035,0.011229,0.01119,0.011201,89132425
1764356400,2025-11-28 19:00:00,0.011154,0.011308,0.011207,0.011257,46895625
1764360000,2025-11-28 20:00:00,0.01112,0.011254,0.011254,0.011202,41226172
1764363600,2025-11-28 21:00:00,0.011126,0.011263,0.011205,0.011126,26589383
1764367200,2025-11-28 22:00:00,0.011071,0.01121,0.011124,0.011207,36484056
1764370800,2025-11-28 23:00:00,0.011165,0.01125,0.011208,0.011182,14226043
1764374400,2025-11-29 00:00:00,0.011145,0.011276,0.01118,0.011238,35800821
1764378000,2025-11-29 01:00:00,0.011205,0.011404,0.011238,0.011229,24929238
1764381600,2025-11-29 02:00:00,0.01112,0.011232,0.011228,0.011196,19930636
1764385200,2025-11-29 03:00:00,0.011131,0.011228,0.011193,0.01115,11968145
1764388800,2025-11-29 04:00:00,0.011116,0.011234,0.011148,0.011217,16707886
1764392400,2025-11-29 05:00:00,0.011101,0.011221,0.011217,0.011105,18263484
1764396000,2025-11-29 06:00:00,0.010979,0.011131,0.011105,0.011023,26255003
1764399600,2025-11-29 07:00:00,0.011008,0.011104,0.011024,0.011018,12545888
1764403200,2025-11-29 08:00:00,0.010946,0.011039,0.011016,0.010967,17115798
1764406800,2025-11-29 09:00:00,0.010916,0.010993,0.010968,0.010959,12774689
1764410400,2025-11-29 10:00:00,0.010882,0.010981,0.01096,0.010956,18346331
1764414000,2025-11-29 11:00:00,0.010934,0.011042,0.010954,0.011031,13850735
1764417600,2025-11-29 12:00:00,0.010935,0.011057,0.011032,0.010935,15609235
1764421200,2025-11-29 13:00:00,0.010881,0.010949,0.010934,0.010894,20231162
1764424800,2025-11-29 14:00:00,0.010823,0.010894,0.010894,0.01085,25055589
1764428400,2025-11-29 15:00:00,0.01083,0.011019,0.010846,0.010981,25704628
1764432000,2025-11-29 16:00:00,0.010923,0.011021,0.010978,0.010962,9411631
1764435600,2025-11-29 17:00:00,0.010815,0.010964,0.010962,0.010831,24588647
1764439200,2025-11-29 18:00:00,0.010774,0.010881,0.010832,0.01083,37969641
1764442800,2025-11-29 19:00:00,0.010797,0.010874,0.010831,0.010804,8732974
1764446400,2025-11-29 20:00:00,0.01074,0.010897,0.010805,0.010873,17061073
1764450000,2025-11-29 21:00:00,0.01084,0.010944,0.010873,0.010918,10020748
1764453600,2025-11-29 22:00:00,0.01081,0.010916,0.010916,0.01081,8840538
1764457200,2025-11-29 23:00:00,0.01079,0.010871,0.010808,0.010827,10821571
1764460800,2025-11-30 00:00:00,0.010827,0.010898,0.010828,0.010845,13925665
1764464400,2025-11-30 01:00:00,0.010831,0.010984,0.010844,0.010943,24366552
1764468000,2025-11-30 02:00:00,0.010874,0.011014,0.010944,0.010882,9811011
1764471600,2025-11-30 03:00:00,0.010755,0.010943,0.010879,0.010921,12379097
1764475200,2025-11-30 04:00:00,0.010815,0.010943,0.010919,0.010825,8306442
1764478800,2025-11-30 05:00:00,0.010762,0.010831,0.010825,0.010773,14266404
1764482400,2025-11-30 06:00:00,0.010767,0.010957,0.010772,0.010915,15653951
1764486000,2025-11-30 07:00:00,0.010914,0.011095,0.010918,0.011031,17501056
1764489600,2025-11-30 08:00:00,0.01096,0.011131,0.011034,0.011051,23908247
1764493200,2025-11-30 09:00:00,0.011013,0.011083,0.011056,0.011037,26021544
1764496800,2025-11-30 10:00:00,0.010971,0.011146,0.011038,0.010986,17970564
1764500400,2025-11-30 11:00:00,0.010874,0.011017,0.010986,0.010893,12987778
1764504000,2025-11-30 12:00:00,0.010848,0.011061,0.010888,0.010979,17405623
1764507600,2025-11-30 13:00:00,0.010967,0.011228,0.010974,0.011155,37460063
1764511200,2025-11-30 14:00:00,0.010984,0.011161,0.011156,0.011064,30773427
1764514800,2025-11-30 15:00:00,0.010911,0.011065,0.011063,0.010963,9189885
1764518400,2025-11-30 16:00:00,0.010957,0.011206,0.010963,0.011118,27394279
1764522000,2025-11-30 17:00:00,0.011008,0.011121,0.011121,0.011101,22909152
1764525600,2025-11-30 18:00:00,0.011038,0.011126,0.011096,0.0111,21165840
1764529200,2025-11-30 19:00:00,0.011068,0.011144,0.011106,0.011101,16159253
1764532800,2025-11-30 20:00:00,0.010971,0.011197,0.011099,0.011084,22786962
1764536400,2025-11-30 21:00:00,0.010966,0.011084,0.011083,0.01101,24766686
1764540000,2025-11-30 22:00:00,0.01098,0.011115,0.011013,0.011042,12906322
1764543600,2025-11-30 23:00:00,0.010713,0.011045,0.011044,0.010725,32539568
1764547200,2025-12-01 00:00:00,0.009814,0.010756,0.010725,0.009831,249541229
1764550800,2025-12-01 01:00:00,0.009796,0.009996,0.00983,0.009866,119058835
1764554400,2025-12-01 02:00:00,0.009766,0.009927,0.009866,0.009807,136283818
1764558000,2025-12-01 03:00:00,0.009662,0.009808,0.009807,0.009675,59432000
1764561600,2025-12-01 04:00:00,0.009571,0.009682,0.009674,0.009619,62472421
1764565200,2025-12-01 05:00:00,0.009598,0.009693,0.009617,0.00966,33917498
1764568800,2025-12-01 06:00:00,0.009621,0.009746,0.009656,0.009728,40080601
1764572400,2025-12-01 07:00:00,0.009614,0.009746,0.009729,0.009732,49003745
1764576000,2025-12-01 08:00:00,0.009683,0.009773,0.009731,0.009729,32819887
1764579600,2025-12-01 09:00:00,0.009695,0.009798,0.009729,0.009761,51656834
1764583200,2025-12-01 10:00:00,0.009757,0.01001,0.00976,0.01001,43110705
1764586800,2025-12-01 11:00:00,0.00977,0.01001,0.01001,0.009773,38083621
1764590400,2025-12-01 12:00:00,0.009641,0.009879,0.009774,0.009819,57693010
1764594000,2025-12-01 13:00:00,0.009701,0.009937,0.009818,0.009717,60968818
1764597600,2025-12-01 14:00:00,0.00963,0.0098,0.009714,0.009699,51952344
1764601200,2025-12-01 15:00:00,0.009403,0.00972,0.009699,0.009581,88773616
1764604800,2025-12-01 16:00:00,0.009366,0.009585,0.009583,0.009427,67935368
1764608400,2025-12-01 17:00:00,0.009343,0.009497,0.009428,0.009379,68573342
1764612000,2025-12-01 18:00:00,0.00936,0.009536,0.009381,0.009515,64398912
1764615600,2025-12-01 19:00:00,0.009385,0.00953,0.009516,0.009401,23745353
1764619200,2025-12-01 20:00:00,0.009402,0.009565,0.009402,0.009493,50661840
1764622800,2025-12-01 21:00:00,0.009493,0.009739,0.009496,0.009654,56460283
1764626400,2025-12-01 22:00:00,0.009641,0.009767,0.009654,0.009678,35984630
1764630000,2025-12-01 23:00:00,0.009678,0.009844,0.009678,0.009772,22097623
1764633600,2025-12-02 00:00:00,0.009651,0.009811,0.009772,0.009662,23233342
1764637200,2025-12-02 01:00:00,0.00961,0.009861,0.009656,0.009635,56345818
1764640800,2025-12-02 02:00:00,0.009593,0.009703,0.009632,0.009617,28322677
1764644400,2025-12-02 03:00:00,0.009536,0.009737,0.009616,0.009707,30940237
1764648000,2025-12-02 04:00:00,0.009704,0.009804,0.009704,0.009716,24256615
1764651600,2025-12-02 05:00:00,0.009685,0.009742,0.009714,0.00969,15248296
1764655200,2025-12-02 06:00:00,0.009671,0.009838,0.009689,0.009822,24643331
1764658800,2025-12-02 07:00:00,0.009713,0.00982,0.009818,0.009742,17145698
1764662400,2025-12-02 08:00:00,0.009641,0.009744,0.009744,0.009655,20888902
1764666000,2025-12-02 09:00:00,0.009651,0.009745,0.009651,0.009711,7521172
1764669600,2025-12-02 10:00:00,0.009706,0.009896,0.00971,0.009872,13545989
1764673200,2025-12-02 11:00:00,0.009839,0.01,0.009876,0.009981,11637142
1764676800,2025-12-02 12:00:00,0.009968,0.010062,0.009982,0.010016,20553516
1764680400,2025-12-02 13:00:00,0.009982,0.010291,0.010016,0.010246,56002736
1764684000,2025-12-02 14:00:00,0.010214,0.010918,0.010242,0.010916,79015959
1764687600,2025-12-02 15:00:00,0.01092,0.012207,0.01092,0.012055,261265933
1764691200,2025-12-02 16:00:00,0.012034,0.012512,0.012056,0.012293,317530824
1764694800,2025-12-02 17:00:00,0.01221,0.01279,0.012293,0.0124,239316069
1764698400,2025-12-02 18:00:00,0.012174,0.01249,0.012391,0.012196,111260462
1764702000,2025-12-02 19:00:00,0.011849,0.01234,0.012193,0.012005,157911790
1764705600,2025-12-02 20:00:00,0.011751,0.012045,0.012002,0.011872,120754422
1764709200,2025-12-02 21:00:00,0.011829,0.012329,0.011864,0.012222,136805305
1764712800,2025-12-02 22:00:00,0.012196,0.0124,0.012216,0.012324,74793630
1764716400,2025-12-02 23:00:00,0.012188,0.012459,0.01232,0.012253,76948265
1764720000,2025-12-03 00:00:00,0.012108,0.012366,0.012254,0.012155,104608176
1764723600,2025-12-03 01:00:00,0.011952,0.012246,0.012152,0.012222,49113072
1764727200,2025-12-03 02:00:00,0.01219,0.012414,0.012219,0.012203,64443104
1764730800,2025-12-03 03:00:00,0.012066,0.012312,0.012196,0.012176,55060660
1764734400,2025-12-03 04:00:00,0.01207,0.012231,0.012175,0.012182,45694521
1764738000,2025-12-03 05:00:00,0.012132,0.01234,0.012174,0.012182,67254134
1764741600,2025-12-03 06:00:00,0.012154,0.012596,0.012176,0.012354,55375668
1764745200,2025-12-03 07:00:00,0.0121,0.012367,0.012354,0.012157,78735730
1764748800,2025-12-03 08:00:00,0.012134,0.01233,0.012159,0.01228,26975055
1764752400,2025-12-03 09:00:00,0.011926,0.012334,0.01228,0.011954,36094546
1764756000,2025-12-03 10:00:00,0.011758,0.011979,0.011952,0.011776,45101651
1764759600,2025-12-03 11:00:00,0.011743,0.011996,0.01178,0.01193,33548480
1764763200,2025-12-03 12:00:00,0.011629,0.011943,0.011925,0.01166,50176251
1764766800,2025-12-03 13:00:00,0.011589,0.011721,0.011658,0.011673,60867063
1764770400,2025-12-03 14:00:00,0.0114,0.011913,0.011677,0.011545,162160963
1764774000,2025-12-03 15:00:00,0.011546,0.011716,0.011546,0.011674,60281719
1764777600,2025-12-03 16:00:00,0.011541,0.011795,0.011676,0.011636,65166005
1764781200,2025-12-03 17:00:00,0.011594,0.011775,0.011634,0.011745,50242160
1764784800,2025-12-03 18:00:00,0.011677,0.011862,0.011742,0.011709,61377683
1764788400,2025-12-03 19:00:00,0.011704,0.011812,0.011709,0.011799,30002922
1764792000,2025-12-03 20:00:00,0.011774,0.011929,0.011801,0.011817,40344275
1764795600,2025-12-03 21:00:00,0.01178,0.011933,0.011817,0.011909,40383472
1764799200,2025-12-03 22:00:00,0.011824,0.012201,0.0119,0.012199,55188643
1764802800,2025-12-03 23:00:00,0.011989,0.012249,0.012197,0.012005,65690089
1764806400,2025-12-04 00:00:00,0.011845,0.012135,0.012004,0.012055,66316257
1764810000,2025-12-04 01:00:00,0.012019,0.0123,0.012054,0.012066,82912037
1764813600,2025-12-04 02:00:00,0.012037,0.012257,0.012068,0.012042,54714298
1764817200,2025-12-04 03:00:00,0.011923,0.012049,0.012039,0.011973,40292458
1764820800,2025-12-04 04:00:00,0.011969,0.01205,0.01198,0.012033,33303691
1764824400,2025-12-04 05:00:00,0.011908,0.012076,0.012033,0.01196,32715509
1764828000,2025-12-04 06:00:00,0.011899,0.012007,0.011963,0.011933,27033776
1764831600,2025-12-04 07:00:00,0.011821,0.011949,0.011934,0.011897,28438269
1764835200,2025-12-04 08:00:00,0.011704,0.011963,0.011895,0.011751,30250843
1764838800,2025-12-04 09:00:00,0.011733,0.011823,0.01175,0.011751,21363367
1764842400,2025-12-04 10:00:00,0.011643,0.011763,0.011751,0.011665,21669611
1764846000,2025-12-04 11:00:00,0.011645,0.011824,0.011662,0.011763,25247891
1764849600,2025-12-04 12:00:00,0.011687,0.011815,0.011764,0.011728,29122319
1764853200,2025-12-04 13:00:00,0.011613,0.01177,0.011724,0.011673,42829218
1764856800,2025-12-04 14:00:00,0.011561,0.011723,0.01167,0.011594,34711437
1764860400,2025-12-04 15:00:00,0.01159,0.011944,0.011592,0.011861,60953969
1764864000,2025-12-04 16:00:00,0.011761,0.012182,0.011861,0.011904,76177223
1764867600,2025-12-04 17:00:00,0.011845,0.011998,0.011894,0.011988,40388632
1764871200,2025-12-04 18:00:00,0.011916,0.012118,0.011985,0.012012,58633217
1764874800,2025-12-04 19:00:00,0.011625,0.012095,0.012012,0.01205,103851873
1764878400,2025-12-04 20:00:00,0.011831,0.012128,0.012048,0.011888,57654642
1764882000,2025-12-04 21:00:00,0.011651,0.011896,0.011886,0.011671,29289089
1764885600,2025-12-04 22:00:00,0.011668,0.011759,0.011674,0.011695,22783129
1764889200,2025-12-04 23:00:00,0.011634,0.011704,0.011694,0.011658,28718494
1764892800,2025-12-05 00:00:00,0.011562,0.011718,0.011656,0.011589,34512451
1764896400,2025-12-05 01:00:00,0.01153,0.011688,0.011588,0.011578,30880556
1764900000,2025-12-05 02:00:00,0.011556,0.011734,0.011577,0.011622,16109320
1764903600,2025-12-05 03:00:00,0.011552,0.011658,0.011625,0.01158,9114892
1764907200,2025-12-05 04:00:00,0.011442,0.011639,0.011582,0.011506,23788414
1764910800,2025-12-05 05:00:00,0.011498,0.011569,0.011504,0.011547,6281640
1764914400,2025-12-05 06:00:00,0.011544,0.011793,0.011546,0.011612,18384972
1764918000,2025-12-05 07:00:00,0.01155,0.011664,0.011612,0.011604,29001099
1764921600,2025-12-05 08:00:00,0.011445,0.011603,0.011602,0.01147,21811328
1764925200,2025-12-05 09:00:00,0.011237,0.011469,0.011468,0.011248,48046643
1764928800,2025-12-05 10:00:00,0.011234,0.011436,0.011249,0.011342,21675385
1764932400,2025-12-05 11:00:00,0.011168,0.011367,0.011343,0.011196,27680248
1764936000,2025-12-05 12:00:00,0.011164,0.011258,0.011196,0.011246,34360806
1764939600,2025-12-05 13:00:00,0.01098,0.011282,0.011246,0.011002,77344221
1764943200,2025-12-05 14:00:00,0.010854,0.011045,0.010999,0.010902,55378253
1764946800,2025-12-05 15:00:00,0.010905,0.011244,0.010905,0.011026,54990597
1764950400,2025-12-05 16:00:00,0.010555,0.011039,0.011025,0.010663,95228348
1764954000,2025-12-05 17:00:00,0.010563,0.010749,0.01066,0.010694,39908216
1764957600,2025-12-05 18:00:00,0.010552,0.010814,0.010693,0.010552,27727716
1764961200,2025-12-05 19:00:00,0.01051,0.010739,0.010548,0.010671,39391837
1764964800,2025-12-05 20:00:00,0.010569,0.01071,0.010672,0.010581,17845302
1764968400,2025-12-05 21:00:00,0.010576,0.010706,0.01058,0.010685,41604999
1764972000,2025-12-05 22:00:00,0.010606,0.010697,0.010683,0.010657,12368292
1764975600,2025-12-05 23:00:00,0.010586,0.010666,0.01066,0.010644,12780582
1764979200,2025-12-06 00:00:00,0.01061,0.010712,0.010646,0.010652,14422741
1764982800,2025-12-06 01:00:00,0.010583,0.010682,0.01065,0.010636,15783057
1764986400,2025-12-06 02:00:00,0.010587,0.010719,0.010635,0.010717,11175038
1764990000,2025-12-06 03:00:00,0.010715,0.010863,0.010719,0.010827,18389522
1764993600,2025-12-06 04:00:00,0.010767,0.010846,0.010826,0.010776,17729903
1764997200,2025-12-06 05:00:00,0.010683,0.010809,0.010775,0.010686,7536912
1765000800,2025-12-06 06:00:00,0.010631,0.010722,0.010682,0.010655,16145366
1765004400,2025-12-06 07:00:00,0.010617,0.010694,0.010654,0.010632,12683172
1765008000,2025-12-06 08:00:00,0.010531,0.010672,0.010634,0.010537,18722830
1765011600,2025-12-06 09:00:00,0.010541,0.010628,0.010541,0.010568,5475409
1765015200,2025-12-06 10:00:00,0.010545,0.01061,0.010567,0.010567,6436855
1765018800,2025-12-06 11:00:00,0.010554,0.010722,0.010568,0.010722,6010472
1765022400,2025-12-06 12:00:00,0.010648,0.010744,0.010718,0.010661,13039118
1765026000,2025-12-06 13:00:00,0.01063,0.010712,0.01066,0.010633,24253624
1765029600,2025-12-06 14:00:00,0.010624,0.01101,0.010633,0.010871,49414664
1765033200,2025-12-06 15:00:00,0.01077,0.010984,0.010872,0.010912,26042254
1765036800,2025-12-06 16:00:00,0.010833,0.011061,0.010906,0.010898,25990780
1765040400,2025-12-06 17:00:00,0.010881,0.011064,0.010903,0.011009,21681562
1765044000,2025-12-06 18:00:00,0.010934,0.011044,0.010992,0.010964,8515960
1765047600,2025-12-06 19:00:00,0.010776,0.010993,0.010965,0.010828,17525142
1765051200,2025-12-06 20:00:00,0.010819,0.010878,0.010832,0.010849,8120384
1765054800,2025-12-06 21:00:00,0.010837,0.011121,0.010848,0.011007,50121636
1765058400,2025-12-06 22:00:00,0.010914,0.011133,0.011004,0.010975,51698084
1765062000,2025-12-06 23:00:00,0.010888,0.011111,0.010976,0.011102,50810539
1765065600,2025-12-07 00:00:00,0.011101,0.011548,0.011101,0.011518,84144334
1765069200,2025-12-07 01:00:00,0.011206,0.0117,0.011512,0.011238,85933089
1765072800,2025-12-07 02:00:00,0.011186,0.011515,0.011238,0.011456,33280304
1765076400,2025-12-07 03:00:00,0.011328,0.011518,0.011455,0.01139,44738863
1765080000,2025-12-07 04:00:00,0.011243,0.011405,0.011388,0.011307,35551496
1765083600,2025-12-07 05:00:00,0.011282,0.011516,0.011308,0.011445,16471083
1765087200,2025-12-07 06:00:00,0.011436,0.011714,0.011448,0.011707,45660296
1765090800,2025-12-07 07:00:00,0.011413,0.011752,0.011711,0.011455,59769599
1765094400,2025-12-07 08:00:00,0.011359,0.011642,0.011456,0.011436,28890658
1765098000,2025-12-07 09:00:00,0.011317,0.011554,0.011436,0.011329,40410051
1765101600,2025-12-07 10:00:00,0.011322,0.01149,0.011331,0.01149,24601820
1765105200,2025-12-07 11:00:00,0.011468,0.011917,0.011486,0.011704,89847279
1765108800,2025-12-07 12:00:00,0.011586,0.012031,0.011701,0.011988,83941729
1765112400,2025-12-07 13:00:00,0.011364,0.012048,0.011994,0.011408,80901907
1765116000,2025-12-07 14:00:00,0.01082,0.011406,0.011404,0.010852,148247964
1765119600,2025-12-07 15:00:00,0.010787,0.011399,0.01085,0.01137,91185897
1765123200,2025-12-07 16:00:00,0.011006,0.01137,0.01137,0.0112,38515229
1765126800,2025-12-07 17:00:00,0.011074,0.011786,0.011196,0.011677,132297084
1765130400,2025-12-07 18:00:00,0.011438,0.011744,0.011666,0.011517,58125862
1765134000,2025-12-07 19:00:00,0.011381,0.011528,0.011517,0.011514,11750646
1765137600,2025-12-07 20:00:00,0.011467,0.011576,0.011514,0.01148,12710862
1765141200,2025-12-07 21:00:00,0.011044,0.011478,0.011478,0.0111,42900720
1765144800,2025-12-07 22:00:00,0.010773,0.0111,0.0111,0.010958,47260425
1765148400,2025-12-07 23:00:00,0.010856,0.011001,0.010952,0.010978,26466317
1765152000,2025-12-08 00:00:00,0.010855,0.01102,0.010976,0.0109,47923610
1765155600,2025-12-08 01:00:00,0.010892,0.011343,0.010898,0.011066,57956044
1765159200,2025-12-08 02:00:00,0.011038,0.011233,0.011069,0.011209,35675303
1765162800,2025-12-08 03:00:00,0.011123,0.011289,0.011212,0.011152,43734104
1765166400,2025-12-08 04:00:00,0.011152,0.01134,0.011152,0.01132,42518531
1765170000,2025-12-08 05:00:00,0.011283,0.011476,0.011317,0.011446,45813134
1765173600,2025-12-08 06:00:00,0.011325,0.011466,0.011447,0.01143,34445617
1765177200,2025-12-08 07:00:00,0.01137,0.01158,0.011432,0.011486,22867718
1765180800,2025-12-08 08:00:00,0.011386,0.011576,0.011482,0.011567,35273676
1765184400,2025-12-08 09:00:00,0.011559,0.011875,0.011564,0.011658,67347985
1765188000,2025-12-08 10:00:00,0.011618,0.011743,0.011666,0.01164,43774322
1765191600,2025-12-08 11:00:00,0.011538,0.011704,0.011642,0.011678,30583837
1765195200,2025-12-08 12:00:00,0.011562,0.011677,0.011676,0.011628,38065975
1765198800,2025-12-08 13:00:00,0.011581,0.011819,0.011626,0.011756,66531033
1765202400,2025-12-08 14:00:00,0.011644,0.011904,0.011755,0.011723,90072796
1765206000,2025-12-08 15:00:00,0.011377,0.011858,0.01173,0.01153,105544677
1765209600,2025-12-08 16:00:00,0.011446,0.011731,0.011531,0.011499,80283635
1765213200,2025-12-08 17:00:00,0.011379,0.011594,0.011495,0.011519,56063789
1765216800,2025-12-08 18:00:00,0.011281,0.011625,0.011519,0.011332,52669856
1765220400,2025-12-08 19:00:00,0.011295,0.011448,0.011331,0.011375,24118425
1765224000,2025-12-08 20:00:00,0.011372,0.011565,0.011375,0.011502,44061514
1765227600,2025-12-08 21:00:00,0.011445,0.011588,0.0115,0.011582,30442879
1765231200,2025-12-08 22:00:00,0.011414,0.011591,0.011576,0.011448,30545299
1765234800,2025-12-08 23:00:00,0.011346,0.011497,0.011443,0.011454,30435942
1765238400,2025-12-09 00:00:00,0.011368,0.011562,0.011453,0.011433,28423997
1765242000,2025-12-09 01:00:00,0.011307,0.01147,0.011434,0.011333,23776635
1765245600,2025-12-09 02:00:00,0.011322,0.011555,0.011333,0.011463,18276795
1765249200,2025-12-09 03:00:00,0.011332,0.011656,0.011458,0.011561,39177980
1765252800,2025-12-09 04:00:00,0.01133,0.011601,0.011564,0.011342,31266539
1765256400,2025-12-09 05:00:00,0.01127,0.011513,0.011341,0.011355,28494209
1765260000,2025-12-09 06:00:00,0.011253,0.011436,0.011356,0.011352,11737892
1765263600,2025-12-09 07:00:00,0.011347,0.011594,0.01135,0.011509,48576174
1765267200,2025-12-09 08:00:00,0.011416,0.011545,0.01151,0.011443,27164087
1765270800,2025-12-09 09:00:00,0.011275,0.011444,0.011444,0.011299,17118901
1765274400,2025-12-09 10:00:00,0.011232,0.011371,0.011298,0.011349,15841754
1765278000,2025-12-09 11:00:00,0.011313,0.01157,0.011348,0.011517,18259399
1765281600,2025-12-09 12:00:00,0.011485,0.011809,0.011519,0.011726,48360280
1765285200,2025-12-09 13:00:00,0.011478,0.011756,0.011728,0.011556,65307273
1765288800,2025-12-09 14:00:00,0.011372,0.011645,0.01156,0.011492,60315677
1765292400,2025-12-09 15:00:00,0.011473,0.012192,0.011491,0.01215,124042656
1765296000,2025-12-09 16:00:00,0.012154,0.012845,0.012154,0.012828,186589847
1765299600,2025-12-09 17:00:00,0.012734,0.013169,0.012823,0.012871,265504294
1765303200,2025-12-09 18:00:00,0.012846,0.013446,0.012873,0.01315,215005318
1765306800,2025-12-09 19:00:00,0.012794,0.013162,0.013155,0.012807,131570313
1765310400,2025-12-09 20:00:00,0.012564,0.01286,0.012808,0.012705,95308777
1765314000,2025-12-09 21:00:00,0.012363,0.012736,0.01271,0.01252,51953097
1765317600,2025-12-09 22:00:00,0.012498,0.012765,0.01253,0.01274,59412132
1765321200,2025-12-09 23:00:00,0.012631,0.012735,0.012735,0.012675,22621549
1765324800,2025-12-10 00:00:00,0.012488,0.012896,0.012674,0.012514,84320541
1765328400,2025-12-10 01:00:00,0.012484,0.012634,0.012513,0.012557,42132582
1765332000,2025-12-10 02:00:00,0.012367,0.012559,0.012557,0.012426,48837274
1765335600,2025-12-10 03:00:00,0.01237,0.012459,0.01244,0.012418,13989099
1765339200,2025-12-10 04:00:00,0.012366,0.012533,0.012418,0.012481,42968972
1765342800,2025-12-10 05:00:00,0.012395,0.012546,0.012484,0.012502,33820343
1765346400,2025-12-10 06:00:00,0.012433,0.012523,0.012506,0.012462,14931745
1765350000,2025-12-10 07:00:00,0.012278,0.012462,0.012462,0.012345,26107648
1765353600,2025-12-10 08:00:00,0.012252,0.012389,0.012349,0.01226,11428559
1765357200,2025-12-10 09:00:00,0.012204,0.012462,0.012256,0.012443,25100857
1765360800,2025-12-10 10:00:00,0.012232,0.012603,0.012442,0.012278,26681000
1765364400,2025-12-10 11:00:00,0.012086,0.012319,0.012276,0.012186,30784158
1765368000,2025-12-10 12:00:00,0.012181,0.012298,0.012181,0.012277,22680355
1765371600,2025-12-10 13:00:00,0.012247,0.012431,0.012278,0.01241,38407254
1765375200,2025-12-10 14:00:00,0.012108,0.012461,0.012412,0.01219,41148913
1765378800,2025-12-10 15:00:00,0.012074,0.012273,0.012184,0.012148,46239694
1765382400,2025-12-10 16:00:00,0.012124,0.012347,0.012146,0.012213,58401675
1765386000,2025-12-10 17:00:00,0.012186,0.012369,0.012212,0.012209,33920983
1765389600,2025-12-10 18:00:00,0.012147,0.012528,0.012207,0.01238,77529085
1765393200,2025-12-10 19:00:00,0.012195,0.012669,0.012384,0.012366,152486332
1765396800,2025-12-10 20:00:00,0.012245,0.012932,0.012366,0.012254,110588240
1765400400,2025-12-10 21:00:00,0.011937,0.012331,0.01226,0.011976,90401164
1765404000,2025-12-10 22:00:00,0.011744,0.012019,0.011974,0.011951,47753946
1765407600,2025-12-10 23:00:00,0.011723,0.011974,0.01195,0.011755,50998112
1765411200,2025-12-11 00:00:00,0.011415,0.011803,0.011748,0.011491,57425857
1765414800,2025-12-11 01:00:00,0.011271,0.011525,0.011482,0.011301,40448126
1765418400,2025-12-11 02:00:00,0.011099,0.01132,0.011301,0.011156,62430116
1765422000,2025-12-11 03:00:00,0.010935,0.011146,0.011146,0.011003,43244117
1765425600,2025-12-11 04:00:00,0.010946,0.011212,0.011002,0.011186,55816528
1765429200,2025-12-11 05:00:00,0.011123,0.011204,0.011185,0.011151,20409485
1765432800,2025-12-11 06:00:00,0.011104,0.011231,0.01115,0.011178,17214138
1765436400,2025-12-11 07:00:00,0.011093,0.011191,0.011182,0.01111,13297735
1765440000,2025-12-11 08:00:00,0.010938,0.011112,0.011111,0.011011,48851795
1765443600,2025-12-11 09:00:00,0.010998,0.011106,0.01101,0.011021,22047230
1765447200,2025-12-11 10:00:00,0.010962,0.011058,0.011019,0.010969,12403459
1765450800,2025-12-11 11:00:00,0.010904,0.011026,0.010969,0.010992,22136707
1765454400,2025-12-11 12:00:00,0.010939,0.011095,0.01099,0.010993,45839525
1765458000,2025-12-11 13:00:00,0.010928,0.011014,0.010994,0.010981,14639661
1765461600,2025-12-11 14:00:00,0.01083,0.011035,0.01098,0.010832,168086393
1765465200,2025-12-11 15:00:00,0.0108,0.011035,0.01083,0.010861,130049142
1765468800,2025-12-11 16:00:00,0.010721,0.010951,0.010861,0.010806,47596128
1765472400,2025-12-11 17:00:00,0.010736,0.010846,0.010802,0.010761,40796546
1765476000,2025-12-11 18:00:00,0.010739,0.011089,0.01076,0.01097,61065472
1765479600,2025-12-11 19:00:00,0.010899,0.011121,0.010972,0.010911,91596549
1765483200,2025-12-11 20:00:00,0.010901,0.011199,0.010906,0.011179,63015415
1765486800,2025-12-11 21:00:00,0.011175,0.011661,0.011185,0.011385,167766054
1765490400,2025-12-11 22:00:00,0.011132,0.011478,0.011385,0.011202,72735828
1765494000,2025-12-11 23:00:00,0.011179,0.011307,0.011202,0.011236,31703294
1765497600,2025-12-12 00:00:00,0.0111,0.01146,0.011236,0.011116,85127049
1765501200,2025-12-12 01:00:00,0.011118,0.011312,0.011118,0.01121,24338370
1765504800,2025-12-12 02:00:00,0.01115,0.011372,0.01121,0.011322,34101247
1765508400,2025-12-12 03:00:00,0.011152,0.011341,0.011318,0.011161,24439739
1765512000,2025-12-12 04:00:00,0.01109,0.011169,0.011162,0.011125,21007585
1765515600,2025-12-12 05:00:00,0.0111,0.01125,0.011122,0.011226,28240456
1765519200,2025-12-12 06:00:00,0.011213,0.011413,0.011226,0.011252,24838935
1765522800,2025-12-12 07:00:00,0.011221,0.011334,0.01125,0.011324,16566352
1765526400,2025-12-12 08:00:00,0.011225,0.011334,0.011322,0.011268,15016893
1765530000,2025-12-12 09:00:00,0.011225,0.011405,0.011267,0.011375,18054457
1765533600,2025-12-12 10:00:00,0.011301,0.011407,0.011376,0.011322,11557892
1765537200,2025-12-12 11:00:00,0.011245,0.011327,0.01132,0.011295,10382891
1765540800,2025-12-12 12:00:00,0.011251,0.011435,0.011296,0.011388,17940167
1765544400,2025-12-12 13:00:00,0.011298,0.011405,0.01139,0.011321,15098974
1765548000,2025-12-12 14:00:00,0.011231,0.011388,0.011321,0.011286,24160861
1765551600,2025-12-12 15:00:00,0.010661,0.011284,0.011284,0.010764,154810065
1765555200,2025-12-12 16:00:00,0.010598,0.010871,0.01076,0.0107,51822787
1765558800,2025-12-12 17:00:00,0.010696,0.010877,0.010698,0.010758,31114243
1765562400,2025-12-12 18:00:00,0.010742,0.01101,0.01076,0.010849,39680098
1765566000,2025-12-12 19:00:00,0.010775,0.01091,0.01085,0.010869,24477232
1765569600,2025-12-12 20:00:00,0.010759,0.010901,0.010867,0.010795,24893031
1765573200,2025-12-12 21:00:00,0.010787,0.0109,0.010791,0.010865,12801836
1765576800,2025-12-12 22:00:00,0.010864,0.010979,0.010872,0.010921,14669777
1765580400,2025-12-12 23:00:00,0.0109,0.01096,0.010922,0.010912,7077796
1765584000,2025-12-13 00:00:00,0.010865,0.010965,0.010912,0.01096,34891723
1765587600,2025-12-13 01:00:00,0.01083,0.010962,0.010962,0.010831,18540467
1765591200,2025-12-13 02:00:00,0.010831,0.010878,0.010842,0.010843,6251664
1765594800,2025-12-13 03:00:00,0.010806,0.010892,0.010843,0.01085,6751318
1765598400,2025-12-13 04:00:00,0.010832,0.010938,0.010852,0.010928,8392648
1765602000,2025-12-13 05:00:00,0.010842,0.010944,0.010926,0.010896,10358369
1765605600,2025-12-13 06:00:00,0.010839,0.0109,0.010897,0.010878,4363275
1765609200,2025-12-13 07:00:00,0.010878,0.010978,0.010878,0.010949,6730409
1765612800,2025-12-13 08:00:00,0.01093,0.011049,0.01095,0.011009,12589276
1765616400,2025-12-13 09:00:00,0.010946,0.011014,0.011011,0.010946,4883045
1765620000,2025-12-13 10:00:00,0.01094,0.011037,0.010944,0.010995,6084930
1765623600,2025-12-13 11:00:00,0.01096,0.011006,0.011003,0.010974,4514343
1765627200,2025-12-13 12:00:00,0.01096,0.011014,0.010972,0.010992,5942110
1765630800,2025-12-13 13:00:00,0.010976,0.011063,0.010994,0.011056,17230453
1765634400,2025-12-13 14:00:00,0.010978,0.011087,0.011044,0.010999,21871649
1765638000,2025-12-13 15:00:00,0.010978,0.011115,0.01101,0.011008,20407990
1765641600,2025-12-13 16:00:00,0.010984,0.011083,0.011006,0.011059,17652998
1765645200,2025-12-13 17:00:00,0.011007,0.011111,0.011055,0.0111,13309643
1765648800,2025-12-13 18:00:00,0.011101,0.011304,0.011104,0.01118,105736244
1765652400,2025-12-13 19:00:00,0.011177,0.011731,0.011183,0.011478,91995024
1765656000,2025-12-13 20:00:00,0.011467,0.011877,0.011482,0.011699,117472679
1765659600,2025-12-13 21:00:00,0.011437,0.011749,0.011693,0.011504,90285641
1765663200,2025-12-13 22:00:00,0.011372,0.011548,0.011502,0.011392,26226473
1765666800,2025-12-13 23:00:00,0.011274,0.01139,0.01139,0.011322,29915657
1765670400,2025-12-14 00:00:00,0.011216,0.01132,0.01132,0.011245,15547940
1765674000,2025-12-14 01:00:00,0.011181,0.011281,0.011246,0.011208,8695167
1765677600,2025-12-14 02:00:00,0.01121,0.01132,0.01121,0.011229,11016261
1765681200,2025-12-14 03:00:00,0.011124,0.011242,0.01123,0.011124,25765917
1765684800,2025-12-14 04:00:00,0.01105,0.011157,0.01113,0.01106,14511367
1765688400,2025-12-14 05:00:00,0.011021,0.011071,0.011062,0.011053,8174478
1765692000,2025-12-14 06:00:00,0.010949,0.011086,0.011053,0.011041,23396291
1765695600,2025-12-14 07:00:00,0.011033,0.011108,0.011038,0.011095,23265643
1765699200,2025-12-14 08:00:00,0.011,0.011097,0.011094,0.011013,9610932
1765702800,2025-12-14 09:00:00,0.010947,0.011019,0.011016,0.010973,16995014
1765706400,2025-12-14 10:00:00,0.01088,0.010993,0.010972,0.010918,16614970
1765710000,2025-12-14 11:00:00,0.010808,0.010952,0.010916,0.010941,24709671
1765713600,2025-12-14 12:00:00,0.010875,0.011016,0.01094,0.010957,27890955
1765717200,2025-12-14 13:00:00,0.01087,0.010959,0.010956,0.010921,12418234
1765720800,2025-12-14 14:00:00,0.010668,0.010948,0.010926,0.010714,32419806
1765724400,2025-12-14 15:00:00,0.010656,0.010748,0.010708,0.010685,21647577
1765728000,2025-12-14 16:00:00,0.010673,0.010825,0.010684,0.010707,37614281
1765731600,2025-12-14 17:00:00,0.010569,0.010754,0.010714,0.010608,36807281
1765735200,2025-12-14 18:00:00,0.010604,0.010703,0.010614,0.010679,23453410
1765738800,2025-12-14 19:00:00,0.010591,0.010682,0.01068,0.010646,17379360
1765742400,2025-12-14 20:00:00,0.010557,0.010694,0.010645,0.010568,33240774
1765746000,2025-12-14 21:00:00,0.010413,0.010566,0.010566,0.01047,120115266
1765749600,2025-12-14 22:00:00,0.010363,0.010519,0.010467,0.010441,27566140
1765753200,2025-12-14 23:00:00,0.010275,0.010485,0.010442,0.010397,43584505
1765756800,2025-12-15 00:00:00,0.010343,0.010494,0.010395,0.010451,37487367
1765760400,2025-12-15 01:00:00,0.010407,0.010674,0.010455,0.010667,59991155
1765764000,2025-12-15 02:00:00,0.010593,0.01084,0.010664,0.0106,59996617
1765767600,2025-12-15 03:00:00,0.010537,0.01065,0.010596,0.010561,26821257
1765771200,2025-12-15 04:00:00,0.010512,0.010686,0.010562,0.010665,30819621
1765774800,2025-12-15 05:00:00,0.010618,0.010708,0.01066,0.010697,10441775
1765778400,2025-12-15 06:00:00,0.010656,0.010801,0.010701,0.010737,14837064
1765782000,2025-12-15 07:00:00,0.01063,0.010744,0.010735,0.01068,20404606
1765785600,2025-12-15 08:00:00,0.010659,0.010758,0.010681,0.010694,12604967
1765789200,2025-12-15 09:00:00,0.010679,0.010773,0.010694,0.010752,17618535
1765792800,2025-12-15 10:00:00,0.010745,0.010833,0.010753,0.010769,25588542
1765796400,2025-12-15 11:00:00,0.010716,0.0108,0.010762,0.010773,14316940
1765800000,2025-12-15 12:00:00,0.010677,0.01081,0.010776,0.010764,20072894
1765803600,2025-12-15 13:00:00,0.010621,0.010797,0.010765,0.01065,19400868
1765807200,2025-12-15 14:00:00,0.010291,0.010782,0.010648,0.010395,78555535
1765810800,2025-12-15 15:00:00,0.010054,0.010448,0.010393,0.010191,251507284
1765814400,2025-12-15 16:00:00,0.010024,0.010239,0.01019,0.010071,78744013
1765818000,2025-12-15 17:00:00,0.009928,0.010104,0.01007,0.009991,70269361
1765821600,2025-12-15 18:00:00,0.00981,0.010004,0.009986,0.009988,61414159
1765825200,2025-12-15 19:00:00,0.009964,0.010111,0.009992,0.009997,61412359
1765828800,2025-12-15 20:00:00,0.009881,0.01002,0.009996,0.009954,48028250
1765832400,2025-12-15 21:00:00,0.00994,0.010116,0.009958,0.0101,40641877
1765836000,2025-12-15 22:00:00,0.00998,0.010105,0.010104,0.010044,18661213
1765839600,2025-12-15 23:00:00,0.010039,0.010285,0.010039,0.010264,49357099
1765843200,2025-12-16 00:00:00,0.010104,0.010339,0.010263,0.010111,45693347
1765846800,2025-12-16 01:00:00,0.01006,0.010227,0.010118,0.010078,25829459
1765850400,2025-12-16 02:00:00,0.010019,0.010125,0.010079,0.010078,28643588
1765854000,2025-12-16 03:00:00,0.009941,0.010099,0.010081,0.010009,30546181
1765857600,2025-12-16 04:00:00,0.009825,0.010023,0.01001,0.009948,22321509
1765861200,2025-12-16 05:00:00,0.009924,0.010008,0.009947,0.009965,19305677
1765864800,2025-12-16 06:00:00,0.009966,0.010116,0.009966,0.010057,38266561
1765868400,2025-12-16 07:00:00,0.009839,0.010069,0.010058,0.009876,23175098
1765872000,2025-12-16 08:00:00,0.009877,0.009997,0.009879,0.009929,38218584
1765875600,2025-12-16 09:00:00,0.009912,0.009983,0.009927,0.009934,14492636
1765879200,2025-12-16 10:00:00,0.009909,0.010255,0.009933,0.010168,32174466
1765882800,2025-12-16 11:00:00,0.01011,0.010315,0.010167,0.010272,30595804
1765886400,2025-12-16 12:00:00,0.010138,0.010295,0.010271,0.010144,21487816
1765890000,2025-12-16 13:00:00,0.010016,0.010315,0.010142,0.010022,58787380
1765893600,2025-12-16 14:00:00,0.009944,0.010248,0.010025,0.010185,90633968
1765897200,2025-12-16 15:00:00,0.010058,0.010342,0.010184,0.010287,96765554
1765900800,2025-12-16 16:00:00,0.01018,0.010349,0.010288,0.010266,48898393
1765904400,2025-12-16 17:00:00,0.010133,0.010371,0.010268,0.010168,61936489
1765908000,2025-12-16 18:00:00,0.010145,0.010262,0.010156,0.010158,44027533
1765911600,2025-12-16 19:00:00,0.009949,0.010162,0.010158,0.010062,63654359
1765915200,2025-12-16 20:00:00,0.01003,0.010158,0.010058,0.010078,38820987
1765918800,2025-12-16 21:00:00,0.010041,0.01016,0.010078,0.010117,15388134
1765922400,2025-12-16 22:00:00,0.010071,0.010163,0.01012,0.010089,18609434
1765926000,2025-12-16 23:00:00,0.010045,0.010129,0.010092,0.010113,13350996
1765929600,2025-12-17 00:00:00,0.00998,0.010115,0.010115,0.010007,20698212
1765933200,2025-12-17 01:00:00,0.010007,0.010162,0.010008,0.010041,27280560
1765936800,2025-12-17 02:00:00,0.009975,0.010066,0.010042,0.010033,14947286
1765940400,2025-12-17 03:00:00,0.00996,0.010123,0.010033,0.009981,15937791
1765944000,2025-12-17 04:00:00,0.009855,0.010015,0.009982,0.00989,33280115
1765947600,2025-12-17 05:00:00,0.009831,0.009959,0.009889,0.00992,28310999
1765951200,2025-12-17 06:00:00,0.009862,0.00997,0.009918,0.009867,17408163
1765954800,2025-12-17 07:00:00,0.009837,0.00997,0.009868,0.009916,24631534
1765958400,2025-12-17 08:00:00,0.009801,0.009915,0.009915,0.009842,23963213
1765962000,2025-12-17 09:00:00,0.009806,0.009884,0.00984,0.009835,12726261
1765965600,2025-12-17 10:00:00,0.009735,0.009834,0.009834,0.009769,20355014
1765969200,2025-12-17 11:00:00,0.00976,0.009854,0.009769,0.009841,13930410
1765972800,2025-12-17 12:00:00,0.00979,0.009868,0.009834,0.009839,17819716
1765976400,2025-12-17 13:00:00,0.00982,0.010024,0.00984,0.010002,33480060
1765980000,2025-12-17 14:00:00,0.009732,0.010347,0.010002,0.010343,112010853
1765983600,2025-12-17 15:00:00,0.00996,0.010712,0.010341,0.00999,235220703
1765987200,2025-12-17 16:00:00,0.009619,0.010105,0.009989,0.009739,159428848
1765990800,2025-12-17 17:00:00,0.009517,0.009786,0.009738,0.009541,48393202
1765994400,2025-12-17 18:00:00,0.009391,0.009656,0.009543,0.00941,63160614
1765998000,2025-12-17 19:00:00,0.009348,0.009502,0.009411,0.009501,68584841
1766001600,2025-12-17 20:00:00,0.009437,0.009643,0.009502,0.009463,42176084
1766005200,2025-12-17 21:00:00,0.009357,0.009505,0.009464,0.009386,29347161
1766008800,2025-12-17 22:00:00,0.009286,0.009452,0.009387,0.009436,34669293
1766012400,2025-12-17 23:00:00,0.009357,0.00944,0.009437,0.009423,25955329
1766016000,2025-12-18 00:00:00,0.009351,0.009425,0.009425,0.009391,8902550
1766019600,2025-12-18 01:00:00,0.009209,0.00939,0.00939,0.009253,35765099
1766023200,2025-12-18 02:00:00,0.009185,0.009346,0.009254,0.009291,28034316
1766026800,2025-12-18 03:00:00,0.009184,0.009292,0.009287,0.009208,20684655
1766030400,2025-12-18 04:00:00,0.00919,0.009283,0.009208,0.009266,26404695
1766034000,2025-12-18 05:00:00,0.009129,0.00927,0.009269,0.00914,22076119
1766037600,2025-12-18 06:00:00,0.009086,0.00916,0.009137,0.009128,11810351
1766041200,2025-12-18 07:00:00,0.009097,0.009167,0.009126,0.00913,12709096
1766044800,2025-12-18 08:00:00,0.009103,0.009236,0.009124,0.009189,29572999
1766048400,2025-12-18 09:00:00,0.009148,0.009255,0.009189,0.009219,15098226
1766052000,2025-12-18 10:00:00,0.0092,0.009291,0.00922,0.009246,10670975
1766055600,2025-12-18 11:00:00,0.009182,0.009245,0.009244,0.009203,13952432
1766059200,2025-12-18 12:00:00,0.009158,0.009224,0.009204,0.009181,19759764
1766062800,2025-12-18 13:00:00,0.009181,0.009727,0.009181,0.009682,103406742
1766066400,2025-12-18 14:00:00,0.009352,0.009762,0.009685,0.009423,99751934
1766070000,2025-12-18 15:00:00,0.00933,0.009639,0.009429,0.009466,75271229
1766073600,2025-12-18 16:00:00,0.00928,0.009471,0.009467,0.009301,43227016
1766077200,2025-12-18 17:00:00,0.00868,0.009299,0.009299,0.008854,161717011
1766080800,2025-12-18 18:00:00,0.008736,0.008985,0.008855,0.008782,94146153
1766084400,2025-12-18 19:00:00,0.008536,0.008814,0.008778,0.008555,67019613
1766088000,2025-12-18 20:00:00,0.008534,0.00867,0.008546,0.008542,57938020
1766091600,2025-12-18 21:00:00,0.008541,0.008778,0.008542,0.008764,69766521
1766095200,2025-12-18 22:00:00,0.00869,0.008797,0.008764,0.008727,31224770
1766098800,2025-12-18 23:00:00,0.00862,0.008728,0.008726,0.008655,24406366
1766102400,2025-12-19 00:00:00,0.008469,0.008685,0.008653,0.00852,43677807
1766106000,2025-12-19 01:00:00,0.008441,0.008524,0.008519,0.008487,31586344
1766109600,2025-12-19 02:00:00,0.008478,0.008688,0.008488,0.008664,57818626
1766113200,2025-12-19 03:00:00,0.008663,0.00905,0.008664,0.008953,139726795
1766116800,2025-12-19 04:00:00,0.008954,0.009076,0.008954,0.009047,38642090
1766120400,2025-12-19 05:00:00,0.00898,0.009061,0.009044,0.009036,19210104
1766124000,2025-12-19 06:00:00,0.008987,0.009086,0.009031,0.009082,10272134
1766127600,2025-12-19 07:00:00,0.009086,0.009295,0.009087,0.00917,45914810
1766131200,2025-12-19 08:00:00,0.009153,0.009244,0.009171,0.009177,27430087
1766134800,2025-12-19 09:00:00,0.009125,0.009179,0.009177,0.00914,12937665
1766138400,2025-12-19 10:00:00,0.009073,0.009158,0.009139,0.009139,20203070
1766142000,2025-12-19 11:00:00,0.009108,0.009294,0.009137,0.009281,27340370
1766145600,2025-12-19 12:00:00,0.00922,0.009311,0.009282,0.009234,25363328
1766149200,2025-12-19 13:00:00,0.009212,0.009288,0.009238,0.009241,21743227
1766152800,2025-12-19 14:00:00,0.009204,0.009433,0.009241,0.009352,51437969
1766156400,2025-12-19 15:00:00,0.009308,0.009645,0.009356,0.009367,106951025
1766160000,2025-12-19 16:00:00,0.009347,0.009565,0.009366,0.009369,46509388
1766163600,2025-12-19 17:00:00,0.00917,0.009452,0.009369,0.00917,61925234
1766167200,2025-12-19 18:00:00,0.009172,0.009357,0.009173,0.009338,45378466
1766170800,2025-12-19 19:00:00,0.009332,0.00954,0.00934,0.009475,41815889
1766174400,2025-12-19 20:00:00,0.009417,0.009575,0.009476,0.009547,63940810
1766178000,2025-12-19 21:00:00,0.009412,0.009542,0.009541,0.009418,17456559
1766181600,2025-12-19 22:00:00,0.009413,0.009504,0.009418,0.00944,20405369
1766185200,2025-12-19 23:00:00,0.009415,0.009476,0.009438,0.00943,8920998
1766188800,2025-12-20 00:00:00,0.009311,0.009431,0.00943,0.009359,38079481
1766192400,2025-12-20 01:00:00,0.009332,0.009402,0.009357,0.009382,6620307
1766196000,2025-12-20 02:00:00,0.009341,0.009417,0.009382,0.009343,10214479
1766199600,2025-12-20 03:00:00,0.009296,0.009372,0.009344,0.009326,18699880
1766203200,2025-12-20 04:00:00,0.009278,0.009335,0.009325,0.009293,11677080
1766206800,2025-12-20 05:00:00,0.009259,0.009327,0.009294,0.009274,11412106
1766210400,2025-12-20 06:00:00,0.009215,0.009274,0.009272,0.009228,6679194
1766214000,2025-12-20 07:00:00,0.009208,0.009288,0.009229,0.009274,8548302
1766217600,2025-12-20 08:00:00,0.009271,0.009408,0.009275,0.009325,14225126
1766221200,2025-12-20 09:00:00,0.009307,0.009362,0.009324,0.009315,9752210
1766224800,2025-12-20 10:00:00,0.009242,0.009329,0.009315,0.009257,7719519
1766228400,2025-12-20 11:00:00,0.009255,0.009361,0.009256,0.009327,14238826
1766232000,2025-12-20 12:00:00,0.009262,0.009348,0.009335,0.009295,5143500
1766235600,2025-12-20 13:00:00,0.009227,0.009334,0.009294,0.009293,19174261
1766239200,2025-12-20 14:00:00,0.009225,0.009295,0.009291,0.009284,13077913
1766242800,2025-12-20 15:00:00,0.009205,0.009291,0.009284,0.009231,11303787
1766246400,2025-12-20 16:00:00,0.009164,0.009229,0.009229,0.009227,14598548
1766250000,2025-12-20 17:00:00,0.009207,0.009276,0.009228,0.009219,13613897
1766253600,2025-12-20 18:00:00,0.009195,0.009286,0.00922,0.009267,7838123
1766257200,2025-12-20 19:00:00,0.009245,0.009283,0.009268,0.00925,6193877
1766260800,2025-12-20 20:00:00,0.009219,0.009267,0.009248,0.00923,11278679
1766264400,2025-12-20 21:00:00,0.009218,0.00928,0.00923,0.00924,14648909
1766268000,2025-12-20 22:00:00,0.009229,0.009305,0.00924,0.009295,10640350
1766271600,2025-12-20 23:00:00,0.009288,0.009376,0.009297,0.009297,9843482
1766275200,2025-12-21 00:00:00,0.009256,0.009316,0.009296,0.009277,9053203
1766278800,2025-12-21 01:00:00,0.009164,0.009277,0.009276,0.009168,8947501
1766282400,2025-12-21 02:00:00,0.009081,0.009183,0.009167,0.009088,20501189
1766286000,2025-12-21 03:00:00,0.009083,0.009161,0.009088,0.009141,14290699
1766289600,2025-12-21 04:00:00,0.009131,0.00918,0.009139,0.009139,12431777
1766293200,2025-12-21 05:00:00,0.009132,0.009229,0.009138,0.009179,12849031
1766296800,2025-12-21 06:00:00,0.009172,0.009231,0.009178,0.009194,4256495
1766300400,2025-12-21 07:00:00,0.009182,0.00922,0.009198,0.009194,3823724
1766304000,2025-12-21 08:00:00,0.009146,0.009311,0.009189,0.009266,13486955
1766307600,2025-12-21 09:00:00,0.009221,0.009326,0.009265,0.009294,19485012
1766311200,2025-12-21 10:00:00,0.009199,0.009309,0.009296,0.009204,9935895
1766314800,2025-12-21 11:00:00,0.009159,0.009216,0.009206,0.009159,4087517
1766318400,2025-12-21 12:00:00,0.009045,0.009205,0.009164,0.009102,6169951
1766322000,2025-12-21 13:00:00,0.008765,0.009097,0.009097,0.008787,41410359
1766325600,2025-12-21 14:00:00,0.008768,0.008922,0.008786,0.008879,39559537
1766329200,2025-12-21 15:00:00,0.008858,0.008955,0.008881,0.008921,16983850
1766332800,2025-12-21 16:00:00,0.008894,0.009016,0.008918,0.009009,19021931
1766336400,2025-12-21 17:00:00,0.008976,0.00907,0.009,0.008988,28069412
1766340000,2025-12-21 18:00:00,0.0089,0.008995,0.008984,0.008992,15845118
1766343600,2025-12-21 19:00:00,0.008948,0.009052,0.008991,0.009029,27727034
1766347200,2025-12-21 20:00:00,0.008968,0.009038,0.009028,0.00898,5825437
1766350800,2025-12-21 21:00:00,0.008953,0.009031,0.008976,0.008973,13369248
1766354400,2025-12-21 22:00:00,0.008952,0.009085,0.008972,0.00908,18830689
1766358000,2025-12-21 23:00:00,0.009037,0.009138,0.009084,0.009062,16745447
1766361600,2025-12-22 00:00:00,0.009062,0.009407,0.009062,0.009153,63223073
1766365200,2025-12-22 01:00:00,0.00914,0.009377,0.009152,0.009218,43722436
1766368800,2025-12-22 02:00:00,0.009052,0.009224,0.009222,0.009141,38219842
1766372400,2025-12-22 03:00:00,0.009112,0.009265,0.00914,0.00922,17562476
1766376000,2025-12-22 04:00:00,0.009209,0.009266,0.009222,0.009238,17687355
1766379600,2025-12-22 05:00:00,0.00917,0.009291,0.00924,0.009199,26060696
1766383200,2025-12-22 06:00:00,0.009177,0.00926,0.009199,0.00922,16512560
1766386800,2025-12-22 07:00:00,0.009214,0.009307,0.009218,0.009301,12458175
1766390400,2025-12-22 08:00:00,0.009266,0.009425,0.009301,0.009274,24835746
1766394000,2025-12-22 09:00:00,0.009237,0.009304,0.009275,0.009286,16164149
1766397600,2025-12-22 10:00:00,0.009256,0.009324,0.009291,0.009292,15968446
1766401200,2025-12-22 11:00:00,0.009251,0.00934,0.009292,0.009322,18045374
1766404800,2025-12-22 12:00:00,0.009305,0.009448,0.009318,0.009369,37981794
1766408400,2025-12-22 13:00:00,0.009219,0.00938,0.009368,0.009273,30291282
1766412000,2025-12-22 14:00:00,0.009235,0.009394,0.00927,0.009354,45687537
1766415600,2025-12-22 15:00:00,0.009208,0.009424,0.009356,0.00934,90675469
1766419200,2025-12-22 16:00:00,0.009286,0.009402,0.009343,0.009286,44793089
1766422800,2025-12-22 17:00:00,0.009202,0.009286,0.009286,0.009249,31968237
1766426400,2025-12-22 18:00:00,0.009229,0.009329,0.009249,0.009252,23289489
1766430000,2025-12-22 19:00:00,0.008984,0.009256,0.009251,0.009,81314715
1766433600,2025-12-22 20:00:00,0.008984,0.009123,0.008999,0.009048,84818456
1766437200,2025-12-22 21:00:00,0.009044,0.009128,0.009045,0.00908,25398553
1766440800,2025-12-22 22:00:00,0.008973,0.009176,0.009077,0.009143,50672545
1766444400,2025-12-22 23:00:00,0.009095,0.009153,0.009143,0.009126,15256121
1766448000,2025-12-23 00:00:00,0.009093,0.009236,0.009128,0.009213,29010291
1766451600,2025-12-23 01:00:00,0.009102,0.009218,0.009211,0.00914,17207327
1766455200,2025-12-23 02:00:00,0.009044,0.009199,0.00914,0.009044,35911670
1766458800,2025-12-23 03:00:00,0.008947,0.009044,0.009044,0.00898,24011616
1766462400,2025-12-23 04:00:00,0.008946,0.00902,0.008979,0.008948,10272793
1766466000,2025-12-23 05:00:00,0.008866,0.008973,0.00895,0.008928,22384531
1766469600,2025-12-23 06:00:00,0.008856,0.008953,0.008927,0.008888,30654815
1766473200,2025-12-23 07:00:00,0.008851,0.008903,0.008889,0.008862,13337254
1766476800,2025-12-23 08:00:00,0.008818,0.008907,0.00886,0.008832,15797335
1766480400,2025-12-23 09:00:00,0.008795,0.008882,0.008829,0.00884,37046428
1766484000,2025-12-23 10:00:00,0.008837,0.008939,0.00884,0.008912,18541856
1766487600,2025-12-23 11:00:00,0.008903,0.009004,0.008913,0.008966,23686884
1766491200,2025-12-23 12:00:00,0.008859,0.008964,0.008964,0.008887,21270997
1766494800,2025-12-23 13:00:00,0.008758,0.008896,0.008886,0.008781,28245889
1766498400,2025-12-23 14:00:00,0.008627,0.008816,0.008781,0.008701,96352151
1766502000,2025-12-23 15:00:00,0.008669,0.00879,0.008702,0.008767,37047294
1766505600,2025-12-23 16:00:00,0.008736,0.008931,0.008766,0.008906,65496401
1766509200,2025-12-23 17:00:00,0.00873,0.008938,0.008906,0.008749,43353822
1766512800,2025-12-23 18:00:00,0.008739,0.008914,0.008748,0.008884,33437273
1766516400,2025-12-23 19:00:00,0.008822,0.008902,0.008882,0.008865,12717316
1766520000,2025-12-23 20:00:00,0.008829,0.008975,0.008863,0.008888,19868010
1766523600,2025-12-23 21:00:00,0.008857,0.0089,0.008884,0.008873,7939081
1766527200,2025-12-23 22:00:00,0.008787,0.008895,0.008872,0.00881,21117518
1766530800,2025-12-23 23:00:00,0.008763,0.008816,0.00881,0.008787,24571089
1766534400,2025-12-24 00:00:00,0.00875,0.008808,0.008787,0.00879,20750865
1766538000,2025-12-24 01:00:00,0.008691,0.008804,0.008792,0.008712,13227195
1766541600,2025-12-24 02:00:00,0.008613,0.008713,0.008712,0.008636,20207739
1766545200,2025-12-24 03:00:00,0.008566,0.008689,0.008636,0.008679,24902886
1766548800,2025-12-24 04:00:00,0.008641,0.008728,0.008679,0.008641,13265282
1766552400,2025-12-24 05:00:00,0.008558,0.008685,0.008644,0.008571,25323964
1766556000,2025-12-24 06:00:00,0.008574,0.008657,0.008574,0.008639,18274419
1766559600,2025-12-24 07:00:00,0.008615,0.00867,0.008639,0.008616,13683432
1766563200,2025-12-24 08:00:00,0.008604,0.008669,0.008615,0.008635,17603474
1766566800,2025-12-24 09:00:00,0.008624,0.008668,0.008636,0.008644,8208178
1766570400,2025-12-24 10:00:00,0.008644,0.008714,0.008647,0.008674,14865979
1766574000,2025-12-24 11:00:00,0.008673,0.008724,0.008674,0.008702,8667579
1766577600,2025-12-24 12:00:00,0.008688,0.008748,0.0087,0.008719,12206186
1766581200,2025-12-24 13:00:00,0.00867,0.008719,0.008719,0.008685,10322202
1766584800,2025-12-24 14:00:00,0.008561,0.008765,0.008685,0.008732,39329032
1766588400,2025-12-24 15:00:00,0.008721,0.009055,0.00873,0.008902,91857596
1766592000,2025-12-24 16:00:00,0.00885,0.009256,0.008903,0.009159,115455666
1766595600,2025-12-24 17:00:00,0.008959,0.009175,0.00916,0.008982,97155949
1766599200,2025-12-24 18:00:00,0.00894,0.009117,0.008985,0.009087,57017350
1766602800,2025-12-24 19:00:00,0.009044,0.009209,0.009086,0.009189,85817146
1766606400,2025-12-24 20:00:00,0.009142,0.009274,0.00919,0.009144,46942837
1766610000,2025-12-24 21:00:00,0.00911,0.009197,0.009144,0.009193,46012909
1766613600,2025-12-24 22:00:00,0.009164,0.009264,0.009195,0.009219,54481566
1766617200,2025-12-24 23:00:00,0.009165,0.009289,0.009218,0.009232,41417337
1766620800,2025-12-25 00:00:00,0.009068,0.009231,0.009231,0.009068,32707116
1766624400,2025-12-25 01:00:00,0.009045,0.009127,0.009069,0.009099,22265874
1766628000,2025-12-25 02:00:00,0.008924,0.009141,0.0091,0.009124,67795069
1766631600,2025-12-25 03:00:00,0.009107,0.00916,0.009122,0.009142,19318622
1766635200,2025-12-25 04:00:00,0.009113,0.009194,0.00914,0.009181,11344393
1766638800,2025-12-25 05:00:00,0.009114,0.009182,0.00918,0.009146,5430539
1766642400,2025-12-25 06:00:00,0.00912,0.009143,0.009141,0.009123,4173658
1766646000,2025-12-25 07:00:00,0.009047,0.009122,0.009122,0.009065,10885807
1766649600,2025-12-25 08:00:00,0.008996,0.009141,0.009066,0.009087,24531950
1766653200,2025-12-25 09:00:00,0.009028,0.009087,0.009086,0.009047,9549374
1766656800,2025-12-25 10:00:00,0.008925,0.009046,0.009046,0.008948,30528495
1766660400,2025-12-25 11:00:00,0.008946,0.009003,0.008946,0.008968,19241886
1766664000,2025-12-25 12:00:00,0.008961,0.00905,0.008969,0.009045,12200815
1766667600,2025-12-25 13:00:00,0.009,0.009074,0.00905,0.009014,15450143
1766671200,2025-12-25 14:00:00,0.00896,0.009032,0.009011,0.008995,13212247
1766674800,2025-12-25 15:00:00,0.008962,0.009142,0.008996,0.009096,44360825
1766678400,2025-12-25 16:00:00,0.009047,0.00918,0.009098,0.009056,21736148
1766682000,2025-12-25 17:00:00,0.009052,0.009118,0.009054,0.009101,11404197
1766685600,2025-12-25 18:00:00,0.009106,0.009186,0.009106,0.009132,14796730
1766689200,2025-12-25 19:00:00,0.009128,0.009178,0.009128,0.009178,11858790
1766692800,2025-12-25 20:00:00,0.009131,0.009192,0.009178,0.009163,9981351
1766696400,2025-12-25 21:00:00,0.009132,0.009184,0.009164,0.009154,18487134
1766700000,2025-12-25 22:00:00,0.008876,0.009168,0.009156,0.008925,19819705
1766703600,2025-12-25 23:00:00,0.008738,0.008984,0.008928,0.00882,41569810
1766707200,2025-12-26 00:00:00,0.008719,0.008855,0.008819,0.008762,25080676
1766710800,2025-12-26 01:00:00,0.008749,0.008897,0.00876,0.008873,29046587
1766714400,2025-12-26 02:00:00,0.008876,0.00924,0.008876,0.009128,60671080
1766718000,2025-12-26 03:00:00,0.009045,0.009159,0.00913,0.009089,27504669
1766721600,2025-12-26 04:00:00,0.009009,0.009174,0.009088,0.00913,15724620
1766725200,2025-12-26 05:00:00,0.009103,0.009164,0.009129,0.009164,10149650
1766728800,2025-12-26 06:00:00,0.009129,0.009228,0.009165,0.00913,16637711
1766732400,2025-12-26 07:00:00,0.009014,0.009194,0.009132,0.009038,18882174
1766736000,2025-12-26 08:00:00,0.009033,0.009114,0.009034,0.009076,8956773
1766739600,2025-12-26 09:00:00,0.009059,0.009156,0.009077,0.009142,15282668
1766743200,2025-12-26 10:00:00,0.009083,0.009145,0.009141,0.00912,9060189
1766746800,2025-12-26 11:00:00,0.009094,0.009143,0.009119,0.009114,5937678
1766750400,2025-12-26 12:00:00,0.009114,0.009197,0.009114,0.009176,9008795
1766754000,2025-12-26 13:00:00,0.009148,0.009206,0.009178,0.00919,13547575
1766757600,2025-12-26 14:00:00,0.008884,0.009186,0.009186,0.008937,39453069
1766761200,2025-12-26 15:00:00,0.008855,0.008971,0.008933,0.008938,28773827
1766764800,2025-12-26 16:00:00,0.008839,0.008978,0.00894,0.008847,28027152
1766768400,2025-12-26 17:00:00,0.008826,0.009003,0.008848,0.008966,21390997
1766772000,2025-12-26 18:00:00,0.00895,0.008999,0.008963,0.008973,11916173
1766775600,2025-12-26 19:00:00,0.008957,0.009056,0.008972,0.009009,18068118
1766779200,2025-12-26 20:00:00,0.008987,0.009074,0.00901,0.00904,11994272
1766782800,2025-12-26 21:00:00,0.009002,0.009073,0.009041,0.009002,13106925
1766786400,2025-12-26 22:00:00,0.00898,0.009037,0.009,0.009013,9742350
1766790000,2025-12-26 23:00:00,0.008992,0.009031,0.009017,0.009017,11034522
1766793600,2025-12-27 00:00:00,0.00898,0.009026,0.009017,0.008999,8293420
1766797200,2025-12-27 01:00:00,0.008969,0.009017,0.009,0.009016,7186814
1766800800,2025-12-27 02:00:00,0.008992,0.009033,0.009016,0.008994,5768761
1766804400,2025-12-27 03:00:00,0.008988,0.00908,0.008998,0.009063,8224616
1766808000,2025-12-27 04:00:00,0.009045,0.0091,0.009064,0.009069,5877427
1766811600,2025-12-27 05:00:00,0.009037,0.009069,0.009069,0.009058,3640016
1766815200,2025-12-27 06:00:00,0.009008,0.009061,0.009057,0.00902,3875124
1766818800,2025-12-27 07:00:00,0.009024,0.009081,0.009024,0.00905,4262573
1766822400,2025-12-27 08:00:00,0.009026,0.009089,0.009052,0.009034,4090166
1766826000,2025-12-27 09:00:00,0.00901,0.009044,0.009034,0.009019,4950755
1766829600,2025-12-27 10:00:00,0.008936,0.009022,0.009019,0.009022,9309661
1766833200,2025-12-27 11:00:00,0.009021,0.009127,0.009021,0.009122,15762200
1766836800,2025-12-27 12:00:00,0.009079,0.009133,0.009126,0.009119,5467636
1766840400,2025-12-27 13:00:00,0.009056,0.009135,0.009118,0.009074,9946531
1766844000,2025-12-27 14:00:00,0.009067,0.009141,0.009072,0.009126,9642078
1766847600,2025-12-27 15:00:00,0.009096,0.009197,0.009124,0.00919,26732271
1766851200,2025-12-27 16:00:00,0.009141,0.009221,0.009188,0.009161,21529386
1766854800,2025-12-27 17:00:00,0.009158,0.009217,0.00916,0.009217,15687342
1766858400,2025-12-27 18:00:00,0.009125,0.009226,0.009219,0.009147,11613569
1766862000,2025-12-27 19:00:00,0.009123,0.009161,0.009147,0.009151,10622373
1766865600,2025-12-27 20:00:00,0.009127,0.009182,0.009152,0.009146,6143060
1766869200,2025-12-27 21:00:00,0.009139,0.009228,0.009148,0.009224,9332270
1766872800,2025-12-27 22:00:00,0.009174,0.009314,0.00923,0.009206,13975266
1766876400,2025-12-27 23:00:00,0.009207,0.009357,0.00921,0.00933,20012092
1766880000,2025-12-28 00:00:00,0.009287,0.009376,0.009332,0.009341,14896955
1766883600,2025-12-28 01:00:00,0.00928,0.009365,0.00934,0.009299,11137260
1766887200,2025-12-28 02:00:00,0.009288,0.009388,0.009297,0.009364,13074304
1766890800,2025-12-28 03:00:00,0.00934,0.009403,0.009365,0.00937,15126206
1766894400,2025-12-28 04:00:00,0.009345,0.009404,0.00937,0.009363,9131183
1766898000,2025-12-28 05:00:00,0.00931,0.0094,0.009362,0.009313,18835743
1766901600,2025-12-28 06:00:00,0.009293,0.00937,0.009312,0.009339,29240962
1766905200,2025-12-28 07:00:00,0.009334,0.00937,0.009344,0.009352,4996009
1766908800,2025-12-28 08:00:00,0.009344,0.009421,0.009354,0.009376,8535083
1766912400,2025-12-28 09:00:00,0.009339,0.009406,0.009374,0.009364,7324786
1766916000,2025-12-28 10:00:00,0.009357,0.009431,0.009366,0.009381,10457770
1766919600,2025-12-28 11:00:00,0.009363,0.009423,0.009384,0.009396,6437294
1766923200,2025-12-28 12:00:00,0.009369,0.009426,0.009398,0.00938,12260371
1766926800,2025-12-28 13:00:00,0.009377,0.009478,0.009381,0.009478,12265429
1766930400,2025-12-28 14:00:00,0.009467,0.009676,0.009474,0.009518,71602606
1766934000,2025-12-28 15:00:00,0.00942,0.009592,0.00952,0.009431,32302145
1766937600,2025-12-28 16:00:00,0.009373,0.009462,0.009425,0.009391,25021106
1766941200,2025-12-28 17:00:00,0.009382,0.009456,0.009391,0.009405,14747119
1766944800,2025-12-28 18:00:00,0.009221,0.009403,0.009403,0.009236,39466499
1766948400,2025-12-28 19:00:00,0.009176,0.009286,0.009232,0.009198,29990994
1766952000,2025-12-28 20:00:00,0.009154,0.009222,0.009194,0.009193,14120723
1766955600,2025-12-28 21:00:00,0.009169,0.009213,0.00919,0.009209,10018987
1766959200,2025-12-28 22:00:00,0.009191,0.009282,0.00921,0.009282,8197595
1766962800,2025-12-28 23:00:00,0.009198,0.009314,0.009279,0.009305,16409384
1766966400,2025-12-29 00:00:00,0.00927,0.009481,0.009306,0.009424,32504051
1766970000,2025-12-29 01:00:00,0.009324,0.009545,0.009422,0.009489,52022912
1766973600,2025-12-29 02:00:00,0.009441,0.009571,0.009492,0.009504,40894297
1766977200,2025-12-29 03:00:00,0.009473,0.009646,0.0095,0.009592,47072080
1766980800,2025-12-29 04:00:00,0.009533,0.009613,0.009596,0.009554,18786679
1766984400,2025-12-29 05:00:00,0.00949,0.009556,0.009552,0.009508,20046090
1766988000,2025-12-29 06:00:00,0.009415,0.009512,0.009505,0.009433,28132863
1766991600,2025-12-29 07:00:00,0.009357,0.009441,0.00943,0.009439,20629934
1766995200,2025-12-29 08:00:00,0.009357,0.00945,0.009439,0.009375,20199707
1766998800,2025-12-29 09:00:00,0.00918,0.009383,0.009372,0.009234,39152076
1767002400,2025-12-29 10:00:00,0.009236,0.009313,0.009237,0.009258,18068953
1767006000,2025-12-29 11:00:00,0.009221,0.009288,0.009262,0.009226,12023047
1767009600,2025-12-29 12:00:00,0.008934,0.009235,0.009224,0.009088,50292430
1767013200,2025-12-29 13:00:00,0.009004,0.009102,0.009086,0.00902,28187420
1767016800,2025-12-29 14:00:00,0.00897,0.009166,0.009018,0.009039,46342282
1767020400,2025-12-29 15:00:00,0.009026,0.009135,0.009036,0.009074,18979271
1767024000,2025-12-29 16:00:00,0.008972,0.009098,0.009074,0.008996,11962377
1767027600,2025-12-29 17:00:00,0.008978,0.00906,0.008994,0.009048,12505029
1767031200,2025-12-29 18:00:00,0.008938,0.009058,0.009048,0.008949,15685359
1767034800,2025-12-29 19:00:00,0.008924,0.009018,0.008952,0.00896,15878622
1767038400,2025-12-29 20:00:00,0.008847,0.008996,0.008958,0.008868,31873622
1767042000,2025-12-29 21:00:00,0.008849,0.008934,0.008866,0.00891,30970028
1767045600,2025-12-29 22:00:00,0.008886,0.008934,0.008908,0.008912,9267850
1767049200,2025-12-29 23:00:00,0.008868,0.008923,0.008911,0.008895,10789458
1767052800,2025-12-30 00:00:00,0.008858,0.008932,0.008894,0.008872,12734547
1767056400,2025-12-30 01:00:00,0.008838,0.008885,0.008869,0.008862,5866159
1767060000,2025-12-30 02:00:00,0.008804,0.008863,0.008858,0.008846,15669733
1767063600,2025-12-30 03:00:00,0.008787,0.008894,0.008846,0.008878,16115042
1767067200,2025-12-30 04:00:00,0.008864,0.008915,0.008874,0.008886,7205226
1767070800,2025-12-30 05:00:00,0.008838,0.008898,0.008886,0.00887,10455015
1767074400,2025-12-30 06:00:00,0.008874,0.008943,0.008874,0.008919,7495665
1767078000,2025-12-30 07:00:00,0.00889,0.008946,0.008918,0.008906,9710571
1767081600,2025-12-30 08:00:00,0.00891,0.009061,0.00891,0.009002,25022965
1767085200,2025-12-30 09:00:00,0.008984,0.009052,0.009002,0.009036,7467405
1767088800,2025-12-30 10:00:00,0.008973,0.00905,0.009042,0.008994,10149717
1767092400,2025-12-30 11:00:00,0.008992,0.00903,0.008992,0.00902,8724649
1767096000,2025-12-30 12:00:00,0.009014,0.009064,0.009022,0.009022,12140134
1767099600,2025-12-30 13:00:00,0.009008,0.009063,0.009027,0.009031,9452902
1767103200,2025-12-30 14:00:00,0.008924,0.009108,0.00903,0.009092,36432368
1767106800,2025-12-30 15:00:00,0.008996,0.009142,0.009094,0.009134,23810401
1767110400,2025-12-30 16:00:00,0.00906,0.009191,0.009138,0.00909,28131799
1767114000,2025-12-30 17:00:00,0.008969,0.009106,0.009086,0.009,16998413
1767117600,2025-12-30 18:00:00,0.008968,0.009025,0.008998,0.008994,15628594
1767121200,2025-12-30 19:00:00,0.008915,0.009007,0.00899,0.008994,30522791
1767124800,2025-12-30 20:00:00,0.00893,0.008994,0.008994,0.008937,21648426
1767128400,2025-12-30 21:00:00,0.008935,0.008999,0.008936,0.008964,10874463
1767132000,2025-12-30 22:00:00,0.00894,0.009002,0.008967,0.008956,18384184
1767135600,2025-12-30 23:00:00,0.008951,0.00901,0.008963,0.009,24297076
1767139200,2025-12-31 00:00:00,0.008942,0.009001,0.009001,0.008953,21066924
1767142800,2025-12-31 01:00:00,0.008947,0.009078,0.00895,0.009049,26855164
1767146400,2025-12-31 02:00:00,0.009035,0.009086,0.009048,0.009079,19226468
1767150000,2025-12-31 03:00:00,0.009009,0.009083,0.009074,0.009046,12465440
1767153600,2025-12-31 04:00:00,0.009017,0.009078,0.009047,0.009017,16178289
1767157200,2025-12-31 05:00:00,0.008992,0.009037,0.009019,0.009022,8134850
1767160800,2025-12-31 06:00:00,0.008996,0.009038,0.009022,0.009024,2933315
1767164400,2025-12-31 07:00:00,0.00897,0.009033,0.009026,0.009007,8331309
1767168000,2025-12-31 08:00:00,0.00895,0.009056,0.009008,0.00896,7905751
1767171600,2025-12-31 09:00:00,0.008948,0.009016,0.008958,0.009012,3857788
1767175200,2025-12-31 10:00:00,0.00896,0.009018,0.009012,0.008978,9598624
1767178800,2025-12-31 11:00:00,0.008969,0.009058,0.00898,0.009044,10041479
1767182400,2025-12-31 12:00:00,0.008934,0.009048,0.009042,0.008948,15705617
1767186000,2025-12-31 13:00:00,0.008936,0.009007,0.008946,0.008992,5856047
1767189600,2025-12-31 14:00:00,0.008815,0.009066,0.008992,0.008878,37001988
1767193200,2025-12-31 15:00:00,0.008795,0.008888,0.008868,0.008832,19622063
1767196800,2025-12-31 16:00:00,0.008589,0.008884,0.008838,0.008673,51541723
1767200400,2025-12-31 17:00:00,0.00859,0.008685,0.008679,0.008617,43898471
1767204000,2025-12-31 18:00:00,0.00857,0.008659,0.008619,0.008596,58930555
1767207600,2025-12-31 19:00:00,0.008591,0.008681,0.008592,0.008629,40264399
1767211200,2025-12-31 20:00:00,0.008596,0.008717,0.008631,0.008701,24678834
1767214800,2025-12-31 21:00:00,0.008671,0.008728,0.008701,0.008674,17659535
1767218400,2025-12-31 22:00:00,0.008629,0.008679,0.008672,0.008634,8309368
1767222000,2025-12-31 23:00:00,0.008597,0.00868,0.008634,0.008666,43801345
1767225600,2026-01-01 00:00:00,0.008654,0.008712,0.00866,0.008681,16069839
1767229200,2026-01-01 01:00:00,0.008654,0.008724,0.008689,0.008681,13770399
1767232800,2026-01-01 02:00:00,0.008636,0.008679,0.008679,0.00866,40221538
1767236400,2026-01-01 03:00:00,0.008636,0.008681,0.008659,0.008647,15877227
1767240000,2026-01-01 04:00:00,0.00858,0.008644,0.008644,0.008595,42636933
1767243600,2026-01-01 05:00:00,0.008595,0.008713,0.008595,0.008692,36997703
1767247200,2026-01-01 06:00:00,0.008651,0.00871,0.008692,0.008663,12537786
1767250800,2026-01-01 07:00:00,0.008652,0.008683,0.008664,0.008667,2287957
1767254400,2026-01-01 08:00:00,0.008674,0.008718,0.008676,0.008717,2104397
1767258000,2026-01-01 09:00:00,0.008718,0.008772,0.008719,0.008752,10810517
1767261600,2026-01-01 10:00:00,0.008743,0.008792,0.008756,0.008787,4164715
1767265200,2026-01-01 11:00:00,0.008771,0.008803,0.008791,0.008789,4677304
1767268800,2026-01-01 12:00:00,0.0087,0.008791,0.00879,0.0087,6073918
1767272400,2026-01-01 13:00:00,0.008698,0.008791,0.0087,0.008787,5410671
1767276000,2026-01-01 14:00:00,0.00878,0.008851,0.00879,0.008842,10586468
1767279600,2026-01-01 15:00:00,0.008825,0.00897,0.008843,0.008949,24641594
1767283200,2026-01-01 16:00:00,0.008913,0.009048,0.008952,0.009048,37449531
1767286800,2026-01-01 17:00:00,0.009045,0.009257,0.00905,0.009195,64953214
1767290400,2026-01-01 18:00:00,0.009134,0.009235,0.009196,0.009153,31232351
1767294000,2026-01-01 19:00:00,0.009135,0.009303,0.009154,0.009298,27687223
1767297600,2026-01-01 20:00:00,0.009179,0.009313,0.0093,0.009226,20612428
1767301200,2026-01-01 21:00:00,0.009182,0.009251,0.009232,0.009207,12463500
1767304800,2026-01-01 22:00:00,0.009208,0.009475,0.009208,0.00947,43385236
1767308400,2026-01-01 23:00:00,0.009413,0.00952,0.009476,0.00947,30150487
1767312000,2026-01-02 00:00:00,0.009319,0.009488,0.009466,0.009373,47333657
1767315600,2026-01-02 01:00:00,0.00936,0.00945,0.009373,0.0094,17164677
1767319200,2026-01-02 02:00:00,0.009313,0.009409,0.009403,0.00938,23222260
1767322800,2026-01-02 03:00:00,0.009365,0.009595,0.009379,0.009575,35043495
1767326400,2026-01-02 04:00:00,0.009576,0.009735,0.009576,0.009662,51012089
1767330000,2026-01-02 05:00:00,0.009609,0.009855,0.009668,0.009819,38894364
1767333600,2026-01-02 06:00:00,0.009745,0.009872,0.00982,0.009759,23845023
1767337200,2026-01-02 07:00:00,0.009625,0.009792,0.00976,0.009663,18492836
1767340800,2026-01-02 08:00:00,0.009656,0.009815,0.009664,0.00981,14610756
1767344400,2026-01-02 09:00:00,0.009803,0.010168,0.009805,0.010106,39601727
1767348000,2026-01-02 10:00:00,0.009974,0.010256,0.010108,0.010208,46743548
1767351600,2026-01-02 11:00:00,0.009921,0.010233,0.010206,0.009975,44925544
1767355200,2026-01-02 12:00:00,0.009965,0.010338,0.009978,0.01023,61510468
1767358800,2026-01-02 13:00:00,0.010098,0.010252,0.01023,0.010118,49988253
1767362400,2026-01-02 14:00:00,0.009935,0.010301,0.01012,0.010261,106718872
1767366000,2026-01-02 15:00:00,0.010152,0.010439,0.010264,0.01039,69258665
1767369600,2026-01-02 16:00:00,0.010296,0.010687,0.010392,0.010639,61498561
1767373200,2026-01-02 17:00:00,0.010582,0.010779,0.010636,0.010719,53191105
1767376800,2026-01-02 18:00:00,0.010514,0.010841,0.010728,0.01055,67666229
1767380400,2026-01-02 19:00:00,0.010493,0.010669,0.010546,0.010648,15815898
1767384000,2026-01-02 20:00:00,0.01056,0.010702,0.010663,0.010595,15660728
1767387600,2026-01-02 21:00:00,0.010584,0.010738,0.010589,0.010714,19350471
1767391200,2026-01-02 22:00:00,0.010699,0.010937,0.010707,0.010869,18374702
1767394800,2026-01-02 23:00:00,0.010767,0.010962,0.010865,0.010849,28313535
1767398400,2026-01-03 00:00:00,0.010814,0.010974,0.010849,0.010831,38965768
1767402000,2026-01-03 01:00:00,0.010761,0.010916,0.01083,0.010821,29971796
1767405600,2026-01-03 02:00:00,0.010739,0.011086,0.01082,0.01106,48477111
1767409200,2026-01-03 03:00:00,0.010934,0.011261,0.011061,0.011129,45951719
1767412800,2026-01-03 04:00:00,0.010966,0.011164,0.01113,0.01104,24105219
1767416400,2026-01-03 05:00:00,0.010979,0.011202,0.011041,0.011059,27568331
1767420000,2026-01-03 06:00:00,0.010664,0.01116,0.011059,0.010742,35799427
1767423600,2026-01-03 07:00:00,0.010426,0.01078,0.01074,0.010493,45359367
1767427200,2026-01-03 08:00:00,0.010432,0.010685,0.010492,0.010624,35358224
1767430800,2026-01-03 09:00:00,0.010588,0.010816,0.010621,0.010686,22512195
1767434400,2026-01-03 10:00:00,0.0106,0.010729,0.01069,0.010619,23584239
1767438000,2026-01-03 11:00:00,0.010559,0.010646,0.01062,0.010599,9983838
1767441600,2026-01-03 12:00:00,0.010562,0.010652,0.010604,0.010641,8443592
1767445200,2026-01-03 13:00:00,0.010614,0.010823,0.010642,0.010776,44576098
1767448800,2026-01-03 14:00:00,0.010759,0.010965,0.010774,0.010926,27354079
1767452400,2026-01-03 15:00:00,0.010803,0.010924,0.010924,0.010829,16201541
1767456000,2026-01-03 16:00:00,0.010829,0.01102,0.01083,0.010897,19578864
1767459600,2026-01-03 17:00:00,0.010839,0.010946,0.010897,0.010916,18473412
1767463200,2026-01-03 18:00:00,0.010805,0.010945,0.010897,0.010941,15217379
1767466800,2026-01-03 19:00:00,0.010817,0.010935,0.010935,0.010851,14410788
1767470400,2026-01-03 20:00:00,0.010734,0.010851,0.01085,0.010772,15217100
1767474000,2026-01-03 21:00:00,0.010755,0.01094,0.010771,0.010848,18986531
1767477600,2026-01-03 22:00:00,0.010835,0.011131,0.010848,0.011071,21243825
1767481200,2026-01-03 23:00:00,0.011069,0.011492,0.011073,0.011484,64166565
1767484800,2026-01-04 00:00:00,0.01136,0.011942,0.011482,0.011599,136998822
1767488400,2026-01-04 01:00:00,0.011413,0.011667,0.011602,0.011504,41572988
1767492000,2026-01-04 02:00:00,0.011471,0.011642,0.011507,0.011571,25535956
1767495600,2026-01-04 03:00:00,0.011559,0.01195,0.01157,0.011774,69385532
1767499200,2026-01-04 04:00:00,0.011689,0.01185,0.011776,0.01171,38395350
1767502800,2026-01-04 05:00:00,0.01169,0.011858,0.011709,0.011843,23616777
1767506400,2026-01-04 06:00:00,0.0115,0.011958,0.01184,0.011531,41253733
1767510000,2026-01-04 07:00:00,0.011488,0.011832,0.011529,0.011764,34069060
1767513600,2026-01-04 08:00:00,0.011601,0.012098,0.011763,0.012019,56303339
1767517200,2026-01-04 09:00:00,0.011967,0.012276,0.012019,0.012182,62978280
1767520800,2026-01-04 10:00:00,0.01214,0.012664,0.012182,0.012471,88270385
1767524400,2026-01-04 11:00:00,0.012322,0.012576,0.012464,0.012562,44430855
1767528000,2026-01-04 12:00:00,0.012466,0.012876,0.012566,0.0125,63646370
1767531600,2026-01-04 13:00:00,0.012371,0.012836,0.012498,0.012833,62619083
1767535200,2026-01-04 14:00:00,0.012705,0.013189,0.012834,0.013079,63092613
1767538800,2026-01-04 15:00:00,0.012659,0.013149,0.013078,0.01278,57861829
1767542400,2026-01-04 16:00:00,0.012717,0.01306,0.012778,0.012993,50359772
1767546000,2026-01-04 17:00:00,0.012754,0.013056,0.012986,0.012792,56598829
1767549600,2026-01-04 18:00:00,0.012547,0.012845,0.0128,0.012619,37768710
1767553200,2026-01-04 19:00:00,0.012368,0.012627,0.01262,0.012587,49753177
1767556800,2026-01-04 20:00:00,0.012508,0.012627,0.012591,0.012525,22954303
1767560400,2026-01-04 21:00:00,0.01239,0.012638,0.012522,0.012477,23571756
1767564000,2026-01-04 22:00:00,0.012432,0.012606,0.012472,0.01247,13250757
1767567600,2026-01-04 23:00:00,0.012468,0.01267,0.012472,0.012584,58324554
1767571200,2026-01-05 00:00:00,0.012401,0.012703,0.012582,0.012571,40017650
1767574800,2026-01-05 01:00:00,0.012523,0.013222,0.012573,0.012785,120123573
1767578400,2026-01-05 02:00:00,0.012556,0.012904,0.012775,0.012845,142858499
1767582000,2026-01-05 03:00:00,0.012617,0.012855,0.012846,0.012683,39863356
1767585600,2026-01-05 04:00:00,0.012262,0.012745,0.01268,0.01246,62977677
1767589200,2026-01-05 05:00:00,0.012384,0.012732,0.01245,0.012518,75195516
1767592800,2026-01-05 06:00:00,0.012394,0.012569,0.01252,0.012442,40026065
1767596400,2026-01-05 07:00:00,0.012424,0.012772,0.01244,0.012618,48402107
1767600000,2026-01-05 08:00:00,0.012382,0.012616,0.012616,0.012426,26700045
1767603600,2026-01-05 09:00:00,0.012236,0.012418,0.012418,0.012261,28516683
1767607200,2026-01-05 10:00:00,0.012128,0.012333,0.012264,0.01231,25103333
1767610800,2026-01-05 11:00:00,0.012298,0.012424,0.012309,0.012348,15974606
1767614400,2026-01-05 12:00:00,0.012318,0.012408,0.012346,0.012378,9658823
1767618000,2026-01-05 13:00:00,0.012303,0.012513,0.012379,0.012366,20915147
1767621600,2026-01-05 14:00:00,0.012242,0.012516,0.01237,0.012491,50108378
1767625200,2026-01-05 15:00:00,0.012304,0.012668,0.012466,0.012546,44606932
1767628800,2026-01-05 16:00:00,0.012479,0.012696,0.012548,0.012548,38811938
1767632400,2026-01-05 17:00:00,0.012463,0.012824,0.012547,0.012754,32887399
1767636000,2026-01-05 18:00:00,0.012674,0.012884,0.012756,0.012852,72503121
1767639600,2026-01-05 19:00:00,0.01278,0.01299,0.01285,0.012874,41309403
1767643200,2026-01-05 20:00:00,0.012854,0.013461,0.012871,0.013124,110185532
1767646800,2026-01-05 21:00:00,0.013045,0.013308,0.01313,0.01311,44806618
1767650400,2026-01-05 22:00:00,0.013038,0.01334,0.0131,0.013269,37477699
1767654000,2026-01-05 23:00:00,0.013073,0.013272,0.013272,0.013098,20669613
1767657600,2026-01-06 00:00:00,0.012836,0.013206,0.013092,0.013206,35283953
1767661200,2026-01-06 01:00:00,0.013117,0.01363,0.013184,0.013257,79881144
1767664800,2026-01-06 02:00:00,0.013164,0.013392,0.013262,0.013231,32525028
1767668400,2026-01-06 03:00:00,0.013218,0.013828,0.01322,0.013608,38551476
1767672000,2026-01-06 04:00:00,0.013456,0.013799,0.013604,0.013456,61329935
1767675600,2026-01-06 05:00:00,0.01318,0.013496,0.013465,0.013204,38961683
1767679200,2026-01-06 06:00:00,0.013025,0.013232,0.013202,0.013029,35842882
1767682800,2026-01-06 07:00:00,0.012841,0.01308,0.013042,0.012897,26374930
1767686400,2026-01-06 08:00:00,0.012825,0.013016,0.012903,0.012825,12268020
1767690000,2026-01-06 09:00:00,0.012776,0.01297,0.012832,0.012931,15190630
1767693600,2026-01-06 10:00:00,0.012892,0.013128,0.01293,0.013104,19757789
1767697200,2026-01-06 11:00:00,0.013074,0.013504,0.013102,0.013208,42225602
1767700800,2026-01-06 12:00:00,0.013133,0.013384,0.013192,0.013379,28829359
1767704400,2026-01-06 13:00:00,0.013236,0.013546,0.013378,0.013505,31829167
1767708000,2026-01-06 14:00:00,0.013068,0.013567,0.013512,0.013176,67552142
1767711600,2026-01-06 15:00:00,0.012905,0.013319,0.01318,0.012993,132996068
1767715200,2026-01-06 16:00:00,0.012423,0.013072,0.012996,0.01259,120750995
1767718800,2026-01-06 17:00:00,0.012315,0.012715,0.012589,0.012378,98815487
1767722400,2026-01-06 18:00:00,0.012301,0.012652,0.012373,0.012651,46650485
1767726000,2026-01-06 19:00:00,0.012547,0.012673,0.012649,0.012554,20435619
1767729600,2026-01-06 20:00:00,0.012561,0.012796,0.012561,0.012766,42308001
1767733200,2026-01-06 21:00:00,0.01267,0.0132,0.012768,0.01315,54363330
1767736800,2026-01-06 22:00:00,0.012917,0.013227,0.013148,0.012956,29640503
1767740400,2026-01-06 23:00:00,0.012952,0.013546,0.012953,0.013312,54226009
1767744000,2026-01-07 00:00:00,0.012972,0.013317,0.013315,0.012985,25384017
1767747600,2026-01-07 01:00:00,0.012788,0.013093,0.012986,0.012826,36398070
1767751200,2026-01-07 02:00:00,0.012774,0.013048,0.012826,0.013022,32349899
1767754800,2026-01-07 03:00:00,0.0129,0.013195,0.013022,0.012911,33906253
1767758400,2026-01-07 04:00:00,0.01278,0.012985,0.01291,0.012795,24561223
1767762000,2026-01-07 05:00:00,0.012755,0.01293,0.012794,0.012799,25282752
1767765600,2026-01-07 06:00:00,0.012794,0.013066,0.012801,0.012864,33598105
1767769200,2026-01-07 07:00:00,0.012849,0.013146,0.012862,0.01312,31573368
1767772800,2026-01-07 08:00:00,0.01304,0.013306,0.013125,0.013052,49552414
1767776400,2026-01-07 09:00:00,0.012579,0.013063,0.013048,0.012641,33045591
1767780000,2026-01-07 10:00:00,0.012588,0.012727,0.012641,0.012616,32446998
1767783600,2026-01-07 11:00:00,0.012602,0.012722,0.012616,0.012683,23945074
1767787200,2026-01-07 12:00:00,0.012453,0.012686,0.012683,0.012482,27330615
1767790800,2026-01-07 13:00:00,0.012305,0.012526,0.012484,0.012329,30724724
1767794400,2026-01-07 14:00:00,0.012071,0.012463,0.012338,0.01241,74623527
1767798000,2026-01-07 15:00:00,0.012169,0.012429,0.012414,0.012204,55753782
1767801600,2026-01-07 16:00:00,0.01209,0.01231,0.012202,0.012267,42629665
1767805200,2026-01-07 17:00:00,0.01219,0.012331,0.012266,0.012198,42425079
1767808800,2026-01-07 18:00:00,0.012166,0.012316,0.012206,0.012204,27626769
1767812400,2026-01-07 19:00:00,0.012071,0.012237,0.01221,0.012185,30147378
1767816000,2026-01-07 20:00:00,0.012025,0.012215,0.012184,0.012104,26037482
1767819600,2026-01-07 21:00:00,0.012039,0.012134,0.012102,0.01205,21766572
1767823200,2026-01-07 22:00:00,0.011956,0.012118,0.012048,0.01201,21415600
1767826800,2026-01-07 23:00:00,0.011941,0.0121,0.012007,0.012005,25766649
1767830400,2026-01-08 00:00:00,0.011932,0.012065,0.012006,0.012036,22557142
1767834000,2026-01-08 01:00:00,0.012001,0.012108,0.012038,0.012066,21009384
1767837600,2026-01-08 02:00:00,0.011984,0.012128,0.012065,0.012031,29605119
1767841200,2026-01-08 03:00:00,0.011816,0.012089,0.012032,0.011899,24200079
1767844800,2026-01-08 04:00:00,0.011891,0.01226,0.011898,0.01217,35024135
1767848400,2026-01-08 05:00:00,0.012048,0.012228,0.01217,0.012052,18870224
1767852000,2026-01-08 06:00:00,0.011769,0.012072,0.01206,0.011771,20554401
1767855600,2026-01-08 07:00:00,0.01171,0.012059,0.011778,0.012037,24652780
1767859200,2026-01-08 08:00:00,0.011867,0.012141,0.012037,0.011897,20081978
1767862800,2026-01-08 09:00:00,0.011756,0.011948,0.011898,0.011779,24897764
1767866400,2026-01-08 10:00:00,0.011666,0.011927,0.01178,0.011876,28824309
1767870000,2026-01-08 11:00:00,0.011707,0.011886,0.011872,0.011796,29671613
1767873600,2026-01-08 12:00:00,0.011576,0.011827,0.011799,0.011634,27440992
1767877200,2026-01-08 13:00:00,0.011578,0.011707,0.011631,0.011618,47580633
1767880800,2026-01-08 14:00:00,0.011483,0.011773,0.011618,0.011745,67402798
1767884400,2026-01-08 15:00:00,0.011679,0.012443,0.011744,0.012386,95808751
1767888000,2026-01-08 16:00:00,0.012079,0.012422,0.012387,0.012266,60798118
1767891600,2026-01-08 17:00:00,0.012101,0.012328,0.012272,0.012206,49979939
1767895200,2026-01-08 18:00:00,0.011995,0.012222,0.012214,0.012026,23586426
1767898800,2026-01-08 19:00:00,0.011864,0.012066,0.012021,0.011864,15121358
1767902400,2026-01-08 20:00:00,0.011716,0.011897,0.01187,0.011853,25044484
1767906000,2026-01-08 21:00:00,0.011857,0.012113,0.01186,0.012089,24001876
1767909600,2026-01-08 22:00:00,0.011975,0.0122,0.012094,0.01202,20191330
1767913200,2026-01-08 23:00:00,0.011918,0.012064,0.012019,0.01196,13487528
1767916800,2026-01-09 00:00:00,0.011932,0.011996,0.011957,0.01195,7429610
1767920400,2026-01-09 01:00:00,0.011744,0.01203,0.011956,0.011824,29217437
1767924000,2026-01-09 02:00:00,0.011803,0.011969,0.011822,0.011829,21712317
1767927600,2026-01-09 03:00:00,0.011798,0.012067,0.011828,0.012059,34296959
1767931200,2026-01-09 04:00:00,0.011907,0.012072,0.012055,0.011959,18766632
1767934800,2026-01-09 05:00:00,0.011954,0.01203,0.011956,0.011987,12053253
1767938400,2026-01-09 06:00:00,0.011936,0.012082,0.011986,0.012067,19394244
1767942000,2026-01-09 07:00:00,0.011927,0.012067,0.012067,0.01193,28241661
1767945600,2026-01-09 08:00:00,0.011718,0.011971,0.011938,0.011811,24305640
1767949200,2026-01-09 09:00:00,0.011805,0.012046,0.011806,0.011926,11585757
1767952800,2026-01-09 10:00:00,0.011871,0.011983,0.011924,0.011958,11977121
1767956400,2026-01-09 11:00:00,0.01193,0.012032,0.011958,0.01197,10227955
1767960000,2026-01-09 12:00:00,0.011848,0.011976,0.011969,0.011879,9747353
1767963600,2026-01-09 13:00:00,0.011872,0.01227,0.011879,0.012136,69088485
1767967200,2026-01-09 14:00:00,0.0119,0.012142,0.01214,0.011986,39180897
1767970800,2026-01-09 15:00:00,0.011909,0.012784,0.01198,0.012512,115640935
1767974400,2026-01-09 16:00:00,0.012463,0.012996,0.012516,0.012626,117200051
1767978000,2026-01-09 17:00:00,0.01213,0.012642,0.01263,0.012353,57961361
1767981600,2026-01-09 18:00:00,0.011952,0.012373,0.012352,0.012082,37707467
1767985200,2026-01-09 19:00:00,0.011787,0.012086,0.012086,0.011862,48090512
1767988800,2026-01-09 20:00:00,0.011859,0.012015,0.011861,0.011958,25079344
1767992400,2026-01-09 21:00:00,0.011905,0.0122,0.011959,0.012184,35067302
1767996000,2026-01-09 22:00:00,0.012054,0.012249,0.012183,0.012214,21287798
1767999600,2026-01-09 23:00:00,0.012071,0.012214,0.012214,0.012082,8558855
1768003200,2026-01-10 00:00:00,0.011921,0.012084,0.012084,0.011951,11448296
1768006800,2026-01-10 01:00:00,0.011903,0.012007,0.011951,0.01194,11778038
1768010400,2026-01-10 02:00:00,0.011878,0.012004,0.011941,0.01195,13032584
1768014000,2026-01-10 03:00:00,0.011844,0.012007,0.011946,0.011896,50152352
1768017600,2026-01-10 04:00:00,0.011755,0.011904,0.011896,0.011776,13704261
1768021200,2026-01-10 05:00:00,0.011748,0.011815,0.011778,0.011754,8173128
1768024800,2026-01-10 06:00:00,0.011659,0.011826,0.011757,0.011779,15274441
1768028400,2026-01-10 07:00:00,0.011772,0.011844,0.01178,0.011818,9870318
1768032000,2026-01-10 08:00:00,0.011811,0.011903,0.011818,0.011888,10773310
1768035600,2026-01-10 09:00:00,0.011874,0.012025,0.011889,0.011985,14287765
1768039200,2026-01-10 10:00:00,0.011925,0.012118,0.011985,0.0121,14485060
1768042800,2026-01-10 11:00:00,0.01199,0.012121,0.012101,0.012022,10285995
1768046400,2026-01-10 12:00:00,0.012026,0.012137,0.012026,0.012098,13694830
1768050000,2026-01-10 13:00:00,0.012076,0.012285,0.0121,0.012192,18193334
1768053600,2026-01-10 14:00:00,0.012054,0.01223,0.012192,0.012106,17456625
1768057200,2026-01-10 15:00:00,0.012047,0.01216,0.012112,0.012102,9469889
1768060800,2026-01-10 16:00:00,0.011955,0.012113,0.012102,0.012025,29521261
1768064400,2026-01-10 17:00:00,0.011925,0.012104,0.012026,0.011946,24535194
1768068000,2026-01-10 18:00:00,0.011876,0.012001,0.011948,0.011962,9722960
1768071600,2026-01-10 19:00:00,0.011958,0.012032,0.011963,0.012015,9259314
1768075200,2026-01-10 20:00:00,0.011969,0.012034,0.012016,0.011981,8419052
1768078800,2026-01-10 21:00:00,0.011901,0.011998,0.011981,0.011906,10754112
1768082400,2026-01-10 22:00:00,0.011773,0.011913,0.011906,0.011773,20421472
1768086000,2026-01-10 23:00:00,0.011742,0.011884,0.011791,0.011866,18860551
1768089600,2026-01-11 00:00:00,0.01184,0.011936,0.011867,0.011918,10910822
1768093200,2026-01-11 01:00:00,0.011882,0.011968,0.011918,0.01191,10292846
1768096800,2026-01-11 02:00:00,0.011889,0.011983,0.011911,0.011933,11475704
1768100400,2026-01-11 03:00:00,0.011919,0.01212,0.011934,0.012102,62160740
1768104000,2026-01-11 04:00:00,0.011972,0.012141,0.012103,0.012006,49605600
1768107600,2026-01-11 05:00:00,0.01193,0.012008,0.012008,0.011959,9402974
1768111200,2026-01-11 06:00:00,0.011859,0.012113,0.011954,0.012078,17508705
1768114800,2026-01-11 07:00:00,0.01203,0.012106,0.012078,0.012062,10363354
1768118400,2026-01-11 08:00:00,0.012016,0.012155,0.012062,0.012101,12496999
1768122000,2026-01-11 09:00:00,0.01209,0.01225,0.0121,0.012137,17332286
1768125600,2026-01-11 10:00:00,0.012112,0.012236,0.012134,0.012136,13897662
1768129200,2026-01-11 11:00:00,0.012087,0.012172,0.012137,0.012154,10607826
1768132800,2026-01-11 12:00:00,0.012138,0.01233,0.012156,0.012286,21059283
1768136400,2026-01-11 13:00:00,0.012126,0.012385,0.012287,0.012133,41944012
1768140000,2026-01-11 14:00:00,0.012119,0.012329,0.012129,0.01226,24992113
1768143600,2026-01-11 15:00:00,0.011939,0.012293,0.012259,0.011995,86053218
1768147200,2026-01-11 16:00:00,0.011976,0.012246,0.011998,0.012122,37144456
1768150800,2026-01-11 17:00:00,0.012002,0.012218,0.012121,0.012123,23768814
1768154400,2026-01-11 18:00:00,0.012027,0.012132,0.012126,0.012097,16954586
1768158000,2026-01-11 19:00:00,0.012034,0.012153,0.012097,0.012055,17676448
1768161600,2026-01-11 20:00:00,0.011837,0.012055,0.012055,0.011906,37070182
1768165200,2026-01-11 21:00:00,0.011829,0.012046,0.011906,0.012014,19159659
1768168800,2026-01-11 22:00:00,0.011815,0.012012,0.012012,0.011825,27464621
1768172400,2026-01-11 23:00:00,0.01176,0.012041,0.011824,0.012041,26466083
1768176000,2026-01-12 00:00:00,0.011822,0.012145,0.012035,0.012074,37204253
1768179600,2026-01-12 01:00:00,0.012066,0.012353,0.012069,0.01218,42300789
1768183200,2026-01-12 02:00:00,0.012186,0.012487,0.012186,0.012436,31517563
1768186800,2026-01-12 03:00:00,0.012263,0.01259,0.012444,0.012269,58240997
1768190400,2026-01-12 04:00:00,0.012238,0.012461,0.01227,0.012417,18563701
1768194000,2026-01-12 05:00:00,0.012315,0.01246,0.012418,0.01234,13699342
1768197600,2026-01-12 06:00:00,0.012174,0.012364,0.012337,0.01221,12172802
1768201200,2026-01-12 07:00:00,0.011953,0.012286,0.01221,0.011954,16336599
1768204800,2026-01-12 08:00:00,0.011795,0.012073,0.011958,0.011953,25997943
1768208400,2026-01-12 09:00:00,0.011906,0.012015,0.01195,0.011928,14660246
1768212000,2026-01-12 10:00:00,0.011838,0.01199,0.011929,0.011857,10566240
1768215600,2026-01-12 11:00:00,0.01185,0.012065,0.011854,0.012029,7694173
1768219200,2026-01-12 12:00:00,0.011913,0.012094,0.012028,0.011916,5968867
1768222800,2026-01-12 13:00:00,0.011731,0.011962,0.011917,0.01177,16685890
1768226400,2026-01-12 14:00:00,0.011651,0.01205,0.01177,0.012021,30245936
1768230000,2026-01-12 15:00:00,0.011938,0.012234,0.012021,0.012182,48192789
1768233600,2026-01-12 16:00:00,0.012002,0.012226,0.012181,0.012144,40979410
1768237200,2026-01-12 17:00:00,0.011881,0.012189,0.01214,0.011958,26810773
1768240800,2026-01-12 18:00:00,0.011882,0.012068,0.011959,0.011941,19569833
1768244400,2026-01-12 19:00:00,0.011858,0.01201,0.011941,0.012,11549919
1768248000,2026-01-12 20:00:00,0.011894,0.012132,0.011999,0.011944,25741001
1768251600,2026-01-12 21:00:00,0.011763,0.011996,0.011941,0.011812,17944501
1768255200,2026-01-12 22:00:00,0.011795,0.011893,0.011815,0.011796,9151487
1768258800,2026-01-12 23:00:00,0.011724,0.011827,0.011796,0.011778,8620172
1768262400,2026-01-13 00:00:00,0.01175,0.011848,0.011776,0.01181,12623475
1768266000,2026-01-13 01:00:00,0.011684,0.011901,0.01182,0.011757,10327919
1768269600,2026-01-13 02:00:00,0.011743,0.011892,0.011758,0.011746,10503529
1768273200,2026-01-13 03:00:00,0.011689,0.011824,0.011745,0.011787,15158013
1768276800,2026-01-13 04:00:00,0.011768,0.011896,0.011788,0.011888,13112247
1768280400,2026-01-13 05:00:00,0.011882,0.012144,0.011887,0.011991,27960158
1768284000,2026-01-13 06:00:00,0.011938,0.012062,0.011994,0.012046,20852050
1768287600,2026-01-13 07:00:00,0.0119,0.012045,0.012045,0.011925,8333031
1768291200,2026-01-13 08:00:00,0.011862,0.012012,0.011925,0.01196,11852942
1768294800,2026-01-13 09:00:00,0.011937,0.012061,0.011961,0.011994,16537594
1768298400,2026-01-13 10:00:00,0.011952,0.012074,0.011991,0.012035,14979388
1768302000,2026-01-13 11:00:00,0.011991,0.012138,0.012034,0.012052,15850549
1768305600,2026-01-13 12:00:00,0.012019,0.012234,0.012052,0.012198,24334970
1768309200,2026-01-13 13:00:00,0.012139,0.01247,0.012199,0.012327,75217061
1768312800,2026-01-13 14:00:00,0.012208,0.012556,0.012324,0.0123,51395844
1768316400,2026-01-13 15:00:00,0.012076,0.01253,0.012298,0.012494,38589524
1768320000,2026-01-13 16:00:00,0.01243,0.012637,0.012496,0.012566,44278774
1768323600,2026-01-13 17:00:00,0.012431,0.012628,0.012567,0.012564,35277514
1768327200,2026-01-13 18:00:00,0.012527,0.012732,0.01256,0.012682,29722158
1768330800,2026-01-13 19:00:00,0.012648,0.012996,0.012678,0.012902,36497840
1768334400,2026-01-13 20:00:00,0.012664,0.012947,0.012904,0.012752,34644163
1768338000,2026-01-13 21:00:00,0.012746,0.012872,0.012755,0.0128,26810168
1768341600,2026-01-13 22:00:00,0.012777,0.013586,0.012793,0.013474,92325374
1768345200,2026-01-13 23:00:00,0.01333,0.013696,0.013476,0.013332,137586220
1768348800,2026-01-14 00:00:00,0.013273,0.013531,0.013334,0.013396,51211937
1768352400,2026-01-14 01:00:00,0.013296,0.013511,0.013412,0.01333,35924553
1768356000,2026-01-14 02:00:00,0.013263,0.013565,0.01332,0.013531,22184095
1768359600,2026-01-14 03:00:00,0.013454,0.013815,0.013518,0.013587,49966757
1768363200,2026-01-14 04:00:00,0.013277,0.013617,0.013573,0.013298,18070921
1768366800,2026-01-14 05:00:00,0.013054,0.013283,0.013283,0.013075,27628293
1768370400,2026-01-14 06:00:00,0.012931,0.013077,0.013074,0.013043,22658515
1768374000,2026-01-14 07:00:00,0.013007,0.01318,0.013038,0.013119,14564606
1768377600,2026-01-14 08:00:00,0.01308,0.013234,0.01311,0.013095,11523359
1768381200,2026-01-14 09:00:00,0.013078,0.013189,0.013084,0.013143,12553441
1768384800,2026-01-14 10:00:00,0.013116,0.013222,0.013126,0.013143,49186003
1768388400,2026-01-14 11:00:00,0.012887,0.013134,0.013134,0.012933,38712101
1768392000,2026-01-14 12:00:00,0.012859,0.013008,0.012922,0.012877,22284961
1768395600,2026-01-14 13:00:00,0.012675,0.012928,0.012867,0.012729,32894648
1768399200,2026-01-14 14:00:00,0.01271,0.013229,0.012718,0.013082,33270661
1768402800,2026-01-14 15:00:00,0.012914,0.013169,0.013084,0.013014,51631957
1768406400,2026-01-14 16:00:00,0.013005,0.013429,0.013023,0.013219,43876841
1768410000,2026-01-14 17:00:00,0.013029,0.013492,0.013222,0.013059,39786238
1768413600,2026-01-14 18:00:00,0.012775,0.013136,0.013059,0.012957,37812655
1768417200,2026-01-14 19:00:00,0.012906,0.01332,0.012958,0.013132,40623449
1768420800,2026-01-14 20:00:00,0.013079,0.01327,0.013126,0.01315,27970587
1768424400,2026-01-14 21:00:00,0.013007,0.013179,0.013146,0.013074,13586168
1768428000,2026-01-14 22:00:00,0.012824,0.0131,0.013072,0.012839,30956717
1768431600,2026-01-14 23:00:00,0.012803,0.013024,0.012838,0.012822,25473847
1768435200,2026-01-15 00:00:00,0.012675,0.012828,0.012822,0.01277,19068302
1768438800,2026-01-15 01:00:00,0.012699,0.012874,0.012772,0.012729,18831360
1768442400,2026-01-15 02:00:00,0.012574,0.01277,0.012727,0.012586,32943203
1768446000,2026-01-15 03:00:00,0.012272,0.012609,0.012583,0.012313,52011985
1768449600,2026-01-15 04:00:00,0.012297,0.012428,0.012313,0.012405,15502085
1768453200,2026-01-15 05:00:00,0.012391,0.012542,0.012399,0.012516,12536150
1768456800,2026-01-15 06:00:00,0.012435,0.01256,0.012514,0.012465,5924498
1768460400,2026-01-15 07:00:00,0.012453,0.012684,0.012464,0.012678,7186583
1768464000,2026-01-15 08:00:00,0.012589,0.012727,0.012676,0.01269,6669329
1768467600,2026-01-15 09:00:00,0.012524,0.012771,0.012688,0.012686,19026585
1768471200,2026-01-15 10:00:00,0.012564,0.012718,0.012688,0.0126,9013210
1768474800,2026-01-15 11:00:00,0.01249,0.012645,0.012596,0.012527,9007316
1768478400,2026-01-15 12:00:00,0.012499,0.0127,0.012524,0.01267,13066782
1768482000,2026-01-15 13:00:00,0.012632,0.01276,0.01267,0.012689,12894882
1768485600,2026-01-15 14:00:00,0.01248,0.012875,0.012693,0.012601,64573239
1768489200,2026-01-15 15:00:00,0.012165,0.012668,0.012596,0.012472,30579046
1768492800,2026-01-15 16:00:00,0.012328,0.012536,0.012464,0.012483,14558052
1768496400,2026-01-15 17:00:00,0.012246,0.012536,0.01248,0.012274,18933029
1768500000,2026-01-15 18:00:00,0.012053,0.012352,0.012276,0.012086,35710144
1768503600,2026-01-15 19:00:00,0.011968,0.012095,0.012084,0.012082,29658827
1768507200,2026-01-15 20:00:00,0.011916,0.012138,0.012078,0.01194,13367055
1768510800,2026-01-15 21:00:00,0.011934,0.012052,0.011938,0.012028,19103820
1768514400,2026-01-15 22:00:00,0.012002,0.012112,0.012025,0.012054,14783382
1768518000,2026-01-15 23:00:00,0.012006,0.012088,0.012052,0.012071,5598276
1768521600,2026-01-16 00:00:00,0.012072,0.012144,0.012072,0.01209,6231442
1768525200,2026-01-16 01:00:00,0.012039,0.012132,0.012092,0.01208,5451345
1768528800,2026-01-16 02:00:00,0.011978,0.012101,0.012079,0.012091,10605839
1768532400,2026-01-16 03:00:00,0.011988,0.012094,0.012091,0.012011,4882405
1768536000,2026-01-16 04:00:00,0.01188,0.01206,0.012008,0.011931,10667125
1768539600,2026-01-16 05:00:00,0.011896,0.012082,0.011934,0.01204,11870783
1768543200,2026-01-16 06:00:00,0.012011,0.01212,0.012038,0.012106,7992210
1768546800,2026-01-16 07:00:00,0.012075,0.012174,0.012105,0.012125,3438219
1768550400,2026-01-16 08:00:00,0.012123,0.012316,0.012123,0.012239,12179643
1768554000,2026-01-16 09:00:00,0.012174,0.012276,0.012238,0.012174,1554788
1768557600,2026-01-16 10:00:00,0.012105,0.012178,0.012175,0.012123,5601496
1768561200,2026-01-16 11:00:00,0.012082,0.012202,0.012124,0.012144,10131666
1768564800,2026-01-16 12:00:00,0.012042,0.01216,0.012146,0.01205,10702226
1768568400,2026-01-16 13:00:00,0.011938,0.012068,0.012048,0.012004,15919935
1768572000,2026-01-16 14:00:00,0.012006,0.012121,0.012009,0.012014,43268450
1768575600,2026-01-16 15:00:00,0.011588,0.012092,0.012012,0.011708,41790298
1768579200,2026-01-16 16:00:00,0.011663,0.011915,0.011703,0.011848,23939231
1768582800,2026-01-16 17:00:00,0.011749,0.011987,0.01185,0.011968,11710337
1768586400,2026-01-16 18:00:00,0.011979,0.012068,0.011982,0.011987,10395676
1768590000,2026-01-16 19:00:00,0.011931,0.012087,0.01199,0.01204,7347553
1768593600,2026-01-16 20:00:00,0.011948,0.0124,0.01204,0.012293,50639272
1768597200,2026-01-16 21:00:00,0.012233,0.01235,0.012294,0.012301,16577513
1768600800,2026-01-16 22:00:00,0.01218,0.012301,0.012277,0.01225,8051789
1768604400,2026-01-16 23:00:00,0.012243,0.01231,0.012254,0.012279,14923411
1768608000,2026-01-17 00:00:00,0.01223,0.012282,0.01228,0.012247,6840212
1768611600,2026-01-17 01:00:00,0.012222,0.012275,0.012246,0.012231,5854139
1768615200,2026-01-17 02:00:00,0.01211,0.012227,0.012227,0.01218,7740116
1768618800,2026-01-17 03:00:00,0.012121,0.012186,0.012184,0.012148,3239058
1768622400,2026-01-17 04:00:00,0.012121,0.012197,0.012146,0.012178,2850375
1768626000,2026-01-17 05:00:00,0.012134,0.012204,0.01218,0.012139,4893870
1768629600,2026-01-17 06:00:00,0.012088,0.012148,0.012144,0.012115,6238532
1768633200,2026-01-17 07:00:00,0.012015,0.012114,0.012114,0.01202,50626702
1768636800,2026-01-17 08:00:00,0.012008,0.012087,0.01202,0.012054,27438651
1768640400,2026-01-17 09:00:00,0.011995,0.012074,0.012056,0.012001,8709034
1768644000,2026-01-17 10:00:00,0.011927,0.012015,0.012002,0.011943,5036421
1768647600,2026-01-17 11:00:00,0.011911,0.012014,0.011942,0.011978,6753924
1768651200,2026-01-17 12:00:00,0.011965,0.012037,0.011976,0.011985,4745314
1768654800,2026-01-17 13:00:00,0.011941,0.012006,0.011981,0.01199,6550691
1768658400,2026-01-17 14:00:00,0.011948,0.012119,0.011991,0.012085,9060358
1768662000,2026-01-17 15:00:00,0.01206,0.012152,0.012106,0.012138,8369969
1768665600,2026-01-17 16:00:00,0.011877,0.01215,0.012139,0.011935,15934411
1768669200,2026-01-17 17:00:00,0.011891,0.012006,0.011933,0.011932,13777275
1768672800,2026-01-17 18:00:00,0.011888,0.01199,0.011942,0.011962,5915160
1768676400,2026-01-17 19:00:00,0.011949,0.012009,0.01196,0.011973,6159047
1768680000,2026-01-17 20:00:00,0.011905,0.012008,0.011974,0.011922,8331359
1768683600,2026-01-17 21:00:00,0.011894,0.011942,0.01192,0.011916,6503748
1768687200,2026-01-17 22:00:00,0.01181,0.011914,0.011914,0.011856,6030783
1768690800,2026-01-17 23:00:00,0.011809,0.011885,0.011855,0.011817,9663110
1768694400,2026-01-18 00:00:00,0.01176,0.011886,0.011814,0.011773,9960625
1768698000,2026-01-18 01:00:00,0.011696,0.011791,0.011769,0.011728,15411502
1768701600,2026-01-18 02:00:00,0.011676,0.011779,0.01173,0.011707,15409580
1768705200,2026-01-18 03:00:00,0.011691,0.011783,0.011705,0.011713,5336909
1768708800,2026-01-18 04:00:00,0.011659,0.011722,0.01171,0.011698,3969050
1768712400,2026-01-18 05:00:00,0.011674,0.011742,0.011697,0.011713,5342871
1768716000,2026-01-18 06:00:00,0.011714,0.011755,0.011718,0.011724,3188193
1768719600,2026-01-18 07:00:00,0.01164,0.011722,0.011722,0.011674,10750971
1768723200,2026-01-18 08:00:00,0.011662,0.011734,0.011672,0.011715,7850595
1768726800,2026-01-18 09:00:00,0.011688,0.011752,0.011714,0.011737,4589163
1768730400,2026-01-18 10:00:00,0.011694,0.011764,0.011737,0.011745,4677367
1768734000,2026-01-18 11:00:00,0.011663,0.011789,0.011748,0.011675,10060884
1768737600,2026-01-18 12:00:00,0.011583,0.011677,0.01167,0.011607,17093874
1768741200,2026-01-18 13:00:00,0.011561,0.011668,0.011609,0.01161,16203295
1768744800,2026-01-18 14:00:00,0.011516,0.011684,0.011609,0.011522,14209408
1768748400,2026-01-18 15:00:00,0.011415,0.011546,0.011524,0.011444,48293739
1768752000,2026-01-18 16:00:00,0.011422,0.011524,0.011442,0.011451,19350587
1768755600,2026-01-18 17:00:00,0.011309,0.01149,0.011454,0.011372,36565760
1768759200,2026-01-18 18:00:00,0.011344,0.01155,0.011375,0.011493,46840982
1768762800,2026-01-18 19:00:00,0.011255,0.011538,0.011496,0.011297,35080348
1768766400,2026-01-18 20:00:00,0.011243,0.011375,0.011296,0.01134,14641898
1768770000,2026-01-18 21:00:00,0.011311,0.011389,0.011336,0.011362,12714875
1768773600,2026-01-18 22:00:00,0.011353,0.011436,0.011364,0.011402,13862263
1768777200,2026-01-18 23:00:00,0.010663,0.0114,0.0114,0.010701,117661072
1768780800,2026-01-19 00:00:00,0.009492,0.010696,0.010696,0.010286,175016224
1768784400,2026-01-19 01:00:00,0.010227,0.010778,0.010287,0.010335,95544127
1768788000,2026-01-19 02:00:00,0.010308,0.010427,0.01033,0.01038,19371402
1768791600,2026-01-19 03:00:00,0.010332,0.010406,0.010376,0.01039,13751943
1768795200,2026-01-19 04:00:00,0.010275,0.010437,0.010388,0.010275,30116657
1768798800,2026-01-19 05:00:00,0.010204,0.010342,0.010287,0.010222,42452412
1768802400,2026-01-19 06:00:00,0.010182,0.010261,0.010221,0.010217,25265410
1768806000,2026-01-19 07:00:00,0.010156,0.010239,0.01022,0.01016,23728465
1768809600,2026-01-19 08:00:00,0.010136,0.010281,0.010159,0.010277,17277268
1768813200,2026-01-19 09:00:00,0.010195,0.010284,0.010276,0.010232,10446682
1768816800,2026-01-19 10:00:00,0.010157,0.01024,0.01023,0.010203,10426971
1768820400,2026-01-19 11:00:00,0.010191,0.01044,0.010202,0.010341,31063783
1768824000,2026-01-19 12:00:00,0.0102,0.010378,0.01034,0.010232,35738814
1768827600,2026-01-19 13:00:00,0.010183,0.010252,0.010234,0.010242,23923366
1768831200,2026-01-19 14:00:00,0.010208,0.010306,0.010244,0.010246,25165271
1768834800,2026-01-19 15:00:00,0.01018,0.010294,0.010249,0.010202,8673574
1768838400,2026-01-19 16:00:00,0.010202,0.010464,0.010204,0.010427,32236295
1768842000,2026-01-19 17:00:00,0.010364,0.010453,0.010428,0.010425,21709594
1768845600,2026-01-19 18:00:00,0.010404,0.010522,0.010424,0.010465,14638288
1768849200,2026-01-19 19:00:00,0.010449,0.010524,0.010466,0.010481,8939253
1768852800,2026-01-19 20:00:00,0.010452,0.010518,0.010481,0.01046,22585127
1768856400,2026-01-19 21:00:00,0.010382,0.0105,0.010465,0.010384,16516186
1768860000,2026-01-19 22:00:00,0.010271,0.010415,0.010384,0.01031,20319160
1768863600,2026-01-19 23:00:00,0.010299,0.010412,0.010311,0.010362,12547112
1768867200,2026-01-20 00:00:00,0.010287,0.010374,0.010366,0.010313,7565982
1768870800,2026-01-20 01:00:00,0.010256,0.010391,0.01031,0.010349,14015740
1768874400,2026-01-20 02:00:00,0.010292,0.010388,0.010353,0.010345,9790115
1768878000,2026-01-20 03:00:00,0.010207,0.010341,0.010341,0.01025,9344243
1768881600,2026-01-20 04:00:00,0.010182,0.010266,0.010248,0.010195,7017331
1768885200,2026-01-20 05:00:00,0.010142,0.010308,0.010194,0.010256,18735294
1768888800,2026-01-20 06:00:00,0.010078,0.010254,0.010254,0.010111,26426719
1768892400,2026-01-20 07:00:00,0.010002,0.010139,0.010111,0.010004,19906659
1768896000,2026-01-20 08:00:00,0.01,0.010084,0.010007,0.010058,146331222
1768899600,2026-01-20 09:00:00,0.01,0.010068,0.010056,0.010022,36413596
1768903200,2026-01-20 10:00:00,0.01,0.010067,0.010022,0.010021,16445125
1768906800,2026-01-20 11:00:00,0.009934,0.010054,0.010022,0.009943,37990360
1768910400,2026-01-20 12:00:00,0.009864,0.009945,0.009945,0.009888,23335178
1768914000,2026-01-20 13:00:00,0.009765,0.009888,0.00988,0.00978,56295513
1768917600,2026-01-20 14:00:00,0.009782,0.010152,0.009782,0.010015,25001340
1768921200,2026-01-20 15:00:00,0.009868,0.010082,0.010018,0.009969,58578202
1768924800,2026-01-20 16:00:00,0.009727,0.01002,0.00997,0.00978,32271337
1768928400,2026-01-20 17:00:00,0.009674,0.009879,0.009778,0.009753,21389979
1768932000,2026-01-20 18:00:00,0.009666,0.009797,0.009758,0.009708,18051951
1768935600,2026-01-20 19:00:00,0.009635,0.009776,0.00971,0.009684,19251239
1768939200,2026-01-20 20:00:00,0.009666,0.009802,0.009682,0.00977,9598119
1768942800,2026-01-20 21:00:00,0.009641,0.009774,0.009772,0.009664,9829843
1768946400,2026-01-20 22:00:00,0.009433,0.009687,0.009661,0.00957,21922725
1768950000,2026-01-20 23:00:00,0.009424,0.009567,0.009567,0.009455,31895164
1768953600,2026-01-21 00:00:00,0.009444,0.009717,0.009454,0.009705,21778840
1768957200,2026-01-21 01:00:00,0.0097,0.009825,0.009702,0.009758,16290629
1768960800,2026-01-21 02:00:00,0.00972,0.009838,0.00976,0.009745,31558930
1768964400,2026-01-21 03:00:00,0.009732,0.009823,0.009748,0.009775,10026834
1768968000,2026-01-21 04:00:00,0.009768,0.0099,0.009772,0.009882,28225255
1768971600,2026-01-21 05:00:00,0.009858,0.009985,0.009881,0.009983,14824315
1768975200,2026-01-21 06:00:00,0.009927,0.009984,0.00998,0.009934,11579963
1768978800,2026-01-21 07:00:00,0.009924,0.010068,0.009933,0.009966,30187997
1768982400,2026-01-21 08:00:00,0.00992,0.010041,0.009964,0.009968,10721778
1768986000,2026-01-21 09:00:00,0.009919,0.010024,0.009966,0.00996,10163809
1768989600,2026-01-21 10:00:00,0.009868,0.010018,0.00996,0.009875,7897754
1768993200,2026-01-21 11:00:00,0.009726,0.009909,0.00987,0.009747,10048699
1768996800,2026-01-21 12:00:00,0.009589,0.009785,0.00974,0.009742,39159267
1769000400,2026-01-21 13:00:00,0.009662,0.0098,0.009741,0.009678,15737460
1769004000,2026-01-21 14:00:00,0.009671,0.010226,0.009675,0.010191,87808345
1769007600,2026-01-21 15:00:00,0.010061,0.010301,0.010186,0.010116,68450760
1769011200,2026-01-21 16:00:00,0.009572,0.010132,0.010118,0.009613,88823460
1769014800,2026-01-21 17:00:00,0.009497,0.009724,0.009614,0.009596,60527780
1769018400,2026-01-21 18:00:00,0.009536,0.009711,0.009594,0.009665,26024762
1769022000,2026-01-21 19:00:00,0.009581,0.010195,0.009661,0.010126,102173515
1769025600,2026-01-21 20:00:00,0.00992,0.010166,0.010128,0.010154,47742705
1769029200,2026-01-21 21:00:00,0.010089,0.010261,0.010162,0.010187,41721235
1769032800,2026-01-21 22:00:00,0.010067,0.010249,0.01018,0.010067,13079929
1769036400,2026-01-21 23:00:00,0.0099,0.010089,0.010067,0.009955,22377190
1769040000,2026-01-22 00:00:00,0.009956,0.010242,0.009956,0.01016,25665509
1769043600,2026-01-22 01:00:00,0.01013,0.010326,0.010154,0.010223,17915975
1769047200,2026-01-22 02:00:00,0.010212,0.010311,0.010225,0.010236,20803303
1769050800,2026-01-22 03:00:00,0.010099,0.010299,0.010233,0.010142,17487891
1769054400,2026-01-22 04:00:00,0.010142,0.010286,0.010146,0.01028,19567826
1769058000,2026-01-22 05:00:00,0.01015,0.010276,0.010274,0.010183,12610366
1769061600,2026-01-22 06:00:00,0.010108,0.01023,0.01018,0.010168,15782299
1769065200,2026-01-22 07:00:00,0.010023,0.010168,0.010166,0.010052,9400532
1769068800,2026-01-22 08:00:00,0.009976,0.010098,0.010051,0.010086,10083779
1769072400,2026-01-22 09:00:00,0.010068,0.010214,0.010078,0.01016,9008615
1769076000,2026-01-22 10:00:00,0.010112,0.010171,0.01016,0.010112,6201619
1769079600,2026-01-22 11:00:00,0.010017,0.010124,0.01011,0.010043,8948241
1769083200,2026-01-22 12:00:00,0.009971,0.010068,0.010043,0.00999,11557704
1769086800,2026-01-22 13:00:00,0.009896,0.010092,0.009989,0.009919,19919346
1769090400,2026-01-22 14:00:00,0.009719,0.009926,0.009919,0.009764,28791329
1769094000,2026-01-22 15:00:00,0.009664,0.009862,0.009762,0.009792,49130259
1769097600,2026-01-22 16:00:00,0.009756,0.009959,0.009796,0.009924,23575509
1769101200,2026-01-22 17:00:00,0.009897,0.010041,0.009928,0.010039,34595220
1769104800,2026-01-22 18:00:00,0.009879,0.010043,0.01004,0.009891,13374113
1769108400,2026-01-22 19:00:00,0.00984,0.010035,0.009892,0.009948,12084640
1769112000,2026-01-22 20:00:00,0.00984,0.009978,0.009949,0.009892,13244054
1769115600,2026-01-22 21:00:00,0.00983,0.009926,0.009892,0.00986,9096866
1769119200,2026-01-22 22:00:00,0.00982,0.009892,0.009864,0.009843,10053151
1769122800,2026-01-22 23:00:00,0.00978,0.009852,0.009846,0.009833,13509271
1769126400,2026-01-23 00:00:00,0.009786,0.00987,0.009834,0.009843,14656169
1769130000,2026-01-23 01:00:00,0.009836,0.009912,0.009844,0.009911,7735018
1769133600,2026-01-23 02:00:00,0.009828,0.009917,0.00991,0.009836,7448704
1769137200,2026-01-23 03:00:00,0.009834,0.009994,0.009834,0.009975,5677880
1769140800,2026-01-23 04:00:00,0.009958,0.010066,0.009975,0.010029,9001259
1769144400,2026-01-23 05:00:00,0.009986,0.010053,0.010027,0.010036,5745612
1769148000,2026-01-23 06:00:00,0.009914,0.010082,0.010033,0.009922,9247415
1769151600,2026-01-23 07:00:00,0.009921,0.009992,0.009924,0.009949,8122739
1769155200,2026-01-23 08:00:00,0.009818,0.009953,0.009946,0.009837,7857428
1769158800,2026-01-23 09:00:00,0.009818,0.009898,0.009844,0.009876,2579831
1769162400,2026-01-23 10:00:00,0.009824,0.009888,0.009876,0.009847,2937430
1769166000,2026-01-23 11:00:00,0.009848,0.00996,0.009848,0.009916,8023239
1769169600,2026-01-23 12:00:00,0.00986,0.009923,0.00992,0.009893,7684759
1769173200,2026-01-23 13:00:00,0.009844,0.009925,0.009892,0.009847,6285311
1769176800,2026-01-23 14:00:00,0.009633,0.009904,0.009848,0.009726,15727394
1769180400,2026-01-23 15:00:00,0.009672,0.010037,0.00972,0.010021,24282849
1769184000,2026-01-23 16:00:00,0.00988,0.010177,0.010024,0.010024,20773741
1769187600,2026-01-23 17:00:00,0.009956,0.010264,0.010022,0.010071,38954337
1769191200,2026-01-23 18:00:00,0.010036,0.010158,0.010068,0.010066,36373591
1769194800,2026-01-23 19:00:00,0.009834,0.010068,0.010066,0.009886,24540304
1769198400,2026-01-23 20:00:00,0.009744,0.00992,0.009888,0.009818,20595974
1769202000,2026-01-23 21:00:00,0.009816,0.009919,0.009816,0.009858,11941792
1769205600,2026-01-23 22:00:00,0.009862,0.009974,0.009862,0.009916,13307136
1769209200,2026-01-23 23:00:00,0.00988,0.009938,0.009914,0.009928,5926277
1769212800,2026-01-24 00:00:00,0.009856,0.009956,0.00993,0.009856,10862301
1769216400,2026-01-24 01:00:00,0.009834,0.009913,0.009854,0.009908,16237821
1769220000,2026-01-24 02:00:00,0.009881,0.010017,0.009906,0.009943,25402628
1769223600,2026-01-24 03:00:00,0.009912,0.010054,0.009946,0.009994,25503349
1769227200,2026-01-24 04:00:00,0.00996,0.01006,0.00999,0.009972,11409604
1769230800,2026-01-24 05:00:00,0.00993,0.009992,0.009974,0.009992,3224010
1769234400,2026-01-24 06:00:00,0.009946,0.010037,0.009992,0.009992,9321257
1769238000,2026-01-24 07:00:00,0.009962,0.010036,0.009992,0.009963,7694125
1769241600,2026-01-24 08:00:00,0.009928,0.010032,0.009962,0.010007,7529948
1769245200,2026-01-24 09:00:00,0.009938,0.010007,0.010007,0.009955,8772702
1769248800,2026-01-24 10:00:00,0.009941,0.009988,0.009956,0.009981,4772213
1769252400,2026-01-24 11:00:00,0.009971,0.010021,0.009983,0.009983,6981674
1769256000,2026-01-24 12:00:00,0.009987,0.010032,0.009987,0.010014,11395557
1769259600,2026-01-24 13:00:00,0.009964,0.010026,0.010016,0.009964,6115390
1769263200,2026-01-24 14:00:00,0.009932,0.010014,0.009945,0.009975,12301545
1769266800,2026-01-24 15:00:00,0.009873,0.009998,0.009982,0.00989,15638252
1769270400,2026-01-24 16:00:00,0.0098,0.009913,0.009888,0.009856,21595511
1769274000,2026-01-24 17:00:00,0.009845,0.009918,0.009859,0.009917,9567427
1769277600,2026-01-24 18:00:00,0.00984,0.009922,0.009914,0.009852,9828149
1769281200,2026-01-24 19:00:00,0.009824,0.009866,0.009856,0.009834,10846857
1769284800,2026-01-24 20:00:00,0.009833,0.009884,0.009837,0.009854,12334638
1769288400,2026-01-24 21:00:00,0.009829,0.009866,0.009852,0.009849,5429407
1769292000,2026-01-24 22:00:00,0.009841,0.009926,0.009852,0.009919,4075890
1769295600,2026-01-24 23:00:00,0.009868,0.00993,0.00992,0.009888,9286176
1769299200,2026-01-25 00:00:00,0.009826,0.00991,0.009886,0.009878,3664664
1769302800,2026-01-25 01:00:00,0.009797,0.009902,0.00988,0.009811,10200616
1769306400,2026-01-25 02:00:00,0.00979,0.009856,0.009811,0.009819,9969495
1769310000,2026-01-25 03:00:00,0.009704,0.009846,0.009821,0.009742,10408533
1769313600,2026-01-25 04:00:00,0.00971,0.009794,0.00974,0.00974,15321514
1769317200,2026-01-25 05:00:00,0.009734,0.009803,0.009742,0.009788,8624089
1769320800,2026-01-25 06:00:00,0.009723,0.009786,0.009786,0.009723,6520136
1769324400,2026-01-25 07:00:00,0.009649,0.009722,0.009722,0.009682,10954176
1769328000,2026-01-25 08:00:00,0.0096,0.009718,0.009682,0.009628,13102308
1769331600,2026-01-25 09:00:00,0.00962,0.009763,0.009626,0.00973,11748700
1769335200,2026-01-25 10:00:00,0.00971,0.00984,0.009731,0.009782,12109330
1769338800,2026-01-25 11:00:00,0.009733,0.009823,0.009782,0.009734,6769281
1769342400,2026-01-25 12:00:00,0.009695,0.00976,0.009736,0.009748,14190326
1769346000,2026-01-25 13:00:00,0.009682,0.009765,0.00975,0.009698,14313936
1769349600,2026-01-25 14:00:00,0.009572,0.00971,0.009701,0.00964,17672578
1769353200,2026-01-25 15:00:00,0.009599,0.009707,0.009638,0.009628,15817181
1769356800,2026-01-25 16:00:00,0.009289,0.009627,0.009624,0.009404,65855119
1769360400,2026-01-25 17:00:00,0.009342,0.009438,0.009408,0.00938,19637526
1769364000,2026-01-25 18:00:00,0.009188,0.009376,0.00937,0.009246,33409538
1769367600,2026-01-25 19:00:00,0.008936,0.009276,0.009246,0.009006,79662688
1769371200,2026-01-25 20:00:00,0.008989,0.009121,0.009005,0.009108,35629109
1769374800,2026-01-25 21:00:00,0.00911,0.009195,0.00911,0.00917,25629727
1769378400,2026-01-25 22:00:00,0.009034,0.009168,0.009168,0.009069,22293058
1769382000,2026-01-25 23:00:00,0.009038,0.009214,0.009069,0.009182,40516752
1769385600,2026-01-26 00:00:00,0.009156,0.009324,0.009176,0.009324,23749552
1769389200,2026-01-26 01:00:00,0.009303,0.009553,0.009326,0.009526,33981036
1769392800,2026-01-26 02:00:00,0.009437,0.009545,0.009528,0.009494,19000580
1769396400,2026-01-26 03:00:00,0.009415,0.009542,0.009498,0.009449,16927122
1769400000,2026-01-26 04:00:00,0.00945,0.00971,0.00945,0.009586,51546515
1769403600,2026-01-26 05:00:00,0.009546,0.009605,0.009586,0.009566,16399217
1769407200,2026-01-26 06:00:00,0.00953,0.009588,0.009566,0.009564,9713529
1769410800,2026-01-26 07:00:00,0.009532,0.009607,0.009565,0.009592,13530306
1769414400,2026-01-26 08:00:00,0.00951,0.009636,0.009588,0.009522,16653504
1769418000,2026-01-26 09:00:00,0.009427,0.009526,0.009522,0.009448,13046023
1769421600,2026-01-26 10:00:00,0.009443,0.00952,0.009444,0.009468,8035943
1769425200,2026-01-26 11:00:00,0.009443,0.009498,0.00947,0.009467,5404513
1769428800,2026-01-26 12:00:00,0.009455,0.009518,0.009468,0.009516,17083912
1769432400,2026-01-26 13:00:00,0.009503,0.009585,0.009515,0.009558,15984884
1769436000,2026-01-26 14:00:00,0.009453,0.009696,0.009556,0.009634,41552122
1769439600,2026-01-26 15:00:00,0.00955,0.009791,0.009644,0.009628,54985743
1769443200,2026-01-26 16:00:00,0.009568,0.009768,0.00963,0.009682,32257146
1769446800,2026-01-26 17:00:00,0.009661,0.009821,0.009691,0.009703,43515890
1769450400,2026-01-26 18:00:00,0.009664,0.009821,0.009702,0.0098,25218695
1769454000,2026-01-26 19:00:00,0.009655,0.009851,0.009804,0.009682,32103406
1769457600,2026-01-26 20:00:00,0.009574,0.009689,0.009679,0.009596,22173599
1769461200,2026-01-26 21:00:00,0.009569,0.009763,0.009597,0.009726,21798562
1769464800,2026-01-26 22:00:00,0.009658,0.009758,0.009728,0.009679,14556998
1769468400,2026-01-26 23:00:00,0.009636,0.009699,0.009678,0.009637,9120068
1769472000,2026-01-27 00:00:00,0.009591,0.009675,0.009636,0.009633,23048255
1769475600,2026-01-27 01:00:00,0.00958,0.00975,0.00963,0.009718,21020857
1769479200,2026-01-27 02:00:00,0.00966,0.00977,0.009718,0.009682,22889224
1769482800,2026-01-27 03:00:00,0.009666,0.009713,0.00968,0.009666,12328348
1769486400,2026-01-27 04:00:00,0.009653,0.009763,0.009665,0.00969,9045032
1769490000,2026-01-27 05:00:00,0.009588,0.009695,0.00969,0.0096,32590018
1769493600,2026-01-27 06:00:00,0.009543,0.00963,0.0096,0.00956,10169648
1769497200,2026-01-27 07:00:00,0.00955,0.009618,0.009561,0.009575,13602824
1769500800,2026-01-27 08:00:00,0.00954,0.009608,0.009595,0.009557,4963428
1769504400,2026-01-27 09:00:00,0.0095,0.009556,0.009556,0.009512,9893882
1769508000,2026-01-27 10:00:00,0.009473,0.009538,0.009516,0.009488,4962421
1769511600,2026-01-27 11:00:00,0.00948,0.009519,0.009484,0.009491,5164876
1769515200,2026-01-27 12:00:00,0.009449,0.009507,0.009488,0.00949,5334119
1769518800,2026-01-27 13:00:00,0.009428,0.00952,0.009492,0.009446,6858162
1769522400,2026-01-27 14:00:00,0.009286,0.00956,0.009442,0.009354,62907518
1769526000,2026-01-27 15:00:00,0.009352,0.009566,0.009357,0.009553,27355654
1769529600,2026-01-27 16:00:00,0.009554,0.00978,0.009559,0.009733,54795663
1769533200,2026-01-27 17:00:00,0.009382,0.009732,0.009732,0.009418,31369766
1769536800,2026-01-27 18:00:00,0.009398,0.009698,0.009416,0.009644,27350991
1769540400,2026-01-27 19:00:00,0.0096,0.009741,0.009638,0.009694,26260163
1769544000,2026-01-27 20:00:00,0.009685,0.00994,0.009694,0.009897,54813985
1769547600,2026-01-27 21:00:00,0.009813,0.00994,0.009896,0.00988,26328210
1769551200,2026-01-27 22:00:00,0.009869,0.009977,0.009884,0.009955,18019893
1769554800,2026-01-27 23:00:00,0.009938,0.010006,0.009959,0.00996,15845471
1769558400,2026-01-28 00:00:00,0.009854,0.00999,0.009966,0.009989,15855447
1769562000,2026-01-28 01:00:00,0.00985,0.010008,0.00999,0.009924,22901093
1769565600,2026-01-28 02:00:00,0.009893,0.009977,0.009923,0.009927,12192955
1769569200,2026-01-28 03:00:00,0.009879,0.009985,0.009923,0.009956,23641942
1769572800,2026-01-28 04:00:00,0.00988,0.010017,0.009961,0.010011,18345232
1769576400,2026-01-28 05:00:00,0.009984,0.010196,0.010016,0.010194,19332238
1769580000,2026-01-28 06:00:00,0.01019,0.010537,0.010198,0.010266,101326732
1769583600,2026-01-28 07:00:00,0.010059,0.01036,0.010267,0.010112,27165893
1769587200,2026-01-28 08:00:00,0.010037,0.010213,0.010114,0.010046,13803319
1769590800,2026-01-28 09:00:00,0.010046,0.010314,0.010052,0.0103,19527694
1769594400,2026-01-28 10:00:00,0.010224,0.010348,0.010302,0.010224,15273021
1769598000,2026-01-28 11:00:00,0.010201,0.010453,0.010225,0.010432,34774766
1769601600,2026-01-28 12:00:00,0.010157,0.010454,0.010421,0.010206,29307566
1769605200,2026-01-28 13:00:00,0.01019,0.010284,0.010205,0.010216,24633401
1769608800,2026-01-28 14:00:00,0.010114,0.010292,0.010218,0.010188,32813560
1769612400,2026-01-28 15:00:00,0.010032,0.010255,0.010196,0.010113,32970132
1769616000,2026-01-28 16:00:00,0.010033,0.010148,0.010112,0.010073,20949387
1769619600,2026-01-28 17:00:00,0.009968,0.010215,0.010076,0.010161,28406930
1769623200,2026-01-28 18:00:00,0.009995,0.010156,0.010156,0.01006,28574667
1769626800,2026-01-28 19:00:00,0.009999,0.010125,0.010058,0.010088,29295482
1769630400,2026-01-28 20:00:00,0.009992,0.01021,0.010086,0.010036,29921763
1769634000,2026-01-28 21:00:00,0.00992,0.010096,0.010039,0.010034,26710937
1769637600,2026-01-28 22:00:00,0.009957,0.010103,0.010036,0.010103,9281543
1769641200,2026-01-28 23:00:00,0.009959,0.010116,0.010104,0.009988,19558602
1769644800,2026-01-29 00:00:00,0.00982,0.010004,0.009989,0.009879,32431121
1769648400,2026-01-29 01:00:00,0.009742,0.009923,0.009879,0.009746,28472966
1769652000,2026-01-29 02:00:00,0.009598,0.009793,0.009744,0.00963,29302137
1769655600,2026-01-29 03:00:00,0.009559,0.009716,0.00963,0.009595,22928296
1769659200,2026-01-29 04:00:00,0.009492,0.009608,0.009592,0.009585,10836764
1769662800,2026-01-29 05:00:00,0.00958,0.009684,0.00958,0.009646,9035249
1769666400,2026-01-29 06:00:00,0.009642,0.009728,0.009644,0.009704,7342337
1769670000,2026-01-29 07:00:00,0.009664,0.009742,0.009709,0.009664,7004609
1769673600,2026-01-29 08:00:00,0.009619,0.009738,0.009662,0.009659,10827873
1769677200,2026-01-29 09:00:00,0.009595,0.009674,0.009656,0.009605,8622137
1769680800,2026-01-29 10:00:00,0.009575,0.009622,0.009607,0.009576,4626282
1769684400,2026-01-29 11:00:00,0.009521,0.009586,0.009574,0.009554,7305125
1769688000,2026-01-29 12:00:00,0.009524,0.009601,0.00955,0.009555,6917995
1769691600,2026-01-29 13:00:00,0.009538,0.009578,0.009553,0.009574,6111407
1769695200,2026-01-29 14:00:00,0.009259,0.009608,0.009575,0.009267,33560250
1769698800,2026-01-29 15:00:00,0.00887,0.00927,0.009263,0.009109,103707309
1769702400,2026-01-29 16:00:00,0.008998,0.009246,0.009106,0.009235,45912128
1769706000,2026-01-29 17:00:00,0.009142,0.009398,0.009235,0.009165,48861673
1769709600,2026-01-29 18:00:00,0.008899,0.009185,0.009164,0.00891,46251735
1769713200,2026-01-29 19:00:00,0.008892,0.009124,0.008905,0.009055,70707676
1769716800,2026-01-29 20:00:00,0.009023,0.009136,0.009054,0.009118,29749601
1769720400,2026-01-29 21:00:00,0.00911,0.009179,0.009122,0.009158,17519101
1769724000,2026-01-29 22:00:00,0.009093,0.0092,0.009162,0.009125,14861707
1769727600,2026-01-29 23:00:00,0.008999,0.009128,0.009127,0.00907,34002425
1769731200,2026-01-30 00:00:00,0.008991,0.009088,0.009072,0.009022,21820903
1769734800,2026-01-30 01:00:00,0.008546,0.009064,0.00902,0.008834,121615201
1769738400,2026-01-30 02:00:00,0.008594,0.008832,0.008832,0.00872,69297298
1769742000,2026-01-30 03:00:00,0.008694,0.008763,0.00872,0.008716,20242262
1769745600,2026-01-30 04:00:00,0.008715,0.008942,0.008715,0.008852,67636391
1769749200,2026-01-30 05:00:00,0.008798,0.008878,0.008848,0.008816,28077777
1769752800,2026-01-30 06:00:00,0.008618,0.008819,0.008813,0.008712,19061834
1769756400,2026-01-30 07:00:00,0.008687,0.008836,0.008708,0.008761,19676907
1769760000,2026-01-30 08:00:00,0.008675,0.008781,0.008763,0.008714,14006960
1769763600,2026-01-30 09:00:00,0.008627,0.008726,0.008708,0.008671,17582842
1769767200,2026-01-30 10:00:00,0.00864,0.008767,0.008673,0.008767,11365208
1769770800,2026-01-30 11:00:00,0.008753,0.008969,0.008767,0.008933,13203311
1769774400,2026-01-30 12:00:00,0.008806,0.008943,0.008934,0.00884,16333873
1769778000,2026-01-30 13:00:00,0.008752,0.008873,0.008836,0.00879,20524072
1769781600,2026-01-30 14:00:00,0.008776,0.008927,0.008792,0.008834,28761600
1769785200,2026-01-30 15:00:00,0.008704,0.00892,0.008836,0.008813,44427234
1769788800,2026-01-30 16:00:00,0.008735,0.008906,0.008815,0.008817,35990103
1769792400,2026-01-30 17:00:00,0.008768,0.008916,0.00882,0.008862,29413241
1769796000,2026-01-30 18:00:00,0.008606,0.009075,0.00886,0.009028,45754638
1769799600,2026-01-30 19:00:00,0.008943,0.0091,0.009029,0.008978,57766973
1769803200,2026-01-30 20:00:00,0.00877,0.008977,0.008976,0.008789,40173744
1769806800,2026-01-30 21:00:00,0.008772,0.0089,0.008798,0.008808,39229559
1769810400,2026-01-30 22:00:00,0.00873,0.008843,0.008812,0.008799,11000890
1769814000,2026-01-30 23:00:00,0.008758,0.008851,0.008798,0.008843,13525553
1769817600,2026-01-31 00:00:00,0.008789,0.008848,0.008845,0.008809,8119085
1769821200,2026-01-31 01:00:00,0.008795,0.008869,0.008811,0.008844,5329397
1769824800,2026-01-31 02:00:00,0.008789,0.008874,0.008843,0.008822,12352821
1769828400,2026-01-31 03:00:00,0.008756,0.008838,0.008819,0.008762,1770614
1769832000,2026-01-31 04:00:00,0.008715,0.008789,0.008764,0.008738,12551609
1769835600,2026-01-31 05:00:00,0.008705,0.008792,0.008736,0.008767,4315560
1769839200,2026-01-31 06:00:00,0.008646,0.008772,0.008766,0.008685,5115440
1769842800,2026-01-31 07:00:00,0.008534,0.008691,0.008685,0.008624,19567572
1769846400,2026-01-31 08:00:00,0.008361,0.008639,0.008625,0.008474,78280615
1769850000,2026-01-31 09:00:00,0.008429,0.008534,0.008476,0.00843,18984938
1769853600,2026-01-31 10:00:00,0.008401,0.008496,0.008429,0.008454,8473920
1769857200,2026-01-31 11:00:00,0.00835,0.008456,0.008453,0.00837,13379848
1769860800,2026-01-31 12:00:00,0.008295,0.008388,0.008367,0.008307,16284801
1769864400,2026-01-31 13:00:00,0.00822,0.008324,0.008305,0.008261,24747314
1769868000,2026-01-31 14:00:00,0.007742,0.008281,0.00826,0.007937,135671968
1769871600,2026-01-31 15:00:00,0.007877,0.008063,0.007936,0.007897,68027200
1769875200,2026-01-31 16:00:00,0.007809,0.008034,0.007902,0.007856,54184518
1769878800,2026-01-31 17:00:00,0.007389,0.00787,0.007855,0.007482,100085941
1769882400,2026-01-31 18:00:00,0.007,0.007533,0.007489,0.007324,121050214
1769886000,2026-01-31 19:00:00,0.007243,0.007454,0.007333,0.007348,83593192
1769889600,2026-01-31 20:00:00,0.007302,0.007464,0.00735,0.007418,35542844
1769893200,2026-01-31 21:00:00,0.007383,0.007643,0.007416,0.007637,56799919
1769896800,2026-01-31 22:00:00,0.007578,0.007666,0.007638,0.007646,29489698
1769900400,2026-01-31 23:00:00,0.007593,0.007816,0.007649,0.007779,38575054
1769904000,2026-02-01 00:00:00,0.007776,0.00792,0.007776,0.007855,32877887
1769907600,2026-02-01 01:00:00,0.007732,0.007856,0.007855,0.007815,46362045
1769911200,2026-02-01 02:00:00,0.007743,0.007843,0.007818,0.007825,24832695
1769914800,2026-02-01 03:00:00,0.00779,0.007866,0.007821,0.007852,19331284
1769918400,2026-02-01 04:00:00,0.007835,0.007919,0.007848,0.007902,12965550
1769922000,2026-02-01 05:00:00,0.00786,0.007951,0.007902,0.007878,16075346
1769925600,2026-02-01 06:00:00,0.007862,0.007954,0.00788,0.00788,14626619
1769929200,2026-02-01 07:00:00,0.007854,0.007983,0.007881,0.007947,26127844
1769932800,2026-02-01 08:00:00,0.007893,0.008006,0.007949,0.007946,12993391
1769936400,2026-02-01 09:00:00,0.007912,0.008013,0.00795,0.007994,12403777
1769940000,2026-02-01 10:00:00,0.007748,0.008016,0.007995,0.007771,24465207
1769943600,2026-02-01 11:00:00,0.007738,0.007848,0.007769,0.007817,17626183
1769947200,2026-02-01 12:00:00,0.007726,0.007815,0.007815,0.007778,12542379
1769950800,2026-02-01 13:00:00,0.00773,0.007885,0.00778,0.007764,20305954
1769954400,2026-02-01 14:00:00,0.007592,0.007789,0.007762,0.007691,43836182
1769958000,2026-02-01 15:00:00,0.00742,0.007694,0.00769,0.007528,65847963
1769961600,2026-02-01 16:00:00,0.007474,0.007628,0.007526,0.007536,30598170
1769965200,2026-02-01 17:00:00,0.007452,0.00756,0.007526,0.007542,25603648
1769968800,2026-02-01 18:00:00,0.007538,0.007768,0.007544,0.007676,32050923
1769972400,2026-02-01 19:00:00,0.007557,0.007707,0.007678,0.007587,22539940
1769976000,2026-02-01 20:00:00,0.007513,0.007704,0.007586,0.007602,21304891
1769979600,2026-02-01 21:00:00,0.007508,0.007606,0.007606,0.00754,22076695
1769983200,2026-02-01 22:00:00,0.00753,0.007688,0.007542,0.007611,17321344
1769986800,2026-02-01 23:00:00,0.00731,0.007666,0.00761,0.007536,63809753
1769990400,2026-02-02 00:00:00,0.007457,0.007726,0.007536,0.007668,43779660
1769994000,2026-02-02 01:00:00,0.007526,0.007772,0.007667,0.007682,38499957
1769997600,2026-02-02 02:00:00,0.00756,0.00772,0.007682,0.007576,27130453
1770001200,2026-02-02 03:00:00,0.007235,0.00758,0.007572,0.007529,84378859
1770004800,2026-02-02 04:00:00,0.00739,0.00765,0.007534,0.007483,60181263
1770008400,2026-02-02 05:00:00,0.00727,0.007486,0.00748,0.00736,52280594
1770012000,2026-02-02 06:00:00,0.00724,0.00763,0.007358,0.007504,86104856
1770015600,2026-02-02 07:00:00,0.007478,0.007582,0.007505,0.007494,45530987
1770019200,2026-02-02 08:00:00,0.007482,0.007562,0.0075,0.007537,25717970
1770022800,2026-02-02 09:00:00,0.007482,0.007662,0.007548,0.007632,34266179
1770026400,2026-02-02 10:00:00,0.007608,0.007664,0.007636,0.007621,25692025
1770030000,2026-02-02 11:00:00,0.007582,0.007647,0.007621,0.007585,17402847
1770033600,2026-02-02 12:00:00,0.007578,0.007757,0.007587,0.007732,62610790
1770037200,2026-02-02 13:00:00,0.007707,0.007786,0.007733,0.007754,26556830
1770040800,2026-02-02 14:00:00,0.007662,0.007872,0.007752,0.007797,72054569
1770044400,2026-02-02 15:00:00,0.007773,0.007981,0.007795,0.00795,84174470
1770048000,2026-02-02 16:00:00,0.007858,0.007995,0.007951,0.007869,146689140
1770051600,2026-02-02 17:00:00,0.007838,0.007941,0.007868,0.007868,39767653
1770055200,2026-02-02 18:00:00,0.007805,0.007877,0.007866,0.00786,22038978
1770058800,2026-02-02 19:00:00,0.007787,0.007868,0.007858,0.007793,13894207
1770062400,2026-02-02 20:00:00,0.007742,0.007818,0.007792,0.007771,16016490
1770066000,2026-02-02 21:00:00,0.007768,0.007815,0.007772,0.007802,19355469
1770069600,2026-02-02 22:00:00,0.007796,0.007846,0.007806,0.00783,4425597
1770073200,2026-02-02 23:00:00,0.007789,0.007842,0.007827,0.007802,11826968
1770076800,2026-02-03 00:00:00,0.007721,0.007814,0.007803,0.007791,22015153
1770080400,2026-02-03 01:00:00,0.007712,0.007803,0.007788,0.007761,20138501
1770084000,2026-02-03 02:00:00,0.007581,0.007756,0.007756,0.007587,21797239
1770087600,2026-02-03 03:00:00,0.007556,0.007744,0.007584,0.007728,25786620
1770091200,2026-02-03 04:00:00,0.007699,0.007822,0.007725,0.007793,14514801
1770094800,2026-02-03 05:00:00,0.007686,0.007795,0.007795,0.007698,8992663
1770098400,2026-02-03 06:00:00,0.007618,0.007718,0.0077,0.00768,17632147
1770102000,2026-02-03 07:00:00,0.007649,0.007727,0.007675,0.007698,18655625
1770105600,2026-02-03 08:00:00,0.007673,0.00775,0.007699,0.007681,13943222
1770109200,2026-02-03 09:00:00,0.00754,0.007698,0.007682,0.007611,23149508
1770112800,2026-02-03 10:00:00,0.007597,0.007658,0.007611,0.007621,12098417
1770116400,2026-02-03 11:00:00,0.007617,0.007674,0.007622,0.007647,15210893
1770120000,2026-02-03 12:00:00,0.007623,0.00773,0.00765,0.007696,13077973
1770123600,2026-02-03 13:00:00,0.007652,0.00771,0.007695,0.00768,11267502
1770127200,2026-02-03 14:00:00,0.007486,0.00769,0.007676,0.007502,35035968
1770130800,2026-02-03 15:00:00,0.007443,0.007746,0.007504,0.00771,87718345
1770134400,2026-02-03 16:00:00,0.007459,0.007706,0.007706,0.007496,33071536
1770138000,2026-02-03 17:00:00,0.007278,0.00751,0.007498,0.007279,51660665
1770141600,2026-02-03 18:00:00,0.007126,0.007326,0.007282,0.007143,57551299
1770145200,2026-02-03 19:00:00,0.007133,0.00758,0.007142,0.007485,72105446
1770148800,2026-02-03 20:00:00,0.007374,0.007868,0.007485,0.00774,62014587
1770152400,2026-02-03 21:00:00,0.00757,0.007816,0.00774,0.007588,31509331
1770156000,2026-02-03 22:00:00,0.007436,0.007591,0.00759,0.007462,18249869
1770159600,2026-02-03 23:00:00,0.00735,0.007465,0.007457,0.007406,22925681
1770163200,2026-02-04 00:00:00,0.007353,0.007519,0.007402,0.007478,14623647
1770166800,2026-02-04 01:00:00,0.007482,0.007621,0.007482,0.007557,20744281
1770170400,2026-02-04 02:00:00,0.007468,0.007598,0.007557,0.007499,19015563
1770174000,2026-02-04 03:00:00,0.007488,0.00763,0.007498,0.007581,25059335
1770177600,2026-02-04 04:00:00,0.007547,0.007607,0.007576,0.007548,11099201
1770181200,2026-02-04 05:00:00,0.007479,0.007582,0.007552,0.007514,15787424
1770184800,2026-02-04 06:00:00,0.007502,0.007592,0.007515,0.007574,16752631
1770188400,2026-02-04 07:00:00,0.007523,0.007591,0.007574,0.007549,22066984
1770192000,2026-02-04 08:00:00,0.007499,0.007576,0.007553,0.007564,8425101
1770195600,2026-02-04 09:00:00,0.00748,0.00757,0.007562,0.007521,13156362
1770199200,2026-02-04 10:00:00,0.007514,0.00755,0.007519,0.007529,9665285
1770202800,2026-02-04 11:00:00,0.007424,0.007573,0.007527,0.007509,23699982
1770206400,2026-02-04 12:00:00,0.007467,0.007538,0.007512,0.007502,9801445
1770210000,2026-02-04 13:00:00,0.007346,0.007506,0.007496,0.007348,23222380
1770213600,2026-02-04 14:00:00,0.007258,0.007436,0.007349,0.007272,34527806
1770217200,2026-02-04 15:00:00,0.007173,0.007382,0.007269,0.007255,53581345
1770220800,2026-02-04 16:00:00,0.00714,0.007304,0.007249,0.007206,56151039
1770224400,2026-02-04 17:00:00,0.007061,0.007232,0.007204,0.007193,50651552
1770228000,2026-02-04 18:00:00,0.007069,0.007382,0.007192,0.007261,70328026
1770231600,2026-02-04 19:00:00,0.007236,0.007477,0.007264,0.007458,39258013
1770235200,2026-02-04 20:00:00,0.007365,0.007468,0.007454,0.007392,16523059
1770238800,2026-02-04 21:00:00,0.007234,0.007424,0.007396,0.007294,10552659
1770242400,2026-02-04 22:00:00,0.00714,0.007428,0.007292,0.007233,21215527
1770246000,2026-02-04 23:00:00,0.00722,0.007382,0.007236,0.007296,36310427
1770249600,2026-02-05 00:00:00,0.007238,0.007323,0.007296,0.00726,20656324
1770253200,2026-02-05 01:00:00,0.007174,0.007352,0.007256,0.007216,38545208
1770256800,2026-02-05 02:00:00,0.007084,0.007273,0.007217,0.007103,81085824
1770260400,2026-02-05 03:00:00,0.007042,0.007163,0.007104,0.007104,136385837
1770264000,2026-02-05 04:00:00,0.007028,0.007174,0.007104,0.00707,180387801
1770267600,2026-02-05 05:00:00,0.007,0.007164,0.007071,0.007085,78870500
1770271200,2026-02-05 06:00:00,0.007,0.007094,0.007085,0.007005,44103844
1770274800,2026-02-05 07:00:00,0.007,0.007114,0.007005,0.007009,43622483
1770278400,2026-02-05 08:00:00,0.00701,0.007121,0.00701,0.00707,25944472
1770282000,2026-02-05 09:00:00,0.007067,0.007175,0.007071,0.007083,35967638
1770285600,2026-02-05 10:00:00,0.006854,0.007087,0.007084,0.006869,81741485
1770289200,2026-02-05 11:00:00,0.006704,0.006908,0.00687,0.00681,79672402
1770292800,2026-02-05 12:00:00,0.006726,0.006851,0.006811,0.006778,88268481
1770296400,2026-02-05 13:00:00,0.006693,0.00684,0.006777,0.006718,83302822
1770300000,2026-02-05 14:00:00,0.006718,0.006943,0.006718,0.006759,127049646
1770303600,2026-02-05 15:00:00,0.006283,0.00679,0.006758,0.006466,285506305
1770307200,2026-02-05 16:00:00,0.0064,0.006626,0.00647,0.006527,221156873
1770310800,2026-02-05 17:00:00,0.006257,0.006567,0.006528,0.006339,168356186
1770314400,2026-02-05 18:00:00,0.00622,0.006407,0.00634,0.006379,138053850
1770318000,2026-02-05 19:00:00,0.006254,0.006397,0.006381,0.006286,74692413
1770321600,2026-02-05 20:00:00,0.005904,0.006331,0.006287,0.005995,311633941
1770325200,2026-02-05 21:00:00,0.005956,0.006232,0.005994,0.006019,272570449
1770328800,2026-02-05 22:00:00,0.005933,0.006187,0.006021,0.00607,127879715
1770332400,2026-02-05 23:00:00,0.005945,0.00622,0.006064,0.005966,84268352
1770336000,2026-02-06 00:00:00,0.005279,0.006039,0.005972,0.005951,260182320
1770339600,2026-02-06 01:00:00,0.005927,0.006235,0.005949,0.006222,128893477
1770343200,2026-02-06 02:00:00,0.006019,0.006293,0.006221,0.006056,106645625
1770346800,2026-02-06 03:00:00,0.006009,0.006114,0.006059,0.006054,69094986
1770350400,2026-02-06 04:00:00,0.00602,0.006124,0.006052,0.00611,76457489
1770354000,2026-02-06 05:00:00,0.006089,0.006364,0.006109,0.006337,99825467
1770357600,2026-02-06 06:00:00,0.006194,0.00638,0.006345,0.006215,70472660
1770361200,2026-02-06 07:00:00,0.006123,0.00622,0.006208,0.006154,63292434
1770364800,2026-02-06 08:00:00,0.006076,0.006189,0.006151,0.006109,65350982
1770368400,2026-02-06 09:00:00,0.006075,0.006299,0.006112,0.006282,53849105
1770372000,2026-02-06 10:00:00,0.006227,0.006362,0.00628,0.006328,54573777
1770375600,2026-02-06 11:00:00,0.006294,0.006377,0.006328,0.006354,50477921
1770379200,2026-02-06 12:00:00,0.006309,0.006384,0.006346,0.006381,36613907
1770382800,2026-02-06 13:00:00,0.006375,0.006517,0.006382,0.006482,98378996
1770386400,2026-02-06 14:00:00,0.006413,0.006691,0.00648,0.006641,100776940
1770390000,2026-02-06 15:00:00,0.006544,0.00666,0.006643,0.006628,104943561
1770393600,2026-02-06 16:00:00,0.0066,0.006866,0.006627,0.006811,119689612
1770397200,2026-02-06 17:00:00,0.006716,0.006914,0.006808,0.006765,308459160
1770400800,2026-02-06 18:00:00,0.006583,0.006772,0.006764,0.006631,132032212
1770404400,2026-02-06 19:00:00,0.006565,0.006684,0.006627,0.006664,76958001
1770408000,2026-02-06 20:00:00,0.006593,0.006725,0.006662,0.006637,49954631
1770411600,2026-02-06 21:00:00,0.006582,0.006671,0.006641,0.006669,38517767
1770415200,2026-02-06 22:00:00,0.006664,0.006813,0.006668,0.006782,73333717
1770418800,2026-02-06 23:00:00,0.006704,0.006831,0.006782,0.006722,37343216
1770422400,2026-02-07 00:00:00,0.006604,0.006718,0.006718,0.00663,43686014
1770426000,2026-02-07 01:00:00,0.006572,0.006656,0.006631,0.006629,34266951
1770429600,2026-02-07 02:00:00,0.006614,0.00668,0.006628,0.006632,25016933
1770433200,2026-02-07 03:00:00,0.00662,0.006708,0.00663,0.006677,36875997
1770436800,2026-02-07 04:00:00,0.006672,0.006765,0.006678,0.006687,45699408
1770440400,2026-02-07 05:00:00,0.006661,0.006739,0.006685,0.006684,28885071
1770444000,2026-02-07 06:00:00,0.006498,0.0067,0.006685,0.006498,26375847
1770447600,2026-02-07 07:00:00,0.006304,0.006514,0.006498,0.006386,158045537
1770451200,2026-02-07 08:00:00,0.006363,0.006441,0.006385,0.006415,36602018
1770454800,2026-02-07 09:00:00,0.006368,0.006432,0.006416,0.00639,22495141
1770458400,2026-02-07 10:00:00,0.006332,0.006406,0.006387,0.006369,16473528
1770462000,2026-02-07 11:00:00,0.006331,0.006381,0.006374,0.006351,28579145
1770465600,2026-02-07 12:00:00,0.006353,0.006633,0.006353,0.006547,54760759
1770469200,2026-02-07 13:00:00,0.006451,0.006578,0.006549,0.006491,31196549
1770472800,2026-02-07 14:00:00,0.006418,0.00652,0.006492,0.006418,27751547
1770476400,2026-02-07 15:00:00,0.006424,0.006566,0.006424,0.006527,34262511
1770480000,2026-02-07 16:00:00,0.006504,0.006796,0.006525,0.006601,148367524
1770483600,2026-02-07 17:00:00,0.006559,0.006646,0.006604,0.00661,26112744
1770487200,2026-02-07 18:00:00,0.006611,0.006778,0.006617,0.006707,24380078
1770490800,2026-02-07 19:00:00,0.006648,0.006696,0.006695,0.006659,12415565
1770494400,2026-02-07 20:00:00,0.006655,0.006729,0.006659,0.006709,16487448
1770498000,2026-02-07 21:00:00,0.006662,0.006724,0.00671,0.006675,11784675
1770501600,2026-02-07 22:00:00,0.006641,0.006709,0.006676,0.006649,13301507
1770505200,2026-02-07 23:00:00,0.006577,0.006647,0.006647,0.006616,14390372
1770508800,2026-02-08 00:00:00,0.006542,0.006618,0.006616,0.006572,11965412
1770512400,2026-02-08 01:00:00,0.00657,0.006603,0.006572,0.006572,10178396
1770516000,2026-02-08 02:00:00,0.006502,0.006592,0.006571,0.006531,11870766
1770519600,2026-02-08 03:00:00,0.00648,0.006533,0.006528,0.006489,15458180
1770523200,2026-02-08 04:00:00,0.006461,0.006519,0.006488,0.006512,11688870
1770526800,2026-02-08 05:00:00,0.00649,0.006538,0.006508,0.006498,7844645
1770530400,2026-02-08 06:00:00,0.006479,0.006514,0.006496,0.006492,11949287
1770534000,2026-02-08 07:00:00,0.006453,0.006511,0.006495,0.006507,11847059
1770537600,2026-02-08 08:00:00,0.006498,0.006647,0.006508,0.00664,31441664
1770541200,2026-02-08 09:00:00,0.006567,0.006676,0.00664,0.006578,44567622
1770544800,2026-02-08 10:00:00,0.006524,0.006627,0.006581,0.006545,17095987
1770548400,2026-02-08 11:00:00,0.00654,0.006678,0.006545,0.006615,27189810
1770552000,2026-02-08 12:00:00,0.006564,0.006624,0.006617,0.00661,16779967
1770555600,2026-02-08 13:00:00,0.006559,0.006625,0.006609,0.006623,29372793
1770559200,2026-02-08 14:00:00,0.006595,0.006652,0.006624,0.006644,16994671
1770562800,2026-02-08 15:00:00,0.006524,0.006658,0.006645,0.006546,22064675
1770566400,2026-02-08 16:00:00,0.006371,0.006574,0.006544,0.006408,33729617
1770570000,2026-02-08 17:00:00,0.006409,0.00648,0.006409,0.00647,21698076
1770573600,2026-02-08 18:00:00,0.006465,0.006565,0.00647,0.006528,12112658
1770577200,2026-02-08 19:00:00,0.006517,0.006578,0.006527,0.006564,15968231
1770580800,2026-02-08 20:00:00,0.00647,0.006563,0.006563,0.006481,17846026
1770584400,2026-02-08 21:00:00,0.006425,0.006512,0.006479,0.006458,17842515
1770588000,2026-02-08 22:00:00,0.006446,0.006504,0.00646,0.006504,13809879
1770591600,2026-02-08 23:00:00,0.006408,0.006641,0.0065,0.006468,47198352
1770595200,2026-02-09 00:00:00,0.006429,0.006497,0.00647,0.006464,25882490
1770598800,2026-02-09 01:00:00,0.006419,0.006527,0.006463,0.006458,23873346
1770602400,2026-02-09 02:00:00,0.006446,0.006541,0.006457,0.006494,15264030
1770606000,2026-02-09 03:00:00,0.006488,0.006589,0.006493,0.006571,18855385
1770609600,2026-02-09 04:00:00,0.006534,0.006583,0.00657,0.006541,19021554
1770613200,2026-02-09 05:00:00,0.006522,0.006564,0.00654,0.00656,14867203
1770616800,2026-02-09 06:00:00,0.00645,0.006555,0.006555,0.006471,13857330
1770620400,2026-02-09 07:00:00,0.006429,0.006496,0.006474,0.006435,14189944
1770624000,2026-02-09 08:00:00,0.006317,0.006458,0.006441,0.006359,25192809
1770627600,2026-02-09 09:00:00,0.006287,0.006372,0.006356,0.006297,20681380
1770631200,2026-02-09 10:00:00,0.006169,0.00631,0.006298,0.006212,29116032
1770634800,2026-02-09 11:00:00,0.006204,0.006252,0.006214,0.006223,21104822
1770638400,2026-02-09 12:00:00,0.006217,0.006265,0.006221,0.006253,13890047
1770642000,2026-02-09 13:00:00,0.006166,0.006269,0.006251,0.006166,35996402
1770645600,2026-02-09 14:00:00,0.006145,0.00631,0.006168,0.006307,62922280
1770649200,2026-02-09 15:00:00,0.006231,0.006358,0.006305,0.006339,33722721
1770652800,2026-02-09 16:00:00,0.006295,0.006468,0.006338,0.00641,35196423
1770656400,2026-02-09 17:00:00,0.006373,0.006532,0.006412,0.006497,45120999
1770660000,2026-02-09 18:00:00,0.006414,0.00653,0.006495,0.006454,25029150
1770663600,2026-02-09 19:00:00,0.006428,0.006479,0.006454,0.006468,14720514
1770667200,2026-02-09 20:00:00,0.0064,0.0065,0.006466,0.006433,21537911
1770670800,2026-02-09 21:00:00,0.006329,0.006439,0.006435,0.006421,17660159
1770674400,2026-02-09 22:00:00,0.006396,0.006444,0.006418,0.0064,15313058
1770678000,2026-02-09 23:00:00,0.006359,0.00643,0.006401,0.006366,9277271
1770681600,2026-02-10 00:00:00,0.006317,0.006382,0.006365,0.006322,23252402
1770685200,2026-02-10 01:00:00,0.006323,0.006416,0.006326,0.006394,15448379
1770688800,2026-02-10 02:00:00,0.006327,0.006399,0.006395,0.006349,8514869
1770692400,2026-02-10 03:00:00,0.006199,0.00636,0.00635,0.00625,30837397
1770696000,2026-02-10 04:00:00,0.006256,0.006323,0.006256,0.006317,15419939
1770699600,2026-02-10 05:00:00,0.00622,0.006317,0.006316,0.006224,13406858
1770703200,2026-02-10 06:00:00,0.006113,0.006244,0.006225,0.00614,26647061
1770706800,2026-02-10 07:00:00,0.006141,0.006192,0.006141,0.006175,15193653
1770710400,2026-02-10 08:00:00,0.006159,0.006204,0.006176,0.006195,17575905
1770714000,2026-02-10 09:00:00,0.006164,0.006238,0.006194,0.006189,12473718
1770717600,2026-02-10 10:00:00,0.006159,0.006204,0.00619,0.006168,6791773
1770721200,2026-02-10 11:00:00,0.006128,0.006191,0.006168,0.00614,11217433
1770724800,2026-02-10 12:00:00,0.006095,0.00615,0.006138,0.00611,12250590
1770728400,2026-02-10 13:00:00,0.006111,0.006166,0.006113,0.006148,17515443
1770732000,2026-02-10 14:00:00,0.006073,0.006189,0.006146,0.006114,38218203
1770735600,2026-02-10 15:00:00,0.006092,0.006186,0.006113,0.00614,35975201
1770739200,2026-02-10 16:00:00,0.006106,0.00618,0.006141,0.006143,25393869
1770742800,2026-02-10 17:00:00,0.00611,0.006194,0.006143,0.006173,29015868
1770746400,2026-02-10 18:00:00,0.006026,0.006185,0.006173,0.00606,31385369
1770750000,2026-02-10 19:00:00,0.00604,0.006132,0.006061,0.006116,15072162
1770753600,2026-02-10 20:00:00,0.006096,0.006139,0.006115,0.006123,12327466
1770757200,2026-02-10 21:00:00,0.006078,0.006146,0.006124,0.00611,12476966
1770760800,2026-02-10 22:00:00,0.006093,0.006148,0.006111,0.006111,7356332
1770764400,2026-02-10 23:00:00,0.006106,0.006157,0.006112,0.006145,17087647
1770768000,2026-02-11 00:00:00,0.00614,0.006173,0.006142,0.006157,12340104
1770771600,2026-02-11 01:00:00,0.006138,0.006177,0.006156,0.006163,12187606
1770775200,2026-02-11 02:00:00,0.006135,0.006198,0.006165,0.006136,10403533
1770778800,2026-02-11 03:00:00,0.006063,0.006163,0.006137,0.006114,27476339
1770782400,2026-02-11 04:00:00,0.006013,0.006129,0.006115,0.006028,21634285
1770786000,2026-02-11 05:00:00,0.005987,0.00605,0.00603,0.005995,21353083
1770789600,2026-02-11 06:00:00,0.005912,0.006,0.005993,0.005925,28762647
1770793200,2026-02-11 07:00:00,0.005893,0.005952,0.005924,0.005918,21130411
1770796800,2026-02-11 08:00:00,0.005864,0.005924,0.00592,0.005918,57767412
1770800400,2026-02-11 09:00:00,0.005888,0.005924,0.005916,0.0059,14978839
1770804000,2026-02-11 10:00:00,0.005852,0.005907,0.0059,0.005872,16114083
1770807600,2026-02-11 11:00:00,0.005875,0.005932,0.005877,0.005918,13320455
1770811200,2026-02-11 12:00:00,0.005896,0.005962,0.005917,0.005942,22541673
1770814800,2026-02-11 13:00:00,0.005905,0.006051,0.005943,0.006048,57162163
1770818400,2026-02-11 14:00:00,0.005931,0.006316,0.006051,0.005953,101653202
1770822000,2026-02-11 15:00:00,0.005864,0.005999,0.005953,0.005947,63757548
1770825600,2026-02-11 16:00:00,0.005891,0.006068,0.005948,0.005893,68796539
1770829200,2026-02-11 17:00:00,0.005866,0.006005,0.005892,0.005941,51248217
1770832800,2026-02-11 18:00:00,0.005894,0.006057,0.005938,0.00604,41969676
1770836400,2026-02-11 19:00:00,0.005997,0.006079,0.006038,0.006012,33176607
1770840000,2026-02-11 20:00:00,0.005967,0.006078,0.006011,0.006067,21856199
1770843600,2026-02-11 21:00:00,0.006057,0.006175,0.006072,0.006129,57064516
1770847200,2026-02-11 22:00:00,0.006039,0.006145,0.006128,0.006039,24706444
1770850800,2026-02-11 23:00:00,0.005966,0.006056,0.00604,0.006027,38993203
1770854400,2026-02-12 00:00:00,0.006026,0.006113,0.006026,0.006083,23777212
1770858000,2026-02-12 01:00:00,0.006084,0.006166,0.006084,0.006125,32565329
1770861600,2026-02-12 02:00:00,0.006104,0.006174,0.006124,0.006146,12925458
1770865200,2026-02-12 03:00:00,0.006139,0.006175,0.006143,0.006166,16204187
1770868800,2026-02-12 04:00:00,0.00614,0.006215,0.006165,0.006186,16387173
1770872400,2026-02-12 05:00:00,0.006127,0.006208,0.006187,0.006202,37922025
1770876000,2026-02-12 06:00:00,0.0062,0.006299,0.006202,0.006237,17008689
1770879600,2026-02-12 07:00:00,0.006203,0.006296,0.006238,0.00629,13250682
1770883200,2026-02-12 08:00:00,0.006257,0.006317,0.006292,0.006285,24176929
1770886800,2026-02-12 09:00:00,0.006282,0.006419,0.006287,0.0064,26227012
1770890400,2026-02-12 10:00:00,0.006378,0.006516,0.006401,0.006507,28753849
1770894000,2026-02-12 11:00:00,0.006434,0.006534,0.006512,0.00646,36037453
1770897600,2026-02-12 12:00:00,0.006327,0.00646,0.00646,0.006342,19844291
1770901200,2026-02-12 13:00:00,0.006324,0.00649,0.006347,0.006415,77925536
1770904800,2026-02-12 14:00:00,0.006308,0.006412,0.00641,0.006338,67472817
1770908400,2026-02-12 15:00:00,0.006259,0.006379,0.006341,0.006263,46695549
1770912000,2026-02-12 16:00:00,0.0061,0.006285,0.006263,0.00613,79270034
1770915600,2026-02-12 17:00:00,0.006093,0.006201,0.006129,0.006132,37017930
1770919200,2026-02-12 18:00:00,0.006107,0.006196,0.006132,0.006156,29469304
1770922800,2026-02-12 19:00:00,0.006117,0.006287,0.006155,0.006213,32144160
1770926400,2026-02-12 20:00:00,0.006112,0.00623,0.006211,0.006137,22188429
1770930000,2026-02-12 21:00:00,0.006136,0.006179,0.006136,0.006152,12936390
1770933600,2026-02-12 22:00:00,0.006117,0.006243,0.006151,0.00624,14781794
1770937200,2026-02-12 23:00:00,0.006233,0.00632,0.006239,0.006303,28624774
1770940800,2026-02-13 00:00:00,0.006164,0.006352,0.0063,0.006199,28375969
1770944400,2026-02-13 01:00:00,0.006191,0.006245,0.006198,0.006203,14250383
1770948000,2026-02-13 02:00:00,0.006188,0.006241,0.006205,0.006225,12179375
1770951600,2026-02-13 03:00:00,0.006199,0.006263,0.006224,0.006203,11100525
1770955200,2026-02-13 04:00:00,0.006165,0.006208,0.006203,0.006173,14231904
1770958800,2026-02-13 05:00:00,0.00614,0.006189,0.006174,0.006157,12996766
1770962400,2026-02-13 06:00:00,0.006116,0.006193,0.006157,0.006189,10115380
1770966000,2026-02-13 07:00:00,0.006187,0.006238,0.006191,0.006213,10572489
1770969600,2026-02-13 08:00:00,0.006208,0.006306,0.006212,0.006286,12556569
1770973200,2026-02-13 09:00:00,0.006257,0.006292,0.006284,0.006269,10271690
1770976800,2026-02-13 10:00:00,0.006263,0.006313,0.006267,0.00628,9689798
1770980400,2026-02-13 11:00:00,0.006242,0.00629,0.006279,0.006271,13457867
1770984000,2026-02-13 12:00:00,0.006236,0.006278,0.006271,0.006258,9524717
1770987600,2026-02-13 13:00:00,0.006239,0.006355,0.006259,0.00632,35844495
1770991200,2026-02-13 14:00:00,0.00629,0.006455,0.006324,0.006404,52589230
1770994800,2026-02-13 15:00:00,0.006391,0.006676,0.006405,0.006482,101741721
1770998400,2026-02-13 16:00:00,0.006467,0.006683,0.006483,0.006647,61533478
1771002000,2026-02-13 17:00:00,0.006611,0.006698,0.006648,0.006665,32915910
1771005600,2026-02-13 18:00:00,0.006617,0.006725,0.006668,0.006708,28510286
1771009200,2026-02-13 19:00:00,0.006672,0.006812,0.006706,0.006697,72131500
1771012800,2026-02-13 20:00:00,0.00667,0.006728,0.006701,0.006703,28564320
1771016400,2026-02-13 21:00:00,0.00669,0.006743,0.006704,0.006714,23074009
1771020000,2026-02-13 22:00:00,0.006672,0.006741,0.006712,0.006698,27133558
1771023600,2026-02-13 23:00:00,0.006626,0.006703,0.006697,0.006635,17928777
1771027200,2026-02-14 00:00:00,0.006595,0.006706,0.006634,0.006677,14155794
1771030800,2026-02-14 01:00:00,0.006657,0.006719,0.006677,0.006711,29476843
1771034400,2026-02-14 02:00:00,0.006709,0.006875,0.006712,0.006866,48573028
1771038000,2026-02-14 03:00:00,0.006848,0.007034,0.006866,0.006942,65506915
1771041600,2026-02-14 04:00:00,0.006821,0.006969,0.00695,0.006823,22710943
1771045200,2026-02-14 05:00:00,0.006745,0.006866,0.006824,0.006746,39690445
1771048800,2026-02-14 06:00:00,0.006727,0.006762,0.006746,0.00676,14477027
1771052400,2026-02-14 07:00:00,0.006754,0.006833,0.006757,0.006825,15814763
1771056000,2026-02-14 08:00:00,0.006826,0.00695,0.006826,0.006933,27764163
1771059600,2026-02-14 09:00:00,0.0069,0.006945,0.006935,0.006907,16732662
1771063200,2026-02-14 10:00:00,0.006871,0.006908,0.006906,0.006904,13179561
1771066800,2026-02-14 11:00:00,0.006899,0.00706,0.006913,0.007043,23642565
1771070400,2026-02-14 12:00:00,0.006943,0.007131,0.007051,0.006948,42965101
1771074000,2026-02-14 13:00:00,0.006861,0.006963,0.00695,0.006923,22502870
1771077600,2026-02-14 14:00:00,0.006924,0.007124,0.006924,0.007085,30515164
1771081200,2026-02-14 15:00:00,0.007073,0.007269,0.00708,0.007269,71203631
1771084800,2026-02-14 16:00:00,0.00722,0.007529,0.007273,0.00752,110345987
1771088400,2026-02-14 17:00:00,0.007464,0.007672,0.007516,0.007598,98263413
1771092000,2026-02-14 18:00:00,0.007588,0.007904,0.007597,0.007868,124350258
1771095600,2026-02-14 19:00:00,0.007724,0.007948,0.007864,0.007854,83042444
1771099200,2026-02-14 20:00:00,0.007744,0.007934,0.007858,0.00789,86328762
1771102800,2026-02-14 21:00:00,0.007828,0.008141,0.00789,0.007986,152150719
1771106400,2026-02-14 22:00:00,0.007965,0.0082,0.00798,0.00803,115659957
1771110000,2026-02-14 23:00:00,0.007827,0.008057,0.008036,0.007862,123636314
1771113600,2026-02-15 00:00:00,0.007616,0.007863,0.007857,0.0077,66729337
1771117200,2026-02-15 01:00:00,0.007686,0.007965,0.007696,0.00778,109678410
1771120800,2026-02-15 02:00:00,0.007626,0.007851,0.007784,0.0077,72049839
1771124400,2026-02-15 03:00:00,0.00753,0.007724,0.007698,0.007721,71349382
1771128000,2026-02-15 04:00:00,0.007684,0.007916,0.007721,0.007723,76785729
1771131600,2026-02-15 05:00:00,0.007686,0.00781,0.007726,0.007706,54584181
1771135200,2026-02-15 06:00:00,0.007637,0.007721,0.007708,0.007658,29380357
1771138800,2026-02-15 07:00:00,0.007649,0.007777,0.00766,0.007702,31460809
1771142400,2026-02-15 08:00:00,0.007476,0.007753,0.007704,0.007536,43162428
1771146000,2026-02-15 09:00:00,0.007526,0.007618,0.00754,0.007607,18160281
1771149600,2026-02-15 10:00:00,0.007462,0.007626,0.007603,0.007526,35732937
1771153200,2026-02-15 11:00:00,0.007486,0.007541,0.007532,0.007502,10283332
1771156800,2026-02-15 12:00:00,0.007181,0.00752,0.007504,0.007186,60708544
1771160400,2026-02-15 13:00:00,0.007125,0.007305,0.007186,0.007171,60293284
1771164000,2026-02-15 14:00:00,0.007151,0.007266,0.00718,0.007233,43634355
1771167600,2026-02-15 15:00:00,0.007194,0.007266,0.007235,0.007203,23610048
1771171200,2026-02-15 16:00:00,0.007147,0.00722,0.007205,0.007197,24710402
1771174800,2026-02-15 17:00:00,0.006976,0.007208,0.007196,0.007057,45734260
1771178400,2026-02-15 18:00:00,0.006965,0.007077,0.007056,0.006983,48984801
1771182000,2026-02-15 19:00:00,0.006915,0.007012,0.006981,0.006967,36412285
1771185600,2026-02-15 20:00:00,0.006918,0.006993,0.006967,0.006964,18453063
1771189200,2026-02-15 21:00:00,0.00695,0.007033,0.006965,0.006964,26444873
1771192800,2026-02-15 22:00:00,0.006953,0.007048,0.006963,0.007043,11162722
1771196400,2026-02-15 23:00:00,0.006937,0.007052,0.007039,0.007048,15887881
1771200000,2026-02-16 00:00:00,0.007031,0.007116,0.007045,0.007082,17296375
1771203600,2026-02-16 01:00:00,0.006986,0.007112,0.007081,0.007032,13097273
1771207200,2026-02-16 02:00:00,0.007002,0.007065,0.007029,0.00701,12210782
1771210800,2026-02-16 03:00:00,0.006978,0.007026,0.007012,0.00702,8748349
1771214400,2026-02-16 04:00:00,0.007016,0.007153,0.007018,0.007144,18543927
1771218000,2026-02-16 05:00:00,0.007053,0.007142,0.007142,0.00708,19711684
1771221600,2026-02-16 06:00:00,0.007066,0.007188,0.007081,0.007162,20151343
1771225200,2026-02-16 07:00:00,0.007125,0.007228,0.00716,0.007168,19180491
1771228800,2026-02-16 08:00:00,0.007158,0.007228,0.007172,0.007179,8742464
1771232400,2026-02-16 09:00:00,0.007173,0.00733,0.007178,0.007289,20946900
1771236000,2026-02-16 10:00:00,0.007258,0.007321,0.007289,0.007313,11250014
1771239600,2026-02-16 11:00:00,0.007148,0.007356,0.007314,0.007255,24717462
1771243200,2026-02-16 12:00:00,0.007252,0.007474,0.007259,0.007426,33544374
1771246800,2026-02-16 13:00:00,0.007146,0.007496,0.007427,0.007159,46374748
1771250400,2026-02-16 14:00:00,0.007094,0.007207,0.007155,0.00714,34865420
1771254000,2026-02-16 15:00:00,0.006955,0.007223,0.007144,0.007004,47801974
1771257600,2026-02-16 16:00:00,0.00701,0.007117,0.00701,0.007084,27490345
1771261200,2026-02-16 17:00:00,0.007067,0.007134,0.007088,0.007092,26158454
1771264800,2026-02-16 18:00:00,0.007084,0.007145,0.00709,0.007093,13032917
1771268400,2026-02-16 19:00:00,0.007072,0.007182,0.007093,0.007152,14699377
1771272000,2026-02-16 20:00:00,0.007113,0.007225,0.00715,0.007196,13691018
1771275600,2026-02-16 21:00:00,0.007179,0.007312,0.007194,0.007308,21870966
1771279200,2026-02-16 22:00:00,0.007257,0.007328,0.0073,0.007273,21180486
1771282800,2026-02-16 23:00:00,0.007259,0.007331,0.007265,0.0073,12097631
1771286400,2026-02-17 00:00:00,0.007228,0.007301,0.007288,0.007243,11075786
1771290000,2026-02-17 01:00:00,0.007212,0.007277,0.007244,0.007221,12153240
1771293600,2026-02-17 02:00:00,0.00718,0.007354,0.007216,0.007312,23977353
1771297200,2026-02-17 03:00:00,0.007232,0.007326,0.007309,0.007232,18696339
1771300800,2026-02-17 04:00:00,0.007178,0.007261,0.007237,0.007213,19239567
1771304400,2026-02-17 05:00:00,0.007093,0.007209,0.007202,0.007182,26870106
1771308000,2026-02-17 06:00:00,0.007168,0.007205,0.007183,0.007177,5494424
1771311600,2026-02-17 07:00:00,0.00712,0.007176,0.007176,0.007139,5423933
1771315200,2026-02-17 08:00:00,0.007082,0.007165,0.007141,0.0071,10569115
1771318800,2026-02-17 09:00:00,0.007076,0.007121,0.007105,0.007103,6884546
1771322400,2026-02-17 10:00:00,0.007036,0.007121,0.007111,0.007073,9133184
1771326000,2026-02-17 11:00:00,0.007055,0.007118,0.007073,0.007102,14014095
1771329600,2026-02-17 12:00:00,0.0071,0.007168,0.007105,0.007111,11603479
1771333200,2026-02-17 13:00:00,0.007085,0.007196,0.007108,0.007157,17741021
1771336800,2026-02-17 14:00:00,0.006959,0.007221,0.007156,0.007016,71946556
1771340400,2026-02-17 15:00:00,0.006999,0.007138,0.007016,0.007133,46201751
1771344000,2026-02-17 16:00:00,0.007118,0.007348,0.007132,0.007198,89512868
1771347600,2026-02-17 17:00:00,0.007057,0.007204,0.007196,0.007122,34582399
1771351200,2026-02-17 18:00:00,0.007085,0.007238,0.00712,0.007198,35289884
1771354800,2026-02-17 19:00:00,0.007087,0.007202,0.007198,0.007102,19316713
1771358400,2026-02-17 20:00:00,0.007065,0.007128,0.007101,0.007099,25642717
1771362000,2026-02-17 21:00:00,0.007091,0.007148,0.007098,0.007148,9598307
1771365600,2026-02-17 22:00:00,0.007116,0.007173,0.007144,0.007123,11379804
1771369200,2026-02-17 23:00:00,0.00711,0.007151,0.00712,0.007135,15842287
1771372800,2026-02-18 00:00:00,0.007071,0.007146,0.007136,0.007071,8524441
1771376400,2026-02-18 01:00:00,0.007017,0.007082,0.007071,0.007045,14039731
1771380000,2026-02-18 02:00:00,0.007048,0.007123,0.007048,0.007087,13022010
1771383600,2026-02-18 03:00:00,0.007072,0.007116,0.007089,0.007092,5139494
1771387200,2026-02-18 04:00:00,0.007083,0.007116,0.007092,0.007093,10917886
1771390800,2026-02-18 05:00:00,0.007099,0.007152,0.0071,0.007144,8182863
1771394400,2026-02-18 06:00:00,0.007131,0.007196,0.007144,0.007151,6659365
1771398000,2026-02-18 07:00:00,0.007141,0.007224,0.007152,0.007182,10731031
1771401600,2026-02-18 08:00:00,0.007177,0.00726,0.007188,0.007192,15276011
1771405200,2026-02-18 09:00:00,0.007188,0.007239,0.00719,0.007239,5259108
1771408800,2026-02-18 10:00:00,0.00716,0.007251,0.00724,0.007172,9915842
1771412400,2026-02-18 11:00:00,0.007067,0.007174,0.007174,0.007098,20917442
1771416000,2026-02-18 12:00:00,0.007053,0.007121,0.007098,0.00707,14508442
1771419600,2026-02-18 13:00:00,0.006946,0.00708,0.007072,0.006986,26639350
1771423200,2026-02-18 14:00:00,0.00696,0.00707,0.006987,0.007034,40031742
1771426800,2026-02-18 15:00:00,0.007034,0.007194,0.007034,0.007099,41581659
1771430400,2026-02-18 16:00:00,0.006959,0.007104,0.007097,0.006993,30553854
1771434000,2026-02-18 17:00:00,0.006967,0.007068,0.006994,0.006971,32749077
1771437600,2026-02-18 18:00:00,0.006839,0.006989,0.006973,0.006842,42701731
1771441200,2026-02-18 19:00:00,0.006746,0.006902,0.006838,0.006813,60186465
1771444800,2026-02-18 20:00:00,0.006792,0.006868,0.006818,0.006821,20779717
1771448400,2026-02-18 21:00:00,0.006792,0.006854,0.006822,0.006802,12932209
1771452000,2026-02-18 22:00:00,0.006751,0.006815,0.006806,0.006779,21770071
1771455600,2026-02-18 23:00:00,0.006745,0.006787,0.006778,0.006761,10653505
1771459200,2026-02-19 00:00:00,0.00668,0.00678,0.006761,0.006692,20719155
1771462800,2026-02-19 01:00:00,0.006693,0.006819,0.006693,0.006811,21152320
1771466400,2026-02-19 02:00:00,0.006791,0.006842,0.006809,0.006821,10395866
1771470000,2026-02-19 03:00:00,0.006796,0.006844,0.00682,0.006821,12482743
1771473600,2026-02-19 04:00:00,0.006811,0.006849,0.006823,0.006817,10038800
1771477200,2026-02-19 05:00:00,0.006728,0.006823,0.006814,0.006781,15854231
1771480800,2026-02-19 06:00:00,0.006776,0.006838,0.00678,0.006813,8975169
1771484400,2026-02-19 07:00:00,0.006763,0.006816,0.006813,0.006781,12264944
1771488000,2026-02-19 08:00:00,0.006646,0.00678,0.00678,0.006685,14690752
1771491600,2026-02-19 09:00:00,0.006678,0.00673,0.006684,0.006691,13854946
1771495200,2026-02-19 10:00:00,0.00666,0.006721,0.006692,0.00669,7502551
1771498800,2026-02-19 11:00:00,0.006666,0.006713,0.00669,0.006678,12210459
1771502400,2026-02-19 12:00:00,0.006656,0.0067,0.006677,0.00666,9865347
1771506000,2026-02-19 13:00:00,0.00651,0.006661,0.006656,0.006563,28101141
1771509600,2026-02-19 14:00:00,0.006551,0.00668,0.006565,0.006642,26198923
1771513200,2026-02-19 15:00:00,0.006535,0.006688,0.006643,0.006557,31962089
1771516800,2026-02-19 16:00:00,0.006472,0.006598,0.006554,0.006548,37672316
1771520400,2026-02-19 17:00:00,0.00644,0.00663,0.006549,0.006494,23775800
1771524000,2026-02-19 18:00:00,0.006478,0.006565,0.006494,0.006565,26474790
1771527600,2026-02-19 19:00:00,0.00648,0.006589,0.006565,0.006526,36402536
1771531200,2026-02-19 20:00:00,0.006522,0.006586,0.006525,0.006585,41536454
1771534800,2026-02-19 21:00:00,0.00655,0.006592,0.006586,0.006552,6747847
1771538400,2026-02-19 22:00:00,0.006536,0.00659,0.006552,0.006579,14758397
1771542000,2026-02-19 23:00:00,0.00657,0.00663,0.006579,0.006626,9298587
1771545600,2026-02-20 00:00:00,0.006615,0.006746,0.006625,0.006706,43688745
1771549200,2026-02-20 01:00:00,0.006688,0.006763,0.006706,0.006746,10840908
1771552800,2026-02-20 02:00:00,0.006732,0.006803,0.006747,0.006732,15262947
1771556400,2026-02-20 03:00:00,0.006716,0.006797,0.006731,0.006722,20412379
1771560000,2026-02-20 04:00:00,0.006624,0.006729,0.006723,0.006691,16255215
1771563600,2026-02-20 05:00:00,0.006651,0.00676,0.006684,0.006723,18054426
1771567200,2026-02-20 06:00:00,0.006694,0.006751,0.006724,0.00674,9387976
1771570800,2026-02-20 07:00:00,0.006694,0.006752,0.006742,0.006714,7459577
1771574400,2026-02-20 08:00:00,0.006708,0.006821,0.006716,0.006802,32150435
1771578000,2026-02-20 09:00:00,0.006804,0.006884,0.006804,0.006855,17859695
1771581600,2026-02-20 10:00:00,0.006856,0.006923,0.006858,0.00686,17331029
1771585200,2026-02-20 11:00:00,0.006744,0.006866,0.006861,0.006772,27405655
1771588800,2026-02-20 12:00:00,0.006742,0.006804,0.006774,0.006746,16392896
1771592400,2026-02-20 13:00:00,0.006546,0.006745,0.006745,0.0066,33750447
1771596000,2026-02-20 14:00:00,0.006598,0.006755,0.006599,0.006713,34993555
1771599600,2026-02-20 15:00:00,0.006716,0.006962,0.006716,0.006962,73192756
1771603200,2026-02-20 16:00:00,0.006841,0.007042,0.006957,0.006922,69909848
1771606800,2026-02-20 17:00:00,0.006702,0.006932,0.006918,0.006906,75020524
1771610400,2026-02-20 18:00:00,0.006844,0.006973,0.006909,0.006916,60795938
1771614000,2026-02-20 19:00:00,0.00683,0.006938,0.006915,0.006854,21096291
1771617600,2026-02-20 20:00:00,0.00682,0.006892,0.006853,0.006862,19025910
1771621200,2026-02-20 21:00:00,0.006856,0.006899,0.006861,0.006893,12643938
1771624800,2026-02-20 22:00:00,0.00686,0.006923,0.006891,0.006914,14536858
1771628400,2026-02-20 23:00:00,0.006896,0.006929,0.006914,0.006919,9181723
1771632000,2026-02-21 00:00:00,0.006853,0.006918,0.006917,0.006863,12114805
1771635600,2026-02-21 01:00:00,0.006846,0.006899,0.00686,0.006889,6268711
1771639200,2026-02-21 02:00:00,0.006865,0.006928,0.006887,0.006908,5656500
1771642800,2026-02-21 03:00:00,0.00684,0.006907,0.006907,0.006868,8955593
1771646400,2026-02-21 04:00:00,0.006846,0.006892,0.006866,0.006884,11589844
1771650000,2026-02-21 05:00:00,0.006885,0.006928,0.006885,0.006899,12144829
1771653600,2026-02-21 06:00:00,0.006887,0.006972,0.0069,0.006913,39154428
1771657200,2026-02-21 07:00:00,0.006887,0.006937,0.006912,0.006914,6889108
1771660800,2026-02-21 08:00:00,0.006912,0.006986,0.006915,0.00698,9055904
1771664400,2026-02-21 09:00:00,0.006968,0.007077,0.006982,0.00702,20390217
1771668000,2026-02-21 10:00:00,0.007003,0.007051,0.007019,0.007026,16442112
1771671600,2026-02-21 11:00:00,0.007018,0.007074,0.007028,0.007051,10759392
1771675200,2026-02-21 12:00:00,0.006956,0.007054,0.00705,0.006965,9515440
1771678800,2026-02-21 13:00:00,0.006932,0.007012,0.006964,0.007004,8673745
1771682400,2026-02-21 14:00:00,0.006996,0.007094,0.007002,0.007039,17831584
1771686000,2026-02-21 15:00:00,0.006964,0.007048,0.00704,0.006973,25450083
1771689600,2026-02-21 16:00:00,0.006896,0.006979,0.006979,0.006922,11701579
1771693200,2026-02-21 17:00:00,0.006902,0.006956,0.006921,0.006936,9204456
1771696800,2026-02-21 18:00:00,0.006942,0.006979,0.006942,0.006968,12494187
1771700400,2026-02-21 19:00:00,0.006917,0.006973,0.00697,0.006926,3835812
1771704000,2026-02-21 20:00:00,0.006855,0.00693,0.006923,0.006858,12995945
1771707600,2026-02-21 21:00:00,0.006846,0.006908,0.00686,0.006898,11662506
1771711200,2026-02-21 22:00:00,0.006846,0.006901,0.006898,0.00685,4181276
1771714800,2026-02-21 23:00:00,0.006802,0.006859,0.006854,0.00682,16098794
1771718400,2026-02-22 00:00:00,0.006741,0.00682,0.006819,0.006776,11926767
1771722000,2026-02-22 01:00:00,0.006771,0.006795,0.006776,0.00678,7404521
1771725600,2026-02-22 02:00:00,0.0067,0.0068,0.00678,0.006702,7513207
1771729200,2026-02-22 03:00:00,0.00667,0.006725,0.006706,0.006705,7464674
1771732800,2026-02-22 04:00:00,0.006693,0.006719,0.006707,0.006711,5791167
1771736400,2026-02-22 05:00:00,0.006677,0.006716,0.006711,0.006682,15884850
1771740000,2026-02-22 06:00:00,0.006644,0.006699,0.006682,0.006683,15557801
1771743600,2026-02-22 07:00:00,0.006677,0.006729,0.006682,0.006703,10064002
1771747200,2026-02-22 08:00:00,0.006665,0.006725,0.006709,0.006673,1962589
1771750800,2026-02-22 09:00:00,0.006672,0.006731,0.006677,0.006731,2665210
1771754400,2026-02-22 10:00:00,0.006722,0.006756,0.006728,0.006733,5243919
1771758000,2026-02-22 11:00:00,0.006711,0.006748,0.006734,0.006714,2908634
1771761600,2026-02-22 12:00:00,0.006635,0.006717,0.006715,0.006635,14921975
1771765200,2026-02-22 13:00:00,0.006593,0.006646,0.006638,0.006611,15729311
1771768800,2026-02-22 14:00:00,0.006556,0.006619,0.006613,0.006577,12483749
1771772400,2026-02-22 15:00:00,0.006553,0.006624,0.006579,0.006601,16374343
1771776000,2026-02-22 16:00:00,0.006571,0.006612,0.0066,0.006593,5978278
1771779600,2026-02-22 17:00:00,0.006499,0.006592,0.006592,0.006523,45235805
1771783200,2026-02-22 18:00:00,0.006498,0.006548,0.006522,0.006537,25841550
1771786800,2026-02-22 19:00:00,0.006521,0.006556,0.006536,0.006553,10975054
1771790400,2026-02-22 20:00:00,0.006505,0.006553,0.00655,0.006515,4318529
1771794000,2026-02-22 21:00:00,0.006505,0.006552,0.006516,0.006542,8533165
1771797600,2026-02-22 22:00:00,0.006534,0.006597,0.006545,0.006592,3914140
1771801200,2026-02-22 23:00:00,0.006536,0.006596,0.00659,0.006576,13008503
1771804800,2026-02-23 00:00:00,0.006442,0.006606,0.006576,0.006445,45651592
1771808400,2026-02-23 01:00:00,0.006108,0.00645,0.006445,0.006124,133326146
1771812000,2026-02-23 02:00:00,0.006114,0.006213,0.006127,0.006207,33086391
1771815600,2026-02-23 03:00:00,0.006165,0.00626,0.006208,0.006183,18694676
1771819200,2026-02-23 04:00:00,0.006163,0.006203,0.006183,0.006173,13668005
1771822800,2026-02-23 05:00:00,0.006172,0.006288,0.006172,0.006268,24940264
1771826400,2026-02-23 06:00:00,0.006259,0.006452,0.006268,0.00642,20964211
1771830000,2026-02-23 07:00:00,0.006408,0.00647,0.00642,0.006419,15364475
1771833600,2026-02-23 08:00:00,0.006372,0.006421,0.006418,0.006391,12535252
1771837200,2026-02-23 09:00:00,0.006383,0.006581,0.006392,0.006564,23879531
1771840800,2026-02-23 10:00:00,0.006548,0.006619,0.006563,0.006599,18400162
1771844400,2026-02-23 11:00:00,0.00655,0.006629,0.006602,0.006553,16498100
1771848000,2026-02-23 12:00:00,0.006545,0.006692,0.006552,0.006646,24159877
1771851600,2026-02-23 13:00:00,0.00655,0.006653,0.006647,0.006556,13720383
1771855200,2026-02-23 14:00:00,0.006446,0.006562,0.006553,0.006509,53105373
1771858800,2026-02-23 15:00:00,0.006383,0.006517,0.00651,0.006405,45163637
1771862400,2026-02-23 16:00:00,0.00635,0.006437,0.006401,0.006374,32119078
1771866000,2026-02-23 17:00:00,0.006236,0.006387,0.006375,0.006364,66905086
1771869600,2026-02-23 18:00:00,0.006324,0.006426,0.006365,0.006333,35621105
1771873200,2026-02-23 19:00:00,0.006273,0.00634,0.006334,0.006288,19057509
1771876800,2026-02-23 20:00:00,0.006257,0.00631,0.006291,0.006301,23482055
1771880400,2026-02-23 21:00:00,0.006298,0.006355,0.006298,0.006328,13509738
1771884000,2026-02-23 22:00:00,0.006323,0.006384,0.006329,0.006329,16736060
1771887600,2026-02-23 23:00:00,0.006305,0.006363,0.006328,0.006334,11522444
1771891200,2026-02-24 00:00:00,0.006323,0.006374,0.006336,0.00637,7992343
1771894800,2026-02-24 01:00:00,0.006215,0.006382,0.006369,0.006321,44044289
1771898400,2026-02-24 02:00:00,0.0063,0.006372,0.006321,0.006315,22363903
1771902000,2026-02-24 03:00:00,0.006222,0.006313,0.006313,0.006252,20498720
1771905600,2026-02-24 04:00:00,0.006185,0.006257,0.006252,0.006218,31062043
1771909200,2026-02-24 05:00:00,0.00617,0.006253,0.006217,0.006212,21859591
1771912800,2026-02-24 06:00:00,0.006201,0.006257,0.006211,0.006223,14732885
1771916400,2026-02-24 07:00:00,0.006207,0.006259,0.006224,0.006237,14122840
1771920000,2026-02-24 08:00:00,0.006205,0.006303,0.006235,0.006295,13712996
1771923600,2026-02-24 09:00:00,0.006229,0.006299,0.006293,0.006286,19807288
1771927200,2026-02-24 10:00:00,0.006267,0.006302,0.006285,0.006272,9383034
1771930800,2026-02-24 11:00:00,0.006267,0.006307,0.006274,0.0063,10371062
1771934400,2026-02-24 12:00:00,0.006278,0.006364,0.006303,0.006292,16500118
1771938000,2026-02-24 13:00:00,0.006208,0.006321,0.006288,0.006288,31671276
1771941600,2026-02-24 14:00:00,0.006232,0.006432,0.006285,0.006375,42660416
1771945200,2026-02-24 15:00:00,0.006347,0.006511,0.00638,0.006463,92859898
1771948800,2026-02-24 16:00:00,0.006414,0.006563,0.006461,0.006503,57146092
1771952400,2026-02-24 17:00:00,0.006415,0.006508,0.006503,0.006435,34203481
1771956000,2026-02-24 18:00:00,0.006398,0.006468,0.006433,0.00643,19706679
1771959600,2026-02-24 19:00:00,0.006394,0.006466,0.006433,0.006423,14608204
1771963200,2026-02-24 20:00:00,0.006413,0.006461,0.006425,0.006424,21853803
1771966800,2026-02-24 21:00:00,0.00637,0.006424,0.006424,0.006403,13771111
1771970400,2026-02-24 22:00:00,0.006392,0.006474,0.006401,0.006443,7942465
1771974000,2026-02-24 23:00:00,0.0064,0.006489,0.006442,0.006454,12090090
1771977600,2026-02-25 00:00:00,0.006406,0.00646,0.006455,0.006445,10678891
1771981200,2026-02-25 01:00:00,0.006439,0.006742,0.006445,0.006694,83930640
1771984800,2026-02-25 02:00:00,0.006641,0.006736,0.006696,0.006659,32070943
1771988400,2026-02-25 03:00:00,0.00657,0.006672,0.006662,0.006587,43477567
1771992000,2026-02-25 04:00:00,0.006537,0.006664,0.006588,0.006636,33692966
1771995600,2026-02-25 05:00:00,0.006508,0.006655,0.006635,0.006567,20160463
1771999200,2026-02-25 06:00:00,0.006552,0.006607,0.006568,0.006577,11766293
1772002800,2026-02-25 07:00:00,0.006554,0.006644,0.006575,0.006626,12326308
1772006400,2026-02-25 08:00:00,0.006617,0.006706,0.006625,0.006696,20940532
1772010000,2026-02-25 09:00:00,0.006688,0.00679,0.006695,0.006775,21862096
1772013600,2026-02-25 10:00:00,0.006719,0.00679,0.006776,0.006744,15239528
1772017200,2026-02-25 11:00:00,0.006696,0.006751,0.006744,0.006731,13459339
1772020800,2026-02-25 12:00:00,0.006729,0.00695,0.00673,0.00693,41061961
1772024400,2026-02-25 13:00:00,0.006887,0.007014,0.006927,0.006958,35558617
1772028000,2026-02-25 14:00:00,0.006952,0.007224,0.006955,0.007209,73820342
1772031600,2026-02-25 15:00:00,0.007109,0.007276,0.007209,0.007137,80038837
1772035200,2026-02-25 16:00:00,0.007112,0.007304,0.00714,0.007283,55701050
1772038800,2026-02-25 17:00:00,0.007284,0.007407,0.007284,0.007383,67299860
1772042400,2026-02-25 18:00:00,0.007309,0.007547,0.007383,0.007506,48871037
1772046000,2026-02-25 19:00:00,0.007385,0.007521,0.007502,0.007452,44497295
1772049600,2026-02-25 20:00:00,0.007374,0.007518,0.007454,0.007472,41750764
1772053200,2026-02-25 21:00:00,0.007437,0.007744,0.007476,0.007587,70861455
1772056800,2026-02-25 22:00:00,0.007325,0.007677,0.007592,0.007371,53413368
1772060400,2026-02-25 23:00:00,0.0071,0.00742,0.007369,0.007238,63513380
1772064000,2026-02-26 00:00:00,0.007187,0.007315,0.007236,0.007241,48297686
1772067600,2026-02-26 01:00:00,0.007181,0.007316,0.00724,0.007186,27583221
1772071200,2026-02-26 02:00:00,0.00712,0.007211,0.007187,0.0072,35845822
1772074800,2026-02-26 03:00:00,0.00714,0.007215,0.007198,0.007166,23453569
1772078400,2026-02-26 04:00:00,0.007154,0.007238,0.007168,0.007218,23276242
1772082000,2026-02-26 05:00:00,0.007116,0.007215,0.007215,0.007163,25900973
1772085600,2026-02-26 06:00:00,0.007101,0.00719,0.007166,0.007119,23242324
1772089200,2026-02-26 07:00:00,0.007115,0.007165,0.007121,0.007141,12635906
1772092800,2026-02-26 08:00:00,0.00714,0.007233,0.007142,0.007163,25797165
1772096400,2026-02-26 09:00:00,0.007142,0.007328,0.007161,0.007275,20272622
1772100000,2026-02-26 10:00:00,0.007054,0.007298,0.00728,0.007061,17952882
1772103600,2026-02-26 11:00:00,0.007004,0.007063,0.00706,0.007038,13385044
1772107200,2026-02-26 12:00:00,0.007029,0.007086,0.00704,0.007075,15301166
1772110800,2026-02-26 13:00:00,0.00706,0.007127,0.007074,0.007072,19249258
1772114400,2026-02-26 14:00:00,0.006977,0.007097,0.007073,0.007053,43248026
1772118000,2026-02-26 15:00:00,0.006944,0.007086,0.00705,0.007029,61942920
1772121600,2026-02-26 16:00:00,0.006738,0.007035,0.007028,0.006761,57780091
1772125200,2026-02-26 17:00:00,0.006742,0.006838,0.00676,0.006773,35178092
1772128800,2026-02-26 18:00:00,0.00673,0.006867,0.006768,0.00684,40615065
1772132400,2026-02-26 19:00:00,0.006833,0.006971,0.006838,0.006943,44574387
1772136000,2026-02-26 20:00:00,0.006859,0.006985,0.00694,0.006877,16679010
1772139600,2026-02-26 21:00:00,0.006849,0.006922,0.006875,0.006911,15291279
1772143200,2026-02-26 22:00:00,0.006893,0.006947,0.006907,0.006942,10436161
1772146800,2026-02-26 23:00:00,0.00691,0.006978,0.006934,0.006947,13390805
1772150400,2026-02-27 00:00:00,0.006881,0.00698,0.006945,0.00689,23578286
1772154000,2026-02-27 01:00:00,0.006867,0.006936,0.00689,0.006936,25148009
1772157600,2026-02-27 02:00:00,0.006923,0.006999,0.006932,0.006959,20536473
1772161200,2026-02-27 03:00:00,0.006932,0.00708,0.006958,0.007073,16792156
1772164800,2026-02-27 04:00:00,0.007073,0.007201,0.007073,0.007139,44270861
1772168400,2026-02-27 05:00:00,0.007134,0.007196,0.00714,0.00714,14181522
1772172000,2026-02-27 06:00:00,0.007101,0.007214,0.007142,0.007172,16982696
1772175600,2026-02-27 07:00:00,0.007094,0.007202,0.007171,0.007189,22826176
1772179200,2026-02-27 08:00:00,0.007168,0.007254,0.007188,0.007214,27544377
1772182800,2026-02-27 09:00:00,0.007117,0.007258,0.007221,0.007132,34317691
1772186400,2026-02-27 10:00:00,0.006995,0.007144,0.00713,0.007016,40165241
1772190000,2026-02-27 11:00:00,0.006914,0.007072,0.007014,0.006933,29523480
1772193600,2026-02-27 12:00:00,0.006868,0.006951,0.006933,0.006905,29799857
1772197200,2026-02-27 13:00:00,0.00681,0.00695,0.006903,0.0069,43100881
1772200800,2026-02-27 14:00:00,0.006818,0.006921,0.006899,0.006831,41482230
1772204400,2026-02-27 15:00:00,0.006826,0.006915,0.00683,0.006874,41864934
1772208000,2026-02-27 16:00:00,0.006755,0.006878,0.006873,0.006755,23326693
1772211600,2026-02-27 17:00:00,0.006701,0.006866,0.00676,0.00686,28015695
1772215200,2026-02-27 18:00:00,0.006791,0.006866,0.00686,0.006793,17552772
1772218800,2026-02-27 19:00:00,0.006722,0.006795,0.006793,0.006742,23129765
1772222400,2026-02-27 20:00:00,0.006738,0.006783,0.00674,0.006763,15279289
1772226000,2026-02-27 21:00:00,0.006683,0.006788,0.006761,0.006718,17746454
1772229600,2026-02-27 22:00:00,0.006605,0.006739,0.006715,0.006739,15789655
1772233200,2026-02-27 23:00:00,0.00674,0.006808,0.00674,0.006793,9413371
1772236800,2026-02-28 00:00:00,0.006786,0.006863,0.006795,0.00686,16070846
1772240400,2026-02-28 01:00:00,0.006762,0.006882,0.00686,0.006762,15374278
1772244000,2026-02-28 02:00:00,0.006756,0.006806,0.006761,0.0068,6826636
1772247600,2026-02-28 03:00:00,0.006754,0.006814,0.006799,0.006754,5904778
1772251200,2026-02-28 04:00:00,0.006722,0.006788,0.006753,0.006759,12672005
1772254800,2026-02-28 05:00:00,0.006686,0.006766,0.00676,0.006716,20713991
1772258400,2026-02-28 06:00:00,0.006305,0.006713,0.006713,0.006326,134699706
1772262000,2026-02-28 07:00:00,0.006288,0.006494,0.006324,0.006377,58530586
1772265600,2026-02-28 08:00:00,0.006293,0.006391,0.006378,0.006302,28836906
1772269200,2026-02-28 09:00:00,0.006296,0.006388,0.006303,0.006315,29141400
1772272800,2026-02-28 10:00:00,0.006266,0.006352,0.006314,0.006305,28148045
1772276400,2026-02-28 11:00:00,0.006303,0.006379,0.006308,0.006314,24280403
1772280000,2026-02-28 12:00:00,0.006315,0.006369,0.006315,0.006348,15618154
1772283600,2026-02-28 13:00:00,0.006333,0.006596,0.006356,0.006591,67098058
1772287200,2026-02-28 14:00:00,0.006472,0.006654,0.006594,0.006488,51350555
1772290800,2026-02-28 15:00:00,0.00642,0.006538,0.006486,0.00649,55843843
1772294400,2026-02-28 16:00:00,0.006452,0.006522,0.006489,0.00652,20802351
1772298000,2026-02-28 17:00:00,0.006454,0.006562,0.006518,0.006548,36011648
1772301600,2026-02-28 18:00:00,0.006508,0.006724,0.006538,0.006679,35243598
1772305200,2026-02-28 19:00:00,0.006631,0.00688,0.00668,0.006806,58559908
1772308800,2026-02-28 20:00:00,0.006782,0.007074,0.006802,0.00703,93780778
1772312400,2026-02-28 21:00:00,0.006896,0.00703,0.007028,0.006959,54833406
1772316000,2026-02-28 22:00:00,0.00695,0.007084,0.006961,0.007029,37966711
1772319600,2026-02-28 23:00:00,0.006961,0.007036,0.007036,0.007006,23804917
1772323200,2026-03-01 00:00:00,0.006911,0.007034,0.007008,0.006926,36566935
1772326800,2026-03-01 01:00:00,0.006844,0.007193,0.006925,0.007132,56040861
1772330400,2026-03-01 02:00:00,0.007134,0.007327,0.007134,0.007216,56687596
1772334000,2026-03-01 03:00:00,0.007043,0.007222,0.007218,0.00708,41695275
1772337600,2026-03-01 04:00:00,0.006987,0.00709,0.007082,0.00709,29841138
1772341200,2026-03-01 05:00:00,0.00704,0.007091,0.007087,0.007074,19194340
1772344800,2026-03-01 06:00:00,0.006952,0.007077,0.007077,0.006992,21410140
1772348400,2026-03-01 07:00:00,0.006961,0.007021,0.006993,0.007011,11104034
1772352000,2026-03-01 08:00:00,0.006855,0.007012,0.007012,0.00689,17616768
1772355600,2026-03-01 09:00:00,0.006822,0.006927,0.006892,0.006831,16273208
1772359200,2026-03-01 10:00:00,0.006788,0.006857,0.006834,0.006824,18988222
1772362800,2026-03-01 11:00:00,0.006816,0.00685,0.006825,0.006824,9872575
1772366400,2026-03-01 12:00:00,0.006746,0.006846,0.006825,0.006767,10855245
1772370000,2026-03-01 13:00:00,0.006708,0.006939,0.006768,0.006916,37542250
1772373600,2026-03-01 14:00:00,0.006817,0.006988,0.006908,0.00685,42385728
1772377200,2026-03-01 15:00:00,0.006844,0.006932,0.006848,0.00687,32788745
1772380800,2026-03-01 16:00:00,0.006726,0.006913,0.006871,0.006774,41724642
1772384400,2026-03-01 17:00:00,0.006646,0.006783,0.00678,0.0067,62518247
1772388000,2026-03-01 18:00:00,0.006698,0.00683,0.006701,0.006735,48184836
1772391600,2026-03-01 19:00:00,0.006643,0.006738,0.006736,0.006662,32172478
1772395200,2026-03-01 20:00:00,0.006529,0.006662,0.006661,0.006552,47959171
1772398800,2026-03-01 21:00:00,0.006554,0.006664,0.006554,0.00665,41747317
1772402400,2026-03-01 22:00:00,0.006633,0.006803,0.006648,0.006665,50331411
1772406000,2026-03-01 23:00:00,0.006649,0.006765,0.006664,0.006716,28207847
1772409600,2026-03-02 00:00:00,0.006706,0.006849,0.006714,0.006812,37957907
1772413200,2026-03-02 01:00:00,0.006801,0.006932,0.00681,0.006845,43536173
1772416800,2026-03-02 02:00:00,0.006744,0.006857,0.006846,0.006788,22950751
1772420400,2026-03-02 03:00:00,0.006753,0.006904,0.006786,0.006879,33696355
1772424000,2026-03-02 04:00:00,0.006826,0.006886,0.006876,0.006846,25871305
1772427600,2026-03-02 05:00:00,0.006788,0.006871,0.006848,0.006815,19923225
1772431200,2026-03-02 06:00:00,0.006701,0.006815,0.006813,0.006743,23209029
1772434800,2026-03-02 07:00:00,0.006648,0.006745,0.006744,0.006697,17295815
1772438400,2026-03-02 08:00:00,0.006635,0.006773,0.006695,0.006754,29686966
1772442000,2026-03-02 09:00:00,0.006744,0.00683,0.006753,0.006765,23989631
1772445600,2026-03-02 10:00:00,0.006749,0.006791,0.006764,0.006781,9867312
1772449200,2026-03-02 11:00:00,0.006739,0.006819,0.006779,0.006786,22338358
1772452800,2026-03-02 12:00:00,0.006742,0.006808,0.006787,0.006754,16707693
1772456400,2026-03-02 13:00:00,0.006702,0.006777,0.006754,0.006715,19644627
1772460000,2026-03-02 14:00:00,0.006693,0.007015,0.006713,0.006988,74012817
1772463600,2026-03-02 15:00:00,0.006964,0.00745,0.006984,0.007323,137667186
1772467200,2026-03-02 16:00:00,0.00726,0.00764,0.007324,0.00743,166967732
1772470800,2026-03-02 17:00:00,0.007166,0.007443,0.007438,0.007277,79087328
1772474400,2026-03-02 18:00:00,0.007218,0.007324,0.00728,0.007242,57705549
1772478000,2026-03-02 19:00:00,0.00716,0.00725,0.007244,0.007217,57167689
1772481600,2026-03-02 20:00:00,0.007124,0.007272,0.007226,0.007128,42574205
1772485200,2026-03-02 21:00:00,0.007058,0.007133,0.007129,0.007103,29241376
1772488800,2026-03-02 22:00:00,0.00709,0.00717,0.007105,0.00714,22920620
1772492400,2026-03-02 23:00:00,0.006992,0.007144,0.00714,0.007018,31163311
1772496000,2026-03-03 00:00:00,0.006963,0.007039,0.00702,0.00703,31433896
1772499600,2026-03-03 01:00:00,0.006987,0.007076,0.007033,0.006987,28332282
1772503200,2026-03-03 02:00:00,0.006903,0.006992,0.006988,0.006969,29463345
1772506800,2026-03-03 03:00:00,0.006916,0.006998,0.006968,0.006989,17259329
1772510400,2026-03-03 04:00:00,0.006919,0.007001,0.00699,0.006935,9655522
1772514000,2026-03-03 05:00:00,0.00692,0.007041,0.006934,0.006951,28083656
1772517600,2026-03-03 06:00:00,0.006949,0.007008,0.006951,0.006979,17265941
1772521200,2026-03-03 07:00:00,0.006968,0.00705,0.00698,0.006995,14735920
1772524800,2026-03-03 08:00:00,0.006856,0.007031,0.007001,0.006885,21213141
1772528400,2026-03-03 09:00:00,0.006783,0.00691,0.006884,0.006805,34448511
1772532000,2026-03-03 10:00:00,0.006763,0.006848,0.006804,0.006824,17624509
1772535600,2026-03-03 11:00:00,0.006781,0.006848,0.006825,0.006841,12347856
1772539200,2026-03-03 12:00:00,0.00684,0.007016,0.00684,0.0069,34323118
1772542800,2026-03-03 13:00:00,0.006792,0.006899,0.006899,0.006818,19119864
1772546400,2026-03-03 14:00:00,0.006756,0.006945,0.006817,0.006819,71263458
1772550000,2026-03-03 15:00:00,0.006735,0.006954,0.006813,0.00691,62708052
1772553600,2026-03-03 16:00:00,0.006856,0.007151,0.006909,0.007006,87595246
1772557200,2026-03-03 17:00:00,0.006897,0.007037,0.007009,0.007017,41285525
1772560800,2026-03-03 18:00:00,0.006963,0.007092,0.007018,0.007008,35046572
1772564400,2026-03-03 19:00:00,0.006922,0.007014,0.00701,0.006966,35559461
1772568000,2026-03-03 20:00:00,0.006925,0.007004,0.006966,0.006932,26864411
1772571600,2026-03-03 21:00:00,0.006874,0.006934,0.006931,0.006926,23481933
1772575200,2026-03-03 22:00:00,0.006925,0.007056,0.006927,0.007039,20288861
1772578800,2026-03-03 23:00:00,0.007025,0.007126,0.007037,0.007035,31389116
1772582400,2026-03-04 00:00:00,0.006892,0.007053,0.007031,0.006953,38384658
1772586000,2026-03-04 01:00:00,0.00695,0.007044,0.006958,0.00699,37373318
1772589600,2026-03-04 02:00:00,0.006949,0.007022,0.006991,0.007004,20584527
1772593200,2026-03-04 03:00:00,0.006861,0.007033,0.007002,0.006936,35927008
1772596800,2026-03-04 04:00:00,0.00688,0.006952,0.006937,0.00692,33202358
1772600400,2026-03-04 05:00:00,0.006863,0.006964,0.006924,0.006918,20355687
1772604000,2026-03-04 06:00:00,0.006885,0.006981,0.006916,0.00695,30204977
1772607600,2026-03-04 07:00:00,0.006922,0.007038,0.006953,0.007009,35389141
1772611200,2026-03-04 08:00:00,0.006958,0.007221,0.007012,0.007205,45897954
1772614800,2026-03-04 09:00:00,0.007149,0.007321,0.007206,0.007205,75461991
1772618400,2026-03-04 10:00:00,0.007151,0.00725,0.007206,0.007193,33748380
1772622000,2026-03-04 11:00:00,0.00709,0.007254,0.007194,0.007131,33523185
1772625600,2026-03-04 12:00:00,0.006996,0.007137,0.00713,0.007058,40716365
1772629200,2026-03-04 13:00:00,0.007068,0.00724,0.007068,0.007206,37476128
1772632800,2026-03-04 14:00:00,0.007196,0.00738,0.007203,0.007224,120996911
1772636400,2026-03-04 15:00:00,0.007227,0.007454,0.007229,0.007452,94554577
1772640000,2026-03-04 16:00:00,0.007281,0.007493,0.007455,0.00735,49478588
1772643600,2026-03-04 17:00:00,0.007275,0.007441,0.007347,0.007369,65219186
1772647200,2026-03-04 18:00:00,0.007326,0.007422,0.007369,0.007414,42576362
1772650800,2026-03-04 19:00:00,0.007405,0.007534,0.007415,0.007477,60008329
1772654400,2026-03-04 20:00:00,0.007367,0.007487,0.007478,0.007368,32180051
1772658000,2026-03-04 21:00:00,0.007212,0.007375,0.007372,0.00733,73437236
1772661600,2026-03-04 22:00:00,0.007219,0.007368,0.007326,0.007241,28730969
1772665200,2026-03-04 23:00:00,0.007161,0.007249,0.007245,0.007207,36065459
1772668800,2026-03-05 00:00:00,0.007155,0.007224,0.007206,0.007173,19156535
1772672400,2026-03-05 01:00:00,0.007115,0.007236,0.007172,0.007128,23877014
1772676000,2026-03-05 02:00:00,0.007123,0.007202,0.007129,0.00714,17534156
1772679600,2026-03-05 03:00:00,0.007115,0.007173,0.00714,0.007135,18162158
1772683200,2026-03-05 04:00:00,0.007123,0.007216,0.007134,0.007202,21848688
1772686800,2026-03-05 05:00:00,0.007125,0.007207,0.007201,0.007137,16150398
1772690400,2026-03-05 06:00:00,0.007099,0.007198,0.007136,0.007182,15961624
1772694000,2026-03-05 07:00:00,0.007075,0.007206,0.007183,0.007108,10507892
1772697600,2026-03-05 08:00:00,0.007083,0.007156,0.00711,0.007126,24587981
1772701200,2026-03-05 09:00:00,0.007127,0.007226,0.007127,0.007195,22998689
1772704800,2026-03-05 10:00:00,0.007165,0.007411,0.007195,0.007398,41594012
1772708400,2026-03-05 11:00:00,0.007333,0.007434,0.007398,0.007373,67499139
1772712000,2026-03-05 12:00:00,0.007336,0.007446,0.007375,0.007406,35820936
1772715600,2026-03-05 13:00:00,0.007246,0.007421,0.007408,0.007294,35618236
1772719200,2026-03-05 14:00:00,0.007274,0.007385,0.007292,0.007366,55588936
1772722800,2026-03-05 15:00:00,0.007117,0.007375,0.007365,0.007155,55236193
1772726400,2026-03-05 16:00:00,0.006965,0.007159,0.007156,0.007028,65360317
1772730000,2026-03-05 17:00:00,0.006932,0.007092,0.00703,0.006953,28841902
1772733600,2026-03-05 18:00:00,0.006943,0.00703,0.006949,0.007027,20824316
1772737200,2026-03-05 19:00:00,0.007023,0.007197,0.007028,0.007116,27333399
1772740800,2026-03-05 20:00:00,0.007093,0.007254,0.007118,0.007207,24088395
1772744400,2026-03-05 21:00:00,0.007086,0.00726,0.007204,0.00713,20484981
1772748000,2026-03-05 22:00:00,0.0071,0.007158,0.007137,0.007125,9563806
1772751600,2026-03-05 23:00:00,0.007086,0.007138,0.007124,0.007109,11223030
1772755200,2026-03-06 00:00:00,0.007073,0.007122,0.007111,0.007089,8758419
1772758800,2026-03-06 01:00:00,0.007047,0.007185,0.00709,0.007173,22094977
1772762400,2026-03-06 02:00:00,0.007122,0.007178,0.007171,0.007142,24405404
1772766000,2026-03-06 03:00:00,0.00711,0.007171,0.007143,0.007167,11372191
1772769600,2026-03-06 04:00:00,0.00707,0.007191,0.007168,0.007119,22349297
1772773200,2026-03-06 05:00:00,0.007062,0.007136,0.007118,0.007124,19253392
1772776800,2026-03-06 06:00:00,0.007102,0.007167,0.00712,0.007137,14615027
1772780400,2026-03-06 07:00:00,0.007109,0.007233,0.007136,0.007197,17113778
1772784000,2026-03-06 08:00:00,0.00711,0.007197,0.007197,0.007137,16534393
1772787600,2026-03-06 09:00:00,0.007002,0.007139,0.007138,0.007054,16787609
1772791200,2026-03-06 10:00:00,0.007052,0.007118,0.007053,0.007094,14501781
1772794800,2026-03-06 11:00:00,0.007037,0.007119,0.007094,0.007037,12631227
1772798400,2026-03-06 12:00:00,0.006973,0.007047,0.007036,0.007014,15461039
1772802000,2026-03-06 13:00:00,0.006908,0.007109,0.007021,0.006911,51031303
1772805600,2026-03-06 14:00:00,0.006736,0.006943,0.006908,0.006778,90537335
1772809200,2026-03-06 15:00:00,0.006774,0.0069,0.006778,0.006805,49843045
1772812800,2026-03-06 16:00:00,0.006759,0.006866,0.006804,0.006801,34043612
1772816400,2026-03-06 17:00:00,0.006705,0.00683,0.006803,0.006754,23510788
1772820000,2026-03-06 18:00:00,0.006758,0.006859,0.006758,0.006843,20472259
1772823600,2026-03-06 19:00:00,0.006844,0.006904,0.006844,0.006856,15333849
1772827200,2026-03-06 20:00:00,0.006819,0.006875,0.006855,0.006859,16309469
1772830800,2026-03-06 21:00:00,0.006823,0.006861,0.00686,0.006851,6244916
1772834400,2026-03-06 22:00:00,0.006836,0.006872,0.006851,0.006859,5330065
1772838000,2026-03-06 23:00:00,0.006831,0.006864,0.006861,0.00684,6174688
1772841600,2026-03-07 00:00:00,0.006826,0.006878,0.006839,0.006831,5836592
1772845200,2026-03-07 01:00:00,0.006799,0.006833,0.00683,0.006813,13088424
1772848800,2026-03-07 02:00:00,0.006792,0.006838,0.006815,0.006816,3664246
1772852400,2026-03-07 03:00:00,0.006804,0.006861,0.006814,0.006808,8937921
1772856000,2026-03-07 04:00:00,0.00675,0.006819,0.006807,0.006804,10484660
1772859600,2026-03-07 05:00:00,0.006789,0.006811,0.006805,0.006811,4232084
1772863200,2026-03-07 06:00:00,0.006742,0.00681,0.006809,0.006742,11773939
1772866800,2026-03-07 07:00:00,0.006722,0.00677,0.006742,0.006766,12378269
1772870400,2026-03-07 08:00:00,0.006759,0.00681,0.006765,0.006762,7234118
1772874000,2026-03-07 09:00:00,0.006738,0.006806,0.006762,0.0068,15930622
1772877600,2026-03-07 10:00:00,0.006771,0.006808,0.006799,0.006771,4006429
1772881200,2026-03-07 11:00:00,0.006757,0.006815,0.006773,0.006767,7069344
1772884800,2026-03-07 12:00:00,0.006729,0.006778,0.00677,0.00674,5455334
1772888400,2026-03-07 13:00:00,0.006733,0.006757,0.00674,0.006749,7842082
1772892000,2026-03-07 14:00:00,0.006664,0.006749,0.006749,0.006705,29302747
1772895600,2026-03-07 15:00:00,0.006644,0.006704,0.006704,0.006678,14868855
1772899200,2026-03-07 16:00:00,0.006671,0.006702,0.006677,0.0067,10486656
1772902800,2026-03-07 17:00:00,0.006701,0.006736,0.006702,0.006725,6074749
1772906400,2026-03-07 18:00:00,0.00666,0.006723,0.006723,0.006664,9678195
1772910000,2026-03-07 19:00:00,0.006501,0.006673,0.006664,0.00654,71777010
1772913600,2026-03-07 20:00:00,0.00654,0.0066,0.00654,0.006591,9423344
1772917200,2026-03-07 21:00:00,0.006572,0.006614,0.006592,0.006588,7668023
1772920800,2026-03-07 22:00:00,0.006512,0.006591,0.006591,0.006544,12939009
1772924400,2026-03-07 23:00:00,0.006537,0.006578,0.006545,0.006567,5769003
1772928000,2026-03-08 00:00:00,0.00654,0.006587,0.006567,0.006548,6482066
1772931600,2026-03-08 01:00:00,0.006527,0.006562,0.006547,0.006551,9877186
1772935200,2026-03-08 02:00:00,0.006467,0.006555,0.006551,0.006476,19622811
1772938800,2026-03-08 03:00:00,0.00647,0.006509,0.006474,0.006492,9039353
1772942400,2026-03-08 04:00:00,0.006436,0.006498,0.006494,0.006449,8886677
1772946000,2026-03-08 05:00:00,0.006452,0.006538,0.006452,0.006514,22919644
1772949600,2026-03-08 06:00:00,0.006471,0.00653,0.006512,0.006503,16411094
1772953200,2026-03-08 07:00:00,0.006494,0.006557,0.006502,0.006526,13864146
1772956800,2026-03-08 08:00:00,0.00649,0.006538,0.006524,0.006535,8286582
1772960400,2026-03-08 09:00:00,0.006526,0.006593,0.006534,0.00658,9573568
1772964000,2026-03-08 10:00:00,0.006577,0.006674,0.00658,0.00662,12718498
1772967600,2026-03-08 11:00:00,0.00653,0.006616,0.006616,0.006571,15003362
1772971200,2026-03-08 12:00:00,0.006481,0.006606,0.006569,0.006567,20644429
1772974800,2026-03-08 13:00:00,0.006465,0.006567,0.006564,0.006508,30538821
1772978400,2026-03-08 14:00:00,0.006474,0.006532,0.00651,0.006508,22866689
1772982000,2026-03-08 15:00:00,0.006457,0.006514,0.006511,0.006478,17543601
1772985600,2026-03-08 16:00:00,0.00642,0.006487,0.006477,0.00644,16241781
1772989200,2026-03-08 17:00:00,0.006439,0.006496,0.006443,0.006477,10690501
1772992800,2026-03-08 18:00:00,0.00645,0.006492,0.006478,0.006485,14621991
1772996400,2026-03-08 19:00:00,0.006481,0.006603,0.006485,0.006586,27720398
1773000000,2026-03-08 20:00:00,0.006544,0.006637,0.006583,0.006569,17846311
1773003600,2026-03-08 21:00:00,0.006518,0.006578,0.00657,0.006565,10404800
1773007200,2026-03-08 22:00:00,0.006384,0.00656,0.00656,0.006538,76762961
1773010800,2026-03-08 23:00:00,0.006467,0.006566,0.006536,0.006498,33593706
1773014400,2026-03-09 00:00:00,0.006491,0.006621,0.006493,0.006555,47196645
1773018000,2026-03-09 01:00:00,0.006502,0.006587,0.006554,0.006506,39767643
1773021600,2026-03-09 02:00:00,0.006476,0.006597,0.006504,0.006565,47979600
1773025200,2026-03-09 03:00:00,0.006554,0.0067,0.006564,0.006617,34899391
1773028800,2026-03-09 04:00:00,0.006612,0.006709,0.006618,0.006649,17595253
1773032400,2026-03-09 05:00:00,0.006637,0.006818,0.00665,0.006797,34252438
1773036000,2026-03-09 06:00:00,0.00675,0.006815,0.006798,0.006759,28417081
1773039600,2026-03-09 07:00:00,0.006663,0.006768,0.00676,0.006723,18794709
1773043200,2026-03-09 08:00:00,0.00672,0.006796,0.006721,0.006737,21618487
1773046800,2026-03-09 09:00:00,0.006681,0.006792,0.006736,0.006725,32169775
1773050400,2026-03-09 10:00:00,0.006696,0.006738,0.006726,0.006704,15004235
1773054000,2026-03-09 11:00:00,0.006647,0.006743,0.006703,0.006736,11922968
1773057600,2026-03-09 12:00:00,0.006736,0.006812,0.006736,0.006802,17420603
1773061200,2026-03-09 13:00:00,0.006787,0.007004,0.0068,0.006981,64426570
1773064800,2026-03-09 14:00:00,0.006886,0.007022,0.006977,0.006941,93184620
1773068400,2026-03-09 15:00:00,0.006887,0.006996,0.006942,0.00691,42759877
1773072000,2026-03-09 16:00:00,0.006847,0.00694,0.006915,0.006889,27592439
1773075600,2026-03-09 17:00:00,0.006865,0.006943,0.006888,0.006918,24674442
1773079200,2026-03-09 18:00:00,0.006871,0.006986,0.006916,0.006963,29931404
1773082800,2026-03-09 19:00:00,0.006921,0.007188,0.006964,0.007095,40773569
1773086400,2026-03-09 20:00:00,0.00703,0.007167,0.007096,0.007053,39863132
1773090000,2026-03-09 21:00:00,0.006996,0.007136,0.007055,0.007038,16112231
1773093600,2026-03-09 22:00:00,0.006946,0.007045,0.007038,0.006961,18346803
1773097200,2026-03-09 23:00:00,0.00693,0.00699,0.006962,0.00695,14264121
1773100800,2026-03-10 00:00:00,0.006931,0.007076,0.006949,0.007048,31113576
1773104400,2026-03-10 01:00:00,0.00697,0.007086,0.007046,0.007052,15478116
1773108000,2026-03-10 02:00:00,0.007018,0.007199,0.007051,0.007178,39556371
1773111600,2026-03-10 03:00:00,0.007105,0.007256,0.007178,0.007142,30722322
1773115200,2026-03-10 04:00:00,0.007115,0.007198,0.007139,0.007141,28356569
1773118800,2026-03-10 05:00:00,0.007083,0.007192,0.00714,0.007114,12410908
1773122400,2026-03-10 06:00:00,0.00706,0.007127,0.007112,0.007112,11598405
1773126000,2026-03-10 07:00:00,0.007078,0.00715,0.007111,0.007149,28742891
1773129600,2026-03-10 08:00:00,0.007134,0.007216,0.007151,0.007185,17711006
1773133200,2026-03-10 09:00:00,0.007184,0.00732,0.007186,0.007277,39774761
1773136800,2026-03-10 10:00:00,0.007194,0.007294,0.007294,0.007242,13943692
1773140400,2026-03-10 11:00:00,0.007172,0.007243,0.007243,0.007176,9615262
1773144000,2026-03-10 12:00:00,0.007096,0.007183,0.007182,0.007135,9246737
1773147600,2026-03-10 13:00:00,0.007012,0.00721,0.007137,0.007086,32063782
1773151200,2026-03-10 14:00:00,0.007,0.007286,0.007082,0.007286,40616474
1773154800,2026-03-10 15:00:00,0.007144,0.007315,0.007288,0.007232,43751926
1773158400,2026-03-10 16:00:00,0.007174,0.007313,0.007229,0.007276,42882861
1773162000,2026-03-10 17:00:00,0.007098,0.007295,0.007275,0.007131,30663444
1773165600,2026-03-10 18:00:00,0.00698,0.007138,0.00713,0.007005,35366573
1773169200,2026-03-10 19:00:00,0.006943,0.007027,0.007005,0.007,13840169
1773172800,2026-03-10 20:00:00,0.007,0.007036,0.007,0.007027,6538416
1773176400,2026-03-10 21:00:00,0.006918,0.007048,0.007028,0.006951,6145115
1773180000,2026-03-10 22:00:00,0.006925,0.006989,0.006951,0.00694,9854396
1773183600,2026-03-10 23:00:00,0.006937,0.006986,0.006941,0.006977,9054312
1773187200,2026-03-11 00:00:00,0.00693,0.00698,0.006976,0.00697,13992460
1773190800,2026-03-11 01:00:00,0.006947,0.006991,0.006969,0.006991,8099911
1773194400,2026-03-11 02:00:00,0.006897,0.006994,0.006987,0.006967,10718592
1773198000,2026-03-11 03:00:00,0.006919,0.006991,0.006968,0.00695,6561550
1773201600,2026-03-11 04:00:00,0.006926,0.007014,0.006951,0.007014,9367518
1773205200,2026-03-11 05:00:00,0.006899,0.007018,0.007015,0.006917,8380035
1773208800,2026-03-11 06:00:00,0.006912,0.006988,0.006915,0.006958,6360322
1773212400,2026-03-11 07:00:00,0.006908,0.006989,0.00696,0.00694,7363735
1773216000,2026-03-11 08:00:00,0.006915,0.006958,0.006941,0.006943,6784969
1773219600,2026-03-11 09:00:00,0.006905,0.006957,0.00694,0.006916,7134122
1773223200,2026-03-11 10:00:00,0.00691,0.006993,0.006917,0.006961,9071276
1773226800,2026-03-11 11:00:00,0.00694,0.006984,0.00696,0.006957,6869949
1773230400,2026-03-11 12:00:00,0.006936,0.007104,0.006955,0.007045,10427135
1773234000,2026-03-11 13:00:00,0.007032,0.007256,0.007042,0.007118,42452236
1773237600,2026-03-11 14:00:00,0.00711,0.007236,0.007119,0.007174,47196152
1773241200,2026-03-11 15:00:00,0.007044,0.007183,0.007175,0.00713,27192633
1773244800,2026-03-11 16:00:00,0.00711,0.007203,0.007131,0.007168,20410355
1773248400,2026-03-11 17:00:00,0.007104,0.00723,0.007169,0.007143,24145051
1773252000,2026-03-11 18:00:00,0.007134,0.007186,0.00715,0.007181,8500892
1773255600,2026-03-11 19:00:00,0.00713,0.007181,0.007181,0.007135,6915758
1773259200,2026-03-11 20:00:00,0.007114,0.007166,0.007134,0.007164,10161953
1773262800,2026-03-11 21:00:00,0.007146,0.007222,0.007163,0.007208,17185771
1773266400,2026-03-11 22:00:00,0.007125,0.007231,0.00721,0.00717,21532040
1773270000,2026-03-11 23:00:00,0.007102,0.007193,0.00717,0.007119,8232094
1773273600,2026-03-12 00:00:00,0.007086,0.00714,0.00712,0.007133,8784874
1773277200,2026-03-12 01:00:00,0.00706,0.007133,0.007133,0.00708,15938893
1773280800,2026-03-12 02:00:00,0.006984,0.007088,0.00708,0.006998,23104493
1773284400,2026-03-12 03:00:00,0.006975,0.007052,0.006998,0.006985,7175710
1773288000,2026-03-12 04:00:00,0.006987,0.007038,0.006987,0.007003,11553418
1773291600,2026-03-12 05:00:00,0.006964,0.00702,0.007001,0.006976,5228387
1773295200,2026-03-12 06:00:00,0.006952,0.006985,0.006975,0.006972,7925172
1773298800,2026-03-12 07:00:00,0.006956,0.007027,0.006973,0.007017,7055241
1773302400,2026-03-12 08:00:00,0.007005,0.007082,0.007016,0.007045,11056905
1773306000,2026-03-12 09:00:00,0.007004,0.007113,0.007044,0.007054,9367270
1773309600,2026-03-12 10:00:00,0.007039,0.007143,0.007056,0.007113,9323028
1773313200,2026-03-12 11:00:00,0.007062,0.007124,0.007112,0.007069,12521254
1773316800,2026-03-12 12:00:00,0.00705,0.007129,0.007072,0.007111,14783507
1773320400,2026-03-12 13:00:00,0.00702,0.007139,0.007111,0.00706,36263157
1773324000,2026-03-12 14:00:00,0.006915,0.007122,0.007062,0.006984,33493599
1773327600,2026-03-12 15:00:00,0.006971,0.007102,0.006986,0.007044,28039277
1773331200,2026-03-12 16:00:00,0.006994,0.007154,0.007042,0.007118,33089244
1773334800,2026-03-12 17:00:00,0.007069,0.007186,0.007126,0.007132,16411966
1773338400,2026-03-12 18:00:00,0.007107,0.007182,0.007131,0.007148,14776525
1773342000,2026-03-12 19:00:00,0.007135,0.007254,0.007149,0.00723,18544373
1773345600,2026-03-12 20:00:00,0.007139,0.00725,0.007229,0.007142,10176759
1773349200,2026-03-12 21:00:00,0.007142,0.007227,0.007144,0.007225,11342973
1773352800,2026-03-12 22:00:00,0.007162,0.007237,0.007226,0.0072,11275439
1773356400,2026-03-12 23:00:00,0.007202,0.007292,0.007202,0.007218,36971944
1773360000,2026-03-13 00:00:00,0.007194,0.00748,0.007218,0.007362,61075933
1773363600,2026-03-13 01:00:00,0.007361,0.007461,0.007364,0.007458,16019448
1773367200,2026-03-13 02:00:00,0.007347,0.00746,0.00746,0.007383,16814618
1773370800,2026-03-13 03:00:00,0.00736,0.007456,0.007384,0.007416,16030975
1773374400,2026-03-13 04:00:00,0.007379,0.007451,0.007414,0.007408,11689021
1773378000,2026-03-13 05:00:00,0.007362,0.007415,0.007406,0.007381,15004815
1773381600,2026-03-13 06:00:00,0.007342,0.007431,0.007388,0.007385,19627871
1773385200,2026-03-13 07:00:00,0.007373,0.007436,0.007384,0.007394,7776873
1773388800,2026-03-13 08:00:00,0.00736,0.007534,0.007394,0.007464,21062858
1773392400,2026-03-13 09:00:00,0.007468,0.007627,0.007468,0.007596,20891932
1773396000,2026-03-13 10:00:00,0.007585,0.0077,0.007594,0.00766,20513092
1773399600,2026-03-13 11:00:00,0.007664,0.007806,0.007666,0.007736,36594237
1773403200,2026-03-13 12:00:00,0.007675,0.007822,0.007734,0.007766,29190141
1773406800,2026-03-13 13:00:00,0.007747,0.007889,0.00777,0.007804,39117554
1773410400,2026-03-13 14:00:00,0.007539,0.007841,0.007806,0.007592,59620930
1773414000,2026-03-13 15:00:00,0.007496,0.00767,0.007594,0.007517,46445058
1773417600,2026-03-13 16:00:00,0.007459,0.007554,0.007523,0.007488,28218439
1773421200,2026-03-13 17:00:00,0.007336,0.007516,0.007489,0.007377,29999215
1773424800,2026-03-13 18:00:00,0.00734,0.007407,0.007376,0.007373,14968404
1773428400,2026-03-13 19:00:00,0.007342,0.007391,0.007372,0.007384,10227439
1773432000,2026-03-13 20:00:00,0.00737,0.007414,0.007382,0.007414,8359144
1773435600,2026-03-13 21:00:00,0.007322,0.00745,0.007416,0.007345,16654774
1773439200,2026-03-13 22:00:00,0.007219,0.007349,0.007346,0.00724,13112554
1773442800,2026-03-13 23:00:00,0.007235,0.007277,0.007242,0.007275,5679168
1773446400,2026-03-14 00:00:00,0.007239,0.007321,0.007274,0.007267,8245650
1773450000,2026-03-14 01:00:00,0.007262,0.007374,0.007267,0.007347,10115034
1773453600,2026-03-14 02:00:00,0.007313,0.00738,0.007348,0.00736,9289880
1773457200,2026-03-14 03:00:00,0.007349,0.007396,0.007366,0.007375,9416671
1773460800,2026-03-14 04:00:00,0.007335,0.00743,0.007376,0.007336,9930951
1773464400,2026-03-14 05:00:00,0.007294,0.007343,0.00734,0.007306,5478523
1773468000,2026-03-14 06:00:00,0.007171,0.007305,0.007305,0.00722,16832072
1773471600,2026-03-14 07:00:00,0.007167,0.007227,0.007221,0.007174,4845809
1773475200,2026-03-14 08:00:00,0.007145,0.007183,0.007172,0.007163,4062265
1773478800,2026-03-14 09:00:00,0.00714,0.00718,0.007163,0.007166,8039963
1773482400,2026-03-14 10:00:00,0.007124,0.007174,0.007166,0.00715,5596740
1773486000,2026-03-14 11:00:00,0.007147,0.007221,0.007149,0.007209,10480337
1773489600,2026-03-14 12:00:00,0.007182,0.007222,0.00721,0.007213,5352195
1773493200,2026-03-14 13:00:00,0.007203,0.007295,0.00721,0.007253,7676892
1773496800,2026-03-14 14:00:00,0.007219,0.007319,0.007254,0.007221,10459431
1773500400,2026-03-14 15:00:00,0.00719,0.007232,0.00722,0.007226,5160531
1773504000,2026-03-14 16:00:00,0.007216,0.007273,0.007225,0.007262,3672022
1773507600,2026-03-14 17:00:00,0.007214,0.007271,0.00726,0.007214,6531603
1773511200,2026-03-14 18:00:00,0.0072,0.007221,0.007212,0.007208,2117093
1773514800,2026-03-14 19:00:00,0.007183,0.007212,0.007207,0.007192,2660854
1773518400,2026-03-14 20:00:00,0.007173,0.0072,0.007188,0.007187,3232911
1773522000,2026-03-14 21:00:00,0.007164,0.007208,0.007184,0.007199,3737425
1773525600,2026-03-14 22:00:00,0.007188,0.007227,0.007199,0.007208,5319809
1773529200,2026-03-14 23:00:00,0.007209,0.007299,0.007209,0.007286,8319320
1773532800,2026-03-15 00:00:00,0.007233,0.007287,0.007287,0.007241,9207958
1773536400,2026-03-15 01:00:00,0.007226,0.007296,0.007242,0.007296,9389300
1773540000,2026-03-15 02:00:00,0.007298,0.007406,0.007298,0.007353,13533351
1773543600,2026-03-15 03:00:00,0.007292,0.007368,0.007357,0.007318,6874388
1773547200,2026-03-15 04:00:00,0.007258,0.007347,0.007321,0.007293,6621879
1773550800,2026-03-15 05:00:00,0.00727,0.007347,0.007291,0.00727,11927484
1773554400,2026-03-15 06:00:00,0.007244,0.007276,0.007272,0.007261,5897038
1773558000,2026-03-15 07:00:00,0.007254,0.007304,0.007262,0.007293,4132676
1773561600,2026-03-15 08:00:00,0.007294,0.007346,0.007294,0.00733,6012535
1773565200,2026-03-15 09:00:00,0.007292,0.007368,0.007332,0.00731,7914332
1773568800,2026-03-15 10:00:00,0.007307,0.007364,0.00731,0.007324,5036569
1773572400,2026-03-15 11:00:00,0.007326,0.007364,0.007326,0.007361,4872178
1773576000,2026-03-15 12:00:00,0.007342,0.007383,0.007362,0.007364,5790980
1773579600,2026-03-15 13:00:00,0.007246,0.007371,0.007365,0.007298,19069372
1773583200,2026-03-15 14:00:00,0.007293,0.007349,0.007299,0.007325,18732281
1773586800,2026-03-15 15:00:00,0.007278,0.007327,0.007323,0.007281,6432474
1773590400,2026-03-15 16:00:00,0.007255,0.00731,0.007279,0.00727,13883322
1773594000,2026-03-15 17:00:00,0.007271,0.007394,0.007271,0.007382,10838610
1773597600,2026-03-15 18:00:00,0.007286,0.007376,0.007376,0.00731,11856820
1773601200,2026-03-15 19:00:00,0.0073,0.007361,0.007306,0.007348,10856443
1773604800,2026-03-15 20:00:00,0.007323,0.007413,0.007347,0.007349,13259811
1773608400,2026-03-15 21:00:00,0.00732,0.007431,0.007351,0.007414,19505756
1773612000,2026-03-15 22:00:00,0.007336,0.007519,0.007411,0.007497,42179510
1773615600,2026-03-15 23:00:00,0.007387,0.007526,0.0075,0.007494,28117634
1773619200,2026-03-16 00:00:00,0.007424,0.007515,0.007496,0.00749,18348579
1773622800,2026-03-16 01:00:00,0.007438,0.007534,0.007492,0.007498,14732039
1773626400,2026-03-16 02:00:00,0.007451,0.007526,0.007496,0.007494,31392045
1773630000,2026-03-16 03:00:00,0.007485,0.007722,0.007493,0.007643,50302883
1773633600,2026-03-16 04:00:00,0.007632,0.00775,0.00765,0.007726,58089409
1773637200,2026-03-16 05:00:00,0.00771,0.0079,0.007728,0.007886,52412006
1773640800,2026-03-16 06:00:00,0.007787,0.007942,0.007886,0.007928,32832716
1773644400,2026-03-16 07:00:00,0.007927,0.008114,0.00793,0.008076,45573073
1773648000,2026-03-16 08:00:00,0.00796,0.008188,0.008073,0.007977,39253385
1773651600,2026-03-16 09:00:00,0.007958,0.008128,0.007974,0.008086,17519230
1773655200,2026-03-16 10:00:00,0.007891,0.008134,0.008084,0.007928,21496630
1773658800,2026-03-16 11:00:00,0.007856,0.007946,0.00793,0.007923,16730383
1773662400,2026-03-16 12:00:00,0.007879,0.00799,0.007923,0.007982,33074046
1773666000,2026-03-16 13:00:00,0.007868,0.00804,0.007986,0.007914,35914604
1773669600,2026-03-16 14:00:00,0.007788,0.007989,0.007916,0.007916,56925376
1773673200,2026-03-16 15:00:00,0.007792,0.007931,0.007914,0.007811,29488052
1773676800,2026-03-16 16:00:00,0.007706,0.007862,0.00781,0.007822,124001390
1773680400,2026-03-16 17:00:00,0.007808,0.007881,0.007824,0.007842,28332476
1773684000,2026-03-16 18:00:00,0.007813,0.007905,0.007843,0.007848,28309643
1773687600,2026-03-16 19:00:00,0.00782,0.007934,0.00785,0.007884,32087698
1773691200,2026-03-16 20:00:00,0.007859,0.007953,0.00788,0.007926,16918374
1773694800,2026-03-16 21:00:00,0.007882,0.008,0.007922,0.007939,30184317
1773698400,2026-03-16 22:00:00,0.007943,0.008058,0.007943,0.008004,29447170
1773702000,2026-03-16 23:00:00,0.007918,0.008047,0.008004,0.007986,30906894
1773705600,2026-03-17 00:00:00,0.007938,0.00806,0.007984,0.00805,25863478
1773709200,2026-03-17 01:00:00,0.008,0.008149,0.008051,0.0081,63364521
1773712800,2026-03-17 02:00:00,0.008006,0.008124,0.008099,0.008028,20810441
1773716400,2026-03-17 03:00:00,0.007832,0.008069,0.00803,0.00787,35301456
1773720000,2026-03-17 04:00:00,0.007668,0.007908,0.007872,0.007762,42611969
1773723600,2026-03-17 05:00:00,0.00775,0.00788,0.007758,0.007826,31391790
1773727200,2026-03-17 06:00:00,0.007806,0.007944,0.007828,0.007822,34006451
1773730800,2026-03-17 07:00:00,0.007824,0.007918,0.007824,0.007868,16090080
1773734400,2026-03-17 08:00:00,0.007834,0.007894,0.00787,0.007848,20813315
1773738000,2026-03-17 09:00:00,0.007798,0.007879,0.007846,0.007837,19306432
1773741600,2026-03-17 10:00:00,0.00778,0.007837,0.007837,0.007808,18649293
1773745200,2026-03-17 11:00:00,0.007782,0.007873,0.007808,0.007795,18686623
1773748800,2026-03-17 12:00:00,0.00762,0.007807,0.007794,0.007643,41239120
1773752400,2026-03-17 13:00:00,0.007645,0.007766,0.007646,0.007682,43460375
1773756000,2026-03-17 14:00:00,0.00764,0.007757,0.00768,0.007717,32801477
1773759600,2026-03-17 15:00:00,0.007654,0.007778,0.007716,0.007726,27551911
1773763200,2026-03-17 16:00:00,0.007715,0.007795,0.007729,0.007776,28647726
1773766800,2026-03-17 17:00:00,0.007744,0.007813,0.007778,0.007813,19317986
1773770400,2026-03-17 18:00:00,0.007797,0.007882,0.00781,0.007871,15709073
1773774000,2026-03-17 19:00:00,0.00778,0.007883,0.007872,0.007781,10022670
1773777600,2026-03-17 20:00:00,0.007764,0.007857,0.007785,0.007851,12675983
1773781200,2026-03-17 21:00:00,0.007836,0.007969,0.00785,0.007941,17635350
1773784800,2026-03-17 22:00:00,0.00785,0.008016,0.007944,0.007946,22639444
1773788400,2026-03-17 23:00:00,0.007831,0.00795,0.007943,0.00784,16236231
1773792000,2026-03-18 00:00:00,0.0077,0.00787,0.007842,0.007816,28049092
1773795600,2026-03-18 01:00:00,0.007792,0.007904,0.007812,0.007855,20086165
1773799200,2026-03-18 02:00:00,0.007855,0.008075,0.007855,0.008033,59470772
1773802800,2026-03-18 03:00:00,0.008008,0.008199,0.008033,0.00809,38111721
1773806400,2026-03-18 04:00:00,0.007972,0.0081,0.008092,0.008035,36034971
1773810000,2026-03-18 05:00:00,0.007974,0.0083,0.008036,0.007996,90847545
1773813600,2026-03-18 06:00:00,0.007945,0.008055,0.007998,0.007949,22699535
1773817200,2026-03-18 07:00:00,0.007863,0.007964,0.007944,0.007964,20287131
1773820800,2026-03-18 08:00:00,0.007928,0.008012,0.007966,0.00794,17604468
1773824400,2026-03-18 09:00:00,0.007923,0.007991,0.007942,0.007981,18474811
1773828000,2026-03-18 10:00:00,0.00786,0.00799,0.007977,0.007922,16224444
1773831600,2026-03-18 11:00:00,0.007655,0.007919,0.007919,0.007684,37026816
1773835200,2026-03-18 12:00:00,0.007474,0.00769,0.007682,0.0075,63668415
1773838800,2026-03-18 13:00:00,0.007422,0.007559,0.007502,0.007487,50387568
1773842400,2026-03-18 14:00:00,0.007313,0.007503,0.007487,0.007324,58853390
1773846000,2026-03-18 15:00:00,0.007271,0.007418,0.007322,0.007381,38147229
1773849600,2026-03-18 16:00:00,0.007286,0.007384,0.00738,0.007334,25280972
1773853200,2026-03-18 17:00:00,0.007308,0.007458,0.007332,0.007426,28897791
1773856800,2026-03-18 18:00:00,0.007402,0.007561,0.007431,0.007423,45575869
1773860400,2026-03-18 19:00:00,0.007371,0.007493,0.007416,0.007382,20472594
1773864000,2026-03-18 20:00:00,0.007322,0.007462,0.00738,0.007441,29590657
1773867600,2026-03-18 21:00:00,0.007433,0.007561,0.007441,0.007526,28799711
1773871200,2026-03-18 22:00:00,0.007451,0.007524,0.007524,0.007489,27118499
1773874800,2026-03-18 23:00:00,0.007438,0.007523,0.007488,0.007477,18256307
1773878400,2026-03-19 00:00:00,0.007403,0.007507,0.007478,0.007422,29060840
1773882000,2026-03-19 01:00:00,0.007386,0.007429,0.007426,0.007386,11049542
1773885600,2026-03-19 02:00:00,0.007352,0.007408,0.007385,0.007388,8713237
1773889200,2026-03-19 03:00:00,0.00737,0.007502,0.007386,0.00741,25113743
1773892800,2026-03-19 04:00:00,0.007352,0.007417,0.007409,0.007353,12521974
1773896400,2026-03-19 05:00:00,0.007303,0.007376,0.007356,0.007317,9988319
1773900000,2026-03-19 06:00:00,0.007257,0.007329,0.007318,0.007297,19062938
1773903600,2026-03-19 07:00:00,0.007161,0.007298,0.007298,0.007194,36874516
1773907200,2026-03-19 08:00:00,0.007166,0.007235,0.007193,0.007194,13566541
1773910800,2026-03-19 09:00:00,0.007186,0.007259,0.007195,0.007242,14394081
1773914400,2026-03-19 10:00:00,0.007196,0.007251,0.007245,0.007196,6545403
1773918000,2026-03-19 11:00:00,0.007173,0.007214,0.007197,0.007173,16634886
1773921600,2026-03-19 12:00:00,0.006994,0.007182,0.007176,0.007003,65697123
1773925200,2026-03-19 13:00:00,0.00698,0.007114,0.00701,0.007072,31505898
1773928800,2026-03-19 14:00:00,0.006949,0.007096,0.007074,0.00703,68150355
1773932400,2026-03-19 15:00:00,0.006959,0.007054,0.007029,0.007002,35595072
1773936000,2026-03-19 16:00:00,0.006948,0.007014,0.007001,0.006958,20769065
1773939600,2026-03-19 17:00:00,0.00692,0.007041,0.006961,0.007015,23261428
1773943200,2026-03-19 18:00:00,0.006987,0.007014,0.007013,0.007007,15592918
1773946800,2026-03-19 19:00:00,0.007007,0.007136,0.007007,0.007062,43832855
1773950400,2026-03-19 20:00:00,0.007057,0.007129,0.007063,0.007106,15531950
1773954000,2026-03-19 21:00:00,0.007105,0.007152,0.007105,0.007115,11821090
1773957600,2026-03-19 22:00:00,0.00707,0.007133,0.007114,0.007106,11426451
1773961200,2026-03-19 23:00:00,0.007074,0.007131,0.007107,0.007104,13799926
1773964800,2026-03-20 00:00:00,0.007098,0.007168,0.007103,0.00716,13547484
1773968400,2026-03-20 01:00:00,0.007162,0.007259,0.007162,0.007232,24256571
1773972000,2026-03-20 02:00:00,0.007152,0.007238,0.007231,0.0072,13126371
1773975600,2026-03-20 03:00:00,0.007196,0.007276,0.007199,0.007245,18718523
1773979200,2026-03-20 04:00:00,0.007231,0.007312,0.007246,0.007304,9743422
1773982800,2026-03-20 05:00:00,0.007299,0.00739,0.007303,0.007365,20824152
1773986400,2026-03-20 06:00:00,0.007272,0.007372,0.007366,0.007272,24829916
1773990000,2026-03-20 07:00:00,0.007203,0.007288,0.007271,0.007286,14671491
1773993600,2026-03-20 08:00:00,0.007271,0.007368,0.007287,0.00729,20086984
1773997200,2026-03-20 09:00:00,0.007223,0.007302,0.007289,0.007285,13309518
1774000800,2026-03-20 10:00:00,0.007228,0.007305,0.007286,0.007284,11806778
1774004400,2026-03-20 11:00:00,0.007225,0.007344,0.007284,0.00726,18816899
1774008000,2026-03-20 12:00:00,0.007205,0.007278,0.007262,0.007215,12725839
1774011600,2026-03-20 13:00:00,0.007175,0.007278,0.007212,0.007186,24703356
1774015200,2026-03-20 14:00:00,0.007157,0.007279,0.007185,0.007206,26472030
1774018800,2026-03-20 15:00:00,0.007176,0.007255,0.007222,0.007233,16869196
1774022400,2026-03-20 16:00:00,0.007187,0.007252,0.007234,0.007244,14440587
1774026000,2026-03-20 17:00:00,0.00716,0.007267,0.007245,0.007218,36040921
1774029600,2026-03-20 18:00:00,0.007096,0.007224,0.007219,0.00712,29562333
1774033200,2026-03-20 19:00:00,0.006961,0.007115,0.007115,0.007095,43856102
1774036800,2026-03-20 20:00:00,0.007031,0.007104,0.007092,0.007088,14688536
1774040400,2026-03-20 21:00:00,0.007062,0.007172,0.007088,0.007139,16859312
1774044000,2026-03-20 22:00:00,0.007139,0.007204,0.007139,0.007159,17973878
1774047600,2026-03-20 23:00:00,0.007108,0.007162,0.007161,0.007139,5811443
1774051200,2026-03-21 00:00:00,0.007125,0.007164,0.007138,0.007162,8738407
1774054800,2026-03-21 01:00:00,0.007119,0.007198,0.007163,0.007119,12298670
1774058400,2026-03-21 02:00:00,0.007114,0.00717,0.007118,0.007152,9324091
1774062000,2026-03-21 03:00:00,0.00711,0.007152,0.007151,0.007123,12950794
1774065600,2026-03-21 04:00:00,0.0071,0.00715,0.007124,0.007118,7077358
1774069200,2026-03-21 05:00:00,0.00712,0.007177,0.00712,0.007129,6168735
1774072800,2026-03-21 06:00:00,0.007118,0.007145,0.007128,0.007122,8151956
1774076400,2026-03-21 07:00:00,0.007077,0.007133,0.007124,0.007091,5243209
1774080000,2026-03-21 08:00:00,0.007088,0.007118,0.007092,0.007107,2882258
1774083600,2026-03-21 09:00:00,0.007087,0.007133,0.007109,0.007089,6064637
1774087200,2026-03-21 10:00:00,0.007039,0.007088,0.007088,0.007054,3441860
1774090800,2026-03-21 11:00:00,0.007033,0.007065,0.007053,0.007055,3873268
1774094400,2026-03-21 12:00:00,0.007025,0.007058,0.007053,0.007036,4194581
1774098000,2026-03-21 13:00:00,0.007007,0.007044,0.007038,0.007028,5474981
1774101600,2026-03-21 14:00:00,0.007021,0.007084,0.007023,0.007026,11540147
1774105200,2026-03-21 15:00:00,0.007027,0.00712,0.007029,0.00712,12932245
1774108800,2026-03-21 16:00:00,0.007055,0.00713,0.007121,0.007072,11878699
1774112400,2026-03-21 17:00:00,0.007055,0.007074,0.007069,0.007064,5167015
1774116000,2026-03-21 18:00:00,0.007056,0.007082,0.007065,0.007064,3317099
1774119600,2026-03-21 19:00:00,0.007053,0.007082,0.007066,0.007055,4783577
1774123200,2026-03-21 20:00:00,0.007057,0.007149,0.007057,0.007132,10726013
1774126800,2026-03-21 21:00:00,0.007086,0.007148,0.007133,0.007086,13369005
1774130400,2026-03-21 22:00:00,0.007068,0.0071,0.007085,0.00707,6799463
1774134000,2026-03-21 23:00:00,0.006747,0.00707,0.00707,0.006813,55782274
1774137600,2026-03-22 00:00:00,0.006704,0.00688,0.006812,0.006827,56039058
1774141200,2026-03-22 01:00:00,0.006787,0.006862,0.006829,0.006835,27522712
1774144800,2026-03-22 02:00:00,0.006801,0.006898,0.006833,0.006877,32037039
1774148400,2026-03-22 03:00:00,0.006841,0.006953,0.006876,0.006867,30791908
1774152000,2026-03-22 04:00:00,0.006852,0.006915,0.006867,0.006897,20883875
1774155600,2026-03-22 05:00:00,0.006853,0.006894,0.006894,0.006853,20415634
1774159200,2026-03-22 06:00:00,0.006807,0.006853,0.006853,0.006833,14573066
1774162800,2026-03-22 07:00:00,0.006803,0.006849,0.006836,0.006803,14430723
1774166400,2026-03-22 08:00:00,0.006736,0.006806,0.006802,0.006798,16488162
1774170000,2026-03-22 09:00:00,0.006768,0.006817,0.006796,0.006783,11351591
1774173600,2026-03-22 10:00:00,0.006743,0.006787,0.006782,0.006748,7422337
1774177200,2026-03-22 11:00:00,0.006731,0.006763,0.006749,0.006738,11497393
1774180800,2026-03-22 12:00:00,0.006739,0.006829,0.006739,0.006796,11727154
1774184400,2026-03-22 13:00:00,0.006775,0.006838,0.006794,0.006796,14436681
1774188000,2026-03-22 14:00:00,0.006768,0.006824,0.006799,0.00678,9494639
1774191600,2026-03-22 15:00:00,0.00678,0.006816,0.006781,0.006804,15501572
1774195200,2026-03-22 16:00:00,0.006788,0.006823,0.006805,0.006807,13023524
1774198800,2026-03-22 17:00:00,0.006775,0.006814,0.006806,0.006775,17248542
1774202400,2026-03-22 18:00:00,0.006718,0.006806,0.006774,0.006763,21303596
1774206000,2026-03-22 19:00:00,0.006689,0.006762,0.006762,0.006729,17408744
1774209600,2026-03-22 20:00:00,0.006694,0.006755,0.00673,0.006706,21699991
1774213200,2026-03-22 21:00:00,0.006592,0.006714,0.006707,0.006665,36428794
1774216800,2026-03-22 22:00:00,0.00661,0.006736,0.006665,0.006708,43272813
1774220400,2026-03-22 23:00:00,0.006674,0.006749,0.006707,0.006686,19461339
1774224000,2026-03-23 00:00:00,0.006661,0.00674,0.006687,0.006716,23557203
1774227600,2026-03-23 01:00:00,0.006705,0.006789,0.006715,0.006747,18725585
1774231200,2026-03-23 02:00:00,0.006748,0.006839,0.006748,0.006827,15138869
1774234800,2026-03-23 03:00:00,0.0068,0.006883,0.006828,0.006802,33097100
1774238400,2026-03-23 04:00:00,0.006799,0.006891,0.0068,0.006885,32125686
1774242000,2026-03-23 05:00:00,0.006872,0.006911,0.006886,0.00689,12165483
1774245600,2026-03-23 06:00:00,0.006754,0.006889,0.006889,0.006784,19474771
1774249200,2026-03-23 07:00:00,0.006693,0.006783,0.006783,0.006727,25089644
1774252800,2026-03-23 08:00:00,0.006664,0.006752,0.006728,0.006674,15306358
1774256400,2026-03-23 09:00:00,0.006626,0.006701,0.006673,0.006689,15357234
1774260000,2026-03-23 10:00:00,0.006667,0.006748,0.006691,0.006698,13898366
1774263600,2026-03-23 11:00:00,0.0067,0.007184,0.006701,0.00696,112343409
1774267200,2026-03-23 12:00:00,0.006883,0.007056,0.006962,0.007053,51669462
1774270800,2026-03-23 13:00:00,0.007002,0.007126,0.007054,0.007114,36601872
1774274400,2026-03-23 14:00:00,0.007085,0.007164,0.007115,0.007147,27829765
1774278000,2026-03-23 15:00:00,0.006986,0.007206,0.007146,0.007005,32812918
1774281600,2026-03-23 16:00:00,0.006928,0.007038,0.007006,0.007028,26656612
1774285200,2026-03-23 17:00:00,0.006971,0.007099,0.007029,0.00708,25862436
1774288800,2026-03-23 18:00:00,0.007048,0.007141,0.007081,0.007103,53558034
1774292400,2026-03-23 19:00:00,0.007017,0.007135,0.007107,0.007027,13462706
1774296000,2026-03-23 20:00:00,0.006992,0.007091,0.007025,0.007079,13881372
1774299600,2026-03-23 21:00:00,0.00703,0.007087,0.007077,0.007038,14686356
1774303200,2026-03-23 22:00:00,0.006952,0.007037,0.007037,0.006978,26038057
1774306800,2026-03-23 23:00:00,0.006939,0.007023,0.006977,0.00701,16184076
1774310400,2026-03-24 00:00:00,0.006922,0.007042,0.007011,0.006966,24645947
1774314000,2026-03-24 01:00:00,0.006872,0.006969,0.006969,0.006903,30873364
1774317600,2026-03-24 02:00:00,0.006892,0.006971,0.006901,0.006917,14455328
1774321200,2026-03-24 03:00:00,0.006904,0.006974,0.006918,0.006955,16086934
1774324800,2026-03-24 04:00:00,0.006898,0.006979,0.00696,0.006917,13890069
1774328400,2026-03-24 05:00:00,0.006883,0.006956,0.006918,0.006934,17450034
1774332000,2026-03-24 06:00:00,0.006921,0.006955,0.006933,0.006942,10397009
1774335600,2026-03-24 07:00:00,0.006941,0.007081,0.006942,0.007059,21160322
1774339200,2026-03-24 08:00:00,0.007022,0.007081,0.007063,0.007032,16108379
1774342800,2026-03-24 09:00:00,0.006979,0.007033,0.007031,0.007013,10852976
1774346400,2026-03-24 10:00:00,0.006983,0.007012,0.007012,0.006994,11004037
1774350000,2026-03-24 11:00:00,0.006925,0.007012,0.006998,0.006996,9812383
1774353600,2026-03-24 12:00:00,0.006934,0.006998,0.006997,0.006986,16233161
1774357200,2026-03-24 13:00:00,0.006896,0.007004,0.006985,0.006918,27707357
1774360800,2026-03-24 14:00:00,0.00685,0.006961,0.006919,0.00694,45715907
1774364400,2026-03-24 15:00:00,0.006933,0.007004,0.006942,0.006933,20794986
1774368000,2026-03-24 16:00:00,0.006876,0.006941,0.006934,0.006898,14731122
1774371600,2026-03-24 17:00:00,0.006824,0.006902,0.0069,0.006865,23089432
1774375200,2026-03-24 18:00:00,0.006857,0.006946,0.006866,0.006902,15330728
1774378800,2026-03-24 19:00:00,0.006903,0.006972,0.006903,0.006933,13165259
1774382400,2026-03-24 20:00:00,0.006934,0.007102,0.006934,0.007071,25190144
1774386000,2026-03-24 21:00:00,0.006991,0.007075,0.007072,0.007059,25323535
1774389600,2026-03-24 22:00:00,0.007022,0.0071,0.007058,0.007058,29835312
1774393200,2026-03-24 23:00:00,0.007052,0.007103,0.00706,0.007103,12234527
1774396800,2026-03-25 00:00:00,0.007062,0.007158,0.007104,0.007116,17863534
1774400400,2026-03-25 01:00:00,0.007104,0.007154,0.007116,0.007132,15793178
1774404000,2026-03-25 02:00:00,0.007097,0.007159,0.007134,0.007098,17758292
1774407600,2026-03-25 03:00:00,0.007067,0.007194,0.007102,0.007168,8038556
1774411200,2026-03-25 04:00:00,0.007167,0.007239,0.007172,0.007234,15846111
1774414800,2026-03-25 05:00:00,0.007227,0.007323,0.007234,0.007289,33503218
1774418400,2026-03-25 06:00:00,0.007273,0.007406,0.007287,0.007334,22795874
1774422000,2026-03-25 07:00:00,0.007311,0.007439,0.007334,0.007358,42377184
1774425600,2026-03-25 08:00:00,0.00735,0.007421,0.007359,0.00737,23097959
1774429200,2026-03-25 09:00:00,0.007316,0.007371,0.007371,0.007324,9522389
1774432800,2026-03-25 10:00:00,0.007325,0.007368,0.007325,0.007356,8750677
1774436400,2026-03-25 11:00:00,0.007344,0.007498,0.007355,0.007444,24084778
1774440000,2026-03-25 12:00:00,0.007324,0.00749,0.007448,0.007432,39932745
1774443600,2026-03-25 13:00:00,0.007409,0.00751,0.00744,0.007439,30412657
1774447200,2026-03-25 14:00:00,0.007337,0.007439,0.007439,0.007363,29180739
1774450800,2026-03-25 15:00:00,0.007224,0.007365,0.007359,0.007274,53541677
1774454400,2026-03-25 16:00:00,0.00725,0.007358,0.007272,0.007328,33648138
1774458000,2026-03-25 17:00:00,0.00729,0.007357,0.007329,0.007306,23680306
1774461600,2026-03-25 18:00:00,0.00729,0.007375,0.00731,0.007308,18178769
1774465200,2026-03-25 19:00:00,0.007287,0.007356,0.007309,0.007334,16731345
1774468800,2026-03-25 20:00:00,0.00727,0.007338,0.007336,0.007319,11664105
1774472400,2026-03-25 21:00:00,0.007281,0.007326,0.007316,0.0073,8639197
1774476000,2026-03-25 22:00:00,0.007283,0.007367,0.007301,0.007326,20380629
1774479600,2026-03-25 23:00:00,0.007293,0.007339,0.007323,0.007328,7104831
1774483200,2026-03-26 00:00:00,0.00728,0.007346,0.007328,0.00731,11291398
1774486800,2026-03-26 01:00:00,0.007275,0.007324,0.007311,0.007288,10458953
1774490400,2026-03-26 02:00:00,0.007218,0.007288,0.007287,0.007251,12850540
1774494000,2026-03-26 03:00:00,0.00716,0.00725,0.00725,0.007179,9215627
1774497600,2026-03-26 04:00:00,0.007148,0.007187,0.00718,0.007154,11946150
1774501200,2026-03-26 05:00:00,0.007053,0.00716,0.007154,0.00706,10930449
1774504800,2026-03-26 06:00:00,0.007022,0.007075,0.007059,0.007037,10009587
1774508400,2026-03-26 07:00:00,0.00701,0.007055,0.007034,0.007039,9720715
1774512000,2026-03-26 08:00:00,0.007,0.00705,0.007039,0.007012,8486450
1774515600,2026-03-26 09:00:00,0.006891,0.007043,0.007011,0.006912,20817849
1774519200,2026-03-26 10:00:00,0.006893,0.006929,0.006911,0.006904,8694128
1774522800,2026-03-26 11:00:00,0.00687,0.006926,0.006903,0.006877,15048118
1774526400,2026-03-26 12:00:00,0.006862,0.006931,0.006876,0.006931,11749986
1774530000,2026-03-26 13:00:00,0.006924,0.007032,0.006926,0.007012,30350159
1774533600,2026-03-26 14:00:00,0.006946,0.007021,0.007006,0.006971,16804588
1774537200,2026-03-26 15:00:00,0.00688,0.006971,0.006971,0.006887,16766801
1774540800,2026-03-26 16:00:00,0.00686,0.006899,0.006886,0.006872,11089394
1774544400,2026-03-26 17:00:00,0.00681,0.006909,0.006872,0.006822,15257261
1774548000,2026-03-26 18:00:00,0.00678,0.006831,0.006819,0.006804,11089072
1774551600,2026-03-26 19:00:00,0.006759,0.006807,0.006806,0.006774,7355315
1774555200,2026-03-26 20:00:00,0.006752,0.00693,0.006773,0.006835,36101864
1774558800,2026-03-26 21:00:00,0.006819,0.006906,0.006839,0.006872,16900365
1774562400,2026-03-26 22:00:00,0.006822,0.006884,0.006871,0.006852,13657960
1774566000,2026-03-26 23:00:00,0.006818,0.006866,0.006853,0.006836,14624440
1774569600,2026-03-27 00:00:00,0.00682,0.00686,0.006835,0.00686,7903392
1774573200,2026-03-27 01:00:00,0.006842,0.006912,0.006861,0.006907,9132933
1774576800,2026-03-27 02:00:00,0.006871,0.006914,0.006908,0.006876,7056032
1774580400,2026-03-27 03:00:00,0.006833,0.006874,0.006874,0.00684,6041688
1774584000,2026-03-27 04:00:00,0.006785,0.006842,0.006837,0.006832,37333958
1774587600,2026-03-27 05:00:00,0.006822,0.006884,0.00683,0.006829,8323218
1774591200,2026-03-27 06:00:00,0.006818,0.006855,0.006832,0.006818,7703751
1774594800,2026-03-27 07:00:00,0.006813,0.00688,0.006819,0.00688,8437851
1774598400,2026-03-27 08:00:00,0.006754,0.006898,0.006881,0.0068,15731288
1774602000,2026-03-27 09:00:00,0.006701,0.006799,0.006799,0.006717,21042485
1774605600,2026-03-27 10:00:00,0.006544,0.006735,0.006716,0.006573,28165499
1774609200,2026-03-27 11:00:00,0.006536,0.006603,0.006571,0.006572,21220540
1774612800,2026-03-27 12:00:00,0.006536,0.00658,0.006571,0.006578,11325486
1774616400,2026-03-27 13:00:00,0.006528,0.006607,0.00658,0.006549,20452971
1774620000,2026-03-27 14:00:00,0.006488,0.006589,0.006546,0.00653,34565950
1774623600,2026-03-27 15:00:00,0.006506,0.006599,0.006534,0.006539,22746320
1774627200,2026-03-27 16:00:00,0.006515,0.006565,0.006533,0.006533,14957453
1774630800,2026-03-27 17:00:00,0.006508,0.006579,0.006523,0.00652,10210200
1774634400,2026-03-27 18:00:00,0.006478,0.006531,0.006521,0.006497,11255541
1774638000,2026-03-27 19:00:00,0.006467,0.006537,0.006488,0.006526,9755950
1774641600,2026-03-27 20:00:00,0.006492,0.006538,0.006524,0.00652,7597497
1774645200,2026-03-27 21:00:00,0.006495,0.006561,0.006524,0.006506,8750948
1774648800,2026-03-27 22:00:00,0.006472,0.006512,0.006507,0.006489,6168304
1774652400,2026-03-27 23:00:00,0.006466,0.0065,0.006488,0.006492,8701125
1774656000,2026-03-28 00:00:00,0.00648,0.006512,0.006494,0.006495,5339522
1774659600,2026-03-28 01:00:00,0.00641,0.006494,0.006494,0.006461,13053356
1774663200,2026-03-28 02:00:00,0.006428,0.006486,0.006465,0.006431,4550904
1774666800,2026-03-28 03:00:00,0.006412,0.006437,0.006434,0.006413,6608802
1774670400,2026-03-28 04:00:00,0.006373,0.006413,0.006411,0.006403,13668028
1774674000,2026-03-28 05:00:00,0.006381,0.006406,0.006401,0.006396,5140099
1774677600,2026-03-28 06:00:00,0.006385,0.006432,0.0064,0.006396,6976087
1774681200,2026-03-28 07:00:00,0.006405,0.006447,0.006405,0.006447,2532571
1774684800,2026-03-28 08:00:00,0.006432,0.006478,0.006441,0.006438,4436412
1774688400,2026-03-28 09:00:00,0.006425,0.006476,0.006434,0.006472,3298120
1774692000,2026-03-28 10:00:00,0.006439,0.006517,0.006466,0.00644,6825076
1774695600,2026-03-28 11:00:00,0.006429,0.006469,0.006438,0.006465,3500209
1774699200,2026-03-28 12:00:00,0.006444,0.006506,0.006465,0.006473,6396413
1774702800,2026-03-28 13:00:00,0.006474,0.006621,0.006474,0.006574,17502381
1774706400,2026-03-28 14:00:00,0.006523,0.006587,0.00657,0.006558,12249281
1774710000,2026-03-28 15:00:00,0.006536,0.006649,0.00656,0.006594,24535816
1774713600,2026-03-28 16:00:00,0.006558,0.006595,0.006591,0.006563,13694044
1774717200,2026-03-28 17:00:00,0.006516,0.006586,0.006572,0.00653,4679551
1774720800,2026-03-28 18:00:00,0.006523,0.006551,0.006532,0.006523,6296132
1774724400,2026-03-28 19:00:00,0.0065,0.006537,0.006524,0.006523,5169443
1774728000,2026-03-28 20:00:00,0.006511,0.006545,0.006526,0.006512,3572606
1774731600,2026-03-28 21:00:00,0.006431,0.006515,0.006511,0.006431,6077196
1774735200,2026-03-28 22:00:00,0.006429,0.006473,0.006437,0.006451,9083891
1774738800,2026-03-28 23:00:00,0.006345,0.006447,0.006446,0.006373,15048117
1774742400,2026-03-29 00:00:00,0.006319,0.006383,0.006376,0.006345,7692645
1774746000,2026-03-29 01:00:00,0.006348,0.006392,0.006348,0.006365,13395514
1774749600,2026-03-29 02:00:00,0.006365,0.006401,0.006365,0.006393,3540442
1774753200,2026-03-29 03:00:00,0.006384,0.006435,0.006394,0.006421,5116833
1774756800,2026-03-29 04:00:00,0.006402,0.006419,0.006415,0.006405,2103187
1774760400,2026-03-29 05:00:00,0.00638,0.006413,0.006403,0.006397,4854143
1774764000,2026-03-29 06:00:00,0.006387,0.006411,0.006401,0.006404,4519463
1774767600,2026-03-29 07:00:00,0.006363,0.006401,0.006401,0.006367,5389790
1774771200,2026-03-29 08:00:00,0.006358,0.006383,0.006366,0.006365,2958699
1774774800,2026-03-29 09:00:00,0.006347,0.006372,0.006364,0.006347,3290442
1774778400,2026-03-29 10:00:00,0.006285,0.006348,0.006341,0.00632,11981552
1774782000,2026-03-29 11:00:00,0.006322,0.006369,0.006322,0.006327,8257161
1774785600,2026-03-29 12:00:00,0.006257,0.00632,0.00632,0.006288,4596294
1774789200,2026-03-29 13:00:00,0.006226,0.006288,0.006288,0.006257,17106509
1774792800,2026-03-29 14:00:00,0.00623,0.0063,0.006257,0.006269,10486187
1774796400,2026-03-29 15:00:00,0.006226,0.006271,0.006269,0.006252,8486597
1774800000,2026-03-29 16:00:00,0.006239,0.006285,0.006247,0.006248,8519169
1774803600,2026-03-29 17:00:00,0.006199,0.006261,0.00625,0.006247,10200574
1774807200,2026-03-29 18:00:00,0.006228,0.00628,0.006246,0.006265,10666590
1774810800,2026-03-29 19:00:00,0.006256,0.006278,0.006262,0.006264,3833182
1774814400,2026-03-29 20:00:00,0.006261,0.006332,0.006261,0.006312,7734418
1774818000,2026-03-29 21:00:00,0.006317,0.006357,0.006318,0.006356,3450235
1774821600,2026-03-29 22:00:00,0.006048,0.006349,0.006349,0.006222,42181173
1774825200,2026-03-29 23:00:00,0.006215,0.006271,0.006223,0.006256,30640673
1774828800,2026-03-30 00:00:00,0.00624,0.006405,0.006253,0.00634,33863554
1774832400,2026-03-30 01:00:00,0.006348,0.006419,0.006348,0.006404,22416730
1774836000,2026-03-30 02:00:00,0.006386,0.006495,0.006401,0.006453,19398333
1774839600,2026-03-30 03:00:00,0.006426,0.006518,0.006451,0.006496,13308639
1774843200,2026-03-30 04:00:00,0.0065,0.006551,0.0065,0.006539,21574079
1774846800,2026-03-30 05:00:00,0.00654,0.006615,0.006542,0.006596,16167376
1774850400,2026-03-30 06:00:00,0.006579,0.006629,0.006599,0.006585,19782047
1774854000,2026-03-30 07:00:00,0.006543,0.006621,0.006584,0.006607,22573629
1774857600,2026-03-30 08:00:00,0.006544,0.006628,0.006608,0.006558,14864356
1774861200,2026-03-30 09:00:00,0.006473,0.006567,0.006561,0.006481,17625376
1774864800,2026-03-30 10:00:00,0.006475,0.00653,0.006479,0.006523,8462968
1774868400,2026-03-30 11:00:00,0.006506,0.006589,0.006528,0.006524,13646693
1774872000,2026-03-30 12:00:00,0.006516,0.006558,0.006526,0.006545,7304943
1774875600,2026-03-30 13:00:00,0.006488,0.006579,0.006545,0.006496,17014233
1774879200,2026-03-30 14:00:00,0.006438,0.006537,0.006497,0.006513,18723471
1774882800,2026-03-30 15:00:00,0.006464,0.006533,0.006509,0.006505,10798580
1774886400,2026-03-30 16:00:00,0.006474,0.006522,0.006507,0.006499,9289039
1774890000,2026-03-30 17:00:00,0.006408,0.006511,0.006502,0.006435,18622382
1774893600,2026-03-30 18:00:00,0.006359,0.006441,0.00644,0.006379,12867162
1774897200,2026-03-30 19:00:00,0.006342,0.006393,0.006381,0.006389,12582618
1774900800,2026-03-30 20:00:00,0.006364,0.006401,0.006388,0.006366,4634316
1774904400,2026-03-30 21:00:00,0.006365,0.006454,0.006368,0.006424,13753120
1774908000,2026-03-30 22:00:00,0.006389,0.006442,0.006428,0.006401,17167902
1774911600,2026-03-30 23:00:00,0.006347,0.006403,0.0064,0.006383,7745455
1774915200,2026-03-31 00:00:00,0.006358,0.006439,0.006386,0.006422,12566942
1774918800,2026-03-31 01:00:00,0.006411,0.006565,0.00642,0.006515,24606779
1774922400,2026-03-31 02:00:00,0.006502,0.00654,0.006516,0.006521,6686111
1774926000,2026-03-31 03:00:00,0.006469,0.006524,0.006516,0.006484,5464951
1774929600,2026-03-31 04:00:00,0.006444,0.006501,0.006487,0.006444,6964116
1774933200,2026-03-31 05:00:00,0.006425,0.006492,0.006439,0.006483,8023343
1774936800,2026-03-31 06:00:00,0.006439,0.006484,0.006467,0.006464,5866810
1774940400,2026-03-31 07:00:00,0.006418,0.006463,0.006463,0.00645,11438096
1774944000,2026-03-31 08:00:00,0.006369,0.006448,0.006448,0.006374,7141248
1774947600,2026-03-31 09:00:00,0.006257,0.006377,0.00637,0.006285,14278893
1774951200,2026-03-31 10:00:00,0.006285,0.006321,0.006286,0.006285,6920888
1774954800,2026-03-31 11:00:00,0.006275,0.006358,0.006287,0.00635,11838545
1774958400,2026-03-31 12:00:00,0.00632,0.006362,0.006349,0.006329,9687242
1774962000,2026-03-31 13:00:00,0.006327,0.006447,0.006327,0.006421,15540031
1774965600,2026-03-31 14:00:00,0.006292,0.006476,0.00643,0.006318,20476803
1774969200,2026-03-31 15:00:00,0.006289,0.006384,0.00632,0.00629,19003559
1774972800,2026-03-31 16:00:00,0.006297,0.006475,0.006297,0.006453,29741101
1774976400,2026-03-31 17:00:00,0.006397,0.006544,0.006459,0.006424,22678070
1774980000,2026-03-31 18:00:00,0.00641,0.006477,0.006424,0.006473,11309038
1774983600,2026-03-31 19:00:00,0.006455,0.006496,0.006473,0.00648,16080827
1774987200,2026-03-31 20:00:00,0.006482,0.00653,0.006484,0.006514,9460770
1774990800,2026-03-31 21:00:00,0.00647,0.00651,0.00651,0.006478,10854227
1774994400,2026-03-31 22:00:00,0.006431,0.006485,0.006469,0.006454,9078515
1774998000,2026-03-31 23:00:00,0.006441,0.006512,0.006453,0.006512,4540151
1775001600,2026-04-01 00:00:00,0.006479,0.006541,0.006513,0.006534,6869046
1775005200,2026-04-01 01:00:00,0.006467,0.006552,0.006538,0.006471,8182458
1775008800,2026-04-01 02:00:00,0.006441,0.006491,0.006473,0.006449,11482186
1775012400,2026-04-01 03:00:00,0.006453,0.006531,0.006456,0.006524,9422066
1775016000,2026-04-01 04:00:00,0.0065,0.006551,0.00653,0.006523,8649521
1775019600,2026-04-01 05:00:00,0.006508,0.006588,0.006518,0.006588,10134839
1775023200,2026-04-01 06:00:00,0.006589,0.006673,0.006589,0.00667,20946729
1775026800,2026-04-01 07:00:00,0.006634,0.006698,0.006669,0.006642,10598832
1775030400,2026-04-01 08:00:00,0.006595,0.006663,0.006645,0.006601,21147213
1775034000,2026-04-01 09:00:00,0.00654,0.006614,0.006614,0.006583,21988526
1775037600,2026-04-01 10:00:00,0.006544,0.006592,0.006586,0.006567,7288068
1775041200,2026-04-01 11:00:00,0.006549,0.006607,0.006566,0.006586,7650132
1775044800,2026-04-01 12:00:00,0.006571,0.006672,0.006589,0.006616,17147446
1775048400,2026-04-01 13:00:00,0.006515,0.006643,0.006614,0.006553,27719887
1775052000,2026-04-01 14:00:00,0.006549,0.006631,0.006551,0.006605,21746445
1775055600,2026-04-01 15:00:00,0.006584,0.006649,0.006612,0.006649,16610986
1775059200,2026-04-01 16:00:00,0.006618,0.006721,0.00665,0.006695,18975644
1775062800,2026-04-01 17:00:00,0.006611,0.006754,0.006693,0.00663,23556519
1775066400,2026-04-01 18:00:00,0.006566,0.006626,0.006626,0.006576,13851735
1775070000,2026-04-01 19:00:00,0.006567,0.006625,0.006573,0.006598,10965812
1775073600,2026-04-01 20:00:00,0.006537,0.006605,0.006605,0.006593,8513406
1775077200,2026-04-01 21:00:00,0.006587,0.006638,0.006587,0.006607,15303906
1775080800,2026-04-01 22:00:00,0.006532,0.006613,0.0066,0.006541,12071287
1775084400,2026-04-01 23:00:00,0.006522,0.006551,0.006537,0.006532,7651888
1775088000,2026-04-02 00:00:00,0.006533,0.006607,0.006535,0.006607,13087152
1775091600,2026-04-02 01:00:00,0.006341,0.006605,0.006605,0.006383,58176442
1775095200,2026-04-02 02:00:00,0.006257,0.006399,0.006377,0.006299,21708547
1775098800,2026-04-02 03:00:00,0.006224,0.006313,0.006292,0.00625,11682998
1775102400,2026-04-02 04:00:00,0.006218,0.006273,0.006255,0.006232,13116057
1775106000,2026-04-02 05:00:00,0.006206,0.006299,0.006227,0.00628,17625072
1775109600,2026-04-02 06:00:00,0.006278,0.006351,0.00628,0.006298,19222261
1775113200,2026-04-02 07:00:00,0.006291,0.006315,0.006293,0.006306,5471289
1775116800,2026-04-02 08:00:00,0.006246,0.006305,0.006299,0.006256,7349424
1775120400,2026-04-02 09:00:00,0.006228,0.006267,0.006255,0.006234,12562095
1775124000,2026-04-02 10:00:00,0.006187,0.006243,0.006234,0.006205,7644253
1775127600,2026-04-02 11:00:00,0.006161,0.006218,0.006201,0.006173,7886344
1775131200,2026-04-02 12:00:00,0.006113,0.006174,0.006169,0.006127,11255830
1775134800,2026-04-02 13:00:00,0.006058,0.006132,0.006131,0.0061,26314612
1775138400,2026-04-02 14:00:00,0.006082,0.006258,0.006107,0.006228,31332415
1775142000,2026-04-02 15:00:00,0.006137,0.006224,0.006224,0.006172,12810120
1775145600,2026-04-02 16:00:00,0.00615,0.006249,0.006171,0.006199,15235030
1775149200,2026-04-02 17:00:00,0.006151,0.006274,0.006192,0.006156,20275991
1775152800,2026-04-02 18:00:00,0.006158,0.006225,0.006159,0.006215,8923430
1775156400,2026-04-02 19:00:00,0.006205,0.006285,0.006211,0.006273,10531791
1775160000,2026-04-02 20:00:00,0.006259,0.006337,0.006267,0.006301,10019446
1775163600,2026-04-02 21:00:00,0.006236,0.006308,0.006301,0.006236,8791313
1775167200,2026-04-02 22:00:00,0.0062,0.00625,0.006229,0.006222,11917457
1775170800,2026-04-02 23:00:00,0.0062,0.00623,0.006215,0.006225,6148888
1775174400,2026-04-03 00:00:00,0.006206,0.006232,0.006228,0.00623,4810871
1775178000,2026-04-03 01:00:00,0.006201,0.006252,0.006234,0.006221,6761992
1775181600,2026-04-03 02:00:00,0.006217,0.006282,0.006218,0.00627,12638907
1775185200,2026-04-03 03:00:00,0.006258,0.006324,0.00627,0.006291,13092102
1775188800,2026-04-03 04:00:00,0.006284,0.006351,0.006294,0.006336,14482437
1775192400,2026-04-03 05:00:00,0.006317,0.006407,0.00634,0.006377,18968900
1775196000,2026-04-03 06:00:00,0.006355,0.006439,0.006376,0.006413,16276664
1775199600,2026-04-03 07:00:00,0.006397,0.00646,0.006416,0.006414,9579420
1775203200,2026-04-03 08:00:00,0.006402,0.006467,0.006411,0.006416,11044273
1775206800,2026-04-03 09:00:00,0.006408,0.00646,0.00642,0.006456,11710367
1775210400,2026-04-03 10:00:00,0.006398,0.006474,0.006465,0.006438,9424642
1775214000,2026-04-03 11:00:00,0.006405,0.006442,0.006439,0.006426,9746619
1775217600,2026-04-03 12:00:00,0.006359,0.006488,0.006426,0.006389,23943701
1775221200,2026-04-03 13:00:00,0.006362,0.006397,0.006389,0.006383,13558932
1775224800,2026-04-03 14:00:00,0.006358,0.006418,0.006379,0.006389,22216608
1775228400,2026-04-03 15:00:00,0.006318,0.006392,0.006386,0.00632,13103327
1775232000,2026-04-03 16:00:00,0.006317,0.006372,0.00632,0.006368,11915419
1775235600,2026-04-03 17:00:00,0.006334,0.006385,0.006368,0.006355,6592155
1775239200,2026-04-03 18:00:00,0.006325,0.006388,0.006348,0.006331,5998097
1775242800,2026-04-03 19:00:00,0.006281,0.006328,0.006328,0.006314,9327162
1775246400,2026-04-03 20:00:00,0.006273,0.006327,0.006314,0.006305,8075736
1775250000,2026-04-03 21:00:00,0.0063,0.006334,0.006308,0.006311,7027458
1775253600,2026-04-03 22:00:00,0.006258,0.006314,0.0063,0.00627,6394467
1775257200,2026-04-03 23:00:00,0.006252,0.006285,0.006272,0.006274,4291511
1775260800,2026-04-04 00:00:00,0.006248,0.006275,0.006275,0.006266,2931402
1775264400,2026-04-04 01:00:00,0.006235,0.006275,0.006263,0.006243,3604357
1775268000,2026-04-04 02:00:00,0.006225,0.006254,0.006252,0.006226,2742321
1775271600,2026-04-04 03:00:00,0.006217,0.006228,0.006223,0.006217,2310462
1775275200,2026-04-04 04:00:00,0.006219,0.006285,0.006219,0.006254,7769744
1775278800,2026-04-04 05:00:00,0.006232,0.00628,0.006255,0.006256,6335590
1775282400,2026-04-04 06:00:00,0.006234,0.006306,0.006253,0.006306,5632699
1775286000,2026-04-04 07:00:00,0.006258,0.006306,0.006305,0.006264,3672220
1775289600,2026-04-04 08:00:00,0.006191,0.006258,0.006258,0.006203,4549953
1775293200,2026-04-04 09:00:00,0.006179,0.006206,0.006203,0.006206,4786289
1775296800,2026-04-04 10:00:00,0.006197,0.006239,0.006201,0.006226,5813492
1775300400,2026-04-04 11:00:00,0.006208,0.006236,0.006226,0.006234,2305817
1775304000,2026-04-04 12:00:00,0.006216,0.006249,0.006233,0.006216,3763159
1775307600,2026-04-04 13:00:00,0.006205,0.00624,0.006216,0.006207,4787646
1775311200,2026-04-04 14:00:00,0.00617,0.006238,0.006206,0.006238,6647436
1775314800,2026-04-04 15:00:00,0.006233,0.006301,0.006237,0.006268,13230721
1775318400,2026-04-04 16:00:00,0.006227,0.00628,0.006262,0.006227,4811270
1775322000,2026-04-04 17:00:00,0.00622,0.006321,0.006222,0.006301,11558903
1775325600,2026-04-04 18:00:00,0.006277,0.006316,0.006306,0.006277,3860046
1775329200,2026-04-04 19:00:00,0.006268,0.006345,0.006284,0.006279,15159394
1775332800,2026-04-04 20:00:00,0.006257,0.006286,0.006281,0.006258,4444409
1775336400,2026-04-04 21:00:00,0.006244,0.006269,0.006262,0.00626,4607294
1775340000,2026-04-04 22:00:00,0.006249,0.006278,0.006257,0.006252,4800372
1775343600,2026-04-04 23:00:00,0.006225,0.00625,0.006249,0.00625,4050612
1775347200,2026-04-05 00:00:00,0.006204,0.006255,0.006255,0.006216,7568146
1775350800,2026-04-05 01:00:00,0.006197,0.006222,0.006221,0.006198,3093536
1775354400,2026-04-05 02:00:00,0.006173,0.0062,0.006194,0.006195,4555570
1775358000,2026-04-05 03:00:00,0.006182,0.006197,0.006194,0.006182,3087061
1775361600,2026-04-05 04:00:00,0.006171,0.006188,0.006185,0.006171,5685143
1775365200,2026-04-05 05:00:00,0.00612,0.006178,0.00617,0.006131,10167964
1775368800,2026-04-05 06:00:00,0.006064,0.006129,0.006127,0.006095,19164871
1775372400,2026-04-05 07:00:00,0.006055,0.006103,0.006096,0.006062,4062035
1775376000,2026-04-05 08:00:00,0.006057,0.0061,0.006066,0.006099,9102550
1775379600,2026-04-05 09:00:00,0.006096,0.006115,0.006103,0.006108,4443313
1775383200,2026-04-05 10:00:00,0.006086,0.006138,0.006107,0.006086,3218867
1775386800,2026-04-05 11:00:00,0.006078,0.006099,0.006082,0.006089,2111895
1775390400,2026-04-05 12:00:00,0.006022,0.00609,0.006078,0.00605,9489638
1775394000,2026-04-05 13:00:00,0.006019,0.006087,0.006047,0.006087,7070324
1775397600,2026-04-05 14:00:00,0.006065,0.006107,0.006086,0.00608,11160407
1775401200,2026-04-05 15:00:00,0.006046,0.006178,0.006077,0.006109,36655435
1775404800,2026-04-05 16:00:00,0.006077,0.006124,0.006108,0.006079,6217143
1775408400,2026-04-05 17:00:00,0.006045,0.006106,0.006075,0.006093,43223754
1775412000,2026-04-05 18:00:00,0.006072,0.006107,0.006092,0.006085,8036182
1775415600,2026-04-05 19:00:00,0.006056,0.006105,0.006083,0.006082,9634166
1775419200,2026-04-05 20:00:00,0.006068,0.006096,0.006082,0.006082,16135135
1775422800,2026-04-05 21:00:00,0.006046,0.006091,0.006077,0.006078,8790401
1775426400,2026-04-05 22:00:00,0.006056,0.006179,0.006076,0.006176,22242625
1775430000,2026-04-05 23:00:00,0.006166,0.006311,0.006178,0.006311,29266639
1775433600,2026-04-06 00:00:00,0.006313,0.006448,0.006313,0.006397,34447236
1775437200,2026-04-06 01:00:00,0.006338,0.006404,0.006397,0.006373,26546053
1775440800,2026-04-06 02:00:00,0.006373,0.006523,0.006373,0.00647,27446773
1775444400,2026-04-06 03:00:00,0.006385,0.006488,0.006471,0.006411,15435376
1775448000,2026-04-06 04:00:00,0.006397,0.006474,0.006418,0.006419,7803188
1775451600,2026-04-06 05:00:00,0.006395,0.006434,0.006425,0.006407,7726658
1775455200,2026-04-06 06:00:00,0.006343,0.006418,0.006403,0.00639,24165602
1775458800,2026-04-06 07:00:00,0.006355,0.006406,0.00639,0.006393,11349577
1775462400,2026-04-06 08:00:00,0.006385,0.006461,0.006396,0.006441,19358577
1775466000,2026-04-06 09:00:00,0.006437,0.00654,0.006441,0.006521,20505526
1775469600,2026-04-06 10:00:00,0.006523,0.006638,0.006523,0.006611,19041658
1775473200,2026-04-06 11:00:00,0.006563,0.006614,0.0066,0.006582,12849091
1775476800,2026-04-06 12:00:00,0.006535,0.006628,0.006585,0.006565,9032149
1775480400,2026-04-06 13:00:00,0.006516,0.006579,0.006567,0.006538,10222404
1775484000,2026-04-06 14:00:00,0.006466,0.006577,0.006536,0.006524,23060141
1775487600,2026-04-06 15:00:00,0.006491,0.006544,0.006524,0.006534,12632840
1775491200,2026-04-06 16:00:00,0.006476,0.006554,0.006534,0.006505,13330217
1775494800,2026-04-06 17:00:00,0.006436,0.006502,0.006502,0.006457,11894081
1775498400,2026-04-06 18:00:00,0.006448,0.006496,0.006453,0.006481,7513579
1775502000,2026-04-06 19:00:00,0.006429,0.006492,0.006486,0.00645,5490245
1775505600,2026-04-06 20:00:00,0.006439,0.006479,0.00645,0.006463,13137836
1775509200,2026-04-06 21:00:00,0.006411,0.006471,0.00646,0.006411,2496337
1775512800,2026-04-06 22:00:00,0.006301,0.006426,0.006411,0.006301,16270317
1775516400,2026-04-06 23:00:00,0.006243,0.006311,0.006302,0.00626,26852677
1775520000,2026-04-07 00:00:00,0.006254,0.006318,0.00626,0.006283,14611745
1775523600,2026-04-07 01:00:00,0.00625,0.006316,0.006278,0.006251,10908942
1775527200,2026-04-07 02:00:00,0.006225,0.006291,0.00625,0.006275,10541839
1775530800,2026-04-07 03:00:00,0.006285,0.006327,0.006285,0.006312,7129408
1775534400,2026-04-07 04:00:00,0.006279,0.00636,0.006311,0.006343,10507175
1775538000,2026-04-07 05:00:00,0.006287,0.00634,0.006336,0.006302,6429652
1775541600,2026-04-07 06:00:00,0.006255,0.006306,0.006296,0.006301,5639372
1775545200,2026-04-07 07:00:00,0.006287,0.006319,0.006294,0.006301,4580750
1775548800,2026-04-07 08:00:00,0.006308,0.006349,0.006314,0.006342,8616547
1775552400,2026-04-07 09:00:00,0.006341,0.006411,0.006343,0.006386,16814757
1775556000,2026-04-07 10:00:00,0.006262,0.006393,0.00639,0.006285,33151955
1775559600,2026-04-07 11:00:00,0.006237,0.006289,0.006277,0.00625,6966332
1775563200,2026-04-07 12:00:00,0.006168,0.006258,0.006241,0.006222,24843676
1775566800,2026-04-07 13:00:00,0.006212,0.006256,0.006222,0.006215,11526177
1775570400,2026-04-07 14:00:00,0.006169,0.006244,0.006212,0.006189,17116442
1775574000,2026-04-07 15:00:00,0.006179,0.006239,0.006187,0.006208,13927152
1775577600,2026-04-07 16:00:00,0.006196,0.006236,0.006212,0.0062,9367726
1775581200,2026-04-07 17:00:00,0.006189,0.006335,0.006199,0.006301,23418953
1775584800,2026-04-07 18:00:00,0.006268,0.006341,0.0063,0.006284,8921540
1775588400,2026-04-07 19:00:00,0.006279,0.006466,0.006285,0.006466,24685481
1775592000,2026-04-07 20:00:00,0.006435,0.006504,0.006463,0.006459,18503945
1775595600,2026-04-07 21:00:00,0.006446,0.00668,0.006457,0.00668,54954935
1775599200,2026-04-07 22:00:00,0.006631,0.006846,0.006681,0.006844,118651357
1775602800,2026-04-07 23:00:00,0.006805,0.006929,0.006848,0.006855,65556808
1775606400,2026-04-08 00:00:00,0.006741,0.006887,0.006859,0.006778,43343106
1775610000,2026-04-08 01:00:00,0.006753,0.006808,0.00678,0.006808,12406716
1775613600,2026-04-08 02:00:00,0.006767,0.006865,0.00681,0.006803,23696312
1775617200,2026-04-08 03:00:00,0.006775,0.006822,0.00681,0.006792,11201651
1775620800,2026-04-08 04:00:00,0.006793,0.006859,0.006803,0.006817,13448348
1775624400,2026-04-08 05:00:00,0.006818,0.006878,0.006822,0.006859,11215751
1775628000,2026-04-08 06:00:00,0.006794,0.006864,0.006864,0.006814,9998167
1775631600,2026-04-08 07:00:00,0.006773,0.006823,0.006801,0.006805,6824223
1775635200,2026-04-08 08:00:00,0.006767,0.006823,0.0068,0.006808,13101065
1775638800,2026-04-08 09:00:00,0.006756,0.006815,0.006804,0.006787,6865522
1775642400,2026-04-08 10:00:00,0.006747,0.006814,0.006788,0.006747,10841297
1775646000,2026-04-08 11:00:00,0.006656,0.006752,0.006745,0.006724,22415632
1775649600,2026-04-08 12:00:00,0.00667,0.006729,0.006724,0.006719,16997671
1775653200,2026-04-08 13:00:00,0.006721,0.006794,0.006723,0.00674,31455996
1775656800,2026-04-08 14:00:00,0.006521,0.006747,0.006735,0.006553,56852503
1775660400,2026-04-08 15:00:00,0.006551,0.00663,0.006551,0.006628,13324078
1775664000,2026-04-08 16:00:00,0.006607,0.006671,0.006624,0.006661,13475791
1775667600,2026-04-08 17:00:00,0.006614,0.006694,0.006661,0.006663,28938934
1775671200,2026-04-08 18:00:00,0.006544,0.006676,0.00666,0.006544,18738899
1775674800,2026-04-08 19:00:00,0.006535,0.006579,0.006542,0.006575,6865546
1775678400,2026-04-08 20:00:00,0.006558,0.0066,0.006579,0.006593,11916253
1775682000,2026-04-08 21:00:00,0.006588,0.00667,0.006588,0.006642,9059019
1775685600,2026-04-08 22:00:00,0.006578,0.006663,0.006643,0.006579,16433870
1775689200,2026-04-08 23:00:00,0.006502,0.006581,0.006577,0.006517,27037543
1775692800,2026-04-09 00:00:00,0.00641,0.006513,0.006513,0.006425,18997351
1775696400,2026-04-09 01:00:00,0.006308,0.006427,0.006424,0.006366,29924790
1775700000,2026-04-09 02:00:00,0.006342,0.006397,0.006369,0.006359,16336834
1775703600,2026-04-09 03:00:00,0.006316,0.006358,0.006358,0.006324,9824832
1775707200,2026-04-09 04:00:00,0.006303,0.006354,0.00632,0.006321,9056519
1775710800,2026-04-09 05:00:00,0.006269,0.00635,0.006314,0.006317,20456757
1775714400,2026-04-09 06:00:00,0.006306,0.006341,0.006317,0.006341,5804677
1775718000,2026-04-09 07:00:00,0.00632,0.006364,0.006347,0.00632,4558524
1775721600,2026-04-09 08:00:00,0.006327,0.006372,0.006327,0.006354,10711894
1775725200,2026-04-09 09:00:00,0.006328,0.006413,0.006348,0.006397,6287793
1775728800,2026-04-09 10:00:00,0.006361,0.0064,0.006393,0.006361,5060032
1775732400,2026-04-09 11:00:00,0.006346,0.006376,0.006355,0.006346,6639870
1775736000,2026-04-09 12:00:00,0.006341,0.00639,0.00635,0.006386,10309198
1775739600,2026-04-09 13:00:00,0.006344,0.006386,0.006379,0.006368,13029477
1775743200,2026-04-09 14:00:00,0.00632,0.006398,0.006369,0.006368,15601203
1775746800,2026-04-09 15:00:00,0.006334,0.006572,0.006364,0.006549,37827996
1775750400,2026-04-09 16:00:00,0.006494,0.006607,0.006551,0.006546,21757598
1775754000,2026-04-09 17:00:00,0.006558,0.006659,0.006563,0.006636,27606113
1775757600,2026-04-09 18:00:00,0.006558,0.006635,0.006635,0.006579,29016164
1775761200,2026-04-09 19:00:00,0.006571,0.006658,0.006572,0.006656,27230526
1775764800,2026-04-09 20:00:00,0.00666,0.00674,0.006665,0.006711,16175969
1775768400,2026-04-09 21:00:00,0.006684,0.006768,0.006708,0.006693,32759026
1775772000,2026-04-09 22:00:00,0.006659,0.006838,0.00669,0.006659,26944858
1775775600,2026-04-09 23:00:00,0.006558,0.00667,0.006656,0.006575,25400760
1775779200,2026-04-10 00:00:00,0.006512,0.006585,0.006567,0.006558,37650007
1775782800,2026-04-10 01:00:00,0.006502,0.006622,0.006553,0.006572,23442544
1775786400,2026-04-10 02:00:00,0.006575,0.006633,0.006575,0.006589,11597074
1775790000,2026-04-10 03:00:00,0.006546,0.00662,0.006586,0.006552,20009468
1775793600,2026-04-10 04:00:00,0.00655,0.006662,0.006554,0.006628,16975573
1775797200,2026-04-10 05:00:00,0.006584,0.00666,0.006632,0.006621,11737553
1775800800,2026-04-10 06:00:00,0.00655,0.006658,0.006632,0.006591,12437026
1775804400,2026-04-10 07:00:00,0.006549,0.006609,0.006588,0.006562,10668570
1775808000,2026-04-10 08:00:00,0.006401,0.006579,0.006559,0.00653,33430284
1775811600,2026-04-10 09:00:00,0.006536,0.006618,0.006536,0.0066,15597595
1775815200,2026-04-10 10:00:00,0.006554,0.006612,0.006598,0.00656,11963323
1775818800,2026-04-10 11:00:00,0.006572,0.006616,0.006572,0.006586,9777769
1775822400,2026-04-10 12:00:00,0.006572,0.006654,0.00659,0.006635,31344252
1775826000,2026-04-10 13:00:00,0.006603,0.006681,0.006633,0.006647,24186577
1775829600,2026-04-10 14:00:00,0.006628,0.006789,0.006649,0.006789,49939968
1775833200,2026-04-10 15:00:00,0.006705,0.006827,0.006792,0.006713,40105856
1775836800,2026-04-10 16:00:00,0.00667,0.00678,0.006719,0.006708,21442700
1775840400,2026-04-10 17:00:00,0.006666,0.006713,0.006706,0.006712,8059019
1775844000,2026-04-10 18:00:00,0.0067,0.006797,0.006715,0.006788,24333457
1775847600,2026-04-10 19:00:00,0.006795,0.006911,0.006795,0.006907,57405674
1775851200,2026-04-10 20:00:00,0.006841,0.00695,0.006909,0.006894,34856783
1775854800,2026-04-10 21:00:00,0.006793,0.0069,0.0069,0.006856,9736757
1775858400,2026-04-10 22:00:00,0.006775,0.006865,0.006859,0.006809,17017065
1775862000,2026-04-10 23:00:00,0.006771,0.006811,0.00681,0.006771,6943232
1775865600,2026-04-11 00:00:00,0.006719,0.006768,0.006768,0.006728,4505117
1775869200,2026-04-11 01:00:00,0.006674,0.006733,0.006726,0.006719,7277788
1775872800,2026-04-11 02:00:00,0.00669,0.006766,0.006719,0.006726,8089662
1775876400,2026-04-11 03:00:00,0.006705,0.006765,0.006732,0.006705,7219757
1775880000,2026-04-11 04:00:00,0.006691,0.006742,0.006698,0.006703,14456537
1775883600,2026-04-11 05:00:00,0.006641,0.006726,0.006698,0.006657,10709056
1775887200,2026-04-11 06:00:00,0.00663,0.006675,0.006656,0.006668,6590807
1775890800,2026-04-11 07:00:00,0.006661,0.00669,0.006668,0.006674,6217856
1775894400,2026-04-11 08:00:00,0.006677,0.006722,0.006677,0.006692,9427917
1775898000,2026-04-11 09:00:00,0.006677,0.006732,0.006684,0.006719,8157718
1775901600,2026-04-11 10:00:00,0.006691,0.006726,0.006719,0.006691,4036496
1775905200,2026-04-11 11:00:00,0.006692,0.006732,0.006692,0.006725,6203954
1775908800,2026-04-11 12:00:00,0.00671,0.006759,0.006723,0.006726,18229553
1775912400,2026-04-11 13:00:00,0.006651,0.006719,0.006719,0.006695,15656515
1775916000,2026-04-11 14:00:00,0.006698,0.006758,0.0067,0.006713,12214577
1775919600,2026-04-11 15:00:00,0.006716,0.006808,0.006724,0.006791,12781025
1775923200,2026-04-11 16:00:00,0.006775,0.007,0.006788,0.006898,33200368
1775926800,2026-04-11 17:00:00,0.006893,0.006936,0.006899,0.006893,16414492
1775930400,2026-04-11 18:00:00,0.00687,0.007,0.006893,0.006994,72747542
1775934000,2026-04-11 19:00:00,0.006981,0.007301,0.006997,0.007301,138221069
1775937600,2026-04-11 20:00:00,0.007118,0.00738,0.007302,0.00713,92613583
1775941200,2026-04-11 21:00:00,0.007081,0.007217,0.00713,0.007174,25875823
1775944800,2026-04-11 22:00:00,0.007054,0.00722,0.00717,0.00707,23804418
1775948400,2026-04-11 23:00:00,0.006943,0.007067,0.007067,0.007009,30103345
1775952000,2026-04-12 00:00:00,0.00695,0.007005,0.007003,0.006974,14176604
1775955600,2026-04-12 01:00:00,0.00666,0.007015,0.006976,0.00668,57647168
1775959200,2026-04-12 02:00:00,0.006613,0.006702,0.006677,0.006682,32267981
1775962800,2026-04-12 03:00:00,0.006617,0.006708,0.006691,0.006622,14841027
1775966400,2026-04-12 04:00:00,0.006589,0.006642,0.006614,0.006601,11976909
1775970000,2026-04-12 05:00:00,0.006574,0.00667,0.006597,0.006646,13516158
1775973600,2026-04-12 06:00:00,0.0066,0.006663,0.006642,0.006607,9149594
1775977200,2026-04-12 07:00:00,0.006585,0.006658,0.006599,0.00663,5869206
1775980800,2026-04-12 08:00:00,0.00657,0.006631,0.00663,0.0066,9652957
1775984400,2026-04-12 09:00:00,0.006593,0.006635,0.006598,0.0066,3450045
1775988000,2026-04-12 10:00:00,0.006529,0.006624,0.006599,0.006537,13585694
1775991600,2026-04-12 11:00:00,0.00652,0.006575,0.00653,0.006564,4956812
1775995200,2026-04-12 12:00:00,0.006522,0.006596,0.006561,0.006522,11143656
1775998800,2026-04-12 13:00:00,0.006454,0.006544,0.006516,0.006463,19028518
1776002400,2026-04-12 14:00:00,0.006453,0.006514,0.006465,0.00647,17364277
1776006000,2026-04-12 15:00:00,0.006446,0.006492,0.006467,0.00647,16701336
1776009600,2026-04-12 16:00:00,0.00646,0.006512,0.006475,0.006506,10555041
1776013200,2026-04-12 17:00:00,0.006509,0.006581,0.006509,0.00657,9790525
1776016800,2026-04-12 18:00:00,0.006541,0.006593,0.006576,0.006541,10276633
1776020400,2026-04-12 19:00:00,0.006519,0.006565,0.006539,0.006534,4460496
1776024000,2026-04-12 20:00:00,0.006509,0.006586,0.006536,0.00657,8333175
1776027600,2026-04-12 21:00:00,0.006519,0.006586,0.00657,0.006544,5852377
1776031200,2026-04-12 22:00:00,0.006408,0.00654,0.00654,0.006469,23558885
1776034800,2026-04-12 23:00:00,0.006418,0.006458,0.006458,0.00642,15255484
1776038400,2026-04-13 00:00:00,0.006403,0.006523,0.00642,0.006504,30375210
1776042000,2026-04-13 01:00:00,0.006497,0.00657,0.006508,0.006554,35107330
1776045600,2026-04-13 02:00:00,0.006507,0.006568,0.006554,0.006517,26009894
1776049200,2026-04-13 03:00:00,0.006497,0.006531,0.006517,0.006527,8975135
1776052800,2026-04-13 04:00:00,0.006481,0.006557,0.006526,0.006484,11781855
1776056400,2026-04-13 05:00:00,0.006463,0.006499,0.006488,0.006497,14015001
1776060000,2026-04-13 06:00:00,0.0065,0.006546,0.0065,0.006506,10419314
1776063600,2026-04-13 07:00:00,0.006439,0.00651,0.006505,0.006439,19731473
1776067200,2026-04-13 08:00:00,0.006393,0.006458,0.006436,0.006434,22676735
1776070800,2026-04-13 09:00:00,0.00643,0.00647,0.006437,0.006458,13039507
1776074400,2026-04-13 10:00:00,0.006435,0.006484,0.006463,0.006453,11971275
1776078000,2026-04-13 11:00:00,0.006452,0.006507,0.006456,0.006493,15355399
1776081600,2026-04-13 12:00:00,0.006481,0.006618,0.006489,0.006579,15947822
1776085200,2026-04-13 13:00:00,0.006511,0.006686,0.006582,0.006686,39420514
1776088800,2026-04-13 14:00:00,0.006586,0.006702,0.006685,0.006677,32670503
1776092400,2026-04-13 15:00:00,0.006562,0.006685,0.006675,0.006591,28787344
1776096000,2026-04-13 16:00:00,0.006551,0.006662,0.006606,0.006638,40421140
1776099600,2026-04-13 17:00:00,0.006594,0.006692,0.006637,0.006596,23259239
1776103200,2026-04-13 18:00:00,0.00657,0.006646,0.006603,0.006646,15961580
1776106800,2026-04-13 19:00:00,0.006644,0.00687,0.006647,0.006858,47030862
1776110400,2026-04-13 20:00:00,0.006723,0.006859,0.006859,0.006748,52420594
1776114000,2026-04-13 21:00:00,0.00673,0.006822,0.006746,0.006805,12102352
1776117600,2026-04-13 22:00:00,0.00681,0.007058,0.006813,0.007022,60908196
1776121200,2026-04-13 23:00:00,0.006978,0.00705,0.007026,0.007036,45404981
1776124800,2026-04-14 00:00:00,0.006981,0.007095,0.007044,0.007014,87896222
1776128400,2026-04-14 01:00:00,0.006936,0.007022,0.007016,0.006986,31207483
1776132000,2026-04-14 02:00:00,0.006969,0.00701,0.006983,0.006976,22514277
1776135600,2026-04-14 03:00:00,0.006971,0.007035,0.006976,0.006979,15144235
1776139200,2026-04-14 04:00:00,0.00694,0.007009,0.006985,0.006953,14929328
1776142800,2026-04-14 05:00:00,0.006855,0.00695,0.006943,0.006873,13530545
1776146400,2026-04-14 06:00:00,0.00688,0.006917,0.00688,0.006903,15354099
1776150000,2026-04-14 07:00:00,0.006893,0.006931,0.006904,0.00692,11319780
1776153600,2026-04-14 08:00:00,0.006913,0.007004,0.006923,0.00699,13408865
1776157200,2026-04-14 09:00:00,0.006974,0.007069,0.006994,0.007057,18756730
1776160800,2026-04-14 10:00:00,0.007046,0.007174,0.00706,0.007146,18596349
1776164400,2026-04-14 11:00:00,0.007096,0.007259,0.007143,0.007119,42305754
1776168000,2026-04-14 12:00:00,0.007054,0.007131,0.007122,0.007105,17746584
1776171600,2026-04-14 13:00:00,0.007093,0.007238,0.00711,0.007236,50319806
1776175200,2026-04-14 14:00:00,0.007086,0.007255,0.007237,0.007086,71917631
1776178800,2026-04-14 15:00:00,0.00696,0.007094,0.007087,0.006978,36792790
1776182400,2026-04-14 16:00:00,0.006912,0.007027,0.006977,0.006928,24475728
1776186000,2026-04-14 17:00:00,0.006862,0.006963,0.006915,0.006921,34213884
1776189600,2026-04-14 18:00:00,0.00673,0.006926,0.006917,0.006755,26077216
1776193200,2026-04-14 19:00:00,0.006719,0.0068,0.006753,0.00679,24755828
1776196800,2026-04-14 20:00:00,0.006745,0.006803,0.006796,0.006765,8541539
1776200400,2026-04-14 21:00:00,0.006766,0.00681,0.006771,0.0068,21023915
1776204000,2026-04-14 22:00:00,0.006756,0.006831,0.006796,0.006788,31554003
1776207600,2026-04-14 23:00:00,0.006782,0.006839,0.006787,0.006818,23368461
1776211200,2026-04-15 00:00:00,0.006824,0.006936,0.006824,0.00688,50983143
1776214800,2026-04-15 01:00:00,0.006871,0.006999,0.006881,0.006969,34109572
1776218400,2026-04-15 02:00:00,0.006922,0.007002,0.006971,0.006961,28262701
1776222000,2026-04-15 03:00:00,0.006941,0.007014,0.006964,0.006995,26950110
1776225600,2026-04-15 04:00:00,0.006978,0.007062,0.006996,0.007055,22042937
1776229200,2026-04-15 05:00:00,0.006937,0.00711,0.007053,0.006988,45670455
1776232800,2026-04-15 06:00:00,0.006915,0.006985,0.006985,0.00694,23269545
1776236400,2026-04-15 07:00:00,0.006839,0.006943,0.006943,0.006868,21282320
1776240000,2026-04-15 08:00:00,0.006859,0.006971,0.006873,0.006931,14521278
1776243600,2026-04-15 09:00:00,0.006888,0.006944,0.006936,0.006917,21317004
1776247200,2026-04-15 10:00:00,0.006886,0.006978,0.006913,0.006926,17635064
1776250800,2026-04-15 11:00:00,0.006905,0.007038,0.006927,0.007006,20514523
1776254400,2026-04-15 12:00:00,0.006989,0.007049,0.007002,0.007022,20952125
1776258000,2026-04-15 13:00:00,0.006957,0.007072,0.007024,0.007042,61208108
1776261600,2026-04-15 14:00:00,0.007049,0.007226,0.007054,0.00718,50005453
1776265200,2026-04-15 15:00:00,0.007059,0.007185,0.007185,0.007138,40623829
1776268800,2026-04-15 16:00:00,0.007073,0.007174,0.007154,0.00711,32488868
1776272400,2026-04-15 17:00:00,0.00706,0.007158,0.007111,0.007078,26699831
1776276000,2026-04-15 18:00:00,0.007078,0.007139,0.007084,0.00711,13309062
1776279600,2026-04-15 19:00:00,0.007101,0.007238,0.007106,0.007196,30801760
1776283200,2026-04-15 20:00:00,0.007154,0.007228,0.0072,0.007181,23536036
1776286800,2026-04-15 21:00:00,0.007134,0.007241,0.007175,0.007227,10270822
1776290400,2026-04-15 22:00:00,0.007187,0.0073,0.00723,0.007188,32799842
1776294000,2026-04-15 23:00:00,0.007107,0.007182,0.007182,0.007174,14686995
1776297600,2026-04-16 00:00:00,0.00709,0.00719,0.007174,0.007172,43890570
1776301200,2026-04-16 01:00:00,0.007115,0.007174,0.007169,0.007146,11805519
1776304800,2026-04-16 02:00:00,0.007142,0.00745,0.007146,0.007325,63302113
1776308400,2026-04-16 03:00:00,0.007328,0.007478,0.007339,0.007437,38466607
1776312000,2026-04-16 04:00:00,0.007405,0.007574,0.007445,0.007462,56565534
1776315600,2026-04-16 05:00:00,0.007386,0.007502,0.007462,0.007407,30690516
1776319200,2026-04-16 06:00:00,0.007391,0.007486,0.00741,0.007477,20384588
1776322800,2026-04-16 07:00:00,0.007398,0.007545,0.007483,0.007422,34800538
1776326400,2026-04-16 08:00:00,0.007342,0.007419,0.007419,0.007372,16745295
1776330000,2026-04-16 09:00:00,0.007325,0.007461,0.007366,0.007331,18078480
1776333600,2026-04-16 10:00:00,0.007261,0.00735,0.007334,0.007294,23507307
1776337200,2026-04-16 11:00:00,0.007278,0.007342,0.007289,0.007307,13855908
1776340800,2026-04-16 12:00:00,0.007312,0.007477,0.007314,0.007471,25341359
1776344400,2026-04-16 13:00:00,0.007227,0.00769,0.007465,0.007338,73595281
1776348000,2026-04-16 14:00:00,0.00721,0.007393,0.007335,0.007305,48551595
1776351600,2026-04-16 15:00:00,0.007318,0.007587,0.007318,0.007583,46031108
1776355200,2026-04-16 16:00:00,0.007433,0.007741,0.007584,0.007494,73517971
1776358800,2026-04-16 17:00:00,0.007462,0.007586,0.007502,0.007552,46544335
1776362400,2026-04-16 18:00:00,0.007537,0.007865,0.007558,0.007818,56448650
1776366000,2026-04-16 19:00:00,0.007817,0.007949,0.007832,0.007919,82945869
1776369600,2026-04-16 20:00:00,0.007696,0.007932,0.007913,0.007787,40828467
1776373200,2026-04-16 21:00:00,0.007656,0.007831,0.007792,0.007731,33393410
1776376800,2026-04-16 22:00:00,0.007732,0.00783,0.007739,0.007757,26540993
1776380400,2026-04-16 23:00:00,0.007758,0.007926,0.007758,0.007899,32199104
1776384000,2026-04-17 00:00:00,0.007775,0.007908,0.0079,0.007863,65519889
1776387600,2026-04-17 01:00:00,0.007681,0.00798,0.007873,0.007722,53183980
1776391200,2026-04-17 02:00:00,0.007601,0.007739,0.007733,0.007646,14738077
1776394800,2026-04-17 03:00:00,0.007599,0.007673,0.007645,0.007649,13382259
1776398400,2026-04-17 04:00:00,0.007585,0.007671,0.007647,0.007613,15841839
1776402000,2026-04-17 05:00:00,0.007453,0.007621,0.007617,0.007493,29093242
1776405600,2026-04-17 06:00:00,0.007491,0.007617,0.007504,0.007582,18872879
1776409200,2026-04-17 07:00:00,0.007569,0.007632,0.007592,0.007597,12799198
1776412800,2026-04-17 08:00:00,0.00759,0.007712,0.00759,0.007655,24748755
1776416400,2026-04-17 09:00:00,0.007616,0.007778,0.007653,0.00773,24535401
1776420000,2026-04-17 10:00:00,0.007558,0.007743,0.007717,0.007613,24042239
1776423600,2026-04-17 11:00:00,0.007615,0.007772,0.007615,0.007704,32380126
1776427200,2026-04-17 12:00:00,0.007686,0.008024,0.007706,0.007992,80126527
1776430800,2026-04-17 13:00:00,0.00795,0.008137,0.007988,0.008057,147517394
1776434400,2026-04-17 14:00:00,0.007997,0.008125,0.008061,0.008071,78873213
1776438000,2026-04-17 15:00:00,0.007904,0.008079,0.008072,0.007992,45193680
1776441600,2026-04-17 16:00:00,0.007966,0.0081,0.008004,0.00806,35254753
1776445200,2026-04-17 17:00:00,0.0079,0.008087,0.008056,0.00799,37971158
1776448800,2026-04-17 18:00:00,0.007857,0.008015,0.007998,0.007919,19615761
1776452400,2026-04-17 19:00:00,0.00787,0.007958,0.007918,0.007891,20505809
1776456000,2026-04-17 20:00:00,0.007768,0.007912,0.007896,0.007837,14182279
1776459600,2026-04-17 21:00:00,0.007781,0.007886,0.007832,0.007815,14648816
1776463200,2026-04-17 22:00:00,0.007782,0.007851,0.007812,0.007799,10399431
1776466800,2026-04-17 23:00:00,0.007666,0.007794,0.007794,0.007684,25881441
1776470400,2026-04-18 00:00:00,0.00762,0.007725,0.007672,0.007692,32831044
1776474000,2026-04-18 01:00:00,0.007661,0.007725,0.00768,0.007707,19423271
1776477600,2026-04-18 02:00:00,0.007671,0.00779,0.007704,0.00774,18997848
1776481200,2026-04-18 03:00:00,0.007661,0.007751,0.007735,0.007679,20523374
1776484800,2026-04-18 04:00:00,0.007646,0.007716,0.007682,0.007683,9732433
1776488400,2026-04-18 05:00:00,0.007691,0.007775,0.007703,0.007761,13074398
1776492000,2026-04-18 06:00:00,0.007731,0.007787,0.007761,0.007737,7157956
1776495600,2026-04-18 07:00:00,0.007748,0.007836,0.007748,0.007803,15023415
1776499200,2026-04-18 08:00:00,0.007625,0.007812,0.007801,0.007658,20695202
1776502800,2026-04-18 09:00:00,0.007542,0.007678,0.007672,0.007592,24850784
1776506400,2026-04-18 10:00:00,0.007459,0.007575,0.007575,0.007494,18774952
1776510000,2026-04-18 11:00:00,0.007349,0.007489,0.007488,0.007402,32901062
1776513600,2026-04-18 12:00:00,0.007359,0.007434,0.0074,0.007422,14625335
1776517200,2026-04-18 13:00:00,0.007322,0.007432,0.007427,0.007383,27080247
1776520800,2026-04-18 14:00:00,0.007363,0.007457,0.007387,0.007449,13285576
1776524400,2026-04-18 15:00:00,0.0074,0.007477,0.007444,0.007433,9113710
1776528000,2026-04-18 16:00:00,0.007373,0.007478,0.007435,0.007388,18956877
1776531600,2026-04-18 17:00:00,0.007346,0.007413,0.00738,0.007375,9462660
1776535200,2026-04-18 18:00:00,0.007255,0.007404,0.007382,0.007266,33265617
1776538800,2026-04-18 19:00:00,0.007242,0.007321,0.007275,0.007264,15493493
1776542400,2026-04-18 20:00:00,0.00724,0.00731,0.007266,0.007293,8391824
1776546000,2026-04-18 21:00:00,0.007295,0.007348,0.007295,0.007338,14860750
1776549600,2026-04-18 22:00:00,0.007305,0.00735,0.00734,0.00731,15077416
1776553200,2026-04-18 23:00:00,0.007259,0.007353,0.007315,0.007259,8760518
1776556800,2026-04-19 00:00:00,0.007189,0.007281,0.007257,0.007234,17571608
1776560400,2026-04-19 01:00:00,0.007166,0.007268,0.007235,0.007179,13409358
1776564000,2026-04-19 02:00:00,0.00709,0.007178,0.007178,0.007109,20666228
1776567600,2026-04-19 03:00:00,0.007076,0.007205,0.007109,0.007157,17222115
1776571200,2026-04-19 04:00:00,0.007121,0.007208,0.007159,0.007155,15990123
1776574800,2026-04-19 05:00:00,0.007152,0.007247,0.007167,0.00716,18368173
1776578400,2026-04-19 06:00:00,0.007131,0.007237,0.007163,0.0072,16093727
1776582000,2026-04-19 07:00:00,0.007082,0.007195,0.007195,0.007142,22057442
1776585600,2026-04-19 08:00:00,0.007108,0.007152,0.00714,0.007137,11089021
1776589200,2026-04-19 09:00:00,0.007091,0.00714,0.007134,0.007107,7355708
1776592800,2026-04-19 10:00:00,0.00709,0.007124,0.007099,0.007124,7386685
1776596400,2026-04-19 11:00:00,0.007128,0.007233,0.007128,0.007226,11717109
1776600000,2026-04-19 12:00:00,0.007222,0.007333,0.007224,0.007271,21087233
1776603600,2026-04-19 13:00:00,0.007269,0.007411,0.007274,0.007344,28741860
1776607200,2026-04-19 14:00:00,0.007278,0.007396,0.007341,0.007323,16361771
1776610800,2026-04-19 15:00:00,0.007156,0.007329,0.00732,0.007327,15606935
1776614400,2026-04-19 16:00:00,0.007167,0.007354,0.00733,0.007189,17748439
1776618000,2026-04-19 17:00:00,0.007066,0.007198,0.007198,0.007086,33858308
1776621600,2026-04-19 18:00:00,0.007054,0.007105,0.007088,0.007088,11239154
1776625200,2026-04-19 19:00:00,0.007088,0.007159,0.007088,0.007142,6265238
1776628800,2026-04-19 20:00:00,0.007075,0.007138,0.007138,0.00709,15037002
1776632400,2026-04-19 21:00:00,0.007064,0.007133,0.007095,0.007075,9703583
1776636000,2026-04-19 22:00:00,0.00691,0.007056,0.007056,0.006979,45783945
1776639600,2026-04-19 23:00:00,0.006931,0.006979,0.006977,0.006939,22500927
1776643200,2026-04-20 00:00:00,0.006952,0.007077,0.006959,0.007072,29241422
1776646800,2026-04-20 01:00:00,0.007041,0.007105,0.007077,0.007075,10293126
1776650400,2026-04-20 02:00:00,0.00704,0.007094,0.00705,0.007079,10937563
1776654000,2026-04-20 03:00:00,0.007058,0.007117,0.007084,0.0071,11333673
1776657600,2026-04-20 04:00:00,0.007078,0.007153,0.007099,0.007135,7486678
1776661200,2026-04-20 05:00:00,0.007015,0.007136,0.007134,0.007068,17625431
1776664800,2026-04-20 06:00:00,0.007054,0.00718,0.00708,0.007147,12433584
1776668400,2026-04-20 07:00:00,0.007137,0.007343,0.007147,0.007266,30845533
1776672000,2026-04-20 08:00:00,0.007213,0.007282,0.007253,0.007222,21527360
1776675600,2026-04-20 09:00:00,0.007195,0.007282,0.007219,0.007246,16278301
1776679200,2026-04-20 10:00:00,0.007241,0.007333,0.007241,0.007268,21309550
1776682800,2026-04-20 11:00:00,0.007265,0.007351,0.007272,0.007331,19524749
1776686400,2026-04-20 12:00:00,0.007311,0.007488,0.007326,0.007438,49889156
1776690000,2026-04-20 13:00:00,0.007373,0.007473,0.007436,0.007463,56534298
1776693600,2026-04-20 14:00:00,0.00737,0.007632,0.007464,0.007421,52299381
1776697200,2026-04-20 15:00:00,0.007361,0.007646,0.007428,0.007533,36522178
1776700800,2026-04-20 16:00:00,0.007404,0.007563,0.007525,0.007408,36310725
1776704400,2026-04-20 17:00:00,0.007406,0.007548,0.007411,0.007548,20486497
1776708000,2026-04-20 18:00:00,0.007489,0.0076,0.007556,0.007552,51732794
1776711600,2026-04-20 19:00:00,0.0075,0.007577,0.007555,0.00755,40019539
1776715200,2026-04-20 20:00:00,0.007517,0.007698,0.007544,0.007674,49805279
1776718800,2026-04-20 21:00:00,0.007567,0.007707,0.00768,0.007649,25043843
1776722400,2026-04-20 22:00:00,0.007576,0.007664,0.007644,0.007576,9796707
1776726000,2026-04-20 23:00:00,0.007485,0.007575,0.007575,0.007521,20298587
1776729600,2026-04-21 00:00:00,0.007478,0.00757,0.00752,0.007557,12361778
1776733200,2026-04-21 01:00:00,0.00755,0.007651,0.007563,0.007577,16669900
1776736800,2026-04-21 02:00:00,0.007508,0.007576,0.007576,0.007509,16902773
1776740400,2026-04-21 03:00:00,0.00746,0.007559,0.007505,0.007543,13027243
1776744000,2026-04-21 04:00:00,0.007536,0.007618,0.00755,0.007615,12358084
1776747600,2026-04-21 05:00:00,0.007624,0.007814,0.007624,0.007767,50725607
1776751200,2026-04-21 06:00:00,0.00765,0.007795,0.007781,0.007672,27698892
1776754800,2026-04-21 07:00:00,0.007603,0.007702,0.00767,0.007637,29426849
1776758400,2026-04-21 08:00:00,0.007619,0.00775,0.007628,0.007703,16038315
1776762000,2026-04-21 09:00:00,0.007664,0.007871,0.007686,0.007836,21979632
1776765600,2026-04-21 10:00:00,0.007771,0.007872,0.007849,0.007827,51234158
1776769200,2026-04-21 11:00:00,0.007768,0.00793,0.00783,0.007843,45214935
1776772800,2026-04-21 12:00:00,0.00762,0.007854,0.007849,0.007727,30051236
1776776400,2026-04-21 13:00:00,0.007686,0.007767,0.007729,0.007738,39537889
1776780000,2026-04-21 14:00:00,0.007596,0.007791,0.007743,0.007637,24959638
1776783600,2026-04-21 15:00:00,0.007568,0.007672,0.007638,0.007663,21293711
1776787200,2026-04-21 16:00:00,0.007608,0.00771,0.007664,0.007618,8432811
1776790800,2026-04-21 17:00:00,0.0075,0.007694,0.007623,0.00762,14199735
1776794400,2026-04-21 18:00:00,0.007569,0.007661,0.007613,0.00766,31439320
1776798000,2026-04-21 19:00:00,0.007451,0.007713,0.007657,0.007475,44494294
1776801600,2026-04-21 20:00:00,0.007469,0.007638,0.007477,0.007611,22136757
1776805200,2026-04-21 21:00:00,0.007566,0.007629,0.007612,0.007591,9549490
1776808800,2026-04-21 22:00:00,0.007532,0.007611,0.007578,0.007589,7732959
1776812400,2026-04-21 23:00:00,0.007597,0.007806,0.007597,0.007775,25601753
1776816000,2026-04-22 00:00:00,0.007739,0.007827,0.007782,0.007777,33353055
1776819600,2026-04-22 01:00:00,0.007694,0.007803,0.007775,0.007711,12531000
1776823200,2026-04-22 02:00:00,0.0077,0.008037,0.007708,0.00803,57717094
1776826800,2026-04-22 03:00:00,0.007926,0.008065,0.008026,0.00799,35876763
1776830400,2026-04-22 04:00:00,0.007929,0.0081,0.007989,0.008095,16354199
1776834000,2026-04-22 05:00:00,0.00804,0.008246,0.008093,0.008069,45474679
1776837600,2026-04-22 06:00:00,0.008042,0.008159,0.008069,0.008128,26992917
1776841200,2026-04-22 07:00:00,0.008058,0.00816,0.008129,0.008138,37321115
1776844800,2026-04-22 08:00:00,0.008132,0.008352,0.008145,0.008283,28855029
1776848400,2026-04-22 09:00:00,0.008258,0.008482,0.008282,0.00844,22397103
1776852000,2026-04-22 10:00:00,0.008393,0.0089,0.008448,0.008873,74518733
1776855600,2026-04-22 11:00:00,0.008572,0.00904,0.008889,0.008662,162276186
1776859200,2026-04-22 12:00:00,0.008578,0.008778,0.008666,0.00861,44949661
1776862800,2026-04-22 13:00:00,0.008531,0.008786,0.0086,0.008674,71266369
1776866400,2026-04-22 14:00:00,0.008573,0.008755,0.008675,0.00864,55394782
1776870000,2026-04-22 15:00:00,0.008472,0.008658,0.008645,0.008483,79226613
1776873600,2026-04-22 16:00:00,0.008408,0.008573,0.00849,0.008447,58482910
1776877200,2026-04-22 17:00:00,0.008393,0.008568,0.008456,0.008538,31735425
1776880800,2026-04-22 18:00:00,0.008541,0.008636,0.008543,0.008572,34092426
1776884400,2026-04-22 19:00:00,0.008299,0.008573,0.008573,0.008386,89154659
1776888000,2026-04-22 20:00:00,0.008305,0.008386,0.008386,0.008321,37136763
1776891600,2026-04-22 21:00:00,0.008306,0.00843,0.00833,0.008357,35636443
1776895200,2026-04-22 22:00:00,0.008302,0.008411,0.008366,0.008338,38434255
1776898800,2026-04-22 23:00:00,0.008216,0.008355,0.008335,0.008219,52226300
1776902400,2026-04-23 00:00:00,0.008105,0.008306,0.00822,0.008294,119377019
1776906000,2026-04-23 01:00:00,0.008204,0.00846,0.008296,0.008435,38739856
1776909600,2026-04-23 02:00:00,0.008236,0.008479,0.008428,0.008316,76601550
1776913200,2026-04-23 03:00:00,0.008237,0.00842,0.008316,0.008415,57385236
1776916800,2026-04-23 04:00:00,0.008377,0.008541,0.008429,0.008533,58184822
1776920400,2026-04-23 05:00:00,0.008463,0.00864,0.008533,0.008518,50430300
1776924000,2026-04-23 06:00:00,0.00851,0.008737,0.008528,0.008733,70237204
1776927600,2026-04-23 07:00:00,0.008528,0.008748,0.008735,0.008565,36791429
1776931200,2026-04-23 08:00:00,0.00846,0.00856,0.008552,0.00851,52917634
1776934800,2026-04-23 09:00:00,0.0083,0.008505,0.008501,0.008415,40493878
1776938400,2026-04-23 10:00:00,0.008253,0.008426,0.008408,0.008277,44092567
1776942000,2026-04-23 11:00:00,0.008276,0.008489,0.008276,0.008403,36812129
1776945600,2026-04-23 12:00:00,0.008397,0.008549,0.008404,0.008488,23502928
1776949200,2026-04-23 13:00:00,0.008395,0.008516,0.008484,0.00846,52317159
1776952800,2026-04-23 14:00:00,0.008402,0.008524,0.008461,0.008506,25087280
1776956400,2026-04-23 15:00:00,0.008443,0.008784,0.008512,0.008709,100709253
1776960000,2026-04-23 16:00:00,0.00857,0.008732,0.008706,0.008588,54328368
1776963600,2026-04-23 17:00:00,0.00825,0.008592,0.008587,0.008414,71112595
1776967200,2026-04-23 18:00:00,0.008348,0.008464,0.008418,0.008357,33761651
1776970800,2026-04-23 19:00:00,0.008325,0.008435,0.008355,0.008346,33543255
1776974400,2026-04-23 20:00:00,0.008335,0.008439,0.008345,0.008405,22282032
1776978000,2026-04-23 21:00:00,0.008383,0.008491,0.008406,0.008422,38318082
1776981600,2026-04-23 22:00:00,0.008417,0.008506,0.008421,0.008438,27718145
1776985200,2026-04-23 23:00:00,0.008387,0.008466,0.008438,0.008456,18899027
1776988800,2026-04-24 00:00:00,0.008463,0.008643,0.008463,0.008591,44764888
1776992400,2026-04-24 01:00:00,0.008522,0.008834,0.008601,0.008828,33328389
1776996000,2026-04-24 02:00:00,0.008692,0.00898,0.008827,0.008703,107228523
1776999600,2026-04-24 03:00:00,0.008483,0.008719,0.008701,0.008514,22414524
1777003200,2026-04-24 04:00:00,0.008428,0.008538,0.008513,0.008462,16347658
1777006800,2026-04-24 05:00:00,0.008409,0.008553,0.008466,0.008487,45116971
1777010400,2026-04-24 06:00:00,0.00846,0.008603,0.008488,0.008539,29553043
1777014000,2026-04-24 07:00:00,0.008489,0.008635,0.008525,0.008524,19228109
1777017600,2026-04-24 08:00:00,0.008502,0.008611,0.008527,0.008561,21760417
1777021200,2026-04-24 09:00:00,0.00838,0.008567,0.008567,0.008445,55648455
1777024800,2026-04-24 10:00:00,0.008416,0.00859,0.008433,0.008556,29104089
1777028400,2026-04-24 11:00:00,0.008555,0.00873,0.008556,0.0087,43556266
1777032000,2026-04-24 12:00:00,0.008684,0.008775,0.008689,0.008707,26628003
1777035600,2026-04-24 13:00:00,0.008573,0.008799,0.00872,0.008605,37676431
1777039200,2026-04-24 14:00:00,0.008504,0.008708,0.008576,0.008635,42424973
1777042800,2026-04-24 15:00:00,0.00849,0.008651,0.008635,0.008603,24849147
1777046400,2026-04-24 16:00:00,0.008447,0.008632,0.008602,0.008525,25401363
1777050000,2026-04-24 17:00:00,0.008491,0.008573,0.008536,0.008561,25289707
1777053600,2026-04-24 18:00:00,0.008482,0.008589,0.008553,0.008586,14519836
1777057200,2026-04-24 19:00:00,0.008508,0.008636,0.008591,0.008557,31775507
1777060800,2026-04-24 20:00:00,0.008441,0.008604,0.008554,0.008583,33646568
1777064400,2026-04-24 21:00:00,0.00846,0.008619,0.008588,0.008478,27898005
1777068000,2026-04-24 22:00:00,0.008294,0.008478,0.008465,0.008353,33002298
1777071600,2026-04-24 23:00:00,0.008327,0.008405,0.008355,0.008384,17432223
1777075200,2026-04-25 00:00:00,0.008306,0.008388,0.008371,0.008364,20041129
1777078800,2026-04-25 01:00:00,0.008361,0.00849,0.008361,0.008489,27470510
1777082400,2026-04-25 02:00:00,0.008448,0.008526,0.008489,0.008501,40498516
1777086000,2026-04-25 03:00:00,0.008486,0.008618,0.008506,0.008591,63444020
1777089600,2026-04-25 04:00:00,0.008503,0.008611,0.008596,0.008531,29078323
1777093200,2026-04-25 05:00:00,0.008464,0.008555,0.008527,0.008554,35274329
1777096800,2026-04-25 06:00:00,0.008555,0.008698,0.008562,0.008618,42383282
1777100400,2026-04-25 07:00:00,0.008571,0.008687,0.008609,0.008613,22166393
1777104000,2026-04-25 08:00:00,0.008587,0.00865,0.008611,0.00865,24056200
1777107600,2026-04-25 09:00:00,0.008578,0.008665,0.008645,0.008599,33099784
1777111200,2026-04-25 10:00:00,0.008581,0.008687,0.0086,0.008656,37282978
1777114800,2026-04-25 11:00:00,0.00853,0.008664,0.008658,0.0086,20946139
1777118400,2026-04-25 12:00:00,0.008541,0.008646,0.008602,0.008589,23581100
1777122000,2026-04-25 13:00:00,0.008559,0.008654,0.008589,0.008559,33128390
1777125600,2026-04-25 14:00:00,0.008466,0.008586,0.008566,0.008469,27498698
1777129200,2026-04-25 15:00:00,0.008419,0.008555,0.008465,0.008444,33479759
1777132800,2026-04-25 16:00:00,0.008348,0.008478,0.008454,0.008429,24071830
1777136400,2026-04-25 17:00:00,0.008364,0.008439,0.008428,0.008389,15364123
1777140000,2026-04-25 18:00:00,0.008382,0.008469,0.008388,0.008452,19986651
1777143600,2026-04-25 19:00:00,0.008381,0.008486,0.008449,0.008399,27842364
1777147200,2026-04-25 20:00:00,0.008379,0.008518,0.008401,0.008517,24756662
1777150800,2026-04-25 21:00:00,0.008518,0.008634,0.008518,0.008527,51951315
1777154400,2026-04-25 22:00:00,0.008524,0.008659,0.008524,0.008593,50510667
1777158000,2026-04-25 23:00:00,0.008521,0.008664,0.00859,0.008618,21120417
1777161600,2026-04-26 00:00:00,0.008508,0.008622,0.008618,0.008535,28395269
1777165200,2026-04-26 01:00:00,0.008516,0.008582,0.00853,0.008536,31445590
1777168800,2026-04-26 02:00:00,0.008533,0.008645,0.008533,0.008596,40901557
1777172400,2026-04-26 03:00:00,0.008556,0.008682,0.008598,0.008609,35837576
1777176000,2026-04-26 04:00:00,0.008566,0.008695,0.008612,0.008649,36468472
1777179600,2026-04-26 05:00:00,0.008649,0.00876,0.00865,0.00874,53109059
1777183200,2026-04-26 06:00:00,0.008656,0.008827,0.008745,0.00869,40683747
1777186800,2026-04-26 07:00:00,0.008658,0.0088,0.008687,0.008763,29115150
1777190400,2026-04-26 08:00:00,0.008719,0.008807,0.008756,0.008764,27153710
1777194000,2026-04-26 09:00:00,0.00875,0.008936,0.008763,0.008876,28985965
1777197600,2026-04-26 10:00:00,0.008817,0.009123,0.008878,0.009119,70097395
1777201200,2026-04-26 11:00:00,0.008964,0.009236,0.009118,0.00898,90538759
1777204800,2026-04-26 12:00:00,0.008838,0.009006,0.008958,0.008867,35663867
1777208400,2026-04-26 13:00:00,0.008761,0.008893,0.008858,0.008774,32099061
1777212000,2026-04-26 14:00:00,0.008744,0.008852,0.008769,0.008802,33062748
1777215600,2026-04-26 15:00:00,0.008751,0.008811,0.008804,0.008763,27397476
1777219200,2026-04-26 16:00:00,0.008623,0.008769,0.008763,0.008653,46002119
1777222800,2026-04-26 17:00:00,0.008617,0.008689,0.008653,0.008676,27627473
1777226400,2026-04-26 18:00:00,0.008656,0.008887,0.008671,0.008841,102470784
1777230000,2026-04-26 19:00:00,0.008833,0.009076,0.008843,0.009019,89477925
1777233600,2026-04-26 20:00:00,0.008983,0.009059,0.00903,0.00902,49250450
1777237200,2026-04-26 21:00:00,0.008825,0.009109,0.009025,0.008988,63305175
1777240800,2026-04-26 22:00:00,0.00885,0.009013,0.008987,0.008908,19442584
1777244400,2026-04-26 23:00:00,0.008891,0.009032,0.008907,0.008955,38464558
1777248000,2026-04-27 00:00:00,0.008917,0.009156,0.008953,0.009153,49204086
1777251600,2026-04-27 01:00:00,0.009158,0.009659,0.009158,0.009648,130027760
1777255200,2026-04-27 02:00:00,0.009466,0.010071,0.009647,0.009947,141380449
1777258800,2026-04-27 03:00:00,0.009853,0.010277,0.009946,0.009877,193012778
1777262400,2026-04-27 04:00:00,0.009778,0.010219,0.00989,0.010219,115617843
1777266000,2026-04-27 05:00:00,0.009589,0.010239,0.010219,0.009697,185794857
1777269600,2026-04-27 06:00:00,0.009455,0.009929,0.009694,0.009875,122318385
1777273200,2026-04-27 07:00:00,0.009514,0.009872,0.009872,0.009524,83651738
1777276800,2026-04-27 08:00:00,0.009465,0.009698,0.009532,0.009652,62727626
1777280400,2026-04-27 09:00:00,0.009618,0.009808,0.00965,0.009722,70867717
1777284000,2026-04-27 10:00:00,0.009542,0.009765,0.009726,0.009625,58309309
1777287600,2026-04-27 11:00:00,0.009471,0.009646,0.009624,0.009569,42452806
1777291200,2026-04-27 12:00:00,0.009475,0.009736,0.00957,0.00973,102637086
1777294800,2026-04-27 13:00:00,0.009631,0.00988,0.009732,0.009775,94480870
1777298400,2026-04-27 14:00:00,0.009767,0.010492,0.009774,0.010149,212349647
1777302000,2026-04-27 15:00:00,0.009786,0.010162,0.01015,0.009986,210089496
1777305600,2026-04-27 16:00:00,0.009638,0.009978,0.009978,0.009666,83795155
1777309200,2026-04-27 17:00:00,0.009649,0.01004,0.009667,0.009974,148162249
1777312800,2026-04-27 18:00:00,0.009881,0.010118,0.009972,0.0099,119571821
1777316400,2026-04-27 19:00:00,0.009677,0.009909,0.0099,0.009828,83976293
1777320000,2026-04-27 20:00:00,0.009737,0.00994,0.009829,0.009846,59382001
1777323600,2026-04-27 21:00:00,0.00983,0.010225,0.009848,0.010086,95033039
1777327200,2026-04-27 22:00:00,0.010079,0.010409,0.010088,0.010306,127841194
1777330800,2026-04-27 23:00:00,0.010158,0.010394,0.010304,0.010332,75213446
1777334400,2026-04-28 00:00:00,0.010041,0.010344,0.010328,0.010194,86402831
1777338000,2026-04-28 01:00:00,0.010051,0.010455,0.010186,0.010101,105923522
1777341600,2026-04-28 02:00:00,0.00994,0.010175,0.0101,0.010034,52839787
1777345200,2026-04-28 03:00:00,0.009781,0.010066,0.010035,0.00987,51068438
1777348800,2026-04-28 04:00:00,0.009788,0.010018,0.009866,0.009969,43768300
1777352400,2026-04-28 05:00:00,0.009956,0.010398,0.009964,0.010358,85746756
1777356000,2026-04-28 06:00:00,0.010067,0.010541,0.010366,0.010144,87184500
1777359600,2026-04-28 07:00:00,0.009892,0.010165,0.010145,0.01009,56782952
1777363200,2026-04-28 08:00:00,0.009959,0.01025,0.010092,0.010234,66767742
1777366800,2026-04-28 09:00:00,0.009999,0.010274,0.010232,0.010072,39835134
1777370400,2026-04-28 10:00:00,0.00988,0.010133,0.010071,0.009923,40739632
1777374000,2026-04-28 11:00:00,0.009824,0.01001,0.009929,0.009918,62524593
1777377600,2026-04-28 12:00:00,0.009854,0.010038,0.00992,0.010034,48963307
1777381200,2026-04-28 13:00:00,0.009761,0.010379,0.010035,0.010178,108138018
1777384800,2026-04-28 14:00:00,0.010059,0.01037,0.010177,0.010359,100541961
1777388400,2026-04-28 15:00:00,0.010157,0.010593,0.010362,0.010208,93980067
1777392000,2026-04-28 16:00:00,0.010045,0.010246,0.010207,0.01006,45738036
1777395600,2026-04-28 17:00:00,0.009985,0.010215,0.010058,0.010107,56189109
1777399200,2026-04-28 18:00:00,0.010108,0.010326,0.01011,0.010216,51533396
1777402800,2026-04-28 19:00:00,0.010091,0.01023,0.010214,0.010162,39743958
1777406400,2026-04-28 20:00:00,0.01013,0.010378,0.010162,0.010321,50520706
1777410000,2026-04-28 21:00:00,0.010185,0.010388,0.01032,0.010226,25747202
1777413600,2026-04-28 22:00:00,0.010233,0.01054,0.010234,0.010413,70412011
1777417200,2026-04-28 23:00:00,0.010128,0.010414,0.010413,0.010183,31190842
1777420800,2026-04-29 00:00:00,0.00994,0.010217,0.010184,0.009986,47683144
1777424400,2026-04-29 01:00:00,0.009854,0.010097,0.009982,0.010035,54261624
1777428000,2026-04-29 02:00:00,0.009899,0.010063,0.010034,0.00998,38492922
1777431600,2026-04-29 03:00:00,0.009917,0.010097,0.009982,0.010082,47533322
1777435200,2026-04-29 04:00:00,0.010043,0.010426,0.010082,0.010388,100013038
1777438800,2026-04-29 05:00:00,0.010172,0.010472,0.010387,0.010245,65105826
1777442400,2026-04-29 06:00:00,0.009953,0.010254,0.010242,0.010016,57333304
1777446000,2026-04-29 07:00:00,0.00996,0.010129,0.01001,0.009986,61409130
1777449600,2026-04-29 08:00:00,0.009923,0.010062,0.01,0.009971,45833976
1777453200,2026-04-29 09:00:00,0.009952,0.010362,0.00997,0.010288,52713934
1777456800,2026-04-29 10:00:00,0.010098,0.010315,0.010287,0.01017,49673842
1777460400,2026-04-29 11:00:00,0.009976,0.010217,0.01017,0.010008,52048165
1777464000,2026-04-29 12:00:00,0.009542,0.010018,0.010008,0.00975,113610870
1777467600,2026-04-29 13:00:00,0.009688,0.010144,0.009749,0.010098,108410214
1777471200,2026-04-29 14:00:00,0.009953,0.010186,0.010098,0.010005,90312662
1777474800,2026-04-29 15:00:00,0.00963,0.010074,0.010007,0.009658,156449213
1777478400,2026-04-29 16:00:00,0.009337,0.009748,0.009664,0.009414,147135526
1777482000,2026-04-29 17:00:00,0.009416,0.009602,0.009416,0.009526,149680108
1777485600,2026-04-29 18:00:00,0.009324,0.009723,0.009538,0.009695,94421114
1777489200,2026-04-29 19:00:00,0.009575,0.009818,0.009692,0.009642,61851911
1777492800,2026-04-29 20:00:00,0.009578,0.00977,0.009642,0.00971,49939399
1777496400,2026-04-29 21:00:00,0.009684,0.009815,0.00971,0.009756,39354368
1777500000,2026-04-29 22:00:00,0.009692,0.009824,0.009744,0.009694,36620971
1777503600,2026-04-29 23:00:00,0.009621,0.009734,0.009692,0.009697,42765739
1777507200,2026-04-30 00:00:00,0.009624,0.009799,0.009698,0.009767,62754927
1777510800,2026-04-30 01:00:00,0.009685,0.00999,0.009765,0.009918,61722894
1777514400,2026-04-30 02:00:00,0.009588,0.009999,0.00992,0.009604,57237107
1777518000,2026-04-30 03:00:00,0.009575,0.009698,0.009602,0.009632,33536871
1777521600,2026-04-30 04:00:00,0.009466,0.009632,0.009631,0.009511,44196851
1777525200,2026-04-30 05:00:00,0.009416,0.009581,0.009507,0.009549,67751113
1777528800,2026-04-30 06:00:00,0.009552,0.009788,0.009552,0.009676,75373761
1777532400,2026-04-30 07:00:00,0.009656,0.009796,0.009676,0.009746,62937465
1777536000,2026-04-30 08:00:00,0.009675,0.009764,0.009747,0.009722,40065634
1777539600,2026-04-30 09:00:00,0.009662,0.009774,0.009721,0.009674,33965448
1777543200,2026-04-30 10:00:00,0.009496,0.009678,0.00967,0.009546,34696121
1777546800,2026-04-30 11:00:00,0.009498,0.009659,0.00955,0.009647,40541640
1777550400,2026-04-30 12:00:00,0.009578,0.009788,0.009648,0.009581,31390796
1777554000,2026-04-30 13:00:00,0.009542,0.009746,0.009581,0.009712,65980124
1777557600,2026-04-30 14:00:00,0.009614,0.009896,0.00971,0.009799,60240166
1777561200,2026-04-30 15:00:00,0.009752,0.009967,0.009792,0.009907,51781626
1777564800,2026-04-30 16:00:00,0.009841,0.010153,0.009902,0.010034,84927325
1777568400,2026-04-30 17:00:00,0.009944,0.01017,0.01004,0.00995,86948310
1777572000,2026-04-30 18:00:00,0.009934,0.010192,0.009954,0.009982,63194214
1777575600,2026-04-30 19:00:00,0.009958,0.010081,0.009986,0.00998,37751949
1777579200,2026-04-30 20:00:00,0.009935,0.01001,0.009978,0.009961,32996780
1777582800,2026-04-30 21:00:00,0.009821,0.009993,0.009955,0.009821,36861026
1777586400,2026-04-30 22:00:00,0.009797,0.009877,0.009827,0.009835,38988882
1777590000,2026-04-30 23:00:00,0.009799,0.010032,0.009836,0.009983,58422801
1777593600,2026-05-01 00:00:00,0.009944,0.010077,0.00998,0.00996,41247089
1777597200,2026-05-01 01:00:00,0.009952,0.010139,0.009957,0.0101,48900625
1777600800,2026-05-01 02:00:00,0.009939,0.010122,0.010099,0.009992,39449235
1777604400,2026-05-01 03:00:00,0.009951,0.010211,0.00999,0.009974,60102955
1777608000,2026-05-01 04:00:00,0.00988,0.010016,0.00997,0.009919,39929436
1777611600,2026-05-01 05:00:00,0.00986,0.00994,0.00992,0.009915,27613846
1777615200,2026-05-01 06:00:00,0.009812,0.009958,0.009917,0.009844,34343548
1777618800,2026-05-01 07:00:00,0.009798,0.009891,0.009842,0.009872,32329912
1777622400,2026-05-01 08:00:00,0.009856,0.010127,0.00987,0.010102,43904895
1777626000,2026-05-01 09:00:00,0.009842,0.010162,0.010106,0.00986,34816900
1777629600,2026-05-01 10:00:00,0.009802,0.009946,0.009858,0.009946,37864196
1777633200,2026-05-01 11:00:00,0.009885,0.01004,0.009948,0.010032,51702921
1777636800,2026-05-01 12:00:00,0.009962,0.010078,0.010036,0.01003,86700341
1777640400,2026-05-01 13:00:00,0.009999,0.010168,0.010034,0.010115,68947088
1777644000,2026-05-01 14:00:00,0.009911,0.010122,0.010116,0.009996,59963262
1777647600,2026-05-01 15:00:00,0.009984,0.010126,0.009994,0.010059,51097632
1777651200,2026-05-01 16:00:00,0.010018,0.010118,0.010052,0.010034,40594132
1777654800,2026-05-01 17:00:00,0.009945,0.010102,0.010032,0.010056,33871553
1777658400,2026-05-01 18:00:00,0.00999,0.010059,0.010055,0.010021,43305437
1777662000,2026-05-01 19:00:00,0.009984,0.010045,0.010024,0.010036,33747888
1777665600,2026-05-01 20:00:00,0.009917,0.010066,0.010042,0.009932,35304319
1777669200,2026-05-01 21:00:00,0.009875,0.009999,0.00993,0.009999,34795164
1777672800,2026-05-01 22:00:00,0.009886,0.010019,0.009996,0.009921,41380998
1777676400,2026-05-01 23:00:00,0.009759,0.009923,0.009922,0.009854,67102151
1777680000,2026-05-02 00:00:00,0.009789,0.009912,0.009856,0.00988,36894238
1777683600,2026-05-02 01:00:00,0.00987,0.009959,0.009882,0.009928,45736585
1777687200,2026-05-02 02:00:00,0.009916,0.010006,0.009926,0.009959,51907438
1777690800,2026-05-02 03:00:00,0.009943,0.010192,0.009956,0.01016,67150290
1777694400,2026-05-02 04:00:00,0.009996,0.010181,0.010162,0.01001,48418031
1777698000,2026-05-02 05:00:00,0.009994,0.01018,0.010011,0.010148,56777026
1777701600,2026-05-02 06:00:00,0.010046,0.010331,0.010149,0.010154,75951068
1777705200,2026-05-02 07:00:00,0.010146,0.010283,0.010158,0.010163,39323864
1777708800,2026-05-02 08:00:00,0.009985,0.010182,0.010162,0.010012,41213504
1777712400,2026-05-02 09:00:00,0.009974,0.010044,0.010012,0.010016,28592472
1777716000,2026-05-02 10:00:00,0.009991,0.010111,0.010018,0.010077,28518580
1777719600,2026-05-02 11:00:00,0.00996,0.010117,0.010076,0.010014,50458627
1777723200,2026-05-02 12:00:00,0.009904,0.010053,0.010014,0.009947,57098534
1777726800,2026-05-02 13:00:00,0.009933,0.01009,0.009946,0.010064,40958127
1777730400,2026-05-02 14:00:00,0.010046,0.010126,0.010066,0.010056,40138771
1777734000,2026-05-02 15:00:00,0.010057,0.010147,0.010058,0.010126,28118559
1777737600,2026-05-02 16:00:00,0.010032,0.01014,0.010125,0.010096,32296491
1777741200,2026-05-02 17:00:00,0.009977,0.010108,0.010095,0.009994,34505398
1777744800,2026-05-02 18:00:00,0.009865,0.009992,0.009992,0.009934,38933674
1777748400,2026-05-02 19:00:00,0.009915,0.009965,0.009936,0.009962,15295278
1777752000,2026-05-02 20:00:00,0.00994,0.009974,0.009964,0.009961,22970476
1777755600,2026-05-02 21:00:00,0.009946,0.010088,0.00996,0.010022,38553289
1777759200,2026-05-02 22:00:00,0.009927,0.01003,0.01003,0.009962,37269907
1777762800,2026-05-02 23:00:00,0.009877,0.009961,0.009961,0.009881,34426390
1777766400,2026-05-03 00:00:00,0.009785,0.009924,0.009881,0.009824,61899087
1777770000,2026-05-03 01:00:00,0.009665,0.00982,0.00982,0.009721,59273773
1777773600,2026-05-03 02:00:00,0.009609,0.00973,0.009718,0.009665,29672607
1777777200,2026-05-03 03:00:00,0.009602,0.009662,0.009662,0.009634,35247289
1777780800,2026-05-03 04:00:00,0.009629,0.009682,0.009635,0.009658,19202650
1777784400,2026-05-03 05:00:00,0.009604,0.009693,0.009657,0.009616,31685928
1777788000,2026-05-03 06:00:00,0.009581,0.009685,0.009617,0.009642,31528930
1777791600,2026-05-03 07:00:00,0.009638,0.009858,0.009644,0.009807,79379253
1777795200,2026-05-03 08:00:00,0.009784,0.00988,0.009805,0.009857,35803033
1777798800,2026-05-03 09:00:00,0.009743,0.00986,0.009857,0.009799,36258050
1777802400,2026-05-03 10:00:00,0.009741,0.009814,0.009798,0.009744,20893631
1777806000,2026-05-03 11:00:00,0.009717,0.00992,0.009752,0.009875,40607509
1777809600,2026-05-03 12:00:00,0.009823,0.009906,0.009876,0.009829,34267963
1777813200,2026-05-03 13:00:00,0.009764,0.009842,0.00983,0.0098,47842428
1777816800,2026-05-03 14:00:00,0.009716,0.009814,0.009797,0.009762,44509809
1777820400,2026-05-03 15:00:00,0.009648,0.009813,0.009767,0.009675,47156164
1777824000,2026-05-03 16:00:00,0.009599,0.009691,0.009676,0.009608,42324562
1777827600,2026-05-03 17:00:00,0.009556,0.009737,0.009604,0.009695,37402986
1777831200,2026-05-03 18:00:00,0.00968,0.009803,0.009696,0.009779,31079360
1777834800,2026-05-03 19:00:00,0.009747,0.00988,0.009779,0.009792,48971676
1777838400,2026-05-03 20:00:00,0.009782,0.009895,0.00979,0.009844,56451075
1777842000,2026-05-03 21:00:00,0.009737,0.009908,0.009845,0.009814,29043069
1777845600,2026-05-03 22:00:00,0.009803,0.010126,0.009816,0.010034,86142672
1777849200,2026-05-03 23:00:00,0.009843,0.010059,0.01003,0.009881,47387925
1777852800,2026-05-04 00:00:00,0.009757,0.009989,0.009882,0.009972,38560020
1777856400,2026-05-04 01:00:00,0.009874,0.0104,0.009974,0.010399,120383875
1777860000,2026-05-04 02:00:00,0.010195,0.010521,0.010395,0.010468,107929461
1777863600,2026-05-04 03:00:00,0.010299,0.010514,0.010469,0.010406,76277699
1777867200,2026-05-04 04:00:00,0.010278,0.01043,0.010405,0.010359,41433484
1777870800,2026-05-04 05:00:00,0.010135,0.01036,0.01036,0.010154,43038197
1777874400,2026-05-04 06:00:00,0.009999,0.010166,0.010156,0.010075,47135626
1777878000,2026-05-04 07:00:00,0.01004,0.010132,0.01008,0.010117,29746262
1777881600,2026-05-04 08:00:00,0.010067,0.010142,0.010118,0.010112,31652371
1777885200,2026-05-04 09:00:00,0.010066,0.01023,0.010112,0.010197,33091370
1777888800,2026-05-04 10:00:00,0.00985,0.010208,0.010199,0.009894,82585577
1777892400,2026-05-04 11:00:00,0.009853,0.009979,0.009896,0.00993,24970816
1777896000,2026-05-04 12:00:00,0.009916,0.010034,0.009928,0.00999,55473413
1777899600,2026-05-04 13:00:00,0.009866,0.010042,0.009984,0.009986,62217383
1777903200,2026-05-04 14:00:00,0.009907,0.010162,0.00999,0.0101,67804556
1777906800,2026-05-04 15:00:00,0.009898,0.010131,0.010098,0.01001,72826933
1777910400,2026-05-04 16:00:00,0.009925,0.010058,0.010011,0.009979,51341960
1777914000,2026-05-04 17:00:00,0.009973,0.010125,0.009978,0.01007,42407428
1777917600,2026-05-04 18:00:00,0.009983,0.010116,0.010074,0.010021,41230487
1777921200,2026-05-04 19:00:00,0.009975,0.010066,0.01002,0.010052,50472533
1777924800,2026-05-04 20:00:00,0.009979,0.010076,0.01005,0.009996,36285285
1777928400,2026-05-04 21:00:00,0.009988,0.010116,0.009994,0.010102,34113783
1777932000,2026-05-04 22:00:00,0.010099,0.010319,0.0101,0.01015,93999631
1777935600,2026-05-04 23:00:00,0.010066,0.010159,0.010149,0.010099,41633014
1777939200,2026-05-05 00:00:00,0.01009,0.01025,0.010101,0.010246,44154649
1777942800,2026-05-05 01:00:00,0.010221,0.010752,0.010246,0.010609,163645694
1777946400,2026-05-05 02:00:00,0.010541,0.010922,0.010615,0.010626,119118359
1777950000,2026-05-05 03:00:00,0.010507,0.010646,0.01064,0.010529,46132440
1777953600,2026-05-05 04:00:00,0.010451,0.010742,0.01053,0.010688,61041866
1777957200,2026-05-05 05:00:00,0.010664,0.010822,0.010686,0.010812,49466096
1777960800,2026-05-05 06:00:00,0.010757,0.010902,0.010814,0.01088,38740199
1777964400,2026-05-05 07:00:00,0.010666,0.010922,0.010878,0.010702,38894462
1777968000,2026-05-05 08:00:00,0.010638,0.010894,0.010706,0.010894,31359885
1777971600,2026-05-05 09:00:00,0.01077,0.011008,0.010896,0.010832,56283382
1777975200,2026-05-05 10:00:00,0.010734,0.010913,0.010834,0.010858,43523544
1777978800,2026-05-05 11:00:00,0.010852,0.011195,0.010859,0.01116,103780164
1777982400,2026-05-05 12:00:00,0.011017,0.011478,0.011155,0.011434,88263264
1777986000,2026-05-05 13:00:00,0.011424,0.011867,0.011431,0.011678,157505107
1777989600,2026-05-05 14:00:00,0.011441,0.011853,0.011686,0.011668,133386859
1777993200,2026-05-05 15:00:00,0.011532,0.011798,0.01167,0.011551,93217119
1777996800,2026-05-05 16:00:00,0.011343,0.011637,0.011556,0.011584,97449800
1778000400,2026-05-05 17:00:00,0.011432,0.01178,0.011582,0.011477,63629731
1778004000,2026-05-05 18:00:00,0.011352,0.011492,0.01148,0.011376,50205316
1778007600,2026-05-05 19:00:00,0.011261,0.011462,0.011366,0.011351,53097297
1778011200,2026-05-05 20:00:00,0.01128,0.011456,0.011348,0.011426,66478660
1778014800,2026-05-05 21:00:00,0.010949,0.011512,0.011422,0.011238,110165497
1778018400,2026-05-05 22:00:00,0.010998,0.011258,0.01124,0.011042,81906722
1778022000,2026-05-05 23:00:00,0.01101,0.011149,0.011046,0.011047,46429990
1778025600,2026-05-06 00:00:00,0.011032,0.011172,0.011044,0.011069,53183712
1778029200,2026-05-06 01:00:00,0.011059,0.011195,0.011068,0.011154,53371450
1778032800,2026-05-06 02:00:00,0.010978,0.011161,0.011146,0.011075,47844506
1778036400,2026-05-06 03:00:00,0.010984,0.011122,0.011076,0.011068,56239177
1778040000,2026-05-06 04:00:00,0.011004,0.011134,0.01107,0.011078,67070086
1778043600,2026-05-06 05:00:00,0.010991,0.011132,0.011072,0.011082,50163740
1778047200,2026-05-06 06:00:00,0.011018,0.01113,0.011086,0.011038,40184875
1778050800,2026-05-06 07:00:00,0.01104,0.011173,0.01104,0.011124,43102558
1778054400,2026-05-06 08:00:00,0.011091,0.011273,0.011124,0.011263,65090742
1778058000,2026-05-06 09:00:00,0.011181,0.011334,0.011257,0.011298,45607574
1778061600,2026-05-06 10:00:00,0.011192,0.011322,0.011301,0.011209,47767830
1778065200,2026-05-06 11:00:00,0.011069,0.01128,0.011207,0.01115,69094676
1778068800,2026-05-06 12:00:00,0.010974,0.011158,0.01115,0.01102,32801794
1778072400,2026-05-06 13:00:00,0.01071,0.011021,0.011021,0.010753,84361539
1778076000,2026-05-06 14:00:00,0.01066,0.010959,0.010758,0.01086,46858387
1778079600,2026-05-06 15:00:00,0.010812,0.010951,0.010864,0.01093,47757785
1778083200,2026-05-06 16:00:00,0.010858,0.010998,0.010931,0.010921,52477822
1778086800,2026-05-06 17:00:00,0.010684,0.010921,0.010919,0.010763,52940480
1778090400,2026-05-06 18:00:00,0.010651,0.010797,0.010762,0.010705,49054722
1778094000,2026-05-06 19:00:00,0.010686,0.010753,0.010702,0.010726,36525734
1778097600,2026-05-06 20:00:00,0.010661,0.010779,0.010732,0.010725,54650163
1778101200,2026-05-06 21:00:00,0.010696,0.010781,0.01072,0.010764,37307865
1778104800,2026-05-06 22:00:00,0.010682,0.010775,0.01076,0.010746,32008071
1778108400,2026-05-06 23:00:00,0.010672,0.010758,0.010748,0.010742,6604425
1778112000,2026-05-07 00:00:00,0.010493,0.010743,0.010741,0.010535,64167583
1778115600,2026-05-07 01:00:00,0.010434,0.010562,0.010536,0.01049,27221647
1778119200,2026-05-07 02:00:00,0.010319,0.010489,0.010488,0.01035,34532867
1778122800,2026-05-07 03:00:00,0.010278,0.010382,0.010347,0.010356,19107966
1778126400,2026-05-07 04:00:00,0.010334,0.010452,0.010358,0.010437,22227555
1778130000,2026-05-07 05:00:00,0.010417,0.010503,0.010436,0.010432,24625490
1778133600,2026-05-07 06:00:00,0.010368,0.010528,0.010433,0.010528,29056809
1778137200,2026-05-07 07:00:00,0.01052,0.010642,0.010522,0.010565,53900245
1778140800,2026-05-07 08:00:00,0.010457,0.010581,0.010568,0.010496,13921877
1778144400,2026-05-07 09:00:00,0.010434,0.01052,0.010495,0.010492,13410513
1778148000,2026-05-07 10:00:00,0.010394,0.01054,0.010494,0.010493,9645221
1778151600,2026-05-07 11:00:00,0.010466,0.010552,0.010494,0.01054,12660465
1778155200,2026-05-07 12:00:00,0.010545,0.010715,0.010545,0.010695,35885168
1778158800,2026-05-07 13:00:00,0.010466,0.0107,0.010694,0.01052,27869709
1778162400,2026-05-07 14:00:00,0.010288,0.010531,0.010517,0.010345,26841052
1778166000,2026-05-07 15:00:00,0.010245,0.010445,0.010343,0.010345,28651614
1778169600,2026-05-07 16:00:00,0.010246,0.010382,0.010346,0.01033,36481269
1778173200,2026-05-07 17:00:00,0.010304,0.010434,0.010334,0.01038,17903728
1778176800,2026-05-07 18:00:00,0.010359,0.010466,0.010376,0.010375,29972068
1778180400,2026-05-07 19:00:00,0.010291,0.01039,0.010375,0.010303,8990096
1778184000,2026-05-07 20:00:00,0.01025,0.010382,0.010308,0.010255,27099475
1778187600,2026-05-07 21:00:00,0.010152,0.010276,0.010254,0.01025,22299054
1778191200,2026-05-07 22:00:00,0.0102,0.01032,0.010248,0.010254,46452610
1778194800,2026-05-07 23:00:00,0.010256,0.01032,0.010256,0.010282,5822780
1778198400,2026-05-08 00:00:00,0.01027,0.010372,0.010286,0.010333,7451520
1778202000,2026-05-08 01:00:00,0.010235,0.010344,0.010335,0.010269,4237727
1778223600,2026-05-08 07:00:00,0.010247,0.010277,0.010269,0.010262,1678201
1778227200,2026-05-08 08:00:00,0.010258,0.010467,0.010258,0.010328,10294821
1778230800,2026-05-08 09:00:00,0.010304,0.010468,0.010332,0.010388,10924632
1778234400,2026-05-08 10:00:00,0.010312,0.010412,0.010386,0.01035,11562637
1778238000,2026-05-08 11:00:00,0.01031,0.010374,0.010341,0.010355,3596767
1778241600,2026-05-08 12:00:00,0.010313,0.010448,0.010354,0.010327,7947507
1778245200,2026-05-08 13:00:00,0.010181,0.01035,0.010323,0.010282,28139684
1778248800,2026-05-08 14:00:00,0.010276,0.010414,0.010284,0.010378,8581000
1778252400,2026-05-08 15:00:00,0.010339,0.010448,0.010376,0.010422,10553343
1778256000,2026-05-08 16:00:00,0.010366,0.010456,0.010428,0.010387,8851485
1778259600,2026-05-08 17:00:00,0.010379,0.010517,0.010386,0.010432,27703998
1778263200,2026-05-08 18:00:00,0.010389,0.010539,0.010434,0.010459,52020145
1778266800,2026-05-08 19:00:00,0.010432,0.010551,0.010468,0.010456,23095413
1778270400,2026-05-08 20:00:00,0.010399,0.010498,0.01047,0.010429,10375393
1778274000,2026-05-08 21:00:00,0.010392,0.010507,0.01043,0.010507,18116503
1778277600,2026-05-08 22:00:00,0.010456,0.010575,0.010507,0.01046,22237767
1778281200,2026-05-08 23:00:00,0.010418,0.010505,0.010447,0.010497,13266695
1778284800,2026-05-09 00:00:00,0.010477,0.010708,0.0105,0.010702,35912695
1778288400,2026-05-09 01:00:00,0.010696,0.010788,0.010708,0.010707,50062923
1778292000,2026-05-09 02:00:00,0.010681,0.010784,0.01071,0.010732,16756094
1778295600,2026-05-09 03:00:00,0.010712,0.010848,0.010729,0.010752,16836373
1778299200,2026-05-09 04:00:00,0.010746,0.010974,0.01075,0.010773,47813961
1778302800,2026-05-09 05:00:00,0.010664,0.01078,0.010775,0.010722,17461817
1778306400,2026-05-09 06:00:00,0.010636,0.010796,0.010732,0.01067,23034846
1778310000,2026-05-09 07:00:00,0.010617,0.010709,0.01067,0.010636,6400614
1778313600,2026-05-09 08:00:00,0.010635,0.010742,0.010638,0.010712,6624056
1778317200,2026-05-09 09:00:00,0.010552,0.010713,0.010713,0.01061,27108968
1778320800,2026-05-09 10:00:00,0.010527,0.010618,0.010612,0.0106,11678784
1778324400,2026-05-09 11:00:00,0.010602,0.010758,0.010602,0.010692,34940555
1778328000,2026-05-09 12:00:00,0.010614,0.010741,0.010692,0.010692,21664397
1778331600,2026-05-09 13:00:00,0.010581,0.010717,0.010689,0.01066,12964328
1778335200,2026-05-09 14:00:00,0.010451,0.010668,0.010662,0.010533,26852225
1778338800,2026-05-09 15:00:00,0.010465,0.010612,0.010534,0.010587,35013244
1778342400,2026-05-09 16:00:00,0.010554,0.010656,0.010591,0.01057,14696326
1778346000,2026-05-09 17:00:00,0.010567,0.010692,0.010571,0.010641,27538380
1778349600,2026-05-09 18:00:00,0.010609,0.010709,0.010641,0.010702,18688084
1778353200,2026-05-09 19:00:00,0.010665,0.010742,0.0107,0.01071,15229966
1778356800,2026-05-09 20:00:00,0.010662,0.010738,0.010708,0.010694,41526031
1778360400,2026-05-09 21:00:00,0.01069,0.01082,0.010694,0.010803,15472827
1778364000,2026-05-09 22:00:00,0.0107,0.010841,0.010804,0.01073,21289773
1778367600,2026-05-09 23:00:00,0.010645,0.010743,0.010729,0.01069,20676630
1778371200,2026-05-10 00:00:00,0.010536,0.0107,0.010689,0.010541,31826902
1778374800,2026-05-10 01:00:00,0.010456,0.010541,0.01054,0.010512,19130356
1778378400,2026-05-10 02:00:00,0.010461,0.010588,0.010509,0.010573,8538777
1778382000,2026-05-10 03:00:00,0.01057,0.010658,0.010574,0.010634,9576722
1778385600,2026-05-10 04:00:00,0.01055,0.010643,0.010632,0.010586,7482657
1778389200,2026-05-10 05:00:00,0.010525,0.010587,0.010584,0.01055,8905678
1778392800,2026-05-10 06:00:00,0.010498,0.010546,0.010542,0.010532,14149779
1778396400,2026-05-10 07:00:00,0.010512,0.010572,0.010534,0.010522,9247411
1778400000,2026-05-10 08:00:00,0.010516,0.01063,0.010524,0.0106,7818992
1778403600,2026-05-10 09:00:00,0.01055,0.010628,0.010602,0.01055,9605361
1778407200,2026-05-10 10:00:00,0.010391,0.010556,0.010548,0.01049,32110072
1778410800,2026-05-10 11:00:00,0.010419,0.010498,0.010488,0.010435,9387631
1778414400,2026-05-10 12:00:00,0.010374,0.010472,0.010435,0.010438,25238232
1778418000,2026-05-10 13:00:00,0.010439,0.010522,0.01044,0.010513,11327234
1778421600,2026-05-10 14:00:00,0.010438,0.010527,0.010513,0.010462,18643084
1778425200,2026-05-10 15:00:00,0.010456,0.010684,0.010462,0.01065,25865694
1778428800,2026-05-10 16:00:00,0.010565,0.010746,0.01065,0.010744,46352841
1778432400,2026-05-10 17:00:00,0.010691,0.010914,0.010747,0.010884,69152859
1778436000,2026-05-10 18:00:00,0.010856,0.011038,0.010889,0.010958,61484925
1778439600,2026-05-10 19:00:00,0.010845,0.011061,0.010958,0.01087,66539923
1778443200,2026-05-10 20:00:00,0.010224,0.010912,0.01087,0.010425,78070279
1778446800,2026-05-10 21:00:00,0.01032,0.010539,0.010421,0.010422,49487837
1778450400,2026-05-10 22:00:00,0.010394,0.01065,0.01042,0.010638,24210699
1778454000,2026-05-10 23:00:00,0.010578,0.010735,0.010638,0.010644,31523446
1778457600,2026-05-11 00:00:00,0.010343,0.010702,0.010641,0.010402,39534690
1778461200,2026-05-11 01:00:00,0.010343,0.010519,0.0104,0.010432,45851596
1778464800,2026-05-11 02:00:00,0.010288,0.010455,0.010434,0.010346,24216630
1778468400,2026-05-11 03:00:00,0.010131,0.010351,0.010347,0.01021,48335825
1778472000,2026-05-11 04:00:00,0.01014,0.010323,0.010206,0.010305,13482144
1778475600,2026-05-11 05:00:00,0.010293,0.010385,0.010305,0.010327,16944351
1778479200,2026-05-11 06:00:00,0.010296,0.01036,0.01033,0.010306,8724925
1778482800,2026-05-11 07:00:00,0.010244,0.010304,0.010304,0.01028,7891293
1778486400,2026-05-11 08:00:00,0.010235,0.010326,0.010283,0.010301,9166937
1778490000,2026-05-11 09:00:00,0.010286,0.010343,0.0103,0.010311,7994410
1778493600,2026-05-11 10:00:00,0.010283,0.010395,0.010312,0.010287,15493450
1778497200,2026-05-11 11:00:00,0.010259,0.010391,0.010292,0.010352,10123574
1778500800,2026-05-11 12:00:00,0.010211,0.010357,0.010354,0.010223,18147914
1778504400,2026-05-11 13:00:00,0.010137,0.01028,0.010223,0.010215,29084667
1778508000,2026-05-11 14:00:00,0.010119,0.010324,0.010219,0.010217,26711881
1778511600,2026-05-11 15:00:00,0.010172,0.010362,0.010216,0.010345,33153467
1778515200,2026-05-11 16:00:00,0.01029,0.010428,0.010345,0.01038,16934974
1778518800,2026-05-11 17:00:00,0.010334,0.010457,0.010384,0.010419,23214862
1778522400,2026-05-11 18:00:00,0.01036,0.010455,0.01042,0.010368,16861116
1778526000,2026-05-11 19:00:00,0.01029,0.010391,0.01037,0.01035,61630903
1778529600,2026-05-11 20:00:00,0.010298,0.010401,0.01035,0.01031,28728844
1778533200,2026-05-11 21:00:00,0.010265,0.010346,0.010306,0.010266,10474636
1778536800,2026-05-11 22:00:00,0.010256,0.010308,0.010265,0.010283,6736180
1778540400,2026-05-11 23:00:00,0.010218,0.010281,0.010281,0.010225,3887966
1778544000,2026-05-12 00:00:00,0.010188,0.010287,0.010224,0.010261,21266410
1778547600,2026-05-12 01:00:00,0.009995,0.010295,0.01026,0.010057,42338859
1778551200,2026-05-12 02:00:00,0.010041,0.010126,0.010052,0.010098,21688993
1778554800,2026-05-12 03:00:00,0.010035,0.010111,0.010099,0.010067,10006463
1778558400,2026-05-12 04:00:00,0.010049,0.010115,0.010065,0.010084,14385110
1778562000,2026-05-12 05:00:00,0.010066,0.010162,0.010082,0.010119,11971200
1778565600,2026-05-12 06:00:00,0.010082,0.010173,0.010118,0.010094,17962451
1778569200,2026-05-12 07:00:00,0.010026,0.01013,0.010093,0.010066,12309799
1778572800,2026-05-12 08:00:00,0.009975,0.010105,0.010064,0.010011,17037158
1778576400,2026-05-12 09:00:00,0.009925,0.010025,0.01001,0.009994,31273831
1778580000,2026-05-12 10:00:00,0.009883,0.010016,0.009998,0.009933,15130341
1778583600,2026-05-12 11:00:00,0.009837,0.009933,0.009931,0.009923,13115448
1778587200,2026-05-12 12:00:00,0.009832,0.009972,0.009922,0.00995,24337640
1778590800,2026-05-12 13:00:00,0.009756,0.009994,0.009956,0.009792,37261848
1778594400,2026-05-12 14:00:00,0.009577,0.009827,0.009791,0.009644,64914266
1778598000,2026-05-12 15:00:00,0.009545,0.009681,0.009646,0.009551,50307463
1778601600,2026-05-12 16:00:00,0.009445,0.009598,0.009551,0.009496,41420734
1778605200,2026-05-12 17:00:00,0.00949,0.009616,0.009498,0.009581,26284740
1778608800,2026-05-12 18:00:00,0.009578,0.009634,0.009583,0.009585,10274017
1778612400,2026-05-12 19:00:00,0.00959,0.009642,0.00959,0.0096,12715408
1778616000,2026-05-12 20:00:00,0.009545,0.009616,0.009594,0.009565,20909011
1778619600,2026-05-12 21:00:00,0.009528,0.009585,0.009567,0.00957,6173760
1778623200,2026-05-12 22:00:00,0.009565,0.009623,0.009572,0.009572,12584719
1778626800,2026-05-12 23:00:00,0.009513,0.009585,0.009571,0.00952,7862219
1778630400,2026-05-13 00:00:00,0.00944,0.009521,0.009519,0.009514,26840473
1778634000,2026-05-13 01:00:00,0.009506,0.009594,0.009516,0.009548,15113801
1778637600,2026-05-13 02:00:00,0.009512,0.009603,0.009544,0.00957,16004319
1778641200,2026-05-13 03:00:00,0.009514,0.009572,0.009571,0.009521,20854630
1778644800,2026-05-13 04:00:00,0.009505,0.009596,0.009522,0.009562,19230669
1778648400,2026-05-13 05:00:00,0.009369,0.009585,0.009566,0.00942,26181847
1778652000,2026-05-13 06:00:00,0.009405,0.009459,0.009422,0.009424,7109555
1778655600,2026-05-13 07:00:00,0.009376,0.009456,0.009426,0.009426,9104672
1778659200,2026-05-13 08:00:00,0.009425,0.009505,0.009428,0.009477,10176167
1778662800,2026-05-13 09:00:00,0.009474,0.009603,0.009474,0.009567,17199845
1778666400,2026-05-13 10:00:00,0.00939,0.009581,0.009572,0.009414,17593076
1778670000,2026-05-13 11:00:00,0.009255,0.00943,0.009415,0.009301,23963356
1778673600,2026-05-13 12:00:00,0.00908,0.009325,0.009305,0.009201,41397500
1778677200,2026-05-13 13:00:00,0.009046,0.009228,0.009202,0.009137,30866694
1778680800,2026-05-13 14:00:00,0.009064,0.00917,0.009128,0.009094,24243102
1778684400,2026-05-13 15:00:00,0.008836,0.009125,0.009108,0.008862,54042894
1778688000,2026-05-13 16:00:00,0.008864,0.009051,0.008866,0.009048,31593665
1778691600,2026-05-13 17:00:00,0.009024,0.009088,0.00905,0.009044,12752089
1778695200,2026-05-13 18:00:00,0.009048,0.00912,0.009048,0.009075,25454487
1778698800,2026-05-13 19:00:00,0.009014,0.009091,0.009078,0.009045,9108997
1778702400,2026-05-13 20:00:00,0.009019,0.009081,0.009043,0.009041,9326535
1778706000,2026-05-13 21:00:00,0.008925,0.009044,0.009041,0.008954,37026298
1778709600,2026-05-13 22:00:00,0.008934,0.009024,0.008956,0.009004,8862059
1778713200,2026-05-13 23:00:00,0.008981,0.009026,0.009006,0.008981,5736978
1778716800,2026-05-14 00:00:00,0.008981,0.009098,0.008981,0.00908,18357669
1778720400,2026-05-14 01:00:00,0.009059,0.00911,0.009078,0.009066,16370084
1778724000,2026-05-14 02:00:00,0.008938,0.009081,0.009063,0.008958,25357292
1778727600,2026-05-14 03:00:00,0.00885,0.008975,0.00896,0.008865,14694846
1778731200,2026-05-14 04:00:00,0.008842,0.008917,0.008864,0.008902,9860438
1778734800,2026-05-14 05:00:00,0.008897,0.009078,0.0089,0.009017,38350944
1778738400,2026-05-14 06:00:00,0.008987,0.009035,0.009022,0.009002,8745942
1778742000,2026-05-14 07:00:00,0.008953,0.009022,0.009004,0.008958,4724524
1778745600,2026-05-14 08:00:00,0.008913,0.008979,0.008957,0.008963,5368209
1778749200,2026-05-14 09:00:00,0.008944,0.008994,0.008966,0.008977,4712907
1778752800,2026-05-14 10:00:00,0.008922,0.00899,0.008977,0.00897,9562126
1778756400,2026-05-14 11:00:00,0.00887,0.008975,0.00897,0.008878,8784635
1778760000,2026-05-14 12:00:00,0.008859,0.008986,0.008876,0.00898,26169357
1778763600,2026-05-14 13:00:00,0.008967,0.009072,0.008974,0.008998,19722263
1778767200,2026-05-14 14:00:00,0.008998,0.009211,0.008998,0.009211,27939879
1778770800,2026-05-14 15:00:00,0.009177,0.009257,0.009208,0.009216,25316464
1778774400,2026-05-14 16:00:00,0.009165,0.009303,0.009223,0.009275,21333195
1778778000,2026-05-14 17:00:00,0.00914,0.00929,0.009276,0.009234,34603801
1778781600,2026-05-14 18:00:00,0.009192,0.009312,0.009228,0.00927,23823240
1778785200,2026-05-14 19:00:00,0.009174,0.009304,0.009268,0.009195,22923619
1778788800,2026-05-14 20:00:00,0.00914,0.009222,0.009204,0.009204,12908750
1778792400,2026-05-14 21:00:00,0.009122,0.009206,0.009206,0.009183,7224189
1778796000,2026-05-14 22:00:00,0.00914,0.009216,0.009184,0.009145,7190785
1778799600,2026-05-14 23:00:00,0.009075,0.009157,0.00915,0.009099,9765060
1778803200,2026-05-15 00:00:00,0.009085,0.009176,0.009101,0.00916,13373512
1778806800,2026-05-15 01:00:00,0.009075,0.00918,0.009156,0.00908,9566142
1778810400,2026-05-15 02:00:00,0.009022,0.009138,0.009075,0.009118,15537974
1778814000,2026-05-15 03:00:00,0.009063,0.00914,0.009116,0.009079,6033483
1778817600,2026-05-15 04:00:00,0.008984,0.009086,0.009078,0.008984,5907650
1778821200,2026-05-15 05:00:00,0.008862,0.009017,0.008984,0.00888,18203637
1778824800,2026-05-15 06:00:00,0.008865,0.009034,0.008877,0.009016,13387761
1778828400,2026-05-15 07:00:00,0.009018,0.009102,0.009018,0.009077,6010658
1778832000,2026-05-15 08:00:00,0.008992,0.00908,0.00908,0.009,7765670
1778835600,2026-05-15 09:00:00,0.00887,0.009017,0.009002,0.008994,15922780
1778839200,2026-05-15 10:00:00,0.008961,0.009086,0.008996,0.009062,14297539
1778842800,2026-05-15 11:00:00,0.00902,0.009064,0.009064,0.009028,5557946
1778846400,2026-05-15 12:00:00,0.008908,0.009024,0.009024,0.008914,12583074
1778850000,2026-05-15 13:00:00,0.008555,0.008926,0.008912,0.008624,49918760
1778853600,2026-05-15 14:00:00,0.008587,0.008744,0.008633,0.008707,25022081
1778857200,2026-05-15 15:00:00,0.008686,0.008763,0.008712,0.008704,11479355
1778860800,2026-05-15 16:00:00,0.008686,0.008846,0.008707,0.008826,19505529
1778864400,2026-05-15 17:00:00,0.008816,0.008901,0.008828,0.008886,6146983
1778868000,2026-05-15 18:00:00,0.008827,0.008929,0.008888,0.008836,18991282
1778871600,2026-05-15 19:00:00,0.008774,0.008836,0.008834,0.00881,12349588
1778875200,2026-05-15 20:00:00,0.008755,0.008816,0.008812,0.00878,13201170
1778878800,2026-05-15 21:00:00,0.008744,0.008786,0.008781,0.008752,2089723
1778882400,2026-05-15 22:00:00,0.008752,0.008819,0.008754,0.008818,6446052
1778886000,2026-05-15 23:00:00,0.008795,0.008838,0.00882,0.008829,2915311
1778889600,2026-05-16 00:00:00,0.008818,0.008916,0.00883,0.008862,5624529
1778893200,2026-05-16 01:00:00,0.008783,0.008869,0.008863,0.008816,11186516
1778896800,2026-05-16 02:00:00,0.008788,0.008834,0.008818,0.008828,4946622
1778900400,2026-05-16 03:00:00,0.008786,0.008829,0.008829,0.008794,3046901
1778904000,2026-05-16 04:00:00,0.008703,0.008801,0.00879,0.008746,8531295
1778907600,2026-05-16 05:00:00,0.008694,0.008752,0.008748,0.008716,10965547
1778911200,2026-05-16 06:00:00,0.008559,0.008725,0.008715,0.008598,13157191
1778914800,2026-05-16 07:00:00,0.008389,0.008618,0.008597,0.008522,17833088
1778918400,2026-05-16 08:00:00,0.008493,0.008551,0.008523,0.008498,2684318
1778922000,2026-05-16 09:00:00,0.008335,0.008504,0.0085,0.008417,12585928
1778925600,2026-05-16 10:00:00,0.008349,0.00843,0.008422,0.008426,14168562
1778929200,2026-05-16 11:00:00,0.008428,0.008488,0.008428,0.008459,7748186
1778932800,2026-05-16 12:00:00,0.008411,0.008467,0.008458,0.00844,16718489
1778936400,2026-05-16 13:00:00,0.008409,0.008462,0.008443,0.008425,5382102
1778940000,2026-05-16 14:00:00,0.008388,0.0085,0.00843,0.008457,13972890
1778943600,2026-05-16 15:00:00,0.008444,0.008505,0.008462,0.00848,9286319
1778947200,2026-05-16 16:00:00,0.008461,0.00854,0.008478,0.008483,11444047
1778950800,2026-05-16 17:00:00,0.008477,0.008515,0.008494,0.008485,6249964
1778954400,2026-05-16 18:00:00,0.008461,0.008501,0.008485,0.008472,6807750
1778958000,2026-05-16 19:00:00,0.00845,0.008483,0.008467,0.008467,3773103
1778961600,2026-05-16 20:00:00,0.008463,0.0085,0.008466,0.008497,3942679
1778965200,2026-05-16 21:00:00,0.008482,0.008505,0.008498,0.008493,2995615
1778968800,2026-05-16 22:00:00,0.008447,0.008485,0.008471,0.008447,5116537
1778972400,2026-05-16 23:00:00,0.00844,0.008472,0.008447,0.008447,2746014
1778976000,2026-05-17 00:00:00,0.008381,0.00846,0.008448,0.008406,10988931
1778979600,2026-05-17 01:00:00,0.008327,0.008404,0.008404,0.008353,11274903
1778983200,2026-05-17 02:00:00,0.008341,0.008378,0.008353,0.00836,6288251
1778986800,2026-05-17 03:00:00,0.008364,0.008424,0.008364,0.008401,7382726
1778990400,2026-05-17 04:00:00,0.008393,0.008466,0.008398,0.008457,5369211
1778994000,2026-05-17 05:00:00,0.008454,0.008522,0.008455,0.008462,6258742
1778997600,2026-05-17 06:00:00,0.008436,0.008472,0.008464,0.00844,3700885
1779001200,2026-05-17 07:00:00,0.008427,0.0085,0.008439,0.008461,10526224
1779004800,2026-05-17 08:00:00,0.008444,0.008479,0.00846,0.008458,4838483
1779008400,2026-05-17 09:00:00,0.008458,0.008502,0.00846,0.008494,5077440
1779012000,2026-05-17 10:00:00,0.008496,0.008602,0.008496,0.00858,10620689
1779015600,2026-05-17 11:00:00,0.008537,0.008582,0.008578,0.008579,3409193
1779019200,2026-05-17 12:00:00,0.008574,0.008622,0.008575,0.008581,11491645
1779022800,2026-05-17 13:00:00,0.00855,0.008599,0.008583,0.008589,6365392
1779026400,2026-05-17 14:00:00,0.008468,0.008593,0.00859,0.008515,10448110
1779030000,2026-05-17 15:00:00,0.008492,0.008562,0.008515,0.008562,20997171
1779033600,2026-05-17 16:00:00,0.008493,0.00858,0.008559,0.00851,8497880
1779037200,2026-05-17 17:00:00,0.008463,0.008527,0.008507,0.008508,6951151
1779040800,2026-05-17 18:00:00,0.008436,0.00855,0.008514,0.008522,15239885
1779044400,2026-05-17 19:00:00,0.008515,0.008594,0.00852,0.00857,6807441
1779048000,2026-05-17 20:00:00,0.008535,0.008586,0.008572,0.008585,3798052
1779051600,2026-05-17 21:00:00,0.008568,0.008638,0.00858,0.008622,8143100
1779055200,2026-05-17 22:00:00,0.008465,0.008616,0.008616,0.008502,14216167
1779058800,2026-05-17 23:00:00,0.008071,0.008504,0.008498,0.008362,86746724
1779062400,2026-05-18 00:00:00,0.008258,0.008418,0.00836,0.008418,19059591
1779066000,2026-05-18 01:00:00,0.008266,0.008422,0.008419,0.00835,20741843
1779069600,2026-05-18 02:00:00,0.008342,0.008403,0.008352,0.008388,12993930
1779073200,2026-05-18 03:00:00,0.008312,0.008442,0.00839,0.00833,17777578
1779076800,2026-05-18 04:00:00,0.008328,0.008393,0.00833,0.00839,8691399
1779080400,2026-05-18 05:00:00,0.008267,0.008402,0.008394,0.008274,8150849
1779084000,2026-05-18 06:00:00,0.00815,0.008297,0.008276,0.00824,24883323
1779087600,2026-05-18 07:00:00,0.008158,0.008252,0.008242,0.008196,8722859
1779091200,2026-05-18 08:00:00,0.008185,0.00824,0.008198,0.008237,4926050
1779094800,2026-05-18 09:00:00,0.008172,0.008241,0.008239,0.008198,8869991
1779098400,2026-05-18 10:00:00,0.008143,0.008198,0.008198,0.008158,5678991
1779102000,2026-05-18 11:00:00,0.008132,0.008334,0.008159,0.008296,20924409
1779105600,2026-05-18 12:00:00,0.008298,0.008401,0.008298,0.008362,20746511
1779109200,2026-05-18 13:00:00,0.008228,0.00837,0.00836,0.008298,16325992
1779112800,2026-05-18 14:00:00,0.00817,0.0083,0.008296,0.008202,19752236
1779116400,2026-05-18 15:00:00,0.008144,0.008294,0.008203,0.008266,33169601
1779120000,2026-05-18 16:00:00,0.008261,0.008336,0.008268,0.00831,24525765
1779123600,2026-05-18 17:00:00,0.0083,0.008382,0.008309,0.008321,16965275
1779127200,2026-05-18 18:00:00,0.00819,0.008316,0.008316,0.008202,27320250
1779130800,2026-05-18 19:00:00,0.008204,0.008394,0.008204,0.008374,21147411
1779134400,2026-05-18 20:00:00,0.008366,0.008468,0.008376,0.008434,31988100
1779138000,2026-05-18 21:00:00,0.008428,0.008534,0.008438,0.008532,8852988
1779141600,2026-05-18 22:00:00,0.00851,0.008632,0.008533,0.00857,13677568
1779145200,2026-05-18 23:00:00,0.008536,0.008618,0.008568,0.008592,15460227
1779148800,2026-05-19 00:00:00,0.008571,0.008756,0.008594,0.008663,21199563
1779152400,2026-05-19 01:00:00,0.008561,0.008681,0.008662,0.008599,29512635
1779156000,2026-05-19 02:00:00,0.00853,0.008613,0.008594,0.008539,17859510
1779159600,2026-05-19 03:00:00,0.008524,0.00869,0.008541,0.008638,11519572
1779163200,2026-05-19 04:00:00,0.008626,0.008726,0.008638,0.008669,13653493
1779166800,2026-05-19 05:00:00,0.008538,0.008684,0.00867,0.008564,11561829
1779170400,2026-05-19 06:00:00,0.008548,0.008637,0.008562,0.008598,12817765
1779174000,2026-05-19 07:00:00,0.008586,0.008686,0.008598,0.008662,8862482
1779177600,2026-05-19 08:00:00,0.008578,0.008665,0.008663,0.008591,6795937
1779181200,2026-05-19 09:00:00,0.008501,0.008606,0.008596,0.008582,11675627
1779184800,2026-05-19 10:00:00,0.00851,0.008602,0.008581,0.008582,8034419
1779188400,2026-05-19 11:00:00,0.008471,0.008587,0.008586,0.008481,8194719
1779192000,2026-05-19 12:00:00,0.00846,0.008569,0.008478,0.008569,9102350
1779195600,2026-05-19 13:00:00,0.008527,0.008635,0.008569,0.008558,18250337
1779199200,2026-05-19 14:00:00,0.008411,0.008573,0.008556,0.008474,15206036
1779202800,2026-05-19 15:00:00,0.008452,0.008529,0.00847,0.008461,11579202
1779206400,2026-05-19 16:00:00,0.00845,0.008604,0.008466,0.008591,18592929
1779210000,2026-05-19 17:00:00,0.00857,0.008696,0.008594,0.008639,32366670
1779213600,2026-05-19 18:00:00,0.008573,0.00865,0.008641,0.00862,7013204
1779217200,2026-05-19 19:00:00,0.00856,0.008664,0.008621,0.008589,8715085
1779220800,2026-05-19 20:00:00,0.008583,0.008666,0.008587,0.008666,8061639
1779224400,2026-05-19 21:00:00,0.008591,0.008708,0.00867,0.008592,14943945
1779228000,2026-05-19 22:00:00,0.008564,0.008643,0.00859,0.008632,13320324
1779231600,2026-05-19 23:00:00,0.008622,0.00871,0.008629,0.008691,5835515
1779235200,2026-05-20 00:00:00,0.0086,0.008713,0.008692,0.00865,26345151
1779238800,2026-05-20 01:00:00,0.008643,0.008759,0.008652,0.008756,27512062
1779242400,2026-05-20 02:00:00,0.008664,0.008772,0.008758,0.008688,12950373
1779246000,2026-05-20 03:00:00,0.008668,0.008744,0.008688,0.00868,9810895
1779249600,2026-05-20 04:00:00,0.008602,0.008694,0.008682,0.008663,5793318
1779253200,2026-05-20 05:00:00,0.008656,0.008864,0.008663,0.008834,28267853
1779256800,2026-05-20 06:00:00,0.008796,0.008874,0.008838,0.008834,15178262
1779260400,2026-05-20 07:00:00,0.008806,0.008877,0.008836,0.008832,4555175
1779264000,2026-05-20 08:00:00,0.008815,0.008894,0.008834,0.008855,8956938
1779267600,2026-05-20 09:00:00,0.008817,0.00886,0.008855,0.008821,7865396
1779271200,2026-05-20 10:00:00,0.008796,0.008848,0.008818,0.008821,9297001
1779274800,2026-05-20 11:00:00,0.008743,0.008851,0.008827,0.008782,5594246
1779278400,2026-05-20 12:00:00,0.008771,0.00899,0.00878,0.008966,18399524
1779282000,2026-05-20 13:00:00,0.008782,0.008981,0.008966,0.008892,15012333
1779285600,2026-05-20 14:00:00,0.00886,0.00923,0.008894,0.009205,33004756
1779289200,2026-05-20 15:00:00,0.009089,0.009244,0.009204,0.009198,36068608
1779292800,2026-05-20 16:00:00,0.009167,0.009418,0.0092,0.009344,49123906
1779296400,2026-05-20 17:00:00,0.009268,0.00956,0.009345,0.00945,62880022
1779300000,2026-05-20 18:00:00,0.009202,0.009474,0.009448,0.009202,38711318
1779303600,2026-05-20 19:00:00,0.009082,0.009221,0.0092,0.009126,22211963
1779307200,2026-05-20 20:00:00,0.009043,0.009162,0.009124,0.00908,35901362
1779310800,2026-05-20 21:00:00,0.009018,0.009102,0.009081,0.009067,17684499
1779314400,2026-05-20 22:00:00,0.008964,0.009077,0.009045,0.009054,16234436
1779318000,2026-05-20 23:00:00,0.009029,0.009139,0.009053,0.009124,10021534
1779321600,2026-05-21 00:00:00,0.009095,0.009215,0.009124,0.009208,21250966
1779325200,2026-05-21 01:00:00,0.009206,0.009452,0.00921,0.009451,39318915
1779328800,2026-05-21 02:00:00,0.00933,0.009466,0.009452,0.009376,20444763
1779332400,2026-05-21 03:00:00,0.009292,0.009555,0.009374,0.009519,36798812
1779336000,2026-05-21 04:00:00,0.009315,0.009547,0.009518,0.009375,22991725
1779339600,2026-05-21 05:00:00,0.009184,0.009379,0.009374,0.009224,17117517
1779343200,2026-05-21 06:00:00,0.009104,0.009232,0.009222,0.009147,14847605
1779346800,2026-05-21 07:00:00,0.009138,0.009245,0.009147,0.009234,10512087
1779350400,2026-05-21 08:00:00,0.009229,0.009374,0.009233,0.00934,21364295
1779354000,2026-05-21 09:00:00,0.009284,0.009383,0.009338,0.00931,18316201
1779357600,2026-05-21 10:00:00,0.009069,0.00933,0.009308,0.009097,36878900
1779361200,2026-05-21 11:00:00,0.009065,0.009157,0.009098,0.00914,13303875
1779364800,2026-05-21 12:00:00,0.009085,0.00927,0.009142,0.009245,9386570
1779368400,2026-05-21 13:00:00,0.009108,0.009285,0.009249,0.009238,28425987
1779372000,2026-05-21 14:00:00,0.009172,0.009332,0.00924,0.009224,26251898
1779375600,2026-05-21 15:00:00,0.009168,0.009339,0.009222,0.00932,37306913
1779379200,2026-05-21 16:00:00,0.009205,0.009368,0.00932,0.009265,22709507
1779382800,2026-05-21 17:00:00,0.009235,0.009531,0.009266,0.009461,53922461
1779386400,2026-05-21 18:00:00,0.009271,0.009497,0.009462,0.00935,31461521
1779390000,2026-05-21 19:00:00,0.009346,0.009478,0.009353,0.009443,15517442
1779393600,2026-05-21 20:00:00,0.009442,0.009627,0.009448,0.009541,37786761
1779397200,2026-05-21 21:00:00,0.009504,0.00974,0.009539,0.009504,29153214
1779400800,2026-05-21 22:00:00,0.009463,0.009567,0.0095,0.009504,10278085
1779404400,2026-05-21 23:00:00,0.009427,0.009507,0.0095,0.009476,13502685
1779408000,2026-05-22 00:00:00,0.009316,0.009476,0.009476,0.00932,18885765
1779411600,2026-05-22 01:00:00,0.009309,0.009482,0.009318,0.009433,23007724
1779415200,2026-05-22 02:00:00,0.009433,0.009556,0.009434,0.009518,17484544
1779418800,2026-05-22 03:00:00,0.009405,0.009523,0.00952,0.009472,10126233
1779422400,2026-05-22 04:00:00,0.009478,0.009654,0.009478,0.009574,26247549
1779426000,2026-05-22 05:00:00,0.009525,0.009695,0.009572,0.009615,24994524
1779429600,2026-05-22 06:00:00,0.009551,0.009688,0.00961,0.009603,30271153
1779433200,2026-05-22 07:00:00,0.009576,0.009891,0.009602,0.009785,38156066
1779436800,2026-05-22 08:00:00,0.009579,0.009823,0.009783,0.009615,32088097
1779440400,2026-05-22 09:00:00,0.009534,0.009677,0.009612,0.009565,31699986
1779444000,2026-05-22 10:00:00,0.00956,0.009711,0.009565,0.009668,16721430
1779447600,2026-05-22 11:00:00,0.009454,0.009736,0.009666,0.00958,41087251
1779451200,2026-05-22 12:00:00,0.009553,0.0097,0.009584,0.0097,21602626
1779454800,2026-05-22 13:00:00,0.009529,0.009729,0.009704,0.00958,19390383
1779458400,2026-05-22 14:00:00,0.009302,0.009572,0.009572,0.009345,47976211
1779462000,2026-05-22 15:00:00,0.009252,0.009432,0.009339,0.009327,25164487
1779465600,2026-05-22 16:00:00,0.009214,0.009344,0.009324,0.00926,11681736
1779469200,2026-05-22 17:00:00,0.009252,0.009368,0.00926,0.009298,16510860
1779472800,2026-05-22 18:00:00,0.009037,0.009319,0.009296,0.009147,45761815
1779476400,2026-05-22 19:00:00,0.008954,0.009186,0.009145,0.009093,74378240
1779480000,2026-05-22 20:00:00,0.009057,0.009132,0.009093,0.009102,25695160
1779483600,2026-05-22 21:00:00,0.009048,0.009115,0.009099,0.009048,6524403
1779487200,2026-05-22 22:00:00,0.008876,0.009053,0.009052,0.008892,19722125
1779490800,2026-05-22 23:00:00,0.008677,0.008936,0.008894,0.008748,53066202
1779494400,2026-05-23 00:00:00,0.008607,0.008768,0.008749,0.008671,32018700
1779498000,2026-05-23 01:00:00,0.008644,0.008743,0.008674,0.008728,18364367
1779501600,2026-05-23 02:00:00,0.008705,0.008818,0.00873,0.008806,15351712
1779505200,2026-05-23 03:00:00,0.008808,0.008888,0.008808,0.008848,11918956
1779508800,2026-05-23 04:00:00,0.008773,0.008897,0.008846,0.008828,33451578
1779512400,2026-05-23 05:00:00,0.008703,0.008846,0.008834,0.008776,35310880
1779516000,2026-05-23 06:00:00,0.008681,0.008799,0.008774,0.008712,13074664
1779519600,2026-05-23 07:00:00,0.008362,0.008717,0.008708,0.008465,35634387
1779523200,2026-05-23 08:00:00,0.008373,0.008524,0.008472,0.008496,30592415
1779526800,2026-05-23 09:00:00,0.008488,0.008569,0.008498,0.008538,7726365
1779530400,2026-05-23 10:00:00,0.008512,0.008608,0.008542,0.008594,9547700
1779534000,2026-05-23 11:00:00,0.008555,0.008628,0.008596,0.008556,14154621
1779537600,2026-05-23 12:00:00,0.008486,0.008566,0.008554,0.008537,26633188
1779541200,2026-05-23 13:00:00,0.008537,0.008664,0.008537,0.008638,11263937
1779544800,2026-05-23 14:00:00,0.008621,0.008837,0.00864,0.008826,32390369
1779548400,2026-05-23 15:00:00,0.008802,0.008885,0.008824,0.008865,18449694
1779552000,2026-05-23 16:00:00,0.0088,0.00906,0.008876,0.009018,59087569
1779555600,2026-05-23 17:00:00,0.00886,0.009026,0.009007,0.008897,17322941
1779559200,2026-05-23 18:00:00,0.008897,0.009096,0.008897,0.008973,17072514
1779562800,2026-05-23 19:00:00,0.008931,0.009038,0.008975,0.00902,16058269
1779566400,2026-05-23 20:00:00,0.008961,0.009352,0.009028,0.009292,73216289
1779570000,2026-05-23 21:00:00,0.009064,0.009324,0.0093,0.009085,48735113
1779573600,2026-05-23 22:00:00,0.008948,0.009155,0.009086,0.009009,28799221
1779577200,2026-05-23 23:00:00,0.008962,0.009036,0.009014,0.008979,22508948
1779580800,2026-05-24 00:00:00,0.008949,0.009102,0.00898,0.009101,23465288
1779584400,2026-05-24 01:00:00,0.009084,0.009149,0.009101,0.009123,34732559
1779588000,2026-05-24 02:00:00,0.009043,0.009144,0.009122,0.009102,9655477
1779591600,2026-05-24 03:00:00,0.009012,0.009125,0.0091,0.009016,8913806
1779595200,2026-05-24 04:00:00,0.009016,0.009106,0.009024,0.009069,8556102
1779598800,2026-05-24 05:00:00,0.009013,0.009093,0.009068,0.009069,4695253
1779602400,2026-05-24 06:00:00,0.009025,0.009156,0.009076,0.009131,8519922
1779606000,2026-05-24 07:00:00,0.009085,0.009157,0.00913,0.00914,11728845
1779609600,2026-05-24 08:00:00,0.009112,0.009208,0.009141,0.009205,7791975
1779613200,2026-05-24 09:00:00,0.009164,0.009243,0.009202,0.009168,8859600
1779616800,2026-05-24 10:00:00,0.009105,0.00921,0.009166,0.009172,13845688
1779620400,2026-05-24 11:00:00,0.009145,0.009204,0.009174,0.009194,8131852
1779624000,2026-05-24 12:00:00,0.009052,0.009194,0.009191,0.009098,13734963
1779627600,2026-05-24 13:00:00,0.008959,0.009125,0.0091,0.009009,18450836
1779631200,2026-05-24 14:00:00,0.00878,0.00902,0.009008,0.008906,33514832
1779634800,2026-05-24 15:00:00,0.008902,0.009006,0.008904,0.008982,14211694
1779638400,2026-05-24 16:00:00,0.008958,0.009036,0.008983,0.009025,7347391
1779642000,2026-05-24 17:00:00,0.009,0.009074,0.009028,0.009025,6223654
1779645600,2026-05-24 18:00:00,0.008983,0.009074,0.009024,0.009006,3671871
1779649200,2026-05-24 19:00:00,0.008958,0.009026,0.009006,0.008992,7806795
1779652800,2026-05-24 20:00:00,0.00891,0.00899,0.00899,0.008921,17031885
1779656400,2026-05-24 21:00:00,0.008732,0.008957,0.008918,0.008765,17584402
1779660000,2026-05-24 22:00:00,0.00876,0.008949,0.00876,0.008892,16640041
1779663600,2026-05-24 23:00:00,0.008894,0.008981,0.008894,0.008951,5736917
1779667200,2026-05-25 00:00:00,0.008946,0.009018,0.008949,0.00898,5835582
1779670800,2026-05-25 01:00:00,0.00891,0.009006,0.008982,0.008924,8333030
1779674400,2026-05-25 02:00:00,0.008902,0.009,0.008918,0.008932,8592977
1779678000,2026-05-25 03:00:00,0.00888,0.00894,0.008934,0.008904,7688998
1779681600,2026-05-25 04:00:00,0.0089,0.009019,0.008904,0.009005,8806798
1779685200,2026-05-25 05:00:00,0.009007,0.009064,0.009007,0.009012,7075388
1779688800,2026-05-25 06:00:00,0.008949,0.009028,0.009018,0.008997,6939823
1779692400,2026-05-25 07:00:00,0.00894,0.00902,0.008998,0.00901,8953385
1779696000,2026-05-25 08:00:00,0.009,0.009065,0.009008,0.009061,4612094
1779699600,2026-05-25 09:00:00,0.009062,0.009115,0.009064,0.009088,8350110
1779703200,2026-05-25 10:00:00,0.009082,0.00913,0.009084,0.00912,11124365
1779706800,2026-05-25 11:00:00,0.009044,0.009136,0.009118,0.009048,9282087
1779710400,2026-05-25 12:00:00,0.008992,0.009073,0.009049,0.009015,9062390
1779714000,2026-05-25 13:00:00,0.009003,0.009059,0.009014,0.009022,11752109
1779717600,2026-05-25 14:00:00,0.009004,0.009101,0.009016,0.009078,8578781
1779721200,2026-05-25 15:00:00,0.009007,0.009136,0.00907,0.009055,18942778
1779724800,2026-05-25 16:00:00,0.008977,0.009065,0.009055,0.009014,12006187
1779728400,2026-05-25 17:00:00,0.008972,0.009045,0.009016,0.008975,17997407
1779732000,2026-05-25 18:00:00,0.008958,0.00901,0.008981,0.008958,15225939
1779735600,2026-05-25 19:00:00,0.008914,0.00898,0.00896,0.008954,23785834
1779739200,2026-05-25 20:00:00,0.008877,0.008992,0.008951,0.008877,33133321
1779742800,2026-05-25 21:00:00,0.008865,0.008926,0.008874,0.008897,7182839
1779746400,2026-05-25 22:00:00,0.008781,0.00892,0.008896,0.008787,14670029
1779750000,2026-05-25 23:00:00,0.008788,0.008871,0.008788,0.008815,9125752
1779753600,2026-05-26 00:00:00,0.008642,0.008822,0.008814,0.008681,49952394
1779757200,2026-05-26 01:00:00,0.008566,0.00868,0.00868,0.008608,17692002
1779760800,2026-05-26 02:00:00,0.008541,0.008614,0.008607,0.00859,12021224
1779764400,2026-05-26 03:00:00,0.00856,0.008624,0.008586,0.008622,10512547
1779768000,2026-05-26 04:00:00,0.008623,0.008699,0.008626,0.008677,19933124
1779771600,2026-05-26 05:00:00,0.008655,0.008738,0.008676,0.008705,28756449
1779775200,2026-05-26 06:00:00,0.008634,0.008703,0.008703,0.008675,4549345
1779778800,2026-05-26 07:00:00,0.008591,0.008687,0.008676,0.008655,9138900
1779782400,2026-05-26 08:00:00,0.008647,0.008717,0.008656,0.008655,8457577
1779786000,2026-05-26 09:00:00,0.008614,0.008681,0.008654,0.008644,9155868
1779789600,2026-05-26 10:00:00,0.008623,0.008854,0.008642,0.008822,27736999
1779793200,2026-05-26 11:00:00,0.008756,0.008828,0.008823,0.00877,20371375
1779796800,2026-05-26 12:00:00,0.008708,0.008862,0.008778,0.008835,19455092
1779800400,2026-05-26 13:00:00,0.008766,0.008955,0.008838,0.008934,19679489
1779804000,2026-05-26 14:00:00,0.008786,0.009013,0.008936,0.008834,35814620
1779807600,2026-05-26 15:00:00,0.008644,0.008831,0.008831,0.008708,40202943
1779811200,2026-05-26 16:00:00,0.008611,0.008715,0.008706,0.008692,18285670
1779814800,2026-05-26 17:00:00,0.008484,0.008707,0.008693,0.008538,23930391
1779818400,2026-05-26 18:00:00,0.00851,0.008622,0.008536,0.008535,30190802
1779822000,2026-05-26 19:00:00,0.008508,0.008599,0.008538,0.008564,8536947
1779825600,2026-05-26 20:00:00,0.008543,0.008613,0.008568,0.008561,7842344
1779829200,2026-05-26 21:00:00,0.008467,0.008564,0.008562,0.00849,16528843
1779832800,2026-05-26 22:00:00,0.008456,0.008519,0.008488,0.008488,7818914
1779836400,2026-05-26 23:00:00,0.008476,0.008531,0.00849,0.008486,7002255
1779840000,2026-05-27 00:00:00,0.008486,0.008574,0.008486,0.008564,14335217
1779843600,2026-05-27 01:00:00,0.008476,0.008574,0.00857,0.00849,13239449
1779847200,2026-05-27 02:00:00,0.008411,0.008496,0.008489,0.008465,12530203
1779850800,2026-05-27 03:00:00,0.008378,0.008494,0.008466,0.008394,30449289
1779854400,2026-05-27 04:00:00,0.008273,0.008408,0.008393,0.008399,14659264
1779858000,2026-05-27 05:00:00,0.008396,0.008462,0.008403,0.008454,18349070
1779861600,2026-05-27 06:00:00,0.008425,0.008469,0.008459,0.008462,4955127
1779865200,2026-05-27 07:00:00,0.008416,0.008474,0.00846,0.008462,2854027
1779868800,2026-05-27 08:00:00,0.008429,0.008504,0.00846,0.00844,5526406
1779872400,2026-05-27 09:00:00,0.008384,0.008442,0.00844,0.008395,5382743
1779876000,2026-05-27 10:00:00,0.008375,0.00843,0.008396,0.008425,4598958
1779879600,2026-05-27 11:00:00,0.008375,0.008474,0.00842,0.00839,8979950
1779883200,2026-05-27 12:00:00,0.008347,0.008532,0.008392,0.008456,18408795
1779886800,2026-05-27 13:00:00,0.008266,0.008458,0.008457,0.00835,62423490
1779890400,2026-05-27 14:00:00,0.008281,0.008384,0.008352,0.008376,17246302
1779894000,2026-05-27 15:00:00,0.00837,0.008531,0.008375,0.008495,32010812
1779897600,2026-05-27 16:00:00,0.008354,0.008508,0.008492,0.008409,14160839
1779901200,2026-05-27 17:00:00,0.0083,0.008412,0.008412,0.008306,22298056
1779904800,2026-05-27 18:00:00,0.00825,0.00838,0.008304,0.008372,13321752
1779908400,2026-05-27 19:00:00,0.008348,0.008407,0.008378,0.008365,12268944
1779912000,2026-05-27 20:00:00,0.00833,0.008396,0.00837,0.008371,5248758
1779915600,2026-05-27 21:00:00,0.008133,0.008371,0.008371,0.008168,29843030
1779919200,2026-05-27 22:00:00,0.008126,0.008215,0.008166,0.008126,14311019
1779922800,2026-05-27 23:00:00,0.008077,0.008184,0.008125,0.008144,30228601
1779926400,2026-05-28 00:00:00,0.008108,0.008181,0.008142,0.008136,8093600
1779930000,2026-05-28 01:00:00,0.008024,0.008141,0.008138,0.008101,10457278
1779933600,2026-05-28 02:00:00,0.008069,0.00812,0.008102,0.008098,5070680
1779937200,2026-05-28 03:00:00,0.00786,0.008105,0.008096,0.00789,56789065
1779940800,2026-05-28 04:00:00,0.007798,0.007929,0.00789,0.007912,45626492
1779944400,2026-05-28 05:00:00,0.00775,0.007926,0.00791,0.00781,26570867
1779948000,2026-05-28 06:00:00,0.007775,0.007854,0.007807,0.007836,10605336
1779951600,2026-05-28 07:00:00,0.007822,0.007942,0.00784,0.007932,18182523
1779955200,2026-05-28 08:00:00,0.007872,0.00794,0.007936,0.007886,4931180
1779958800,2026-05-28 09:00:00,0.007856,0.007902,0.007894,0.007885,3857558
1779962400,2026-05-28 10:00:00,0.007802,0.00791,0.007887,0.007818,11665030
1779966000,2026-05-28 11:00:00,0.007794,0.007846,0.007818,0.007808,7046146
1779969600,2026-05-28 12:00:00,0.007759,0.007869,0.00781,0.007861,18173570
1779973200,2026-05-28 13:00:00,0.007705,0.007884,0.007864,0.007737,19776673
1779976800,2026-05-28 14:00:00,0.007589,0.00778,0.007734,0.007713,36652273
1779980400,2026-05-28 15:00:00,0.007641,0.007735,0.007713,0.007694,12859515
1779984000,2026-05-28 16:00:00,0.00765,0.007783,0.00769,0.007768,16165646
1779987600,2026-05-28 17:00:00,0.007748,0.007846,0.007768,0.007814,20864611
1779991200,2026-05-28 18:00:00,0.007817,0.007918,0.007817,0.007845,12402801
1779994800,2026-05-28 19:00:00,0.00776,0.007842,0.007842,0.00776,12411542
1779998400,2026-05-28 20:00:00,0.007699,0.007827,0.007766,0.00778,16130744
1780002000,2026-05-28 21:00:00,0.007758,0.007817,0.007778,0.007784,8869119
1780005600,2026-05-28 22:00:00,0.00767,0.007809,0.007788,0.007699,13356776
1780009200,2026-05-28 23:00:00,0.007692,0.007758,0.007701,0.007712,4110085
1780012800,2026-05-29 00:00:00,0.007711,0.007775,0.007711,0.007758,8324198
1780016400,2026-05-29 01:00:00,0.007698,0.007784,0.00776,0.007718,7242287
1780020000,2026-05-29 02:00:00,0.007634,0.007753,0.007721,0.00766,7494865
1780023600,2026-05-29 03:00:00,0.007625,0.007712,0.007658,0.007632,15599909
1780027200,2026-05-29 04:00:00,0.007594,0.007678,0.007634,0.007678,5893121
1780030800,2026-05-29 05:00:00,0.007664,0.00772,0.007673,0.0077,6200037
1780034400,2026-05-29 06:00:00,0.007681,0.007744,0.007702,0.00773,3655288
1780038000,2026-05-29 07:00:00,0.007672,0.007774,0.007724,0.007716,6773699
1780041600,2026-05-29 08:00:00,0.0077,0.007763,0.00772,0.007721,18970795
1780045200,2026-05-29 09:00:00,0.007716,0.00779,0.007716,0.007777,3575935
1780048800,2026-05-29 10:00:00,0.007698,0.007777,0.007772,0.007717,7302907
1780052400,2026-05-29 11:00:00,0.00759,0.00774,0.007717,0.007645,15830397
1780056000,2026-05-29 12:00:00,0.00756,0.00765,0.007648,0.007598,10045208
1780059600,2026-05-29 13:00:00,0.00755,0.007641,0.007596,0.0076,11504341
1780063200,2026-05-29 14:00:00,0.007515,0.007692,0.00761,0.007668,23512956
1780066800,2026-05-29 15:00:00,0.00765,0.0081,0.007669,0.007903,74262128
1780070400,2026-05-29 16:00:00,0.007791,0.007994,0.007898,0.007973,19130805
1780074000,2026-05-29 17:00:00,0.007917,0.008012,0.007979,0.007956,37171427
1780077600,2026-05-29 18:00:00,0.00781,0.007976,0.007954,0.007841,35006271
1780081200,2026-05-29 19:00:00,0.007756,0.007921,0.007842,0.007874,42592449
1780084800,2026-05-29 20:00:00,0.007836,0.007908,0.007876,0.007879,11509487
1780088400,2026-05-29 21:00:00,0.00782,0.007942,0.007879,0.00782,20369759
1780092000,2026-05-29 22:00:00,0.007822,0.00791,0.007824,0.007882,16652746
1780095600,2026-05-29 23:00:00,0.007841,0.007902,0.00788,0.007897,9236834
1780099200,2026-05-30 00:00:00,0.007881,0.007951,0.007898,0.007934,11393481
1780102800,2026-05-30 01:00:00,0.007918,0.008105,0.007938,0.008105,22941780
1780106400,2026-05-30 02:00:00,0.008062,0.008172,0.008106,0.008172,19085789
1780110000,2026-05-30 03:00:00,0.008004,0.008197,0.008174,0.008014,18459474
1780113600,2026-05-30 04:00:00,0.007774,0.008052,0.008024,0.00791,47888916
1780117200,2026-05-30 05:00:00,0.007886,0.00811,0.007911,0.008011,46273515
1780120800,2026-05-30 06:00:00,0.007978,0.008074,0.008016,0.008017,8963123
1780124400,2026-05-30 07:00:00,0.00798,0.00803,0.008017,0.008024,6374546
1780128000,2026-05-30 08:00:00,0.008002,0.008051,0.008024,0.008021,15254149
1780131600,2026-05-30 09:00:00,0.007989,0.00803,0.00802,0.008007,7846567
1780135200,2026-05-30 10:00:00,0.007996,0.008044,0.008003,0.007996,2504929
1780138800,2026-05-30 11:00:00,0.007992,0.00806,0.007994,0.008028,2847177
1780142400,2026-05-30 12:00:00,0.008014,0.008046,0.008032,0.008035,2133764
1780146000,2026-05-30 13:00:00,0.007974,0.008057,0.008036,0.008016,6206542
1780149600,2026-05-30 14:00:00,0.007989,0.008056,0.008016,0.008046,11137215
1780153200,2026-05-30 15:00:00,0.008,0.008078,0.008042,0.008012,8020463
1780156800,2026-05-30 16:00:00,0.007993,0.008051,0.008014,0.008037,6926482
1780160400,2026-05-30 17:00:00,0.00799,0.008058,0.008038,0.008042,4930249
1780164000,2026-05-30 18:00:00,0.008032,0.008094,0.008045,0.008076,6972478
1780167600,2026-05-30 19:00:00,0.008028,0.008079,0.008076,0.008052,4268113
1780171200,2026-05-30 20:00:00,0.00805,0.008089,0.008054,0.008075,9268579
1780174800,2026-05-30 21:00:00,0.008056,0.008109,0.008076,0.008056,3116301
1780178400,2026-05-30 22:00:00,0.007949,0.008056,0.008056,0.007978,12181231
1780182000,2026-05-30 23:00:00,0.00794,0.008002,0.007976,0.007991,4183558
1780185600,2026-05-31 00:00:00,0.00796,0.008005,0.007992,0.007992,5267572
1780189200,2026-05-31 01:00:00,0.007993,0.008057,0.007994,0.008021,8104410
1780192800,2026-05-31 02:00:00,0.007986,0.008079,0.008026,0.008038,4392503
1780196400,2026-05-31 03:00:00,0.008028,0.008062,0.00804,0.008038,1464092
1780200000,2026-05-31 04:00:00,0.00802,0.008073,0.008042,0.008066,3490661
1780203600,2026-05-31 05:00:00,0.008006,0.008066,0.008064,0.008006,4149645
1780207200,2026-05-31 06:00:00,0.007969,0.008008,0.008004,0.007994,4274554
1780210800,2026-05-31 07:00:00,0.007926,0.008,0.007994,0.007972,6773282
1780214400,2026-05-31 08:00:00,0.007955,0.008006,0.007974,0.007978,3401278
1780218000,2026-05-31 09:00:00,0.007967,0.008044,0.007982,0.007984,4773449
1780221600,2026-05-31 10:00:00,0.007926,0.007994,0.00798,0.007994,12065557
1780225200,2026-05-31 11:00:00,0.00798,0.008003,0.007996,0.00799,3207314
1780228800,2026-05-31 12:00:00,0.007966,0.008036,0.007989,0.00802,4333936
1780232400,2026-05-31 13:00:00,0.008006,0.008058,0.008019,0.008007,5677413
1780236000,2026-05-31 14:00:00,0.007806,0.008006,0.008006,0.007828,26694943
1780239600,2026-05-31 15:00:00,0.00782,0.007908,0.007828,0.00783,12629711
1780243200,2026-05-31 16:00:00,0.007751,0.007846,0.007826,0.007762,9324233
1780246800,2026-05-31 17:00:00,0.007756,0.007836,0.007764,0.007823,8570667
1780250400,2026-05-31 18:00:00,0.007802,0.007852,0.007824,0.007828,5442980
1780254000,2026-05-31 19:00:00,0.00777,0.007839,0.007832,0.007826,6220505
1780257600,2026-05-31 20:00:00,0.007816,0.00786,0.007827,0.00786,10284402
1780261200,2026-05-31 21:00:00,0.007849,0.007937,0.007861,0.007931,18204993
1780264800,2026-05-31 22:00:00,0.007894,0.007974,0.007932,0.007939,8116243
1780268400,2026-05-31 23:00:00,0.007844,0.007986,0.007938,0.007904,6046401
1780272000,2026-06-01 00:00:00,0.007892,0.00796,0.007902,0.007911,10006466
1780275600,2026-06-01 01:00:00,0.007746,0.007915,0.007906,0.007746,8623216
1780279200,2026-06-01 02:00:00,0.007714,0.007941,0.007745,0.007897,33215021
1780282800,2026-06-01 03:00:00,0.007866,0.007942,0.007899,0.007888,15219025
1780286400,2026-06-01 04:00:00,0.007718,0.007915,0.00789,0.007779,37833829
1780290000,2026-06-01 05:00:00,0.00771,0.007788,0.007778,0.007717,4837211
1780293600,2026-06-01 06:00:00,0.007605,0.007722,0.00772,0.00767,34577599
1780297200,2026-06-01 07:00:00,0.007578,0.007676,0.007674,0.007602,4205721
1780300800,2026-06-01 08:00:00,0.007568,0.007636,0.0076,0.007608,8689204
1780304400,2026-06-01 09:00:00,0.007607,0.007666,0.007612,0.007645,5226065
1780308000,2026-06-01 10:00:00,0.007598,0.007656,0.007644,0.00764,3224664
1780311600,2026-06-01 11:00:00,0.007579,0.007666,0.007642,0.0076,7446468
1780315200,2026-06-01 12:00:00,0.007502,0.007614,0.007602,0.007568,13360483
1780318800,2026-06-01 13:00:00,0.007394,0.007576,0.007568,0.007466,42067274
1780322400,2026-06-01 14:00:00,0.007421,0.007492,0.00746,0.00745,34540761
1780326000,2026-06-01 15:00:00,0.007384,0.007481,0.007452,0.007456,26732327
1780329600,2026-06-01 16:00:00,0.007406,0.007591,0.007458,0.007585,15453954
1780333200,2026-06-01 17:00:00,0.007572,0.007678,0.00759,0.00763,14260193
1780336800,2026-06-01 18:00:00,0.007572,0.007636,0.007633,0.007576,6066691
1780340400,2026-06-01 19:00:00,0.007537,0.007606,0.007574,0.007598,7095315
1780344000,2026-06-01 20:00:00,0.007546,0.007623,0.007604,0.007584,8790478
1780347600,2026-06-01 21:00:00,0.007485,0.007589,0.007586,0.007519,9112582
1780351200,2026-06-01 22:00:00,0.007465,0.007599,0.007518,0.007599,12225437
1780354800,2026-06-01 23:00:00,0.007541,0.007625,0.007594,0.007576,17980192
1780358400,2026-06-02 00:00:00,0.007504,0.007584,0.007572,0.007512,5034798
1780362000,2026-06-02 01:00:00,0.007373,0.007524,0.00751,0.007376,17490828
1780365600,2026-06-02 02:00:00,0.007319,0.007501,0.007384,0.007501,25359704
1780369200,2026-06-02 03:00:00,0.007476,0.007538,0.007502,0.007528,5769510
1780372800,2026-06-02 04:00:00,0.007454,0.00754,0.007526,0.007458,11845752
1780376400,2026-06-02 05:00:00,0.007398,0.007506,0.007456,0.007399,11468521
1780380000,2026-06-02 06:00:00,0.007312,0.007433,0.007403,0.007348,22385175
1780383600,2026-06-02 07:00:00,0.007247,0.007375,0.007342,0.007336,14214148
1780387200,2026-06-02 08:00:00,0.007297,0.007348,0.007332,0.00733,6315493
1780390800,2026-06-02 09:00:00,0.007251,0.007333,0.007332,0.007286,8129918
1780394400,2026-06-02 10:00:00,0.007273,0.00737,0.007285,0.00736,7896854
1780398000,2026-06-02 11:00:00,0.007282,0.00736,0.00736,0.007294,6867216
1780401600,2026-06-02 12:00:00,0.007252,0.007328,0.007292,0.007307,7282387
1780405200,2026-06-02 13:00:00,0.0073,0.007396,0.007308,0.007319,16442148
1780408800,2026-06-02 14:00:00,0.007063,0.007321,0.007318,0.007167,29059443
1780412400,2026-06-02 15:00:00,0.00695,0.007174,0.007168,0.007044,41097320
1780416000,2026-06-02 16:00:00,0.007022,0.007223,0.007042,0.007124,18937881
1780419600,2026-06-02 17:00:00,0.007128,0.007218,0.007128,0.007176,9184910
1780423200,2026-06-02 18:00:00,0.00703,0.00722,0.007174,0.007066,10305226
1780426800,2026-06-02 19:00:00,0.006859,0.007078,0.007068,0.007023,27451904
1780430400,2026-06-02 20:00:00,0.006962,0.007077,0.00702,0.007056,45839231
1780434000,2026-06-02 21:00:00,0.006982,0.007084,0.007057,0.007015,18734763
1780437600,2026-06-02 22:00:00,0.006786,0.007017,0.007006,0.0068,30798839
1780441200,2026-06-02 23:00:00,0.0067,0.00686,0.006804,0.006846,47219342
1780444800,2026-06-03 00:00:00,0.006833,0.006975,0.006846,0.00694,21886677
1780448400,2026-06-03 01:00:00,0.006866,0.006957,0.006938,0.006918,22440005
1780452000,2026-06-03 02:00:00,0.006894,0.006949,0.006918,0.006948,6302664
1780455600,2026-06-03 03:00:00,0.006723,0.006957,0.006948,0.00677,21094936
1780459200,2026-06-03 04:00:00,0.006772,0.006949,0.006772,0.006949,14528311
1780462800,2026-06-03 05:00:00,0.006942,0.007087,0.00695,0.007072,15527636
1780466400,2026-06-03 06:00:00,0.007041,0.00719,0.00707,0.007111,31979509
1780470000,2026-06-03 07:00:00,0.0071,0.007192,0.007108,0.00717,5880627
1780473600,2026-06-03 08:00:00,0.007148,0.007214,0.007168,0.007186,6505820
1780477200,2026-06-03 09:00:00,0.007105,0.007199,0.007186,0.007146,53996228
1780480800,2026-06-03 10:00:00,0.00714,0.00723,0.007147,0.007226,20319635
1780484400,2026-06-03 11:00:00,0.007176,0.007268,0.007228,0.007179,16629919
1780488000,2026-06-03 12:00:00,0.007137,0.007222,0.00718,0.007218,17724947
1780491600,2026-06-03 13:00:00,0.007162,0.007278,0.00722,0.007216,9762785
1780495200,2026-06-03 14:00:00,0.007146,0.00724,0.007219,0.00724,9784478
1780498800,2026-06-03 15:00:00,0.007073,0.007244,0.007239,0.007082,16818810
1780502400,2026-06-03 16:00:00,0.006909,0.00709,0.007078,0.007022,27276120
1780506000,2026-06-03 17:00:00,0.006946,0.007108,0.007022,0.007049,20763999
1780509600,2026-06-03 18:00:00,0.00698,0.007091,0.00705,0.007065,6351803
1780513200,2026-06-03 19:00:00,0.006911,0.007109,0.007064,0.006938,29694455
1780516800,2026-06-03 20:00:00,0.006796,0.007011,0.006934,0.006848,28033555
1780520400,2026-06-03 21:00:00,0.006838,0.007246,0.00685,0.007238,77500480
1780524000,2026-06-03 22:00:00,0.007072,0.007279,0.007232,0.007106,14410589
1780527600,2026-06-03 23:00:00,0.00703,0.00712,0.007108,0.007093,20502412
1780531200,2026-06-04 00:00:00,0.006929,0.007174,0.007097,0.007026,23777315
1780534800,2026-06-04 01:00:00,0.006747,0.007055,0.007025,0.006772,75420702
1780538400,2026-06-04 02:00:00,0.006421,0.006898,0.006774,0.006864,69522635
1780542000,2026-06-04 03:00:00,0.00686,0.007104,0.00686,0.007054,26173645
1780545600,2026-06-04 04:00:00,0.00697,0.007121,0.007056,0.006978,13049357
1780549200,2026-06-04 05:00:00,0.006795,0.006976,0.006976,0.006867,22598145
1780552800,2026-06-04 06:00:00,0.006852,0.006992,0.006868,0.006876,13113793
1780556400,2026-06-04 07:00:00,0.006743,0.006884,0.006878,0.006762,30572094
1780560000,2026-06-04 08:00:00,0.006709,0.006843,0.00676,0.006803,10291643
1780563600,2026-06-04 09:00:00,0.006577,0.006802,0.006802,0.006698,25523429
1780567200,2026-06-04 10:00:00,0.006594,0.006702,0.006701,0.006624,22171307
1780570800,2026-06-04 11:00:00,0.006607,0.006764,0.006628,0.00676,13027798
1780574400,2026-06-04 12:00:00,0.006684,0.006922,0.006762,0.006905,18650847
1780578000,2026-06-04 13:00:00,0.006726,0.006921,0.006904,0.00684,26570068
1780581600,2026-06-04 14:00:00,0.006803,0.006894,0.006844,0.006894,21528214
1780585200,2026-06-04 15:00:00,0.006868,0.006989,0.00689,0.0069,15509014
1780588800,2026-06-04 16:00:00,0.006838,0.006924,0.006899,0.006882,20224421
1780592400,2026-06-04 17:00:00,0.00678,0.00692,0.00688,0.006861,13082557
1780596000,2026-06-04 18:00:00,0.006806,0.006957,0.006862,0.006926,12708602
1780599600,2026-06-04 19:00:00,0.006876,0.006984,0.006924,0.006898,7540770
1780603200,2026-06-04 20:00:00,0.00683,0.00691,0.006906,0.006863,8597604
1780606800,2026-06-04 21:00:00,0.006656,0.006904,0.00686,0.006669,19741213
1780610400,2026-06-04 22:00:00,0.006656,0.006783,0.006666,0.006772,20437505
1780614000,2026-06-04 23:00:00,0.006698,0.00682,0.00677,0.006811,13975590
1780617600,2026-06-05 00:00:00,0.006726,0.00687,0.006808,0.006726,13893913
1780621200,2026-06-05 01:00:00,0.006637,0.006786,0.006724,0.006784,19936874
1780624800,2026-06-05 02:00:00,0.006624,0.006784,0.006778,0.006639,35334006
1780628400,2026-06-05 03:00:00,0.006576,0.006717,0.006642,0.006608,40459311
1780632000,2026-06-05 04:00:00,0.00658,0.006774,0.00661,0.006724,31278653
1780635600,2026-06-05 05:00:00,0.006519,0.006754,0.006726,0.006543,21394069
1780639200,2026-06-05 06:00:00,0.00621,0.006571,0.006543,0.006408,65120702
1780642800,2026-06-05 07:00:00,0.00626,0.006596,0.006408,0.006596,37072078
1780646400,2026-06-05 08:00:00,0.006424,0.006596,0.006592,0.00644,23507016
1780650000,2026-06-05 09:00:00,0.006441,0.006594,0.006441,0.006584,28378683
1780653600,2026-06-05 10:00:00,0.006491,0.006602,0.006586,0.006526,11042258
1780657200,2026-06-05 11:00:00,0.006452,0.006552,0.00653,0.006473,19594662
1780660800,2026-06-05 12:00:00,0.006382,0.006523,0.006478,0.006443,26843042
1780664400,2026-06-05 13:00:00,0.006338,0.006615,0.006443,0.006342,41189802
1780668000,2026-06-05 14:00:00,0.006285,0.006569,0.006348,0.00646,36085619
1780671600,2026-06-05 15:00:00,0.006214,0.006466,0.006459,0.006286,43795805
1780675200,2026-06-05 16:00:00,0.006149,0.006504,0.006285,0.00649,58365906
1780678800,2026-06-05 17:00:00,0.006428,0.00656,0.006488,0.006506,48700013
1780682400,2026-06-05 18:00:00,0.006152,0.006532,0.006508,0.006191,42660922
1780686000,2026-06-05 19:00:00,0.00608,0.00637,0.00619,0.006293,49943244
1780689600,2026-06-05 20:00:00,0.006222,0.006482,0.006301,0.006458,36899838
1780693200,2026-06-05 21:00:00,0.006454,0.006516,0.006456,0.006454,18391576
1780696800,2026-06-05 22:00:00,0.00634,0.006459,0.006459,0.006358,30088484
1780700400,2026-06-05 23:00:00,0.006151,0.006384,0.006358,0.006267,41350788
1780704000,2026-06-06 00:00:00,0.006266,0.006382,0.006268,0.006369,9514036
1780707600,2026-06-06 01:00:00,0.00625,0.006382,0.00637,0.006268,16136635
1780711200,2026-06-06 02:00:00,0.006168,0.006274,0.006264,0.006182,15097851
1780714800,2026-06-06 03:00:00,0.00613,0.006211,0.006183,0.006178,13502833
1780718400,2026-06-06 04:00:00,0.005843,0.006197,0.006177,0.0059,41223101
1780722000,2026-06-06 05:00:00,0.005828,0.006144,0.005902,0.006144,29663474
1780725600,2026-06-06 06:00:00,0.006114,0.00623,0.006145,0.006128,20313286
1780729200,2026-06-06 07:00:00,0.00611,0.006254,0.006118,0.006246,28681577
1780732800,2026-06-06 08:00:00,0.006246,0.006432,0.006249,0.006397,22647731
1780736400,2026-06-06 09:00:00,0.00633,0.006475,0.006396,0.006344,12868401
1780740000,2026-06-06 10:00:00,0.006098,0.006342,0.006342,0.006195,43512643
1780743600,2026-06-06 11:00:00,0.006192,0.006304,0.006194,0.00628,14200156
1780747200,2026-06-06 12:00:00,0.006228,0.006376,0.006282,0.006348,14644871
1780750800,2026-06-06 13:00:00,0.006278,0.006374,0.006342,0.006294,9389854
1780754400,2026-06-06 14:00:00,0.006289,0.006505,0.006294,0.006412,63416547
1780758000,2026-06-06 15:00:00,0.00619,0.006422,0.00641,0.006269,76126744
1780761600,2026-06-06 16:00:00,0.00622,0.006313,0.006268,0.006296,12551940
1780765200,2026-06-06 17:00:00,0.006198,0.00631,0.006294,0.006224,11840903
1780768800,2026-06-06 18:00:00,0.0062,0.006265,0.00623,0.006231,14672200
1780772400,2026-06-06 19:00:00,0.00621,0.006266,0.00623,0.00621,4951546
1780776000,2026-06-06 20:00:00,0.00618,0.006252,0.006208,0.006244,16817296
1780779600,2026-06-06 21:00:00,0.006232,0.006287,0.006245,0.006232,10880621
1780783200,2026-06-06 22:00:00,0.00621,0.00627,0.00623,0.006243,5401638
1780786800,2026-06-06 23:00:00,0.006236,0.0063,0.006244,0.006292,8975478
1780790400,2026-06-07 00:00:00,0.006275,0.006329,0.006292,0.006299,4979069
1780794000,2026-06-07 01:00:00,0.006304,0.006596,0.006304,0.006587,30627833
1780797600,2026-06-07 02:00:00,0.006575,0.006703,0.006588,0.006646,58683573
1780801200,2026-06-07 03:00:00,0.006593,0.006674,0.00665,0.006654,27523967
1780804800,2026-06-07 04:00:00,0.006567,0.006776,0.00666,0.006764,25645509
1780808400,2026-06-07 05:00:00,0.006726,0.006894,0.006766,0.006817,37074366
1780812000,2026-06-07 06:00:00,0.006712,0.006818,0.006816,0.006763,34113576
1780815600,2026-06-07 07:00:00,0.006747,0.00688,0.006762,0.006753,38473826
1780819200,2026-06-07 08:00:00,0.006712,0.006933,0.006754,0.006885,27966607
1780822800,2026-06-07 09:00:00,0.006768,0.006896,0.006878,0.006782,20064550
1780826400,2026-06-07 10:00:00,0.006708,0.006789,0.006778,0.006737,8292480
1780830000,2026-06-07 11:00:00,0.00671,0.006796,0.006742,0.00677,19789623
1780833600,2026-06-07 12:00:00,0.006575,0.006782,0.006768,0.00668,68105063
1780837200,2026-06-07 13:00:00,0.006637,0.00668,0.006676,0.006653,6413386
1780840800,2026-06-07 14:00:00,0.00665,0.006788,0.006656,0.006728,17784538
1780844400,2026-06-07 15:00:00,0.006659,0.006726,0.006726,0.006706,37187468
1780848000,2026-06-07 16:00:00,0.00668,0.006764,0.006705,0.00675,8860889
1780851600,2026-06-07 17:00:00,0.006736,0.00681,0.006749,0.006762,9813326
1780855200,2026-06-07 18:00:00,0.006694,0.006798,0.006764,0.006698,6874969
1780858800,2026-06-07 19:00:00,0.006521,0.006694,0.006694,0.006596,48469284
1780862400,2026-06-07 20:00:00,0.006593,0.006711,0.006603,0.00669,13956729
1780866000,2026-06-07 21:00:00,0.006638,0.006724,0.00669,0.006684,12825640
1780869600,2026-06-07 22:00:00,0.006664,0.007038,0.006682,0.006856,90743685
1780873200,2026-06-07 23:00:00,0.006818,0.007006,0.006855,0.006989,44555619
1780876800,2026-06-08 00:00:00,0.006872,0.007036,0.00698,0.006968,89893185
1780880400,2026-06-08 01:00:00,0.006745,0.006972,0.00697,0.006812,17475639
1780884000,2026-06-08 02:00:00,0.006756,0.006835,0.006814,0.006783,14074204
1780887600,2026-06-08 03:00:00,0.006755,0.006825,0.006784,0.006786,5893934
1780891200,2026-06-08 04:00:00,0.006674,0.006794,0.006788,0.006696,16542982
1780894800,2026-06-08 05:00:00,0.006654,0.006736,0.006702,0.006736,7451663
1780898400,2026-06-08 06:00:00,0.006738,0.006793,0.006738,0.006775,3254382
1780902000,2026-06-08 07:00:00,0.006746,0.006846,0.006776,0.006828,6170295
1780905600,2026-06-08 08:00:00,0.006768,0.006845,0.006828,0.00681,6426849
1780909200,2026-06-08 09:00:00,0.006789,0.00687,0.006814,0.00687,7344979
1780912800,2026-06-08 10:00:00,0.006796,0.00688,0.006872,0.006831,8787164
1780916400,2026-06-08 11:00:00,0.006806,0.006953,0.006828,0.006904,10775986
1780920000,2026-06-08 12:00:00,0.006824,0.006993,0.006902,0.006981,10293315
1780923600,2026-06-08 13:00:00,0.00689,0.006999,0.006987,0.006924,16562344
1780927200,2026-06-08 14:00:00,0.006878,0.006936,0.006922,0.006902,8526869
1780930800,2026-06-08 15:00:00,0.006906,0.006996,0.006906,0.006952,46810244
1780934400,2026-06-08 16:00:00,0.006884,0.007034,0.006954,0.006909,17106921
1780938000,2026-06-08 17:00:00,0.006872,0.006938,0.00691,0.006938,6709511
1780941600,2026-06-08 18:00:00,0.00688,0.006963,0.00694,0.006905,5329527
1780945200,2026-06-08 19:00:00,0.006898,0.006947,0.006898,0.006915,4863663
1780948800,2026-06-08 20:00:00,0.006852,0.006932,0.006916,0.006928,5462743
1780952400,2026-06-08 21:00:00,0.006888,0.006971,0.00693,0.006888,8627257
1780956000,2026-06-08 22:00:00,0.006804,0.006887,0.006887,0.006836,14335617
1780959600,2026-06-08 23:00:00,0.006761,0.006859,0.00684,0.006805,13615394
1780963200,2026-06-09 00:00:00,0.006497,0.006826,0.006804,0.006557,57640791
1780966800,2026-06-09 01:00:00,0.006564,0.006677,0.006564,0.006672,12675107
1780970400,2026-06-09 02:00:00,0.006592,0.006684,0.006676,0.006642,7437164
1780974000,2026-06-09 03:00:00,0.006628,0.006677,0.006644,0.006662,4046726
1780977600,2026-06-09 04:00:00,0.006646,0.006838,0.00666,0.006803,16758988
1780981200,2026-06-09 05:00:00,0.006788,0.00687,0.006801,0.006836,3264588
1780984800,2026-06-09 06:00:00,0.006809,0.006863,0.006832,0.006821,3771132
1780988400,2026-06-09 07:00:00,0.006774,0.006852,0.006822,0.006794,4636939
1780992000,2026-06-09 08:00:00,0.006736,0.006813,0.006796,0.006786,7193210
1780995600,2026-06-09 09:00:00,0.00674,0.0068,0.006786,0.006758,4482619
1780999200,2026-06-09 10:00:00,0.006722,0.00678,0.006755,0.00675,6576949
1781002800,2026-06-09 11:00:00,0.006704,0.006754,0.00675,0.006741,4355804
1781006400,2026-06-09 12:00:00,0.006738,0.00679,0.006744,0.006788,4163112
1781010000,2026-06-09 13:00:00,0.006733,0.006833,0.006789,0.006794,9014824
1781013600,2026-06-09 14:00:00,0.006625,0.0068,0.006792,0.006719,19351986
1781017200,2026-06-09 15:00:00,0.006578,0.006748,0.006719,0.006606,12536014
1781020800,2026-06-09 16:00:00,0.006523,0.00666,0.006606,0.006631,23346524
1781024400,2026-06-09 17:00:00,0.006618,0.006777,0.006634,0.006708,21009141
1781028000,2026-06-09 18:00:00,0.006684,0.006772,0.006712,0.006706,4306470
1781031600,2026-06-09 19:00:00,0.006677,0.006742,0.006704,0.006723,4979296
1781035200,2026-06-09 20:00:00,0.006705,0.006771,0.006722,0.006771,36769006
1781038800,2026-06-09 21:00:00,0.006691,0.006804,0.006772,0.006691,11064610
1781042400,2026-06-09 22:00:00,0.00666,0.006734,0.00669,0.00667,5872609
1781046000,2026-06-09 23:00:00,0.006654,0.006732,0.00667,0.00671,12430403
1781049600,2026-06-10 00:00:00,0.006654,0.006767,0.006712,0.006767,7433397
1781053200,2026-06-10 01:00:00,0.006719,0.006798,0.006766,0.006763,6125811
1781056800,2026-06-10 02:00:00,0.00663,0.006779,0.006764,0.00666,25322166
1781060400,2026-06-10 03:00:00,0.00665,0.00671,0.006658,0.006678,2497584
1781064000,2026-06-10 04:00:00,0.006593,0.006691,0.00668,0.006626,4911476
1781067600,2026-06-10 05:00:00,0.006596,0.006653,0.006628,0.006623,8054836
1781071200,2026-06-10 06:00:00,0.006592,0.006677,0.00662,0.006654,5552436
1781074800,2026-06-10 07:00:00,0.00665,0.006708,0.006652,0.006663,9344995
1781078400,2026-06-10 08:00:00,0.006571,0.006668,0.006668,0.006586,10614625
1781082000,2026-06-10 09:00:00,0.006541,0.006619,0.006588,0.006598,6490411
1781085600,2026-06-10 10:00:00,0.006568,0.00663,0.006598,0.006614,5750068
1781089200,2026-06-10 11:00:00,0.006502,0.00662,0.006612,0.006549,11322589
1781092800,2026-06-10 12:00:00,0.006536,0.006738,0.006548,0.006656,26611303
1781096400,2026-06-10 13:00:00,0.006644,0.006802,0.006662,0.006722,40830090
1781100000,2026-06-10 14:00:00,0.006599,0.006729,0.00672,0.006642,36956651
1781103600,2026-06-10 15:00:00,0.00658,0.006691,0.006644,0.006666,20714186
1781107200,2026-06-10 16:00:00,0.00654,0.006677,0.006668,0.006584,19560424
1781110800,2026-06-10 17:00:00,0.006523,0.006619,0.006585,0.006574,14233152
1781114400,2026-06-10 18:00:00,0.006512,0.006597,0.006573,0.006578,29476270
1781118000,2026-06-10 19:00:00,0.006498,0.006591,0.00658,0.006505,37513901
1781121600,2026-06-10 20:00:00,0.006435,0.00651,0.00651,0.006458,14251866
1781125200,2026-06-10 21:00:00,0.006329,0.006453,0.006453,0.00636,12369009
1781128800,2026-06-10 22:00:00,0.006337,0.006454,0.006361,0.006354,28046111
1781132400,2026-06-10 23:00:00,0.00632,0.00641,0.006354,0.006363,17180761
1781136000,2026-06-11 00:00:00,0.00634,0.006406,0.006363,0.006368,32651868
1781139600,2026-06-11 01:00:00,0.006366,0.006512,0.006366,0.006504,7619097
1781143200,2026-06-11 02:00:00,0.006437,0.006504,0.0065,0.00646,7016034
1781146800,2026-06-11 03:00:00,0.006456,0.006874,0.006463,0.006803,51606185
1781150400,2026-06-11 04:00:00,0.006687,0.006834,0.006806,0.006772,18739724
1781154000,2026-06-11 05:00:00,0.006725,0.006786,0.006766,0.006736,7300701
1781157600,2026-06-11 06:00:00,0.006704,0.00681,0.00674,0.006733,13100509
1781161200,2026-06-11 07:00:00,0.006722,0.006779,0.006732,0.006768,6269955
1781164800,2026-06-11 08:00:00,0.006763,0.006825,0.00677,0.006792,6534215
1781168400,2026-06-11 09:00:00,0.006716,0.0068,0.006788,0.006727,8549564
1781172000,2026-06-11 10:00:00,0.006694,0.006747,0.006728,0.006734,6958667
1781175600,2026-06-11 11:00:00,0.006686,0.006767,0.006732,0.006733,11707325
1781179200,2026-06-11 12:00:00,0.0066,0.006732,0.006732,0.006668,32471363
1781182800,2026-06-11 13:00:00,0.00663,0.006732,0.006663,0.006686,8842789
1781186400,2026-06-11 14:00:00,0.006634,0.0067,0.006688,0.006643,11953735
1781190000,2026-06-11 15:00:00,0.0066,0.006688,0.006646,0.006684,5641705
1781193600,2026-06-11 16:00:00,0.00662,0.006691,0.006686,0.006626,8753835
1781197200,2026-06-11 17:00:00,0.006578,0.00685,0.006624,0.006807,34487665
1781200800,2026-06-11 18:00:00,0.006753,0.006831,0.00681,0.006789,15445241
1781204400,2026-06-11 19:00:00,0.006769,0.00686,0.006789,0.006805,13687851
1781208000,2026-06-11 20:00:00,0.006726,0.0068,0.006798,0.00678,12956627
1781211600,2026-06-11 21:00:00,0.006766,0.006842,0.006782,0.006772,7134593
1781215200,2026-06-11 22:00:00,0.006746,0.00679,0.006773,0.006746,4051732
1781218800,2026-06-11 23:00:00,0.006731,0.006786,0.006745,0.006749,6262161
1781222400,2026-06-12 00:00:00,0.006735,0.006803,0.006751,0.00678,10730685
1781226000,2026-06-12 01:00:00,0.00672,0.006778,0.006778,0.00676,12633709
1781229600,2026-06-12 02:00:00,0.006749,0.00681,0.006756,0.006787,5494615
1781233200,2026-06-12 03:00:00,0.006742,0.006793,0.006787,0.006778,5633969
1781236800,2026-06-12 04:00:00,0.006764,0.006834,0.006774,0.006808,13565417
1781240400,2026-06-12 05:00:00,0.00672,0.006813,0.00681,0.006726,5188048
1781244000,2026-06-12 06:00:00,0.006621,0.006736,0.006726,0.006662,11735266
1781247600,2026-06-12 07:00:00,0.006647,0.0067,0.006664,0.006692,4817455
1781251200,2026-06-12 08:00:00,0.006688,0.00674,0.006694,0.006733,7469151
1781254800,2026-06-12 09:00:00,0.006719,0.006842,0.006732,0.0068,6991309
1781258400,2026-06-12 10:00:00,0.006747,0.006826,0.006799,0.006747,9195629
1781262000,2026-06-12 11:00:00,0.006735,0.006772,0.006749,0.006745,3051847
1781265600,2026-06-12 12:00:00,0.006719,0.006784,0.006742,0.006742,6117753
1781269200,2026-06-12 13:00:00,0.00665,0.006752,0.006742,0.006691,11529371
1781272800,2026-06-12 14:00:00,0.006686,0.006888,0.006692,0.006875,12098416
1781276400,2026-06-12 15:00:00,0.006733,0.006919,0.006876,0.006738,16625357
1781280000,2026-06-12 16:00:00,0.006719,0.006838,0.00674,0.006824,15668486
1781283600,2026-06-12 17:00:00,0.006764,0.006856,0.006826,0.006772,6676970
1781287200,2026-06-12 18:00:00,0.006733,0.006786,0.006774,0.006752,9925743
1781290800,2026-06-12 19:00:00,0.00674,0.006798,0.006751,0.006746,8727967
1781294400,2026-06-12 20:00:00,0.006684,0.006769,0.006743,0.006699,9218076
1781298000,2026-06-12 21:00:00,0.006672,0.00673,0.006695,0.006684,7198404
1781301600,2026-06-12 22:00:00,0.006676,0.006708,0.006684,0.006703,5930082
1781305200,2026-06-12 23:00:00,0.006668,0.006736,0.006702,0.006729,6040701
1781308800,2026-06-13 00:00:00,0.006704,0.006737,0.006731,0.006717,7105606
1781312400,2026-06-13 01:00:00,0.006715,0.006809,0.006717,0.006788,16867429
1781316000,2026-06-13 02:00:00,0.006742,0.006793,0.00679,0.006768,9798451
1781319600,2026-06-13 03:00:00,0.006718,0.00679,0.006768,0.006742,14596684
1781323200,2026-06-13 04:00:00,0.006704,0.006762,0.006741,0.006724,9062317
1781326800,2026-06-13 05:00:00,0.006618,0.006726,0.006726,0.006642,13373744
1781330400,2026-06-13 06:00:00,0.006634,0.00674,0.00664,0.006736,8565936
1781334000,2026-06-13 07:00:00,0.006705,0.006796,0.006734,0.006776,13192670
1781337600,2026-06-13 08:00:00,0.006764,0.006823,0.006776,0.006778,9078621
1781341200,2026-06-13 09:00:00,0.006762,0.006811,0.006778,0.00678,5662304
1781344800,2026-06-13 10:00:00,0.006769,0.006799,0.006781,0.006775,6127568
1781348400,2026-06-13 11:00:00,0.006776,0.006839,0.00678,0.006813,12848292
1781352000,2026-06-13 12:00:00,0.00679,0.006861,0.006808,0.00683,11910263
1781355600,2026-06-13 13:00:00,0.006796,0.006846,0.006832,0.00681,13727159
1781359200,2026-06-13 14:00:00,0.006809,0.00687,0.00681,0.00687,10749970
1781362800,2026-06-13 15:00:00,0.006829,0.006927,0.006871,0.006857,35039937
1781366400,2026-06-13 16:00:00,0.006748,0.006852,0.006852,0.006798,17496999
1781370000,2026-06-13 17:00:00,0.006765,0.00688,0.006798,0.006805,13254164
1781373600,2026-06-13 18:00:00,0.006773,0.006833,0.006804,0.00679,5946718
1781377200,2026-06-13 19:00:00,0.00674,0.006827,0.006789,0.006741,23967334
1781380800,2026-06-13 20:00:00,0.006674,0.006745,0.006738,0.006719,32638693
1781384400,2026-06-13 21:00:00,0.006713,0.006812,0.006722,0.006778,10339886
1781388000,2026-06-13 22:00:00,0.006745,0.006776,0.006776,0.006749,5533012
1781391600,2026-06-13 23:00:00,0.006749,0.006797,0.006749,0.006777,1940947
1781395200,2026-06-14 00:00:00,0.006752,0.006794,0.00677,0.006768,5764557
1781398800,2026-06-14 01:00:00,0.006758,0.006818,0.006768,0.006794,4543187
1781402400,2026-06-14 02:00:00,0.006782,0.006838,0.006792,0.006816,9828586
1781406000,2026-06-14 03:00:00,0.006803,0.006852,0.006814,0.006828,9359039
1781409600,2026-06-14 04:00:00,0.006746,0.006827,0.006826,0.006759,5939415
1781413200,2026-06-14 05:00:00,0.006705,0.006765,0.006762,0.006742,8246293
1781416800,2026-06-14 06:00:00,0.006709,0.006776,0.006741,0.006715,12202591
1781420400,2026-06-14 07:00:00,0.006691,0.006733,0.006714,0.00671,3661543
1781424000,2026-06-14 08:00:00,0.006698,0.006733,0.006708,0.006708,4740821
1781427600,2026-06-14 09:00:00,0.006655,0.006721,0.006702,0.006708,8298041
1781431200,2026-06-14 10:00:00,0.006692,0.006755,0.006706,0.006692,11623460
1781434800,2026-06-14 11:00:00,0.006672,0.006701,0.006692,0.006683,4644138
1781438400,2026-06-14 12:00:00,0.00664,0.006708,0.006688,0.00664,7409964
1781442000,2026-06-14 13:00:00,0.006562,0.006652,0.006641,0.006601,21975969
1781445600,2026-06-14 14:00:00,0.006486,0.006602,0.006602,0.006542,25472845
1781449200,2026-06-14 15:00:00,0.006499,0.00656,0.006544,0.006512,7536239
1781452800,2026-06-14 16:00:00,0.006484,0.006543,0.006516,0.006497,8063346
1781456400,2026-06-14 17:00:00,0.00647,0.006523,0.006502,0.00648,11619308
1781460000,2026-06-14 18:00:00,0.006476,0.006518,0.006482,0.006516,8412939
1781463600,2026-06-14 19:00:00,0.006512,0.00655,0.006515,0.006548,5554751
1781467200,2026-06-14 20:00:00,0.006542,0.006621,0.006546,0.006602,8138455
1781470800,2026-06-14 21:00:00,0.006594,0.007025,0.006599,0.006944,40528717
1781474400,2026-06-14 22:00:00,0.00685,0.006971,0.006943,0.006858,42486676
1781478000,2026-06-14 23:00:00,0.006824,0.006964,0.006858,0.006952,11720052
1781481600,2026-06-15 00:00:00,0.00689,0.006992,0.006954,0.006912,19281841
1781485200,2026-06-15 01:00:00,0.00685,0.00693,0.00691,0.006892,3421744
1781488800,2026-06-15 02:00:00,0.006886,0.006971,0.00689,0.006948,4830609
1781492400,2026-06-15 03:00:00,0.006942,0.006979,0.006947,0.006951,9141597
1781496000,2026-06-15 04:00:00,0.006922,0.00697,0.006948,0.006926,3633168
1781499600,2026-06-15 05:00:00,0.00692,0.007001,0.006926,0.006942,40310167
1781503200,2026-06-15 06:00:00,0.006941,0.007005,0.006941,0.006964,7394193
1781506800,2026-06-15 07:00:00,0.006902,0.00698,0.006962,0.006917,15530174
1781510400,2026-06-15 08:00:00,0.006906,0.006975,0.006912,0.00694,12020547
1781514000,2026-06-15 09:00:00,0.006883,0.006952,0.006946,0.006909,6405173
1781517600,2026-06-15 10:00:00,0.006901,0.007211,0.006912,0.007081,50908854
1781521200,2026-06-15 11:00:00,0.007049,0.007182,0.007081,0.007126,39681968
1781524800,2026-06-15 12:00:00,0.007099,0.007205,0.007129,0.007152,11728655
1781528400,2026-06-15 13:00:00,0.00715,0.007294,0.007154,0.007174,29029848
1781532000,2026-06-15 14:00:00,0.007117,0.007256,0.007176,0.007202,13642677
1781535600,2026-06-15 15:00:00,0.007119,0.00728,0.007206,0.007268,23935907
1781539200,2026-06-15 16:00:00,0.007232,0.007358,0.007262,0.007286,19917319
1781542800,2026-06-15 17:00:00,0.007236,0.007506,0.007284,0.007413,49598819
1781546400,2026-06-15 18:00:00,0.007321,0.00745,0.007418,0.00733,43810514
1781550000,2026-06-15 19:00:00,0.007156,0.007356,0.007326,0.007232,29743870
1781553600,2026-06-15 20:00:00,0.007194,0.007284,0.007227,0.007213,6735098
1781557200,2026-06-15 21:00:00,0.007126,0.007223,0.007214,0.007148,9965782
1781560800,2026-06-15 22:00:00,0.00703,0.007174,0.00715,0.007059,7177462
1781564400,2026-06-15 23:00:00,0.007042,0.007131,0.007064,0.007115,21752662
1781568000,2026-06-16 00:00:00,0.007098,0.007166,0.007112,0.007106,27395449
1781571600,2026-06-16 01:00:00,0.007098,0.00715,0.007108,0.007098,8212238
1781575200,2026-06-16 02:00:00,0.006929,0.007096,0.007096,0.006966,16669233
1781578800,2026-06-16 03:00:00,0.006964,0.007115,0.006965,0.007103,24983394
1781582400,2026-06-16 04:00:00,0.006989,0.007111,0.007104,0.007016,25055138
1781586000,2026-06-16 05:00:00,0.007018,0.007134,0.00702,0.007096,11758354
1781589600,2026-06-16 06:00:00,0.007089,0.007207,0.0071,0.007134,21563256
1781593200,2026-06-16 07:00:00,0.00709,0.007153,0.007132,0.007152,3964201
1781596800,2026-06-16 08:00:00,0.007152,0.007318,0.007164,0.007307,15606478
1781600400,2026-06-16 09:00:00,0.007238,0.007326,0.007298,0.007271,13601423
1781604000,2026-06-16 10:00:00,0.007232,0.007275,0.007272,0.007254,6819700
1781607600,2026-06-16 11:00:00,0.007191,0.007282,0.007252,0.007234,5149548
1781611200,2026-06-16 12:00:00,0.007208,0.007326,0.007232,0.007285,6769840
1781614800,2026-06-16 13:00:00,0.007102,0.007286,0.007276,0.007132,21831527
1781618400,2026-06-16 14:00:00,0.006929,0.007168,0.007132,0.007017,20993082
1781622000,2026-06-16 15:00:00,0.006998,0.007088,0.007012,0.007046,12449687
1781625600,2026-06-16 16:00:00,0.007009,0.007084,0.007052,0.007034,5991420
1781629200,2026-06-16 17:00:00,0.00703,0.007154,0.007032,0.007154,12179688
1781632800,2026-06-16 18:00:00,0.007121,0.007246,0.007156,0.007156,30916108
1781636400,2026-06-16 19:00:00,0.007102,0.00719,0.007152,0.00715,2916437
1781640000,2026-06-16 20:00:00,0.00713,0.007252,0.007146,0.007232,5621193
1781643600,2026-06-16 21:00:00,0.007153,0.007243,0.007234,0.007182,8841061
1781647200,2026-06-16 22:00:00,0.007141,0.007218,0.007174,0.007175,3584193
1781650800,2026-06-16 23:00:00,0.007118,0.007187,0.007175,0.007142,2823772
1781654400,2026-06-17 00:00:00,0.007125,0.007182,0.007143,0.007162,3468922
1781658000,2026-06-17 01:00:00,0.007136,0.007308,0.007159,0.007296,7846838
1781661600,2026-06-17 02:00:00,0.007262,0.007354,0.007292,0.007346,5015421
1781665200,2026-06-17 03:00:00,0.007238,0.00734,0.00734,0.007266,5744637
1781668800,2026-06-17 04:00:00,0.007264,0.007388,0.007268,0.00734,6578248
1781672400,2026-06-17 05:00:00,0.007248,0.007375,0.007342,0.007279,20772317
1781676000,2026-06-17 06:00:00,0.007213,0.007304,0.00728,0.007242,11776356
1781679600,2026-06-17 07:00:00,0.007177,0.007288,0.007243,0.00721,10741757
1781683200,2026-06-17 08:00:00,0.007069,0.007222,0.007208,0.007102,7281816
1781686800,2026-06-17 09:00:00,0.007101,0.007162,0.007106,0.007137,4524427
1781690400,2026-06-17 10:00:00,0.007085,0.007158,0.007137,0.007095,6185358
1781694000,2026-06-17 11:00:00,0.007036,0.007104,0.007096,0.007055,4570592
1781697600,2026-06-17 12:00:00,0.007018,0.007114,0.007061,0.007109,10229647
1781701200,2026-06-17 13:00:00,0.007062,0.007143,0.007108,0.007096,8213015
1781704800,2026-06-17 14:00:00,0.007006,0.007113,0.007094,0.007086,6741636
1781708400,2026-06-17 15:00:00,0.00707,0.007276,0.007084,0.007276,10616358
1781712000,2026-06-17 16:00:00,0.007215,0.007354,0.007276,0.00722,8395963
1781715600,2026-06-17 17:00:00,0.007186,0.007306,0.007221,0.0073,13199736
1781719200,2026-06-17 18:00:00,0.007054,0.007302,0.007302,0.007172,22881785
1781722800,2026-06-17 19:00:00,0.0069,0.007214,0.007176,0.006922,28426802
1781726400,2026-06-17 20:00:00,0.006881,0.006966,0.00692,0.006959,10241937
1781730000,2026-06-17 21:00:00,0.006803,0.006964,0.006958,0.006838,6569567
1781733600,2026-06-17 22:00:00,0.00674,0.006882,0.006832,0.00684,7631320
1781737200,2026-06-17 23:00:00,0.006842,0.006901,0.006842,0.006874,2973953
1781740800,2026-06-18 00:00:00,0.006876,0.006978,0.006876,0.006914,31059908
1781744400,2026-06-18 01:00:00,0.006911,0.007001,0.006918,0.006942,23313452
1781748000,2026-06-18 02:00:00,0.006926,0.007015,0.006943,0.006996,4104394
1781751600,2026-06-18 03:00:00,0.006822,0.006994,0.006994,0.006832,10281911
1781755200,2026-06-18 04:00:00,0.00671,0.006832,0.00683,0.006732,12646202
1781758800,2026-06-18 05:00:00,0.006691,0.006761,0.006728,0.006761,3122167
1781762400,2026-06-18 06:00:00,0.006726,0.006776,0.006756,0.006765,5437899
1781766000,2026-06-18 07:00:00,0.00675,0.006819,0.006764,0.006796,1598933
1781769600,2026-06-18 08:00:00,0.006778,0.006832,0.006794,0.006781,3650466
1781773200,2026-06-18 09:00:00,0.006775,0.006838,0.00678,0.006806,3181101
1781776800,2026-06-18 10:00:00,0.006724,0.006809,0.006808,0.006758,3452579
1781780400,2026-06-18 11:00:00,0.006699,0.006779,0.006764,0.006732,4068731
1781784000,2026-06-18 12:00:00,0.006712,0.00681,0.00673,0.006783,10845304
1781787600,2026-06-18 13:00:00,0.00664,0.006803,0.006782,0.006719,20345120
1781791200,2026-06-18 14:00:00,0.006684,0.006792,0.006714,0.006751,10428682
1781794800,2026-06-18 15:00:00,0.006481,0.006756,0.00675,0.006488,37938557
1781798400,2026-06-18 16:00:00,0.00649,0.006596,0.00649,0.006588,11180671
1781802000,2026-06-18 17:00:00,0.006509,0.006586,0.006586,0.006545,10940000
1781805600,2026-06-18 18:00:00,0.006506,0.006565,0.006542,0.006538,9984187
1781809200,2026-06-18 19:00:00,0.006526,0.006619,0.006542,0.006598,7614629
1781812800,2026-06-18 20:00:00,0.006602,0.006705,0.006602,0.006684,8824632
1781816400,2026-06-18 21:00:00,0.006645,0.0067,0.006686,0.006688,5530292
1781820000,2026-06-18 22:00:00,0.006667,0.006721,0.006686,0.006712,5163524
1781823600,2026-06-18 23:00:00,0.006681,0.006743,0.006711,0.006742,1999517
1781827200,2026-06-19 00:00:00,0.006726,0.006775,0.006743,0.006746,2684058
1781830800,2026-06-19 01:00:00,0.00671,0.006768,0.006748,0.006762,2120669
1781834400,2026-06-19 02:00:00,0.006697,0.006789,0.006763,0.006726,3689048
1781838000,2026-06-19 03:00:00,0.006339,0.00674,0.006728,0.006513,53000832
1781841600,2026-06-19 04:00:00,0.006432,0.006562,0.00651,0.006456,26598759
1781845200,2026-06-19 05:00:00,0.006458,0.006515,0.006458,0.006515,6660133
1781848800,2026-06-19 06:00:00,0.006462,0.00653,0.006512,0.006504,3397656
1781852400,2026-06-19 07:00:00,0.006403,0.006509,0.006509,0.006439,4874779
1781856000,2026-06-19 08:00:00,0.006425,0.006495,0.006436,0.006466,6799857
1781859600,2026-06-19 09:00:00,0.006418,0.006475,0.006468,0.006432,5854179
1781863200,2026-06-19 10:00:00,0.006402,0.006446,0.006436,0.006434,3587235
1781866800,2026-06-19 11:00:00,0.006419,0.006466,0.006432,0.006426,6466818
1781870400,2026-06-19 12:00:00,0.006392,0.006485,0.006428,0.00648,13433136
1781874000,2026-06-19 13:00:00,0.006466,0.006611,0.006481,0.006595,30195452
1781877600,2026-06-19 14:00:00,0.006558,0.006606,0.006594,0.006563,6149844
1781881200,2026-06-19 15:00:00,0.006548,0.006604,0.006563,0.00658,3289871
1781884800,2026-06-19 16:00:00,0.006505,0.006606,0.006577,0.006523,4100937
1781888400,2026-06-19 17:00:00,0.006505,0.006642,0.006524,0.006626,22108878
1781892000,2026-06-19 18:00:00,0.006561,0.006632,0.006624,0.00661,14412479
1781895600,2026-06-19 19:00:00,0.006558,0.006616,0.006606,0.0066,3778613
1781899200,2026-06-19 20:00:00,0.006572,0.006629,0.006602,0.006629,4470819
1781902800,2026-06-19 21:00:00,0.006551,0.006632,0.006626,0.006565,11764265
1781906400,2026-06-19 22:00:00,0.006555,0.006621,0.006566,0.006613,3285253
1781910000,2026-06-19 23:00:00,0.006596,0.006663,0.006612,0.006647,5374625
1781913600,2026-06-20 00:00:00,0.006632,0.006736,0.006646,0.006662,17425780
1781917200,2026-06-20 01:00:00,0.006637,0.006691,0.006664,0.006644,3484212
1781920800,2026-06-20 02:00:00,0.006602,0.006663,0.006643,0.006615,4616055
1781924400,2026-06-20 03:00:00,0.006607,0.006673,0.006611,0.006664,5294600
1781928000,2026-06-20 04:00:00,0.006642,0.006716,0.006665,0.006694,28681008
1781931600,2026-06-20 05:00:00,0.006686,0.006814,0.006696,0.006746,5592265
1781935200,2026-06-20 06:00:00,0.00674,0.0068,0.006747,0.006798,4096376
1781938800,2026-06-20 07:00:00,0.006759,0.006897,0.006799,0.006838,9341786
1781942400,2026-06-20 08:00:00,0.006774,0.006895,0.006834,0.006794,6212034
1781946000,2026-06-20 09:00:00,0.00678,0.006856,0.006792,0.006824,3161447
1781949600,2026-06-20 10:00:00,0.006742,0.006845,0.006822,0.006747,5931548
1781953200,2026-06-20 11:00:00,0.0067,0.006761,0.006748,0.006732,6782331
1781956800,2026-06-20 12:00:00,0.006709,0.006738,0.006735,0.006718,4578965
1781960400,2026-06-20 13:00:00,0.006625,0.006726,0.006723,0.006648,10675065
1781964000,2026-06-20 14:00:00,0.006588,0.006768,0.006646,0.006709,10440344
1781967600,2026-06-20 15:00:00,0.006679,0.006782,0.0067,0.006754,7850684
1781971200,2026-06-20 16:00:00,0.006677,0.006748,0.006748,0.006702,4264596
1781974800,2026-06-20 17:00:00,0.006615,0.006708,0.0067,0.006662,6391740
1781978400,2026-06-20 18:00:00,0.006666,0.00672,0.006666,0.006687,4122319
1781982000,2026-06-20 19:00:00,0.006664,0.006702,0.006688,0.006685,2520328
1781985600,2026-06-20 20:00:00,0.006668,0.006699,0.006686,0.006682,1893668
1781989200,2026-06-20 21:00:00,0.006682,0.006735,0.006684,0.0067,4036695
1781992800,2026-06-20 22:00:00,0.006696,0.006839,0.006698,0.006816,16172268
1781996400,2026-06-20 23:00:00,0.006775,0.00684,0.006814,0.00678,3810364
1782000000,2026-06-21 00:00:00,0.006745,0.00678,0.006778,0.006762,5226716
1782003600,2026-06-21 01:00:00,0.006734,0.006766,0.006762,0.006746,2850690
1782007200,2026-06-21 02:00:00,0.006716,0.006753,0.006744,0.006724,3519144
1782010800,2026-06-21 03:00:00,0.006714,0.006805,0.006723,0.006796,4674012
1782014400,2026-06-21 04:00:00,0.006754,0.006817,0.006798,0.006759,2179140
1782018000,2026-06-21 05:00:00,0.00674,0.006785,0.00676,0.006759,4338461
1782021600,2026-06-21 06:00:00,0.00676,0.006796,0.006761,0.006788,1420980
1782025200,2026-06-21 07:00:00,0.006765,0.006803,0.006786,0.006789,1561082
1782028800,2026-06-21 08:00:00,0.006712,0.006798,0.00679,0.006769,3191352
1782032400,2026-06-21 09:00:00,0.006756,0.006846,0.00677,0.006838,3327422
1782036000,2026-06-21 10:00:00,0.006818,0.006865,0.006838,0.00682,5222013
1782039600,2026-06-21 11:00:00,0.006747,0.006836,0.006821,0.006784,6154382
1782043200,2026-06-21 12:00:00,0.006768,0.006855,0.006783,0.006836,8083101
1782046800,2026-06-21 13:00:00,0.006823,0.006859,0.006836,0.006838,3312661
1782050400,2026-06-21 14:00:00,0.006804,0.006943,0.00684,0.00684,7862201
1782054000,2026-06-21 15:00:00,0.00683,0.006894,0.006836,0.006874,3156182
1782057600,2026-06-21 16:00:00,0.006791,0.006882,0.006872,0.006825,8754619
1782061200,2026-06-21 17:00:00,0.006796,0.006854,0.006827,0.006803,7024557
1782064800,2026-06-21 18:00:00,0.006768,0.006839,0.0068,0.006825,9877321
1782068400,2026-06-21 19:00:00,0.006803,0.006838,0.006826,0.00681,3906673
1782072000,2026-06-21 20:00:00,0.006738,0.006818,0.006811,0.006754,3934319
1782075600,2026-06-21 21:00:00,0.006649,0.006752,0.006752,0.006672,8451292
1782079200,2026-06-21 22:00:00,0.00662,0.006706,0.006678,0.006642,5818983
1782082800,2026-06-21 23:00:00,0.006606,0.006658,0.006646,0.006618,7937338
1782086400,2026-06-22 00:00:00,0.006624,0.006729,0.006624,0.006724,5384321
1782090000,2026-06-22 01:00:00,0.006704,0.006848,0.006722,0.00679,11779688
1782093600,2026-06-22 02:00:00,0.006714,0.006786,0.006786,0.006714,5313258
1782097200,2026-06-22 03:00:00,0.006649,0.006734,0.006712,0.006651,6253834
1782100800,2026-06-22 04:00:00,0.006638,0.006703,0.00665,0.006696,3860184
1782104400,2026-06-22 05:00:00,0.00668,0.006722,0.006697,0.006708,2995094
1782108000,2026-06-22 06:00:00,0.00667,0.006708,0.006704,0.006683,4164311
1782111600,2026-06-22 07:00:00,0.00668,0.006764,0.00668,0.006728,2598670
1782115200,2026-06-22 08:00:00,0.006702,0.006744,0.006724,0.006724,1952953
1782118800,2026-06-22 09:00:00,0.006688,0.00673,0.006726,0.006697,2879807
1782122400,2026-06-22 10:00:00,0.006679,0.006737,0.006693,0.00671,34006852
1782126000,2026-06-22 11:00:00,0.006702,0.00681,0.006708,0.006802,7747765
1782129600,2026-06-22 12:00:00,0.006793,0.006866,0.0068,0.00686,6985360
1782133200,2026-06-22 13:00:00,0.006834,0.006918,0.006856,0.006898,12268088
1782136800,2026-06-22 14:00:00,0.006747,0.0069,0.0069,0.006778,9234447
1782140400,2026-06-22 15:00:00,0.006703,0.006805,0.00678,0.00671,16304794
1782144000,2026-06-22 16:00:00,0.00666,0.006719,0.006708,0.006697,8867538
1782147600,2026-06-22 17:00:00,0.006614,0.006697,0.006697,0.006644,6496627
1782151200,2026-06-22 18:00:00,0.006594,0.006678,0.006646,0.006601,11007629
1782154800,2026-06-22 19:00:00,0.006568,0.006631,0.0066,0.006624,10554063
1782158400,2026-06-22 20:00:00,0.00662,0.006663,0.006622,0.006644,2255210
1782162000,2026-06-22 21:00:00,0.006583,0.006648,0.006646,0.006614,6475897
1782165600,2026-06-22 22:00:00,0.006511,0.00663,0.006614,0.00654,9783904
1782169200,2026-06-22 23:00:00,0.006531,0.006576,0.006538,0.006561,5977683
1782172800,2026-06-23 00:00:00,0.006523,0.006604,0.00656,0.006604,9216682
1782176400,2026-06-23 01:00:00,0.00655,0.006628,0.006606,0.006603,3406198
1782180000,2026-06-23 02:00:00,0.006582,0.006635,0.006608,0.006623,3600935
1782183600,2026-06-23 03:00:00,0.006586,0.006649,0.006622,0.006649,2477358
1782187200,2026-06-23 04:00:00,0.006576,0.006656,0.006646,0.006576,3187383
1782190800,2026-06-23 05:00:00,0.006546,0.0066,0.006575,0.006552,2916785
1782194400,2026-06-23 06:00:00,0.006366,0.006549,0.006549,0.006438,14888910
1782198000,2026-06-23 07:00:00,0.006415,0.006476,0.006436,0.00642,4188873
1782201600,2026-06-23 08:00:00,0.006234,0.006439,0.006415,0.006294,19910982
1782205200,2026-06-23 09:00:00,0.006257,0.006302,0.006296,0.006287,8807070
1782208800,2026-06-23 10:00:00,0.00626,0.006307,0.006288,0.006287,3332252
1782212400,2026-06-23 11:00:00,0.006286,0.006352,0.006288,0.006342,4448114
1782216000,2026-06-23 12:00:00,0.006282,0.006344,0.006344,0.006288,3718679
1782219600,2026-06-23 13:00:00,0.006256,0.006366,0.006284,0.006354,11388776
1782223200,2026-06-23 14:00:00,0.006314,0.006386,0.006351,0.006314,5867658
1782226800,2026-06-23 15:00:00,0.006264,0.006343,0.006312,0.006326,9233407
1782230400,2026-06-23 16:00:00,0.006292,0.006369,0.006324,0.006308,9085442
1782234000,2026-06-23 17:00:00,0.006278,0.006321,0.006306,0.00629,6368912
1782237600,2026-06-23 18:00:00,0.006261,0.006301,0.006292,0.006273,4870175
1782241200,2026-06-23 19:00:00,0.006178,0.006307,0.006273,0.006234,46940759
1782244800,2026-06-23 20:00:00,0.006236,0.006282,0.006238,0.006265,3717804
1782248400,2026-06-23 21:00:00,0.006262,0.006292,0.006266,0.00629,3525908
1782252000,2026-06-23 22:00:00,0.006274,0.006324,0.006292,0.006284,2112298
1782255600,2026-06-23 23:00:00,0.006236,0.006283,0.006283,0.006262,7297123
1782259200,2026-06-24 00:00:00,0.00626,0.006329,0.006267,0.006323,15495660
1782262800,2026-06-24 01:00:00,0.006276,0.006352,0.006323,0.006338,5282629
1782266400,2026-06-24 02:00:00,0.006268,0.006337,0.006336,0.006275,3893979
1782270000,2026-06-24 03:00:00,0.006232,0.006291,0.006273,0.006271,2054307
1782273600,2026-06-24 04:00:00,0.006202,0.006278,0.00627,0.006258,1908951
1782277200,2026-06-24 05:00:00,0.006256,0.00631,0.006261,0.006298,2261584
1782280800,2026-06-24 06:00:00,0.00627,0.006294,0.006294,0.006277,1035200
1782284400,2026-06-24 07:00:00,0.006234,0.006282,0.006277,0.006235,2393966
1782288000,2026-06-24 08:00:00,0.006227,0.006257,0.006234,0.006233,1163116
1782291600,2026-06-24 09:00:00,0.006208,0.006239,0.006231,0.006221,1309775
1782295200,2026-06-24 10:00:00,0.006116,0.006224,0.006221,0.006154,23162491
1782298800,2026-06-24 11:00:00,0.006122,0.00626,0.006154,0.0062,37664533
1782302400,2026-06-24 12:00:00,0.006168,0.006222,0.0062,0.006176,3919462
1782306000,2026-06-24 13:00:00,0.005993,0.006174,0.006174,0.00602,29035336
1782309600,2026-06-24 14:00:00,0.006002,0.00609,0.006026,0.00607,8196878
1782313200,2026-06-24 15:00:00,0.005909,0.006068,0.006068,0.005922,15335607
1782316800,2026-06-24 16:00:00,0.005725,0.006002,0.005918,0.005782,51656527
1782320400,2026-06-24 17:00:00,0.005663,0.005824,0.00578,0.005708,21274697
1782324000,2026-06-24 18:00:00,0.005655,0.005831,0.00571,0.005754,16127924
1782327600,2026-06-24 19:00:00,0.005741,0.005809,0.005756,0.005804,15082802
1782331200,2026-06-24 20:00:00,0.005791,0.005986,0.005804,0.005952,32971453
1782334800,2026-06-24 21:00:00,0.005918,0.005998,0.005952,0.005998,9512068
1782338400,2026-06-24 22:00:00,0.005999,0.006089,0.005999,0.006038,16086793
1782342000,2026-06-24 23:00:00,0.00603,0.006082,0.006037,0.006045,6048139
1782345600,2026-06-25 00:00:00,0.006016,0.006074,0.006046,0.006027,8662234
1782349200,2026-06-25 01:00:00,0.00597,0.006044,0.006027,0.006024,14486321
1782352800,2026-06-25 02:00:00,0.006014,0.00604,0.00602,0.006029,4640318
1782356400,2026-06-25 03:00:00,0.006001,0.006033,0.006026,0.00603,4539322
1782360000,2026-06-25 04:00:00,0.005978,0.006092,0.006027,0.006075,21366744
1782363600,2026-06-25 05:00:00,0.006072,0.006182,0.006074,0.00615,11077694
1782367200,2026-06-25 06:00:00,0.006118,0.006165,0.006151,0.006144,2043810
1782370800,2026-06-25 07:00:00,0.006124,0.006149,0.006143,0.006149,1169026
1782374400,2026-06-25 08:00:00,0.006112,0.006149,0.006149,0.006116,2405190
1782378000,2026-06-25 09:00:00,0.006098,0.006131,0.006117,0.00611,3003045
1782381600,2026-06-25 10:00:00,0.006051,0.006116,0.00611,0.006059,5389882
1782385200,2026-06-25 11:00:00,0.006014,0.006064,0.00606,0.006032,7061101
1782388800,2026-06-25 12:00:00,0.005976,0.006115,0.006031,0.006054,12192850
1782392400,2026-06-25 13:00:00,0.005556,0.00608,0.006051,0.005584,61455497
1782396000,2026-06-25 14:00:00,0.005585,0.00592,0.005585,0.005788,83424602
1782399600,2026-06-25 15:00:00,0.005702,0.005842,0.005786,0.005822,14498097
1782403200,2026-06-25 16:00:00,0.005768,0.005906,0.005825,0.005795,16587559
1782406800,2026-06-25 17:00:00,0.005783,0.005882,0.005792,0.005882,8944768
1782410400,2026-06-25 18:00:00,0.005786,0.005885,0.005878,0.0058,7619944
1782414000,2026-06-25 19:00:00,0.005683,0.005807,0.005803,0.005748,27690284
1782417600,2026-06-25 20:00:00,0.00575,0.005818,0.00575,0.005775,8262380
1782421200,2026-06-25 21:00:00,0.005776,0.005897,0.005776,0.005897,8782583
1782424800,2026-06-25 22:00:00,0.005828,0.005902,0.005898,0.005841,4350029
1782428400,2026-06-25 23:00:00,0.00583,0.005892,0.005843,0.00586,16938914
1782432000,2026-06-26 00:00:00,0.005837,0.005873,0.005862,0.005848,3729953
1782435600,2026-06-26 01:00:00,0.00574,0.005858,0.00585,0.005786,12227745
1782439200,2026-06-26 02:00:00,0.005634,0.005785,0.005783,0.005681,17327065
1782442800,2026-06-26 03:00:00,0.005634,0.005899,0.005679,0.005886,74332569
1782446400,2026-06-26 04:00:00,0.005858,0.005951,0.005888,0.00587,32871923
1782450000,2026-06-26 05:00:00,0.005855,0.005957,0.005866,0.005903,12984826
1782453600,2026-06-26 06:00:00,0.005861,0.005981,0.005902,0.005981,9041281
1782457200,2026-06-26 07:00:00,0.005975,0.006042,0.005982,0.006024,5414905
1782460800,2026-06-26 08:00:00,0.005924,0.006032,0.006025,0.005941,11164015
1782464400,2026-06-26 09:00:00,0.005878,0.005945,0.005944,0.005882,5509261
1782468000,2026-06-26 10:00:00,0.005843,0.005888,0.005876,0.005854,5432612
1782471600,2026-06-26 11:00:00,0.005824,0.005899,0.005856,0.005854,11966647
1782475200,2026-06-26 12:00:00,0.005831,0.005946,0.005855,0.005866,14223394
1782478800,2026-06-26 13:00:00,0.0058,0.006005,0.005864,0.006004,18035192
1782482400,2026-06-26 14:00:00,0.00593,0.00602,0.006001,0.005946,14936683
1782486000,2026-06-26 15:00:00,0.00594,0.006076,0.00595,0.006058,19127809
1782489600,2026-06-26 16:00:00,0.006043,0.006193,0.00606,0.006157,16380433
1782493200,2026-06-26 17:00:00,0.006157,0.006254,0.00616,0.0062,17976395
1782496800,2026-06-26 18:00:00,0.006187,0.006259,0.0062,0.006203,8733321
1782500400,2026-06-26 19:00:00,0.006178,0.006285,0.006208,0.006187,16513780
1782504000,2026-06-26 20:00:00,0.006122,0.00627,0.006184,0.006144,16790206
1782507600,2026-06-26 21:00:00,0.006094,0.006164,0.006145,0.006122,4882450
1782511200,2026-06-26 22:00:00,0.006101,0.006178,0.006123,0.006178,5161880
1782514800,2026-06-26 23:00:00,0.006171,0.006223,0.00618,0.006201,3889372
1782518400,2026-06-27 00:00:00,0.006133,0.006227,0.006202,0.006168,4443719
1782522000,2026-06-27 01:00:00,0.006159,0.006198,0.006166,0.006168,3384020
1782525600,2026-06-27 02:00:00,0.006171,0.006341,0.006171,0.00633,10441299
1782529200,2026-06-27 03:00:00,0.006236,0.006328,0.006328,0.006247,9614885
1782532800,2026-06-27 04:00:00,0.006208,0.006272,0.006247,0.00621,4077275
1782536400,2026-06-27 05:00:00,0.006186,0.00625,0.006208,0.006248,2989088
1782540000,2026-06-27 06:00:00,0.006221,0.006286,0.006245,0.006248,7261784
1782543600,2026-06-27 07:00:00,0.006233,0.006272,0.00625,0.006256,2876947
1782547200,2026-06-27 08:00:00,0.006229,0.006274,0.006252,0.00623,2336268
1782550800,2026-06-27 09:00:00,0.006201,0.006292,0.006228,0.006276,4986376
1782554400,2026-06-27 10:00:00,0.006225,0.006288,0.006278,0.006235,3449385
1782558000,2026-06-27 11:00:00,0.006184,0.006252,0.006236,0.006248,7323057
1782561600,2026-06-27 12:00:00,0.006209,0.006258,0.006246,0.006223,5781507
1782565200,2026-06-27 13:00:00,0.006219,0.006262,0.006222,0.006252,2916656
1782568800,2026-06-27 14:00:00,0.006247,0.006508,0.00625,0.006505,40428085
1782572400,2026-06-27 15:00:00,0.006378,0.006521,0.006502,0.006436,22262699
1782576000,2026-06-27 16:00:00,0.006411,0.006495,0.006434,0.00646,11752246
1782579600,2026-06-27 17:00:00,0.006358,0.00646,0.00646,0.006404,9635329
1782583200,2026-06-27 18:00:00,0.006313,0.006404,0.006404,0.006332,28551392
1782586800,2026-06-27 19:00:00,0.006193,0.006337,0.006334,0.006218,12575353
1782590400,2026-06-27 20:00:00,0.006189,0.006242,0.006219,0.006204,5329311
1782594000,2026-06-27 21:00:00,0.006138,0.006221,0.006206,0.006158,11352528
1782597600,2026-06-27 22:00:00,0.0061,0.006223,0.006154,0.0062,9804273
1782601200,2026-06-27 23:00:00,0.006155,0.006202,0.006201,0.006174,1661795
1782604800,2026-06-28 00:00:00,0.006165,0.00621,0.00617,0.006198,4884293
1782608400,2026-06-28 01:00:00,0.006164,0.006212,0.006197,0.0062,3307941
1782612000,2026-06-28 02:00:00,0.006147,0.006222,0.006201,0.006174,6857908
1782615600,2026-06-28 03:00:00,0.006176,0.006204,0.006176,0.006198,2775486
1782619200,2026-06-28 04:00:00,0.006166,0.006203,0.006196,0.006188,4737801
1782622800,2026-06-28 05:00:00,0.006123,0.006182,0.006182,0.00616,3060615
1782626400,2026-06-28 06:00:00,0.00611,0.006161,0.006161,0.006153,2280599
1782630000,2026-06-28 07:00:00,0.006156,0.006224,0.006156,0.006212,2599753
1782633600,2026-06-28 08:00:00,0.006186,0.00627,0.006214,0.006235,3932982
1782637200,2026-06-28 09:00:00,0.006194,0.006262,0.006232,0.006195,1372485
1782640800,2026-06-28 10:00:00,0.006163,0.006215,0.006199,0.006211,5029376
1782644400,2026-06-28 11:00:00,0.006207,0.006266,0.006212,0.00625,4247880
1782648000,2026-06-28 12:00:00,0.006214,0.006271,0.006248,0.006243,3649532
1782651600,2026-06-28 13:00:00,0.00618,0.006246,0.006246,0.006194,5348205
1782655200,2026-06-28 14:00:00,0.006184,0.00625,0.006196,0.006191,6564082
1782658800,2026-06-28 15:00:00,0.006172,0.006219,0.006192,0.006204,6717821
1782662400,2026-06-28 16:00:00,0.006131,0.006208,0.006198,0.006168,9238219
1782666000,2026-06-28 17:00:00,0.0061,0.006188,0.006172,0.006169,9643008
1782669600,2026-06-28 18:00:00,0.006131,0.006174,0.006172,0.006156,1263220
1782673200,2026-06-28 19:00:00,0.006085,0.006174,0.006156,0.00611,6194597
1782676800,2026-06-28 20:00:00,0.006079,0.006146,0.006114,0.00609,7121430
1782680400,2026-06-28 21:00:00,0.005979,0.006099,0.006087,0.006026,7261992
1782684000,2026-06-28 22:00:00,0.005978,0.006096,0.006028,0.006002,5456497
1782687600,2026-06-28 23:00:00,0.005984,0.00611,0.005996,0.006078,2798612
1782691200,2026-06-29 00:00:00,0.005998,0.006109,0.006076,0.006102,4983953
1782694800,2026-06-29 01:00:00,0.006033,0.006105,0.0061,0.006063,5171199
1782698400,2026-06-29 02:00:00,0.005996,0.006122,0.006062,0.006118,6685119
1782702000,2026-06-29 03:00:00,0.006117,0.006188,0.006117,0.006147,7255802
1782705600,2026-06-29 04:00:00,0.006068,0.006147,0.006147,0.006076,2970326
1782709200,2026-06-29 05:00:00,0.006016,0.006106,0.006072,0.006106,5007573
1782712800,2026-06-29 06:00:00,0.006108,0.006176,0.006108,0.006121,7012908
1782716400,2026-06-29 07:00:00,0.00611,0.006149,0.006117,0.006134,2359490
1782720000,2026-06-29 08:00:00,0.006103,0.006168,0.006134,0.006112,11863815
1782723600,2026-06-29 09:00:00,0.006116,0.006171,0.006116,0.006169,4026415
1782727200,2026-06-29 10:00:00,0.00617,0.006203,0.00617,0.006178,4024454
1782730800,2026-06-29 11:00:00,0.006122,0.006194,0.00618,0.006145,6382088
1782734400,2026-06-29 12:00:00,0.00609,0.00629,0.006145,0.006184,17337647
1782738000,2026-06-29 13:00:00,0.006116,0.006236,0.006185,0.00617,11024678
1782741600,2026-06-29 14:00:00,0.006082,0.006178,0.00616,0.006158,9800475
1782745200,2026-06-29 15:00:00,0.006082,0.006204,0.006154,0.006194,10031620
1782748800,2026-06-29 16:00:00,0.006128,0.00622,0.00619,0.006203,7339550
1782752400,2026-06-29 17:00:00,0.006205,0.006369,0.006205,0.006311,13847025
1782756000,2026-06-29 18:00:00,0.006293,0.006346,0.006312,0.006304,10491433
1782759600,2026-06-29 19:00:00,0.006274,0.006354,0.006302,0.006291,4307663
1782763200,2026-06-29 20:00:00,0.006238,0.006297,0.006292,0.006238,14215369
1782766800,2026-06-29 21:00:00,0.006219,0.006282,0.006236,0.006258,6188029
1782770400,2026-06-29 22:00:00,0.006203,0.006273,0.006257,0.006204,2069480
1782774000,2026-06-29 23:00:00,0.006178,0.00621,0.006207,0.006206,17382752
1782777600,2026-06-30 00:00:00,0.006119,0.006217,0.006202,0.006133,6885265
1782781200,2026-06-30 01:00:00,0.006105,0.006159,0.006132,0.00614,4779581
1782784800,2026-06-30 02:00:00,0.006113,0.00619,0.006138,0.006177,7916498
1782788400,2026-06-30 03:00:00,0.006147,0.00619,0.00618,0.00616,3003776
1782792000,2026-06-30 04:00:00,0.006142,0.006198,0.006158,0.006176,2360554
1782795600,2026-06-30 05:00:00,0.00615,0.006186,0.00618,0.006186,2657203
1782799200,2026-06-30 06:00:00,0.006167,0.006196,0.006183,0.006184,2956976
1782802800,2026-06-30 07:00:00,0.006156,0.00619,0.006182,0.006161,1139529
1782806400,2026-06-30 08:00:00,0.006075,0.006159,0.006158,0.00609,3530140
1782810000,2026-06-30 09:00:00,0.006063,0.006113,0.00609,0.006104,3016857
1782813600,2026-06-30 10:00:00,0.006089,0.006129,0.006103,0.006112,3854150
1782817200,2026-06-30 11:00:00,0.00601,0.006116,0.00611,0.006016,11324841
1782820800,2026-06-30 12:00:00,0.005916,0.006014,0.006014,0.005916,9201323
1782824400,2026-06-30 13:00:00,0.005915,0.006048,0.005916,0.006018,10526127
1782828000,2026-06-30 14:00:00,0.006019,0.006096,0.006021,0.00603,7963740
1782831600,2026-06-30 15:00:00,0.005993,0.006074,0.006028,0.006027,15645000
1782835200,2026-06-30 16:00:00,0.005977,0.00606,0.006026,0.006046,7021229
1782838800,2026-06-30 17:00:00,0.006017,0.006076,0.006046,0.006017,1685045
1782842400,2026-06-30 18:00:00,0.005999,0.006078,0.00602,0.006062,2715284
1782846000,2026-06-30 19:00:00,0.006044,0.006076,0.00606,0.006044,3414309
1782849600,2026-06-30 20:00:00,0.006004,0.006058,0.006044,0.006015,2957839
1782853200,2026-06-30 21:00:00,0.005978,0.00602,0.006013,0.00601,7522002
1782856800,2026-06-30 22:00:00,0.005984,0.006028,0.006012,0.005996,2937736
1782860400,2026-06-30 23:00:00,0.005993,0.00601,0.005994,0.006005,2951645
1782864000,2026-07-01 00:00:00,0.006003,0.006049,0.006007,0.006025,7282160
1782867600,2026-07-01 01:00:00,0.005866,0.006148,0.006023,0.006105,15390942
1782871200,2026-07-01 02:00:00,0.006012,0.006134,0.006104,0.006125,16702203
1782874800,2026-07-01 03:00:00,0.006096,0.006276,0.006124,0.006236,26528440
1782878400,2026-07-01 04:00:00,0.00622,0.006324,0.006232,0.006278,44341640
1782882000,2026-07-01 05:00:00,0.006168,0.006288,0.006276,0.006183,9473168
1782885600,2026-07-01 06:00:00,0.006072,0.006184,0.006184,0.006116,18807807
1782889200,2026-07-01 07:00:00,0.006078,0.00614,0.006113,0.006122,5917738
1782892800,2026-07-01 08:00:00,0.0061,0.006186,0.006122,0.006183,7071760
1782896400,2026-07-01 09:00:00,0.006166,0.006215,0.00618,0.006182,7175336
1782900000,2026-07-01 10:00:00,0.006138,0.0062,0.006179,0.006162,11079777
1782903600,2026-07-01 11:00:00,0.006112,0.006196,0.006164,0.006132,13208085
1782907200,2026-07-01 12:00:00,0.006089,0.006135,0.006134,0.006114,4451794
1782910800,2026-07-01 13:00:00,0.0061,0.006222,0.006116,0.006197,22338668
1782914400,2026-07-01 14:00:00,0.006166,0.006262,0.006198,0.006218,13671745
1782918000,2026-07-01 15:00:00,0.00622,0.006334,0.00622,0.006292,15854258
1782921600,2026-07-01 16:00:00,0.006196,0.00633,0.006294,0.00621,10743708
1782925200,2026-07-01 17:00:00,0.006178,0.006252,0.006205,0.006229,5933049
1782928800,2026-07-01 18:00:00,0.006146,0.006248,0.006233,0.006164,5661387
1782932400,2026-07-01 19:00:00,0.006135,0.006199,0.006168,0.006152,11217781
1782936000,2026-07-01 20:00:00,0.006131,0.00618,0.006154,0.006179,5448272
1782939600,2026-07-01 21:00:00,0.00618,0.006298,0.00618,0.00628,4705060
1782943200,2026-07-01 22:00:00,0.006184,0.006337,0.006284,0.006198,20051973
1782946800,2026-07-01 23:00:00,0.00612,0.006196,0.006196,0.006133,10442720
1782950400,2026-07-02 00:00:00,0.006074,0.006132,0.00613,0.00612,4615455
1782954000,2026-07-02 01:00:00,0.006119,0.00621,0.00612,0.006176,7529159
1782957600,2026-07-02 02:00:00,0.006168,0.00623,0.006178,0.006221,7069308
1782961200,2026-07-02 03:00:00,0.006186,0.006287,0.00622,0.006286,10762147
1782964800,2026-07-02 04:00:00,0.006233,0.00629,0.006282,0.006247,4618058
1782968400,2026-07-02 05:00:00,0.006181,0.006251,0.006242,0.006192,12128299
1782972000,2026-07-02 06:00:00,0.006145,0.006201,0.00619,0.006148,3923329
1782975600,2026-07-02 07:00:00,0.006134,0.0062,0.006152,0.006193,14899931
1782979200,2026-07-02 08:00:00,0.006176,0.006222,0.006192,0.006212,7301778
1782982800,2026-07-02 09:00:00,0.006186,0.006297,0.006214,0.00627,5863786
1782986400,2026-07-02 10:00:00,0.006263,0.006442,0.006268,0.006398,13939470
1782990000,2026-07-02 11:00:00,0.00639,0.006476,0.006404,0.006434,32265904
1782993600,2026-07-02 12:00:00,0.006418,0.006544,0.006432,0.006447,55643391
1782997200,2026-07-02 13:00:00,0.006412,0.006506,0.00645,0.006472,14877749
1783000800,2026-07-02 14:00:00,0.006231,0.006486,0.00647,0.006284,25294636
1783004400,2026-07-02 15:00:00,0.006242,0.006327,0.006285,0.006322,11969744
1783008000,2026-07-02 16:00:00,0.00627,0.006334,0.006324,0.006306,9531233
1783011600,2026-07-02 17:00:00,0.0063,0.006351,0.006304,0.006314,9891946
1783015200,2026-07-02 18:00:00,0.006314,0.006358,0.006321,0.006344,13284483
1783018800,2026-07-02 19:00:00,0.006305,0.006353,0.006345,0.006312,11355244
1783022400,2026-07-02 20:00:00,0.006303,0.006327,0.006316,0.006314,2783651
1783026000,2026-07-02 21:00:00,0.006304,0.006342,0.006312,0.006336,5276022
1783029600,2026-07-02 22:00:00,0.006293,0.00635,0.006338,0.006334,15731010
1783033200,2026-07-02 23:00:00,0.006308,0.006346,0.006332,0.006327,4037322
1783036800,2026-07-03 00:00:00,0.006303,0.00637,0.006328,0.006325,15615621
1783040400,2026-07-03 01:00:00,0.006329,0.006486,0.00633,0.006475,21711318
1783044000,2026-07-03 02:00:00,0.006395,0.006482,0.006473,0.006433,19794149
1783047600,2026-07-03 03:00:00,0.006382,0.006442,0.006432,0.006423,2917740
1783051200,2026-07-03 04:00:00,0.006377,0.006429,0.006427,0.006394,2269786
1783054800,2026-07-03 05:00:00,0.006387,0.006451,0.006394,0.00642,2909611
1783058400,2026-07-03 06:00:00,0.00638,0.00651,0.006418,0.006412,6001266
1783062000,2026-07-03 07:00:00,0.006401,0.006464,0.00641,0.006449,3229922
1783065600,2026-07-03 08:00:00,0.006437,0.006636,0.006449,0.006578,29903968
1783069200,2026-07-03 09:00:00,0.006578,0.006778,0.00658,0.006746,28959418
1783072800,2026-07-03 10:00:00,0.006653,0.006884,0.006752,0.006836,37271313
1783076400,2026-07-03 11:00:00,0.006754,0.006876,0.006834,0.006765,22692680
1783080000,2026-07-03 12:00:00,0.00672,0.006842,0.006771,0.006818,16202969
1783083600,2026-07-03 13:00:00,0.006728,0.006823,0.006816,0.006757,9731411
1783087200,2026-07-03 14:00:00,0.006678,0.006845,0.00676,0.006845,24242189
1783090800,2026-07-03 15:00:00,0.006749,0.006884,0.006845,0.006757,15573600
1783094400,2026-07-03 16:00:00,0.006691,0.006772,0.006759,0.006702,20018923
1783098000,2026-07-03 17:00:00,0.006698,0.006736,0.006703,0.006736,3502538
1783101600,2026-07-03 18:00:00,0.006704,0.006762,0.00673,0.006746,6450879
1783105200,2026-07-03 19:00:00,0.00674,0.006808,0.006748,0.006756,8534787
1783108800,2026-07-03 20:00:00,0.00674,0.006834,0.006754,0.006796,11596313
1783112400,2026-07-03 21:00:00,0.006691,0.00682,0.006797,0.00679,9193400
1783116000,2026-07-03 22:00:00,0.006738,0.006818,0.006785,0.006796,7096666
1783119600,2026-07-03 23:00:00,0.006745,0.006842,0.006792,0.006784,4076997
1783123200,2026-07-04 00:00:00,0.006757,0.006824,0.006783,0.006757,7226705
1783126800,2026-07-04 01:00:00,0.006645,0.006757,0.006757,0.006672,13641255
1783130400,2026-07-04 02:00:00,0.006648,0.006698,0.00667,0.006689,2265761
1783134000,2026-07-04 03:00:00,0.00669,0.006848,0.00669,0.00677,13006915
1783137600,2026-07-04 04:00:00,0.006733,0.006822,0.00677,0.006784,8320171
1783141200,2026-07-04 05:00:00,0.006704,0.006914,0.006782,0.006826,44101268
1783144800,2026-07-04 06:00:00,0.00673,0.006928,0.006824,0.006765,24120433
1783148400,2026-07-04 07:00:00,0.006711,0.006762,0.006758,0.006733,5259368
1783152000,2026-07-04 08:00:00,0.0067,0.00674,0.006732,0.006717,2541090
1783155600,2026-07-04 09:00:00,0.006648,0.00674,0.006716,0.006662,5875643
1783159200,2026-07-04 10:00:00,0.006652,0.006788,0.00666,0.006703,6670987
1783162800,2026-07-04 11:00:00,0.006688,0.006736,0.006698,0.006712,2234544
1783166400,2026-07-04 12:00:00,0.006711,0.006748,0.006711,0.006736,2894970
1783170000,2026-07-04 13:00:00,0.006671,0.006786,0.006735,0.006716,9123481
1783173600,2026-07-04 14:00:00,0.006718,0.006817,0.006718,0.006806,9285008
1783177200,2026-07-04 15:00:00,0.006788,0.006936,0.006806,0.006838,26137488
1783180800,2026-07-04 16:00:00,0.006794,0.006852,0.006836,0.006812,6344130
1783184400,2026-07-04 17:00:00,0.006778,0.006866,0.006804,0.006841,7412418
1783188000,2026-07-04 18:00:00,0.006768,0.006844,0.006842,0.00679,8675015
1783191600,2026-07-04 19:00:00,0.006746,0.006794,0.006788,0.006756,5641845
1783195200,2026-07-04 20:00:00,0.006674,0.006772,0.006762,0.006714,15042625
1783198800,2026-07-04 21:00:00,0.006708,0.006777,0.006712,0.006736,5980101
1783202400,2026-07-04 22:00:00,0.006682,0.00674,0.006738,0.006701,3722094
1783206000,2026-07-04 23:00:00,0.006622,0.006696,0.006696,0.006662,10653461
1783209600,2026-07-05 00:00:00,0.006586,0.00666,0.00666,0.006616,6466330
1783213200,2026-07-05 01:00:00,0.006566,0.00663,0.006618,0.006596,5372699
1783216800,2026-07-05 02:00:00,0.006516,0.006595,0.006595,0.006542,3933905
1783220400,2026-07-05 03:00:00,0.006537,0.0066,0.006541,0.00656,11029236
1783224000,2026-07-05 04:00:00,0.006549,0.006612,0.006558,0.006591,1964774
1783227600,2026-07-05 05:00:00,0.006536,0.0066,0.006588,0.006551,3056411
1783231200,2026-07-05 06:00:00,0.006525,0.006577,0.00655,0.006561,4172757
1783234800,2026-07-05 07:00:00,0.006553,0.0066,0.006566,0.006597,2185662
1783238400,2026-07-05 08:00:00,0.006575,0.006608,0.006596,0.006582,895669
1783242000,2026-07-05 09:00:00,0.006474,0.006589,0.006584,0.006518,16802682
1783245600,2026-07-05 10:00:00,0.006486,0.006574,0.006516,0.006574,2153150
1783249200,2026-07-05 11:00:00,0.006561,0.006586,0.006572,0.006569,2116051
1783252800,2026-07-05 12:00:00,0.006542,0.006642,0.006571,0.006626,4254988
1783256400,2026-07-05 13:00:00,0.006606,0.006712,0.006624,0.006712,2757774
1783260000,2026-07-05 14:00:00,0.006642,0.006708,0.006708,0.006706,3024938
1783263600,2026-07-05 15:00:00,0.00666,0.006748,0.006702,0.006682,5002036
1783267200,2026-07-05 16:00:00,0.006642,0.00669,0.006678,0.006662,1829170
1783270800,2026-07-05 17:00:00,0.006642,0.006708,0.006664,0.00667,3830765
1783274400,2026-07-05 18:00:00,0.00667,0.006719,0.006672,0.006682,7834116
1783278000,2026-07-05 19:00:00,0.006677,0.006706,0.006684,0.006696,2648777
1783281600,2026-07-05 20:00:00,0.00667,0.006702,0.006696,0.006675,1613235
1783285200,2026-07-05 21:00:00,0.00666,0.006784,0.006674,0.00674,6393566
1783288800,2026-07-05 22:00:00,0.00673,0.006828,0.006738,0.006825,15589177
1783292400,2026-07-05 23:00:00,0.006768,0.006852,0.006827,0.006792,9275956
1783296000,2026-07-06 00:00:00,0.006712,0.006806,0.006789,0.006776,8103188
1783299600,2026-07-06 01:00:00,0.00673,0.006806,0.006776,0.006742,35691330
1783303200,2026-07-06 02:00:00,0.006714,0.006793,0.006746,0.006752,7762751
1783306800,2026-07-06 03:00:00,0.006709,0.006782,0.006757,0.006736,4294558
1783310400,2026-07-06 04:00:00,0.006719,0.006761,0.006734,0.006727,4356493
1783314000,2026-07-06 05:00:00,0.006606,0.006724,0.006724,0.006649,7427637
1783317600,2026-07-06 06:00:00,0.006615,0.006652,0.006648,0.006638,3008891
1783321200,2026-07-06 07:00:00,0.006621,0.006673,0.006636,0.006656,1240971
1783324800,2026-07-06 08:00:00,0.006616,0.006677,0.00667,0.006632,2353582
1783328400,2026-07-06 09:00:00,0.006586,0.006639,0.006632,0.0066,3382852
1783332000,2026-07-06 10:00:00,0.006599,0.006724,0.006599,0.00667,8957329
1783335600,2026-07-06 11:00:00,0.006602,0.006684,0.006673,0.006602,8542078
1783339200,2026-07-06 12:00:00,0.006436,0.0066,0.0066,0.006486,36702509
1783342800,2026-07-06 13:00:00,0.006427,0.006566,0.006484,0.006533,16402432
1783346400,2026-07-06 14:00:00,0.006522,0.006649,0.006532,0.006627,11640820
1783350000,2026-07-06 15:00:00,0.006628,0.00678,0.006628,0.006776,14250830
1783353600,2026-07-06 16:00:00,0.006759,0.006832,0.006774,0.006775,11667433
1783357200,2026-07-06 17:00:00,0.006717,0.006801,0.006776,0.006723,7508817
1783360800,2026-07-06 18:00:00,0.006715,0.006796,0.00672,0.006767,3920243
1783364400,2026-07-06 19:00:00,0.00676,0.006796,0.006769,0.006777,5494199
1783368000,2026-07-06 20:00:00,0.00674,0.006782,0.00678,0.006764,4119366
1783371600,2026-07-06 21:00:00,0.006765,0.006896,0.006765,0.006824,20094317
1783375200,2026-07-06 22:00:00,0.0068,0.006845,0.006827,0.006817,5402350
1783378800,2026-07-06 23:00:00,0.006762,0.006827,0.006817,0.006771,5028038
1783382400,2026-07-07 00:00:00,0.006738,0.0068,0.006771,0.006755,6687388
1783386000,2026-07-07 01:00:00,0.006673,0.006768,0.006754,0.006716,12108800
1783389600,2026-07-07 02:00:00,0.006637,0.006726,0.00672,0.006654,8553593
1783393200,2026-07-07 03:00:00,0.006607,0.006663,0.006654,0.00663,4875597
1783396800,2026-07-07 04:00:00,0.006575,0.006632,0.006632,0.006596,4102101
1783400400,2026-07-07 05:00:00,0.006534,0.006614,0.006594,0.006606,8556263
1783404000,2026-07-07 06:00:00,0.006578,0.006658,0.006608,0.006639,6466553
1783407600,2026-07-07 07:00:00,0.006614,0.006672,0.006644,0.006614,4299641
1783411200,2026-07-07 08:00:00,0.006593,0.006638,0.006615,0.0066,1922406
1783414800,2026-07-07 09:00:00,0.006592,0.00665,0.006598,0.00663,4030982
1783418400,2026-07-07 10:00:00,0.006589,0.006664,0.006629,0.006589,5961661
1783422000,2026-07-07 11:00:00,0.006568,0.006624,0.006588,0.006624,2995027
1783425600,2026-07-07 12:00:00,0.00662,0.006686,0.006623,0.00662,6335709
1783429200,2026-07-07 13:00:00,0.006541,0.006618,0.006618,0.006553,5058871
1783432800,2026-07-07 14:00:00,0.006477,0.006614,0.006554,0.006602,12158627
1783436400,2026-07-07 15:00:00,0.006574,0.006666,0.0066,0.006642,8428976
1783440000,2026-07-07 16:00:00,0.006617,0.006708,0.006638,0.00667,5637342
1783443600,2026-07-07 17:00:00,0.006648,0.006691,0.006673,0.00668,5716449
1783447200,2026-07-07 18:00:00,0.00656,0.006688,0.006678,0.00656,8514658
1783450800,2026-07-07 19:00:00,0.006523,0.006588,0.006562,0.006582,7756867
1783454400,2026-07-07 20:00:00,0.006525,0.006598,0.006584,0.006546,4356028
1783458000,2026-07-07 21:00:00,0.006445,0.006565,0.006547,0.006453,13669062
1783461600,2026-07-07 22:00:00,0.006396,0.0065,0.006448,0.006484,10840604
1783465200,2026-07-07 23:00:00,0.006455,0.006508,0.006487,0.00646,8727201
1783468800,2026-07-08 00:00:00,0.006429,0.00649,0.006462,0.006466,10861605
1783472400,2026-07-08 01:00:00,0.006255,0.006484,0.006471,0.006303,32028650
1783476000,2026-07-08 02:00:00,0.006161,0.0063,0.0063,0.006234,20151426
1783479600,2026-07-08 03:00:00,0.006225,0.006292,0.006236,0.00623,17435404
1783483200,2026-07-08 04:00:00,0.006208,0.006262,0.006229,0.006243,4740563
1783486800,2026-07-08 05:00:00,0.006194,0.006256,0.006244,0.00623,5019694
1783490400,2026-07-08 06:00:00,0.006169,0.006227,0.006226,0.006198,14957292
1783494000,2026-07-08 07:00:00,0.006168,0.006241,0.006197,0.00621,5847435
1783497600,2026-07-08 08:00:00,0.0061,0.006223,0.006208,0.006104,28909412
1783501200,2026-07-08 09:00:00,0.006079,0.006145,0.006103,0.006112,13081591
1783504800,2026-07-08 10:00:00,0.006093,0.006164,0.006113,0.006145,5941345
1783508400,2026-07-08 11:00:00,0.006138,0.00621,0.006146,0.006177,10231098
1783512000,2026-07-08 12:00:00,0.006116,0.00618,0.006176,0.006118,7563118
1783515600,2026-07-08 13:00:00,0.006077,0.006166,0.006114,0.006162,14334362
1783519200,2026-07-08 14:00:00,0.006076,0.00618,0.006161,0.006114,7945990
1783522800,2026-07-08 15:00:00,0.006054,0.006117,0.006117,0.006103,5482413
1783526400,2026-07-08 16:00:00,0.006089,0.006138,0.006104,0.006126,5780589
1783530000,2026-07-08 17:00:00,0.00612,0.006172,0.006126,0.006123,5613032
1783533600,2026-07-08 18:00:00,0.006105,0.006142,0.006122,0.006128,6297202
1783537200,2026-07-08 19:00:00,0.006107,0.006134,0.006124,0.006126,784190
1783540800,2026-07-08 20:00:00,0.0061,0.006148,0.006124,0.0061,5376313
1783544400,2026-07-08 21:00:00,0.006074,0.006129,0.006102,0.006118,4327734
1783548000,2026-07-08 22:00:00,0.006113,0.006151,0.006113,0.006133,3970781
1783551600,2026-07-08 23:00:00,0.006126,0.006156,0.006132,0.006156,4835114
1783555200,2026-07-09 00:00:00,0.006121,0.006167,0.006157,0.00613,5139434
1783558800,2026-07-09 01:00:00,0.006098,0.006205,0.006134,0.006098,8667381
1783562400,2026-07-09 02:00:00,0.006072,0.006146,0.006098,0.006106,7957769
1783566000,2026-07-09 03:00:00,0.00608,0.006136,0.006104,0.006118,2597724
1783569600,2026-07-09 04:00:00,0.00611,0.00618,0.006122,0.006176,4819476
1783573200,2026-07-09 05:00:00,0.006154,0.006225,0.006175,0.006223,6035796
1783576800,2026-07-09 06:00:00,0.006208,0.006243,0.00622,0.006236,4600514
1783580400,2026-07-09 07:00:00,0.006192,0.006251,0.006237,0.006204,9865670
1783584000,2026-07-09 08:00:00,0.006196,0.00624,0.006201,0.006214,8534676
1783587600,2026-07-09 09:00:00,0.006184,0.006212,0.006212,0.006199,2679842
1783591200,2026-07-09 10:00:00,0.006149,0.006207,0.0062,0.006164,4138415
1783594800,2026-07-09 11:00:00,0.006144,0.00617,0.006166,0.00616,3009557
1783598400,2026-07-09 12:00:00,0.006125,0.006181,0.00616,0.006154,6153234
1783602000,2026-07-09 13:00:00,0.006115,0.006201,0.006156,0.00618,3357291
1783605600,2026-07-09 14:00:00,0.00613,0.006217,0.006182,0.006186,4382824
1783609200,2026-07-09 15:00:00,0.006134,0.006187,0.006184,0.00614,2472088
1783612800,2026-07-09 16:00:00,0.006109,0.006162,0.006144,0.006138,6738924
1783616400,2026-07-09 17:00:00,0.006128,0.006181,0.006135,0.00618,3144212
1783620000,2026-07-09 18:00:00,0.006178,0.006215,0.006182,0.006178,4223049
1783623600,2026-07-09 19:00:00,0.006171,0.006204,0.006176,0.006188,8948338
1783627200,2026-07-09 20:00:00,0.006174,0.006208,0.00619,0.006208,2870926
1783630800,2026-07-09 21:00:00,0.0062,0.006235,0.00621,0.006207,2218029
1783634400,2026-07-09 22:00:00,0.00619,0.006211,0.006208,0.006193,4296694
1783638000,2026-07-09 23:00:00,0.006171,0.006205,0.006192,0.006174,4104358
1783641600,2026-07-10 00:00:00,0.006135,0.006182,0.006172,0.006182,3022011
1783645200,2026-07-10 01:00:00,0.006166,0.006338,0.006178,0.006311,14849099
1783648800,2026-07-10 02:00:00,0.006264,0.006331,0.006312,0.006285,14216772
1783652400,2026-07-10 03:00:00,0.006267,0.006305,0.006284,0.006291,7181761
1783656000,2026-07-10 04:00:00,0.006266,0.006305,0.006292,0.006295,1892739
1783659600,2026-07-10 05:00:00,0.006282,0.006329,0.006288,0.00632,7895698
1783663200,2026-07-10 06:00:00,0.006257,0.006328,0.006324,0.006268,2908080
1783666800,2026-07-10 07:00:00,0.006245,0.006267,0.006265,0.00625,1114722
1783670400,2026-07-10 08:00:00,0.006246,0.006306,0.006248,0.006288,4841700
1783674000,2026-07-10 09:00:00,0.006264,0.006321,0.006286,0.006315,2332844
1783677600,2026-07-10 10:00:00,0.006302,0.006354,0.006314,0.006323,5101908
1783681200,2026-07-10 11:00:00,0.006292,0.006338,0.006322,0.006307,6791452
1783684800,2026-07-10 12:00:00,0.006285,0.006339,0.006306,0.006287,10008642
1783688400,2026-07-10 13:00:00,0.006268,0.006348,0.006286,0.006312,8581314
1783692000,2026-07-10 14:00:00,0.006163,0.006312,0.00631,0.006236,18020576
1783695600,2026-07-10 15:00:00,0.006232,0.006292,0.006238,0.006258,6282927
1783699200,2026-07-10 16:00:00,0.006246,0.006338,0.00626,0.006328,5390309
1783702800,2026-07-10 17:00:00,0.006278,0.006358,0.006326,0.006281,6120661
1783706400,2026-07-10 18:00:00,0.006232,0.006302,0.00628,0.006257,21649765
1783710000,2026-07-10 19:00:00,0.00625,0.006308,0.00625,0.006288,5586217
1783713600,2026-07-10 20:00:00,0.006256,0.006295,0.006286,0.006262,16672317
1783717200,2026-07-10 21:00:00,0.00626,0.006319,0.006262,0.006296,4756865
1783720800,2026-07-10 22:00:00,0.006273,0.006322,0.006302,0.006273,2996831
1783724400,2026-07-10 23:00:00,0.006248,0.006272,0.006272,0.006271,3242082
1783728000,2026-07-11 00:00:00,0.006239,0.006274,0.00627,0.006268,3435794
1783731600,2026-07-11 01:00:00,0.006239,0.00628,0.006267,0.006242,4477985
1783735200,2026-07-11 02:00:00,0.006199,0.006236,0.006236,0.006223,4643965
1783738800,2026-07-11 03:00:00,0.0062,0.006227,0.006224,0.006208,2361787
1783742400,2026-07-11 04:00:00,0.006174,0.00621,0.006206,0.006182,5853144
1783746000,2026-07-11 05:00:00,0.006171,0.006218,0.00618,0.006186,3419385
1783749600,2026-07-11 06:00:00,0.006185,0.006218,0.006185,0.006187,2107982
1783753200,2026-07-11 07:00:00,0.006178,0.006192,0.006187,0.00618,1991991
1783756800,2026-07-11 08:00:00,0.006177,0.006194,0.006184,0.006185,1177673
1783760400,2026-07-11 09:00:00,0.006173,0.006205,0.006182,0.006173,2414481
1783764000,2026-07-11 10:00:00,0.006158,0.006187,0.006176,0.006179,746280
1783767600,2026-07-11 11:00:00,0.00618,0.006215,0.00618,0.006206,807182
1783771200,2026-07-11 12:00:00,0.006193,0.006226,0.006208,0.006218,2321933
1783774800,2026-07-11 13:00:00,0.006203,0.006248,0.006214,0.006243,1939152
1783778400,2026-07-11 14:00:00,0.00624,0.006328,0.00624,0.006282,10944186
1783782000,2026-07-11 15:00:00,0.006218,0.006312,0.006284,0.006257,16133777
1783785600,2026-07-11 16:00:00,0.006224,0.006256,0.006252,0.006256,4918538
1783789200,2026-07-11 17:00:00,0.006234,0.006282,0.006246,0.006254,8923423
1783792800,2026-07-11 18:00:00,0.00625,0.006275,0.006252,0.006262,3609255
1783796400,2026-07-11 19:00:00,0.006239,0.006267,0.006261,0.006257,1623632
1783800000,2026-07-11 20:00:00,0.006248,0.006287,0.006256,0.006274,4821198
1783803600,2026-07-11 21:00:00,0.006257,0.006288,0.006276,0.006262,2196428
1783807200,2026-07-11 22:00:00,0.006194,0.006272,0.00626,0.006213,6803772
1783810800,2026-07-11 23:00:00,0.006036,0.006222,0.006213,0.006036,15486201
1783814400,2026-07-12 00:00:00,0.006016,0.006066,0.006039,0.006052,6136667
1783818000,2026-07-12 01:00:00,0.006051,0.006111,0.006051,0.006101,2459817
1783821600,2026-07-12 02:00:00,0.00607,0.006101,0.006101,0.006084,3256311
1783825200,2026-07-12 03:00:00,0.006073,0.006112,0.006085,0.006103,2521888
1783828800,2026-07-12 04:00:00,0.006065,0.006121,0.006102,0.006076,6075318
1783832400,2026-07-12 05:00:00,0.006059,0.006087,0.006078,0.006077,497638
1783836000,2026-07-12 06:00:00,0.006006,0.006076,0.006076,0.006042,7044200
1783839600,2026-07-12 07:00:00,0.006037,0.006065,0.00604,0.006042,415567
1783843200,2026-07-12 08:00:00,0.006042,0.006078,0.006042,0.006057,846161
1783846800,2026-07-12 09:00:00,0.006031,0.006079,0.006058,0.006066,1617224
1783850400,2026-07-12 10:00:00,0.006049,0.006065,0.006065,0.006062,600589
1783854000,2026-07-12 11:00:00,0.006039,0.00607,0.006063,0.006062,10874590
1783857600,2026-07-12 12:00:00,0.00605,0.0061,0.00606,0.006061,4600735
1783861200,2026-07-12 13:00:00,0.006054,0.006083,0.006059,0.006058,3148774
1783864800,2026-07-12 14:00:00,0.006047,0.006119,0.006059,0.0061,3572459
1783868400,2026-07-12 15:00:00,0.006082,0.00611,0.006098,0.006084,1738372
1783872000,2026-07-12 16:00:00,0.006066,0.006102,0.006083,0.006073,3750433
1783875600,2026-07-12 17:00:00,0.006033,0.006086,0.006071,0.006057,6612518
1783879200,2026-07-12 18:00:00,0.006048,0.006072,0.006059,0.006065,937866
1783882800,2026-07-12 19:00:00,0.00606,0.006081,0.006066,0.006079,1409411
1783886400,2026-07-12 20:00:00,0.006053,0.006087,0.00608,0.006059,1675986
1783890000,2026-07-12 21:00:00,0.005989,0.006077,0.006063,0.00599,10590145
1783893600,2026-07-12 22:00:00,0.005945,0.005991,0.005988,0.005969,10412786
1783897200,2026-07-12 23:00:00,0.00596,0.005993,0.005968,0.005992,4926924
1783900800,2026-07-13 00:00:00,0.005963,0.006096,0.005988,0.006032,16341500
1783904400,2026-07-13 01:00:00,0.005927,0.006038,0.006028,0.005927,8773474
1783908000,2026-07-13 02:00:00,0.005906,0.005978,0.005932,0.005963,3841896
1783911600,2026-07-13 03:00:00,0.005856,0.005967,0.005962,0.005908,12365587
1783915200,2026-07-13 04:00:00,0.005897,0.005938,0.005906,0.005912,2949707
1783918800,2026-07-13 05:00:00,0.00589,0.005952,0.005908,0.00593,6589107
1783922400,2026-07-13 06:00:00,0.005914,0.005945,0.00593,0.00594,4430011
1783926000,2026-07-13 07:00:00,0.005928,0.005964,0.005936,0.005954,2666963
1783929600,2026-07-13 08:00:00,0.005951,0.005988,0.005956,0.005982,6307114
1783933200,2026-07-13 09:00:00,0.00595,0.005981,0.005981,0.00595,2002265
1783936800,2026-07-13 10:00:00,0.005943,0.005964,0.005952,0.005964,1899494
1783940400,2026-07-13 11:00:00,0.005957,0.005984,0.005966,0.005959,3039116
1783944000,2026-07-13 12:00:00,0.00592,0.005963,0.005956,0.005951,4461558
1783947600,2026-07-13 13:00:00,0.005885,0.005951,0.005945,0.00592,3983957
1783951200,2026-07-13 14:00:00,0.005878,0.00598,0.005922,0.00598,8267175
1783954800,2026-07-13 15:00:00,0.005903,0.005973,0.00597,0.005909,8808492
1783958400,2026-07-13 16:00:00,0.005846,0.005921,0.005904,0.005854,4873265
1783962000,2026-07-13 17:00:00,0.005787,0.005866,0.005858,0.005794,12344641
1783965600,2026-07-13 18:00:00,0.005792,0.005827,0.005795,0.005807,5104795
1783969200,2026-07-13 19:00:00,0.005773,0.005831,0.005807,0.005822,5342421
1783972800,2026-07-13 20:00:00,0.00578,0.005831,0.005819,0.005801,5016724
1783976400,2026-07-13 21:00:00,0.005702,0.005807,0.005804,0.00575,6808300
1783980000,2026-07-13 22:00:00,0.005748,0.005783,0.005756,0.005748,1853380
1783983600,2026-07-13 23:00:00,0.005741,0.005803,0.005747,0.005799,3305816
1783987200,2026-07-14 00:00:00,0.005786,0.005844,0.0058,0.005836,4123861
1783990800,2026-07-14 01:00:00,0.0058,0.005842,0.005836,0.005801,1913135
1783994400,2026-07-14 02:00:00,0.005767,0.005803,0.0058,0.005779,2481069
1783998000,2026-07-14 03:00:00,0.005739,0.005784,0.00578,0.005783,3930343
1784001600,2026-07-14 04:00:00,0.005772,0.005804,0.005784,0.005784,17875682
1784005200,2026-07-14 05:00:00,0.005783,0.005843,0.005784,0.005814,8229775
1784008800,2026-07-14 06:00:00,0.005787,0.005816,0.005812,0.005788,1254352
1784012400,2026-07-14 07:00:00,0.005765,0.005787,0.005787,0.005767,2759420
1784016000,2026-07-14 08:00:00,0.005754,0.005783,0.00577,0.005755,2995163
1784019600,2026-07-14 09:00:00,0.005712,0.00577,0.005754,0.005716,8276577
1784023200,2026-07-14 10:00:00,0.005685,0.005754,0.005715,0.005745,7139080
1784026800,2026-07-14 11:00:00,0.005729,0.005759,0.005744,0.005748,1155452
1784030400,2026-07-14 12:00:00,0.005733,0.005856,0.005748,0.00585,17590819
1784034000,2026-07-14 13:00:00,0.005822,0.005939,0.005854,0.005896,14408694
1784037600,2026-07-14 14:00:00,0.005868,0.005953,0.005895,0.005939,14695537
1784041200,2026-07-14 15:00:00,0.005926,0.005988,0.005938,0.005932,11750852
1784044800,2026-07-14 16:00:00,0.005917,0.005964,0.005928,0.00592,4308591
1784048400,2026-07-14 17:00:00,0.005853,0.00592,0.00592,0.005884,8440262
1784052000,2026-07-14 18:00:00,0.005846,0.005883,0.005883,0.005861,2078495
1784055600,2026-07-14 19:00:00,0.005857,0.005904,0.005857,0.00589,7374910
1784059200,2026-07-14 20:00:00,0.005884,0.005898,0.005891,0.005898,1316620
1784062800,2026-07-14 21:00:00,0.005878,0.005907,0.005896,0.00588,4599322
1784066400,2026-07-14 22:00:00,0.005854,0.005916,0.005881,0.005892,3745279
1784070000,2026-07-14 23:00:00,0.005886,0.005934,0.005896,0.005934,2979880
1784073600,2026-07-15 00:00:00,0.005917,0.005967,0.005936,0.005967,4391120
1784077200,2026-07-15 01:00:00,0.005955,0.006044,0.005962,0.006015,13906254
1784080800,2026-07-15 02:00:00,0.005975,0.006034,0.006012,0.006004,15402542
1784084400,2026-07-15 03:00:00,0.005986,0.006075,0.006003,0.00607,5999593
1784088000,2026-07-15 04:00:00,0.006002,0.006089,0.006072,0.006074,12571282
1784091600,2026-07-15 05:00:00,0.00604,0.00622,0.006076,0.00621,12542459
1784095200,2026-07-15 06:00:00,0.006164,0.00626,0.006213,0.006177,20529709
1784098800,2026-07-15 07:00:00,0.006068,0.006174,0.006172,0.006117,5732649
1784102400,2026-07-15 08:00:00,0.006098,0.00619,0.006118,0.006185,17947930
1784106000,2026-07-15 09:00:00,0.006115,0.006192,0.006184,0.006125,5726119
1784109600,2026-07-15 10:00:00,0.006104,0.006166,0.006124,0.006133,9211336
1784113200,2026-07-15 11:00:00,0.006124,0.006155,0.006132,0.006136,5946900
1784116800,2026-07-15 12:00:00,0.006116,0.006275,0.006136,0.006258,15714254
1784120400,2026-07-15 13:00:00,0.006166,0.006292,0.006254,0.006218,23505468
1784124000,2026-07-15 14:00:00,0.00619,0.006278,0.00622,0.006261,15900734
1784127600,2026-07-15 15:00:00,0.006185,0.006265,0.006263,0.006199,18381915
1784131200,2026-07-15 16:00:00,0.00608,0.006198,0.006198,0.00612,22179748
1784134800,2026-07-15 17:00:00,0.006103,0.006149,0.006122,0.006143,8063985
1784138400,2026-07-15 18:00:00,0.00614,0.006204,0.006146,0.006152,11936904
1784142000,2026-07-15 19:00:00,0.006106,0.00617,0.006154,0.006119,6332086
1784145600,2026-07-15 20:00:00,0.006118,0.006161,0.006122,0.006134,9615719
1784149200,2026-07-15 21:00:00,0.00613,0.006195,0.006138,0.006182,7363151
1784152800,2026-07-15 22:00:00,0.006178,0.006297,0.006184,0.00625,18809997
1784156400,2026-07-15 23:00:00,0.006192,0.006286,0.006246,0.006218,13986025
1784160000,2026-07-16 00:00:00,0.0062,0.006275,0.006218,0.00622,11670277
1784163600,2026-07-16 01:00:00,0.006153,0.006258,0.006218,0.006242,16727673
1784167200,2026-07-16 02:00:00,0.006189,0.00624,0.00624,0.006226,5773643
1784170800,2026-07-16 03:00:00,0.006144,0.006242,0.006225,0.006156,8711517
1784174400,2026-07-16 04:00:00,0.006148,0.006214,0.006157,0.006208,2616070
1784178000,2026-07-16 05:00:00,0.006143,0.006258,0.00621,0.00617,9824239
1784181600,2026-07-16 06:00:00,0.006114,0.006184,0.006172,0.006138,6442335
1784185200,2026-07-16 07:00:00,0.006043,0.006142,0.006134,0.006056,12983752
1784188800,2026-07-16 08:00:00,0.005993,0.006092,0.006058,0.006064,21530287
1784192400,2026-07-16 09:00:00,0.006066,0.006097,0.006066,0.006077,3065639
1784196000,2026-07-16 10:00:00,0.00608,0.006173,0.006082,0.006148,11069470
1784199600,2026-07-16 11:00:00,0.006125,0.00619,0.006147,0.006188,10803440
1784203200,2026-07-16 12:00:00,0.006152,0.006255,0.006188,0.006186,21919492
1784206800,2026-07-16 13:00:00,0.006171,0.006285,0.006185,0.006272,18967055
1784210400,2026-07-16 14:00:00,0.006254,0.00634,0.006274,0.00633,21465071
1784214000,2026-07-16 15:00:00,0.006254,0.006376,0.006327,0.006292,20160738
1784217600,2026-07-16 16:00:00,0.006272,0.006383,0.006294,0.006337,8779161
1784221200,2026-07-16 17:00:00,0.006222,0.006336,0.006336,0.006252,7884954
1784224800,2026-07-16 18:00:00,0.006206,0.006292,0.006254,0.006214,8858474
1784228400,2026-07-16 19:00:00,0.006128,0.006235,0.006216,0.006173,27668387
1784232000,2026-07-16 20:00:00,0.006144,0.006202,0.006176,0.006185,3945141
1784235600,2026-07-16 21:00:00,0.006187,0.006271,0.006187,0.006204,12395329
1784239200,2026-07-16 22:00:00,0.006101,0.006231,0.006206,0.006111,11487405
1784242800,2026-07-16 23:00:00,0.006015,0.006112,0.006106,0.006036,10011939
1784246400,2026-07-17 00:00:00,0.005985,0.006066,0.00603,0.006052,10605080
1784250000,2026-07-17 01:00:00,0.006052,0.006117,0.006056,0.006071,5078128
1784253600,2026-07-17 02:00:00,0.006045,0.006134,0.006072,0.006131,10010320
1784257200,2026-07-17 03:00:00,0.006128,0.006313,0.006136,0.006264,33631125
1784260800,2026-07-17 04:00:00,0.00614,0.006262,0.006262,0.006182,16071911
1784264400,2026-07-17 05:00:00,0.00606,0.00618,0.00618,0.00609,6912398
1784268000,2026-07-17 06:00:00,0.00607,0.006166,0.006092,0.006152,5479706
1784271600,2026-07-17 07:00:00,0.006089,0.00616,0.00615,0.006096,9779788
1784275200,2026-07-17 08:00:00,0.005992,0.006121,0.006098,0.00609,25691405
1784278800,2026-07-17 09:00:00,0.006087,0.006233,0.006088,0.006106,9567844
1784282400,2026-07-17 10:00:00,0.006101,0.006154,0.006105,0.00613,11347220
1784286000,2026-07-17 11:00:00,0.006096,0.006133,0.006133,0.006099,4226142
1784289600,2026-07-17 12:00:00,0.006032,0.00612,0.006098,0.006032,13843265
1784293200,2026-07-17 13:00:00,0.005831,0.00603,0.00603,0.005944,32555126
1784296800,2026-07-17 14:00:00,0.005844,0.005973,0.005946,0.005853,11719576
1784300400,2026-07-17 15:00:00,0.005784,0.005937,0.005853,0.005927,36970042
1784304000,2026-07-17 16:00:00,0.005901,0.005972,0.005926,0.005945,18259449
1784307600,2026-07-17 17:00:00,0.005928,0.006038,0.005943,0.005962,11295554
1784311200,2026-07-17 18:00:00,0.005932,0.006002,0.005964,0.005957,8444878
1784314800,2026-07-17 19:00:00,0.005861,0.005976,0.005956,0.005899,8890018
1784318400,2026-07-17 20:00:00,0.005878,0.005927,0.005898,0.005898,4933131
1784322000,2026-07-17 21:00:00,0.005888,0.005955,0.005899,0.0059,10225855
1784325600,2026-07-17 22:00:00,0.005884,0.005916,0.0059,0.005915,2546653
1784329200,2026-07-17 23:00:00,0.005882,0.005935,0.005912,0.005929,3341218
1784332800,2026-07-18 00:00:00,0.005915,0.006006,0.00593,0.006002,12857606
1784336400,2026-07-18 01:00:00,0.005941,0.006016,0.006001,0.005945,8112146
1784340000,2026-07-18 02:00:00,0.005938,0.006028,0.005948,0.006,9695401
1784343600,2026-07-18 03:00:00,0.005974,0.006166,0.006,0.006151,25518776
1784347200,2026-07-18 04:00:00,0.00611,0.006202,0.006148,0.006128,16446381
1784350800,2026-07-18 05:00:00,0.006053,0.006188,0.006126,0.006068,14398790
1784354400,2026-07-18 06:00:00,0.006005,0.006104,0.006065,0.006048,14897095
1784358000,2026-07-18 07:00:00,0.00602,0.006073,0.006049,0.00607,7766738
1784361600,2026-07-18 08:00:00,0.006025,0.006075,0.006072,0.006029,6729080
1784365200,2026-07-18 09:00:00,0.005896,0.006029,0.006029,0.005914,9668605
1784368800,2026-07-18 10:00:00,0.005905,0.006009,0.005912,0.00599,26790558
1784372400,2026-07-18 11:00:00,0.005958,0.006008,0.005992,0.005974,9106728
1784376000,2026-07-18 12:00:00,0.005933,0.006048,0.005978,0.00599,17515541
1784379600,2026-07-18 13:00:00,0.005948,0.006,0.005988,0.005975,15904940
1784383200,2026-07-18 14:00:00,0.005957,0.006034,0.005974,0.006034,14705414
1784386800,2026-07-18 15:00:00,0.006036,0.00616,0.006036,0.006136,24251483
1784390400,2026-07-18 16:00:00,0.00611,0.006233,0.006134,0.006226,18235110
1784394000,2026-07-18 17:00:00,0.006136,0.006243,0.006227,0.006146,13181742
1784397600,2026-07-18 18:00:00,0.006112,0.006172,0.006147,0.006126,9903915
1784401200,2026-07-18 19:00:00,0.006119,0.006164,0.006126,0.006156,3138630
1784404800,2026-07-18 20:00:00,0.006126,0.006176,0.006154,0.006159,6637166
1784408400,2026-07-18 21:00:00,0.006152,0.006187,0.00616,0.006159,4303065
1784412000,2026-07-18 22:00:00,0.006153,0.006202,0.006159,0.006167,5367682
1784415600,2026-07-18 23:00:00,0.00614,0.006173,0.006169,0.006149,4950697
1784419200,2026-07-19 00:00:00,0.006117,0.00617,0.006149,0.006118,6648154
1784422800,2026-07-19 01:00:00,0.006106,0.006155,0.006117,0.006126,2555766
1784426400,2026-07-19 02:00:00,0.00612,0.006216,0.006127,0.006166,21901020
1784430000,2026-07-19 03:00:00,0.006096,0.006165,0.006165,0.006122,13348859
1784433600,2026-07-19 04:00:00,0.006096,0.006124,0.006118,0.006107,4288959
1784437200,2026-07-19 05:00:00,0.006099,0.006146,0.00611,0.006136,11569835
1784440800,2026-07-19 06:00:00,0.006134,0.006168,0.006137,0.00614,2303374
1784444400,2026-07-19 07:00:00,0.00612,0.00615,0.006141,0.006136,2373495
1784448000,2026-07-19 08:00:00,0.006123,0.006169,0.006132,0.00615,3766719
1784451600,2026-07-19 09:00:00,0.006114,0.006158,0.006152,0.006147,4419989
1784455200,2026-07-19 10:00:00,0.006137,0.006168,0.006144,0.006142,5721152
1784458800,2026-07-19 11:00:00,0.006086,0.006144,0.006142,0.006086,5205543
1784462400,2026-07-19 12:00:00,0.006068,0.006093,0.006085,0.006074,5118603
1784466000,2026-07-19 13:00:00,0.006064,0.006111,0.006072,0.006089,7805179
1784469600,2026-07-19 14:00:00,0.006064,0.006122,0.006088,0.006119,7452227
1784473200,2026-07-19 15:00:00,0.006085,0.006131,0.00612,0.006092,3291415
1784476800,2026-07-19 16:00:00,0.006078,0.006104,0.00609,0.006082,2743283
1784480400,2026-07-19 17:00:00,0.006033,0.006114,0.006082,0.006094,6212377
1784484000,2026-07-19 18:00:00,0.006039,0.006099,0.006092,0.006071,11918711
1784487600,2026-07-19 19:00:00,0.006059,0.006125,0.006072,0.006103,9801798
1784491200,2026-07-19 20:00:00,0.006104,0.006167,0.006104,0.006165,3865158
1784494800,2026-07-19 21:00:00,0.006068,0.006188,0.006166,0.006089,5667378
1784498400,2026-07-19 22:00:00,0.006082,0.006147,0.00609,0.006104,7216489
1784502000,2026-07-19 23:00:00,0.006067,0.006125,0.006102,0.0061,9801880
1784505600,2026-07-20 00:00:00,0.006088,0.006193,0.006104,0.006159,18410815
1784509200,2026-07-20 01:00:00,0.006129,0.006218,0.006159,0.006155,17411036
1784512800,2026-07-20 02:00:00,0.006157,0.006214,0.006157,0.006202,11133481
1784516400,2026-07-20 03:00:00,0.006157,0.00622,0.006204,0.006178,8074604
1784520000,2026-07-20 04:00:00,0.006127,0.006194,0.006174,0.00615,3575365
1784523600,2026-07-20 05:00:00,0.006047,0.006152,0.006152,0.006049,7744599
1784527200,2026-07-20 06:00:00,0.005957,0.006079,0.006046,0.006075,15531744
1784530800,2026-07-20 07:00:00,0.006066,0.006241,0.006076,0.006219,30955778
1784534400,2026-07-20 08:00:00,0.00621,0.006302,0.006221,0.006219,21333517
1784538000,2026-07-20 09:00:00,0.006186,0.006278,0.006219,0.006242,9959695
1784541600,2026-07-20 10:00:00,0.006207,0.006262,0.00624,0.006212,9983328
1784545200,2026-07-20 11:00:00,0.006193,0.006299,0.006214,0.006295,6396756
1784548800,2026-07-20 12:00:00,0.006258,0.006312,0.006294,0.00628,9820162
1784552400,2026-07-20 13:00:00,0.006227,0.006344,0.006282,0.006227,16462583
1784556000,2026-07-20 14:00:00,0.006201,0.006338,0.006232,0.00626,24182376
1784559600,2026-07-20 15:00:00,0.006255,0.006344,0.006255,0.006315,13762261
1784563200,2026-07-20 16:00:00,0.006302,0.006439,0.006315,0.006418,31119673
1784566800,2026-07-20 17:00:00,0.006326,0.006431,0.006417,0.006341,10311825
1784570400,2026-07-20 18:00:00,0.006302,0.006369,0.006344,0.006304,7255490
1784574000,2026-07-20 19:00:00,0.006272,0.006327,0.006306,0.006282,16334059
1784577600,2026-07-20 20:00:00,0.006282,0.00634,0.006286,0.006312,14054395
1784581200,2026-07-20 21:00:00,0.00631,0.006386,0.006311,0.006368,12344948
1784584800,2026-07-20 22:00:00,0.006316,0.006379,0.006362,0.006323,4103731
1784588400,2026-07-20 23:00:00,0.00632,0.006369,0.006323,0.006327,7048119
1784592000,2026-07-21 00:00:00,0.006331,0.006428,0.006332,0.006405,9250776
1784595600,2026-07-21 01:00:00,0.006332,0.006436,0.006405,0.006363,11966798
1784599200,2026-07-21 02:00:00,0.006298,0.006377,0.006361,0.006363,19591435
1784602800,2026-07-21 03:00:00,0.006363,0.0064,0.006364,0.006393,8951392
1784606400,2026-07-21 04:00:00,0.006365,0.006418,0.006393,0.006392,15443376
1784610000,2026-07-21 05:00:00,0.006381,0.006428,0.006392,0.006405,5421245
1784613600,2026-07-21 06:00:00,0.006374,0.006414,0.006404,0.006392,6208414
1784617200,2026-07-21 07:00:00,0.006379,0.006438,0.00639,0.006406,6344409
1784620800,2026-07-21 08:00:00,0.006396,0.006439,0.006404,0.006396,12961599
1784624400,2026-07-21 09:00:00,0.006376,0.006411,0.006398,0.006376,5084068
1784628000,2026-07-21 10:00:00,0.00637,0.006411,0.006386,0.006389,5065272
1784631600,2026-07-21 11:00:00,0.006387,0.006468,0.006393,0.006418,16859884
1784635200,2026-07-21 12:00:00,0.006404,0.006435,0.006415,0.006413,8495416
1784638800,2026-07-21 13:00:00,0.00638,0.006432,0.006412,0.006407,8942526
1784642400,2026-07-21 14:00:00,0.006362,0.006406,0.006406,0.006369,10057021
1784646000,2026-07-21 15:00:00,0.006348,0.006412,0.006368,0.006408,11767205
1784649600,2026-07-21 16:00:00,0.006401,0.006453,0.006406,0.00643,18846843
1784653200,2026-07-21 17:00:00,0.00634,0.006432,0.006431,0.006392,27160452
1784656800,2026-07-21 18:00:00,0.006366,0.0064,0.006386,0.006394,6654848
1784660400,2026-07-21 19:00:00,0.006383,0.006401,0.006392,0.006388,4350871
1784664000,2026-07-21 20:00:00,0.006362,0.006389,0.006385,0.006365,2574063
1784667600,2026-07-21 21:00:00,0.00636,0.006379,0.006364,0.00636,2587452
1784671200,2026-07-21 22:00:00,0.006313,0.006372,0.006358,0.006314,8188814
1784674800,2026-07-21 23:00:00,0.006274,0.006321,0.006313,0.006321,8963726
1784678400,2026-07-22 00:00:00,0.006312,0.006355,0.00632,0.006336,5950539
1784682000,2026-07-22 01:00:00,0.006278,0.006335,0.006335,0.006315,6132588
1784685600,2026-07-22 02:00:00,0.006296,0.006372,0.006312,0.006309,6482069
1784689200,2026-07-22 03:00:00,0.006272,0.006322,0.00631,0.006276,8985811
1784692800,2026-07-22 04:00:00,0.006267,0.00632,0.006275,0.006285,8838764
1784696400,2026-07-22 05:00:00,0.00622,0.006289,0.006286,0.006238,12969622
1784700000,2026-07-22 06:00:00,0.006195,0.006252,0.006234,0.006239,23928887
1784703600,2026-07-22 07:00:00,0.006224,0.006272,0.006239,0.006266,13094812
1784707200,2026-07-22 08:00:00,0.00626,0.006302,0.006264,0.006295,3415685
1784710800,2026-07-22 09:00:00,0.00627,0.006323,0.006297,0.006282,3954511
1784714400,2026-07-22 10:00:00,0.006266,0.006293,0.006283,0.006284,3101283
1784718000,2026-07-22 11:00:00,0.00624,0.006287,0.006287,0.00626,23260902
1784721600,2026-07-22 12:00:00,0.00623,0.006266,0.006259,0.006258,6354712
1784725200,2026-07-22 13:00:00,0.006246,0.006348,0.006262,0.006336,6787465
1784728800,2026-07-22 14:00:00,0.006274,0.006373,0.006335,0.006296,7293678
1784732400,2026-07-22 15:00:00,0.006294,0.006388,0.006298,0.00634,15186422
1784736000,2026-07-22 16:00:00,0.006321,0.00639,0.006339,0.006376,9698422
1784739600,2026-07-22 17:00:00,0.006324,0.006397,0.006378,0.006324,9083664
1784743200,2026-07-22 18:00:00,0.006268,0.006336,0.006324,0.006296,6851927
1784746800,2026-07-22 19:00:00,0.006272,0.006304,0.006294,0.006291,3719142
1784750400,2026-07-22 20:00:00,0.006279,0.006343,0.006291,0.006308,5297774
1784754000,2026-07-22 21:00:00,0.006292,0.006318,0.00631,0.006293,3189792
1784757600,2026-07-22 22:00:00,0.006272,0.00631,0.0063,0.006297,1992112
1784761200,2026-07-22 23:00:00,0.006238,0.006293,0.00629,0.006283,4369564
1784764800,2026-07-23 00:00:00,0.006266,0.006348,0.00628,0.006319,15411373
1784768400,2026-07-23 01:00:00,0.006281,0.006328,0.006318,0.006286,13751161
1784772000,2026-07-23 02:00:00,0.006262,0.00629,0.006286,0.006284,11268136
1784775600,2026-07-23 03:00:00,0.006259,0.00632,0.006282,0.006268,7755486
1784779200,2026-07-23 04:00:00,0.006263,0.00634,0.006266,0.006298,6166894
1784782800,2026-07-23 05:00:00,0.006288,0.006335,0.006296,0.006321,5310860
1784786400,2026-07-23 06:00:00,0.006292,0.006321,0.006321,0.0063,3346423
1784790000,2026-07-23 07:00:00,0.006232,0.006298,0.006298,0.006242,3368657
1784793600,2026-07-23 08:00:00,0.006232,0.00629,0.00624,0.006274,6496911
1784797200,2026-07-23 09:00:00,0.006244,0.006284,0.006272,0.006249,2707988
1784800800,2026-07-23 10:00:00,0.006242,0.006274,0.006243,0.006246,6141662
1784804400,2026-07-23 11:00:00,0.006207,0.006252,0.006244,0.006208,6019995
1784808000,2026-07-23 12:00:00,0.006114,0.006217,0.006206,0.006145,26408828
1784811600,2026-07-23 13:00:00,0.006113,0.006165,0.006146,0.006126,11092794
1784815200,2026-07-23 14:00:00,0.00611,0.006168,0.00613,0.00611,10150541
1784818800,2026-07-23 15:00:00,0.006054,0.006112,0.006109,0.006093,13516160
1784822400,2026-07-23 16:00:00,0.006074,0.006117,0.006095,0.006109,7641780
1784826000,2026-07-23 17:00:00,0.006053,0.006118,0.006109,0.006067,4921182
1784829600,2026-07-23 18:00:00,0.00604,0.006075,0.006068,0.006057,9731221
1784833200,2026-07-23 19:00:00,0.006022,0.006071,0.006054,0.00604,9588717
1784836800,2026-07-23 20:00:00,0.006042,0.00611,0.006042,0.006064,24356997
1784840400,2026-07-23 21:00:00,0.006054,0.006091,0.006063,0.006079,3686011
1784844000,2026-07-23 22:00:00,0.006042,0.00609,0.00608,0.006087,3733561
1784847600,2026-07-23 23:00:00,0.006077,0.006096,0.006088,0.006096,1863850
1784851200,2026-07-24 00:00:00,0.006047,0.006096,0.006095,0.006087,8675123
1784854800,2026-07-24 01:00:00,0.00608,0.006108,0.006088,0.006094,5779535
1784858400,2026-07-24 02:00:00,0.006061,0.006098,0.006092,0.006078,2203577
1784862000,2026-07-24 03:00:00,0.00608,0.006128,0.00608,0.006116,2826293
1784865600,2026-07-24 04:00:00,0.006063,0.006124,0.006114,0.006069,22593053
1784869200,2026-07-24 05:00:00,0.00606,0.00611,0.006068,0.0061,6871336
1784872800,2026-07-24 06:00:00,0.006103,0.006123,0.006103,0.006109,4142580
1784876400,2026-07-24 07:00:00,0.00607,0.006137,0.006107,0.006093,4460068
1784880000,2026-07-24 08:00:00,0.006066,0.006092,0.006092,0.006076,1089331
1784883600,2026-07-24 09:00:00,0.00605,0.006094,0.006073,0.006087,2648264
1784887200,2026-07-24 10:00:00,0.00604,0.006085,0.006085,0.006058,2355968
1784890800,2026-07-24 11:00:00,0.006025,0.006064,0.006056,0.006045,4995092
1784894400,2026-07-24 12:00:00,0.006018,0.006079,0.006044,0.006022,7732574
1784898000,2026-07-24 13:00:00,0.005965,0.006031,0.006024,0.006001,12410834
1784901600,2026-07-24 14:00:00,0.005965,0.006027,0.006002,0.00602,8721214
1784905200,2026-07-24 15:00:00,0.006,0.006051,0.006019,0.006024,3654937
1784908800,2026-07-24 16:00:00,0.005984,0.006026,0.006022,0.006001,5686023
1784912400,2026-07-24 17:00:00,0.005993,0.006054,0.005998,0.006029,5253499
1784916000,2026-07-24 18:00:00,0.006004,0.006034,0.006028,0.00602,1168743
1784919600,2026-07-24 19:00:00,0.00601,0.006035,0.006018,0.006024,2013142
1784923200,2026-07-24 20:00:00,0.006012,0.006038,0.006026,0.00602,973249
1784926800,2026-07-24 21:00:00,0.005993,0.006029,0.006023,0.005995,1488674
1784930400,2026-07-24 22:00:00,0.005999,0.006023,0.005999,0.006012,4326072
1784934000,2026-07-24 23:00:00,0.006012,0.006033,0.006016,0.006025,5179523
1784937600,2026-07-25 00:00:00,0.005997,0.006034,0.006024,0.006026,3931595
1784941200,2026-07-25 01:00:00,0.006023,0.006047,0.006026,0.006024,2401949
1784944800,2026-07-25 02:00:00,0.005997,0.006022,0.006022,0.006017,1581697
1784948400,2026-07-25 03:00:00,0.006003,0.006026,0.006013,0.006011,1349487
1784952000,2026-07-25 04:00:00,0.006003,0.006018,0.006012,0.006013,2140240
1784955600,2026-07-25 05:00:00,0.005975,0.006022,0.006016,0.005978,5312654
1784959200,2026-07-25 06:00:00,0.005946,0.005985,0.00598,0.005968,2046877
1784962800,2026-07-25 07:00:00,0.005945,0.005968,0.005964,0.00595,4077472
1784966400,2026-07-25 08:00:00,0.00594,0.005979,0.00595,0.005961,6384660
1784970000,2026-07-25 09:00:00,0.005957,0.005996,0.005961,0.005983,1703357
1784973600,2026-07-25 10:00:00,0.005973,0.005989,0.005986,0.005983,2432185
1784977200,2026-07-25 11:00:00,0.00598,0.005994,0.005984,0.00599,5406022
1784980800,2026-07-25 12:00:00,0.005981,0.005993,0.005988,0.00599,1604831
1784984400,2026-07-25 13:00:00,0.00598,0.006008,0.005992,0.005982,4149849
1784988000,2026-07-25 14:00:00,0.005973,0.005996,0.005978,0.005996,2281670
1784991600,2026-07-25 15:00:00,0.005984,0.006063,0.005992,0.00605,7874989
1784995200,2026-07-25 16:00:00,0.006055,0.006135,0.006055,0.006135,25664125
1784998800,2026-07-25 17:00:00,0.006131,0.006281,0.006134,0.006263,28131613
1785002400,2026-07-25 18:00:00,0.006214,0.00632,0.006264,0.006226,20980816
1785006000,2026-07-25 19:00:00,0.006177,0.006273,0.006224,0.006273,13428178
1785009600,2026-07-25 20:00:00,0.006206,0.00628,0.006272,0.006213,7079177
1785013200,2026-07-25 21:00:00,0.006196,0.006244,0.006214,0.006232,8522820
1785016800,2026-07-25 22:00:00,0.006196,0.006243,0.006233,0.006197,4574709
1785020400,2026-07-25 23:00:00,0.006181,0.006209,0.006195,0.006205,4272817
1785024000,2026-07-26 00:00:00,0.006159,0.006244,0.006204,0.006216,7289477
1785027600,2026-07-26 01:00:00,0.00618,0.006249,0.006217,0.006249,13127741
1785031200,2026-07-26 02:00:00,0.006249,0.006336,0.006249,0.006283,33268588
1785034800,2026-07-26 03:00:00,0.006226,0.006368,0.00628,0.006356,15507223
1785038400,2026-07-26 04:00:00,0.006289,0.006372,0.006362,0.006306,5669818
1785042000,2026-07-26 05:00:00,0.006307,0.006399,0.006307,0.00639,12698780
1785045600,2026-07-26 06:00:00,0.006348,0.006449,0.006392,0.006444,41749229
1785049200,2026-07-26 07:00:00,0.006362,0.006485,0.006445,0.006377,20021024
1785052800,2026-07-26 08:00:00,0.006366,0.006443,0.006375,0.006418,12710110
1785056400,2026-07-26 09:00:00,0.006368,0.006428,0.006418,0.006371,19113972
1785060000,2026-07-26 10:00:00,0.006343,0.006372,0.00637,0.00635,9354219
1785063600,2026-07-26 11:00:00,0.006327,0.00637,0.006348,0.006352,3762096
1785067200,2026-07-26 12:00:00,0.006327,0.006393,0.006352,0.006355,27746720
1785070800,2026-07-26 13:00:00,0.006295,0.006354,0.006354,0.0063,6096917
1785074400,2026-07-26 14:00:00,0.006285,0.006334,0.006299,0.006286,28260930
1785078000,2026-07-26 15:00:00,0.006262,0.006341,0.006286,0.00633,17914063
1785081600,2026-07-26 16:00:00,0.006313,0.006356,0.00633,0.006334,28059365
1785085200,2026-07-26 17:00:00,0.006312,0.00635,0.006334,0.006312,12414141
1785088800,2026-07-26 18:00:00,0.006286,0.006315,0.006314,0.006308,4495664
1785092400,2026-07-26 19:00:00,0.006295,0.006316,0.00631,0.0063,3976806
1785096000,2026-07-26 20:00:00,0.006298,0.006313,0.0063,0.006304,7720133
1785099600,2026-07-26 21:00:00,0.006284,0.006342,0.006306,0.006334,4384143
1785103200,2026-07-26 22:00:00,0.006332,0.006362,0.006342,0.006336,15719209
1785106800,2026-07-26 23:00:00,0.00632,0.006392,0.006337,0.006382,40712878
1785110400,2026-07-27 00:00:00,0.006346,0.006383,0.006383,0.006354,8466501
1785114000,2026-07-27 01:00:00,0.006315,0.006362,0.006356,0.006362,5317908
1785117600,2026-07-27 02:00:00,0.006334,0.006374,0.006364,0.006344,9505301
1785121200,2026-07-27 03:00:00,0.006322,0.006359,0.006347,0.006344,9600653
1785124800,2026-07-27 04:00:00,0.006338,0.006388,0.006338,0.006383,6520777
1785128400,2026-07-27 05:00:00,0.006357,0.006427,0.006382,0.006406,9834661
1785132000,2026-07-27 06:00:00,0.006383,0.006445,0.006407,0.006383,7564101
1785135600,2026-07-27 07:00:00,0.006373,0.006444,0.006382,0.006407,9606927
1785139200,2026-07-27 08:00:00,0.006365,0.00641,0.00641,0.006392,18893857
1785142800,2026-07-27 09:00:00,0.006347,0.006488,0.006392,0.00644,17613525
1785146400,2026-07-27 10:00:00,0.006417,0.006477,0.006437,0.006474,7782229
1785150000,2026-07-27 11:00:00,0.006386,0.006474,0.006474,0.006394,7413206
1785153600,2026-07-27 12:00:00,0.006324,0.006414,0.00639,0.006403,18523231
1785157200,2026-07-27 13:00:00,0.006334,0.00646,0.0064,0.006404,13016353
1785160800,2026-07-27 14:00:00,0.006116,0.006432,0.006399,0.00619,64664055
1785164400,2026-07-27 15:00:00,0.006075,0.006194,0.006192,0.006078,33124200
1785168000,2026-07-27 16:00:00,0.006019,0.00611,0.006076,0.006027,10688770
1785171600,2026-07-27 17:00:00,0.006008,0.006092,0.006024,0.006067,17806491
1785175200,2026-07-27 18:00:00,0.006059,0.00611,0.006065,0.0061,16078084
1785178800,2026-07-27 19:00:00,0.006096,0.006159,0.006102,0.00612,13552928
1785182400,2026-07-27 20:00:00,0.0061,0.006138,0.006123,0.006127,5930262
1785186000,2026-07-27 21:00:00,0.006089,0.006131,0.006125,0.00609,6263406
1785189600,2026-07-27 22:00:00,0.005976,0.006089,0.006088,0.005986,17754045
1785193200,2026-07-27 23:00:00,0.0059,0.005986,0.005984,0.005961,33808474
1785196800,2026-07-28 00:00:00,0.005901,0.00598,0.005956,0.005913,18841292
1785200400,2026-07-28 01:00:00,0.005838,0.005921,0.005907,0.005894,38011709
1785204000,2026-07-28 02:00:00,0.005865,0.005912,0.005892,0.005905,9191351
1785207600,2026-07-28 03:00:00,0.005884,0.005922,0.0059,0.005919,6807877
1785211200,2026-07-28 04:00:00,0.005877,0.005922,0.005919,0.00592,8814082
1785214800,2026-07-28 05:00:00,0.005904,0.005939,0.005921,0.005913,6123018
1785218400,2026-07-28 06:00:00,0.005889,0.005952,0.00591,0.005945,13196878
1785222000,2026-07-28 07:00:00,0.005908,0.00597,0.005945,0.005933,8020406
1785225600,2026-07-28 08:00:00,0.005932,0.005964,0.005932,0.005933,10028447
1785229200,2026-07-28 09:00:00,0.005915,0.005962,0.005936,0.005922,6497562
1785232800,2026-07-28 10:00:00,0.005912,0.005938,0.005924,0.005914,9595996
1785236400,2026-07-28 11:00:00,0.005887,0.005935,0.005912,0.005904,15212471
1785240000,2026-07-28 12:00:00,0.005896,0.005946,0.005905,0.005926,26789958
1785243600,2026-07-28 13:00:00,0.005813,0.005928,0.005924,0.005852,26324408
1785247200,2026-07-28 14:00:00,0.005831,0.005919,0.00585,0.005897,13054477
1785250800,2026-07-28 15:00:00,0.005894,0.006096,0.005904,0.006084,27260459
1785254400,2026-07-28 16:00:00,0.006004,0.006126,0.006082,0.006015,35622370
1785258000,2026-07-28 17:00:00,0.005966,0.006027,0.006013,0.005991,11420755
1785261600,2026-07-28 18:00:00,0.005972,0.006022,0.005994,0.005987,16701607
1785265200,2026-07-28 19:00:00,0.005987,0.006029,0.005988,0.006027,9670392
1785268800,2026-07-28 20:00:00,0.006004,0.006034,0.006028,0.006018,9175841
1785272400,2026-07-28 21:00:00,0.006001,0.006024,0.006019,0.006001,3010338
1785276000,2026-07-28 22:00:00,0.005894,0.006012,0.006002,0.005896,5470225
1785279600,2026-07-28 23:00:00,0.005879,0.005958,0.005899,0.005956,9444910
1785283200,2026-07-29 00:00:00,0.005933,0.005989,0.005956,0.005958,13179918
1785286800,2026-07-29 01:00:00,0.00589,0.005964,0.00596,0.005891,9513178
1785290400,2026-07-29 02:00:00,0.005871,0.005941,0.005891,0.005917,9547560
1785294000,2026-07-29 03:00:00,0.005829,0.005921,0.005914,0.00583,24463651
1785297600,2026-07-29 04:00:00,0.005804,0.005882,0.005828,0.005873,11066630
1785301200,2026-07-29 05:00:00,0.005855,0.005888,0.005874,0.00587,3942984
1785304800,2026-07-29 06:00:00,0.005849,0.005903,0.005868,0.005901,3674680
1785308400,2026-07-29 07:00:00,0.005864,0.005909,0.0059,0.005909,7405300
1785312000,2026-07-29 08:00:00,0.005842,0.005908,0.005908,0.005853,8395720
1785315600,2026-07-29 09:00:00,0.005852,0.005903,0.005852,0.005889,3842555
1785319200,2026-07-29 10:00:00,0.005864,0.0059,0.00589,0.005882,6162316
1785322800,2026-07-29 11:00:00,0.005866,0.00589,0.005884,0.005879,6659309
1785326400,2026-07-29 12:00:00,0.005831,0.005876,0.005875,0.00584,5463545
1785330000,2026-07-29 13:00:00,0.00582,0.005862,0.005838,0.005856,8467562
1785333600,2026-07-29 14:00:00,0.005805,0.005867,0.005857,0.005812,8312136
1785337200,2026-07-29 15:00:00,0.005763,0.005822,0.00581,0.005794,15264586
1785340800,2026-07-29 16:00:00,0.005765,0.005812,0.00579,0.005794,8645694
1785344400,2026-07-29 17:00:00,0.00579,0.005846,0.005795,0.005846,4059163
1785348000,2026-07-29 18:00:00,0.005788,0.005893,0.005848,0.005865,17373641
1785351600,2026-07-29 19:00:00,0.005695,0.005876,0.005865,0.00571,29398663
1785355200,2026-07-29 20:00:00,0.005666,0.005747,0.005713,0.005678,14205917
1785358800,2026-07-29 21:00:00,0.005652,0.005742,0.005676,0.005742,8850146
1785362400,2026-07-29 22:00:00,0.005742,0.005774,0.005743,0.005753,6545490
1785366000,2026-07-29 23:00:00,0.005731,0.005758,0.005754,0.005751,8166961
1785369600,2026-07-30 00:00:00,0.005739,0.005773,0.005751,0.00576,9671426
1785373200,2026-07-30 01:00:00,0.005759,0.005864,0.005762,0.005846,13038300
1785376800,2026-07-30 02:00:00,0.005845,0.005908,0.005848,0.005878,19100678
1785380400,2026-07-30 03:00:00,0.005822,0.005895,0.005877,0.005827,10261406
1785384000,2026-07-30 04:00:00,0.0058,0.005828,0.005822,0.0058,2970122
1785387600,2026-07-30 05:00:00,0.005783,0.005837,0.005798,0.005816,4534122
1785391200,2026-07-30 06:00:00,0.005801,0.00582,0.005814,0.005802,713242
1785394800,2026-07-30 07:00:00,0.005787,0.005826,0.005803,0.005788,2645874
1785398400,2026-07-30 08:00:00,0.005777,0.00581,0.005786,0.005799,3019730
1785402000,2026-07-30 09:00:00,0.005794,0.005826,0.005799,0.00582,2629278
1785405600,2026-07-30 10:00:00,0.005807,0.005833,0.005822,0.005816,4375275
1785409200,2026-07-30 11:00:00,0.005811,0.005844,0.005812,0.005828,4057108
1785412800,2026-07-30 12:00:00,0.005818,0.005849,0.005832,0.005836,5003638
1785416400,2026-07-30 13:00:00,0.005811,0.005902,0.005836,0.005888,18581131
1785420000,2026-07-30 14:00:00,0.00584,0.005893,0.005886,0.005862,14522713
1785423600,2026-07-30 15:00:00,0.00583,0.005865,0.00586,0.005854,4142566
1785427200,2026-07-30 16:00:00,0.005829,0.005867,0.005855,0.005846,5876510
1785430800,2026-07-30 17:00:00,0.005828,0.005867,0.005841,0.005865,2679673
1785434400,2026-07-30 18:00:00,0.005855,0.005891,0.005866,0.00587,12348144
1785438000,2026-07-30 19:00:00,0.005872,0.00599,0.005872,0.00599,42922590
1785441600,2026-07-30 20:00:00,0.00598,0.006145,0.005987,0.006134,48340558
1785445200,2026-07-30 21:00:00,0.00607,0.006165,0.006136,0.006132,28094258
1785448800,2026-07-30 22:00:00,0.006037,0.006168,0.00613,0.006053,21201152
1785452400,2026-07-30 23:00:00,0.00603,0.00608,0.006051,0.006045,7220586
1785456000,2026-07-31 00:00:00,0.006016,0.006067,0.006046,0.006057,8367096
1785459600,2026-07-31 01:00:00,0.006059,0.006167,0.006059,0.006074,15686860
1785463200,2026-07-31 02:00:00,0.00599,0.006096,0.006072,0.005997,8061760
1785466800,2026-07-31 03:00:00,0.005974,0.006043,0.005994,0.006022,6060664
1785470400,2026-07-31 04:00:00,0.005999,0.006042,0.006023,0.006009,4033719
1785474000,2026-07-31 05:00:00,0.006004,0.00604,0.00601,0.006027,7023532
1785477600,2026-07-31 06:00:00,0.006021,0.006075,0.006025,0.006058,13783311
1785481200,2026-07-31 07:00:00,0.005984,0.006126,0.006056,0.006096,19219481
1785484800,2026-07-31 08:00:00,0.006051,0.006115,0.006096,0.006077,9218350
1785488400,2026-07-31 09:00:00,0.006033,0.006093,0.006076,0.006034,18874312
1785492000,2026-07-31 10:00:00,0.006014,0.006069,0.006035,0.006046,10439336
1785495600,2026-07-31 11:00:00,0.006033,0.006063,0.006046,0.006045,4989937
1785499200,2026-07-31 12:00:00,0.006006,0.006088,0.006042,0.006084,11820607
1785502800,2026-07-31 13:00:00,0.005993,0.006112,0.006084,0.006005,13989297
1785506400,2026-07-31 14:00:00,0.005932,0.006075,0.006006,0.006007,26250918
1785510000,2026-07-31 15:00:00,0.005973,0.006026,0.006004,0.005996,15626389
1785513600,2026-07-31 16:00:00,0.005993,0.006052,0.005994,0.006049,7686934
1785517200,2026-07-31 17:00:00,0.006019,0.006064,0.006052,0.006047,5152887
1785520800,2026-07-31 18:00:00,0.006011,0.006052,0.00605,0.006015,4377175
1785524400,2026-07-31 19:00:00,0.005943,0.00602,0.00602,0.00596,8142924
1785528000,2026-07-31 20:00:00,0.005944,0.005996,0.005964,0.005965,5941291
1785531600,2026-07-31 21:00:00,0.005947,0.006001,0.005964,0.005963,3116862
1785535200,2026-07-31 22:00:00,0.005957,0.00599,0.005962,0.005957,2830276
1785538800,2026-07-31 23:00:00,0.005944,0.005972,0.00596,0.005972,1430941
1785542400,2026-08-01 00:00:00,0.005974,0.006084,0.005974,0.006084,8601126
1785546000,2026-08-01 01:00:00,0.006064,0.006112,0.006082,0.006096,14593901
1785549600,2026-08-01 02:00:00,0.006078,0.00611,0.006098,0.006104,5208351
1785553200,2026-08-01 03:00:00,0.00607,0.006102,0.006102,0.006092,4624622
1785556800,2026-08-01 04:00:00,0.006074,0.00617,0.006094,0.006092,19761658
1785560400,2026-08-01 05:00:00,0.005947,0.00609,0.006089,0.005972,32354043
1785564000,2026-08-01 06:00:00,0.005955,0.005988,0.00597,0.005966,9878346
1785567600,2026-08-01 07:00:00,0.005969,0.005983,0.005969,0.005971,1988775
1785571200,2026-08-01 08:00:00,0.005966,0.005985,0.005971,0.005977,1632593
1785574800,2026-08-01 09:00:00,0.005947,0.005983,0.005976,0.005962,7611353
1785578400,2026-08-01 10:00:00,0.005915,0.005962,0.005962,0.005919,4481628
1785582000,2026-08-01 11:00:00,0.005909,0.005945,0.005919,0.005943,3677082
1785585600,2026-08-01 12:00:00,0.00594,0.005969,0.00594,0.005962,2709199
1785589200,2026-08-01 13:00:00,0.00595,0.00597,0.005963,0.00595,2103191
1785592800,2026-08-01 14:00:00,0.005907,0.005957,0.005948,0.005934,5404839
1785596400,2026-08-01 15:00:00,0.005928,0.005968,0.005934,0.00595,4030751
1785600000,2026-08-01 16:00:00,0.005924,0.00597,0.005951,0.005936,1773331
1785603600,2026-08-01 17:00:00,0.00589,0.00595,0.005937,0.00592,5389979
1785607200,2026-08-01 18:00:00,0.005857,0.005928,0.005918,0.005898,16003173
1785610800,2026-08-01 19:00:00,0.005887,0.005925,0.0059,0.0059,4166957
1785614400,2026-08-01 20:00:00,0.005858,0.00593,0.005899,0.005886,5684185
1785618000,2026-08-01 21:00:00,0.005888,0.005936,0.005888,0.005934,7703196
1785621600,2026-08-01 22:00:00,0.005919,0.005945,0.005933,0.005924,1582684
1785625200,2026-08-01 23:00:00,0.005912,0.005932,0.005923,0.005912,2580397
1785628800,2026-08-02 00:00:00,0.005911,0.005997,0.005912,0.005997,9639700
1785632400,2026-08-02 01:00:00,0.005998,0.006063,0.005998,0.006057,18816372
1785636000,2026-08-02 02:00:00,0.006038,0.006144,0.006054,0.006104,13839333
1785639600,2026-08-02 03:00:00,0.006088,0.006176,0.006102,0.006102,22811908
1785643200,2026-08-02 04:00:00,0.00608,0.00611,0.0061,0.00609,3022629
1785646800,2026-08-02 05:00:00,0.006075,0.006125,0.006096,0.006087,10369961
1785650400,2026-08-02 06:00:00,0.006058,0.006095,0.006092,0.006062,4001479
1785654000,2026-08-02 07:00:00,0.006058,0.006109,0.006059,0.006096,3920641
1785657600,2026-08-02 08:00:00,0.006073,0.006104,0.006098,0.00608,2318715
1785661200,2026-08-02 09:00:00,0.006061,0.0061,0.006078,0.006067,3254549
1785664800,2026-08-02 10:00:00,0.006031,0.006077,0.006068,0.006064,4234327
1785668400,2026-08-02 11:00:00,0.006048,0.006164,0.006062,0.00613,24844200
1785672000,2026-08-02 12:00:00,0.006132,0.006242,0.006132,0.006206,29205887
1785675600,2026-08-02 13:00:00,0.006173,0.006247,0.006216,0.006173,7344823
1785679200,2026-08-02 14:00:00,0.006155,0.006201,0.006174,0.006188,4674453
1785682800,2026-08-02 15:00:00,0.006173,0.006226,0.00619,0.006192,4956977
1785686400,2026-08-02 16:00:00,0.006178,0.006214,0.006192,0.006178,5526238
1785690000,2026-08-02 17:00:00,0.00617,0.006209,0.006176,0.006192,1829612
1785693600,2026-08-02 18:00:00,0.006169,0.00621,0.006196,0.006186,4413335
1785697200,2026-08-02 19:00:00,0.006182,0.006212,0.006191,0.006202,5401163
1785700800,2026-08-02 20:00:00,0.006197,0.006209,0.006199,0.006203,3382871
1785704400,2026-08-02 21:00:00,0.00619,0.006265,0.006204,0.006218,18108028
1785708000,2026-08-02 22:00:00,0.006169,0.006218,0.006212,0.006174,3446603
1785711600,2026-08-02 23:00:00,0.006137,0.006174,0.006174,0.006144,2133150
1785715200,2026-08-03 00:00:00,0.00611,0.006154,0.006146,0.006123,6887684
1785718800,2026-08-03 01:00:00,0.006082,0.006124,0.006119,0.006087,3382180
1785722400,2026-08-03 02:00:00,0.006064,0.006096,0.006081,0.006072,3441312
1785726000,2026-08-03 03:00:00,0.006068,0.00611,0.006073,0.006105,5258879
1785729600,2026-08-03 04:00:00,0.006056,0.006117,0.006104,0.006062,4400215
1785733200,2026-08-03 05:00:00,0.00606,0.006114,0.006066,0.0061,4371994
1785736800,2026-08-03 06:00:00,0.006033,0.006104,0.006102,0.006033,6386781
1785740400,2026-08-03 07:00:00,0.006016,0.006062,0.006033,0.006052,2109425
1785744000,2026-08-03 08:00:00,0.006002,0.006053,0.00605,0.006041,2190720
1785747600,2026-08-03 09:00:00,0.00604,0.00609,0.00604,0.006069,1084057
1785751200,2026-08-03 10:00:00,0.00604,0.006074,0.006073,0.006056,2002405
1785754800,2026-08-03 11:00:00,0.006032,0.006072,0.006055,0.006072,863779
1785758400,2026-08-03 12:00:00,0.006064,0.006106,0.006066,0.006094,2573894
1785762000,2026-08-03 13:00:00,0.006082,0.00618,0.006094,0.00618,4852504
1785765600,2026-08-03 14:00:00,0.006162,0.006211,0.006174,0.006194,6893779
1785769200,2026-08-03 15:00:00,0.006152,0.0062,0.006188,0.00616,1509230
1785772800,2026-08-03 16:00:00,0.006135,0.006174,0.006162,0.006155,2616648
1785776400,2026-08-03 17:00:00,0.006133,0.00618,0.00615,0.006165,9482543
1785780000,2026-08-03 18:00:00,0.006159,0.006186,0.006172,0.006169,3157769
1785783600,2026-08-03 19:00:00,0.006156,0.006175,0.00617,0.006161,3145903
1785787200,2026-08-03 20:00:00,0.006155,0.006199,0.006158,0.00618,2713157
1785790800,2026-08-03 21:00:00,0.006152,0.006187,0.006182,0.006172,5469094
1785794400,2026-08-03 22:00:00,0.006138,0.006169,0.006169,0.00615,2723774
1785798000,2026-08-03 23:00:00,0.006135,0.006159,0.006149,0.006159,1186123
1785801600,2026-08-04 00:00:00,0.006086,0.006173,0.006156,0.006094,6681883
1785805200,2026-08-04 01:00:00,0.006094,0.006222,0.006094,0.006201,18473637
1785808800,2026-08-04 02:00:00,0.00618,0.006232,0.006201,0.006201,5544437
1785812400,2026-08-04 03:00:00,0.00618,0.006208,0.006204,0.006192,1390695
1785816000,2026-08-04 04:00:00,0.006184,0.006216,0.00619,0.006197,4661199
1785819600,2026-08-04 05:00:00,0.00617,0.006196,0.006196,0.006189,1660465
1785823200,2026-08-04 06:00:00,0.006141,0.006209,0.006188,0.006141,4553834
1785826800,2026-08-04 07:00:00,0.006107,0.006155,0.00614,0.006152,5797871
1785830400,2026-08-04 08:00:00,0.006131,0.006164,0.006154,0.006141,2793985
1785834000,2026-08-04 09:00:00,0.0061,0.006133,0.006133,0.006113,2240067
1785837600,2026-08-04 10:00:00,0.00607,0.006128,0.006111,0.006118,3942402
1785841200,2026-08-04 11:00:00,0.006094,0.006139,0.006114,0.006118,2563829
1785844800,2026-08-04 12:00:00,0.006096,0.006144,0.006122,0.006096,1684713
1785848400,2026-08-04 13:00:00,0.00608,0.006125,0.006094,0.00608,4838638
1785852000,2026-08-04 14:00:00,0.006026,0.0061,0.006079,0.006074,14897438
1785855600,2026-08-04 15:00:00,0.006033,0.006097,0.006075,0.00607,4945223
1785859200,2026-08-04 16:00:00,0.00603,0.006076,0.00607,0.006039,4755940
1785862800,2026-08-04 17:00:00,0.006038,0.006092,0.006038,0.006067,2583862
1785866400,2026-08-04 18:00:00,0.006072,0.006103,0.006072,0.006092,8413971
1785870000,2026-08-04 19:00:00,0.006084,0.00611,0.006094,0.006093,8937397
1785873600,2026-08-04 20:00:00,0.006075,0.006164,0.006092,0.006162,13491145
1785877200,2026-08-04 21:00:00,0.006103,0.006178,0.006161,0.006109,3648744
1785880800,2026-08-04 22:00:00,0.006086,0.00611,0.00611,0.006104,3864939
1785884400,2026-08-04 23:00:00,0.006033,0.006118,0.006102,0.006035,11174763
1785888000,2026-08-05 00:00:00,0.005992,0.00605,0.006032,0.006021,7546958
1785891600,2026-08-05 01:00:00,0.006012,0.00607,0.006021,0.00606,10431150
1785895200,2026-08-05 02:00:00,0.006059,0.006115,0.006059,0.006104,6305290
1785898800,2026-08-05 03:00:00,0.006039,0.006108,0.006103,0.006042,8005592
1785902400,2026-08-05 04:00:00,0.006035,0.00606,0.00604,0.006052,6994161
1785906000,2026-08-05 05:00:00,0.006051,0.006098,0.006051,0.006084,4011795
1785909600,2026-08-05 06:00:00,0.006055,0.006084,0.006083,0.00606,13749107
1785913200,2026-08-05 07:00:00,0.006033,0.006061,0.006061,0.00605,2819106
1785916800,2026-08-05 08:00:00,0.00604,0.006072,0.006045,0.00604,1052346
1785920400,2026-08-05 09:00:00,0.006033,0.006056,0.00604,0.006046,4241362
1785924000,2026-08-05 10:00:00,0.006035,0.006061,0.006045,0.006042,3233382
1785927600,2026-08-05 11:00:00,0.006038,0.006058,0.006046,0.006041,1595395
1785931200,2026-08-05 12:00:00,0.006028,0.006123,0.006036,0.006074,42837253
1785934800,2026-08-05 13:00:00,0.00599,0.006073,0.006073,0.006053,37558169
1785938400,2026-08-05 14:00:00,0.006046,0.006104,0.006056,0.006088,15180068
1785942000,2026-08-05 15:00:00,0.006084,0.006184,0.006088,0.006112,23860262
1785945600,2026-08-05 16:00:00,0.006109,0.006166,0.006112,0.006154,20632880
1785949200,2026-08-05 17:00:00,0.006152,0.006202,0.006155,0.00616,20091864
1785952800,2026-08-05 18:00:00,0.00612,0.006166,0.006162,0.006126,5380687
1785956400,2026-08-05 19:00:00,0.006126,0.00618,0.00613,0.00614,19160208
1785960000,2026-08-05 20:00:00,0.006126,0.006202,0.006148,0.006164,10959679
1785963600,2026-08-05 21:00:00,0.006131,0.006172,0.006168,0.006154,6349383
1785967200,2026-08-05 22:00:00,0.006145,0.0062,0.006156,0.006182,14847455
1785970800,2026-08-05 23:00:00,0.006181,0.006294,0.006184,0.006244,37038294
1785974400,2026-08-06 00:00:00,0.006246,0.006366,0.006248,0.006258,60619590
1785978000,2026-08-06 01:00:00,0.006192,0.006272,0.006257,0.006193,18462073
1785981600,2026-08-06 02:00:00,0.006149,0.006227,0.006195,0.006175,16177872
1785985200,2026-08-06 03:00:00,0.006159,0.006207,0.006174,0.006184,15389296
1785988800,2026-08-06 04:00:00,0.006158,0.006247,0.006178,0.006204,9057378
1785992400,2026-08-06 05:00:00,0.006206,0.006264,0.006206,0.006258,7831825
1785996000,2026-08-06 06:00:00,0.006215,0.0063,0.006257,0.006275,9830841
1785999600,2026-08-06 07:00:00,0.006256,0.006327,0.006274,0.006268,10837024
1786003200,2026-08-06 08:00:00,0.006243,0.006294,0.00627,0.006271,27638832
1786006800,2026-08-06 09:00:00,0.006136,0.006262,0.006256,0.006142,19238351
1786010400,2026-08-06 10:00:00,0.006119,0.006157,0.00614,0.00613,11612155
1786014000,2026-08-06 11:00:00,0.006089,0.006148,0.006128,0.006133,8102302
1786017600,2026-08-06 12:00:00,0.006104,0.006153,0.006131,0.006104,3247251
1786021200,2026-08-06 13:00:00,0.006075,0.006153,0.006107,0.00613,8265956
1786024800,2026-08-06 14:00:00,0.006124,0.006191,0.006131,0.00618,8587636
1786028400,2026-08-06 15:00:00,0.00613,0.006202,0.006178,0.00613,8396774
1786032000,2026-08-06 16:00:00,0.006099,0.006166,0.00613,0.006164,7821724
1786035600,2026-08-06 17:00:00,0.006142,0.006173,0.006167,0.006142,8025189
1786039200,2026-08-06 18:00:00,0.006086,0.00614,0.00614,0.006089,13022386
1786042800,2026-08-06 19:00:00,0.006017,0.00609,0.006088,0.00602,34794967
1786046400,2026-08-06 20:00:00,0.005995,0.006028,0.00602,0.005996,17126300
1786050000,2026-08-06 21:00:00,0.005909,0.00601,0.005998,0.005977,34988076
1786053600,2026-08-06 22:00:00,0.005956,0.005983,0.005982,0.005968,5684196
1786057200,2026-08-06 23:00:00,0.005937,0.005982,0.005966,0.005981,6023417
1786060800,2026-08-07 00:00:00,0.005964,0.006008,0.005981,0.006002,11959416
1786064400,2026-08-07 01:00:00,0.005986,0.006008,0.006004,0.005988,1786240
1786068000,2026-08-07 02:00:00,0.00597,0.006012,0.005992,0.006002,4739831
1786071600,2026-08-07 03:00:00,0.005982,0.006017,0.006002,0.00599,3741360
1786075200,2026-08-07 04:00:00,0.005975,0.006026,0.005988,0.006015,4298217
1786078800,2026-08-07 05:00:00,0.00598,0.006054,0.006018,0.006051,7472161
1786082400,2026-08-07 06:00:00,0.006026,0.006091,0.00605,0.006026,10334802
1786086000,2026-08-07 07:00:00,0.006024,0.00607,0.006024,0.006036,10194985
1786089600,2026-08-07 08:00:00,0.006035,0.006081,0.006036,0.006057,2733093
1786093200,2026-08-07 09:00:00,0.00604,0.006066,0.006053,0.00605,4793191
1786096800,2026-08-07 10:00:00,0.00602,0.006057,0.006046,0.006026,4003505
1786100400,2026-08-07 11:00:00,0.006011,0.006052,0.006022,0.006025,3327232
1786104000,2026-08-07 12:00:00,0.005987,0.006089,0.006024,0.00602,10247418
1786107600,2026-08-07 13:00:00,0.006001,0.006049,0.006018,0.006018,14691470
1786111200,2026-08-07 14:00:00,0.005969,0.006046,0.006021,0.005986,7397429
1786114800,2026-08-07 15:00:00,0.005987,0.006064,0.005987,0.006025,5609135
1786118400,2026-08-07 16:00:00,0.005998,0.006048,0.006024,0.005998,9636589
1786122000,2026-08-07 17:00:00,0.00595,0.005998,0.005996,0.005971,12497009
1786125600,2026-08-07 18:00:00,0.005963,0.005989,0.005972,0.005974,4093073
1786129200,2026-08-07 19:00:00,0.005969,0.006029,0.005973,0.00602,9411935
1786132800,2026-08-07 20:00:00,0.005982,0.006026,0.00602,0.006,6554535
1786136400,2026-08-07 21:00:00,0.005968,0.006008,0.006001,0.005968,4808535
1786140000,2026-08-07 22:00:00,0.005963,0.005999,0.005966,0.005999,7641400
1786143600,2026-08-07 23:00:00,0.005993,0.006019,0.006,0.006004,2009033
1786147200,2026-08-08 00:00:00,0.005999,0.006037,0.006002,0.006037,8439416
