timestamp,datetime,low,high,open,close,volume
1754103600,2025-08-02 03:00:00,1.05e-05,1.054e-05,1.051e-05,1.054e-05,8741738205
1754107200,2025-08-02 04:00:00,1.051e-05,1.061e-05,1.054e-05,1.06e-05,10734020005
1754110800,2025-08-02 05:00:00,1.057e-05,1.063e-05,1.06e-05,1.06e-05,21131320299
1754114400,2025-08-02 06:00:00,1.032e-05,1.061e-05,1.06e-05,1.038e-05,45268922703
1754118000,2025-08-02 07:00:00,1.031e-05,1.061e-05,1.038e-05,1.06e-05,34924600963
1754121600,2025-08-02 08:00:00,1.041e-05,1.061e-05,1.06e-05,1.042e-05,50337324670
1754125200,2025-08-02 09:00:00,1.038e-05,1.047e-05,1.041e-05,1.044e-05,38811662853
1754128800,2025-08-02 10:00:00,1.028e-05,1.044e-05,1.044e-05,1.036e-05,15314061273
1754132400,2025-08-02 11:00:00,1.029e-05,1.046e-05,1.037e-05,1.039e-05,15020331832
1754136000,2025-08-02 12:00:00,1.029e-05,1.041e-05,1.038e-05,1.037e-05,44737013715
1754139600,2025-08-02 13:00:00,1.028e-05,1.044e-05,1.037e-05,1.041e-05,25832699596
1754143200,2025-08-02 14:00:00,1.017e-05,1.042e-05,1.041e-05,1.024e-05,37707770916
1754146800,2025-08-02 15:00:00,1.015e-05,1.035e-05,1.025e-05,1.02e-05,41590519277
1754150400,2025-08-02 16:00:00,1.005e-05,1.027e-05,1.019e-05,1.022e-05,67650888708
1754154000,2025-08-02 17:00:00,9.95e-06,1.028e-05,1.022e-05,1.001e-05,133125041784
1754157600,2025-08-02 18:00:00,9.86e-06,1.007e-05,1.002e-05,9.94e-06,137161446709
1754161200,2025-08-02 19:00:00,9.88e-06,1.014e-05,9.94e-06,1.003e-05,62007166937
1754164800,2025-08-02 20:00:00,1.002e-05,1.014e-05,1.002e-05,1.012e-05,54596110813
1754168400,2025-08-02 21:00:00,1.006e-05,1.019e-05,1.012e-05,1.014e-05,31870683315
1754172000,2025-08-02 22:00:00,1.005e-05,1.022e-05,1.014e-05,1.017e-05,90192163686
1754175600,2025-08-02 23:00:00,1.003e-05,1.019e-05,1.018e-05,1.013e-05,42655824849
1754179200,2025-08-03 00:00:00,1e-05,1.025e-05,1.012e-05,1.024e-05,33490170443
1754182800,2025-08-03 01:00:00,1.019e-05,1.027e-05,1.024e-05,1.023e-05,28796629963
1754186400,2025-08-03 02:00:00,1.023e-05,1.031e-05,1.025e-05,1.03e-05,17797058125
1754190000,2025-08-03 03:00:00,1.028e-05,1.034e-05,1.03e-05,1.031e-05,21480871565
1754193600,2025-08-03 04:00:00,1.028e-05,1.035e-05,1.032e-05,1.033e-05,10763682504
1754197200,2025-08-03 05:00:00,1.03e-05,1.035e-05,1.033e-05,1.031e-05,15631963951
1754200800,2025-08-03 06:00:00,1.029e-05,1.034e-05,1.031e-05,1.034e-05,5372769640
1754204400,2025-08-03 07:00:00,1.032e-05,1.039e-05,1.034e-05,1.038e-05,19348993964
1754208000,2025-08-03 08:00:00,1.033e-05,1.04e-05,1.038e-05,1.036e-05,19320891310
1754211600,2025-08-03 09:00:00,1.033e-05,1.039e-05,1.036e-05,1.039e-05,15727786613
1754215200,2025-08-03 10:00:00,1.038e-05,1.047e-05,1.038e-05,1.046e-05,21219902855
1754218800,2025-08-03 11:00:00,1.045e-05,1.054e-05,1.046e-05,1.047e-05,33827194064
1754222400,2025-08-03 12:00:00,1.043e-05,1.053e-05,1.047e-05,1.05e-05,24116970312
1754226000,2025-08-03 13:00:00,1.043e-05,1.052e-05,1.05e-05,1.047e-05,19483005933
1754229600,2025-08-03 14:00:00,1.041e-05,1.05e-05,1.048e-05,1.049e-05,49714260558
1754233200,2025-08-03 15:00:00,1.043e-05,1.049e-05,1.049e-05,1.046e-05,22737518057
1754236800,2025-08-03 16:00:00,1.041e-05,1.05e-05,1.045e-05,1.048e-05,47187774868
1754240400,2025-08-03 17:00:00,1.042e-05,1.05e-05,1.048e-05,1.046e-05,14243056106
1754244000,2025-08-03 18:00:00,1.043e-05,1.05e-05,1.046e-05,1.048e-05,39356698569
1754247600,2025-08-03 19:00:00,1.046e-05,1.056e-05,1.049e-05,1.048e-05,35705150723
1754251200,2025-08-03 20:00:00,1.042e-05,1.048e-05,1.047e-05,1.047e-05,17686797659
1754254800,2025-08-03 21:00:00,1.046e-05,1.05e-05,1.047e-05,1.05e-05,8307703846
1754258400,2025-08-03 22:00:00,1.041e-05,1.052e-05,1.049e-05,1.048e-05,18852588431
1754262000,2025-08-03 23:00:00,1.044e-05,1.054e-05,1.047e-05,1.047e-05,40244305381
1754265600,2025-08-04 00:00:00,1.045e-05,1.068e-05,1.046e-05,1.067e-05,72237974160
1754269200,2025-08-04 01:00:00,1.052e-05,1.07e-05,1.067e-05,1.053e-05,47151946344
1754272800,2025-08-04 02:00:00,1.049e-05,1.061e-05,1.053e-05,1.06e-05,86215769796
1754276400,2025-08-04 03:00:00,1.051e-05,1.061e-05,1.06e-05,1.054e-05,26891346389
1754280000,2025-08-04 04:00:00,1.049e-05,1.056e-05,1.053e-05,1.05e-05,20458486193
1754283600,2025-08-04 05:00:00,1.042e-05,1.052e-05,1.049e-05,1.047e-05,25547807094
1754287200,2025-08-04 06:00:00,1.041e-05,1.05e-05,1.047e-05,1.05e-05,8206093650
1754290800,2025-08-04 07:00:00,1.045e-05,1.056e-05,1.05e-05,1.051e-05,15535514936
1754294400,2025-08-04 08:00:00,1.048e-05,1.058e-05,1.051e-05,1.051e-05,9179303819
1754298000,2025-08-04 09:00:00,1.043e-05,1.053e-05,1.05e-05,1.044e-05,3627379888
1754301600,2025-08-04 10:00:00,1.043e-05,1.049e-05,1.044e-05,1.044e-05,3181689286
1754305200,2025-08-04 11:00:00,1.034e-05,1.045e-05,1.044e-05,1.04e-05,15247352315
1754308800,2025-08-04 12:00:00,1.036e-05,1.044e-05,1.04e-05,1.043e-05,14520822454
1754312400,2025-08-04 13:00:00,1.04e-05,1.06e-05,1.044e-05,1.058e-05,63529747235
1754316000,2025-08-04 14:00:00,1.051e-05,1.069e-05,1.059e-05,1.054e-05,55930275664
1754319600,2025-08-04 15:00:00,1.049e-05,1.061e-05,1.055e-05,1.056e-05,13912975762
1754323200,2025-08-04 16:00:00,1.055e-05,1.075e-05,1.055e-05,1.074e-05,57397281365
1754326800,2025-08-04 17:00:00,1.065e-05,1.083e-05,1.075e-05,1.068e-05,92890965391
1754330400,2025-08-04 18:00:00,1.057e-05,1.069e-05,1.068e-05,1.059e-05,21492410248
1754334000,2025-08-04 19:00:00,1.049e-05,1.061e-05,1.058e-05,1.054e-05,20140612370
1754337600,2025-08-04 20:00:00,1.051e-05,1.067e-05,1.052e-05,1.064e-05,16552038183
1754341200,2025-08-04 21:00:00,1.065e-05,1.077e-05,1.065e-05,1.072e-05,30374176779
1754344800,2025-08-04 22:00:00,1.073e-05,1.079e-05,1.073e-05,1.079e-05,20181522032
1754348400,2025-08-04 23:00:00,1.074e-05,1.081e-05,1.079e-05,1.076e-05,30110208439
1754352000,2025-08-05 00:00:00,1.07e-05,1.079e-05,1.076e-05,1.072e-05,13844769259
1754355600,2025-08-05 01:00:00,1.064e-05,1.077e-05,1.071e-05,1.064e-05,19983622761
1754359200,2025-08-05 02:00:00,1.06e-05,1.069e-05,1.065e-05,1.065e-05,19305307527
1754362800,2025-08-05 03:00:00,1.05e-05,1.065e-05,1.064e-05,1.05e-05,17088167729
1754366400,2025-08-05 04:00:00,1.046e-05,1.055e-05,1.05e-05,1.048e-05,15687908100
1754370000,2025-08-05 05:00:00,1.047e-05,1.054e-05,1.048e-05,1.054e-05,8073008328
1754373600,2025-08-05 06:00:00,1.048e-05,1.061e-05,1.054e-05,1.05e-05,15694356922
1754377200,2025-08-05 07:00:00,1.031e-05,1.053e-05,1.05e-05,1.036e-05,51879831357
1754380800,2025-08-05 08:00:00,1.032e-05,1.043e-05,1.036e-05,1.043e-05,32761075725
1754384400,2025-08-05 09:00:00,1.043e-05,1.054e-05,1.043e-05,1.053e-05,64372294107
1754388000,2025-08-05 10:00:00,1.049e-05,1.065e-05,1.052e-05,1.061e-05,11596345731
1754391600,2025-08-05 11:00:00,1.058e-05,1.069e-05,1.061e-05,1.066e-05,13364915484
1754395200,2025-08-05 12:00:00,1.043e-05,1.068e-05,1.067e-05,1.047e-05,29336537159
1754398800,2025-08-05 13:00:00,1.039e-05,1.051e-05,1.045e-05,1.047e-05,29051236593
1754402400,2025-08-05 14:00:00,1.009e-05,1.048e-05,1.046e-05,1.018e-05,130860817573
1754406000,2025-08-05 15:00:00,1.004e-05,1.022e-05,1.017e-05,1.011e-05,52770046261
1754409600,2025-08-05 16:00:00,1.008e-05,1.021e-05,1.011e-05,1.014e-05,24147892033
1754413200,2025-08-05 17:00:00,1.01e-05,1.022e-05,1.014e-05,1.019e-05,13624296479
1754416800,2025-08-05 18:00:00,1.008e-05,1.019e-05,1.018e-05,1.015e-05,32069685732
1754420400,2025-08-05 19:00:00,1.002e-05,1.017e-05,1.016e-05,1.008e-05,16053809588
1754424000,2025-08-05 20:00:00,1.007e-05,1.018e-05,1.007e-05,1.011e-05,16952432495
1754427600,2025-08-05 21:00:00,1.004e-05,1.015e-05,1.01e-05,1.005e-05,14987956560
1754431200,2025-08-05 22:00:00,9.98e-06,1.017e-05,1.004e-05,1.016e-05,30132512168
1754434800,2025-08-05 23:00:00,1.013e-05,1.023e-05,1.016e-05,1.02e-05,42323489102
1754438400,2025-08-06 00:00:00,1.006e-05,1.019e-05,1.019e-05,1.008e-05,16612920890
1754442000,2025-08-06 01:00:00,1.001e-05,1.011e-05,1.006e-05,1.01e-05,22594970053
1754445600,2025-08-06 02:00:00,1.003e-05,1.011e-05,1.009e-05,1.006e-05,18459224611
1754449200,2025-08-06 03:00:00,9.98e-06,1.006e-05,1.006e-05,1.001e-05,15527988868
1754452800,2025-08-06 04:00:00,9.96e-06,1.002e-05,1.002e-05,1e-05,13489520765
1754456400,2025-08-06 05:00:00,9.97e-06,1.027e-05,9.99e-06,1.02e-05,66810532149
1754460000,2025-08-06 06:00:00,1.013e-05,1.025e-05,1.02e-05,1.022e-05,10150793342
1754463600,2025-08-06 07:00:00,1.02e-05,1.029e-05,1.022e-05,1.026e-05,19499541404
1754467200,2025-08-06 08:00:00,1.017e-05,1.029e-05,1.026e-05,1.022e-05,11154451539
1754470800,2025-08-06 09:00:00,1.02e-05,1.033e-05,1.022e-05,1.029e-05,14921140083
1754474400,2025-08-06 10:00:00,1.025e-05,1.033e-05,1.03e-05,1.03e-05,15201889554
1754478000,2025-08-06 11:00:00,1.026e-05,1.036e-05,1.03e-05,1.029e-05,36452558917
1754481600,2025-08-06 12:00:00,1.018e-05,1.032e-05,1.029e-05,1.025e-05,15469895024
1754485200,2025-08-06 13:00:00,1.024e-05,1.036e-05,1.025e-05,1.029e-05,31296654028
1754488800,2025-08-06 14:00:00,1.027e-05,1.048e-05,1.03e-05,1.047e-05,46846478182
1754492400,2025-08-06 15:00:00,1.041e-05,1.058e-05,1.047e-05,1.056e-05,55760569259
1754496000,2025-08-06 16:00:00,1.042e-05,1.06e-05,1.056e-05,1.046e-05,89603981102
1754499600,2025-08-06 17:00:00,1.041e-05,1.056e-05,1.046e-05,1.054e-05,25054219163
1754503200,2025-08-06 18:00:00,1.051e-05,1.063e-05,1.054e-05,1.052e-05,89672609661
1754506800,2025-08-06 19:00:00,1.048e-05,1.055e-05,1.052e-05,1.053e-05,53272061131
1754510400,2025-08-06 20:00:00,1.048e-05,1.054e-05,1.053e-05,1.052e-05,34159092898
1754514000,2025-08-06 21:00:00,1.047e-05,1.054e-05,1.052e-05,1.051e-05,55542107290
1754517600,2025-08-06 22:00:00,1.051e-05,1.056e-05,1.051e-05,1.056e-05,8259645234
1754521200,2025-08-06 23:00:00,1.053e-05,1.058e-05,1.055e-05,1.056e-05,55211485491
1754524800,2025-08-07 00:00:00,1.05e-05,1.059e-05,1.056e-05,1.053e-05,63459431225
1754528400,2025-08-07 01:00:00,1.048e-05,1.062e-05,1.053e-05,1.049e-05,50917176371
1754532000,2025-08-07 02:00:00,1.046e-05,1.052e-05,1.049e-05,1.048e-05,30532027463
1754535600,2025-08-07 03:00:00,1.047e-05,1.052e-05,1.049e-05,1.049e-05,23936095973
1754539200,2025-08-07 04:00:00,1.047e-05,1.055e-05,1.048e-05,1.049e-05,7686386230
1754542800,2025-08-07 05:00:00,1.047e-05,1.051e-05,1.049e-05,1.051e-05,13598610991
1754546400,2025-08-07 06:00:00,1.05e-05,1.057e-05,1.051e-05,1.052e-05,17435045727
1754550000,2025-08-07 07:00:00,1.05e-05,1.059e-05,1.053e-05,1.052e-05,26693579291
1754553600,2025-08-07 08:00:00,1.052e-05,1.059e-05,1.052e-05,1.052e-05,42072657030
1754557200,2025-08-07 09:00:00,1.05e-05,1.056e-05,1.052e-05,1.056e-05,10200055352
1754560800,2025-08-07 10:00:00,1.055e-05,1.085e-05,1.055e-05,1.079e-05,155567538280
1754564400,2025-08-07 11:00:00,1.08e-05,1.091e-05,1.08e-05,1.089e-05,59078979443
1754568000,2025-08-07 12:00:00,1.077e-05,1.094e-05,1.09e-05,1.084e-05,53383836463
1754571600,2025-08-07 13:00:00,1.081e-05,1.1e-05,1.084e-05,1.091e-05,64911731565
1754575200,2025-08-07 14:00:00,1.078e-05,1.091e-05,1.09e-05,1.083e-05,66029848488
1754578800,2025-08-07 15:00:00,1.078e-05,1.09e-05,1.083e-05,1.089e-05,64724901291
1754582400,2025-08-07 16:00:00,1.059e-05,1.09e-05,1.09e-05,1.074e-05,63698706569
1754586000,2025-08-07 17:00:00,1.07e-05,1.081e-05,1.075e-05,1.078e-05,16327072645
1754589600,2025-08-07 18:00:00,1.073e-05,1.079e-05,1.079e-05,1.077e-05,9084113172
1754593200,2025-08-07 19:00:00,1.077e-05,1.098e-05,1.078e-05,1.094e-05,53871522625
1754596800,2025-08-07 20:00:00,1.092e-05,1.099e-05,1.095e-05,1.096e-05,56179019177
1754600400,2025-08-07 21:00:00,1.093e-05,1.104e-05,1.095e-05,1.1e-05,39077036576
1754604000,2025-08-07 22:00:00,1.1e-05,1.115e-05,1.101e-05,1.114e-05,39770619103
1754607600,2025-08-07 23:00:00,1.105e-05,1.114e-05,1.113e-05,1.111e-05,42775446521
1754611200,2025-08-08 00:00:00,1.098e-05,1.124e-05,1.112e-05,1.109e-05,124119215622
1754614800,2025-08-08 01:00:00,1.1e-05,1.116e-05,1.11e-05,1.105e-05,102416227403
1754618400,2025-08-08 02:00:00,1.098e-05,1.11e-05,1.105e-05,1.105e-05,91066845010
1754622000,2025-08-08 03:00:00,1.104e-05,1.12e-05,1.105e-05,1.111e-05,73218684905
1754625600,2025-08-08 04:00:00,1.104e-05,1.112e-05,1.111e-05,1.105e-05,50948173630
1754629200,2025-08-08 05:00:00,1.1e-05,1.107e-05,1.104e-05,1.101e-05,104214939350
1754632800,2025-08-08 06:00:00,1.097e-05,1.11e-05,1.1e-05,1.11e-05,24559519026
1754636400,2025-08-08 07:00:00,1.107e-05,1.13e-05,1.111e-05,1.127e-05,51928529772
1754640000,2025-08-08 08:00:00,1.108e-05,1.14e-05,1.126e-05,1.113e-05,155921504228
1754643600,2025-08-08 09:00:00,1.107e-05,1.118e-05,1.113e-05,1.114e-05,25530683541
1754647200,2025-08-08 10:00:00,1.11e-05,1.119e-05,1.114e-05,1.113e-05,17755570537
1754650800,2025-08-08 11:00:00,1.113e-05,1.12e-05,1.114e-05,1.118e-05,19869102060
1754654400,2025-08-08 12:00:00,1.106e-05,1.119e-05,1.119e-05,1.107e-05,83211119516
1754658000,2025-08-08 13:00:00,1.106e-05,1.136e-05,1.107e-05,1.135e-05,75867151933
1754661600,2025-08-08 14:00:00,1.118e-05,1.148e-05,1.135e-05,1.131e-05,258803410340
1754665200,2025-08-08 15:00:00,1.11e-05,1.134e-05,1.132e-05,1.121e-05,103048689384
1754668800,2025-08-08 16:00:00,1.12e-05,1.134e-05,1.121e-05,1.13e-05,49346897283
1754672400,2025-08-08 17:00:00,1.13e-05,1.179e-05,1.13e-05,1.178e-05,126577467134
1754676000,2025-08-08 18:00:00,1.176e-05,1.198e-05,1.179e-05,1.19e-05,214250647518
1754679600,2025-08-08 19:00:00,1.177e-05,1.197e-05,1.189e-05,1.197e-05,122908274620
1754683200,2025-08-08 20:00:00,1.182e-05,1.202e-05,1.196e-05,1.191e-05,55771938237
1754686800,2025-08-08 21:00:00,1.181e-05,1.194e-05,1.191e-05,1.183e-05,36674753996
1754690400,2025-08-08 22:00:00,1.18e-05,1.193e-05,1.184e-05,1.191e-05,40456757553
1754694000,2025-08-08 23:00:00,1.177e-05,1.195e-05,1.191e-05,1.182e-05,82335622396
1754697600,2025-08-09 00:00:00,1.169e-05,1.185e-05,1.183e-05,1.175e-05,149525338364
1754701200,2025-08-09 01:00:00,1.171e-05,1.181e-05,1.175e-05,1.179e-05,53138663129
1754704800,2025-08-09 02:00:00,1.171e-05,1.18e-05,1.179e-05,1.172e-05,80022322038
1754708400,2025-08-09 03:00:00,1.164e-05,1.175e-05,1.172e-05,1.165e-05,43267123829
1754712000,2025-08-09 04:00:00,1.164e-05,1.184e-05,1.166e-05,1.178e-05,38411268799
1754715600,2025-08-09 05:00:00,1.176e-05,1.238e-05,1.178e-05,1.235e-05,182386287598
1754719200,2025-08-09 06:00:00,1.214e-05,1.236e-05,1.235e-05,1.22e-05,83096952155
1754722800,2025-08-09 07:00:00,1.219e-05,1.232e-05,1.22e-05,1.231e-05,32559385776
1754726400,2025-08-09 08:00:00,1.225e-05,1.239e-05,1.231e-05,1.233e-05,33029930844
1754730000,2025-08-09 09:00:00,1.229e-05,1.246e-05,1.232e-05,1.233e-05,33841382527
1754733600,2025-08-09 10:00:00,1.227e-05,1.241e-05,1.232e-05,1.233e-05,39655662360
1754737200,2025-08-09 11:00:00,1.23e-05,1.243e-05,1.232e-05,1.24e-05,80828584180
1754740800,2025-08-09 12:00:00,1.235e-05,1.266e-05,1.24e-05,1.258e-05,116863295452
1754744400,2025-08-09 13:00:00,1.234e-05,1.261e-05,1.258e-05,1.236e-05,117426049545
1754748000,2025-08-09 14:00:00,1.219e-05,1.235e-05,1.235e-05,1.233e-05,145915774419
1754751600,2025-08-09 15:00:00,1.22e-05,1.238e-05,1.234e-05,1.232e-05,76716539290
1754755200,2025-08-09 16:00:00,1.221e-05,1.241e-05,1.233e-05,1.224e-05,68107969588
1754758800,2025-08-09 17:00:00,1.222e-05,1.24e-05,1.223e-05,1.236e-05,61270363563
1754762400,2025-08-09 18:00:00,1.23e-05,1.239e-05,1.235e-05,1.237e-05,38490282734
1754766000,2025-08-09 19:00:00,1.235e-05,1.248e-05,1.237e-05,1.244e-05,66100349383
1754769600,2025-08-09 20:00:00,1.24e-05,1.261e-05,1.243e-05,1.252e-05,128421854995
1754773200,2025-08-09 21:00:00,1.236e-05,1.253e-05,1.252e-05,1.244e-05,51691074051
1754776800,2025-08-09 22:00:00,1.237e-05,1.258e-05,1.244e-05,1.239e-05,62116687936
1754780400,2025-08-09 23:00:00,1.234e-05,1.246e-05,1.239e-05,1.24e-05,43959264389
1754784000,2025-08-10 00:00:00,1.241e-05,1.264e-05,1.241e-05,1.257e-05,49355200051
1754787600,2025-08-10 01:00:00,1.243e-05,1.264e-05,1.257e-05,1.247e-05,52119973046
1754791200,2025-08-10 02:00:00,1.237e-05,1.257e-05,1.247e-05,1.243e-05,50011557964
1754794800,2025-08-10 03:00:00,1.236e-05,1.263e-05,1.241e-05,1.263e-05,92761316493
1754798400,2025-08-10 04:00:00,1.251e-05,1.263e-05,1.262e-05,1.252e-05,39141634987
1754802000,2025-08-10 05:00:00,1.226e-05,1.255e-05,1.252e-05,1.23e-05,111936090440
1754805600,2025-08-10 06:00:00,1.214e-05,1.23e-05,1.23e-05,1.221e-05,70781737562
1754809200,2025-08-10 07:00:00,1.198e-05,1.229e-05,1.22e-05,1.2e-05,62566855228
1754812800,2025-08-10 08:00:00,1.183e-05,1.212e-05,1.2e-05,1.209e-05,74478406549
1754816400,2025-08-10 09:00:00,1.204e-05,1.213e-05,1.209e-05,1.21e-05,28237762407
1754820000,2025-08-10 10:00:00,1.192e-05,1.211e-05,1.209e-05,1.196e-05,26159675014
1754823600,2025-08-10 11:00:00,1.191e-05,1.203e-05,1.196e-05,1.191e-05,53620389698
1754827200,2025-08-10 12:00:00,1.185e-05,1.198e-05,1.191e-05,1.197e-05,122247984476
1754830800,2025-08-10 13:00:00,1.181e-05,1.201e-05,1.197e-05,1.183e-05,27664131808
1754834400,2025-08-10 14:00:00,1.177e-05,1.204e-05,1.183e-05,1.201e-05,88168010936
1754838000,2025-08-10 15:00:00,1.195e-05,1.206e-05,1.202e-05,1.197e-05,87742317059
1754841600,2025-08-10 16:00:00,1.195e-05,1.207e-05,1.198e-05,1.207e-05,35385617469
1754845200,2025-08-10 17:00:00,1.2e-05,1.211e-05,1.206e-05,1.206e-05,71141437143
1754848800,2025-08-10 18:00:00,1.204e-05,1.211e-05,1.206e-05,1.209e-05,26463470576
1754852400,2025-08-10 19:00:00,1.207e-05,1.218e-05,1.21e-05,1.214e-05,36609318346
1754856000,2025-08-10 20:00:00,1.199e-05,1.215e-05,1.213e-05,1.205e-05,80274984337
1754859600,2025-08-10 21:00:00,1.189e-05,1.205e-05,1.204e-05,1.2e-05,51764022737
1754863200,2025-08-10 22:00:00,1.194e-05,1.203e-05,1.202e-05,1.203e-05,52609239984
1754866800,2025-08-10 23:00:00,1.197e-05,1.21e-05,1.204e-05,1.208e-05,32219682442
1754870400,2025-08-11 00:00:00,1.199e-05,1.216e-05,1.207e-05,1.204e-05,69246216359
1754874000,2025-08-11 01:00:00,1.202e-05,1.226e-05,1.203e-05,1.221e-05,108202013146
1754877600,2025-08-11 02:00:00,1.22e-05,1.241e-05,1.221e-05,1.236e-05,170102196774
1754881200,2025-08-11 03:00:00,1.225e-05,1.237e-05,1.237e-05,1.234e-05,54295168823
1754884800,2025-08-11 04:00:00,1.224e-05,1.243e-05,1.234e-05,1.224e-05,101801831810
1754888400,2025-08-11 05:00:00,1.219e-05,1.232e-05,1.225e-05,1.224e-05,32027280686
1754892000,2025-08-11 06:00:00,1.219e-05,1.228e-05,1.225e-05,1.223e-05,17008497156
1754895600,2025-08-11 07:00:00,1.196e-05,1.227e-05,1.224e-05,1.198e-05,52975999374
1754899200,2025-08-11 08:00:00,1.192e-05,1.214e-05,1.199e-05,1.21e-05,63118596437
1754902800,2025-08-11 09:00:00,1.2e-05,1.215e-05,1.211e-05,1.203e-05,13258558298
1754906400,2025-08-11 10:00:00,1.184e-05,1.201e-05,1.201e-05,1.186e-05,38373693442
1754910000,2025-08-11 11:00:00,1.155e-05,1.188e-05,1.186e-05,1.16e-05,152803585236
1754913600,2025-08-11 12:00:00,1.15e-05,1.164e-05,1.159e-05,1.157e-05,98071673375
1754917200,2025-08-11 13:00:00,1.145e-05,1.17e-05,1.157e-05,1.166e-05,77092388179
1754920800,2025-08-11 14:00:00,1.158e-05,1.177e-05,1.165e-05,1.162e-05,78718916024
1754924400,2025-08-11 15:00:00,1.153e-05,1.174e-05,1.162e-05,1.173e-05,52218372572
1754928000,2025-08-11 16:00:00,1.163e-05,1.187e-05,1.173e-05,1.169e-05,71975379992
1754931600,2025-08-11 17:00:00,1.159e-05,1.177e-05,1.169e-05,1.163e-05,25348409020
1754935200,2025-08-11 18:00:00,1.152e-05,1.168e-05,1.163e-05,1.16e-05,102236016908
1754938800,2025-08-11 19:00:00,1.136e-05,1.162e-05,1.16e-05,1.141e-05,58227473426
1754942400,2025-08-11 20:00:00,1.138e-05,1.147e-05,1.141e-05,1.143e-05,44686525104
1754946000,2025-08-11 21:00:00,1.116e-05,1.145e-05,1.143e-05,1.126e-05,70751928480
1754949600,2025-08-11 22:00:00,1.113e-05,1.128e-05,1.127e-05,1.122e-05,106710285881
1754953200,2025-08-11 23:00:00,1.121e-05,1.129e-05,1.123e-05,1.123e-05,28513715744
1754956800,2025-08-12 00:00:00,1.119e-05,1.13e-05,1.122e-05,1.127e-05,36826699594
1754960400,2025-08-12 01:00:00,1.123e-05,1.132e-05,1.126e-05,1.129e-05,43225865710
1754964000,2025-08-12 02:00:00,1.126e-05,1.139e-05,1.128e-05,1.133e-05,102146693186
1754967600,2025-08-12 03:00:00,1.122e-05,1.134e-05,1.133e-05,1.122e-05,87171408793
1754971200,2025-08-12 04:00:00,1.12e-05,1.137e-05,1.121e-05,1.136e-05,23377866816
1754974800,2025-08-12 05:00:00,1.118e-05,1.135e-05,1.135e-05,1.122e-05,51716448573
1754978400,2025-08-12 06:00:00,1.111e-05,1.131e-05,1.123e-05,1.126e-05,24494155180
1754982000,2025-08-12 07:00:00,1.125e-05,1.135e-05,1.126e-05,1.133e-05,16056019124
1754985600,2025-08-12 08:00:00,1.124e-05,1.137e-05,1.133e-05,1.128e-05,11748528178
1754989200,2025-08-12 09:00:00,1.12e-05,1.13e-05,1.127e-05,1.121e-05,12264581072
1754992800,2025-08-12 10:00:00,1.114e-05,1.122e-05,1.122e-05,1.117e-05,16408327037
1754996400,2025-08-12 11:00:00,1.107e-05,1.126e-05,1.116e-05,1.125e-05,26357913633
1755000000,2025-08-12 12:00:00,1.117e-05,1.18e-05,1.126e-05,1.166e-05,542319998485
1755003600,2025-08-12 13:00:00,1.137e-05,1.168e-05,1.167e-05,1.147e-05,93301093182
1755007200,2025-08-12 14:00:00,1.144e-05,1.163e-05,1.146e-05,1.162e-05,56337927876
1755010800,2025-08-12 15:00:00,1.161e-05,1.203e-05,1.163e-05,1.196e-05,231417880897
1755014400,2025-08-12 16:00:00,1.186e-05,1.203e-05,1.196e-05,1.196e-05,138648436650
1755018000,2025-08-12 17:00:00,1.194e-05,1.218e-05,1.196e-05,1.205e-05,95515125865
1755021600,2025-08-12 18:00:00,1.199e-05,1.219e-05,1.205e-05,1.205e-05,93074682480
1755025200,2025-08-12 19:00:00,1.204e-05,1.22e-05,1.205e-05,1.216e-05,48082280580
1755028800,2025-08-12 20:00:00,1.209e-05,1.235e-05,1.217e-05,1.227e-05,121881403395
1755032400,2025-08-12 21:00:00,1.215e-05,1.232e-05,1.226e-05,1.219e-05,51151626156
1755036000,2025-08-12 22:00:00,1.212e-05,1.225e-05,1.219e-05,1.217e-05,31143154674
1755039600,2025-08-12 23:00:00,1.212e-05,1.223e-05,1.217e-05,1.214e-05,39010461582
1755043200,2025-08-13 00:00:00,1.212e-05,1.229e-05,1.215e-05,1.222e-05,35594957464
1755046800,2025-08-13 01:00:00,1.203e-05,1.223e-05,1.223e-05,1.214e-05,95368420184
1755050400,2025-08-13 02:00:00,1.205e-05,1.241e-05,1.213e-05,1.236e-05,87393046913
1755054000,2025-08-13 03:00:00,1.22e-05,1.24e-05,1.236e-05,1.231e-05,58026594694
1755057600,2025-08-13 04:00:00,1.226e-05,1.246e-05,1.23e-05,1.237e-05,53477587036
1755061200,2025-08-13 05:00:00,1.213e-05,1.239e-05,1.237e-05,1.214e-05,84791696803
1755064800,2025-08-13 06:00:00,1.205e-05,1.216e-05,1.213e-05,1.209e-05,50424747119
1755068400,2025-08-13 07:00:00,1.197e-05,1.219e-05,1.209e-05,1.217e-05,92579588770
1755072000,2025-08-13 08:00:00,1.216e-05,1.242e-05,1.216e-05,1.235e-05,87015340123
1755075600,2025-08-13 09:00:00,1.229e-05,1.25e-05,1.235e-05,1.247e-05,84816165257
1755079200,2025-08-13 10:00:00,1.235e-05,1.249e-05,1.246e-05,1.236e-05,45972764182
1755082800,2025-08-13 11:00:00,1.227e-05,1.24e-05,1.234e-05,1.232e-05,35026666422
1755086400,2025-08-13 12:00:00,1.22e-05,1.239e-05,1.232e-05,1.222e-05,84836597368
1755090000,2025-08-13 13:00:00,1.208e-05,1.246e-05,1.222e-05,1.223e-05,136849906015
1755093600,2025-08-13 14:00:00,1.203e-05,1.228e-05,1.223e-05,1.205e-05,117775692296
1755097200,2025-08-13 15:00:00,1.196e-05,1.219e-05,1.206e-05,1.212e-05,52921197191
1755100800,2025-08-13 16:00:00,1.208e-05,1.225e-05,1.213e-05,1.213e-05,30467815765
1755104400,2025-08-13 17:00:00,1.213e-05,1.227e-05,1.214e-05,1.223e-05,36714645864
1755108000,2025-08-13 18:00:00,1.201e-05,1.228e-05,1.222e-05,1.211e-05,88887660019
1755111600,2025-08-13 19:00:00,1.21e-05,1.226e-05,1.211e-05,1.223e-05,40957517374
1755115200,2025-08-13 20:00:00,1.217e-05,1.231e-05,1.224e-05,1.225e-05,86281067756
1755118800,2025-08-13 21:00:00,1.211e-05,1.235e-05,1.225e-05,1.218e-05,57861000721
1755122400,2025-08-13 22:00:00,1.215e-05,1.239e-05,1.219e-05,1.229e-05,64103491924
1755126000,2025-08-13 23:00:00,1.225e-05,1.241e-05,1.229e-05,1.226e-05,66559256923
1755129600,2025-08-14 00:00:00,1.217e-05,1.239e-05,1.226e-05,1.221e-05,117211452487
1755133200,2025-08-14 01:00:00,1.209e-05,1.244e-05,1.221e-05,1.232e-05,234096356809
1755136800,2025-08-14 02:00:00,1.227e-05,1.268e-05,1.232e-05,1.265e-05,239061094988
1755140400,2025-08-14 03:00:00,1.253e-05,1.264e-05,1.264e-05,1.255e-05,63963549322
1755144000,2025-08-14 04:00:00,1.236e-05,1.256e-05,1.255e-05,1.236e-05,96651030875
1755147600,2025-08-14 05:00:00,1.213e-05,1.241e-05,1.235e-05,1.216e-05,197956502483
1755151200,2025-08-14 06:00:00,1.197e-05,1.218e-05,1.216e-05,1.216e-05,71989583418
1755154800,2025-08-14 07:00:00,1.202e-05,1.219e-05,1.216e-05,1.209e-05,33395484323
1755158400,2025-08-14 08:00:00,1.182e-05,1.208e-05,1.208e-05,1.188e-05,169139273620
1755162000,2025-08-14 09:00:00,1.181e-05,1.199e-05,1.189e-05,1.197e-05,49557563755
1755165600,2025-08-14 10:00:00,1.173e-05,1.198e-05,1.197e-05,1.185e-05,113408770756
1755169200,2025-08-14 11:00:00,1.178e-05,1.187e-05,1.185e-05,1.182e-05,27777929687
1755172800,2025-08-14 12:00:00,1.105e-05,1.188e-05,1.182e-05,1.122e-05,473462529510
1755176400,2025-08-14 13:00:00,1.096e-05,1.138e-05,1.122e-05,1.129e-05,163088425960
1755180000,2025-08-14 14:00:00,1.121e-05,1.143e-05,1.128e-05,1.132e-05,44157174645
1755183600,2025-08-14 15:00:00,1.119e-05,1.137e-05,1.132e-05,1.122e-05,51932638909
1755187200,2025-08-14 16:00:00,1.107e-05,1.122e-05,1.122e-05,1.112e-05,82739363709
1755190800,2025-08-14 17:00:00,1.103e-05,1.117e-05,1.112e-05,1.111e-05,43282360628
1755194400,2025-08-14 18:00:00,1.092e-05,1.113e-05,1.111e-05,1.109e-05,74126578603
1755198000,2025-08-14 19:00:00,1.105e-05,1.117e-05,1.108e-05,1.106e-05,30822737374
1755201600,2025-08-14 20:00:00,1.097e-05,1.108e-05,1.104e-05,1.106e-05,33826677096
1755205200,2025-08-14 21:00:00,1.082e-05,1.109e-05,1.104e-05,1.093e-05,63593027516
1755208800,2025-08-14 22:00:00,1.088e-05,1.106e-05,1.092e-05,1.104e-05,46335890665
1755212400,2025-08-14 23:00:00,1.102e-05,1.111e-05,1.104e-05,1.105e-05,30844335188
1755216000,2025-08-15 00:00:00,1.099e-05,1.11e-05,1.104e-05,1.102e-05,25493775436
1755219600,2025-08-15 01:00:00,1.099e-05,1.114e-05,1.102e-05,1.113e-05,49498702855
1755223200,2025-08-15 02:00:00,1.109e-05,1.119e-05,1.113e-05,1.11e-05,152403526319
1755226800,2025-08-15 03:00:00,1.107e-05,1.121e-05,1.11e-05,1.117e-05,42276353873
1755230400,2025-08-15 04:00:00,1.114e-05,1.125e-05,1.116e-05,1.115e-05,47360529141
1755234000,2025-08-15 05:00:00,1.111e-05,1.12e-05,1.115e-05,1.12e-05,24215988708
1755237600,2025-08-15 06:00:00,1.118e-05,1.128e-05,1.121e-05,1.119e-05,31758841080
1755241200,2025-08-15 07:00:00,1.111e-05,1.123e-05,1.119e-05,1.117e-05,9468337918
1755244800,2025-08-15 08:00:00,1.113e-05,1.121e-05,1.118e-05,1.115e-05,76734932658
1755248400,2025-08-15 09:00:00,1.102e-05,1.118e-05,1.115e-05,1.108e-05,27604063174
1755252000,2025-08-15 10:00:00,1.106e-05,1.119e-05,1.107e-05,1.113e-05,13458679948
1755255600,2025-08-15 11:00:00,1.108e-05,1.117e-05,1.113e-05,1.111e-05,30236047427
1755259200,2025-08-15 12:00:00,1.101e-05,1.124e-05,1.113e-05,1.112e-05,119550544396
1755262800,2025-08-15 13:00:00,1.096e-05,1.115e-05,1.111e-05,1.099e-05,84992437421
1755266400,2025-08-15 14:00:00,1.082e-05,1.106e-05,1.099e-05,1.085e-05,73246206934
1755270000,2025-08-15 15:00:00,1.06e-05,1.088e-05,1.085e-05,1.068e-05,129686521664
1755273600,2025-08-15 16:00:00,1.053e-05,1.074e-05,1.068e-05,1.071e-05,91502245448
1755277200,2025-08-15 17:00:00,1.062e-05,1.083e-05,1.07e-05,1.077e-05,73092605137
1755280800,2025-08-15 18:00:00,1.062e-05,1.08e-05,1.077e-05,1.067e-05,55557056940
1755284400,2025-08-15 19:00:00,1.06e-05,1.073e-05,1.066e-05,1.064e-05,63492830476
1755288000,2025-08-15 20:00:00,1.06e-05,1.076e-05,1.065e-05,1.075e-05,26947237595
1755291600,2025-08-15 21:00:00,1.068e-05,1.08e-05,1.075e-05,1.08e-05,54595735238
1755295200,2025-08-15 22:00:00,1.077e-05,1.093e-05,1.079e-05,1.091e-05,13602194490
1755298800,2025-08-15 23:00:00,1.077e-05,1.095e-05,1.092e-05,1.081e-05,36856923804
1755302400,2025-08-16 00:00:00,1.08e-05,1.097e-05,1.082e-05,1.093e-05,60682314628
1755306000,2025-08-16 01:00:00,1.089e-05,1.097e-05,1.094e-05,1.094e-05,49615753527
1755309600,2025-08-16 02:00:00,1.086e-05,1.094e-05,1.094e-05,1.089e-05,17815593173
1755313200,2025-08-16 03:00:00,1.085e-05,1.093e-05,1.09e-05,1.088e-05,17642814097
1755316800,2025-08-16 04:00:00,1.085e-05,1.094e-05,1.088e-05,1.093e-05,9162959625
1755320400,2025-08-16 05:00:00,1.083e-05,1.093e-05,1.092e-05,1.084e-05,12530955973
1755324000,2025-08-16 06:00:00,1.079e-05,1.085e-05,1.084e-05,1.081e-05,48313942717
1755327600,2025-08-16 07:00:00,1.08e-05,1.089e-05,1.081e-05,1.086e-05,16394222823
1755331200,2025-08-16 08:00:00,1.082e-05,1.088e-05,1.087e-05,1.085e-05,30674749178
1755334800,2025-08-16 09:00:00,1.083e-05,1.095e-05,1.085e-05,1.083e-05,58928929998
1755338400,2025-08-16 10:00:00,1.08e-05,1.091e-05,1.083e-05,1.084e-05,12719241925
1755342000,2025-08-16 11:00:00,1.084e-05,1.094e-05,1.085e-05,1.085e-05,14699699189
1755345600,2025-08-16 12:00:00,1.082e-05,1.098e-05,1.083e-05,1.097e-05,13747416702
1755349200,2025-08-16 13:00:00,1.094e-05,1.107e-05,1.096e-05,1.094e-05,30312132714
1755352800,2025-08-16 14:00:00,1.089e-05,1.102e-05,1.094e-05,1.1e-05,49293323032
1755356400,2025-08-16 15:00:00,1.096e-05,1.106e-05,1.101e-05,1.103e-05,35928862568
1755360000,2025-08-16 16:00:00,1.099e-05,1.111e-05,1.103e-05,1.104e-05,13287233778
1755363600,2025-08-16 17:00:00,1.097e-05,1.105e-05,1.103e-05,1.101e-05,12946575852
1755367200,2025-08-16 18:00:00,1.097e-05,1.107e-05,1.1e-05,1.099e-05,12563037232
1755370800,2025-08-16 19:00:00,1.097e-05,1.104e-05,1.098e-05,1.097e-05,13472804980
1755374400,2025-08-16 20:00:00,1.096e-05,1.106e-05,1.098e-05,1.103e-05,14373717726
1755378000,2025-08-16 21:00:00,1.1e-05,1.104e-05,1.104e-05,1.1e-05,13039992508
1755381600,2025-08-16 22:00:00,1.099e-05,1.111e-05,1.1e-05,1.111e-05,19252447118
1755385200,2025-08-16 23:00:00,1.105e-05,1.112e-05,1.11e-05,1.109e-05,34349449863
1755388800,2025-08-17 00:00:00,1.102e-05,1.111e-05,1.11e-05,1.104e-05,31664921358
1755392400,2025-08-17 01:00:00,1.1e-05,1.114e-05,1.104e-05,1.111e-05,38936887009
1755396000,2025-08-17 02:00:00,1.104e-05,1.116e-05,1.112e-05,1.114e-05,22624947873
1755399600,2025-08-17 03:00:00,1.109e-05,1.118e-05,1.115e-05,1.116e-05,16754991660
1755403200,2025-08-17 04:00:00,1.116e-05,1.124e-05,1.116e-05,1.124e-05,39439678488
1755406800,2025-08-17 05:00:00,1.121e-05,1.129e-05,1.124e-05,1.126e-05,34769049281
1755410400,2025-08-17 06:00:00,1.118e-05,1.128e-05,1.126e-05,1.12e-05,16539968875
1755414000,2025-08-17 07:00:00,1.118e-05,1.128e-05,1.121e-05,1.128e-05,9022068279
1755417600,2025-08-17 08:00:00,1.124e-05,1.134e-05,1.127e-05,1.131e-05,26482674267
1755421200,2025-08-17 09:00:00,1.119e-05,1.132e-05,1.131e-05,1.123e-05,32328275702
1755424800,2025-08-17 10:00:00,1.118e-05,1.126e-05,1.123e-05,1.124e-05,11826604643
1755428400,2025-08-17 11:00:00,1.121e-05,1.126e-05,1.124e-05,1.124e-05,6193297540
1755432000,2025-08-17 12:00:00,1.12e-05,1.125e-05,1.125e-05,1.123e-05,12240246691
1755435600,2025-08-17 13:00:00,1.12e-05,1.13e-05,1.123e-05,1.127e-05,6816988933
1755439200,2025-08-17 14:00:00,1.122e-05,1.129e-05,1.128e-05,1.126e-05,15827841533
1755442800,2025-08-17 15:00:00,1.125e-05,1.146e-05,1.126e-05,1.146e-05,47784618095
1755446400,2025-08-17 16:00:00,1.128e-05,1.155e-05,1.147e-05,1.132e-05,90035306312
1755450000,2025-08-17 17:00:00,1.131e-05,1.139e-05,1.132e-05,1.135e-05,50207795983
1755453600,2025-08-17 18:00:00,1.105e-05,1.136e-05,1.135e-05,1.117e-05,88390297989
1755457200,2025-08-17 19:00:00,1.112e-05,1.123e-05,1.117e-05,1.113e-05,33690720562
1755460800,2025-08-17 20:00:00,1.112e-05,1.12e-05,1.114e-05,1.115e-05,40293297395
1755464400,2025-08-17 21:00:00,1.112e-05,1.117e-05,1.115e-05,1.114e-05,15504497056
1755468000,2025-08-17 22:00:00,1.113e-05,1.131e-05,1.115e-05,1.128e-05,24379357151
1755471600,2025-08-17 23:00:00,1.112e-05,1.128e-05,1.128e-05,1.113e-05,41342224167
1755475200,2025-08-18 00:00:00,1.101e-05,1.115e-05,1.112e-05,1.113e-05,40566548964
1755478800,2025-08-18 01:00:00,1.092e-05,1.114e-05,1.113e-05,1.095e-05,97071472710
1755482400,2025-08-18 02:00:00,1.074e-05,1.096e-05,1.096e-05,1.075e-05,173633250528
1755486000,2025-08-18 03:00:00,1.061e-05,1.079e-05,1.075e-05,1.074e-05,67641349437
1755489600,2025-08-18 04:00:00,1.071e-05,1.083e-05,1.074e-05,1.081e-05,22113033040
1755493200,2025-08-18 05:00:00,1.07e-05,1.085e-05,1.082e-05,1.081e-05,27699044682
1755496800,2025-08-18 06:00:00,1.06e-05,1.083e-05,1.08e-05,1.068e-05,37155269909
1755500400,2025-08-18 07:00:00,1.063e-05,1.072e-05,1.069e-05,1.065e-05,26184659330
1755504000,2025-08-18 08:00:00,1.063e-05,1.071e-05,1.065e-05,1.063e-05,24905916314
1755507600,2025-08-18 09:00:00,1.056e-05,1.076e-05,1.063e-05,1.074e-05,53086434308
1755511200,2025-08-18 10:00:00,1.067e-05,1.076e-05,1.074e-05,1.07e-05,37675416516
1755514800,2025-08-18 11:00:00,1.064e-05,1.072e-05,1.069e-05,1.071e-05,22242428328
1755518400,2025-08-18 12:00:00,1.069e-05,1.082e-05,1.071e-05,1.081e-05,39267905535
1755522000,2025-08-18 13:00:00,1.062e-05,1.081e-05,1.081e-05,1.062e-05,44177792980
1755525600,2025-08-18 14:00:00,1.061e-05,1.074e-05,1.063e-05,1.074e-05,27898462610
1755529200,2025-08-18 15:00:00,1.065e-05,1.078e-05,1.074e-05,1.077e-05,42228465394
1755532800,2025-08-18 16:00:00,1.064e-05,1.081e-05,1.078e-05,1.068e-05,28508530875
1755536400,2025-08-18 17:00:00,1.067e-05,1.088e-05,1.068e-05,1.076e-05,31681901007
1755540000,2025-08-18 18:00:00,1.072e-05,1.083e-05,1.075e-05,1.081e-05,19802817510
1755543600,2025-08-18 19:00:00,1.074e-05,1.084e-05,1.082e-05,1.075e-05,56258962017
1755547200,2025-08-18 20:00:00,1.067e-05,1.079e-05,1.076e-05,1.072e-05,76250546688
1755550800,2025-08-18 21:00:00,1.071e-05,1.083e-05,1.072e-05,1.08e-05,44115985094
1755554400,2025-08-18 22:00:00,1.077e-05,1.088e-05,1.08e-05,1.078e-05,29411091540
1755558000,2025-08-18 23:00:00,1.066e-05,1.08e-05,1.078e-05,1.069e-05,31194573860
1755561600,2025-08-19 00:00:00,1.057e-05,1.081e-05,1.069e-05,1.081e-05,50717899784
1755565200,2025-08-19 01:00:00,1.067e-05,1.085e-05,1.08e-05,1.071e-05,63228883799
1755568800,2025-08-19 02:00:00,1.066e-05,1.077e-05,1.071e-05,1.069e-05,40362184918
1755572400,2025-08-19 03:00:00,1.042e-05,1.071e-05,1.07e-05,1.047e-05,81111126352
1755576000,2025-08-19 04:00:00,1.037e-05,1.056e-05,1.047e-05,1.056e-05,36422710639
1755579600,2025-08-19 05:00:00,1.049e-05,1.059e-05,1.056e-05,1.049e-05,14206418545
1755583200,2025-08-19 06:00:00,1.047e-05,1.055e-05,1.048e-05,1.051e-05,7847026322
1755586800,2025-08-19 07:00:00,1.042e-05,1.052e-05,1.05e-05,1.051e-05,29250994786
1755590400,2025-08-19 08:00:00,1.043e-05,1.056e-05,1.051e-05,1.052e-05,13229637816
1755594000,2025-08-19 09:00:00,1.052e-05,1.064e-05,1.053e-05,1.062e-05,10774884741
1755597600,2025-08-19 10:00:00,1.061e-05,1.074e-05,1.063e-05,1.073e-05,13969041729
1755601200,2025-08-19 11:00:00,1.07e-05,1.08e-05,1.073e-05,1.077e-05,19152888617
1755604800,2025-08-19 12:00:00,1.07e-05,1.078e-05,1.077e-05,1.074e-05,15497749795
1755608400,2025-08-19 13:00:00,1.064e-05,1.085e-05,1.075e-05,1.074e-05,56087297626
1755612000,2025-08-19 14:00:00,1.039e-05,1.078e-05,1.074e-05,1.044e-05,66994785806
1755615600,2025-08-19 15:00:00,1.038e-05,1.058e-05,1.045e-05,1.043e-05,35613942308
1755619200,2025-08-19 16:00:00,1.029e-05,1.045e-05,1.043e-05,1.035e-05,122765626022
1755622800,2025-08-19 17:00:00,1.028e-05,1.043e-05,1.033e-05,1.04e-05,37756704118
1755626400,2025-08-19 18:00:00,1.019e-05,1.042e-05,1.041e-05,1.023e-05,64913537805
1755630000,2025-08-19 19:00:00,1.016e-05,1.035e-05,1.023e-05,1.029e-05,51621340351
1755633600,2025-08-19 20:00:00,1.021e-05,1.039e-05,1.029e-05,1.038e-05,27411114185
1755637200,2025-08-19 21:00:00,1.033e-05,1.038e-05,1.038e-05,1.037e-05,15250711666
1755640800,2025-08-19 22:00:00,1.03e-05,1.039e-05,1.037e-05,1.033e-05,17990141472
1755644400,2025-08-19 23:00:00,1.017e-05,1.034e-05,1.034e-05,1.02e-05,47635543897
1755648000,2025-08-20 00:00:00,1.019e-05,1.031e-05,1.02e-05,1.027e-05,34801703897
1755651600,2025-08-20 01:00:00,1.013e-05,1.031e-05,1.027e-05,1.029e-05,48874180151
1755655200,2025-08-20 02:00:00,1.026e-05,1.035e-05,1.029e-05,1.034e-05,22557813791
1755658800,2025-08-20 03:00:00,1.032e-05,1.043e-05,1.035e-05,1.035e-05,12644613609
1755662400,2025-08-20 04:00:00,1.035e-05,1.041e-05,1.035e-05,1.039e-05,14799411221
1755666000,2025-08-20 05:00:00,1.033e-05,1.041e-05,1.039e-05,1.041e-05,13007098685
1755669600,2025-08-20 06:00:00,1.034e-05,1.042e-05,1.042e-05,1.039e-05,14075940885
1755673200,2025-08-20 07:00:00,1.033e-05,1.043e-05,1.039e-05,1.034e-05,13298639299
1755676800,2025-08-20 08:00:00,1.033e-05,1.045e-05,1.033e-05,1.044e-05,37916538016
1755680400,2025-08-20 09:00:00,1.038e-05,1.045e-05,1.042e-05,1.04e-05,45655964603
1755684000,2025-08-20 10:00:00,1.038e-05,1.044e-05,1.04e-05,1.041e-05,14183771576
1755687600,2025-08-20 11:00:00,1.024e-05,1.042e-05,1.041e-05,1.036e-05,25846776612
1755691200,2025-08-20 12:00:00,1.031e-05,1.045e-05,1.036e-05,1.036e-05,22175347326
1755694800,2025-08-20 13:00:00,1.01e-05,1.036e-05,1.036e-05,1.016e-05,53161017676
1755698400,2025-08-20 14:00:00,1.002e-05,1.037e-05,1.015e-05,1.03e-05,71046745087
1755702000,2025-08-20 15:00:00,1.03e-05,1.054e-05,1.03e-05,1.041e-05,83668603366
1755705600,2025-08-20 16:00:00,1.04e-05,1.059e-05,1.041e-05,1.051e-05,49070823670
1755709200,2025-08-20 17:00:00,1.049e-05,1.064e-05,1.051e-05,1.062e-05,35567251079
1755712800,2025-08-20 18:00:00,1.043e-05,1.063e-05,1.062e-05,1.051e-05,25720396942
1755716400,2025-08-20 19:00:00,1.051e-05,1.072e-05,1.052e-05,1.071e-05,37746068107
1755720000,2025-08-20 20:00:00,1.066e-05,1.072e-05,1.071e-05,1.069e-05,36771495461
1755723600,2025-08-20 21:00:00,1.061e-05,1.071e-05,1.069e-05,1.067e-05,26864698660
1755727200,2025-08-20 22:00:00,1.065e-05,1.073e-05,1.069e-05,1.07e-05,19294122105
1755730800,2025-08-20 23:00:00,1.065e-05,1.071e-05,1.071e-05,1.066e-05,22161660425
1755734400,2025-08-21 00:00:00,1.061e-05,1.07e-05,1.067e-05,1.067e-05,24249762792
1755738000,2025-08-21 01:00:00,1.061e-05,1.073e-05,1.067e-05,1.073e-05,20421445065
1755741600,2025-08-21 02:00:00,1.053e-05,1.076e-05,1.073e-05,1.061e-05,38636271143
1755745200,2025-08-21 03:00:00,1.061e-05,1.073e-05,1.061e-05,1.063e-05,43936199737
1755748800,2025-08-21 04:00:00,1.06e-05,1.07e-05,1.063e-05,1.065e-05,21908401869
1755752400,2025-08-21 05:00:00,1.061e-05,1.07e-05,1.065e-05,1.069e-05,18519794112
1755756000,2025-08-21 06:00:00,1.058e-05,1.069e-05,1.069e-05,1.059e-05,20088791591
1755759600,2025-08-21 07:00:00,1.05e-05,1.062e-05,1.058e-05,1.059e-05,28837350211
1755763200,2025-08-21 08:00:00,1.048e-05,1.061e-05,1.059e-05,1.05e-05,17340939515
1755766800,2025-08-21 09:00:00,1.043e-05,1.05e-05,1.05e-05,1.044e-05,28708784688
1755770400,2025-08-21 10:00:00,1.041e-05,1.046e-05,1.043e-05,1.043e-05,15762903737
1755774000,2025-08-21 11:00:00,1.039e-05,1.049e-05,1.043e-05,1.042e-05,11858793732
1755777600,2025-08-21 12:00:00,1.031e-05,1.045e-05,1.042e-05,1.035e-05,30141128629
1755781200,2025-08-21 13:00:00,1.032e-05,1.047e-05,1.034e-05,1.036e-05,31418223302
1755784800,2025-08-21 14:00:00,1.025e-05,1.051e-05,1.035e-05,1.03e-05,100358151766
1755788400,2025-08-21 15:00:00,1.02e-05,1.033e-05,1.03e-05,1.024e-05,28471200847
1755792000,2025-08-21 16:00:00,1.022e-05,1.032e-05,1.024e-05,1.024e-05,66836566977
1755795600,2025-08-21 17:00:00,1.021e-05,1.035e-05,1.024e-05,1.032e-05,22240461385
1755799200,2025-08-21 18:00:00,1.031e-05,1.044e-05,1.032e-05,1.044e-05,39729227306
1755802800,2025-08-21 19:00:00,1.03e-05,1.046e-05,1.044e-05,1.031e-05,24236324108
1755806400,2025-08-21 20:00:00,1.026e-05,1.041e-05,1.031e-05,1.037e-05,18986470798
1755810000,2025-08-21 21:00:00,1.03e-05,1.044e-05,1.037e-05,1.04e-05,18962515661
1755813600,2025-08-21 22:00:00,1.038e-05,1.044e-05,1.041e-05,1.042e-05,12667642772
1755817200,2025-08-21 23:00:00,1.035e-05,1.042e-05,1.041e-05,1.041e-05,7617752713
1755820800,2025-08-22 00:00:00,1.039e-05,1.048e-05,1.04e-05,1.04e-05,25472377074
1755824400,2025-08-22 01:00:00,1.032e-05,1.046e-05,1.041e-05,1.042e-05,84212347337
1755828000,2025-08-22 02:00:00,1.041e-05,1.055e-05,1.043e-05,1.044e-05,82983934922
1755831600,2025-08-22 03:00:00,1.031e-05,1.046e-05,1.044e-05,1.034e-05,21618268158
1755835200,2025-08-22 04:00:00,1.034e-05,1.045e-05,1.035e-05,1.037e-05,24046560998
1755838800,2025-08-22 05:00:00,1.036e-05,1.045e-05,1.036e-05,1.043e-05,9135185708
1755842400,2025-08-22 06:00:00,1.035e-05,1.046e-05,1.042e-05,1.038e-05,24365427701
1755846000,2025-08-22 07:00:00,1.037e-05,1.048e-05,1.039e-05,1.043e-05,27570634861
1755849600,2025-08-22 08:00:00,1.036e-05,1.047e-05,1.044e-05,1.037e-05,34724419835
1755853200,2025-08-22 09:00:00,1.032e-05,1.039e-05,1.037e-05,1.038e-05,12324331325
1755856800,2025-08-22 10:00:00,1.022e-05,1.038e-05,1.038e-05,1.026e-05,52727657999
1755860400,2025-08-22 11:00:00,1.014e-05,1.026e-05,1.025e-05,1.014e-05,35408230135
1755864000,2025-08-22 12:00:00,9.88e-06,1.015e-05,1.014e-05,9.94e-06,190123779708
1755867600,2025-08-22 13:00:00,9.82e-06,1.008e-05,9.93e-06,1.008e-05,133334187003
1755871200,2025-08-22 14:00:00,1.008e-05,1.079e-05,1.009e-05,1.074e-05,471907936746
1755874800,2025-08-22 15:00:00,1.074e-05,1.098e-05,1.074e-05,1.089e-05,203326118802
1755878400,2025-08-22 16:00:00,1.089e-05,1.124e-05,1.089e-05,1.109e-05,168464584116
1755882000,2025-08-22 17:00:00,1.11e-05,1.14e-05,1.11e-05,1.131e-05,177373781509
1755885600,2025-08-22 18:00:00,1.127e-05,1.142e-05,1.131e-05,1.138e-05,108230028006
1755889200,2025-08-22 19:00:00,1.132e-05,1.14e-05,1.138e-05,1.135e-05,61130553480
1755892800,2025-08-22 20:00:00,1.135e-05,1.143e-05,1.136e-05,1.138e-05,43139367893
1755896400,2025-08-22 21:00:00,1.138e-05,1.158e-05,1.139e-05,1.148e-05,108557052871
1755900000,2025-08-22 22:00:00,1.139e-05,1.154e-05,1.149e-05,1.148e-05,96360364217
1755903600,2025-08-22 23:00:00,1.146e-05,1.17e-05,1.149e-05,1.157e-05,122294985156
1755907200,2025-08-23 00:00:00,1.143e-05,1.159e-05,1.158e-05,1.144e-05,41652360058
1755910800,2025-08-23 01:00:00,1.122e-05,1.147e-05,1.145e-05,1.133e-05,90410656751
1755914400,2025-08-23 02:00:00,1.097e-05,1.134e-05,1.133e-05,1.111e-05,47388296271
1755918000,2025-08-23 03:00:00,1.104e-05,1.117e-05,1.111e-05,1.11e-05,96346656498
1755921600,2025-08-23 04:00:00,1.109e-05,1.131e-05,1.11e-05,1.131e-05,33286942170
1755925200,2025-08-23 05:00:00,1.129e-05,1.15e-05,1.131e-05,1.147e-05,40116625747
1755928800,2025-08-23 06:00:00,1.14e-05,1.156e-05,1.147e-05,1.152e-05,28275594252
1755932400,2025-08-23 07:00:00,1.14e-05,1.161e-05,1.151e-05,1.142e-05,56500553805
1755936000,2025-08-23 08:00:00,1.14e-05,1.154e-05,1.142e-05,1.142e-05,94206753725
1755939600,2025-08-23 09:00:00,1.131e-05,1.142e-05,1.142e-05,1.138e-05,34407937441
1755943200,2025-08-23 10:00:00,1.127e-05,1.139e-05,1.138e-05,1.128e-05,41771834580
1755946800,2025-08-23 11:00:00,1.122e-05,1.137e-05,1.128e-05,1.125e-05,29947027336
1755950400,2025-08-23 12:00:00,1.122e-05,1.137e-05,1.126e-05,1.126e-05,71565484768
1755954000,2025-08-23 13:00:00,1.123e-05,1.134e-05,1.125e-05,1.125e-05,31846958012
1755957600,2025-08-23 14:00:00,1.118e-05,1.133e-05,1.126e-05,1.121e-05,91065476059
1755961200,2025-08-23 15:00:00,1.119e-05,1.132e-05,1.121e-05,1.128e-05,19942212128
1755964800,2025-08-23 16:00:00,1.12e-05,1.13e-05,1.128e-05,1.124e-05,16156991033
1755968400,2025-08-23 17:00:00,1.121e-05,1.128e-05,1.123e-05,1.126e-05,18719079037
1755972000,2025-08-23 18:00:00,1.124e-05,1.129e-05,1.126e-05,1.127e-05,16797817001
1755975600,2025-08-23 19:00:00,1.126e-05,1.131e-05,1.127e-05,1.13e-05,29884904398
1755979200,2025-08-23 20:00:00,1.123e-05,1.131e-05,1.131e-05,1.126e-05,22080925353
1755982800,2025-08-23 21:00:00,1.12e-05,1.128e-05,1.126e-05,1.124e-05,14376875622
1755986400,2025-08-23 22:00:00,1.121e-05,1.127e-05,1.124e-05,1.127e-05,13969726361
1755990000,2025-08-23 23:00:00,1.123e-05,1.131e-05,1.128e-05,1.125e-05,30979698523
1755993600,2025-08-24 00:00:00,1.125e-05,1.135e-05,1.125e-05,1.133e-05,75465547237
1755997200,2025-08-24 01:00:00,1.125e-05,1.136e-05,1.131e-05,1.131e-05,85560815308
1756000800,2025-08-24 02:00:00,1.123e-05,1.135e-05,1.131e-05,1.125e-05,69910357754
1756004400,2025-08-24 03:00:00,1.113e-05,1.124e-05,1.124e-05,1.122e-05,97514619669
1756008000,2025-08-24 04:00:00,1.118e-05,1.125e-05,1.121e-05,1.123e-05,22160308646
1756011600,2025-08-24 05:00:00,1.109e-05,1.123e-05,1.123e-05,1.113e-05,18220941428
1756015200,2025-08-24 06:00:00,1.097e-05,1.112e-05,1.112e-05,1.098e-05,47105227077
1756018800,2025-08-24 07:00:00,1.094e-05,1.106e-05,1.097e-05,1.096e-05,28576293430
1756022400,2025-08-24 08:00:00,1.091e-05,1.1e-05,1.094e-05,1.096e-05,22367972169
1756026000,2025-08-24 09:00:00,1.087e-05,1.098e-05,1.095e-05,1.09e-05,39339015885
1756029600,2025-08-24 10:00:00,1.074e-05,1.091e-05,1.089e-05,1.075e-05,56870254706
1756033200,2025-08-24 11:00:00,1.068e-05,1.08e-05,1.074e-05,1.074e-05,22318169009
1756036800,2025-08-24 12:00:00,1.071e-05,1.078e-05,1.074e-05,1.076e-05,23979026402
1756040400,2025-08-24 13:00:00,1.075e-05,1.082e-05,1.076e-05,1.075e-05,24602559051
1756044000,2025-08-24 14:00:00,1.071e-05,1.085e-05,1.076e-05,1.082e-05,36551280955
1756047600,2025-08-24 15:00:00,1.076e-05,1.094e-05,1.083e-05,1.08e-05,45865351849
1756051200,2025-08-24 16:00:00,1.071e-05,1.084e-05,1.079e-05,1.081e-05,94353377083
1756054800,2025-08-24 17:00:00,1.081e-05,1.114e-05,1.081e-05,1.108e-05,166999727102
1756058400,2025-08-24 18:00:00,1.102e-05,1.142e-05,1.108e-05,1.132e-05,145488118758
1756062000,2025-08-24 19:00:00,1.076e-05,1.148e-05,1.132e-05,1.099e-05,514056392442
1756065600,2025-08-24 20:00:00,1.072e-05,1.101e-05,1.101e-05,1.09e-05,195888811702
1756069200,2025-08-24 21:00:00,1.084e-05,1.102e-05,1.092e-05,1.087e-05,50948076640
1756072800,2025-08-24 22:00:00,1.066e-05,1.088e-05,1.088e-05,1.083e-05,47583070939
1756076400,2025-08-24 23:00:00,1.08e-05,1.09e-05,1.082e-05,1.084e-05,41310246130
1756080000,2025-08-25 00:00:00,1.053e-05,1.091e-05,1.083e-05,1.062e-05,97973916703
1756083600,2025-08-25 01:00:00,1.059e-05,1.081e-05,1.062e-05,1.077e-05,89535856511
1756087200,2025-08-25 02:00:00,1.076e-05,1.105e-05,1.077e-05,1.101e-05,102135483768
1756090800,2025-08-25 03:00:00,1.087e-05,1.108e-05,1.101e-05,1.09e-05,59911644687
1756094400,2025-08-25 04:00:00,1.075e-05,1.092e-05,1.09e-05,1.076e-05,88787956147
1756098000,2025-08-25 05:00:00,1.062e-05,1.079e-05,1.077e-05,1.062e-05,55168549654
1756101600,2025-08-25 06:00:00,1.046e-05,1.064e-05,1.063e-05,1.047e-05,88593408824
1756105200,2025-08-25 07:00:00,1.026e-05,1.056e-05,1.048e-05,1.031e-05,103208033778
1756108800,2025-08-25 08:00:00,1.023e-05,1.038e-05,1.031e-05,1.035e-05,52814750084
1756112400,2025-08-25 09:00:00,1.027e-05,1.036e-05,1.035e-05,1.031e-05,28816841041
1756116000,2025-08-25 10:00:00,1.009e-05,1.032e-05,1.032e-05,1.014e-05,106189285510
1756119600,2025-08-25 11:00:00,1.013e-05,1.023e-05,1.014e-05,1.023e-05,46117470481
1756123200,2025-08-25 12:00:00,1.017e-05,1.027e-05,1.023e-05,1.026e-05,37831758768
1756126800,2025-08-25 13:00:00,1.015e-05,1.03e-05,1.025e-05,1.022e-05,45568516563
1756130400,2025-08-25 14:00:00,1.019e-05,1.031e-05,1.022e-05,1.024e-05,37783411370
1756134000,2025-08-25 15:00:00,1.011e-05,1.025e-05,1.024e-05,1.014e-05,26019936433
1756137600,2025-08-25 16:00:00,1.008e-05,1.024e-05,1.014e-05,1.014e-05,52059320392
1756141200,2025-08-25 17:00:00,1.004e-05,1.015e-05,1.015e-05,1.01e-05,51197401688
1756144800,2025-08-25 18:00:00,1.005e-05,1.014e-05,1.009e-05,1.013e-05,62103413869
1756148400,2025-08-25 19:00:00,9.88e-06,1.013e-05,1.013e-05,9.91e-06,158447854382
1756152000,2025-08-25 20:00:00,9.58e-06,9.95e-06,9.9e-06,9.59e-06,274791744471
1756155600,2025-08-25 21:00:00,9.57e-06,9.68e-06,9.59e-06,9.59e-06,126041738143
1756159200,2025-08-25 22:00:00,9.59e-06,9.74e-06,9.6e-06,9.71e-06,66405947384
1756162800,2025-08-25 23:00:00,9.68e-06,9.79e-06,9.71e-06,9.75e-06,60672969312
1756166400,2025-08-26 00:00:00,9.68e-06,9.82e-06,9.75e-06,9.77e-06,77450768919
1756170000,2025-08-26 01:00:00,9.72e-06,9.94e-06,9.76e-06,9.88e-06,139411299753
1756173600,2025-08-26 02:00:00,9.79e-06,9.95e-06,9.88e-06,9.82e-06,98759388625
1756177200,2025-08-26 03:00:00,9.76e-06,9.82e-06,9.81e-06,9.79e-06,63695248036
1756180800,2025-08-26 04:00:00,9.79e-06,9.88e-06,9.79e-06,9.87e-06,40755372107
1756184400,2025-08-26 05:00:00,9.84e-06,9.91e-06,9.87e-06,9.84e-06,22737495624
1756188000,2025-08-26 06:00:00,9.75e-06,9.89e-06,9.84e-06,9.78e-06,30523913637
1756191600,2025-08-26 07:00:00,9.75e-06,9.99e-06,9.79e-06,9.94e-06,45654651530
1756195200,2025-08-26 08:00:00,9.87e-06,9.96e-06,9.94e-06,9.9e-06,42230788642
1756198800,2025-08-26 09:00:00,9.87e-06,9.98e-06,9.9e-06,9.98e-06,17346996977
1756202400,2025-08-26 10:00:00,9.98e-06,1.008e-05,9.98e-06,1.002e-05,67392131276
1756206000,2025-08-26 11:00:00,9.93e-06,1.003e-05,1.002e-05,9.97e-06,65610831072
1756209600,2025-08-26 12:00:00,9.87e-06,1.012e-05,9.98e-06,1e-05,90708355130
1756213200,2025-08-26 13:00:00,9.85e-06,1.008e-05,9.99e-06,9.97e-06,101744515924
1756216800,2025-08-26 14:00:00,9.89e-06,1.007e-05,9.98e-06,1.003e-05,52387596646
1756220400,2025-08-26 15:00:00,9.93e-06,1.008e-05,1.005e-05,9.96e-06,34478881347
1756224000,2025-08-26 16:00:00,9.93e-06,1.007e-05,9.96e-06,1.007e-05,35553663562
1756227600,2025-08-26 17:00:00,9.97e-06,1.008e-05,1.007e-05,1.004e-05,23130139561
1756231200,2025-08-26 18:00:00,1.005e-05,1.011e-05,1.005e-05,1.009e-05,51757790345
1756234800,2025-08-26 19:00:00,1.004e-05,1.017e-05,1.008e-05,1.015e-05,67218884217
1756238400,2025-08-26 20:00:00,1.011e-05,1.018e-05,1.015e-05,1.014e-05,27322022044
1756242000,2025-08-26 21:00:00,1.009e-05,1.016e-05,1.015e-05,1.016e-05,33332542654
1756245600,2025-08-26 22:00:00,1.009e-05,1.017e-05,1.016e-05,1.013e-05,27177434711
1756249200,2025-08-26 23:00:00,1.007e-05,1.019e-05,1.013e-05,1.009e-05,27540206523
1756252800,2025-08-27 00:00:00,9.98e-06,1.009e-05,1.008e-05,1.001e-05,50600264373
1756256400,2025-08-27 01:00:00,9.97e-06,1.006e-05,1e-05,1.005e-05,13680806464
1756260000,2025-08-27 02:00:00,9.99e-06,1.015e-05,1.006e-05,1.01e-05,19031126836
1756263600,2025-08-27 03:00:00,1.006e-05,1.025e-05,1.01e-05,1.021e-05,57380381123
1756267200,2025-08-27 04:00:00,1.02e-05,1.03e-05,1.021e-05,1.028e-05,40029693196
1756270800,2025-08-27 05:00:00,1.017e-05,1.03e-05,1.028e-05,1.018e-05,27873644253
1756274400,2025-08-27 06:00:00,1.014e-05,1.022e-05,1.018e-05,1.017e-05,28867357351
1756278000,2025-08-27 07:00:00,1.009e-05,1.018e-05,1.017e-05,1.014e-05,16013847952
1756281600,2025-08-27 08:00:00,1.006e-05,1.016e-05,1.014e-05,1.014e-05,31695626663
1756285200,2025-08-27 09:00:00,1.013e-05,1.025e-05,1.014e-05,1.019e-05,30415026035
1756288800,2025-08-27 10:00:00,1.009e-05,1.021e-05,1.019e-05,1.013e-05,14212494272
1756292400,2025-08-27 11:00:00,1.012e-05,1.019e-05,1.014e-05,1.018e-05,6309103530
1756296000,2025-08-27 12:00:00,1.008e-05,1.021e-05,1.017e-05,1.015e-05,21548876563
1756299600,2025-08-27 13:00:00,1.004e-05,1.02e-05,1.014e-05,1.007e-05,98238168233
1756303200,2025-08-27 14:00:00,1.004e-05,1.023e-05,1.007e-05,1.011e-05,58681729182
1756306800,2025-08-27 15:00:00,1.009e-05,1.02e-05,1.011e-05,1.017e-05,113245005089
1756310400,2025-08-27 16:00:00,1.003e-05,1.017e-05,1.017e-05,1.012e-05,45323293903
1756314000,2025-08-27 17:00:00,1.009e-05,1.019e-05,1.011e-05,1.016e-05,39802647462
1756317600,2025-08-27 18:00:00,1.009e-05,1.02e-05,1.017e-05,1.009e-05,17304279707
1756321200,2025-08-27 19:00:00,9.96e-06,1.012e-05,1.009e-05,1.006e-05,42170133210
1756324800,2025-08-27 20:00:00,9.95e-06,1.019e-05,1.006e-05,1.016e-05,220026658140
1756328400,2025-08-27 21:00:00,1.005e-05,1.02e-05,1.016e-05,1.006e-05,40407958536
1756332000,2025-08-27 22:00:00,9.97e-06,1.01e-05,1.006e-05,1.007e-05,39752433671
1756335600,2025-08-27 23:00:00,1e-05,1.011e-05,1.005e-05,1.002e-05,38526767933
1756339200,2025-08-28 00:00:00,9.97e-06,1.01e-05,1.003e-05,1.005e-05,25654623732
1756342800,2025-08-28 01:00:00,1.005e-05,1.016e-05,1.006e-05,1.012e-05,33502162540
1756346400,2025-08-28 02:00:00,1.005e-05,1.014e-05,1.011e-05,1.006e-05,27034522215
1756350000,2025-08-28 03:00:00,1.005e-05,1.014e-05,1.007e-05,1.012e-05,50765749376
1756353600,2025-08-28 04:00:00,1.01e-05,1.02e-05,1.012e-05,1.019e-05,39978356785
1756357200,2025-08-28 05:00:00,1.012e-05,1.023e-05,1.019e-05,1.015e-05,32317363815
1756360800,2025-08-28 06:00:00,1.012e-05,1.017e-05,1.014e-05,1.017e-05,9743384706
1756364400,2025-08-28 07:00:00,1.011e-05,1.018e-05,1.017e-05,1.016e-05,23403933718
1756368000,2025-08-28 08:00:00,1.013e-05,1.027e-05,1.017e-05,1.015e-05,51246317123
1756371600,2025-08-28 09:00:00,1.009e-05,1.015e-05,1.015e-05,1.011e-05,13899497386
1756375200,2025-08-28 10:00:00,1.009e-05,1.018e-05,1.011e-05,1.018e-05,19758173946
1756378800,2025-08-28 11:00:00,1.014e-05,1.021e-05,1.017e-05,1.02e-05,10811065236
1756382400,2025-08-28 12:00:00,1.016e-05,1.024e-05,1.02e-05,1.02e-05,29066206918
1756386000,2025-08-28 13:00:00,1.012e-05,1.023e-05,1.02e-05,1.016e-05,46695785854
1756389600,2025-08-28 14:00:00,1.014e-05,1.023e-05,1.016e-05,1.021e-05,39240475366
1756393200,2025-08-28 15:00:00,1.006e-05,1.024e-05,1.021e-05,1.009e-05,33657058403
1756396800,2025-08-28 16:00:00,9.93e-06,1.017e-05,1.009e-05,9.94e-06,44834471836
1756400400,2025-08-28 17:00:00,9.92e-06,1.006e-05,9.92e-06,1.005e-05,14558356771
1756404000,2025-08-28 18:00:00,1.001e-05,1.014e-05,1.005e-05,1.01e-05,16703806348
1756407600,2025-08-28 19:00:00,9.95e-06,1.015e-05,1.011e-05,9.95e-06,54658331271
1756411200,2025-08-28 20:00:00,9.92e-06,1.007e-05,9.95e-06,1.005e-05,38685459282
1756414800,2025-08-28 21:00:00,1.003e-05,1.015e-05,1.006e-05,1.014e-05,47897176811
1756418400,2025-08-28 22:00:00,1.014e-05,1.024e-05,1.014e-05,1.022e-05,16803707269
1756422000,2025-08-28 23:00:00,1.017e-05,1.024e-05,1.021e-05,1.021e-05,17425597400
1756425600,2025-08-29 00:00:00,1.018e-05,1.026e-05,1.021e-05,1.022e-05,21676795281
1756429200,2025-08-29 01:00:00,1.009e-05,1.023e-05,1.022e-05,1.011e-05,27103206688
1756432800,2025-08-29 02:00:00,1.009e-05,1.022e-05,1.01e-05,1.018e-05,35325273740
1756436400,2025-08-29 03:00:00,1.012e-05,1.021e-05,1.019e-05,1.018e-05,57685104649
1756440000,2025-08-29 04:00:00,1.012e-05,1.022e-05,1.019e-05,1.014e-05,11625912646
1756443600,2025-08-29 05:00:00,1.011e-05,1.017e-05,1.014e-05,1.015e-05,15326426486
1756447200,2025-08-29 06:00:00,1e-05,1.017e-05,1.016e-05,1.005e-05,53713604106
1756450800,2025-08-29 07:00:00,9.83e-06,1.006e-05,1.006e-05,9.84e-06,118286584080
1756454400,2025-08-29 08:00:00,9.72e-06,9.88e-06,9.84e-06,9.73e-06,47997840184
1756458000,2025-08-29 09:00:00,9.65e-06,9.82e-06,9.73e-06,9.81e-06,39773501284
1756461600,2025-08-29 10:00:00,9.78e-06,9.84e-06,9.8e-06,9.8e-06,21228900530
1756465200,2025-08-29 11:00:00,9.77e-06,9.86e-06,9.8e-06,9.82e-06,19915788970
1756468800,2025-08-29 12:00:00,9.8e-06,1.007e-05,9.82e-06,9.95e-06,152761525147
1756472400,2025-08-29 13:00:00,9.71e-06,9.95e-06,9.95e-06,9.79e-06,77360538014
1756476000,2025-08-29 14:00:00,9.59e-06,9.85e-06,9.79e-06,9.72e-06,161688300033
1756479600,2025-08-29 15:00:00,9.65e-06,9.81e-06,9.72e-06,9.67e-06,32476043219
1756483200,2025-08-29 16:00:00,9.55e-06,9.69e-06,9.67e-06,9.63e-06,63716171888
1756486800,2025-08-29 17:00:00,9.49e-06,9.63e-06,9.63e-06,9.57e-06,42648851189
1756490400,2025-08-29 18:00:00,9.5e-06,9.59e-06,9.56e-06,9.54e-06,58717224333
1756494000,2025-08-29 19:00:00,9.51e-06,9.71e-06,9.53e-06,9.67e-06,48411020161
1756497600,2025-08-29 20:00:00,9.6e-06,9.68e-06,9.67e-06,9.62e-06,53759122255
1756501200,2025-08-29 21:00:00,9.57e-06,9.76e-06,9.62e-06,9.75e-06,106021479330
1756504800,2025-08-29 22:00:00,9.68e-06,9.77e-06,9.75e-06,9.76e-06,40774227901
1756508400,2025-08-29 23:00:00,9.74e-06,9.8e-06,9.76e-06,9.78e-06,39034703547
1756512000,2025-08-30 00:00:00,9.74e-06,9.8e-06,9.78e-06,9.79e-06,17493045638
1756515600,2025-08-30 01:00:00,9.69e-06,9.83e-06,9.78e-06,9.69e-06,38202654725
1756519200,2025-08-30 02:00:00,9.69e-06,9.87e-06,9.7e-06,9.83e-06,31101122498
1756522800,2025-08-30 03:00:00,9.82e-06,1.006e-05,9.83e-06,1.004e-05,66293098213
1756526400,2025-08-30 04:00:00,9.93e-06,1.006e-05,1.004e-05,9.94e-06,69049686715
1756530000,2025-08-30 05:00:00,9.93e-06,1e-05,9.94e-06,9.98e-06,21387541805
1756533600,2025-08-30 06:00:00,9.96e-06,1.002e-05,9.99e-06,9.96e-06,6515170047
1756537200,2025-08-30 07:00:00,9.94e-06,1.001e-05,9.97e-06,1.001e-05,7643273513
1756540800,2025-08-30 08:00:00,9.96e-06,1.002e-05,1e-05,9.98e-06,10799945271
1756544400,2025-08-30 09:00:00,9.94e-06,1e-05,9.97e-06,9.96e-06,7336262457
1756548000,2025-08-30 10:00:00,9.9e-06,9.97e-06,9.96e-06,9.95e-06,24999761562
1756551600,2025-08-30 11:00:00,9.89e-06,9.96e-06,9.95e-06,9.93e-06,8947053271
1756555200,2025-08-30 12:00:00,9.84e-06,9.94e-06,9.94e-06,9.87e-06,17682009989
1756558800,2025-08-30 13:00:00,9.77e-06,9.9e-06,9.87e-06,9.9e-06,30386193314
1756562400,2025-08-30 14:00:00,9.84e-06,9.9e-06,9.9e-06,9.87e-06,26823096748
1756566000,2025-08-30 15:00:00,9.83e-06,9.91e-06,9.87e-06,9.85e-06,24680727653
1756569600,2025-08-30 16:00:00,9.8e-06,9.86e-06,9.85e-06,9.81e-06,30973023700
1756573200,2025-08-30 17:00:00,9.8e-06,9.85e-06,9.81e-06,9.83e-06,17239282489
1756576800,2025-08-30 18:00:00,9.79e-06,9.85e-06,9.82e-06,9.82e-06,7810089008
1756580400,2025-08-30 19:00:00,9.79e-06,9.84e-06,9.82e-06,9.83e-06,6154181501
1756584000,2025-08-30 20:00:00,9.79e-06,9.84e-06,9.84e-06,9.81e-06,11543087057
1756587600,2025-08-30 21:00:00,9.79e-06,9.83e-06,9.81e-06,9.79e-06,19989649332
1756591200,2025-08-30 22:00:00,9.76e-06,9.83e-06,9.8e-06,9.83e-06,15073010279
1756594800,2025-08-30 23:00:00,9.81e-06,9.86e-06,9.83e-06,9.84e-06,10343693907
1756598400,2025-08-31 00:00:00,9.84e-06,9.99e-06,9.84e-06,9.97e-06,83254429689
1756602000,2025-08-31 01:00:00,9.92e-06,1e-05,9.98e-06,9.97e-06,22774568729
1756605600,2025-08-31 02:00:00,9.93e-06,9.99e-06,9.98e-06,9.96e-06,14112393007
1756609200,2025-08-31 03:00:00,9.95e-06,1.002e-05,9.96e-06,1.001e-05,28768826540
1756612800,2025-08-31 04:00:00,9.92e-06,1.001e-05,1.001e-05,9.94e-06,16695840152
1756616400,2025-08-31 05:00:00,9.91e-06,9.95e-06,9.94e-06,9.95e-06,11460463984
1756620000,2025-08-31 06:00:00,9.9e-06,9.96e-06,9.94e-06,9.91e-06,9539388284
1756623600,2025-08-31 07:00:00,9.91e-06,9.97e-06,9.92e-06,9.94e-06,17252234859
1756627200,2025-08-31 08:00:00,9.93e-06,9.98e-06,9.95e-06,9.98e-06,3525400515
1756630800,2025-08-31 09:00:00,9.92e-06,9.99e-06,9.98e-06,9.93e-06,15143301143
1756634400,2025-08-31 10:00:00,9.87e-06,9.94e-06,9.93e-06,9.89e-06,14254575980
1756638000,2025-08-31 11:00:00,9.86e-06,9.93e-06,9.9e-06,9.93e-06,37600525678
1756641600,2025-08-31 12:00:00,9.84e-06,9.93e-06,9.93e-06,9.88e-06,33825786477
1756645200,2025-08-31 13:00:00,9.81e-06,9.9e-06,9.88e-06,9.84e-06,21975468808
1756648800,2025-08-31 14:00:00,9.76e-06,9.84e-06,9.84e-06,9.78e-06,36103378797
1756652400,2025-08-31 15:00:00,9.77e-06,9.88e-06,9.78e-06,9.87e-06,21716846549
1756656000,2025-08-31 16:00:00,9.78e-06,9.87e-06,9.87e-06,9.82e-06,11596678335
1756659600,2025-08-31 17:00:00,9.77e-06,9.83e-06,9.81e-06,9.79e-06,9567399776
1756663200,2025-08-31 18:00:00,9.78e-06,9.88e-06,9.8e-06,9.87e-06,14426374042
1756666800,2025-08-31 19:00:00,9.79e-06,9.89e-06,9.88e-06,9.8e-06,22158267361
1756670400,2025-08-31 20:00:00,9.77e-06,9.84e-06,9.8e-06,9.83e-06,22249879137
1756674000,2025-08-31 21:00:00,9.81e-06,9.88e-06,9.82e-06,9.86e-06,28230516539
1756677600,2025-08-31 22:00:00,9.77e-06,9.87e-06,9.86e-06,9.8e-06,19816840049
1756681200,2025-08-31 23:00:00,9.63e-06,9.79e-06,9.79e-06,9.65e-06,40514966239
1756684800,2025-09-01 00:00:00,9.53e-06,9.66e-06,9.64e-06,9.6e-06,53845235385
1756688400,2025-09-01 01:00:00,9.57e-06,9.68e-06,9.61e-06,9.63e-06,27296043050
1756692000,2025-09-01 02:00:00,9.41e-06,9.63e-06,9.62e-06,9.46e-06,65335662420
1756695600,2025-09-01 03:00:00,9.4e-06,9.5e-06,9.46e-06,9.48e-06,49886042286
1756699200,2025-09-01 04:00:00,9.38e-06,9.5e-06,9.48e-06,9.42e-06,50425916213
1756702800,2025-09-01 05:00:00,9.38e-06,9.48e-06,9.41e-06,9.46e-06,41062003056
1756706400,2025-09-01 06:00:00,9.37e-06,9.49e-06,9.46e-06,9.45e-06,35064425773
1756710000,2025-09-01 07:00:00,9.41e-06,9.73e-06,9.46e-06,9.73e-06,74128367996
1756713600,2025-09-01 08:00:00,9.68e-06,9.85e-06,9.74e-06,9.85e-06,116424475947
1756717200,2025-09-01 09:00:00,9.81e-06,9.95e-06,9.85e-06,9.82e-06,71782340320
1756720800,2025-09-01 10:00:00,9.68e-06,9.83e-06,9.81e-06,9.74e-06,39865487520
1756724400,2025-09-01 11:00:00,9.68e-06,9.78e-06,9.74e-06,9.7e-06,14627032743
1756728000,2025-09-01 12:00:00,9.65e-06,9.77e-06,9.7e-06,9.72e-06,34736588389
1756731600,2025-09-01 13:00:00,9.57e-06,9.72e-06,9.71e-06,9.58e-06,32008917147
1756735200,2025-09-01 14:00:00,9.55e-06,9.67e-06,9.59e-06,9.6e-06,23965432460
1756738800,2025-09-01 15:00:00,9.52e-06,9.64e-06,9.61e-06,9.55e-06,37405463026
1756742400,2025-09-01 16:00:00,9.49e-06,9.56e-06,9.56e-06,9.52e-06,26060004413
1756746000,2025-09-01 17:00:00,9.42e-06,9.54e-06,9.51e-06,9.45e-06,47060272185
1756749600,2025-09-01 18:00:00,9.45e-06,9.57e-06,9.46e-06,9.55e-06,33921202200
1756753200,2025-09-01 19:00:00,9.52e-06,9.59e-06,9.54e-06,9.59e-06,22214236354
1756756800,2025-09-01 20:00:00,9.2e-06,9.59e-06,9.59e-06,9.34e-06,194922746688
1756760400,2025-09-01 21:00:00,9.14e-06,9.35e-06,9.32e-06,9.24e-06,86743913034
1756764000,2025-09-01 22:00:00,9.18e-06,9.3e-06,9.23e-06,9.27e-06,50972990342
1756767600,2025-09-01 23:00:00,9.29e-06,9.47e-06,9.29e-06,9.47e-06,72232565857
1756771200,2025-09-02 00:00:00,9.39e-06,9.47e-06,9.47e-06,9.44e-06,40392399790
1756774800,2025-09-02 01:00:00,9.31e-06,9.49e-06,9.43e-06,9.43e-06,846141544709
1756778400,2025-09-02 02:00:00,9.4e-06,9.59e-06,9.43e-06,9.58e-06,46808695636
1756782000,2025-09-02 03:00:00,9.55e-06,9.64e-06,9.59e-06,9.63e-06,166845738074
1756785600,2025-09-02 04:00:00,9.59e-06,9.64e-06,9.63e-06,9.63e-06,27428437607
1756789200,2025-09-02 05:00:00,9.59e-06,9.66e-06,9.63e-06,9.66e-06,31054135816
1756792800,2025-09-02 06:00:00,9.64e-06,9.73e-06,9.65e-06,9.72e-06,38941075325
1756796400,2025-09-02 07:00:00,9.6e-06,9.72e-06,9.72e-06,9.63e-06,45346618424
1756800000,2025-09-02 08:00:00,9.61e-06,9.7e-06,9.64e-06,9.66e-06,24522294069
1756803600,2025-09-02 09:00:00,9.65e-06,9.72e-06,9.66e-06,9.71e-06,14684337691
1756807200,2025-09-02 10:00:00,9.65e-06,9.7e-06,9.7e-06,9.68e-06,16596040146
1756810800,2025-09-02 11:00:00,9.6e-06,9.69e-06,9.69e-06,9.61e-06,17538352207
1756814400,2025-09-02 12:00:00,9.38e-06,9.64e-06,9.62e-06,9.41e-06,120317024576
1756818000,2025-09-02 13:00:00,9.4e-06,9.78e-06,9.4e-06,9.77e-06,154306852787
1756821600,2025-09-02 14:00:00,9.65e-06,9.79e-06,9.76e-06,9.71e-06,188523319829
1756825200,2025-09-02 15:00:00,9.5e-06,9.72e-06,9.72e-06,9.53e-06,57466249215
1756828800,2025-09-02 16:00:00,9.53e-06,9.64e-06,9.54e-06,9.63e-06,34398548289
1756832400,2025-09-02 17:00:00,9.63e-06,9.73e-06,9.63e-06,9.7e-06,27754045581
1756836000,2025-09-02 18:00:00,9.57e-06,9.72e-06,9.7e-06,9.68e-06,42317337456
1756839600,2025-09-02 19:00:00,9.61e-06,9.74e-06,9.68e-06,9.65e-06,39626902248
1756843200,2025-09-02 20:00:00,9.62e-06,9.79e-06,9.64e-06,9.77e-06,45869989860
1756846800,2025-09-02 21:00:00,9.74e-06,9.82e-06,9.76e-06,9.77e-06,19704936689
1756850400,2025-09-02 22:00:00,9.72e-06,9.8e-06,9.76e-06,9.78e-06,29299079105
1756854000,2025-09-02 23:00:00,9.77e-06,9.82e-06,9.79e-06,9.8e-06,28938672883
1756857600,2025-09-03 00:00:00,9.76e-06,9.83e-06,9.79e-06,9.76e-06,35961303218
1756861200,2025-09-03 01:00:00,9.68e-06,9.81e-06,9.76e-06,9.81e-06,21599707693
1756864800,2025-09-03 02:00:00,9.75e-06,9.86e-06,9.8e-06,9.83e-06,109724098101
1756868400,2025-09-03 03:00:00,9.78e-06,9.85e-06,9.84e-06,9.83e-06,55774786073
1756872000,2025-09-03 04:00:00,9.77e-06,9.84e-06,9.82e-06,9.8e-06,18023570679
1756875600,2025-09-03 05:00:00,9.74e-06,9.81e-06,9.81e-06,9.74e-06,12531208818
1756879200,2025-09-03 06:00:00,9.7e-06,9.8e-06,9.75e-06,9.76e-06,26872031268
1756882800,2025-09-03 07:00:00,9.75e-06,9.8e-06,9.77e-06,9.79e-06,19182261403
1756886400,2025-09-03 08:00:00,9.75e-06,9.85e-06,9.79e-06,9.78e-06,13780264768
1756890000,2025-09-03 09:00:00,9.74e-06,9.8e-06,9.78e-06,9.8e-06,8753672215
1756893600,2025-09-03 10:00:00,9.75e-06,9.84e-06,9.8e-06,9.82e-06,17848873108
1756897200,2025-09-03 11:00:00,9.76e-06,9.85e-06,9.82e-06,9.78e-06,15242996631
1756900800,2025-09-03 12:00:00,9.72e-06,9.81e-06,9.78e-06,9.74e-06,18932628179
1756904400,2025-09-03 13:00:00,9.73e-06,9.86e-06,9.74e-06,9.79e-06,33773491192
1756908000,2025-09-03 14:00:00,9.77e-06,9.98e-06,9.79e-06,9.94e-06,42184775366
1756911600,2025-09-03 15:00:00,9.85e-06,9.96e-06,9.94e-06,9.89e-06,40529030332
1756915200,2025-09-03 16:00:00,9.82e-06,9.94e-06,9.9e-06,9.86e-06,40318729659
1756918800,2025-09-03 17:00:00,9.85e-06,9.93e-06,9.85e-06,9.9e-06,36989749414
1756922400,2025-09-03 18:00:00,9.84e-06,9.92e-06,9.89e-06,9.87e-06,18904670550
1756926000,2025-09-03 19:00:00,9.84e-06,9.94e-06,9.86e-06,9.94e-06,7130006857
1756929600,2025-09-03 20:00:00,9.9e-06,9.95e-06,9.94e-06,9.92e-06,15534720343
1756933200,2025-09-03 21:00:00,9.91e-06,9.96e-06,9.92e-06,9.96e-06,19391205452
1756936800,2025-09-03 22:00:00,9.9e-06,1.004e-05,9.97e-06,9.94e-06,33927827605
1756940400,2025-09-03 23:00:00,9.86e-06,9.93e-06,9.93e-06,9.88e-06,26560336444
1756944000,2025-09-04 00:00:00,9.88e-06,9.97e-06,9.88e-06,9.94e-06,24754927560
1756947600,2025-09-04 01:00:00,9.87e-06,9.95e-06,9.93e-06,9.94e-06,25576899027
1756951200,2025-09-04 02:00:00,9.83e-06,9.94e-06,9.93e-06,9.84e-06,41622042919
1756954800,2025-09-04 03:00:00,9.72e-06,9.84e-06,9.84e-06,9.73e-06,28523955734
1756958400,2025-09-04 04:00:00,9.71e-06,9.76e-06,9.73e-06,9.71e-06,20051066776
1756962000,2025-09-04 05:00:00,9.6e-06,9.71e-06,9.7e-06,9.65e-06,38368198055
1756965600,2025-09-04 06:00:00,9.56e-06,9.65e-06,9.65e-06,9.58e-06,28683214901
1756969200,2025-09-04 07:00:00,9.57e-06,9.63e-06,9.57e-06,9.6e-06,24620282090
1756972800,2025-09-04 08:00:00,9.56e-06,9.64e-06,9.59e-06,9.58e-06,31738219070
1756976400,2025-09-04 09:00:00,9.58e-06,9.62e-06,9.59e-06,9.62e-06,27250358004
1756980000,2025-09-04 10:00:00,9.58e-06,9.65e-06,9.62e-06,9.58e-06,24532076305
1756983600,2025-09-04 11:00:00,9.58e-06,9.64e-06,9.58e-06,9.6e-06,14254621569
1756987200,2025-09-04 12:00:00,9.56e-06,9.66e-06,9.6e-06,9.63e-06,33662829825
1756990800,2025-09-04 13:00:00,9.53e-06,9.63e-06,9.62e-06,9.56e-06,35469217911
1756994400,2025-09-04 14:00:00,9.45e-06,9.58e-06,9.56e-06,9.52e-06,63849832256
1756998000,2025-09-04 15:00:00,9.41e-06,9.53e-06,9.52e-06,9.47e-06,46352638427
1757001600,2025-09-04 16:00:00,9.42e-06,9.48e-06,9.46e-06,9.45e-06,53158733218
1757005200,2025-09-04 17:00:00,9.45e-06,9.51e-06,9.46e-06,9.46e-06,28154402923
1757008800,2025-09-04 18:00:00,9.38e-06,9.5e-06,9.46e-06,9.41e-06,37768431369
1757012400,2025-09-04 19:00:00,9.38e-06,9.46e-06,9.4e-06,9.39e-06,60821636181
1757016000,2025-09-04 20:00:00,9.39e-06,9.47e-06,9.39e-06,9.44e-06,31819484295
1757019600,2025-09-04 21:00:00,9.44e-06,9.49e-06,9.45e-06,9.47e-06,12912340223
1757023200,2025-09-04 22:00:00,9.46e-06,9.55e-06,9.47e-06,9.53e-06,27478443162
1757026800,2025-09-04 23:00:00,9.45e-06,9.57e-06,9.55e-06,9.45e-06,39107425136
1757030400,2025-09-05 00:00:00,9.41e-06,9.48e-06,9.44e-06,9.44e-06,45512733371
1757034000,2025-09-05 01:00:00,9.43e-06,9.52e-06,9.44e-06,9.51e-06,13236076959
1757037600,2025-09-05 02:00:00,9.48e-06,9.54e-06,9.51e-06,9.53e-06,12599479234
1757041200,2025-09-05 03:00:00,9.46e-06,9.53e-06,9.53e-06,9.53e-06,18070979570
1757044800,2025-09-05 04:00:00,9.5e-06,9.55e-06,9.53e-06,9.53e-06,7006342538
1757048400,2025-09-05 05:00:00,9.52e-06,9.58e-06,9.53e-06,9.57e-06,11396250436
1757052000,2025-09-05 06:00:00,9.51e-06,9.58e-06,9.57e-06,9.54e-06,13470381688
1757055600,2025-09-05 07:00:00,9.55e-06,9.71e-06,9.55e-06,9.7e-06,53485876881
1757059200,2025-09-05 08:00:00,9.62e-06,9.71e-06,9.7e-06,9.65e-06,16848457026
1757062800,2025-09-05 09:00:00,9.57e-06,9.65e-06,9.64e-06,9.64e-06,11391459217
1757066400,2025-09-05 10:00:00,9.64e-06,9.69e-06,9.64e-06,9.64e-06,11407090396
1757070000,2025-09-05 11:00:00,9.63e-06,9.69e-06,9.64e-06,9.66e-06,14295195598
1757073600,2025-09-05 12:00:00,9.66e-06,9.84e-06,9.67e-06,9.83e-06,154051196472
1757077200,2025-09-05 13:00:00,9.8e-06,9.89e-06,9.83e-06,9.85e-06,93365960204
1757080800,2025-09-05 14:00:00,9.5e-06,9.86e-06,9.84e-06,9.56e-06,268501274731
1757084400,2025-09-05 15:00:00,9.54e-06,9.67e-06,9.55e-06,9.6e-06,59009835058
1757088000,2025-09-05 16:00:00,9.59e-06,9.71e-06,9.6e-06,9.7e-06,42909619961
1757091600,2025-09-05 17:00:00,9.6e-06,9.71e-06,9.71e-06,9.63e-06,28017064044
1757095200,2025-09-05 18:00:00,9.59e-06,9.71e-06,9.62e-06,9.69e-06,25935760288
1757098800,2025-09-05 19:00:00,9.66e-06,9.72e-06,9.69e-06,9.72e-06,28473484388
1757102400,2025-09-05 20:00:00,9.7e-06,9.79e-06,9.71e-06,9.79e-06,34105244460
1757106000,2025-09-05 21:00:00,9.66e-06,9.8e-06,9.79e-06,9.73e-06,105728502234
1757109600,2025-09-05 22:00:00,9.72e-06,9.83e-06,9.74e-06,9.8e-06,39952229202
1757113200,2025-09-05 23:00:00,9.74e-06,9.81e-06,9.8e-06,9.75e-06,9897600802
1757116800,2025-09-06 00:00:00,9.75e-06,9.81e-06,9.75e-06,9.78e-06,7934916977
1757120400,2025-09-06 01:00:00,9.74e-06,9.8e-06,9.79e-06,9.74e-06,11428535315
1757124000,2025-09-06 02:00:00,9.7e-06,9.76e-06,9.75e-06,9.75e-06,9979856279
1757127600,2025-09-06 03:00:00,9.73e-06,9.8e-06,9.75e-06,9.76e-06,15902487862
1757131200,2025-09-06 04:00:00,9.7e-06,9.76e-06,9.75e-06,9.71e-06,20279264490
1757134800,2025-09-06 05:00:00,9.64e-06,9.71e-06,9.71e-06,9.65e-06,15135108428
1757138400,2025-09-06 06:00:00,9.65e-06,9.69e-06,9.65e-06,9.67e-06,7412242507
1757142000,2025-09-06 07:00:00,9.64e-06,9.68e-06,9.67e-06,9.68e-06,3419884647
1757145600,2025-09-06 08:00:00,9.65e-06,9.7e-06,9.67e-06,9.66e-06,9514967990
1757149200,2025-09-06 09:00:00,9.59e-06,9.65e-06,9.65e-06,9.6e-06,13918988832
1757152800,2025-09-06 10:00:00,9.57e-06,9.63e-06,9.61e-06,9.63e-06,7799970427
1757156400,2025-09-06 11:00:00,9.59e-06,9.63e-06,9.62e-06,9.62e-06,15012400202
1757160000,2025-09-06 12:00:00,9.61e-06,9.68e-06,9.62e-06,9.64e-06,14628187850
1757163600,2025-09-06 13:00:00,9.6e-06,9.66e-06,9.63e-06,9.64e-06,16497471611
1757167200,2025-09-06 14:00:00,9.63e-06,9.69e-06,9.63e-06,9.66e-06,8834548665
1757170800,2025-09-06 15:00:00,9.59e-06,9.67e-06,9.66e-06,9.6e-06,15150678276
1757174400,2025-09-06 16:00:00,9.57e-06,9.66e-06,9.59e-06,9.65e-06,43891733924
1757178000,2025-09-06 17:00:00,9.59e-06,9.67e-06,9.65e-06,9.62e-06,16442446761
1757181600,2025-09-06 18:00:00,9.59e-06,9.64e-06,9.61e-06,9.64e-06,9599935010
1757185200,2025-09-06 19:00:00,9.54e-06,9.64e-06,9.64e-06,9.56e-06,8730804826
1757188800,2025-09-06 20:00:00,9.55e-06,9.64e-06,9.56e-06,9.64e-06,8616655009
1757192400,2025-09-06 21:00:00,9.62e-06,9.66e-06,9.64e-06,9.66e-06,26628175908
1757196000,2025-09-06 22:00:00,9.63e-06,9.68e-06,9.67e-06,9.63e-06,15494664885
1757199600,2025-09-06 23:00:00,9.62e-06,9.67e-06,9.64e-06,9.64e-06,13173898247
1757203200,2025-09-07 00:00:00,9.63e-06,9.68e-06,9.64e-06,9.68e-06,22540401359
1757206800,2025-09-07 01:00:00,9.66e-06,9.76e-06,9.67e-06,9.75e-06,23137886819
1757210400,2025-09-07 02:00:00,9.71e-06,9.76e-06,9.75e-06,9.75e-06,11187331171
1757214000,2025-09-07 03:00:00,9.7e-06,9.75e-06,9.74e-06,9.71e-06,14461638731
1757217600,2025-09-07 04:00:00,9.7e-06,9.76e-06,9.72e-06,9.75e-06,14355825146
1757221200,2025-09-07 05:00:00,9.74e-06,9.82e-06,9.76e-06,9.82e-06,22655936317
1757224800,2025-09-07 06:00:00,9.73e-06,9.82e-06,9.82e-06,9.78e-06,12678484421
1757228400,2025-09-07 07:00:00,9.73e-06,9.78e-06,9.77e-06,9.75e-06,9979539429
1757232000,2025-09-07 08:00:00,9.74e-06,9.82e-06,9.75e-06,9.76e-06,21291741039
1757235600,2025-09-07 09:00:00,9.73e-06,9.79e-06,9.76e-06,9.78e-06,7835565869
1757239200,2025-09-07 10:00:00,9.77e-06,9.83e-06,9.79e-06,9.83e-06,9305178235
1757242800,2025-09-07 11:00:00,9.8e-06,9.88e-06,9.84e-06,9.88e-06,22660364148
1757246400,2025-09-07 12:00:00,9.83e-06,9.89e-06,9.89e-06,9.85e-06,16024376246
1757250000,2025-09-07 13:00:00,9.83e-06,9.9e-06,9.85e-06,9.87e-06,28628356196
1757253600,2025-09-07 14:00:00,9.86e-06,9.94e-06,9.87e-06,9.9e-06,50765893563
1757257200,2025-09-07 15:00:00,9.87e-06,9.95e-06,9.89e-06,9.91e-06,21560835962
1757260800,2025-09-07 16:00:00,9.85e-06,9.93e-06,9.91e-06,9.87e-06,17374012426
1757264400,2025-09-07 17:00:00,9.81e-06,9.9e-06,9.87e-06,9.81e-06,22560408261
1757268000,2025-09-07 18:00:00,9.76e-06,9.83e-06,9.8e-06,9.8e-06,23610643472
1757271600,2025-09-07 19:00:00,9.78e-06,9.85e-06,9.81e-06,9.82e-06,17493004129
1757275200,2025-09-07 20:00:00,9.78e-06,9.85e-06,9.82e-06,9.84e-06,10735615648
1757278800,2025-09-07 21:00:00,9.81e-06,9.85e-06,9.84e-06,9.82e-06,22298905768
1757282400,2025-09-07 22:00:00,9.81e-06,9.92e-06,9.81e-06,9.91e-06,71952896334
1757286000,2025-09-07 23:00:00,9.87e-06,9.95e-06,9.91e-06,9.88e-06,27817170040
1757289600,2025-09-08 00:00:00,9.82e-06,9.92e-06,9.89e-06,9.84e-06,25478051583
1757293200,2025-09-08 01:00:00,9.83e-06,9.87e-06,9.84e-06,9.85e-06,17691281968
1757296800,2025-09-08 02:00:00,9.82e-06,9.99e-06,9.85e-06,9.98e-06,40809327644
1757300400,2025-09-08 03:00:00,9.97e-06,1.009e-05,9.99e-06,1e-05,54157490796
1757304000,2025-09-08 04:00:00,9.91e-06,1.002e-05,1e-05,9.98e-06,69993664423
1757307600,2025-09-08 05:00:00,9.97e-06,1.008e-05,9.98e-06,1.004e-05,36015203593
1757311200,2025-09-08 06:00:00,9.98e-06,1.006e-05,1.005e-05,1e-05,32186763997
1757314800,2025-09-08 07:00:00,9.99e-06,1.007e-05,1e-05,1.003e-05,33614712548
1757318400,2025-09-08 08:00:00,1.003e-05,1.019e-05,1.003e-05,1.012e-05,171457004520
1757322000,2025-09-08 09:00:00,1.011e-05,1.022e-05,1.011e-05,1.017e-05,29818141098
1757325600,2025-09-08 10:00:00,1.014e-05,1.022e-05,1.016e-05,1.015e-05,25984268426
1757329200,2025-09-08 11:00:00,1.006e-05,1.015e-05,1.015e-05,1.013e-05,17261354934
1757332800,2025-09-08 12:00:00,1.005e-05,1.015e-05,1.013e-05,1.014e-05,42804736607
1757336400,2025-09-08 13:00:00,1.012e-05,1.034e-05,1.014e-05,1.013e-05,179653141423
1757340000,2025-09-08 14:00:00,1.012e-05,1.025e-05,1.013e-05,1.024e-05,36064267528
1757343600,2025-09-08 15:00:00,1.023e-05,1.036e-05,1.024e-05,1.031e-05,96789944765
1757347200,2025-09-08 16:00:00,1.026e-05,1.036e-05,1.032e-05,1.03e-05,60464631321
1757350800,2025-09-08 17:00:00,1.022e-05,1.035e-05,1.03e-05,1.024e-05,33088726412
1757354400,2025-09-08 18:00:00,1.022e-05,1.032e-05,1.024e-05,1.029e-05,16427509731
1757358000,2025-09-08 19:00:00,1.016e-05,1.03e-05,1.03e-05,1.02e-05,34223242610
1757361600,2025-09-08 20:00:00,1.012e-05,1.022e-05,1.02e-05,1.017e-05,49108100956
1757365200,2025-09-08 21:00:00,1.015e-05,1.03e-05,1.017e-05,1.029e-05,18756934022
1757368800,2025-09-08 22:00:00,1.028e-05,1.035e-05,1.029e-05,1.03e-05,96010126822
1757372400,2025-09-08 23:00:00,1.027e-05,1.034e-05,1.029e-05,1.031e-05,42151792200
1757376000,2025-09-09 00:00:00,1.021e-05,1.043e-05,1.031e-05,1.031e-05,150275149101
1757379600,2025-09-09 01:00:00,1.021e-05,1.034e-05,1.031e-05,1.024e-05,71206196857
1757383200,2025-09-09 02:00:00,1.016e-05,1.027e-05,1.024e-05,1.02e-05,89175818627
1757386800,2025-09-09 03:00:00,1.018e-05,1.035e-05,1.02e-05,1.034e-05,59317660026
1757390400,2025-09-09 04:00:00,1.027e-05,1.034e-05,1.033e-05,1.033e-05,39081475881
1757394000,2025-09-09 05:00:00,1.028e-05,1.035e-05,1.032e-05,1.035e-05,23030280468
1757397600,2025-09-09 06:00:00,1.034e-05,1.065e-05,1.035e-05,1.06e-05,167502292119
1757401200,2025-09-09 07:00:00,1.053e-05,1.065e-05,1.061e-05,1.06e-05,62359687873
1757404800,2025-09-09 08:00:00,1.057e-05,1.081e-05,1.06e-05,1.08e-05,109312383233
1757408400,2025-09-09 09:00:00,1.069e-05,1.084e-05,1.08e-05,1.073e-05,43004168882
1757412000,2025-09-09 10:00:00,1.065e-05,1.076e-05,1.074e-05,1.066e-05,46660346504
1757415600,2025-09-09 11:00:00,1.065e-05,1.073e-05,1.067e-05,1.066e-05,33622917810
1757419200,2025-09-09 12:00:00,1.063e-05,1.082e-05,1.067e-05,1.07e-05,126339642581
1757422800,2025-09-09 13:00:00,1.066e-05,1.079e-05,1.07e-05,1.072e-05,83291160157
1757426400,2025-09-09 14:00:00,1.033e-05,1.076e-05,1.072e-05,1.038e-05,270371472349
1757430000,2025-09-09 15:00:00,1.013e-05,1.038e-05,1.037e-05,1.02e-05,226101739814
1757433600,2025-09-09 16:00:00,1.016e-05,1.025e-05,1.02e-05,1.021e-05,39379560126
1757437200,2025-09-09 17:00:00,1.019e-05,1.03e-05,1.022e-05,1.022e-05,38258829115
1757440800,2025-09-09 18:00:00,1.017e-05,1.026e-05,1.022e-05,1.023e-05,32414705262
1757444400,2025-09-09 19:00:00,1.02e-05,1.03e-05,1.022e-05,1.025e-05,29712977407
1757448000,2025-09-09 20:00:00,1.022e-05,1.031e-05,1.025e-05,1.029e-05,41509516347
1757451600,2025-09-09 21:00:00,1.025e-05,1.035e-05,1.03e-05,1.027e-05,53221114066
1757455200,2025-09-09 22:00:00,1.023e-05,1.033e-05,1.027e-05,1.033e-05,11072151342
1757458800,2025-09-09 23:00:00,1.027e-05,1.035e-05,1.033e-05,1.031e-05,40221255627
1757462400,2025-09-10 00:00:00,1.023e-05,1.034e-05,1.032e-05,1.024e-05,32489595121
1757466000,2025-09-10 01:00:00,1.022e-05,1.036e-05,1.025e-05,1.032e-05,40268255636
1757469600,2025-09-10 02:00:00,1.033e-05,1.052e-05,1.033e-05,1.045e-05,95198497932
1757473200,2025-09-10 03:00:00,1.04e-05,1.052e-05,1.044e-05,1.051e-05,27854291660
1757476800,2025-09-10 04:00:00,1.042e-05,1.054e-05,1.051e-05,1.047e-05,32869628690
1757480400,2025-09-10 05:00:00,1.037e-05,1.047e-05,1.046e-05,1.041e-05,17636807813
1757484000,2025-09-10 06:00:00,1.034e-05,1.045e-05,1.042e-05,1.04e-05,23476745637
1757487600,2025-09-10 07:00:00,1.038e-05,1.052e-05,1.04e-05,1.047e-05,29582033609
1757491200,2025-09-10 08:00:00,1.043e-05,1.051e-05,1.046e-05,1.044e-05,18058270356
1757494800,2025-09-10 09:00:00,1.038e-05,1.045e-05,1.044e-05,1.042e-05,16207102710
1757498400,2025-09-10 10:00:00,1.033e-05,1.042e-05,1.04e-05,1.035e-05,23529859088
1757502000,2025-09-10 11:00:00,1.035e-05,1.04e-05,1.036e-05,1.039e-05,7147202897
1757505600,2025-09-10 12:00:00,1.038e-05,1.06e-05,1.039e-05,1.051e-05,125518047847
1757509200,2025-09-10 13:00:00,1.049e-05,1.068e-05,1.052e-05,1.06e-05,98492392468
1757512800,2025-09-10 14:00:00,1.052e-05,1.063e-05,1.061e-05,1.053e-05,35259988391
1757516400,2025-09-10 15:00:00,1.052e-05,1.06e-05,1.054e-05,1.055e-05,20417271457
1757520000,2025-09-10 16:00:00,1.045e-05,1.058e-05,1.056e-05,1.058e-05,49175262245
1757523600,2025-09-10 17:00:00,1.046e-05,1.061e-05,1.059e-05,1.054e-05,34013701425
1757527200,2025-09-10 18:00:00,1.046e-05,1.057e-05,1.055e-05,1.052e-05,31349933439
1757530800,2025-09-10 19:00:00,1.031e-05,1.053e-05,1.053e-05,1.038e-05,38354449000
1757534400,2025-09-10 20:00:00,1.037e-05,1.047e-05,1.038e-05,1.044e-05,26895218429
1757538000,2025-09-10 21:00:00,1.044e-05,1.054e-05,1.044e-05,1.051e-05,10208291514
1757541600,2025-09-10 22:00:00,1.049e-05,1.054e-05,1.051e-05,1.051e-05,13729394680
1757545200,2025-09-10 23:00:00,1.05e-05,1.054e-05,1.052e-05,1.052e-05,25003679499
1757548800,2025-09-11 00:00:00,1.048e-05,1.054e-05,1.052e-05,1.052e-05,9247129269
1757552400,2025-09-11 01:00:00,1.05e-05,1.059e-05,1.052e-05,1.055e-05,24731153177
1757556000,2025-09-11 02:00:00,1.052e-05,1.058e-05,1.055e-05,1.053e-05,16502391694
1757559600,2025-09-11 03:00:00,1.052e-05,1.065e-05,1.053e-05,1.064e-05,51864265817
1757563200,2025-09-11 04:00:00,1.057e-05,1.064e-05,1.064e-05,1.061e-05,46990301362
1757566800,2025-09-11 05:00:00,1.054e-05,1.063e-05,1.061e-05,1.061e-05,42770908493
1757570400,2025-09-11 06:00:00,1.056e-05,1.064e-05,1.06e-05,1.061e-05,22018407630
1757574000,2025-09-11 07:00:00,1.058e-05,1.065e-05,1.061e-05,1.063e-05,34977641751
1757577600,2025-09-11 08:00:00,1.06e-05,1.064e-05,1.063e-05,1.06e-05,31273104258
1757581200,2025-09-11 09:00:00,1.056e-05,1.062e-05,1.059e-05,1.058e-05,12664021062
1757584800,2025-09-11 10:00:00,1.056e-05,1.06e-05,1.058e-05,1.059e-05,18565092731
1757588400,2025-09-11 11:00:00,1.053e-05,1.062e-05,1.06e-05,1.055e-05,37083738365
1757592000,2025-09-11 12:00:00,1.037e-05,1.069e-05,1.055e-05,1.05e-05,192775915982
1757595600,2025-09-11 13:00:00,1.036e-05,1.054e-05,1.05e-05,1.052e-05,76266960379
1757599200,2025-09-11 14:00:00,1.038e-05,1.055e-05,1.054e-05,1.049e-05,92047772489
1757602800,2025-09-11 15:00:00,1.04e-05,1.049e-05,1.048e-05,1.041e-05,28554666996
1757606400,2025-09-11 16:00:00,1.04e-05,1.05e-05,1.041e-05,1.044e-05,24435747539
1757610000,2025-09-11 17:00:00,1.043e-05,1.052e-05,1.044e-05,1.051e-05,22465074652
1757613600,2025-09-11 18:00:00,1.046e-05,1.052e-05,1.051e-05,1.048e-05,26124560101
1757617200,2025-09-11 19:00:00,1.048e-05,1.06e-05,1.048e-05,1.058e-05,47164600204
1757620800,2025-09-11 20:00:00,1.053e-05,1.059e-05,1.058e-05,1.056e-05,22168623667
1757624400,2025-09-11 21:00:00,1.054e-05,1.062e-05,1.055e-05,1.06e-05,28093043816
1757628000,2025-09-11 22:00:00,1.056e-05,1.066e-05,1.059e-05,1.064e-05,92137310006
1757631600,2025-09-11 23:00:00,1.063e-05,1.07e-05,1.064e-05,1.07e-05,49479342587
1757635200,2025-09-12 00:00:00,1.064e-05,1.08e-05,1.069e-05,1.072e-05,140286222712
1757638800,2025-09-12 01:00:00,1.064e-05,1.079e-05,1.072e-05,1.065e-05,90196539666
1757642400,2025-09-12 02:00:00,1.063e-05,1.075e-05,1.065e-05,1.067e-05,43663840538
1757646000,2025-09-12 03:00:00,1.058e-05,1.067e-05,1.067e-05,1.064e-05,79749070255
1757649600,2025-09-12 04:00:00,1.059e-05,1.066e-05,1.064e-05,1.063e-05,29341797480
1757653200,2025-09-12 05:00:00,1.062e-05,1.073e-05,1.063e-05,1.072e-05,40852326460
1757656800,2025-09-12 06:00:00,1.065e-05,1.073e-05,1.072e-05,1.067e-05,40052628907
1757660400,2025-09-12 07:00:00,1.062e-05,1.072e-05,1.066e-05,1.067e-05,35198591510
1757664000,2025-09-12 08:00:00,1.057e-05,1.067e-05,1.066e-05,1.06e-05,22307335539
1757667600,2025-09-12 09:00:00,1.053e-05,1.061e-05,1.06e-05,1.056e-05,22151103779
1757671200,2025-09-12 10:00:00,1.047e-05,1.056e-05,1.055e-05,1.055e-05,33737045671
1757674800,2025-09-12 11:00:00,1.046e-05,1.057e-05,1.054e-05,1.047e-05,19772811552
1757678400,2025-09-12 12:00:00,1.04e-05,1.053e-05,1.046e-05,1.051e-05,57437279884
1757682000,2025-09-12 13:00:00,1.044e-05,1.051e-05,1.05e-05,1.05e-05,31260645728
1757685600,2025-09-12 14:00:00,1.047e-05,1.059e-05,1.049e-05,1.058e-05,80045586193
1757689200,2025-09-12 15:00:00,1.047e-05,1.057e-05,1.057e-05,1.054e-05,36799385232
1757692800,2025-09-12 16:00:00,1.05e-05,1.076e-05,1.053e-05,1.076e-05,96112486571
1757696400,2025-09-12 17:00:00,1.072e-05,1.146e-05,1.076e-05,1.129e-05,458005475164
1757700000,2025-09-12 18:00:00,1.125e-05,1.147e-05,1.128e-05,1.146e-05,173133571753
1757703600,2025-09-12 19:00:00,1.138e-05,1.162e-05,1.147e-05,1.154e-05,205718288573
1757707200,2025-09-12 20:00:00,1.127e-05,1.155e-05,1.154e-05,1.137e-05,300515139144
1757710800,2025-09-12 21:00:00,1.122e-05,1.146e-05,1.136e-05,1.146e-05,95828099965
1757714400,2025-09-12 22:00:00,1.145e-05,1.167e-05,1.146e-05,1.163e-05,135288646990
1757718000,2025-09-12 23:00:00,1.152e-05,1.163e-05,1.162e-05,1.153e-05,108220683537
1757721600,2025-09-13 00:00:00,1.147e-05,1.192e-05,1.154e-05,1.19e-05,277889536392
1757725200,2025-09-13 01:00:00,1.187e-05,1.22e-05,1.19e-05,1.194e-05,308931135305
1757728800,2025-09-13 02:00:00,1.185e-05,1.201e-05,1.194e-05,1.194e-05,113240940342
1757732400,2025-09-13 03:00:00,1.19e-05,1.213e-05,1.193e-05,1.202e-05,66509157271
1757736000,2025-09-13 04:00:00,1.194e-05,1.209e-05,1.202e-05,1.203e-05,89731963307
1757739600,2025-09-13 05:00:00,1.195e-05,1.214e-05,1.202e-05,1.204e-05,81287632130
1757743200,2025-09-13 06:00:00,1.204e-05,1.233e-05,1.205e-05,1.219e-05,204742933475
1757746800,2025-09-13 07:00:00,1.211e-05,1.22e-05,1.219e-05,1.215e-05,38348021870
1757750400,2025-09-13 08:00:00,1.213e-05,1.238e-05,1.214e-05,1.238e-05,134058664516
1757754000,2025-09-13 09:00:00,1.225e-05,1.249e-05,1.238e-05,1.235e-05,170983244741
1757757600,2025-09-13 10:00:00,1.218e-05,1.244e-05,1.234e-05,1.223e-05,120301675097
1757761200,2025-09-13 11:00:00,1.214e-05,1.239e-05,1.222e-05,1.237e-05,120518316705
1757764800,2025-09-13 12:00:00,1.225e-05,1.241e-05,1.238e-05,1.24e-05,69088862163
1757768400,2025-09-13 13:00:00,1.193e-05,1.269e-05,1.24e-05,1.211e-05,433686101659
1757772000,2025-09-13 14:00:00,1.196e-05,1.223e-05,1.21e-05,1.213e-05,201542753938
1757775600,2025-09-13 15:00:00,1.204e-05,1.233e-05,1.212e-05,1.207e-05,123486131273
1757779200,2025-09-13 16:00:00,1.188e-05,1.219e-05,1.208e-05,1.194e-05,190689572004
1757782800,2025-09-13 17:00:00,1.169e-05,1.195e-05,1.195e-05,1.185e-05,149088222423
1757786400,2025-09-13 18:00:00,1.178e-05,1.189e-05,1.185e-05,1.189e-05,73103531357
1757790000,2025-09-13 19:00:00,1.182e-05,1.19e-05,1.189e-05,1.186e-05,52504188953
1757793600,2025-09-13 20:00:00,1.186e-05,1.201e-05,1.186e-05,1.199e-05,160213006138
1757797200,2025-09-13 21:00:00,1.193e-05,1.203e-05,1.198e-05,1.195e-05,70483709908
1757800800,2025-09-13 22:00:00,1.187e-05,1.198e-05,1.196e-05,1.191e-05,37140612655
1757804400,2025-09-13 23:00:00,1.19e-05,1.198e-05,1.19e-05,1.192e-05,43395488303
1757808000,2025-09-14 00:00:00,1.174e-05,1.198e-05,1.191e-05,1.182e-05,94088928097
1757811600,2025-09-14 01:00:00,1.165e-05,1.185e-05,1.181e-05,1.184e-05,131445244852
1757815200,2025-09-14 02:00:00,1.182e-05,1.197e-05,1.185e-05,1.186e-05,122988227835
1757818800,2025-09-14 03:00:00,1.169e-05,1.187e-05,1.186e-05,1.171e-05,113118837266
1757822400,2025-09-14 04:00:00,1.157e-05,1.172e-05,1.172e-05,1.166e-05,69337619618
1757826000,2025-09-14 05:00:00,1.164e-05,1.178e-05,1.166e-05,1.175e-05,31958579398
1757829600,2025-09-14 06:00:00,1.163e-05,1.176e-05,1.176e-05,1.17e-05,64058830151
1757833200,2025-09-14 07:00:00,1.161e-05,1.17e-05,1.169e-05,1.166e-05,32787141020
1757836800,2025-09-14 08:00:00,1.164e-05,1.176e-05,1.166e-05,1.171e-05,23445126530
1757840400,2025-09-14 09:00:00,1.166e-05,1.179e-05,1.17e-05,1.177e-05,25946918982
1757844000,2025-09-14 10:00:00,1.173e-05,1.178e-05,1.176e-05,1.176e-05,32049706975
1757847600,2025-09-14 11:00:00,1.144e-05,1.177e-05,1.176e-05,1.148e-05,58581853493
1757851200,2025-09-14 12:00:00,1.138e-05,1.157e-05,1.148e-05,1.149e-05,74746142768
1757854800,2025-09-14 13:00:00,1.13e-05,1.152e-05,1.148e-05,1.138e-05,58724988808
1757858400,2025-09-14 14:00:00,1.116e-05,1.147e-05,1.138e-05,1.126e-05,131421399304
1757862000,2025-09-14 15:00:00,1.114e-05,1.128e-05,1.126e-05,1.118e-05,75721347943
1757865600,2025-09-14 16:00:00,1.115e-05,1.137e-05,1.117e-05,1.135e-05,32886988648
1757869200,2025-09-14 17:00:00,1.133e-05,1.178e-05,1.134e-05,1.17e-05,208657633513
1757872800,2025-09-14 18:00:00,1.152e-05,1.171e-05,1.17e-05,1.154e-05,48876812348
1757876400,2025-09-14 19:00:00,1.149e-05,1.162e-05,1.153e-05,1.153e-05,57444392059
1757880000,2025-09-14 20:00:00,1.152e-05,1.161e-05,1.153e-05,1.158e-05,19821271485
1757883600,2025-09-14 21:00:00,1.148e-05,1.167e-05,1.158e-05,1.161e-05,43042324414
1757887200,2025-09-14 22:00:00,1.156e-05,1.169e-05,1.161e-05,1.163e-05,65323252237
1757890800,2025-09-14 23:00:00,1.148e-05,1.163e-05,1.163e-05,1.155e-05,64753268584
1757894400,2025-09-15 00:00:00,1.149e-05,1.163e-05,1.155e-05,1.158e-05,61480351693
1757898000,2025-09-15 01:00:00,1.143e-05,1.168e-05,1.158e-05,1.162e-05,93523168384
1757901600,2025-09-15 02:00:00,1.153e-05,1.166e-05,1.162e-05,1.155e-05,47412505804
1757905200,2025-09-15 03:00:00,1.153e-05,1.163e-05,1.155e-05,1.157e-05,40386931690
1757908800,2025-09-15 04:00:00,1.152e-05,1.164e-05,1.158e-05,1.154e-05,37567292105
1757912400,2025-09-15 05:00:00,1.151e-05,1.162e-05,1.153e-05,1.159e-05,37354718249
1757916000,2025-09-15 06:00:00,1.117e-05,1.159e-05,1.159e-05,1.124e-05,132397583378
1757919600,2025-09-15 07:00:00,1.095e-05,1.131e-05,1.123e-05,1.101e-05,142689335232
1757923200,2025-09-15 08:00:00,1.073e-05,1.102e-05,1.102e-05,1.075e-05,163188786909
1757926800,2025-09-15 09:00:00,1.073e-05,1.09e-05,1.075e-05,1.085e-05,50324007950
1757930400,2025-09-15 10:00:00,1.073e-05,1.086e-05,1.085e-05,1.082e-05,44059070992
1757934000,2025-09-15 11:00:00,1.078e-05,1.087e-05,1.082e-05,1.085e-05,48549387340
1757937600,2025-09-15 12:00:00,1.069e-05,1.087e-05,1.084e-05,1.073e-05,46865625463
1757941200,2025-09-15 13:00:00,1.069e-05,1.081e-05,1.073e-05,1.074e-05,44633309101
1757944800,2025-09-15 14:00:00,1.065e-05,1.079e-05,1.075e-05,1.069e-05,82967803384
1757948400,2025-09-15 15:00:00,1.058e-05,1.072e-05,1.069e-05,1.066e-05,69794448081
1757952000,2025-09-15 16:00:00,1.057e-05,1.068e-05,1.066e-05,1.059e-05,69313260058
1757955600,2025-09-15 17:00:00,1.058e-05,1.072e-05,1.06e-05,1.071e-05,49532635884
1757959200,2025-09-15 18:00:00,1.064e-05,1.071e-05,1.071e-05,1.069e-05,42051180702
1757962800,2025-09-15 19:00:00,1.064e-05,1.073e-05,1.068e-05,1.069e-05,49248020128
1757966400,2025-09-15 20:00:00,1.066e-05,1.076e-05,1.069e-05,1.075e-05,33332588285
1757970000,2025-09-15 21:00:00,1.071e-05,1.081e-05,1.075e-05,1.078e-05,29486676444
1757973600,2025-09-15 22:00:00,1.069e-05,1.079e-05,1.078e-05,1.074e-05,21202001386
1757977200,2025-09-15 23:00:00,1.072e-05,1.08e-05,1.072e-05,1.077e-05,23849524987
1757980800,2025-09-16 00:00:00,1.073e-05,1.08e-05,1.078e-05,1.079e-05,26668779018
1757984400,2025-09-16 01:00:00,1.075e-05,1.086e-05,1.078e-05,1.076e-05,43379235117
1757988000,2025-09-16 02:00:00,1.072e-05,1.082e-05,1.077e-05,1.074e-05,32587760232
1757991600,2025-09-16 03:00:00,1.073e-05,1.081e-05,1.074e-05,1.074e-05,20353448618
1757995200,2025-09-16 04:00:00,1.06e-05,1.075e-05,1.075e-05,1.072e-05,64574305129
1757998800,2025-09-16 05:00:00,1.071e-05,1.08e-05,1.072e-05,1.079e-05,16967022042
1758002400,2025-09-16 06:00:00,1.067e-05,1.082e-05,1.079e-05,1.075e-05,28287236058
1758006000,2025-09-16 07:00:00,1.074e-05,1.081e-05,1.075e-05,1.077e-05,19019672944
1758009600,2025-09-16 08:00:00,1.076e-05,1.086e-05,1.077e-05,1.083e-05,27683534300
1758013200,2025-09-16 09:00:00,1.077e-05,1.087e-05,1.082e-05,1.08e-05,31277683995
1758016800,2025-09-16 10:00:00,1.074e-05,1.081e-05,1.08e-05,1.077e-05,36305087613
1758020400,2025-09-16 11:00:00,1.075e-05,1.082e-05,1.077e-05,1.076e-05,36113040078
1758024000,2025-09-16 12:00:00,1.075e-05,1.084e-05,1.077e-05,1.082e-05,40889241404
1758027600,2025-09-16 13:00:00,1.066e-05,1.091e-05,1.082e-05,1.082e-05,156960159339
1758031200,2025-09-16 14:00:00,1.067e-05,1.086e-05,1.082e-05,1.082e-05,60042409746
1758034800,2025-09-16 15:00:00,1.076e-05,1.09e-05,1.081e-05,1.089e-05,71054198727
1758038400,2025-09-16 16:00:00,1.081e-05,1.09e-05,1.09e-05,1.086e-05,73865529431
1758042000,2025-09-16 17:00:00,1.084e-05,1.103e-05,1.086e-05,1.097e-05,118212640397
1758045600,2025-09-16 18:00:00,1.092e-05,1.103e-05,1.099e-05,1.097e-05,55563975349
1758049200,2025-09-16 19:00:00,1.091e-05,1.1e-05,1.097e-05,1.098e-05,63624076288
1758052800,2025-09-16 20:00:00,1.096e-05,1.101e-05,1.097e-05,1.097e-05,22071845256
1758056400,2025-09-16 21:00:00,1.093e-05,1.103e-05,1.097e-05,1.103e-05,21991452778
1758060000,2025-09-16 22:00:00,1.101e-05,1.109e-05,1.103e-05,1.104e-05,73419914651
1758063600,2025-09-16 23:00:00,1.1e-05,1.11e-05,1.104e-05,1.108e-05,36296418504
1758067200,2025-09-17 00:00:00,1.103e-05,1.115e-05,1.108e-05,1.111e-05,87387891623
1758070800,2025-09-17 01:00:00,1.106e-05,1.116e-05,1.111e-05,1.112e-05,45515442056
1758074400,2025-09-17 02:00:00,1.105e-05,1.118e-05,1.111e-05,1.113e-05,44029216638
1758078000,2025-09-17 03:00:00,1.103e-05,1.12e-05,1.113e-05,1.105e-05,53711836720
1758081600,2025-09-17 04:00:00,1.084e-05,1.108e-05,1.105e-05,1.089e-05,87069081754
1758085200,2025-09-17 05:00:00,1.086e-05,1.097e-05,1.089e-05,1.096e-05,46539544734
1758088800,2025-09-17 06:00:00,1.09e-05,1.099e-05,1.096e-05,1.098e-05,137457120902
1758092400,2025-09-17 07:00:00,1.089e-05,1.1e-05,1.098e-05,1.093e-05,45009923149
1758096000,2025-09-17 08:00:00,1.077e-05,1.094e-05,1.094e-05,1.083e-05,83735797840
1758099600,2025-09-17 09:00:00,1.077e-05,1.084e-05,1.082e-05,1.078e-05,33202839376
1758103200,2025-09-17 10:00:00,1.074e-05,1.082e-05,1.078e-05,1.08e-05,25242029453
1758106800,2025-09-17 11:00:00,1.08e-05,1.093e-05,1.08e-05,1.09e-05,21913926648
1758110400,2025-09-17 12:00:00,1.083e-05,1.095e-05,1.091e-05,1.091e-05,33692274233
1758114000,2025-09-17 13:00:00,1.086e-05,1.095e-05,1.091e-05,1.09e-05,40685216603
1758117600,2025-09-17 14:00:00,1.083e-05,1.094e-05,1.091e-05,1.087e-05,100251241359
1758121200,2025-09-17 15:00:00,1.083e-05,1.091e-05,1.088e-05,1.085e-05,34966249715
1758124800,2025-09-17 16:00:00,1.073e-05,1.091e-05,1.085e-05,1.088e-05,54872057755
1758128400,2025-09-17 17:00:00,1.079e-05,1.103e-05,1.089e-05,1.079e-05,101070490740
1758132000,2025-09-17 18:00:00,1.074e-05,1.103e-05,1.079e-05,1.085e-05,456139267156
1758135600,2025-09-17 19:00:00,1.086e-05,1.122e-05,1.086e-05,1.116e-05,211156115766
1758139200,2025-09-17 20:00:00,1.101e-05,1.128e-05,1.116e-05,1.103e-05,132153264940
1758142800,2025-09-17 21:00:00,1.094e-05,1.125e-05,1.104e-05,1.124e-05,105252681213
1758146400,2025-09-17 22:00:00,1.124e-05,1.147e-05,1.124e-05,1.144e-05,108554439350
1758150000,2025-09-17 23:00:00,1.132e-05,1.151e-05,1.144e-05,1.142e-05,255494826850
1758153600,2025-09-18 00:00:00,1.132e-05,1.153e-05,1.142e-05,1.135e-05,208248596075
1758157200,2025-09-18 01:00:00,1.133e-05,1.147e-05,1.135e-05,1.141e-05,58876622852
1758160800,2025-09-18 02:00:00,1.134e-05,1.147e-05,1.142e-05,1.147e-05,38738800360
1758164400,2025-09-18 03:00:00,1.145e-05,1.166e-05,1.146e-05,1.165e-05,132194102674
1758168000,2025-09-18 04:00:00,1.153e-05,1.166e-05,1.165e-05,1.157e-05,95493389401
1758171600,2025-09-18 05:00:00,1.142e-05,1.157e-05,1.157e-05,1.147e-05,49417434738
1758175200,2025-09-18 06:00:00,1.131e-05,1.15e-05,1.148e-05,1.139e-05,45025101740
1758178800,2025-09-18 07:00:00,1.132e-05,1.145e-05,1.139e-05,1.138e-05,81777151982
1758182400,2025-09-18 08:00:00,1.134e-05,1.147e-05,1.138e-05,1.145e-05,57578022197
1758186000,2025-09-18 09:00:00,1.137e-05,1.146e-05,1.146e-05,1.14e-05,21118602686
1758189600,2025-09-18 10:00:00,1.126e-05,1.141e-05,1.14e-05,1.129e-05,69982055335
1758193200,2025-09-18 11:00:00,1.125e-05,1.132e-05,1.129e-05,1.129e-05,41898039400
1758196800,2025-09-18 12:00:00,1.126e-05,1.14e-05,1.129e-05,1.133e-05,31265097104
1758200400,2025-09-18 13:00:00,1.122e-05,1.142e-05,1.134e-05,1.132e-05,84242583473
1758204000,2025-09-18 14:00:00,1.132e-05,1.145e-05,1.132e-05,1.144e-05,55980071014
1758207600,2025-09-18 15:00:00,1.14e-05,1.157e-05,1.145e-05,1.153e-05,64762924339
1758211200,2025-09-18 16:00:00,1.153e-05,1.165e-05,1.154e-05,1.155e-05,102917288828
1758214800,2025-09-18 17:00:00,1.15e-05,1.163e-05,1.156e-05,1.156e-05,85566304453
1758218400,2025-09-18 18:00:00,1.151e-05,1.161e-05,1.156e-05,1.157e-05,56378850679
1758222000,2025-09-18 19:00:00,1.133e-05,1.157e-05,1.157e-05,1.145e-05,98629292384
1758225600,2025-09-18 20:00:00,1.143e-05,1.152e-05,1.145e-05,1.147e-05,27997834588
1758229200,2025-09-18 21:00:00,1.14e-05,1.151e-05,1.147e-05,1.147e-05,27132203033
1758232800,2025-09-18 22:00:00,1.137e-05,1.149e-05,1.146e-05,1.138e-05,71922858575
1758236400,2025-09-18 23:00:00,1.13e-05,1.148e-05,1.138e-05,1.144e-05,83181175614
1758240000,2025-09-19 00:00:00,1.137e-05,1.15e-05,1.147e-05,1.142e-05,70196221708
1758243600,2025-09-19 01:00:00,1.13e-05,1.147e-05,1.143e-05,1.135e-05,52729542496
1758247200,2025-09-19 02:00:00,1.127e-05,1.138e-05,1.134e-05,1.127e-05,25278925073
1758250800,2025-09-19 03:00:00,1.112e-05,1.132e-05,1.128e-05,1.113e-05,88744331685
1758254400,2025-09-19 04:00:00,1.104e-05,1.118e-05,1.113e-05,1.117e-05,61135123052
1758258000,2025-09-19 05:00:00,1.107e-05,1.118e-05,1.116e-05,1.115e-05,21676916134
1758261600,2025-09-19 06:00:00,1.101e-05,1.115e-05,1.114e-05,1.101e-05,48263526199
1758265200,2025-09-19 07:00:00,1.098e-05,1.109e-05,1.101e-05,1.103e-05,31428225921
1758268800,2025-09-19 08:00:00,1.103e-05,1.11e-05,1.103e-05,1.106e-05,14144475504
1758272400,2025-09-19 09:00:00,1.094e-05,1.109e-05,1.105e-05,1.1e-05,30689981260
1758276000,2025-09-19 10:00:00,1.098e-05,1.106e-05,1.099e-05,1.106e-05,17682453613
1758279600,2025-09-19 11:00:00,1.089e-05,1.105e-05,1.105e-05,1.093e-05,38311606391
1758283200,2025-09-19 12:00:00,1.089e-05,1.098e-05,1.094e-05,1.092e-05,36130901410
1758286800,2025-09-19 13:00:00,1.09e-05,1.099e-05,1.093e-05,1.096e-05,33556581740
1758290400,2025-09-19 14:00:00,1.083e-05,1.098e-05,1.096e-05,1.087e-05,63325886829
1758294000,2025-09-19 15:00:00,1.073e-05,1.088e-05,1.087e-05,1.084e-05,110001654548
1758297600,2025-09-19 16:00:00,1.083e-05,1.092e-05,1.083e-05,1.089e-05,23545592636
1758301200,2025-09-19 17:00:00,1.078e-05,1.089e-05,1.089e-05,1.08e-05,32228817118
1758304800,2025-09-19 18:00:00,1.072e-05,1.083e-05,1.079e-05,1.08e-05,29950969303
1758308400,2025-09-19 19:00:00,1.078e-05,1.084e-05,1.08e-05,1.078e-05,13836825855
1758312000,2025-09-19 20:00:00,1.078e-05,1.085e-05,1.078e-05,1.082e-05,15465542859
1758315600,2025-09-19 21:00:00,1.08e-05,1.089e-05,1.082e-05,1.086e-05,12186244830
1758319200,2025-09-19 22:00:00,1.085e-05,1.09e-05,1.087e-05,1.086e-05,13253587723
1758322800,2025-09-19 23:00:00,1.067e-05,1.086e-05,1.086e-05,1.076e-05,67086057002
1758326400,2025-09-20 00:00:00,1.073e-05,1.082e-05,1.075e-05,1.082e-05,23423032420
1758330000,2025-09-20 01:00:00,1.075e-05,1.082e-05,1.082e-05,1.076e-05,68147476804
1758333600,2025-09-20 02:00:00,1.067e-05,1.077e-05,1.077e-05,1.076e-05,39448883732
1758337200,2025-09-20 03:00:00,1.072e-05,1.077e-05,1.076e-05,1.074e-05,41824183924
1758340800,2025-09-20 04:00:00,1.072e-05,1.08e-05,1.074e-05,1.077e-05,34490675998
1758344400,2025-09-20 05:00:00,1.076e-05,1.086e-05,1.077e-05,1.085e-05,33878878547
1758348000,2025-09-20 06:00:00,1.079e-05,1.085e-05,1.085e-05,1.08e-05,26576151477
1758351600,2025-09-20 07:00:00,1.075e-05,1.082e-05,1.08e-05,1.08e-05,14096960633
1758355200,2025-09-20 08:00:00,1.069e-05,1.08e-05,1.079e-05,1.069e-05,12505251304
1758358800,2025-09-20 09:00:00,1.057e-05,1.072e-05,1.07e-05,1.063e-05,50670651312
1758362400,2025-09-20 10:00:00,1.059e-05,1.066e-05,1.064e-05,1.06e-05,29745708348
1758366000,2025-09-20 11:00:00,1.054e-05,1.065e-05,1.06e-05,1.064e-05,38019791972
1758369600,2025-09-20 12:00:00,1.061e-05,1.065e-05,1.064e-05,1.064e-05,20370167147
1758373200,2025-09-20 13:00:00,1.062e-05,1.068e-05,1.064e-05,1.065e-05,27679978224
1758376800,2025-09-20 14:00:00,1.062e-05,1.077e-05,1.064e-05,1.075e-05,45557191997
1758380400,2025-09-20 15:00:00,1.075e-05,1.084e-05,1.075e-05,1.08e-05,77907321794
1758384000,2025-09-20 16:00:00,1.074e-05,1.084e-05,1.08e-05,1.08e-05,17612027576
1758387600,2025-09-20 17:00:00,1.071e-05,1.08e-05,1.08e-05,1.072e-05,27582692603
1758391200,2025-09-20 18:00:00,1.062e-05,1.071e-05,1.071e-05,1.065e-05,30350410547
1758394800,2025-09-20 19:00:00,1.063e-05,1.07e-05,1.065e-05,1.066e-05,19566235807
1758398400,2025-09-20 20:00:00,1.065e-05,1.072e-05,1.066e-05,1.071e-05,17221256764
1758402000,2025-09-20 21:00:00,1.07e-05,1.076e-05,1.071e-05,1.073e-05,15718684688
1758405600,2025-09-20 22:00:00,1.071e-05,1.076e-05,1.073e-05,1.074e-05,14491691667
1758409200,2025-09-20 23:00:00,1.068e-05,1.074e-05,1.074e-05,1.072e-05,12472961011
1758412800,2025-09-21 00:00:00,1.069e-05,1.078e-05,1.072e-05,1.076e-05,22658987549
1758416400,2025-09-21 01:00:00,1.067e-05,1.077e-05,1.075e-05,1.068e-05,28571749935
1758420000,2025-09-21 02:00:00,1.066e-05,1.074e-05,1.068e-05,1.073e-05,29948881329
1758423600,2025-09-21 03:00:00,1.071e-05,1.074e-05,1.073e-05,1.073e-05,16916383743
1758427200,2025-09-21 04:00:00,1.069e-05,1.074e-05,1.073e-05,1.073e-05,15505725143
1758430800,2025-09-21 05:00:00,1.069e-05,1.075e-05,1.072e-05,1.075e-05,17281669000
1758434400,2025-09-21 06:00:00,1.073e-05,1.079e-05,1.075e-05,1.073e-05,50608048934
1758438000,2025-09-21 07:00:00,1.07e-05,1.076e-05,1.073e-05,1.071e-05,11535544276
1758441600,2025-09-21 08:00:00,1.063e-05,1.073e-05,1.071e-05,1.067e-05,55914538424
1758445200,2025-09-21 09:00:00,1.044e-05,1.068e-05,1.066e-05,1.056e-05,91233336365
1758448800,2025-09-21 10:00:00,1.052e-05,1.058e-05,1.056e-05,1.052e-05,23592973829
1758452400,2025-09-21 11:00:00,1.052e-05,1.06e-05,1.052e-05,1.056e-05,27708851912
1758456000,2025-09-21 12:00:00,1.057e-05,1.065e-05,1.057e-05,1.06e-05,58728748697
1758459600,2025-09-21 13:00:00,1.06e-05,1.065e-05,1.06e-05,1.063e-05,24968909637
1758463200,2025-09-21 14:00:00,1.057e-05,1.065e-05,1.063e-05,1.057e-05,26512814932
1758466800,2025-09-21 15:00:00,1.053e-05,1.061e-05,1.057e-05,1.055e-05,42111994593
1758470400,2025-09-21 16:00:00,1.045e-05,1.058e-05,1.056e-05,1.049e-05,45808002321
1758474000,2025-09-21 17:00:00,1.045e-05,1.058e-05,1.049e-05,1.058e-05,23668152613
1758477600,2025-09-21 18:00:00,1.053e-05,1.06e-05,1.058e-05,1.058e-05,22515830355
1758481200,2025-09-21 19:00:00,1.05e-05,1.059e-05,1.059e-05,1.054e-05,18893496116
1758484800,2025-09-21 20:00:00,1.049e-05,1.056e-05,1.054e-05,1.05e-05,12427162563
1758488400,2025-09-21 21:00:00,1.046e-05,1.052e-05,1.05e-05,1.047e-05,18589023902
1758492000,2025-09-21 22:00:00,1.04e-05,1.052e-05,1.047e-05,1.05e-05,143136835206
1758495600,2025-09-21 23:00:00,1.041e-05,1.05e-05,1.05e-05,1.041e-05,27075349287
1758499200,2025-09-22 00:00:00,1.008e-05,1.048e-05,1.041e-05,1.015e-05,400437001209
1758502800,2025-09-22 01:00:00,1.009e-05,1.024e-05,1.015e-05,1.015e-05,126627013801
1758506400,2025-09-22 02:00:00,9.96e-06,1.018e-05,1.016e-05,1.004e-05,127879326116
1758510000,2025-09-22 03:00:00,1.003e-05,1.011e-05,1.004e-05,1.01e-05,36967375738
1758513600,2025-09-22 04:00:00,1.006e-05,1.014e-05,1.009e-05,1.009e-05,30896426523
1758517200,2025-09-22 05:00:00,9.9e-06,1.01e-05,1.009e-05,9.9e-06,58685517853
1758520800,2025-09-22 06:00:00,9.38e-06,9.9e-06,9.9e-06,9.74e-06,283739691408
1758524400,2025-09-22 07:00:00,9.68e-06,9.78e-06,9.73e-06,9.68e-06,81712363151
1758528000,2025-09-22 08:00:00,9.61e-06,9.81e-06,9.67e-06,9.78e-06,76345805062
1758531600,2025-09-22 09:00:00,9.68e-06,9.78e-06,9.78e-06,9.71e-06,57778418226
1758535200,2025-09-22 10:00:00,9.68e-06,9.79e-06,9.71e-06,9.76e-06,37745437222
1758538800,2025-09-22 11:00:00,9.69e-06,9.78e-06,9.76e-06,9.72e-06,43371296448
1758542400,2025-09-22 12:00:00,9.68e-06,9.75e-06,9.72e-06,9.72e-06,38977217052
1758546000,2025-09-22 13:00:00,9.67e-06,9.79e-06,9.72e-06,9.76e-06,61294266115
1758549600,2025-09-22 14:00:00,9.63e-06,9.79e-06,9.76e-06,9.67e-06,96913322994
1758553200,2025-09-22 15:00:00,9.55e-06,9.69e-06,9.67e-06,9.61e-06,66869373254
1758556800,2025-09-22 16:00:00,9.56e-06,9.66e-06,9.6e-06,9.59e-06,42624427386
1758560400,2025-09-22 17:00:00,9.52e-06,9.64e-06,9.59e-06,9.59e-06,45412895930
1758564000,2025-09-22 18:00:00,9.57e-06,9.64e-06,9.6e-06,9.58e-06,29741049034
1758567600,2025-09-22 19:00:00,9.47e-06,9.58e-06,9.58e-06,9.5e-06,65648570776
1758571200,2025-09-22 20:00:00,9.49e-06,9.63e-06,9.5e-06,9.61e-06,49234120307
1758574800,2025-09-22 21:00:00,9.58e-06,9.68e-06,9.6e-06,9.67e-06,37068516424
1758578400,2025-09-22 22:00:00,9.6e-06,9.66e-06,9.66e-06,9.61e-06,42951387435
1758582000,2025-09-22 23:00:00,9.6e-06,9.69e-06,9.62e-06,9.66e-06,33172954726
1758585600,2025-09-23 00:00:00,9.61e-06,9.7e-06,9.67e-06,9.62e-06,43778341290
1758589200,2025-09-23 01:00:00,9.54e-06,9.64e-06,9.62e-06,9.55e-06,40570667489
1758592800,2025-09-23 02:00:00,9.47e-06,9.6e-06,9.54e-06,9.47e-06,40639656820
1758596400,2025-09-23 03:00:00,9.43e-06,9.67e-06,9.48e-06,9.61e-06,111152357636
1758600000,2025-09-23 04:00:00,9.52e-06,9.63e-06,9.62e-06,9.58e-06,43913918612
1758603600,2025-09-23 05:00:00,9.53e-06,9.64e-06,9.58e-06,9.59e-06,64051092322
1758607200,2025-09-23 06:00:00,9.57e-06,9.71e-06,9.59e-06,9.69e-06,81205276181
1758610800,2025-09-23 07:00:00,9.65e-06,9.74e-06,9.69e-06,9.67e-06,33315648745
1758614400,2025-09-23 08:00:00,9.64e-06,9.73e-06,9.68e-06,9.71e-06,49021798413
1758618000,2025-09-23 09:00:00,9.69e-06,9.77e-06,9.71e-06,9.73e-06,34997994510
1758621600,2025-09-23 10:00:00,9.71e-06,9.76e-06,9.73e-06,9.75e-06,20151418873
1758625200,2025-09-23 11:00:00,9.67e-06,9.74e-06,9.74e-06,9.72e-06,17478904832
1758628800,2025-09-23 12:00:00,9.68e-06,9.76e-06,9.72e-06,9.72e-06,71417668593
1758632400,2025-09-23 13:00:00,9.69e-06,9.76e-06,9.72e-06,9.72e-06,52347694845
1758636000,2025-09-23 14:00:00,9.65e-06,9.81e-06,9.72e-06,9.69e-06,66699502012
1758639600,2025-09-23 15:00:00,9.64e-06,9.77e-06,9.68e-06,9.7e-06,62213795580
1758643200,2025-09-23 16:00:00,9.66e-06,9.84e-06,9.71e-06,9.8e-06,57099251764
1758646800,2025-09-23 17:00:00,9.61e-06,9.8e-06,9.8e-06,9.62e-06,43791267027
1758650400,2025-09-23 18:00:00,9.56e-06,9.66e-06,9.62e-06,9.57e-06,65738526067
1758654000,2025-09-23 19:00:00,9.56e-06,9.68e-06,9.58e-06,9.59e-06,67000003676
1758657600,2025-09-23 20:00:00,9.55e-06,9.65e-06,9.59e-06,9.65e-06,20139276317
1758661200,2025-09-23 21:00:00,9.6e-06,9.69e-06,9.65e-06,9.65e-06,24421332719
1758664800,2025-09-23 22:00:00,9.6e-06,9.68e-06,9.65e-06,9.61e-06,27478655067
1758668400,2025-09-23 23:00:00,9.54e-06,9.63e-06,9.6e-06,9.57e-06,31232803694
1758672000,2025-09-24 00:00:00,9.58e-06,9.7e-06,9.58e-06,9.63e-06,32833712150
1758675600,2025-09-24 01:00:00,9.59e-06,9.7e-06,9.63e-06,9.67e-06,26115837581
1758679200,2025-09-24 02:00:00,9.51e-06,9.69e-06,9.67e-06,9.57e-06,62747193624
1758682800,2025-09-24 03:00:00,9.4e-06,9.59e-06,9.57e-06,9.46e-06,86426367202
1758686400,2025-09-24 04:00:00,9.33e-06,9.64e-06,9.45e-06,9.56e-06,141675950282
1758690000,2025-09-24 05:00:00,9.55e-06,9.68e-06,9.55e-06,9.65e-06,68929091553
1758693600,2025-09-24 06:00:00,9.61e-06,9.67e-06,9.65e-06,9.65e-06,16647834375
1758697200,2025-09-24 07:00:00,9.61e-06,9.67e-06,9.66e-06,9.66e-06,25172695869
1758700800,2025-09-24 08:00:00,9.63e-06,9.69e-06,9.66e-06,9.66e-06,17948238218
1758704400,2025-09-24 09:00:00,9.64e-06,9.73e-06,9.66e-06,9.71e-06,52803911662
1758708000,2025-09-24 10:00:00,9.69e-06,9.74e-06,9.7e-06,9.74e-06,21469491803
1758711600,2025-09-24 11:00:00,9.7e-06,9.77e-06,9.74e-06,9.7e-06,43653060794
1758715200,2025-09-24 12:00:00,9.68e-06,9.74e-06,9.7e-06,9.73e-06,19493388682
1758718800,2025-09-24 13:00:00,9.65e-06,9.76e-06,9.72e-06,9.65e-06,52880617596
1758722400,2025-09-24 14:00:00,9.66e-06,9.86e-06,9.66e-06,9.8e-06,42349372575
1758726000,2025-09-24 15:00:00,9.69e-06,9.81e-06,9.8e-06,9.7e-06,48467760918
1758729600,2025-09-24 16:00:00,9.67e-06,9.73e-06,9.7e-06,9.7e-06,31969643249
1758733200,2025-09-24 17:00:00,9.67e-06,9.75e-06,9.69e-06,9.71e-06,31435471477
1758736800,2025-09-24 18:00:00,9.66e-06,9.72e-06,9.71e-06,9.67e-06,22059642949
1758740400,2025-09-24 19:00:00,9.61e-06,9.69e-06,9.67e-06,9.67e-06,23023936325
1758744000,2025-09-24 20:00:00,9.62e-06,9.69e-06,9.67e-06,9.67e-06,19670443559
1758747600,2025-09-24 21:00:00,9.58e-06,9.69e-06,9.67e-06,9.61e-06,29179559929
1758751200,2025-09-24 22:00:00,9.59e-06,9.65e-06,9.61e-06,9.61e-06,21211938571
1758754800,2025-09-24 23:00:00,9.59e-06,9.66e-06,9.61e-06,9.64e-06,50402915679
1758758400,2025-09-25 00:00:00,9.58e-06,9.67e-06,9.64e-06,9.59e-06,55192309245
1758762000,2025-09-25 01:00:00,9.5e-06,9.62e-06,9.59e-06,9.54e-06,101097283555
1758765600,2025-09-25 02:00:00,9.49e-06,9.66e-06,9.54e-06,9.62e-06,55271131419
1758769200,2025-09-25 03:00:00,9.44e-06,9.62e-06,9.62e-06,9.55e-06,49995220369
1758772800,2025-09-25 04:00:00,9.37e-06,9.58e-06,9.54e-06,9.43e-06,99991739602
1758776400,2025-09-25 05:00:00,9.39e-06,9.6e-06,9.43e-06,9.51e-06,46144089076
1758780000,2025-09-25 06:00:00,9.4e-06,9.52e-06,9.52e-06,9.41e-06,50814783753
1758783600,2025-09-25 07:00:00,9.4e-06,9.5e-06,9.41e-06,9.43e-06,64394059418
1758787200,2025-09-25 08:00:00,9.39e-06,9.5e-06,9.43e-06,9.42e-06,52065930526
1758790800,2025-09-25 09:00:00,9.35e-06,9.5e-06,9.41e-06,9.36e-06,57590126072
1758794400,2025-09-25 10:00:00,9.35e-06,9.47e-06,9.37e-06,9.38e-06,26388260524
1758798000,2025-09-25 11:00:00,9.32e-06,9.41e-06,9.37e-06,9.37e-06,114049289427
1758801600,2025-09-25 12:00:00,9.18e-06,9.47e-06,9.37e-06,9.39e-06,165300603608
1758805200,2025-09-25 13:00:00,9.31e-06,9.51e-06,9.39e-06,9.43e-06,107462125464
1758808800,2025-09-25 14:00:00,9.43e-06,9.57e-06,9.44e-06,9.46e-06,71493891138
1758812400,2025-09-25 15:00:00,9.34e-06,9.47e-06,9.45e-06,9.38e-06,70145072806
1758816000,2025-09-25 16:00:00,9.14e-06,9.43e-06,9.37e-06,9.18e-06,214075667713
1758819600,2025-09-25 17:00:00,8.9e-06,9.17e-06,9.17e-06,8.93e-06,426942018725
1758823200,2025-09-25 18:00:00,8.87e-06,9.17e-06,8.93e-06,9.16e-06,163141613646
1758826800,2025-09-25 19:00:00,9.1e-06,9.23e-06,9.16e-06,9.11e-06,58215751500
1758830400,2025-09-25 20:00:00,9.02e-06,9.14e-06,9.12e-06,9.03e-06,53188273461
1758834000,2025-09-25 21:00:00,8.96e-06,9.12e-06,9.03e-06,9.08e-06,57378718668
1758837600,2025-09-25 22:00:00,9.03e-06,9.17e-06,9.07e-06,9.08e-06,41370207010
1758841200,2025-09-25 23:00:00,8.97e-06,9.14e-06,9.09e-06,9.08e-06,69304412682
1758844800,2025-09-26 00:00:00,9.07e-06,9.22e-06,9.07e-06,9.21e-06,56078520241
1758848400,2025-09-26 01:00:00,9.16e-06,9.23e-06,9.21e-06,9.2e-06,79395045747
1758852000,2025-09-26 02:00:00,9.17e-06,9.25e-06,9.19e-06,9.2e-06,42947359251
1758855600,2025-09-26 03:00:00,9.17e-06,9.26e-06,9.2e-06,9.24e-06,35594177891
1758859200,2025-09-26 04:00:00,9.17e-06,9.26e-06,9.25e-06,9.2e-06,73156880258
1758862800,2025-09-26 05:00:00,9.15e-06,9.26e-06,9.19e-06,9.18e-06,30046989445
1758866400,2025-09-26 06:00:00,9.14e-06,9.26e-06,9.18e-06,9.17e-06,48930859236
1758870000,2025-09-26 07:00:00,9.11e-06,9.21e-06,9.16e-06,9.19e-06,23425078372
1758873600,2025-09-26 08:00:00,9.18e-06,9.24e-06,9.19e-06,9.2e-06,23579772243
1758877200,2025-09-26 09:00:00,9.14e-06,9.24e-06,9.2e-06,9.19e-06,19103643842
1758880800,2025-09-26 10:00:00,9.05e-06,9.18e-06,9.18e-06,9.1e-06,48499577518
1758884400,2025-09-26 11:00:00,9.07e-06,9.2e-06,9.11e-06,9.14e-06,47020138096
1758888000,2025-09-26 12:00:00,9.04e-06,9.28e-06,9.14e-06,9.21e-06,135540979583
1758891600,2025-09-26 13:00:00,9.15e-06,9.33e-06,9.21e-06,9.3e-06,113261962805
1758895200,2025-09-26 14:00:00,9.17e-06,9.31e-06,9.3e-06,9.2e-06,94910555293
1758898800,2025-09-26 15:00:00,9.19e-06,9.28e-06,9.19e-06,9.25e-06,54676778223
1758902400,2025-09-26 16:00:00,9.24e-06,9.36e-06,9.25e-06,9.35e-06,78696636070
1758906000,2025-09-26 17:00:00,9.34e-06,9.45e-06,9.35e-06,9.44e-06,84105716054
1758909600,2025-09-26 18:00:00,9.41e-06,9.47e-06,9.44e-06,9.43e-06,63879157377
1758913200,2025-09-26 19:00:00,9.34e-06,9.43e-06,9.42e-06,9.38e-06,72439457881
1758916800,2025-09-26 20:00:00,9.35e-06,9.42e-06,9.38e-06,9.37e-06,39542382768
1758920400,2025-09-26 21:00:00,9.36e-06,9.42e-06,9.36e-06,9.37e-06,28886571164
1758924000,2025-09-26 22:00:00,9.36e-06,9.41e-06,9.37e-06,9.36e-06,22374284841
1758927600,2025-09-26 23:00:00,9.34e-06,9.39e-06,9.36e-06,9.38e-06,17849314906
1758931200,2025-09-27 00:00:00,9.34e-06,9.38e-06,9.38e-06,9.38e-06,16891065019
1758934800,2025-09-27 01:00:00,9.34e-06,9.39e-06,9.38e-06,9.37e-06,45001508517
1758938400,2025-09-27 02:00:00,9.37e-06,9.43e-06,9.38e-06,9.4e-06,25325504943
1758942000,2025-09-27 03:00:00,9.39e-06,9.45e-06,9.4e-06,9.41e-06,30629915192
1758945600,2025-09-27 04:00:00,9.39e-06,9.44e-06,9.41e-06,9.42e-06,35517039557
1758949200,2025-09-27 05:00:00,9.38e-06,9.43e-06,9.41e-06,9.41e-06,18286761517
1758952800,2025-09-27 06:00:00,9.37e-06,9.41e-06,9.41e-06,9.39e-06,14009283046
1758956400,2025-09-27 07:00:00,9.33e-06,9.4e-06,9.39e-06,9.33e-06,20171179903
1758960000,2025-09-27 08:00:00,9.25e-06,9.34e-06,9.33e-06,9.25e-06,74496102117
1758963600,2025-09-27 09:00:00,9.2e-06,9.28e-06,9.26e-06,9.27e-06,40912479106
1758967200,2025-09-27 10:00:00,9.24e-06,9.31e-06,9.27e-06,9.29e-06,21431867842
1758970800,2025-09-27 11:00:00,9.27e-06,9.32e-06,9.29e-06,9.31e-06,17512372413
1758974400,2025-09-27 12:00:00,9.29e-06,9.37e-06,9.31e-06,9.36e-06,36739419485
1758978000,2025-09-27 13:00:00,9.28e-06,9.36e-06,9.36e-06,9.3e-06,15661394878
1758981600,2025-09-27 14:00:00,9.27e-06,9.32e-06,9.3e-06,9.28e-06,16130648967
1758985200,2025-09-27 15:00:00,9.22e-06,9.34e-06,9.28e-06,9.34e-06,28135319897
1758988800,2025-09-27 16:00:00,9.27e-06,9.35e-06,9.34e-06,9.27e-06,21901293743
1758992400,2025-09-27 17:00:00,9.22e-06,9.29e-06,9.29e-06,9.26e-06,20801552756
1758996000,2025-09-27 18:00:00,9.22e-06,9.28e-06,9.26e-06,9.25e-06,25246600998
1758999600,2025-09-27 19:00:00,9.22e-06,9.26e-06,9.25e-06,9.24e-06,23466924768
1759003200,2025-09-27 20:00:00,9.21e-06,9.26e-06,9.24e-06,9.22e-06,12298390031
1759006800,2025-09-27 21:00:00,9.21e-06,9.29e-06,9.22e-06,9.29e-06,9302745116
1759010400,2025-09-27 22:00:00,9.26e-06,9.34e-06,9.29e-06,9.28e-06,21198467580
1759014000,2025-09-27 23:00:00,9.23e-06,9.3e-06,9.27e-06,9.25e-06,20992768063
1759017600,2025-09-28 00:00:00,9.18e-06,9.26e-06,9.24e-06,9.2e-06,40902015300
1759021200,2025-09-28 01:00:00,9.12e-06,9.21e-06,9.2e-06,9.13e-06,35454901087
1759024800,2025-09-28 02:00:00,9.12e-06,9.18e-06,9.12e-06,9.14e-06,13736556646
1759028400,2025-09-28 03:00:00,9.12e-06,9.17e-06,9.13e-06,9.17e-06,34357197406
1759032000,2025-09-28 04:00:00,9.13e-06,9.18e-06,9.16e-06,9.16e-06,19641497990
1759035600,2025-09-28 05:00:00,9.13e-06,9.2e-06,9.16e-06,9.14e-06,14366004003
1759039200,2025-09-28 06:00:00,9.09e-06,9.16e-06,9.14e-06,9.15e-06,12674074060
1759042800,2025-09-28 07:00:00,9.13e-06,9.18e-06,9.15e-06,9.17e-06,11164685664
1759046400,2025-09-28 08:00:00,9.12e-06,9.19e-06,9.18e-06,9.12e-06,18258986461
1759050000,2025-09-28 09:00:00,9.08e-06,9.14e-06,9.12e-06,9.09e-06,13998768365
1759053600,2025-09-28 10:00:00,9.07e-06,9.14e-06,9.1e-06,9.13e-06,13969043902
1759057200,2025-09-28 11:00:00,9.09e-06,9.14e-06,9.13e-06,9.12e-06,11057565122
1759060800,2025-09-28 12:00:00,9.04e-06,9.12e-06,9.12e-06,9.08e-06,27849359016
1759064400,2025-09-28 13:00:00,9.07e-06,9.21e-06,9.08e-06,9.2e-06,53858690440
1759068000,2025-09-28 14:00:00,9.16e-06,9.22e-06,9.2e-06,9.19e-06,23661647278
1759071600,2025-09-28 15:00:00,9.16e-06,9.21e-06,9.18e-06,9.17e-06,20045832985
1759075200,2025-09-28 16:00:00,9.17e-06,9.26e-06,9.18e-06,9.21e-06,29782631062
1759078800,2025-09-28 17:00:00,9.21e-06,9.29e-06,9.22e-06,9.27e-06,30051149523
1759082400,2025-09-28 18:00:00,9.24e-06,9.29e-06,9.26e-06,9.29e-06,10318206311
1759086000,2025-09-28 19:00:00,9.25e-06,9.29e-06,9.29e-06,9.29e-06,10071338477
1759089600,2025-09-28 20:00:00,9.27e-06,9.38e-06,9.29e-06,9.32e-06,36351417538
1759093200,2025-09-28 21:00:00,9.29e-06,9.35e-06,9.32e-06,9.32e-06,11630438551
1759096800,2025-09-28 22:00:00,9.32e-06,9.48e-06,9.33e-06,9.45e-06,63767930340
1759100400,2025-09-28 23:00:00,9.41e-06,9.47e-06,9.46e-06,9.43e-06,47670338151
1759104000,2025-09-29 00:00:00,9.36e-06,9.43e-06,9.43e-06,9.37e-06,42206713985
1759107600,2025-09-29 01:00:00,9.32e-06,9.38e-06,9.37e-06,9.33e-06,32625385536
1759111200,2025-09-29 02:00:00,9.31e-06,9.41e-06,9.33e-06,9.39e-06,36843582435
1759114800,2025-09-29 03:00:00,9.36e-06,9.41e-06,9.38e-06,9.41e-06,24079827394
1759118400,2025-09-29 04:00:00,9.36e-06,9.42e-06,9.42e-06,9.39e-06,18548421777
1759122000,2025-09-29 05:00:00,9.33e-06,9.39e-06,9.38e-06,9.39e-06,21085871304
1759125600,2025-09-29 06:00:00,9.32e-06,9.39e-06,9.38e-06,9.32e-06,24652264384
1759129200,2025-09-29 07:00:00,9.28e-06,9.34e-06,9.32e-06,9.33e-06,20679396488
1759132800,2025-09-29 08:00:00,9.31e-06,9.38e-06,9.33e-06,9.35e-06,30231562933
1759136400,2025-09-29 09:00:00,9.28e-06,9.37e-06,9.35e-06,9.29e-06,18991685817
1759140000,2025-09-29 10:00:00,9.23e-06,9.33e-06,9.29e-06,9.23e-06,38779406275
1759143600,2025-09-29 11:00:00,9.16e-06,9.24e-06,9.22e-06,9.21e-06,42929962505
1759147200,2025-09-29 12:00:00,9.12e-06,9.27e-06,9.21e-06,9.14e-06,26262101909
1759150800,2025-09-29 13:00:00,9.09e-06,9.34e-06,9.14e-06,9.31e-06,97202437388
1759154400,2025-09-29 14:00:00,9.3e-06,9.45e-06,9.31e-06,9.43e-06,68543307763
1759158000,2025-09-29 15:00:00,9.3e-06,9.45e-06,9.42e-06,9.31e-06,60051617269
1759161600,2025-09-29 16:00:00,9.24e-06,9.36e-06,9.32e-06,9.25e-06,82748900030
1759165200,2025-09-29 17:00:00,9.19e-06,9.3e-06,9.25e-06,9.29e-06,56715738305
1759168800,2025-09-29 18:00:00,9.23e-06,9.29e-06,9.29e-06,9.27e-06,19890155525
1759172400,2025-09-29 19:00:00,9.26e-06,9.37e-06,9.27e-06,9.36e-06,33248899584
1759176000,2025-09-29 20:00:00,9.36e-06,9.51e-06,9.36e-06,9.49e-06,76263826443
1759179600,2025-09-29 21:00:00,9.46e-06,9.52e-06,9.5e-06,9.47e-06,18823883501
1759183200,2025-09-29 22:00:00,9.43e-06,9.48e-06,9.47e-06,9.46e-06,19616038011
1759186800,2025-09-29 23:00:00,9.39e-06,9.47e-06,9.46e-06,9.39e-06,32679127557
1759190400,2025-09-30 00:00:00,9.29e-06,9.43e-06,9.39e-06,9.29e-06,80425769151
1759194000,2025-09-30 01:00:00,9.22e-06,9.36e-06,9.29e-06,9.26e-06,70566533897
1759197600,2025-09-30 02:00:00,9.25e-06,9.32e-06,9.26e-06,9.25e-06,42517906805
1759201200,2025-09-30 03:00:00,9.24e-06,9.33e-06,9.25e-06,9.27e-06,95499966865
1759204800,2025-09-30 04:00:00,9.26e-06,9.33e-06,9.27e-06,9.29e-06,50196685415
1759208400,2025-09-30 05:00:00,9.24e-06,9.31e-06,9.29e-06,9.3e-06,51871458980
1759212000,2025-09-30 06:00:00,9.26e-06,9.35e-06,9.29e-06,9.29e-06,30740259599
1759215600,2025-09-30 07:00:00,9.19e-06,9.31e-06,9.28e-06,9.2e-06,24952364810
1759219200,2025-09-30 08:00:00,9.15e-06,9.22e-06,9.21e-06,9.16e-06,28513331231
1759222800,2025-09-30 09:00:00,9.15e-06,9.21e-06,9.17e-06,9.17e-06,61204437890
1759226400,2025-09-30 10:00:00,9.16e-06,9.21e-06,9.17e-06,9.19e-06,20500221487
1759230000,2025-09-30 11:00:00,9.12e-06,9.21e-06,9.18e-06,9.2e-06,25674598556
1759233600,2025-09-30 12:00:00,9.13e-06,9.2e-06,9.19e-06,9.13e-06,33568222738
1759237200,2025-09-30 13:00:00,9.1e-06,9.24e-06,9.13e-06,9.15e-06,57937181181
1759240800,2025-09-30 14:00:00,9.07e-06,9.16e-06,9.16e-06,9.13e-06,79603828640
1759244400,2025-09-30 15:00:00,8.97e-06,9.13e-06,9.13e-06,9.06e-06,103552741779
1759248000,2025-09-30 16:00:00,9e-06,9.08e-06,9.05e-06,9.06e-06,52146959799
1759251600,2025-09-30 17:00:00,9.05e-06,9.12e-06,9.06e-06,9.06e-06,44683896094
1759255200,2025-09-30 18:00:00,9.04e-06,9.11e-06,9.06e-06,9.11e-06,20323661761
1759258800,2025-09-30 19:00:00,9.1e-06,9.27e-06,9.1e-06,9.26e-06,35094293574
1759262400,2025-09-30 20:00:00,9.24e-06,9.33e-06,9.26e-06,9.33e-06,79541825246
1759266000,2025-09-30 21:00:00,9.28e-06,9.37e-06,9.33e-06,9.28e-06,34591206110
1759269600,2025-09-30 22:00:00,9.25e-06,9.35e-06,9.28e-06,9.25e-06,20601533622
1759273200,2025-09-30 23:00:00,9.23e-06,9.32e-06,9.26e-06,9.32e-06,9986681904
1759276800,2025-10-01 00:00:00,9.26e-06,9.35e-06,9.32e-06,9.31e-06,17535993879
1759280400,2025-10-01 01:00:00,9.29e-06,9.37e-06,9.3e-06,9.37e-06,60509532053
1759284000,2025-10-01 02:00:00,9.32e-06,9.37e-06,9.36e-06,9.32e-06,16811726236
1759287600,2025-10-01 03:00:00,9.25e-06,9.34e-06,9.32e-06,9.25e-06,33390417364
1759291200,2025-10-01 04:00:00,9.24e-06,9.35e-06,9.25e-06,9.3e-06,73063205080
1759294800,2025-10-01 05:00:00,9.3e-06,9.36e-06,9.3e-06,9.35e-06,21348297270
1759298400,2025-10-01 06:00:00,9.25e-06,9.36e-06,9.34e-06,9.26e-06,24513356197
1759302000,2025-10-01 07:00:00,9.25e-06,9.32e-06,9.26e-06,9.27e-06,27917494400
1759305600,2025-10-01 08:00:00,9.27e-06,9.64e-06,9.27e-06,9.64e-06,172358494531
1759309200,2025-10-01 09:00:00,9.59e-06,9.68e-06,9.65e-06,9.67e-06,68873604175
1759312800,2025-10-01 10:00:00,9.56e-06,9.67e-06,9.67e-06,9.58e-06,52742338977
1759316400,2025-10-01 11:00:00,9.58e-06,9.65e-06,9.59e-06,9.64e-06,27136485929
1759320000,2025-10-01 12:00:00,9.59e-06,9.66e-06,9.65e-06,9.61e-06,46871169747
1759323600,2025-10-01 13:00:00,9.6e-06,9.73e-06,9.61e-06,9.69e-06,91040797823
1759327200,2025-10-01 14:00:00,9.66e-06,9.76e-06,9.69e-06,9.69e-06,186003940780
1759330800,2025-10-01 15:00:00,9.63e-06,9.7e-06,9.69e-06,9.68e-06,64333077099
1759334400,2025-10-01 16:00:00,9.67e-06,9.74e-06,9.68e-06,9.69e-06,34393030533
1759338000,2025-10-01 17:00:00,9.64e-06,9.72e-06,9.7e-06,9.65e-06,26140264145
1759341600,2025-10-01 18:00:00,9.65e-06,9.76e-06,9.65e-06,9.74e-06,38489389008
1759345200,2025-10-01 19:00:00,9.73e-06,9.8e-06,9.73e-06,9.78e-06,42109738727
1759348800,2025-10-01 20:00:00,9.73e-06,9.78e-06,9.78e-06,9.75e-06,43677213543
1759352400,2025-10-01 21:00:00,9.68e-06,9.76e-06,9.75e-06,9.72e-06,23606670221
1759356000,2025-10-01 22:00:00,9.7e-06,9.76e-06,9.72e-06,9.72e-06,25223725036
1759359600,2025-10-01 23:00:00,9.7e-06,9.79e-06,9.72e-06,9.79e-06,51289621297
1759363200,2025-10-02 00:00:00,9.76e-06,9.84e-06,9.78e-06,9.77e-06,54800543944
1759366800,2025-10-02 01:00:00,9.75e-06,9.98e-06,9.76e-06,9.96e-06,72698908877
1759370400,2025-10-02 02:00:00,9.9e-06,1.003e-05,9.96e-06,9.99e-06,79196248793
1759374000,2025-10-02 03:00:00,9.95e-06,1.003e-05,9.99e-06,9.95e-06,93549183397
1759377600,2025-10-02 04:00:00,9.92e-06,1.001e-05,9.94e-06,1e-05,44693780285
1759381200,2025-10-02 05:00:00,9.98e-06,1.01e-05,1e-05,1.007e-05,61703344454
1759384800,2025-10-02 06:00:00,1.006e-05,1.017e-05,1.007e-05,1.017e-05,92471560817
1759388400,2025-10-02 07:00:00,1.008e-05,1.019e-05,1.016e-05,1.012e-05,43083896488
1759392000,2025-10-02 08:00:00,1.001e-05,1.014e-05,1.013e-05,1.004e-05,68208038501
1759395600,2025-10-02 09:00:00,1e-05,1.007e-05,1.004e-05,1.004e-05,21716617804
1759399200,2025-10-02 10:00:00,9.96e-06,1.005e-05,1.004e-05,1.001e-05,36115717642
1759402800,2025-10-02 11:00:00,9.97e-06,1.005e-05,1e-05,9.98e-06,30749962971
1759406400,2025-10-02 12:00:00,9.97e-06,1.003e-05,9.98e-06,1.002e-05,33016652078
1759410000,2025-10-02 13:00:00,9.86e-06,1.003e-05,1.002e-05,9.97e-06,95628592211
1759413600,2025-10-02 14:00:00,9.77e-06,1e-05,9.97e-06,9.8e-06,138690078818
1759417200,2025-10-02 15:00:00,9.76e-06,1.001e-05,9.81e-06,9.99e-06,70648985522
1759420800,2025-10-02 16:00:00,9.97e-06,1.01e-05,1e-05,1.002e-05,50100341076
1759424400,2025-10-02 17:00:00,9.99e-06,1.011e-05,1.003e-05,1.008e-05,56466967023
1759428000,2025-10-02 18:00:00,1.008e-05,1.021e-05,1.008e-05,1.019e-05,54243020759
1759431600,2025-10-02 19:00:00,1.018e-05,1.032e-05,1.018e-05,1.03e-05,95632896539
1759435200,2025-10-02 20:00:00,1.021e-05,1.031e-05,1.03e-05,1.027e-05,54049414117
1759438800,2025-10-02 21:00:00,1.022e-05,1.034e-05,1.027e-05,1.023e-05,70876715126
1759442400,2025-10-02 22:00:00,1.016e-05,1.028e-05,1.024e-05,1.02e-05,69059240824
1759446000,2025-10-02 23:00:00,1.018e-05,1.024e-05,1.02e-05,1.023e-05,42316689154
1759449600,2025-10-03 00:00:00,1.008e-05,1.023e-05,1.023e-05,1.009e-05,53265250990
1759453200,2025-10-03 01:00:00,1e-05,1.013e-05,1.009e-05,1e-05,46461098174
1759456800,2025-10-03 02:00:00,9.99e-06,1.007e-05,1.001e-05,1.005e-05,41428746431
1759460400,2025-10-03 03:00:00,1.001e-05,1.016e-05,1.004e-05,1.002e-05,48182667327
1759464000,2025-10-03 04:00:00,1.002e-05,1.011e-05,1.002e-05,1.008e-05,21763176219
1759467600,2025-10-03 05:00:00,9.94e-06,1.008e-05,1.008e-05,9.98e-06,40559408256
1759471200,2025-10-03 06:00:00,9.88e-06,9.99e-06,9.98e-06,9.93e-06,28809960813
1759474800,2025-10-03 07:00:00,9.87e-06,9.93e-06,9.92e-06,9.91e-06,19637394989
1759478400,2025-10-03 08:00:00,9.86e-06,9.95e-06,9.92e-06,9.94e-06,46782028029
1759482000,2025-10-03 09:00:00,9.9e-06,9.96e-06,9.94e-06,9.94e-06,34633257266
1759485600,2025-10-03 10:00:00,9.91e-06,9.96e-06,9.93e-06,9.95e-06,20777074305
1759489200,2025-10-03 11:00:00,9.9e-06,9.95e-06,9.95e-06,9.94e-06,19783594650
1759492800,2025-10-03 12:00:00,9.91e-06,1e-05,9.93e-06,9.95e-06,22903077131
1759496400,2025-10-03 13:00:00,9.86e-06,1.007e-05,9.94e-06,9.98e-06,78659042345
1759500000,2025-10-03 14:00:00,9.88e-06,1.007e-05,9.97e-06,1.002e-05,60841430742
1759503600,2025-10-03 15:00:00,9.98e-06,1.027e-05,1.001e-05,1.026e-05,85063721857
1759507200,2025-10-03 16:00:00,1.025e-05,1.04e-05,1.026e-05,1.026e-05,135123495861
1759510800,2025-10-03 17:00:00,9.98e-06,1.026e-05,1.026e-05,1.004e-05,210911377206
1759514400,2025-10-03 18:00:00,9.99e-06,1.023e-05,1.004e-05,1.022e-05,138570573101
1759518000,2025-10-03 19:00:00,1.012e-05,1.023e-05,1.023e-05,1.013e-05,54987134879
1759521600,2025-10-03 20:00:00,1.008e-05,1.02e-05,1.012e-05,1.017e-05,25985942820
1759525200,2025-10-03 21:00:00,1.012e-05,1.02e-05,1.018e-05,1.016e-05,29281870476
1759528800,2025-10-03 22:00:00,1.015e-05,1.02e-05,1.016e-05,1.019e-05,34578837179
1759532400,2025-10-03 23:00:00,1.01e-05,1.018e-05,1.018e-05,1.013e-05,38117054975
1759536000,2025-10-04 00:00:00,1.005e-05,1.017e-05,1.012e-05,1.008e-05,48690975722
1759539600,2025-10-04 01:00:00,9.9e-06,1.01e-05,1.009e-05,9.94e-06,51523127742
1759543200,2025-10-04 02:00:00,9.89e-06,9.99e-06,9.94e-06,9.93e-06,32731914648
1759546800,2025-10-04 03:00:00,9.87e-06,9.98e-06,9.93e-06,9.97e-06,59497336466
1759550400,2025-10-04 04:00:00,9.94e-06,1.002e-05,9.98e-06,1.001e-05,18061767995
1759554000,2025-10-04 05:00:00,9.95e-06,1.004e-05,1e-05,1.001e-05,66004262851
1759557600,2025-10-04 06:00:00,1.001e-05,1.022e-05,1.001e-05,1.02e-05,94966633343
1759561200,2025-10-04 07:00:00,1.009e-05,1.023e-05,1.019e-05,1.014e-05,68038538866
1759564800,2025-10-04 08:00:00,9.97e-06,1.016e-05,1.014e-05,9.97e-06,53680683514
1759568400,2025-10-04 09:00:00,9.91e-06,1.004e-05,9.97e-06,9.91e-06,63766720574
1759572000,2025-10-04 10:00:00,9.86e-06,9.97e-06,9.91e-06,9.9e-06,13632979217
1759575600,2025-10-04 11:00:00,9.86e-06,9.92e-06,9.9e-06,9.88e-06,20794045185
1759579200,2025-10-04 12:00:00,9.83e-06,9.93e-06,9.88e-06,9.85e-06,10988942300
1759582800,2025-10-04 13:00:00,9.84e-06,9.96e-06,9.85e-06,9.89e-06,20080631116
1759586400,2025-10-04 14:00:00,9.69e-06,9.93e-06,9.89e-06,9.7e-06,64680897941
1759590000,2025-10-04 15:00:00,9.65e-06,9.74e-06,9.7e-06,9.66e-06,99043579467
1759593600,2025-10-04 16:00:00,9.56e-06,9.68e-06,9.66e-06,9.61e-06,102231455087
1759597200,2025-10-04 17:00:00,9.6e-06,9.69e-06,9.6e-06,9.65e-06,32007062864
1759600800,2025-10-04 18:00:00,9.64e-06,9.69e-06,9.65e-06,9.66e-06,33843924870
1759604400,2025-10-04 19:00:00,9.66e-06,9.71e-06,9.67e-06,9.69e-06,49349574488
1759608000,2025-10-04 20:00:00,9.69e-06,9.74e-06,9.69e-06,9.71e-06,49062727026
1759611600,2025-10-04 21:00:00,9.7e-06,9.77e-06,9.71e-06,9.73e-06,39524718753
1759615200,2025-10-04 22:00:00,9.71e-06,9.79e-06,9.73e-06,9.76e-06,37684831597
1759618800,2025-10-04 23:00:00,9.73e-06,9.78e-06,9.76e-06,9.77e-06,32058721041
1759622400,2025-10-05 00:00:00,9.69e-06,9.79e-06,9.77e-06,9.69e-06,30084690160
1759626000,2025-10-05 01:00:00,9.69e-06,9.75e-06,9.69e-06,9.74e-06,14397266944
1759629600,2025-10-05 02:00:00,9.71e-06,9.96e-06,9.73e-06,9.96e-06,81166023623
1759633200,2025-10-05 03:00:00,9.9e-06,1.002e-05,9.96e-06,9.93e-06,130982315455
1759636800,2025-10-05 04:00:00,9.89e-06,1.009e-05,9.94e-06,1.004e-05,105546373052
1759640400,2025-10-05 05:00:00,1e-05,1.009e-05,1.005e-05,1.003e-05,62693191917
1759644000,2025-10-05 06:00:00,9.99e-06,1.004e-05,1.004e-05,1.001e-05,44550252832
1759647600,2025-10-05 07:00:00,1e-05,1.017e-05,1.001e-05,1.015e-05,36238662416
1759651200,2025-10-05 08:00:00,1.011e-05,1.018e-05,1.015e-05,1.013e-05,35294405042
1759654800,2025-10-05 09:00:00,1.001e-05,1.015e-05,1.013e-05,1.002e-05,69507346784
1759658400,2025-10-05 10:00:00,9.94e-06,1.013e-05,1.003e-05,1e-05,85472698589
1759662000,2025-10-05 11:00:00,9.96e-06,1.004e-05,1e-05,1.002e-05,26303804678
1759665600,2025-10-05 12:00:00,9.96e-06,1.005e-05,1.003e-05,9.98e-06,25605104686
1759669200,2025-10-05 13:00:00,9.97e-06,1.004e-05,9.98e-06,1.001e-05,93583120975
1759672800,2025-10-05 14:00:00,9.92e-06,1.007e-05,1.001e-05,9.97e-06,33670923418
1759676400,2025-10-05 15:00:00,9.96e-06,1.004e-05,9.97e-06,1e-05,26745108810
1759680000,2025-10-05 16:00:00,9.92e-06,1.006e-05,1.001e-05,1.004e-05,54768339611
1759683600,2025-10-05 17:00:00,9.89e-06,1.006e-05,1.004e-05,9.91e-06,60059682214
1759687200,2025-10-05 18:00:00,9.84e-06,9.95e-06,9.91e-06,9.89e-06,81435796605
1759690800,2025-10-05 19:00:00,9.7e-06,9.89e-06,9.89e-06,9.73e-06,90920433880
1759694400,2025-10-05 20:00:00,9.69e-06,9.8e-06,9.72e-06,9.76e-06,38785923798
1759698000,2025-10-05 21:00:00,9.73e-06,9.8e-06,9.76e-06,9.79e-06,24637725916
1759701600,2025-10-05 22:00:00,9.75e-06,9.83e-06,9.8e-06,9.8e-06,21219840785
1759705200,2025-10-05 23:00:00,9.79e-06,9.84e-06,9.8e-06,9.8e-06,25932912274
1759708800,2025-10-06 00:00:00,9.68e-06,9.91e-06,9.8e-06,9.72e-06,40193252108
1759712400,2025-10-06 01:00:00,9.67e-06,9.86e-06,9.72e-06,9.82e-06,46584821402
1759716000,2025-10-06 02:00:00,9.73e-06,9.88e-06,9.82e-06,9.83e-06,28930985625
1759719600,2025-10-06 03:00:00,9.81e-06,9.86e-06,9.83e-06,9.82e-06,22545829949
1759723200,2025-10-06 04:00:00,9.75e-06,9.84e-06,9.82e-06,9.77e-06,19662096787
1759726800,2025-10-06 05:00:00,9.74e-06,9.8e-06,9.76e-06,9.79e-06,24463102331
1759730400,2025-10-06 06:00:00,9.79e-06,9.94e-06,9.8e-06,9.9e-06,34753255972
1759734000,2025-10-06 07:00:00,9.78e-06,9.93e-06,9.9e-06,9.83e-06,33174914372
1759737600,2025-10-06 08:00:00,9.82e-06,9.91e-06,9.83e-06,9.91e-06,26376218643
1759741200,2025-10-06 09:00:00,9.9e-06,9.96e-06,9.91e-06,9.94e-06,32809311152
1759744800,2025-10-06 10:00:00,9.91e-06,1.002e-05,9.94e-06,1e-05,30758773187
1759748400,2025-10-06 11:00:00,9.94e-06,1.005e-05,1e-05,9.97e-06,31349084150
1759752000,2025-10-06 12:00:00,9.97e-06,1.004e-05,9.98e-06,1.001e-05,24362851527
1759755600,2025-10-06 13:00:00,9.96e-06,1.006e-05,1.001e-05,1.005e-05,40270208189
1759759200,2025-10-06 14:00:00,1.005e-05,1.024e-05,1.006e-05,1.013e-05,177334491595
1759762800,2025-10-06 15:00:00,1.013e-05,1.031e-05,1.013e-05,1.029e-05,69909095469
1759766400,2025-10-06 16:00:00,1.021e-05,1.036e-05,1.03e-05,1.029e-05,42788803868
1759770000,2025-10-06 17:00:00,1.025e-05,1.037e-05,1.03e-05,1.028e-05,41336172365
1759773600,2025-10-06 18:00:00,1.025e-05,1.033e-05,1.029e-05,1.031e-05,55871259768
1759777200,2025-10-06 19:00:00,1.024e-05,1.031e-05,1.03e-05,1.031e-05,41741147564
1759780800,2025-10-06 20:00:00,1.024e-05,1.036e-05,1.031e-05,1.028e-05,64370018134
1759784400,2025-10-06 21:00:00,1.024e-05,1.033e-05,1.028e-05,1.031e-05,28802431121
1759788000,2025-10-06 22:00:00,1.027e-05,1.034e-05,1.031e-05,1.032e-05,33236889574
1759791600,2025-10-06 23:00:00,1.017e-05,1.034e-05,1.032e-05,1.02e-05,124077936783
1759795200,2025-10-07 00:00:00,1.015e-05,1.024e-05,1.02e-05,1.02e-05,57262007752
1759798800,2025-10-07 01:00:00,1.015e-05,1.026e-05,1.02e-05,1.017e-05,45973131863
1759802400,2025-10-07 02:00:00,1.013e-05,1.019e-05,1.016e-05,1.015e-05,25563042391
1759806000,2025-10-07 03:00:00,1.012e-05,1.02e-05,1.015e-05,1.017e-05,42821858788
1759809600,2025-10-07 04:00:00,1.009e-05,1.027e-05,1.016e-05,1.023e-05,41410549970
1759813200,2025-10-07 05:00:00,1.017e-05,1.023e-05,1.023e-05,1.019e-05,33812785564
1759816800,2025-10-07 06:00:00,9.98e-06,1.02e-05,1.018e-05,9.99e-06,62991134582
1759820400,2025-10-07 07:00:00,9.92e-06,1.002e-05,9.99e-06,9.97e-06,40968261063
1759824000,2025-10-07 08:00:00,9.84e-06,9.96e-06,9.96e-06,9.92e-06,44666317122
1759827600,2025-10-07 09:00:00,9.91e-06,9.96e-06,9.91e-06,9.94e-06,17875278096
1759831200,2025-10-07 10:00:00,9.92e-06,1e-05,9.95e-06,9.96e-06,24151644349
1759834800,2025-10-07 11:00:00,9.94e-06,1.007e-05,9.95e-06,1.005e-05,30352365549
1759838400,2025-10-07 12:00:00,1.001e-05,1.017e-05,1.005e-05,1.01e-05,164448406687
1759842000,2025-10-07 13:00:00,9.86e-06,1.014e-05,1.01e-05,9.93e-06,135096349598
1759845600,2025-10-07 14:00:00,9.71e-06,9.95e-06,9.93e-06,9.72e-06,121257939758
1759849200,2025-10-07 15:00:00,9.55e-06,9.75e-06,9.72e-06,9.59e-06,208350710937
1759852800,2025-10-07 16:00:00,9.52e-06,9.7e-06,9.59e-06,9.65e-06,84741169385
1759856400,2025-10-07 17:00:00,9.57e-06,9.68e-06,9.65e-06,9.57e-06,27338584673
1759860000,2025-10-07 18:00:00,9.52e-06,9.6e-06,9.56e-06,9.53e-06,106245391449
1759863600,2025-10-07 19:00:00,9.52e-06,9.58e-06,9.53e-06,9.54e-06,56653949008
1759867200,2025-10-07 20:00:00,9.54e-06,9.64e-06,9.54e-06,9.58e-06,30167281450
1759870800,2025-10-07 21:00:00,9.48e-06,9.61e-06,9.57e-06,9.52e-06,42985188090
1759874400,2025-10-07 22:00:00,9.49e-06,9.57e-06,9.52e-06,9.53e-06,64831241084
1759878000,2025-10-07 23:00:00,9.44e-06,9.54e-06,9.53e-06,9.47e-06,116982073913
1759881600,2025-10-08 00:00:00,9.43e-06,9.54e-06,9.47e-06,9.51e-06,55158227307
1759885200,2025-10-08 01:00:00,9.49e-06,9.55e-06,9.51e-06,9.54e-06,52127459672
1759888800,2025-10-08 02:00:00,9.5e-06,9.57e-06,9.54e-06,9.52e-06,65229089753
1759892400,2025-10-08 03:00:00,9.3e-06,9.51e-06,9.51e-06,9.35e-06,132901262352
1759896000,2025-10-08 04:00:00,9.28e-06,9.41e-06,9.34e-06,9.4e-06,70521336998
1759899600,2025-10-08 05:00:00,9.32e-06,9.4e-06,9.39e-06,9.35e-06,38685829709
1759903200,2025-10-08 06:00:00,9.24e-06,9.37e-06,9.35e-06,9.33e-06,89011896628
1759906800,2025-10-08 07:00:00,9.28e-06,9.35e-06,9.32e-06,9.35e-06,30285989540
1759910400,2025-10-08 08:00:00,9.32e-06,9.41e-06,9.35e-06,9.34e-06,28081268476
1759914000,2025-10-08 09:00:00,9.29e-06,9.37e-06,9.34e-06,9.32e-06,20176964088
1759917600,2025-10-08 10:00:00,9.31e-06,9.39e-06,9.33e-06,9.38e-06,26618409324
1759921200,2025-10-08 11:00:00,9.31e-06,9.4e-06,9.38e-06,9.35e-06,25768410585
1759924800,2025-10-08 12:00:00,9.32e-06,9.4e-06,9.34e-06,9.38e-06,33653568343
1759928400,2025-10-08 13:00:00,9.28e-06,9.41e-06,9.39e-06,9.37e-06,58856228562
1759932000,2025-10-08 14:00:00,9.25e-06,9.48e-06,9.37e-06,9.27e-06,93206402663
1759935600,2025-10-08 15:00:00,9.27e-06,9.39e-06,9.28e-06,9.33e-06,45084432434
1759939200,2025-10-08 16:00:00,9.31e-06,9.45e-06,9.33e-06,9.45e-06,34448030117
1759942800,2025-10-08 17:00:00,9.43e-06,9.75e-06,9.45e-06,9.66e-06,188959255163
1759946400,2025-10-08 18:00:00,9.57e-06,9.69e-06,9.66e-06,9.6e-06,68948407841
1759950000,2025-10-08 19:00:00,9.54e-06,9.61e-06,9.6e-06,9.6e-06,48215076963
1759953600,2025-10-08 20:00:00,9.53e-06,9.63e-06,9.61e-06,9.54e-06,45831350685
1759957200,2025-10-08 21:00:00,9.54e-06,9.61e-06,9.54e-06,9.56e-06,36458652130
1759960800,2025-10-08 22:00:00,9.54e-06,9.61e-06,9.56e-06,9.54e-06,28607566284
1759964400,2025-10-08 23:00:00,9.52e-06,9.6e-06,9.54e-06,9.56e-06,30028809753
1759968000,2025-10-09 00:00:00,9.51e-06,9.58e-06,9.57e-06,9.51e-06,41165474078
1759971600,2025-10-09 01:00:00,9.42e-06,9.52e-06,9.52e-06,9.46e-06,40102646369
1759975200,2025-10-09 02:00:00,9.26e-06,9.48e-06,9.47e-06,9.29e-06,67273983037
1759978800,2025-10-09 03:00:00,9.3e-06,9.39e-06,9.3e-06,9.35e-06,23707554359
1759982400,2025-10-09 04:00:00,9.33e-06,9.42e-06,9.34e-06,9.42e-06,43900118884
1759986000,2025-10-09 05:00:00,9.36e-06,9.44e-06,9.42e-06,9.38e-06,35895959880
1759989600,2025-10-09 06:00:00,9.31e-06,9.39e-06,9.38e-06,9.33e-06,32044368402
1759993200,2025-10-09 07:00:00,9.27e-06,9.35e-06,9.32e-06,9.28e-06,9770255253
1759996800,2025-10-09 08:00:00,9.12e-06,9.31e-06,9.29e-06,9.13e-06,104615066567
1760000400,2025-10-09 09:00:00,9.13e-06,9.23e-06,9.14e-06,9.16e-06,43981720699
1760004000,2025-10-09 10:00:00,9.13e-06,9.22e-06,9.17e-06,9.19e-06,35977239460
1760007600,2025-10-09 11:00:00,9.19e-06,9.25e-06,9.19e-06,9.21e-06,43051771782
1760011200,2025-10-09 12:00:00,9.21e-06,9.32e-06,9.21e-06,9.29e-06,41798697300
1760014800,2025-10-09 13:00:00,9.1e-06,9.29e-06,9.29e-06,9.1e-06,58071788730
1760018400,2025-10-09 14:00:00,9.01e-06,9.19e-06,9.1e-06,9.14e-06,101614681850
1760022000,2025-10-09 15:00:00,9.07e-06,9.2e-06,9.15e-06,9.09e-06,50995789336
1760025600,2025-10-09 16:00:00,9.01e-06,9.13e-06,9.08e-06,9.02e-06,75297902235
1760029200,2025-10-09 17:00:00,9.01e-06,9.17e-06,9.02e-06,9.17e-06,55910673445
1760032800,2025-10-09 18:00:00,9.1e-06,9.17e-06,9.17e-06,9.11e-06,38249913021
1760036400,2025-10-09 19:00:00,9.09e-06,9.2e-06,9.1e-06,9.17e-06,24311329850
1760040000,2025-10-09 20:00:00,9.14e-06,9.2e-06,9.17e-06,9.17e-06,23410761372
1760043600,2025-10-09 21:00:00,9.17e-06,9.23e-06,9.17e-06,9.2e-06,26365127278
1760047200,2025-10-09 22:00:00,9.19e-06,9.28e-06,9.2e-06,9.27e-06,36649812119
1760050800,2025-10-09 23:00:00,9.22e-06,9.28e-06,9.28e-06,9.26e-06,21341597004
1760054400,2025-10-10 00:00:00,9.24e-06,9.3e-06,9.27e-06,9.26e-06,33805932763
1760058000,2025-10-10 01:00:00,9.26e-06,9.31e-06,9.26e-06,9.27e-06,23106100628
1760061600,2025-10-10 02:00:00,9.22e-06,9.31e-06,9.27e-06,9.25e-06,19658101628
1760065200,2025-10-10 03:00:00,9.19e-06,9.4e-06,9.25e-06,9.32e-06,56914962256
1760068800,2025-10-10 04:00:00,9.26e-06,9.38e-06,9.32e-06,9.31e-06,22137738847
1760072400,2025-10-10 05:00:00,9.26e-06,9.38e-06,9.31e-06,9.37e-06,19785991421
1760076000,2025-10-10 06:00:00,9.25e-06,9.38e-06,9.38e-06,9.29e-06,14085135705
1760079600,2025-10-10 07:00:00,9.22e-06,9.29e-06,9.29e-06,9.22e-06,32635339196
1760083200,2025-10-10 08:00:00,9.2e-06,9.29e-06,9.22e-06,9.28e-06,23170335538
1760086800,2025-10-10 09:00:00,9.22e-06,9.32e-06,9.29e-06,9.22e-06,22058156125
1760090400,2025-10-10 10:00:00,9.23e-06,9.31e-06,9.23e-06,9.28e-06,29645364399
1760094000,2025-10-10 11:00:00,9.26e-06,9.33e-06,9.29e-06,9.31e-06,21859600370
1760097600,2025-10-10 12:00:00,9.27e-06,9.34e-06,9.31e-06,9.31e-06,16118599961
1760101200,2025-10-10 13:00:00,9.28e-06,9.39e-06,9.32e-06,9.32e-06,60715216177
1760104800,2025-10-10 14:00:00,9.11e-06,9.35e-06,9.32e-06,9.13e-06,106508705199
1760108400,2025-10-10 15:00:00,8.67e-06,9.15e-06,9.13e-06,8.77e-06,493582323329
1760112000,2025-10-10 16:00:00,8.72e-06,8.89e-06,8.78e-06,8.8e-06,108973822471
1760115600,2025-10-10 17:00:00,8.3e-06,8.83e-06,8.79e-06,8.44e-06,576650809710
1760119200,2025-10-10 18:00:00,8.41e-06,8.74e-06,8.44e-06,8.68e-06,154017143078
1760122800,2025-10-10 19:00:00,8.48e-06,8.69e-06,8.68e-06,8.57e-06,207421702378
1760126400,2025-10-10 20:00:00,8.02e-06,8.65e-06,8.57e-06,8.11e-06,412187904134
1760130000,2025-10-10 21:00:00,5.01e-06,8.86e-06,8.12e-06,8.28e-06,1273138818366
1760133600,2025-10-10 22:00:00,6.58e-06,8.37e-06,8.28e-06,6.67e-06,556762565847
1760137200,2025-10-10 23:00:00,6.58e-06,7.22e-06,6.67e-06,6.71e-06,630225301296
1760140800,2025-10-11 00:00:00,6.63e-06,6.98e-06,6.71e-06,6.88e-06,451152600689
1760144400,2025-10-11 01:00:00,6.58e-06,6.89e-06,6.87e-06,6.63e-06,264139570794
1760148000,2025-10-11 02:00:00,6.62e-06,7.11e-06,6.62e-06,7.03e-06,231854140005
1760151600,2025-10-11 03:00:00,6.8e-06,7.08e-06,7.03e-06,6.87e-06,148053212199
1760155200,2025-10-11 04:00:00,6.86e-06,7.08e-06,6.88e-06,7.05e-06,134746563344
1760158800,2025-10-11 05:00:00,6.89e-06,7.11e-06,7.06e-06,6.94e-06,117599341727
1760162400,2025-10-11 06:00:00,6.91e-06,7.06e-06,6.95e-06,6.94e-06,80565552193
1760166000,2025-10-11 07:00:00,6.87e-06,7.03e-06,6.93e-06,6.97e-06,121318682610
1760169600,2025-10-11 08:00:00,6.95e-06,7.29e-06,6.97e-06,7.27e-06,173603994167
1760173200,2025-10-11 09:00:00,7.17e-06,7.38e-06,7.28e-06,7.2e-06,161221364579
1760176800,2025-10-11 10:00:00,7.17e-06,7.27e-06,7.2e-06,7.23e-06,148812730202
1760180400,2025-10-11 11:00:00,7.09e-06,7.24e-06,7.24e-06,7.21e-06,117557642910
1760184000,2025-10-11 12:00:00,7.01e-06,7.23e-06,7.2e-06,7.07e-06,148916952949
1760187600,2025-10-11 13:00:00,6.93e-06,7.14e-06,7.07e-06,7.08e-06,185416732776
1760191200,2025-10-11 14:00:00,6.99e-06,7.09e-06,7.08e-06,7.08e-06,136747189597
1760194800,2025-10-11 15:00:00,7.04e-06,7.17e-06,7.08e-06,7.1e-06,100959166928
1760198400,2025-10-11 16:00:00,7.02e-06,7.15e-06,7.11e-06,7.07e-06,91420175800
1760202000,2025-10-11 17:00:00,7.02e-06,7.11e-06,7.08e-06,7.08e-06,125265207309
1760205600,2025-10-11 18:00:00,7.01e-06,7.08e-06,7.08e-06,7.01e-06,94053314594
1760209200,2025-10-11 19:00:00,6.72e-06,7.01e-06,7.01e-06,6.77e-06,227127368601
1760212800,2025-10-11 20:00:00,6.6e-06,6.79e-06,6.77e-06,6.64e-06,226064300326
1760216400,2025-10-11 21:00:00,6.5e-06,6.73e-06,6.63e-06,6.68e-06,255416712651
1760220000,2025-10-11 22:00:00,6.65e-06,6.76e-06,6.68e-06,6.7e-06,157446417100
1760223600,2025-10-11 23:00:00,6.68e-06,6.76e-06,6.71e-06,6.73e-06,179831688343
1760227200,2025-10-12 00:00:00,6.58e-06,6.74e-06,6.73e-06,6.58e-06,209898336604
1760230800,2025-10-12 01:00:00,6.55e-06,6.68e-06,6.58e-06,6.57e-06,201350843530
1760234400,2025-10-12 02:00:00,6.54e-06,6.69e-06,6.57e-06,6.6e-06,223536682219
1760238000,2025-10-12 03:00:00,6.58e-06,6.74e-06,6.6e-06,6.67e-06,241546130065
1760241600,2025-10-12 04:00:00,6.65e-06,6.81e-06,6.66e-06,6.76e-06,148947553927
1760245200,2025-10-12 05:00:00,6.72e-06,6.78e-06,6.76e-06,6.74e-06,114081404442
1760248800,2025-10-12 06:00:00,6.73e-06,6.84e-06,6.75e-06,6.83e-06,136188991928
1760252400,2025-10-12 07:00:00,6.78e-06,6.87e-06,6.84e-06,6.81e-06,104302846672
1760256000,2025-10-12 08:00:00,6.73e-06,6.86e-06,6.81e-06,6.73e-06,110477412739
1760259600,2025-10-12 09:00:00,6.66e-06,6.76e-06,6.73e-06,6.76e-06,131430435663
1760263200,2025-10-12 10:00:00,6.71e-06,6.8e-06,6.76e-06,6.73e-06,114479951982
1760266800,2025-10-12 11:00:00,6.72e-06,6.78e-06,6.73e-06,6.77e-06,90056773963
1760270400,2025-10-12 12:00:00,6.76e-06,6.86e-06,6.76e-06,6.83e-06,120826927567
1760274000,2025-10-12 13:00:00,6.7e-06,6.88e-06,6.82e-06,6.73e-06,179329342245
1760277600,2025-10-12 14:00:00,6.73e-06,7.19e-06,6.74e-06,7.04e-06,383638098363
1760281200,2025-10-12 15:00:00,7.03e-06,7.33e-06,7.05e-06,7.28e-06,580253215700
1760284800,2025-10-12 16:00:00,7.27e-06,7.52e-06,7.28e-06,7.43e-06,720824083373
1760288400,2025-10-12 17:00:00,7.36e-06,7.49e-06,7.43e-06,7.44e-06,306749804149
1760292000,2025-10-12 18:00:00,7.39e-06,7.53e-06,7.44e-06,7.45e-06,196186995560
1760295600,2025-10-12 19:00:00,7.45e-06,7.67e-06,7.45e-06,7.65e-06,187953758052
1760299200,2025-10-12 20:00:00,7.58e-06,7.73e-06,7.65e-06,7.61e-06,215512512672
1760302800,2025-10-12 21:00:00,7.44e-06,7.67e-06,7.6e-06,7.52e-06,236120287799
1760306400,2025-10-12 22:00:00,7.44e-06,7.6e-06,7.53e-06,7.48e-06,207273571520
1760310000,2025-10-12 23:00:00,7.4e-06,7.51e-06,7.47e-06,7.49e-06,141610746161
1760313600,2025-10-13 00:00:00,7.37e-06,7.55e-06,7.49e-06,7.4e-06,195890778524
1760317200,2025-10-13 01:00:00,7.35e-06,7.53e-06,7.41e-06,7.52e-06,162728482791
1760320800,2025-10-13 02:00:00,7.45e-06,7.58e-06,7.52e-06,7.58e-06,140494265757
1760324400,2025-10-13 03:00:00,7.5e-06,7.61e-06,7.58e-06,7.52e-06,144548522443
1760328000,2025-10-13 04:00:00,7.45e-06,7.57e-06,7.52e-06,7.57e-06,131322094056
1760331600,2025-10-13 05:00:00,7.51e-06,7.6e-06,7.57e-06,7.57e-06,107884909741
1760335200,2025-10-13 06:00:00,7.53e-06,7.68e-06,7.57e-06,7.62e-06,164795630970
1760338800,2025-10-13 07:00:00,7.61e-06,7.78e-06,7.62e-06,7.61e-06,174898998786
1760342400,2025-10-13 08:00:00,7.58e-06,7.7e-06,7.61e-06,7.67e-06,146943568199
1760346000,2025-10-13 09:00:00,7.54e-06,7.66e-06,7.66e-06,7.64e-06,130062682011
1760349600,2025-10-13 10:00:00,7.57e-06,7.68e-06,7.64e-06,7.67e-06,130515270855
1760353200,2025-10-13 11:00:00,7.3e-06,7.68e-06,7.66e-06,7.5e-06,409142069948
1760356800,2025-10-13 12:00:00,7.44e-06,7.68e-06,7.5e-06,7.6e-06,224132094652
1760360400,2025-10-13 13:00:00,7.55e-06,7.85e-06,7.6e-06,7.73e-06,544918323202
1760364000,2025-10-13 14:00:00,7.53e-06,7.75e-06,7.73e-06,7.58e-06,407759617942
1760367600,2025-10-13 15:00:00,7.58e-06,7.81e-06,7.59e-06,7.77e-06,270594102965
1760371200,2025-10-13 16:00:00,7.73e-06,7.88e-06,7.77e-06,7.83e-06,322882085723
1760374800,2025-10-13 17:00:00,7.8e-06,7.98e-06,7.83e-06,7.97e-06,256306159258
1760378400,2025-10-13 18:00:00,7.87e-06,7.98e-06,7.97e-06,7.87e-06,175446722471
1760382000,2025-10-13 19:00:00,7.84e-06,7.93e-06,7.87e-06,7.87e-06,186273344220
1760385600,2025-10-13 20:00:00,7.85e-06,7.95e-06,7.88e-06,7.95e-06,109910059588
1760389200,2025-10-13 21:00:00,7.87e-06,7.98e-06,7.95e-06,7.88e-06,84476699346
1760392800,2025-10-13 22:00:00,7.88e-06,7.96e-06,7.88e-06,7.93e-06,69584065997
1760396400,2025-10-13 23:00:00,7.81e-06,7.93e-06,7.93e-06,7.85e-06,102397075229
1760400000,2025-10-14 00:00:00,7.83e-06,7.92e-06,7.85e-06,7.89e-06,136110986299
1760403600,2025-10-14 01:00:00,7.79e-06,7.89e-06,7.89e-06,7.81e-06,98915681099
1760407200,2025-10-14 02:00:00,7.69e-06,7.82e-06,7.82e-06,7.72e-06,162022218385
1760410800,2025-10-14 03:00:00,7.63e-06,7.71e-06,7.71e-06,7.68e-06,153237554147
1760414400,2025-10-14 04:00:00,7.53e-06,7.71e-06,7.67e-06,7.56e-06,176286596463
1760418000,2025-10-14 05:00:00,7.44e-06,7.64e-06,7.56e-06,7.49e-06,213403940415
1760421600,2025-10-14 06:00:00,7.13e-06,7.54e-06,7.49e-06,7.33e-06,385279820961
1760425200,2025-10-14 07:00:00,7.22e-06,7.36e-06,7.33e-06,7.26e-06,313102584055
1760428800,2025-10-14 08:00:00,7.22e-06,7.35e-06,7.26e-06,7.3e-06,189150179034
1760432400,2025-10-14 09:00:00,7.27e-06,7.35e-06,7.3e-06,7.31e-06,99360260621
1760436000,2025-10-14 10:00:00,7.1e-06,7.31e-06,7.31e-06,7.23e-06,356125045080
1760439600,2025-10-14 11:00:00,7.22e-06,7.32e-06,7.23e-06,7.28e-06,152987036982
1760443200,2025-10-14 12:00:00,7.14e-06,7.28e-06,7.27e-06,7.16e-06,136227022064
1760446800,2025-10-14 13:00:00,7.07e-06,7.26e-06,7.15e-06,7.22e-06,424029715017
1760450400,2025-10-14 14:00:00,7.18e-06,7.33e-06,7.22e-06,7.26e-06,267537956559
1760454000,2025-10-14 15:00:00,7.21e-06,7.46e-06,7.26e-06,7.45e-06,298860828918
1760457600,2025-10-14 16:00:00,7.37e-06,7.57e-06,7.45e-06,7.39e-06,351735825092
1760461200,2025-10-14 17:00:00,7.29e-06,7.49e-06,7.39e-06,7.44e-06,230767229532
1760464800,2025-10-14 18:00:00,7.43e-06,7.52e-06,7.44e-06,7.48e-06,153684309195
1760468400,2025-10-14 19:00:00,7.32e-06,7.53e-06,7.48e-06,7.43e-06,237682083929
1760472000,2025-10-14 20:00:00,7.39e-06,7.47e-06,7.44e-06,7.47e-06,125902582362
1760475600,2025-10-14 21:00:00,7.41e-06,7.5e-06,7.47e-06,7.48e-06,53616425678
1760479200,2025-10-14 22:00:00,7.46e-06,7.52e-06,7.48e-06,7.5e-06,51873147048
1760482800,2025-10-14 23:00:00,7.49e-06,7.55e-06,7.49e-06,7.52e-06,77563462701
1760486400,2025-10-15 00:00:00,7.44e-06,7.54e-06,7.52e-06,7.51e-06,147973268497
1760490000,2025-10-15 01:00:00,7.41e-06,7.51e-06,7.5e-06,7.46e-06,99236552536
1760493600,2025-10-15 02:00:00,7.46e-06,7.55e-06,7.47e-06,7.49e-06,104181942320
1760497200,2025-10-15 03:00:00,7.37e-06,7.5e-06,7.49e-06,7.42e-06,127951251420
1760500800,2025-10-15 04:00:00,7.4e-06,7.48e-06,7.42e-06,7.46e-06,83157642025
1760504400,2025-10-15 05:00:00,7.43e-06,7.49e-06,7.47e-06,7.47e-06,81180965264
1760508000,2025-10-15 06:00:00,7.41e-06,7.52e-06,7.47e-06,7.52e-06,82385447843
1760511600,2025-10-15 07:00:00,7.49e-06,7.56e-06,7.52e-06,7.54e-06,77277150659
1760515200,2025-10-15 08:00:00,7.53e-06,7.66e-06,7.55e-06,7.58e-06,155004622237
1760518800,2025-10-15 09:00:00,7.52e-06,7.6e-06,7.57e-06,7.54e-06,85651699476
1760522400,2025-10-15 10:00:00,7.49e-06,7.57e-06,7.54e-06,7.52e-06,87774026504
1760526000,2025-10-15 11:00:00,7.44e-06,7.55e-06,7.53e-06,7.46e-06,79593595582
1760529600,2025-10-15 12:00:00,7.38e-06,7.48e-06,7.46e-06,7.43e-06,102373518060
1760533200,2025-10-15 13:00:00,7.18e-06,7.44e-06,7.42e-06,7.34e-06,299118765875
1760536800,2025-10-15 14:00:00,7.21e-06,7.41e-06,7.34e-06,7.26e-06,240809124086
1760540400,2025-10-15 15:00:00,7.15e-06,7.29e-06,7.26e-06,7.19e-06,288349604540
1760544000,2025-10-15 16:00:00,7.16e-06,7.25e-06,7.19e-06,7.21e-06,229362841631
1760547600,2025-10-15 17:00:00,7.13e-06,7.26e-06,7.21e-06,7.25e-06,162552940840
1760551200,2025-10-15 18:00:00,7.2e-06,7.27e-06,7.26e-06,7.25e-06,55668652923
1760554800,2025-10-15 19:00:00,7.16e-06,7.25e-06,7.25e-06,7.18e-06,54214012711
1760558400,2025-10-15 20:00:00,7.04e-06,7.23e-06,7.18e-06,7.13e-06,143349436540
1760562000,2025-10-15 21:00:00,7.06e-06,7.19e-06,7.13e-06,7.11e-06,81282727511
1760565600,2025-10-15 22:00:00,7.1e-06,7.19e-06,7.1e-06,7.12e-06,44812340533
1760569200,2025-10-15 23:00:00,7.12e-06,7.2e-06,7.13e-06,7.18e-06,28827688403
1760572800,2025-10-16 00:00:00,7.15e-06,7.22e-06,7.18e-06,7.15e-06,73179222535
1760576400,2025-10-16 01:00:00,7.14e-06,7.24e-06,7.15e-06,7.23e-06,127678719244
1760580000,2025-10-16 02:00:00,7.18e-06,7.26e-06,7.23e-06,7.23e-06,93236547934
1760583600,2025-10-16 03:00:00,7.18e-06,7.24e-06,7.24e-06,7.18e-06,25828487025
1760587200,2025-10-16 04:00:00,7.16e-06,7.24e-06,7.18e-06,7.18e-06,28175466119
1760590800,2025-10-16 05:00:00,7.13e-06,7.24e-06,7.19e-06,7.18e-06,58035633513
1760594400,2025-10-16 06:00:00,7.17e-06,7.26e-06,7.17e-06,7.25e-06,56413547814
1760598000,2025-10-16 07:00:00,7.15e-06,7.26e-06,7.25e-06,7.18e-06,91274587710
1760601600,2025-10-16 08:00:00,7.08e-06,7.17e-06,7.17e-06,7.1e-06,39163132263
1760605200,2025-10-16 09:00:00,6.87e-06,7.21e-06,7.1e-06,7.18e-06,282677489402
1760608800,2025-10-16 10:00:00,7.17e-06,7.27e-06,7.18e-06,7.23e-06,81797702540
1760612400,2025-10-16 11:00:00,7.19e-06,7.26e-06,7.24e-06,7.25e-06,54695029413
1760616000,2025-10-16 12:00:00,7.23e-06,7.32e-06,7.26e-06,7.28e-06,88331476901
1760619600,2025-10-16 13:00:00,7.2e-06,7.29e-06,7.27e-06,7.22e-06,95063357802
1760623200,2025-10-16 14:00:00,7.08e-06,7.27e-06,7.22e-06,7.16e-06,153010795067
1760626800,2025-10-16 15:00:00,6.91e-06,7.18e-06,7.16e-06,6.96e-06,227567330784
1760630400,2025-10-16 16:00:00,6.83e-06,7.12e-06,6.95e-06,7.11e-06,286148660635
1760634000,2025-10-16 17:00:00,6.97e-06,7.11e-06,7.11e-06,6.99e-06,135982041138
1760637600,2025-10-16 18:00:00,6.89e-06,7e-06,6.99e-06,6.96e-06,143351539385
1760641200,2025-10-16 19:00:00,6.78e-06,6.98e-06,6.96e-06,6.85e-06,162938076868
1760644800,2025-10-16 20:00:00,6.75e-06,6.89e-06,6.85e-06,6.8e-06,101400059337
1760648400,2025-10-16 21:00:00,6.78e-06,6.9e-06,6.81e-06,6.9e-06,56676562355
1760652000,2025-10-16 22:00:00,6.8e-06,6.91e-06,6.91e-06,6.8e-06,85266924156
1760655600,2025-10-16 23:00:00,6.79e-06,6.89e-06,6.79e-06,6.88e-06,81205438803
1760659200,2025-10-17 00:00:00,6.85e-06,6.93e-06,6.87e-06,6.9e-06,59530291215
1760662800,2025-10-17 01:00:00,6.86e-06,6.96e-06,6.9e-06,6.89e-06,71464847833
1760666400,2025-10-17 02:00:00,6.83e-06,6.92e-06,6.89e-06,6.9e-06,87505149629
1760670000,2025-10-17 03:00:00,6.88e-06,6.93e-06,6.91e-06,6.93e-06,74573824080
1760673600,2025-10-17 04:00:00,6.87e-06,6.93e-06,6.93e-06,6.89e-06,52583234717
1760677200,2025-10-17 05:00:00,6.83e-06,6.91e-06,6.88e-06,6.84e-06,50351989693
1760680800,2025-10-17 06:00:00,6.59e-06,6.87e-06,6.84e-06,6.61e-06,285886727548
1760684400,2025-10-17 07:00:00,6.39e-06,6.62e-06,6.61e-06,6.43e-06,401533984061
1760688000,2025-10-17 08:00:00,6.3e-06,6.45e-06,6.44e-06,6.36e-06,212950431629
1760691600,2025-10-17 09:00:00,6.34e-06,6.56e-06,6.37e-06,6.42e-06,153444323741
1760695200,2025-10-17 10:00:00,6.32e-06,6.47e-06,6.43e-06,6.42e-06,324222838185
1760698800,2025-10-17 11:00:00,6.42e-06,6.63e-06,6.43e-06,6.57e-06,100698862720
1760702400,2025-10-17 12:00:00,6.54e-06,6.63e-06,6.58e-06,6.55e-06,93855796952
1760706000,2025-10-17 13:00:00,6.51e-06,6.66e-06,6.56e-06,6.61e-06,261642446274
1760709600,2025-10-17 14:00:00,6.46e-06,6.64e-06,6.61e-06,6.54e-06,229890829351
1760713200,2025-10-17 15:00:00,6.53e-06,6.69e-06,6.53e-06,6.69e-06,83816688629
1760716800,2025-10-17 16:00:00,6.63e-06,6.77e-06,6.68e-06,6.65e-06,123118447184
1760720400,2025-10-17 17:00:00,6.62e-06,6.7e-06,6.65e-06,6.67e-06,68231388972
1760724000,2025-10-17 18:00:00,6.67e-06,6.74e-06,6.68e-06,6.69e-06,55998951530
1760727600,2025-10-17 19:00:00,6.63e-06,6.71e-06,6.69e-06,6.67e-06,60271607445
1760731200,2025-10-17 20:00:00,6.65e-06,6.74e-06,6.68e-06,6.72e-06,34772739369
1760734800,2025-10-17 21:00:00,6.72e-06,6.77e-06,6.72e-06,6.76e-06,31986113914
1760738400,2025-10-17 22:00:00,6.69e-06,6.77e-06,6.76e-06,6.7e-06,53366219887
1760742000,2025-10-17 23:00:00,6.64e-06,6.71e-06,6.71e-06,6.65e-06,57192180418
1760745600,2025-10-18 00:00:00,6.64e-06,6.69e-06,6.65e-06,6.69e-06,46437622672
1760749200,2025-10-18 01:00:00,6.68e-06,6.76e-06,6.68e-06,6.75e-06,29112032986
1760752800,2025-10-18 02:00:00,6.67e-06,6.78e-06,6.75e-06,6.69e-06,26948068125
1760756400,2025-10-18 03:00:00,6.68e-06,6.74e-06,6.69e-06,6.72e-06,29809046194
1760760000,2025-10-18 04:00:00,6.66e-06,6.72e-06,6.72e-06,6.67e-06,22323720170
1760763600,2025-10-18 05:00:00,6.66e-06,6.74e-06,6.67e-06,6.73e-06,18630251164
1760767200,2025-10-18 06:00:00,6.71e-06,6.77e-06,6.73e-06,6.76e-06,22267930092
1760770800,2025-10-18 07:00:00,6.74e-06,6.85e-06,6.75e-06,6.75e-06,99358511080
1760774400,2025-10-18 08:00:00,6.71e-06,6.75e-06,6.74e-06,6.71e-06,34347803072
1760778000,2025-10-18 09:00:00,6.7e-06,6.77e-06,6.71e-06,6.76e-06,16713930809
1760781600,2025-10-18 10:00:00,6.73e-06,6.79e-06,6.76e-06,6.76e-06,17706891213
1760785200,2025-10-18 11:00:00,6.74e-06,6.8e-06,6.75e-06,6.79e-06,20995501188
1760788800,2025-10-18 12:00:00,6.76e-06,6.83e-06,6.79e-06,6.78e-06,20032815497
1760792400,2025-10-18 13:00:00,6.7e-06,6.78e-06,6.77e-06,6.72e-06,112547026401
1760796000,2025-10-18 14:00:00,6.67e-06,6.75e-06,6.73e-06,6.74e-06,24745970360
1760799600,2025-10-18 15:00:00,6.7e-06,6.77e-06,6.73e-06,6.75e-06,69217953650
1760803200,2025-10-18 16:00:00,6.66e-06,6.76e-06,6.74e-06,6.71e-06,49338001388
1760806800,2025-10-18 17:00:00,6.69e-06,6.78e-06,6.71e-06,6.78e-06,23172216780
1760810400,2025-10-18 18:00:00,6.75e-06,6.79e-06,6.78e-06,6.76e-06,13493778396
1760814000,2025-10-18 19:00:00,6.74e-06,6.79e-06,6.76e-06,6.78e-06,15127707021
1760817600,2025-10-18 20:00:00,6.77e-06,6.81e-06,6.78e-06,6.78e-06,25170487234
1760821200,2025-10-18 21:00:00,6.74e-06,6.8e-06,6.78e-06,6.78e-06,24359591591
1760824800,2025-10-18 22:00:00,6.75e-06,6.8e-06,6.79e-06,6.76e-06,22447355315
1760828400,2025-10-18 23:00:00,6.73e-06,6.76e-06,6.76e-06,6.74e-06,18269547129
1760832000,2025-10-19 00:00:00,6.68e-06,6.76e-06,6.74e-06,6.72e-06,75156414951
1760835600,2025-10-19 01:00:00,6.7e-06,6.78e-06,6.72e-06,6.78e-06,32447841829
1760839200,2025-10-19 02:00:00,6.72e-06,6.78e-06,6.78e-06,6.74e-06,31162386450
1760842800,2025-10-19 03:00:00,6.72e-06,6.81e-06,6.74e-06,6.8e-06,23482114486
1760846400,2025-10-19 04:00:00,6.76e-06,6.8e-06,6.8e-06,6.78e-06,16828855273
1760850000,2025-10-19 05:00:00,6.75e-06,6.8e-06,6.77e-06,6.76e-06,14423824252
1760853600,2025-10-19 06:00:00,6.71e-06,6.77e-06,6.75e-06,6.73e-06,19225630209
1760857200,2025-10-19 07:00:00,6.73e-06,6.79e-06,6.73e-06,6.79e-06,13798459592
1760860800,2025-10-19 08:00:00,6.7e-06,6.87e-06,6.79e-06,6.72e-06,145290530385
1760864400,2025-10-19 09:00:00,6.65e-06,6.86e-06,6.71e-06,6.8e-06,163910631003
1760868000,2025-10-19 10:00:00,6.78e-06,6.95e-06,6.81e-06,6.9e-06,103443992342
1760871600,2025-10-19 11:00:00,6.86e-06,6.95e-06,6.91e-06,6.89e-06,45322741182
1760875200,2025-10-19 12:00:00,6.82e-06,6.9e-06,6.9e-06,6.86e-06,35300765984
1760878800,2025-10-19 13:00:00,6.84e-06,7.11e-06,6.86e-06,7.06e-06,97496878893
1760882400,2025-10-19 14:00:00,7.02e-06,7.1e-06,7.07e-06,7.05e-06,92058152487
1760886000,2025-10-19 15:00:00,7.01e-06,7.05e-06,7.05e-06,7.04e-06,37687400393
1760889600,2025-10-19 16:00:00,6.98e-06,7.09e-06,7.04e-06,7.07e-06,84907022961
1760893200,2025-10-19 17:00:00,7.04e-06,7.14e-06,7.07e-06,7.05e-06,88528723897
1760896800,2025-10-19 18:00:00,7.05e-06,7.12e-06,7.05e-06,7.11e-06,40453415159
1760900400,2025-10-19 19:00:00,7.07e-06,7.13e-06,7.11e-06,7.11e-06,23850010472
1760904000,2025-10-19 20:00:00,7.07e-06,7.13e-06,7.1e-06,7.11e-06,26038277916
1760907600,2025-10-19 21:00:00,7.05e-06,7.12e-06,7.12e-06,7.09e-06,41072749284
1760911200,2025-10-19 22:00:00,7.06e-06,7.1e-06,7.08e-06,7.06e-06,50276394768
1760914800,2025-10-19 23:00:00,6.98e-06,7.07e-06,7.07e-06,7e-06,62431257848
1760918400,2025-10-20 00:00:00,6.84e-06,7e-06,6.99e-06,6.93e-06,114508686217
1760922000,2025-10-20 01:00:00,6.91e-06,6.96e-06,6.94e-06,6.94e-06,46603848985
1760925600,2025-10-20 02:00:00,6.89e-06,7.02e-06,6.93e-06,7e-06,48303600137
1760929200,2025-10-20 03:00:00,6.97e-06,7.17e-06,7e-06,7.14e-06,77214121978
1760932800,2025-10-20 04:00:00,7.13e-06,7.22e-06,7.14e-06,7.22e-06,84996939241
1760936400,2025-10-20 05:00:00,7.16e-06,7.24e-06,7.23e-06,7.23e-06,45353342544
1760940000,2025-10-20 06:00:00,7.22e-06,7.27e-06,7.24e-06,7.23e-06,36466164655
1760943600,2025-10-20 07:00:00,7.2e-06,7.24e-06,7.23e-06,7.23e-06,23358560071
1760947200,2025-10-20 08:00:00,7.21e-06,7.27e-06,7.22e-06,7.22e-06,18192022705
1760950800,2025-10-20 09:00:00,7.21e-06,7.27e-06,7.22e-06,7.25e-06,22560488970
1760954400,2025-10-20 10:00:00,7.22e-06,7.32e-06,7.25e-06,7.25e-06,67349737460
1760958000,2025-10-20 11:00:00,7.19e-06,7.25e-06,7.24e-06,7.21e-06,67360440012
1760961600,2025-10-20 12:00:00,7.16e-06,7.21e-06,7.21e-06,7.21e-06,66641439469
1760965200,2025-10-20 13:00:00,7.17e-06,7.23e-06,7.21e-06,7.21e-06,98930620264
1760968800,2025-10-20 14:00:00,7.16e-06,7.24e-06,7.22e-06,7.24e-06,57924829278
1760972400,2025-10-20 15:00:00,7.15e-06,7.27e-06,7.23e-06,7.15e-06,90284355887
1760976000,2025-10-20 16:00:00,7.01e-06,7.16e-06,7.15e-06,7.1e-06,178084428928
1760979600,2025-10-20 17:00:00,7.04e-06,7.13e-06,7.1e-06,7.09e-06,71037283327
1760983200,2025-10-20 18:00:00,7.06e-06,7.14e-06,7.09e-06,7.14e-06,34031183485
1760986800,2025-10-20 19:00:00,7.09e-06,7.18e-06,7.13e-06,7.16e-06,43217974186
1760990400,2025-10-20 20:00:00,7.13e-06,7.18e-06,7.15e-06,7.17e-06,39291169449
1760994000,2025-10-20 21:00:00,7.12e-06,7.21e-06,7.17e-06,7.13e-06,23673726302
1760997600,2025-10-20 22:00:00,7.12e-06,7.19e-06,7.14e-06,7.18e-06,19523292517
1761001200,2025-10-20 23:00:00,7.14e-06,7.18e-06,7.18e-06,7.15e-06,17867717620
1761004800,2025-10-21 00:00:00,7.14e-06,7.2e-06,7.16e-06,7.17e-06,25919198551
1761008400,2025-10-21 01:00:00,7.07e-06,7.18e-06,7.17e-06,7.1e-06,87008015254
1761012000,2025-10-21 02:00:00,7.01e-06,7.1e-06,7.1e-06,7.02e-06,144738628483
1761015600,2025-10-21 03:00:00,6.98e-06,7.05e-06,7.02e-06,6.99e-06,41913853759
1761019200,2025-10-21 04:00:00,6.84e-06,7e-06,6.98e-06,6.86e-06,176665383181
1761022800,2025-10-21 05:00:00,6.83e-06,6.88e-06,6.87e-06,6.87e-06,80639844792
1761026400,2025-10-21 06:00:00,6.86e-06,6.92e-06,6.87e-06,6.9e-06,43820158319
1761030000,2025-10-21 07:00:00,6.86e-06,6.96e-06,6.89e-06,6.95e-06,61925868107
1761033600,2025-10-21 08:00:00,6.87e-06,6.95e-06,6.94e-06,6.93e-06,28079538265
1761037200,2025-10-21 09:00:00,6.89e-06,6.92e-06,6.92e-06,6.89e-06,25046082745
1761040800,2025-10-21 10:00:00,6.89e-06,6.99e-06,6.89e-06,6.95e-06,43135728293
1761044400,2025-10-21 11:00:00,6.87e-06,6.95e-06,6.94e-06,6.91e-06,45112147448
1761048000,2025-10-21 12:00:00,6.89e-06,6.98e-06,6.91e-06,6.92e-06,37107763066
1761051600,2025-10-21 13:00:00,6.87e-06,6.95e-06,6.92e-06,6.9e-06,106268339528
1761055200,2025-10-21 14:00:00,6.9e-06,7.24e-06,6.9e-06,7.21e-06,193041979161
1761058800,2025-10-21 15:00:00,7.16e-06,7.34e-06,7.22e-06,7.31e-06,219028239284
1761062400,2025-10-21 16:00:00,7.18e-06,7.38e-06,7.31e-06,7.2e-06,201929154777
1761066000,2025-10-21 17:00:00,7.13e-06,7.26e-06,7.2e-06,7.24e-06,162126413778
1761069600,2025-10-21 18:00:00,7.18e-06,7.26e-06,7.23e-06,7.25e-06,82116135101
1761073200,2025-10-21 19:00:00,7.22e-06,7.27e-06,7.25e-06,7.23e-06,30008150071
1761076800,2025-10-21 20:00:00,7.12e-06,7.24e-06,7.24e-06,7.14e-06,85001645630
1761080400,2025-10-21 21:00:00,7.05e-06,7.19e-06,7.14e-06,7.16e-06,65898515727
1761084000,2025-10-21 22:00:00,6.99e-06,7.17e-06,7.16e-06,7e-06,129322518606
1761087600,2025-10-21 23:00:00,6.9e-06,7.02e-06,7e-06,6.92e-06,139212266988
1761091200,2025-10-22 00:00:00,6.86e-06,6.96e-06,6.91e-06,6.89e-06,94047387846
1761094800,2025-10-22 01:00:00,6.86e-06,6.94e-06,6.89e-06,6.91e-06,132054590851
1761098400,2025-10-22 02:00:00,6.89e-06,6.95e-06,6.92e-06,6.91e-06,34715676942
1761102000,2025-10-22 03:00:00,6.85e-06,6.91e-06,6.91e-06,6.91e-06,54718484638
1761105600,2025-10-22 04:00:00,6.91e-06,6.97e-06,6.91e-06,6.96e-06,33311744844
1761109200,2025-10-22 05:00:00,6.82e-06,6.96e-06,6.96e-06,6.88e-06,80633095960
1761112800,2025-10-22 06:00:00,6.86e-06,6.89e-06,6.87e-06,6.86e-06,24902340170
1761116400,2025-10-22 07:00:00,6.81e-06,6.89e-06,6.85e-06,6.87e-06,89544546950
1761120000,2025-10-22 08:00:00,6.83e-06,6.87e-06,6.87e-06,6.84e-06,39592023246
1761123600,2025-10-22 09:00:00,6.78e-06,6.84e-06,6.84e-06,6.79e-06,53086734489
1761127200,2025-10-22 10:00:00,6.77e-06,6.82e-06,6.79e-06,6.77e-06,60291628791
1761130800,2025-10-22 11:00:00,6.66e-06,6.84e-06,6.77e-06,6.81e-06,168790648447
1761134400,2025-10-22 12:00:00,6.79e-06,6.88e-06,6.81e-06,6.86e-06,59962805968
1761138000,2025-10-22 13:00:00,6.8e-06,6.93e-06,6.87e-06,6.93e-06,145467558806
1761141600,2025-10-22 14:00:00,6.75e-06,6.93e-06,6.93e-06,6.89e-06,173021905973
1761145200,2025-10-22 15:00:00,6.77e-06,6.92e-06,6.88e-06,6.84e-06,107767058527
1761148800,2025-10-22 16:00:00,6.76e-06,6.88e-06,6.85e-06,6.81e-06,117677784034
1761152400,2025-10-22 17:00:00,6.73e-06,6.83e-06,6.82e-06,6.76e-06,74670470640
1761156000,2025-10-22 18:00:00,6.73e-06,6.8e-06,6.76e-06,6.76e-06,83746749181
1761159600,2025-10-22 19:00:00,6.69e-06,6.84e-06,6.77e-06,6.75e-06,91721314761
1761163200,2025-10-22 20:00:00,6.68e-06,6.78e-06,6.75e-06,6.69e-06,74607187340
1761166800,2025-10-22 21:00:00,6.44e-06,6.69e-06,6.68e-06,6.56e-06,214880049112
1761170400,2025-10-22 22:00:00,6.54e-06,6.6e-06,6.57e-06,6.57e-06,108893938744
1761174000,2025-10-22 23:00:00,6.57e-06,6.72e-06,6.57e-06,6.71e-06,85515300531
1761177600,2025-10-23 00:00:00,6.7e-06,6.75e-06,6.71e-06,6.73e-06,44228270499
1761181200,2025-10-23 01:00:00,6.73e-06,6.77e-06,6.73e-06,6.75e-06,52207611441
1761184800,2025-10-23 02:00:00,6.73e-06,6.77e-06,6.74e-06,6.76e-06,16094674125
1761188400,2025-10-23 03:00:00,6.74e-06,6.78e-06,6.76e-06,6.76e-06,19594395086
1761192000,2025-10-23 04:00:00,6.74e-06,6.78e-06,6.76e-06,6.77e-06,25995787144
1761195600,2025-10-23 05:00:00,6.74e-06,6.78e-06,6.76e-06,6.78e-06,15644864494
1761199200,2025-10-23 06:00:00,6.76e-06,6.89e-06,6.78e-06,6.88e-06,72672593122
1761202800,2025-10-23 07:00:00,6.82e-06,6.89e-06,6.89e-06,6.84e-06,31336780354
1761206400,2025-10-23 08:00:00,6.85e-06,6.91e-06,6.85e-06,6.88e-06,41995526988
1761210000,2025-10-23 09:00:00,6.85e-06,6.89e-06,6.88e-06,6.89e-06,36872230091
1761213600,2025-10-23 10:00:00,6.86e-06,6.93e-06,6.9e-06,6.86e-06,39256828266
1761217200,2025-10-23 11:00:00,6.82e-06,6.88e-06,6.87e-06,6.84e-06,57971114461
1761220800,2025-10-23 12:00:00,6.78e-06,6.86e-06,6.83e-06,6.86e-06,58526115889
1761224400,2025-10-23 13:00:00,6.82e-06,6.9e-06,6.85e-06,6.87e-06,80607701394
1761228000,2025-10-23 14:00:00,6.79e-06,6.89e-06,6.87e-06,6.87e-06,93776509783
1761231600,2025-10-23 15:00:00,6.85e-06,6.94e-06,6.87e-06,6.91e-06,94518883418
1761235200,2025-10-23 16:00:00,6.89e-06,6.99e-06,6.91e-06,6.97e-06,65115282529
1761238800,2025-10-23 17:00:00,6.91e-06,7.03e-06,6.98e-06,7.01e-06,109855686322
1761242400,2025-10-23 18:00:00,6.93e-06,7.02e-06,7.01e-06,6.94e-06,51486103024
1761246000,2025-10-23 19:00:00,6.91e-06,6.96e-06,6.96e-06,6.93e-06,24409602421
1761249600,2025-10-23 20:00:00,6.82e-06,6.94e-06,6.93e-06,6.84e-06,72979737219
1761253200,2025-10-23 21:00:00,6.84e-06,6.9e-06,6.84e-06,6.89e-06,43888053491
1761256800,2025-10-23 22:00:00,6.89e-06,6.93e-06,6.89e-06,6.92e-06,39511160848
1761260400,2025-10-23 23:00:00,6.91e-06,6.96e-06,6.93e-06,6.96e-06,30711277282
1761264000,2025-10-24 00:00:00,6.92e-06,7e-06,6.95e-06,6.98e-06,34569503775
1761267600,2025-10-24 01:00:00,6.95e-06,7.02e-06,6.98e-06,7e-06,18664321482
1761271200,2025-10-24 02:00:00,6.97e-06,7.02e-06,7.01e-06,7e-06,19361804442
1761274800,2025-10-24 03:00:00,6.96e-06,7e-06,7e-06,6.98e-06,32930166104
1761278400,2025-10-24 04:00:00,6.95e-06,7.11e-06,6.98e-06,7.1e-06,67306204968
1761282000,2025-10-24 05:00:00,7.07e-06,7.13e-06,7.1e-06,7.12e-06,66454911078
1761285600,2025-10-24 06:00:00,7.11e-06,7.17e-06,7.12e-06,7.14e-06,58137598962
1761289200,2025-10-24 07:00:00,7.12e-06,7.16e-06,7.14e-06,7.15e-06,16961237715
1761292800,2025-10-24 08:00:00,7.11e-06,7.2e-06,7.15e-06,7.16e-06,29148118099
1761296400,2025-10-24 09:00:00,7.09e-06,7.16e-06,7.16e-06,7.1e-06,41869508233
1761300000,2025-10-24 10:00:00,7.05e-06,7.09e-06,7.09e-06,7.07e-06,23354723254
1761303600,2025-10-24 11:00:00,7.02e-06,7.08e-06,7.06e-06,7.07e-06,28542376953
1761307200,2025-10-24 12:00:00,7.07e-06,7.24e-06,7.08e-06,7.14e-06,172261769619
1761310800,2025-10-24 13:00:00,7.04e-06,7.16e-06,7.14e-06,7.11e-06,122176362146
1761314400,2025-10-24 14:00:00,6.97e-06,7.11e-06,7.11e-06,7.05e-06,146809260831
1761318000,2025-10-24 15:00:00,7.02e-06,7.11e-06,7.05e-06,7.04e-06,60242714893
1761321600,2025-10-24 16:00:00,7e-06,7.08e-06,7.05e-06,7.04e-06,39087588349
1761325200,2025-10-24 17:00:00,7.04e-06,7.11e-06,7.05e-06,7.07e-06,16576744904
1761328800,2025-10-24 18:00:00,7.07e-06,7.1e-06,7.07e-06,7.09e-06,22560620548
1761332400,2025-10-24 19:00:00,7.09e-06,7.16e-06,7.1e-06,7.14e-06,44710508554
1761336000,2025-10-24 20:00:00,7.13e-06,7.18e-06,7.14e-06,7.16e-06,28563702243
1761339600,2025-10-24 21:00:00,7.15e-06,7.2e-06,7.17e-06,7.18e-06,33434360071
1761343200,2025-10-24 22:00:00,7.17e-06,7.2e-06,7.2e-06,7.19e-06,21227331044
1761346800,2025-10-24 23:00:00,7.16e-06,7.2e-06,7.18e-06,7.18e-06,21499694524
1761350400,2025-10-25 00:00:00,7.14e-06,7.2e-06,7.17e-06,7.17e-06,33200711432
1761354000,2025-10-25 01:00:00,7.16e-06,7.21e-06,7.18e-06,7.2e-06,23076800366
1761357600,2025-10-25 02:00:00,7.16e-06,7.2e-06,7.19e-06,7.17e-06,33101732864
1761361200,2025-10-25 03:00:00,7.13e-06,7.18e-06,7.17e-06,7.14e-06,25403958402
1761364800,2025-10-25 04:00:00,7.14e-06,7.19e-06,7.15e-06,7.16e-06,48273129705
1761368400,2025-10-25 05:00:00,7.14e-06,7.17e-06,7.17e-06,7.17e-06,15523759517
1761372000,2025-10-25 06:00:00,7.11e-06,7.17e-06,7.17e-06,7.11e-06,21883489618
1761375600,2025-10-25 07:00:00,7.11e-06,7.17e-06,7.12e-06,7.11e-06,28991588513
1761379200,2025-10-25 08:00:00,7.11e-06,7.14e-06,7.11e-06,7.14e-06,13738062561
1761382800,2025-10-25 09:00:00,7.11e-06,7.15e-06,7.14e-06,7.13e-06,15343263376
1761386400,2025-10-25 10:00:00,7.09e-06,7.14e-06,7.13e-06,7.11e-06,21083905313
1761390000,2025-10-25 11:00:00,7.11e-06,7.16e-06,7.11e-06,7.16e-06,15639604419
1761393600,2025-10-25 12:00:00,7.15e-06,7.19e-06,7.16e-06,7.17e-06,16286088863
1761397200,2025-10-25 13:00:00,7.13e-06,7.18e-06,7.16e-06,7.14e-06,16189021227
1761400800,2025-10-25 14:00:00,7.13e-06,7.17e-06,7.14e-06,7.14e-06,5498981989
1761404400,2025-10-25 15:00:00,7.13e-06,7.14e-06,7.14e-06,7.13e-06,842861583
1761426000,2025-10-25 21:00:00,7.15e-06,7.19e-06,7.16e-06,7.18e-06,15441933676
1761429600,2025-10-25 22:00:00,7.15e-06,7.19e-06,7.17e-06,7.18e-06,15102619495
1761433200,2025-10-25 23:00:00,7.14e-06,7.18e-06,7.18e-06,7.16e-06,38092068101
1761436800,2025-10-26 00:00:00,7.11e-06,7.16e-06,7.15e-06,7.12e-06,70445024699
1761440400,2025-10-26 01:00:00,7.05e-06,7.13e-06,7.13e-06,7.07e-06,46137960479
1761444000,2025-10-26 02:00:00,7.04e-06,7.09e-06,7.07e-06,7.04e-06,71467552815
1761447600,2025-10-26 03:00:00,7.02e-06,7.06e-06,7.05e-06,7.04e-06,25645294618
1761451200,2025-10-26 04:00:00,7.03e-06,7.08e-06,7.03e-06,7.07e-06,28526065643
1761454800,2025-10-26 05:00:00,7.05e-06,7.12e-06,7.07e-06,7.1e-06,4445857754
1761458400,2025-10-26 06:00:00,7.08e-06,7.11e-06,7.1e-06,7.1e-06,9130759676
1761462000,2025-10-26 07:00:00,7.09e-06,7.16e-06,7.09e-06,7.16e-06,11488506589
1761465600,2025-10-26 08:00:00,7.15e-06,7.2e-06,7.16e-06,7.19e-06,27987776902
1761469200,2025-10-26 09:00:00,7.16e-06,7.3e-06,7.19e-06,7.28e-06,99642615177
1761472800,2025-10-26 10:00:00,7.21e-06,7.28e-06,7.27e-06,7.24e-06,25362201284
1761476400,2025-10-26 11:00:00,7.21e-06,7.38e-06,7.25e-06,7.35e-06,67714929339
1761480000,2025-10-26 12:00:00,7.32e-06,7.38e-06,7.37e-06,7.36e-06,110053743065
1761483600,2025-10-26 13:00:00,7.33e-06,7.41e-06,7.36e-06,7.36e-06,58879959706
1761487200,2025-10-26 14:00:00,7.29e-06,7.36e-06,7.36e-06,7.31e-06,74156172956
1761490800,2025-10-26 15:00:00,7.28e-06,7.34e-06,7.3e-06,7.32e-06,41871990432
1761494400,2025-10-26 16:00:00,7.26e-06,7.33e-06,7.33e-06,7.27e-06,55732979222
1761498000,2025-10-26 17:00:00,7.26e-06,7.3e-06,7.27e-06,7.27e-06,35184359708
1761501600,2025-10-26 18:00:00,7.28e-06,7.32e-06,7.28e-06,7.29e-06,27527621517
1761505200,2025-10-26 19:00:00,7.27e-06,7.3e-06,7.29e-06,7.28e-06,30407512525
1761508800,2025-10-26 20:00:00,7.22e-06,7.29e-06,7.29e-06,7.24e-06,63333407623
1761512400,2025-10-26 21:00:00,7.22e-06,7.3e-06,7.24e-06,7.3e-06,15299766516
1761516000,2025-10-26 22:00:00,7.29e-06,7.46e-06,7.3e-06,7.38e-06,105294922807
1761519600,2025-10-26 23:00:00,7.32e-06,7.39e-06,7.38e-06,7.32e-06,54779341128
1761523200,2025-10-27 00:00:00,7.3e-06,7.4e-06,7.32e-06,7.37e-06,43061603008
1761526800,2025-10-27 01:00:00,7.35e-06,7.41e-06,7.36e-06,7.4e-06,31295650146
1761530400,2025-10-27 02:00:00,7.34e-06,7.42e-06,7.39e-06,7.36e-06,77005923622
1761534000,2025-10-27 03:00:00,7.3e-06,7.39e-06,7.37e-06,7.31e-06,48522755319
1761537600,2025-10-27 04:00:00,7.29e-06,7.35e-06,7.31e-06,7.34e-06,30364590158
1761541200,2025-10-27 05:00:00,7.34e-06,7.43e-06,7.35e-06,7.35e-06,27092106617
1761544800,2025-10-27 06:00:00,7.3e-06,7.35e-06,7.35e-06,7.34e-06,26566592888
1761548400,2025-10-27 07:00:00,7.23e-06,7.36e-06,7.34e-06,7.28e-06,64992336719
1761552000,2025-10-27 08:00:00,7.17e-06,7.27e-06,7.26e-06,7.2e-06,64647486225
1761555600,2025-10-27 09:00:00,7.13e-06,7.2e-06,7.19e-06,7.18e-06,42951581084
1761559200,2025-10-27 10:00:00,7.16e-06,7.21e-06,7.17e-06,7.2e-06,25876485649
1761562800,2025-10-27 11:00:00,7.16e-06,7.22e-06,7.2e-06,7.2e-06,33426849103
1761566400,2025-10-27 12:00:00,7.16e-06,7.21e-06,7.2e-06,7.17e-06,23076894064
1761570000,2025-10-27 13:00:00,7.12e-06,7.24e-06,7.18e-06,7.22e-06,58043977056
1761573600,2025-10-27 14:00:00,7.15e-06,7.23e-06,7.22e-06,7.17e-06,40618789141
1761577200,2025-10-27 15:00:00,7.17e-06,7.23e-06,7.18e-06,7.2e-06,70232406152
1761580800,2025-10-27 16:00:00,7.2e-06,7.35e-06,7.21e-06,7.32e-06,78882492329
1761584400,2025-10-27 17:00:00,7.29e-06,7.35e-06,7.32e-06,7.34e-06,54224350266
1761588000,2025-10-27 18:00:00,7.29e-06,7.36e-06,7.34e-06,7.32e-06,37068390152
1761591600,2025-10-27 19:00:00,7.22e-06,7.32e-06,7.31e-06,7.23e-06,58761844935
1761595200,2025-10-27 20:00:00,7.16e-06,7.23e-06,7.22e-06,7.16e-06,43704515082
1761598800,2025-10-27 21:00:00,7.13e-06,7.2e-06,7.16e-06,7.16e-06,32176708645
1761602400,2025-10-27 22:00:00,7.12e-06,7.2e-06,7.16e-06,7.14e-06,35155217644
1761606000,2025-10-27 23:00:00,7.04e-06,7.14e-06,7.14e-06,7.12e-06,102326216164
1761609600,2025-10-28 00:00:00,7.12e-06,7.18e-06,7.12e-06,7.14e-06,40812268727
1761613200,2025-10-28 01:00:00,7.14e-06,7.19e-06,7.15e-06,7.18e-06,61550971836
1761616800,2025-10-28 02:00:00,7.08e-06,7.2e-06,7.18e-06,7.12e-06,40252142048
1761620400,2025-10-28 03:00:00,7.08e-06,7.14e-06,7.12e-06,7.11e-06,106366732864
1761624000,2025-10-28 04:00:00,7.09e-06,7.17e-06,7.1e-06,7.15e-06,40108843135
1761627600,2025-10-28 05:00:00,7.06e-06,7.16e-06,7.15e-06,7.08e-06,30585261300
1761631200,2025-10-28 06:00:00,7.08e-06,7.22e-06,7.08e-06,7.22e-06,21801439646
1761634800,2025-10-28 07:00:00,7.13e-06,7.25e-06,7.21e-06,7.15e-06,47757342283
1761638400,2025-10-28 08:00:00,7.13e-06,7.19e-06,7.14e-06,7.17e-06,26855954484
1761642000,2025-10-28 09:00:00,7.13e-06,7.19e-06,7.16e-06,7.18e-06,32010361002
1761645600,2025-10-28 10:00:00,7.14e-06,7.19e-06,7.17e-06,7.19e-06,16015726054
1761649200,2025-10-28 11:00:00,7.16e-06,7.25e-06,7.19e-06,7.19e-06,23335119890
1761652800,2025-10-28 12:00:00,7.17e-06,7.26e-06,7.19e-06,7.24e-06,27430161343
1761656400,2025-10-28 13:00:00,7.23e-06,7.3e-06,7.23e-06,7.29e-06,69017935387
1761660000,2025-10-28 14:00:00,7.06e-06,7.32e-06,7.28e-06,7.2e-06,188289918672
1761663600,2025-10-28 15:00:00,7.16e-06,7.25e-06,7.21e-06,7.18e-06,95789032091
1761667200,2025-10-28 16:00:00,7.16e-06,7.28e-06,7.18e-06,7.26e-06,58877609712
1761670800,2025-10-28 17:00:00,7.23e-06,7.27e-06,7.26e-06,7.24e-06,30091473456
1761674400,2025-10-28 18:00:00,7.17e-06,7.27e-06,7.24e-06,7.23e-06,157516753083
1761678000,2025-10-28 19:00:00,7.04e-06,7.25e-06,7.23e-06,7.06e-06,204101106253
1761681600,2025-10-28 20:00:00,6.88e-06,7.07e-06,7.06e-06,6.92e-06,256572748090
1761685200,2025-10-28 21:00:00,6.84e-06,6.96e-06,6.92e-06,6.92e-06,95838167167
1761688800,2025-10-28 22:00:00,6.9e-06,7.01e-06,6.92e-06,7.01e-06,46442356806
1761692400,2025-10-28 23:00:00,6.97e-06,7.02e-06,7e-06,6.99e-06,42319306574
1761696000,2025-10-29 00:00:00,6.94e-06,7e-06,6.98e-06,6.96e-06,50548089731
1761699600,2025-10-29 01:00:00,6.94e-06,6.99e-06,6.96e-06,6.95e-06,41890906465
1761703200,2025-10-29 02:00:00,6.93e-06,6.96e-06,6.95e-06,6.95e-06,25376413669
1761706800,2025-10-29 03:00:00,6.91e-06,6.95e-06,6.94e-06,6.93e-06,25329199117
1761710400,2025-10-29 04:00:00,6.92e-06,6.97e-06,6.93e-06,6.95e-06,14576933907
1761714000,2025-10-29 05:00:00,6.94e-06,7e-06,6.95e-06,6.97e-06,23250757522
1761717600,2025-10-29 06:00:00,6.94e-06,6.99e-06,6.97e-06,6.96e-06,35946334099
1761721200,2025-10-29 07:00:00,6.93e-06,6.98e-06,6.96e-06,6.95e-06,37353723284
1761724800,2025-10-29 08:00:00,6.91e-06,6.97e-06,6.96e-06,6.92e-06,18131065070
1761728400,2025-10-29 09:00:00,6.9e-06,6.95e-06,6.93e-06,6.93e-06,52824717365
1761732000,2025-10-29 10:00:00,6.93e-06,7.03e-06,6.94e-06,7.02e-06,43469379712
1761735600,2025-10-29 11:00:00,7e-06,7.06e-06,7.01e-06,7.05e-06,22513680652
1761739200,2025-10-29 12:00:00,7.03e-06,7.08e-06,7.05e-06,7.07e-06,23620844479
1761742800,2025-10-29 13:00:00,7.04e-06,7.13e-06,7.08e-06,7.07e-06,35606579441
1761746400,2025-10-29 14:00:00,7.03e-06,7.09e-06,7.08e-06,7.07e-06,28183823584
1761750000,2025-10-29 15:00:00,6.92e-06,7.09e-06,7.08e-06,6.95e-06,78314734057
1761753600,2025-10-29 16:00:00,6.91e-06,7.01e-06,6.94e-06,6.96e-06,43690662400
1761757200,2025-10-29 17:00:00,6.96e-06,7.17e-06,6.97e-06,7.16e-06,53319095079
1761760800,2025-10-29 18:00:00,6.8e-06,7.18e-06,7.17e-06,7.02e-06,326251224794
1761764400,2025-10-29 19:00:00,7.01e-06,7.17e-06,7.02e-06,7.11e-06,150890923654
1761768000,2025-10-29 20:00:00,7.07e-06,7.24e-06,7.12e-06,7.2e-06,133372941140
1761771600,2025-10-29 21:00:00,7.14e-06,7.21e-06,7.2e-06,7.17e-06,65186662177
1761775200,2025-10-29 22:00:00,7.12e-06,7.18e-06,7.17e-06,7.14e-06,24506267591
1761778800,2025-10-29 23:00:00,6.98e-06,7.15e-06,7.14e-06,7.02e-06,80068596686
1761782400,2025-10-30 00:00:00,6.96e-06,7.06e-06,7.03e-06,7.05e-06,48022753738
1761786000,2025-10-30 01:00:00,6.99e-06,7.05e-06,7.05e-06,7e-06,64749623459
1761789600,2025-10-30 02:00:00,6.99e-06,7.1e-06,7e-06,7.09e-06,85819532258
1761793200,2025-10-30 03:00:00,7e-06,7.09e-06,7.09e-06,7.03e-06,40133594360
1761796800,2025-10-30 04:00:00,6.7e-06,7.02e-06,7.02e-06,6.8e-06,236513957180
1761800400,2025-10-30 05:00:00,6.76e-06,6.95e-06,6.79e-06,6.94e-06,97669252762
1761804000,2025-10-30 06:00:00,6.89e-06,6.98e-06,6.94e-06,6.95e-06,32510303427
1761807600,2025-10-30 07:00:00,6.94e-06,7.01e-06,6.95e-06,6.97e-06,50188659026
1761811200,2025-10-30 08:00:00,6.88e-06,6.97e-06,6.97e-06,6.89e-06,26049975622
1761814800,2025-10-30 09:00:00,6.81e-06,6.89e-06,6.89e-06,6.81e-06,28421339416
1761818400,2025-10-30 10:00:00,6.77e-06,6.84e-06,6.8e-06,6.79e-06,34426246656
1761822000,2025-10-30 11:00:00,6.76e-06,6.81e-06,6.79e-06,6.76e-06,35177154163
1761825600,2025-10-30 12:00:00,6.61e-06,6.77e-06,6.77e-06,6.67e-06,125859984915
1761829200,2025-10-30 13:00:00,6.52e-06,6.7e-06,6.67e-06,6.56e-06,126128512701
1761832800,2025-10-30 14:00:00,6.52e-06,6.6e-06,6.55e-06,6.55e-06,69730688817
1761836400,2025-10-30 15:00:00,6.42e-06,6.56e-06,6.55e-06,6.46e-06,108317323532
1761840000,2025-10-30 16:00:00,6.42e-06,6.5e-06,6.45e-06,6.47e-06,100400801679
1761843600,2025-10-30 17:00:00,6.3e-06,6.47e-06,6.47e-06,6.4e-06,123412002905
1761847200,2025-10-30 18:00:00,6.31e-06,6.41e-06,6.4e-06,6.34e-06,116507032994
1761850800,2025-10-30 19:00:00,6.26e-06,6.36e-06,6.34e-06,6.28e-06,111101151923
1761854400,2025-10-30 20:00:00,6.26e-06,6.38e-06,6.27e-06,6.38e-06,130935641329
1761858000,2025-10-30 21:00:00,6.33e-06,6.4e-06,6.37e-06,6.37e-06,29735098662
1761861600,2025-10-30 22:00:00,6.35e-06,6.39e-06,6.37e-06,6.39e-06,51056115192
1761865200,2025-10-30 23:00:00,6.36e-06,6.44e-06,6.39e-06,6.44e-06,78339642922
1761868800,2025-10-31 00:00:00,6.43e-06,6.53e-06,6.44e-06,6.49e-06,85307304627
1761872400,2025-10-31 01:00:00,6.48e-06,6.56e-06,6.48e-06,6.54e-06,88341401423
1761876000,2025-10-31 02:00:00,6.46e-06,6.54e-06,6.54e-06,6.51e-06,99323223900
1761879600,2025-10-31 03:00:00,6.49e-06,6.55e-06,6.5e-06,6.53e-06,27303039240
1761883200,2025-10-31 04:00:00,6.53e-06,6.62e-06,6.53e-06,6.61e-06,102040250837
1761886800,2025-10-31 05:00:00,6.56e-06,6.61e-06,6.61e-06,6.58e-06,46431896576
1761890400,2025-10-31 06:00:00,6.53e-06,6.57e-06,6.57e-06,6.55e-06,37766044204
1761894000,2025-10-31 07:00:00,6.53e-06,6.57e-06,6.55e-06,6.56e-06,76114876876
1761897600,2025-10-31 08:00:00,6.53e-06,6.59e-06,6.56e-06,6.59e-06,30524294273
1761901200,2025-10-31 09:00:00,6.54e-06,6.6e-06,6.58e-06,6.54e-06,14797058229
1761904800,2025-10-31 10:00:00,6.54e-06,6.57e-06,6.55e-06,6.55e-06,24736150776
1761908400,2025-10-31 11:00:00,6.54e-06,6.64e-06,6.56e-06,6.63e-06,56900625561
1761912000,2025-10-31 12:00:00,6.57e-06,6.65e-06,6.64e-06,6.57e-06,45806693992
1761915600,2025-10-31 13:00:00,6.53e-06,6.61e-06,6.58e-06,6.56e-06,46200797223
1761919200,2025-10-31 14:00:00,6.5e-06,6.59e-06,6.56e-06,6.58e-06,114310414582
1761922800,2025-10-31 15:00:00,6.55e-06,6.62e-06,6.57e-06,6.58e-06,57575538579
1761926400,2025-10-31 16:00:00,6.44e-06,6.59e-06,6.57e-06,6.44e-06,72946139282
1761930000,2025-10-31 17:00:00,6.41e-06,6.5e-06,6.45e-06,6.47e-06,62587974997
1761933600,2025-10-31 18:00:00,6.43e-06,6.54e-06,6.47e-06,6.51e-06,89493978320
1761937200,2025-10-31 19:00:00,6.47e-06,6.64e-06,6.51e-06,6.62e-06,81042803795
1761940800,2025-10-31 20:00:00,6.55e-06,6.63e-06,6.62e-06,6.55e-06,47215569734
1761944400,2025-10-31 21:00:00,6.52e-06,6.58e-06,6.55e-06,6.55e-06,38758340728
1761948000,2025-10-31 22:00:00,6.55e-06,6.6e-06,6.55e-06,6.56e-06,35167641760
1761951600,2025-10-31 23:00:00,6.55e-06,6.58e-06,6.56e-06,6.57e-06,21717009168
1761955200,2025-11-01 00:00:00,6.53e-06,6.6e-06,6.57e-06,6.58e-06,47915641329
1761958800,2025-11-01 01:00:00,6.54e-06,6.61e-06,6.58e-06,6.54e-06,22842285527
1761962400,2025-11-01 02:00:00,6.51e-06,6.59e-06,6.54e-06,6.59e-06,47776497066
1761966000,2025-11-01 03:00:00,6.58e-06,6.62e-06,6.59e-06,6.61e-06,38560608703
1761969600,2025-11-01 04:00:00,6.58e-06,6.62e-06,6.61e-06,6.59e-06,27685798400
1761973200,2025-11-01 05:00:00,6.55e-06,6.6e-06,6.6e-06,6.55e-06,31587278466
1761976800,2025-11-01 06:00:00,6.54e-06,6.58e-06,6.56e-06,6.57e-06,22181347597
1761980400,2025-11-01 07:00:00,6.57e-06,6.64e-06,6.57e-06,6.63e-06,36310977906
1761984000,2025-11-01 08:00:00,6.61e-06,6.68e-06,6.63e-06,6.67e-06,35880448694
1761987600,2025-11-01 09:00:00,6.64e-06,6.69e-06,6.67e-06,6.65e-06,31468921096
1761991200,2025-11-01 10:00:00,6.63e-06,6.68e-06,6.65e-06,6.67e-06,17991505513
1761994800,2025-11-01 11:00:00,6.65e-06,6.69e-06,6.67e-06,6.68e-06,16128252170
1761998400,2025-11-01 12:00:00,6.67e-06,6.71e-06,6.68e-06,6.68e-06,30057802326
1762002000,2025-11-01 13:00:00,6.63e-06,6.69e-06,6.68e-06,6.66e-06,30420356849
1762005600,2025-11-01 14:00:00,6.6e-06,6.67e-06,6.67e-06,6.64e-06,44918445629
1762009200,2025-11-01 15:00:00,6.63e-06,6.71e-06,6.64e-06,6.68e-06,38235571845
1762012800,2025-11-01 16:00:00,6.67e-06,6.7e-06,6.69e-06,6.68e-06,42238847577
1762016400,2025-11-01 17:00:00,6.65e-06,6.69e-06,6.68e-06,6.65e-06,34171303121
1762020000,2025-11-01 18:00:00,6.65e-06,6.69e-06,6.66e-06,6.68e-06,14257788621
1762023600,2025-11-01 19:00:00,6.66e-06,6.71e-06,6.69e-06,6.71e-06,9283138594
1762027200,2025-11-01 20:00:00,6.69e-06,6.73e-06,6.7e-06,6.7e-06,12571234187
1762030800,2025-11-01 21:00:00,6.62e-06,6.71e-06,6.7e-06,6.62e-06,35960442859
1762034400,2025-11-01 22:00:00,6.63e-06,6.69e-06,6.63e-06,6.68e-06,21627736480
1762038000,2025-11-01 23:00:00,6.65e-06,6.7e-06,6.68e-06,6.7e-06,14593945246
1762041600,2025-11-02 00:00:00,6.65e-06,6.7e-06,6.69e-06,6.68e-06,21972052756
1762045200,2025-11-02 01:00:00,6.65e-06,6.69e-06,6.67e-06,6.67e-06,20732792365
1762048800,2025-11-02 02:00:00,6.67e-06,6.71e-06,6.68e-06,6.69e-06,10198641422
1762052400,2025-11-02 03:00:00,6.65e-06,6.69e-06,6.69e-06,6.65e-06,11620837730
1762056000,2025-11-02 04:00:00,6.65e-06,6.75e-06,6.66e-06,6.74e-06,15503142033
1762059600,2025-11-02 05:00:00,6.67e-06,6.74e-06,6.74e-06,6.72e-06,16177754116
1762063200,2025-11-02 06:00:00,6.7e-06,6.75e-06,6.72e-06,6.73e-06,15788085147
1762066800,2025-11-02 07:00:00,6.71e-06,6.75e-06,6.73e-06,6.75e-06,19218092458
1762070400,2025-11-02 08:00:00,6.69e-06,6.75e-06,6.75e-06,6.7e-06,11628949459
1762074000,2025-11-02 09:00:00,6.65e-06,6.73e-06,6.7e-06,6.67e-06,28688683102
1762077600,2025-11-02 10:00:00,6.63e-06,6.7e-06,6.68e-06,6.67e-06,30877677159
1762081200,2025-11-02 11:00:00,6.67e-06,6.74e-06,6.67e-06,6.73e-06,15622664980
1762084800,2025-11-02 12:00:00,6.69e-06,6.73e-06,6.73e-06,6.7e-06,12409611789
1762088400,2025-11-02 13:00:00,6.65e-06,6.72e-06,6.7e-06,6.66e-06,28717605859
1762092000,2025-11-02 14:00:00,6.56e-06,6.67e-06,6.65e-06,6.57e-06,66562766492
1762095600,2025-11-02 15:00:00,6.55e-06,6.62e-06,6.56e-06,6.56e-06,45239938129
1762099200,2025-11-02 16:00:00,6.5e-06,6.58e-06,6.56e-06,6.57e-06,47535272973
1762102800,2025-11-02 17:00:00,6.54e-06,6.59e-06,6.57e-06,6.58e-06,24883140609
1762106400,2025-11-02 18:00:00,6.56e-06,6.6e-06,6.58e-06,6.57e-06,12937078088
1762110000,2025-11-02 19:00:00,6.51e-06,6.59e-06,6.58e-06,6.54e-06,22191686118
1762113600,2025-11-02 20:00:00,6.51e-06,6.55e-06,6.54e-06,6.54e-06,13196232209
1762117200,2025-11-02 21:00:00,6.53e-06,6.59e-06,6.55e-06,6.57e-06,9895450145
1762120800,2025-11-02 22:00:00,6.54e-06,6.61e-06,6.58e-06,6.58e-06,21703058899
1762124400,2025-11-02 23:00:00,6.57e-06,6.72e-06,6.57e-06,6.71e-06,40448482276
1762128000,2025-11-03 00:00:00,6.57e-06,6.71e-06,6.71e-06,6.58e-06,18047875915
1762131600,2025-11-03 01:00:00,6.47e-06,6.57e-06,6.57e-06,6.5e-06,30399598379
1762135200,2025-11-03 02:00:00,6.39e-06,6.51e-06,6.5e-06,6.43e-06,43697363085
1762138800,2025-11-03 03:00:00,6.2e-06,6.44e-06,6.43e-06,6.22e-06,150494963768
1762142400,2025-11-03 04:00:00,6.19e-06,6.24e-06,6.21e-06,6.24e-06,68310276801
1762146000,2025-11-03 05:00:00,6.18e-06,6.3e-06,6.24e-06,6.18e-06,70247905254
1762149600,2025-11-03 06:00:00,6.08e-06,6.2e-06,6.17e-06,6.15e-06,130576907024
1762153200,2025-11-03 07:00:00,6.13e-06,6.21e-06,6.14e-06,6.18e-06,59466690818
1762156800,2025-11-03 08:00:00,6.11e-06,6.19e-06,6.18e-06,6.17e-06,29888466626
1762160400,2025-11-03 09:00:00,6.12e-06,6.23e-06,6.17e-06,6.13e-06,31921049824
1762164000,2025-11-03 10:00:00,6.04e-06,6.15e-06,6.14e-06,6.06e-06,45595336949
1762167600,2025-11-03 11:00:00,6.07e-06,6.14e-06,6.07e-06,6.1e-06,65302475300
1762171200,2025-11-03 12:00:00,6.08e-06,6.15e-06,6.11e-06,6.08e-06,47916743943
1762174800,2025-11-03 13:00:00,6.06e-06,6.14e-06,6.09e-06,6.12e-06,51569751552
1762178400,2025-11-03 14:00:00,6.08e-06,6.17e-06,6.12e-06,6.13e-06,57575611688
1762182000,2025-11-03 15:00:00,5.5e-06,6.14e-06,6.14e-06,5.75e-06,387844641469
1762185600,2025-11-03 16:00:00,5.69e-06,5.86e-06,5.75e-06,5.84e-06,159995314103
1762189200,2025-11-03 17:00:00,5.82e-06,5.97e-06,5.84e-06,5.92e-06,111785086257
1762192800,2025-11-03 18:00:00,5.82e-06,5.94e-06,5.91e-06,5.83e-06,83846521990
1762196400,2025-11-03 19:00:00,5.8e-06,5.86e-06,5.83e-06,5.81e-06,37002504999
1762200000,2025-11-03 20:00:00,5.67e-06,5.83e-06,5.82e-06,5.71e-06,86474226132
1762203600,2025-11-03 21:00:00,5.64e-06,5.77e-06,5.71e-06,5.75e-06,86800939050
1762207200,2025-11-03 22:00:00,5.63e-06,5.75e-06,5.74e-06,5.7e-06,34862236822
1762210800,2025-11-03 23:00:00,5.64e-06,5.74e-06,5.7e-06,5.72e-06,59866402178
1762214400,2025-11-04 00:00:00,5.65e-06,5.78e-06,5.72e-06,5.74e-06,92330155684
1762218000,2025-11-04 01:00:00,5.71e-06,5.8e-06,5.74e-06,5.77e-06,138479899618
1762221600,2025-11-04 02:00:00,5.75e-06,5.8e-06,5.78e-06,5.77e-06,42166428149
1762225200,2025-11-04 03:00:00,5.76e-06,5.84e-06,5.78e-06,5.83e-06,70789549537
1762228800,2025-11-04 04:00:00,5.76e-06,5.86e-06,5.83e-06,5.76e-06,56633091510
1762232400,2025-11-04 05:00:00,5.49e-06,5.77e-06,5.75e-06,5.51e-06,282689953118
1762236000,2025-11-04 06:00:00,5.51e-06,5.71e-06,5.51e-06,5.63e-06,233332251234
1762239600,2025-11-04 07:00:00,5.47e-06,5.64e-06,5.62e-06,5.52e-06,89347228524
1762243200,2025-11-04 08:00:00,5.51e-06,5.7e-06,5.52e-06,5.64e-06,71158398531
1762246800,2025-11-04 09:00:00,5.62e-06,5.7e-06,5.65e-06,5.69e-06,69373943401
1762250400,2025-11-04 10:00:00,5.67e-06,5.73e-06,5.68e-06,5.72e-06,42004055246
1762254000,2025-11-04 11:00:00,5.72e-06,5.78e-06,5.73e-06,5.75e-06,65141291580
1762257600,2025-11-04 12:00:00,5.68e-06,5.76e-06,5.76e-06,5.71e-06,119527371816
1762261200,2025-11-04 13:00:00,5.64e-06,5.72e-06,5.7e-06,5.68e-06,127546735332
1762264800,2025-11-04 14:00:00,5.61e-06,5.83e-06,5.67e-06,5.79e-06,124530544621
1762268400,2025-11-04 15:00:00,5.65e-06,5.83e-06,5.79e-06,5.67e-06,132863196006
1762272000,2025-11-04 16:00:00,5.54e-06,5.71e-06,5.67e-06,5.54e-06,227316454191
1762275600,2025-11-04 17:00:00,5.38e-06,5.57e-06,5.54e-06,5.52e-06,202863487217
1762279200,2025-11-04 18:00:00,5.31e-06,5.51e-06,5.51e-06,5.48e-06,576450126635
1762282800,2025-11-04 19:00:00,5.46e-06,5.58e-06,5.48e-06,5.47e-06,148589744813
1762286400,2025-11-04 20:00:00,5.22e-06,5.53e-06,5.47e-06,5.47e-06,321613215830
1762290000,2025-11-04 21:00:00,5.22e-06,5.5e-06,5.47e-06,5.46e-06,378443357437
1762293600,2025-11-04 22:00:00,5.43e-06,5.65e-06,5.46e-06,5.62e-06,156832825954
1762297200,2025-11-04 23:00:00,5.59e-06,5.66e-06,5.62e-06,5.59e-06,71560755734
1762300800,2025-11-05 00:00:00,5.52e-06,5.62e-06,5.59e-06,5.53e-06,90582704226
1762304400,2025-11-05 01:00:00,5.3e-06,5.54e-06,5.53e-06,5.5e-06,303144851476
1762308000,2025-11-05 02:00:00,5.51e-06,5.69e-06,5.51e-06,5.68e-06,167497830813
1762311600,2025-11-05 03:00:00,5.65e-06,5.72e-06,5.69e-06,5.68e-06,55060500081
1762315200,2025-11-05 04:00:00,5.64e-06,5.7e-06,5.68e-06,5.67e-06,31875591026
1762318800,2025-11-05 05:00:00,5.66e-06,5.71e-06,5.68e-06,5.68e-06,64960905993
1762322400,2025-11-05 06:00:00,5.66e-06,5.71e-06,5.68e-06,5.71e-06,36033354842
1762326000,2025-11-05 07:00:00,5.64e-06,5.71e-06,5.71e-06,5.66e-06,29342347938
1762329600,2025-11-05 08:00:00,5.56e-06,5.65e-06,5.65e-06,5.57e-06,78571600236
1762333200,2025-11-05 09:00:00,5.56e-06,5.62e-06,5.57e-06,5.6e-06,37297995291
1762336800,2025-11-05 10:00:00,5.53e-06,5.61e-06,5.6e-06,5.54e-06,44959370236
1762340400,2025-11-05 11:00:00,5.54e-06,5.65e-06,5.54e-06,5.64e-06,38696530836
1762344000,2025-11-05 12:00:00,5.62e-06,5.69e-06,5.64e-06,5.67e-06,53174965549
1762347600,2025-11-05 13:00:00,5.63e-06,5.72e-06,5.67e-06,5.68e-06,175518529299
1762351200,2025-11-05 14:00:00,5.62e-06,5.72e-06,5.68e-06,5.67e-06,120272666717
1762354800,2025-11-05 15:00:00,5.65e-06,5.75e-06,5.67e-06,5.74e-06,79442872566
1762358400,2025-11-05 16:00:00,5.68e-06,5.78e-06,5.74e-06,5.77e-06,63061302360
1762362000,2025-11-05 17:00:00,5.72e-06,5.77e-06,5.77e-06,5.74e-06,41507428108
1762365600,2025-11-05 18:00:00,5.73e-06,5.81e-06,5.74e-06,5.78e-06,53699575152
1762369200,2025-11-05 19:00:00,5.75e-06,5.79e-06,5.78e-06,5.77e-06,25877396591
1762372800,2025-11-05 20:00:00,5.75e-06,5.81e-06,5.77e-06,5.77e-06,32011320952
1762376400,2025-11-05 21:00:00,5.74e-06,5.79e-06,5.77e-06,5.76e-06,38908710724
1762380000,2025-11-05 22:00:00,5.74e-06,5.82e-06,5.77e-06,5.81e-06,10659096587
1762383600,2025-11-05 23:00:00,5.76e-06,5.81e-06,5.81e-06,5.76e-06,25369853108
1762387200,2025-11-06 00:00:00,5.71e-06,5.76e-06,5.76e-06,5.72e-06,29955329430
1762390800,2025-11-06 01:00:00,5.64e-06,5.72e-06,5.72e-06,5.71e-06,33004492033
1762394400,2025-11-06 02:00:00,5.66e-06,5.76e-06,5.71e-06,5.74e-06,38059673383
1762398000,2025-11-06 03:00:00,5.73e-06,5.77e-06,5.74e-06,5.75e-06,47962444314
1762401600,2025-11-06 04:00:00,5.73e-06,5.77e-06,5.76e-06,5.76e-06,29443432454
1762405200,2025-11-06 05:00:00,5.63e-06,5.76e-06,5.76e-06,5.64e-06,36027237924
1762408800,2025-11-06 06:00:00,5.61e-06,5.68e-06,5.64e-06,5.64e-06,32323477154
1762412400,2025-11-06 07:00:00,5.6e-06,5.68e-06,5.64e-06,5.63e-06,32242916169
1762416000,2025-11-06 08:00:00,5.62e-06,5.66e-06,5.63e-06,5.65e-06,14790137141
1762419600,2025-11-06 09:00:00,5.62e-06,5.67e-06,5.65e-06,5.63e-06,25017076623
1762423200,2025-11-06 10:00:00,5.59e-06,5.67e-06,5.63e-06,5.63e-06,28579725544
1762426800,2025-11-06 11:00:00,5.59e-06,5.65e-06,5.62e-06,5.63e-06,23636897805
1762430400,2025-11-06 12:00:00,5.53e-06,5.64e-06,5.63e-06,5.55e-06,260196440830
1762434000,2025-11-06 13:00:00,5.53e-06,5.65e-06,5.54e-06,5.61e-06,134245057676
1762437600,2025-11-06 14:00:00,5.48e-06,5.63e-06,5.61e-06,5.49e-06,126856083482
1762441200,2025-11-06 15:00:00,5.36e-06,5.55e-06,5.49e-06,5.4e-06,125987888955
1762444800,2025-11-06 16:00:00,5.27e-06,5.42e-06,5.4e-06,5.33e-06,98614755999
1762448400,2025-11-06 17:00:00,5.33e-06,5.46e-06,5.34e-06,5.45e-06,99809569160
1762452000,2025-11-06 18:00:00,5.38e-06,5.57e-06,5.44e-06,5.54e-06,73073998416
1762455600,2025-11-06 19:00:00,5.46e-06,5.54e-06,5.53e-06,5.53e-06,58178174194
1762459200,2025-11-06 20:00:00,5.47e-06,5.56e-06,5.54e-06,5.5e-06,57991210914
1762462800,2025-11-06 21:00:00,5.48e-06,5.56e-06,5.51e-06,5.54e-06,38714591025
1762466400,2025-11-06 22:00:00,5.48e-06,5.56e-06,5.55e-06,5.56e-06,22160753994
1762470000,2025-11-06 23:00:00,5.49e-06,5.55e-06,5.55e-06,5.54e-06,30590878847
1762473600,2025-11-07 00:00:00,5.54e-06,5.65e-06,5.54e-06,5.61e-06,54315569257
1762477200,2025-11-07 01:00:00,5.54e-06,5.64e-06,5.61e-06,5.63e-06,54374240220
1762480800,2025-11-07 02:00:00,5.58e-06,5.65e-06,5.64e-06,5.65e-06,51510204319
1762484400,2025-11-07 03:00:00,5.61e-06,5.67e-06,5.65e-06,5.63e-06,44337298213
1762488000,2025-11-07 04:00:00,5.59e-06,5.65e-06,5.62e-06,5.65e-06,15237090327
1762491600,2025-11-07 05:00:00,5.65e-06,5.73e-06,5.65e-06,5.72e-06,43790639921
1762495200,2025-11-07 06:00:00,5.68e-06,5.75e-06,5.72e-06,5.71e-06,29346668203
1762498800,2025-11-07 07:00:00,5.69e-06,5.79e-06,5.72e-06,5.79e-06,28182092648
1762502400,2025-11-07 08:00:00,5.73e-06,5.8e-06,5.79e-06,5.76e-06,34493731046
1762506000,2025-11-07 09:00:00,5.68e-06,5.77e-06,5.76e-06,5.74e-06,34324215544
1762509600,2025-11-07 10:00:00,5.68e-06,5.77e-06,5.73e-06,5.7e-06,23422329624
1762513200,2025-11-07 11:00:00,5.58e-06,5.71e-06,5.71e-06,5.65e-06,60067065735
1762516800,2025-11-07 12:00:00,5.53e-06,5.68e-06,5.66e-06,5.57e-06,75257115069
1762520400,2025-11-07 13:00:00,5.55e-06,5.66e-06,5.57e-06,5.63e-06,55503840293
1762524000,2025-11-07 14:00:00,5.51e-06,5.72e-06,5.63e-06,5.69e-06,107858961680
1762527600,2025-11-07 15:00:00,5.63e-06,5.81e-06,5.7e-06,5.76e-06,193241232552
1762531200,2025-11-07 16:00:00,5.75e-06,6e-06,5.76e-06,5.96e-06,171570494485
1762534800,2025-11-07 17:00:00,5.92e-06,6.13e-06,5.96e-06,6.12e-06,147695507980
1762538400,2025-11-07 18:00:00,6.12e-06,6.27e-06,6.13e-06,6.16e-06,169216463933
1762542000,2025-11-07 19:00:00,6.16e-06,6.24e-06,6.17e-06,6.23e-06,68446643976
1762545600,2025-11-07 20:00:00,6.2e-06,6.31e-06,6.24e-06,6.3e-06,31471034234
1762549200,2025-11-07 21:00:00,6.28e-06,6.35e-06,6.3e-06,6.29e-06,47190648604
1762552800,2025-11-07 22:00:00,6.24e-06,6.3e-06,6.3e-06,6.28e-06,56184814342
1762556400,2025-11-07 23:00:00,6.16e-06,6.27e-06,6.27e-06,6.2e-06,39359587147
1762560000,2025-11-08 00:00:00,6.11e-06,6.27e-06,6.19e-06,6.11e-06,75424909609
1762563600,2025-11-08 01:00:00,6.1e-06,6.24e-06,6.12e-06,6.22e-06,61472302881
1762567200,2025-11-08 02:00:00,6.21e-06,6.28e-06,6.23e-06,6.22e-06,37394430407
1762570800,2025-11-08 03:00:00,6.18e-06,6.31e-06,6.22e-06,6.18e-06,52373907224
1762574400,2025-11-08 04:00:00,6.18e-06,6.27e-06,6.18e-06,6.24e-06,46315987538
1762578000,2025-11-08 05:00:00,6.12e-06,6.25e-06,6.24e-06,6.13e-06,42128052230
1762581600,2025-11-08 06:00:00,6.08e-06,6.16e-06,6.13e-06,6.13e-06,51507518939
1762585200,2025-11-08 07:00:00,6.06e-06,6.15e-06,6.13e-06,6.13e-06,32766065001
1762588800,2025-11-08 08:00:00,6.09e-06,6.2e-06,6.13e-06,6.17e-06,29021545549
1762592400,2025-11-08 09:00:00,6.1e-06,6.18e-06,6.16e-06,6.12e-06,23695506516
1762596000,2025-11-08 10:00:00,6.11e-06,6.2e-06,6.12e-06,6.19e-06,22026595628
1762599600,2025-11-08 11:00:00,6.12e-06,6.19e-06,6.18e-06,6.14e-06,25621662406
1762603200,2025-11-08 12:00:00,6.1e-06,6.16e-06,6.14e-06,6.16e-06,26799915164
1762606800,2025-11-08 13:00:00,6.04e-06,6.16e-06,6.15e-06,6.05e-06,45531460469
1762610400,2025-11-08 14:00:00,5.99e-06,6.08e-06,6.05e-06,6.06e-06,52336872309
1762614000,2025-11-08 15:00:00,5.96e-06,6.08e-06,6.06e-06,5.99e-06,44401082225
1762617600,2025-11-08 16:00:00,5.95e-06,6.03e-06,6e-06,6.01e-06,51208423358
1762621200,2025-11-08 17:00:00,5.98e-06,6.05e-06,6.01e-06,6.03e-06,32289830329
1762624800,2025-11-08 18:00:00,6.02e-06,6.07e-06,6.02e-06,6.06e-06,18955690467
1762628400,2025-11-08 19:00:00,5.99e-06,6.06e-06,6.06e-06,6.04e-06,24515842310
1762632000,2025-11-08 20:00:00,6e-06,6.07e-06,6.03e-06,6.04e-06,54061336633
1762635600,2025-11-08 21:00:00,6.02e-06,6.08e-06,6.04e-06,6.08e-06,18202423697
1762639200,2025-11-08 22:00:00,6.05e-06,6.11e-06,6.07e-06,6.09e-06,22229787120
1762642800,2025-11-08 23:00:00,6.07e-06,6.1e-06,6.09e-06,6.1e-06,15544525919
1762646400,2025-11-09 00:00:00,5.99e-06,6.09e-06,6.08e-06,6.01e-06,39561985491
1762650000,2025-11-09 01:00:00,5.99e-06,6.05e-06,6.01e-06,6.03e-06,33563326815
1762653600,2025-11-09 02:00:00,5.87e-06,6.04e-06,6.03e-06,5.88e-06,89374640328
1762657200,2025-11-09 03:00:00,5.83e-06,5.9e-06,5.89e-06,5.87e-06,30431518256
1762660800,2025-11-09 04:00:00,5.86e-06,5.94e-06,5.86e-06,5.91e-06,25935058282
1762664400,2025-11-09 05:00:00,5.88e-06,5.94e-06,5.9e-06,5.92e-06,23652942369
1762668000,2025-11-09 06:00:00,5.9e-06,5.98e-06,5.92e-06,5.95e-06,13135338927
1762671600,2025-11-09 07:00:00,5.94e-06,6.01e-06,5.95e-06,6.01e-06,31525063121
1762675200,2025-11-09 08:00:00,5.96e-06,6.02e-06,6.01e-06,5.98e-06,18904731471
1762678800,2025-11-09 09:00:00,5.92e-06,6.01e-06,5.98e-06,5.92e-06,24789984565
1762682400,2025-11-09 10:00:00,5.88e-06,5.96e-06,5.92e-06,5.96e-06,31041277923
1762686000,2025-11-09 11:00:00,5.96e-06,6.02e-06,5.97e-06,5.99e-06,42095699108
1762689600,2025-11-09 12:00:00,5.98e-06,6.03e-06,5.99e-06,6.01e-06,33933879077
1762693200,2025-11-09 13:00:00,5.99e-06,6.05e-06,5.99e-06,6.02e-06,38489620145
1762696800,2025-11-09 14:00:00,5.99e-06,6.14e-06,6.01e-06,6.05e-06,92021006419
1762700400,2025-11-09 15:00:00,6.05e-06,6.14e-06,6.06e-06,6.09e-06,45468976210
1762704000,2025-11-09 16:00:00,6.07e-06,6.14e-06,6.1e-06,6.13e-06,42362777185
1762707600,2025-11-09 17:00:00,6.06e-06,6.13e-06,6.11e-06,6.07e-06,28118424656
1762711200,2025-11-09 18:00:00,6.04e-06,6.13e-06,6.07e-06,6.13e-06,18717315149
1762714800,2025-11-09 19:00:00,6.1e-06,6.17e-06,6.13e-06,6.17e-06,41848227667
1762718400,2025-11-09 20:00:00,6.11e-06,6.18e-06,6.17e-06,6.12e-06,36632366489
1762722000,2025-11-09 21:00:00,6.11e-06,6.14e-06,6.13e-06,6.12e-06,26418990699
1762725600,2025-11-09 22:00:00,6.05e-06,6.13e-06,6.12e-06,6.12e-06,60306511030
1762729200,2025-11-09 23:00:00,6.05e-06,6.16e-06,6.13e-06,6.07e-06,59317011023
1762732800,2025-11-10 00:00:00,6.01e-06,6.2e-06,6.07e-06,6.16e-06,101790289611
1762736400,2025-11-10 01:00:00,6.11e-06,6.17e-06,6.16e-06,6.11e-06,67315120747
1762740000,2025-11-10 02:00:00,6.09e-06,6.14e-06,6.11e-06,6.13e-06,49328749790
1762743600,2025-11-10 03:00:00,6.13e-06,6.17e-06,6.14e-06,6.15e-06,36480005592
1762747200,2025-11-10 04:00:00,6.1e-06,6.18e-06,6.14e-06,6.17e-06,51404041608
1762750800,2025-11-10 05:00:00,6.11e-06,6.19e-06,6.17e-06,6.16e-06,40871394442
1762754400,2025-11-10 06:00:00,6.12e-06,6.17e-06,6.15e-06,6.14e-06,36804245318
1762758000,2025-11-10 07:00:00,6.1e-06,6.16e-06,6.14e-06,6.13e-06,43803088168
1762761600,2025-11-10 08:00:00,6.07e-06,6.15e-06,6.13e-06,6.09e-06,36524740648
1762765200,2025-11-10 09:00:00,6.09e-06,6.26e-06,6.1e-06,6.21e-06,25456610204
1762768800,2025-11-10 10:00:00,6.13e-06,6.23e-06,6.22e-06,6.16e-06,25511841024
1762772400,2025-11-10 11:00:00,6.15e-06,6.23e-06,6.16e-06,6.19e-06,28573161418
1762776000,2025-11-10 12:00:00,6.14e-06,6.21e-06,6.19e-06,6.18e-06,25777542245
1762779600,2025-11-10 13:00:00,6.16e-06,6.27e-06,6.17e-06,6.23e-06,28632368829
1762783200,2025-11-10 14:00:00,6.05e-06,6.23e-06,6.22e-06,6.1e-06,67184248602
1762786800,2025-11-10 15:00:00,6.09e-06,6.19e-06,6.1e-06,6.13e-06,97166659852
1762790400,2025-11-10 16:00:00,6.04e-06,6.18e-06,6.13e-06,6.07e-06,59777107546
1762794000,2025-11-10 17:00:00,6.07e-06,6.19e-06,6.07e-06,6.17e-06,40075987658
1762797600,2025-11-10 18:00:00,6.13e-06,6.2e-06,6.17e-06,6.14e-06,32541033230
1762801200,2025-11-10 19:00:00,6.13e-06,6.27e-06,6.14e-06,6.22e-06,39237123510
1762804800,2025-11-10 20:00:00,6.21e-06,6.27e-06,6.21e-06,6.22e-06,53788882298
1762808400,2025-11-10 21:00:00,6.13e-06,6.21e-06,6.21e-06,6.18e-06,55557629010
1762812000,2025-11-10 22:00:00,6.13e-06,6.33e-06,6.18e-06,6.3e-06,45637490242
1762815600,2025-11-10 23:00:00,6.21e-06,6.3e-06,6.3e-06,6.21e-06,41715603961
1762819200,2025-11-11 00:00:00,6.13e-06,6.25e-06,6.23e-06,6.19e-06,48983748835
1762822800,2025-11-11 01:00:00,6.16e-06,6.35e-06,6.2e-06,6.18e-06,37217296827
1762826400,2025-11-11 02:00:00,6.13e-06,6.3e-06,6.18e-06,6.27e-06,64752797524
1762830000,2025-11-11 03:00:00,6.26e-06,6.33e-06,6.27e-06,6.28e-06,63696087456
1762833600,2025-11-11 04:00:00,6.18e-06,6.3e-06,6.28e-06,6.19e-06,51460710855
1762837200,2025-11-11 05:00:00,6.1e-06,6.19e-06,6.18e-06,6.11e-06,63688033068
1762840800,2025-11-11 06:00:00,6.04e-06,6.12e-06,6.11e-06,6.08e-06,44845499889
1762844400,2025-11-11 07:00:00,5.99e-06,6.08e-06,6.07e-06,6.01e-06,52445051628
1762848000,2025-11-11 08:00:00,5.98e-06,6.04e-06,6e-06,6.03e-06,39415910162
1762851600,2025-11-11 09:00:00,6e-06,6.06e-06,6.02e-06,6e-06,45217600533
1762855200,2025-11-11 10:00:00,5.99e-06,6.03e-06,6e-06,6.02e-06,48726378987
1762858800,2025-11-11 11:00:00,6e-06,6.07e-06,6.03e-06,6.02e-06,78792943834
1762862400,2025-11-11 12:00:00,5.96e-06,6.05e-06,6.01e-06,6e-06,31589498116
1762866000,2025-11-11 13:00:00,5.96e-06,6.03e-06,6e-06,5.98e-06,17794005913
1762869600,2025-11-11 14:00:00,5.92e-06,6.04e-06,5.97e-06,6.03e-06,56848648087
1762873200,2025-11-11 15:00:00,5.93e-06,6.03e-06,6.03e-06,5.95e-06,57495487456
1762876800,2025-11-11 16:00:00,5.93e-06,6e-06,5.96e-06,5.97e-06,30133025548
1762880400,2025-11-11 17:00:00,5.9e-06,6.01e-06,5.97e-06,5.96e-06,34467705703
1762884000,2025-11-11 18:00:00,5.92e-06,5.97e-06,5.96e-06,5.94e-06,82799623080
1762887600,2025-11-11 19:00:00,5.89e-06,5.95e-06,5.93e-06,5.91e-06,25553628375
1762891200,2025-11-11 20:00:00,5.85e-06,5.93e-06,5.91e-06,5.87e-06,49780470424
1762894800,2025-11-11 21:00:00,5.85e-06,5.9e-06,5.87e-06,5.86e-06,19769306861
1762898400,2025-11-11 22:00:00,5.84e-06,5.91e-06,5.85e-06,5.89e-06,13832554353
1762902000,2025-11-11 23:00:00,5.82e-06,5.9e-06,5.88e-06,5.83e-06,34592703939
1762905600,2025-11-12 00:00:00,5.78e-06,5.87e-06,5.84e-06,5.81e-06,77853085222
1762909200,2025-11-12 01:00:00,5.81e-06,5.88e-06,5.82e-06,5.85e-06,84295801355
1762912800,2025-11-12 02:00:00,5.81e-06,5.88e-06,5.85e-06,5.84e-06,65856433211
1762916400,2025-11-12 03:00:00,5.83e-06,5.88e-06,5.83e-06,5.86e-06,55577608690
1762920000,2025-11-12 04:00:00,5.85e-06,5.89e-06,5.86e-06,5.88e-06,38707925116
1762923600,2025-11-12 05:00:00,5.86e-06,5.9e-06,5.88e-06,5.88e-06,43889769605
1762927200,2025-11-12 06:00:00,5.88e-06,5.92e-06,5.88e-06,5.88e-06,21808039832
1762930800,2025-11-12 07:00:00,5.81e-06,5.89e-06,5.87e-06,5.82e-06,17861725732
1762934400,2025-11-12 08:00:00,5.82e-06,5.94e-06,5.82e-06,5.93e-06,18436499845
1762938000,2025-11-12 09:00:00,5.92e-06,5.97e-06,5.93e-06,5.94e-06,20149681119
1762941600,2025-11-12 10:00:00,5.95e-06,6.01e-06,5.95e-06,6e-06,26301851432
1762945200,2025-11-12 11:00:00,5.98e-06,6.03e-06,6.01e-06,6e-06,15026306927
1762948800,2025-11-12 12:00:00,5.98e-06,6.04e-06,5.99e-06,6.01e-06,39476401993
1762952400,2025-11-12 13:00:00,5.98e-06,6.1e-06,6.02e-06,6.1e-06,25151645590
1762956000,2025-11-12 14:00:00,5.89e-06,6.1e-06,6.09e-06,5.97e-06,53565801636
1762959600,2025-11-12 15:00:00,5.81e-06,6.01e-06,5.97e-06,5.83e-06,62367227465
1762963200,2025-11-12 16:00:00,5.68e-06,5.85e-06,5.83e-06,5.7e-06,130175024600
1762966800,2025-11-12 17:00:00,5.65e-06,5.8e-06,5.7e-06,5.76e-06,78084230350
1762970400,2025-11-12 18:00:00,5.73e-06,5.8e-06,5.76e-06,5.73e-06,38494977566
1762974000,2025-11-12 19:00:00,5.66e-06,5.73e-06,5.72e-06,5.7e-06,43622059522
1762977600,2025-11-12 20:00:00,5.7e-06,5.79e-06,5.71e-06,5.76e-06,47990736374
1762981200,2025-11-12 21:00:00,5.74e-06,5.79e-06,5.77e-06,5.76e-06,33343750302
1762984800,2025-11-12 22:00:00,5.72e-06,5.77e-06,5.76e-06,5.76e-06,11615225558
1762988400,2025-11-12 23:00:00,5.69e-06,5.76e-06,5.76e-06,5.72e-06,33824547777
1762992000,2025-11-13 00:00:00,5.71e-06,5.77e-06,5.71e-06,5.73e-06,20842855543
1762995600,2025-11-13 01:00:00,5.74e-06,5.81e-06,5.74e-06,5.75e-06,41790636774
1762999200,2025-11-13 02:00:00,5.75e-06,5.8e-06,5.75e-06,5.78e-06,32946694560
1763002800,2025-11-13 03:00:00,5.68e-06,5.9e-06,5.77e-06,5.84e-06,67975066072
1763006400,2025-11-13 04:00:00,5.8e-06,5.88e-06,5.84e-06,5.85e-06,125599801045
1763010000,2025-11-13 05:00:00,5.82e-06,5.94e-06,5.85e-06,5.91e-06,54504105620
1763013600,2025-11-13 06:00:00,5.9e-06,5.94e-06,5.92e-06,5.9e-06,42777860356
1763017200,2025-11-13 07:00:00,5.87e-06,5.93e-06,5.91e-06,5.89e-06,33029133125
1763020800,2025-11-13 08:00:00,5.88e-06,5.93e-06,5.89e-06,5.91e-06,20453424907
1763024400,2025-11-13 09:00:00,5.84e-06,5.91e-06,5.91e-06,5.86e-06,62466943057
1763028000,2025-11-13 10:00:00,5.86e-06,5.92e-06,5.87e-06,5.89e-06,22207908593
1763031600,2025-11-13 11:00:00,5.88e-06,5.92e-06,5.89e-06,5.9e-06,16150750110
1763035200,2025-11-13 12:00:00,5.88e-06,5.93e-06,5.9e-06,5.93e-06,19829554811
1763038800,2025-11-13 13:00:00,5.84e-06,5.93e-06,5.92e-06,5.87e-06,58570305464
1763042400,2025-11-13 14:00:00,5.81e-06,5.98e-06,5.87e-06,5.93e-06,111499486875
1763046000,2025-11-13 15:00:00,5.8e-06,5.95e-06,5.92e-06,5.83e-06,59197655812
1763049600,2025-11-13 16:00:00,5.7e-06,5.84e-06,5.82e-06,5.71e-06,67759938685
1763053200,2025-11-13 17:00:00,5.54e-06,5.72e-06,5.7e-06,5.55e-06,77388547656
1763056800,2025-11-13 18:00:00,5.39e-06,5.57e-06,5.54e-06,5.42e-06,265057177311
1763060400,2025-11-13 19:00:00,5.31e-06,5.47e-06,5.42e-06,5.34e-06,95491310895
1763064000,2025-11-13 20:00:00,5.28e-06,5.37e-06,5.33e-06,5.3e-06,85499557428
1763067600,2025-11-13 21:00:00,5.28e-06,5.35e-06,5.31e-06,5.34e-06,34721540320
1763071200,2025-11-13 22:00:00,5.32e-06,5.43e-06,5.33e-06,5.43e-06,26668175651
1763074800,2025-11-13 23:00:00,5.4e-06,5.49e-06,5.42e-06,5.42e-06,177849804615
1763078400,2025-11-14 00:00:00,5.36e-06,5.46e-06,5.42e-06,5.39e-06,111837087221
1763082000,2025-11-14 01:00:00,5.36e-06,5.41e-06,5.38e-06,5.37e-06,86331326893
1763085600,2025-11-14 02:00:00,5.37e-06,5.41e-06,5.37e-06,5.38e-06,84262901616
1763089200,2025-11-14 03:00:00,5.32e-06,5.38e-06,5.38e-06,5.35e-06,77940002234
1763092800,2025-11-14 04:00:00,5.11e-06,5.34e-06,5.34e-06,5.26e-06,205276863912
1763096400,2025-11-14 05:00:00,5.25e-06,5.35e-06,5.25e-06,5.33e-06,89131232022
1763100000,2025-11-14 06:00:00,5.23e-06,5.38e-06,5.33e-06,5.38e-06,91119687093
1763103600,2025-11-14 07:00:00,5.33e-06,5.4e-06,5.37e-06,5.37e-06,97051678794
1763107200,2025-11-14 08:00:00,5.33e-06,5.39e-06,5.37e-06,5.35e-06,17165273502
1763110800,2025-11-14 09:00:00,5.23e-06,5.38e-06,5.35e-06,5.24e-06,68868632383
1763114400,2025-11-14 10:00:00,5.23e-06,5.32e-06,5.24e-06,5.27e-06,21236643088
1763118000,2025-11-14 11:00:00,5.18e-06,5.29e-06,5.27e-06,5.22e-06,89084280189
1763121600,2025-11-14 12:00:00,5.07e-06,5.22e-06,5.21e-06,5.21e-06,129136152390
1763125200,2025-11-14 13:00:00,5.11e-06,5.24e-06,5.21e-06,5.16e-06,113179811996
1763128800,2025-11-14 14:00:00,5.09e-06,5.25e-06,5.16e-06,5.21e-06,154748670432
1763132400,2025-11-14 15:00:00,5.13e-06,5.25e-06,5.21e-06,5.2e-06,87625268993
1763136000,2025-11-14 16:00:00,5.15e-06,5.24e-06,5.19e-06,5.21e-06,301695768712
1763139600,2025-11-14 17:00:00,5.02e-06,5.22e-06,5.2e-06,5.05e-06,109300867820
1763143200,2025-11-14 18:00:00,5.03e-06,5.15e-06,5.05e-06,5.07e-06,60135924980
1763146800,2025-11-14 19:00:00,5.06e-06,5.19e-06,5.07e-06,5.15e-06,38561479077
1763150400,2025-11-14 20:00:00,4.95e-06,5.17e-06,5.16e-06,5e-06,106485120634
1763154000,2025-11-14 21:00:00,4.98e-06,5.08e-06,5e-06,5.02e-06,38616671232
1763157600,2025-11-14 22:00:00,4.94e-06,5.05e-06,5.01e-06,4.97e-06,43019876783
1763161200,2025-11-14 23:00:00,4.79e-06,4.97e-06,4.97e-06,4.9e-06,154455099307
1763164800,2025-11-15 00:00:00,4.89e-06,4.99e-06,4.9e-06,4.99e-06,108176248627
1763168400,2025-11-15 01:00:00,4.96e-06,5.01e-06,4.99e-06,5.01e-06,92144685074
1763172000,2025-11-15 02:00:00,5e-06,5.07e-06,5.01e-06,5.06e-06,48395329278
1763175600,2025-11-15 03:00:00,5.06e-06,5.09e-06,5.06e-06,5.09e-06,46331898890
1763179200,2025-11-15 04:00:00,5.05e-06,5.1e-06,5.09e-06,5.07e-06,44642039568
1763182800,2025-11-15 05:00:00,5.05e-06,5.1e-06,5.07e-06,5.09e-06,31957437508
1763186400,2025-11-15 06:00:00,5.08e-06,5.14e-06,5.09e-06,5.13e-06,71243380983
1763190000,2025-11-15 07:00:00,5.06e-06,5.13e-06,5.13e-06,5.07e-06,10438490841
1763193600,2025-11-15 08:00:00,4.94e-06,5.07e-06,5.07e-06,4.95e-06,43653079008
1763197200,2025-11-15 09:00:00,4.96e-06,5.03e-06,4.96e-06,5e-06,9215666369
1763200800,2025-11-15 10:00:00,4.99e-06,5.04e-06,5e-06,5.03e-06,8558976297
1763204400,2025-11-15 11:00:00,4.98e-06,5.03e-06,5.03e-06,5e-06,7265121010
1763208000,2025-11-15 12:00:00,4.99e-06,5.05e-06,4.99e-06,5.03e-06,15838440707
1763211600,2025-11-15 13:00:00,5.02e-06,5.07e-06,5.04e-06,5.04e-06,29157187214
1763215200,2025-11-15 14:00:00,5.03e-06,5.06e-06,5.05e-06,5.05e-06,30914056711
1763218800,2025-11-15 15:00:00,5.02e-06,5.07e-06,5.05e-06,5.03e-06,23880832444
1763222400,2025-11-15 16:00:00,4.98e-06,5.05e-06,5.02e-06,5.05e-06,39431625290
1763226000,2025-11-15 17:00:00,5.03e-06,5.11e-06,5.04e-06,5.1e-06,39957023566
1763229600,2025-11-15 18:00:00,5.07e-06,5.12e-06,5.11e-06,5.08e-06,37242990854
1763233200,2025-11-15 19:00:00,5.04e-06,5.09e-06,5.08e-06,5.05e-06,16909032206
1763236800,2025-11-15 20:00:00,4.98e-06,5.07e-06,5.06e-06,4.99e-06,58134119016
1763240400,2025-11-15 21:00:00,4.95e-06,5.03e-06,4.99e-06,4.95e-06,24255919163
1763244000,2025-11-15 22:00:00,4.95e-06,5.01e-06,4.95e-06,4.99e-06,16926507471
1763247600,2025-11-15 23:00:00,4.97e-06,5e-06,4.99e-06,4.98e-06,31027095890
1763251200,2025-11-16 00:00:00,4.92e-06,4.99e-06,4.98e-06,4.95e-06,21352318737
1763254800,2025-11-16 01:00:00,4.79e-06,4.95e-06,4.94e-06,4.87e-06,125956691349
1763258400,2025-11-16 02:00:00,4.85e-06,4.96e-06,4.87e-06,4.95e-06,206669313188
1763262000,2025-11-16 03:00:00,4.95e-06,5.01e-06,4.96e-06,4.99e-06,51614052996
1763265600,2025-11-16 04:00:00,4.95e-06,4.99e-06,4.99e-06,4.99e-06,32599124711
1763269200,2025-11-16 05:00:00,4.98e-06,5.03e-06,4.99e-06,5e-06,49011708052
1763272800,2025-11-16 06:00:00,4.99e-06,5.02e-06,4.99e-06,5.01e-06,25584020018
1763276400,2025-11-16 07:00:00,4.98e-06,5.02e-06,5.01e-06,5.02e-06,26279870133
1763280000,2025-11-16 08:00:00,4.97e-06,5.02e-06,5.02e-06,4.99e-06,23554927193
1763283600,2025-11-16 09:00:00,4.98e-06,5.05e-06,4.98e-06,5.04e-06,27614632956
1763287200,2025-11-16 10:00:00,5e-06,5.04e-06,5.04e-06,5e-06,41035861651
1763290800,2025-11-16 11:00:00,4.89e-06,5.01e-06,5e-06,4.9e-06,61943490143
1763294400,2025-11-16 12:00:00,4.87e-06,4.93e-06,4.89e-06,4.89e-06,31679500025
1763298000,2025-11-16 13:00:00,4.81e-06,4.91e-06,4.89e-06,4.84e-06,50065553137
1763301600,2025-11-16 14:00:00,4.82e-06,4.9e-06,4.83e-06,4.88e-06,31896393219
1763305200,2025-11-16 15:00:00,4.76e-06,4.9e-06,4.88e-06,4.78e-06,96050402557
1763308800,2025-11-16 16:00:00,4.72e-06,4.83e-06,4.78e-06,4.74e-06,103774120728
1763312400,2025-11-16 17:00:00,4.67e-06,4.77e-06,4.74e-06,4.75e-06,113541499285
1763316000,2025-11-16 18:00:00,4.73e-06,4.85e-06,4.75e-06,4.75e-06,96485410097
1763319600,2025-11-16 19:00:00,4.75e-06,4.85e-06,4.75e-06,4.8e-06,71281283255
1763323200,2025-11-16 20:00:00,4.8e-06,4.87e-06,4.8e-06,4.8e-06,38386004427
1763326800,2025-11-16 21:00:00,4.74e-06,4.8e-06,4.8e-06,4.79e-06,51562215762
1763330400,2025-11-16 22:00:00,4.74e-06,4.87e-06,4.79e-06,4.84e-06,58739402241
1763334000,2025-11-16 23:00:00,4.75e-06,4.91e-06,4.85e-06,4.87e-06,124443813606
1763337600,2025-11-17 00:00:00,4.8e-06,4.92e-06,4.87e-06,4.9e-06,69016130329
1763341200,2025-11-17 01:00:00,4.86e-06,4.91e-06,4.9e-06,4.87e-06,44019030507
1763344800,2025-11-17 02:00:00,4.86e-06,4.92e-06,4.87e-06,4.91e-06,41636180344
1763348400,2025-11-17 03:00:00,4.9e-06,4.96e-06,4.9e-06,4.94e-06,44252303277
1763352000,2025-11-17 04:00:00,4.91e-06,4.95e-06,4.94e-06,4.92e-06,46491819065
1763355600,2025-11-17 05:00:00,4.91e-06,4.93e-06,4.92e-06,4.91e-06,26218949643
1763359200,2025-11-17 06:00:00,4.89e-06,4.95e-06,4.91e-06,4.94e-06,38115866584
1763362800,2025-11-17 07:00:00,4.94e-06,4.99e-06,4.94e-06,4.96e-06,25321272692
1763366400,2025-11-17 08:00:00,4.96e-06,4.99e-06,4.96e-06,4.98e-06,30820365123
1763370000,2025-11-17 09:00:00,4.96e-06,5.01e-06,4.97e-06,4.99e-06,38324312238
1763373600,2025-11-17 10:00:00,4.99e-06,5.02e-06,4.99e-06,4.99e-06,22856003728
1763377200,2025-11-17 11:00:00,4.98e-06,5.03e-06,4.99e-06,4.99e-06,36702036094
1763380800,2025-11-17 12:00:00,4.97e-06,5e-06,4.99e-06,4.99e-06,22331884926
1763384400,2025-11-17 13:00:00,4.82e-06,5e-06,4.99e-06,4.87e-06,55769696899
1763388000,2025-11-17 14:00:00,4.83e-06,5.06e-06,4.86e-06,4.93e-06,146397948773
1763391600,2025-11-17 15:00:00,4.83e-06,4.97e-06,4.94e-06,4.84e-06,111720280653
1763395200,2025-11-17 16:00:00,4.78e-06,4.94e-06,4.84e-06,4.93e-06,94749876852
1763398800,2025-11-17 17:00:00,4.78e-06,4.93e-06,4.92e-06,4.79e-06,33085339530
1763402400,2025-11-17 18:00:00,4.68e-06,4.81e-06,4.79e-06,4.7e-06,83677809656
1763406000,2025-11-17 19:00:00,4.62e-06,4.73e-06,4.7e-06,4.66e-06,109086037025
1763409600,2025-11-17 20:00:00,4.63e-06,4.71e-06,4.66e-06,4.7e-06,145388299675
1763413200,2025-11-17 21:00:00,4.64e-06,4.74e-06,4.7e-06,4.69e-06,65571202466
1763416800,2025-11-17 22:00:00,4.66e-06,4.74e-06,4.69e-06,4.7e-06,90619040454
1763420400,2025-11-17 23:00:00,4.66e-06,4.72e-06,4.7e-06,4.72e-06,57090254234
1763424000,2025-11-18 00:00:00,4.61e-06,4.73e-06,4.7e-06,4.72e-06,65091401621
1763427600,2025-11-18 01:00:00,4.69e-06,4.75e-06,4.72e-06,4.73e-06,67180639902
1763431200,2025-11-18 02:00:00,4.67e-06,4.8e-06,4.73e-06,4.73e-06,118772151322
1763434800,2025-11-18 03:00:00,4.67e-06,4.83e-06,4.73e-06,4.81e-06,108726381037
1763438400,2025-11-18 04:00:00,4.75e-06,4.86e-06,4.81e-06,4.85e-06,86190060266
1763442000,2025-11-18 05:00:00,4.8e-06,4.88e-06,4.84e-06,4.81e-06,112578705387
1763445600,2025-11-18 06:00:00,4.74e-06,4.84e-06,4.81e-06,4.74e-06,68225288195
1763449200,2025-11-18 07:00:00,4.71e-06,4.8e-06,4.75e-06,4.77e-06,114882894996
1763452800,2025-11-18 08:00:00,4.77e-06,4.86e-06,4.77e-06,4.84e-06,80630946568
1763456400,2025-11-18 09:00:00,4.8e-06,4.85e-06,4.84e-06,4.84e-06,25009583312
1763460000,2025-11-18 10:00:00,4.82e-06,4.85e-06,4.85e-06,4.84e-06,27380434665
1763463600,2025-11-18 11:00:00,4.8e-06,4.84e-06,4.84e-06,4.8e-06,45817039213
1763467200,2025-11-18 12:00:00,4.77e-06,4.83e-06,4.8e-06,4.81e-06,57561271915
1763470800,2025-11-18 13:00:00,4.74e-06,4.81e-06,4.81e-06,4.78e-06,121304602398
1763474400,2025-11-18 14:00:00,4.77e-06,4.85e-06,4.79e-06,4.78e-06,72712262251
1763478000,2025-11-18 15:00:00,4.76e-06,4.9e-06,4.78e-06,4.87e-06,80135863649
1763481600,2025-11-18 16:00:00,4.85e-06,4.95e-06,4.87e-06,4.92e-06,124546195060
1763485200,2025-11-18 17:00:00,4.88e-06,4.94e-06,4.91e-06,4.9e-06,109930760183
1763488800,2025-11-18 18:00:00,4.9e-06,4.93e-06,4.91e-06,4.91e-06,66585704634
1763492400,2025-11-18 19:00:00,4.89e-06,4.93e-06,4.91e-06,4.91e-06,24495826755
1763496000,2025-11-18 20:00:00,4.87e-06,4.91e-06,4.91e-06,4.87e-06,18171365570
1763499600,2025-11-18 21:00:00,4.82e-06,4.89e-06,4.87e-06,4.83e-06,22078314110
1763503200,2025-11-18 22:00:00,4.82e-06,4.91e-06,4.83e-06,4.9e-06,20656691413
1763506800,2025-11-18 23:00:00,4.86e-06,4.9e-06,4.9e-06,4.87e-06,20281719855
1763510400,2025-11-19 00:00:00,4.79e-06,4.86e-06,4.86e-06,4.85e-06,49661598230
1763514000,2025-11-19 01:00:00,4.81e-06,4.87e-06,4.84e-06,4.85e-06,43128269695
1763517600,2025-11-19 02:00:00,4.84e-06,4.89e-06,4.85e-06,4.87e-06,23442505007
1763521200,2025-11-19 03:00:00,4.8e-06,4.87e-06,4.87e-06,4.82e-06,33584141865
1763524800,2025-11-19 04:00:00,4.78e-06,4.82e-06,4.82e-06,4.79e-06,115713425664
1763528400,2025-11-19 05:00:00,4.7e-06,4.8e-06,4.8e-06,4.74e-06,80769606372
1763532000,2025-11-19 06:00:00,4.72e-06,4.78e-06,4.73e-06,4.77e-06,43975327224
1763535600,2025-11-19 07:00:00,4.76e-06,4.82e-06,4.77e-06,4.81e-06,45094851766
1763539200,2025-11-19 08:00:00,4.79e-06,4.83e-06,4.81e-06,4.79e-06,26694541403
1763542800,2025-11-19 09:00:00,4.75e-06,4.8e-06,4.79e-06,4.79e-06,78632900086
1763546400,2025-11-19 10:00:00,4.77e-06,4.82e-06,4.8e-06,4.77e-06,26921115344
1763550000,2025-11-19 11:00:00,4.77e-06,4.79e-06,4.78e-06,4.77e-06,9487720430
1763553600,2025-11-19 12:00:00,4.77e-06,4.81e-06,4.77e-06,4.8e-06,66409907867
1763557200,2025-11-19 13:00:00,4.76e-06,4.81e-06,4.8e-06,4.76e-06,54319419658
1763560800,2025-11-19 14:00:00,4.7e-06,4.77e-06,4.76e-06,4.76e-06,56841261555
1763564400,2025-11-19 15:00:00,4.66e-06,4.83e-06,4.76e-06,4.68e-06,110068271151
1763568000,2025-11-19 16:00:00,4.58e-06,4.71e-06,4.68e-06,4.59e-06,171066941540
1763571600,2025-11-19 17:00:00,4.5e-06,4.61e-06,4.61e-06,4.57e-06,381618856151
1763575200,2025-11-19 18:00:00,4.45e-06,4.59e-06,4.56e-06,4.48e-06,123503612226
1763578800,2025-11-19 19:00:00,4.48e-06,4.54e-06,4.49e-06,4.53e-06,67033252303
1763582400,2025-11-19 20:00:00,4.51e-06,4.6e-06,4.53e-06,4.59e-06,93510492824
1763586000,2025-11-19 21:00:00,4.58e-06,4.74e-06,4.59e-06,4.74e-06,114021260419
1763589600,2025-11-19 22:00:00,4.68e-06,4.74e-06,4.74e-06,4.7e-06,66751951555
1763593200,2025-11-19 23:00:00,4.7e-06,4.78e-06,4.7e-06,4.76e-06,50400895222
1763596800,2025-11-20 00:00:00,4.74e-06,4.78e-06,4.77e-06,4.76e-06,68814364493
1763600400,2025-11-20 01:00:00,4.76e-06,4.81e-06,4.76e-06,4.81e-06,36069343721
1763604000,2025-11-20 02:00:00,4.79e-06,4.84e-06,4.8e-06,4.83e-06,40382333624
1763607600,2025-11-20 03:00:00,4.8e-06,4.83e-06,4.82e-06,4.81e-06,14126941351
1763611200,2025-11-20 04:00:00,4.79e-06,4.86e-06,4.82e-06,4.86e-06,48055802715
1763614800,2025-11-20 05:00:00,4.84e-06,4.89e-06,4.85e-06,4.88e-06,33552897179
1763618400,2025-11-20 06:00:00,4.84e-06,4.89e-06,4.88e-06,4.88e-06,36887606239
1763622000,2025-11-20 07:00:00,4.86e-06,4.9e-06,4.88e-06,4.89e-06,34797025643
1763625600,2025-11-20 08:00:00,4.86e-06,4.89e-06,4.88e-06,4.87e-06,9508470367
1763629200,2025-11-20 09:00:00,4.85e-06,4.89e-06,4.88e-06,4.87e-06,59962487068
1763632800,2025-11-20 10:00:00,4.84e-06,4.87e-06,4.87e-06,4.86e-06,28967303166
1763636400,2025-11-20 11:00:00,4.84e-06,4.87e-06,4.86e-06,4.86e-06,34555496189
1763640000,2025-11-20 12:00:00,4.86e-06,4.96e-06,4.86e-06,4.94e-06,31091423946
1763643600,2025-11-20 13:00:00,4.88e-06,4.95e-06,4.94e-06,4.89e-06,66434124371
1763647200,2025-11-20 14:00:00,4.83e-06,4.96e-06,4.89e-06,4.92e-06,84560660596
1763650800,2025-11-20 15:00:00,4.82e-06,4.93e-06,4.92e-06,4.83e-06,74907670149
1763654400,2025-11-20 16:00:00,4.64e-06,4.84e-06,4.83e-06,4.67e-06,169080009774
1763658000,2025-11-20 17:00:00,4.51e-06,4.69e-06,4.67e-06,4.52e-06,161827503354
1763661600,2025-11-20 18:00:00,4.43e-06,4.53e-06,4.52e-06,4.46e-06,153501515120
1763665200,2025-11-20 19:00:00,4.43e-06,4.55e-06,4.46e-06,4.51e-06,83770798656
1763668800,2025-11-20 20:00:00,4.46e-06,4.52e-06,4.51e-06,4.47e-06,69152029245
1763672400,2025-11-20 21:00:00,4.47e-06,4.58e-06,4.47e-06,4.54e-06,88225406945
1763676000,2025-11-20 22:00:00,4.53e-06,4.63e-06,4.54e-06,4.59e-06,76429284768
1763679600,2025-11-20 23:00:00,4.43e-06,4.6e-06,4.58e-06,4.45e-06,80179960397
1763683200,2025-11-21 00:00:00,4.44e-06,4.52e-06,4.45e-06,4.51e-06,66140572581
1763686800,2025-11-21 01:00:00,4.49e-06,4.55e-06,4.51e-06,4.51e-06,43420965750
1763690400,2025-11-21 02:00:00,4.41e-06,4.52e-06,4.51e-06,4.43e-06,79292959258
1763694000,2025-11-21 03:00:00,4.42e-06,4.5e-06,4.43e-06,4.46e-06,52449305862
1763697600,2025-11-21 04:00:00,4.42e-06,4.5e-06,4.47e-06,4.5e-06,51390029303
1763701200,2025-11-21 05:00:00,4.45e-06,4.52e-06,4.5e-06,4.47e-06,73309505302
1763704800,2025-11-21 06:00:00,4.43e-06,4.49e-06,4.47e-06,4.47e-06,50231340343
1763708400,2025-11-21 07:00:00,4e-06,4.48e-06,4.47e-06,4.24e-06,340764879687
1763712000,2025-11-21 08:00:00,4.22e-06,4.31e-06,4.24e-06,4.25e-06,105008373243
1763715600,2025-11-21 09:00:00,4.16e-06,4.29e-06,4.26e-06,4.18e-06,89248006020
1763719200,2025-11-21 10:00:00,4.14e-06,4.23e-06,4.18e-06,4.16e-06,155813958304
1763722800,2025-11-21 11:00:00,4.11e-06,4.21e-06,4.16e-06,4.13e-06,157626245731
1763726400,2025-11-21 12:00:00,4.01e-06,4.23e-06,4.13e-06,4.2e-06,202819821873
1763730000,2025-11-21 13:00:00,4.18e-06,4.26e-06,4.2e-06,4.23e-06,140931313126
1763733600,2025-11-21 14:00:00,4.19e-06,4.31e-06,4.22e-06,4.29e-06,146836478089
1763737200,2025-11-21 15:00:00,4.15e-06,4.3e-06,4.29e-06,4.16e-06,173746845791
1763740800,2025-11-21 16:00:00,4.09e-06,4.26e-06,4.16e-06,4.25e-06,235100668824
1763744400,2025-11-21 17:00:00,4.23e-06,4.31e-06,4.25e-06,4.24e-06,99941730466
1763748000,2025-11-21 18:00:00,4.12e-06,4.26e-06,4.24e-06,4.22e-06,97916893050
1763751600,2025-11-21 19:00:00,4.15e-06,4.24e-06,4.22e-06,4.16e-06,105983800094
1763755200,2025-11-21 20:00:00,4.06e-06,4.16e-06,4.16e-06,4.11e-06,162696544450
1763758800,2025-11-21 21:00:00,4.06e-06,4.2e-06,4.1e-06,4.16e-06,70421489135
1763762400,2025-11-21 22:00:00,3.97e-06,4.18e-06,4.16e-06,3.99e-06,122900480110
1763766000,2025-11-21 23:00:00,3.96e-06,4.13e-06,4e-06,4.13e-06,227963702394
1763769600,2025-11-22 00:00:00,4.1e-06,4.15e-06,4.13e-06,4.13e-06,125345047236
1763773200,2025-11-22 01:00:00,4.12e-06,4.18e-06,4.13e-06,4.16e-06,125229243209
1763776800,2025-11-22 02:00:00,4.07e-06,4.16e-06,4.16e-06,4.1e-06,97484328419
1763780400,2025-11-22 03:00:00,4.07e-06,4.12e-06,4.1e-06,4.09e-06,106035059748
1763784000,2025-11-22 04:00:00,3.97e-06,4.1e-06,4.09e-06,4.04e-06,87343090786
1763787600,2025-11-22 05:00:00,3.97e-06,4.05e-06,4.05e-06,4.02e-06,61730730255
1763791200,2025-11-22 06:00:00,3.97e-06,4.08e-06,4.02e-06,4.08e-06,67069868111
1763794800,2025-11-22 07:00:00,4.05e-06,4.1e-06,4.08e-06,4.09e-06,48106595775
1763798400,2025-11-22 08:00:00,3.98e-06,4.09e-06,4.08e-06,3.99e-06,108899375783
1763802000,2025-11-22 09:00:00,3.97e-06,4.06e-06,3.99e-06,4.03e-06,84240479239
1763805600,2025-11-22 10:00:00,3.99e-06,4.06e-06,4.03e-06,4.03e-06,80968137007
1763809200,2025-11-22 11:00:00,4.02e-06,4.1e-06,4.03e-06,4.07e-06,70275176299
1763812800,2025-11-22 12:00:00,4.02e-06,4.08e-06,4.07e-06,4.04e-06,90722447890
1763816400,2025-11-22 13:00:00,3.98e-06,4.03e-06,4.02e-06,4e-06,102197181124
1763820000,2025-11-22 14:00:00,4.01e-06,4.09e-06,4.01e-06,4.08e-06,104590369779
1763823600,2025-11-22 15:00:00,4.02e-06,4.09e-06,4.08e-06,4.04e-06,55610350013
1763827200,2025-11-22 16:00:00,4.04e-06,4.11e-06,4.05e-06,4.1e-06,56674523390
1763830800,2025-11-22 17:00:00,4.08e-06,4.11e-06,4.1e-06,4.09e-06,60223750059
1763834400,2025-11-22 18:00:00,4.07e-06,4.1e-06,4.09e-06,4.09e-06,40565093965
1763838000,2025-11-22 19:00:00,4.08e-06,4.12e-06,4.1e-06,4.1e-06,41839149853
1763841600,2025-11-22 20:00:00,4.05e-06,4.11e-06,4.1e-06,4.07e-06,41554694241
1763845200,2025-11-22 21:00:00,4.06e-06,4.11e-06,4.06e-06,4.11e-06,59235398341
1763848800,2025-11-22 22:00:00,4.09e-06,4.2e-06,4.1e-06,4.17e-06,59415566595
1763852400,2025-11-22 23:00:00,4.12e-06,4.17e-06,4.16e-06,4.13e-06,61798696066
1763856000,2025-11-23 00:00:00,4.1e-06,4.14e-06,4.12e-06,4.12e-06,104124085458
1763859600,2025-11-23 01:00:00,4.12e-06,4.17e-06,4.12e-06,4.16e-06,88991473382
1763863200,2025-11-23 02:00:00,4.14e-06,4.2e-06,4.16e-06,4.17e-06,128606151422
1763866800,2025-11-23 03:00:00,4.15e-06,4.19e-06,4.17e-06,4.18e-06,89179321959
1763870400,2025-11-23 04:00:00,4.17e-06,4.24e-06,4.19e-06,4.21e-06,102781992997
1763874000,2025-11-23 05:00:00,4.18e-06,4.22e-06,4.2e-06,4.21e-06,43814157273
1763877600,2025-11-23 06:00:00,4.17e-06,4.22e-06,4.21e-06,4.18e-06,68334928977
1763881200,2025-11-23 07:00:00,4.13e-06,4.18e-06,4.18e-06,4.15e-06,85561577281
1763884800,2025-11-23 08:00:00,4.16e-06,4.18e-06,4.16e-06,4.18e-06,13220223064
1763888400,2025-11-23 09:00:00,4.16e-06,4.19e-06,4.17e-06,4.17e-06,43099439019
1763892000,2025-11-23 10:00:00,4.14e-06,4.17e-06,4.17e-06,4.15e-06,36689412495
1763895600,2025-11-23 11:00:00,4.12e-06,4.17e-06,4.15e-06,4.16e-06,15567069453
1763899200,2025-11-23 12:00:00,4.16e-06,4.21e-06,4.16e-06,4.17e-06,28460986278
1763902800,2025-11-23 13:00:00,4.16e-06,4.2e-06,4.18e-06,4.2e-06,44499685168
1763906400,2025-11-23 14:00:00,4.14e-06,4.22e-06,4.2e-06,4.15e-06,78460072188
1763910000,2025-11-23 15:00:00,4.14e-06,4.22e-06,4.15e-06,4.21e-06,60567782296
1763913600,2025-11-23 16:00:00,4.17e-06,4.22e-06,4.2e-06,4.17e-06,32450419772
1763917200,2025-11-23 17:00:00,4.15e-06,4.18e-06,4.17e-06,4.16e-06,61746565638
1763920800,2025-11-23 18:00:00,4.15e-06,4.2e-06,4.16e-06,4.18e-06,33298455497
1763924400,2025-11-23 19:00:00,4.17e-06,4.23e-06,4.17e-06,4.2e-06,50098187193
1763928000,2025-11-23 20:00:00,4.19e-06,4.21e-06,4.2e-06,4.21e-06,33565490803
1763931600,2025-11-23 21:00:00,4.19e-06,4.25e-06,4.2e-06,4.24e-06,43332084324
1763935200,2025-11-23 22:00:00,4.21e-06,4.24e-06,4.24e-06,4.23e-06,53114566941
1763938800,2025-11-23 23:00:00,4.15e-06,4.24e-06,4.23e-06,4.17e-06,55942955502
1763942400,2025-11-24 00:00:00,4.11e-06,4.18e-06,4.16e-06,4.15e-06,49358708675
1763946000,2025-11-24 01:00:00,4.13e-06,4.21e-06,4.15e-06,4.21e-06,42570721571
1763949600,2025-11-24 02:00:00,4.22e-06,4.3e-06,4.22e-06,4.27e-06,90731729698
1763953200,2025-11-24 03:00:00,4.26e-06,4.34e-06,4.28e-06,4.32e-06,47768541042
1763956800,2025-11-24 04:00:00,4.23e-06,4.34e-06,4.32e-06,4.28e-06,107902617174
1763960400,2025-11-24 05:00:00,4.27e-06,4.38e-06,4.28e-06,4.35e-06,56533781428
1763964000,2025-11-24 06:00:00,4.27e-06,4.35e-06,4.35e-06,4.29e-06,74532935421
1763967600,2025-11-24 07:00:00,4.25e-06,4.29e-06,4.29e-06,4.25e-06,66582718668
1763971200,2025-11-24 08:00:00,4.23e-06,4.26e-06,4.25e-06,4.25e-06,38855973323
1763974800,2025-11-24 09:00:00,4.15e-06,4.25e-06,4.25e-06,4.17e-06,61861592478
1763978400,2025-11-24 10:00:00,4.17e-06,4.2e-06,4.17e-06,4.19e-06,33153077898
1763982000,2025-11-24 11:00:00,4.17e-06,4.23e-06,4.2e-06,4.23e-06,19834395774
1763985600,2025-11-24 12:00:00,4.2e-06,4.23e-06,4.22e-06,4.21e-06,82646605570
1763989200,2025-11-24 13:00:00,4.21e-06,4.28e-06,4.21e-06,4.24e-06,50666654400
1763992800,2025-11-24 14:00:00,4.18e-06,4.3e-06,4.24e-06,4.25e-06,86575469785
1763996400,2025-11-24 15:00:00,4.23e-06,4.33e-06,4.26e-06,4.3e-06,50900918502
1764000000,2025-11-24 16:00:00,4.3e-06,4.37e-06,4.3e-06,4.35e-06,114258736703
1764003600,2025-11-24 17:00:00,4.34e-06,4.52e-06,4.35e-06,4.51e-06,130636313662
1764007200,2025-11-24 18:00:00,4.48e-06,4.55e-06,4.51e-06,4.52e-06,100871226067
1764010800,2025-11-24 19:00:00,4.51e-06,4.57e-06,4.52e-06,4.56e-06,43792098077
1764014400,2025-11-24 20:00:00,4.54e-06,4.64e-06,4.57e-06,4.63e-06,97756651808
1764018000,2025-11-24 21:00:00,4.59e-06,4.66e-06,4.63e-06,4.61e-06,53722986589
1764021600,2025-11-24 22:00:00,4.56e-06,4.64e-06,4.6e-06,4.59e-06,30317497524
1764025200,2025-11-24 23:00:00,4.55e-06,4.61e-06,4.58e-06,4.57e-06,39119331428
1764028800,2025-11-25 00:00:00,4.52e-06,4.57e-06,4.56e-06,4.55e-06,87786811777
1764032400,2025-11-25 01:00:00,4.5e-06,4.56e-06,4.54e-06,4.51e-06,80704188283
1764036000,2025-11-25 02:00:00,4.48e-06,4.55e-06,4.5e-06,4.54e-06,44551457106
1764039600,2025-11-25 03:00:00,4.52e-06,4.57e-06,4.54e-06,4.54e-06,33324632476
1764043200,2025-11-25 04:00:00,4.5e-06,4.56e-06,4.53e-06,4.52e-06,32685485559
1764046800,2025-11-25 05:00:00,4.5e-06,4.53e-06,4.52e-06,4.52e-06,18371851003
1764050400,2025-11-25 06:00:00,4.49e-06,4.53e-06,4.52e-06,4.51e-06,28290933402
1764054000,2025-11-25 07:00:00,4.48e-06,4.52e-06,4.51e-06,4.48e-06,29621312372
1764057600,2025-11-25 08:00:00,4.42e-06,4.49e-06,4.48e-06,4.43e-06,76796308584
1764061200,2025-11-25 09:00:00,4.4e-06,4.46e-06,4.43e-06,4.46e-06,60907225660
1764064800,2025-11-25 10:00:00,4.45e-06,4.48e-06,4.46e-06,4.47e-06,18644867835
1764068400,2025-11-25 11:00:00,4.43e-06,4.47e-06,4.46e-06,4.45e-06,19783758333
1764072000,2025-11-25 12:00:00,4.43e-06,4.48e-06,4.44e-06,4.46e-06,46393999689
1764075600,2025-11-25 13:00:00,4.41e-06,4.48e-06,4.46e-06,4.42e-06,60432284022
1764079200,2025-11-25 14:00:00,4.35e-06,4.45e-06,4.42e-06,4.39e-06,102549032947
1764082800,2025-11-25 15:00:00,4.36e-06,4.44e-06,4.38e-06,4.41e-06,71583837845
1764086400,2025-11-25 16:00:00,4.41e-06,4.5e-06,4.42e-06,4.49e-06,42600317612
1764090000,2025-11-25 17:00:00,4.46e-06,4.56e-06,4.48e-06,4.53e-06,61194419201
1764093600,2025-11-25 18:00:00,4.48e-06,4.56e-06,4.53e-06,4.49e-06,26238915226
1764097200,2025-11-25 19:00:00,4.4e-06,4.5e-06,4.49e-06,4.49e-06,76765496705
1764100800,2025-11-25 20:00:00,4.48e-06,4.55e-06,4.49e-06,4.53e-06,49957528218
1764104400,2025-11-25 21:00:00,4.51e-06,4.55e-06,4.53e-06,4.51e-06,32621757706
1764108000,2025-11-25 22:00:00,4.47e-06,4.59e-06,4.51e-06,4.58e-06,31730195389
1764111600,2025-11-25 23:00:00,4.56e-06,4.65e-06,4.58e-06,4.58e-06,51255165182
1764115200,2025-11-26 00:00:00,4.58e-06,4.62e-06,4.58e-06,4.6e-06,38162004740
1764118800,2025-11-26 01:00:00,4.56e-06,4.64e-06,4.59e-06,4.62e-06,33645960405
1764122400,2025-11-26 02:00:00,4.57e-06,4.62e-06,4.62e-06,4.57e-06,19988301008
1764126000,2025-11-26 03:00:00,4.54e-06,4.6e-06,4.57e-06,4.56e-06,34739773163
1764129600,2025-11-26 04:00:00,4.53e-06,4.57e-06,4.56e-06,4.56e-06,19777232958
1764133200,2025-11-26 05:00:00,4.55e-06,4.59e-06,4.55e-06,4.58e-06,18164711082
1764136800,2025-11-26 06:00:00,4.55e-06,4.6e-06,4.58e-06,4.59e-06,22339566480
1764140400,2025-11-26 07:00:00,4.57e-06,4.62e-06,4.59e-06,4.6e-06,33026034988
1764144000,2025-11-26 08:00:00,4.56e-06,4.61e-06,4.61e-06,4.57e-06,41528313120
1764147600,2025-11-26 09:00:00,4.51e-06,4.57e-06,4.56e-06,4.52e-06,64273344860
1764151200,2025-11-26 10:00:00,4.5e-06,4.53e-06,4.52e-06,4.51e-06,44091943611
1764154800,2025-11-26 11:00:00,4.47e-06,4.52e-06,4.51e-06,4.48e-06,10275575840
1764158400,2025-11-26 12:00:00,4.43e-06,4.5e-06,4.48e-06,4.47e-06,66602858828
1764162000,2025-11-26 13:00:00,4.45e-06,4.49e-06,4.46e-06,4.48e-06,45357320060
1764165600,2025-11-26 14:00:00,4.43e-06,4.51e-06,4.48e-06,4.44e-06,56526154475
1764169200,2025-11-26 15:00:00,4.44e-06,4.49e-06,4.45e-06,4.47e-06,54820088452
1764172800,2025-11-26 16:00:00,4.47e-06,4.56e-06,4.47e-06,4.53e-06,36476192994
1764176400,2025-11-26 17:00:00,4.53e-06,4.68e-06,4.54e-06,4.66e-06,99347081980
1764180000,2025-11-26 18:00:00,4.64e-06,4.73e-06,4.66e-06,4.71e-06,122500165171
1764183600,2025-11-26 19:00:00,4.68e-06,4.71e-06,4.71e-06,4.7e-06,54130222252
1764187200,2025-11-26 20:00:00,4.65e-06,4.72e-06,4.7e-06,4.68e-06,57547377883
1764190800,2025-11-26 21:00:00,4.66e-06,4.76e-06,4.68e-06,4.73e-06,55508013273
1764194400,2025-11-26 22:00:00,4.69e-06,4.74e-06,4.73e-06,4.72e-06,77744213853
1764198000,2025-11-26 23:00:00,4.68e-06,4.73e-06,4.72e-06,4.7e-06,48216923775
1764201600,2025-11-27 00:00:00,4.67e-06,4.71e-06,4.7e-06,4.69e-06,45992299426
1764205200,2025-11-27 01:00:00,4.66e-06,4.72e-06,4.69e-06,4.69e-06,37564448543
1764208800,2025-11-27 02:00:00,4.67e-06,4.72e-06,4.69e-06,4.67e-06,77225179843
1764212400,2025-11-27 03:00:00,4.63e-06,4.68e-06,4.67e-06,4.64e-06,42298209730
1764216000,2025-11-27 04:00:00,4.64e-06,4.69e-06,4.64e-06,4.68e-06,45730437623
1764219600,2025-11-27 05:00:00,4.65e-06,4.69e-06,4.68e-06,4.66e-06,28655790132
1764223200,2025-11-27 06:00:00,4.66e-06,4.7e-06,4.66e-06,4.68e-06,21866353351
1764226800,2025-11-27 07:00:00,4.67e-06,4.7e-06,4.69e-06,4.67e-06,22831690680
1764230400,2025-11-27 08:00:00,4.64e-06,4.67e-06,4.66e-06,4.67e-06,17008024333
1764234000,2025-11-27 09:00:00,4.65e-06,4.68e-06,4.66e-06,4.65e-06,15024700787
1764237600,2025-11-27 10:00:00,4.63e-06,4.67e-06,4.65e-06,4.66e-06,15047453217
1764241200,2025-11-27 11:00:00,4.63e-06,4.66e-06,4.65e-06,4.64e-06,10002229777
1764244800,2025-11-27 12:00:00,4.63e-06,4.65e-06,4.64e-06,4.64e-06,20569011099
1764248400,2025-11-27 13:00:00,4.63e-06,4.67e-06,4.64e-06,4.65e-06,94220439641
1764252000,2025-11-27 14:00:00,4.64e-06,4.69e-06,4.66e-06,4.67e-06,50518400152
1764255600,2025-11-27 15:00:00,4.65e-06,4.71e-06,4.67e-06,4.71e-06,37264740181
1764259200,2025-11-27 16:00:00,4.67e-06,4.71e-06,4.71e-06,4.7e-06,48103016139
1764262800,2025-11-27 17:00:00,4.69e-06,4.72e-06,4.7e-06,4.71e-06,50246321486
1764266400,2025-11-27 18:00:00,4.7e-06,4.76e-06,4.72e-06,4.75e-06,64818893348
1764270000,2025-11-27 19:00:00,4.75e-06,4.78e-06,4.76e-06,4.77e-06,59513080950
1764273600,2025-11-27 20:00:00,4.76e-06,4.8e-06,4.77e-06,4.8e-06,59070078541
1764277200,2025-11-27 21:00:00,4.77e-06,4.85e-06,4.8e-06,4.78e-06,58958174547
1764280800,2025-11-27 22:00:00,4.69e-06,4.78e-06,4.78e-06,4.71e-06,36751693990
1764284400,2025-11-27 23:00:00,4.69e-06,4.73e-06,4.71e-06,4.71e-06,41175728099
1764288000,2025-11-28 00:00:00,4.69e-06,4.73e-06,4.72e-06,4.69e-06,8782268888
1764291600,2025-11-28 01:00:00,4.62e-06,4.7e-06,4.69e-06,4.64e-06,34327425827
1764295200,2025-11-28 02:00:00,4.61e-06,4.66e-06,4.63e-06,4.65e-06,34036210075
1764298800,2025-11-28 03:00:00,4.63e-06,4.66e-06,4.65e-06,4.63e-06,19301875571
1764302400,2025-11-28 04:00:00,4.62e-06,4.65e-06,4.63e-06,4.62e-06,7852228097
1764306000,2025-11-28 05:00:00,4.61e-06,4.64e-06,4.62e-06,4.63e-06,26578063060
1764309600,2025-11-28 06:00:00,4.59e-06,4.63e-06,4.62e-06,4.61e-06,12378688075
1764313200,2025-11-28 07:00:00,4.61e-06,4.64e-06,4.61e-06,4.64e-06,9143131798
1764316800,2025-11-28 08:00:00,4.64e-06,4.8e-06,4.64e-06,4.78e-06,49005134661
1764320400,2025-11-28 09:00:00,4.73e-06,4.77e-06,4.77e-06,4.74e-06,20704058879
1764324000,2025-11-28 10:00:00,4.74e-06,4.77e-06,4.74e-06,4.76e-06,10618502576
1764327600,2025-11-28 11:00:00,4.66e-06,4.76e-06,4.76e-06,4.69e-06,21820240128
1764331200,2025-11-28 12:00:00,4.68e-06,4.71e-06,4.69e-06,4.69e-06,12554782995
1764334800,2025-11-28 13:00:00,4.67e-06,4.77e-06,4.69e-06,4.73e-06,49132050397
1764338400,2025-11-28 14:00:00,4.7e-06,4.79e-06,4.73e-06,4.75e-06,52480917053
1764342000,2025-11-28 15:00:00,4.75e-06,4.9e-06,4.75e-06,4.79e-06,69241907236
1764345600,2025-11-28 16:00:00,4.67e-06,4.78e-06,4.78e-06,4.67e-06,41289501375
1764349200,2025-11-28 17:00:00,4.61e-06,4.69e-06,4.67e-06,4.63e-06,48778021935
1764352800,2025-11-28 18:00:00,4.59e-06,4.64e-06,4.63e-06,4.63e-06,34389023717
1764356400,2025-11-28 19:00:00,4.63e-06,4.68e-06,4.63e-06,4.65e-06,22867272774
1764360000,2025-11-28 20:00:00,4.62e-06,4.67e-06,4.64e-06,4.67e-06,27109471932
1764363600,2025-11-28 21:00:00,4.61e-06,4.67e-06,4.67e-06,4.62e-06,25190905060
1764367200,2025-11-28 22:00:00,4.6e-06,4.67e-06,4.62e-06,4.66e-06,60726711309
1764370800,2025-11-28 23:00:00,4.63e-06,4.67e-06,4.66e-06,4.63e-06,9007105726
1764374400,2025-11-29 00:00:00,4.62e-06,4.65e-06,4.64e-06,4.63e-06,15108956677
1764378000,2025-11-29 01:00:00,4.61e-06,4.65e-06,4.63e-06,4.62e-06,16367437203
1764381600,2025-11-29 02:00:00,4.61e-06,4.64e-06,4.63e-06,4.64e-06,11658925944
1764385200,2025-11-29 03:00:00,4.61e-06,4.65e-06,4.64e-06,4.62e-06,16790803721
1764388800,2025-11-29 04:00:00,4.6e-06,4.63e-06,4.61e-06,4.63e-06,28439652396
1764392400,2025-11-29 05:00:00,4.6e-06,4.63e-06,4.63e-06,4.6e-06,13623409718
1764396000,2025-11-29 06:00:00,4.56e-06,4.62e-06,4.6e-06,4.57e-06,57556803987
1764399600,2025-11-29 07:00:00,4.55e-06,4.59e-06,4.58e-06,4.55e-06,25116711858
1764403200,2025-11-29 08:00:00,4.54e-06,4.58e-06,4.56e-06,4.55e-06,33607567176
1764406800,2025-11-29 09:00:00,4.55e-06,4.57e-06,4.56e-06,4.56e-06,13899999801
1764410400,2025-11-29 10:00:00,4.54e-06,4.57e-06,4.56e-06,4.55e-06,23160712737
1764414000,2025-11-29 11:00:00,4.54e-06,4.59e-06,4.55e-06,4.58e-06,12294819083
1764417600,2025-11-29 12:00:00,4.54e-06,4.59e-06,4.57e-06,4.55e-06,24458621323
1764421200,2025-11-29 13:00:00,4.54e-06,4.57e-06,4.55e-06,4.56e-06,27349699085
1764424800,2025-11-29 14:00:00,4.54e-06,4.57e-06,4.55e-06,4.56e-06,17783353623
1764428400,2025-11-29 15:00:00,4.55e-06,4.61e-06,4.56e-06,4.59e-06,70985059358
1764432000,2025-11-29 16:00:00,4.55e-06,4.6e-06,4.6e-06,4.56e-06,17536285197
1764435600,2025-11-29 17:00:00,4.51e-06,4.57e-06,4.56e-06,4.53e-06,35563619790
1764439200,2025-11-29 18:00:00,4.52e-06,4.56e-06,4.53e-06,4.55e-06,33312052865
1764442800,2025-11-29 19:00:00,4.54e-06,4.57e-06,4.55e-06,4.54e-06,15397161344
1764446400,2025-11-29 20:00:00,4.53e-06,4.58e-06,4.54e-06,4.58e-06,16648990438
1764450000,2025-11-29 21:00:00,4.56e-06,4.59e-06,4.58e-06,4.59e-06,12013722150
1764453600,2025-11-29 22:00:00,4.55e-06,4.59e-06,4.59e-06,4.57e-06,17828969097
1764457200,2025-11-29 23:00:00,4.55e-06,4.58e-06,4.56e-06,4.57e-06,17454373519
1764460800,2025-11-30 00:00:00,4.56e-06,4.59e-06,4.57e-06,4.57e-06,15394310031
1764464400,2025-11-30 01:00:00,4.56e-06,4.59e-06,4.57e-06,4.58e-06,7490350191
1764468000,2025-11-30 02:00:00,4.56e-06,4.6e-06,4.58e-06,4.56e-06,22524499688
1764471600,2025-11-30 03:00:00,4.53e-06,4.59e-06,4.56e-06,4.59e-06,18071572429
1764475200,2025-11-30 04:00:00,4.57e-06,4.59e-06,4.59e-06,4.58e-06,5802129668
1764478800,2025-11-30 05:00:00,4.55e-06,4.58e-06,4.57e-06,4.57e-06,21103622654
1764482400,2025-11-30 06:00:00,4.55e-06,4.61e-06,4.57e-06,4.6e-06,17376869084
1764486000,2025-11-30 07:00:00,4.59e-06,4.61e-06,4.61e-06,4.6e-06,13569053643
1764489600,2025-11-30 08:00:00,4.6e-06,4.64e-06,4.6e-06,4.6e-06,36167968775
1764493200,2025-11-30 09:00:00,4.6e-06,4.62e-06,4.6e-06,4.6e-06,31457578838
1764496800,2025-11-30 10:00:00,4.57e-06,4.6e-06,4.6e-06,4.57e-06,39235622253
1764500400,2025-11-30 11:00:00,4.57e-06,4.59e-06,4.57e-06,4.58e-06,24177446972
1764504000,2025-11-30 12:00:00,4.56e-06,4.63e-06,4.58e-06,4.62e-06,22171643601
1764507600,2025-11-30 13:00:00,4.61e-06,4.68e-06,4.62e-06,4.67e-06,84396276209
1764511200,2025-11-30 14:00:00,4.62e-06,4.68e-06,4.67e-06,4.63e-06,33748510873
1764514800,2025-11-30 15:00:00,4.58e-06,4.63e-06,4.63e-06,4.6e-06,22401613737
1764518400,2025-11-30 16:00:00,4.6e-06,4.66e-06,4.6e-06,4.65e-06,25961635003
1764522000,2025-11-30 17:00:00,4.62e-06,4.7e-06,4.65e-06,4.67e-06,51046943282
1764525600,2025-11-30 18:00:00,4.63e-06,4.67e-06,4.67e-06,4.66e-06,49216117712
1764529200,2025-11-30 19:00:00,4.63e-06,4.67e-06,4.66e-06,4.63e-06,13713450356
1764532800,2025-11-30 20:00:00,4.62e-06,4.67e-06,4.64e-06,4.65e-06,36636687642
1764536400,2025-11-30 21:00:00,4.61e-06,4.66e-06,4.65e-06,4.64e-06,46696809069
1764540000,2025-11-30 22:00:00,4.6e-06,4.67e-06,4.64e-06,4.64e-06,49884669469
1764543600,2025-11-30 23:00:00,4.53e-06,4.64e-06,4.64e-06,4.54e-06,37339942145
1764547200,2025-12-01 00:00:00,4.24e-06,4.56e-06,4.54e-06,4.26e-06,134119225876
1764550800,2025-12-01 01:00:00,4.24e-06,4.31e-06,4.26e-06,4.27e-06,76303068524
1764554400,2025-12-01 02:00:00,4.26e-06,4.3e-06,4.27e-06,4.26e-06,60306420860
1764558000,2025-12-01 03:00:00,4.2e-06,4.27e-06,4.26e-06,4.2e-06,38413943179
1764561600,2025-12-01 04:00:00,4.17e-06,4.22e-06,4.21e-06,4.18e-06,44780357266
1764565200,2025-12-01 05:00:00,4.16e-06,4.2e-06,4.19e-06,4.18e-06,30431353233
1764568800,2025-12-01 06:00:00,4.16e-06,4.19e-06,4.18e-06,4.17e-06,30258796561
1764572400,2025-12-01 07:00:00,4.14e-06,4.17e-06,4.17e-06,4.15e-06,26736380696
1764576000,2025-12-01 08:00:00,4.15e-06,4.17e-06,4.15e-06,4.16e-06,34182400988
1764579600,2025-12-01 09:00:00,4.15e-06,4.18e-06,4.16e-06,4.16e-06,29659262177
1764583200,2025-12-01 10:00:00,4.15e-06,4.18e-06,4.16e-06,4.15e-06,26045826421
1764586800,2025-12-01 11:00:00,4.12e-06,4.16e-06,4.16e-06,4.13e-06,26530279588
1764590400,2025-12-01 12:00:00,4.04e-06,4.14e-06,4.13e-06,4.12e-06,88904994460
1764594000,2025-12-01 13:00:00,4.08e-06,4.15e-06,4.12e-06,4.1e-06,38320746757
1764597600,2025-12-01 14:00:00,4.08e-06,4.13e-06,4.1e-06,4.09e-06,59133709615
1764601200,2025-12-01 15:00:00,3.97e-06,4.09e-06,4.09e-06,4.02e-06,64867461468
1764604800,2025-12-01 16:00:00,3.97e-06,4.03e-06,4.01e-06,3.98e-06,48013497974
1764608400,2025-12-01 17:00:00,3.96e-06,4.01e-06,3.98e-06,3.99e-06,50972129555
1764612000,2025-12-01 18:00:00,3.98e-06,4.03e-06,3.99e-06,4.01e-06,33718886985
1764615600,2025-12-01 19:00:00,3.98e-06,4.02e-06,4.01e-06,4.01e-06,11300969092
1764619200,2025-12-01 20:00:00,4e-06,4.06e-06,4.01e-06,4.03e-06,56308546024
1764622800,2025-12-01 21:00:00,4.02e-06,4.08e-06,4.04e-06,4.05e-06,24809123869
1764626400,2025-12-01 22:00:00,4.04e-06,4.08e-06,4.05e-06,4.06e-06,48054840234
1764630000,2025-12-01 23:00:00,4.05e-06,4.08e-06,4.07e-06,4.05e-06,53546278198
1764633600,2025-12-02 00:00:00,4.02e-06,4.06e-06,4.05e-06,4.03e-06,67403431542
1764637200,2025-12-02 01:00:00,4.03e-06,4.09e-06,4.03e-06,4.03e-06,57289715362
1764640800,2025-12-02 02:00:00,4.01e-06,4.06e-06,4.03e-06,4.04e-06,45235412666
1764644400,2025-12-02 03:00:00,3.99e-06,4.06e-06,4.03e-06,4.04e-06,65991730945
1764648000,2025-12-02 04:00:00,4.04e-06,4.06e-06,4.04e-06,4.05e-06,32980054069
1764651600,2025-12-02 05:00:00,4e-06,4.05e-06,4.05e-06,4.02e-06,27790832047
1764655200,2025-12-02 06:00:00,4.02e-06,4.05e-06,4.03e-06,4.05e-06,35506733778
1764658800,2025-12-02 07:00:00,4.01e-06,4.04e-06,4.04e-06,4.01e-06,23165866590
1764662400,2025-12-02 08:00:00,3.99e-06,4.02e-06,4.01e-06,4.01e-06,53850656219
1764666000,2025-12-02 09:00:00,4.01e-06,4.03e-06,4.02e-06,4.01e-06,35576827136
1764669600,2025-12-02 10:00:00,4.01e-06,4.08e-06,4.02e-06,4.07e-06,19990130624
1764673200,2025-12-02 11:00:00,4.04e-06,4.08e-06,4.07e-06,4.08e-06,17715554123
1764676800,2025-12-02 12:00:00,4.03e-06,4.08e-06,4.08e-06,4.05e-06,28718968679
1764680400,2025-12-02 13:00:00,4.03e-06,4.07e-06,4.05e-06,4.07e-06,31147366439
1764684000,2025-12-02 14:00:00,4.06e-06,4.16e-06,4.07e-06,4.16e-06,79144727252
1764687600,2025-12-02 15:00:00,4.15e-06,4.46e-06,4.15e-06,4.45e-06,192976300238
1764691200,2025-12-02 16:00:00,4.42e-06,4.51e-06,4.46e-06,4.49e-06,114295535433
1764694800,2025-12-02 17:00:00,4.47e-06,4.55e-06,4.48e-06,4.48e-06,62894886732
1764698400,2025-12-02 18:00:00,4.47e-06,4.53e-06,4.47e-06,4.51e-06,59069840393
1764702000,2025-12-02 19:00:00,4.49e-06,4.53e-06,4.51e-06,4.5e-06,25694082324
1764705600,2025-12-02 20:00:00,4.46e-06,4.52e-06,4.5e-06,4.5e-06,65357743617
1764709200,2025-12-02 21:00:00,4.49e-06,4.57e-06,4.49e-06,4.57e-06,70039991560
1764712800,2025-12-02 22:00:00,4.56e-06,4.65e-06,4.57e-06,4.65e-06,77178125802
1764716400,2025-12-02 23:00:00,4.55e-06,4.64e-06,4.64e-06,4.57e-06,56089536988
1764720000,2025-12-03 00:00:00,4.54e-06,4.62e-06,4.57e-06,4.59e-06,56526433149
1764723600,2025-12-03 01:00:00,4.57e-06,4.6e-06,4.59e-06,4.6e-06,41023559724
1764727200,2025-12-03 02:00:00,4.59e-06,4.64e-06,4.6e-06,4.61e-06,48106873334
1764730800,2025-12-03 03:00:00,4.61e-06,4.64e-06,4.61e-06,4.64e-06,30743837732
1764734400,2025-12-03 04:00:00,4.61e-06,4.69e-06,4.64e-06,4.67e-06,68668828328
1764738000,2025-12-03 05:00:00,4.66e-06,4.73e-06,4.68e-06,4.71e-06,66707310876
1764741600,2025-12-03 06:00:00,4.69e-06,4.79e-06,4.72e-06,4.7e-06,61394705151
1764745200,2025-12-03 07:00:00,4.67e-06,4.71e-06,4.7e-06,4.7e-06,32076917045
1764748800,2025-12-03 08:00:00,4.71e-06,4.8e-06,4.71e-06,4.79e-06,35045640881
1764752400,2025-12-03 09:00:00,4.73e-06,4.79e-06,4.79e-06,4.77e-06,39059042157
1764756000,2025-12-03 10:00:00,4.75e-06,4.78e-06,4.78e-06,4.77e-06,10860592788
1764759600,2025-12-03 11:00:00,4.75e-06,4.78e-06,4.77e-06,4.77e-06,31492354785
1764763200,2025-12-03 12:00:00,4.73e-06,4.78e-06,4.77e-06,4.75e-06,36267972009
1764766800,2025-12-03 13:00:00,4.72e-06,4.78e-06,4.76e-06,4.74e-06,37483164823
1764770400,2025-12-03 14:00:00,4.61e-06,4.75e-06,4.73e-06,4.64e-06,165176938332
1764774000,2025-12-03 15:00:00,4.62e-06,4.71e-06,4.64e-06,4.71e-06,65332725527
1764777600,2025-12-03 16:00:00,4.67e-06,4.76e-06,4.72e-06,4.74e-06,31144078256
1764781200,2025-12-03 17:00:00,4.74e-06,4.83e-06,4.74e-06,4.81e-06,130309438736
1764784800,2025-12-03 18:00:00,4.74e-06,4.82e-06,4.81e-06,4.76e-06,34464454178
1764788400,2025-12-03 19:00:00,4.73e-06,4.76e-06,4.76e-06,4.74e-06,3741876637
1764792000,2025-12-03 20:00:00,4.72e-06,4.79e-06,4.74e-06,4.75e-06,24293105302
1764795600,2025-12-03 21:00:00,4.74e-06,4.84e-06,4.74e-06,4.83e-06,27902965995
1764799200,2025-12-03 22:00:00,4.78e-06,4.84e-06,4.84e-06,4.82e-06,50470942120
1764802800,2025-12-03 23:00:00,4.8e-06,4.86e-06,4.82e-06,4.8e-06,65748521940
1764806400,2025-12-04 00:00:00,4.77e-06,4.84e-06,4.8e-06,4.81e-06,46606464514
1764810000,2025-12-04 01:00:00,4.81e-06,4.89e-06,4.82e-06,4.81e-06,35589016076
1764813600,2025-12-04 02:00:00,4.81e-06,4.86e-06,4.82e-06,4.84e-06,39970949075
1764817200,2025-12-04 03:00:00,4.79e-06,4.85e-06,4.83e-06,4.8e-06,14666670702
1764820800,2025-12-04 04:00:00,4.79e-06,4.84e-06,4.8e-06,4.84e-06,24985831404
1764824400,2025-12-04 05:00:00,4.8e-06,4.84e-06,4.84e-06,4.83e-06,12681917951
1764828000,2025-12-04 06:00:00,4.82e-06,4.88e-06,4.84e-06,4.85e-06,18536864015
1764831600,2025-12-04 07:00:00,4.79e-06,4.88e-06,4.84e-06,4.87e-06,80906262348
1764835200,2025-12-04 08:00:00,4.84e-06,4.89e-06,4.87e-06,4.86e-06,47375728077
1764838800,2025-12-04 09:00:00,4.84e-06,4.87e-06,4.86e-06,4.84e-06,55945936515
1764842400,2025-12-04 10:00:00,4.81e-06,4.85e-06,4.84e-06,4.82e-06,24917961131
1764846000,2025-12-04 11:00:00,4.79e-06,4.84e-06,4.82e-06,4.83e-06,17060974880
1764849600,2025-12-04 12:00:00,4.81e-06,4.85e-06,4.83e-06,4.84e-06,20618803800
1764853200,2025-12-04 13:00:00,4.81e-06,4.87e-06,4.84e-06,4.82e-06,19557522516
1764856800,2025-12-04 14:00:00,4.78e-06,4.84e-06,4.81e-06,4.79e-06,54463292976
1764860400,2025-12-04 15:00:00,4.79e-06,4.93e-06,4.79e-06,4.92e-06,63792967901
1764864000,2025-12-04 16:00:00,4.81e-06,4.92e-06,4.91e-06,4.81e-06,33791460362
1764867600,2025-12-04 17:00:00,4.77e-06,4.83e-06,4.82e-06,4.83e-06,35701287116
1764871200,2025-12-04 18:00:00,4.8e-06,4.87e-06,4.82e-06,4.81e-06,44038602665
1764874800,2025-12-04 19:00:00,4.69e-06,4.82e-06,4.82e-06,4.79e-06,54747316411
1764878400,2025-12-04 20:00:00,4.75e-06,4.8e-06,4.79e-06,4.78e-06,16710543750
1764882000,2025-12-04 21:00:00,4.75e-06,4.8e-06,4.79e-06,4.76e-06,14105179094
1764885600,2025-12-04 22:00:00,4.74e-06,4.79e-06,4.76e-06,4.78e-06,14375300232
1764889200,2025-12-04 23:00:00,4.76e-06,4.79e-06,4.78e-06,4.76e-06,18670156455
1764892800,2025-12-05 00:00:00,4.76e-06,4.82e-06,4.76e-06,4.8e-06,25539993413
1764896400,2025-12-05 01:00:00,4.75e-06,4.82e-06,4.79e-06,4.75e-06,23038303568
1764900000,2025-12-05 02:00:00,4.75e-06,4.79e-06,4.75e-06,4.76e-06,13010199206
1764903600,2025-12-05 03:00:00,4.72e-06,4.77e-06,4.76e-06,4.73e-06,34955525169
1764907200,2025-12-05 04:00:00,4.68e-06,4.74e-06,4.73e-06,4.7e-06,26552104964
1764910800,2025-12-05 05:00:00,4.69e-06,4.71e-06,4.7e-06,4.71e-06,6869257143
1764914400,2025-12-05 06:00:00,4.7e-06,4.73e-06,4.71e-06,4.72e-06,16149852166
1764918000,2025-12-05 07:00:00,4.72e-06,4.78e-06,4.73e-06,4.77e-06,23577544817
1764921600,2025-12-05 08:00:00,4.72e-06,4.79e-06,4.77e-06,4.72e-06,23363867132
1764925200,2025-12-05 09:00:00,4.62e-06,4.71e-06,4.71e-06,4.64e-06,41174798955
1764928800,2025-12-05 10:00:00,4.63e-06,4.67e-06,4.64e-06,4.65e-06,28099276206
1764932400,2025-12-05 11:00:00,4.6e-06,4.65e-06,4.65e-06,4.62e-06,10550575901
1764936000,2025-12-05 12:00:00,4.61e-06,4.64e-06,4.62e-06,4.63e-06,12436143451
1764939600,2025-12-05 13:00:00,4.54e-06,4.65e-06,4.63e-06,4.55e-06,95081774129
1764943200,2025-12-05 14:00:00,4.5e-06,4.56e-06,4.56e-06,4.52e-06,31162469424
1764946800,2025-12-05 15:00:00,4.51e-06,4.62e-06,4.51e-06,4.53e-06,71226933663
1764950400,2025-12-05 16:00:00,4.31e-06,4.53e-06,4.53e-06,4.35e-06,84731317549
1764954000,2025-12-05 17:00:00,4.32e-06,4.4e-06,4.34e-06,4.37e-06,52851042206
1764957600,2025-12-05 18:00:00,4.35e-06,4.41e-06,4.37e-06,4.35e-06,38523015258
1764961200,2025-12-05 19:00:00,4.33e-06,4.42e-06,4.35e-06,4.39e-06,39292346341
1764964800,2025-12-05 20:00:00,4.36e-06,4.4e-06,4.39e-06,4.38e-06,25076818760
1764968400,2025-12-05 21:00:00,4.37e-06,4.4e-06,4.38e-06,4.37e-06,27145801688
1764972000,2025-12-05 22:00:00,4.36e-06,4.4e-06,4.37e-06,4.38e-06,9764470654
1764975600,2025-12-05 23:00:00,4.36e-06,4.4e-06,4.38e-06,4.39e-06,24980548247
1764979200,2025-12-06 00:00:00,4.37e-06,4.4e-06,4.38e-06,4.39e-06,9106899973
1764982800,2025-12-06 01:00:00,4.38e-06,4.4e-06,4.39e-06,4.4e-06,11066798910
1764986400,2025-12-06 02:00:00,4.38e-06,4.4e-06,4.4e-06,4.4e-06,11501555450
1764990000,2025-12-06 03:00:00,4.39e-06,4.42e-06,4.4e-06,4.39e-06,12039348714
1764993600,2025-12-06 04:00:00,4.35e-06,4.39e-06,4.39e-06,4.37e-06,20118053234
1764997200,2025-12-06 05:00:00,4.37e-06,4.39e-06,4.37e-06,4.37e-06,6295164119
1765000800,2025-12-06 06:00:00,4.36e-06,4.39e-06,4.36e-06,4.37e-06,14106051667
1765004400,2025-12-06 07:00:00,4.35e-06,4.38e-06,4.38e-06,4.36e-06,14355798508
1765008000,2025-12-06 08:00:00,4.34e-06,4.37e-06,4.36e-06,4.34e-06,27849019892
1765011600,2025-12-06 09:00:00,4.34e-06,4.38e-06,4.35e-06,4.35e-06,55052755972
1765015200,2025-12-06 10:00:00,4.34e-06,4.37e-06,4.35e-06,4.36e-06,12967030916
1765018800,2025-12-06 11:00:00,4.35e-06,4.42e-06,4.35e-06,4.42e-06,18105350974
1765022400,2025-12-06 12:00:00,4.42e-06,4.49e-06,4.42e-06,4.45e-06,76201202593
1765026000,2025-12-06 13:00:00,4.43e-06,4.46e-06,4.45e-06,4.44e-06,25277106641
1765029600,2025-12-06 14:00:00,4.43e-06,4.48e-06,4.44e-06,4.43e-06,28530509150
1765033200,2025-12-06 15:00:00,4.39e-06,4.43e-06,4.42e-06,4.41e-06,42037830577
1765036800,2025-12-06 16:00:00,4.4e-06,4.45e-06,4.4e-06,4.44e-06,21718160296
1765040400,2025-12-06 17:00:00,4.43e-06,4.47e-06,4.44e-06,4.47e-06,8980947669
1765044000,2025-12-06 18:00:00,4.46e-06,4.5e-06,4.46e-06,4.48e-06,47601493655
1765047600,2025-12-06 19:00:00,4.42e-06,4.49e-06,4.49e-06,4.44e-06,36228792407
1765051200,2025-12-06 20:00:00,4.43e-06,4.45e-06,4.44e-06,4.44e-06,21224046671
1765054800,2025-12-06 21:00:00,4.44e-06,4.57e-06,4.44e-06,4.49e-06,49870592524
1765058400,2025-12-06 22:00:00,4.46e-06,4.51e-06,4.49e-06,4.48e-06,31101112073
1765062000,2025-12-06 23:00:00,4.46e-06,4.53e-06,4.48e-06,4.52e-06,14941945682
1765065600,2025-12-07 00:00:00,4.51e-06,4.6e-06,4.52e-06,4.59e-06,47854417845
1765069200,2025-12-07 01:00:00,4.52e-06,4.59e-06,4.59e-06,4.52e-06,21962333332
1765072800,2025-12-07 02:00:00,4.52e-06,4.55e-06,4.52e-06,4.54e-06,12232042044
1765076400,2025-12-07 03:00:00,4.52e-06,4.55e-06,4.54e-06,4.54e-06,5617890173
1765080000,2025-12-07 04:00:00,4.5e-06,4.54e-06,4.54e-06,4.52e-06,6397170422
1765083600,2025-12-07 05:00:00,4.51e-06,4.55e-06,4.52e-06,4.53e-06,15601126687
1765087200,2025-12-07 06:00:00,4.53e-06,4.56e-06,4.53e-06,4.54e-06,3480131169
1765090800,2025-12-07 07:00:00,4.49e-06,4.55e-06,4.54e-06,4.51e-06,14621115176
1765094400,2025-12-07 08:00:00,4.47e-06,4.51e-06,4.5e-06,4.48e-06,8615674031
1765098000,2025-12-07 09:00:00,4.45e-06,4.48e-06,4.48e-06,4.46e-06,8014875299
1765101600,2025-12-07 10:00:00,4.46e-06,4.49e-06,4.47e-06,4.46e-06,8601131542
1765105200,2025-12-07 11:00:00,4.46e-06,4.5e-06,4.47e-06,4.48e-06,12236614811
1765108800,2025-12-07 12:00:00,4.47e-06,4.52e-06,4.48e-06,4.51e-06,8602078518
1765112400,2025-12-07 13:00:00,4.44e-06,4.51e-06,4.51e-06,4.45e-06,26190565668
1765116000,2025-12-07 14:00:00,4.3e-06,4.45e-06,4.45e-06,4.32e-06,61256436022
1765119600,2025-12-07 15:00:00,4.31e-06,4.45e-06,4.31e-06,4.43e-06,41721899526
1765123200,2025-12-07 16:00:00,4.36e-06,4.43e-06,4.42e-06,4.41e-06,39510380239
1765126800,2025-12-07 17:00:00,4.39e-06,4.58e-06,4.41e-06,4.55e-06,42993228544
1765130400,2025-12-07 18:00:00,4.54e-06,4.58e-06,4.55e-06,4.55e-06,28160429736
1765134000,2025-12-07 19:00:00,4.53e-06,4.56e-06,4.55e-06,4.56e-06,20803103331
1765137600,2025-12-07 20:00:00,4.54e-06,4.59e-06,4.55e-06,4.57e-06,8268966730
1765141200,2025-12-07 21:00:00,4.46e-06,4.59e-06,4.58e-06,4.47e-06,52757643321
1765144800,2025-12-07 22:00:00,4.34e-06,4.47e-06,4.47e-06,4.4e-06,51265594900
1765148400,2025-12-07 23:00:00,4.38e-06,4.43e-06,4.4e-06,4.42e-06,28424401464
1765152000,2025-12-08 00:00:00,4.41e-06,4.48e-06,4.42e-06,4.45e-06,27139807816
1765155600,2025-12-08 01:00:00,4.45e-06,4.55e-06,4.45e-06,4.5e-06,51732307577
1765159200,2025-12-08 02:00:00,4.49e-06,4.54e-06,4.5e-06,4.54e-06,10528604015
1765162800,2025-12-08 03:00:00,4.52e-06,4.56e-06,4.54e-06,4.54e-06,17989885928
1765166400,2025-12-08 04:00:00,4.54e-06,4.64e-06,4.54e-06,4.61e-06,24022927534
1765170000,2025-12-08 05:00:00,4.59e-06,4.63e-06,4.6e-06,4.62e-06,10524291564
1765173600,2025-12-08 06:00:00,4.59e-06,4.68e-06,4.62e-06,4.66e-06,20058957530
1765177200,2025-12-08 07:00:00,4.63e-06,4.67e-06,4.66e-06,4.66e-06,10493848573
1765180800,2025-12-08 08:00:00,4.64e-06,4.68e-06,4.65e-06,4.68e-06,30485341605
1765184400,2025-12-08 09:00:00,4.68e-06,4.75e-06,4.68e-06,4.71e-06,43314628438
1765188000,2025-12-08 10:00:00,4.71e-06,4.74e-06,4.71e-06,4.73e-06,13538401306
1765191600,2025-12-08 11:00:00,4.71e-06,4.74e-06,4.73e-06,4.74e-06,17609779717
1765195200,2025-12-08 12:00:00,4.71e-06,4.74e-06,4.74e-06,4.74e-06,17814432511
1765198800,2025-12-08 13:00:00,4.73e-06,4.81e-06,4.74e-06,4.77e-06,55762857727
1765202400,2025-12-08 14:00:00,4.76e-06,4.88e-06,4.76e-06,4.81e-06,103364572457
1765206000,2025-12-08 15:00:00,4.75e-06,4.84e-06,4.81e-06,4.82e-06,67098287025
1765209600,2025-12-08 16:00:00,4.78e-06,5.04e-06,4.81e-06,4.95e-06,177313222438
1765213200,2025-12-08 17:00:00,4.83e-06,4.99e-06,4.95e-06,4.88e-06,112881363739
1765216800,2025-12-08 18:00:00,4.76e-06,4.9e-06,4.89e-06,4.78e-06,101031435143
1765220400,2025-12-08 19:00:00,4.73e-06,4.8e-06,4.79e-06,4.76e-06,29346288797
1765224000,2025-12-08 20:00:00,4.75e-06,4.8e-06,4.76e-06,4.79e-06,28284260009
1765227600,2025-12-08 21:00:00,4.76e-06,4.84e-06,4.8e-06,4.82e-06,199372671697
1765231200,2025-12-08 22:00:00,4.75e-06,4.83e-06,4.82e-06,4.76e-06,98185298929
1765234800,2025-12-08 23:00:00,4.71e-06,4.77e-06,4.76e-06,4.75e-06,51452351857
1765238400,2025-12-09 00:00:00,4.7e-06,4.76e-06,4.75e-06,4.71e-06,23819927040
1765242000,2025-12-09 01:00:00,4.66e-06,4.72e-06,4.71e-06,4.68e-06,22545654450
1765245600,2025-12-09 02:00:00,4.67e-06,4.7e-06,4.68e-06,4.67e-06,13617807729
1765249200,2025-12-09 03:00:00,4.63e-06,4.68e-06,4.66e-06,4.66e-06,62416613695
1765252800,2025-12-09 04:00:00,4.58e-06,4.66e-06,4.66e-06,4.59e-06,46630116830
1765256400,2025-12-09 05:00:00,4.56e-06,4.62e-06,4.59e-06,4.59e-06,40796098798
1765260000,2025-12-09 06:00:00,4.55e-06,4.6e-06,4.59e-06,4.59e-06,86852815647
1765263600,2025-12-09 07:00:00,4.57e-06,4.61e-06,4.58e-06,4.6e-06,59680035197
1765267200,2025-12-09 08:00:00,4.58e-06,4.62e-06,4.6e-06,4.6e-06,52892390676
1765270800,2025-12-09 09:00:00,4.57e-06,4.6e-06,4.6e-06,4.59e-06,4979929555
1765274400,2025-12-09 10:00:00,4.58e-06,4.62e-06,4.6e-06,4.59e-06,22399227853
1765278000,2025-12-09 11:00:00,4.58e-06,4.61e-06,4.59e-06,4.6e-06,8460601645
1765281600,2025-12-09 12:00:00,4.6e-06,4.68e-06,4.6e-06,4.66e-06,41844826469
1765285200,2025-12-09 13:00:00,4.62e-06,4.69e-06,4.66e-06,4.64e-06,28859213151
1765288800,2025-12-09 14:00:00,4.61e-06,4.68e-06,4.64e-06,4.63e-06,39371305802
1765292400,2025-12-09 15:00:00,4.63e-06,4.86e-06,4.63e-06,4.84e-06,123006002951
1765296000,2025-12-09 16:00:00,4.84e-06,5.03e-06,4.84e-06,5.02e-06,211299380132
1765299600,2025-12-09 17:00:00,4.97e-06,5.06e-06,5.01e-06,5.04e-06,186009811522
1765303200,2025-12-09 18:00:00,4.99e-06,5.05e-06,5.04e-06,5.03e-06,220800268689
1765306800,2025-12-09 19:00:00,4.98e-06,5.04e-06,5.03e-06,5.01e-06,69147108518
1765310400,2025-12-09 20:00:00,4.87e-06,5.01e-06,5e-06,4.92e-06,122311649583
1765314000,2025-12-09 21:00:00,4.84e-06,4.96e-06,4.92e-06,4.9e-06,46172772580
1765317600,2025-12-09 22:00:00,4.89e-06,4.98e-06,4.91e-06,4.96e-06,28937634878
1765321200,2025-12-09 23:00:00,4.94e-06,5e-06,4.96e-06,4.95e-06,37436183027
1765324800,2025-12-10 00:00:00,4.87e-06,4.96e-06,4.95e-06,4.88e-06,23148035351
1765328400,2025-12-10 01:00:00,4.85e-06,4.9e-06,4.88e-06,4.85e-06,15328003114
1765332000,2025-12-10 02:00:00,4.83e-06,4.88e-06,4.85e-06,4.86e-06,71835749738
1765335600,2025-12-10 03:00:00,4.83e-06,4.86e-06,4.86e-06,4.83e-06,23003109179
1765339200,2025-12-10 04:00:00,4.82e-06,4.88e-06,4.83e-06,4.83e-06,13609426626
1765342800,2025-12-10 05:00:00,4.79e-06,4.86e-06,4.84e-06,4.8e-06,18202017874
1765346400,2025-12-10 06:00:00,4.77e-06,4.81e-06,4.81e-06,4.78e-06,14598466370
1765350000,2025-12-10 07:00:00,4.74e-06,4.79e-06,4.78e-06,4.76e-06,20646902401
1765353600,2025-12-10 08:00:00,4.72e-06,4.77e-06,4.76e-06,4.74e-06,19518900852
1765357200,2025-12-10 09:00:00,4.71e-06,4.8e-06,4.74e-06,4.78e-06,20472835037
1765360800,2025-12-10 10:00:00,4.71e-06,4.84e-06,4.78e-06,4.71e-06,21558532829
1765364400,2025-12-10 11:00:00,4.68e-06,4.72e-06,4.71e-06,4.71e-06,36887049741
1765368000,2025-12-10 12:00:00,4.67e-06,4.72e-06,4.72e-06,4.68e-06,14531088472
1765371600,2025-12-10 13:00:00,4.67e-06,4.71e-06,4.69e-06,4.68e-06,17761709790
1765375200,2025-12-10 14:00:00,4.66e-06,4.69e-06,4.69e-06,4.69e-06,33419074395
1765378800,2025-12-10 15:00:00,4.67e-06,4.73e-06,4.68e-06,4.69e-06,33756349355
1765382400,2025-12-10 16:00:00,4.67e-06,4.74e-06,4.68e-06,4.71e-06,45717337904
1765386000,2025-12-10 17:00:00,4.7e-06,4.78e-06,4.71e-06,4.75e-06,38157441328
1765389600,2025-12-10 18:00:00,4.72e-06,4.86e-06,4.75e-06,4.85e-06,84698698857
1765393200,2025-12-10 19:00:00,4.74e-06,4.92e-06,4.86e-06,4.86e-06,181259486287
1765396800,2025-12-10 20:00:00,4.77e-06,4.95e-06,4.86e-06,4.79e-06,110383381428
1765400400,2025-12-10 21:00:00,4.68e-06,4.81e-06,4.79e-06,4.69e-06,65295482833
1765404000,2025-12-10 22:00:00,4.62e-06,4.73e-06,4.69e-06,4.72e-06,50030062050
1765407600,2025-12-10 23:00:00,4.64e-06,4.73e-06,4.72e-06,4.65e-06,20276860410
1765411200,2025-12-11 00:00:00,4.52e-06,4.65e-06,4.65e-06,4.53e-06,89003528076
1765414800,2025-12-11 01:00:00,4.5e-06,4.55e-06,4.53e-06,4.51e-06,74460360238
1765418400,2025-12-11 02:00:00,4.45e-06,4.51e-06,4.51e-06,4.45e-06,72018349351
1765422000,2025-12-11 03:00:00,4.41e-06,4.46e-06,4.46e-06,4.42e-06,76387370029
1765425600,2025-12-11 04:00:00,4.41e-06,4.5e-06,4.41e-06,4.49e-06,95072666007
1765429200,2025-12-11 05:00:00,4.47e-06,4.51e-06,4.49e-06,4.5e-06,48282705661
1765432800,2025-12-11 06:00:00,4.45e-06,4.5e-06,4.49e-06,4.47e-06,47277708986
1765436400,2025-12-11 07:00:00,4.45e-06,4.47e-06,4.46e-06,4.46e-06,12036391831
1765440000,2025-12-11 08:00:00,4.43e-06,4.47e-06,4.47e-06,4.45e-06,5488449463
1765443600,2025-12-11 09:00:00,4.44e-06,4.47e-06,4.46e-06,4.44e-06,14855445924
1765447200,2025-12-11 10:00:00,4.43e-06,4.46e-06,4.44e-06,4.45e-06,7186459419
1765450800,2025-12-11 11:00:00,4.44e-06,4.48e-06,4.45e-06,4.47e-06,15289901633
1765454400,2025-12-11 12:00:00,4.44e-06,4.48e-06,4.46e-06,4.45e-06,15197653732
1765458000,2025-12-11 13:00:00,4.44e-06,4.47e-06,4.46e-06,4.46e-06,20912152803
1765461600,2025-12-11 14:00:00,4.38e-06,4.46e-06,4.46e-06,4.4e-06,42011147445
1765465200,2025-12-11 15:00:00,4.4e-06,4.46e-06,4.4e-06,4.42e-06,44498576595
1765468800,2025-12-11 16:00:00,4.37e-06,4.46e-06,4.42e-06,4.43e-06,30551021761
1765472400,2025-12-11 17:00:00,4.41e-06,4.45e-06,4.43e-06,4.42e-06,20731624279
1765476000,2025-12-11 18:00:00,4.42e-06,4.54e-06,4.43e-06,4.49e-06,24176807122
1765479600,2025-12-11 19:00:00,4.47e-06,4.55e-06,4.49e-06,4.5e-06,68363207667
1765483200,2025-12-11 20:00:00,4.5e-06,4.58e-06,4.5e-06,4.57e-06,23250555405
1765486800,2025-12-11 21:00:00,4.57e-06,4.7e-06,4.58e-06,4.68e-06,100998593731
1765490400,2025-12-11 22:00:00,4.59e-06,4.68e-06,4.68e-06,4.6e-06,54012471282
1765494000,2025-12-11 23:00:00,4.57e-06,4.61e-06,4.61e-06,4.6e-06,34621160020
1765497600,2025-12-12 00:00:00,4.55e-06,4.63e-06,4.6e-06,4.56e-06,35520678609
1765501200,2025-12-12 01:00:00,4.56e-06,4.62e-06,4.56e-06,4.59e-06,25010363410
1765504800,2025-12-12 02:00:00,4.59e-06,4.65e-06,4.59e-06,4.64e-06,21017481183
1765508400,2025-12-12 03:00:00,4.6e-06,4.65e-06,4.64e-06,4.61e-06,9983231212
1765512000,2025-12-12 04:00:00,4.57e-06,4.61e-06,4.61e-06,4.59e-06,9586512705
1765515600,2025-12-12 05:00:00,4.55e-06,4.61e-06,4.58e-06,4.6e-06,16373705135
1765519200,2025-12-12 06:00:00,4.57e-06,4.63e-06,4.61e-06,4.58e-06,13174419756
1765522800,2025-12-12 07:00:00,4.57e-06,4.59e-06,4.58e-06,4.57e-06,9760929542
1765526400,2025-12-12 08:00:00,4.54e-06,4.58e-06,4.57e-06,4.56e-06,19173139024
1765530000,2025-12-12 09:00:00,4.55e-06,4.59e-06,4.56e-06,4.58e-06,6085013963
1765533600,2025-12-12 10:00:00,4.57e-06,4.6e-06,4.59e-06,4.58e-06,12668160245
1765537200,2025-12-12 11:00:00,4.55e-06,4.58e-06,4.57e-06,4.56e-06,7706432448
1765540800,2025-12-12 12:00:00,4.54e-06,4.57e-06,4.56e-06,4.56e-06,18368194430
1765544400,2025-12-12 13:00:00,4.55e-06,4.57e-06,4.56e-06,4.56e-06,7062992145
1765548000,2025-12-12 14:00:00,4.53e-06,4.58e-06,4.55e-06,4.56e-06,74826675207
1765551600,2025-12-12 15:00:00,4.29e-06,4.56e-06,4.56e-06,4.31e-06,111737712855
1765555200,2025-12-12 16:00:00,4.21e-06,4.33e-06,4.31e-06,4.22e-06,104456047241
1765558800,2025-12-12 17:00:00,4.21e-06,4.29e-06,4.23e-06,4.25e-06,50789960372
1765562400,2025-12-12 18:00:00,4.24e-06,4.32e-06,4.25e-06,4.28e-06,34093852791
1765566000,2025-12-12 19:00:00,4.25e-06,4.29e-06,4.28e-06,4.27e-06,31083486244
1765569600,2025-12-12 20:00:00,4.25e-06,4.3e-06,4.26e-06,4.27e-06,32010180965
1765573200,2025-12-12 21:00:00,4.27e-06,4.32e-06,4.28e-06,4.3e-06,30293273016
1765576800,2025-12-12 22:00:00,4.3e-06,4.36e-06,4.31e-06,4.33e-06,55562834324
1765580400,2025-12-12 23:00:00,4.32e-06,4.35e-06,4.34e-06,4.33e-06,27152826519
1765584000,2025-12-13 00:00:00,4.32e-06,4.35e-06,4.33e-06,4.34e-06,27330579421
1765587600,2025-12-13 01:00:00,4.34e-06,4.37e-06,4.35e-06,4.35e-06,32305352677
1765591200,2025-12-13 02:00:00,4.34e-06,4.37e-06,4.36e-06,4.36e-06,12500987126
1765594800,2025-12-13 03:00:00,4.35e-06,4.39e-06,4.35e-06,4.38e-06,23939876358
1765598400,2025-12-13 04:00:00,4.37e-06,4.41e-06,4.37e-06,4.41e-06,5753721156
1765602000,2025-12-13 05:00:00,4.39e-06,4.44e-06,4.41e-06,4.39e-06,16638569374
1765605600,2025-12-13 06:00:00,4.36e-06,4.4e-06,4.4e-06,4.38e-06,16212971772
1765609200,2025-12-13 07:00:00,4.38e-06,4.41e-06,4.38e-06,4.41e-06,22226039245
1765612800,2025-12-13 08:00:00,4.4e-06,4.44e-06,4.41e-06,4.4e-06,13643669103
1765616400,2025-12-13 09:00:00,4.38e-06,4.41e-06,4.41e-06,4.4e-06,5747283907
1765620000,2025-12-13 10:00:00,4.38e-06,4.42e-06,4.4e-06,4.4e-06,9950932814
1765623600,2025-12-13 11:00:00,4.39e-06,4.41e-06,4.41e-06,4.4e-06,7994237179
1765627200,2025-12-13 12:00:00,4.37e-06,4.41e-06,4.4e-06,4.38e-06,13438428257
1765630800,2025-12-13 13:00:00,4.37e-06,4.4e-06,4.38e-06,4.39e-06,9015858934
1765634400,2025-12-13 14:00:00,4.37e-06,4.41e-06,4.39e-06,4.41e-06,17446372470
1765638000,2025-12-13 15:00:00,4.39e-06,4.43e-06,4.41e-06,4.41e-06,18260006176
1765641600,2025-12-13 16:00:00,4.39e-06,4.42e-06,4.41e-06,4.4e-06,20866990882
1765645200,2025-12-13 17:00:00,4.38e-06,4.4e-06,4.4e-06,4.38e-06,14284531298
1765648800,2025-12-13 18:00:00,4.37e-06,4.41e-06,4.38e-06,4.38e-06,13230461316
1765652400,2025-12-13 19:00:00,4.37e-06,4.39e-06,4.38e-06,4.39e-06,5224826518
1765656000,2025-12-13 20:00:00,4.37e-06,4.39e-06,4.38e-06,4.38e-06,6581045564
1765659600,2025-12-13 21:00:00,4.35e-06,4.39e-06,4.38e-06,4.39e-06,16839648395
1765663200,2025-12-13 22:00:00,4.38e-06,4.4e-06,4.39e-06,4.38e-06,1477233427
1765666800,2025-12-13 23:00:00,4.38e-06,4.39e-06,4.38e-06,4.38e-06,4332341131
1765670400,2025-12-14 00:00:00,4.36e-06,4.39e-06,4.38e-06,4.37e-06,13469388854
1765674000,2025-12-14 01:00:00,4.36e-06,4.39e-06,4.37e-06,4.37e-06,13051050648
1765677600,2025-12-14 02:00:00,4.37e-06,4.4e-06,4.37e-06,4.4e-06,8736161785
1765681200,2025-12-14 03:00:00,4.38e-06,4.41e-06,4.4e-06,4.38e-06,10350815351
1765684800,2025-12-14 04:00:00,4.34e-06,4.38e-06,4.38e-06,4.34e-06,27273423981
1765688400,2025-12-14 05:00:00,4.31e-06,4.34e-06,4.34e-06,4.34e-06,16435750648
1765692000,2025-12-14 06:00:00,4.32e-06,4.35e-06,4.33e-06,4.35e-06,2018639904
1765695600,2025-12-14 07:00:00,4.34e-06,4.37e-06,4.35e-06,4.36e-06,8760177102
1765699200,2025-12-14 08:00:00,4.33e-06,4.37e-06,4.37e-06,4.33e-06,7037422111
1765702800,2025-12-14 09:00:00,4.31e-06,4.33e-06,4.33e-06,4.33e-06,5321095259
1765706400,2025-12-14 10:00:00,4.29e-06,4.34e-06,4.33e-06,4.31e-06,28628118729
1765710000,2025-12-14 11:00:00,4.24e-06,4.31e-06,4.31e-06,4.29e-06,22438298182
1765713600,2025-12-14 12:00:00,4.27e-06,4.31e-06,4.28e-06,4.29e-06,11670291682
1765717200,2025-12-14 13:00:00,4.27e-06,4.3e-06,4.29e-06,4.29e-06,4714863162
1765720800,2025-12-14 14:00:00,4.2e-06,4.3e-06,4.3e-06,4.22e-06,18536831940
1765724400,2025-12-14 15:00:00,4.17e-06,4.22e-06,4.22e-06,4.2e-06,32046699654
1765728000,2025-12-14 16:00:00,4.18e-06,4.23e-06,4.19e-06,4.21e-06,38042016888
1765731600,2025-12-14 17:00:00,4.17e-06,4.22e-06,4.22e-06,4.18e-06,27222782403
1765735200,2025-12-14 18:00:00,4.18e-06,4.22e-06,4.18e-06,4.22e-06,13722318912
1765738800,2025-12-14 19:00:00,4.19e-06,4.22e-06,4.22e-06,4.2e-06,5743864824
1765742400,2025-12-14 20:00:00,4.17e-06,4.21e-06,4.19e-06,4.18e-06,25800090409
1765746000,2025-12-14 21:00:00,4.14e-06,4.2e-06,4.18e-06,4.15e-06,110123178515
1765749600,2025-12-14 22:00:00,4.14e-06,4.19e-06,4.16e-06,4.19e-06,29434402525
1765753200,2025-12-14 23:00:00,4.1e-06,4.2e-06,4.2e-06,4.17e-06,40470563549
1765756800,2025-12-15 00:00:00,4.16e-06,4.21e-06,4.17e-06,4.21e-06,32504652186
1765760400,2025-12-15 01:00:00,4.19e-06,4.32e-06,4.21e-06,4.29e-06,54318723557
1765764000,2025-12-15 02:00:00,4.29e-06,4.37e-06,4.29e-06,4.3e-06,65167531790
1765767600,2025-12-15 03:00:00,4.29e-06,4.33e-06,4.3e-06,4.31e-06,31550521530
1765771200,2025-12-15 04:00:00,4.29e-06,4.32e-06,4.31e-06,4.32e-06,24070721253
1765774800,2025-12-15 05:00:00,4.3e-06,4.32e-06,4.31e-06,4.31e-06,12510730528
1765778400,2025-12-15 06:00:00,4.3e-06,4.33e-06,4.31e-06,4.33e-06,20736878403
1765782000,2025-12-15 07:00:00,4.27e-06,4.33e-06,4.33e-06,4.29e-06,27784838192
1765785600,2025-12-15 08:00:00,4.29e-06,4.31e-06,4.29e-06,4.29e-06,7207017360
1765789200,2025-12-15 09:00:00,4.3e-06,4.32e-06,4.3e-06,4.31e-06,14481159170
1765792800,2025-12-15 10:00:00,4.31e-06,4.34e-06,4.31e-06,4.32e-06,25819379813
1765796400,2025-12-15 11:00:00,4.3e-06,4.33e-06,4.33e-06,4.31e-06,9260462385
1765800000,2025-12-15 12:00:00,4.3e-06,4.33e-06,4.31e-06,4.32e-06,16059197342
1765803600,2025-12-15 13:00:00,4.27e-06,4.32e-06,4.32e-06,4.29e-06,27677231825
1765807200,2025-12-15 14:00:00,4.15e-06,4.34e-06,4.29e-06,4.17e-06,47321224547
1765810800,2025-12-15 15:00:00,4.06e-06,4.19e-06,4.17e-06,4.08e-06,131648834251
1765814400,2025-12-15 16:00:00,4.01e-06,4.1e-06,4.08e-06,4.03e-06,74625197908
1765818000,2025-12-15 17:00:00,3.99e-06,4.03e-06,4.03e-06,3.99e-06,58205833525
1765821600,2025-12-15 18:00:00,3.93e-06,4.01e-06,3.98e-06,4.01e-06,82480216369
1765825200,2025-12-15 19:00:00,4e-06,4.06e-06,4.01e-06,4.01e-06,34003782934
1765828800,2025-12-15 20:00:00,3.98e-06,4.02e-06,4.02e-06,4e-06,38388774271
1765832400,2025-12-15 21:00:00,3.99e-06,4.04e-06,4e-06,4.03e-06,29743283920
1765836000,2025-12-15 22:00:00,4.02e-06,4.05e-06,4.02e-06,4.05e-06,15153537698
1765839600,2025-12-15 23:00:00,4.05e-06,4.08e-06,4.05e-06,4.07e-06,22668730518
1765843200,2025-12-16 00:00:00,4.01e-06,4.08e-06,4.06e-06,4.02e-06,33932175130
1765846800,2025-12-16 01:00:00,3.99e-06,4.04e-06,4.02e-06,4.01e-06,35077891049
1765850400,2025-12-16 02:00:00,3.98e-06,4.04e-06,4e-06,4.01e-06,32911678407
1765854000,2025-12-16 03:00:00,4e-06,4.04e-06,4.02e-06,4.03e-06,50893161840
1765857600,2025-12-16 04:00:00,3.95e-06,4.03e-06,4.03e-06,3.99e-06,38842922876
1765861200,2025-12-16 05:00:00,3.99e-06,4.03e-06,4e-06,4.01e-06,26423555578
1765864800,2025-12-16 06:00:00,4.01e-06,4.04e-06,4.01e-06,4.03e-06,16285784304
1765868400,2025-12-16 07:00:00,3.96e-06,4.03e-06,4.03e-06,3.97e-06,35983756199
1765872000,2025-12-16 08:00:00,3.97e-06,4.01e-06,3.97e-06,4e-06,36812201775
1765875600,2025-12-16 09:00:00,3.99e-06,4.02e-06,4e-06,4e-06,18102837645
1765879200,2025-12-16 10:00:00,3.99e-06,4.09e-06,4.01e-06,4.06e-06,55304167572
1765882800,2025-12-16 11:00:00,4.05e-06,4.1e-06,4.06e-06,4.09e-06,39048210996
1765886400,2025-12-16 12:00:00,4.06e-06,4.09e-06,4.09e-06,4.07e-06,36870854262
1765890000,2025-12-16 13:00:00,4.01e-06,4.12e-06,4.07e-06,4.01e-06,80382417075
1765893600,2025-12-16 14:00:00,3.98e-06,4.08e-06,4.02e-06,4.06e-06,53459473405
1765897200,2025-12-16 15:00:00,4.02e-06,4.1e-06,4.05e-06,4.09e-06,28759240566
1765900800,2025-12-16 16:00:00,4.06e-06,4.11e-06,4.09e-06,4.1e-06,35416921801
1765904400,2025-12-16 17:00:00,4.06e-06,4.11e-06,4.1e-06,4.08e-06,27735625321
1765908000,2025-12-16 18:00:00,4.07e-06,4.15e-06,4.08e-06,4.14e-06,20693645062
1765911600,2025-12-16 19:00:00,4.09e-06,4.14e-06,4.13e-06,4.12e-06,21709896254
1765915200,2025-12-16 20:00:00,4.1e-06,4.13e-06,4.12e-06,4.11e-06,17636125663
1765918800,2025-12-16 21:00:00,4.09e-06,4.12e-06,4.11e-06,4.11e-06,5462925216
1765922400,2025-12-16 22:00:00,4.09e-06,4.12e-06,4.11e-06,4.1e-06,8683469141
1765926000,2025-12-16 23:00:00,4.08e-06,4.1e-06,4.1e-06,4.09e-06,17372684544
1765929600,2025-12-17 00:00:00,4.06e-06,4.09e-06,4.09e-06,4.07e-06,12617793833
1765933200,2025-12-17 01:00:00,4.07e-06,4.12e-06,4.07e-06,4.08e-06,24325385877
1765936800,2025-12-17 02:00:00,4.05e-06,4.1e-06,4.08e-06,4.09e-06,19928241593
1765940400,2025-12-17 03:00:00,4.06e-06,4.11e-06,4.09e-06,4.08e-06,30216500102
1765944000,2025-12-17 04:00:00,4.05e-06,4.08e-06,4.08e-06,4.06e-06,23272713941
1765947600,2025-12-17 05:00:00,4.04e-06,4.08e-06,4.06e-06,4.07e-06,30974963849
1765951200,2025-12-17 06:00:00,4.07e-06,4.09e-06,4.07e-06,4.07e-06,25369352342
1765954800,2025-12-17 07:00:00,4.05e-06,4.09e-06,4.07e-06,4.08e-06,17866469000
1765958400,2025-12-17 08:00:00,4.04e-06,4.08e-06,4.08e-06,4.04e-06,24573911247
1765962000,2025-12-17 09:00:00,4.02e-06,4.05e-06,4.05e-06,4.03e-06,22232477220
1765965600,2025-12-17 10:00:00,4.01e-06,4.04e-06,4.03e-06,4.03e-06,22100727421
1765969200,2025-12-17 11:00:00,4.03e-06,4.06e-06,4.03e-06,4.03e-06,18758222590
1765972800,2025-12-17 12:00:00,4.02e-06,4.05e-06,4.05e-06,4.03e-06,8346887044
1765976400,2025-12-17 13:00:00,4.02e-06,4.08e-06,4.03e-06,4.08e-06,22503395411
1765980000,2025-12-17 14:00:00,4.01e-06,4.17e-06,4.09e-06,4.17e-06,64049212963
1765983600,2025-12-17 15:00:00,4.02e-06,4.26e-06,4.18e-06,4.03e-06,190191762615
1765987200,2025-12-17 16:00:00,3.9e-06,4.06e-06,4.03e-06,3.96e-06,112096489343
1765990800,2025-12-17 17:00:00,3.88e-06,3.97e-06,3.96e-06,3.89e-06,60783957796
1765994400,2025-12-17 18:00:00,3.86e-06,3.93e-06,3.9e-06,3.87e-06,60996009808
1765998000,2025-12-17 19:00:00,3.84e-06,3.92e-06,3.87e-06,3.92e-06,67961669377
1766001600,2025-12-17 20:00:00,3.9e-06,3.96e-06,3.92e-06,3.94e-06,25369645366
1766005200,2025-12-17 21:00:00,3.89e-06,3.95e-06,3.94e-06,3.9e-06,63995901973
1766008800,2025-12-17 22:00:00,3.87e-06,3.93e-06,3.9e-06,3.91e-06,42813475408
1766012400,2025-12-17 23:00:00,3.88e-06,3.91e-06,3.91e-06,3.9e-06,17298956241
1766016000,2025-12-18 00:00:00,3.88e-06,3.91e-06,3.9e-06,3.88e-06,20342716386
1766019600,2025-12-18 01:00:00,3.84e-06,3.87e-06,3.87e-06,3.87e-06,30424274696
1766023200,2025-12-18 02:00:00,3.85e-06,3.91e-06,3.86e-06,3.89e-06,28305295438
1766026800,2025-12-18 03:00:00,3.85e-06,3.89e-06,3.89e-06,3.86e-06,21070239170
1766030400,2025-12-18 04:00:00,3.86e-06,3.88e-06,3.86e-06,3.87e-06,32749349757
1766034000,2025-12-18 05:00:00,3.81e-06,3.88e-06,3.87e-06,3.82e-06,52020134102
1766037600,2025-12-18 06:00:00,3.81e-06,3.88e-06,3.82e-06,3.87e-06,42613565119
1766041200,2025-12-18 07:00:00,3.86e-06,3.88e-06,3.87e-06,3.88e-06,18543778895
1766044800,2025-12-18 08:00:00,3.85e-06,3.9e-06,3.89e-06,3.86e-06,32122533900
1766048400,2025-12-18 09:00:00,3.85e-06,3.88e-06,3.86e-06,3.86e-06,23554384104
1766052000,2025-12-18 10:00:00,3.85e-06,3.88e-06,3.85e-06,3.87e-06,25142971458
1766055600,2025-12-18 11:00:00,3.85e-06,3.87e-06,3.87e-06,3.86e-06,16880493866
1766059200,2025-12-18 12:00:00,3.83e-06,3.86e-06,3.86e-06,3.84e-06,19613341111
1766062800,2025-12-18 13:00:00,3.84e-06,3.98e-06,3.84e-06,3.97e-06,118318102148
1766066400,2025-12-18 14:00:00,3.9e-06,3.99e-06,3.97e-06,3.93e-06,83772852350
1766070000,2025-12-18 15:00:00,3.89e-06,4.01e-06,3.92e-06,3.98e-06,71745415462
1766073600,2025-12-18 16:00:00,3.93e-06,3.98e-06,3.98e-06,3.95e-06,44195490212
1766077200,2025-12-18 17:00:00,3.68e-06,3.94e-06,3.94e-06,3.78e-06,151556839160
1766080800,2025-12-18 18:00:00,3.73e-06,3.82e-06,3.77e-06,3.75e-06,46504494226
1766084400,2025-12-18 19:00:00,3.63e-06,3.75e-06,3.74e-06,3.64e-06,82812983475
1766088000,2025-12-18 20:00:00,3.65e-06,3.69e-06,3.65e-06,3.66e-06,118893158720
1766091600,2025-12-18 21:00:00,3.66e-06,3.76e-06,3.66e-06,3.76e-06,65529949135
1766095200,2025-12-18 22:00:00,3.73e-06,3.77e-06,3.75e-06,3.74e-06,13544185545
1766098800,2025-12-18 23:00:00,3.7e-06,3.74e-06,3.74e-06,3.72e-06,7581150612
1766102400,2025-12-19 00:00:00,3.69e-06,3.73e-06,3.71e-06,3.71e-06,24633273839
1766106000,2025-12-19 01:00:00,3.66e-06,3.71e-06,3.7e-06,3.68e-06,10890051926
1766109600,2025-12-19 02:00:00,3.66e-06,3.7e-06,3.67e-06,3.69e-06,38676002835
1766113200,2025-12-19 03:00:00,3.69e-06,3.84e-06,3.69e-06,3.81e-06,44478204689
1766116800,2025-12-19 04:00:00,3.81e-06,3.84e-06,3.81e-06,3.83e-06,42807407676
1766120400,2025-12-19 05:00:00,3.8e-06,3.83e-06,3.83e-06,3.81e-06,16233712853
1766124000,2025-12-19 06:00:00,3.81e-06,3.86e-06,3.82e-06,3.86e-06,18645059573
1766127600,2025-12-19 07:00:00,3.86e-06,3.92e-06,3.87e-06,3.88e-06,23651331878
1766131200,2025-12-19 08:00:00,3.87e-06,3.91e-06,3.88e-06,3.89e-06,9307663431
1766134800,2025-12-19 09:00:00,3.87e-06,3.9e-06,3.9e-06,3.88e-06,11746273823
1766138400,2025-12-19 10:00:00,3.88e-06,3.9e-06,3.88e-06,3.89e-06,4577191348
1766142000,2025-12-19 11:00:00,3.88e-06,3.91e-06,3.89e-06,3.9e-06,9951163085
1766145600,2025-12-19 12:00:00,3.89e-06,3.92e-06,3.9e-06,3.9e-06,5522909349
1766149200,2025-12-19 13:00:00,3.89e-06,3.92e-06,3.9e-06,3.91e-06,25130141718
1766152800,2025-12-19 14:00:00,3.9e-06,3.98e-06,3.91e-06,3.96e-06,41657561460
1766156400,2025-12-19 15:00:00,3.95e-06,4.11e-06,3.96e-06,4e-06,152210969316
1766160000,2025-12-19 16:00:00,4e-06,4.08e-06,4e-06,4.04e-06,46787025265
1766163600,2025-12-19 17:00:00,3.98e-06,4.08e-06,4.03e-06,3.98e-06,42549031259
1766167200,2025-12-19 18:00:00,3.98e-06,4.07e-06,3.98e-06,4.07e-06,20780046949
1766170800,2025-12-19 19:00:00,4.07e-06,4.18e-06,4.07e-06,4.15e-06,45615779662
1766174400,2025-12-19 20:00:00,4.13e-06,4.17e-06,4.16e-06,4.15e-06,52804148058
1766178000,2025-12-19 21:00:00,4.12e-06,4.17e-06,4.15e-06,4.13e-06,35796493035
1766181600,2025-12-19 22:00:00,4.12e-06,4.14e-06,4.14e-06,4.12e-06,21141253031
1766185200,2025-12-19 23:00:00,4.11e-06,4.14e-06,4.12e-06,4.11e-06,24313726400
1766188800,2025-12-20 00:00:00,4.07e-06,4.11e-06,4.11e-06,4.09e-06,33921771468
1766192400,2025-12-20 01:00:00,4.06e-06,4.09e-06,4.08e-06,4.08e-06,16264974956
1766196000,2025-12-20 02:00:00,4.07e-06,4.11e-06,4.08e-06,4.09e-06,26674452086
1766199600,2025-12-20 03:00:00,4.08e-06,4.11e-06,4.09e-06,4.09e-06,29679621230
1766203200,2025-12-20 04:00:00,4.04e-06,4.09e-06,4.09e-06,4.05e-06,23756001247
1766206800,2025-12-20 05:00:00,4.04e-06,4.08e-06,4.06e-06,4.07e-06,18620210390
1766210400,2025-12-20 06:00:00,4.06e-06,4.07e-06,4.06e-06,4.07e-06,9487388996
1766214000,2025-12-20 07:00:00,4.06e-06,4.1e-06,4.07e-06,4.1e-06,31231731040
1766217600,2025-12-20 08:00:00,4.1e-06,4.14e-06,4.1e-06,4.11e-06,27244687065
1766221200,2025-12-20 09:00:00,4.08e-06,4.12e-06,4.11e-06,4.08e-06,24993320721
1766224800,2025-12-20 10:00:00,4.07e-06,4.1e-06,4.09e-06,4.08e-06,24591200808
1766228400,2025-12-20 11:00:00,4.08e-06,4.1e-06,4.09e-06,4.1e-06,16370464575
1766232000,2025-12-20 12:00:00,4.07e-06,4.1e-06,4.09e-06,4.08e-06,20700582360
1766235600,2025-12-20 13:00:00,4.06e-06,4.09e-06,4.08e-06,4.09e-06,72723298116
1766239200,2025-12-20 14:00:00,4.06e-06,4.12e-06,4.08e-06,4.12e-06,48965001618
1766242800,2025-12-20 15:00:00,4.08e-06,4.12e-06,4.11e-06,4.1e-06,24192821669
1766246400,2025-12-20 16:00:00,4.08e-06,4.11e-06,4.1e-06,4.1e-06,12682975558
1766250000,2025-12-20 17:00:00,4.08e-06,4.12e-06,4.11e-06,4.1e-06,9970347530
1766253600,2025-12-20 18:00:00,4.09e-06,4.11e-06,4.1e-06,4.11e-06,4643414478
1766257200,2025-12-20 19:00:00,4.09e-06,4.11e-06,4.1e-06,4.09e-06,11199114971
1766260800,2025-12-20 20:00:00,4.07e-06,4.09e-06,4.09e-06,4.09e-06,21445999570
1766264400,2025-12-20 21:00:00,4.07e-06,4.1e-06,4.09e-06,4.07e-06,17790007259
1766268000,2025-12-20 22:00:00,4.07e-06,4.11e-06,4.08e-06,4.09e-06,3866961837
1766271600,2025-12-20 23:00:00,4.07e-06,4.09e-06,4.09e-06,4.07e-06,6985412772
1766275200,2025-12-21 00:00:00,4.05e-06,4.08e-06,4.08e-06,4.06e-06,10182492338
1766278800,2025-12-21 01:00:00,4.04e-06,4.07e-06,4.07e-06,4.04e-06,17159241878
1766282400,2025-12-21 02:00:00,4.02e-06,4.06e-06,4.04e-06,4.03e-06,25719559769
1766286000,2025-12-21 03:00:00,4.03e-06,4.08e-06,4.03e-06,4.07e-06,36702562471
1766289600,2025-12-21 04:00:00,4.05e-06,4.09e-06,4.07e-06,4.06e-06,12568270888
1766293200,2025-12-21 05:00:00,4.06e-06,4.1e-06,4.06e-06,4.09e-06,16639715792
1766296800,2025-12-21 06:00:00,4.08e-06,4.11e-06,4.09e-06,4.1e-06,8838354464
1766300400,2025-12-21 07:00:00,4.08e-06,4.11e-06,4.1e-06,4.08e-06,3455284172
1766304000,2025-12-21 08:00:00,4.07e-06,4.1e-06,4.08e-06,4.09e-06,10113577205
1766307600,2025-12-21 09:00:00,4.08e-06,4.11e-06,4.1e-06,4.1e-06,18016222330
1766311200,2025-12-21 10:00:00,4.08e-06,4.11e-06,4.1e-06,4.08e-06,12982650815
1766314800,2025-12-21 11:00:00,4.07e-06,4.1e-06,4.08e-06,4.09e-06,6451147842
1766318400,2025-12-21 12:00:00,4.06e-06,4.11e-06,4.1e-06,4.07e-06,12495548355
1766322000,2025-12-21 13:00:00,3.96e-06,4.07e-06,4.07e-06,3.97e-06,50537100180
1766325600,2025-12-21 14:00:00,3.97e-06,4.01e-06,3.97e-06,4e-06,31208032723
1766329200,2025-12-21 15:00:00,3.99e-06,4.03e-06,4e-06,4.01e-06,41797341709
1766332800,2025-12-21 16:00:00,4e-06,4.04e-06,4.01e-06,4.04e-06,13444561213
1766336400,2025-12-21 17:00:00,4.03e-06,4.06e-06,4.03e-06,4.04e-06,25207635526
1766340000,2025-12-21 18:00:00,4.01e-06,4.04e-06,4.04e-06,4.02e-06,37757582334
1766343600,2025-12-21 19:00:00,3.99e-06,4.03e-06,4.02e-06,4.01e-06,38835578412
1766347200,2025-12-21 20:00:00,3.98e-06,4.02e-06,4e-06,3.99e-06,6380899638
1766350800,2025-12-21 21:00:00,3.95e-06,3.99e-06,3.98e-06,3.95e-06,33124648706
1766354400,2025-12-21 22:00:00,3.94e-06,4.02e-06,3.94e-06,4.02e-06,25469965268
1766358000,2025-12-21 23:00:00,4e-06,4.05e-06,4.03e-06,4.02e-06,15755552759
1766361600,2025-12-22 00:00:00,4.03e-06,4.15e-06,4.03e-06,4.05e-06,63867271108
1766365200,2025-12-22 01:00:00,4.03e-06,4.09e-06,4.05e-06,4.03e-06,42825970068
1766368800,2025-12-22 02:00:00,3.95e-06,4.02e-06,4.02e-06,4e-06,57037321780
1766372400,2025-12-22 03:00:00,3.98e-06,4.03e-06,3.99e-06,4.01e-06,40812533965
1766376000,2025-12-22 04:00:00,4.01e-06,4.04e-06,4.01e-06,4.04e-06,32665762357
1766379600,2025-12-22 05:00:00,3.99e-06,4.04e-06,4.04e-06,4e-06,24389989731
1766383200,2025-12-22 06:00:00,3.99e-06,4.03e-06,4e-06,4.01e-06,16848639072
1766386800,2025-12-22 07:00:00,4e-06,4.04e-06,4.01e-06,4.01e-06,8881451931
1766390400,2025-12-22 08:00:00,4e-06,4.06e-06,4.01e-06,4e-06,35865737489
1766394000,2025-12-22 09:00:00,3.99e-06,4.02e-06,4.01e-06,4e-06,8547226011
1766397600,2025-12-22 10:00:00,3.98e-06,4.01e-06,3.99e-06,4e-06,34266615733
1766401200,2025-12-22 11:00:00,3.98e-06,4.01e-06,4e-06,4e-06,29991184349
1766404800,2025-12-22 12:00:00,3.99e-06,4.03e-06,3.99e-06,4.02e-06,21548072858
1766408400,2025-12-22 13:00:00,3.98e-06,4.03e-06,4.02e-06,4.02e-06,21430880318
1766412000,2025-12-22 14:00:00,3.98e-06,4.05e-06,4.02e-06,4.03e-06,59357071257
1766415600,2025-12-22 15:00:00,4e-06,4.07e-06,4.03e-06,4.04e-06,47918532317
1766419200,2025-12-22 16:00:00,4.03e-06,4.06e-06,4.05e-06,4.03e-06,41312866281
1766422800,2025-12-22 17:00:00,4e-06,4.03e-06,4.03e-06,4.02e-06,37099648213
1766426400,2025-12-22 18:00:00,4e-06,4.05e-06,4.01e-06,4.02e-06,68757188305
1766430000,2025-12-22 19:00:00,3.92e-06,4.02e-06,4.02e-06,3.93e-06,45642465637
1766433600,2025-12-22 20:00:00,3.91e-06,3.96e-06,3.93e-06,3.95e-06,39047272410
1766437200,2025-12-22 21:00:00,3.95e-06,3.99e-06,3.95e-06,3.97e-06,12937636706
1766440800,2025-12-22 22:00:00,3.95e-06,4.03e-06,3.96e-06,4.03e-06,22630762185
1766444400,2025-12-22 23:00:00,3.99e-06,4.03e-06,4.03e-06,4.01e-06,19289353590
1766448000,2025-12-23 00:00:00,4.01e-06,4.05e-06,4.01e-06,4.04e-06,24157958560
1766451600,2025-12-23 01:00:00,4e-06,4.05e-06,4.04e-06,4.02e-06,27082139158
1766455200,2025-12-23 02:00:00,3.98e-06,4.04e-06,4.02e-06,3.99e-06,32137007080
1766458800,2025-12-23 03:00:00,3.97e-06,4.01e-06,3.98e-06,4e-06,13568204971
1766462400,2025-12-23 04:00:00,3.97e-06,4.01e-06,3.99e-06,3.98e-06,10287135143
1766466000,2025-12-23 05:00:00,3.94e-06,3.98e-06,3.98e-06,3.94e-06,25597814954
1766469600,2025-12-23 06:00:00,3.93e-06,3.97e-06,3.95e-06,3.95e-06,15013687935
1766473200,2025-12-23 07:00:00,3.93e-06,3.95e-06,3.95e-06,3.94e-06,9643907130
1766476800,2025-12-23 08:00:00,3.93e-06,3.97e-06,3.94e-06,3.96e-06,5891283599
1766480400,2025-12-23 09:00:00,3.95e-06,3.99e-06,3.97e-06,3.98e-06,12892296437
1766484000,2025-12-23 10:00:00,3.96e-06,3.99e-06,3.98e-06,3.97e-06,2017160791
1766487600,2025-12-23 11:00:00,3.97e-06,4e-06,3.98e-06,3.99e-06,9692960896
1766491200,2025-12-23 12:00:00,3.95e-06,3.98e-06,3.98e-06,3.96e-06,9166974443
1766494800,2025-12-23 13:00:00,3.9e-06,3.96e-06,3.95e-06,3.92e-06,10457815639
1766498400,2025-12-23 14:00:00,3.87e-06,3.94e-06,3.92e-06,3.9e-06,80475596180
1766502000,2025-12-23 15:00:00,3.89e-06,3.93e-06,3.9e-06,3.92e-06,27882816676
1766505600,2025-12-23 16:00:00,3.92e-06,3.99e-06,3.92e-06,3.98e-06,26642206272
1766509200,2025-12-23 17:00:00,3.89e-06,3.98e-06,3.98e-06,3.9e-06,12518340200
1766512800,2025-12-23 18:00:00,3.9e-06,3.98e-06,3.9e-06,3.97e-06,26070862384
1766516400,2025-12-23 19:00:00,3.96e-06,3.99e-06,3.98e-06,3.98e-06,20145214841
1766520000,2025-12-23 20:00:00,3.96e-06,4.02e-06,3.99e-06,3.99e-06,33593699531
1766523600,2025-12-23 21:00:00,3.96e-06,3.99e-06,3.99e-06,3.96e-06,13020986195
1766527200,2025-12-23 22:00:00,3.93e-06,3.97e-06,3.96e-06,3.93e-06,9786731695
1766530800,2025-12-23 23:00:00,3.92e-06,3.95e-06,3.93e-06,3.94e-06,21403114239
1766534400,2025-12-24 00:00:00,3.93e-06,3.96e-06,3.94e-06,3.95e-06,29533006579
1766538000,2025-12-24 01:00:00,3.91e-06,3.96e-06,3.95e-06,3.92e-06,8413832429
1766541600,2025-12-24 02:00:00,3.88e-06,3.93e-06,3.93e-06,3.89e-06,24614354985
1766545200,2025-12-24 03:00:00,3.86e-06,3.92e-06,3.88e-06,3.91e-06,23309728409
1766548800,2025-12-24 04:00:00,3.88e-06,3.93e-06,3.91e-06,3.88e-06,23812233855
1766552400,2025-12-24 05:00:00,3.85e-06,3.9e-06,3.88e-06,3.86e-06,42854160140
1766556000,2025-12-24 06:00:00,3.84e-06,3.87e-06,3.86e-06,3.87e-06,11871941537
1766559600,2025-12-24 07:00:00,3.87e-06,3.89e-06,3.87e-06,3.87e-06,17994855371
1766563200,2025-12-24 08:00:00,3.86e-06,3.89e-06,3.87e-06,3.89e-06,25564948419
1766566800,2025-12-24 09:00:00,3.88e-06,3.9e-06,3.89e-06,3.88e-06,9470290802
1766570400,2025-12-24 10:00:00,3.88e-06,3.92e-06,3.89e-06,3.92e-06,7279590178
1766574000,2025-12-24 11:00:00,3.9e-06,3.92e-06,3.91e-06,3.9e-06,8424492796
1766577600,2025-12-24 12:00:00,3.89e-06,3.92e-06,3.89e-06,3.92e-06,19599601489
1766581200,2025-12-24 13:00:00,3.89e-06,3.92e-06,3.91e-06,3.9e-06,14186276890
1766584800,2025-12-24 14:00:00,3.85e-06,3.91e-06,3.9e-06,3.9e-06,26026676371
1766588400,2025-12-24 15:00:00,3.88e-06,3.95e-06,3.9e-06,3.95e-06,25439230620
1766592000,2025-12-24 16:00:00,3.91e-06,3.96e-06,3.94e-06,3.95e-06,30881266769
1766595600,2025-12-24 17:00:00,3.93e-06,3.96e-06,3.96e-06,3.94e-06,9823231361
1766599200,2025-12-24 18:00:00,3.93e-06,3.95e-06,3.94e-06,3.94e-06,8442749033
1766602800,2025-12-24 19:00:00,3.92e-06,3.95e-06,3.93e-06,3.95e-06,9185153814
1766606400,2025-12-24 20:00:00,3.94e-06,3.96e-06,3.94e-06,3.95e-06,13071533449
1766610000,2025-12-24 21:00:00,3.95e-06,3.97e-06,3.95e-06,3.97e-06,9647318344
1766613600,2025-12-24 22:00:00,3.97e-06,4e-06,3.97e-06,3.99e-06,10830793199
1766617200,2025-12-24 23:00:00,3.96e-06,3.99e-06,3.98e-06,3.97e-06,22683474660
1766620800,2025-12-25 00:00:00,3.95e-06,3.99e-06,3.96e-06,3.96e-06,9637645532
1766624400,2025-12-25 01:00:00,3.96e-06,3.99e-06,3.96e-06,3.99e-06,4808827146
1766628000,2025-12-25 02:00:00,3.98e-06,4.02e-06,3.99e-06,4.02e-06,7315411191
1766631600,2025-12-25 03:00:00,4.01e-06,4.05e-06,4.02e-06,4.02e-06,30250770127
1766635200,2025-12-25 04:00:00,4.02e-06,4.04e-06,4.02e-06,4.03e-06,10755727162
1766638800,2025-12-25 05:00:00,4.02e-06,4.04e-06,4.03e-06,4.03e-06,9392611584
1766642400,2025-12-25 06:00:00,4.01e-06,4.04e-06,4.03e-06,4.03e-06,16429355670
1766646000,2025-12-25 07:00:00,4.01e-06,4.03e-06,4.03e-06,4.03e-06,5644958879
1766649600,2025-12-25 08:00:00,3.99e-06,4.04e-06,4.03e-06,4.01e-06,16313285479
1766653200,2025-12-25 09:00:00,3.99e-06,4.01e-06,4.01e-06,4e-06,6710769739
1766656800,2025-12-25 10:00:00,3.96e-06,4.01e-06,4e-06,3.97e-06,11014920039
1766660400,2025-12-25 11:00:00,3.96e-06,3.99e-06,3.98e-06,3.97e-06,4230424646
1766664000,2025-12-25 12:00:00,3.96e-06,3.98e-06,3.97e-06,3.98e-06,4573501019
1766667600,2025-12-25 13:00:00,3.96e-06,3.99e-06,3.97e-06,3.98e-06,13272240738
1766671200,2025-12-25 14:00:00,3.96e-06,3.98e-06,3.98e-06,3.97e-06,7624890056
1766674800,2025-12-25 15:00:00,3.97e-06,4.02e-06,3.97e-06,4e-06,44441321354
1766678400,2025-12-25 16:00:00,3.98e-06,4.02e-06,4e-06,3.99e-06,14125217736
1766682000,2025-12-25 17:00:00,3.98e-06,4.01e-06,3.99e-06,4e-06,9116929163
1766685600,2025-12-25 18:00:00,4e-06,4.02e-06,4e-06,4.01e-06,11960591215
1766689200,2025-12-25 19:00:00,4e-06,4.02e-06,4.01e-06,4.01e-06,2846994410
1766692800,2025-12-25 20:00:00,4e-06,4.03e-06,4.01e-06,4e-06,18751627975
1766696400,2025-12-25 21:00:00,3.99e-06,4.02e-06,4e-06,4e-06,22397049567
1766700000,2025-12-25 22:00:00,3.9e-06,4e-06,4e-06,3.91e-06,29032922857
1766703600,2025-12-25 23:00:00,3.87e-06,3.94e-06,3.9e-06,3.9e-06,53192814747
1766707200,2025-12-26 00:00:00,3.87e-06,3.91e-06,3.9e-06,3.9e-06,57278502055
1766710800,2025-12-26 01:00:00,3.91e-06,3.94e-06,3.91e-06,3.94e-06,23507259812
1766714400,2025-12-26 02:00:00,3.93e-06,4.08e-06,3.94e-06,4.05e-06,124736396077
1766718000,2025-12-26 03:00:00,4.01e-06,4.05e-06,4.05e-06,4.01e-06,30578517951
1766721600,2025-12-26 04:00:00,3.98e-06,4.02e-06,4e-06,4.01e-06,19595565138
1766725200,2025-12-26 05:00:00,4e-06,4.03e-06,4.02e-06,4.02e-06,6882893688
1766728800,2025-12-26 06:00:00,4e-06,4.03e-06,4.02e-06,4.01e-06,14159832577
1766732400,2025-12-26 07:00:00,3.98e-06,4.03e-06,4.01e-06,3.99e-06,19847714603
1766736000,2025-12-26 08:00:00,3.99e-06,4.03e-06,3.99e-06,4.03e-06,7398100584
1766739600,2025-12-26 09:00:00,4.02e-06,4.06e-06,4.03e-06,4.05e-06,13202096455
1766743200,2025-12-26 10:00:00,4.04e-06,4.06e-06,4.05e-06,4.05e-06,7141819999
1766746800,2025-12-26 11:00:00,4.03e-06,4.05e-06,4.05e-06,4.03e-06,5585599584
1766750400,2025-12-26 12:00:00,4.03e-06,4.05e-06,4.03e-06,4.05e-06,19551745226
1766754000,2025-12-26 13:00:00,4.02e-06,4.05e-06,4.05e-06,4.05e-06,9601147340
1766757600,2025-12-26 14:00:00,3.94e-06,4.05e-06,4.04e-06,3.96e-06,42553900729
1766761200,2025-12-26 15:00:00,3.94e-06,4e-06,3.95e-06,3.98e-06,32073421465
1766764800,2025-12-26 16:00:00,3.95e-06,3.99e-06,3.99e-06,3.95e-06,22688605818
1766768400,2025-12-26 17:00:00,3.95e-06,4e-06,3.95e-06,3.98e-06,20341208083
1766772000,2025-12-26 18:00:00,3.98e-06,4.01e-06,3.98e-06,4e-06,11096791829
1766775600,2025-12-26 19:00:00,4e-06,4.02e-06,4e-06,4.02e-06,20701496915
1766779200,2025-12-26 20:00:00,4.01e-06,4.05e-06,4.02e-06,4.03e-06,19448649571
1766782800,2025-12-26 21:00:00,4e-06,4.04e-06,4.03e-06,4.01e-06,17828955845
1766786400,2025-12-26 22:00:00,4e-06,4.03e-06,4e-06,4.02e-06,11944980873
1766790000,2025-12-26 23:00:00,4.01e-06,4.03e-06,4.02e-06,4.02e-06,19914750328
1766793600,2025-12-27 00:00:00,4.02e-06,4.04e-06,4.03e-06,4.04e-06,21322254950
1766797200,2025-12-27 01:00:00,4.01e-06,4.03e-06,4.03e-06,4.03e-06,16826841275
1766800800,2025-12-27 02:00:00,4.02e-06,4.04e-06,4.03e-06,4.03e-06,8132362605
1766804400,2025-12-27 03:00:00,4.02e-06,4.06e-06,4.02e-06,4.04e-06,30801949850
1766808000,2025-12-27 04:00:00,4.02e-06,4.04e-06,4.04e-06,4.03e-06,12067562826
1766811600,2025-12-27 05:00:00,4.02e-06,4.04e-06,4.03e-06,4.03e-06,10461815316
1766815200,2025-12-27 06:00:00,4.01e-06,4.03e-06,4.03e-06,4.02e-06,1653962665
1766818800,2025-12-27 07:00:00,4.02e-06,4.03e-06,4.02e-06,4.02e-06,33578904293
1766822400,2025-12-27 08:00:00,4.02e-06,4.03e-06,4.02e-06,4.02e-06,14644765712
1766826000,2025-12-27 09:00:00,4.03e-06,4.04e-06,4.03e-06,4.03e-06,18499623645
1766829600,2025-12-27 10:00:00,4.02e-06,4.04e-06,4.03e-06,4.03e-06,36485731480
1766833200,2025-12-27 11:00:00,4.03e-06,4.06e-06,4.04e-06,4.06e-06,17866671087
1766836800,2025-12-27 12:00:00,4.04e-06,4.07e-06,4.06e-06,4.06e-06,28306635284
1766840400,2025-12-27 13:00:00,4.04e-06,4.06e-06,4.05e-06,4.06e-06,9357287380
1766844000,2025-12-27 14:00:00,4.04e-06,4.07e-06,4.05e-06,4.07e-06,15008049787
1766847600,2025-12-27 15:00:00,4.06e-06,4.09e-06,4.06e-06,4.09e-06,18540345846
1766851200,2025-12-27 16:00:00,4.09e-06,4.17e-06,4.09e-06,4.13e-06,98624982608
1766854800,2025-12-27 17:00:00,4.1e-06,4.14e-06,4.13e-06,4.13e-06,30594316898
1766858400,2025-12-27 18:00:00,4.09e-06,4.13e-06,4.12e-06,4.11e-06,19187504591
1766862000,2025-12-27 19:00:00,4.1e-06,4.14e-06,4.11e-06,4.14e-06,21711945942
1766865600,2025-12-27 20:00:00,4.1e-06,4.13e-06,4.13e-06,4.12e-06,16460042825
1766869200,2025-12-27 21:00:00,4.11e-06,4.16e-06,4.12e-06,4.16e-06,15662230165
1766872800,2025-12-27 22:00:00,4.13e-06,4.19e-06,4.16e-06,4.15e-06,22296571262
1766876400,2025-12-27 23:00:00,4.14e-06,4.21e-06,4.16e-06,4.19e-06,57551074898
1766880000,2025-12-28 00:00:00,4.17e-06,4.2e-06,4.2e-06,4.18e-06,29506336535
1766883600,2025-12-28 01:00:00,4.15e-06,4.18e-06,4.18e-06,4.15e-06,7294053596
1766887200,2025-12-28 02:00:00,4.14e-06,4.18e-06,4.15e-06,4.17e-06,11906757593
1766890800,2025-12-28 03:00:00,4.15e-06,4.18e-06,4.17e-06,4.16e-06,7058762864
1766894400,2025-12-28 04:00:00,4.14e-06,4.17e-06,4.16e-06,4.15e-06,12542963315
1766898000,2025-12-28 05:00:00,4.15e-06,4.17e-06,4.15e-06,4.15e-06,10882247529
1766901600,2025-12-28 06:00:00,4.15e-06,4.19e-06,4.15e-06,4.17e-06,16162367409
1766905200,2025-12-28 07:00:00,4.15e-06,4.18e-06,4.17e-06,4.16e-06,21580700157
1766908800,2025-12-28 08:00:00,4.15e-06,4.18e-06,4.16e-06,4.16e-06,13124631213
1766912400,2025-12-28 09:00:00,4.13e-06,4.16e-06,4.16e-06,4.15e-06,8337248996
1766916000,2025-12-28 10:00:00,4.14e-06,4.17e-06,4.15e-06,4.16e-06,6745639857
1766919600,2025-12-28 11:00:00,4.16e-06,4.18e-06,4.16e-06,4.17e-06,35045811106
1766923200,2025-12-28 12:00:00,4.15e-06,4.18e-06,4.17e-06,4.16e-06,21288529546
1766926800,2025-12-28 13:00:00,4.15e-06,4.18e-06,4.16e-06,4.18e-06,7083935998
1766930400,2025-12-28 14:00:00,4.17e-06,4.26e-06,4.17e-06,4.24e-06,74949745337
1766934000,2025-12-28 15:00:00,4.2e-06,4.24e-06,4.24e-06,4.2e-06,22005136404
1766937600,2025-12-28 16:00:00,4.18e-06,4.22e-06,4.21e-06,4.19e-06,21600843939
1766941200,2025-12-28 17:00:00,4.18e-06,4.21e-06,4.19e-06,4.19e-06,20988175409
1766944800,2025-12-28 18:00:00,4.12e-06,4.19e-06,4.19e-06,4.14e-06,66485740530
1766948400,2025-12-28 19:00:00,4.13e-06,4.16e-06,4.15e-06,4.14e-06,28883754577
1766952000,2025-12-28 20:00:00,4.13e-06,4.16e-06,4.15e-06,4.15e-06,31652062968
1766955600,2025-12-28 21:00:00,4.13e-06,4.15e-06,4.14e-06,4.15e-06,20169641874
1766959200,2025-12-28 22:00:00,4.13e-06,4.17e-06,4.15e-06,4.17e-06,26920938297
1766962800,2025-12-28 23:00:00,4.14e-06,4.18e-06,4.17e-06,4.17e-06,37960743747
1766966400,2025-12-29 00:00:00,4.16e-06,4.24e-06,4.17e-06,4.21e-06,54452219919
1766970000,2025-12-29 01:00:00,4.17e-06,4.26e-06,4.21e-06,4.25e-06,69228972286
1766973600,2025-12-29 02:00:00,4.25e-06,4.33e-06,4.26e-06,4.25e-06,75895113745
1766977200,2025-12-29 03:00:00,4.25e-06,4.31e-06,4.25e-06,4.29e-06,97243718113
1766980800,2025-12-29 04:00:00,4.26e-06,4.3e-06,4.29e-06,4.26e-06,60356289627
1766984400,2025-12-29 05:00:00,4.23e-06,4.26e-06,4.26e-06,4.23e-06,36337250374
1766988000,2025-12-29 06:00:00,4.21e-06,4.26e-06,4.23e-06,4.22e-06,36885605768
1766991600,2025-12-29 07:00:00,4.19e-06,4.22e-06,4.22e-06,4.22e-06,41100660729
1766995200,2025-12-29 08:00:00,4.19e-06,4.22e-06,4.22e-06,4.19e-06,35809288167
1766998800,2025-12-29 09:00:00,4.11e-06,4.2e-06,4.19e-06,4.14e-06,41007185113
1767002400,2025-12-29 10:00:00,4.14e-06,4.17e-06,4.14e-06,4.15e-06,23262133354
1767006000,2025-12-29 11:00:00,4.13e-06,4.16e-06,4.15e-06,4.14e-06,17949980137
1767009600,2025-12-29 12:00:00,4.04e-06,4.15e-06,4.14e-06,4.08e-06,89195651635
1767013200,2025-12-29 13:00:00,4.06e-06,4.09e-06,4.08e-06,4.07e-06,21662021046
1767016800,2025-12-29 14:00:00,4.06e-06,4.11e-06,4.06e-06,4.06e-06,94869187558
1767020400,2025-12-29 15:00:00,4.07e-06,4.12e-06,4.07e-06,4.09e-06,34684933319
1767024000,2025-12-29 16:00:00,4.07e-06,4.1e-06,4.09e-06,4.08e-06,44553215333
1767027600,2025-12-29 17:00:00,4.08e-06,4.12e-06,4.09e-06,4.11e-06,28271636748
1767031200,2025-12-29 18:00:00,4.08e-06,4.12e-06,4.11e-06,4.09e-06,25747770388
1767034800,2025-12-29 19:00:00,4.07e-06,4.11e-06,4.08e-06,4.08e-06,34785854213
1767038400,2025-12-29 20:00:00,4.06e-06,4.11e-06,4.08e-06,4.07e-06,30748996792
1767042000,2025-12-29 21:00:00,4.06e-06,4.09e-06,4.07e-06,4.07e-06,18024601528
1767045600,2025-12-29 22:00:00,4.06e-06,4.09e-06,4.07e-06,4.07e-06,20548443477
1767049200,2025-12-29 23:00:00,4.06e-06,4.08e-06,4.07e-06,4.07e-06,12121683086
1767052800,2025-12-30 00:00:00,4.05e-06,4.08e-06,4.08e-06,4.07e-06,37641080898
1767056400,2025-12-30 01:00:00,4.06e-06,4.08e-06,4.06e-06,4.06e-06,33686696017
1767060000,2025-12-30 02:00:00,4.04e-06,4.08e-06,4.06e-06,4.06e-06,62518761822
1767063600,2025-12-30 03:00:00,3.99e-06,4.06e-06,4.06e-06,4.04e-06,121677978662
1767067200,2025-12-30 04:00:00,4.03e-06,4.08e-06,4.05e-06,4.07e-06,27536489382
1767070800,2025-12-30 05:00:00,4.03e-06,4.07e-06,4.07e-06,4.05e-06,20462365388
1767074400,2025-12-30 06:00:00,4.04e-06,4.07e-06,4.05e-06,4.05e-06,18168723821
1767078000,2025-12-30 07:00:00,4.05e-06,4.07e-06,4.05e-06,4.07e-06,19920004474
1767081600,2025-12-30 08:00:00,4.08e-06,4.12e-06,4.08e-06,4.1e-06,48214877067
1767085200,2025-12-30 09:00:00,4.09e-06,4.12e-06,4.09e-06,4.12e-06,17254433450
1767088800,2025-12-30 10:00:00,4.09e-06,4.12e-06,4.12e-06,4.09e-06,7990141686
1767092400,2025-12-30 11:00:00,4.08e-06,4.1e-06,4.09e-06,4.09e-06,24966228483
1767096000,2025-12-30 12:00:00,4.09e-06,4.11e-06,4.09e-06,4.1e-06,20306072174
1767099600,2025-12-30 13:00:00,4.11e-06,4.17e-06,4.11e-06,4.16e-06,16201658298
1767103200,2025-12-30 14:00:00,4.1e-06,4.17e-06,4.16e-06,4.15e-06,45027555986
1767106800,2025-12-30 15:00:00,4.12e-06,4.17e-06,4.15e-06,4.17e-06,58566303809
1767110400,2025-12-30 16:00:00,4.15e-06,4.22e-06,4.18e-06,4.18e-06,32017113407
1767114000,2025-12-30 17:00:00,4.14e-06,4.19e-06,4.18e-06,4.14e-06,42142913287
1767117600,2025-12-30 18:00:00,4.12e-06,4.15e-06,4.14e-06,4.14e-06,21896697836
1767121200,2025-12-30 19:00:00,4.11e-06,4.15e-06,4.13e-06,4.14e-06,67612783900
1767124800,2025-12-30 20:00:00,4.11e-06,4.15e-06,4.14e-06,4.12e-06,25594330968
1767128400,2025-12-30 21:00:00,4.11e-06,4.14e-06,4.12e-06,4.13e-06,31905978784
1767132000,2025-12-30 22:00:00,4.12e-06,4.15e-06,4.12e-06,4.13e-06,23825985402
1767135600,2025-12-30 23:00:00,4.13e-06,4.14e-06,4.13e-06,4.13e-06,23369233551
1767139200,2025-12-31 00:00:00,4.12e-06,4.15e-06,4.13e-06,4.14e-06,53281558350
1767142800,2025-12-31 01:00:00,4.13e-06,4.17e-06,4.13e-06,4.15e-06,66729231057
1767146400,2025-12-31 02:00:00,4.12e-06,4.15e-06,4.14e-06,4.13e-06,21509824290
1767150000,2025-12-31 03:00:00,4.1e-06,4.14e-06,4.13e-06,4.12e-06,73895079316
1767153600,2025-12-31 04:00:00,4.1e-06,4.13e-06,4.13e-06,4.11e-06,16740428025
1767157200,2025-12-31 05:00:00,4.1e-06,4.13e-06,4.1e-06,4.11e-06,19644204612
1767160800,2025-12-31 06:00:00,4.1e-06,4.11e-06,4.11e-06,4.11e-06,12293392621
1767164400,2025-12-31 07:00:00,4.1e-06,4.12e-06,4.1e-06,4.11e-06,10570547602
1767168000,2025-12-31 08:00:00,4.09e-06,4.13e-06,4.12e-06,4.1e-06,12461347972
1767171600,2025-12-31 09:00:00,4.09e-06,4.11e-06,4.1e-06,4.1e-06,28992617452
1767175200,2025-12-31 10:00:00,4.08e-06,4.11e-06,4.1e-06,4.1e-06,22191780114
1767178800,2025-12-31 11:00:00,4.09e-06,4.13e-06,4.1e-06,4.12e-06,9540250023
1767182400,2025-12-31 12:00:00,4.09e-06,4.13e-06,4.12e-06,4.1e-06,21567643619
1767186000,2025-12-31 13:00:00,4.09e-06,4.12e-06,4.1e-06,4.12e-06,27567535431
1767189600,2025-12-31 14:00:00,4.1e-06,4.14e-06,4.12e-06,4.12e-06,41930177381
1767193200,2025-12-31 15:00:00,4.06e-06,4.13e-06,4.11e-06,4.09e-06,36282384463
1767196800,2025-12-31 16:00:00,3.98e-06,4.1e-06,4.09e-06,4.02e-06,129993289793
1767200400,2025-12-31 17:00:00,3.99e-06,4.03e-06,4.01e-06,4e-06,67967083358
1767204000,2025-12-31 18:00:00,3.98e-06,4.02e-06,3.99e-06,4e-06,51301985909
1767207600,2025-12-31 19:00:00,4e-06,4.02e-06,4.01e-06,4e-06,33359201174
1767211200,2025-12-31 20:00:00,3.98e-06,4.04e-06,4e-06,4.04e-06,44824545183
1767214800,2025-12-31 21:00:00,4.03e-06,4.06e-06,4.04e-06,4.05e-06,99242039021
1767218400,2025-12-31 22:00:00,4.03e-06,4.05e-06,4.05e-06,4.03e-06,59895412531
1767222000,2025-12-31 23:00:00,4.02e-06,4.04e-06,4.03e-06,4.03e-06,102315282321
1767225600,2026-01-01 00:00:00,4.03e-06,4.06e-06,4.03e-06,4.04e-06,58146662722
1767229200,2026-01-01 01:00:00,4.03e-06,4.06e-06,4.04e-06,4.05e-06,36509904929
1767232800,2026-01-01 02:00:00,4.04e-06,4.06e-06,4.04e-06,4.06e-06,18548484112
1767236400,2026-01-01 03:00:00,4.04e-06,4.07e-06,4.06e-06,4.04e-06,36668049278
1767240000,2026-01-01 04:00:00,4.02e-06,4.06e-06,4.04e-06,4.06e-06,42608512372
1767243600,2026-01-01 05:00:00,4.06e-06,4.08e-06,4.06e-06,4.08e-06,34639315072
1767247200,2026-01-01 06:00:00,4.08e-06,4.11e-06,4.08e-06,4.09e-06,59127449134
1767250800,2026-01-01 07:00:00,4.08e-06,4.11e-06,4.1e-06,4.09e-06,16604016110
1767254400,2026-01-01 08:00:00,4.09e-06,4.14e-06,4.09e-06,4.14e-06,43194597821
1767258000,2026-01-01 09:00:00,4.14e-06,4.16e-06,4.14e-06,4.16e-06,30716098172
1767261600,2026-01-01 10:00:00,4.14e-06,4.17e-06,4.16e-06,4.17e-06,19997534566
1767265200,2026-01-01 11:00:00,4.15e-06,4.17e-06,4.17e-06,4.17e-06,42814694526
1767268800,2026-01-01 12:00:00,4.14e-06,4.17e-06,4.17e-06,4.16e-06,6810512885
1767272400,2026-01-01 13:00:00,4.15e-06,4.17e-06,4.16e-06,4.16e-06,7636028191
1767276000,2026-01-01 14:00:00,4.14e-06,4.18e-06,4.16e-06,4.18e-06,24240658362
1767279600,2026-01-01 15:00:00,4.16e-06,4.28e-06,4.18e-06,4.26e-06,116283296281
1767283200,2026-01-01 16:00:00,4.25e-06,4.36e-06,4.26e-06,4.34e-06,69373044252
1767286800,2026-01-01 17:00:00,4.34e-06,4.52e-06,4.34e-06,4.48e-06,277896903691
1767290400,2026-01-01 18:00:00,4.46e-06,4.59e-06,4.48e-06,4.57e-06,122543120965
1767294000,2026-01-01 19:00:00,4.55e-06,4.68e-06,4.57e-06,4.67e-06,146909814145
1767297600,2026-01-01 20:00:00,4.67e-06,4.78e-06,4.68e-06,4.77e-06,210603503127
1767301200,2026-01-01 21:00:00,4.67e-06,4.79e-06,4.77e-06,4.74e-06,175426602251
1767304800,2026-01-01 22:00:00,4.73e-06,4.95e-06,4.74e-06,4.93e-06,239508916824
1767308400,2026-01-01 23:00:00,4.87e-06,4.97e-06,4.93e-06,4.92e-06,221966825747
1767312000,2026-01-02 00:00:00,4.87e-06,4.94e-06,4.92e-06,4.92e-06,128555057646
1767315600,2026-01-02 01:00:00,4.87e-06,4.97e-06,4.92e-06,4.89e-06,138894451413
1767319200,2026-01-02 02:00:00,4.81e-06,4.95e-06,4.89e-06,4.95e-06,169615808016
1767322800,2026-01-02 03:00:00,4.94e-06,5.19e-06,4.94e-06,5.11e-06,402660996864
1767326400,2026-01-02 04:00:00,5.1e-06,5.16e-06,5.11e-06,5.14e-06,128350677913
1767330000,2026-01-02 05:00:00,5.08e-06,5.25e-06,5.14e-06,5.16e-06,218581015693
1767333600,2026-01-02 06:00:00,5.09e-06,5.24e-06,5.16e-06,5.11e-06,213316388720
1767337200,2026-01-02 07:00:00,5.04e-06,5.13e-06,5.12e-06,5.09e-06,116992566849
1767340800,2026-01-02 08:00:00,5.07e-06,5.13e-06,5.08e-06,5.09e-06,88976559669
1767344400,2026-01-02 09:00:00,5.06e-06,5.25e-06,5.09e-06,5.16e-06,260565102747
1767348000,2026-01-02 10:00:00,5.15e-06,5.32e-06,5.17e-06,5.27e-06,189553569846
1767351600,2026-01-02 11:00:00,5.18e-06,5.29e-06,5.26e-06,5.21e-06,257170220375
1767355200,2026-01-02 12:00:00,5.19e-06,5.9e-06,5.2e-06,5.64e-06,870051869254
1767358800,2026-01-02 13:00:00,5.57e-06,5.8e-06,5.65e-06,5.66e-06,455685450392
1767362400,2026-01-02 14:00:00,5.43e-06,5.7e-06,5.66e-06,5.59e-06,577879162209
1767366000,2026-01-02 15:00:00,5.51e-06,5.67e-06,5.59e-06,5.54e-06,367953319203
1767369600,2026-01-02 16:00:00,5.52e-06,6.09e-06,5.55e-06,6.02e-06,802926361454
1767373200,2026-01-02 17:00:00,5.87e-06,6.04e-06,6.02e-06,5.97e-06,522380611305
1767376800,2026-01-02 18:00:00,5.83e-06,6.04e-06,5.97e-06,5.9e-06,340708975834
1767380400,2026-01-02 19:00:00,5.88e-06,5.98e-06,5.89e-06,5.9e-06,197269748503
1767384000,2026-01-02 20:00:00,5.86e-06,5.96e-06,5.89e-06,5.96e-06,147903671241
1767387600,2026-01-02 21:00:00,5.89e-06,6.02e-06,5.94e-06,5.97e-06,284107766770
1767391200,2026-01-02 22:00:00,5.9e-06,6.16e-06,5.96e-06,6.09e-06,303415905605
1767394800,2026-01-02 23:00:00,5.95e-06,6.08e-06,6.08e-06,5.99e-06,185801104665
1767398400,2026-01-03 00:00:00,5.98e-06,6.29e-06,5.98e-06,6.13e-06,396127368269
1767402000,2026-01-03 01:00:00,6.05e-06,6.16e-06,6.14e-06,6.11e-06,150399838736
1767405600,2026-01-03 02:00:00,6.04e-06,6.28e-06,6.11e-06,6.19e-06,187500938196
1767409200,2026-01-03 03:00:00,6.15e-06,6.25e-06,6.19e-06,6.16e-06,202443256025
1767412800,2026-01-03 04:00:00,6.06e-06,6.17e-06,6.15e-06,6.08e-06,135661957509
1767416400,2026-01-03 05:00:00,6e-06,6.12e-06,6.08e-06,6.08e-06,199061988273
1767420000,2026-01-03 06:00:00,5.87e-06,6.14e-06,6.07e-06,5.93e-06,200270838734
1767423600,2026-01-03 07:00:00,5.74e-06,5.94e-06,5.92e-06,5.81e-06,225586079740
1767427200,2026-01-03 08:00:00,5.75e-06,6.15e-06,5.8e-06,6.09e-06,460762624293
1767430800,2026-01-03 09:00:00,6.05e-06,6.23e-06,6.09e-06,6.11e-06,215582254442
1767434400,2026-01-03 10:00:00,5.98e-06,6.13e-06,6.12e-06,5.99e-06,203663304290
1767438000,2026-01-03 11:00:00,5.94e-06,6.01e-06,5.99e-06,5.96e-06,79140401767
1767441600,2026-01-03 12:00:00,5.95e-06,6.02e-06,5.96e-06,6e-06,114838511131
1767445200,2026-01-03 13:00:00,5.99e-06,6.06e-06,6e-06,6.04e-06,98866886297
1767448800,2026-01-03 14:00:00,6.02e-06,6.11e-06,6.03e-06,6.11e-06,451908070472
1767452400,2026-01-03 15:00:00,6.02e-06,6.16e-06,6.11e-06,6.14e-06,266490386535
1767456000,2026-01-03 16:00:00,6.03e-06,6.3e-06,6.13e-06,6.05e-06,425149701567
1767459600,2026-01-03 17:00:00,6.05e-06,6.18e-06,6.06e-06,6.09e-06,231176616152
1767463200,2026-01-03 18:00:00,6.07e-06,6.13e-06,6.09e-06,6.08e-06,144440563517
1767466800,2026-01-03 19:00:00,6.04e-06,6.09e-06,6.08e-06,6.09e-06,122842603760
1767470400,2026-01-03 20:00:00,6.02e-06,6.16e-06,6.09e-06,6.11e-06,146090447262
1767474000,2026-01-03 21:00:00,6.06e-06,6.14e-06,6.1e-06,6.11e-06,196232823017
1767477600,2026-01-03 22:00:00,6.1e-06,6.19e-06,6.11e-06,6.14e-06,94477443546
1767481200,2026-01-03 23:00:00,6.09e-06,6.21e-06,6.13e-06,6.09e-06,122775922647
1767484800,2026-01-04 00:00:00,6.08e-06,6.36e-06,6.1e-06,6.26e-06,631318707971
1767488400,2026-01-04 01:00:00,6.16e-06,6.3e-06,6.25e-06,6.24e-06,197574046527
1767492000,2026-01-04 02:00:00,6.19e-06,6.39e-06,6.24e-06,6.3e-06,404974539493
1767495600,2026-01-04 03:00:00,6.29e-06,6.62e-06,6.29e-06,6.42e-06,603061062006
1767499200,2026-01-04 04:00:00,6.31e-06,6.46e-06,6.42e-06,6.34e-06,160590500264
1767502800,2026-01-04 05:00:00,6.3e-06,6.44e-06,6.34e-06,6.43e-06,127613664326
1767506400,2026-01-04 06:00:00,6.37e-06,6.46e-06,6.43e-06,6.39e-06,88333312390
1767510000,2026-01-04 07:00:00,6.38e-06,6.55e-06,6.39e-06,6.51e-06,222935782019
1767513600,2026-01-04 08:00:00,6.46e-06,6.91e-06,6.51e-06,6.81e-06,586886400190
1767517200,2026-01-04 09:00:00,6.74e-06,7.07e-06,6.81e-06,6.91e-06,366800522140
1767520800,2026-01-04 10:00:00,6.82e-06,6.99e-06,6.91e-06,6.95e-06,183444159417
1767524400,2026-01-04 11:00:00,6.92e-06,7.1e-06,6.94e-06,7.09e-06,255812972907
1767528000,2026-01-04 12:00:00,6.94e-06,7.15e-06,7.08e-06,7e-06,384516446734
1767531600,2026-01-04 13:00:00,6.85e-06,7.02e-06,6.99e-06,6.91e-06,323567632892
1767535200,2026-01-04 14:00:00,6.84e-06,7.04e-06,6.92e-06,6.98e-06,235605954479
1767538800,2026-01-04 15:00:00,6.88e-06,7.04e-06,6.98e-06,6.98e-06,194348974279
1767542400,2026-01-04 16:00:00,6.95e-06,7.07e-06,6.98e-06,7.06e-06,134624050683
1767546000,2026-01-04 17:00:00,7.01e-06,7.17e-06,7.05e-06,7.03e-06,259432329076
1767549600,2026-01-04 18:00:00,6.97e-06,7.07e-06,7.03e-06,7.04e-06,135223628366
1767553200,2026-01-04 19:00:00,6.76e-06,7.05e-06,7.04e-06,6.99e-06,344095014565
1767556800,2026-01-04 20:00:00,6.97e-06,7.08e-06,6.98e-06,7.05e-06,171146013996
1767560400,2026-01-04 21:00:00,7.02e-06,7.15e-06,7.05e-06,7.07e-06,230963348436
1767564000,2026-01-04 22:00:00,7.05e-06,7.21e-06,7.06e-06,7.11e-06,218693536818
1767567600,2026-01-04 23:00:00,7.09e-06,7.26e-06,7.11e-06,7.17e-06,292391813469
1767571200,2026-01-05 00:00:00,7.02e-06,7.25e-06,7.17e-06,7.07e-06,275791474199
1767574800,2026-01-05 01:00:00,7.05e-06,7.15e-06,7.06e-06,7.06e-06,112647667291
1767578400,2026-01-05 02:00:00,6.9e-06,7.14e-06,7.07e-06,7.11e-06,322349443433
1767582000,2026-01-05 03:00:00,6.98e-06,7.12e-06,7.1e-06,7.01e-06,114339111010
1767585600,2026-01-05 04:00:00,6.88e-06,7.09e-06,7.01e-06,7.06e-06,155847248785
1767589200,2026-01-05 05:00:00,6.94e-06,7.11e-06,7.06e-06,6.95e-06,142691479687
1767592800,2026-01-05 06:00:00,6.88e-06,6.98e-06,6.95e-06,6.9e-06,106049594218
1767596400,2026-01-05 07:00:00,6.86e-06,6.98e-06,6.89e-06,6.93e-06,56279744133
1767600000,2026-01-05 08:00:00,6.87e-06,6.95e-06,6.93e-06,6.89e-06,70511478540
1767603600,2026-01-05 09:00:00,6.57e-06,6.89e-06,6.89e-06,6.72e-06,252708958894
1767607200,2026-01-05 10:00:00,6.68e-06,6.81e-06,6.72e-06,6.75e-06,106556806512
1767610800,2026-01-05 11:00:00,6.74e-06,6.82e-06,6.75e-06,6.79e-06,53235105028
1767614400,2026-01-05 12:00:00,6.72e-06,6.79e-06,6.78e-06,6.76e-06,43655866218
1767618000,2026-01-05 13:00:00,6.73e-06,6.79e-06,6.77e-06,6.75e-06,55450844693
1767621600,2026-01-05 14:00:00,6.65e-06,6.78e-06,6.75e-06,6.78e-06,219953627966
1767625200,2026-01-05 15:00:00,6.67e-06,6.92e-06,6.77e-06,6.78e-06,230281652824
1767628800,2026-01-05 16:00:00,6.77e-06,6.91e-06,6.78e-06,6.86e-06,134220635583
1767632400,2026-01-05 17:00:00,6.8e-06,6.97e-06,6.85e-06,6.91e-06,137356913455
1767636000,2026-01-05 18:00:00,6.83e-06,6.93e-06,6.91e-06,6.92e-06,61574466274
1767639600,2026-01-05 19:00:00,6.85e-06,6.93e-06,6.91e-06,6.87e-06,75564804011
1767643200,2026-01-05 20:00:00,6.83e-06,6.95e-06,6.88e-06,6.87e-06,109591288481
1767646800,2026-01-05 21:00:00,6.84e-06,6.93e-06,6.87e-06,6.89e-06,77883086309
1767650400,2026-01-05 22:00:00,6.88e-06,7.05e-06,6.89e-06,7.01e-06,129367694462
1767654000,2026-01-05 23:00:00,6.95e-06,7.03e-06,7.02e-06,7.01e-06,75588372865
1767657600,2026-01-06 00:00:00,6.91e-06,7.1e-06,7.01e-06,7.06e-06,101871393981
1767661200,2026-01-06 01:00:00,6.94e-06,7.1e-06,7.05e-06,6.96e-06,69402728155
1767664800,2026-01-06 02:00:00,6.84e-06,6.99e-06,6.96e-06,6.9e-06,87749451587
1767668400,2026-01-06 03:00:00,6.9e-06,7.08e-06,6.9e-06,7.04e-06,145586813051
1767672000,2026-01-06 04:00:00,6.92e-06,7.06e-06,7.04e-06,6.93e-06,97400103743
1767675600,2026-01-06 05:00:00,6.85e-06,6.93e-06,6.93e-06,6.88e-06,56921589013
1767679200,2026-01-06 06:00:00,6.85e-06,6.93e-06,6.88e-06,6.89e-06,43101024772
1767682800,2026-01-06 07:00:00,6.72e-06,6.9e-06,6.89e-06,6.79e-06,80943559809
1767686400,2026-01-06 08:00:00,6.7e-06,6.85e-06,6.79e-06,6.73e-06,84241307259
1767690000,2026-01-06 09:00:00,6.71e-06,6.79e-06,6.73e-06,6.76e-06,57449015828
1767693600,2026-01-06 10:00:00,6.76e-06,7e-06,6.76e-06,6.98e-06,105446926743
1767697200,2026-01-06 11:00:00,6.82e-06,6.98e-06,6.98e-06,6.83e-06,84723844087
1767700800,2026-01-06 12:00:00,6.81e-06,6.87e-06,6.82e-06,6.85e-06,67698514461
1767704400,2026-01-06 13:00:00,6.84e-06,6.91e-06,6.85e-06,6.87e-06,93784866590
1767708000,2026-01-06 14:00:00,6.82e-06,6.96e-06,6.88e-06,6.84e-06,141095466426
1767711600,2026-01-06 15:00:00,6.62e-06,6.87e-06,6.84e-06,6.68e-06,284909524222
1767715200,2026-01-06 16:00:00,6.34e-06,6.68e-06,6.68e-06,6.46e-06,387664493261
1767718800,2026-01-06 17:00:00,6.42e-06,6.54e-06,6.45e-06,6.45e-06,195427601733
1767722400,2026-01-06 18:00:00,6.42e-06,6.66e-06,6.45e-06,6.6e-06,163813078236
1767726000,2026-01-06 19:00:00,6.53e-06,6.61e-06,6.6e-06,6.55e-06,51988748491
1767729600,2026-01-06 20:00:00,6.5e-06,6.58e-06,6.55e-06,6.52e-06,96662383379
1767733200,2026-01-06 21:00:00,6.52e-06,6.65e-06,6.53e-06,6.6e-06,71081298166
1767736800,2026-01-06 22:00:00,6.58e-06,6.66e-06,6.61e-06,6.61e-06,33666916715
1767740400,2026-01-06 23:00:00,6.6e-06,6.75e-06,6.6e-06,6.71e-06,81908488685
1767744000,2026-01-07 00:00:00,6.54e-06,6.7e-06,6.7e-06,6.55e-06,90295408261
1767747600,2026-01-07 01:00:00,6.5e-06,6.59e-06,6.55e-06,6.53e-06,104144192652
1767751200,2026-01-07 02:00:00,6.51e-06,6.62e-06,6.53e-06,6.61e-06,62224227597
1767754800,2026-01-07 03:00:00,6.6e-06,6.69e-06,6.62e-06,6.67e-06,55229695803
1767758400,2026-01-07 04:00:00,6.64e-06,6.74e-06,6.67e-06,6.67e-06,47579491618
1767762000,2026-01-07 05:00:00,6.6e-06,6.77e-06,6.67e-06,6.73e-06,112867405299
1767765600,2026-01-07 06:00:00,6.71e-06,6.88e-06,6.74e-06,6.73e-06,125396075831
1767769200,2026-01-07 07:00:00,6.65e-06,6.86e-06,6.72e-06,6.85e-06,81884017668
1767772800,2026-01-07 08:00:00,6.82e-06,7.09e-06,6.85e-06,6.89e-06,242849999327
1767776400,2026-01-07 09:00:00,6.7e-06,6.88e-06,6.88e-06,6.74e-06,139706915220
1767780000,2026-01-07 10:00:00,6.68e-06,6.78e-06,6.73e-06,6.69e-06,87794768386
1767783600,2026-01-07 11:00:00,6.68e-06,6.77e-06,6.7e-06,6.69e-06,48784216041
1767787200,2026-01-07 12:00:00,6.55e-06,6.7e-06,6.69e-06,6.58e-06,114910814813
1767790800,2026-01-07 13:00:00,6.53e-06,6.6e-06,6.58e-06,6.54e-06,68543969651
1767794400,2026-01-07 14:00:00,6.48e-06,6.74e-06,6.55e-06,6.72e-06,198660403845
1767798000,2026-01-07 15:00:00,6.55e-06,6.72e-06,6.72e-06,6.57e-06,143890241537
1767801600,2026-01-07 16:00:00,6.58e-06,6.84e-06,6.58e-06,6.79e-06,270572067731
1767805200,2026-01-07 17:00:00,6.66e-06,6.79e-06,6.77e-06,6.68e-06,72167143620
1767808800,2026-01-07 18:00:00,6.56e-06,6.71e-06,6.68e-06,6.6e-06,127170319789
1767812400,2026-01-07 19:00:00,6.52e-06,6.65e-06,6.59e-06,6.61e-06,133562187588
1767816000,2026-01-07 20:00:00,6.54e-06,6.64e-06,6.61e-06,6.62e-06,47899670919
1767819600,2026-01-07 21:00:00,6.6e-06,6.7e-06,6.62e-06,6.6e-06,43456931137
1767823200,2026-01-07 22:00:00,6.46e-06,6.62e-06,6.6e-06,6.51e-06,60851667579
1767826800,2026-01-07 23:00:00,6.49e-06,6.61e-06,6.5e-06,6.55e-06,69791437824
1767830400,2026-01-08 00:00:00,6.49e-06,6.58e-06,6.54e-06,6.54e-06,96154359179
1767834000,2026-01-08 01:00:00,6.52e-06,6.62e-06,6.53e-06,6.61e-06,39423700788
1767837600,2026-01-08 02:00:00,6.53e-06,6.69e-06,6.6e-06,6.53e-06,114259659634
1767841200,2026-01-08 03:00:00,6.41e-06,6.56e-06,6.53e-06,6.49e-06,180332857359
1767844800,2026-01-08 04:00:00,6.47e-06,6.58e-06,6.48e-06,6.54e-06,49923615361
1767848400,2026-01-08 05:00:00,6.49e-06,6.57e-06,6.54e-06,6.52e-06,22455738507
1767852000,2026-01-08 06:00:00,6.36e-06,6.56e-06,6.52e-06,6.4e-06,135467803028
1767855600,2026-01-08 07:00:00,6.32e-06,6.49e-06,6.4e-06,6.42e-06,181119146897
1767859200,2026-01-08 08:00:00,6.24e-06,6.47e-06,6.42e-06,6.32e-06,107464396019
1767862800,2026-01-08 09:00:00,6.21e-06,6.34e-06,6.32e-06,6.23e-06,122886527645
1767866400,2026-01-08 10:00:00,6.14e-06,6.29e-06,6.23e-06,6.27e-06,149414561666
1767870000,2026-01-08 11:00:00,6.17e-06,6.28e-06,6.27e-06,6.23e-06,145983877570
1767873600,2026-01-08 12:00:00,6.02e-06,6.24e-06,6.22e-06,6.12e-06,192930767399
1767877200,2026-01-08 13:00:00,6.07e-06,6.16e-06,6.11e-06,6.08e-06,47249977003
1767880800,2026-01-08 14:00:00,5.99e-06,6.11e-06,6.08e-06,6.09e-06,144364579394
1767884400,2026-01-08 15:00:00,6.05e-06,6.25e-06,6.09e-06,6.22e-06,194687278256
1767888000,2026-01-08 16:00:00,6.05e-06,6.24e-06,6.23e-06,6.16e-06,223821222842
1767891600,2026-01-08 17:00:00,6.13e-06,6.22e-06,6.16e-06,6.22e-06,95258448924
1767895200,2026-01-08 18:00:00,6.14e-06,6.22e-06,6.21e-06,6.15e-06,69316626409
1767898800,2026-01-08 19:00:00,6.1e-06,6.18e-06,6.15e-06,6.1e-06,39644503674
1767902400,2026-01-08 20:00:00,6.05e-06,6.13e-06,6.1e-06,6.12e-06,70695349765
1767906000,2026-01-08 21:00:00,6.11e-06,6.2e-06,6.12e-06,6.18e-06,214810783092
1767909600,2026-01-08 22:00:00,6.11e-06,6.21e-06,6.19e-06,6.13e-06,72350653171
1767913200,2026-01-08 23:00:00,6.08e-06,6.16e-06,6.13e-06,6.08e-06,71667781567
1767916800,2026-01-09 00:00:00,6.08e-06,6.12e-06,6.08e-06,6.1e-06,42897568821
1767920400,2026-01-09 01:00:00,5.94e-06,6.12e-06,6.1e-06,6.02e-06,190355492418
1767924000,2026-01-09 02:00:00,6e-06,6.13e-06,6.02e-06,6.01e-06,76630265725
1767927600,2026-01-09 03:00:00,6.01e-06,6.15e-06,6.01e-06,6.14e-06,82966987609
1767931200,2026-01-09 04:00:00,6.09e-06,6.17e-06,6.14e-06,6.11e-06,53558223788
1767934800,2026-01-09 05:00:00,6.08e-06,6.14e-06,6.1e-06,6.14e-06,31099832397
1767938400,2026-01-09 06:00:00,6.11e-06,6.17e-06,6.13e-06,6.17e-06,36388655249
1767942000,2026-01-09 07:00:00,6.12e-06,6.18e-06,6.16e-06,6.15e-06,87077152921
1767945600,2026-01-09 08:00:00,6.01e-06,6.16e-06,6.15e-06,6.07e-06,44326735862
1767949200,2026-01-09 09:00:00,6.07e-06,6.17e-06,6.07e-06,6.08e-06,37499180844
1767952800,2026-01-09 10:00:00,6.07e-06,6.13e-06,6.09e-06,6.12e-06,29928397133
1767956400,2026-01-09 11:00:00,6.09e-06,6.12e-06,6.11e-06,6.09e-06,30672331709
1767960000,2026-01-09 12:00:00,6.02e-06,6.1e-06,6.1e-06,6.03e-06,90884634495
1767963600,2026-01-09 13:00:00,6.03e-06,6.24e-06,6.03e-06,6.16e-06,316711171426
1767967200,2026-01-09 14:00:00,6.01e-06,6.16e-06,6.16e-06,6.07e-06,128060873150
1767970800,2026-01-09 15:00:00,6.03e-06,6.25e-06,6.05e-06,6.13e-06,174052795913
1767974400,2026-01-09 16:00:00,6.13e-06,6.42e-06,6.14e-06,6.34e-06,167586711138
1767978000,2026-01-09 17:00:00,6.17e-06,6.39e-06,6.34e-06,6.25e-06,187466235902
1767981600,2026-01-09 18:00:00,6.1e-06,6.27e-06,6.25e-06,6.15e-06,334516067809
1767985200,2026-01-09 19:00:00,6.07e-06,6.15e-06,6.15e-06,6.09e-06,97625938347
1767988800,2026-01-09 20:00:00,6.07e-06,6.13e-06,6.09e-06,6.08e-06,34261163924
1767992400,2026-01-09 21:00:00,6.05e-06,6.14e-06,6.08e-06,6.14e-06,39137851815
1767996000,2026-01-09 22:00:00,6.11e-06,6.18e-06,6.14e-06,6.16e-06,52796405340
1767999600,2026-01-09 23:00:00,6.1e-06,6.16e-06,6.16e-06,6.1e-06,21423231259
1768003200,2026-01-10 00:00:00,6.06e-06,6.11e-06,6.1e-06,6.08e-06,40282079666
1768006800,2026-01-10 01:00:00,6.04e-06,6.1e-06,6.08e-06,6.04e-06,58136060457
1768010400,2026-01-10 02:00:00,5.95e-06,6.07e-06,6.05e-06,5.98e-06,82069356088
1768014000,2026-01-10 03:00:00,5.98e-06,6.02e-06,5.99e-06,6e-06,30913044441
1768017600,2026-01-10 04:00:00,5.94e-06,6.01e-06,6e-06,5.99e-06,64690791588
1768021200,2026-01-10 05:00:00,5.95e-06,6e-06,5.98e-06,5.96e-06,38324735173
1768024800,2026-01-10 06:00:00,5.86e-06,5.96e-06,5.96e-06,5.91e-06,89039161491
1768028400,2026-01-10 07:00:00,5.91e-06,5.96e-06,5.91e-06,5.94e-06,46772951810
1768032000,2026-01-10 08:00:00,5.93e-06,5.97e-06,5.94e-06,5.97e-06,46364747104
1768035600,2026-01-10 09:00:00,5.95e-06,5.99e-06,5.96e-06,5.98e-06,6468253609
1768039200,2026-01-10 10:00:00,5.96e-06,6e-06,5.97e-06,6e-06,12165321601
1768042800,2026-01-10 11:00:00,5.94e-06,5.99e-06,5.99e-06,5.97e-06,5771241681
1768046400,2026-01-10 12:00:00,5.95e-06,5.98e-06,5.97e-06,5.97e-06,9427541519
1768050000,2026-01-10 13:00:00,5.96e-06,6e-06,5.96e-06,5.99e-06,35891420662
1768053600,2026-01-10 14:00:00,5.95e-06,5.99e-06,5.98e-06,5.97e-06,14869692174
1768057200,2026-01-10 15:00:00,5.95e-06,5.99e-06,5.97e-06,5.99e-06,9832060712
1768060800,2026-01-10 16:00:00,5.97e-06,6.02e-06,5.99e-06,5.98e-06,22091599819
1768064400,2026-01-10 17:00:00,5.96e-06,6.01e-06,5.98e-06,5.97e-06,18672131633
1768068000,2026-01-10 18:00:00,5.95e-06,6e-06,5.97e-06,5.99e-06,9354594514
1768071600,2026-01-10 19:00:00,5.96e-06,6e-06,5.99e-06,6e-06,14937917118
1768075200,2026-01-10 20:00:00,5.96e-06,6e-06,5.99e-06,5.98e-06,6919261449
1768078800,2026-01-10 21:00:00,5.96e-06,5.98e-06,5.98e-06,5.96e-06,6594216759
1768082400,2026-01-10 22:00:00,5.88e-06,5.98e-06,5.96e-06,5.91e-06,47539476835
1768086000,2026-01-10 23:00:00,5.91e-06,5.96e-06,5.91e-06,5.94e-06,24201719178
1768089600,2026-01-11 00:00:00,5.91e-06,5.96e-06,5.93e-06,5.96e-06,54949670012
1768093200,2026-01-11 01:00:00,5.94e-06,5.99e-06,5.94e-06,5.99e-06,18863141156
1768096800,2026-01-11 02:00:00,5.97e-06,6.01e-06,5.98e-06,5.97e-06,22152232174
1768100400,2026-01-11 03:00:00,5.96e-06,5.99e-06,5.97e-06,5.97e-06,16403403032
1768104000,2026-01-11 04:00:00,5.9e-06,5.97e-06,5.97e-06,5.93e-06,67842375253
1768107600,2026-01-11 05:00:00,5.91e-06,5.94e-06,5.93e-06,5.92e-06,6806283578
1768111200,2026-01-11 06:00:00,5.88e-06,5.97e-06,5.92e-06,5.97e-06,47597535986
1768114800,2026-01-11 07:00:00,5.95e-06,5.99e-06,5.97e-06,5.96e-06,18891889535
1768118400,2026-01-11 08:00:00,5.95e-06,5.98e-06,5.96e-06,5.97e-06,12438661839
1768122000,2026-01-11 09:00:00,5.97e-06,6.01e-06,5.98e-06,5.98e-06,45446752923
1768125600,2026-01-11 10:00:00,5.97e-06,6e-06,5.98e-06,5.98e-06,4292788854
1768129200,2026-01-11 11:00:00,5.96e-06,5.98e-06,5.97e-06,5.97e-06,11649965314
1768132800,2026-01-11 12:00:00,5.96e-06,6e-06,5.97e-06,6e-06,30769876771
1768136400,2026-01-11 13:00:00,5.97e-06,6.05e-06,6e-06,5.97e-06,100291725096
1768140000,2026-01-11 14:00:00,5.97e-06,6.03e-06,5.98e-06,6.02e-06,34017103437
1768143600,2026-01-11 15:00:00,5.82e-06,6.01e-06,6.01e-06,5.86e-06,127012634626
1768147200,2026-01-11 16:00:00,5.85e-06,5.97e-06,5.87e-06,5.92e-06,75107341075
1768150800,2026-01-11 17:00:00,5.85e-06,5.95e-06,5.93e-06,5.91e-06,13159173343
1768154400,2026-01-11 18:00:00,5.86e-06,5.92e-06,5.91e-06,5.9e-06,44708583779
1768158000,2026-01-11 19:00:00,5.89e-06,5.94e-06,5.9e-06,5.89e-06,297358820443
1768161600,2026-01-11 20:00:00,5.76e-06,5.9e-06,5.89e-06,5.8e-06,382887409916
1768165200,2026-01-11 21:00:00,5.75e-06,5.81e-06,5.79e-06,5.8e-06,286022462998
1768168800,2026-01-11 22:00:00,5.69e-06,5.8e-06,5.8e-06,5.72e-06,133161263896
1768172400,2026-01-11 23:00:00,5.68e-06,5.8e-06,5.71e-06,5.8e-06,50208624339
1768176000,2026-01-12 00:00:00,5.7e-06,5.81e-06,5.8e-06,5.8e-06,82098936373
1768179600,2026-01-12 01:00:00,5.8e-06,5.89e-06,5.8e-06,5.88e-06,126294597764
1768183200,2026-01-12 02:00:00,5.88e-06,6.01e-06,5.88e-06,5.99e-06,137966023484
1768186800,2026-01-12 03:00:00,5.9e-06,5.99e-06,5.99e-06,5.92e-06,105757612504
1768190400,2026-01-12 04:00:00,5.91e-06,6.01e-06,5.92e-06,5.99e-06,56872958319
1768194000,2026-01-12 05:00:00,5.96e-06,6.04e-06,5.98e-06,5.98e-06,32281545709
1768197600,2026-01-12 06:00:00,5.91e-06,5.97e-06,5.97e-06,5.91e-06,24928818537
1768201200,2026-01-12 07:00:00,5.83e-06,5.97e-06,5.91e-06,5.84e-06,67356364144
1768204800,2026-01-12 08:00:00,5.74e-06,5.86e-06,5.84e-06,5.77e-06,66133609343
1768208400,2026-01-12 09:00:00,5.76e-06,5.81e-06,5.77e-06,5.8e-06,26965796561
1768212000,2026-01-12 10:00:00,5.78e-06,5.84e-06,5.79e-06,5.79e-06,190063247923
1768215600,2026-01-12 11:00:00,5.77e-06,5.89e-06,5.79e-06,5.85e-06,248066520299
1768219200,2026-01-12 12:00:00,5.81e-06,5.87e-06,5.85e-06,5.81e-06,42134631919
1768222800,2026-01-12 13:00:00,5.76e-06,5.84e-06,5.81e-06,5.77e-06,41456330624
1768226400,2026-01-12 14:00:00,5.72e-06,5.86e-06,5.76e-06,5.84e-06,62376032500
1768230000,2026-01-12 15:00:00,5.79e-06,5.91e-06,5.83e-06,5.91e-06,76243047749
1768233600,2026-01-12 16:00:00,5.88e-06,5.97e-06,5.9e-06,5.94e-06,51467003428
1768237200,2026-01-12 17:00:00,5.8e-06,5.96e-06,5.94e-06,5.85e-06,35808710570
1768240800,2026-01-12 18:00:00,5.84e-06,5.91e-06,5.84e-06,5.86e-06,39365926891
1768244400,2026-01-12 19:00:00,5.83e-06,5.87e-06,5.85e-06,5.86e-06,34559100451
1768248000,2026-01-12 20:00:00,5.79e-06,5.9e-06,5.85e-06,5.79e-06,27329074850
1768251600,2026-01-12 21:00:00,5.72e-06,5.8e-06,5.8e-06,5.74e-06,154693818743
1768255200,2026-01-12 22:00:00,5.72e-06,5.77e-06,5.74e-06,5.76e-06,306247926451
1768258800,2026-01-12 23:00:00,5.7e-06,5.76e-06,5.76e-06,5.72e-06,128489714727
1768262400,2026-01-13 00:00:00,5.71e-06,5.76e-06,5.72e-06,5.75e-06,49212179921
1768266000,2026-01-13 01:00:00,5.7e-06,5.78e-06,5.75e-06,5.72e-06,14784502596
1768269600,2026-01-13 02:00:00,5.72e-06,5.77e-06,5.72e-06,5.72e-06,14398380039
1768273200,2026-01-13 03:00:00,5.7e-06,5.76e-06,5.73e-06,5.75e-06,32767554406
1768276800,2026-01-13 04:00:00,5.74e-06,5.78e-06,5.74e-06,5.78e-06,20139156098
1768280400,2026-01-13 05:00:00,5.78e-06,5.88e-06,5.78e-06,5.85e-06,58537035346
1768284000,2026-01-13 06:00:00,5.84e-06,5.89e-06,5.85e-06,5.88e-06,32638667852
1768287600,2026-01-13 07:00:00,5.83e-06,5.87e-06,5.87e-06,5.86e-06,44860666881
1768291200,2026-01-13 08:00:00,5.86e-06,5.95e-06,5.86e-06,5.92e-06,54316865718
1768294800,2026-01-13 09:00:00,5.9e-06,5.97e-06,5.92e-06,5.96e-06,75390455107
1768298400,2026-01-13 10:00:00,5.91e-06,5.98e-06,5.95e-06,5.93e-06,63382349524
1768302000,2026-01-13 11:00:00,5.91e-06,5.94e-06,5.93e-06,5.92e-06,27395820669
1768305600,2026-01-13 12:00:00,5.9e-06,5.95e-06,5.91e-06,5.93e-06,10433814374
1768309200,2026-01-13 13:00:00,5.91e-06,6.02e-06,5.93e-06,5.94e-06,120384684868
1768312800,2026-01-13 14:00:00,5.92e-06,6.02e-06,5.95e-06,5.94e-06,85461855377
1768316400,2026-01-13 15:00:00,5.86e-06,6.02e-06,5.94e-06,6.02e-06,223947334711
1768320000,2026-01-13 16:00:00,6.02e-06,6.14e-06,6.02e-06,6.1e-06,709906590260
1768323600,2026-01-13 17:00:00,6.01e-06,6.11e-06,6.1e-06,6.04e-06,140830106104
1768327200,2026-01-13 18:00:00,6.02e-06,6.08e-06,6.04e-06,6.05e-06,83816057497
1768330800,2026-01-13 19:00:00,6.05e-06,6.18e-06,6.06e-06,6.17e-06,119473853633
1768334400,2026-01-13 20:00:00,6.09e-06,6.23e-06,6.17e-06,6.14e-06,180572245013
1768338000,2026-01-13 21:00:00,6.12e-06,6.19e-06,6.13e-06,6.17e-06,115723661394
1768341600,2026-01-13 22:00:00,6.16e-06,6.57e-06,6.17e-06,6.53e-06,459528560075
1768345200,2026-01-13 23:00:00,6.46e-06,6.61e-06,6.54e-06,6.58e-06,286912774756
1768348800,2026-01-14 00:00:00,6.56e-06,6.85e-06,6.57e-06,6.69e-06,748629440502
1768352400,2026-01-14 01:00:00,6.6e-06,6.75e-06,6.69e-06,6.62e-06,234282920566
1768356000,2026-01-14 02:00:00,6.59e-06,6.74e-06,6.63e-06,6.74e-06,231103792772
1768359600,2026-01-14 03:00:00,6.71e-06,6.88e-06,6.74e-06,6.86e-06,248091450480
1768363200,2026-01-14 04:00:00,6.77e-06,6.88e-06,6.86e-06,6.79e-06,184886037912
1768366800,2026-01-14 05:00:00,6.63e-06,6.81e-06,6.78e-06,6.66e-06,251410305937
1768370400,2026-01-14 06:00:00,6.6e-06,6.7e-06,6.66e-06,6.69e-06,200363786272
1768374000,2026-01-14 07:00:00,6.66e-06,6.73e-06,6.69e-06,6.69e-06,151756906264
1768377600,2026-01-14 08:00:00,6.62e-06,6.72e-06,6.68e-06,6.63e-06,89592814549
1768381200,2026-01-14 09:00:00,6.62e-06,6.67e-06,6.64e-06,6.64e-06,173785063697
1768384800,2026-01-14 10:00:00,6.54e-06,6.69e-06,6.64e-06,6.57e-06,204878711313
1768388400,2026-01-14 11:00:00,6.49e-06,6.57e-06,6.57e-06,6.5e-06,118308412383
1768392000,2026-01-14 12:00:00,6.48e-06,6.57e-06,6.5e-06,6.53e-06,97380468962
1768395600,2026-01-14 13:00:00,6.46e-06,6.55e-06,6.53e-06,6.48e-06,122752449549
1768399200,2026-01-14 14:00:00,6.47e-06,6.6e-06,6.47e-06,6.55e-06,178105009964
1768402800,2026-01-14 15:00:00,6.35e-06,6.55e-06,6.53e-06,6.43e-06,621986415423
1768406400,2026-01-14 16:00:00,6.41e-06,6.53e-06,6.43e-06,6.45e-06,278680753807
1768410000,2026-01-14 17:00:00,6.28e-06,6.52e-06,6.46e-06,6.31e-06,339604765697
1768413600,2026-01-14 18:00:00,6.15e-06,6.33e-06,6.3e-06,6.23e-06,393049050131
1768417200,2026-01-14 19:00:00,6.22e-06,6.31e-06,6.23e-06,6.27e-06,289616859135
1768420800,2026-01-14 20:00:00,6.24e-06,6.31e-06,6.28e-06,6.28e-06,126170451482
1768424400,2026-01-14 21:00:00,6.24e-06,6.3e-06,6.28e-06,6.26e-06,50187975040
1768428000,2026-01-14 22:00:00,6.19e-06,6.29e-06,6.26e-06,6.22e-06,76406080693
1768431600,2026-01-14 23:00:00,6.22e-06,6.27e-06,6.22e-06,6.24e-06,132678712733
1768435200,2026-01-15 00:00:00,6.2e-06,6.27e-06,6.24e-06,6.23e-06,46494446133
1768438800,2026-01-15 01:00:00,6.14e-06,6.24e-06,6.23e-06,6.17e-06,58754681514
1768442400,2026-01-15 02:00:00,6.1e-06,6.18e-06,6.16e-06,6.11e-06,114609951748
1768446000,2026-01-15 03:00:00,6.02e-06,6.12e-06,6.11e-06,6.04e-06,162647437034
1768449600,2026-01-15 04:00:00,6.04e-06,6.12e-06,6.04e-06,6.1e-06,70343922259
1768453200,2026-01-15 05:00:00,6.07e-06,6.12e-06,6.1e-06,6.08e-06,40101649841
1768456800,2026-01-15 06:00:00,6.05e-06,6.1e-06,6.08e-06,6.05e-06,32463502779
1768460400,2026-01-15 07:00:00,6.05e-06,6.1e-06,6.05e-06,6.07e-06,54796254638
1768464000,2026-01-15 08:00:00,6.04e-06,6.08e-06,6.07e-06,6.06e-06,35706709458
1768467600,2026-01-15 09:00:00,6.05e-06,6.13e-06,6.06e-06,6.09e-06,23362201701
1768471200,2026-01-15 10:00:00,5.96e-06,6.1e-06,6.1e-06,5.99e-06,134070443330
1768474800,2026-01-15 11:00:00,5.96e-06,6.02e-06,5.99e-06,5.99e-06,113870070219
1768478400,2026-01-15 12:00:00,5.98e-06,6.03e-06,5.99e-06,6.02e-06,25620358620
1768482000,2026-01-15 13:00:00,5.99e-06,6.04e-06,6.02e-06,6.03e-06,55110415954
1768485600,2026-01-15 14:00:00,5.92e-06,6.06e-06,6.03e-06,5.98e-06,195502751034
1768489200,2026-01-15 15:00:00,5.86e-06,6e-06,5.98e-06,5.95e-06,380017559782
1768492800,2026-01-15 16:00:00,5.89e-06,5.97e-06,5.96e-06,5.95e-06,113417835783
1768496400,2026-01-15 17:00:00,5.9e-06,5.97e-06,5.95e-06,5.9e-06,44642061870
1768500000,2026-01-15 18:00:00,5.86e-06,5.92e-06,5.9e-06,5.9e-06,69794573511
1768503600,2026-01-15 19:00:00,5.85e-06,5.9e-06,5.9e-06,5.9e-06,50467423389
1768507200,2026-01-15 20:00:00,5.86e-06,5.92e-06,5.9e-06,5.88e-06,36395785166
1768510800,2026-01-15 21:00:00,5.87e-06,5.92e-06,5.87e-06,5.91e-06,31036711134
1768514400,2026-01-15 22:00:00,5.9e-06,5.94e-06,5.91e-06,5.9e-06,78589593759
1768518000,2026-01-15 23:00:00,5.89e-06,5.92e-06,5.9e-06,5.91e-06,16548856816
1768521600,2026-01-16 00:00:00,5.9e-06,5.94e-06,5.9e-06,5.91e-06,169898634292
1768525200,2026-01-16 01:00:00,5.9e-06,5.94e-06,5.91e-06,5.93e-06,20723802853
1768528800,2026-01-16 02:00:00,5.87e-06,5.93e-06,5.93e-06,5.91e-06,32868232848
1768532400,2026-01-16 03:00:00,5.79e-06,5.92e-06,5.91e-06,5.83e-06,103085548439
1768536000,2026-01-16 04:00:00,5.76e-06,5.85e-06,5.83e-06,5.79e-06,99419612056
1768539600,2026-01-16 05:00:00,5.79e-06,5.88e-06,5.8e-06,5.87e-06,34301912624
1768543200,2026-01-16 06:00:00,5.85e-06,5.9e-06,5.87e-06,5.89e-06,36079760595
1768546800,2026-01-16 07:00:00,5.88e-06,5.93e-06,5.89e-06,5.91e-06,18992160658
1768550400,2026-01-16 08:00:00,5.91e-06,6e-06,5.91e-06,5.95e-06,81569365217
1768554000,2026-01-16 09:00:00,5.93e-06,5.96e-06,5.95e-06,5.94e-06,28581673180
1768557600,2026-01-16 10:00:00,5.91e-06,5.95e-06,5.94e-06,5.93e-06,36075436486
1768561200,2026-01-16 11:00:00,5.91e-06,5.97e-06,5.92e-06,5.97e-06,64897835102
1768564800,2026-01-16 12:00:00,5.93e-06,5.99e-06,5.97e-06,5.95e-06,35777761402
1768568400,2026-01-16 13:00:00,5.86e-06,5.96e-06,5.95e-06,5.9e-06,40932167335
1768572000,2026-01-16 14:00:00,5.87e-06,5.9e-06,5.9e-06,5.88e-06,47730850540
1768575600,2026-01-16 15:00:00,5.73e-06,5.91e-06,5.88e-06,5.77e-06,248787815914
1768579200,2026-01-16 16:00:00,5.76e-06,5.82e-06,5.76e-06,5.77e-06,208477771892
1768582800,2026-01-16 17:00:00,5.74e-06,5.85e-06,5.77e-06,5.85e-06,91325330689
1768586400,2026-01-16 18:00:00,5.83e-06,5.87e-06,5.85e-06,5.84e-06,36369093094
1768590000,2026-01-16 19:00:00,5.81e-06,5.87e-06,5.83e-06,5.86e-06,70818150988
1768593600,2026-01-16 20:00:00,5.83e-06,5.93e-06,5.86e-06,5.93e-06,47996589114
1768597200,2026-01-16 21:00:00,5.87e-06,5.96e-06,5.93e-06,5.9e-06,136402754982
1768600800,2026-01-16 22:00:00,5.76e-06,5.93e-06,5.89e-06,5.93e-06,28453369590
1768604400,2026-01-16 23:00:00,5.91e-06,5.95e-06,5.93e-06,5.92e-06,34745263448
1768608000,2026-01-17 00:00:00,5.89e-06,5.93e-06,5.93e-06,5.89e-06,27712894315
1768611600,2026-01-17 01:00:00,5.87e-06,5.91e-06,5.89e-06,5.87e-06,27574019286
1768615200,2026-01-17 02:00:00,5.85e-06,5.89e-06,5.87e-06,5.89e-06,17882959214
1768618800,2026-01-17 03:00:00,5.84e-06,5.9e-06,5.89e-06,5.87e-06,48865105167
1768622400,2026-01-17 04:00:00,5.85e-06,5.88e-06,5.86e-06,5.88e-06,17897284291
1768626000,2026-01-17 05:00:00,5.86e-06,5.89e-06,5.88e-06,5.87e-06,9083630852
1768629600,2026-01-17 06:00:00,5.83e-06,5.87e-06,5.86e-06,5.84e-06,5688638539
1768633200,2026-01-17 07:00:00,5.82e-06,5.85e-06,5.84e-06,5.84e-06,20388803519
1768636800,2026-01-17 08:00:00,5.83e-06,5.86e-06,5.84e-06,5.84e-06,20210159185
1768640400,2026-01-17 09:00:00,5.81e-06,5.85e-06,5.85e-06,5.81e-06,9000799057
1768644000,2026-01-17 10:00:00,5.81e-06,5.85e-06,5.81e-06,5.84e-06,11049654006
1768647600,2026-01-17 11:00:00,5.82e-06,5.87e-06,5.83e-06,5.85e-06,5160497425
1768651200,2026-01-17 12:00:00,5.83e-06,5.88e-06,5.85e-06,5.84e-06,14366045393
1768654800,2026-01-17 13:00:00,5.82e-06,5.85e-06,5.85e-06,5.84e-06,11901584132
1768658400,2026-01-17 14:00:00,5.82e-06,5.9e-06,5.85e-06,5.9e-06,25649184799
1768662000,2026-01-17 15:00:00,5.89e-06,5.96e-06,5.9e-06,5.94e-06,47645686444
1768665600,2026-01-17 16:00:00,5.83e-06,5.94e-06,5.94e-06,5.86e-06,52634539985
1768669200,2026-01-17 17:00:00,5.84e-06,5.89e-06,5.87e-06,5.87e-06,20954477207
1768672800,2026-01-17 18:00:00,5.84e-06,5.88e-06,5.86e-06,5.87e-06,28018382070
1768676400,2026-01-17 19:00:00,5.86e-06,5.9e-06,5.87e-06,5.88e-06,5744615822
1768680000,2026-01-17 20:00:00,5.86e-06,5.91e-06,5.89e-06,5.87e-06,6065028326
1768683600,2026-01-17 21:00:00,5.85e-06,5.87e-06,5.86e-06,5.86e-06,9644438334
1768687200,2026-01-17 22:00:00,5.76e-06,5.87e-06,5.86e-06,5.8e-06,49205838551
1768690800,2026-01-17 23:00:00,5.78e-06,5.81e-06,5.81e-06,5.79e-06,12654775933
1768694400,2026-01-18 00:00:00,5.78e-06,5.84e-06,5.79e-06,5.8e-06,20565442749
1768698000,2026-01-18 01:00:00,5.77e-06,5.82e-06,5.81e-06,5.79e-06,40445332773
1768701600,2026-01-18 02:00:00,5.74e-06,5.82e-06,5.79e-06,5.79e-06,50656179407
1768705200,2026-01-18 03:00:00,5.79e-06,5.82e-06,5.79e-06,5.79e-06,6645049065
1768708800,2026-01-18 04:00:00,5.78e-06,5.81e-06,5.79e-06,5.79e-06,24880485886
1768712400,2026-01-18 05:00:00,5.78e-06,5.81e-06,5.79e-06,5.8e-06,5047641782
1768716000,2026-01-18 06:00:00,5.79e-06,5.82e-06,5.8e-06,5.79e-06,13545657036
1768719600,2026-01-18 07:00:00,5.75e-06,5.8e-06,5.79e-06,5.77e-06,16710010508
1768723200,2026-01-18 08:00:00,5.76e-06,5.81e-06,5.77e-06,5.8e-06,17506829077
1768726800,2026-01-18 09:00:00,5.79e-06,5.81e-06,5.8e-06,5.8e-06,6306432511
1768730400,2026-01-18 10:00:00,5.77e-06,5.8e-06,5.8e-06,5.79e-06,4112991514
1768734000,2026-01-18 11:00:00,5.78e-06,5.81e-06,5.79e-06,5.79e-06,6892416832
1768737600,2026-01-18 12:00:00,5.78e-06,5.8e-06,5.79e-06,5.78e-06,3608004579
1768741200,2026-01-18 13:00:00,5.66e-06,5.8e-06,5.78e-06,5.66e-06,72685516512
1768744800,2026-01-18 14:00:00,5.62e-06,5.75e-06,5.67e-06,5.69e-06,169492887805
1768748400,2026-01-18 15:00:00,5.67e-06,5.74e-06,5.7e-06,5.68e-06,79642075341
1768752000,2026-01-18 16:00:00,5.67e-06,5.72e-06,5.68e-06,5.68e-06,40852459591
1768755600,2026-01-18 17:00:00,5.67e-06,5.71e-06,5.68e-06,5.71e-06,67563256815
1768759200,2026-01-18 18:00:00,5.69e-06,5.79e-06,5.7e-06,5.76e-06,60021190961
1768762800,2026-01-18 19:00:00,5.7e-06,5.77e-06,5.76e-06,5.71e-06,39357967562
1768766400,2026-01-18 20:00:00,5.7e-06,5.74e-06,5.71e-06,5.72e-06,41113765857
1768770000,2026-01-18 21:00:00,5.68e-06,5.73e-06,5.72e-06,5.7e-06,31966473115
1768773600,2026-01-18 22:00:00,5.69e-06,5.74e-06,5.69e-06,5.73e-06,38837770312
1768777200,2026-01-18 23:00:00,5.44e-06,5.72e-06,5.72e-06,5.46e-06,281602351075
1768780800,2026-01-19 00:00:00,4.89e-06,5.45e-06,5.45e-06,5.19e-06,603542498722
1768784400,2026-01-19 01:00:00,5.12e-06,5.26e-06,5.18e-06,5.18e-06,156653861008
1768788000,2026-01-19 02:00:00,5.15e-06,5.25e-06,5.17e-06,5.24e-06,111642419854
1768791600,2026-01-19 03:00:00,5.22e-06,5.25e-06,5.24e-06,5.24e-06,56613241991
1768795200,2026-01-19 04:00:00,5.22e-06,5.27e-06,5.24e-06,5.22e-06,65675205924
1768798800,2026-01-19 05:00:00,5.2e-06,5.24e-06,5.22e-06,5.22e-06,64375332962
1768802400,2026-01-19 06:00:00,5.19e-06,5.23e-06,5.21e-06,5.21e-06,40457663669
1768806000,2026-01-19 07:00:00,5.2e-06,5.24e-06,5.21e-06,5.21e-06,32634643434
1768809600,2026-01-19 08:00:00,5.18e-06,5.22e-06,5.21e-06,5.2e-06,43862744097
1768813200,2026-01-19 09:00:00,5.18e-06,5.22e-06,5.2e-06,5.21e-06,31470080614
1768816800,2026-01-19 10:00:00,5.16e-06,5.21e-06,5.2e-06,5.18e-06,40531707544
1768820400,2026-01-19 11:00:00,5.18e-06,5.25e-06,5.19e-06,5.2e-06,49766779415
1768824000,2026-01-19 12:00:00,5.17e-06,5.22e-06,5.19e-06,5.19e-06,43687827552
1768827600,2026-01-19 13:00:00,5.16e-06,5.2e-06,5.18e-06,5.17e-06,52833166242
1768831200,2026-01-19 14:00:00,5.13e-06,5.19e-06,5.17e-06,5.17e-06,112899193080
1768834800,2026-01-19 15:00:00,5.16e-06,5.19e-06,5.18e-06,5.18e-06,29780312846
1768838400,2026-01-19 16:00:00,5.17e-06,5.28e-06,5.18e-06,5.28e-06,68822458601
1768842000,2026-01-19 17:00:00,5.21e-06,5.28e-06,5.27e-06,5.22e-06,113469167972
1768845600,2026-01-19 18:00:00,5.21e-06,5.25e-06,5.23e-06,5.23e-06,17145508614
1768849200,2026-01-19 19:00:00,5.22e-06,5.28e-06,5.23e-06,5.26e-06,80200368894
1768852800,2026-01-19 20:00:00,5.26e-06,5.31e-06,5.27e-06,5.3e-06,54738635986
1768856400,2026-01-19 21:00:00,5.25e-06,5.31e-06,5.3e-06,5.26e-06,28036643492
1768860000,2026-01-19 22:00:00,5.21e-06,5.27e-06,5.26e-06,5.22e-06,41225298871
1768863600,2026-01-19 23:00:00,5.22e-06,5.3e-06,5.23e-06,5.28e-06,122455104622
1768867200,2026-01-20 00:00:00,5.21e-06,5.27e-06,5.27e-06,5.22e-06,39849559598
1768870800,2026-01-20 01:00:00,5.2e-06,5.26e-06,5.21e-06,5.24e-06,62753424886
1768874400,2026-01-20 02:00:00,5.2e-06,5.25e-06,5.24e-06,5.22e-06,32832781465
1768878000,2026-01-20 03:00:00,5.2e-06,5.23e-06,5.22e-06,5.21e-06,12856070402
1768881600,2026-01-20 04:00:00,5.18e-06,5.22e-06,5.21e-06,5.19e-06,34462136927
1768885200,2026-01-20 05:00:00,5.16e-06,5.25e-06,5.18e-06,5.23e-06,88277578412
1768888800,2026-01-20 06:00:00,5.15e-06,5.24e-06,5.23e-06,5.17e-06,84677701653
1768892400,2026-01-20 07:00:00,5.15e-06,5.19e-06,5.18e-06,5.15e-06,25680847455
1768896000,2026-01-20 08:00:00,5.08e-06,5.15e-06,5.14e-06,5.13e-06,245169250776
1768899600,2026-01-20 09:00:00,5.09e-06,5.14e-06,5.13e-06,5.11e-06,28351815893
1768903200,2026-01-20 10:00:00,5.1e-06,5.14e-06,5.11e-06,5.13e-06,23898855985
1768906800,2026-01-20 11:00:00,5.08e-06,5.14e-06,5.13e-06,5.08e-06,101047831678
1768910400,2026-01-20 12:00:00,5.07e-06,5.11e-06,5.08e-06,5.09e-06,73385008503
1768914000,2026-01-20 13:00:00,5.05e-06,5.09e-06,5.09e-06,5.06e-06,111191546670
1768917600,2026-01-20 14:00:00,5.06e-06,5.19e-06,5.06e-06,5.15e-06,84330745827
1768921200,2026-01-20 15:00:00,5.08e-06,5.17e-06,5.15e-06,5.14e-06,69920253954
1768924800,2026-01-20 16:00:00,5.03e-06,5.16e-06,5.14e-06,5.07e-06,93429841348
1768928400,2026-01-20 17:00:00,4.98e-06,5.11e-06,5.06e-06,5.03e-06,70136872945
1768932000,2026-01-20 18:00:00,4.97e-06,5.03e-06,5.03e-06,5.01e-06,83204122141
1768935600,2026-01-20 19:00:00,4.99e-06,5.05e-06,5.02e-06,5.02e-06,64351989445
1768939200,2026-01-20 20:00:00,5e-06,5.13e-06,5.02e-06,5.1e-06,467590585594
1768942800,2026-01-20 21:00:00,5.05e-06,5.11e-06,5.1e-06,5.07e-06,43582147084
1768946400,2026-01-20 22:00:00,4.97e-06,5.09e-06,5.07e-06,5.02e-06,56593587779
1768950000,2026-01-20 23:00:00,4.97e-06,5.03e-06,5.02e-06,4.99e-06,87751201255
1768953600,2026-01-21 00:00:00,4.95e-06,5.1e-06,4.98e-06,5.08e-06,69664501356
1768957200,2026-01-21 01:00:00,5.07e-06,5.11e-06,5.08e-06,5.09e-06,50942071183
1768960800,2026-01-21 02:00:00,5.05e-06,5.14e-06,5.1e-06,5.07e-06,117039515225
1768964400,2026-01-21 03:00:00,5.02e-06,5.07e-06,5.07e-06,5.03e-06,30329302980
1768968000,2026-01-21 04:00:00,5.02e-06,5.07e-06,5.03e-06,5.03e-06,35945752542
1768971600,2026-01-21 05:00:00,5.01e-06,5.06e-06,5.03e-06,5.04e-06,41126410772
1768975200,2026-01-21 06:00:00,5.03e-06,5.07e-06,5.03e-06,5.06e-06,14321926948
1768978800,2026-01-21 07:00:00,5.05e-06,5.12e-06,5.05e-06,5.07e-06,60591776120
1768982400,2026-01-21 08:00:00,5.04e-06,5.09e-06,5.07e-06,5.08e-06,24110927787
1768986000,2026-01-21 09:00:00,5.05e-06,5.08e-06,5.06e-06,5.05e-06,6939776125
1768989600,2026-01-21 10:00:00,5.03e-06,5.08e-06,5.05e-06,5.03e-06,25665359680
1768993200,2026-01-21 11:00:00,4.96e-06,5.04e-06,5.03e-06,4.97e-06,28818918148
1768996800,2026-01-21 12:00:00,4.86e-06,4.97e-06,4.97e-06,4.93e-06,135302343019
1769000400,2026-01-21 13:00:00,4.82e-06,4.93e-06,4.93e-06,4.84e-06,217470423607
1769004000,2026-01-21 14:00:00,4.84e-06,5.05e-06,4.84e-06,5.03e-06,104314792305
1769007600,2026-01-21 15:00:00,5.01e-06,5.19e-06,5.03e-06,5.16e-06,544486593392
1769011200,2026-01-21 16:00:00,4.86e-06,5.17e-06,5.16e-06,4.89e-06,238587423808
1769014800,2026-01-21 17:00:00,4.84e-06,4.94e-06,4.9e-06,4.91e-06,137518713142
1769018400,2026-01-21 18:00:00,4.82e-06,4.94e-06,4.91e-06,4.89e-06,296663623714
1769022000,2026-01-21 19:00:00,4.85e-06,5.18e-06,4.88e-06,5.17e-06,456343930269
1769025600,2026-01-21 20:00:00,5.06e-06,5.23e-06,5.17e-06,5.22e-06,448976266270
1769029200,2026-01-21 21:00:00,5.22e-06,5.34e-06,5.22e-06,5.25e-06,247071188885
1769032800,2026-01-21 22:00:00,5.22e-06,5.3e-06,5.26e-06,5.22e-06,115073551945
1769036400,2026-01-21 23:00:00,5.13e-06,5.25e-06,5.22e-06,5.15e-06,317400065136
1769040000,2026-01-22 00:00:00,5.15e-06,5.23e-06,5.16e-06,5.2e-06,54326011815
1769043600,2026-01-22 01:00:00,5.19e-06,5.25e-06,5.2e-06,5.21e-06,74295397676
1769047200,2026-01-22 02:00:00,5.2e-06,5.25e-06,5.21e-06,5.21e-06,37607872792
1769050800,2026-01-22 03:00:00,5.16e-06,5.24e-06,5.22e-06,5.19e-06,25986003984
1769054400,2026-01-22 04:00:00,5.19e-06,5.23e-06,5.19e-06,5.21e-06,19829965670
1769058000,2026-01-22 05:00:00,5.16e-06,5.21e-06,5.21e-06,5.17e-06,67575723376
1769061600,2026-01-22 06:00:00,5.13e-06,5.18e-06,5.17e-06,5.15e-06,13221686713
1769065200,2026-01-22 07:00:00,5.1e-06,5.15e-06,5.15e-06,5.13e-06,49145510159
1769068800,2026-01-22 08:00:00,5.09e-06,5.15e-06,5.13e-06,5.13e-06,61279409307
1769072400,2026-01-22 09:00:00,5.12e-06,5.17e-06,5.12e-06,5.16e-06,22469282447
1769076000,2026-01-22 10:00:00,5.12e-06,5.17e-06,5.15e-06,5.13e-06,26397820610
1769079600,2026-01-22 11:00:00,5.08e-06,5.13e-06,5.12e-06,5.08e-06,200612679376
1769083200,2026-01-22 12:00:00,5.04e-06,5.08e-06,5.08e-06,5.04e-06,95594158717
1769086800,2026-01-22 13:00:00,4.97e-06,5.07e-06,5.04e-06,4.97e-06,251161680011
1769090400,2026-01-22 14:00:00,4.85e-06,4.98e-06,4.97e-06,4.86e-06,961608317956
1769094000,2026-01-22 15:00:00,4.85e-06,4.91e-06,4.85e-06,4.9e-06,181181014212
1769097600,2026-01-22 16:00:00,4.87e-06,4.95e-06,4.9e-06,4.94e-06,59029497598
1769101200,2026-01-22 17:00:00,4.9e-06,4.99e-06,4.94e-06,4.98e-06,53704960201
1769104800,2026-01-22 18:00:00,4.93e-06,4.99e-06,4.98e-06,4.93e-06,32053865374
1769108400,2026-01-22 19:00:00,4.92e-06,4.99e-06,4.93e-06,4.96e-06,72422695260
1769112000,2026-01-22 20:00:00,4.91e-06,4.98e-06,4.96e-06,4.95e-06,70288250712
1769115600,2026-01-22 21:00:00,4.94e-06,4.98e-06,4.95e-06,4.94e-06,61828703597
1769119200,2026-01-22 22:00:00,4.93e-06,4.97e-06,4.94e-06,4.95e-06,17873926256
1769122800,2026-01-22 23:00:00,4.92e-06,4.95e-06,4.95e-06,4.95e-06,61846333921
1769126400,2026-01-23 00:00:00,4.9e-06,4.95e-06,4.94e-06,4.94e-06,29382950122
1769130000,2026-01-23 01:00:00,4.93e-06,4.98e-06,4.94e-06,4.98e-06,41606617013
1769133600,2026-01-23 02:00:00,4.95e-06,4.98e-06,4.98e-06,4.96e-06,41363207827
1769137200,2026-01-23 03:00:00,4.96e-06,5.02e-06,4.97e-06,5.01e-06,33196101783
1769140800,2026-01-23 04:00:00,5e-06,5.04e-06,5.01e-06,5.03e-06,12819930262
1769144400,2026-01-23 05:00:00,5e-06,5.04e-06,5.03e-06,5.03e-06,31776005523
1769148000,2026-01-23 06:00:00,4.98e-06,5.05e-06,5.03e-06,4.99e-06,16815688672
1769151600,2026-01-23 07:00:00,4.97e-06,5e-06,5e-06,4.99e-06,20414518897
1769155200,2026-01-23 08:00:00,4.95e-06,5.01e-06,4.99e-06,4.95e-06,16488906027
1769158800,2026-01-23 09:00:00,4.95e-06,4.98e-06,4.96e-06,4.97e-06,26275679383
1769162400,2026-01-23 10:00:00,4.95e-06,4.98e-06,4.97e-06,4.96e-06,20881623383
1769166000,2026-01-23 11:00:00,4.96e-06,5.02e-06,4.96e-06,5e-06,27560351453
1769169600,2026-01-23 12:00:00,4.97e-06,5.01e-06,5e-06,4.99e-06,20342548829
1769173200,2026-01-23 13:00:00,4.96e-06,5.01e-06,5e-06,4.98e-06,13591485628
1769176800,2026-01-23 14:00:00,4.86e-06,5e-06,4.98e-06,4.91e-06,67417344290
1769180400,2026-01-23 15:00:00,4.87e-06,5.03e-06,4.92e-06,5.03e-06,91213201333
1769184000,2026-01-23 16:00:00,4.99e-06,5.14e-06,5.03e-06,5.05e-06,118469427061
1769187600,2026-01-23 17:00:00,5e-06,5.3e-06,5.05e-06,5.17e-06,255826860489
1769191200,2026-01-23 18:00:00,5.15e-06,5.24e-06,5.17e-06,5.2e-06,127119939651
1769194800,2026-01-23 19:00:00,5.05e-06,5.21e-06,5.2e-06,5.07e-06,119078204872
1769198400,2026-01-23 20:00:00,4.96e-06,5.08e-06,5.06e-06,5e-06,123214338918
1769202000,2026-01-23 21:00:00,4.99e-06,5.04e-06,5e-06,5e-06,32120700881
1769205600,2026-01-23 22:00:00,5.01e-06,5.06e-06,5.01e-06,5.03e-06,45358844763
1769209200,2026-01-23 23:00:00,5e-06,5.03e-06,5.03e-06,5.02e-06,43265639987
1769212800,2026-01-24 00:00:00,5.02e-06,5.05e-06,5.02e-06,5.02e-06,42982783759
1769216400,2026-01-24 01:00:00,4.98e-06,5.03e-06,5.02e-06,5.01e-06,24395687035
1769220000,2026-01-24 02:00:00,5e-06,5.02e-06,5.01e-06,5.01e-06,15302211433
1769223600,2026-01-24 03:00:00,5.01e-06,5.09e-06,5.01e-06,5.06e-06,27697826955
1769227200,2026-01-24 04:00:00,5.06e-06,5.12e-06,5.06e-06,5.07e-06,34467817800
1769230800,2026-01-24 05:00:00,5.05e-06,5.08e-06,5.07e-06,5.08e-06,16994257787
1769234400,2026-01-24 06:00:00,5.03e-06,5.08e-06,5.08e-06,5.04e-06,6024527116
1769238000,2026-01-24 07:00:00,5.01e-06,5.04e-06,5.03e-06,5.02e-06,14511160728
1769241600,2026-01-24 08:00:00,5.01e-06,5.05e-06,5.02e-06,5.04e-06,14031645794
1769245200,2026-01-24 09:00:00,5.02e-06,5.05e-06,5.04e-06,5.02e-06,2682787146
1769248800,2026-01-24 10:00:00,5.01e-06,5.04e-06,5.02e-06,5.03e-06,5303677595
1769252400,2026-01-24 11:00:00,5.02e-06,5.07e-06,5.04e-06,5.03e-06,27505954255
1769256000,2026-01-24 12:00:00,5.01e-06,5.05e-06,5.02e-06,5.01e-06,11570283214
1769259600,2026-01-24 13:00:00,4.99e-06,5.03e-06,5.01e-06,5e-06,10182397584
1769263200,2026-01-24 14:00:00,4.98e-06,5.02e-06,4.98e-06,5.02e-06,25774746868
1769266800,2026-01-24 15:00:00,4.97e-06,5.03e-06,5.02e-06,4.98e-06,10930373740
1769270400,2026-01-24 16:00:00,4.93e-06,5e-06,4.99e-06,4.98e-06,12002707022
1769274000,2026-01-24 17:00:00,4.98e-06,5.01e-06,4.99e-06,5e-06,20243673423
1769277600,2026-01-24 18:00:00,4.99e-06,5.02e-06,5.01e-06,4.99e-06,8352552885
1769281200,2026-01-24 19:00:00,4.98e-06,5e-06,4.99e-06,4.99e-06,9542854399
1769284800,2026-01-24 20:00:00,4.99e-06,5.03e-06,4.99e-06,5e-06,35992123601
1769288400,2026-01-24 21:00:00,4.98e-06,5e-06,5e-06,5e-06,16109386115
1769292000,2026-01-24 22:00:00,4.99e-06,5.01e-06,5e-06,5.01e-06,15575070165
1769295600,2026-01-24 23:00:00,4.98e-06,5.02e-06,5.01e-06,5e-06,14354767193
1769299200,2026-01-25 00:00:00,4.97e-06,5e-06,5e-06,5e-06,44066468349
1769302800,2026-01-25 01:00:00,4.98e-06,5.03e-06,5e-06,4.99e-06,134443653117
1769306400,2026-01-25 02:00:00,4.96e-06,5e-06,4.99e-06,4.97e-06,36574258396
1769310000,2026-01-25 03:00:00,4.92e-06,4.98e-06,4.97e-06,4.94e-06,114374721014
1769313600,2026-01-25 04:00:00,4.93e-06,4.97e-06,4.93e-06,4.96e-06,29887800079
1769317200,2026-01-25 05:00:00,4.94e-06,5.01e-06,4.95e-06,4.97e-06,145362385688
1769320800,2026-01-25 06:00:00,4.95e-06,4.97e-06,4.97e-06,4.95e-06,42002578545
1769324400,2026-01-25 07:00:00,4.93e-06,4.95e-06,4.95e-06,4.94e-06,42030648430
1769328000,2026-01-25 08:00:00,4.9e-06,4.96e-06,4.95e-06,4.91e-06,16847632058
1769331600,2026-01-25 09:00:00,4.91e-06,5.01e-06,4.92e-06,4.94e-06,115137902188
1769335200,2026-01-25 10:00:00,4.94e-06,5.03e-06,4.94e-06,5.01e-06,53785235507
1769338800,2026-01-25 11:00:00,4.99e-06,5.04e-06,5.02e-06,5e-06,32231674516
1769342400,2026-01-25 12:00:00,4.97e-06,5.01e-06,5e-06,5.01e-06,26127379983
1769346000,2026-01-25 13:00:00,4.95e-06,5.01e-06,5.01e-06,4.97e-06,23496443574
1769349600,2026-01-25 14:00:00,4.89e-06,4.98e-06,4.98e-06,4.91e-06,67790588888
1769353200,2026-01-25 15:00:00,4.87e-06,4.93e-06,4.91e-06,4.89e-06,70875297570
1769356800,2026-01-25 16:00:00,4.76e-06,4.89e-06,4.88e-06,4.8e-06,180693847595
1769360400,2026-01-25 17:00:00,4.77e-06,4.82e-06,4.79e-06,4.8e-06,51524776301
1769364000,2026-01-25 18:00:00,4.73e-06,4.81e-06,4.79e-06,4.76e-06,94516057791
1769367600,2026-01-25 19:00:00,4.61e-06,4.77e-06,4.77e-06,4.63e-06,147267149775
1769371200,2026-01-25 20:00:00,4.6e-06,4.67e-06,4.63e-06,4.65e-06,151130584396
1769374800,2026-01-25 21:00:00,4.66e-06,4.72e-06,4.66e-06,4.71e-06,38825509459
1769378400,2026-01-25 22:00:00,4.64e-06,4.71e-06,4.71e-06,4.67e-06,18056073337
1769382000,2026-01-25 23:00:00,4.65e-06,4.73e-06,4.67e-06,4.71e-06,47017230629
1769385600,2026-01-26 00:00:00,4.7e-06,4.77e-06,4.7e-06,4.77e-06,76822149007
1769389200,2026-01-26 01:00:00,4.76e-06,4.88e-06,4.77e-06,4.86e-06,92022092278
1769392800,2026-01-26 02:00:00,4.82e-06,4.87e-06,4.86e-06,4.84e-06,59179789569
1769396400,2026-01-26 03:00:00,4.79e-06,4.85e-06,4.84e-06,4.82e-06,28224603671
1769400000,2026-01-26 04:00:00,4.81e-06,4.91e-06,4.82e-06,4.85e-06,25175629761
1769403600,2026-01-26 05:00:00,4.82e-06,4.86e-06,4.86e-06,4.83e-06,100270154851
1769407200,2026-01-26 06:00:00,4.81e-06,4.86e-06,4.83e-06,4.84e-06,24619478008
1769410800,2026-01-26 07:00:00,4.83e-06,4.87e-06,4.85e-06,4.85e-06,24258507019
1769414400,2026-01-26 08:00:00,4.84e-06,4.93e-06,4.85e-06,4.89e-06,64553804903
1769418000,2026-01-26 09:00:00,4.84e-06,4.89e-06,4.89e-06,4.85e-06,24083066453
1769421600,2026-01-26 10:00:00,4.85e-06,4.88e-06,4.85e-06,4.87e-06,17554604870
1769425200,2026-01-26 11:00:00,4.86e-06,4.89e-06,4.87e-06,4.87e-06,16960824495
1769428800,2026-01-26 12:00:00,4.88e-06,4.91e-06,4.88e-06,4.89e-06,23501981817
1769432400,2026-01-26 13:00:00,4.89e-06,4.94e-06,4.9e-06,4.92e-06,26894030319
1769436000,2026-01-26 14:00:00,4.87e-06,5e-06,4.92e-06,4.95e-06,159485711399
1769439600,2026-01-26 15:00:00,4.89e-06,5.03e-06,4.96e-06,4.92e-06,101550146320
1769443200,2026-01-26 16:00:00,4.9e-06,4.99e-06,4.92e-06,4.95e-06,76891223314
1769446800,2026-01-26 17:00:00,4.88e-06,4.97e-06,4.95e-06,4.92e-06,62828669899
1769450400,2026-01-26 18:00:00,4.92e-06,5e-06,4.93e-06,5e-06,85336514573
1769454000,2026-01-26 19:00:00,4.95e-06,5.01e-06,5e-06,4.96e-06,21432947890
1769457600,2026-01-26 20:00:00,4.92e-06,4.97e-06,4.96e-06,4.93e-06,22052641410
1769461200,2026-01-26 21:00:00,4.91e-06,5.01e-06,4.93e-06,4.99e-06,45270160674
1769464800,2026-01-26 22:00:00,4.96e-06,5e-06,4.99e-06,4.98e-06,26801185964
1769468400,2026-01-26 23:00:00,4.95e-06,5.02e-06,4.97e-06,5e-06,48315446599
1769472000,2026-01-27 00:00:00,4.98e-06,5.07e-06,5e-06,5.05e-06,25214705524
1769475600,2026-01-27 01:00:00,5.03e-06,5.25e-06,5.04e-06,5.16e-06,141722104218
1769479200,2026-01-27 02:00:00,5.11e-06,5.21e-06,5.16e-06,5.14e-06,44946769975
1769482800,2026-01-27 03:00:00,5.08e-06,5.15e-06,5.14e-06,5.09e-06,68272824515
1769486400,2026-01-27 04:00:00,5.07e-06,5.12e-06,5.09e-06,5.09e-06,50581674554
1769490000,2026-01-27 05:00:00,5.04e-06,5.09e-06,5.09e-06,5.05e-06,33031528211
1769493600,2026-01-27 06:00:00,4.99e-06,5.05e-06,5.04e-06,5.01e-06,21113128694
1769497200,2026-01-27 07:00:00,4.99e-06,5.03e-06,5e-06,5.01e-06,14894190073
1769500800,2026-01-27 08:00:00,4.98e-06,5.03e-06,5.01e-06,4.99e-06,25495879923
1769504400,2026-01-27 09:00:00,4.96e-06,4.99e-06,4.99e-06,4.97e-06,20564183823
1769508000,2026-01-27 10:00:00,4.96e-06,4.98e-06,4.97e-06,4.96e-06,16129736098
1769511600,2026-01-27 11:00:00,4.94e-06,4.98e-06,4.96e-06,4.96e-06,15572544249
1769515200,2026-01-27 12:00:00,4.95e-06,4.97e-06,4.96e-06,4.96e-06,20655078128
1769518800,2026-01-27 13:00:00,4.92e-06,5.01e-06,4.96e-06,4.93e-06,42951453991
1769522400,2026-01-27 14:00:00,4.92e-06,4.99e-06,4.93e-06,4.93e-06,34277086558
1769526000,2026-01-27 15:00:00,4.93e-06,5e-06,4.94e-06,5e-06,17834265576
1769529600,2026-01-27 16:00:00,4.99e-06,5.1e-06,5.01e-06,5.06e-06,63383771254
1769533200,2026-01-27 17:00:00,4.84e-06,5.07e-06,5.07e-06,4.85e-06,130748168185
1769536800,2026-01-27 18:00:00,4.84e-06,5e-06,4.85e-06,4.97e-06,85926854164
1769540400,2026-01-27 19:00:00,4.94e-06,4.99e-06,4.97e-06,4.98e-06,23131054385
1769544000,2026-01-27 20:00:00,4.97e-06,5.09e-06,4.97e-06,5.09e-06,95254800669
1769547600,2026-01-27 21:00:00,5.04e-06,5.1e-06,5.08e-06,5.06e-06,52041435370
1769551200,2026-01-27 22:00:00,5.04e-06,5.1e-06,5.06e-06,5.07e-06,35109006947
1769554800,2026-01-27 23:00:00,5.01e-06,5.07e-06,5.07e-06,5.02e-06,28243302439
1769558400,2026-01-28 00:00:00,4.97e-06,5.03e-06,5.02e-06,5.03e-06,50378257950
1769562000,2026-01-28 01:00:00,4.97e-06,5.05e-06,5.02e-06,5.01e-06,73588988349
1769565600,2026-01-28 02:00:00,4.99e-06,5.03e-06,5.01e-06,5.02e-06,44220155976
1769569200,2026-01-28 03:00:00,4.99e-06,5.03e-06,5.03e-06,5e-06,30552778736
1769572800,2026-01-28 04:00:00,4.96e-06,5e-06,5e-06,4.99e-06,35812143661
1769576400,2026-01-28 05:00:00,4.96e-06,5.02e-06,5e-06,5.02e-06,23212262083
1769580000,2026-01-28 06:00:00,5.02e-06,5.1e-06,5.03e-06,5.07e-06,165106500828
1769583600,2026-01-28 07:00:00,5.02e-06,5.09e-06,5.07e-06,5.03e-06,24823311068
1769587200,2026-01-28 08:00:00,4.98e-06,5.03e-06,5.03e-06,5e-06,20953384280
1769590800,2026-01-28 09:00:00,4.99e-06,5.08e-06,5e-06,5.06e-06,33864381627
1769594400,2026-01-28 10:00:00,5.05e-06,5.1e-06,5.07e-06,5.05e-06,29495854072
1769598000,2026-01-28 11:00:00,5.02e-06,5.1e-06,5.05e-06,5.09e-06,35145001392
1769601600,2026-01-28 12:00:00,5e-06,5.09e-06,5.09e-06,5.03e-06,43385661929
1769605200,2026-01-28 13:00:00,4.99e-06,5.05e-06,5.03e-06,5e-06,77883941563
1769608800,2026-01-28 14:00:00,4.95e-06,5e-06,5e-06,4.98e-06,61028053996
1769612400,2026-01-28 15:00:00,4.92e-06,5.01e-06,4.99e-06,4.94e-06,59834505177
1769616000,2026-01-28 16:00:00,4.91e-06,4.98e-06,4.94e-06,4.95e-06,54812212722
1769619600,2026-01-28 17:00:00,4.91e-06,5.05e-06,4.97e-06,5.01e-06,134751941120
1769623200,2026-01-28 18:00:00,4.95e-06,5e-06,5e-06,4.98e-06,47294196833
1769626800,2026-01-28 19:00:00,4.95e-06,5.02e-06,4.99e-06,4.99e-06,105144583538
1769630400,2026-01-28 20:00:00,4.96e-06,5.05e-06,4.99e-06,4.98e-06,54629416115
1769634000,2026-01-28 21:00:00,4.93e-06,5.01e-06,4.98e-06,4.99e-06,53800682796
1769637600,2026-01-28 22:00:00,4.96e-06,5.04e-06,4.99e-06,5.02e-06,53255720411
1769641200,2026-01-28 23:00:00,4.96e-06,5.03e-06,5.02e-06,4.98e-06,72315649439
1769644800,2026-01-29 00:00:00,4.81e-06,4.98e-06,4.98e-06,4.9e-06,382525662825
1769648400,2026-01-29 01:00:00,4.86e-06,4.93e-06,4.9e-06,4.87e-06,63000070773
1769652000,2026-01-29 02:00:00,4.76e-06,4.89e-06,4.88e-06,4.81e-06,71582393745
1769655600,2026-01-29 03:00:00,4.79e-06,4.84e-06,4.8e-06,4.81e-06,40229780538
1769659200,2026-01-29 04:00:00,4.78e-06,4.83e-06,4.81e-06,4.81e-06,41572173291
1769662800,2026-01-29 05:00:00,4.8e-06,4.83e-06,4.81e-06,4.8e-06,15127218692
1769666400,2026-01-29 06:00:00,4.81e-06,4.84e-06,4.81e-06,4.83e-06,17052063777
1769670000,2026-01-29 07:00:00,4.83e-06,4.85e-06,4.83e-06,4.83e-06,22683233149
1769673600,2026-01-29 08:00:00,4.81e-06,4.86e-06,4.83e-06,4.83e-06,15189738162
1769677200,2026-01-29 09:00:00,4.82e-06,4.83e-06,4.83e-06,4.82e-06,8573906095
1769680800,2026-01-29 10:00:00,4.81e-06,4.83e-06,4.82e-06,4.81e-06,15417876188
1769684400,2026-01-29 11:00:00,4.79e-06,4.82e-06,4.81e-06,4.79e-06,29497024326
1769688000,2026-01-29 12:00:00,4.76e-06,4.81e-06,4.8e-06,4.78e-06,28118402247
1769691600,2026-01-29 13:00:00,4.78e-06,4.82e-06,4.78e-06,4.82e-06,18129259219
1769695200,2026-01-29 14:00:00,4.72e-06,4.83e-06,4.82e-06,4.72e-06,84972692106
1769698800,2026-01-29 15:00:00,4.62e-06,4.73e-06,4.71e-06,4.67e-06,169599950744
1769702400,2026-01-29 16:00:00,4.61e-06,4.75e-06,4.67e-06,4.75e-06,134787068892
1769706000,2026-01-29 17:00:00,4.72e-06,4.84e-06,4.75e-06,4.73e-06,86597698387
1769709600,2026-01-29 18:00:00,4.6e-06,4.74e-06,4.74e-06,4.61e-06,114712083578
1769713200,2026-01-29 19:00:00,4.59e-06,4.69e-06,4.61e-06,4.66e-06,70014967490
1769716800,2026-01-29 20:00:00,4.64e-06,4.71e-06,4.65e-06,4.7e-06,28651782841
1769720400,2026-01-29 21:00:00,4.69e-06,4.73e-06,4.7e-06,4.72e-06,40937698542
1769724000,2026-01-29 22:00:00,4.7e-06,4.74e-06,4.72e-06,4.72e-06,23754608987
1769727600,2026-01-29 23:00:00,4.69e-06,4.74e-06,4.72e-06,4.73e-06,38495143638
1769731200,2026-01-30 00:00:00,4.71e-06,4.75e-06,4.73e-06,4.73e-06,14686162613
1769734800,2026-01-30 01:00:00,4.54e-06,4.77e-06,4.74e-06,4.68e-06,181515583938
1769738400,2026-01-30 02:00:00,4.59e-06,4.71e-06,4.68e-06,4.66e-06,84171744695
1769742000,2026-01-30 03:00:00,4.6e-06,4.68e-06,4.66e-06,4.61e-06,70281417796
1769745600,2026-01-30 04:00:00,4.6e-06,4.66e-06,4.61e-06,4.61e-06,38117969777
1769749200,2026-01-30 05:00:00,4.59e-06,4.64e-06,4.61e-06,4.6e-06,24021291282
1769752800,2026-01-30 06:00:00,4.5e-06,4.6e-06,4.6e-06,4.52e-06,71225695290
1769756400,2026-01-30 07:00:00,4.52e-06,4.61e-06,4.52e-06,4.6e-06,47450770639
1769760000,2026-01-30 08:00:00,4.52e-06,4.6e-06,4.6e-06,4.55e-06,23556019344
1769763600,2026-01-30 09:00:00,4.51e-06,4.55e-06,4.55e-06,4.53e-06,29322614655
1769767200,2026-01-30 10:00:00,4.52e-06,4.56e-06,4.54e-06,4.53e-06,10155562415
1769770800,2026-01-30 11:00:00,4.54e-06,4.65e-06,4.54e-06,4.64e-06,50710275940
1769774400,2026-01-30 12:00:00,4.58e-06,4.65e-06,4.65e-06,4.58e-06,44215062362
1769778000,2026-01-30 13:00:00,4.52e-06,4.59e-06,4.59e-06,4.56e-06,71535471889
1769781600,2026-01-30 14:00:00,4.55e-06,4.64e-06,4.55e-06,4.59e-06,79522278542
1769785200,2026-01-30 15:00:00,4.52e-06,4.64e-06,4.6e-06,4.61e-06,45874830050
1769788800,2026-01-30 16:00:00,4.58e-06,4.68e-06,4.61e-06,4.63e-06,41119272506
1769792400,2026-01-30 17:00:00,4.59e-06,4.68e-06,4.62e-06,4.64e-06,44368480882
1769796000,2026-01-30 18:00:00,4.51e-06,4.73e-06,4.64e-06,4.72e-06,100196081012
1769799600,2026-01-30 19:00:00,4.68e-06,4.76e-06,4.72e-06,4.69e-06,51516464599
1769803200,2026-01-30 20:00:00,4.6e-06,4.69e-06,4.68e-06,4.61e-06,87981806670
1769806800,2026-01-30 21:00:00,4.6e-06,4.65e-06,4.61e-06,4.64e-06,52074219533
1769810400,2026-01-30 22:00:00,4.59e-06,4.65e-06,4.64e-06,4.63e-06,47611977499
1769814000,2026-01-30 23:00:00,4.59e-06,4.64e-06,4.64e-06,4.63e-06,26294940945
1769817600,2026-01-31 00:00:00,4.59e-06,4.63e-06,4.63e-06,4.59e-06,43414629465
1769821200,2026-01-31 01:00:00,4.58e-06,4.62e-06,4.59e-06,4.6e-06,8420725156
1769824800,2026-01-31 02:00:00,4.56e-06,4.6e-06,4.6e-06,4.59e-06,47619441111
1769828400,2026-01-31 03:00:00,4.58e-06,4.6e-06,4.59e-06,4.59e-06,3580412024
1769832000,2026-01-31 04:00:00,4.55e-06,4.6e-06,4.6e-06,4.55e-06,13672072970
1769835600,2026-01-31 05:00:00,4.54e-06,4.57e-06,4.55e-06,4.56e-06,13320452991
1769839200,2026-01-31 06:00:00,4.45e-06,4.56e-06,4.54e-06,4.48e-06,39964641400
1769842800,2026-01-31 07:00:00,4.42e-06,4.49e-06,4.49e-06,4.46e-06,36260452042
1769846400,2026-01-31 08:00:00,4.38e-06,4.47e-06,4.46e-06,4.42e-06,99358478947
1769850000,2026-01-31 09:00:00,4.4e-06,4.46e-06,4.42e-06,4.43e-06,20382222518
1769853600,2026-01-31 10:00:00,4.4e-06,4.45e-06,4.43e-06,4.43e-06,5917583298
1769857200,2026-01-31 11:00:00,4.4e-06,4.43e-06,4.43e-06,4.4e-06,9065400389
1769860800,2026-01-31 12:00:00,4.38e-06,4.42e-06,4.4e-06,4.39e-06,39600438789
1769864400,2026-01-31 13:00:00,4.32e-06,4.4e-06,4.38e-06,4.35e-06,75657934226
1769868000,2026-01-31 14:00:00,4.15e-06,4.37e-06,4.35e-06,4.24e-06,396079494117
1769871600,2026-01-31 15:00:00,4.22e-06,4.29e-06,4.24e-06,4.24e-06,67667787683
1769875200,2026-01-31 16:00:00,4.18e-06,4.28e-06,4.24e-06,4.2e-06,145298304378
1769878800,2026-01-31 17:00:00,3.97e-06,4.21e-06,4.2e-06,4.08e-06,281835567774
1769882400,2026-01-31 18:00:00,3.82e-06,4.11e-06,4.08e-06,4.03e-06,413386281180
1769886000,2026-01-31 19:00:00,4.02e-06,4.11e-06,4.03e-06,4.05e-06,187935466814
1769889600,2026-01-31 20:00:00,3.99e-06,4.07e-06,4.06e-06,4.05e-06,51315902764
1769893200,2026-01-31 21:00:00,4.04e-06,4.14e-06,4.06e-06,4.11e-06,125262668888
1769896800,2026-01-31 22:00:00,4.05e-06,4.12e-06,4.11e-06,4.07e-06,37763738591
1769900400,2026-01-31 23:00:00,4.06e-06,4.17e-06,4.07e-06,4.15e-06,81826599229
1769904000,2026-02-01 00:00:00,4.13e-06,4.2e-06,4.14e-06,4.16e-06,41950683266
1769907600,2026-02-01 01:00:00,4.1e-06,4.17e-06,4.16e-06,4.16e-06,32837999136
1769911200,2026-02-01 02:00:00,4.14e-06,4.18e-06,4.17e-06,4.17e-06,74225229631
1769914800,2026-02-01 03:00:00,4.16e-06,4.19e-06,4.17e-06,4.19e-06,63878716812
1769918400,2026-02-01 04:00:00,4.19e-06,4.24e-06,4.2e-06,4.22e-06,40698874339
1769922000,2026-02-01 05:00:00,4.18e-06,4.24e-06,4.22e-06,4.2e-06,40425052778
1769925600,2026-02-01 06:00:00,4.18e-06,4.23e-06,4.2e-06,4.21e-06,9396918450
1769929200,2026-02-01 07:00:00,4.19e-06,4.31e-06,4.21e-06,4.26e-06,28412896077
1769932800,2026-02-01 08:00:00,4.22e-06,4.27e-06,4.26e-06,4.23e-06,20405768319
1769936400,2026-02-01 09:00:00,4.2e-06,4.3e-06,4.22e-06,4.28e-06,15618420367
1769940000,2026-02-01 10:00:00,4.21e-06,4.3e-06,4.29e-06,4.22e-06,46105759956
1769943600,2026-02-01 11:00:00,4.22e-06,4.29e-06,4.22e-06,4.27e-06,17121429659
1769947200,2026-02-01 12:00:00,4.23e-06,4.28e-06,4.27e-06,4.25e-06,30836721711
1769950800,2026-02-01 13:00:00,4.25e-06,4.29e-06,4.25e-06,4.28e-06,35035150573
1769954400,2026-02-01 14:00:00,4.18e-06,4.31e-06,4.28e-06,4.26e-06,117733171845
1769958000,2026-02-01 15:00:00,4.11e-06,4.26e-06,4.26e-06,4.18e-06,117113338150
1769961600,2026-02-01 16:00:00,4.15e-06,4.24e-06,4.18e-06,4.18e-06,64820524157
1769965200,2026-02-01 17:00:00,4.11e-06,4.2e-06,4.17e-06,4.18e-06,26974460392
1769968800,2026-02-01 18:00:00,4.18e-06,4.31e-06,4.18e-06,4.26e-06,85912971067
1769972400,2026-02-01 19:00:00,4.16e-06,4.28e-06,4.27e-06,4.18e-06,62174299604
1769976000,2026-02-01 20:00:00,4.14e-06,4.26e-06,4.18e-06,4.22e-06,59151402122
1769979600,2026-02-01 21:00:00,4.17e-06,4.22e-06,4.22e-06,4.19e-06,44528605957
1769983200,2026-02-01 22:00:00,4.18e-06,4.27e-06,4.2e-06,4.21e-06,68809332242
1769986800,2026-02-01 23:00:00,4.07e-06,4.24e-06,4.2e-06,4.17e-06,103585671128
1769990400,2026-02-02 00:00:00,4.12e-06,4.24e-06,4.17e-06,4.2e-06,96982269998
1769994000,2026-02-02 01:00:00,4.13e-06,4.25e-06,4.2e-06,4.2e-06,62948881329
1769997600,2026-02-02 02:00:00,4.16e-06,4.21e-06,4.2e-06,4.16e-06,57462482989
1770001200,2026-02-02 03:00:00,3.99e-06,4.17e-06,4.16e-06,4.16e-06,198026854218
1770004800,2026-02-02 04:00:00,4.07e-06,4.2e-06,4.16e-06,4.12e-06,130624659405
1770008400,2026-02-02 05:00:00,4.01e-06,4.14e-06,4.12e-06,4.04e-06,45942275679
1770012000,2026-02-02 06:00:00,3.97e-06,4.16e-06,4.04e-06,4.08e-06,159898907405
1770015600,2026-02-02 07:00:00,4.07e-06,4.13e-06,4.09e-06,4.07e-06,62261689264
1770019200,2026-02-02 08:00:00,4.07e-06,4.14e-06,4.07e-06,4.12e-06,54687757289
1770022800,2026-02-02 09:00:00,4.08e-06,4.17e-06,4.12e-06,4.15e-06,67508363021
1770026400,2026-02-02 10:00:00,4.15e-06,4.19e-06,4.15e-06,4.17e-06,16649511483
1770030000,2026-02-02 11:00:00,4.16e-06,4.2e-06,4.17e-06,4.17e-06,32801244820
1770033600,2026-02-02 12:00:00,4.17e-06,4.21e-06,4.17e-06,4.2e-06,41842988261
1770037200,2026-02-02 13:00:00,4.19e-06,4.24e-06,4.2e-06,4.22e-06,30287865185
1770040800,2026-02-02 14:00:00,4.18e-06,4.34e-06,4.22e-06,4.31e-06,402351866055
1770044400,2026-02-02 15:00:00,4.29e-06,4.38e-06,4.3e-06,4.34e-06,561615581518
1770048000,2026-02-02 16:00:00,4.28e-06,4.35e-06,4.34e-06,4.29e-06,57594583343
1770051600,2026-02-02 17:00:00,4.25e-06,4.31e-06,4.28e-06,4.26e-06,23405457321
1770055200,2026-02-02 18:00:00,4.23e-06,4.3e-06,4.27e-06,4.27e-06,25322437266
1770058800,2026-02-02 19:00:00,4.22e-06,4.28e-06,4.27e-06,4.23e-06,31722557368
1770062400,2026-02-02 20:00:00,4.22e-06,4.25e-06,4.23e-06,4.24e-06,239157827537
1770066000,2026-02-02 21:00:00,4.24e-06,4.26e-06,4.24e-06,4.26e-06,30728300604
1770069600,2026-02-02 22:00:00,4.26e-06,4.29e-06,4.26e-06,4.27e-06,12484471750
1770073200,2026-02-02 23:00:00,4.24e-06,4.28e-06,4.27e-06,4.26e-06,15701675331
1770076800,2026-02-03 00:00:00,4.21e-06,4.27e-06,4.25e-06,4.27e-06,18155480439
1770080400,2026-02-03 01:00:00,4.24e-06,4.27e-06,4.26e-06,4.25e-06,8934463375
1770084000,2026-02-03 02:00:00,4.17e-06,4.25e-06,4.25e-06,4.18e-06,52786729219
1770087600,2026-02-03 03:00:00,4.16e-06,4.25e-06,4.17e-06,4.24e-06,22882948422
1770091200,2026-02-03 04:00:00,4.23e-06,4.29e-06,4.24e-06,4.26e-06,9950469376
1770094800,2026-02-03 05:00:00,4.22e-06,4.26e-06,4.26e-06,4.22e-06,16493743513
1770098400,2026-02-03 06:00:00,4.19e-06,4.24e-06,4.22e-06,4.22e-06,14031222889
1770102000,2026-02-03 07:00:00,4.21e-06,4.25e-06,4.22e-06,4.24e-06,13240585308
1770105600,2026-02-03 08:00:00,4.2e-06,4.24e-06,4.23e-06,4.2e-06,7741526006
1770109200,2026-02-03 09:00:00,4.14e-06,4.22e-06,4.22e-06,4.17e-06,51531350390
1770112800,2026-02-03 10:00:00,4.16e-06,4.19e-06,4.16e-06,4.17e-06,9983531371
1770116400,2026-02-03 11:00:00,4.17e-06,4.2e-06,4.17e-06,4.19e-06,13540784106
1770120000,2026-02-03 12:00:00,4.18e-06,4.27e-06,4.19e-06,4.25e-06,12291571269
1770123600,2026-02-03 13:00:00,4.24e-06,4.29e-06,4.25e-06,4.29e-06,42237829474
1770127200,2026-02-03 14:00:00,4.19e-06,4.29e-06,4.29e-06,4.2e-06,40231917201
1770130800,2026-02-03 15:00:00,4.18e-06,4.41e-06,4.2e-06,4.37e-06,100473376113
1770134400,2026-02-03 16:00:00,4.23e-06,4.37e-06,4.37e-06,4.25e-06,75857089278
1770138000,2026-02-03 17:00:00,4.08e-06,4.26e-06,4.25e-06,4.08e-06,61820122885
1770141600,2026-02-03 18:00:00,4e-06,4.1e-06,4.08e-06,4.01e-06,130694289942
1770145200,2026-02-03 19:00:00,4e-06,4.22e-06,4e-06,4.19e-06,724112031708
1770148800,2026-02-03 20:00:00,4.12e-06,4.38e-06,4.19e-06,4.32e-06,284990947786
1770152400,2026-02-03 21:00:00,4.24e-06,4.35e-06,4.33e-06,4.25e-06,73620674364
1770156000,2026-02-03 22:00:00,4.16e-06,4.25e-06,4.24e-06,4.17e-06,43860536580
1770159600,2026-02-03 23:00:00,4.1e-06,4.18e-06,4.17e-06,4.11e-06,52425871901
1770163200,2026-02-04 00:00:00,4.09e-06,4.17e-06,4.11e-06,4.15e-06,62027070903
1770166800,2026-02-04 01:00:00,4.16e-06,4.24e-06,4.16e-06,4.2e-06,32310977356
1770170400,2026-02-04 02:00:00,4.15e-06,4.21e-06,4.2e-06,4.17e-06,25441723579
1770174000,2026-02-04 03:00:00,4.17e-06,4.28e-06,4.17e-06,4.26e-06,101804190951
1770177600,2026-02-04 04:00:00,4.25e-06,4.27e-06,4.26e-06,4.26e-06,20969568105
1770181200,2026-02-04 05:00:00,4.22e-06,4.27e-06,4.26e-06,4.23e-06,37841141629
1770184800,2026-02-04 06:00:00,4.23e-06,4.27e-06,4.23e-06,4.25e-06,16328778522
1770188400,2026-02-04 07:00:00,4.21e-06,4.25e-06,4.25e-06,4.23e-06,12351257387
1770192000,2026-02-04 08:00:00,4.21e-06,4.27e-06,4.24e-06,4.26e-06,8316148647
1770195600,2026-02-04 09:00:00,4.21e-06,4.26e-06,4.25e-06,4.23e-06,13108485469
1770199200,2026-02-04 10:00:00,4.22e-06,4.24e-06,4.23e-06,4.22e-06,18090053970
1770202800,2026-02-04 11:00:00,4.16e-06,4.22e-06,4.22e-06,4.19e-06,39742338412
1770206400,2026-02-04 12:00:00,4.16e-06,4.21e-06,4.18e-06,4.18e-06,15390657267
1770210000,2026-02-04 13:00:00,4.11e-06,4.2e-06,4.18e-06,4.11e-06,54301345155
1770213600,2026-02-04 14:00:00,4.05e-06,4.15e-06,4.11e-06,4.06e-06,132599161335
1770217200,2026-02-04 15:00:00,4e-06,4.11e-06,4.06e-06,4.05e-06,124901857823
1770220800,2026-02-04 16:00:00,4.01e-06,4.08e-06,4.05e-06,4.06e-06,89920518385
1770224400,2026-02-04 17:00:00,4.03e-06,4.11e-06,4.06e-06,4.11e-06,104797449731
1770228000,2026-02-04 18:00:00,4.05e-06,4.25e-06,4.1e-06,4.21e-06,175600961117
1770231600,2026-02-04 19:00:00,4.17e-06,4.31e-06,4.21e-06,4.3e-06,115947875074
1770235200,2026-02-04 20:00:00,4.25e-06,4.31e-06,4.3e-06,4.28e-06,52152657547
1770238800,2026-02-04 21:00:00,4.16e-06,4.28e-06,4.28e-06,4.2e-06,28847906676
1770242400,2026-02-04 22:00:00,4.12e-06,4.27e-06,4.19e-06,4.17e-06,87869503731
1770246000,2026-02-04 23:00:00,4.14e-06,4.24e-06,4.17e-06,4.2e-06,90739606649
1770249600,2026-02-05 00:00:00,4.15e-06,4.21e-06,4.2e-06,4.15e-06,43647503397
1770253200,2026-02-05 01:00:00,4.1e-06,4.19e-06,4.16e-06,4.11e-06,50973053572
1770256800,2026-02-05 02:00:00,4.06e-06,4.14e-06,4.11e-06,4.08e-06,101025249561
1770260400,2026-02-05 03:00:00,4.06e-06,4.11e-06,4.08e-06,4.08e-06,101701973432
1770264000,2026-02-05 04:00:00,4.06e-06,4.12e-06,4.09e-06,4.07e-06,78264002326
1770267600,2026-02-05 05:00:00,4.02e-06,4.11e-06,4.06e-06,4.07e-06,118927308258
1770271200,2026-02-05 06:00:00,4.02e-06,4.08e-06,4.08e-06,4.02e-06,78898191737
1770274800,2026-02-05 07:00:00,3.99e-06,4.07e-06,4.02e-06,4e-06,103065780124
1770278400,2026-02-05 08:00:00,4.01e-06,4.08e-06,4.01e-06,4.05e-06,52614112227
1770282000,2026-02-05 09:00:00,4.04e-06,4.1e-06,4.05e-06,4.06e-06,31213404734
1770285600,2026-02-05 10:00:00,3.93e-06,4.06e-06,4.05e-06,3.95e-06,112447916688
1770289200,2026-02-05 11:00:00,3.83e-06,3.96e-06,3.95e-06,3.9e-06,205023141996
1770292800,2026-02-05 12:00:00,3.86e-06,3.92e-06,3.89e-06,3.89e-06,72118845724
1770296400,2026-02-05 13:00:00,3.86e-06,3.92e-06,3.9e-06,3.87e-06,79753713307
1770300000,2026-02-05 14:00:00,3.85e-06,3.95e-06,3.87e-06,3.86e-06,76189490685
1770303600,2026-02-05 15:00:00,3.61e-06,3.87e-06,3.86e-06,3.71e-06,269842662256
1770307200,2026-02-05 16:00:00,3.67e-06,3.77e-06,3.7e-06,3.74e-06,203036281891
1770310800,2026-02-05 17:00:00,3.61e-06,3.74e-06,3.74e-06,3.65e-06,184272856043
1770314400,2026-02-05 18:00:00,3.6e-06,3.69e-06,3.64e-06,3.68e-06,93778212908
1770318000,2026-02-05 19:00:00,3.61e-06,3.69e-06,3.68e-06,3.62e-06,84660356026
1770321600,2026-02-05 20:00:00,3.44e-06,3.65e-06,3.63e-06,3.55e-06,231700138209
1770325200,2026-02-05 21:00:00,3.51e-06,3.64e-06,3.55e-06,3.52e-06,124633536967
1770328800,2026-02-05 22:00:00,3.47e-06,3.58e-06,3.53e-06,3.52e-06,108606175879
1770332400,2026-02-05 23:00:00,3.4e-06,3.57e-06,3.52e-06,3.43e-06,167988348784
1770336000,2026-02-06 00:00:00,3.1e-06,3.46e-06,3.43e-06,3.41e-06,585485277064
1770339600,2026-02-06 01:00:00,3.39e-06,3.54e-06,3.41e-06,3.52e-06,237913802588
1770343200,2026-02-06 02:00:00,3.44e-06,3.56e-06,3.52e-06,3.45e-06,108148039975
1770346800,2026-02-06 03:00:00,3.44e-06,3.5e-06,3.46e-06,3.47e-06,68537759548
1770350400,2026-02-06 04:00:00,3.46e-06,3.55e-06,3.47e-06,3.54e-06,72869595690
1770354000,2026-02-06 05:00:00,3.53e-06,3.75e-06,3.54e-06,3.74e-06,141306371212
1770357600,2026-02-06 06:00:00,3.63e-06,3.74e-06,3.73e-06,3.63e-06,60184677961
1770361200,2026-02-06 07:00:00,3.58e-06,3.64e-06,3.64e-06,3.59e-06,68559585420
1770364800,2026-02-06 08:00:00,3.54e-06,3.61e-06,3.59e-06,3.57e-06,78788344786
1770368400,2026-02-06 09:00:00,3.55e-06,3.66e-06,3.56e-06,3.64e-06,56164022951
1770372000,2026-02-06 10:00:00,3.63e-06,3.7e-06,3.64e-06,3.69e-06,40178972674
1770375600,2026-02-06 11:00:00,3.66e-06,3.7e-06,3.68e-06,3.67e-06,73723400878
1770379200,2026-02-06 12:00:00,3.64e-06,3.68e-06,3.67e-06,3.66e-06,20014597339
1770382800,2026-02-06 13:00:00,3.66e-06,3.73e-06,3.67e-06,3.71e-06,83231446841
1770386400,2026-02-06 14:00:00,3.68e-06,3.82e-06,3.71e-06,3.78e-06,206839530217
1770390000,2026-02-06 15:00:00,3.74e-06,3.8e-06,3.77e-06,3.78e-06,110603376913
1770393600,2026-02-06 16:00:00,3.77e-06,3.93e-06,3.79e-06,3.9e-06,181447830872
1770397200,2026-02-06 17:00:00,3.87e-06,4e-06,3.89e-06,3.94e-06,123474354820
1770400800,2026-02-06 18:00:00,3.83e-06,3.94e-06,3.94e-06,3.86e-06,114785817547
1770404400,2026-02-06 19:00:00,3.84e-06,3.91e-06,3.87e-06,3.89e-06,58516272033
1770408000,2026-02-06 20:00:00,3.85e-06,3.91e-06,3.89e-06,3.88e-06,53504000905
1770411600,2026-02-06 21:00:00,3.86e-06,3.91e-06,3.88e-06,3.91e-06,33130980368
1770415200,2026-02-06 22:00:00,3.91e-06,3.96e-06,3.92e-06,3.95e-06,59360858765
1770418800,2026-02-06 23:00:00,3.9e-06,3.97e-06,3.96e-06,3.91e-06,42640514164
1770422400,2026-02-07 00:00:00,3.86e-06,3.91e-06,3.91e-06,3.88e-06,59549813256
1770426000,2026-02-07 01:00:00,3.84e-06,3.91e-06,3.88e-06,3.91e-06,43416166452
1770429600,2026-02-07 02:00:00,3.89e-06,3.93e-06,3.9e-06,3.9e-06,24475350584
1770433200,2026-02-07 03:00:00,3.89e-06,3.94e-06,3.9e-06,3.9e-06,31925057715
1770436800,2026-02-07 04:00:00,3.88e-06,3.93e-06,3.9e-06,3.89e-06,28683631614
1770440400,2026-02-07 05:00:00,3.88e-06,3.93e-06,3.89e-06,3.89e-06,22526211500
1770444000,2026-02-07 06:00:00,3.82e-06,3.91e-06,3.89e-06,3.82e-06,29380998056
1770447600,2026-02-07 07:00:00,3.73e-06,3.83e-06,3.83e-06,3.78e-06,61568473758
1770451200,2026-02-07 08:00:00,3.76e-06,3.8e-06,3.78e-06,3.79e-06,20608823250
1770454800,2026-02-07 09:00:00,3.75e-06,3.82e-06,3.79e-06,3.78e-06,14109102859
1770458400,2026-02-07 10:00:00,3.76e-06,3.79e-06,3.77e-06,3.79e-06,14452954717
1770462000,2026-02-07 11:00:00,3.75e-06,3.79e-06,3.79e-06,3.76e-06,9556163238
1770465600,2026-02-07 12:00:00,3.75e-06,3.87e-06,3.75e-06,3.84e-06,24428431645
1770469200,2026-02-07 13:00:00,3.78e-06,3.85e-06,3.84e-06,3.8e-06,15905512496
1770472800,2026-02-07 14:00:00,3.74e-06,3.8e-06,3.8e-06,3.74e-06,20438909955
1770476400,2026-02-07 15:00:00,3.75e-06,3.82e-06,3.75e-06,3.81e-06,17104888706
1770480000,2026-02-07 16:00:00,3.79e-06,3.93e-06,3.81e-06,3.85e-06,256799464195
1770483600,2026-02-07 17:00:00,3.82e-06,3.86e-06,3.85e-06,3.85e-06,15892109856
1770487200,2026-02-07 18:00:00,3.85e-06,3.93e-06,3.85e-06,3.89e-06,20754964181
1770490800,2026-02-07 19:00:00,3.86e-06,3.9e-06,3.89e-06,3.87e-06,18135454991
1770494400,2026-02-07 20:00:00,3.86e-06,3.91e-06,3.88e-06,3.9e-06,18174712032
1770498000,2026-02-07 21:00:00,3.86e-06,3.9e-06,3.9e-06,3.87e-06,21223345043
1770501600,2026-02-07 22:00:00,3.84e-06,3.88e-06,3.87e-06,3.85e-06,7772360190
1770505200,2026-02-07 23:00:00,3.84e-06,3.87e-06,3.85e-06,3.86e-06,21053617204
1770508800,2026-02-08 00:00:00,3.84e-06,3.86e-06,3.86e-06,3.86e-06,21648364979
1770512400,2026-02-08 01:00:00,3.85e-06,3.87e-06,3.86e-06,3.85e-06,16528104611
1770516000,2026-02-08 02:00:00,3.81e-06,3.86e-06,3.85e-06,3.83e-06,18650404425
1770519600,2026-02-08 03:00:00,3.78e-06,3.83e-06,3.83e-06,3.78e-06,15228771917
1770523200,2026-02-08 04:00:00,3.78e-06,3.81e-06,3.79e-06,3.8e-06,44011649906
1770526800,2026-02-08 05:00:00,3.8e-06,3.83e-06,3.8e-06,3.81e-06,8832814950
1770530400,2026-02-08 06:00:00,3.79e-06,3.81e-06,3.8e-06,3.79e-06,6922244314
1770534000,2026-02-08 07:00:00,3.77e-06,3.8e-06,3.79e-06,3.8e-06,9555781165
1770537600,2026-02-08 08:00:00,3.8e-06,3.87e-06,3.8e-06,3.85e-06,17305899875
1770541200,2026-02-08 09:00:00,3.81e-06,3.87e-06,3.85e-06,3.83e-06,11149598633
1770544800,2026-02-08 10:00:00,3.78e-06,3.84e-06,3.83e-06,3.79e-06,9091646287
1770548400,2026-02-08 11:00:00,3.79e-06,3.93e-06,3.8e-06,3.9e-06,562742449669
1770552000,2026-02-08 12:00:00,3.87e-06,3.93e-06,3.89e-06,3.89e-06,407065519194
1770555600,2026-02-08 13:00:00,3.87e-06,3.91e-06,3.89e-06,3.9e-06,37798193892
1770559200,2026-02-08 14:00:00,3.87e-06,3.91e-06,3.89e-06,3.88e-06,14917911804
1770562800,2026-02-08 15:00:00,3.82e-06,3.9e-06,3.89e-06,3.83e-06,37319860180
1770566400,2026-02-08 16:00:00,3.73e-06,3.85e-06,3.83e-06,3.75e-06,79795588830
1770570000,2026-02-08 17:00:00,3.73e-06,3.78e-06,3.75e-06,3.75e-06,519705704538
1770573600,2026-02-08 18:00:00,3.74e-06,3.8e-06,3.75e-06,3.78e-06,289176796852
1770577200,2026-02-08 19:00:00,3.76e-06,3.81e-06,3.77e-06,3.79e-06,18678317334
1770580800,2026-02-08 20:00:00,3.73e-06,3.79e-06,3.79e-06,3.74e-06,21620866827
1770584400,2026-02-08 21:00:00,3.71e-06,3.77e-06,3.74e-06,3.73e-06,17971603577
1770588000,2026-02-08 22:00:00,3.73e-06,3.77e-06,3.73e-06,3.76e-06,38164726422
1770591600,2026-02-08 23:00:00,3.73e-06,3.86e-06,3.77e-06,3.77e-06,133887773489
1770595200,2026-02-09 00:00:00,3.75e-06,3.79e-06,3.77e-06,3.77e-06,50990961427
1770598800,2026-02-09 01:00:00,3.74e-06,3.8e-06,3.77e-06,3.77e-06,137505983778
1770602400,2026-02-09 02:00:00,3.76e-06,3.83e-06,3.77e-06,3.8e-06,85614593862
1770606000,2026-02-09 03:00:00,3.79e-06,3.85e-06,3.8e-06,3.84e-06,45246580750
1770609600,2026-02-09 04:00:00,3.81e-06,3.84e-06,3.83e-06,3.82e-06,37696741979
1770613200,2026-02-09 05:00:00,3.8e-06,3.82e-06,3.81e-06,3.81e-06,33625505355
1770616800,2026-02-09 06:00:00,3.75e-06,3.8e-06,3.8e-06,3.77e-06,22388829018
1770620400,2026-02-09 07:00:00,3.74e-06,3.78e-06,3.76e-06,3.75e-06,30112397053
1770624000,2026-02-09 08:00:00,3.67e-06,3.76e-06,3.75e-06,3.7e-06,50274146194
1770627600,2026-02-09 09:00:00,3.66e-06,3.71e-06,3.69e-06,3.67e-06,33930350155
1770631200,2026-02-09 10:00:00,3.62e-06,3.68e-06,3.67e-06,3.64e-06,63100690791
1770634800,2026-02-09 11:00:00,3.64e-06,3.66e-06,3.64e-06,3.66e-06,43445494830
1770638400,2026-02-09 12:00:00,3.66e-06,3.69e-06,3.66e-06,3.68e-06,11948405455
1770642000,2026-02-09 13:00:00,3.65e-06,3.69e-06,3.68e-06,3.65e-06,21797757184
1770645600,2026-02-09 14:00:00,3.66e-06,3.75e-06,3.66e-06,3.74e-06,51466804520
1770649200,2026-02-09 15:00:00,3.7e-06,3.77e-06,3.74e-06,3.76e-06,37286639419
1770652800,2026-02-09 16:00:00,3.74e-06,3.82e-06,3.76e-06,3.8e-06,29511094651
1770656400,2026-02-09 17:00:00,3.78e-06,3.85e-06,3.8e-06,3.83e-06,39573323538
1770660000,2026-02-09 18:00:00,3.78e-06,3.85e-06,3.83e-06,3.8e-06,26963383687
1770663600,2026-02-09 19:00:00,3.79e-06,3.82e-06,3.79e-06,3.81e-06,15138146177
1770667200,2026-02-09 20:00:00,3.78e-06,3.83e-06,3.81e-06,3.81e-06,45228999075
1770670800,2026-02-09 21:00:00,3.76e-06,3.82e-06,3.81e-06,3.81e-06,45302023743
1770674400,2026-02-09 22:00:00,3.81e-06,3.84e-06,3.81e-06,3.83e-06,29613693731
1770678000,2026-02-09 23:00:00,3.81e-06,3.85e-06,3.82e-06,3.82e-06,32156934304
1770681600,2026-02-10 00:00:00,3.8e-06,3.82e-06,3.82e-06,3.81e-06,9448048158
1770685200,2026-02-10 01:00:00,3.8e-06,3.84e-06,3.8e-06,3.82e-06,8504892778
1770688800,2026-02-10 02:00:00,3.79e-06,3.83e-06,3.82e-06,3.8e-06,11922208155
1770692400,2026-02-10 03:00:00,3.73e-06,3.81e-06,3.81e-06,3.75e-06,48263963023
1770696000,2026-02-10 04:00:00,3.75e-06,3.79e-06,3.75e-06,3.78e-06,25998880723
1770699600,2026-02-10 05:00:00,3.74e-06,3.79e-06,3.79e-06,3.74e-06,34703909379
1770703200,2026-02-10 06:00:00,3.66e-06,3.75e-06,3.74e-06,3.67e-06,48956133035
1770706800,2026-02-10 07:00:00,3.66e-06,3.7e-06,3.69e-06,3.67e-06,23380578555
1770710400,2026-02-10 08:00:00,3.66e-06,3.69e-06,3.67e-06,3.68e-06,31937974586
1770714000,2026-02-10 09:00:00,3.68e-06,3.7e-06,3.68e-06,3.68e-06,29483297110
1770717600,2026-02-10 10:00:00,3.65e-06,3.69e-06,3.68e-06,3.66e-06,21729648893
1770721200,2026-02-10 11:00:00,3.63e-06,3.66e-06,3.66e-06,3.64e-06,46073622165
1770724800,2026-02-10 12:00:00,3.62e-06,3.65e-06,3.64e-06,3.63e-06,28925446279
1770728400,2026-02-10 13:00:00,3.62e-06,3.67e-06,3.63e-06,3.65e-06,31177963469
1770732000,2026-02-10 14:00:00,3.63e-06,3.68e-06,3.65e-06,3.64e-06,64091627766
1770735600,2026-02-10 15:00:00,3.63e-06,3.67e-06,3.64e-06,3.64e-06,41553451239
1770739200,2026-02-10 16:00:00,3.61e-06,3.67e-06,3.63e-06,3.65e-06,42888129678
1770742800,2026-02-10 17:00:00,3.64e-06,3.71e-06,3.65e-06,3.69e-06,41466371857
1770746400,2026-02-10 18:00:00,3.6e-06,3.68e-06,3.68e-06,3.63e-06,68848728246
1770750000,2026-02-10 19:00:00,3.61e-06,3.67e-06,3.63e-06,3.65e-06,39535339827
1770753600,2026-02-10 20:00:00,3.64e-06,3.67e-06,3.65e-06,3.65e-06,69180676121
1770757200,2026-02-10 21:00:00,3.63e-06,3.67e-06,3.65e-06,3.66e-06,28092541346
1770760800,2026-02-10 22:00:00,3.63e-06,3.67e-06,3.66e-06,3.64e-06,19663793419
1770764400,2026-02-10 23:00:00,3.63e-06,3.66e-06,3.64e-06,3.65e-06,20266910324
1770768000,2026-02-11 00:00:00,3.65e-06,3.68e-06,3.65e-06,3.67e-06,5925632704
1770771600,2026-02-11 01:00:00,3.66e-06,3.68e-06,3.66e-06,3.68e-06,16525110101
1770775200,2026-02-11 02:00:00,3.67e-06,3.71e-06,3.68e-06,3.68e-06,29948842591
1770778800,2026-02-11 03:00:00,3.63e-06,3.69e-06,3.67e-06,3.67e-06,22555088386
1770782400,2026-02-11 04:00:00,3.6e-06,3.68e-06,3.67e-06,3.62e-06,47357152263
1770786000,2026-02-11 05:00:00,3.58e-06,3.64e-06,3.62e-06,3.58e-06,25584634495
1770789600,2026-02-11 06:00:00,3.52e-06,3.6e-06,3.59e-06,3.54e-06,36101800603
1770793200,2026-02-11 07:00:00,3.53e-06,3.57e-06,3.54e-06,3.55e-06,18784702610
1770796800,2026-02-11 08:00:00,3.53e-06,3.55e-06,3.55e-06,3.55e-06,14608810092
1770800400,2026-02-11 09:00:00,3.52e-06,3.55e-06,3.55e-06,3.53e-06,9327000871
1770804000,2026-02-11 10:00:00,3.5e-06,3.55e-06,3.54e-06,3.52e-06,24413088980
1770807600,2026-02-11 11:00:00,3.52e-06,3.55e-06,3.53e-06,3.54e-06,14098166806
1770811200,2026-02-11 12:00:00,3.53e-06,3.58e-06,3.53e-06,3.57e-06,25182881466
1770814800,2026-02-11 13:00:00,3.54e-06,3.62e-06,3.57e-06,3.62e-06,27521976021
1770818400,2026-02-11 14:00:00,3.53e-06,3.74e-06,3.62e-06,3.53e-06,97724113020
1770822000,2026-02-11 15:00:00,3.46e-06,3.55e-06,3.53e-06,3.5e-06,76377926880
1770825600,2026-02-11 16:00:00,3.49e-06,3.58e-06,3.5e-06,3.5e-06,34257223522
1770829200,2026-02-11 17:00:00,3.49e-06,3.58e-06,3.5e-06,3.53e-06,27902200392
1770832800,2026-02-11 18:00:00,3.51e-06,3.63e-06,3.54e-06,3.61e-06,243950903836
1770836400,2026-02-11 19:00:00,3.59e-06,3.64e-06,3.61e-06,3.59e-06,377963191561
1770840000,2026-02-11 20:00:00,3.58e-06,3.63e-06,3.59e-06,3.61e-06,61402968494
1770843600,2026-02-11 21:00:00,3.6e-06,3.66e-06,3.61e-06,3.63e-06,44422143335
1770847200,2026-02-11 22:00:00,3.57e-06,3.64e-06,3.63e-06,3.57e-06,15030243340
1770850800,2026-02-11 23:00:00,3.52e-06,3.58e-06,3.57e-06,3.57e-06,26244793448
1770854400,2026-02-12 00:00:00,3.57e-06,3.62e-06,3.58e-06,3.61e-06,29099113972
1770858000,2026-02-12 01:00:00,3.61e-06,3.64e-06,3.61e-06,3.61e-06,47352262843
1770861600,2026-02-12 02:00:00,3.59e-06,3.63e-06,3.61e-06,3.61e-06,133005751263
1770865200,2026-02-12 03:00:00,3.6e-06,3.63e-06,3.61e-06,3.63e-06,16812751649
1770868800,2026-02-12 04:00:00,3.61e-06,3.65e-06,3.62e-06,3.63e-06,14442802323
1770872400,2026-02-12 05:00:00,3.61e-06,3.68e-06,3.63e-06,3.66e-06,26074889223
1770876000,2026-02-12 06:00:00,3.66e-06,3.7e-06,3.66e-06,3.67e-06,41078887352
1770879600,2026-02-12 07:00:00,3.66e-06,3.7e-06,3.67e-06,3.69e-06,12574921762
1770883200,2026-02-12 08:00:00,3.67e-06,3.71e-06,3.69e-06,3.68e-06,9834668363
1770886800,2026-02-12 09:00:00,3.68e-06,3.72e-06,3.68e-06,3.71e-06,22587944434
1770890400,2026-02-12 10:00:00,3.7e-06,3.76e-06,3.71e-06,3.75e-06,29490240440
1770894000,2026-02-12 11:00:00,3.72e-06,3.76e-06,3.76e-06,3.73e-06,16232353962
1770897600,2026-02-12 12:00:00,3.68e-06,3.73e-06,3.73e-06,3.7e-06,16534612895
1770901200,2026-02-12 13:00:00,3.69e-06,3.76e-06,3.69e-06,3.75e-06,77734933053
1770904800,2026-02-12 14:00:00,3.71e-06,3.76e-06,3.75e-06,3.73e-06,32298769389
1770908400,2026-02-12 15:00:00,3.68e-06,3.75e-06,3.74e-06,3.69e-06,33092931520
1770912000,2026-02-12 16:00:00,3.61e-06,3.69e-06,3.69e-06,3.62e-06,96110062575
1770915600,2026-02-12 17:00:00,3.6e-06,3.65e-06,3.62e-06,3.6e-06,48953065625
1770919200,2026-02-12 18:00:00,3.59e-06,3.65e-06,3.6e-06,3.63e-06,46916426651
1770922800,2026-02-12 19:00:00,3.63e-06,3.69e-06,3.64e-06,3.65e-06,44321909273
1770926400,2026-02-12 20:00:00,3.6e-06,3.66e-06,3.65e-06,3.61e-06,20442568814
1770930000,2026-02-12 21:00:00,3.61e-06,3.64e-06,3.62e-06,3.63e-06,20904115760
1770933600,2026-02-12 22:00:00,3.61e-06,3.69e-06,3.63e-06,3.69e-06,34455342936
1770937200,2026-02-12 23:00:00,3.68e-06,3.74e-06,3.68e-06,3.72e-06,31995966154
1770940800,2026-02-13 00:00:00,3.66e-06,3.73e-06,3.72e-06,3.68e-06,48007776031
1770944400,2026-02-13 01:00:00,3.67e-06,3.71e-06,3.68e-06,3.69e-06,28858707874
1770948000,2026-02-13 02:00:00,3.68e-06,3.73e-06,3.69e-06,3.71e-06,19028238529
1770951600,2026-02-13 03:00:00,3.68e-06,3.72e-06,3.71e-06,3.69e-06,10336919421
1770955200,2026-02-13 04:00:00,3.67e-06,3.7e-06,3.7e-06,3.67e-06,7980086846
1770958800,2026-02-13 05:00:00,3.65e-06,3.7e-06,3.67e-06,3.66e-06,22595027897
1770962400,2026-02-13 06:00:00,3.63e-06,3.67e-06,3.66e-06,3.67e-06,8597269407
1770966000,2026-02-13 07:00:00,3.67e-06,3.71e-06,3.67e-06,3.68e-06,7687036116
1770969600,2026-02-13 08:00:00,3.68e-06,3.73e-06,3.68e-06,3.71e-06,12604571518
1770973200,2026-02-13 09:00:00,3.69e-06,3.71e-06,3.71e-06,3.7e-06,6894707611
1770976800,2026-02-13 10:00:00,3.68e-06,3.71e-06,3.69e-06,3.69e-06,10304560504
1770980400,2026-02-13 11:00:00,3.67e-06,3.69e-06,3.68e-06,3.67e-06,19893120017
1770984000,2026-02-13 12:00:00,3.66e-06,3.68e-06,3.67e-06,3.67e-06,11685182205
1770987600,2026-02-13 13:00:00,3.65e-06,3.71e-06,3.67e-06,3.68e-06,28903488913
1770991200,2026-02-13 14:00:00,3.65e-06,3.75e-06,3.69e-06,3.72e-06,70325699593
1770994800,2026-02-13 15:00:00,3.71e-06,3.81e-06,3.72e-06,3.74e-06,77017970346
1770998400,2026-02-13 16:00:00,3.73e-06,3.84e-06,3.74e-06,3.8e-06,53546617381
1771002000,2026-02-13 17:00:00,3.78e-06,3.81e-06,3.8e-06,3.78e-06,31844097755
1771005600,2026-02-13 18:00:00,3.76e-06,3.81e-06,3.78e-06,3.8e-06,26970912523
1771009200,2026-02-13 19:00:00,3.79e-06,3.82e-06,3.79e-06,3.81e-06,19531621608
1771012800,2026-02-13 20:00:00,3.79e-06,3.82e-06,3.81e-06,3.81e-06,16378982648
1771016400,2026-02-13 21:00:00,3.8e-06,3.84e-06,3.81e-06,3.82e-06,20868647195
1771020000,2026-02-13 22:00:00,3.79e-06,3.82e-06,3.81e-06,3.8e-06,19517547588
1771023600,2026-02-13 23:00:00,3.78e-06,3.81e-06,3.8e-06,3.78e-06,19112010040
1771027200,2026-02-14 00:00:00,3.76e-06,3.8e-06,3.77e-06,3.79e-06,24500052861
1771030800,2026-02-14 01:00:00,3.78e-06,3.82e-06,3.79e-06,3.8e-06,13338239366
1771034400,2026-02-14 02:00:00,3.79e-06,3.82e-06,3.8e-06,3.81e-06,19338847774
1771038000,2026-02-14 03:00:00,3.8e-06,3.87e-06,3.8e-06,3.84e-06,74658832602
1771041600,2026-02-14 04:00:00,3.81e-06,3.85e-06,3.84e-06,3.81e-06,20369782845
1771045200,2026-02-14 05:00:00,3.78e-06,3.82e-06,3.8e-06,3.79e-06,74863393223
1771048800,2026-02-14 06:00:00,3.77e-06,3.79e-06,3.79e-06,3.78e-06,14889257624
1771052400,2026-02-14 07:00:00,3.77e-06,3.8e-06,3.78e-06,3.79e-06,16638916107
1771056000,2026-02-14 08:00:00,3.8e-06,3.85e-06,3.8e-06,3.84e-06,27147030994
1771059600,2026-02-14 09:00:00,3.82e-06,3.84e-06,3.84e-06,3.84e-06,62041143541
1771063200,2026-02-14 10:00:00,3.83e-06,3.85e-06,3.83e-06,3.84e-06,38056610635
1771066800,2026-02-14 11:00:00,3.84e-06,3.98e-06,3.85e-06,3.94e-06,52200144878
1771070400,2026-02-14 12:00:00,3.9e-06,3.96e-06,3.95e-06,3.9e-06,39398993582
1771074000,2026-02-14 13:00:00,3.87e-06,3.92e-06,3.9e-06,3.92e-06,29956212243
1771077600,2026-02-14 14:00:00,3.92e-06,4.09e-06,3.92e-06,4.08e-06,78388920963
1771081200,2026-02-14 15:00:00,4.05e-06,4.2e-06,4.08e-06,4.18e-06,159184612859
1771084800,2026-02-14 16:00:00,4.17e-06,4.42e-06,4.19e-06,4.4e-06,225167363593
1771088400,2026-02-14 17:00:00,4.4e-06,4.57e-06,4.4e-06,4.5e-06,269708980837
1771092000,2026-02-14 18:00:00,4.49e-06,4.63e-06,4.5e-06,4.61e-06,139386778196
1771095600,2026-02-14 19:00:00,4.57e-06,4.76e-06,4.61e-06,4.74e-06,206204600861
1771099200,2026-02-14 20:00:00,4.56e-06,4.81e-06,4.74e-06,4.75e-06,833080119187
1771102800,2026-02-14 21:00:00,4.71e-06,4.85e-06,4.76e-06,4.79e-06,380475597876
1771106400,2026-02-14 22:00:00,4.78e-06,5e-06,4.78e-06,4.91e-06,248220177588
1771110000,2026-02-14 23:00:00,4.71e-06,4.94e-06,4.91e-06,4.83e-06,375191652880
1771113600,2026-02-15 00:00:00,4.73e-06,4.89e-06,4.83e-06,4.81e-06,200521015764
1771117200,2026-02-15 01:00:00,4.77e-06,4.91e-06,4.8e-06,4.82e-06,132602945109
1771120800,2026-02-15 02:00:00,4.76e-06,4.89e-06,4.82e-06,4.85e-06,53768582702
1771124400,2026-02-15 03:00:00,4.8e-06,4.95e-06,4.85e-06,4.93e-06,141918053630
1771128000,2026-02-15 04:00:00,4.89e-06,5.09e-06,4.94e-06,4.94e-06,366326690807
1771131600,2026-02-15 05:00:00,4.82e-06,4.98e-06,4.95e-06,4.86e-06,94367659745
1771135200,2026-02-15 06:00:00,4.82e-06,4.9e-06,4.86e-06,4.87e-06,91399194936
1771138800,2026-02-15 07:00:00,4.86e-06,4.97e-06,4.86e-06,4.88e-06,83080463904
1771142400,2026-02-15 08:00:00,4.76e-06,4.92e-06,4.88e-06,4.76e-06,120890017634
1771146000,2026-02-15 09:00:00,4.76e-06,4.83e-06,4.77e-06,4.79e-06,38205344173
1771149600,2026-02-15 10:00:00,4.62e-06,4.8e-06,4.79e-06,4.72e-06,153193112000
1771153200,2026-02-15 11:00:00,4.67e-06,4.72e-06,4.72e-06,4.7e-06,35031602622
1771156800,2026-02-15 12:00:00,4.54e-06,4.71e-06,4.7e-06,4.54e-06,176527980955
1771160400,2026-02-15 13:00:00,4.51e-06,4.62e-06,4.55e-06,4.57e-06,250883649816
1771164000,2026-02-15 14:00:00,4.58e-06,4.68e-06,4.58e-06,4.65e-06,110449119525
1771167600,2026-02-15 15:00:00,4.63e-06,4.68e-06,4.65e-06,4.65e-06,43388356700
1771171200,2026-02-15 16:00:00,4.59e-06,4.67e-06,4.65e-06,4.61e-06,91089945360
1771174800,2026-02-15 17:00:00,4.44e-06,4.62e-06,4.61e-06,4.5e-06,102811792975
1771178400,2026-02-15 18:00:00,4.41e-06,4.53e-06,4.51e-06,4.43e-06,126914534941
1771182000,2026-02-15 19:00:00,4.39e-06,4.47e-06,4.43e-06,4.4e-06,115852314673
1771185600,2026-02-15 20:00:00,4.37e-06,4.45e-06,4.4e-06,4.38e-06,80121462403
1771189200,2026-02-15 21:00:00,4.34e-06,4.41e-06,4.39e-06,4.36e-06,62475033910
1771192800,2026-02-15 22:00:00,4.35e-06,4.42e-06,4.36e-06,4.4e-06,61599657004
1771196400,2026-02-15 23:00:00,4.35e-06,4.45e-06,4.39e-06,4.41e-06,216476825548
1771200000,2026-02-16 00:00:00,4.4e-06,4.48e-06,4.41e-06,4.47e-06,223319806391
1771203600,2026-02-16 01:00:00,4.42e-06,4.49e-06,4.46e-06,4.45e-06,170447674971
1771207200,2026-02-16 02:00:00,4.43e-06,4.49e-06,4.46e-06,4.44e-06,33841671204
1771210800,2026-02-16 03:00:00,4.41e-06,4.46e-06,4.44e-06,4.45e-06,10594275696
1771214400,2026-02-16 04:00:00,4.44e-06,4.55e-06,4.45e-06,4.55e-06,29190097730
1771218000,2026-02-16 05:00:00,4.43e-06,4.56e-06,4.56e-06,4.47e-06,46038996798
1771221600,2026-02-16 06:00:00,4.44e-06,4.51e-06,4.48e-06,4.49e-06,38339439340
1771225200,2026-02-16 07:00:00,4.47e-06,4.54e-06,4.49e-06,4.47e-06,21032704000
1771228800,2026-02-16 08:00:00,4.47e-06,4.53e-06,4.47e-06,4.52e-06,29709479964
1771232400,2026-02-16 09:00:00,4.48e-06,4.56e-06,4.53e-06,4.51e-06,32745747106
1771236000,2026-02-16 10:00:00,4.49e-06,4.52e-06,4.51e-06,4.5e-06,19359628090
1771239600,2026-02-16 11:00:00,4.42e-06,4.52e-06,4.51e-06,4.49e-06,68048820066
1771243200,2026-02-16 12:00:00,4.46e-06,4.57e-06,4.49e-06,4.54e-06,72029476264
1771246800,2026-02-16 13:00:00,4.37e-06,4.56e-06,4.54e-06,4.37e-06,102534351038
1771250400,2026-02-16 14:00:00,4.36e-06,4.47e-06,4.38e-06,4.43e-06,40158451542
1771254000,2026-02-16 15:00:00,4.37e-06,4.48e-06,4.43e-06,4.38e-06,78352721574
1771257600,2026-02-16 16:00:00,4.38e-06,4.47e-06,4.38e-06,4.43e-06,70453545106
1771261200,2026-02-16 17:00:00,4.41e-06,4.46e-06,4.43e-06,4.44e-06,28124845199
1771264800,2026-02-16 18:00:00,4.43e-06,4.48e-06,4.45e-06,4.44e-06,26041005969
1771268400,2026-02-16 19:00:00,4.43e-06,4.5e-06,4.44e-06,4.46e-06,24568226186
1771272000,2026-02-16 20:00:00,4.44e-06,4.51e-06,4.47e-06,4.5e-06,15633983191
1771275600,2026-02-16 21:00:00,4.47e-06,4.54e-06,4.5e-06,4.53e-06,79581003094
1771279200,2026-02-16 22:00:00,4.47e-06,4.53e-06,4.52e-06,4.47e-06,19066637429
1771282800,2026-02-16 23:00:00,4.47e-06,4.51e-06,4.47e-06,4.48e-06,18536043480
1771286400,2026-02-17 00:00:00,4.42e-06,4.48e-06,4.48e-06,4.42e-06,35327908835
1771290000,2026-02-17 01:00:00,4.41e-06,4.47e-06,4.43e-06,4.44e-06,46535354163
1771293600,2026-02-17 02:00:00,4.42e-06,4.49e-06,4.44e-06,4.48e-06,39800943812
1771297200,2026-02-17 03:00:00,4.42e-06,4.48e-06,4.47e-06,4.43e-06,9479252447
1771300800,2026-02-17 04:00:00,4.38e-06,4.43e-06,4.43e-06,4.41e-06,20847516178
1771304400,2026-02-17 05:00:00,4.36e-06,4.42e-06,4.41e-06,4.39e-06,27881919198
1771308000,2026-02-17 06:00:00,4.39e-06,4.44e-06,4.39e-06,4.41e-06,16822531134
1771311600,2026-02-17 07:00:00,4.33e-06,4.41e-06,4.41e-06,4.38e-06,30211882441
1771315200,2026-02-17 08:00:00,4.32e-06,4.39e-06,4.38e-06,4.33e-06,36214622944
1771318800,2026-02-17 09:00:00,4.32e-06,4.35e-06,4.33e-06,4.33e-06,14356528016
1771322400,2026-02-17 10:00:00,4.29e-06,4.35e-06,4.34e-06,4.33e-06,44735134361
1771326000,2026-02-17 11:00:00,4.33e-06,4.4e-06,4.33e-06,4.38e-06,28895973126
1771329600,2026-02-17 12:00:00,4.38e-06,4.45e-06,4.39e-06,4.41e-06,18122521441
1771333200,2026-02-17 13:00:00,4.4e-06,4.45e-06,4.41e-06,4.41e-06,85415703089
1771336800,2026-02-17 14:00:00,4.35e-06,4.45e-06,4.41e-06,4.38e-06,87321095699
1771340400,2026-02-17 15:00:00,4.37e-06,4.45e-06,4.38e-06,4.42e-06,64025638566
1771344000,2026-02-17 16:00:00,4.42e-06,4.51e-06,4.42e-06,4.43e-06,73418914934
1771347600,2026-02-17 17:00:00,4.37e-06,4.51e-06,4.42e-06,4.41e-06,311458807892
1771351200,2026-02-17 18:00:00,4.41e-06,4.47e-06,4.41e-06,4.45e-06,47617447676
1771354800,2026-02-17 19:00:00,4.4e-06,4.47e-06,4.45e-06,4.41e-06,68216889084
1771358400,2026-02-17 20:00:00,4.35e-06,4.42e-06,4.41e-06,4.38e-06,159612164851
1771362000,2026-02-17 21:00:00,4.37e-06,4.41e-06,4.37e-06,4.41e-06,21802885892
1771365600,2026-02-17 22:00:00,4.38e-06,4.42e-06,4.41e-06,4.39e-06,21951410711
1771369200,2026-02-17 23:00:00,4.37e-06,4.41e-06,4.39e-06,4.39e-06,29608639041
1771372800,2026-02-18 00:00:00,4.36e-06,4.4e-06,4.39e-06,4.36e-06,17930720726
1771376400,2026-02-18 01:00:00,4.34e-06,4.38e-06,4.37e-06,4.36e-06,13557913134
1771380000,2026-02-18 02:00:00,4.36e-06,4.41e-06,4.36e-06,4.4e-06,16220361982
1771383600,2026-02-18 03:00:00,4.38e-06,4.41e-06,4.39e-06,4.4e-06,12540173608
1771387200,2026-02-18 04:00:00,4.38e-06,4.41e-06,4.4e-06,4.39e-06,17202156257
1771390800,2026-02-18 05:00:00,4.39e-06,4.42e-06,4.39e-06,4.41e-06,13849860997
1771394400,2026-02-18 06:00:00,4.39e-06,4.41e-06,4.4e-06,4.4e-06,6647055752
1771398000,2026-02-18 07:00:00,4.36e-06,4.4e-06,4.39e-06,4.39e-06,18279218983
1771401600,2026-02-18 08:00:00,4.38e-06,4.42e-06,4.39e-06,4.4e-06,13446685584
1771405200,2026-02-18 09:00:00,4.37e-06,4.41e-06,4.4e-06,4.39e-06,37017907528
1771408800,2026-02-18 10:00:00,4.32e-06,4.4e-06,4.38e-06,4.35e-06,22172778183
1771412400,2026-02-18 11:00:00,4.33e-06,4.38e-06,4.35e-06,4.37e-06,19211465583
1771416000,2026-02-18 12:00:00,4.32e-06,4.37e-06,4.36e-06,4.34e-06,38373177753
1771419600,2026-02-18 13:00:00,4.28e-06,4.35e-06,4.34e-06,4.32e-06,51140020492
1771423200,2026-02-18 14:00:00,4.3e-06,4.35e-06,4.32e-06,4.34e-06,39246366824
1771426800,2026-02-18 15:00:00,4.34e-06,4.41e-06,4.34e-06,4.38e-06,56546876551
1771430400,2026-02-18 16:00:00,4.29e-06,4.39e-06,4.38e-06,4.3e-06,51783573798
1771434000,2026-02-18 17:00:00,4.3e-06,4.35e-06,4.31e-06,4.31e-06,41866562623
1771437600,2026-02-18 18:00:00,4.24e-06,4.32e-06,4.31e-06,4.25e-06,144148976824
1771441200,2026-02-18 19:00:00,4.21e-06,4.27e-06,4.25e-06,4.24e-06,185289879325
1771444800,2026-02-18 20:00:00,4.21e-06,4.25e-06,4.24e-06,4.23e-06,123713072722
1771448400,2026-02-18 21:00:00,4.21e-06,4.25e-06,4.23e-06,4.23e-06,75655636109
1771452000,2026-02-18 22:00:00,4.18e-06,4.24e-06,4.23e-06,4.22e-06,52100422201
1771455600,2026-02-18 23:00:00,4.19e-06,4.24e-06,4.22e-06,4.23e-06,22476611802
1771459200,2026-02-19 00:00:00,4.21e-06,4.24e-06,4.23e-06,4.21e-06,19738384655
1771462800,2026-02-19 01:00:00,4.22e-06,4.25e-06,4.22e-06,4.25e-06,23970592727
1771466400,2026-02-19 02:00:00,4.21e-06,4.25e-06,4.25e-06,4.23e-06,20636956988
1771470000,2026-02-19 03:00:00,4.2e-06,4.24e-06,4.22e-06,4.23e-06,7688989620
1771473600,2026-02-19 04:00:00,4.22e-06,4.25e-06,4.23e-06,4.23e-06,18388232144
1771477200,2026-02-19 05:00:00,4.17e-06,4.23e-06,4.23e-06,4.2e-06,33124411928
1771480800,2026-02-19 06:00:00,4.19e-06,4.22e-06,4.2e-06,4.2e-06,9208221460
1771484400,2026-02-19 07:00:00,4.19e-06,4.22e-06,4.2e-06,4.22e-06,5484008922
1771488000,2026-02-19 08:00:00,4.17e-06,4.22e-06,4.21e-06,4.18e-06,51831639088
1771491600,2026-02-19 09:00:00,4.17e-06,4.21e-06,4.19e-06,4.18e-06,35110559391
1771495200,2026-02-19 10:00:00,4.17e-06,4.22e-06,4.18e-06,4.2e-06,19126008875
1771498800,2026-02-19 11:00:00,4.19e-06,4.22e-06,4.2e-06,4.21e-06,18272931538
1771502400,2026-02-19 12:00:00,4.18e-06,4.21e-06,4.21e-06,4.2e-06,14899463555
1771506000,2026-02-19 13:00:00,4.13e-06,4.21e-06,4.2e-06,4.18e-06,47668873303
1771509600,2026-02-19 14:00:00,4.17e-06,4.27e-06,4.18e-06,4.24e-06,46808138555
1771513200,2026-02-19 15:00:00,4.16e-06,4.27e-06,4.25e-06,4.17e-06,25254055350
1771516800,2026-02-19 16:00:00,4.12e-06,4.19e-06,4.16e-06,4.16e-06,16756662542
1771520400,2026-02-19 17:00:00,4.14e-06,4.21e-06,4.15e-06,4.17e-06,24093688634
1771524000,2026-02-19 18:00:00,4.16e-06,4.23e-06,4.17e-06,4.22e-06,24767356378
1771527600,2026-02-19 19:00:00,4.17e-06,4.23e-06,4.21e-06,4.2e-06,25697507817
1771531200,2026-02-19 20:00:00,4.19e-06,4.22e-06,4.21e-06,4.22e-06,20590046814
1771534800,2026-02-19 21:00:00,4.21e-06,4.24e-06,4.22e-06,4.22e-06,16307222150
1771538400,2026-02-19 22:00:00,4.2e-06,4.23e-06,4.22e-06,4.22e-06,18105120672
1771542000,2026-02-19 23:00:00,4.21e-06,4.23e-06,4.22e-06,4.23e-06,13752755882
1771545600,2026-02-20 00:00:00,4.23e-06,4.28e-06,4.23e-06,4.24e-06,50878600222
1771549200,2026-02-20 01:00:00,4.23e-06,4.27e-06,4.25e-06,4.26e-06,24222116045
1771552800,2026-02-20 02:00:00,4.24e-06,4.29e-06,4.25e-06,4.25e-06,72965575613
1771556400,2026-02-20 03:00:00,4.22e-06,4.27e-06,4.24e-06,4.22e-06,26849031738
1771560000,2026-02-20 04:00:00,4.16e-06,4.22e-06,4.22e-06,4.18e-06,49126199106
1771563600,2026-02-20 05:00:00,4.17e-06,4.23e-06,4.18e-06,4.22e-06,24876155167
1771567200,2026-02-20 06:00:00,4.2e-06,4.23e-06,4.22e-06,4.22e-06,8878038928
1771570800,2026-02-20 07:00:00,4.18e-06,4.22e-06,4.22e-06,4.19e-06,8095248096
1771574400,2026-02-20 08:00:00,4.18e-06,4.21e-06,4.19e-06,4.21e-06,8039476240
1771578000,2026-02-20 09:00:00,4.21e-06,4.25e-06,4.21e-06,4.22e-06,31976268742
1771581600,2026-02-20 10:00:00,4.22e-06,4.25e-06,4.23e-06,4.22e-06,15726831814
1771585200,2026-02-20 11:00:00,4.16e-06,4.23e-06,4.22e-06,4.19e-06,28127113952
1771588800,2026-02-20 12:00:00,4.14e-06,4.2e-06,4.19e-06,4.15e-06,32457173375
1771592400,2026-02-20 13:00:00,4.05e-06,4.16e-06,4.15e-06,4.09e-06,72694299050
1771596000,2026-02-20 14:00:00,4.1e-06,4.19e-06,4.1e-06,4.17e-06,27924454328
1771599600,2026-02-20 15:00:00,4.17e-06,4.31e-06,4.17e-06,4.31e-06,144736193659
1771603200,2026-02-20 16:00:00,4.26e-06,4.38e-06,4.31e-06,4.31e-06,107757507587
1771606800,2026-02-20 17:00:00,4.18e-06,4.32e-06,4.32e-06,4.27e-06,90225751897
1771610400,2026-02-20 18:00:00,4.23e-06,4.3e-06,4.27e-06,4.27e-06,76327550827
1771614000,2026-02-20 19:00:00,4.2e-06,4.27e-06,4.27e-06,4.22e-06,60624027051
1771617600,2026-02-20 20:00:00,4.2e-06,4.24e-06,4.22e-06,4.23e-06,16996899740
1771621200,2026-02-20 21:00:00,4.22e-06,4.24e-06,4.23e-06,4.22e-06,12275232368
1771624800,2026-02-20 22:00:00,4.21e-06,4.26e-06,4.21e-06,4.26e-06,23617095381
1771628400,2026-02-20 23:00:00,4.23e-06,4.26e-06,4.26e-06,4.26e-06,16777352566
1771632000,2026-02-21 00:00:00,4.24e-06,4.27e-06,4.25e-06,4.25e-06,37818439899
1771635600,2026-02-21 01:00:00,4.25e-06,4.29e-06,4.25e-06,4.28e-06,38858073263
1771639200,2026-02-21 02:00:00,4.26e-06,4.29e-06,4.27e-06,4.28e-06,17563557742
1771642800,2026-02-21 03:00:00,4.24e-06,4.28e-06,4.28e-06,4.27e-06,55441011750
1771646400,2026-02-21 04:00:00,4.26e-06,4.3e-06,4.27e-06,4.3e-06,16123800581
1771650000,2026-02-21 05:00:00,4.29e-06,4.31e-06,4.31e-06,4.3e-06,20575256121
1771653600,2026-02-21 06:00:00,4.28e-06,4.32e-06,4.3e-06,4.3e-06,14223281291
1771657200,2026-02-21 07:00:00,4.28e-06,4.33e-06,4.29e-06,4.31e-06,5597306913
1771660800,2026-02-21 08:00:00,4.31e-06,4.34e-06,4.32e-06,4.34e-06,8160049016
1771664400,2026-02-21 09:00:00,4.33e-06,4.4e-06,4.34e-06,4.34e-06,49002708938
1771668000,2026-02-21 10:00:00,4.29e-06,4.35e-06,4.35e-06,4.3e-06,15601623272
1771671600,2026-02-21 11:00:00,4.28e-06,4.31e-06,4.29e-06,4.3e-06,28399196319
1771675200,2026-02-21 12:00:00,4.25e-06,4.3e-06,4.3e-06,4.27e-06,50724030644
1771678800,2026-02-21 13:00:00,4.26e-06,4.3e-06,4.27e-06,4.3e-06,18837746210
1771682400,2026-02-21 14:00:00,4.28e-06,4.34e-06,4.29e-06,4.28e-06,38033145892
1771686000,2026-02-21 15:00:00,4.17e-06,4.28e-06,4.27e-06,4.21e-06,74040264690
1771689600,2026-02-21 16:00:00,4.17e-06,4.21e-06,4.21e-06,4.19e-06,27601834354
1771693200,2026-02-21 17:00:00,4.17e-06,4.21e-06,4.19e-06,4.2e-06,25205620627
1771696800,2026-02-21 18:00:00,4.19e-06,4.22e-06,4.2e-06,4.21e-06,13347319193
1771700400,2026-02-21 19:00:00,4.19e-06,4.21e-06,4.21e-06,4.2e-06,13982149129
1771704000,2026-02-21 20:00:00,4.15e-06,4.2e-06,4.2e-06,4.16e-06,27940316206
1771707600,2026-02-21 21:00:00,4.15e-06,4.18e-06,4.17e-06,4.18e-06,7491373359
1771711200,2026-02-21 22:00:00,4.15e-06,4.18e-06,4.18e-06,4.15e-06,14452725601
1771714800,2026-02-21 23:00:00,4.13e-06,4.16e-06,4.15e-06,4.15e-06,19947473657
1771718400,2026-02-22 00:00:00,4.12e-06,4.15e-06,4.15e-06,4.13e-06,13541884780
1771722000,2026-02-22 01:00:00,4.12e-06,4.14e-06,4.13e-06,4.13e-06,4126726180
1771725600,2026-02-22 02:00:00,4.08e-06,4.14e-06,4.13e-06,4.08e-06,38735531308
1771729200,2026-02-22 03:00:00,4.05e-06,4.11e-06,4.09e-06,4.09e-06,30084439903
1771732800,2026-02-22 04:00:00,4.08e-06,4.1e-06,4.09e-06,4.08e-06,9369439291
1771736400,2026-02-22 05:00:00,4.07e-06,4.1e-06,4.09e-06,4.07e-06,8202903440
1771740000,2026-02-22 06:00:00,4.07e-06,4.1e-06,4.07e-06,4.09e-06,11677361124
1771743600,2026-02-22 07:00:00,4.09e-06,4.11e-06,4.09e-06,4.1e-06,8254860207
1771747200,2026-02-22 08:00:00,4.07e-06,4.1e-06,4.1e-06,4.08e-06,4141502186
1771750800,2026-02-22 09:00:00,4.07e-06,4.11e-06,4.08e-06,4.1e-06,4679863974
1771754400,2026-02-22 10:00:00,4.1e-06,4.13e-06,4.1e-06,4.11e-06,5109080730
1771758000,2026-02-22 11:00:00,4.09e-06,4.13e-06,4.12e-06,4.09e-06,12670112218
1771761600,2026-02-22 12:00:00,4.05e-06,4.1e-06,4.1e-06,4.08e-06,11459462576
1771765200,2026-02-22 13:00:00,4.04e-06,4.08e-06,4.08e-06,4.06e-06,26655430743
1771768800,2026-02-22 14:00:00,4.02e-06,4.06e-06,4.06e-06,4.05e-06,34006162203
1771772400,2026-02-22 15:00:00,4.04e-06,4.1e-06,4.05e-06,4.08e-06,50306109811
1771776000,2026-02-22 16:00:00,4.06e-06,4.08e-06,4.08e-06,4.08e-06,6883009442
1771779600,2026-02-22 17:00:00,4.04e-06,4.08e-06,4.08e-06,4.06e-06,21196120911
1771783200,2026-02-22 18:00:00,4.05e-06,4.07e-06,4.05e-06,4.05e-06,3436489155
1771786800,2026-02-22 19:00:00,4.03e-06,4.06e-06,4.05e-06,4.05e-06,16905106736
1771790400,2026-02-22 20:00:00,4.01e-06,4.05e-06,4.05e-06,4.01e-06,21803701883
1771794000,2026-02-22 21:00:00,3.99e-06,4.03e-06,4.02e-06,4.02e-06,65726039827
1771797600,2026-02-22 22:00:00,4e-06,4.05e-06,4.02e-06,4.04e-06,12347300354
1771801200,2026-02-22 23:00:00,4.01e-06,4.06e-06,4.04e-06,4.05e-06,38621890411
1771804800,2026-02-23 00:00:00,4e-06,4.06e-06,4.05e-06,4.01e-06,38904421845
1771808400,2026-02-23 01:00:00,3.85e-06,4e-06,4e-06,3.88e-06,169178959306
1771812000,2026-02-23 02:00:00,3.88e-06,3.92e-06,3.88e-06,3.92e-06,30353173926
1771815600,2026-02-23 03:00:00,3.9e-06,3.94e-06,3.92e-06,3.92e-06,35176218686
1771819200,2026-02-23 04:00:00,3.89e-06,3.93e-06,3.92e-06,3.9e-06,12241498250
1771822800,2026-02-23 05:00:00,3.89e-06,3.94e-06,3.9e-06,3.92e-06,30589556451
1771826400,2026-02-23 06:00:00,3.92e-06,4.03e-06,3.92e-06,4.01e-06,30099526199
1771830000,2026-02-23 07:00:00,4.01e-06,4.06e-06,4.01e-06,4.02e-06,34964248197
1771833600,2026-02-23 08:00:00,4.01e-06,4.04e-06,4.02e-06,4.03e-06,12044364987
1771837200,2026-02-23 09:00:00,4.01e-06,4.08e-06,4.03e-06,4.07e-06,26666412011
1771840800,2026-02-23 10:00:00,4.05e-06,4.08e-06,4.07e-06,4.05e-06,14328894384
1771844400,2026-02-23 11:00:00,4.05e-06,4.12e-06,4.05e-06,4.1e-06,35626580288
1771848000,2026-02-23 12:00:00,4.1e-06,4.21e-06,4.1e-06,4.17e-06,52096966186
1771851600,2026-02-23 13:00:00,4.12e-06,4.19e-06,4.18e-06,4.12e-06,40432863951
1771855200,2026-02-23 14:00:00,4.07e-06,4.13e-06,4.12e-06,4.07e-06,50792169314
1771858800,2026-02-23 15:00:00,4.02e-06,4.08e-06,4.07e-06,4.02e-06,64195016557
1771862400,2026-02-23 16:00:00,4e-06,4.07e-06,4.02e-06,4.02e-06,52718759041
1771866000,2026-02-23 17:00:00,3.97e-06,4.05e-06,4.03e-06,4.02e-06,45983226867
1771869600,2026-02-23 18:00:00,4e-06,4.06e-06,4.02e-06,4.01e-06,30729240778
1771873200,2026-02-23 19:00:00,3.99e-06,4.02e-06,4.01e-06,4e-06,26134282326
1771876800,2026-02-23 20:00:00,3.95e-06,4.01e-06,4.01e-06,3.99e-06,27323320412
1771880400,2026-02-23 21:00:00,3.96e-06,3.99e-06,3.98e-06,3.98e-06,14607972386
1771884000,2026-02-23 22:00:00,3.97e-06,4.02e-06,3.98e-06,3.98e-06,13601465926
1771887600,2026-02-23 23:00:00,3.95e-06,4e-06,3.98e-06,3.96e-06,28120228084
1771891200,2026-02-24 00:00:00,3.95e-06,3.98e-06,3.97e-06,3.96e-06,16462373928
1771894800,2026-02-24 01:00:00,3.88e-06,3.99e-06,3.96e-06,3.94e-06,52613764891
1771898400,2026-02-24 02:00:00,3.91e-06,3.97e-06,3.94e-06,3.92e-06,16526554176
1771902000,2026-02-24 03:00:00,3.88e-06,3.92e-06,3.91e-06,3.89e-06,28974098603
1771905600,2026-02-24 04:00:00,3.87e-06,3.91e-06,3.9e-06,3.9e-06,23345649336
1771909200,2026-02-24 05:00:00,3.87e-06,3.92e-06,3.9e-06,3.9e-06,11957914705
1771912800,2026-02-24 06:00:00,3.89e-06,3.91e-06,3.89e-06,3.89e-06,13846694601
1771916400,2026-02-24 07:00:00,3.89e-06,3.93e-06,3.89e-06,3.92e-06,10739906884
1771920000,2026-02-24 08:00:00,3.9e-06,3.94e-06,3.92e-06,3.93e-06,17287112582
1771923600,2026-02-24 09:00:00,3.88e-06,3.92e-06,3.92e-06,3.89e-06,19781240919
1771927200,2026-02-24 10:00:00,3.88e-06,3.91e-06,3.89e-06,3.9e-06,14437780291
1771930800,2026-02-24 11:00:00,3.89e-06,3.91e-06,3.9e-06,3.9e-06,8166588857
1771934400,2026-02-24 12:00:00,3.88e-06,3.91e-06,3.9e-06,3.89e-06,13763640203
1771938000,2026-02-24 13:00:00,3.83e-06,3.93e-06,3.89e-06,3.92e-06,53156494665
1771941600,2026-02-24 14:00:00,3.87e-06,3.99e-06,3.92e-06,3.97e-06,69871398521
1771945200,2026-02-24 15:00:00,3.95e-06,4e-06,3.96e-06,3.97e-06,42527189166
1771948800,2026-02-24 16:00:00,3.92e-06,4.01e-06,3.98e-06,3.96e-06,54070946557
1771952400,2026-02-24 17:00:00,3.93e-06,3.97e-06,3.96e-06,3.94e-06,20032333279
1771956000,2026-02-24 18:00:00,3.92e-06,3.96e-06,3.94e-06,3.93e-06,18445705019
1771959600,2026-02-24 19:00:00,3.9e-06,3.94e-06,3.93e-06,3.92e-06,15473151665
1771963200,2026-02-24 20:00:00,3.91e-06,3.95e-06,3.92e-06,3.94e-06,24098860793
1771966800,2026-02-24 21:00:00,3.91e-06,3.94e-06,3.93e-06,3.94e-06,23686724837
1771970400,2026-02-24 22:00:00,3.94e-06,3.98e-06,3.94e-06,3.96e-06,13934501306
1771974000,2026-02-24 23:00:00,3.92e-06,3.96e-06,3.96e-06,3.95e-06,26286189807
1771977600,2026-02-25 00:00:00,3.94e-06,3.97e-06,3.94e-06,3.96e-06,35479431846
1771981200,2026-02-25 01:00:00,3.97e-06,4.16e-06,3.97e-06,4.09e-06,124884554246
1771984800,2026-02-25 02:00:00,4.03e-06,4.12e-06,4.1e-06,4.04e-06,83542725378
1771988400,2026-02-25 03:00:00,4e-06,4.06e-06,4.04e-06,4e-06,49549938904
1771992000,2026-02-25 04:00:00,3.97e-06,4.02e-06,4e-06,3.99e-06,40507570342
1771995600,2026-02-25 05:00:00,3.92e-06,4e-06,3.99e-06,3.94e-06,33115238365
1771999200,2026-02-25 06:00:00,3.92e-06,3.95e-06,3.94e-06,3.92e-06,26641678293
1772002800,2026-02-25 07:00:00,3.89e-06,3.94e-06,3.92e-06,3.93e-06,32287828315
1772006400,2026-02-25 08:00:00,3.91e-06,3.97e-06,3.93e-06,3.97e-06,28050756693
1772010000,2026-02-25 09:00:00,3.96e-06,4.02e-06,3.97e-06,4e-06,35115340625
1772013600,2026-02-25 10:00:00,3.99e-06,4.01e-06,4e-06,4e-06,25518715936
1772017200,2026-02-25 11:00:00,3.97e-06,4e-06,4e-06,4e-06,16821151852
1772020800,2026-02-25 12:00:00,3.99e-06,4.07e-06,3.99e-06,4.05e-06,47939122464
1772024400,2026-02-25 13:00:00,4.04e-06,4.1e-06,4.05e-06,4.08e-06,54460580637
1772028000,2026-02-25 14:00:00,4.06e-06,4.16e-06,4.09e-06,4.15e-06,81039962001
1772031600,2026-02-25 15:00:00,4.12e-06,4.2e-06,4.15e-06,4.19e-06,111564235274
1772035200,2026-02-25 16:00:00,4.17e-06,4.3e-06,4.19e-06,4.28e-06,153989879283
1772038800,2026-02-25 17:00:00,4.27e-06,4.35e-06,4.28e-06,4.33e-06,82105356825
1772042400,2026-02-25 18:00:00,4.3e-06,4.39e-06,4.33e-06,4.36e-06,113524249063
1772046000,2026-02-25 19:00:00,4.33e-06,4.37e-06,4.36e-06,4.36e-06,53197853191
1772049600,2026-02-25 20:00:00,4.32e-06,4.37e-06,4.36e-06,4.35e-06,74829585996
1772053200,2026-02-25 21:00:00,4.32e-06,4.45e-06,4.35e-06,4.37e-06,104688033344
1772056800,2026-02-25 22:00:00,4.21e-06,4.39e-06,4.38e-06,4.23e-06,50090113576
1772060400,2026-02-25 23:00:00,4.08e-06,4.25e-06,4.24e-06,4.14e-06,163516684776
1772064000,2026-02-26 00:00:00,4.1e-06,4.17e-06,4.14e-06,4.12e-06,27431024363
1772067600,2026-02-26 01:00:00,4.08e-06,4.14e-06,4.12e-06,4.08e-06,18420426294
1772071200,2026-02-26 02:00:00,4.03e-06,4.12e-06,4.08e-06,4.12e-06,36780538408
1772074800,2026-02-26 03:00:00,4.09e-06,4.12e-06,4.11e-06,4.1e-06,11571540985
1772078400,2026-02-26 04:00:00,4.09e-06,4.14e-06,4.09e-06,4.12e-06,16237730887
1772082000,2026-02-26 05:00:00,4.06e-06,4.13e-06,4.12e-06,4.07e-06,15154168112
1772085600,2026-02-26 06:00:00,4.04e-06,4.08e-06,4.06e-06,4.05e-06,12468748013
1772089200,2026-02-26 07:00:00,4.02e-06,4.06e-06,4.05e-06,4.04e-06,36588532649
1772092800,2026-02-26 08:00:00,4.01e-06,4.05e-06,4.05e-06,4.01e-06,47310865954
1772096400,2026-02-26 09:00:00,4.01e-06,4.07e-06,4.01e-06,4.06e-06,16286295425
1772100000,2026-02-26 10:00:00,3.95e-06,4.06e-06,4.06e-06,3.95e-06,83489655297
1772103600,2026-02-26 11:00:00,3.94e-06,3.97e-06,3.96e-06,3.96e-06,31237734733
1772107200,2026-02-26 12:00:00,3.95e-06,4e-06,3.96e-06,3.98e-06,83950534208
1772110800,2026-02-26 13:00:00,3.95e-06,4e-06,3.98e-06,3.97e-06,54590536822
1772114400,2026-02-26 14:00:00,3.92e-06,3.99e-06,3.97e-06,3.95e-06,90507942106
1772118000,2026-02-26 15:00:00,3.87e-06,3.96e-06,3.94e-06,3.89e-06,92996009040
1772121600,2026-02-26 16:00:00,3.78e-06,3.9e-06,3.9e-06,3.79e-06,141408902042
1772125200,2026-02-26 17:00:00,3.79e-06,3.84e-06,3.8e-06,3.81e-06,48400303706
1772128800,2026-02-26 18:00:00,3.79e-06,3.84e-06,3.81e-06,3.83e-06,36445929783
1772132400,2026-02-26 19:00:00,3.83e-06,3.88e-06,3.83e-06,3.85e-06,127205387539
1772136000,2026-02-26 20:00:00,3.84e-06,3.87e-06,3.85e-06,3.85e-06,31507611736
1772139600,2026-02-26 21:00:00,3.79e-06,3.85e-06,3.85e-06,3.82e-06,43446230392
1772143200,2026-02-26 22:00:00,3.82e-06,3.85e-06,3.82e-06,3.84e-06,21454449162
1772146800,2026-02-26 23:00:00,3.82e-06,3.84e-06,3.84e-06,3.82e-06,15021287055
1772150400,2026-02-27 00:00:00,3.81e-06,3.85e-06,3.82e-06,3.84e-06,38766256149
1772154000,2026-02-27 01:00:00,3.83e-06,3.86e-06,3.83e-06,3.85e-06,43640927122
1772157600,2026-02-27 02:00:00,3.84e-06,3.88e-06,3.85e-06,3.84e-06,17825709478
1772161200,2026-02-27 03:00:00,3.82e-06,3.86e-06,3.84e-06,3.85e-06,28408579982
1772164800,2026-02-27 04:00:00,3.85e-06,3.92e-06,3.85e-06,3.89e-06,79945927825
1772168400,2026-02-27 05:00:00,3.88e-06,3.91e-06,3.89e-06,3.89e-06,22276371015
1772172000,2026-02-27 06:00:00,3.86e-06,3.9e-06,3.88e-06,3.89e-06,17495630309
1772175600,2026-02-27 07:00:00,3.86e-06,3.9e-06,3.9e-06,3.89e-06,12045948478
1772179200,2026-02-27 08:00:00,3.87e-06,3.91e-06,3.89e-06,3.88e-06,20302602120
1772182800,2026-02-27 09:00:00,3.83e-06,3.89e-06,3.88e-06,3.84e-06,23937207291
1772186400,2026-02-27 10:00:00,3.76e-06,3.84e-06,3.83e-06,3.79e-06,45470346090
1772190000,2026-02-27 11:00:00,3.71e-06,3.79e-06,3.79e-06,3.74e-06,53986686700
1772193600,2026-02-27 12:00:00,3.71e-06,3.75e-06,3.74e-06,3.73e-06,22269862687
1772197200,2026-02-27 13:00:00,3.68e-06,3.75e-06,3.74e-06,3.72e-06,76687802964
1772200800,2026-02-27 14:00:00,3.68e-06,3.73e-06,3.72e-06,3.7e-06,48304450684
1772204400,2026-02-27 15:00:00,3.68e-06,3.72e-06,3.7e-06,3.69e-06,43779486133
1772208000,2026-02-27 16:00:00,3.66e-06,3.72e-06,3.69e-06,3.67e-06,62479606924
1772211600,2026-02-27 17:00:00,3.63e-06,3.71e-06,3.66e-06,3.69e-06,105353740692
1772215200,2026-02-27 18:00:00,3.67e-06,3.71e-06,3.69e-06,3.67e-06,39179038861
1772218800,2026-02-27 19:00:00,3.65e-06,3.68e-06,3.67e-06,3.66e-06,43246718345
1772222400,2026-02-27 20:00:00,3.67e-06,3.7e-06,3.67e-06,3.69e-06,27362326354
1772226000,2026-02-27 21:00:00,3.67e-06,3.7e-06,3.69e-06,3.68e-06,16471191263
1772229600,2026-02-27 22:00:00,3.61e-06,3.69e-06,3.69e-06,3.67e-06,29470476773
1772233200,2026-02-27 23:00:00,3.66e-06,3.69e-06,3.67e-06,3.69e-06,22555364947
1772236800,2026-02-28 00:00:00,3.67e-06,3.69e-06,3.68e-06,3.69e-06,11319214263
1772240400,2026-02-28 01:00:00,3.65e-06,3.7e-06,3.69e-06,3.66e-06,24587720780
1772244000,2026-02-28 02:00:00,3.65e-06,3.68e-06,3.66e-06,3.67e-06,21386711681
1772247600,2026-02-28 03:00:00,3.64e-06,3.67e-06,3.67e-06,3.66e-06,16527869931
1772251200,2026-02-28 04:00:00,3.64e-06,3.67e-06,3.66e-06,3.65e-06,10721404199
1772254800,2026-02-28 05:00:00,3.62e-06,3.66e-06,3.65e-06,3.63e-06,19101311561
1772258400,2026-02-28 06:00:00,3.46e-06,3.63e-06,3.63e-06,3.48e-06,161903329762
1772262000,2026-02-28 07:00:00,3.44e-06,3.54e-06,3.47e-06,3.5e-06,90736529056
1772265600,2026-02-28 08:00:00,3.45e-06,3.5e-06,3.5e-06,3.46e-06,33314399609
1772269200,2026-02-28 09:00:00,3.44e-06,3.48e-06,3.46e-06,3.45e-06,18658799250
1772272800,2026-02-28 10:00:00,3.42e-06,3.49e-06,3.45e-06,3.47e-06,14838619250
1772276400,2026-02-28 11:00:00,3.46e-06,3.49e-06,3.46e-06,3.46e-06,25777308251
1772280000,2026-02-28 12:00:00,3.45e-06,3.49e-06,3.46e-06,3.47e-06,35697278784
1772283600,2026-02-28 13:00:00,3.46e-06,3.58e-06,3.48e-06,3.56e-06,69937952944
1772287200,2026-02-28 14:00:00,3.49e-06,3.59e-06,3.57e-06,3.5e-06,97131270456
1772290800,2026-02-28 15:00:00,3.47e-06,3.55e-06,3.49e-06,3.54e-06,81759922812
1772294400,2026-02-28 16:00:00,3.52e-06,3.56e-06,3.54e-06,3.55e-06,17058097503
1772298000,2026-02-28 17:00:00,3.52e-06,3.56e-06,3.56e-06,3.55e-06,29072817460
1772301600,2026-02-28 18:00:00,3.53e-06,3.62e-06,3.55e-06,3.6e-06,25605200507
1772305200,2026-02-28 19:00:00,3.57e-06,3.65e-06,3.6e-06,3.61e-06,25450640549
1772308800,2026-02-28 20:00:00,3.6e-06,3.67e-06,3.62e-06,3.65e-06,59127722633
1772312400,2026-02-28 21:00:00,3.61e-06,3.65e-06,3.64e-06,3.65e-06,36417367608
1772316000,2026-02-28 22:00:00,3.65e-06,3.71e-06,3.65e-06,3.67e-06,72260694692
1772319600,2026-02-28 23:00:00,3.65e-06,3.68e-06,3.67e-06,3.66e-06,43475641376
1772323200,2026-03-01 00:00:00,3.62e-06,3.67e-06,3.66e-06,3.64e-06,90210438513
1772326800,2026-03-01 01:00:00,3.61e-06,3.74e-06,3.65e-06,3.71e-06,71535189051
1772330400,2026-03-01 02:00:00,3.71e-06,3.78e-06,3.71e-06,3.75e-06,121965878475
1772334000,2026-03-01 03:00:00,3.66e-06,3.76e-06,3.76e-06,3.68e-06,72463086801
1772337600,2026-03-01 04:00:00,3.64e-06,3.69e-06,3.68e-06,3.67e-06,35486901624
1772341200,2026-03-01 05:00:00,3.65e-06,3.67e-06,3.67e-06,3.66e-06,9536808005
1772344800,2026-03-01 06:00:00,3.6e-06,3.67e-06,3.66e-06,3.63e-06,28499454857
1772348400,2026-03-01 07:00:00,3.61e-06,3.64e-06,3.62e-06,3.64e-06,15411755004
1772352000,2026-03-01 08:00:00,3.56e-06,3.64e-06,3.64e-06,3.58e-06,42912436196
1772355600,2026-03-01 09:00:00,3.56e-06,3.6e-06,3.57e-06,3.57e-06,19144251528
1772359200,2026-03-01 10:00:00,3.54e-06,3.57e-06,3.57e-06,3.55e-06,28165072885
1772362800,2026-03-01 11:00:00,3.54e-06,3.56e-06,3.55e-06,3.55e-06,9605709600
1772366400,2026-03-01 12:00:00,3.51e-06,3.56e-06,3.55e-06,3.52e-06,44126200142
1772370000,2026-03-01 13:00:00,3.49e-06,3.6e-06,3.52e-06,3.57e-06,45923248996
1772373600,2026-03-01 14:00:00,3.51e-06,3.61e-06,3.58e-06,3.53e-06,78161255337
1772377200,2026-03-01 15:00:00,3.51e-06,3.56e-06,3.53e-06,3.52e-06,50856218315
1772380800,2026-03-01 16:00:00,3.44e-06,3.54e-06,3.52e-06,3.46e-06,79976421851
1772384400,2026-03-01 17:00:00,3.43e-06,3.47e-06,3.46e-06,3.47e-06,76060381215
1772388000,2026-03-01 18:00:00,3.46e-06,3.52e-06,3.47e-06,3.5e-06,47684167029
1772391600,2026-03-01 19:00:00,3.43e-06,3.5e-06,3.49e-06,3.43e-06,43140290604
1772395200,2026-03-01 20:00:00,3.36e-06,3.44e-06,3.44e-06,3.39e-06,145877526264
1772398800,2026-03-01 21:00:00,3.38e-06,3.44e-06,3.39e-06,3.42e-06,32415288675
1772402400,2026-03-01 22:00:00,3.42e-06,3.47e-06,3.42e-06,3.43e-06,61946173503
1772406000,2026-03-01 23:00:00,3.43e-06,3.48e-06,3.43e-06,3.45e-06,50615663224
1772409600,2026-03-02 00:00:00,3.45e-06,3.54e-06,3.46e-06,3.5e-06,51235553753
1772413200,2026-03-02 01:00:00,3.47e-06,3.53e-06,3.51e-06,3.48e-06,29234468087
1772416800,2026-03-02 02:00:00,3.44e-06,3.48e-06,3.48e-06,3.45e-06,37983810397
1772420400,2026-03-02 03:00:00,3.44e-06,3.5e-06,3.45e-06,3.47e-06,78290232840
1772424000,2026-03-02 04:00:00,3.44e-06,3.48e-06,3.48e-06,3.45e-06,20517157920
1772427600,2026-03-02 05:00:00,3.41e-06,3.47e-06,3.45e-06,3.44e-06,32823774101
1772431200,2026-03-02 06:00:00,3.41e-06,3.45e-06,3.44e-06,3.43e-06,19718894622
1772434800,2026-03-02 07:00:00,3.39e-06,3.44e-06,3.43e-06,3.41e-06,57449539595
1772438400,2026-03-02 08:00:00,3.37e-06,3.44e-06,3.41e-06,3.43e-06,41779048643
1772442000,2026-03-02 09:00:00,3.42e-06,3.48e-06,3.43e-06,3.46e-06,47406931730
1772445600,2026-03-02 10:00:00,3.45e-06,3.48e-06,3.45e-06,3.47e-06,19336366286
1772449200,2026-03-02 11:00:00,3.45e-06,3.49e-06,3.47e-06,3.47e-06,16400727444
1772452800,2026-03-02 12:00:00,3.45e-06,3.48e-06,3.47e-06,3.45e-06,14856777886
1772456400,2026-03-02 13:00:00,3.43e-06,3.46e-06,3.45e-06,3.44e-06,38238758343
1772460000,2026-03-02 14:00:00,3.45e-06,3.55e-06,3.45e-06,3.54e-06,93211726561
1772463600,2026-03-02 15:00:00,3.54e-06,3.68e-06,3.54e-06,3.64e-06,187546231616
1772467200,2026-03-02 16:00:00,3.6e-06,3.7e-06,3.65e-06,3.64e-06,222792827233
1772470800,2026-03-02 17:00:00,3.55e-06,3.65e-06,3.64e-06,3.59e-06,74663715281
1772474400,2026-03-02 18:00:00,3.55e-06,3.62e-06,3.59e-06,3.6e-06,43360019653
1772478000,2026-03-02 19:00:00,3.56e-06,3.6e-06,3.59e-06,3.59e-06,39405041726
1772481600,2026-03-02 20:00:00,3.56e-06,3.62e-06,3.6e-06,3.56e-06,42835705938
1772485200,2026-03-02 21:00:00,3.54e-06,3.58e-06,3.56e-06,3.57e-06,25246393218
1772488800,2026-03-02 22:00:00,3.56e-06,3.59e-06,3.57e-06,3.57e-06,23296258883
1772492400,2026-03-02 23:00:00,3.5e-06,3.57e-06,3.57e-06,3.52e-06,36864106194
1772496000,2026-03-03 00:00:00,3.49e-06,3.53e-06,3.52e-06,3.53e-06,39317115555
1772499600,2026-03-03 01:00:00,3.49e-06,3.55e-06,3.53e-06,3.49e-06,26308014728
1772503200,2026-03-03 02:00:00,3.48e-06,3.51e-06,3.49e-06,3.49e-06,38580206915
1772506800,2026-03-03 03:00:00,3.46e-06,3.5e-06,3.48e-06,3.5e-06,16727101776
1772510400,2026-03-03 04:00:00,3.46e-06,3.5e-06,3.5e-06,3.46e-06,6325144574
1772514000,2026-03-03 05:00:00,3.45e-06,3.51e-06,3.46e-06,3.48e-06,39662059503
1772517600,2026-03-03 06:00:00,3.46e-06,3.49e-06,3.48e-06,3.48e-06,23693376922
1772521200,2026-03-03 07:00:00,3.47e-06,3.55e-06,3.48e-06,3.47e-06,51125510875
1772524800,2026-03-03 08:00:00,3.41e-06,3.48e-06,3.47e-06,3.41e-06,28355908972
1772528400,2026-03-03 09:00:00,3.38e-06,3.43e-06,3.41e-06,3.4e-06,46573827914
1772532000,2026-03-03 10:00:00,3.37e-06,3.41e-06,3.38e-06,3.39e-06,25783869032
1772535600,2026-03-03 11:00:00,3.38e-06,3.42e-06,3.4e-06,3.42e-06,9485058411
1772539200,2026-03-03 12:00:00,3.41e-06,3.47e-06,3.41e-06,3.45e-06,27808266196
1772542800,2026-03-03 13:00:00,3.42e-06,3.46e-06,3.45e-06,3.44e-06,108275570228
1772546400,2026-03-03 14:00:00,3.4e-06,3.48e-06,3.44e-06,3.43e-06,124134915989
1772550000,2026-03-03 15:00:00,3.34e-06,3.49e-06,3.43e-06,3.47e-06,254587598288
1772553600,2026-03-03 16:00:00,3.42e-06,3.55e-06,3.46e-06,3.46e-06,250219440438
1772557200,2026-03-03 17:00:00,3.42e-06,3.46e-06,3.45e-06,3.45e-06,167035978731
1772560800,2026-03-03 18:00:00,3.44e-06,3.5e-06,3.46e-06,3.46e-06,97495876301
1772564400,2026-03-03 19:00:00,3.42e-06,3.46e-06,3.45e-06,3.44e-06,122923191415
1772568000,2026-03-03 20:00:00,3.41e-06,3.45e-06,3.44e-06,3.43e-06,98535815945
1772571600,2026-03-03 21:00:00,3.39e-06,3.43e-06,3.42e-06,3.43e-06,25327424281
1772575200,2026-03-03 22:00:00,3.42e-06,3.47e-06,3.42e-06,3.46e-06,29473582719
1772578800,2026-03-03 23:00:00,3.45e-06,3.51e-06,3.46e-06,3.46e-06,17293000433
1772582400,2026-03-04 00:00:00,3.42e-06,3.47e-06,3.46e-06,3.46e-06,35281138500
1772586000,2026-03-04 01:00:00,3.45e-06,3.5e-06,3.47e-06,3.47e-06,21172765468
1772589600,2026-03-04 02:00:00,3.45e-06,3.48e-06,3.47e-06,3.46e-06,31876433890
1772593200,2026-03-04 03:00:00,3.4e-06,3.46e-06,3.45e-06,3.43e-06,45821014078
1772596800,2026-03-04 04:00:00,3.4e-06,3.43e-06,3.43e-06,3.42e-06,10759435879
1772600400,2026-03-04 05:00:00,3.4e-06,3.45e-06,3.42e-06,3.44e-06,16516547324
1772604000,2026-03-04 06:00:00,3.41e-06,3.46e-06,3.43e-06,3.46e-06,13626246472
1772607600,2026-03-04 07:00:00,3.44e-06,3.5e-06,3.46e-06,3.48e-06,13362373717
1772611200,2026-03-04 08:00:00,3.46e-06,3.57e-06,3.48e-06,3.56e-06,87343754783
1772614800,2026-03-04 09:00:00,3.54e-06,3.6e-06,3.56e-06,3.55e-06,84313232306
1772618400,2026-03-04 10:00:00,3.52e-06,3.57e-06,3.54e-06,3.56e-06,33371931647
1772622000,2026-03-04 11:00:00,3.52e-06,3.58e-06,3.56e-06,3.56e-06,44662744781
1772625600,2026-03-04 12:00:00,3.51e-06,3.56e-06,3.56e-06,3.55e-06,30515640325
1772629200,2026-03-04 13:00:00,3.56e-06,3.66e-06,3.56e-06,3.64e-06,99688767588
1772632800,2026-03-04 14:00:00,3.59e-06,3.67e-06,3.64e-06,3.61e-06,98327606470
1772636400,2026-03-04 15:00:00,3.61e-06,3.75e-06,3.61e-06,3.73e-06,123868589549
1772640000,2026-03-04 16:00:00,3.63e-06,3.75e-06,3.72e-06,3.69e-06,105762575618
1772643600,2026-03-04 17:00:00,3.68e-06,3.77e-06,3.69e-06,3.72e-06,152708100099
1772647200,2026-03-04 18:00:00,3.71e-06,3.77e-06,3.72e-06,3.76e-06,55412092101
1772650800,2026-03-04 19:00:00,3.73e-06,3.79e-06,3.77e-06,3.74e-06,78677081658
1772654400,2026-03-04 20:00:00,3.72e-06,3.75e-06,3.75e-06,3.72e-06,83604049889
1772658000,2026-03-04 21:00:00,3.67e-06,3.73e-06,3.73e-06,3.69e-06,89949112369
1772661600,2026-03-04 22:00:00,3.64e-06,3.73e-06,3.7e-06,3.65e-06,39692891542
1772665200,2026-03-04 23:00:00,3.63e-06,3.67e-06,3.65e-06,3.65e-06,53965964097
1772668800,2026-03-05 00:00:00,3.62e-06,3.65e-06,3.65e-06,3.62e-06,44871904915
1772672400,2026-03-05 01:00:00,3.58e-06,3.65e-06,3.62e-06,3.59e-06,101673067825
1772676000,2026-03-05 02:00:00,3.59e-06,3.62e-06,3.6e-06,3.61e-06,40572193544
1772679600,2026-03-05 03:00:00,3.59e-06,3.62e-06,3.6e-06,3.61e-06,26953706659
1772683200,2026-03-05 04:00:00,3.6e-06,3.64e-06,3.61e-06,3.61e-06,34817403918
1772686800,2026-03-05 05:00:00,3.58e-06,3.63e-06,3.61e-06,3.59e-06,22130898474
1772690400,2026-03-05 06:00:00,3.57e-06,3.6e-06,3.59e-06,3.59e-06,37007181963
1772694000,2026-03-05 07:00:00,3.52e-06,3.6e-06,3.59e-06,3.54e-06,13931130223
1772697600,2026-03-05 08:00:00,3.54e-06,3.56e-06,3.55e-06,3.56e-06,71763221621
1772701200,2026-03-05 09:00:00,3.55e-06,3.58e-06,3.56e-06,3.56e-06,24635693406
1772704800,2026-03-05 10:00:00,3.56e-06,3.63e-06,3.56e-06,3.62e-06,32030808749
1772708400,2026-03-05 11:00:00,3.54e-06,3.62e-06,3.62e-06,3.55e-06,27660056685
1772712000,2026-03-05 12:00:00,3.53e-06,3.57e-06,3.55e-06,3.55e-06,37313925126
1772715600,2026-03-05 13:00:00,3.5e-06,3.55e-06,3.55e-06,3.52e-06,82329846479
1772719200,2026-03-05 14:00:00,3.5e-06,3.56e-06,3.52e-06,3.54e-06,105827957555
1772722800,2026-03-05 15:00:00,3.47e-06,3.54e-06,3.54e-06,3.48e-06,50996286467
1772726400,2026-03-05 16:00:00,3.41e-06,3.48e-06,3.48e-06,3.45e-06,92926200270
1772730000,2026-03-05 17:00:00,3.41e-06,3.46e-06,3.46e-06,3.44e-06,33419189038
1772733600,2026-03-05 18:00:00,3.43e-06,3.47e-06,3.43e-06,3.46e-06,66701277281
1772737200,2026-03-05 19:00:00,3.47e-06,3.51e-06,3.47e-06,3.48e-06,27134410164
1772740800,2026-03-05 20:00:00,3.48e-06,3.53e-06,3.49e-06,3.53e-06,15291668187
1772744400,2026-03-05 21:00:00,3.5e-06,3.54e-06,3.53e-06,3.5e-06,12973602129
1772748000,2026-03-05 22:00:00,3.48e-06,3.51e-06,3.5e-06,3.48e-06,9212839499
1772751600,2026-03-05 23:00:00,3.47e-06,3.49e-06,3.49e-06,3.48e-06,24845399502
1772755200,2026-03-06 00:00:00,3.47e-06,3.5e-06,3.48e-06,3.48e-06,95470928792
1772758800,2026-03-06 01:00:00,3.47e-06,3.52e-06,3.48e-06,3.5e-06,39562507894
1772762400,2026-03-06 02:00:00,3.48e-06,3.5e-06,3.5e-06,3.49e-06,12514109569
1772766000,2026-03-06 03:00:00,3.47e-06,3.5e-06,3.49e-06,3.49e-06,78429816507
1772769600,2026-03-06 04:00:00,3.46e-06,3.5e-06,3.49e-06,3.49e-06,26169298815
1772773200,2026-03-06 05:00:00,3.46e-06,3.5e-06,3.49e-06,3.49e-06,16269462031
1772776800,2026-03-06 06:00:00,3.48e-06,3.5e-06,3.49e-06,3.49e-06,8409523955
1772780400,2026-03-06 07:00:00,3.48e-06,3.52e-06,3.49e-06,3.52e-06,34924762272
1772784000,2026-03-06 08:00:00,3.46e-06,3.51e-06,3.51e-06,3.47e-06,31010782659
1772787600,2026-03-06 09:00:00,3.43e-06,3.47e-06,3.47e-06,3.45e-06,36780814343
1772791200,2026-03-06 10:00:00,3.44e-06,3.47e-06,3.45e-06,3.46e-06,33776551119
1772794800,2026-03-06 11:00:00,3.43e-06,3.47e-06,3.46e-06,3.44e-06,37961970678
1772798400,2026-03-06 12:00:00,3.43e-06,3.46e-06,3.44e-06,3.45e-06,55331043608
1772802000,2026-03-06 13:00:00,3.42e-06,3.49e-06,3.45e-06,3.42e-06,103996624632
1772805600,2026-03-06 14:00:00,3.33e-06,3.44e-06,3.43e-06,3.36e-06,222386814354
1772809200,2026-03-06 15:00:00,3.36e-06,3.39e-06,3.36e-06,3.37e-06,58973805169
1772812800,2026-03-06 16:00:00,3.34e-06,3.39e-06,3.36e-06,3.36e-06,52185895569
1772816400,2026-03-06 17:00:00,3.3e-06,3.37e-06,3.36e-06,3.33e-06,102609315762
1772820000,2026-03-06 18:00:00,3.33e-06,3.38e-06,3.33e-06,3.37e-06,33796398211
1772823600,2026-03-06 19:00:00,3.36e-06,3.39e-06,3.37e-06,3.37e-06,24358495429
1772827200,2026-03-06 20:00:00,3.35e-06,3.38e-06,3.37e-06,3.37e-06,32422467974
1772830800,2026-03-06 21:00:00,3.36e-06,3.39e-06,3.37e-06,3.39e-06,11576069353
1772834400,2026-03-06 22:00:00,3.38e-06,3.4e-06,3.39e-06,3.39e-06,7494062554
1772838000,2026-03-06 23:00:00,3.38e-06,3.4e-06,3.39e-06,3.39e-06,35255720144
1772841600,2026-03-07 00:00:00,3.38e-06,3.4e-06,3.38e-06,3.39e-06,31248530698
1772845200,2026-03-07 01:00:00,3.37e-06,3.39e-06,3.38e-06,3.38e-06,28345403548
1772848800,2026-03-07 02:00:00,3.38e-06,3.4e-06,3.38e-06,3.39e-06,20334364005
1772852400,2026-03-07 03:00:00,3.38e-06,3.42e-06,3.4e-06,3.38e-06,54599098897
1772856000,2026-03-07 04:00:00,3.37e-06,3.38e-06,3.38e-06,3.37e-06,22457576500
1772859600,2026-03-07 05:00:00,3.36e-06,3.38e-06,3.38e-06,3.37e-06,14307949051
1772863200,2026-03-07 06:00:00,3.35e-06,3.37e-06,3.36e-06,3.35e-06,49589636120
1772866800,2026-03-07 07:00:00,3.34e-06,3.36e-06,3.35e-06,3.35e-06,18803559373
1772870400,2026-03-07 08:00:00,3.34e-06,3.36e-06,3.36e-06,3.34e-06,3484599764
1772874000,2026-03-07 09:00:00,3.34e-06,3.36e-06,3.34e-06,3.36e-06,3378699642
1772877600,2026-03-07 10:00:00,3.35e-06,3.36e-06,3.36e-06,3.35e-06,6097404474
1772881200,2026-03-07 11:00:00,3.34e-06,3.37e-06,3.35e-06,3.36e-06,2521990417
1772884800,2026-03-07 12:00:00,3.34e-06,3.37e-06,3.36e-06,3.34e-06,11894997455
1772888400,2026-03-07 13:00:00,3.34e-06,3.36e-06,3.35e-06,3.35e-06,26916864195
1772892000,2026-03-07 14:00:00,3.23e-06,3.35e-06,3.35e-06,3.28e-06,227189585448
1772895600,2026-03-07 15:00:00,3.25e-06,3.29e-06,3.28e-06,3.27e-06,28907035638
1772899200,2026-03-07 16:00:00,3.24e-06,3.28e-06,3.28e-06,3.26e-06,28672282270
1772902800,2026-03-07 17:00:00,3.26e-06,3.28e-06,3.26e-06,3.27e-06,34443842017
1772906400,2026-03-07 18:00:00,3.24e-06,3.27e-06,3.26e-06,3.26e-06,89291186984
1772910000,2026-03-07 19:00:00,3.24e-06,3.27e-06,3.26e-06,3.25e-06,24505432340
1772913600,2026-03-07 20:00:00,3.24e-06,3.26e-06,3.25e-06,3.25e-06,19329386585
1772917200,2026-03-07 21:00:00,3.24e-06,3.26e-06,3.25e-06,3.25e-06,9749779475
1772920800,2026-03-07 22:00:00,3.2e-06,3.25e-06,3.25e-06,3.23e-06,84125637952
1772924400,2026-03-07 23:00:00,3.23e-06,3.25e-06,3.23e-06,3.25e-06,23830951758
1772928000,2026-03-08 00:00:00,3.23e-06,3.26e-06,3.25e-06,3.23e-06,50494202092
1772931600,2026-03-08 01:00:00,3.22e-06,3.24e-06,3.23e-06,3.24e-06,50389136377
1772935200,2026-03-08 02:00:00,3.19e-06,3.24e-06,3.24e-06,3.2e-06,63507323708
1772938800,2026-03-08 03:00:00,3.19e-06,3.22e-06,3.19e-06,3.21e-06,37625168110
1772942400,2026-03-08 04:00:00,3.18e-06,3.21e-06,3.2e-06,3.19e-06,54175123909
1772946000,2026-03-08 05:00:00,3.19e-06,3.21e-06,3.19e-06,3.19e-06,52191427592
1772949600,2026-03-08 06:00:00,3.18e-06,3.2e-06,3.19e-06,3.2e-06,16764830883
1772953200,2026-03-08 07:00:00,3.19e-06,3.23e-06,3.2e-06,3.23e-06,32378281451
1772956800,2026-03-08 08:00:00,3.22e-06,3.24e-06,3.23e-06,3.23e-06,11384283189
1772960400,2026-03-08 09:00:00,3.23e-06,3.28e-06,3.23e-06,3.26e-06,45731164189
1772964000,2026-03-08 10:00:00,3.26e-06,3.3e-06,3.26e-06,3.28e-06,24751897651
1772967600,2026-03-08 11:00:00,3.24e-06,3.27e-06,3.27e-06,3.25e-06,22304777423
1772971200,2026-03-08 12:00:00,3.2e-06,3.26e-06,3.25e-06,3.24e-06,43598038059
1772974800,2026-03-08 13:00:00,3.19e-06,3.24e-06,3.23e-06,3.21e-06,25716074452
1772978400,2026-03-08 14:00:00,3.18e-06,3.22e-06,3.21e-06,3.2e-06,18237600702
1772982000,2026-03-08 15:00:00,3.16e-06,3.2e-06,3.19e-06,3.18e-06,32344363557
1772985600,2026-03-08 16:00:00,3.14e-06,3.18e-06,3.18e-06,3.15e-06,26606907726
1772989200,2026-03-08 17:00:00,3.15e-06,3.18e-06,3.15e-06,3.16e-06,18260946130
1772992800,2026-03-08 18:00:00,3.12e-06,3.16e-06,3.16e-06,3.15e-06,90403765349
1772996400,2026-03-08 19:00:00,3.14e-06,3.2e-06,3.15e-06,3.19e-06,39577612195
1773000000,2026-03-08 20:00:00,3.17e-06,3.21e-06,3.19e-06,3.19e-06,28808929328
1773003600,2026-03-08 21:00:00,3.18e-06,3.2e-06,3.2e-06,3.19e-06,30618147613
1773007200,2026-03-08 22:00:00,3.13e-06,3.22e-06,3.19e-06,3.21e-06,103033121578
1773010800,2026-03-08 23:00:00,3.17e-06,3.22e-06,3.21e-06,3.19e-06,42909608561
1773014400,2026-03-09 00:00:00,3.18e-06,3.24e-06,3.18e-06,3.22e-06,27917057052
1773018000,2026-03-09 01:00:00,3.2e-06,3.23e-06,3.22e-06,3.21e-06,28539651788
1773021600,2026-03-09 02:00:00,3.2e-06,3.24e-06,3.22e-06,3.23e-06,46169079788
1773025200,2026-03-09 03:00:00,3.22e-06,3.3e-06,3.22e-06,3.25e-06,71005610878
1773028800,2026-03-09 04:00:00,3.24e-06,3.28e-06,3.25e-06,3.25e-06,27366397713
1773032400,2026-03-09 05:00:00,3.25e-06,3.32e-06,3.26e-06,3.31e-06,44780432582
1773036000,2026-03-09 06:00:00,3.26e-06,3.31e-06,3.31e-06,3.26e-06,15900508951
1773039600,2026-03-09 07:00:00,3.23e-06,3.27e-06,3.27e-06,3.25e-06,17797581829
1773043200,2026-03-09 08:00:00,3.24e-06,3.28e-06,3.25e-06,3.26e-06,36466572468
1773046800,2026-03-09 09:00:00,3.24e-06,3.29e-06,3.26e-06,3.25e-06,22168610845
1773050400,2026-03-09 10:00:00,3.24e-06,3.26e-06,3.25e-06,3.25e-06,10595816874
1773054000,2026-03-09 11:00:00,3.24e-06,3.28e-06,3.24e-06,3.27e-06,20428567041
1773057600,2026-03-09 12:00:00,3.27e-06,3.3e-06,3.27e-06,3.28e-06,24917774677
1773061200,2026-03-09 13:00:00,3.28e-06,3.34e-06,3.28e-06,3.32e-06,56381606136
1773064800,2026-03-09 14:00:00,3.29e-06,3.34e-06,3.32e-06,3.33e-06,46112201611
1773068400,2026-03-09 15:00:00,3.31e-06,3.34e-06,3.33e-06,3.32e-06,53457137896
1773072000,2026-03-09 16:00:00,3.3e-06,3.33e-06,3.32e-06,3.31e-06,43202177692
1773075600,2026-03-09 17:00:00,3.3e-06,3.33e-06,3.31e-06,3.32e-06,20588857161
1773079200,2026-03-09 18:00:00,3.31e-06,3.34e-06,3.32e-06,3.32e-06,24929180646
1773082800,2026-03-09 19:00:00,3.28e-06,3.39e-06,3.31e-06,3.32e-06,102627206808
1773086400,2026-03-09 20:00:00,3.29e-06,3.32e-06,3.32e-06,3.32e-06,27067918168
1773090000,2026-03-09 21:00:00,3.3e-06,3.34e-06,3.32e-06,3.31e-06,39449719730
1773093600,2026-03-09 22:00:00,3.23e-06,3.31e-06,3.31e-06,3.25e-06,140126849329
1773097200,2026-03-09 23:00:00,3.25e-06,3.28e-06,3.25e-06,3.27e-06,14256493679
1773100800,2026-03-10 00:00:00,3.26e-06,3.31e-06,3.27e-06,3.29e-06,43929463587
1773104400,2026-03-10 01:00:00,3.26e-06,3.3e-06,3.29e-06,3.29e-06,17154933835
1773108000,2026-03-10 02:00:00,3.27e-06,3.34e-06,3.29e-06,3.32e-06,38879418475
1773111600,2026-03-10 03:00:00,3.29e-06,3.34e-06,3.32e-06,3.3e-06,34506908791
1773115200,2026-03-10 04:00:00,3.29e-06,3.32e-06,3.3e-06,3.31e-06,35176811086
1773118800,2026-03-10 05:00:00,3.28e-06,3.32e-06,3.31e-06,3.29e-06,19510572428
1773122400,2026-03-10 06:00:00,3.28e-06,3.31e-06,3.29e-06,3.29e-06,24134074759
1773126000,2026-03-10 07:00:00,3.29e-06,3.33e-06,3.29e-06,3.32e-06,45786674781
1773129600,2026-03-10 08:00:00,3.33e-06,3.36e-06,3.33e-06,3.35e-06,43528393147
1773133200,2026-03-10 09:00:00,3.35e-06,3.41e-06,3.35e-06,3.38e-06,50951226114
1773136800,2026-03-10 10:00:00,3.35e-06,3.4e-06,3.38e-06,3.38e-06,33544691459
1773140400,2026-03-10 11:00:00,3.37e-06,3.4e-06,3.39e-06,3.39e-06,23337055643
1773144000,2026-03-10 12:00:00,3.37e-06,3.41e-06,3.38e-06,3.41e-06,38849768293
1773147600,2026-03-10 13:00:00,3.35e-06,3.46e-06,3.41e-06,3.38e-06,137629418220
1773151200,2026-03-10 14:00:00,3.31e-06,3.47e-06,3.38e-06,3.47e-06,201691151796
1773154800,2026-03-10 15:00:00,3.44e-06,3.5e-06,3.47e-06,3.48e-06,461038820289
1773158400,2026-03-10 16:00:00,3.45e-06,3.53e-06,3.48e-06,3.52e-06,74538285179
1773162000,2026-03-10 17:00:00,3.41e-06,3.52e-06,3.51e-06,3.41e-06,55254693816
1773165600,2026-03-10 18:00:00,3.33e-06,3.41e-06,3.41e-06,3.34e-06,119648211454
1773169200,2026-03-10 19:00:00,3.31e-06,3.35e-06,3.34e-06,3.33e-06,41293202654
1773172800,2026-03-10 20:00:00,3.33e-06,3.35e-06,3.33e-06,3.34e-06,25388037727
1773176400,2026-03-10 21:00:00,3.29e-06,3.35e-06,3.34e-06,3.29e-06,51971786038
1773180000,2026-03-10 22:00:00,3.28e-06,3.3e-06,3.29e-06,3.29e-06,31585799417
1773183600,2026-03-10 23:00:00,3.28e-06,3.31e-06,3.29e-06,3.3e-06,21263371497
1773187200,2026-03-11 00:00:00,3.27e-06,3.31e-06,3.29e-06,3.3e-06,19446760743
1773190800,2026-03-11 01:00:00,3.27e-06,3.31e-06,3.3e-06,3.29e-06,16973925452
1773194400,2026-03-11 02:00:00,3.27e-06,3.3e-06,3.29e-06,3.29e-06,13906110514
1773198000,2026-03-11 03:00:00,3.28e-06,3.3e-06,3.29e-06,3.29e-06,16437955187
1773201600,2026-03-11 04:00:00,3.28e-06,3.31e-06,3.29e-06,3.31e-06,11092137599
1773205200,2026-03-11 05:00:00,3.24e-06,3.31e-06,3.31e-06,3.26e-06,15577095874
1773208800,2026-03-11 06:00:00,3.26e-06,3.29e-06,3.26e-06,3.28e-06,21422917843
1773212400,2026-03-11 07:00:00,3.26e-06,3.29e-06,3.28e-06,3.27e-06,20885325341
1773216000,2026-03-11 08:00:00,3.26e-06,3.28e-06,3.27e-06,3.27e-06,9765754239
1773219600,2026-03-11 09:00:00,3.25e-06,3.28e-06,3.27e-06,3.25e-06,11622368680
1773223200,2026-03-11 10:00:00,3.26e-06,3.29e-06,3.26e-06,3.28e-06,13281868885
1773226800,2026-03-11 11:00:00,3.27e-06,3.3e-06,3.28e-06,3.28e-06,19521677944
1773230400,2026-03-11 12:00:00,3.27e-06,3.35e-06,3.28e-06,3.31e-06,139912069151
1773234000,2026-03-11 13:00:00,3.31e-06,3.4e-06,3.31e-06,3.33e-06,378131380178
1773237600,2026-03-11 14:00:00,3.34e-06,3.39e-06,3.34e-06,3.35e-06,103100517378
1773241200,2026-03-11 15:00:00,3.3e-06,3.36e-06,3.36e-06,3.33e-06,56548702141
1773244800,2026-03-11 16:00:00,3.33e-06,3.36e-06,3.34e-06,3.36e-06,56234155846
1773248400,2026-03-11 17:00:00,3.34e-06,3.4e-06,3.36e-06,3.37e-06,67005916663
1773252000,2026-03-11 18:00:00,3.36e-06,3.39e-06,3.37e-06,3.39e-06,31474482442
1773255600,2026-03-11 19:00:00,3.36e-06,3.39e-06,3.39e-06,3.37e-06,20594141513
1773259200,2026-03-11 20:00:00,3.34e-06,3.37e-06,3.37e-06,3.36e-06,20591279219
1773262800,2026-03-11 21:00:00,3.34e-06,3.37e-06,3.36e-06,3.36e-06,18833835396
1773266400,2026-03-11 22:00:00,3.34e-06,3.36e-06,3.36e-06,3.35e-06,22678213354
1773270000,2026-03-11 23:00:00,3.32e-06,3.36e-06,3.36e-06,3.33e-06,13663885274
1773273600,2026-03-12 00:00:00,3.32e-06,3.34e-06,3.33e-06,3.33e-06,24869305658
1773277200,2026-03-12 01:00:00,3.3e-06,3.32e-06,3.32e-06,3.31e-06,20614158695
1773280800,2026-03-12 02:00:00,3.28e-06,3.33e-06,3.32e-06,3.28e-06,47760711000
1773284400,2026-03-12 03:00:00,3.27e-06,3.3e-06,3.29e-06,3.28e-06,20629013825
1773288000,2026-03-12 04:00:00,3.27e-06,3.29e-06,3.28e-06,3.27e-06,19349399951
1773291600,2026-03-12 05:00:00,3.27e-06,3.28e-06,3.28e-06,3.27e-06,12967722217
1773295200,2026-03-12 06:00:00,3.26e-06,3.28e-06,3.27e-06,3.27e-06,16901272024
1773298800,2026-03-12 07:00:00,3.26e-06,3.3e-06,3.27e-06,3.3e-06,15401304792
1773302400,2026-03-12 08:00:00,3.28e-06,3.31e-06,3.3e-06,3.29e-06,24241260355
1773306000,2026-03-12 09:00:00,3.25e-06,3.31e-06,3.29e-06,3.3e-06,26542701244
1773309600,2026-03-12 10:00:00,3.29e-06,3.34e-06,3.3e-06,3.33e-06,17085943045
1773313200,2026-03-12 11:00:00,3.31e-06,3.35e-06,3.33e-06,3.34e-06,27785026566
1773316800,2026-03-12 12:00:00,3.32e-06,3.35e-06,3.33e-06,3.33e-06,25060134403
1773320400,2026-03-12 13:00:00,3.29e-06,3.35e-06,3.33e-06,3.31e-06,62360189391
1773324000,2026-03-12 14:00:00,3.26e-06,3.34e-06,3.31e-06,3.28e-06,92262297793
1773327600,2026-03-12 15:00:00,3.26e-06,3.32e-06,3.28e-06,3.3e-06,43459288510
1773331200,2026-03-12 16:00:00,3.27e-06,3.33e-06,3.3e-06,3.32e-06,52977672487
1773334800,2026-03-12 17:00:00,3.3e-06,3.34e-06,3.32e-06,3.31e-06,29367636691
1773338400,2026-03-12 18:00:00,3.31e-06,3.33e-06,3.31e-06,3.32e-06,19867523467
1773342000,2026-03-12 19:00:00,3.32e-06,3.37e-06,3.32e-06,3.35e-06,31020582093
1773345600,2026-03-12 20:00:00,3.32e-06,3.36e-06,3.35e-06,3.32e-06,14175414261
1773349200,2026-03-12 21:00:00,3.32e-06,3.35e-06,3.32e-06,3.35e-06,9361633162
1773352800,2026-03-12 22:00:00,3.34e-06,3.37e-06,3.36e-06,3.36e-06,37300934220
1773356400,2026-03-12 23:00:00,3.34e-06,3.39e-06,3.36e-06,3.35e-06,40522944862
1773360000,2026-03-13 00:00:00,3.34e-06,3.45e-06,3.35e-06,3.41e-06,100583975216
1773363600,2026-03-13 01:00:00,3.41e-06,3.46e-06,3.42e-06,3.45e-06,48649640335
1773367200,2026-03-13 02:00:00,3.42e-06,3.46e-06,3.46e-06,3.42e-06,19232967249
1773370800,2026-03-13 03:00:00,3.42e-06,3.47e-06,3.43e-06,3.46e-06,29851399557
1773374400,2026-03-13 04:00:00,3.44e-06,3.46e-06,3.45e-06,3.44e-06,9267958492
1773378000,2026-03-13 05:00:00,3.42e-06,3.47e-06,3.43e-06,3.44e-06,28021624711
1773381600,2026-03-13 06:00:00,3.41e-06,3.45e-06,3.45e-06,3.43e-06,21247375482
1773385200,2026-03-13 07:00:00,3.43e-06,3.46e-06,3.43e-06,3.45e-06,19137807339
1773388800,2026-03-13 08:00:00,3.43e-06,3.49e-06,3.45e-06,3.47e-06,26330673052
1773392400,2026-03-13 09:00:00,3.46e-06,3.52e-06,3.46e-06,3.51e-06,33263414791
1773396000,2026-03-13 10:00:00,3.49e-06,3.55e-06,3.5e-06,3.54e-06,57428169784
1773399600,2026-03-13 11:00:00,3.53e-06,3.63e-06,3.53e-06,3.61e-06,142374418738
1773403200,2026-03-13 12:00:00,3.58e-06,3.68e-06,3.6e-06,3.61e-06,156307264398
1773406800,2026-03-13 13:00:00,3.54e-06,3.62e-06,3.61e-06,3.6e-06,242545645308
1773410400,2026-03-13 14:00:00,3.45e-06,3.61e-06,3.6e-06,3.49e-06,265369960844
1773414000,2026-03-13 15:00:00,3.47e-06,3.53e-06,3.48e-06,3.49e-06,109597129705
1773417600,2026-03-13 16:00:00,3.46e-06,3.5e-06,3.49e-06,3.48e-06,106718964383
1773421200,2026-03-13 17:00:00,3.41e-06,3.49e-06,3.47e-06,3.42e-06,76190794916
1773424800,2026-03-13 18:00:00,3.4e-06,3.43e-06,3.42e-06,3.4e-06,27366504395
1773428400,2026-03-13 19:00:00,3.38e-06,3.41e-06,3.4e-06,3.39e-06,49453757905
1773432000,2026-03-13 20:00:00,3.39e-06,3.41e-06,3.39e-06,3.41e-06,63047566988
1773435600,2026-03-13 21:00:00,3.39e-06,3.43e-06,3.41e-06,3.39e-06,21283623894
1773439200,2026-03-13 22:00:00,3.35e-06,3.38e-06,3.38e-06,3.37e-06,68358249995
1773442800,2026-03-13 23:00:00,3.36e-06,3.38e-06,3.37e-06,3.38e-06,24122764953
1773446400,2026-03-14 00:00:00,3.36e-06,3.4e-06,3.37e-06,3.38e-06,45236477928
1773450000,2026-03-14 01:00:00,3.38e-06,3.41e-06,3.38e-06,3.4e-06,22565819569
1773453600,2026-03-14 02:00:00,3.39e-06,3.42e-06,3.4e-06,3.41e-06,41034540485
1773457200,2026-03-14 03:00:00,3.4e-06,3.42e-06,3.41e-06,3.41e-06,12771442755
1773460800,2026-03-14 04:00:00,3.39e-06,3.43e-06,3.4e-06,3.4e-06,37357466505
1773464400,2026-03-14 05:00:00,3.37e-06,3.4e-06,3.4e-06,3.38e-06,10857254707
1773468000,2026-03-14 06:00:00,3.33e-06,3.38e-06,3.37e-06,3.35e-06,104091116549
1773471600,2026-03-14 07:00:00,3.34e-06,3.35e-06,3.35e-06,3.35e-06,4430687261
1773475200,2026-03-14 08:00:00,3.33e-06,3.36e-06,3.35e-06,3.34e-06,20182201562
1773478800,2026-03-14 09:00:00,3.33e-06,3.35e-06,3.34e-06,3.34e-06,23631502379
1773482400,2026-03-14 10:00:00,3.31e-06,3.34e-06,3.33e-06,3.34e-06,28340060235
1773486000,2026-03-14 11:00:00,3.33e-06,3.35e-06,3.33e-06,3.34e-06,34802701319
1773489600,2026-03-14 12:00:00,3.33e-06,3.35e-06,3.34e-06,3.35e-06,20207831689
1773493200,2026-03-14 13:00:00,3.34e-06,3.37e-06,3.35e-06,3.36e-06,11032255348
1773496800,2026-03-14 14:00:00,3.34e-06,3.38e-06,3.36e-06,3.34e-06,11863911352
1773500400,2026-03-14 15:00:00,3.33e-06,3.36e-06,3.34e-06,3.35e-06,13907096558
1773504000,2026-03-14 16:00:00,3.34e-06,3.36e-06,3.34e-06,3.35e-06,4113113490
1773507600,2026-03-14 17:00:00,3.32e-06,3.35e-06,3.35e-06,3.32e-06,25810574565
1773511200,2026-03-14 18:00:00,3.32e-06,3.33e-06,3.32e-06,3.33e-06,2342546994
1773514800,2026-03-14 19:00:00,3.31e-06,3.33e-06,3.33e-06,3.32e-06,5916102188
1773518400,2026-03-14 20:00:00,3.3e-06,3.33e-06,3.32e-06,3.32e-06,25831904293
1773522000,2026-03-14 21:00:00,3.31e-06,3.34e-06,3.32e-06,3.34e-06,22631031983
1773525600,2026-03-14 22:00:00,3.33e-06,3.35e-06,3.34e-06,3.33e-06,25244262917
1773529200,2026-03-14 23:00:00,3.33e-06,3.37e-06,3.33e-06,3.36e-06,46528032899
1773532800,2026-03-15 00:00:00,3.34e-06,3.36e-06,3.36e-06,3.34e-06,16636673183
1773536400,2026-03-15 01:00:00,3.33e-06,3.35e-06,3.34e-06,3.35e-06,9186844680
1773540000,2026-03-15 02:00:00,3.35e-06,3.39e-06,3.35e-06,3.39e-06,31153925378
1773543600,2026-03-15 03:00:00,3.36e-06,3.4e-06,3.4e-06,3.37e-06,11962638062
1773547200,2026-03-15 04:00:00,3.34e-06,3.38e-06,3.37e-06,3.36e-06,24625554377
1773550800,2026-03-15 05:00:00,3.35e-06,3.38e-06,3.36e-06,3.35e-06,7217059663
1773554400,2026-03-15 06:00:00,3.33e-06,3.36e-06,3.36e-06,3.35e-06,15375799629
1773558000,2026-03-15 07:00:00,3.35e-06,3.36e-06,3.35e-06,3.36e-06,3737205562
1773561600,2026-03-15 08:00:00,3.36e-06,3.39e-06,3.36e-06,3.38e-06,18519863101
1773565200,2026-03-15 09:00:00,3.36e-06,3.39e-06,3.38e-06,3.37e-06,14661133282
1773568800,2026-03-15 10:00:00,3.36e-06,3.38e-06,3.37e-06,3.38e-06,5350467488
1773572400,2026-03-15 11:00:00,3.37e-06,3.39e-06,3.37e-06,3.38e-06,6316504907
1773576000,2026-03-15 12:00:00,3.37e-06,3.39e-06,3.38e-06,3.38e-06,31045976357
1773579600,2026-03-15 13:00:00,3.34e-06,3.39e-06,3.38e-06,3.36e-06,65525308354
1773583200,2026-03-15 14:00:00,3.34e-06,3.37e-06,3.36e-06,3.37e-06,23714361876
1773586800,2026-03-15 15:00:00,3.34e-06,3.37e-06,3.37e-06,3.35e-06,8584007814
1773590400,2026-03-15 16:00:00,3.32e-06,3.35e-06,3.34e-06,3.33e-06,26447530252
1773594000,2026-03-15 17:00:00,3.33e-06,3.38e-06,3.33e-06,3.37e-06,39962529337
1773597600,2026-03-15 18:00:00,3.34e-06,3.38e-06,3.37e-06,3.35e-06,27425583632
1773601200,2026-03-15 19:00:00,3.34e-06,3.37e-06,3.34e-06,3.36e-06,7775530401
1773604800,2026-03-15 20:00:00,3.34e-06,3.39e-06,3.36e-06,3.36e-06,12445243518
1773608400,2026-03-15 21:00:00,3.36e-06,3.39e-06,3.36e-06,3.39e-06,17333558719
1773612000,2026-03-15 22:00:00,3.36e-06,3.46e-06,3.38e-06,3.44e-06,83915154084
1773615600,2026-03-15 23:00:00,3.41e-06,3.46e-06,3.45e-06,3.46e-06,96063004797
1773619200,2026-03-16 00:00:00,3.45e-06,3.5e-06,3.47e-06,3.49e-06,50887728005
1773622800,2026-03-16 01:00:00,3.47e-06,3.53e-06,3.5e-06,3.52e-06,49030071397
1773626400,2026-03-16 02:00:00,3.47e-06,3.52e-06,3.5e-06,3.5e-06,58710497048
1773630000,2026-03-16 03:00:00,3.49e-06,3.62e-06,3.49e-06,3.6e-06,178632038353
1773633600,2026-03-16 04:00:00,3.61e-06,3.7e-06,3.61e-06,3.68e-06,143911114777
1773637200,2026-03-16 05:00:00,3.66e-06,3.79e-06,3.68e-06,3.77e-06,249093923727
1773640800,2026-03-16 06:00:00,3.75e-06,3.89e-06,3.77e-06,3.88e-06,297759899053
1773644400,2026-03-16 07:00:00,3.87e-06,4.05e-06,3.89e-06,4.03e-06,460396528696
1773648000,2026-03-16 08:00:00,3.9e-06,4.09e-06,4.03e-06,3.91e-06,494145873103
1773651600,2026-03-16 09:00:00,3.9e-06,4.05e-06,3.91e-06,4.01e-06,322944096217
1773655200,2026-03-16 10:00:00,3.92e-06,4.04e-06,4.02e-06,3.97e-06,261043883435
1773658800,2026-03-16 11:00:00,3.88e-06,3.98e-06,3.96e-06,3.97e-06,169672929017
1773662400,2026-03-16 12:00:00,3.96e-06,4.07e-06,3.97e-06,4.07e-06,202085690037
1773666000,2026-03-16 13:00:00,3.96e-06,4.13e-06,4.06e-06,3.99e-06,367348036223
1773669600,2026-03-16 14:00:00,3.98e-06,4.08e-06,3.99e-06,4.02e-06,536562953351
1773673200,2026-03-16 15:00:00,3.89e-06,4.04e-06,4.02e-06,3.91e-06,198426477009
1773676800,2026-03-16 16:00:00,3.91e-06,3.95e-06,3.91e-06,3.93e-06,101019926066
1773680400,2026-03-16 17:00:00,3.91e-06,3.97e-06,3.92e-06,3.94e-06,96663586365
1773684000,2026-03-16 18:00:00,3.9e-06,4e-06,3.94e-06,3.96e-06,142573816897
1773687600,2026-03-16 19:00:00,3.95e-06,4.03e-06,3.96e-06,4e-06,99431112947
1773691200,2026-03-16 20:00:00,3.97e-06,4.03e-06,3.99e-06,3.97e-06,47536176586
1773694800,2026-03-16 21:00:00,3.93e-06,4.01e-06,3.98e-06,3.96e-06,106046884518
1773698400,2026-03-16 22:00:00,3.95e-06,4.02e-06,3.96e-06,4.01e-06,126312724998
1773702000,2026-03-16 23:00:00,3.98e-06,4.04e-06,4.01e-06,4e-06,74703693450
1773705600,2026-03-17 00:00:00,3.96e-06,4.02e-06,4.01e-06,3.99e-06,160360841511
1773709200,2026-03-17 01:00:00,3.96e-06,4.02e-06,3.99e-06,3.97e-06,84654848537
1773712800,2026-03-17 02:00:00,3.93e-06,4e-06,3.97e-06,3.94e-06,64471809266
1773716400,2026-03-17 03:00:00,3.91e-06,3.96e-06,3.94e-06,3.92e-06,62424603668
1773720000,2026-03-17 04:00:00,3.83e-06,3.93e-06,3.92e-06,3.85e-06,107733419872
1773723600,2026-03-17 05:00:00,3.78e-06,3.85e-06,3.85e-06,3.81e-06,67556025633
1773727200,2026-03-17 06:00:00,3.79e-06,3.84e-06,3.81e-06,3.79e-06,67659040553
1773730800,2026-03-17 07:00:00,3.79e-06,3.82e-06,3.8e-06,3.82e-06,49482356899
1773734400,2026-03-17 08:00:00,3.79e-06,3.83e-06,3.81e-06,3.8e-06,40856175632
1773738000,2026-03-17 09:00:00,3.76e-06,3.8e-06,3.8e-06,3.78e-06,40505035307
1773741600,2026-03-17 10:00:00,3.74e-06,3.79e-06,3.78e-06,3.75e-06,64101556617
1773745200,2026-03-17 11:00:00,3.71e-06,3.76e-06,3.75e-06,3.71e-06,63190598207
1773748800,2026-03-17 12:00:00,3.65e-06,3.73e-06,3.7e-06,3.65e-06,88931684269
1773752400,2026-03-17 13:00:00,3.65e-06,3.71e-06,3.66e-06,3.66e-06,78610003724
1773756000,2026-03-17 14:00:00,3.64e-06,3.71e-06,3.66e-06,3.69e-06,130516304505
1773759600,2026-03-17 15:00:00,3.63e-06,3.73e-06,3.69e-06,3.65e-06,216585543012
1773763200,2026-03-17 16:00:00,3.63e-06,3.68e-06,3.65e-06,3.66e-06,80879908300
1773766800,2026-03-17 17:00:00,3.64e-06,3.7e-06,3.66e-06,3.69e-06,38803817597
1773770400,2026-03-17 18:00:00,3.67e-06,3.73e-06,3.69e-06,3.73e-06,747013858429
1773774000,2026-03-17 19:00:00,3.68e-06,3.75e-06,3.73e-06,3.69e-06,456361665302
1773777600,2026-03-17 20:00:00,3.67e-06,3.7e-06,3.69e-06,3.7e-06,26598286883
1773781200,2026-03-17 21:00:00,3.69e-06,3.73e-06,3.69e-06,3.71e-06,22092740321
1773784800,2026-03-17 22:00:00,3.67e-06,3.73e-06,3.72e-06,3.7e-06,52460183374
1773788400,2026-03-17 23:00:00,3.66e-06,3.71e-06,3.7e-06,3.67e-06,16328321239
1773792000,2026-03-18 00:00:00,3.65e-06,3.69e-06,3.67e-06,3.69e-06,66366163871
1773795600,2026-03-18 01:00:00,3.68e-06,3.71e-06,3.69e-06,3.68e-06,24039616863
1773799200,2026-03-18 02:00:00,3.68e-06,3.75e-06,3.69e-06,3.73e-06,75682404785
1773802800,2026-03-18 03:00:00,3.72e-06,3.8e-06,3.73e-06,3.74e-06,92237481965
1773806400,2026-03-18 04:00:00,3.67e-06,3.74e-06,3.74e-06,3.69e-06,52113370511
1773810000,2026-03-18 05:00:00,3.66e-06,3.73e-06,3.68e-06,3.68e-06,34217263494
1773813600,2026-03-18 06:00:00,3.67e-06,3.7e-06,3.68e-06,3.67e-06,33986476898
1773817200,2026-03-18 07:00:00,3.65e-06,3.68e-06,3.66e-06,3.67e-06,122114362068
1773820800,2026-03-18 08:00:00,3.66e-06,3.69e-06,3.67e-06,3.66e-06,134769882079
1773824400,2026-03-18 09:00:00,3.65e-06,3.68e-06,3.67e-06,3.68e-06,71812488914
1773828000,2026-03-18 10:00:00,3.65e-06,3.68e-06,3.67e-06,3.67e-06,81747112807
1773831600,2026-03-18 11:00:00,3.55e-06,3.68e-06,3.67e-06,3.59e-06,426988614427
1773835200,2026-03-18 12:00:00,3.52e-06,3.59e-06,3.58e-06,3.53e-06,427975132396
1773838800,2026-03-18 13:00:00,3.51e-06,3.55e-06,3.53e-06,3.52e-06,360198237134
1773842400,2026-03-18 14:00:00,3.45e-06,3.53e-06,3.52e-06,3.47e-06,502797969138
1773846000,2026-03-18 15:00:00,3.44e-06,3.5e-06,3.46e-06,3.47e-06,356486559259
1773849600,2026-03-18 16:00:00,3.44e-06,3.47e-06,3.46e-06,3.46e-06,198595404970
1773853200,2026-03-18 17:00:00,3.43e-06,3.49e-06,3.46e-06,3.48e-06,138779072821
1773856800,2026-03-18 18:00:00,3.48e-06,3.54e-06,3.49e-06,3.49e-06,192178698244
1773860400,2026-03-18 19:00:00,3.47e-06,3.51e-06,3.49e-06,3.47e-06,83660976177
1773864000,2026-03-18 20:00:00,3.46e-06,3.52e-06,3.47e-06,3.51e-06,144214348990
1773867600,2026-03-18 21:00:00,3.51e-06,3.53e-06,3.51e-06,3.52e-06,53496843161
1773871200,2026-03-18 22:00:00,3.5e-06,3.52e-06,3.52e-06,3.51e-06,65055377071
1773874800,2026-03-18 23:00:00,3.5e-06,3.53e-06,3.51e-06,3.52e-06,63038427350
1773878400,2026-03-19 00:00:00,3.51e-06,3.53e-06,3.53e-06,3.51e-06,56081816855
1773882000,2026-03-19 01:00:00,3.51e-06,3.53e-06,3.52e-06,3.51e-06,63917429512
1773885600,2026-03-19 02:00:00,3.5e-06,3.53e-06,3.5e-06,3.52e-06,59963470853
1773889200,2026-03-19 03:00:00,3.52e-06,3.57e-06,3.52e-06,3.52e-06,119068318444
1773892800,2026-03-19 04:00:00,3.48e-06,3.52e-06,3.52e-06,3.49e-06,85363613799
1773896400,2026-03-19 05:00:00,3.47e-06,3.5e-06,3.49e-06,3.47e-06,61231752796
1773900000,2026-03-19 06:00:00,3.46e-06,3.48e-06,3.47e-06,3.47e-06,53549596829
1773903600,2026-03-19 07:00:00,3.43e-06,3.48e-06,3.47e-06,3.46e-06,144028329878
1773907200,2026-03-19 08:00:00,3.44e-06,3.47e-06,3.46e-06,3.46e-06,163583748970
1773910800,2026-03-19 09:00:00,3.45e-06,3.49e-06,3.46e-06,3.48e-06,107543477210
1773914400,2026-03-19 10:00:00,3.46e-06,3.48e-06,3.48e-06,3.46e-06,17252860397
1773918000,2026-03-19 11:00:00,3.44e-06,3.47e-06,3.46e-06,3.44e-06,43395443985
1773921600,2026-03-19 12:00:00,3.35e-06,3.45e-06,3.45e-06,3.38e-06,449871741867
1773925200,2026-03-19 13:00:00,3.37e-06,3.42e-06,3.38e-06,3.41e-06,197094485563
1773928800,2026-03-19 14:00:00,3.38e-06,3.42e-06,3.41e-06,3.39e-06,78308929297
1773932400,2026-03-19 15:00:00,3.36e-06,3.41e-06,3.39e-06,3.4e-06,57913576727
1773936000,2026-03-19 16:00:00,3.32e-06,3.39e-06,3.39e-06,3.34e-06,1429410929644
1773939600,2026-03-19 17:00:00,3.32e-06,3.38e-06,3.34e-06,3.36e-06,207043189586
1773943200,2026-03-19 18:00:00,3.36e-06,3.38e-06,3.37e-06,3.38e-06,52814038528
1773946800,2026-03-19 19:00:00,3.38e-06,3.42e-06,3.38e-06,3.4e-06,124120135525
1773950400,2026-03-19 20:00:00,3.39e-06,3.41e-06,3.39e-06,3.4e-06,35814608640
1773954000,2026-03-19 21:00:00,3.4e-06,3.42e-06,3.41e-06,3.41e-06,23675279001
1773957600,2026-03-19 22:00:00,3.39e-06,3.42e-06,3.41e-06,3.42e-06,79398327138
1773961200,2026-03-19 23:00:00,3.4e-06,3.42e-06,3.41e-06,3.41e-06,49633789587
1773964800,2026-03-20 00:00:00,3.4e-06,3.43e-06,3.41e-06,3.43e-06,56576411634
1773968400,2026-03-20 01:00:00,3.42e-06,3.46e-06,3.44e-06,3.44e-06,55955923599
1773972000,2026-03-20 02:00:00,3.42e-06,3.44e-06,3.44e-06,3.42e-06,30748485446
1773975600,2026-03-20 03:00:00,3.42e-06,3.45e-06,3.42e-06,3.42e-06,41737096033
1773979200,2026-03-20 04:00:00,3.42e-06,3.45e-06,3.43e-06,3.45e-06,66179669453
1773982800,2026-03-20 05:00:00,3.45e-06,3.48e-06,3.45e-06,3.47e-06,48900399880
1773986400,2026-03-20 06:00:00,3.45e-06,3.48e-06,3.47e-06,3.45e-06,39855324127
1773990000,2026-03-20 07:00:00,3.42e-06,3.46e-06,3.44e-06,3.45e-06,35006142284
1773993600,2026-03-20 08:00:00,3.45e-06,3.47e-06,3.45e-06,3.45e-06,34597325720
1773997200,2026-03-20 09:00:00,3.43e-06,3.45e-06,3.44e-06,3.43e-06,23608126997
1774000800,2026-03-20 10:00:00,3.42e-06,3.45e-06,3.43e-06,3.44e-06,17722561345
1774004400,2026-03-20 11:00:00,3.42e-06,3.46e-06,3.45e-06,3.43e-06,17132269522
1774008000,2026-03-20 12:00:00,3.41e-06,3.44e-06,3.43e-06,3.42e-06,21155143187
1774011600,2026-03-20 13:00:00,3.4e-06,3.44e-06,3.42e-06,3.4e-06,70690788442
1774015200,2026-03-20 14:00:00,3.39e-06,3.43e-06,3.4e-06,3.41e-06,79212095669
1774018800,2026-03-20 15:00:00,3.39e-06,3.45e-06,3.41e-06,3.45e-06,39976127657
1774022400,2026-03-20 16:00:00,3.4e-06,3.45e-06,3.44e-06,3.43e-06,45444890462
1774026000,2026-03-20 17:00:00,3.4e-06,3.44e-06,3.43e-06,3.43e-06,42852847000
1774029600,2026-03-20 18:00:00,3.39e-06,3.44e-06,3.42e-06,3.4e-06,29575424915
1774033200,2026-03-20 19:00:00,3.37e-06,3.41e-06,3.4e-06,3.4e-06,33186899312
1774036800,2026-03-20 20:00:00,3.38e-06,3.41e-06,3.4e-06,3.41e-06,18434347021
1774040400,2026-03-20 21:00:00,3.4e-06,3.44e-06,3.41e-06,3.43e-06,26208333262
1774044000,2026-03-20 22:00:00,3.43e-06,3.45e-06,3.44e-06,3.43e-06,13574454344
1774047600,2026-03-20 23:00:00,3.41e-06,3.42e-06,3.42e-06,3.41e-06,12436211127
1774051200,2026-03-21 00:00:00,3.41e-06,3.43e-06,3.41e-06,3.43e-06,15724508797
1774054800,2026-03-21 01:00:00,3.41e-06,3.44e-06,3.43e-06,3.41e-06,17883758028
1774058400,2026-03-21 02:00:00,3.42e-06,3.44e-06,3.42e-06,3.43e-06,25961922238
1774062000,2026-03-21 03:00:00,3.43e-06,3.44e-06,3.43e-06,3.44e-06,12289065518
1774065600,2026-03-21 04:00:00,3.42e-06,3.44e-06,3.44e-06,3.44e-06,8621370741
1774069200,2026-03-21 05:00:00,3.44e-06,3.46e-06,3.44e-06,3.44e-06,15809482677
1774072800,2026-03-21 06:00:00,3.44e-06,3.45e-06,3.44e-06,3.44e-06,21936936330
1774076400,2026-03-21 07:00:00,3.42e-06,3.44e-06,3.44e-06,3.43e-06,9471086555
1774080000,2026-03-21 08:00:00,3.42e-06,3.43e-06,3.42e-06,3.43e-06,5499769011
1774083600,2026-03-21 09:00:00,3.42e-06,3.44e-06,3.43e-06,3.42e-06,15032668883
1774087200,2026-03-21 10:00:00,3.41e-06,3.43e-06,3.43e-06,3.42e-06,2648773965
1774090800,2026-03-21 11:00:00,3.4e-06,3.42e-06,3.42e-06,3.42e-06,16136108834
1774094400,2026-03-21 12:00:00,3.41e-06,3.42e-06,3.41e-06,3.42e-06,1977812801
1774098000,2026-03-21 13:00:00,3.41e-06,3.42e-06,3.41e-06,3.41e-06,9982781368
1774101600,2026-03-21 14:00:00,3.41e-06,3.43e-06,3.42e-06,3.42e-06,33684599236
1774105200,2026-03-21 15:00:00,3.42e-06,3.45e-06,3.42e-06,3.45e-06,21334473209
1774108800,2026-03-21 16:00:00,3.42e-06,3.45e-06,3.45e-06,3.42e-06,16655882979
1774112400,2026-03-21 17:00:00,3.41e-06,3.43e-06,3.43e-06,3.41e-06,10845138903
1774116000,2026-03-21 18:00:00,3.4e-06,3.42e-06,3.41e-06,3.41e-06,2653407686
1774119600,2026-03-21 19:00:00,3.4e-06,3.41e-06,3.41e-06,3.4e-06,898264050
1774123200,2026-03-21 20:00:00,3.41e-06,3.44e-06,3.41e-06,3.44e-06,31770408509
1774126800,2026-03-21 21:00:00,3.42e-06,3.44e-06,3.43e-06,3.42e-06,32996165909
1774130400,2026-03-21 22:00:00,3.42e-06,3.44e-06,3.43e-06,3.43e-06,27930333412
1774134000,2026-03-21 23:00:00,3.29e-06,3.43e-06,3.43e-06,3.3e-06,217786113100
1774137600,2026-03-22 00:00:00,3.25e-06,3.34e-06,3.3e-06,3.33e-06,203176536211
1774141200,2026-03-22 01:00:00,3.31e-06,3.34e-06,3.33e-06,3.33e-06,97985694593
1774144800,2026-03-22 02:00:00,3.32e-06,3.35e-06,3.33e-06,3.34e-06,16352451451
1774148400,2026-03-22 03:00:00,3.33e-06,3.37e-06,3.33e-06,3.35e-06,17816136347
1774152000,2026-03-22 04:00:00,3.34e-06,3.37e-06,3.36e-06,3.36e-06,27192105663
1774155600,2026-03-22 05:00:00,3.35e-06,3.37e-06,3.36e-06,3.35e-06,35667751085
1774159200,2026-03-22 06:00:00,3.33e-06,3.35e-06,3.35e-06,3.34e-06,27735488098
1774162800,2026-03-22 07:00:00,3.32e-06,3.35e-06,3.34e-06,3.32e-06,59108364259
1774166400,2026-03-22 08:00:00,3.29e-06,3.32e-06,3.32e-06,3.32e-06,36200929133
1774170000,2026-03-22 09:00:00,3.3e-06,3.33e-06,3.31e-06,3.31e-06,30008556154
1774173600,2026-03-22 10:00:00,3.29e-06,3.31e-06,3.31e-06,3.3e-06,12627268235
1774177200,2026-03-22 11:00:00,3.29e-06,3.3e-06,3.3e-06,3.29e-06,24968701373
1774180800,2026-03-22 12:00:00,3.29e-06,3.33e-06,3.29e-06,3.31e-06,16960690992
1774184400,2026-03-22 13:00:00,3.3e-06,3.33e-06,3.31e-06,3.31e-06,28933867364
1774188000,2026-03-22 14:00:00,3.3e-06,3.32e-06,3.31e-06,3.31e-06,21327408231
1774191600,2026-03-22 15:00:00,3.3e-06,3.32e-06,3.31e-06,3.31e-06,14731689855
1774195200,2026-03-22 16:00:00,3.29e-06,3.32e-06,3.3e-06,3.31e-06,7851807390
1774198800,2026-03-22 17:00:00,3.3e-06,3.31e-06,3.31e-06,3.3e-06,11739487390
1774202400,2026-03-22 18:00:00,3.27e-06,3.3e-06,3.3e-06,3.29e-06,32921920543
1774206000,2026-03-22 19:00:00,3.25e-06,3.28e-06,3.28e-06,3.27e-06,51033741675
1774209600,2026-03-22 20:00:00,3.26e-06,3.29e-06,3.27e-06,3.27e-06,11088641401
1774213200,2026-03-22 21:00:00,3.22e-06,3.27e-06,3.27e-06,3.25e-06,105499715538
1774216800,2026-03-22 22:00:00,3.23e-06,3.3e-06,3.24e-06,3.3e-06,77754846194
1774220400,2026-03-22 23:00:00,3.28e-06,3.31e-06,3.29e-06,3.28e-06,87635534823
1774224000,2026-03-23 00:00:00,3.27e-06,3.3e-06,3.28e-06,3.28e-06,49142424413
1774227600,2026-03-23 01:00:00,3.29e-06,3.33e-06,3.29e-06,3.3e-06,43086052810
1774231200,2026-03-23 02:00:00,3.29e-06,3.33e-06,3.3e-06,3.33e-06,30741154337
1774234800,2026-03-23 03:00:00,3.31e-06,3.35e-06,3.33e-06,3.32e-06,37800456269
1774238400,2026-03-23 04:00:00,3.32e-06,3.35e-06,3.32e-06,3.35e-06,33990840826
1774242000,2026-03-23 05:00:00,3.33e-06,3.35e-06,3.35e-06,3.34e-06,10623826289
1774245600,2026-03-23 06:00:00,3.3e-06,3.34e-06,3.33e-06,3.3e-06,52424940593
1774249200,2026-03-23 07:00:00,3.27e-06,3.3e-06,3.3e-06,3.28e-06,47107069931
1774252800,2026-03-23 08:00:00,3.27e-06,3.3e-06,3.28e-06,3.27e-06,30801036091
1774256400,2026-03-23 09:00:00,3.24e-06,3.29e-06,3.28e-06,3.29e-06,37534081541
1774260000,2026-03-23 10:00:00,3.27e-06,3.31e-06,3.29e-06,3.28e-06,12333889604
1774263600,2026-03-23 11:00:00,3.28e-06,3.49e-06,3.29e-06,3.38e-06,316886656953
1774267200,2026-03-23 12:00:00,3.36e-06,3.42e-06,3.39e-06,3.42e-06,92317025387
1774270800,2026-03-23 13:00:00,3.38e-06,3.45e-06,3.42e-06,3.45e-06,79628929203
1774274400,2026-03-23 14:00:00,3.43e-06,3.49e-06,3.45e-06,3.48e-06,69754348067
1774278000,2026-03-23 15:00:00,3.44e-06,3.57e-06,3.48e-06,3.45e-06,274196023409
1774281600,2026-03-23 16:00:00,3.41e-06,3.47e-06,3.46e-06,3.47e-06,78907202399
1774285200,2026-03-23 17:00:00,3.45e-06,3.51e-06,3.47e-06,3.5e-06,104321215983
1774288800,2026-03-23 18:00:00,3.48e-06,3.53e-06,3.51e-06,3.53e-06,80489175084
1774292400,2026-03-23 19:00:00,3.48e-06,3.54e-06,3.53e-06,3.49e-06,42466446964
1774296000,2026-03-23 20:00:00,3.48e-06,3.53e-06,3.49e-06,3.52e-06,49565302078
1774299600,2026-03-23 21:00:00,3.49e-06,3.52e-06,3.52e-06,3.49e-06,64794178781
1774303200,2026-03-23 22:00:00,3.44e-06,3.49e-06,3.49e-06,3.46e-06,61798147134
1774306800,2026-03-23 23:00:00,3.42e-06,3.46e-06,3.45e-06,3.46e-06,65777519786
1774310400,2026-03-24 00:00:00,3.4e-06,3.47e-06,3.46e-06,3.42e-06,67445520999
1774314000,2026-03-24 01:00:00,3.38e-06,3.43e-06,3.42e-06,3.4e-06,38987011778
1774317600,2026-03-24 02:00:00,3.4e-06,3.44e-06,3.4e-06,3.4e-06,30269438044
1774321200,2026-03-24 03:00:00,3.4e-06,3.43e-06,3.4e-06,3.43e-06,13481601490
1774324800,2026-03-24 04:00:00,3.4e-06,3.44e-06,3.43e-06,3.4e-06,27602498545
1774328400,2026-03-24 05:00:00,3.4e-06,3.42e-06,3.4e-06,3.42e-06,21205595479
1774332000,2026-03-24 06:00:00,3.41e-06,3.43e-06,3.41e-06,3.42e-06,23135595729
1774335600,2026-03-24 07:00:00,3.42e-06,3.49e-06,3.42e-06,3.48e-06,37487526859
1774339200,2026-03-24 08:00:00,3.47e-06,3.49e-06,3.48e-06,3.48e-06,16128550524
1774342800,2026-03-24 09:00:00,3.45e-06,3.48e-06,3.48e-06,3.47e-06,27946742134
1774346400,2026-03-24 10:00:00,3.43e-06,3.47e-06,3.47e-06,3.44e-06,12237959227
1774350000,2026-03-24 11:00:00,3.4e-06,3.44e-06,3.43e-06,3.42e-06,32288137025
1774353600,2026-03-24 12:00:00,3.41e-06,3.43e-06,3.41e-06,3.43e-06,11443826291
1774357200,2026-03-24 13:00:00,3.4e-06,3.44e-06,3.43e-06,3.42e-06,67810787312
1774360800,2026-03-24 14:00:00,3.37e-06,3.43e-06,3.42e-06,3.42e-06,137700482766
1774364400,2026-03-24 15:00:00,3.41e-06,3.44e-06,3.42e-06,3.41e-06,25311448197
1774368000,2026-03-24 16:00:00,3.4e-06,3.43e-06,3.41e-06,3.41e-06,43909574334
1774371600,2026-03-24 17:00:00,3.38e-06,3.42e-06,3.41e-06,3.4e-06,41671670168
1774375200,2026-03-24 18:00:00,3.39e-06,3.44e-06,3.39e-06,3.43e-06,26118947310
1774378800,2026-03-24 19:00:00,3.42e-06,3.44e-06,3.43e-06,3.42e-06,18589607041
1774382400,2026-03-24 20:00:00,3.42e-06,3.5e-06,3.42e-06,3.48e-06,61714232485
1774386000,2026-03-24 21:00:00,3.45e-06,3.49e-06,3.49e-06,3.49e-06,23253712357
1774389600,2026-03-24 22:00:00,3.48e-06,3.5e-06,3.48e-06,3.49e-06,34991822025
1774393200,2026-03-24 23:00:00,3.48e-06,3.54e-06,3.49e-06,3.54e-06,23554303455
1774396800,2026-03-25 00:00:00,3.5e-06,3.55e-06,3.53e-06,3.53e-06,27472424515
1774400400,2026-03-25 01:00:00,3.5e-06,3.53e-06,3.53e-06,3.52e-06,29436299183
1774404000,2026-03-25 02:00:00,3.49e-06,3.52e-06,3.52e-06,3.5e-06,12798543882
1774407600,2026-03-25 03:00:00,3.49e-06,3.53e-06,3.5e-06,3.53e-06,20961379845
1774411200,2026-03-25 04:00:00,3.51e-06,3.55e-06,3.52e-06,3.55e-06,19508075362
1774414800,2026-03-25 05:00:00,3.54e-06,3.59e-06,3.56e-06,3.55e-06,63098932761
1774418400,2026-03-25 06:00:00,3.55e-06,3.61e-06,3.56e-06,3.59e-06,62491200526
1774422000,2026-03-25 07:00:00,3.57e-06,3.61e-06,3.59e-06,3.57e-06,50592569938
1774425600,2026-03-25 08:00:00,3.57e-06,3.59e-06,3.58e-06,3.57e-06,46505443338
1774429200,2026-03-25 09:00:00,3.54e-06,3.57e-06,3.56e-06,3.55e-06,9067889366
1774432800,2026-03-25 10:00:00,3.53e-06,3.56e-06,3.55e-06,3.55e-06,18007263582
1774436400,2026-03-25 11:00:00,3.53e-06,3.57e-06,3.55e-06,3.56e-06,41184194247
1774440000,2026-03-25 12:00:00,3.53e-06,3.59e-06,3.56e-06,3.58e-06,27051579821
1774443600,2026-03-25 13:00:00,3.56e-06,3.6e-06,3.58e-06,3.56e-06,57880859551
1774447200,2026-03-25 14:00:00,3.54e-06,3.57e-06,3.56e-06,3.55e-06,62916441976
1774450800,2026-03-25 15:00:00,3.5e-06,3.55e-06,3.54e-06,3.52e-06,55753688635
1774454400,2026-03-25 16:00:00,3.51e-06,3.56e-06,3.51e-06,3.54e-06,42631452769
1774458000,2026-03-25 17:00:00,3.52e-06,3.55e-06,3.54e-06,3.53e-06,37022853020
1774461600,2026-03-25 18:00:00,3.53e-06,3.56e-06,3.53e-06,3.53e-06,26506892351
1774465200,2026-03-25 19:00:00,3.52e-06,3.54e-06,3.53e-06,3.53e-06,23254420909
1774468800,2026-03-25 20:00:00,3.5e-06,3.53e-06,3.53e-06,3.51e-06,21758688565
1774472400,2026-03-25 21:00:00,3.51e-06,3.53e-06,3.51e-06,3.51e-06,24472642825
1774476000,2026-03-25 22:00:00,3.51e-06,3.54e-06,3.52e-06,3.53e-06,17099329685
1774479600,2026-03-25 23:00:00,3.52e-06,3.54e-06,3.53e-06,3.54e-06,31745436051
1774483200,2026-03-26 00:00:00,3.51e-06,3.54e-06,3.54e-06,3.52e-06,39759716101
1774486800,2026-03-26 01:00:00,3.51e-06,3.53e-06,3.53e-06,3.52e-06,18276538359
1774490400,2026-03-26 02:00:00,3.48e-06,3.52e-06,3.52e-06,3.5e-06,63331671540
1774494000,2026-03-26 03:00:00,3.47e-06,3.5e-06,3.49e-06,3.49e-06,8273224332
1774497600,2026-03-26 04:00:00,3.47e-06,3.49e-06,3.49e-06,3.47e-06,14076724433
1774501200,2026-03-26 05:00:00,3.44e-06,3.49e-06,3.48e-06,3.44e-06,48344596718
1774504800,2026-03-26 06:00:00,3.42e-06,3.45e-06,3.44e-06,3.43e-06,12815316367
1774508400,2026-03-26 07:00:00,3.42e-06,3.45e-06,3.44e-06,3.44e-06,7389251481
1774512000,2026-03-26 08:00:00,3.43e-06,3.45e-06,3.45e-06,3.43e-06,53402193459
1774515600,2026-03-26 09:00:00,3.39e-06,3.44e-06,3.43e-06,3.41e-06,84486768109
1774519200,2026-03-26 10:00:00,3.4e-06,3.42e-06,3.41e-06,3.41e-06,61469834648
1774522800,2026-03-26 11:00:00,3.39e-06,3.42e-06,3.41e-06,3.39e-06,83623322018
1774526400,2026-03-26 12:00:00,3.38e-06,3.4e-06,3.38e-06,3.4e-06,47962544627
1774530000,2026-03-26 13:00:00,3.4e-06,3.44e-06,3.4e-06,3.43e-06,191110200263
1774533600,2026-03-26 14:00:00,3.41e-06,3.43e-06,3.42e-06,3.42e-06,189264134064
1774537200,2026-03-26 15:00:00,3.37e-06,3.42e-06,3.42e-06,3.38e-06,202748906222
1774540800,2026-03-26 16:00:00,3.37e-06,3.39e-06,3.38e-06,3.38e-06,121228092469
1774544400,2026-03-26 17:00:00,3.36e-06,3.4e-06,3.38e-06,3.37e-06,102818298029
1774548000,2026-03-26 18:00:00,3.36e-06,3.38e-06,3.37e-06,3.38e-06,94723909360
1774551600,2026-03-26 19:00:00,3.36e-06,3.38e-06,3.37e-06,3.38e-06,49944529904
1774555200,2026-03-26 20:00:00,3.37e-06,3.44e-06,3.37e-06,3.41e-06,145567094751
1774558800,2026-03-26 21:00:00,3.41e-06,3.45e-06,3.42e-06,3.41e-06,126074343338
1774562400,2026-03-26 22:00:00,3.41e-06,3.43e-06,3.42e-06,3.43e-06,148431415292
1774566000,2026-03-26 23:00:00,3.4e-06,3.43e-06,3.42e-06,3.41e-06,40064508064
1774569600,2026-03-27 00:00:00,3.39e-06,3.41e-06,3.4e-06,3.41e-06,88609310047
1774573200,2026-03-27 01:00:00,3.41e-06,3.42e-06,3.41e-06,3.42e-06,61216011548
1774576800,2026-03-27 02:00:00,3.41e-06,3.44e-06,3.42e-06,3.42e-06,66226547500
1774580400,2026-03-27 03:00:00,3.39e-06,3.41e-06,3.41e-06,3.39e-06,25229009122
1774584000,2026-03-27 04:00:00,3.37e-06,3.4e-06,3.39e-06,3.39e-06,40952567794
1774587600,2026-03-27 05:00:00,3.37e-06,3.41e-06,3.39e-06,3.38e-06,62783320439
1774591200,2026-03-27 06:00:00,3.37e-06,3.39e-06,3.38e-06,3.37e-06,60043474518
1774594800,2026-03-27 07:00:00,3.38e-06,3.4e-06,3.38e-06,3.4e-06,90461207882
1774598400,2026-03-27 08:00:00,3.34e-06,3.41e-06,3.4e-06,3.37e-06,111253411030
1774602000,2026-03-27 09:00:00,3.34e-06,3.38e-06,3.38e-06,3.35e-06,82499933977
1774605600,2026-03-27 10:00:00,3.26e-06,3.36e-06,3.35e-06,3.26e-06,227833249626
1774609200,2026-03-27 11:00:00,3.25e-06,3.29e-06,3.27e-06,3.28e-06,204163894874
1774612800,2026-03-27 12:00:00,3.26e-06,3.28e-06,3.28e-06,3.28e-06,133987337690
1774616400,2026-03-27 13:00:00,3.26e-06,3.3e-06,3.28e-06,3.27e-06,270841415562
1774620000,2026-03-27 14:00:00,3.25e-06,3.29e-06,3.28e-06,3.29e-06,497733307916
1774623600,2026-03-27 15:00:00,3.27e-06,3.33e-06,3.29e-06,3.3e-06,213521190209
1774627200,2026-03-27 16:00:00,3.28e-06,3.31e-06,3.3e-06,3.29e-06,201971788153
1774630800,2026-03-27 17:00:00,3.28e-06,3.31e-06,3.29e-06,3.29e-06,181057661226
1774634400,2026-03-27 18:00:00,3.26e-06,3.29e-06,3.29e-06,3.27e-06,113514810764
1774638000,2026-03-27 19:00:00,3.26e-06,3.3e-06,3.27e-06,3.28e-06,44158662861
1774641600,2026-03-27 20:00:00,3.26e-06,3.29e-06,3.29e-06,3.28e-06,40149231691
1774645200,2026-03-27 21:00:00,3.27e-06,3.3e-06,3.29e-06,3.27e-06,21524656879
1774648800,2026-03-27 22:00:00,3.26e-06,3.28e-06,3.28e-06,3.26e-06,61902490036
1774652400,2026-03-27 23:00:00,3.26e-06,3.28e-06,3.27e-06,3.27e-06,48443471814
1774656000,2026-03-28 00:00:00,3.27e-06,3.29e-06,3.27e-06,3.28e-06,56238409446
1774659600,2026-03-28 01:00:00,3.26e-06,3.28e-06,3.28e-06,3.27e-06,160524045952
1774663200,2026-03-28 02:00:00,3.25e-06,3.28e-06,3.28e-06,3.27e-06,58868489679
1774666800,2026-03-28 03:00:00,3.25e-06,3.27e-06,3.26e-06,3.26e-06,44695904182
1774670400,2026-03-28 04:00:00,3.25e-06,3.27e-06,3.26e-06,3.27e-06,39899543981
1774674000,2026-03-28 05:00:00,3.26e-06,3.28e-06,3.27e-06,3.28e-06,56758218293
1774677600,2026-03-28 06:00:00,3.28e-06,3.31e-06,3.28e-06,3.29e-06,83816286128
1774681200,2026-03-28 07:00:00,3.28e-06,3.33e-06,3.28e-06,3.33e-06,74830814479
1774684800,2026-03-28 08:00:00,3.31e-06,3.33e-06,3.33e-06,3.32e-06,35664159452
1774688400,2026-03-28 09:00:00,3.31e-06,3.33e-06,3.31e-06,3.33e-06,6019625831
1774692000,2026-03-28 10:00:00,3.31e-06,3.36e-06,3.34e-06,3.32e-06,19428524697
1774695600,2026-03-28 11:00:00,3.31e-06,3.33e-06,3.32e-06,3.32e-06,2734227680
1774699200,2026-03-28 12:00:00,3.31e-06,3.34e-06,3.33e-06,3.32e-06,8143254598
1774702800,2026-03-28 13:00:00,3.31e-06,3.37e-06,3.31e-06,3.36e-06,33941905972
1774706400,2026-03-28 14:00:00,3.34e-06,3.38e-06,3.35e-06,3.36e-06,45335223443
1774710000,2026-03-28 15:00:00,3.35e-06,3.41e-06,3.35e-06,3.37e-06,79951733894
1774713600,2026-03-28 16:00:00,3.34e-06,3.37e-06,3.37e-06,3.35e-06,39125368141
1774717200,2026-03-28 17:00:00,3.34e-06,3.36e-06,3.35e-06,3.34e-06,11685499276
1774720800,2026-03-28 18:00:00,3.34e-06,3.36e-06,3.35e-06,3.34e-06,4101943800
1774724400,2026-03-28 19:00:00,3.33e-06,3.35e-06,3.35e-06,3.35e-06,5591533815
1774728000,2026-03-28 20:00:00,3.34e-06,3.35e-06,3.35e-06,3.34e-06,5067687271
1774731600,2026-03-28 21:00:00,3.31e-06,3.34e-06,3.34e-06,3.31e-06,3941199242
1774735200,2026-03-28 22:00:00,3.3e-06,3.33e-06,3.31e-06,3.31e-06,10381530383
1774738800,2026-03-28 23:00:00,3.27e-06,3.32e-06,3.31e-06,3.28e-06,54450041420
1774742400,2026-03-29 00:00:00,3.27e-06,3.29e-06,3.28e-06,3.29e-06,58574650520
1774746000,2026-03-29 01:00:00,3.28e-06,3.3e-06,3.29e-06,3.3e-06,46926220548
1774749600,2026-03-29 02:00:00,3.3e-06,3.31e-06,3.3e-06,3.3e-06,32366238219
1774753200,2026-03-29 03:00:00,3.3e-06,3.33e-06,3.31e-06,3.31e-06,11420543645
1774756800,2026-03-29 04:00:00,3.31e-06,3.32e-06,3.32e-06,3.31e-06,5649897779
1774760400,2026-03-29 05:00:00,3.3e-06,3.32e-06,3.32e-06,3.31e-06,13111976179
1774764000,2026-03-29 06:00:00,3.3e-06,3.32e-06,3.31e-06,3.31e-06,7091314318
1774767600,2026-03-29 07:00:00,3.29e-06,3.32e-06,3.31e-06,3.3e-06,19253441195
1774771200,2026-03-29 08:00:00,3.29e-06,3.31e-06,3.3e-06,3.3e-06,5251217966
1774774800,2026-03-29 09:00:00,3.28e-06,3.31e-06,3.3e-06,3.28e-06,2740492911
1774778400,2026-03-29 10:00:00,3.27e-06,3.29e-06,3.28e-06,3.28e-06,2820251552
1774782000,2026-03-29 11:00:00,3.28e-06,3.3e-06,3.29e-06,3.3e-06,2690671661
1774785600,2026-03-29 12:00:00,3.26e-06,3.3e-06,3.3e-06,3.28e-06,10982180806
1774789200,2026-03-29 13:00:00,3.24e-06,3.28e-06,3.28e-06,3.25e-06,58231351935
1774792800,2026-03-29 14:00:00,3.24e-06,3.27e-06,3.25e-06,3.27e-06,7013394012
1774796400,2026-03-29 15:00:00,3.25e-06,3.27e-06,3.26e-06,3.26e-06,15721219549
1774800000,2026-03-29 16:00:00,3.25e-06,3.27e-06,3.26e-06,3.26e-06,2235342566
1774803600,2026-03-29 17:00:00,3.25e-06,3.26e-06,3.25e-06,3.25e-06,3154323092
1774807200,2026-03-29 18:00:00,3.25e-06,3.27e-06,3.26e-06,3.26e-06,2802963514
1774810800,2026-03-29 19:00:00,3.26e-06,3.27e-06,3.26e-06,3.26e-06,9210256339
1774814400,2026-03-29 20:00:00,3.27e-06,3.31e-06,3.27e-06,3.3e-06,49354938102
1774818000,2026-03-29 21:00:00,3.29e-06,3.32e-06,3.31e-06,3.31e-06,5724923200
1774821600,2026-03-29 22:00:00,3.17e-06,3.3e-06,3.3e-06,3.24e-06,195651083605
1774825200,2026-03-29 23:00:00,3.24e-06,3.28e-06,3.24e-06,3.27e-06,72748949871
1774828800,2026-03-30 00:00:00,3.27e-06,3.35e-06,3.28e-06,3.31e-06,61395122721
1774832400,2026-03-30 01:00:00,3.31e-06,3.34e-06,3.32e-06,3.33e-06,33694198776
1774836000,2026-03-30 02:00:00,3.32e-06,3.37e-06,3.33e-06,3.34e-06,71611879083
1774839600,2026-03-30 03:00:00,3.33e-06,3.35e-06,3.34e-06,3.35e-06,17938276562
1774843200,2026-03-30 04:00:00,3.34e-06,3.37e-06,3.35e-06,3.35e-06,47167296379
1774846800,2026-03-30 05:00:00,3.35e-06,3.39e-06,3.35e-06,3.38e-06,31164097392
1774850400,2026-03-30 06:00:00,3.37e-06,3.39e-06,3.38e-06,3.37e-06,22151413071
1774854000,2026-03-30 07:00:00,3.36e-06,3.41e-06,3.37e-06,3.4e-06,15889398546
1774857600,2026-03-30 08:00:00,3.37e-06,3.41e-06,3.4e-06,3.38e-06,20926415291
1774861200,2026-03-30 09:00:00,3.34e-06,3.37e-06,3.37e-06,3.35e-06,22325445344
1774864800,2026-03-30 10:00:00,3.34e-06,3.36e-06,3.36e-06,3.36e-06,9636028171
1774868400,2026-03-30 11:00:00,3.35e-06,3.39e-06,3.35e-06,3.37e-06,48820155261
1774872000,2026-03-30 12:00:00,3.36e-06,3.37e-06,3.36e-06,3.36e-06,17872402673
1774875600,2026-03-30 13:00:00,3.34e-06,3.37e-06,3.37e-06,3.34e-06,33336463429
1774879200,2026-03-30 14:00:00,3.33e-06,3.37e-06,3.36e-06,3.37e-06,16245008402
1774882800,2026-03-30 15:00:00,3.35e-06,3.38e-06,3.36e-06,3.36e-06,6295570443
1774886400,2026-03-30 16:00:00,3.35e-06,3.38e-06,3.36e-06,3.36e-06,19365561748
1774890000,2026-03-30 17:00:00,3.33e-06,3.37e-06,3.36e-06,3.34e-06,15806642180
1774893600,2026-03-30 18:00:00,3.31e-06,3.35e-06,3.35e-06,3.31e-06,26376692909
1774897200,2026-03-30 19:00:00,3.28e-06,3.32e-06,3.32e-06,3.3e-06,25048842121
1774900800,2026-03-30 20:00:00,3.29e-06,3.31e-06,3.3e-06,3.31e-06,6425899591
1774904400,2026-03-30 21:00:00,3.29e-06,3.35e-06,3.31e-06,3.34e-06,27958495463
1774908000,2026-03-30 22:00:00,3.32e-06,3.35e-06,3.34e-06,3.33e-06,16832425140
1774911600,2026-03-30 23:00:00,3.31e-06,3.32e-06,3.32e-06,3.32e-06,18175293283
1774915200,2026-03-31 00:00:00,3.31e-06,3.35e-06,3.31e-06,3.33e-06,24147361369
1774918800,2026-03-31 01:00:00,3.32e-06,3.39e-06,3.32e-06,3.37e-06,53745334216
1774922400,2026-03-31 02:00:00,3.36e-06,3.38e-06,3.37e-06,3.37e-06,15659496583
1774926000,2026-03-31 03:00:00,3.35e-06,3.38e-06,3.37e-06,3.36e-06,8782659287
1774929600,2026-03-31 04:00:00,3.35e-06,3.37e-06,3.37e-06,3.36e-06,15036752211
1774933200,2026-03-31 05:00:00,3.35e-06,3.38e-06,3.35e-06,3.38e-06,17592916907
1774936800,2026-03-31 06:00:00,3.36e-06,3.39e-06,3.38e-06,3.38e-06,16035645754
1774940400,2026-03-31 07:00:00,3.35e-06,3.37e-06,3.37e-06,3.36e-06,13042082469
1774944000,2026-03-31 08:00:00,3.33e-06,3.36e-06,3.36e-06,3.33e-06,24390619877
1774947600,2026-03-31 09:00:00,3.27e-06,3.33e-06,3.33e-06,3.29e-06,47228770454
1774951200,2026-03-31 10:00:00,3.29e-06,3.31e-06,3.3e-06,3.29e-06,71888646594
1774954800,2026-03-31 11:00:00,3.29e-06,3.33e-06,3.3e-06,3.33e-06,25276777376
1774958400,2026-03-31 12:00:00,3.3e-06,3.34e-06,3.33e-06,3.31e-06,28492130308
1774962000,2026-03-31 13:00:00,3.31e-06,3.37e-06,3.31e-06,3.36e-06,29060428140
1774965600,2026-03-31 14:00:00,3.32e-06,3.39e-06,3.37e-06,3.33e-06,40743181322
1774969200,2026-03-31 15:00:00,3.32e-06,3.38e-06,3.33e-06,3.33e-06,32414096104
1774972800,2026-03-31 16:00:00,3.32e-06,3.41e-06,3.33e-06,3.39e-06,62837401853
1774976400,2026-03-31 17:00:00,3.36e-06,3.42e-06,3.39e-06,3.37e-06,47811184095
1774980000,2026-03-31 18:00:00,3.38e-06,3.41e-06,3.38e-06,3.4e-06,14210313273
1774983600,2026-03-31 19:00:00,3.39e-06,3.41e-06,3.41e-06,3.41e-06,15743396270
1774987200,2026-03-31 20:00:00,3.4e-06,3.43e-06,3.41e-06,3.43e-06,51573916586
1774990800,2026-03-31 21:00:00,3.38e-06,3.42e-06,3.42e-06,3.39e-06,27974073107
1774994400,2026-03-31 22:00:00,3.36e-06,3.39e-06,3.39e-06,3.38e-06,31212068530
1774998000,2026-03-31 23:00:00,3.37e-06,3.4e-06,3.37e-06,3.4e-06,20605897263
1775001600,2026-04-01 00:00:00,3.39e-06,3.43e-06,3.4e-06,3.42e-06,25438929140
1775005200,2026-04-01 01:00:00,3.38e-06,3.43e-06,3.42e-06,3.39e-06,30133430486
1775008800,2026-04-01 02:00:00,3.36e-06,3.39e-06,3.39e-06,3.37e-06,19142939263
1775012400,2026-04-01 03:00:00,3.37e-06,3.42e-06,3.37e-06,3.41e-06,12865892894
1775016000,2026-04-01 04:00:00,3.4e-06,3.42e-06,3.42e-06,3.41e-06,16094547786
1775019600,2026-04-01 05:00:00,3.4e-06,3.47e-06,3.41e-06,3.46e-06,32915664566
1775023200,2026-04-01 06:00:00,3.46e-06,3.52e-06,3.47e-06,3.51e-06,73760038418
1775026800,2026-04-01 07:00:00,3.47e-06,3.52e-06,3.52e-06,3.49e-06,36724679649
1775030400,2026-04-01 08:00:00,3.44e-06,3.5e-06,3.49e-06,3.44e-06,30491473310
1775034000,2026-04-01 09:00:00,3.42e-06,3.46e-06,3.45e-06,3.43e-06,28387902755
1775037600,2026-04-01 10:00:00,3.41e-06,3.44e-06,3.43e-06,3.42e-06,13055633860
1775041200,2026-04-01 11:00:00,3.42e-06,3.43e-06,3.42e-06,3.42e-06,9359581212
1775044800,2026-04-01 12:00:00,3.41e-06,3.44e-06,3.42e-06,3.43e-06,43519002656
1775048400,2026-04-01 13:00:00,3.39e-06,3.43e-06,3.43e-06,3.4e-06,35720123677
1775052000,2026-04-01 14:00:00,3.4e-06,3.44e-06,3.41e-06,3.43e-06,45872017956
1775055600,2026-04-01 15:00:00,3.42e-06,3.45e-06,3.43e-06,3.44e-06,36334066284
1775059200,2026-04-01 16:00:00,3.43e-06,3.5e-06,3.44e-06,3.48e-06,41922937797
1775062800,2026-04-01 17:00:00,3.44e-06,3.52e-06,3.48e-06,3.45e-06,55799140862
1775066400,2026-04-01 18:00:00,3.42e-06,3.44e-06,3.44e-06,3.42e-06,32782099076
1775070000,2026-04-01 19:00:00,3.41e-06,3.45e-06,3.42e-06,3.44e-06,28573416687
1775073600,2026-04-01 20:00:00,3.41e-06,3.43e-06,3.43e-06,3.42e-06,19960930992
1775077200,2026-04-01 21:00:00,3.42e-06,3.46e-06,3.42e-06,3.43e-06,29462325382
1775080800,2026-04-01 22:00:00,3.4e-06,3.43e-06,3.43e-06,3.4e-06,25251910311
1775084400,2026-04-01 23:00:00,3.4e-06,3.42e-06,3.41e-06,3.4e-06,18406314430
1775088000,2026-04-02 00:00:00,3.4e-06,3.44e-06,3.41e-06,3.43e-06,36061555603
1775091600,2026-04-02 01:00:00,3.33e-06,3.43e-06,3.43e-06,3.34e-06,136791052170
1775095200,2026-04-02 02:00:00,3.28e-06,3.34e-06,3.33e-06,3.3e-06,54541311772
1775098800,2026-04-02 03:00:00,3.28e-06,3.31e-06,3.3e-06,3.29e-06,45218697350
1775102400,2026-04-02 04:00:00,3.27e-06,3.3e-06,3.29e-06,3.28e-06,34983064071
1775106000,2026-04-02 05:00:00,3.27e-06,3.31e-06,3.28e-06,3.3e-06,32308735817
1775109600,2026-04-02 06:00:00,3.29e-06,3.33e-06,3.3e-06,3.33e-06,36902326688
1775113200,2026-04-02 07:00:00,3.32e-06,3.34e-06,3.33e-06,3.32e-06,42662052406
1775116800,2026-04-02 08:00:00,3.3e-06,3.32e-06,3.32e-06,3.31e-06,28069222317
1775120400,2026-04-02 09:00:00,3.29e-06,3.33e-06,3.31e-06,3.32e-06,301818440258
1775124000,2026-04-02 10:00:00,3.29e-06,3.32e-06,3.32e-06,3.29e-06,91531194824
1775127600,2026-04-02 11:00:00,3.28e-06,3.31e-06,3.3e-06,3.29e-06,36154668489
1775131200,2026-04-02 12:00:00,3.28e-06,3.3e-06,3.29e-06,3.29e-06,16818958723
1775134800,2026-04-02 13:00:00,3.26e-06,3.29e-06,3.29e-06,3.29e-06,64221354641
1775138400,2026-04-02 14:00:00,3.28e-06,3.36e-06,3.29e-06,3.34e-06,43465866593
1775142000,2026-04-02 15:00:00,3.32e-06,3.35e-06,3.34e-06,3.32e-06,45174824168
1775145600,2026-04-02 16:00:00,3.32e-06,3.5e-06,3.32e-06,3.36e-06,278596437241
1775149200,2026-04-02 17:00:00,3.33e-06,3.39e-06,3.35e-06,3.34e-06,161035373137
1775152800,2026-04-02 18:00:00,3.32e-06,3.34e-06,3.34e-06,3.33e-06,36518077453
1775156400,2026-04-02 19:00:00,3.31e-06,3.34e-06,3.33e-06,3.33e-06,18481646243
1775160000,2026-04-02 20:00:00,3.33e-06,3.36e-06,3.34e-06,3.34e-06,29126115839
1775163600,2026-04-02 21:00:00,3.33e-06,3.35e-06,3.35e-06,3.34e-06,34899228745
1775167200,2026-04-02 22:00:00,3.33e-06,3.35e-06,3.34e-06,3.34e-06,22708920388
1775170800,2026-04-02 23:00:00,3.33e-06,3.35e-06,3.34e-06,3.34e-06,38120633210
1775174400,2026-04-03 00:00:00,3.32e-06,3.35e-06,3.35e-06,3.33e-06,22363900635
1775178000,2026-04-03 01:00:00,3.32e-06,3.34e-06,3.33e-06,3.32e-06,49306570369
1775181600,2026-04-03 02:00:00,3.31e-06,3.35e-06,3.32e-06,3.34e-06,26370512942
1775185200,2026-04-03 03:00:00,3.34e-06,3.38e-06,3.34e-06,3.37e-06,25146322932
1775188800,2026-04-03 04:00:00,3.35e-06,3.4e-06,3.37e-06,3.4e-06,11168905564
1775192400,2026-04-03 05:00:00,3.39e-06,3.46e-06,3.4e-06,3.44e-06,57105303560
1775196000,2026-04-03 06:00:00,3.43e-06,3.49e-06,3.44e-06,3.46e-06,35359350160
1775199600,2026-04-03 07:00:00,3.45e-06,3.48e-06,3.47e-06,3.46e-06,41586849726
1775203200,2026-04-03 08:00:00,3.46e-06,3.49e-06,3.46e-06,3.47e-06,20669823600
1775206800,2026-04-03 09:00:00,3.47e-06,3.5e-06,3.48e-06,3.5e-06,40482672497
1775210400,2026-04-03 10:00:00,3.45e-06,3.51e-06,3.51e-06,3.49e-06,40309565733
1775214000,2026-04-03 11:00:00,3.46e-06,3.49e-06,3.48e-06,3.46e-06,14422403100
1775217600,2026-04-03 12:00:00,3.46e-06,3.52e-06,3.47e-06,3.47e-06,73495090024
1775221200,2026-04-03 13:00:00,3.45e-06,3.5e-06,3.47e-06,3.49e-06,51522818468
1775224800,2026-04-03 14:00:00,3.46e-06,3.49e-06,3.49e-06,3.46e-06,65438411799
1775228400,2026-04-03 15:00:00,3.43e-06,3.47e-06,3.46e-06,3.43e-06,29903244270
1775232000,2026-04-03 16:00:00,3.42e-06,3.45e-06,3.43e-06,3.45e-06,35466354308
1775235600,2026-04-03 17:00:00,3.43e-06,3.45e-06,3.44e-06,3.44e-06,5754638376
1775239200,2026-04-03 18:00:00,3.42e-06,3.46e-06,3.43e-06,3.43e-06,11485603773
1775242800,2026-04-03 19:00:00,3.4e-06,3.43e-06,3.42e-06,3.43e-06,48416124953
1775246400,2026-04-03 20:00:00,3.42e-06,3.44e-06,3.42e-06,3.43e-06,13561538291
1775250000,2026-04-03 21:00:00,3.43e-06,3.45e-06,3.44e-06,3.43e-06,11049141364
1775253600,2026-04-03 22:00:00,3.41e-06,3.44e-06,3.43e-06,3.41e-06,17678384982
1775257200,2026-04-03 23:00:00,3.4e-06,3.42e-06,3.41e-06,3.42e-06,12480749639
1775260800,2026-04-04 00:00:00,3.39e-06,3.41e-06,3.41e-06,3.39e-06,42531536375
1775264400,2026-04-04 01:00:00,3.37e-06,3.4e-06,3.39e-06,3.38e-06,25226377043
1775268000,2026-04-04 02:00:00,3.35e-06,3.38e-06,3.38e-06,3.36e-06,29386650333
1775271600,2026-04-04 03:00:00,3.36e-06,3.38e-06,3.36e-06,3.37e-06,6179606834
1775275200,2026-04-04 04:00:00,3.37e-06,3.4e-06,3.38e-06,3.38e-06,26936242227
1775278800,2026-04-04 05:00:00,3.37e-06,3.38e-06,3.38e-06,3.37e-06,3524737781
1775282400,2026-04-04 06:00:00,3.37e-06,3.4e-06,3.37e-06,3.39e-06,18198378276
1775286000,2026-04-04 07:00:00,3.38e-06,3.4e-06,3.4e-06,3.39e-06,6012019265
1775289600,2026-04-04 08:00:00,3.37e-06,3.39e-06,3.38e-06,3.37e-06,6177470970
1775293200,2026-04-04 09:00:00,3.37e-06,3.38e-06,3.38e-06,3.38e-06,3001140786
1775296800,2026-04-04 10:00:00,3.36e-06,3.38e-06,3.37e-06,3.38e-06,13467346735
1775300400,2026-04-04 11:00:00,3.37e-06,3.39e-06,3.37e-06,3.39e-06,5621620884
1775304000,2026-04-04 12:00:00,3.36e-06,3.39e-06,3.39e-06,3.36e-06,14551300670
1775307600,2026-04-04 13:00:00,3.36e-06,3.38e-06,3.37e-06,3.36e-06,8055295570
1775311200,2026-04-04 14:00:00,3.34e-06,3.37e-06,3.37e-06,3.36e-06,17535172080
1775314800,2026-04-04 15:00:00,3.36e-06,3.39e-06,3.36e-06,3.38e-06,42632117469
1775318400,2026-04-04 16:00:00,3.36e-06,3.39e-06,3.38e-06,3.36e-06,24119411413
1775322000,2026-04-04 17:00:00,3.37e-06,3.41e-06,3.37e-06,3.41e-06,24498796241
1775325600,2026-04-04 18:00:00,3.4e-06,3.42e-06,3.41e-06,3.42e-06,15408374126
1775329200,2026-04-04 19:00:00,3.4e-06,3.46e-06,3.42e-06,3.41e-06,66569296328
1775332800,2026-04-04 20:00:00,3.4e-06,3.41e-06,3.41e-06,3.4e-06,28588493181
1775336400,2026-04-04 21:00:00,3.39e-06,3.41e-06,3.4e-06,3.4e-06,6578686825
1775340000,2026-04-04 22:00:00,3.4e-06,3.41e-06,3.4e-06,3.41e-06,7645304838
1775343600,2026-04-04 23:00:00,3.39e-06,3.41e-06,3.4e-06,3.41e-06,10524380148
1775347200,2026-04-05 00:00:00,3.4e-06,3.41e-06,3.41e-06,3.4e-06,15732126742
1775350800,2026-04-05 01:00:00,3.37e-06,3.4e-06,3.39e-06,3.37e-06,18871233327
1775354400,2026-04-05 02:00:00,3.37e-06,3.39e-06,3.37e-06,3.39e-06,48854965570
1775358000,2026-04-05 03:00:00,3.38e-06,3.4e-06,3.39e-06,3.39e-06,15917200997
1775361600,2026-04-05 04:00:00,3.37e-06,3.39e-06,3.39e-06,3.37e-06,10471626912
1775365200,2026-04-05 05:00:00,3.34e-06,3.38e-06,3.37e-06,3.34e-06,10407091551
1775368800,2026-04-05 06:00:00,3.31e-06,3.35e-06,3.34e-06,3.33e-06,29330240755
1775372400,2026-04-05 07:00:00,3.31e-06,3.34e-06,3.33e-06,3.32e-06,13263491782
1775376000,2026-04-05 08:00:00,3.31e-06,3.34e-06,3.32e-06,3.33e-06,22463960375
1775379600,2026-04-05 09:00:00,3.32e-06,3.34e-06,3.33e-06,3.33e-06,11258915963
1775383200,2026-04-05 10:00:00,3.32e-06,3.35e-06,3.34e-06,3.33e-06,20636141614
1775386800,2026-04-05 11:00:00,3.32e-06,3.33e-06,3.33e-06,3.32e-06,758829675
1775390400,2026-04-05 12:00:00,3.3e-06,3.33e-06,3.32e-06,3.32e-06,29848814783
1775394000,2026-04-05 13:00:00,3.28e-06,3.32e-06,3.31e-06,3.32e-06,175856591279
1775397600,2026-04-05 14:00:00,3.31e-06,3.33e-06,3.32e-06,3.32e-06,5997870086
1775401200,2026-04-05 15:00:00,3.3e-06,3.36e-06,3.31e-06,3.34e-06,61921890535
1775404800,2026-04-05 16:00:00,3.32e-06,3.35e-06,3.34e-06,3.32e-06,18070082060
1775408400,2026-04-05 17:00:00,3.32e-06,3.34e-06,3.32e-06,3.33e-06,2891926207
1775412000,2026-04-05 18:00:00,3.33e-06,3.34e-06,3.33e-06,3.33e-06,19007357302
1775415600,2026-04-05 19:00:00,3.32e-06,3.35e-06,3.34e-06,3.32e-06,54255522940
1775419200,2026-04-05 20:00:00,3.31e-06,3.34e-06,3.32e-06,3.34e-06,265688625609
1775422800,2026-04-05 21:00:00,3.31e-06,3.34e-06,3.34e-06,3.33e-06,99079855599
1775426400,2026-04-05 22:00:00,3.32e-06,3.39e-06,3.33e-06,3.39e-06,68077610613
1775430000,2026-04-05 23:00:00,3.38e-06,3.5e-06,3.39e-06,3.49e-06,173576910236
1775433600,2026-04-06 00:00:00,3.5e-06,3.64e-06,3.5e-06,3.56e-06,504413923471
1775437200,2026-04-06 01:00:00,3.54e-06,3.59e-06,3.57e-06,3.54e-06,84624911930
1775440800,2026-04-06 02:00:00,3.55e-06,3.61e-06,3.55e-06,3.57e-06,118245077458
1775444400,2026-04-06 03:00:00,3.51e-06,3.58e-06,3.57e-06,3.54e-06,51175299111
1775448000,2026-04-06 04:00:00,3.51e-06,3.56e-06,3.55e-06,3.54e-06,36920268047
1775451600,2026-04-06 05:00:00,3.51e-06,3.55e-06,3.54e-06,3.52e-06,49440089202
1775455200,2026-04-06 06:00:00,3.49e-06,3.52e-06,3.51e-06,3.52e-06,19360581784
1775458800,2026-04-06 07:00:00,3.47e-06,3.51e-06,3.51e-06,3.48e-06,12838837479
1775462400,2026-04-06 08:00:00,3.47e-06,3.5e-06,3.48e-06,3.47e-06,19410860958
1775466000,2026-04-06 09:00:00,3.47e-06,3.52e-06,3.48e-06,3.52e-06,27896933694
1775469600,2026-04-06 10:00:00,3.52e-06,3.55e-06,3.53e-06,3.54e-06,24932483926
1775473200,2026-04-06 11:00:00,3.51e-06,3.53e-06,3.53e-06,3.52e-06,13348664925
1775476800,2026-04-06 12:00:00,3.5e-06,3.53e-06,3.52e-06,3.52e-06,22015217089
1775480400,2026-04-06 13:00:00,3.5e-06,3.53e-06,3.52e-06,3.51e-06,69814792453
1775484000,2026-04-06 14:00:00,3.49e-06,3.54e-06,3.51e-06,3.5e-06,29958958304
1775487600,2026-04-06 15:00:00,3.48e-06,3.51e-06,3.5e-06,3.49e-06,27462377466
1775491200,2026-04-06 16:00:00,3.47e-06,3.51e-06,3.49e-06,3.48e-06,56658479040
1775494800,2026-04-06 17:00:00,3.46e-06,3.49e-06,3.49e-06,3.46e-06,26961506329
1775498400,2026-04-06 18:00:00,3.46e-06,3.48e-06,3.46e-06,3.47e-06,20198821354
1775502000,2026-04-06 19:00:00,3.44e-06,3.47e-06,3.46e-06,3.45e-06,32899542131
1775505600,2026-04-06 20:00:00,3.44e-06,3.46e-06,3.45e-06,3.45e-06,14675248892
1775509200,2026-04-06 21:00:00,3.42e-06,3.45e-06,3.45e-06,3.42e-06,44066932542
1775512800,2026-04-06 22:00:00,3.32e-06,3.43e-06,3.42e-06,3.33e-06,131091501634
1775516400,2026-04-06 23:00:00,3.31e-06,3.34e-06,3.32e-06,3.32e-06,84256699778
1775520000,2026-04-07 00:00:00,3.32e-06,3.36e-06,3.32e-06,3.35e-06,51899619906
1775523600,2026-04-07 01:00:00,3.34e-06,3.37e-06,3.35e-06,3.35e-06,71931675524
1775527200,2026-04-07 02:00:00,3.33e-06,3.37e-06,3.35e-06,3.34e-06,43663207299
1775530800,2026-04-07 03:00:00,3.34e-06,3.35e-06,3.35e-06,3.35e-06,9249486651
1775534400,2026-04-07 04:00:00,3.35e-06,3.37e-06,3.35e-06,3.36e-06,14068632298
1775538000,2026-04-07 05:00:00,3.35e-06,3.37e-06,3.37e-06,3.35e-06,24720888009
1775541600,2026-04-07 06:00:00,3.33e-06,3.37e-06,3.35e-06,3.36e-06,9125410848
1775545200,2026-04-07 07:00:00,3.35e-06,3.36e-06,3.36e-06,3.36e-06,7925129538
1775548800,2026-04-07 08:00:00,3.35e-06,3.37e-06,3.36e-06,3.36e-06,10226702664
1775552400,2026-04-07 09:00:00,3.36e-06,3.41e-06,3.36e-06,3.41e-06,30924829004
1775556000,2026-04-07 10:00:00,3.35e-06,3.41e-06,3.41e-06,3.35e-06,47002111533
1775559600,2026-04-07 11:00:00,3.34e-06,3.36e-06,3.35e-06,3.34e-06,25556942105
1775563200,2026-04-07 12:00:00,3.32e-06,3.36e-06,3.34e-06,3.34e-06,110927221872
1775566800,2026-04-07 13:00:00,3.32e-06,3.36e-06,3.34e-06,3.33e-06,528679850302
1775570400,2026-04-07 14:00:00,3.32e-06,3.36e-06,3.33e-06,3.33e-06,104806146025
1775574000,2026-04-07 15:00:00,3.33e-06,3.37e-06,3.33e-06,3.36e-06,34926488754
1775577600,2026-04-07 16:00:00,3.35e-06,3.38e-06,3.36e-06,3.36e-06,44678341805
1775581200,2026-04-07 17:00:00,3.35e-06,3.42e-06,3.36e-06,3.41e-06,71494585922
1775584800,2026-04-07 18:00:00,3.38e-06,3.41e-06,3.41e-06,3.39e-06,26091500676
1775588400,2026-04-07 19:00:00,3.39e-06,3.48e-06,3.39e-06,3.48e-06,215797119529
1775592000,2026-04-07 20:00:00,3.47e-06,3.51e-06,3.48e-06,3.49e-06,309344260843
1775595600,2026-04-07 21:00:00,3.48e-06,3.62e-06,3.48e-06,3.6e-06,141075628933
1775599200,2026-04-07 22:00:00,3.6e-06,3.75e-06,3.6e-06,3.75e-06,431851519137
1775602800,2026-04-07 23:00:00,3.7e-06,3.78e-06,3.76e-06,3.72e-06,311546377989
1775606400,2026-04-08 00:00:00,3.64e-06,3.78e-06,3.73e-06,3.66e-06,213105100458
1775610000,2026-04-08 01:00:00,3.66e-06,3.69e-06,3.67e-06,3.67e-06,85716385956
1775613600,2026-04-08 02:00:00,3.67e-06,3.71e-06,3.67e-06,3.7e-06,50722634635
1775617200,2026-04-08 03:00:00,3.69e-06,3.72e-06,3.7e-06,3.71e-06,25335522936
1775620800,2026-04-08 04:00:00,3.68e-06,3.74e-06,3.71e-06,3.69e-06,91875469201
1775624400,2026-04-08 05:00:00,3.67e-06,3.71e-06,3.69e-06,3.71e-06,81183975064
1775628000,2026-04-08 06:00:00,3.68e-06,3.71e-06,3.71e-06,3.69e-06,19718161034
1775631600,2026-04-08 07:00:00,3.69e-06,3.71e-06,3.69e-06,3.7e-06,9736734895
1775635200,2026-04-08 08:00:00,3.67e-06,3.7e-06,3.69e-06,3.68e-06,54615901772
1775638800,2026-04-08 09:00:00,3.66e-06,3.69e-06,3.68e-06,3.69e-06,29367085163
1775642400,2026-04-08 10:00:00,3.68e-06,3.71e-06,3.69e-06,3.69e-06,11887769569
1775646000,2026-04-08 11:00:00,3.62e-06,3.69e-06,3.68e-06,3.65e-06,60163121500
1775649600,2026-04-08 12:00:00,3.62e-06,3.65e-06,3.65e-06,3.64e-06,45501013609
1775653200,2026-04-08 13:00:00,3.63e-06,3.67e-06,3.64e-06,3.64e-06,62308052732
1775656800,2026-04-08 14:00:00,3.58e-06,3.64e-06,3.64e-06,3.58e-06,95857707231
1775660400,2026-04-08 15:00:00,3.57e-06,3.6e-06,3.58e-06,3.59e-06,44392499692
1775664000,2026-04-08 16:00:00,3.57e-06,3.6e-06,3.59e-06,3.59e-06,18407162229
1775667600,2026-04-08 17:00:00,3.57e-06,3.6e-06,3.59e-06,3.59e-06,38563103284
1775671200,2026-04-08 18:00:00,3.53e-06,3.59e-06,3.59e-06,3.53e-06,26085835964
1775674800,2026-04-08 19:00:00,3.52e-06,3.55e-06,3.54e-06,3.54e-06,19408431750
1775678400,2026-04-08 20:00:00,3.53e-06,3.55e-06,3.54e-06,3.54e-06,12543576913
1775682000,2026-04-08 21:00:00,3.54e-06,3.59e-06,3.54e-06,3.57e-06,126225548091
1775685600,2026-04-08 22:00:00,3.55e-06,3.58e-06,3.58e-06,3.55e-06,51599916131
1775689200,2026-04-08 23:00:00,3.53e-06,3.57e-06,3.55e-06,3.54e-06,181116809912
1775692800,2026-04-09 00:00:00,3.51e-06,3.55e-06,3.54e-06,3.53e-06,57223082650
1775696400,2026-04-09 01:00:00,3.49e-06,3.53e-06,3.52e-06,3.5e-06,46422139535
1775700000,2026-04-09 02:00:00,3.5e-06,3.52e-06,3.51e-06,3.5e-06,10278235430
1775703600,2026-04-09 03:00:00,3.49e-06,3.51e-06,3.5e-06,3.49e-06,6134046866
1775707200,2026-04-09 04:00:00,3.47e-06,3.49e-06,3.49e-06,3.48e-06,24999532612
1775710800,2026-04-09 05:00:00,3.47e-06,3.49e-06,3.48e-06,3.48e-06,21002159155
1775714400,2026-04-09 06:00:00,3.47e-06,3.49e-06,3.48e-06,3.49e-06,15982742880
1775718000,2026-04-09 07:00:00,3.46e-06,3.49e-06,3.49e-06,3.46e-06,10267849707
1775721600,2026-04-09 08:00:00,3.45e-06,3.48e-06,3.46e-06,3.45e-06,29567772142
1775725200,2026-04-09 09:00:00,3.43e-06,3.48e-06,3.45e-06,3.48e-06,40762789930
1775728800,2026-04-09 10:00:00,3.46e-06,3.49e-06,3.48e-06,3.47e-06,47123960966
1775732400,2026-04-09 11:00:00,3.46e-06,3.48e-06,3.47e-06,3.47e-06,29044311350
1775736000,2026-04-09 12:00:00,3.45e-06,3.48e-06,3.47e-06,3.48e-06,32381799699
1775739600,2026-04-09 13:00:00,3.46e-06,3.48e-06,3.48e-06,3.46e-06,33781948735
1775743200,2026-04-09 14:00:00,3.44e-06,3.47e-06,3.46e-06,3.45e-06,34050015032
1775746800,2026-04-09 15:00:00,3.44e-06,3.53e-06,3.45e-06,3.52e-06,84201515088
1775750400,2026-04-09 16:00:00,3.46e-06,3.55e-06,3.52e-06,3.49e-06,79530887656
1775754000,2026-04-09 17:00:00,3.49e-06,3.53e-06,3.49e-06,3.52e-06,70264114885
1775757600,2026-04-09 18:00:00,3.5e-06,3.54e-06,3.52e-06,3.52e-06,37089484279
1775761200,2026-04-09 19:00:00,3.51e-06,3.56e-06,3.53e-06,3.56e-06,67988778112
1775764800,2026-04-09 20:00:00,3.54e-06,3.59e-06,3.55e-06,3.59e-06,83913159299
1775768400,2026-04-09 21:00:00,3.58e-06,3.64e-06,3.59e-06,3.61e-06,143160988646
1775772000,2026-04-09 22:00:00,3.57e-06,3.67e-06,3.61e-06,3.57e-06,186364019103
1775775600,2026-04-09 23:00:00,3.5e-06,3.57e-06,3.56e-06,3.52e-06,64785993113
1775779200,2026-04-10 00:00:00,3.47e-06,3.52e-06,3.52e-06,3.5e-06,138446205554
1775782800,2026-04-10 01:00:00,3.48e-06,3.53e-06,3.5e-06,3.49e-06,48627633051
1775786400,2026-04-10 02:00:00,3.48e-06,3.52e-06,3.49e-06,3.5e-06,56432642435
1775790000,2026-04-10 03:00:00,3.48e-06,3.52e-06,3.51e-06,3.5e-06,25442501930
1775793600,2026-04-10 04:00:00,3.49e-06,3.55e-06,3.5e-06,3.54e-06,22118315194
1775797200,2026-04-10 05:00:00,3.52e-06,3.57e-06,3.54e-06,3.56e-06,30129310027
1775800800,2026-04-10 06:00:00,3.49e-06,3.57e-06,3.56e-06,3.51e-06,49569574164
1775804400,2026-04-10 07:00:00,3.48e-06,3.51e-06,3.51e-06,3.48e-06,9902641937
1775808000,2026-04-10 08:00:00,3.46e-06,3.5e-06,3.47e-06,3.48e-06,18164517415
1775811600,2026-04-10 09:00:00,3.48e-06,3.51e-06,3.48e-06,3.5e-06,41541994213
1775815200,2026-04-10 10:00:00,3.47e-06,3.51e-06,3.5e-06,3.49e-06,36882137526
1775818800,2026-04-10 11:00:00,3.49e-06,3.51e-06,3.49e-06,3.5e-06,57458387125
1775822400,2026-04-10 12:00:00,3.49e-06,3.54e-06,3.49e-06,3.53e-06,115700351931
1775826000,2026-04-10 13:00:00,3.5e-06,3.54e-06,3.53e-06,3.53e-06,20947994240
1775829600,2026-04-10 14:00:00,3.52e-06,3.59e-06,3.53e-06,3.58e-06,143788429135
1775833200,2026-04-10 15:00:00,3.55e-06,3.6e-06,3.59e-06,3.57e-06,88580183045
1775836800,2026-04-10 16:00:00,3.57e-06,3.62e-06,3.57e-06,3.6e-06,67932150276
1775840400,2026-04-10 17:00:00,3.57e-06,3.61e-06,3.6e-06,3.6e-06,43045102366
1775844000,2026-04-10 18:00:00,3.59e-06,3.63e-06,3.6e-06,3.63e-06,56492651143
1775847600,2026-04-10 19:00:00,3.62e-06,3.7e-06,3.63e-06,3.69e-06,243362326643
1775851200,2026-04-10 20:00:00,3.64e-06,3.7e-06,3.7e-06,3.67e-06,98702520354
1775854800,2026-04-10 21:00:00,3.63e-06,3.67e-06,3.67e-06,3.66e-06,58580483155
1775858400,2026-04-10 22:00:00,3.64e-06,3.67e-06,3.66e-06,3.65e-06,156365440002
1775862000,2026-04-10 23:00:00,3.62e-06,3.66e-06,3.65e-06,3.63e-06,29707370468
1775865600,2026-04-11 00:00:00,3.59e-06,3.63e-06,3.63e-06,3.59e-06,23358118350
1775869200,2026-04-11 01:00:00,3.59e-06,3.62e-06,3.59e-06,3.62e-06,26484299068
1775872800,2026-04-11 02:00:00,3.6e-06,3.64e-06,3.61e-06,3.61e-06,23495123654
1775876400,2026-04-11 03:00:00,3.6e-06,3.63e-06,3.61e-06,3.6e-06,39422792501
1775880000,2026-04-11 04:00:00,3.59e-06,3.61e-06,3.6e-06,3.6e-06,12260222930
1775883600,2026-04-11 05:00:00,3.58e-06,3.61e-06,3.6e-06,3.58e-06,34714901257
1775887200,2026-04-11 06:00:00,3.57e-06,3.58e-06,3.57e-06,3.58e-06,10513646690
1775890800,2026-04-11 07:00:00,3.57e-06,3.59e-06,3.58e-06,3.58e-06,10601780595
1775894400,2026-04-11 08:00:00,3.58e-06,3.61e-06,3.58e-06,3.6e-06,23908584046
1775898000,2026-04-11 09:00:00,3.58e-06,3.61e-06,3.59e-06,3.6e-06,28887708879
1775901600,2026-04-11 10:00:00,3.58e-06,3.6e-06,3.6e-06,3.58e-06,15773152491
1775905200,2026-04-11 11:00:00,3.57e-06,3.59e-06,3.58e-06,3.57e-06,14336322449
1775908800,2026-04-11 12:00:00,3.56e-06,3.58e-06,3.57e-06,3.58e-06,7925423303
1775912400,2026-04-11 13:00:00,3.54e-06,3.58e-06,3.57e-06,3.55e-06,73204739065
1775916000,2026-04-11 14:00:00,3.55e-06,3.57e-06,3.55e-06,3.56e-06,25102797022
1775919600,2026-04-11 15:00:00,3.56e-06,3.61e-06,3.56e-06,3.6e-06,31707694212
1775923200,2026-04-11 16:00:00,3.6e-06,3.66e-06,3.61e-06,3.64e-06,85497421624
1775926800,2026-04-11 17:00:00,3.61e-06,3.64e-06,3.64e-06,3.62e-06,34280203982
1775930400,2026-04-11 18:00:00,3.61e-06,3.68e-06,3.63e-06,3.67e-06,114513558430
1775934000,2026-04-11 19:00:00,3.67e-06,3.77e-06,3.67e-06,3.77e-06,198050814102
1775937600,2026-04-11 20:00:00,3.7e-06,3.85e-06,3.77e-06,3.72e-06,315117568438
1775941200,2026-04-11 21:00:00,3.7e-06,3.75e-06,3.72e-06,3.72e-06,96113066717
1775944800,2026-04-11 22:00:00,3.68e-06,3.73e-06,3.72e-06,3.69e-06,79335813432
1775948400,2026-04-11 23:00:00,3.63e-06,3.68e-06,3.68e-06,3.64e-06,98251924126
1775952000,2026-04-12 00:00:00,3.62e-06,3.65e-06,3.64e-06,3.65e-06,65235935832
1775955600,2026-04-12 01:00:00,3.51e-06,3.66e-06,3.65e-06,3.52e-06,172213158146
1775959200,2026-04-12 02:00:00,3.49e-06,3.53e-06,3.52e-06,3.51e-06,205108622205
1775962800,2026-04-12 03:00:00,3.49e-06,3.52e-06,3.51e-06,3.49e-06,78289339382
1775966400,2026-04-12 04:00:00,3.48e-06,3.51e-06,3.5e-06,3.5e-06,29788573315
1775970000,2026-04-12 05:00:00,3.49e-06,3.52e-06,3.5e-06,3.52e-06,24008207583
1775973600,2026-04-12 06:00:00,3.51e-06,3.54e-06,3.52e-06,3.51e-06,47277293795
1775977200,2026-04-12 07:00:00,3.5e-06,3.52e-06,3.51e-06,3.51e-06,15114155677
1775980800,2026-04-12 08:00:00,3.49e-06,3.51e-06,3.51e-06,3.51e-06,9336215202
1775984400,2026-04-12 09:00:00,3.5e-06,3.52e-06,3.51e-06,3.51e-06,5746806520
1775988000,2026-04-12 10:00:00,3.49e-06,3.51e-06,3.51e-06,3.49e-06,16194465497
1775991600,2026-04-12 11:00:00,3.48e-06,3.51e-06,3.48e-06,3.5e-06,6826442783
1775995200,2026-04-12 12:00:00,3.49e-06,3.52e-06,3.5e-06,3.49e-06,37081278647
1775998800,2026-04-12 13:00:00,3.45e-06,3.49e-06,3.49e-06,3.46e-06,52256462371
1776002400,2026-04-12 14:00:00,3.45e-06,3.48e-06,3.46e-06,3.46e-06,38190323876
1776006000,2026-04-12 15:00:00,3.45e-06,3.47e-06,3.46e-06,3.45e-06,9955493397
1776009600,2026-04-12 16:00:00,3.45e-06,3.47e-06,3.46e-06,3.47e-06,11890592746
1776013200,2026-04-12 17:00:00,3.47e-06,3.52e-06,3.47e-06,3.51e-06,59874138946
1776016800,2026-04-12 18:00:00,3.48e-06,3.52e-06,3.51e-06,3.48e-06,31321554260
1776020400,2026-04-12 19:00:00,3.47e-06,3.5e-06,3.49e-06,3.48e-06,40246949496
1776024000,2026-04-12 20:00:00,3.47e-06,3.51e-06,3.48e-06,3.5e-06,15732184030
1776027600,2026-04-12 21:00:00,3.49e-06,3.52e-06,3.51e-06,3.5e-06,23892062991
1776031200,2026-04-12 22:00:00,3.45e-06,3.5e-06,3.5e-06,3.47e-06,117231704991
1776034800,2026-04-12 23:00:00,3.45e-06,3.47e-06,3.47e-06,3.46e-06,64480522515
1776038400,2026-04-13 00:00:00,3.46e-06,3.51e-06,3.46e-06,3.5e-06,53726834049
1776042000,2026-04-13 01:00:00,3.49e-06,3.51e-06,3.5e-06,3.5e-06,40923880436
1776045600,2026-04-13 02:00:00,3.47e-06,3.51e-06,3.51e-06,3.47e-06,10208231814
1776049200,2026-04-13 03:00:00,3.47e-06,3.49e-06,3.47e-06,3.49e-06,57132435001
1776052800,2026-04-13 04:00:00,3.48e-06,3.5e-06,3.49e-06,3.48e-06,15192609304
1776056400,2026-04-13 05:00:00,3.47e-06,3.49e-06,3.48e-06,3.49e-06,23209003211
1776060000,2026-04-13 06:00:00,3.48e-06,3.5e-06,3.49e-06,3.49e-06,25837668374
1776063600,2026-04-13 07:00:00,3.46e-06,3.49e-06,3.49e-06,3.47e-06,18657856713
1776067200,2026-04-13 08:00:00,3.46e-06,3.48e-06,3.46e-06,3.48e-06,40203374258
1776070800,2026-04-13 09:00:00,3.47e-06,3.49e-06,3.48e-06,3.48e-06,14236256317
1776074400,2026-04-13 10:00:00,3.46e-06,3.49e-06,3.48e-06,3.48e-06,17942516921
1776078000,2026-04-13 11:00:00,3.47e-06,3.49e-06,3.48e-06,3.48e-06,7348357967
1776081600,2026-04-13 12:00:00,3.48e-06,3.53e-06,3.48e-06,3.52e-06,56296927290
1776085200,2026-04-13 13:00:00,3.48e-06,3.55e-06,3.52e-06,3.55e-06,80152941553
1776088800,2026-04-13 14:00:00,3.51e-06,3.58e-06,3.55e-06,3.57e-06,174285040485
1776092400,2026-04-13 15:00:00,3.49e-06,3.57e-06,3.57e-06,3.52e-06,660374367213
1776096000,2026-04-13 16:00:00,3.49e-06,3.54e-06,3.52e-06,3.52e-06,133462533148
1776099600,2026-04-13 17:00:00,3.51e-06,3.54e-06,3.52e-06,3.51e-06,104598934560
1776103200,2026-04-13 18:00:00,3.49e-06,3.52e-06,3.51e-06,3.52e-06,69816239454
1776106800,2026-04-13 19:00:00,3.52e-06,3.64e-06,3.52e-06,3.63e-06,280282868678
1776110400,2026-04-13 20:00:00,3.59e-06,3.66e-06,3.63e-06,3.59e-06,556624928505
1776114000,2026-04-13 21:00:00,3.58e-06,3.62e-06,3.59e-06,3.61e-06,109352798412
1776117600,2026-04-13 22:00:00,3.61e-06,3.73e-06,3.62e-06,3.69e-06,373192243089
1776121200,2026-04-13 23:00:00,3.68e-06,3.76e-06,3.68e-06,3.75e-06,200223726165
1776124800,2026-04-14 00:00:00,3.71e-06,3.77e-06,3.76e-06,3.72e-06,86005219830
1776128400,2026-04-14 01:00:00,3.7e-06,3.76e-06,3.72e-06,3.73e-06,150661843495
1776132000,2026-04-14 02:00:00,3.71e-06,3.73e-06,3.73e-06,3.72e-06,54242803830
1776135600,2026-04-14 03:00:00,3.69e-06,3.73e-06,3.71e-06,3.7e-06,82353228288
1776139200,2026-04-14 04:00:00,3.69e-06,3.73e-06,3.7e-06,3.7e-06,83998449136
1776142800,2026-04-14 05:00:00,3.64e-06,3.7e-06,3.69e-06,3.65e-06,86475456936
1776146400,2026-04-14 06:00:00,3.64e-06,3.66e-06,3.65e-06,3.65e-06,24081963659
1776150000,2026-04-14 07:00:00,3.64e-06,3.67e-06,3.65e-06,3.64e-06,37823115965
1776153600,2026-04-14 08:00:00,3.64e-06,3.68e-06,3.64e-06,3.68e-06,44597839215
1776157200,2026-04-14 09:00:00,3.66e-06,3.72e-06,3.68e-06,3.7e-06,39355795131
1776160800,2026-04-14 10:00:00,3.69e-06,3.75e-06,3.7e-06,3.72e-06,115885570784
1776164400,2026-04-14 11:00:00,3.7e-06,3.74e-06,3.71e-06,3.7e-06,49404481743
1776168000,2026-04-14 12:00:00,3.68e-06,3.71e-06,3.71e-06,3.68e-06,21987982671
1776171600,2026-04-14 13:00:00,3.68e-06,3.78e-06,3.69e-06,3.78e-06,197486143216
1776175200,2026-04-14 14:00:00,3.71e-06,3.8e-06,3.78e-06,3.71e-06,224371460324
1776178800,2026-04-14 15:00:00,3.67e-06,3.73e-06,3.72e-06,3.69e-06,166991518209
1776182400,2026-04-14 16:00:00,3.65e-06,3.71e-06,3.69e-06,3.66e-06,106342622389
1776186000,2026-04-14 17:00:00,3.63e-06,3.68e-06,3.66e-06,3.65e-06,97654000066
1776189600,2026-04-14 18:00:00,3.56e-06,3.66e-06,3.65e-06,3.57e-06,219322785042
1776193200,2026-04-14 19:00:00,3.56e-06,3.59e-06,3.58e-06,3.58e-06,88055766729
1776196800,2026-04-14 20:00:00,3.58e-06,3.6e-06,3.58e-06,3.59e-06,51064199440
1776200400,2026-04-14 21:00:00,3.59e-06,3.62e-06,3.59e-06,3.6e-06,34660646440
1776204000,2026-04-14 22:00:00,3.56e-06,3.61e-06,3.6e-06,3.58e-06,65328321233
1776207600,2026-04-14 23:00:00,3.56e-06,3.58e-06,3.58e-06,3.57e-06,24716075362
1776211200,2026-04-15 00:00:00,3.57e-06,3.62e-06,3.57e-06,3.6e-06,70505417649
1776214800,2026-04-15 01:00:00,3.59e-06,3.64e-06,3.6e-06,3.62e-06,108284667412
1776218400,2026-04-15 02:00:00,3.57e-06,3.62e-06,3.62e-06,3.6e-06,93403513483
1776222000,2026-04-15 03:00:00,3.59e-06,3.61e-06,3.6e-06,3.59e-06,41017463948
1776225600,2026-04-15 04:00:00,3.59e-06,3.61e-06,3.6e-06,3.61e-06,17940474634
1776229200,2026-04-15 05:00:00,3.57e-06,3.61e-06,3.61e-06,3.58e-06,13062205077
1776232800,2026-04-15 06:00:00,3.55e-06,3.58e-06,3.58e-06,3.55e-06,28517640467
1776236400,2026-04-15 07:00:00,3.53e-06,3.56e-06,3.55e-06,3.54e-06,28249890151
1776240000,2026-04-15 08:00:00,3.55e-06,3.58e-06,3.55e-06,3.58e-06,54018880323
1776243600,2026-04-15 09:00:00,3.57e-06,3.58e-06,3.58e-06,3.57e-06,3051083740
1776247200,2026-04-15 10:00:00,3.55e-06,3.59e-06,3.57e-06,3.58e-06,15842236128
1776250800,2026-04-15 11:00:00,3.58e-06,3.63e-06,3.58e-06,3.62e-06,8679072409
1776254400,2026-04-15 12:00:00,3.61e-06,3.63e-06,3.62e-06,3.62e-06,29000253457
1776258000,2026-04-15 13:00:00,3.59e-06,3.64e-06,3.62e-06,3.61e-06,84917361134
1776261600,2026-04-15 14:00:00,3.61e-06,3.68e-06,3.62e-06,3.67e-06,62985422402
1776265200,2026-04-15 15:00:00,3.62e-06,3.67e-06,3.67e-06,3.65e-06,57369079503
1776268800,2026-04-15 16:00:00,3.65e-06,3.7e-06,3.65e-06,3.69e-06,53026458029
1776272400,2026-04-15 17:00:00,3.66e-06,3.71e-06,3.69e-06,3.7e-06,125000860233
1776276000,2026-04-15 18:00:00,3.68e-06,3.72e-06,3.69e-06,3.71e-06,75982087330
1776279600,2026-04-15 19:00:00,3.72e-06,3.8e-06,3.72e-06,3.77e-06,91325249765
1776283200,2026-04-15 20:00:00,3.71e-06,3.78e-06,3.77e-06,3.73e-06,240187570243
1776286800,2026-04-15 21:00:00,3.7e-06,3.73e-06,3.73e-06,3.73e-06,60213571395
1776290400,2026-04-15 22:00:00,3.71e-06,3.78e-06,3.73e-06,3.71e-06,224600004311
1776294000,2026-04-15 23:00:00,3.7e-06,3.73e-06,3.71e-06,3.72e-06,39740967071
1776297600,2026-04-16 00:00:00,3.7e-06,3.75e-06,3.72e-06,3.74e-06,67355173945
1776301200,2026-04-16 01:00:00,3.71e-06,3.76e-06,3.75e-06,3.75e-06,96632172790
1776304800,2026-04-16 02:00:00,3.75e-06,3.94e-06,3.75e-06,3.87e-06,325954847380
1776308400,2026-04-16 03:00:00,3.86e-06,4.02e-06,3.87e-06,3.97e-06,309013463581
1776312000,2026-04-16 04:00:00,3.95e-06,4.04e-06,3.97e-06,3.97e-06,415549672201
1776315600,2026-04-16 05:00:00,3.89e-06,3.99e-06,3.96e-06,3.9e-06,134907757214
1776319200,2026-04-16 06:00:00,3.87e-06,3.94e-06,3.9e-06,3.91e-06,209802098264
1776322800,2026-04-16 07:00:00,3.85e-06,3.92e-06,3.92e-06,3.86e-06,173516764435
1776326400,2026-04-16 08:00:00,3.81e-06,3.86e-06,3.86e-06,3.82e-06,199054931940
1776330000,2026-04-16 09:00:00,3.79e-06,3.85e-06,3.81e-06,3.8e-06,126014897686
1776333600,2026-04-16 10:00:00,3.74e-06,3.8e-06,3.8e-06,3.76e-06,166868756066
1776337200,2026-04-16 11:00:00,3.75e-06,3.79e-06,3.76e-06,3.78e-06,67778602148
1776340800,2026-04-16 12:00:00,3.78e-06,3.84e-06,3.78e-06,3.84e-06,109980315329
1776344400,2026-04-16 13:00:00,3.74e-06,3.9e-06,3.84e-06,3.78e-06,353993962503
1776348000,2026-04-16 14:00:00,3.72e-06,3.79e-06,3.77e-06,3.77e-06,156923154702
1776351600,2026-04-16 15:00:00,3.77e-06,3.87e-06,3.77e-06,3.86e-06,204778909360
1776355200,2026-04-16 16:00:00,3.85e-06,3.94e-06,3.86e-06,3.89e-06,294337953988
1776358800,2026-04-16 17:00:00,3.87e-06,3.93e-06,3.89e-06,3.93e-06,173051747281
1776362400,2026-04-16 18:00:00,3.9e-06,4.02e-06,3.93e-06,4e-06,152189414088
1776366000,2026-04-16 19:00:00,3.99e-06,4.05e-06,3.99e-06,4.04e-06,223816986291
1776369600,2026-04-16 20:00:00,3.96e-06,4.06e-06,4.04e-06,4e-06,124159215850
1776373200,2026-04-16 21:00:00,3.93e-06,4.01e-06,4.01e-06,3.96e-06,104000606738
1776376800,2026-04-16 22:00:00,3.95e-06,3.99e-06,3.97e-06,3.96e-06,44970960876
1776380400,2026-04-16 23:00:00,3.95e-06,3.99e-06,3.95e-06,3.98e-06,85516657549
1776384000,2026-04-17 00:00:00,3.95e-06,4e-06,3.98e-06,3.99e-06,136086130552
1776387600,2026-04-17 01:00:00,3.94e-06,4.04e-06,3.99e-06,3.95e-06,187461645634
1776391200,2026-04-17 02:00:00,3.92e-06,3.97e-06,3.95e-06,3.93e-06,40224068886
1776394800,2026-04-17 03:00:00,3.91e-06,3.95e-06,3.93e-06,3.93e-06,48514358907
1776398400,2026-04-17 04:00:00,3.89e-06,3.95e-06,3.93e-06,3.9e-06,67343557329
1776402000,2026-04-17 05:00:00,3.83e-06,3.9e-06,3.9e-06,3.83e-06,78747929775
1776405600,2026-04-17 06:00:00,3.83e-06,3.88e-06,3.84e-06,3.87e-06,22464952490
1776409200,2026-04-17 07:00:00,3.86e-06,3.9e-06,3.88e-06,3.88e-06,41427000734
1776412800,2026-04-17 08:00:00,3.88e-06,3.93e-06,3.88e-06,3.9e-06,54416191804
1776416400,2026-04-17 09:00:00,3.9e-06,3.97e-06,3.9e-06,3.93e-06,92676557743
1776420000,2026-04-17 10:00:00,3.87e-06,3.94e-06,3.93e-06,3.89e-06,50046779667
1776423600,2026-04-17 11:00:00,3.88e-06,3.96e-06,3.88e-06,3.93e-06,36545855117
1776427200,2026-04-17 12:00:00,3.91e-06,3.99e-06,3.92e-06,3.98e-06,63035819196
1776430800,2026-04-17 13:00:00,3.98e-06,4.07e-06,3.98e-06,4.05e-06,245957166576
1776434400,2026-04-17 14:00:00,4.03e-06,4.12e-06,4.04e-06,4.07e-06,197852240855
1776438000,2026-04-17 15:00:00,3.99e-06,4.08e-06,4.07e-06,4.03e-06,216568370138
1776441600,2026-04-17 16:00:00,4.04e-06,4.12e-06,4.04e-06,4.1e-06,178084087053
1776445200,2026-04-17 17:00:00,4.03e-06,4.12e-06,4.1e-06,4.09e-06,209830531475
1776448800,2026-04-17 18:00:00,4.03e-06,4.09e-06,4.08e-06,4.07e-06,151996152427
1776452400,2026-04-17 19:00:00,4.03e-06,4.09e-06,4.07e-06,4.04e-06,94327399901
1776456000,2026-04-17 20:00:00,3.97e-06,4.05e-06,4.04e-06,4.02e-06,168108124118
1776459600,2026-04-17 21:00:00,3.99e-06,4.05e-06,4.02e-06,4e-06,63377794057
1776463200,2026-04-17 22:00:00,3.99e-06,4.03e-06,4e-06,3.99e-06,53619550431
1776466800,2026-04-17 23:00:00,3.94e-06,3.99e-06,3.98e-06,3.96e-06,152072472301
1776470400,2026-04-18 00:00:00,3.92e-06,3.97e-06,3.96e-06,3.96e-06,48933167371
1776474000,2026-04-18 01:00:00,3.94e-06,3.98e-06,3.96e-06,3.95e-06,20231266211
1776477600,2026-04-18 02:00:00,3.93e-06,3.97e-06,3.94e-06,3.94e-06,24721000941
1776481200,2026-04-18 03:00:00,3.91e-06,3.95e-06,3.94e-06,3.92e-06,45532080199
1776484800,2026-04-18 04:00:00,3.92e-06,3.95e-06,3.92e-06,3.94e-06,12028957295
1776488400,2026-04-18 05:00:00,3.94e-06,3.97e-06,3.94e-06,3.96e-06,19421625293
1776492000,2026-04-18 06:00:00,3.94e-06,3.97e-06,3.97e-06,3.94e-06,19310780829
1776495600,2026-04-18 07:00:00,3.95e-06,3.97e-06,3.95e-06,3.97e-06,16292046241
1776499200,2026-04-18 08:00:00,3.87e-06,3.96e-06,3.96e-06,3.9e-06,95053843700
1776502800,2026-04-18 09:00:00,3.87e-06,3.9e-06,3.89e-06,3.89e-06,37101129078
1776506400,2026-04-18 10:00:00,3.86e-06,3.88e-06,3.88e-06,3.86e-06,46971265079
1776510000,2026-04-18 11:00:00,3.8e-06,3.86e-06,3.86e-06,3.82e-06,69232636551
1776513600,2026-04-18 12:00:00,3.81e-06,3.84e-06,3.82e-06,3.84e-06,39385894833
1776517200,2026-04-18 13:00:00,3.79e-06,3.84e-06,3.84e-06,3.82e-06,205398046320
1776520800,2026-04-18 14:00:00,3.81e-06,3.84e-06,3.82e-06,3.83e-06,58419842735
1776524400,2026-04-18 15:00:00,3.81e-06,3.85e-06,3.83e-06,3.82e-06,86560555151
1776528000,2026-04-18 16:00:00,3.78e-06,3.83e-06,3.81e-06,3.79e-06,46994497064
1776531600,2026-04-18 17:00:00,3.78e-06,3.81e-06,3.79e-06,3.8e-06,25267914564
1776535200,2026-04-18 18:00:00,3.75e-06,3.8e-06,3.79e-06,3.78e-06,67303591030
1776538800,2026-04-18 19:00:00,3.77e-06,3.8e-06,3.77e-06,3.78e-06,21077160283
1776542400,2026-04-18 20:00:00,3.77e-06,3.8e-06,3.78e-06,3.79e-06,37866447236
1776546000,2026-04-18 21:00:00,3.78e-06,3.81e-06,3.79e-06,3.81e-06,30215400230
1776549600,2026-04-18 22:00:00,3.79e-06,3.81e-06,3.81e-06,3.8e-06,26894071050
1776553200,2026-04-18 23:00:00,3.77e-06,3.82e-06,3.81e-06,3.78e-06,20066732067
1776556800,2026-04-19 00:00:00,3.77e-06,3.79e-06,3.78e-06,3.78e-06,38379608243
1776560400,2026-04-19 01:00:00,3.77e-06,3.8e-06,3.79e-06,3.77e-06,15193210496
1776564000,2026-04-19 02:00:00,3.74e-06,3.78e-06,3.77e-06,3.77e-06,36940232055
1776567600,2026-04-19 03:00:00,3.74e-06,3.79e-06,3.77e-06,3.76e-06,47349970421
1776571200,2026-04-19 04:00:00,3.75e-06,3.78e-06,3.77e-06,3.76e-06,25551940300
1776574800,2026-04-19 05:00:00,3.75e-06,3.79e-06,3.76e-06,3.76e-06,33826910769
1776578400,2026-04-19 06:00:00,3.75e-06,3.81e-06,3.76e-06,3.78e-06,44919290680
1776582000,2026-04-19 07:00:00,3.72e-06,3.78e-06,3.78e-06,3.76e-06,53574773500
1776585600,2026-04-19 08:00:00,3.74e-06,3.76e-06,3.76e-06,3.74e-06,14350608296
1776589200,2026-04-19 09:00:00,3.72e-06,3.75e-06,3.75e-06,3.72e-06,49892067580
1776592800,2026-04-19 10:00:00,3.71e-06,3.73e-06,3.72e-06,3.71e-06,21244494747
1776596400,2026-04-19 11:00:00,3.72e-06,3.76e-06,3.72e-06,3.74e-06,30211569633
1776600000,2026-04-19 12:00:00,3.75e-06,3.8e-06,3.75e-06,3.77e-06,28282552665
1776603600,2026-04-19 13:00:00,3.75e-06,3.82e-06,3.77e-06,3.8e-06,76141158071
1776607200,2026-04-19 14:00:00,3.78e-06,3.85e-06,3.81e-06,3.8e-06,137003089244
1776610800,2026-04-19 15:00:00,3.73e-06,3.81e-06,3.8e-06,3.81e-06,64004595699
1776614400,2026-04-19 16:00:00,3.73e-06,3.82e-06,3.82e-06,3.74e-06,103892013730
1776618000,2026-04-19 17:00:00,3.68e-06,3.76e-06,3.74e-06,3.7e-06,81442381810
1776621600,2026-04-19 18:00:00,3.68e-06,3.72e-06,3.7e-06,3.72e-06,81334486190
1776625200,2026-04-19 19:00:00,3.72e-06,3.75e-06,3.72e-06,3.74e-06,16565356543
1776628800,2026-04-19 20:00:00,3.7e-06,3.73e-06,3.73e-06,3.7e-06,47778658979
1776632400,2026-04-19 21:00:00,3.69e-06,3.73e-06,3.7e-06,3.69e-06,22054242233
1776636000,2026-04-19 22:00:00,3.63e-06,3.69e-06,3.69e-06,3.65e-06,174248725344
1776639600,2026-04-19 23:00:00,3.63e-06,3.65e-06,3.65e-06,3.65e-06,48878133848
1776643200,2026-04-20 00:00:00,3.64e-06,3.71e-06,3.65e-06,3.69e-06,96385786996
1776646800,2026-04-20 01:00:00,3.69e-06,3.72e-06,3.69e-06,3.71e-06,129552083444
1776650400,2026-04-20 02:00:00,3.68e-06,3.71e-06,3.71e-06,3.7e-06,77783153029
1776654000,2026-04-20 03:00:00,3.69e-06,3.71e-06,3.7e-06,3.71e-06,72214763691
1776657600,2026-04-20 04:00:00,3.69e-06,3.74e-06,3.7e-06,3.74e-06,48761064588
1776661200,2026-04-20 05:00:00,3.68e-06,3.73e-06,3.73e-06,3.7e-06,73026495517
1776664800,2026-04-20 06:00:00,3.7e-06,3.73e-06,3.7e-06,3.72e-06,23832958703
1776668400,2026-04-20 07:00:00,3.71e-06,3.79e-06,3.72e-06,3.75e-06,75973576128
1776672000,2026-04-20 08:00:00,3.73e-06,3.75e-06,3.75e-06,3.73e-06,52234333363
1776675600,2026-04-20 09:00:00,3.74e-06,3.78e-06,3.74e-06,3.76e-06,35822872185
1776679200,2026-04-20 10:00:00,3.76e-06,3.8e-06,3.76e-06,3.76e-06,19451158581
1776682800,2026-04-20 11:00:00,3.75e-06,3.78e-06,3.76e-06,3.76e-06,43833283723
1776686400,2026-04-20 12:00:00,3.75e-06,3.78e-06,3.75e-06,3.77e-06,32915242996
1776690000,2026-04-20 13:00:00,3.74e-06,3.78e-06,3.77e-06,3.77e-06,50801724456
1776693600,2026-04-20 14:00:00,3.72e-06,3.8e-06,3.77e-06,3.73e-06,149219000756
1776697200,2026-04-20 15:00:00,3.71e-06,3.8e-06,3.73e-06,3.78e-06,88073571518
1776700800,2026-04-20 16:00:00,3.74e-06,3.78e-06,3.78e-06,3.75e-06,48798158909
1776704400,2026-04-20 17:00:00,3.74e-06,3.8e-06,3.75e-06,3.8e-06,59037322100
1776708000,2026-04-20 18:00:00,3.81e-06,3.84e-06,3.81e-06,3.83e-06,126771081701
1776711600,2026-04-20 19:00:00,3.79e-06,3.84e-06,3.83e-06,3.81e-06,47927480644
1776715200,2026-04-20 20:00:00,3.79e-06,3.83e-06,3.8e-06,3.82e-06,45021620050
1776718800,2026-04-20 21:00:00,3.78e-06,3.83e-06,3.82e-06,3.79e-06,37424021680
1776722400,2026-04-20 22:00:00,3.77e-06,3.8e-06,3.79e-06,3.77e-06,23075483960
1776726000,2026-04-20 23:00:00,3.74e-06,3.77e-06,3.76e-06,3.76e-06,67310710137
1776729600,2026-04-21 00:00:00,3.75e-06,3.78e-06,3.76e-06,3.77e-06,84605820150
1776733200,2026-04-21 01:00:00,3.74e-06,3.78e-06,3.76e-06,3.74e-06,36577802750
1776736800,2026-04-21 02:00:00,3.72e-06,3.76e-06,3.74e-06,3.74e-06,81098847372
1776740400,2026-04-21 03:00:00,3.73e-06,3.76e-06,3.74e-06,3.75e-06,57156185217
1776744000,2026-04-21 04:00:00,3.74e-06,3.77e-06,3.75e-06,3.77e-06,50374679731
1776747600,2026-04-21 05:00:00,3.77e-06,3.79e-06,3.77e-06,3.78e-06,33146727240
1776751200,2026-04-21 06:00:00,3.77e-06,3.8e-06,3.78e-06,3.78e-06,8716539888
1776754800,2026-04-21 07:00:00,3.77e-06,3.8e-06,3.78e-06,3.78e-06,39208599906
1776758400,2026-04-21 08:00:00,3.78e-06,3.82e-06,3.78e-06,3.79e-06,35770851885
1776762000,2026-04-21 09:00:00,3.78e-06,3.82e-06,3.79e-06,3.82e-06,36445694040
1776765600,2026-04-21 10:00:00,3.81e-06,3.84e-06,3.82e-06,3.83e-06,48022447115
1776769200,2026-04-21 11:00:00,3.8e-06,3.84e-06,3.83e-06,3.8e-06,57002860919
1776772800,2026-04-21 12:00:00,3.76e-06,3.8e-06,3.8e-06,3.77e-06,30544025321
1776776400,2026-04-21 13:00:00,3.76e-06,3.78e-06,3.77e-06,3.78e-06,55605621561
1776780000,2026-04-21 14:00:00,3.76e-06,3.83e-06,3.79e-06,3.78e-06,87996107818
1776783600,2026-04-21 15:00:00,3.76e-06,3.8e-06,3.77e-06,3.79e-06,110104350028
1776787200,2026-04-21 16:00:00,3.77e-06,3.82e-06,3.8e-06,3.77e-06,88775062329
1776790800,2026-04-21 17:00:00,3.71e-06,3.77e-06,3.77e-06,3.74e-06,100928440998
1776794400,2026-04-21 18:00:00,3.73e-06,3.76e-06,3.74e-06,3.76e-06,39778280543
1776798000,2026-04-21 19:00:00,3.7e-06,3.77e-06,3.76e-06,3.72e-06,39131443139
1776801600,2026-04-21 20:00:00,3.72e-06,3.8e-06,3.72e-06,3.77e-06,119994292859
1776805200,2026-04-21 21:00:00,3.76e-06,3.78e-06,3.77e-06,3.77e-06,49433147678
1776808800,2026-04-21 22:00:00,3.74e-06,3.78e-06,3.77e-06,3.77e-06,42745442318
1776812400,2026-04-21 23:00:00,3.77e-06,3.82e-06,3.77e-06,3.82e-06,72989425978
1776816000,2026-04-22 00:00:00,3.81e-06,3.83e-06,3.82e-06,3.81e-06,44708260279
1776819600,2026-04-22 01:00:00,3.79e-06,3.82e-06,3.82e-06,3.8e-06,46955387440
1776823200,2026-04-22 02:00:00,3.79e-06,3.93e-06,3.8e-06,3.92e-06,178390540032
1776826800,2026-04-22 03:00:00,3.87e-06,3.95e-06,3.92e-06,3.87e-06,104374045946
1776830400,2026-04-22 04:00:00,3.86e-06,3.89e-06,3.87e-06,3.88e-06,71997772547
1776834000,2026-04-22 05:00:00,3.87e-06,3.94e-06,3.88e-06,3.89e-06,257500302875
1776837600,2026-04-22 06:00:00,3.86e-06,3.9e-06,3.89e-06,3.89e-06,45615633812
1776841200,2026-04-22 07:00:00,3.86e-06,3.9e-06,3.89e-06,3.89e-06,54099910030
1776844800,2026-04-22 08:00:00,3.88e-06,3.92e-06,3.88e-06,3.9e-06,23676442922
1776848400,2026-04-22 09:00:00,3.89e-06,3.92e-06,3.9e-06,3.9e-06,31924178386
1776852000,2026-04-22 10:00:00,3.88e-06,3.96e-06,3.9e-06,3.96e-06,58047932141
1776855600,2026-04-22 11:00:00,3.92e-06,3.98e-06,3.97e-06,3.95e-06,83020914281
1776859200,2026-04-22 12:00:00,3.9e-06,3.96e-06,3.95e-06,3.91e-06,40448957556
1776862800,2026-04-22 13:00:00,3.89e-06,3.94e-06,3.91e-06,3.93e-06,54617428498
1776866400,2026-04-22 14:00:00,3.9e-06,3.95e-06,3.93e-06,3.93e-06,71410409261
1776870000,2026-04-22 15:00:00,3.9e-06,3.95e-06,3.93e-06,3.94e-06,65105939139
1776873600,2026-04-22 16:00:00,3.88e-06,3.95e-06,3.94e-06,3.9e-06,64102963576
1776877200,2026-04-22 17:00:00,3.89e-06,3.92e-06,3.9e-06,3.91e-06,39091958413
1776880800,2026-04-22 18:00:00,3.88e-06,3.93e-06,3.91e-06,3.89e-06,34243459065
1776884400,2026-04-22 19:00:00,3.84e-06,3.89e-06,3.89e-06,3.87e-06,49633206227
1776888000,2026-04-22 20:00:00,3.83e-06,3.87e-06,3.86e-06,3.84e-06,81962391572
1776891600,2026-04-22 21:00:00,3.84e-06,3.88e-06,3.84e-06,3.86e-06,33088492965
1776895200,2026-04-22 22:00:00,3.84e-06,3.87e-06,3.86e-06,3.84e-06,24578304031
1776898800,2026-04-22 23:00:00,3.78e-06,3.84e-06,3.83e-06,3.79e-06,36925138784
1776902400,2026-04-23 00:00:00,3.73e-06,3.81e-06,3.8e-06,3.81e-06,101407440919
1776906000,2026-04-23 01:00:00,3.78e-06,3.81e-06,3.8e-06,3.79e-06,14796821268
1776909600,2026-04-23 02:00:00,3.75e-06,3.8e-06,3.79e-06,3.76e-06,37686823902
1776913200,2026-04-23 03:00:00,3.72e-06,3.77e-06,3.76e-06,3.75e-06,52604032644
1776916800,2026-04-23 04:00:00,3.74e-06,3.77e-06,3.75e-06,3.77e-06,12515293566
1776920400,2026-04-23 05:00:00,3.76e-06,3.79e-06,3.77e-06,3.78e-06,10551228359
1776924000,2026-04-23 06:00:00,3.77e-06,3.83e-06,3.77e-06,3.81e-06,30325881432
1776927600,2026-04-23 07:00:00,3.8e-06,3.82e-06,3.82e-06,3.8e-06,14593460293
1776931200,2026-04-23 08:00:00,3.77e-06,3.8e-06,3.8e-06,3.78e-06,9060214459
1776934800,2026-04-23 09:00:00,3.74e-06,3.79e-06,3.78e-06,3.76e-06,43537177152
1776938400,2026-04-23 10:00:00,3.74e-06,3.76e-06,3.76e-06,3.76e-06,36305894860
1776942000,2026-04-23 11:00:00,3.74e-06,3.79e-06,3.76e-06,3.78e-06,57214578206
1776945600,2026-04-23 12:00:00,3.78e-06,3.8e-06,3.78e-06,3.79e-06,58461479158
1776949200,2026-04-23 13:00:00,3.78e-06,3.8e-06,3.79e-06,3.79e-06,34090595676
1776952800,2026-04-23 14:00:00,3.77e-06,3.82e-06,3.78e-06,3.82e-06,12777707788
1776956400,2026-04-23 15:00:00,3.8e-06,3.85e-06,3.82e-06,3.84e-06,47563605407
1776960000,2026-04-23 16:00:00,3.79e-06,3.86e-06,3.84e-06,3.8e-06,102933423834
1776963600,2026-04-23 17:00:00,3.71e-06,3.8e-06,3.8e-06,3.75e-06,75184130906
1776967200,2026-04-23 18:00:00,3.75e-06,3.78e-06,3.76e-06,3.75e-06,38184576515
1776970800,2026-04-23 19:00:00,3.74e-06,3.79e-06,3.75e-06,3.77e-06,32543809291
1776974400,2026-04-23 20:00:00,3.77e-06,3.81e-06,3.77e-06,3.8e-06,15966422631
1776978000,2026-04-23 21:00:00,3.8e-06,3.83e-06,3.8e-06,3.81e-06,27348901363
1776981600,2026-04-23 22:00:00,3.81e-06,3.83e-06,3.82e-06,3.81e-06,17742200421
1776985200,2026-04-23 23:00:00,3.8e-06,3.84e-06,3.82e-06,3.83e-06,18580978195
1776988800,2026-04-24 00:00:00,3.82e-06,3.87e-06,3.83e-06,3.87e-06,38290805731
1776992400,2026-04-24 01:00:00,3.83e-06,3.89e-06,3.86e-06,3.89e-06,16587742219
1776996000,2026-04-24 02:00:00,3.84e-06,3.88e-06,3.88e-06,3.84e-06,51844310800
1776999600,2026-04-24 03:00:00,3.8e-06,3.85e-06,3.85e-06,3.84e-06,32232526008
1777003200,2026-04-24 04:00:00,3.81e-06,3.84e-06,3.84e-06,3.81e-06,14265559872
1777006800,2026-04-24 05:00:00,3.8e-06,3.84e-06,3.81e-06,3.83e-06,13032869203
1777010400,2026-04-24 06:00:00,3.83e-06,3.86e-06,3.84e-06,3.84e-06,10874301789
1777014000,2026-04-24 07:00:00,3.82e-06,3.86e-06,3.83e-06,3.83e-06,13005803921
1777017600,2026-04-24 08:00:00,3.82e-06,3.85e-06,3.83e-06,3.84e-06,373470606327
1777021200,2026-04-24 09:00:00,3.79e-06,3.84e-06,3.84e-06,3.8e-06,366255782383
1777024800,2026-04-24 10:00:00,3.79e-06,3.85e-06,3.8e-06,3.84e-06,20075313470
1777028400,2026-04-24 11:00:00,3.84e-06,3.87e-06,3.84e-06,3.86e-06,47928329381
1777032000,2026-04-24 12:00:00,3.85e-06,3.88e-06,3.86e-06,3.87e-06,42936151864
1777035600,2026-04-24 13:00:00,3.83e-06,3.88e-06,3.86e-06,3.84e-06,222265423547
1777039200,2026-04-24 14:00:00,3.81e-06,3.86e-06,3.84e-06,3.85e-06,469638276084
1777042800,2026-04-24 15:00:00,3.8e-06,3.89e-06,3.84e-06,3.89e-06,336599002040
1777046400,2026-04-24 16:00:00,3.85e-06,3.9e-06,3.89e-06,3.87e-06,47028136484
1777050000,2026-04-24 17:00:00,3.86e-06,3.89e-06,3.87e-06,3.88e-06,32974472243
1777053600,2026-04-24 18:00:00,3.86e-06,3.89e-06,3.88e-06,3.89e-06,28392039011
1777057200,2026-04-24 19:00:00,3.87e-06,3.9e-06,3.89e-06,3.88e-06,44172647607
1777060800,2026-04-24 20:00:00,3.86e-06,3.92e-06,3.88e-06,3.91e-06,449121094261
1777064400,2026-04-24 21:00:00,3.89e-06,3.93e-06,3.91e-06,3.9e-06,356103447337
1777068000,2026-04-24 22:00:00,3.85e-06,3.9e-06,3.9e-06,3.86e-06,99906875852
1777071600,2026-04-24 23:00:00,3.86e-06,3.87e-06,3.87e-06,3.87e-06,34760125789
1777075200,2026-04-25 00:00:00,3.85e-06,3.88e-06,3.86e-06,3.88e-06,45696402327
1777078800,2026-04-25 01:00:00,3.87e-06,3.9e-06,3.88e-06,3.89e-06,17845166605
1777082400,2026-04-25 02:00:00,3.87e-06,3.89e-06,3.88e-06,3.88e-06,14563827013
1777086000,2026-04-25 03:00:00,3.87e-06,3.9e-06,3.88e-06,3.89e-06,15158211308
1777089600,2026-04-25 04:00:00,3.87e-06,3.9e-06,3.89e-06,3.87e-06,11151431158
1777093200,2026-04-25 05:00:00,3.86e-06,3.89e-06,3.87e-06,3.88e-06,8265517642
1777096800,2026-04-25 06:00:00,3.86e-06,3.9e-06,3.88e-06,3.86e-06,9999176444
1777100400,2026-04-25 07:00:00,3.86e-06,3.88e-06,3.86e-06,3.86e-06,12817368783
1777104000,2026-04-25 08:00:00,3.86e-06,3.88e-06,3.86e-06,3.87e-06,10609971143
1777107600,2026-04-25 09:00:00,3.86e-06,3.9e-06,3.88e-06,3.89e-06,23068622097
1777111200,2026-04-25 10:00:00,3.87e-06,3.89e-06,3.89e-06,3.88e-06,23547934103
1777114800,2026-04-25 11:00:00,3.83e-06,3.87e-06,3.87e-06,3.84e-06,45902232439
1777118400,2026-04-25 12:00:00,3.82e-06,3.84e-06,3.84e-06,3.83e-06,32633607521
1777122000,2026-04-25 13:00:00,3.84e-06,3.86e-06,3.84e-06,3.85e-06,16320322557
1777125600,2026-04-25 14:00:00,3.84e-06,3.87e-06,3.85e-06,3.84e-06,26112317793
1777129200,2026-04-25 15:00:00,3.82e-06,3.85e-06,3.84e-06,3.83e-06,13713303706
1777132800,2026-04-25 16:00:00,3.8e-06,3.84e-06,3.83e-06,3.82e-06,28675375695
1777136400,2026-04-25 17:00:00,3.79e-06,3.82e-06,3.81e-06,3.81e-06,18417828777
1777140000,2026-04-25 18:00:00,3.81e-06,3.82e-06,3.81e-06,3.82e-06,5963394457
1777143600,2026-04-25 19:00:00,3.8e-06,3.82e-06,3.82e-06,3.81e-06,21729190945
1777147200,2026-04-25 20:00:00,3.81e-06,3.83e-06,3.82e-06,3.83e-06,15805398058
1777150800,2026-04-25 21:00:00,3.82e-06,3.84e-06,3.83e-06,3.83e-06,11939303363
1777154400,2026-04-25 22:00:00,3.83e-06,3.85e-06,3.83e-06,3.84e-06,9739987364
1777158000,2026-04-25 23:00:00,3.83e-06,3.86e-06,3.85e-06,3.85e-06,16712638048
1777161600,2026-04-26 00:00:00,3.83e-06,3.85e-06,3.85e-06,3.83e-06,32589407404
1777165200,2026-04-26 01:00:00,3.82e-06,3.84e-06,3.83e-06,3.82e-06,10628528549
1777168800,2026-04-26 02:00:00,3.82e-06,3.85e-06,3.82e-06,3.83e-06,33952336211
1777172400,2026-04-26 03:00:00,3.82e-06,3.86e-06,3.83e-06,3.84e-06,37454199193
1777176000,2026-04-26 04:00:00,3.82e-06,3.86e-06,3.84e-06,3.85e-06,28857667757
1777179600,2026-04-26 05:00:00,3.85e-06,3.88e-06,3.85e-06,3.87e-06,36520679060
1777183200,2026-04-26 06:00:00,3.87e-06,3.91e-06,3.88e-06,3.89e-06,56721610015
1777186800,2026-04-26 07:00:00,3.88e-06,3.9e-06,3.89e-06,3.89e-06,13074025792
1777190400,2026-04-26 08:00:00,3.88e-06,3.9e-06,3.89e-06,3.89e-06,25432135284
1777194000,2026-04-26 09:00:00,3.88e-06,3.9e-06,3.89e-06,3.89e-06,17346469942
1777197600,2026-04-26 10:00:00,3.88e-06,3.91e-06,3.89e-06,3.9e-06,16698932240
1777201200,2026-04-26 11:00:00,3.9e-06,3.95e-06,3.9e-06,3.93e-06,50244712137
1777204800,2026-04-26 12:00:00,3.9e-06,3.94e-06,3.94e-06,3.9e-06,31638102292
1777208400,2026-04-26 13:00:00,3.88e-06,3.92e-06,3.9e-06,3.89e-06,119374392453
1777212000,2026-04-26 14:00:00,3.88e-06,3.93e-06,3.89e-06,3.92e-06,9258495110
1777215600,2026-04-26 15:00:00,3.91e-06,3.93e-06,3.91e-06,3.93e-06,8452319699
1777219200,2026-04-26 16:00:00,3.89e-06,3.93e-06,3.93e-06,3.89e-06,5761766578
1777222800,2026-04-26 17:00:00,3.89e-06,3.91e-06,3.89e-06,3.91e-06,6223708325
1777226400,2026-04-26 18:00:00,3.89e-06,3.92e-06,3.9e-06,3.91e-06,17672479969
1777230000,2026-04-26 19:00:00,3.9e-06,3.94e-06,3.9e-06,3.92e-06,38214374556
1777233600,2026-04-26 20:00:00,3.91e-06,3.94e-06,3.91e-06,3.92e-06,80069400742
1777237200,2026-04-26 21:00:00,3.85e-06,3.93e-06,3.92e-06,3.91e-06,78344371072
1777240800,2026-04-26 22:00:00,3.87e-06,3.92e-06,3.91e-06,3.88e-06,60462648324
1777244400,2026-04-26 23:00:00,3.87e-06,3.91e-06,3.88e-06,3.91e-06,32964614736
1777248000,2026-04-27 00:00:00,3.89e-06,3.94e-06,3.9e-06,3.94e-06,71473202244
1777251600,2026-04-27 01:00:00,3.93e-06,3.98e-06,3.94e-06,3.98e-06,116092064233
1777255200,2026-04-27 02:00:00,3.96e-06,4.01e-06,3.98e-06,4e-06,87944489730
1777258800,2026-04-27 03:00:00,4e-06,4.03e-06,4e-06,4e-06,51660169184
1777262400,2026-04-27 04:00:00,3.96e-06,4e-06,4e-06,3.97e-06,22808612627
1777266000,2026-04-27 05:00:00,3.84e-06,3.97e-06,3.97e-06,3.85e-06,125854208032
1777269600,2026-04-27 06:00:00,3.82e-06,3.86e-06,3.85e-06,3.83e-06,58226843679
1777273200,2026-04-27 07:00:00,3.81e-06,3.84e-06,3.83e-06,3.83e-06,38038732689
1777276800,2026-04-27 08:00:00,3.82e-06,3.84e-06,3.83e-06,3.84e-06,64572097776
1777280400,2026-04-27 09:00:00,3.83e-06,3.85e-06,3.84e-06,3.84e-06,44595108572
1777284000,2026-04-27 10:00:00,3.84e-06,3.85e-06,3.85e-06,3.85e-06,19804930836
1777287600,2026-04-27 11:00:00,3.83e-06,3.86e-06,3.85e-06,3.85e-06,17737337922
1777291200,2026-04-27 12:00:00,3.83e-06,3.85e-06,3.85e-06,3.83e-06,25730717401
1777294800,2026-04-27 13:00:00,3.83e-06,3.86e-06,3.84e-06,3.85e-06,28981496792
1777298400,2026-04-27 14:00:00,3.84e-06,3.91e-06,3.85e-06,3.87e-06,75276610802
1777302000,2026-04-27 15:00:00,3.77e-06,3.88e-06,3.87e-06,3.8e-06,462734245182
1777305600,2026-04-27 16:00:00,3.75e-06,3.8e-06,3.79e-06,3.78e-06,732657366313
1777309200,2026-04-27 17:00:00,3.78e-06,3.82e-06,3.78e-06,3.81e-06,138893101393
1777312800,2026-04-27 18:00:00,3.81e-06,3.84e-06,3.81e-06,3.83e-06,74802112544
1777316400,2026-04-27 19:00:00,3.79e-06,3.84e-06,3.83e-06,3.82e-06,26505764629
1777320000,2026-04-27 20:00:00,3.81e-06,3.83e-06,3.82e-06,3.82e-06,10922239603
1777323600,2026-04-27 21:00:00,3.82e-06,3.84e-06,3.82e-06,3.82e-06,18295317315
1777327200,2026-04-27 22:00:00,3.82e-06,3.88e-06,3.82e-06,3.88e-06,30434278390
1777330800,2026-04-27 23:00:00,3.87e-06,3.91e-06,3.88e-06,3.9e-06,93871238857
1777334400,2026-04-28 00:00:00,3.87e-06,3.91e-06,3.9e-06,3.9e-06,37983804558
1777338000,2026-04-28 01:00:00,3.88e-06,3.91e-06,3.9e-06,3.89e-06,27159886651
1777341600,2026-04-28 02:00:00,3.85e-06,3.89e-06,3.89e-06,3.87e-06,24147382906
1777345200,2026-04-28 03:00:00,3.85e-06,3.88e-06,3.87e-06,3.87e-06,57780339115
1777348800,2026-04-28 04:00:00,3.86e-06,3.89e-06,3.87e-06,3.88e-06,42411250515
1777352400,2026-04-28 05:00:00,3.88e-06,3.9e-06,3.88e-06,3.89e-06,33896927078
1777356000,2026-04-28 06:00:00,3.84e-06,3.9e-06,3.89e-06,3.86e-06,25991409390
1777359600,2026-04-28 07:00:00,3.82e-06,3.86e-06,3.85e-06,3.85e-06,30158199165
1777363200,2026-04-28 08:00:00,3.84e-06,3.89e-06,3.85e-06,3.87e-06,30090752333
1777366800,2026-04-28 09:00:00,3.84e-06,3.88e-06,3.87e-06,3.86e-06,13400067113
1777370400,2026-04-28 10:00:00,3.83e-06,3.86e-06,3.86e-06,3.85e-06,10950612720
1777374000,2026-04-28 11:00:00,3.82e-06,3.85e-06,3.84e-06,3.83e-06,32721077711
1777377600,2026-04-28 12:00:00,3.82e-06,3.85e-06,3.83e-06,3.85e-06,46643229236
1777381200,2026-04-28 13:00:00,3.81e-06,3.87e-06,3.85e-06,3.86e-06,68500336782
1777384800,2026-04-28 14:00:00,3.82e-06,3.86e-06,3.85e-06,3.86e-06,75968186338
1777388400,2026-04-28 15:00:00,3.85e-06,3.87e-06,3.87e-06,3.87e-06,40724705297
1777392000,2026-04-28 16:00:00,3.84e-06,3.87e-06,3.87e-06,3.86e-06,37088713382
1777395600,2026-04-28 17:00:00,3.83e-06,3.87e-06,3.86e-06,3.87e-06,13390767816
1777399200,2026-04-28 18:00:00,3.86e-06,3.9e-06,3.87e-06,3.89e-06,64981112256
1777402800,2026-04-28 19:00:00,3.88e-06,3.9e-06,3.89e-06,3.9e-06,88429639654
1777406400,2026-04-28 20:00:00,3.88e-06,3.9e-06,3.9e-06,3.9e-06,22405346101
1777410000,2026-04-28 21:00:00,3.87e-06,3.91e-06,3.91e-06,3.88e-06,20096275108
1777413600,2026-04-28 22:00:00,3.87e-06,3.9e-06,3.89e-06,3.87e-06,40996586708
1777417200,2026-04-28 23:00:00,3.86e-06,3.88e-06,3.88e-06,3.88e-06,36992889807
1777420800,2026-04-29 00:00:00,3.87e-06,3.9e-06,3.88e-06,3.88e-06,22693752422
1777424400,2026-04-29 01:00:00,3.86e-06,3.89e-06,3.89e-06,3.89e-06,27178886002
1777428000,2026-04-29 02:00:00,3.86e-06,3.89e-06,3.89e-06,3.88e-06,21631240889
1777431600,2026-04-29 03:00:00,3.87e-06,3.91e-06,3.88e-06,3.91e-06,45299257041
1777435200,2026-04-29 04:00:00,3.9e-06,3.95e-06,3.91e-06,3.94e-06,94024771196
1777438800,2026-04-29 05:00:00,3.92e-06,3.94e-06,3.94e-06,3.93e-06,30143080932
1777442400,2026-04-29 06:00:00,3.89e-06,3.93e-06,3.92e-06,3.9e-06,13934737424
1777446000,2026-04-29 07:00:00,3.9e-06,3.96e-06,3.9e-06,3.95e-06,23748189385
1777449600,2026-04-29 08:00:00,3.93e-06,3.96e-06,3.95e-06,3.94e-06,33506935256
1777453200,2026-04-29 09:00:00,3.94e-06,4.06e-06,3.94e-06,4.04e-06,198749669313
1777456800,2026-04-29 10:00:00,4.04e-06,4.16e-06,4.05e-06,4.12e-06,181631107956
1777460400,2026-04-29 11:00:00,4.08e-06,4.14e-06,4.12e-06,4.11e-06,100385767598
1777464000,2026-04-29 12:00:00,3.96e-06,4.11e-06,4.11e-06,3.96e-06,94289216802
1777467600,2026-04-29 13:00:00,3.87e-06,3.97e-06,3.96e-06,3.9e-06,109636042076
1777471200,2026-04-29 14:00:00,3.86e-06,3.91e-06,3.9e-06,3.87e-06,90391231083
1777474800,2026-04-29 15:00:00,3.81e-06,3.88e-06,3.87e-06,3.81e-06,124491507094
1777478400,2026-04-29 16:00:00,3.81e-06,3.84e-06,3.82e-06,3.84e-06,109963885907
1777482000,2026-04-29 17:00:00,3.83e-06,3.88e-06,3.84e-06,3.87e-06,45070515574
1777485600,2026-04-29 18:00:00,3.74e-06,3.87e-06,3.87e-06,3.82e-06,138407996944
1777489200,2026-04-29 19:00:00,3.78e-06,3.82e-06,3.82e-06,3.81e-06,24824632984
1777492800,2026-04-29 20:00:00,3.79e-06,3.84e-06,3.81e-06,3.82e-06,49055346391
1777496400,2026-04-29 21:00:00,3.82e-06,3.86e-06,3.83e-06,3.84e-06,27883902615
1777500000,2026-04-29 22:00:00,3.83e-06,3.86e-06,3.84e-06,3.84e-06,40093235540
1777503600,2026-04-29 23:00:00,3.83e-06,3.86e-06,3.84e-06,3.85e-06,32747440634
1777507200,2026-04-30 00:00:00,3.85e-06,3.93e-06,3.85e-06,3.92e-06,213216285625
1777510800,2026-04-30 01:00:00,3.9e-06,3.94e-06,3.92e-06,3.91e-06,73130219233
1777514400,2026-04-30 02:00:00,3.82e-06,3.92e-06,3.91e-06,3.84e-06,87403245844
1777518000,2026-04-30 03:00:00,3.83e-06,3.87e-06,3.84e-06,3.85e-06,41918231495
1777521600,2026-04-30 04:00:00,3.81e-06,3.85e-06,3.85e-06,3.81e-06,43909214966
1777525200,2026-04-30 05:00:00,3.8e-06,3.85e-06,3.81e-06,3.83e-06,31044676770
1777528800,2026-04-30 06:00:00,3.82e-06,3.88e-06,3.83e-06,3.87e-06,39065646564
1777532400,2026-04-30 07:00:00,3.88e-06,3.92e-06,3.88e-06,3.91e-06,59766775484
1777536000,2026-04-30 08:00:00,3.88e-06,3.92e-06,3.91e-06,3.9e-06,44995917347
1777539600,2026-04-30 09:00:00,3.89e-06,3.94e-06,3.9e-06,3.93e-06,73850002750
1777543200,2026-04-30 10:00:00,3.9e-06,3.94e-06,3.92e-06,3.91e-06,52015532377
1777546800,2026-04-30 11:00:00,3.88e-06,3.94e-06,3.92e-06,3.9e-06,37124855634
1777550400,2026-04-30 12:00:00,3.87e-06,3.91e-06,3.9e-06,3.88e-06,29329566201
1777554000,2026-04-30 13:00:00,3.86e-06,3.89e-06,3.88e-06,3.87e-06,25253593060
1777557600,2026-04-30 14:00:00,3.82e-06,3.88e-06,3.87e-06,3.87e-06,118696105642
1777561200,2026-04-30 15:00:00,3.85e-06,3.9e-06,3.87e-06,3.89e-06,37668855242
1777564800,2026-04-30 16:00:00,3.86e-06,3.9e-06,3.89e-06,3.87e-06,64879188755
1777568400,2026-04-30 17:00:00,3.86e-06,3.89e-06,3.88e-06,3.89e-06,48393402439
1777572000,2026-04-30 18:00:00,3.87e-06,3.9e-06,3.89e-06,3.88e-06,88836143643
1777575600,2026-04-30 19:00:00,3.88e-06,3.9e-06,3.88e-06,3.88e-06,13147349018
1777579200,2026-04-30 20:00:00,3.86e-06,3.89e-06,3.88e-06,3.88e-06,21987346603
1777582800,2026-04-30 21:00:00,3.85e-06,3.89e-06,3.88e-06,3.86e-06,11738172697
1777586400,2026-04-30 22:00:00,3.85e-06,3.88e-06,3.87e-06,3.85e-06,132227508220
1777590000,2026-04-30 23:00:00,3.84e-06,3.88e-06,3.86e-06,3.88e-06,34313760490
1777593600,2026-05-01 00:00:00,3.88e-06,3.9e-06,3.88e-06,3.89e-06,86468045964
1777597200,2026-05-01 01:00:00,3.89e-06,3.93e-06,3.89e-06,3.93e-06,65365516134
1777600800,2026-05-01 02:00:00,3.91e-06,3.94e-06,3.92e-06,3.92e-06,85992508160
1777604400,2026-05-01 03:00:00,3.92e-06,3.98e-06,3.92e-06,3.95e-06,97857193015
1777608000,2026-05-01 04:00:00,3.94e-06,3.97e-06,3.95e-06,3.95e-06,54426486464
1777611600,2026-05-01 05:00:00,3.94e-06,3.98e-06,3.95e-06,3.95e-06,22579017204
1777615200,2026-05-01 06:00:00,3.91e-06,3.96e-06,3.96e-06,3.92e-06,15173803334
1777618800,2026-05-01 07:00:00,3.91e-06,3.93e-06,3.92e-06,3.92e-06,15567458527
1777622400,2026-05-01 08:00:00,3.92e-06,3.95e-06,3.92e-06,3.94e-06,15137242511
1777626000,2026-05-01 09:00:00,3.9e-06,3.94e-06,3.93e-06,3.91e-06,6988519544
1777629600,2026-05-01 10:00:00,3.9e-06,3.93e-06,3.91e-06,3.92e-06,7140418202
1777633200,2026-05-01 11:00:00,3.91e-06,3.93e-06,3.92e-06,3.93e-06,25819162085
1777636800,2026-05-01 12:00:00,3.92e-06,3.97e-06,3.92e-06,3.95e-06,41160629324
1777640400,2026-05-01 13:00:00,3.96e-06,4e-06,3.96e-06,3.99e-06,78613152703
1777644000,2026-05-01 14:00:00,3.97e-06,4e-06,3.98e-06,3.98e-06,122468353757
1777647600,2026-05-01 15:00:00,3.97e-06,4.02e-06,3.98e-06,4e-06,104057053045
1777651200,2026-05-01 16:00:00,3.97e-06,4.01e-06,4e-06,3.98e-06,83334738747
1777654800,2026-05-01 17:00:00,3.96e-06,3.99e-06,3.98e-06,3.99e-06,21782946077
1777658400,2026-05-01 18:00:00,3.97e-06,3.99e-06,3.99e-06,3.98e-06,20976973444
1777662000,2026-05-01 19:00:00,3.97e-06,4e-06,3.99e-06,3.99e-06,15069116199
1777665600,2026-05-01 20:00:00,3.95e-06,3.99e-06,3.99e-06,3.95e-06,43807895810
1777669200,2026-05-01 21:00:00,3.95e-06,3.98e-06,3.95e-06,3.97e-06,19194544818
1777672800,2026-05-01 22:00:00,3.94e-06,3.98e-06,3.97e-06,3.94e-06,20938686312
1777676400,2026-05-01 23:00:00,3.93e-06,3.95e-06,3.94e-06,3.94e-06,18371374243
1777680000,2026-05-02 00:00:00,3.93e-06,3.95e-06,3.94e-06,3.93e-06,34276725475
1777683600,2026-05-02 01:00:00,3.93e-06,3.95e-06,3.94e-06,3.94e-06,15888927466
1777687200,2026-05-02 02:00:00,3.92e-06,3.94e-06,3.93e-06,3.93e-06,15395541374
1777690800,2026-05-02 03:00:00,3.92e-06,3.94e-06,3.93e-06,3.94e-06,10151408532
1777694400,2026-05-02 04:00:00,3.9e-06,3.94e-06,3.93e-06,3.91e-06,17692275499
1777698000,2026-05-02 05:00:00,3.9e-06,3.92e-06,3.91e-06,3.91e-06,26704978570
1777701600,2026-05-02 06:00:00,3.92e-06,3.95e-06,3.92e-06,3.94e-06,8591797211
1777705200,2026-05-02 07:00:00,3.93e-06,3.94e-06,3.94e-06,3.93e-06,10734074616
1777708800,2026-05-02 08:00:00,3.91e-06,3.93e-06,3.93e-06,3.92e-06,16182920548
1777712400,2026-05-02 09:00:00,3.92e-06,3.95e-06,3.92e-06,3.93e-06,22645281224
1777716000,2026-05-02 10:00:00,3.93e-06,3.94e-06,3.93e-06,3.93e-06,7516932312
1777719600,2026-05-02 11:00:00,3.91e-06,3.93e-06,3.93e-06,3.91e-06,23082636884
1777723200,2026-05-02 12:00:00,3.91e-06,3.93e-06,3.91e-06,3.92e-06,14530347130
1777726800,2026-05-02 13:00:00,3.92e-06,3.95e-06,3.92e-06,3.94e-06,26387561835
1777730400,2026-05-02 14:00:00,3.93e-06,3.96e-06,3.94e-06,3.96e-06,13783393077
1777734000,2026-05-02 15:00:00,3.95e-06,3.98e-06,3.95e-06,3.98e-06,46658545647
1777737600,2026-05-02 16:00:00,3.96e-06,4e-06,3.97e-06,3.99e-06,78479845055
1777741200,2026-05-02 17:00:00,3.96e-06,4e-06,4e-06,3.96e-06,12341365500
1777744800,2026-05-02 18:00:00,3.94e-06,3.98e-06,3.96e-06,3.97e-06,10140039569
1777748400,2026-05-02 19:00:00,3.97e-06,3.98e-06,3.97e-06,3.97e-06,8551514316
1777752000,2026-05-02 20:00:00,3.97e-06,3.99e-06,3.97e-06,3.97e-06,26395011123
1777755600,2026-05-02 21:00:00,3.97e-06,4.02e-06,3.97e-06,3.99e-06,96370833284
1777759200,2026-05-02 22:00:00,3.98e-06,4.01e-06,4e-06,3.99e-06,30153808773
1777762800,2026-05-02 23:00:00,3.98e-06,4.01e-06,3.99e-06,4e-06,36003665531
1777766400,2026-05-03 00:00:00,3.95e-06,4e-06,4e-06,3.96e-06,95327399921
1777770000,2026-05-03 01:00:00,3.92e-06,3.96e-06,3.96e-06,3.93e-06,37212329610
1777773600,2026-05-03 02:00:00,3.91e-06,3.93e-06,3.93e-06,3.92e-06,30889430756
1777777200,2026-05-03 03:00:00,3.91e-06,3.95e-06,3.92e-06,3.94e-06,25797216649
1777780800,2026-05-03 04:00:00,3.93e-06,3.95e-06,3.94e-06,3.93e-06,9468385573
1777784400,2026-05-03 05:00:00,3.93e-06,3.94e-06,3.94e-06,3.93e-06,22731036256
1777788000,2026-05-03 06:00:00,3.91e-06,3.93e-06,3.93e-06,3.93e-06,18424589260
1777791600,2026-05-03 07:00:00,3.93e-06,3.95e-06,3.93e-06,3.94e-06,17942541813
1777795200,2026-05-03 08:00:00,3.93e-06,3.95e-06,3.94e-06,3.94e-06,15186008990
1777798800,2026-05-03 09:00:00,3.94e-06,3.96e-06,3.94e-06,3.95e-06,14486452369
1777802400,2026-05-03 10:00:00,3.93e-06,3.95e-06,3.94e-06,3.93e-06,5941168680
1777806000,2026-05-03 11:00:00,3.93e-06,3.96e-06,3.93e-06,3.95e-06,26189024913
1777809600,2026-05-03 12:00:00,3.95e-06,3.97e-06,3.95e-06,3.96e-06,75030556650
1777813200,2026-05-03 13:00:00,3.94e-06,3.98e-06,3.95e-06,3.96e-06,34996553660
1777816800,2026-05-03 14:00:00,3.95e-06,3.97e-06,3.95e-06,3.97e-06,48238979117
1777820400,2026-05-03 15:00:00,3.95e-06,3.98e-06,3.97e-06,3.96e-06,75803783856
1777824000,2026-05-03 16:00:00,3.93e-06,3.96e-06,3.96e-06,3.93e-06,23245556094
1777827600,2026-05-03 17:00:00,3.93e-06,3.96e-06,3.94e-06,3.95e-06,13188162638
1777831200,2026-05-03 18:00:00,3.94e-06,3.95e-06,3.94e-06,3.94e-06,6583078995
1777834800,2026-05-03 19:00:00,3.94e-06,3.97e-06,3.95e-06,3.96e-06,33416532852
1777838400,2026-05-03 20:00:00,3.96e-06,3.98e-06,3.96e-06,3.96e-06,49608092595
1777842000,2026-05-03 21:00:00,3.93e-06,3.98e-06,3.96e-06,3.93e-06,48644258486
1777845600,2026-05-03 22:00:00,3.94e-06,4e-06,3.94e-06,3.99e-06,233640608403
1777849200,2026-05-03 23:00:00,3.94e-06,4e-06,3.99e-06,3.94e-06,264065527443
1777852800,2026-05-04 00:00:00,3.9e-06,3.97e-06,3.94e-06,3.97e-06,114561699244
1777856400,2026-05-04 01:00:00,3.94e-06,4.04e-06,3.97e-06,4.03e-06,259032131003
1777860000,2026-05-04 02:00:00,4.03e-06,4.1e-06,4.04e-06,4.08e-06,151858033814
1777863600,2026-05-04 03:00:00,4.05e-06,4.1e-06,4.08e-06,4.1e-06,63961485365
1777867200,2026-05-04 04:00:00,4.08e-06,4.12e-06,4.09e-06,4.1e-06,51391884357
1777870800,2026-05-04 05:00:00,4.05e-06,4.1e-06,4.1e-06,4.06e-06,117398786583
1777874400,2026-05-04 06:00:00,3.99e-06,4.06e-06,4.06e-06,4.02e-06,352585881814
1777878000,2026-05-04 07:00:00,4.02e-06,4.05e-06,4.03e-06,4.03e-06,94895136290
1777881600,2026-05-04 08:00:00,4.01e-06,4.04e-06,4.02e-06,4.02e-06,19945043078
1777885200,2026-05-04 09:00:00,4.02e-06,4.07e-06,4.02e-06,4.05e-06,23921784541
1777888800,2026-05-04 10:00:00,3.94e-06,4.05e-06,4.05e-06,3.97e-06,188419828324
1777892400,2026-05-04 11:00:00,3.97e-06,4e-06,3.97e-06,3.99e-06,30255800767
1777896000,2026-05-04 12:00:00,3.98e-06,4e-06,3.99e-06,3.98e-06,38485909034
1777899600,2026-05-04 13:00:00,3.96e-06,4.01e-06,3.97e-06,3.99e-06,59849605880
1777903200,2026-05-04 14:00:00,3.97e-06,4.07e-06,3.99e-06,4.05e-06,97476502329
1777906800,2026-05-04 15:00:00,3.97e-06,4.06e-06,4.05e-06,4e-06,123112196726
1777910400,2026-05-04 16:00:00,3.97e-06,4.03e-06,4e-06,4.02e-06,54946731928
1777914000,2026-05-04 17:00:00,4.01e-06,4.06e-06,4.01e-06,4.05e-06,70421407881
1777917600,2026-05-04 18:00:00,4.03e-06,4.07e-06,4.05e-06,4.04e-06,53271363998
1777921200,2026-05-04 19:00:00,3.99e-06,4.04e-06,4.04e-06,4e-06,315782279090
1777924800,2026-05-04 20:00:00,3.97e-06,4.02e-06,4e-06,4e-06,481662343913
1777928400,2026-05-04 21:00:00,4e-06,4.03e-06,4e-06,4.02e-06,52907445897
1777932000,2026-05-04 22:00:00,3.99e-06,4.03e-06,4.02e-06,3.99e-06,42548044234
1777935600,2026-05-04 23:00:00,3.97e-06,3.99e-06,3.99e-06,3.98e-06,55091050943
1777939200,2026-05-05 00:00:00,3.98e-06,4.01e-06,3.98e-06,4.01e-06,51255401765
1777942800,2026-05-05 01:00:00,4e-06,4.04e-06,4e-06,4.02e-06,48762303899
1777946400,2026-05-05 02:00:00,4.02e-06,4.04e-06,4.03e-06,4.02e-06,41772568724
1777950000,2026-05-05 03:00:00,4.01e-06,4.05e-06,4.01e-06,4.04e-06,46125517436
1777953600,2026-05-05 04:00:00,4.02e-06,4.06e-06,4.04e-06,4.04e-06,38335437042
1777957200,2026-05-05 05:00:00,4.04e-06,4.07e-06,4.04e-06,4.07e-06,39883525935
1777960800,2026-05-05 06:00:00,4.05e-06,4.08e-06,4.07e-06,4.08e-06,34522039394
1777964400,2026-05-05 07:00:00,4.07e-06,4.1e-06,4.09e-06,4.07e-06,38844403746
1777968000,2026-05-05 08:00:00,4.07e-06,4.1e-06,4.08e-06,4.08e-06,16870408103
1777971600,2026-05-05 09:00:00,4.05e-06,4.09e-06,4.09e-06,4.06e-06,15551130772
1777975200,2026-05-05 10:00:00,4.06e-06,4.09e-06,4.06e-06,4.07e-06,14608847439
1777978800,2026-05-05 11:00:00,4.05e-06,4.09e-06,4.07e-06,4.08e-06,29597364416
1777982400,2026-05-05 12:00:00,4.07e-06,4.1e-06,4.08e-06,4.09e-06,53767587085
1777986000,2026-05-05 13:00:00,4.07e-06,4.14e-06,4.09e-06,4.11e-06,118673133671
1777989600,2026-05-05 14:00:00,4.08e-06,4.16e-06,4.11e-06,4.09e-06,135557132866
1777993200,2026-05-05 15:00:00,4.08e-06,4.11e-06,4.1e-06,4.09e-06,63428401474
1777996800,2026-05-05 16:00:00,4.05e-06,4.09e-06,4.09e-06,4.06e-06,100394467294
1778000400,2026-05-05 17:00:00,4.06e-06,4.09e-06,4.07e-06,4.08e-06,64932370335
1778004000,2026-05-05 18:00:00,4.08e-06,4.1e-06,4.09e-06,4.09e-06,36182478837
1778007600,2026-05-05 19:00:00,4.08e-06,4.14e-06,4.09e-06,4.13e-06,359907300507
1778011200,2026-05-05 20:00:00,4.12e-06,4.22e-06,4.12e-06,4.2e-06,641314244669
1778014800,2026-05-05 21:00:00,4.15e-06,4.23e-06,4.2e-06,4.19e-06,407876976746
1778018400,2026-05-05 22:00:00,4.12e-06,4.2e-06,4.2e-06,4.13e-06,209156403376
1778022000,2026-05-05 23:00:00,4.09e-06,4.15e-06,4.13e-06,4.11e-06,111889226843
1778025600,2026-05-06 00:00:00,4.11e-06,4.14e-06,4.12e-06,4.13e-06,78237544335
1778029200,2026-05-06 01:00:00,4.12e-06,4.21e-06,4.12e-06,4.2e-06,172954774487
1778032800,2026-05-06 02:00:00,4.15e-06,4.21e-06,4.19e-06,4.2e-06,53638262451
1778036400,2026-05-06 03:00:00,4.18e-06,4.26e-06,4.2e-06,4.24e-06,146539195016
1778040000,2026-05-06 04:00:00,4.18e-06,4.24e-06,4.23e-06,4.19e-06,92776305953
1778043600,2026-05-06 05:00:00,4.19e-06,4.25e-06,4.19e-06,4.25e-06,111457864620
1778047200,2026-05-06 06:00:00,4.22e-06,4.26e-06,4.25e-06,4.24e-06,81354363290
1778050800,2026-05-06 07:00:00,4.22e-06,4.25e-06,4.24e-06,4.22e-06,72607933663
1778054400,2026-05-06 08:00:00,4.21e-06,4.27e-06,4.22e-06,4.26e-06,70207014449
1778058000,2026-05-06 09:00:00,4.23e-06,4.27e-06,4.26e-06,4.26e-06,107748547393
1778061600,2026-05-06 10:00:00,4.24e-06,4.28e-06,4.27e-06,4.25e-06,117390145680
1778065200,2026-05-06 11:00:00,4.23e-06,4.27e-06,4.24e-06,4.26e-06,69969277928
1778068800,2026-05-06 12:00:00,4.21e-06,4.26e-06,4.25e-06,4.22e-06,268163137354
1778072400,2026-05-06 13:00:00,4.11e-06,4.22e-06,4.22e-06,4.14e-06,696091718104
1778076000,2026-05-06 14:00:00,4.08e-06,4.16e-06,4.13e-06,4.13e-06,349814288327
1778079600,2026-05-06 15:00:00,4.12e-06,4.16e-06,4.14e-06,4.15e-06,205514948739
1778083200,2026-05-06 16:00:00,4.13e-06,4.17e-06,4.15e-06,4.16e-06,92814890627
1778086800,2026-05-06 17:00:00,4.13e-06,4.17e-06,4.15e-06,4.14e-06,79415554422
1778090400,2026-05-06 18:00:00,4.13e-06,4.15e-06,4.14e-06,4.14e-06,80715602948
1778094000,2026-05-06 19:00:00,4.12e-06,4.15e-06,4.14e-06,4.15e-06,46510938852
1778097600,2026-05-06 20:00:00,4.13e-06,4.17e-06,4.15e-06,4.15e-06,18328105638
1778101200,2026-05-06 21:00:00,4.14e-06,4.19e-06,4.15e-06,4.18e-06,21384749444
1778104800,2026-05-06 22:00:00,4.13e-06,4.18e-06,4.18e-06,4.14e-06,122305310539
1778108400,2026-05-06 23:00:00,4.12e-06,4.17e-06,4.14e-06,4.16e-06,116508404669
1778112000,2026-05-07 00:00:00,4.11e-06,4.17e-06,4.16e-06,4.11e-06,82580818542
1778115600,2026-05-07 01:00:00,4.08e-06,4.13e-06,4.11e-06,4.1e-06,69113009708
1778119200,2026-05-07 02:00:00,4.08e-06,4.1e-06,4.1e-06,4.1e-06,35829346475
1778122800,2026-05-07 03:00:00,4.08e-06,4.11e-06,4.1e-06,4.09e-06,15598826712
1778126400,2026-05-07 04:00:00,4.08e-06,4.14e-06,4.09e-06,4.14e-06,42539142759
1778130000,2026-05-07 05:00:00,4.14e-06,4.17e-06,4.14e-06,4.17e-06,57693370075
1778133600,2026-05-07 06:00:00,4.13e-06,4.18e-06,4.16e-06,4.18e-06,60599514218
1778137200,2026-05-07 07:00:00,4.18e-06,4.25e-06,4.18e-06,4.24e-06,130345968514
1778140800,2026-05-07 08:00:00,4.2e-06,4.24e-06,4.23e-06,4.21e-06,68502469284
1778144400,2026-05-07 09:00:00,4.17e-06,4.21e-06,4.21e-06,4.19e-06,18303727157
1778148000,2026-05-07 10:00:00,4.15e-06,4.2e-06,4.2e-06,4.18e-06,36873889857
1778151600,2026-05-07 11:00:00,4.18e-06,4.21e-06,4.18e-06,4.18e-06,31017960642
1778155200,2026-05-07 12:00:00,4.19e-06,4.27e-06,4.19e-06,4.25e-06,101783156885
1778158800,2026-05-07 13:00:00,4.16e-06,4.26e-06,4.25e-06,4.19e-06,94989576724
1778162400,2026-05-07 14:00:00,4.11e-06,4.2e-06,4.19e-06,4.15e-06,96275166658
1778166000,2026-05-07 15:00:00,4.09e-06,4.16e-06,4.13e-06,4.11e-06,94597980040
1778169600,2026-05-07 16:00:00,4.1e-06,4.14e-06,4.11e-06,4.12e-06,70187878652
1778173200,2026-05-07 17:00:00,4.11e-06,4.16e-06,4.12e-06,4.16e-06,56091078272
1778176800,2026-05-07 18:00:00,4.15e-06,4.21e-06,4.16e-06,4.15e-06,88682522302
1778180400,2026-05-07 19:00:00,4.13e-06,4.17e-06,4.15e-06,4.15e-06,59202702339
1778184000,2026-05-07 20:00:00,4.13e-06,4.17e-06,4.15e-06,4.14e-06,69011114469
1778187600,2026-05-07 21:00:00,4.11e-06,4.15e-06,4.13e-06,4.12e-06,32260509752
1778191200,2026-05-07 22:00:00,4.11e-06,4.15e-06,4.12e-06,4.14e-06,35429703508
1778194800,2026-05-07 23:00:00,4.14e-06,4.17e-06,4.15e-06,4.16e-06,28616135413
1778198400,2026-05-08 00:00:00,4.12e-06,4.17e-06,4.16e-06,4.14e-06,16162901003
1778202000,2026-05-08 01:00:00,4.11e-06,4.14e-06,4.13e-06,4.14e-06,9269819925
1778227200,2026-05-08 08:00:00,4.14e-06,4.18e-06,4.14e-06,4.16e-06,19377038230
1778230800,2026-05-08 09:00:00,4.16e-06,4.21e-06,4.16e-06,4.19e-06,34123467728
1778234400,2026-05-08 10:00:00,4.17e-06,4.24e-06,4.19e-06,4.19e-06,31299304704
1778238000,2026-05-08 11:00:00,4.17e-06,4.21e-06,4.2e-06,4.21e-06,45471416587
1778241600,2026-05-08 12:00:00,4.17e-06,4.22e-06,4.21e-06,4.17e-06,23489093442
1778245200,2026-05-08 13:00:00,4.15e-06,4.19e-06,4.17e-06,4.19e-06,27680328878
1778248800,2026-05-08 14:00:00,4.19e-06,4.26e-06,4.19e-06,4.24e-06,59970507161
1778252400,2026-05-08 15:00:00,4.19e-06,4.28e-06,4.24e-06,4.28e-06,90256641964
1778256000,2026-05-08 16:00:00,4.23e-06,4.29e-06,4.28e-06,4.24e-06,60163080405
1778259600,2026-05-08 17:00:00,4.24e-06,4.34e-06,4.24e-06,4.32e-06,127321196952
1778263200,2026-05-08 18:00:00,4.3e-06,4.35e-06,4.32e-06,4.33e-06,107273878212
1778266800,2026-05-08 19:00:00,4.31e-06,4.37e-06,4.32e-06,4.33e-06,125183823602
1778270400,2026-05-08 20:00:00,4.31e-06,4.36e-06,4.34e-06,4.32e-06,42839848323
1778274000,2026-05-08 21:00:00,4.31e-06,4.35e-06,4.32e-06,4.34e-06,45090993199
1778277600,2026-05-08 22:00:00,4.31e-06,4.35e-06,4.34e-06,4.32e-06,107870491618
1778281200,2026-05-08 23:00:00,4.29e-06,4.33e-06,4.32e-06,4.32e-06,53399752964
1778284800,2026-05-09 00:00:00,4.31e-06,4.34e-06,4.32e-06,4.33e-06,23488693255
1778288400,2026-05-09 01:00:00,4.33e-06,4.37e-06,4.33e-06,4.35e-06,9830292733
1778292000,2026-05-09 02:00:00,4.33e-06,4.37e-06,4.36e-06,4.33e-06,42475447575
1778295600,2026-05-09 03:00:00,4.32e-06,4.35e-06,4.33e-06,4.34e-06,31721394261
1778299200,2026-05-09 04:00:00,4.32e-06,4.36e-06,4.35e-06,4.32e-06,19620915645
1778302800,2026-05-09 05:00:00,4.32e-06,4.35e-06,4.32e-06,4.34e-06,34272897255
1778306400,2026-05-09 06:00:00,4.31e-06,4.36e-06,4.34e-06,4.32e-06,31133514464
1778310000,2026-05-09 07:00:00,4.3e-06,4.34e-06,4.32e-06,4.31e-06,20791036827
1778313600,2026-05-09 08:00:00,4.31e-06,4.33e-06,4.31e-06,4.31e-06,27936278000
1778317200,2026-05-09 09:00:00,4.28e-06,4.32e-06,4.31e-06,4.29e-06,36407962931
1778320800,2026-05-09 10:00:00,4.28e-06,4.32e-06,4.29e-06,4.31e-06,22750126345
1778324400,2026-05-09 11:00:00,4.31e-06,4.33e-06,4.32e-06,4.31e-06,21383006143
1778328000,2026-05-09 12:00:00,4.29e-06,4.32e-06,4.32e-06,4.31e-06,33415959999
1778331600,2026-05-09 13:00:00,4.27e-06,4.31e-06,4.31e-06,4.29e-06,29907211888
1778335200,2026-05-09 14:00:00,4.25e-06,4.29e-06,4.29e-06,4.26e-06,104133698056
1778338800,2026-05-09 15:00:00,4.24e-06,4.27e-06,4.25e-06,4.25e-06,48187908293
1778342400,2026-05-09 16:00:00,4.23e-06,4.26e-06,4.24e-06,4.25e-06,30626681213
1778346000,2026-05-09 17:00:00,4.25e-06,4.29e-06,4.25e-06,4.27e-06,33767485190
1778349600,2026-05-09 18:00:00,4.27e-06,4.29e-06,4.27e-06,4.28e-06,45294023518
1778353200,2026-05-09 19:00:00,4.26e-06,4.29e-06,4.28e-06,4.28e-06,66065101634
1778356800,2026-05-09 20:00:00,4.26e-06,4.28e-06,4.28e-06,4.26e-06,13428505267
1778360400,2026-05-09 21:00:00,4.26e-06,4.28e-06,4.26e-06,4.27e-06,14210492242
1778364000,2026-05-09 22:00:00,4.25e-06,4.27e-06,4.26e-06,4.26e-06,42751541027
1778367600,2026-05-09 23:00:00,4.23e-06,4.26e-06,4.26e-06,4.25e-06,33450831696
1778371200,2026-05-10 00:00:00,4.22e-06,4.26e-06,4.25e-06,4.22e-06,46845311164
1778374800,2026-05-10 01:00:00,4.19e-06,4.22e-06,4.22e-06,4.2e-06,117829039134
1778378400,2026-05-10 02:00:00,4.21e-06,4.25e-06,4.21e-06,4.23e-06,20845884398
1778382000,2026-05-10 03:00:00,4.22e-06,4.24e-06,4.24e-06,4.23e-06,40762356006
1778385600,2026-05-10 04:00:00,4.22e-06,4.25e-06,4.23e-06,4.23e-06,30667206564
1778389200,2026-05-10 05:00:00,4.22e-06,4.25e-06,4.22e-06,4.24e-06,19714336452
1778392800,2026-05-10 06:00:00,4.22e-06,4.24e-06,4.23e-06,4.24e-06,15570746722
1778396400,2026-05-10 07:00:00,4.23e-06,4.25e-06,4.24e-06,4.24e-06,9558728022
1778400000,2026-05-10 08:00:00,4.24e-06,4.28e-06,4.24e-06,4.27e-06,27125866090
1778403600,2026-05-10 09:00:00,4.26e-06,4.28e-06,4.27e-06,4.26e-06,10254253356
1778407200,2026-05-10 10:00:00,4.25e-06,4.28e-06,4.26e-06,4.28e-06,13561425376
1778410800,2026-05-10 11:00:00,4.25e-06,4.28e-06,4.27e-06,4.26e-06,8446416683
1778414400,2026-05-10 12:00:00,4.25e-06,4.26e-06,4.26e-06,4.26e-06,8189450533
1778418000,2026-05-10 13:00:00,4.25e-06,4.28e-06,4.26e-06,4.27e-06,15447007307
1778421600,2026-05-10 14:00:00,4.25e-06,4.28e-06,4.27e-06,4.27e-06,38577907284
1778425200,2026-05-10 15:00:00,4.27e-06,4.32e-06,4.27e-06,4.31e-06,34681379445
1778428800,2026-05-10 16:00:00,4.32e-06,4.37e-06,4.32e-06,4.36e-06,80000402894
1778432400,2026-05-10 17:00:00,4.33e-06,4.58e-06,4.36e-06,4.48e-06,661049188150
1778436000,2026-05-10 18:00:00,4.47e-06,4.55e-06,4.49e-06,4.53e-06,162257856074
1778439600,2026-05-10 19:00:00,4.46e-06,4.54e-06,4.54e-06,4.49e-06,122256271967
1778443200,2026-05-10 20:00:00,4.28e-06,4.51e-06,4.49e-06,4.32e-06,288422911401
1778446800,2026-05-10 21:00:00,4.29e-06,4.38e-06,4.33e-06,4.34e-06,159794612477
1778450400,2026-05-10 22:00:00,4.34e-06,4.45e-06,4.34e-06,4.43e-06,121895531170
1778454000,2026-05-10 23:00:00,4.39e-06,4.45e-06,4.44e-06,4.41e-06,123503451245
1778457600,2026-05-11 00:00:00,4.33e-06,4.42e-06,4.41e-06,4.35e-06,162349383312
1778461200,2026-05-11 01:00:00,4.33e-06,4.38e-06,4.34e-06,4.35e-06,80791878341
1778464800,2026-05-11 02:00:00,4.3e-06,4.35e-06,4.35e-06,4.33e-06,87760752066
1778468400,2026-05-11 03:00:00,4.27e-06,4.32e-06,4.32e-06,4.29e-06,89143089677
1778472000,2026-05-11 04:00:00,4.28e-06,4.32e-06,4.28e-06,4.32e-06,60370843315
1778475600,2026-05-11 05:00:00,4.31e-06,4.35e-06,4.32e-06,4.34e-06,37171952295
1778479200,2026-05-11 06:00:00,4.32e-06,4.35e-06,4.33e-06,4.33e-06,29117530040
1778482800,2026-05-11 07:00:00,4.3e-06,4.32e-06,4.32e-06,4.31e-06,37210209191
1778486400,2026-05-11 08:00:00,4.3e-06,4.34e-06,4.31e-06,4.31e-06,32564007994
1778490000,2026-05-11 09:00:00,4.31e-06,4.34e-06,4.32e-06,4.33e-06,40057259356
1778493600,2026-05-11 10:00:00,4.32e-06,4.36e-06,4.33e-06,4.32e-06,66282325011
1778497200,2026-05-11 11:00:00,4.31e-06,4.34e-06,4.33e-06,4.33e-06,42165440390
1778500800,2026-05-11 12:00:00,4.29e-06,4.34e-06,4.33e-06,4.3e-06,57593832493
1778504400,2026-05-11 13:00:00,4.29e-06,4.33e-06,4.3e-06,4.32e-06,82470118159
1778508000,2026-05-11 14:00:00,4.27e-06,4.34e-06,4.33e-06,4.29e-06,81180659804
1778511600,2026-05-11 15:00:00,4.28e-06,4.36e-06,4.28e-06,4.34e-06,62920285243
1778515200,2026-05-11 16:00:00,4.33e-06,4.36e-06,4.35e-06,4.34e-06,67203898240
1778518800,2026-05-11 17:00:00,4.33e-06,4.38e-06,4.34e-06,4.36e-06,42545229676
1778522400,2026-05-11 18:00:00,4.35e-06,4.39e-06,4.37e-06,4.36e-06,147005821582
1778526000,2026-05-11 19:00:00,4.35e-06,4.38e-06,4.36e-06,4.38e-06,134952290557
1778529600,2026-05-11 20:00:00,4.35e-06,4.39e-06,4.38e-06,4.36e-06,37926130847
1778533200,2026-05-11 21:00:00,4.34e-06,4.38e-06,4.35e-06,4.34e-06,45043323305
1778536800,2026-05-11 22:00:00,4.33e-06,4.36e-06,4.34e-06,4.34e-06,65128779793
1778540400,2026-05-11 23:00:00,4.32e-06,4.36e-06,4.33e-06,4.34e-06,40589957136
1778544000,2026-05-12 00:00:00,4.33e-06,4.35e-06,4.34e-06,4.34e-06,36311790067
1778547600,2026-05-12 01:00:00,4.24e-06,4.35e-06,4.34e-06,4.28e-06,70050484165
1778551200,2026-05-12 02:00:00,4.27e-06,4.3e-06,4.28e-06,4.3e-06,54003888624
1778554800,2026-05-12 03:00:00,4.27e-06,4.3e-06,4.3e-06,4.27e-06,24272295693
1778558400,2026-05-12 04:00:00,4.27e-06,4.3e-06,4.27e-06,4.29e-06,13802112852
1778562000,2026-05-12 05:00:00,4.28e-06,4.3e-06,4.29e-06,4.29e-06,15905517871
1778565600,2026-05-12 06:00:00,4.27e-06,4.3e-06,4.29e-06,4.27e-06,38429079193
1778569200,2026-05-12 07:00:00,4.26e-06,4.28e-06,4.26e-06,4.27e-06,28779708537
1778572800,2026-05-12 08:00:00,4.23e-06,4.27e-06,4.27e-06,4.23e-06,70845064419
1778576400,2026-05-12 09:00:00,4.21e-06,4.25e-06,4.23e-06,4.23e-06,37997156209
1778580000,2026-05-12 10:00:00,4.2e-06,4.24e-06,4.24e-06,4.21e-06,39903393020
1778583600,2026-05-12 11:00:00,4.17e-06,4.22e-06,4.21e-06,4.21e-06,46190927694
1778587200,2026-05-12 12:00:00,4.15e-06,4.21e-06,4.2e-06,4.2e-06,97290073975
1778590800,2026-05-12 13:00:00,4.14e-06,4.22e-06,4.2e-06,4.14e-06,79657046807
1778594400,2026-05-12 14:00:00,4.09e-06,4.17e-06,4.14e-06,4.11e-06,521274945148
1778598000,2026-05-12 15:00:00,4.07e-06,4.12e-06,4.11e-06,4.09e-06,98156757596
1778601600,2026-05-12 16:00:00,4.06e-06,4.12e-06,4.09e-06,4.08e-06,69882572441
1778605200,2026-05-12 17:00:00,4.08e-06,4.13e-06,4.08e-06,4.12e-06,42633379461
1778608800,2026-05-12 18:00:00,4.1e-06,4.14e-06,4.11e-06,4.12e-06,41190357360
1778612400,2026-05-12 19:00:00,4.12e-06,4.16e-06,4.12e-06,4.14e-06,43573508081
1778616000,2026-05-12 20:00:00,4.14e-06,4.16e-06,4.15e-06,4.16e-06,45485826304
1778619600,2026-05-12 21:00:00,4.14e-06,4.17e-06,4.16e-06,4.17e-06,65967374370
1778623200,2026-05-12 22:00:00,4.15e-06,4.18e-06,4.17e-06,4.16e-06,62444420749
1778626800,2026-05-12 23:00:00,4.13e-06,4.17e-06,4.16e-06,4.14e-06,39791953420
1778630400,2026-05-13 00:00:00,4.13e-06,4.17e-06,4.14e-06,4.17e-06,49389619685
1778634000,2026-05-13 01:00:00,4.16e-06,4.21e-06,4.16e-06,4.19e-06,64875671551
1778637600,2026-05-13 02:00:00,4.18e-06,4.2e-06,4.19e-06,4.19e-06,13258442406
1778641200,2026-05-13 03:00:00,4.18e-06,4.21e-06,4.19e-06,4.2e-06,36574531377
1778644800,2026-05-13 04:00:00,4.19e-06,4.22e-06,4.2e-06,4.21e-06,24530465013
1778648400,2026-05-13 05:00:00,4.17e-06,4.22e-06,4.21e-06,4.18e-06,28503856571
1778652000,2026-05-13 06:00:00,4.17e-06,4.2e-06,4.18e-06,4.18e-06,43309641376
1778655600,2026-05-13 07:00:00,4.18e-06,4.2e-06,4.18e-06,4.19e-06,55933573366
1778659200,2026-05-13 08:00:00,4.18e-06,4.2e-06,4.19e-06,4.2e-06,25616433002
1778662800,2026-05-13 09:00:00,4.2e-06,4.27e-06,4.2e-06,4.26e-06,65811078086
1778666400,2026-05-13 10:00:00,4.21e-06,4.26e-06,4.26e-06,4.21e-06,95916207462
1778670000,2026-05-13 11:00:00,4.16e-06,4.21e-06,4.21e-06,4.17e-06,32993229224
1778673600,2026-05-13 12:00:00,4.08e-06,4.18e-06,4.17e-06,4.11e-06,67086095850
1778677200,2026-05-13 13:00:00,4.04e-06,4.13e-06,4.12e-06,4.06e-06,104877679635
1778680800,2026-05-13 14:00:00,4.04e-06,4.09e-06,4.06e-06,4.08e-06,60349859113
1778684400,2026-05-13 15:00:00,3.99e-06,4.08e-06,4.07e-06,4e-06,109781749422
1778688000,2026-05-13 16:00:00,3.99e-06,4.06e-06,4e-06,4.06e-06,51438760903
1778691600,2026-05-13 17:00:00,4.05e-06,4.07e-06,4.07e-06,4.06e-06,38053784400
1778695200,2026-05-13 18:00:00,4.06e-06,4.1e-06,4.06e-06,4.08e-06,57561932035
1778698800,2026-05-13 19:00:00,4.05e-06,4.08e-06,4.07e-06,4.06e-06,83419723157
1778702400,2026-05-13 20:00:00,4.05e-06,4.07e-06,4.06e-06,4.06e-06,27868973984
1778706000,2026-05-13 21:00:00,4.03e-06,4.06e-06,4.05e-06,4.04e-06,14238625186
1778709600,2026-05-13 22:00:00,4.01e-06,4.06e-06,4.04e-06,4.06e-06,98193867785
1778713200,2026-05-13 23:00:00,4.05e-06,4.06e-06,4.06e-06,4.05e-06,34899982198
1778716800,2026-05-14 00:00:00,4.05e-06,4.09e-06,4.06e-06,4.08e-06,30092088379
1778720400,2026-05-14 01:00:00,4.07e-06,4.09e-06,4.08e-06,4.08e-06,47943599690
1778724000,2026-05-14 02:00:00,4.05e-06,4.1e-06,4.08e-06,4.05e-06,33685051771
1778727600,2026-05-14 03:00:00,4e-06,4.06e-06,4.06e-06,4.01e-06,81050423490
1778731200,2026-05-14 04:00:00,4e-06,4.05e-06,4.01e-06,4.04e-06,29781206707
1778734800,2026-05-14 05:00:00,4.04e-06,4.08e-06,4.05e-06,4.08e-06,68726939512
1778738400,2026-05-14 06:00:00,4.04e-06,4.08e-06,4.07e-06,4.06e-06,28636268678
1778742000,2026-05-14 07:00:00,4.04e-06,4.06e-06,4.06e-06,4.04e-06,42421373521
1778745600,2026-05-14 08:00:00,4.02e-06,4.05e-06,4.04e-06,4.04e-06,33350370573
1778749200,2026-05-14 09:00:00,4.01e-06,4.04e-06,4.04e-06,4.03e-06,23780382065
1778752800,2026-05-14 10:00:00,4.01e-06,4.04e-06,4.03e-06,4.03e-06,38223588590
1778756400,2026-05-14 11:00:00,4e-06,4.04e-06,4.04e-06,4e-06,41286446110
1778760000,2026-05-14 12:00:00,4e-06,4.04e-06,4e-06,4.04e-06,49789220761
1778763600,2026-05-14 13:00:00,4.03e-06,4.07e-06,4.04e-06,4.03e-06,64305502819
1778767200,2026-05-14 14:00:00,4.03e-06,4.12e-06,4.04e-06,4.12e-06,125281399509
1778770800,2026-05-14 15:00:00,4.09e-06,4.13e-06,4.12e-06,4.12e-06,121073830476
1778774400,2026-05-14 16:00:00,4.1e-06,4.15e-06,4.12e-06,4.15e-06,101417173424
1778778000,2026-05-14 17:00:00,4.11e-06,4.18e-06,4.15e-06,4.16e-06,125990645310
1778781600,2026-05-14 18:00:00,4.15e-06,4.21e-06,4.16e-06,4.19e-06,82700536454
1778785200,2026-05-14 19:00:00,4.16e-06,4.22e-06,4.19e-06,4.16e-06,45723633810
1778788800,2026-05-14 20:00:00,4.12e-06,4.17e-06,4.17e-06,4.15e-06,55044405650
1778792400,2026-05-14 21:00:00,4.11e-06,4.14e-06,4.14e-06,4.12e-06,42154309316
1778796000,2026-05-14 22:00:00,4.12e-06,4.14e-06,4.12e-06,4.12e-06,25780120862
1778799600,2026-05-14 23:00:00,4.09e-06,4.12e-06,4.12e-06,4.09e-06,62864266219
1778803200,2026-05-15 00:00:00,4.09e-06,4.13e-06,4.09e-06,4.11e-06,35833989777
1778806800,2026-05-15 01:00:00,4.07e-06,4.11e-06,4.11e-06,4.07e-06,25045061282
1778810400,2026-05-15 02:00:00,4.05e-06,4.1e-06,4.07e-06,4.09e-06,71591515647
1778814000,2026-05-15 03:00:00,4.07e-06,4.1e-06,4.09e-06,4.07e-06,16239228937
1778817600,2026-05-15 04:00:00,4.04e-06,4.08e-06,4.07e-06,4.04e-06,32532744109
1778821200,2026-05-15 05:00:00,3.97e-06,4.06e-06,4.04e-06,3.98e-06,60133926303
1778824800,2026-05-15 06:00:00,3.98e-06,4.03e-06,3.99e-06,4.02e-06,30171332100
1778828400,2026-05-15 07:00:00,4.03e-06,4.06e-06,4.03e-06,4.04e-06,30424103324
1778832000,2026-05-15 08:00:00,4.02e-06,4.05e-06,4.04e-06,4.02e-06,24102093536
1778835600,2026-05-15 09:00:00,4.01e-06,4.03e-06,4.03e-06,4.02e-06,32066447178
1778839200,2026-05-15 10:00:00,4.01e-06,4.05e-06,4.02e-06,4.05e-06,32251954089
1778842800,2026-05-15 11:00:00,4.02e-06,4.05e-06,4.05e-06,4.02e-06,8583871687
1778846400,2026-05-15 12:00:00,3.99e-06,4.02e-06,4.02e-06,4e-06,19567777338
1778850000,2026-05-15 13:00:00,3.84e-06,4e-06,3.99e-06,3.84e-06,241152025296
1778853600,2026-05-15 14:00:00,3.83e-06,3.9e-06,3.83e-06,3.87e-06,95925977853
1778857200,2026-05-15 15:00:00,3.85e-06,3.88e-06,3.87e-06,3.86e-06,64336615164
1778860800,2026-05-15 16:00:00,3.86e-06,3.93e-06,3.87e-06,3.92e-06,132497785777
1778864400,2026-05-15 17:00:00,3.92e-06,3.94e-06,3.92e-06,3.94e-06,33812326134
1778868000,2026-05-15 18:00:00,3.91e-06,3.94e-06,3.94e-06,3.92e-06,45993533680
1778871600,2026-05-15 19:00:00,3.9e-06,3.93e-06,3.92e-06,3.92e-06,36143523352
1778875200,2026-05-15 20:00:00,3.89e-06,3.91e-06,3.91e-06,3.89e-06,46166483212
1778878800,2026-05-15 21:00:00,3.89e-06,3.9e-06,3.89e-06,3.89e-06,11794646328
1778882400,2026-05-15 22:00:00,3.88e-06,3.91e-06,3.88e-06,3.9e-06,17031071247
1778886000,2026-05-15 23:00:00,3.89e-06,3.91e-06,3.9e-06,3.9e-06,15494252691
1778889600,2026-05-16 00:00:00,3.9e-06,3.92e-06,3.9e-06,3.91e-06,8854553405
1778893200,2026-05-16 01:00:00,3.89e-06,3.91e-06,3.9e-06,3.9e-06,7521122378
1778896800,2026-05-16 02:00:00,3.89e-06,3.91e-06,3.9e-06,3.89e-06,13772622114
1778900400,2026-05-16 03:00:00,3.89e-06,3.91e-06,3.9e-06,3.89e-06,12767992526
1778904000,2026-05-16 04:00:00,3.83e-06,3.89e-06,3.89e-06,3.86e-06,44525303589
1778907600,2026-05-16 05:00:00,3.84e-06,3.86e-06,3.86e-06,3.85e-06,17102897678
1778911200,2026-05-16 06:00:00,3.79e-06,3.85e-06,3.85e-06,3.81e-06,75378241909
1778914800,2026-05-16 07:00:00,3.73e-06,3.81e-06,3.81e-06,3.8e-06,69676542327
1778918400,2026-05-16 08:00:00,3.77e-06,3.8e-06,3.79e-06,3.77e-06,6943646562
1778922000,2026-05-16 09:00:00,3.71e-06,3.78e-06,3.77e-06,3.73e-06,148345704279
1778925600,2026-05-16 10:00:00,3.7e-06,3.73e-06,3.73e-06,3.73e-06,79972513001
1778929200,2026-05-16 11:00:00,3.72e-06,3.75e-06,3.73e-06,3.74e-06,26299936220
1778932800,2026-05-16 12:00:00,3.73e-06,3.75e-06,3.74e-06,3.73e-06,17756313873
1778936400,2026-05-16 13:00:00,3.72e-06,3.74e-06,3.73e-06,3.73e-06,12098255764
1778940000,2026-05-16 14:00:00,3.72e-06,3.76e-06,3.73e-06,3.75e-06,56892664519
1778943600,2026-05-16 15:00:00,3.75e-06,3.78e-06,3.76e-06,3.77e-06,47268070112
1778947200,2026-05-16 16:00:00,3.76e-06,3.79e-06,3.77e-06,3.78e-06,32716715502
1778950800,2026-05-16 17:00:00,3.78e-06,3.8e-06,3.78e-06,3.78e-06,24514025978
1778954400,2026-05-16 18:00:00,3.76e-06,3.79e-06,3.78e-06,3.77e-06,30432661715
1778958000,2026-05-16 19:00:00,3.76e-06,3.78e-06,3.78e-06,3.77e-06,42231725369
1778961600,2026-05-16 20:00:00,3.77e-06,3.78e-06,3.77e-06,3.77e-06,18205493787
1778965200,2026-05-16 21:00:00,3.76e-06,3.78e-06,3.77e-06,3.76e-06,13499837783
1778968800,2026-05-16 22:00:00,3.75e-06,3.76e-06,3.76e-06,3.76e-06,13622698006
1778972400,2026-05-16 23:00:00,3.75e-06,3.77e-06,3.76e-06,3.76e-06,21167875472
1778976000,2026-05-17 00:00:00,3.74e-06,3.77e-06,3.77e-06,3.74e-06,13886467402
1778979600,2026-05-17 01:00:00,3.71e-06,3.75e-06,3.74e-06,3.72e-06,54004459960
1778983200,2026-05-17 02:00:00,3.72e-06,3.74e-06,3.72e-06,3.74e-06,29529109879
1778986800,2026-05-17 03:00:00,3.73e-06,3.77e-06,3.74e-06,3.76e-06,22765394364
1778990400,2026-05-17 04:00:00,3.76e-06,3.79e-06,3.76e-06,3.78e-06,12322712743
1778994000,2026-05-17 05:00:00,3.77e-06,3.8e-06,3.79e-06,3.77e-06,12110709120
1778997600,2026-05-17 06:00:00,3.77e-06,3.78e-06,3.77e-06,3.77e-06,4918319407
1779001200,2026-05-17 07:00:00,3.77e-06,3.8e-06,3.77e-06,3.78e-06,17326102399
1779004800,2026-05-17 08:00:00,3.77e-06,3.79e-06,3.78e-06,3.77e-06,2342688985
1779008400,2026-05-17 09:00:00,3.77e-06,3.79e-06,3.77e-06,3.79e-06,10266788715
1779012000,2026-05-17 10:00:00,3.78e-06,3.8e-06,3.79e-06,3.78e-06,45441758885
1779015600,2026-05-17 11:00:00,3.77e-06,3.79e-06,3.78e-06,3.77e-06,7621192632
1779019200,2026-05-17 12:00:00,3.76e-06,3.78e-06,3.77e-06,3.76e-06,10322362840
1779022800,2026-05-17 13:00:00,3.73e-06,3.76e-06,3.76e-06,3.75e-06,40233851481
1779026400,2026-05-17 14:00:00,3.72e-06,3.75e-06,3.75e-06,3.74e-06,37577011188
1779030000,2026-05-17 15:00:00,3.72e-06,3.75e-06,3.73e-06,3.74e-06,24913525267
1779033600,2026-05-17 16:00:00,3.72e-06,3.75e-06,3.74e-06,3.72e-06,11913456934
1779037200,2026-05-17 17:00:00,3.69e-06,3.73e-06,3.72e-06,3.73e-06,119614432782
1779040800,2026-05-17 18:00:00,3.71e-06,3.74e-06,3.73e-06,3.74e-06,71226810245
1779044400,2026-05-17 19:00:00,3.74e-06,3.77e-06,3.74e-06,3.76e-06,26515392207
1779048000,2026-05-17 20:00:00,3.74e-06,3.76e-06,3.76e-06,3.75e-06,36015399936
1779051600,2026-05-17 21:00:00,3.75e-06,3.77e-06,3.75e-06,3.75e-06,25081567817
1779055200,2026-05-17 22:00:00,3.72e-06,3.75e-06,3.75e-06,3.72e-06,68219621015
1779058800,2026-05-17 23:00:00,3.54e-06,3.73e-06,3.72e-06,3.68e-06,325923935761
1779062400,2026-05-18 00:00:00,3.63e-06,3.68e-06,3.67e-06,3.66e-06,154306733449
1779066000,2026-05-18 01:00:00,3.63e-06,3.67e-06,3.66e-06,3.67e-06,82026114906
1779069600,2026-05-18 02:00:00,3.66e-06,3.69e-06,3.66e-06,3.67e-06,50914959766
1779073200,2026-05-18 03:00:00,3.65e-06,3.69e-06,3.68e-06,3.66e-06,11481717968
1779076800,2026-05-18 04:00:00,3.64e-06,3.68e-06,3.66e-06,3.67e-06,18019094373
1779080400,2026-05-18 05:00:00,3.64e-06,3.68e-06,3.67e-06,3.65e-06,35724911809
1779084000,2026-05-18 06:00:00,3.6e-06,3.66e-06,3.66e-06,3.64e-06,82211374891
1779087600,2026-05-18 07:00:00,3.61e-06,3.64e-06,3.64e-06,3.64e-06,26035072279
1779091200,2026-05-18 08:00:00,3.62e-06,3.65e-06,3.64e-06,3.64e-06,9013632521
1779094800,2026-05-18 09:00:00,3.62e-06,3.64e-06,3.64e-06,3.63e-06,22620855269
1779098400,2026-05-18 10:00:00,3.6e-06,3.63e-06,3.63e-06,3.61e-06,22284793499
1779102000,2026-05-18 11:00:00,3.6e-06,3.67e-06,3.61e-06,3.65e-06,47241960722
1779105600,2026-05-18 12:00:00,3.65e-06,3.69e-06,3.66e-06,3.67e-06,61266963178
1779109200,2026-05-18 13:00:00,3.63e-06,3.67e-06,3.67e-06,3.66e-06,49536196787
1779112800,2026-05-18 14:00:00,3.61e-06,3.65e-06,3.65e-06,3.63e-06,68666341687
1779116400,2026-05-18 15:00:00,3.6e-06,3.64e-06,3.63e-06,3.62e-06,85285144437
1779120000,2026-05-18 16:00:00,3.62e-06,3.65e-06,3.62e-06,3.63e-06,19791352223
1779123600,2026-05-18 17:00:00,3.63e-06,3.65e-06,3.63e-06,3.64e-06,31711871306
1779127200,2026-05-18 18:00:00,3.6e-06,3.64e-06,3.64e-06,3.6e-06,39027436140
1779130800,2026-05-18 19:00:00,3.61e-06,3.69e-06,3.61e-06,3.68e-06,57601207296
1779134400,2026-05-18 20:00:00,3.66e-06,3.7e-06,3.68e-06,3.67e-06,56330754996
1779138000,2026-05-18 21:00:00,3.66e-06,3.7e-06,3.67e-06,3.69e-06,15310519979
1779141600,2026-05-18 22:00:00,3.68e-06,3.71e-06,3.69e-06,3.7e-06,23415709439
1779145200,2026-05-18 23:00:00,3.69e-06,3.71e-06,3.7e-06,3.69e-06,22341302841
1779148800,2026-05-19 00:00:00,3.69e-06,3.73e-06,3.69e-06,3.7e-06,43978313227
1779152400,2026-05-19 01:00:00,3.67e-06,3.71e-06,3.7e-06,3.67e-06,41618429372
1779156000,2026-05-19 02:00:00,3.66e-06,3.69e-06,3.67e-06,3.66e-06,11677023972
1779159600,2026-05-19 03:00:00,3.66e-06,3.69e-06,3.66e-06,3.68e-06,10551495720
1779163200,2026-05-19 04:00:00,3.67e-06,3.7e-06,3.67e-06,3.7e-06,9104190261
1779166800,2026-05-19 05:00:00,3.65e-06,3.7e-06,3.69e-06,3.69e-06,16168407336
1779170400,2026-05-19 06:00:00,3.69e-06,3.7e-06,3.69e-06,3.69e-06,9052218656
1779174000,2026-05-19 07:00:00,3.69e-06,3.72e-06,3.69e-06,3.7e-06,5232304466
1779177600,2026-05-19 08:00:00,3.68e-06,3.7e-06,3.7e-06,3.69e-06,7384837955
1779181200,2026-05-19 09:00:00,3.65e-06,3.69e-06,3.68e-06,3.67e-06,10374854935
1779184800,2026-05-19 10:00:00,3.64e-06,3.67e-06,3.67e-06,3.67e-06,25182646928
1779188400,2026-05-19 11:00:00,3.64e-06,3.66e-06,3.66e-06,3.64e-06,22095756075
1779192000,2026-05-19 12:00:00,3.64e-06,3.68e-06,3.64e-06,3.68e-06,14931420615
1779195600,2026-05-19 13:00:00,3.67e-06,3.69e-06,3.68e-06,3.68e-06,44352564822
1779199200,2026-05-19 14:00:00,3.62e-06,3.68e-06,3.68e-06,3.64e-06,37847625845
1779202800,2026-05-19 15:00:00,3.63e-06,3.65e-06,3.65e-06,3.64e-06,18878563318
1779206400,2026-05-19 16:00:00,3.63e-06,3.68e-06,3.65e-06,3.67e-06,10864779470
1779210000,2026-05-19 17:00:00,3.65e-06,3.67e-06,3.67e-06,3.65e-06,8202114588
1779213600,2026-05-19 18:00:00,3.64e-06,3.66e-06,3.65e-06,3.65e-06,13052724730
1779217200,2026-05-19 19:00:00,3.63e-06,3.67e-06,3.65e-06,3.63e-06,7723620292
1779220800,2026-05-19 20:00:00,3.63e-06,3.65e-06,3.64e-06,3.65e-06,2924320371
1779224400,2026-05-19 21:00:00,3.64e-06,3.66e-06,3.65e-06,3.64e-06,5495873719
1779228000,2026-05-19 22:00:00,3.62e-06,3.65e-06,3.65e-06,3.63e-06,40710616126
1779231600,2026-05-19 23:00:00,3.63e-06,3.66e-06,3.63e-06,3.64e-06,14051634622
1779235200,2026-05-20 00:00:00,3.62e-06,3.65e-06,3.64e-06,3.64e-06,5246887755
1779238800,2026-05-20 01:00:00,3.62e-06,3.65e-06,3.64e-06,3.64e-06,16417393000
1779242400,2026-05-20 02:00:00,3.63e-06,3.65e-06,3.65e-06,3.63e-06,8930980739
1779246000,2026-05-20 03:00:00,3.63e-06,3.66e-06,3.63e-06,3.65e-06,17389486649
1779249600,2026-05-20 04:00:00,3.64e-06,3.66e-06,3.65e-06,3.66e-06,10725885801
1779253200,2026-05-20 05:00:00,3.65e-06,3.7e-06,3.66e-06,3.69e-06,37753763360
1779256800,2026-05-20 06:00:00,3.68e-06,3.69e-06,3.68e-06,3.68e-06,15581962996
1779260400,2026-05-20 07:00:00,3.67e-06,3.69e-06,3.68e-06,3.67e-06,13230899655
1779264000,2026-05-20 08:00:00,3.66e-06,3.7e-06,3.68e-06,3.68e-06,26095281003
1779267600,2026-05-20 09:00:00,3.68e-06,3.7e-06,3.68e-06,3.68e-06,21972934899
1779271200,2026-05-20 10:00:00,3.68e-06,3.7e-06,3.69e-06,3.69e-06,7609982431
1779274800,2026-05-20 11:00:00,3.67e-06,3.69e-06,3.69e-06,3.68e-06,16694732262
1779278400,2026-05-20 12:00:00,3.67e-06,3.72e-06,3.68e-06,3.7e-06,11999267793
1779282000,2026-05-20 13:00:00,3.66e-06,3.7e-06,3.7e-06,3.68e-06,40820708379
1779285600,2026-05-20 14:00:00,3.66e-06,3.73e-06,3.67e-06,3.72e-06,40646666468
1779289200,2026-05-20 15:00:00,3.69e-06,3.74e-06,3.72e-06,3.72e-06,23221521834
1779292800,2026-05-20 16:00:00,3.69e-06,3.73e-06,3.72e-06,3.72e-06,41240936806
1779296400,2026-05-20 17:00:00,3.71e-06,3.76e-06,3.72e-06,3.73e-06,51537666839
1779300000,2026-05-20 18:00:00,3.71e-06,3.73e-06,3.73e-06,3.71e-06,24043206706
1779303600,2026-05-20 19:00:00,3.7e-06,3.74e-06,3.71e-06,3.73e-06,43014589113
1779307200,2026-05-20 20:00:00,3.71e-06,3.74e-06,3.73e-06,3.72e-06,14724815925
1779310800,2026-05-20 21:00:00,3.71e-06,3.74e-06,3.72e-06,3.72e-06,7755007319
1779314400,2026-05-20 22:00:00,3.68e-06,3.72e-06,3.71e-06,3.7e-06,30475202086
1779318000,2026-05-20 23:00:00,3.69e-06,3.71e-06,3.7e-06,3.71e-06,11498201023
1779321600,2026-05-21 00:00:00,3.72e-06,3.75e-06,3.72e-06,3.74e-06,22789962652
1779325200,2026-05-21 01:00:00,3.73e-06,3.76e-06,3.74e-06,3.74e-06,49150876846
1779328800,2026-05-21 02:00:00,3.74e-06,3.77e-06,3.74e-06,3.76e-06,24153068049
1779332400,2026-05-21 03:00:00,3.75e-06,3.79e-06,3.76e-06,3.78e-06,17182109902
1779336000,2026-05-21 04:00:00,3.76e-06,3.78e-06,3.78e-06,3.77e-06,12004579984
1779339600,2026-05-21 05:00:00,3.75e-06,3.78e-06,3.78e-06,3.76e-06,35438646402
1779343200,2026-05-21 06:00:00,3.74e-06,3.76e-06,3.76e-06,3.75e-06,15538932416
1779346800,2026-05-21 07:00:00,3.74e-06,3.78e-06,3.75e-06,3.78e-06,16830028885
1779350400,2026-05-21 08:00:00,3.77e-06,3.8e-06,3.77e-06,3.77e-06,15544004397
1779354000,2026-05-21 09:00:00,3.74e-06,3.78e-06,3.77e-06,3.74e-06,23403014708
1779357600,2026-05-21 10:00:00,3.71e-06,3.76e-06,3.75e-06,3.72e-06,52225177453
1779361200,2026-05-21 11:00:00,3.72e-06,3.74e-06,3.72e-06,3.72e-06,28150212778
1779364800,2026-05-21 12:00:00,3.72e-06,3.74e-06,3.72e-06,3.74e-06,23147176000
1779368400,2026-05-21 13:00:00,3.71e-06,3.75e-06,3.74e-06,3.75e-06,36301005096
1779372000,2026-05-21 14:00:00,3.71e-06,3.75e-06,3.74e-06,3.74e-06,18688897200
1779375600,2026-05-21 15:00:00,3.73e-06,3.78e-06,3.74e-06,3.76e-06,17289526594
1779379200,2026-05-21 16:00:00,3.74e-06,3.77e-06,3.76e-06,3.75e-06,13128748172
1779382800,2026-05-21 17:00:00,3.75e-06,3.82e-06,3.75e-06,3.81e-06,126032465714
1779386400,2026-05-21 18:00:00,3.78e-06,3.83e-06,3.81e-06,3.8e-06,29884425950
1779390000,2026-05-21 19:00:00,3.79e-06,3.82e-06,3.79e-06,3.82e-06,49645806515
1779393600,2026-05-21 20:00:00,3.8e-06,3.83e-06,3.82e-06,3.81e-06,51406330136
1779397200,2026-05-21 21:00:00,3.81e-06,3.84e-06,3.82e-06,3.81e-06,19232524365
1779400800,2026-05-21 22:00:00,3.79e-06,3.81e-06,3.81e-06,3.8e-06,24612219416
1779404400,2026-05-21 23:00:00,3.79e-06,3.81e-06,3.8e-06,3.8e-06,36770975798
1779408000,2026-05-22 00:00:00,3.76e-06,3.8e-06,3.8e-06,3.77e-06,16409753732
1779411600,2026-05-22 01:00:00,3.77e-06,3.8e-06,3.77e-06,3.8e-06,26901770225
1779415200,2026-05-22 02:00:00,3.79e-06,3.81e-06,3.8e-06,3.81e-06,30635038897
1779418800,2026-05-22 03:00:00,3.78e-06,3.81e-06,3.8e-06,3.79e-06,33396293737
1779422400,2026-05-22 04:00:00,3.78e-06,3.81e-06,3.79e-06,3.78e-06,42789267589
1779426000,2026-05-22 05:00:00,3.78e-06,3.8e-06,3.78e-06,3.78e-06,17476863806
1779429600,2026-05-22 06:00:00,3.77e-06,3.78e-06,3.78e-06,3.78e-06,5006017055
1779433200,2026-05-22 07:00:00,3.76e-06,3.81e-06,3.77e-06,3.8e-06,13609080004
1779436800,2026-05-22 08:00:00,3.79e-06,3.81e-06,3.8e-06,3.79e-06,6000122849
1779440400,2026-05-22 09:00:00,3.78e-06,3.81e-06,3.79e-06,3.79e-06,14393645154
1779444000,2026-05-22 10:00:00,3.77e-06,3.79e-06,3.78e-06,3.78e-06,1187150495
1779447600,2026-05-22 11:00:00,3.78e-06,3.8e-06,3.78e-06,3.8e-06,4457284697
1779451200,2026-05-22 12:00:00,3.8e-06,3.82e-06,3.8e-06,3.82e-06,10865883031
1779454800,2026-05-22 13:00:00,3.79e-06,3.83e-06,3.82e-06,3.8e-06,19029465983
1779458400,2026-05-22 14:00:00,3.74e-06,3.79e-06,3.79e-06,3.75e-06,75548349553
1779462000,2026-05-22 15:00:00,3.73e-06,3.77e-06,3.74e-06,3.76e-06,53913031069
1779465600,2026-05-22 16:00:00,3.76e-06,3.78e-06,3.78e-06,3.77e-06,15495725623
1779469200,2026-05-22 17:00:00,3.75e-06,3.78e-06,3.78e-06,3.76e-06,14700743366
1779472800,2026-05-22 18:00:00,3.64e-06,3.76e-06,3.76e-06,3.69e-06,82275357812
1779476400,2026-05-22 19:00:00,3.64e-06,3.7e-06,3.69e-06,3.67e-06,64677555944
1779480000,2026-05-22 20:00:00,3.66e-06,3.69e-06,3.67e-06,3.69e-06,11289347256
1779483600,2026-05-22 21:00:00,3.68e-06,3.7e-06,3.69e-06,3.68e-06,11700376876
1779487200,2026-05-22 22:00:00,3.65e-06,3.68e-06,3.68e-06,3.66e-06,28861944859
1779490800,2026-05-22 23:00:00,3.57e-06,3.67e-06,3.66e-06,3.6e-06,95917380589
1779494400,2026-05-23 00:00:00,3.58e-06,3.62e-06,3.6e-06,3.62e-06,47392549097
1779498000,2026-05-23 01:00:00,3.61e-06,3.62e-06,3.61e-06,3.62e-06,6059041078
1779501600,2026-05-23 02:00:00,3.61e-06,3.62e-06,3.62e-06,3.62e-06,8594428749
1779505200,2026-05-23 03:00:00,3.61e-06,3.63e-06,3.62e-06,3.62e-06,6381790789
1779508800,2026-05-23 04:00:00,3.58e-06,3.62e-06,3.61e-06,3.59e-06,12704588030
1779512400,2026-05-23 05:00:00,3.57e-06,3.6e-06,3.59e-06,3.58e-06,7403957460
1779516000,2026-05-23 06:00:00,3.56e-06,3.59e-06,3.59e-06,3.57e-06,11368600849
1779519600,2026-05-23 07:00:00,3.44e-06,3.58e-06,3.58e-06,3.48e-06,76559734580
1779523200,2026-05-23 08:00:00,3.47e-06,3.5e-06,3.48e-06,3.48e-06,40622226808
1779526800,2026-05-23 09:00:00,3.47e-06,3.49e-06,3.48e-06,3.48e-06,19262624832
1779530400,2026-05-23 10:00:00,3.47e-06,3.49e-06,3.48e-06,3.48e-06,20699078092
1779534000,2026-05-23 11:00:00,3.48e-06,3.5e-06,3.49e-06,3.48e-06,45189150211
1779537600,2026-05-23 12:00:00,3.46e-06,3.49e-06,3.48e-06,3.48e-06,3957420368
1779541200,2026-05-23 13:00:00,3.48e-06,3.53e-06,3.48e-06,3.53e-06,25861586779
1779544800,2026-05-23 14:00:00,3.52e-06,3.56e-06,3.52e-06,3.56e-06,21295057575
1779548400,2026-05-23 15:00:00,3.55e-06,3.58e-06,3.56e-06,3.57e-06,48347338748
1779552000,2026-05-23 16:00:00,3.55e-06,3.58e-06,3.57e-06,3.57e-06,8105691738
1779555600,2026-05-23 17:00:00,3.56e-06,3.58e-06,3.57e-06,3.56e-06,5539979954
1779559200,2026-05-23 18:00:00,3.57e-06,3.63e-06,3.57e-06,3.61e-06,67951544103
1779562800,2026-05-23 19:00:00,3.59e-06,3.62e-06,3.6e-06,3.61e-06,17605347979
1779566400,2026-05-23 20:00:00,3.6e-06,3.75e-06,3.61e-06,3.75e-06,80115722123
1779570000,2026-05-23 21:00:00,3.64e-06,3.75e-06,3.75e-06,3.67e-06,34609281584
1779573600,2026-05-23 22:00:00,3.61e-06,3.68e-06,3.67e-06,3.63e-06,34375585323
1779577200,2026-05-23 23:00:00,3.62e-06,3.65e-06,3.62e-06,3.64e-06,6023228448
1779580800,2026-05-24 00:00:00,3.63e-06,3.65e-06,3.64e-06,3.64e-06,14833376570
1779584400,2026-05-24 01:00:00,3.63e-06,3.65e-06,3.64e-06,3.64e-06,8704628605
1779588000,2026-05-24 02:00:00,3.62e-06,3.65e-06,3.64e-06,3.63e-06,7494282551
1779591600,2026-05-24 03:00:00,3.61e-06,3.64e-06,3.63e-06,3.62e-06,29028456064
1779595200,2026-05-24 04:00:00,3.61e-06,3.63e-06,3.63e-06,3.62e-06,3787417685
1779598800,2026-05-24 05:00:00,3.6e-06,3.62e-06,3.62e-06,3.62e-06,6737442678
1779602400,2026-05-24 06:00:00,3.6e-06,3.63e-06,3.61e-06,3.63e-06,3154010837
1779606000,2026-05-24 07:00:00,3.6e-06,3.62e-06,3.62e-06,3.61e-06,12179047688
1779609600,2026-05-24 08:00:00,3.61e-06,3.63e-06,3.61e-06,3.63e-06,7008788307
1779613200,2026-05-24 09:00:00,3.61e-06,3.63e-06,3.62e-06,3.62e-06,6145838343
1779616800,2026-05-24 10:00:00,3.61e-06,3.64e-06,3.61e-06,3.63e-06,11153496561
1779620400,2026-05-24 11:00:00,3.62e-06,3.63e-06,3.62e-06,3.62e-06,3605378572
1779624000,2026-05-24 12:00:00,3.59e-06,3.62e-06,3.62e-06,3.61e-06,33593437166
1779627600,2026-05-24 13:00:00,3.58e-06,3.61e-06,3.61e-06,3.58e-06,25019325146
1779631200,2026-05-24 14:00:00,3.53e-06,3.59e-06,3.58e-06,3.57e-06,53021687613
1779634800,2026-05-24 15:00:00,3.57e-06,3.58e-06,3.57e-06,3.58e-06,7753128529
1779638400,2026-05-24 16:00:00,3.56e-06,3.59e-06,3.57e-06,3.58e-06,18630112336
1779642000,2026-05-24 17:00:00,3.57e-06,3.59e-06,3.58e-06,3.59e-06,22287770248
1779645600,2026-05-24 18:00:00,3.57e-06,3.59e-06,3.59e-06,3.58e-06,7672387893
1779649200,2026-05-24 19:00:00,3.56e-06,3.58e-06,3.58e-06,3.57e-06,11795278675
1779652800,2026-05-24 20:00:00,3.55e-06,3.57e-06,3.57e-06,3.56e-06,6022699412
1779656400,2026-05-24 21:00:00,3.51e-06,3.57e-06,3.56e-06,3.52e-06,12831590895
1779660000,2026-05-24 22:00:00,3.51e-06,3.58e-06,3.51e-06,3.55e-06,23458782182
1779663600,2026-05-24 23:00:00,3.55e-06,3.58e-06,3.55e-06,3.58e-06,21574115482
1779667200,2026-05-25 00:00:00,3.57e-06,3.59e-06,3.58e-06,3.58e-06,32112109850
1779670800,2026-05-25 01:00:00,3.55e-06,3.58e-06,3.58e-06,3.55e-06,8533516708
1779674400,2026-05-25 02:00:00,3.55e-06,3.58e-06,3.55e-06,3.55e-06,14390022536
1779678000,2026-05-25 03:00:00,3.53e-06,3.56e-06,3.56e-06,3.55e-06,10677672393
1779681600,2026-05-25 04:00:00,3.54e-06,3.59e-06,3.55e-06,3.59e-06,14037883925
1779685200,2026-05-25 05:00:00,3.58e-06,3.61e-06,3.59e-06,3.61e-06,5856480121
1779688800,2026-05-25 06:00:00,3.59e-06,3.61e-06,3.61e-06,3.6e-06,6133475155
1779692400,2026-05-25 07:00:00,3.58e-06,3.61e-06,3.61e-06,3.6e-06,6815692789
1779696000,2026-05-25 08:00:00,3.59e-06,3.61e-06,3.59e-06,3.6e-06,6364567151
1779699600,2026-05-25 09:00:00,3.59e-06,3.61e-06,3.59e-06,3.6e-06,10214291863
1779703200,2026-05-25 10:00:00,3.6e-06,3.62e-06,3.6e-06,3.61e-06,13475810640
1779706800,2026-05-25 11:00:00,3.6e-06,3.62e-06,3.61e-06,3.6e-06,14372947993
1779710400,2026-05-25 12:00:00,3.6e-06,3.62e-06,3.6e-06,3.61e-06,5280455747
1779714000,2026-05-25 13:00:00,3.6e-06,3.62e-06,3.6e-06,3.61e-06,14146942335
1779717600,2026-05-25 14:00:00,3.61e-06,3.63e-06,3.61e-06,3.63e-06,24205273789
1779721200,2026-05-25 15:00:00,3.62e-06,3.65e-06,3.63e-06,3.64e-06,22254599827
1779724800,2026-05-25 16:00:00,3.63e-06,3.66e-06,3.64e-06,3.65e-06,21063148570
1779728400,2026-05-25 17:00:00,3.63e-06,3.66e-06,3.66e-06,3.65e-06,6734848391
1779732000,2026-05-25 18:00:00,3.62e-06,3.65e-06,3.65e-06,3.62e-06,4900323648
1779735600,2026-05-25 19:00:00,3.6e-06,3.63e-06,3.62e-06,3.61e-06,6520825073
1779739200,2026-05-25 20:00:00,3.6e-06,3.63e-06,3.62e-06,3.6e-06,8900245039
1779742800,2026-05-25 21:00:00,3.59e-06,3.61e-06,3.6e-06,3.6e-06,11248975768
1779746400,2026-05-25 22:00:00,3.56e-06,3.6e-06,3.59e-06,3.56e-06,43108521215
1779750000,2026-05-25 23:00:00,3.56e-06,3.6e-06,3.56e-06,3.6e-06,10199444852
1779753600,2026-05-26 00:00:00,3.54e-06,3.6e-06,3.6e-06,3.56e-06,15603673606
1779757200,2026-05-26 01:00:00,3.52e-06,3.56e-06,3.55e-06,3.53e-06,29867100394
1779760800,2026-05-26 02:00:00,3.53e-06,3.54e-06,3.53e-06,3.53e-06,39335554064
1779764400,2026-05-26 03:00:00,3.52e-06,3.54e-06,3.54e-06,3.54e-06,18417065726
1779768000,2026-05-26 04:00:00,3.53e-06,3.56e-06,3.54e-06,3.55e-06,4414791784
1779771600,2026-05-26 05:00:00,3.55e-06,3.58e-06,3.55e-06,3.57e-06,11137506555
1779775200,2026-05-26 06:00:00,3.55e-06,3.57e-06,3.57e-06,3.57e-06,9365355932
1779778800,2026-05-26 07:00:00,3.54e-06,3.57e-06,3.57e-06,3.55e-06,13575723511
1779782400,2026-05-26 08:00:00,3.55e-06,3.57e-06,3.55e-06,3.56e-06,7732540247
1779786000,2026-05-26 09:00:00,3.55e-06,3.57e-06,3.56e-06,3.56e-06,6135838320
1779789600,2026-05-26 10:00:00,3.57e-06,3.64e-06,3.57e-06,3.62e-06,50998247221
1779793200,2026-05-26 11:00:00,3.6e-06,3.62e-06,3.62e-06,3.6e-06,6747908654
1779796800,2026-05-26 12:00:00,3.59e-06,3.61e-06,3.61e-06,3.61e-06,11391348502
1779800400,2026-05-26 13:00:00,3.58e-06,3.62e-06,3.62e-06,3.61e-06,31025038034
1779804000,2026-05-26 14:00:00,3.59e-06,3.65e-06,3.61e-06,3.6e-06,66786912261
1779807600,2026-05-26 15:00:00,3.54e-06,3.59e-06,3.59e-06,3.57e-06,34594441838
1779811200,2026-05-26 16:00:00,3.53e-06,3.57e-06,3.57e-06,3.55e-06,31418414771
1779814800,2026-05-26 17:00:00,3.49e-06,3.56e-06,3.55e-06,3.51e-06,47554230496
1779818400,2026-05-26 18:00:00,3.5e-06,3.53e-06,3.52e-06,3.51e-06,26513274217
1779822000,2026-05-26 19:00:00,3.5e-06,3.53e-06,3.51e-06,3.52e-06,14138232803
1779825600,2026-05-26 20:00:00,3.5e-06,3.52e-06,3.52e-06,3.52e-06,35076115827
1779829200,2026-05-26 21:00:00,3.49e-06,3.52e-06,3.52e-06,3.5e-06,14036225694
1779832800,2026-05-26 22:00:00,3.49e-06,3.52e-06,3.5e-06,3.51e-06,8682019966
1779836400,2026-05-26 23:00:00,3.5e-06,3.52e-06,3.52e-06,3.51e-06,5683373906
1779840000,2026-05-27 00:00:00,3.51e-06,3.54e-06,3.51e-06,3.53e-06,19178130340
1779843600,2026-05-27 01:00:00,3.51e-06,3.54e-06,3.53e-06,3.51e-06,50001454627
1779847200,2026-05-27 02:00:00,3.49e-06,3.52e-06,3.51e-06,3.52e-06,24172672949
1779850800,2026-05-27 03:00:00,3.5e-06,3.53e-06,3.52e-06,3.51e-06,10247598483
1779854400,2026-05-27 04:00:00,3.42e-06,3.52e-06,3.51e-06,3.5e-06,93288673013
1779858000,2026-05-27 05:00:00,3.49e-06,3.53e-06,3.5e-06,3.52e-06,20300946066
1779861600,2026-05-27 06:00:00,3.52e-06,3.54e-06,3.52e-06,3.54e-06,28712216735
1779865200,2026-05-27 07:00:00,3.52e-06,3.54e-06,3.54e-06,3.53e-06,13375481195
1779868800,2026-05-27 08:00:00,3.52e-06,3.54e-06,3.54e-06,3.52e-06,13182536394
1779872400,2026-05-27 09:00:00,3.51e-06,3.53e-06,3.52e-06,3.51e-06,9904459391
1779876000,2026-05-27 10:00:00,3.51e-06,3.53e-06,3.52e-06,3.52e-06,4100314453
1779879600,2026-05-27 11:00:00,3.51e-06,3.53e-06,3.52e-06,3.51e-06,29165570513
1779883200,2026-05-27 12:00:00,3.5e-06,3.56e-06,3.51e-06,3.54e-06,38371827375
1779886800,2026-05-27 13:00:00,3.48e-06,3.54e-06,3.54e-06,3.51e-06,71281815083
1779890400,2026-05-27 14:00:00,3.5e-06,3.53e-06,3.51e-06,3.53e-06,38176513568
1779894000,2026-05-27 15:00:00,3.53e-06,3.59e-06,3.53e-06,3.57e-06,23284674220
1779897600,2026-05-27 16:00:00,3.54e-06,3.57e-06,3.57e-06,3.54e-06,37408369446
1779901200,2026-05-27 17:00:00,3.49e-06,3.54e-06,3.54e-06,3.5e-06,47810291130
1779904800,2026-05-27 18:00:00,3.49e-06,3.52e-06,3.49e-06,3.52e-06,15347475567
1779908400,2026-05-27 19:00:00,3.52e-06,3.54e-06,3.52e-06,3.53e-06,13240226197
1779912000,2026-05-27 20:00:00,3.52e-06,3.54e-06,3.53e-06,3.53e-06,18508009468
1779915600,2026-05-27 21:00:00,3.44e-06,3.54e-06,3.52e-06,3.45e-06,46663735771
1779919200,2026-05-27 22:00:00,3.45e-06,3.48e-06,3.45e-06,3.46e-06,28513300787
1779922800,2026-05-27 23:00:00,3.44e-06,3.47e-06,3.45e-06,3.47e-06,16170737268
1779926400,2026-05-28 00:00:00,3.45e-06,3.47e-06,3.47e-06,3.47e-06,13120948267
1779930000,2026-05-28 01:00:00,3.43e-06,3.48e-06,3.47e-06,3.46e-06,21781794056
1779933600,2026-05-28 02:00:00,3.44e-06,3.47e-06,3.46e-06,3.45e-06,22793639810
1779937200,2026-05-28 03:00:00,3.37e-06,3.45e-06,3.44e-06,3.37e-06,51680998979
1779940800,2026-05-28 04:00:00,3.33e-06,3.38e-06,3.37e-06,3.36e-06,80301767651
1779944400,2026-05-28 05:00:00,3.3e-06,3.36e-06,3.36e-06,3.32e-06,21563538045
1779948000,2026-05-28 06:00:00,3.31e-06,3.34e-06,3.32e-06,3.33e-06,24052501506
1779951600,2026-05-28 07:00:00,3.32e-06,3.36e-06,3.33e-06,3.36e-06,33359217940
1779955200,2026-05-28 08:00:00,3.33e-06,3.36e-06,3.35e-06,3.34e-06,38459892928
1779958800,2026-05-28 09:00:00,3.33e-06,3.36e-06,3.34e-06,3.35e-06,57753934504
1779962400,2026-05-28 10:00:00,3.32e-06,3.36e-06,3.36e-06,3.32e-06,55813553458
1779966000,2026-05-28 11:00:00,3.31e-06,3.33e-06,3.33e-06,3.32e-06,41067536271
1779969600,2026-05-28 12:00:00,3.3e-06,3.34e-06,3.32e-06,3.33e-06,59895355044
1779973200,2026-05-28 13:00:00,3.3e-06,3.33e-06,3.33e-06,3.31e-06,39811272019
1779976800,2026-05-28 14:00:00,3.28e-06,3.35e-06,3.31e-06,3.33e-06,48118224189
1779980400,2026-05-28 15:00:00,3.3e-06,3.34e-06,3.33e-06,3.33e-06,15668646687
1779984000,2026-05-28 16:00:00,3.31e-06,3.38e-06,3.33e-06,3.37e-06,20039886552
1779987600,2026-05-28 17:00:00,3.36e-06,3.4e-06,3.37e-06,3.39e-06,15064958341
1779991200,2026-05-28 18:00:00,3.38e-06,3.43e-06,3.38e-06,3.42e-06,82529744999
1779994800,2026-05-28 19:00:00,3.39e-06,3.42e-06,3.42e-06,3.39e-06,19686567649
1779998400,2026-05-28 20:00:00,3.38e-06,3.42e-06,3.39e-06,3.41e-06,57695117186
1780002000,2026-05-28 21:00:00,3.4e-06,3.43e-06,3.4e-06,3.41e-06,47785581207
1780005600,2026-05-28 22:00:00,3.36e-06,3.42e-06,3.42e-06,3.37e-06,61854288088
1780009200,2026-05-28 23:00:00,3.37e-06,3.39e-06,3.37e-06,3.38e-06,48695390225
1780012800,2026-05-29 00:00:00,3.38e-06,3.4e-06,3.38e-06,3.4e-06,26365419244
1780016400,2026-05-29 01:00:00,3.38e-06,3.4e-06,3.4e-06,3.39e-06,15266534341
1780020000,2026-05-29 02:00:00,3.36e-06,3.4e-06,3.39e-06,3.38e-06,89957047409
1780023600,2026-05-29 03:00:00,3.37e-06,3.4e-06,3.37e-06,3.37e-06,11572509629
1780027200,2026-05-29 04:00:00,3.35e-06,3.39e-06,3.37e-06,3.39e-06,12735899817
1780030800,2026-05-29 05:00:00,3.38e-06,3.4e-06,3.39e-06,3.4e-06,11770773032
1780034400,2026-05-29 06:00:00,3.39e-06,3.41e-06,3.4e-06,3.4e-06,28472707968
1780038000,2026-05-29 07:00:00,3.38e-06,3.41e-06,3.41e-06,3.39e-06,5065140352
1780041600,2026-05-29 08:00:00,3.38e-06,3.41e-06,3.4e-06,3.38e-06,6935714088
1780045200,2026-05-29 09:00:00,3.38e-06,3.41e-06,3.39e-06,3.4e-06,5132485637
1780048800,2026-05-29 10:00:00,3.38e-06,3.4e-06,3.4e-06,3.38e-06,6730292822
1780052400,2026-05-29 11:00:00,3.35e-06,3.39e-06,3.38e-06,3.36e-06,4646591185
1780056000,2026-05-29 12:00:00,3.33e-06,3.36e-06,3.36e-06,3.34e-06,8286530012
1780059600,2026-05-29 13:00:00,3.32e-06,3.35e-06,3.33e-06,3.35e-06,11494050098
1780063200,2026-05-29 14:00:00,3.31e-06,3.37e-06,3.35e-06,3.35e-06,29463062749
1780066800,2026-05-29 15:00:00,3.35e-06,3.46e-06,3.36e-06,3.42e-06,74041404504
1780070400,2026-05-29 16:00:00,3.39e-06,3.44e-06,3.43e-06,3.43e-06,60132253364
1780074000,2026-05-29 17:00:00,3.41e-06,3.45e-06,3.43e-06,3.41e-06,54813335268
1780077600,2026-05-29 18:00:00,3.37e-06,3.43e-06,3.42e-06,3.38e-06,39481565611
1780081200,2026-05-29 19:00:00,3.36e-06,3.4e-06,3.37e-06,3.4e-06,50865051210
1780084800,2026-05-29 20:00:00,3.38e-06,3.4e-06,3.4e-06,3.39e-06,31571394740
1780088400,2026-05-29 21:00:00,3.37e-06,3.4e-06,3.4e-06,3.37e-06,11893669762
1780092000,2026-05-29 22:00:00,3.37e-06,3.39e-06,3.37e-06,3.38e-06,11378319114
1780095600,2026-05-29 23:00:00,3.37e-06,3.39e-06,3.38e-06,3.38e-06,25551009792
1780099200,2026-05-30 00:00:00,3.37e-06,3.4e-06,3.39e-06,3.39e-06,5228537914
1780102800,2026-05-30 01:00:00,3.39e-06,3.44e-06,3.4e-06,3.43e-06,24481532758
1780106400,2026-05-30 02:00:00,3.42e-06,3.45e-06,3.44e-06,3.44e-06,49409137895
1780110000,2026-05-30 03:00:00,3.41e-06,3.45e-06,3.45e-06,3.43e-06,28613387621
1780113600,2026-05-30 04:00:00,3.37e-06,3.43e-06,3.43e-06,3.41e-06,45343816089
1780117200,2026-05-30 05:00:00,3.4e-06,3.44e-06,3.4e-06,3.43e-06,16638948430
1780120800,2026-05-30 06:00:00,3.41e-06,3.44e-06,3.43e-06,3.41e-06,7342835453
1780124400,2026-05-30 07:00:00,3.41e-06,3.43e-06,3.41e-06,3.42e-06,9370117063
1780128000,2026-05-30 08:00:00,3.4e-06,3.42e-06,3.42e-06,3.41e-06,1490629068
1780131600,2026-05-30 09:00:00,3.4e-06,3.42e-06,3.41e-06,3.41e-06,4662975909
1780135200,2026-05-30 10:00:00,3.41e-06,3.42e-06,3.41e-06,3.41e-06,8755377815
1780138800,2026-05-30 11:00:00,3.4e-06,3.42e-06,3.41e-06,3.41e-06,4155527667
1780142400,2026-05-30 12:00:00,3.41e-06,3.43e-06,3.42e-06,3.42e-06,1976485664
1780146000,2026-05-30 13:00:00,3.4e-06,3.43e-06,3.42e-06,3.42e-06,7897891268
1780149600,2026-05-30 14:00:00,3.41e-06,3.44e-06,3.42e-06,3.43e-06,17537852104
1780153200,2026-05-30 15:00:00,3.42e-06,3.45e-06,3.43e-06,3.43e-06,20182938357
1780156800,2026-05-30 16:00:00,3.42e-06,3.45e-06,3.43e-06,3.44e-06,8409536785
1780160400,2026-05-30 17:00:00,3.42e-06,3.44e-06,3.44e-06,3.44e-06,8778861770
1780164000,2026-05-30 18:00:00,3.42e-06,3.45e-06,3.43e-06,3.44e-06,15103567867
1780167600,2026-05-30 19:00:00,3.42e-06,3.45e-06,3.43e-06,3.43e-06,7900076163
1780171200,2026-05-30 20:00:00,3.42e-06,3.44e-06,3.44e-06,3.43e-06,2967937856
1780174800,2026-05-30 21:00:00,3.42e-06,3.44e-06,3.43e-06,3.42e-06,4145338814
1780178400,2026-05-30 22:00:00,3.4e-06,3.42e-06,3.42e-06,3.4e-06,41919018346
1780182000,2026-05-30 23:00:00,3.39e-06,3.42e-06,3.4e-06,3.41e-06,10692984317
1780185600,2026-05-31 00:00:00,3.4e-06,3.42e-06,3.41e-06,3.42e-06,15192936678
1780189200,2026-05-31 01:00:00,3.42e-06,3.44e-06,3.42e-06,3.43e-06,20479408453
1780192800,2026-05-31 02:00:00,3.42e-06,3.45e-06,3.43e-06,3.44e-06,25185644688
1780196400,2026-05-31 03:00:00,3.44e-06,3.45e-06,3.44e-06,3.45e-06,11342823989
1780200000,2026-05-31 04:00:00,3.44e-06,3.47e-06,3.44e-06,3.46e-06,14273158092
1780203600,2026-05-31 05:00:00,3.44e-06,3.46e-06,3.46e-06,3.45e-06,5037200642
1780207200,2026-05-31 06:00:00,3.43e-06,3.45e-06,3.44e-06,3.43e-06,2654583310
1780210800,2026-05-31 07:00:00,3.41e-06,3.43e-06,3.43e-06,3.43e-06,3551549995
1780214400,2026-05-31 08:00:00,3.42e-06,3.44e-06,3.43e-06,3.43e-06,3355931455
1780218000,2026-05-31 09:00:00,3.42e-06,3.44e-06,3.43e-06,3.42e-06,5380621684
1780221600,2026-05-31 10:00:00,3.4e-06,3.43e-06,3.42e-06,3.42e-06,2303877975
1780225200,2026-05-31 11:00:00,3.42e-06,3.44e-06,3.43e-06,3.43e-06,5426821397
1780228800,2026-05-31 12:00:00,3.42e-06,3.44e-06,3.42e-06,3.44e-06,2641087360
1780232400,2026-05-31 13:00:00,3.42e-06,3.44e-06,3.43e-06,3.42e-06,5583815217
1780236000,2026-05-31 14:00:00,3.36e-06,3.43e-06,3.42e-06,3.38e-06,57329811511
1780239600,2026-05-31 15:00:00,3.37e-06,3.4e-06,3.38e-06,3.38e-06,5256756197
1780243200,2026-05-31 16:00:00,3.34e-06,3.38e-06,3.38e-06,3.35e-06,21252761556
1780246800,2026-05-31 17:00:00,3.34e-06,3.37e-06,3.35e-06,3.37e-06,24693823810
1780250400,2026-05-31 18:00:00,3.36e-06,3.37e-06,3.37e-06,3.37e-06,6048266755
1780254000,2026-05-31 19:00:00,3.35e-06,3.37e-06,3.36e-06,3.36e-06,14073442068
1780257600,2026-05-31 20:00:00,3.37e-06,3.38e-06,3.37e-06,3.38e-06,8830884480
1780261200,2026-05-31 21:00:00,3.37e-06,3.42e-06,3.37e-06,3.41e-06,7043215332
1780264800,2026-05-31 22:00:00,3.4e-06,3.43e-06,3.42e-06,3.43e-06,22470319422
1780268400,2026-05-31 23:00:00,3.39e-06,3.44e-06,3.42e-06,3.41e-06,11791668069
1780272000,2026-06-01 00:00:00,3.42e-06,3.45e-06,3.42e-06,3.43e-06,17063931762
1780275600,2026-06-01 01:00:00,3.38e-06,3.43e-06,3.43e-06,3.38e-06,14728740417
1780279200,2026-06-01 02:00:00,3.37e-06,3.43e-06,3.37e-06,3.43e-06,20549519816
1780282800,2026-06-01 03:00:00,3.42e-06,3.44e-06,3.44e-06,3.43e-06,12753626853
1780286400,2026-06-01 04:00:00,3.39e-06,3.43e-06,3.43e-06,3.4e-06,24624783081
1780290000,2026-06-01 05:00:00,3.38e-06,3.41e-06,3.4e-06,3.39e-06,9713396271
1780293600,2026-06-01 06:00:00,3.36e-06,3.39e-06,3.39e-06,3.37e-06,23792176006
1780297200,2026-06-01 07:00:00,3.33e-06,3.38e-06,3.37e-06,3.34e-06,20538911561
1780300800,2026-06-01 08:00:00,3.33e-06,3.36e-06,3.34e-06,3.36e-06,15895144375
1780304400,2026-06-01 09:00:00,3.35e-06,3.37e-06,3.36e-06,3.36e-06,15993673906
1780308000,2026-06-01 10:00:00,3.34e-06,3.37e-06,3.36e-06,3.37e-06,34398353490
1780311600,2026-06-01 11:00:00,3.34e-06,3.38e-06,3.37e-06,3.35e-06,16555567197
1780315200,2026-06-01 12:00:00,3.32e-06,3.36e-06,3.35e-06,3.35e-06,80495220481
1780318800,2026-06-01 13:00:00,3.3e-06,3.36e-06,3.35e-06,3.34e-06,89721892605
1780322400,2026-06-01 14:00:00,3.32e-06,3.35e-06,3.33e-06,3.34e-06,38576882411
1780326000,2026-06-01 15:00:00,3.31e-06,3.35e-06,3.34e-06,3.34e-06,40761840644
1780329600,2026-06-01 16:00:00,3.32e-06,3.39e-06,3.34e-06,3.39e-06,32001657552
1780333200,2026-06-01 17:00:00,3.38e-06,3.42e-06,3.39e-06,3.4e-06,26135683363
1780336800,2026-06-01 18:00:00,3.38e-06,3.42e-06,3.4e-06,3.4e-06,16649127760
1780340400,2026-06-01 19:00:00,3.39e-06,3.42e-06,3.4e-06,3.42e-06,8233201003
1780344000,2026-06-01 20:00:00,3.4e-06,3.42e-06,3.41e-06,3.41e-06,17572619254
1780347600,2026-06-01 21:00:00,3.38e-06,3.4e-06,3.4e-06,3.38e-06,21347746235
1780351200,2026-06-01 22:00:00,3.36e-06,3.42e-06,3.38e-06,3.41e-06,23758282150
1780354800,2026-06-01 23:00:00,3.4e-06,3.42e-06,3.41e-06,3.41e-06,24537955378
1780358400,2026-06-02 00:00:00,3.39e-06,3.41e-06,3.41e-06,3.4e-06,7948516067
1780362000,2026-06-02 01:00:00,3.36e-06,3.4e-06,3.4e-06,3.36e-06,29655160411
1780365600,2026-06-02 02:00:00,3.33e-06,3.39e-06,3.36e-06,3.39e-06,23832767130
1780369200,2026-06-02 03:00:00,3.38e-06,3.4e-06,3.39e-06,3.4e-06,8545415018
1780372800,2026-06-02 04:00:00,3.36e-06,3.4e-06,3.4e-06,3.36e-06,33197444227
1780376400,2026-06-02 05:00:00,3.34e-06,3.37e-06,3.36e-06,3.34e-06,10853366761
1780380000,2026-06-02 06:00:00,3.32e-06,3.35e-06,3.34e-06,3.33e-06,18952032150
1780383600,2026-06-02 07:00:00,3.3e-06,3.35e-06,3.33e-06,3.32e-06,15270533418
1780387200,2026-06-02 08:00:00,3.32e-06,3.34e-06,3.32e-06,3.33e-06,20811252995
1780390800,2026-06-02 09:00:00,3.3e-06,3.33e-06,3.33e-06,3.31e-06,11515726144
1780394400,2026-06-02 10:00:00,3.31e-06,3.35e-06,3.31e-06,3.34e-06,15099078471
1780398000,2026-06-02 11:00:00,3.31e-06,3.34e-06,3.34e-06,3.31e-06,14461615086
1780401600,2026-06-02 12:00:00,3.31e-06,3.33e-06,3.31e-06,3.32e-06,18699646133
1780405200,2026-06-02 13:00:00,3.31e-06,3.34e-06,3.33e-06,3.32e-06,11960797855
1780408800,2026-06-02 14:00:00,3.21e-06,3.32e-06,3.31e-06,3.23e-06,120386840027
1780412400,2026-06-02 15:00:00,3.14e-06,3.24e-06,3.23e-06,3.18e-06,164675252727
1780416000,2026-06-02 16:00:00,3.17e-06,3.24e-06,3.18e-06,3.21e-06,82330988716
1780419600,2026-06-02 17:00:00,3.21e-06,3.24e-06,3.21e-06,3.22e-06,44171861780
1780423200,2026-06-02 18:00:00,3.17e-06,3.24e-06,3.23e-06,3.18e-06,41788257099
1780426800,2026-06-02 19:00:00,3.08e-06,3.19e-06,3.18e-06,3.16e-06,106557130620
1780430400,2026-06-02 20:00:00,3.13e-06,3.18e-06,3.15e-06,3.16e-06,47845350266
1780434000,2026-06-02 21:00:00,3.15e-06,3.19e-06,3.16e-06,3.15e-06,30322352137
1780437600,2026-06-02 22:00:00,3.07e-06,3.16e-06,3.15e-06,3.08e-06,88987592836
1780441200,2026-06-02 23:00:00,3.04e-06,3.11e-06,3.08e-06,3.11e-06,78487328286
1780444800,2026-06-03 00:00:00,3.1e-06,3.14e-06,3.1e-06,3.12e-06,27294225767
1780448400,2026-06-03 01:00:00,3.11e-06,3.14e-06,3.12e-06,3.13e-06,13342746874
1780452000,2026-06-03 02:00:00,3.11e-06,3.13e-06,3.13e-06,3.12e-06,14760824047
1780455600,2026-06-03 03:00:00,3.04e-06,3.12e-06,3.12e-06,3.06e-06,48536290021
1780459200,2026-06-03 04:00:00,3.06e-06,3.13e-06,3.06e-06,3.13e-06,19121995531
1780462800,2026-06-03 05:00:00,3.13e-06,3.18e-06,3.13e-06,3.18e-06,34218298435
1780466400,2026-06-03 06:00:00,3.17e-06,3.22e-06,3.18e-06,3.2e-06,18159469381
1780470000,2026-06-03 07:00:00,3.19e-06,3.23e-06,3.2e-06,3.22e-06,8995385767
1780473600,2026-06-03 08:00:00,3.19e-06,3.23e-06,3.21e-06,3.21e-06,10523161709
1780477200,2026-06-03 09:00:00,3.2e-06,3.23e-06,3.21e-06,3.21e-06,23881027024
1780480800,2026-06-03 10:00:00,3.2e-06,3.24e-06,3.21e-06,3.23e-06,12816967842
1780484400,2026-06-03 11:00:00,3.21e-06,3.25e-06,3.24e-06,3.22e-06,17305472406
1780488000,2026-06-03 12:00:00,3.2e-06,3.22e-06,3.21e-06,3.22e-06,15582221491
1780491600,2026-06-03 13:00:00,3.2e-06,3.23e-06,3.22e-06,3.21e-06,20185819365
1780495200,2026-06-03 14:00:00,3.18e-06,3.21e-06,3.21e-06,3.2e-06,19962161195
1780498800,2026-06-03 15:00:00,3.15e-06,3.21e-06,3.2e-06,3.16e-06,23245158783
1780502400,2026-06-03 16:00:00,3.11e-06,3.16e-06,3.16e-06,3.15e-06,28205724706
1780506000,2026-06-03 17:00:00,3.11e-06,3.18e-06,3.14e-06,3.18e-06,19635991067
1780509600,2026-06-03 18:00:00,3.15e-06,3.19e-06,3.17e-06,3.18e-06,27209586666
1780513200,2026-06-03 19:00:00,3.12e-06,3.18e-06,3.18e-06,3.13e-06,12935343080
1780516800,2026-06-03 20:00:00,3.08e-06,3.16e-06,3.12e-06,3.09e-06,44325816000
1780520400,2026-06-03 21:00:00,3.09e-06,3.18e-06,3.09e-06,3.17e-06,66499740077
1780524000,2026-06-03 22:00:00,3.14e-06,3.19e-06,3.18e-06,3.14e-06,18808548388
1780527600,2026-06-03 23:00:00,3.11e-06,3.14e-06,3.14e-06,3.12e-06,10512021901
1780531200,2026-06-04 00:00:00,3.06e-06,3.14e-06,3.13e-06,3.08e-06,41625331255
1780534800,2026-06-04 01:00:00,2.96e-06,3.09e-06,3.08e-06,2.97e-06,194336915693
1780538400,2026-06-04 02:00:00,2.85e-06,3.02e-06,2.97e-06,3e-06,199240855017
1780542000,2026-06-04 03:00:00,3e-06,3.1e-06,3e-06,3.1e-06,40861921133
1780545600,2026-06-04 04:00:00,3.07e-06,3.11e-06,3.09e-06,3.07e-06,41840894333
1780549200,2026-06-04 05:00:00,3.02e-06,3.07e-06,3.07e-06,3.04e-06,13534955419
1780552800,2026-06-04 06:00:00,3.04e-06,3.08e-06,3.04e-06,3.05e-06,40989901362
1780556400,2026-06-04 07:00:00,2.99e-06,3.04e-06,3.04e-06,2.99e-06,27390297416
1780560000,2026-06-04 08:00:00,2.96e-06,3.01e-06,2.99e-06,2.99e-06,12018412195
1780563600,2026-06-04 09:00:00,2.91e-06,2.99e-06,2.99e-06,2.95e-06,29761629343
1780567200,2026-06-04 10:00:00,2.9e-06,2.95e-06,2.95e-06,2.91e-06,114123354438
1780570800,2026-06-04 11:00:00,2.9e-06,2.96e-06,2.91e-06,2.96e-06,34428533458
1780574400,2026-06-04 12:00:00,2.93e-06,3.01e-06,2.96e-06,3.01e-06,69548897798
1780578000,2026-06-04 13:00:00,2.94e-06,3.02e-06,3e-06,2.99e-06,58800234041
1780581600,2026-06-04 14:00:00,2.97e-06,3e-06,2.99e-06,2.99e-06,51998680712
1780585200,2026-06-04 15:00:00,2.98e-06,3.03e-06,2.99e-06,3e-06,34931910275
1780588800,2026-06-04 16:00:00,2.98e-06,3.01e-06,3e-06,3e-06,29842965783
1780592400,2026-06-04 17:00:00,2.95e-06,3.01e-06,3e-06,3e-06,39017872966
1780596000,2026-06-04 18:00:00,2.96e-06,3.03e-06,3e-06,3.01e-06,21281269296
1780599600,2026-06-04 19:00:00,2.98e-06,3.03e-06,3.01e-06,2.99e-06,18999642996
1780603200,2026-06-04 20:00:00,2.96e-06,2.99e-06,2.99e-06,2.96e-06,26260201271
1780606800,2026-06-04 21:00:00,2.88e-06,2.98e-06,2.96e-06,2.9e-06,36693544871
1780610400,2026-06-04 22:00:00,2.88e-06,2.94e-06,2.9e-06,2.93e-06,45618048556
1780614000,2026-06-04 23:00:00,2.91e-06,2.95e-06,2.93e-06,2.95e-06,31690432136
1780617600,2026-06-05 00:00:00,2.92e-06,2.96e-06,2.94e-06,2.92e-06,20245927875
1780621200,2026-06-05 01:00:00,2.89e-06,2.95e-06,2.91e-06,2.94e-06,32139921994
1780624800,2026-06-05 02:00:00,2.86e-06,2.93e-06,2.93e-06,2.87e-06,31375410058
1780628400,2026-06-05 03:00:00,2.85e-06,2.9e-06,2.87e-06,2.86e-06,47548814668
1780632000,2026-06-05 04:00:00,2.86e-06,2.92e-06,2.86e-06,2.91e-06,56257687587
1780635600,2026-06-05 05:00:00,2.82e-06,2.92e-06,2.91e-06,2.83e-06,26180607981
1780639200,2026-06-05 06:00:00,2.69e-06,2.83e-06,2.83e-06,2.75e-06,132361359420
1780642800,2026-06-05 07:00:00,2.7e-06,2.81e-06,2.75e-06,2.79e-06,79135022146
1780646400,2026-06-05 08:00:00,2.74e-06,2.8e-06,2.79e-06,2.75e-06,24827113943
1780650000,2026-06-05 09:00:00,2.75e-06,2.8e-06,2.75e-06,2.8e-06,35217077720
1780653600,2026-06-05 10:00:00,2.77e-06,2.81e-06,2.8e-06,2.79e-06,19174860962
1780657200,2026-06-05 11:00:00,2.77e-06,2.8e-06,2.78e-06,2.78e-06,37897411718
1780660800,2026-06-05 12:00:00,2.74e-06,2.79e-06,2.78e-06,2.76e-06,44533628638
1780664400,2026-06-05 13:00:00,2.7e-06,2.82e-06,2.77e-06,2.7e-06,47041340604
1780668000,2026-06-05 14:00:00,2.68e-06,2.77e-06,2.71e-06,2.73e-06,120189252761
1780671600,2026-06-05 15:00:00,2.66e-06,2.73e-06,2.73e-06,2.69e-06,88147273738
1780675200,2026-06-05 16:00:00,2.64e-06,2.79e-06,2.69e-06,2.79e-06,134823018797
1780678800,2026-06-05 17:00:00,2.74e-06,2.79e-06,2.79e-06,2.76e-06,83801350732
1780682400,2026-06-05 18:00:00,2.63e-06,2.77e-06,2.77e-06,2.65e-06,100489244473
1780686000,2026-06-05 19:00:00,2.6e-06,2.71e-06,2.65e-06,2.69e-06,153498115473
1780689600,2026-06-05 20:00:00,2.66e-06,2.77e-06,2.69e-06,2.75e-06,163969476829
1780693200,2026-06-05 21:00:00,2.74e-06,2.78e-06,2.75e-06,2.74e-06,22732335696
1780696800,2026-06-05 22:00:00,2.7e-06,2.75e-06,2.75e-06,2.72e-06,29390853824
1780700400,2026-06-05 23:00:00,2.65e-06,2.73e-06,2.73e-06,2.7e-06,105547117216
1780704000,2026-06-06 00:00:00,2.7e-06,2.75e-06,2.7e-06,2.74e-06,65130279770
1780707600,2026-06-06 01:00:00,2.7e-06,2.75e-06,2.74e-06,2.7e-06,14392038905
1780711200,2026-06-06 02:00:00,2.68e-06,2.71e-06,2.7e-06,2.68e-06,12800281002
1780714800,2026-06-06 03:00:00,2.64e-06,2.68e-06,2.68e-06,2.66e-06,32083945063
1780718400,2026-06-06 04:00:00,2.51e-06,2.66e-06,2.66e-06,2.54e-06,113421467058
1780722000,2026-06-06 05:00:00,2.5e-06,2.64e-06,2.54e-06,2.64e-06,133927399905
1780725600,2026-06-06 06:00:00,2.63e-06,2.68e-06,2.64e-06,2.63e-06,95452187007
1780729200,2026-06-06 07:00:00,2.63e-06,2.69e-06,2.63e-06,2.68e-06,18920567974
1780732800,2026-06-06 08:00:00,2.66e-06,2.72e-06,2.67e-06,2.71e-06,30068139420
1780736400,2026-06-06 09:00:00,2.68e-06,2.73e-06,2.71e-06,2.68e-06,8021880279
1780740000,2026-06-06 10:00:00,2.62e-06,2.68e-06,2.68e-06,2.64e-06,55952290110
1780743600,2026-06-06 11:00:00,2.64e-06,2.68e-06,2.64e-06,2.67e-06,59634707104
1780747200,2026-06-06 12:00:00,2.65e-06,2.7e-06,2.67e-06,2.69e-06,12856226822
1780750800,2026-06-06 13:00:00,2.68e-06,2.71e-06,2.69e-06,2.69e-06,38476869703
1780754400,2026-06-06 14:00:00,2.69e-06,2.72e-06,2.69e-06,2.69e-06,62419179149
1780758000,2026-06-06 15:00:00,2.65e-06,2.7e-06,2.7e-06,2.66e-06,47607758685
1780761600,2026-06-06 16:00:00,2.64e-06,2.69e-06,2.66e-06,2.67e-06,24005044454
1780765200,2026-06-06 17:00:00,2.63e-06,2.68e-06,2.67e-06,2.64e-06,29424292007
1780768800,2026-06-06 18:00:00,2.63e-06,2.67e-06,2.64e-06,2.66e-06,21334611135
1780772400,2026-06-06 19:00:00,2.64e-06,2.67e-06,2.65e-06,2.64e-06,14548007964
1780776000,2026-06-06 20:00:00,2.63e-06,2.66e-06,2.65e-06,2.65e-06,10975426592
1780779600,2026-06-06 21:00:00,2.65e-06,2.67e-06,2.65e-06,2.65e-06,39697505381
1780783200,2026-06-06 22:00:00,2.64e-06,2.67e-06,2.65e-06,2.66e-06,18524582844
1780786800,2026-06-06 23:00:00,2.65e-06,2.69e-06,2.65e-06,2.68e-06,8434599185
1780790400,2026-06-07 00:00:00,2.67e-06,2.69e-06,2.68e-06,2.67e-06,8716396879
1780794000,2026-06-07 01:00:00,2.68e-06,2.76e-06,2.68e-06,2.74e-06,39180137879
1780797600,2026-06-07 02:00:00,2.71e-06,2.75e-06,2.74e-06,2.73e-06,9060651384
1780801200,2026-06-07 03:00:00,2.72e-06,2.74e-06,2.73e-06,2.72e-06,21685471859
1780804800,2026-06-07 04:00:00,2.71e-06,2.75e-06,2.73e-06,2.75e-06,4344557905
1780808400,2026-06-07 05:00:00,2.73e-06,2.76e-06,2.74e-06,2.74e-06,15712169901
1780812000,2026-06-07 06:00:00,2.73e-06,2.77e-06,2.74e-06,2.76e-06,10235490698
1780815600,2026-06-07 07:00:00,2.75e-06,2.77e-06,2.76e-06,2.76e-06,43160576006
1780819200,2026-06-07 08:00:00,2.74e-06,2.79e-06,2.75e-06,2.79e-06,12603801816
1780822800,2026-06-07 09:00:00,2.76e-06,2.81e-06,2.79e-06,2.77e-06,19114194614
1780826400,2026-06-07 10:00:00,2.75e-06,2.77e-06,2.77e-06,2.75e-06,7240008003
1780830000,2026-06-07 11:00:00,2.75e-06,2.78e-06,2.75e-06,2.77e-06,7908804496
1780833600,2026-06-07 12:00:00,2.72e-06,2.78e-06,2.77e-06,2.74e-06,34871181587
1780837200,2026-06-07 13:00:00,2.73e-06,2.75e-06,2.74e-06,2.74e-06,44985156732
1780840800,2026-06-07 14:00:00,2.73e-06,2.78e-06,2.74e-06,2.77e-06,23484986140
1780844400,2026-06-07 15:00:00,2.75e-06,2.77e-06,2.76e-06,2.76e-06,12606477209
1780848000,2026-06-07 16:00:00,2.76e-06,2.78e-06,2.76e-06,2.77e-06,15449629268
1780851600,2026-06-07 17:00:00,2.77e-06,2.79e-06,2.77e-06,2.78e-06,9956881484
1780855200,2026-06-07 18:00:00,2.76e-06,2.79e-06,2.78e-06,2.76e-06,35080965364
1780858800,2026-06-07 19:00:00,2.69e-06,2.76e-06,2.75e-06,2.7e-06,36719539233
1780862400,2026-06-07 20:00:00,2.69e-06,2.74e-06,2.7e-06,2.74e-06,11019508637
1780866000,2026-06-07 21:00:00,2.72e-06,2.74e-06,2.74e-06,2.74e-06,9627142262
1780869600,2026-06-07 22:00:00,2.73e-06,2.88e-06,2.73e-06,2.8e-06,123770441499
1780873200,2026-06-07 23:00:00,2.79e-06,2.82e-06,2.79e-06,2.81e-06,12807995502
1780876800,2026-06-08 00:00:00,2.8e-06,2.84e-06,2.81e-06,2.82e-06,21130731608
1780880400,2026-06-08 01:00:00,2.77e-06,2.83e-06,2.83e-06,2.8e-06,73842560629
1780884000,2026-06-08 02:00:00,2.79e-06,2.81e-06,2.81e-06,2.8e-06,15351226821
1780887600,2026-06-08 03:00:00,2.8e-06,2.82e-06,2.81e-06,2.81e-06,8001001455
1780891200,2026-06-08 04:00:00,2.76e-06,2.82e-06,2.81e-06,2.77e-06,5874139510
1780894800,2026-06-08 05:00:00,2.74e-06,2.77e-06,2.77e-06,2.76e-06,16953599425
1780898400,2026-06-08 06:00:00,2.76e-06,2.79e-06,2.76e-06,2.76e-06,23237693085
1780902000,2026-06-08 07:00:00,2.76e-06,2.8e-06,2.76e-06,2.8e-06,7100070774
1780905600,2026-06-08 08:00:00,2.77e-06,2.8e-06,2.79e-06,2.78e-06,6610798379
1780909200,2026-06-08 09:00:00,2.77e-06,2.8e-06,2.78e-06,2.8e-06,31203965102
1780912800,2026-06-08 10:00:00,2.78e-06,2.81e-06,2.8e-06,2.79e-06,24147903572
1780916400,2026-06-08 11:00:00,2.78e-06,2.84e-06,2.79e-06,2.82e-06,18424371891
1780920000,2026-06-08 12:00:00,2.8e-06,2.85e-06,2.83e-06,2.84e-06,27964583718
1780923600,2026-06-08 13:00:00,2.81e-06,2.84e-06,2.84e-06,2.82e-06,56763764556
1780927200,2026-06-08 14:00:00,2.81e-06,2.84e-06,2.82e-06,2.84e-06,23154713395
1780930800,2026-06-08 15:00:00,2.83e-06,2.87e-06,2.84e-06,2.83e-06,14687883097
1780934400,2026-06-08 16:00:00,2.81e-06,2.85e-06,2.83e-06,2.82e-06,23816569145
1780938000,2026-06-08 17:00:00,2.81e-06,2.84e-06,2.82e-06,2.84e-06,17933165267
1780941600,2026-06-08 18:00:00,2.83e-06,2.85e-06,2.84e-06,2.84e-06,19500626057
1780945200,2026-06-08 19:00:00,2.83e-06,2.85e-06,2.84e-06,2.84e-06,4877793848
1780948800,2026-06-08 20:00:00,2.81e-06,2.84e-06,2.84e-06,2.83e-06,8763102201
1780952400,2026-06-08 21:00:00,2.83e-06,2.87e-06,2.84e-06,2.83e-06,44705591303
1780956000,2026-06-08 22:00:00,2.81e-06,2.84e-06,2.83e-06,2.83e-06,53001632805
1780959600,2026-06-08 23:00:00,2.81e-06,2.84e-06,2.83e-06,2.82e-06,31983410969
1780963200,2026-06-09 00:00:00,2.75e-06,2.82e-06,2.82e-06,2.76e-06,73881876948
1780966800,2026-06-09 01:00:00,2.76e-06,2.79e-06,2.76e-06,2.79e-06,32960869409
1780970400,2026-06-09 02:00:00,2.76e-06,2.78e-06,2.78e-06,2.78e-06,65705924698
1780974000,2026-06-09 03:00:00,2.76e-06,2.78e-06,2.77e-06,2.77e-06,21231134994
1780977600,2026-06-09 04:00:00,2.77e-06,2.83e-06,2.77e-06,2.82e-06,15746810536
1780981200,2026-06-09 05:00:00,2.81e-06,2.83e-06,2.81e-06,2.83e-06,7418448186
1780984800,2026-06-09 06:00:00,2.81e-06,2.83e-06,2.82e-06,2.82e-06,20625262677
1780988400,2026-06-09 07:00:00,2.8e-06,2.83e-06,2.82e-06,2.81e-06,26316942372
1780992000,2026-06-09 08:00:00,2.79e-06,2.81e-06,2.81e-06,2.8e-06,26428813509
1780995600,2026-06-09 09:00:00,2.77e-06,2.81e-06,2.8e-06,2.78e-06,12665419477
1780999200,2026-06-09 10:00:00,2.78e-06,2.8e-06,2.79e-06,2.79e-06,6444969382
1781002800,2026-06-09 11:00:00,2.77e-06,2.79e-06,2.78e-06,2.79e-06,7846772990
1781006400,2026-06-09 12:00:00,2.79e-06,2.82e-06,2.8e-06,2.81e-06,13663000394
1781010000,2026-06-09 13:00:00,2.78e-06,2.82e-06,2.81e-06,2.79e-06,21250474497
1781013600,2026-06-09 14:00:00,2.73e-06,2.79e-06,2.79e-06,2.75e-06,57745922146
1781017200,2026-06-09 15:00:00,2.72e-06,2.77e-06,2.75e-06,2.74e-06,35316769554
1781020800,2026-06-09 16:00:00,2.69e-06,2.74e-06,2.74e-06,2.73e-06,47033521535
1781024400,2026-06-09 17:00:00,2.73e-06,2.78e-06,2.73e-06,2.77e-06,60906800270
1781028000,2026-06-09 18:00:00,2.76e-06,2.78e-06,2.76e-06,2.77e-06,18205143667
1781031600,2026-06-09 19:00:00,2.77e-06,2.79e-06,2.77e-06,2.79e-06,15095105703
1781035200,2026-06-09 20:00:00,2.79e-06,2.81e-06,2.79e-06,2.81e-06,14519797837
1781038800,2026-06-09 21:00:00,2.77e-06,2.8e-06,2.8e-06,2.77e-06,13912381479
1781042400,2026-06-09 22:00:00,2.76e-06,2.78e-06,2.77e-06,2.76e-06,11456035185
1781046000,2026-06-09 23:00:00,2.76e-06,2.78e-06,2.76e-06,2.77e-06,34688454517
1781049600,2026-06-10 00:00:00,2.75e-06,2.79e-06,2.78e-06,2.79e-06,12208722451
1781053200,2026-06-10 01:00:00,2.75e-06,2.78e-06,2.78e-06,2.76e-06,10334143282
1781056800,2026-06-10 02:00:00,2.72e-06,2.76e-06,2.76e-06,2.73e-06,13811050263
1781060400,2026-06-10 03:00:00,2.73e-06,2.74e-06,2.74e-06,2.74e-06,7924465813
1781064000,2026-06-10 04:00:00,2.71e-06,2.74e-06,2.73e-06,2.72e-06,26003384707
1781067600,2026-06-10 05:00:00,2.71e-06,2.73e-06,2.72e-06,2.72e-06,7604580478
1781071200,2026-06-10 06:00:00,2.71e-06,2.74e-06,2.72e-06,2.73e-06,2884682802
1781074800,2026-06-10 07:00:00,2.73e-06,2.75e-06,2.73e-06,2.74e-06,6451624866
1781078400,2026-06-10 08:00:00,2.71e-06,2.75e-06,2.74e-06,2.72e-06,18055551906
1781082000,2026-06-10 09:00:00,2.69e-06,2.72e-06,2.71e-06,2.72e-06,18653756272
1781085600,2026-06-10 10:00:00,2.7e-06,2.73e-06,2.72e-06,2.73e-06,16127106171
1781089200,2026-06-10 11:00:00,2.69e-06,2.73e-06,2.73e-06,2.7e-06,11838909710
1781092800,2026-06-10 12:00:00,2.7e-06,2.77e-06,2.7e-06,2.74e-06,23243768151
1781096400,2026-06-10 13:00:00,2.74e-06,2.81e-06,2.74e-06,2.77e-06,15634678944
1781100000,2026-06-10 14:00:00,2.74e-06,2.79e-06,2.77e-06,2.76e-06,19664311144
1781103600,2026-06-10 15:00:00,2.74e-06,2.78e-06,2.76e-06,2.78e-06,45717595011
1781107200,2026-06-10 16:00:00,2.72e-06,2.78e-06,2.78e-06,2.72e-06,55695629734
1781110800,2026-06-10 17:00:00,2.69e-06,2.73e-06,2.73e-06,2.71e-06,17371559907
1781114400,2026-06-10 18:00:00,2.7e-06,2.72e-06,2.71e-06,2.72e-06,9754456846
1781118000,2026-06-10 19:00:00,2.69e-06,2.72e-06,2.71e-06,2.69e-06,28850958201
1781121600,2026-06-10 20:00:00,2.67e-06,2.7e-06,2.69e-06,2.68e-06,47084522423
1781125200,2026-06-10 21:00:00,2.64e-06,2.68e-06,2.68e-06,2.65e-06,10811448370
1781128800,2026-06-10 22:00:00,2.64e-06,2.67e-06,2.65e-06,2.66e-06,30463484188
1781132400,2026-06-10 23:00:00,2.65e-06,2.7e-06,2.66e-06,2.69e-06,14685401689
1781136000,2026-06-11 00:00:00,2.69e-06,2.72e-06,2.69e-06,2.71e-06,21980477732
1781139600,2026-06-11 01:00:00,2.71e-06,2.74e-06,2.71e-06,2.73e-06,30986142647
1781143200,2026-06-11 02:00:00,2.71e-06,2.73e-06,2.73e-06,2.73e-06,15245505783
1781146800,2026-06-11 03:00:00,2.71e-06,2.77e-06,2.72e-06,2.77e-06,39633034807
1781150400,2026-06-11 04:00:00,2.75e-06,2.78e-06,2.77e-06,2.77e-06,41450699391
1781154000,2026-06-11 05:00:00,2.75e-06,2.77e-06,2.76e-06,2.76e-06,9144474801
1781157600,2026-06-11 06:00:00,2.75e-06,2.77e-06,2.75e-06,2.75e-06,4293210478
1781161200,2026-06-11 07:00:00,2.75e-06,2.76e-06,2.75e-06,2.76e-06,6643635170
1781164800,2026-06-11 08:00:00,2.76e-06,2.78e-06,2.77e-06,2.77e-06,11310741382
1781168400,2026-06-11 09:00:00,2.74e-06,2.78e-06,2.77e-06,2.75e-06,11353102878
1781172000,2026-06-11 10:00:00,2.74e-06,2.76e-06,2.75e-06,2.75e-06,3471148102
1781175600,2026-06-11 11:00:00,2.75e-06,2.78e-06,2.75e-06,2.76e-06,11310209389
1781179200,2026-06-11 12:00:00,2.72e-06,2.76e-06,2.76e-06,2.76e-06,24103894313
1781182800,2026-06-11 13:00:00,2.74e-06,2.77e-06,2.76e-06,2.76e-06,29842230038
1781186400,2026-06-11 14:00:00,2.75e-06,2.78e-06,2.76e-06,2.77e-06,11760462675
1781190000,2026-06-11 15:00:00,2.74e-06,2.78e-06,2.77e-06,2.77e-06,10920547662
1781193600,2026-06-11 16:00:00,2.75e-06,2.78e-06,2.77e-06,2.75e-06,12758753322
1781197200,2026-06-11 17:00:00,2.73e-06,2.84e-06,2.75e-06,2.83e-06,48264880374
1781200800,2026-06-11 18:00:00,2.8e-06,2.84e-06,2.83e-06,2.8e-06,16887926264
1781204400,2026-06-11 19:00:00,2.78e-06,2.81e-06,2.8e-06,2.8e-06,12541558028
1781208000,2026-06-11 20:00:00,2.78e-06,2.8e-06,2.8e-06,2.79e-06,8417013450
1781211600,2026-06-11 21:00:00,2.79e-06,2.81e-06,2.8e-06,2.8e-06,6590641086
1781215200,2026-06-11 22:00:00,2.78e-06,2.8e-06,2.8e-06,2.79e-06,19324527471
1781218800,2026-06-11 23:00:00,2.78e-06,2.8e-06,2.78e-06,2.78e-06,3861987505
1781222400,2026-06-12 00:00:00,2.78e-06,2.8e-06,2.78e-06,2.79e-06,9073200310
1781226000,2026-06-12 01:00:00,2.78e-06,2.79e-06,2.78e-06,2.79e-06,9633415213
1781229600,2026-06-12 02:00:00,2.79e-06,2.81e-06,2.79e-06,2.8e-06,18359823850
1781233200,2026-06-12 03:00:00,2.79e-06,2.81e-06,2.8e-06,2.81e-06,22798116733
1781236800,2026-06-12 04:00:00,2.8e-06,2.81e-06,2.8e-06,2.8e-06,14039564569
1781240400,2026-06-12 05:00:00,2.78e-06,2.8e-06,2.8e-06,2.78e-06,22022227213
1781244000,2026-06-12 06:00:00,2.75e-06,2.78e-06,2.78e-06,2.77e-06,25247385418
1781247600,2026-06-12 07:00:00,2.76e-06,2.78e-06,2.77e-06,2.78e-06,6772152600
1781251200,2026-06-12 08:00:00,2.78e-06,2.81e-06,2.78e-06,2.81e-06,12898095637
1781254800,2026-06-12 09:00:00,2.81e-06,2.84e-06,2.81e-06,2.83e-06,33577415249
1781258400,2026-06-12 10:00:00,2.81e-06,2.83e-06,2.83e-06,2.82e-06,26288870652
1781262000,2026-06-12 11:00:00,2.81e-06,2.85e-06,2.82e-06,2.82e-06,71300065820
1781265600,2026-06-12 12:00:00,2.81e-06,2.83e-06,2.82e-06,2.81e-06,60511808533
1781269200,2026-06-12 13:00:00,2.79e-06,2.82e-06,2.81e-06,2.8e-06,26874251667
1781272800,2026-06-12 14:00:00,2.8e-06,2.86e-06,2.8e-06,2.86e-06,64164017145
1781276400,2026-06-12 15:00:00,2.79e-06,2.87e-06,2.86e-06,2.8e-06,205128368461
1781280000,2026-06-12 16:00:00,2.8e-06,2.83e-06,2.8e-06,2.83e-06,55688485515
1781283600,2026-06-12 17:00:00,2.81e-06,2.84e-06,2.83e-06,2.82e-06,25232056693
1781287200,2026-06-12 18:00:00,2.8e-06,2.83e-06,2.82e-06,2.81e-06,28953278463
1781290800,2026-06-12 19:00:00,2.81e-06,2.84e-06,2.82e-06,2.81e-06,29400252986
1781294400,2026-06-12 20:00:00,2.81e-06,2.83e-06,2.82e-06,2.81e-06,29782887230
1781298000,2026-06-12 21:00:00,2.8e-06,2.82e-06,2.81e-06,2.81e-06,4294502589
1781301600,2026-06-12 22:00:00,2.8e-06,2.81e-06,2.8e-06,2.8e-06,6237392722
1781305200,2026-06-12 23:00:00,2.79e-06,2.81e-06,2.8e-06,2.8e-06,24847679059
1781308800,2026-06-13 00:00:00,2.8e-06,2.82e-06,2.8e-06,2.81e-06,21023520251
1781312400,2026-06-13 01:00:00,2.82e-06,2.84e-06,2.82e-06,2.83e-06,21310209700
1781316000,2026-06-13 02:00:00,2.82e-06,2.83e-06,2.83e-06,2.83e-06,17307423032
1781319600,2026-06-13 03:00:00,2.8e-06,2.83e-06,2.83e-06,2.81e-06,11489431222
1781323200,2026-06-13 04:00:00,2.8e-06,2.82e-06,2.81e-06,2.8e-06,3653203639
1781326800,2026-06-13 05:00:00,2.79e-06,2.81e-06,2.81e-06,2.8e-06,9078511977
1781330400,2026-06-13 06:00:00,2.79e-06,2.82e-06,2.79e-06,2.82e-06,10032850906
1781334000,2026-06-13 07:00:00,2.8e-06,2.84e-06,2.81e-06,2.83e-06,35496959551
1781337600,2026-06-13 08:00:00,2.82e-06,2.84e-06,2.83e-06,2.83e-06,17388482365
1781341200,2026-06-13 09:00:00,2.82e-06,2.84e-06,2.83e-06,2.84e-06,7417457538
1781344800,2026-06-13 10:00:00,2.83e-06,2.84e-06,2.84e-06,2.83e-06,13184964333
1781348400,2026-06-13 11:00:00,2.82e-06,2.86e-06,2.83e-06,2.86e-06,9265420778
1781352000,2026-06-13 12:00:00,2.85e-06,2.86e-06,2.85e-06,2.85e-06,21257766829
1781355600,2026-06-13 13:00:00,2.84e-06,2.86e-06,2.85e-06,2.85e-06,21789118799
1781359200,2026-06-13 14:00:00,2.85e-06,2.86e-06,2.85e-06,2.86e-06,15636233556
1781362800,2026-06-13 15:00:00,2.86e-06,2.88e-06,2.86e-06,2.86e-06,37196018582
1781366400,2026-06-13 16:00:00,2.84e-06,2.86e-06,2.86e-06,2.85e-06,27138555852
1781370000,2026-06-13 17:00:00,2.84e-06,2.86e-06,2.85e-06,2.84e-06,21750067440
1781373600,2026-06-13 18:00:00,2.84e-06,2.86e-06,2.84e-06,2.85e-06,11073343388
1781377200,2026-06-13 19:00:00,2.84e-06,2.86e-06,2.85e-06,2.84e-06,23487568829
1781380800,2026-06-13 20:00:00,2.83e-06,2.85e-06,2.84e-06,2.84e-06,6321986938
1781384400,2026-06-13 21:00:00,2.84e-06,2.88e-06,2.85e-06,2.86e-06,19409649951
1781388000,2026-06-13 22:00:00,2.85e-06,2.87e-06,2.86e-06,2.85e-06,24190826548
1781391600,2026-06-13 23:00:00,2.84e-06,2.86e-06,2.85e-06,2.85e-06,16433420472
1781395200,2026-06-14 00:00:00,2.84e-06,2.86e-06,2.85e-06,2.84e-06,26371104266
1781398800,2026-06-14 01:00:00,2.84e-06,2.86e-06,2.84e-06,2.84e-06,13816955877
1781402400,2026-06-14 02:00:00,2.84e-06,2.85e-06,2.84e-06,2.85e-06,5945957427
1781406000,2026-06-14 03:00:00,2.84e-06,2.85e-06,2.84e-06,2.85e-06,11347978871
1781409600,2026-06-14 04:00:00,2.83e-06,2.86e-06,2.85e-06,2.83e-06,39669283404
1781413200,2026-06-14 05:00:00,2.82e-06,2.84e-06,2.83e-06,2.83e-06,35335564550
1781416800,2026-06-14 06:00:00,2.82e-06,2.84e-06,2.83e-06,2.82e-06,18993409962
1781420400,2026-06-14 07:00:00,2.81e-06,2.83e-06,2.82e-06,2.82e-06,16965508503
1781424000,2026-06-14 08:00:00,2.81e-06,2.83e-06,2.82e-06,2.81e-06,7727687972
1781427600,2026-06-14 09:00:00,2.8e-06,2.84e-06,2.8e-06,2.84e-06,11908516393
1781431200,2026-06-14 10:00:00,2.82e-06,2.84e-06,2.84e-06,2.82e-06,9334207240
1781434800,2026-06-14 11:00:00,2.82e-06,2.83e-06,2.83e-06,2.82e-06,3178785938
1781438400,2026-06-14 12:00:00,2.8e-06,2.82e-06,2.82e-06,2.81e-06,13640617337
1781442000,2026-06-14 13:00:00,2.79e-06,2.81e-06,2.81e-06,2.81e-06,15740392406
1781445600,2026-06-14 14:00:00,2.77e-06,2.81e-06,2.81e-06,2.78e-06,26968792625
1781449200,2026-06-14 15:00:00,2.78e-06,2.79e-06,2.79e-06,2.78e-06,1279324147
1781452800,2026-06-14 16:00:00,2.78e-06,2.8e-06,2.78e-06,2.78e-06,9534484971
1781456400,2026-06-14 17:00:00,2.77e-06,2.79e-06,2.78e-06,2.77e-06,11175718682
1781460000,2026-06-14 18:00:00,2.76e-06,2.78e-06,2.78e-06,2.77e-06,2692061519
1781463600,2026-06-14 19:00:00,2.77e-06,2.79e-06,2.77e-06,2.77e-06,10106964823
1781467200,2026-06-14 20:00:00,2.77e-06,2.8e-06,2.77e-06,2.79e-06,8202961401
1781470800,2026-06-14 21:00:00,2.79e-06,2.92e-06,2.79e-06,2.9e-06,87396122723
1781474400,2026-06-14 22:00:00,2.86e-06,2.9e-06,2.89e-06,2.89e-06,88136462354
1781478000,2026-06-14 23:00:00,2.87e-06,2.92e-06,2.88e-06,2.92e-06,66152029732
1781481600,2026-06-15 00:00:00,2.89e-06,2.94e-06,2.92e-06,2.9e-06,73688158667
1781485200,2026-06-15 01:00:00,2.88e-06,2.91e-06,2.9e-06,2.89e-06,48644645391
1781488800,2026-06-15 02:00:00,2.89e-06,2.92e-06,2.89e-06,2.9e-06,33417670202
1781492400,2026-06-15 03:00:00,2.9e-06,2.92e-06,2.9e-06,2.91e-06,42508000378
1781496000,2026-06-15 04:00:00,2.9e-06,2.92e-06,2.91e-06,2.9e-06,15379662537
1781499600,2026-06-15 05:00:00,2.9e-06,2.94e-06,2.9e-06,2.92e-06,31388289539
1781503200,2026-06-15 06:00:00,2.91e-06,2.93e-06,2.92e-06,2.92e-06,20347276413
1781506800,2026-06-15 07:00:00,2.9e-06,2.93e-06,2.91e-06,2.9e-06,25757536679
1781510400,2026-06-15 08:00:00,2.9e-06,2.91e-06,2.9e-06,2.91e-06,26197531320
1781514000,2026-06-15 09:00:00,2.89e-06,2.91e-06,2.9e-06,2.91e-06,15803309837
1781517600,2026-06-15 10:00:00,2.91e-06,2.95e-06,2.91e-06,2.93e-06,43431891765
1781521200,2026-06-15 11:00:00,2.93e-06,3e-06,2.93e-06,2.98e-06,78547388191
1781524800,2026-06-15 12:00:00,2.96e-06,3e-06,2.98e-06,2.99e-06,31999449402
1781528400,2026-06-15 13:00:00,2.98e-06,3.02e-06,2.98e-06,2.99e-06,74771987526
1781532000,2026-06-15 14:00:00,2.99e-06,3.03e-06,3e-06,3.01e-06,100659938002
1781535600,2026-06-15 15:00:00,2.98e-06,3.05e-06,3.01e-06,3.04e-06,77556213769
1781539200,2026-06-15 16:00:00,3.03e-06,3.07e-06,3.04e-06,3.06e-06,87927025458
1781542800,2026-06-15 17:00:00,3.03e-06,3.14e-06,3.06e-06,3.11e-06,122086540913
1781546400,2026-06-15 18:00:00,3.02e-06,3.1e-06,3.1e-06,3.02e-06,104938473761
1781550000,2026-06-15 19:00:00,2.97e-06,3.04e-06,3.03e-06,2.98e-06,69042117600
1781553600,2026-06-15 20:00:00,2.97e-06,2.99e-06,2.98e-06,2.97e-06,68800614456
1781557200,2026-06-15 21:00:00,2.96e-06,2.98e-06,2.97e-06,2.97e-06,22290835292
1781560800,2026-06-15 22:00:00,2.92e-06,2.98e-06,2.97e-06,2.92e-06,34284924069
1781564400,2026-06-15 23:00:00,2.92e-06,2.95e-06,2.93e-06,2.95e-06,24769595620
1781568000,2026-06-16 00:00:00,2.94e-06,2.96e-06,2.95e-06,2.95e-06,24887116533
1781571600,2026-06-16 01:00:00,2.94e-06,2.96e-06,2.95e-06,2.94e-06,15522677846
1781575200,2026-06-16 02:00:00,2.9e-06,2.95e-06,2.94e-06,2.92e-06,44400796788
1781578800,2026-06-16 03:00:00,2.92e-06,2.96e-06,2.92e-06,2.96e-06,17103859121
1781582400,2026-06-16 04:00:00,2.92e-06,2.95e-06,2.95e-06,2.93e-06,4126871197
1781586000,2026-06-16 05:00:00,2.93e-06,2.95e-06,2.94e-06,2.94e-06,1339310148
1781589600,2026-06-16 06:00:00,2.94e-06,2.96e-06,2.95e-06,2.96e-06,2809721202
1781593200,2026-06-16 07:00:00,2.95e-06,2.97e-06,2.95e-06,2.97e-06,9327404828
1781596800,2026-06-16 08:00:00,2.96e-06,3.01e-06,2.96e-06,3e-06,9242320318
1781600400,2026-06-16 09:00:00,2.98e-06,3e-06,3e-06,2.99e-06,9031473644
1781604000,2026-06-16 10:00:00,2.97e-06,2.99e-06,2.98e-06,2.97e-06,3310535302
1781607600,2026-06-16 11:00:00,2.96e-06,2.97e-06,2.97e-06,2.96e-06,4881989023
1781611200,2026-06-16 12:00:00,2.96e-06,3.01e-06,2.96e-06,2.99e-06,9050003233
1781614800,2026-06-16 13:00:00,2.94e-06,3e-06,2.99e-06,2.95e-06,39316893619
1781618400,2026-06-16 14:00:00,2.89e-06,2.95e-06,2.95e-06,2.91e-06,58033281369
1781622000,2026-06-16 15:00:00,2.91e-06,2.94e-06,2.91e-06,2.93e-06,32186180663
1781625600,2026-06-16 16:00:00,2.91e-06,2.94e-06,2.93e-06,2.92e-06,12270094875
1781629200,2026-06-16 17:00:00,2.92e-06,2.97e-06,2.93e-06,2.97e-06,12183155762
1781632800,2026-06-16 18:00:00,2.96e-06,2.99e-06,2.97e-06,2.97e-06,24056979240
1781636400,2026-06-16 19:00:00,2.94e-06,2.97e-06,2.96e-06,2.95e-06,13966621365
1781640000,2026-06-16 20:00:00,2.94e-06,2.98e-06,2.94e-06,2.97e-06,25462674855
1781643600,2026-06-16 21:00:00,2.96e-06,2.97e-06,2.97e-06,2.96e-06,1716905260
1781647200,2026-06-16 22:00:00,2.95e-06,2.98e-06,2.96e-06,2.97e-06,7145787910
1781650800,2026-06-16 23:00:00,2.94e-06,2.97e-06,2.96e-06,2.95e-06,8809864854
1781654400,2026-06-17 00:00:00,2.95e-06,2.97e-06,2.95e-06,2.96e-06,8969085806
1781658000,2026-06-17 01:00:00,2.95e-06,2.99e-06,2.96e-06,2.99e-06,10031480937
1781661600,2026-06-17 02:00:00,2.98e-06,3.01e-06,2.99e-06,3.01e-06,20381464178
1781665200,2026-06-17 03:00:00,2.97e-06,3.01e-06,3.01e-06,2.98e-06,33364571977
1781668800,2026-06-17 04:00:00,2.97e-06,2.99e-06,2.98e-06,2.98e-06,11474793570
1781672400,2026-06-17 05:00:00,2.97e-06,2.99e-06,2.98e-06,2.98e-06,29620957844
1781676000,2026-06-17 06:00:00,2.96e-06,2.99e-06,2.98e-06,2.96e-06,8577172861
1781679600,2026-06-17 07:00:00,2.95e-06,2.98e-06,2.96e-06,2.96e-06,18587329592
1781683200,2026-06-17 08:00:00,2.92e-06,2.96e-06,2.96e-06,2.93e-06,43118340125
1781686800,2026-06-17 09:00:00,2.93e-06,2.95e-06,2.93e-06,2.94e-06,4391969180
1781690400,2026-06-17 10:00:00,2.93e-06,2.94e-06,2.94e-06,2.93e-06,2017054628
1781694000,2026-06-17 11:00:00,2.91e-06,2.94e-06,2.92e-06,2.92e-06,15159292224
1781697600,2026-06-17 12:00:00,2.92e-06,2.95e-06,2.92e-06,2.95e-06,11544430455
1781701200,2026-06-17 13:00:00,2.94e-06,2.96e-06,2.95e-06,2.95e-06,11370851847
1781704800,2026-06-17 14:00:00,2.93e-06,2.97e-06,2.95e-06,2.95e-06,28859319303
1781708400,2026-06-17 15:00:00,2.95e-06,3.02e-06,2.96e-06,3.01e-06,28074947684
1781712000,2026-06-17 16:00:00,2.99e-06,3.03e-06,3.01e-06,2.99e-06,81871116595
1781715600,2026-06-17 17:00:00,2.98e-06,3.01e-06,2.99e-06,3.01e-06,68682435116
1781719200,2026-06-17 18:00:00,2.93e-06,3.01e-06,3.01e-06,2.97e-06,55553618692
1781722800,2026-06-17 19:00:00,2.88e-06,2.98e-06,2.97e-06,2.9e-06,63002450135
1781726400,2026-06-17 20:00:00,2.89e-06,2.94e-06,2.9e-06,2.94e-06,18230845820
1781730000,2026-06-17 21:00:00,2.9e-06,2.94e-06,2.93e-06,2.91e-06,31040086718
1781733600,2026-06-17 22:00:00,2.88e-06,2.95e-06,2.9e-06,2.93e-06,30758828288
1781737200,2026-06-17 23:00:00,2.93e-06,2.95e-06,2.94e-06,2.94e-06,23669266672
1781740800,2026-06-18 00:00:00,2.93e-06,2.96e-06,2.95e-06,2.93e-06,31004718054
1781744400,2026-06-18 01:00:00,2.93e-06,2.96e-06,2.94e-06,2.93e-06,25747980599
1781748000,2026-06-18 02:00:00,2.93e-06,2.95e-06,2.94e-06,2.93e-06,12570807929
1781751600,2026-06-18 03:00:00,2.9e-06,2.94e-06,2.93e-06,2.9e-06,6486589702
1781755200,2026-06-18 04:00:00,2.86e-06,2.9e-06,2.9e-06,2.86e-06,16742045583
1781758800,2026-06-18 05:00:00,2.84e-06,2.87e-06,2.86e-06,2.87e-06,3661334958
1781762400,2026-06-18 06:00:00,2.86e-06,2.88e-06,2.87e-06,2.88e-06,6173539195
1781766000,2026-06-18 07:00:00,2.88e-06,2.9e-06,2.88e-06,2.89e-06,2822875262
1781769600,2026-06-18 08:00:00,2.88e-06,2.91e-06,2.88e-06,2.9e-06,3670292941
1781773200,2026-06-18 09:00:00,2.9e-06,2.92e-06,2.9e-06,2.9e-06,6264378039
1781776800,2026-06-18 10:00:00,2.88e-06,2.9e-06,2.9e-06,2.89e-06,7400596623
1781780400,2026-06-18 11:00:00,2.87e-06,2.89e-06,2.89e-06,2.87e-06,15942906994
1781784000,2026-06-18 12:00:00,2.86e-06,2.9e-06,2.87e-06,2.9e-06,11283813796
1781787600,2026-06-18 13:00:00,2.86e-06,2.9e-06,2.89e-06,2.87e-06,14789400267
1781791200,2026-06-18 14:00:00,2.87e-06,2.9e-06,2.87e-06,2.88e-06,20033678322
1781794800,2026-06-18 15:00:00,2.77e-06,2.88e-06,2.88e-06,2.77e-06,73081647108
1781798400,2026-06-18 16:00:00,2.78e-06,2.8e-06,2.78e-06,2.8e-06,37068631254
1781802000,2026-06-18 17:00:00,2.77e-06,2.8e-06,2.79e-06,2.79e-06,11245670344
1781805600,2026-06-18 18:00:00,2.78e-06,2.81e-06,2.78e-06,2.8e-06,7726983019
1781809200,2026-06-18 19:00:00,2.79e-06,2.83e-06,2.8e-06,2.83e-06,8163675626
1781812800,2026-06-18 20:00:00,2.84e-06,2.85e-06,2.84e-06,2.84e-06,8434606466
1781816400,2026-06-18 21:00:00,2.82e-06,2.85e-06,2.84e-06,2.84e-06,9276771516
1781820000,2026-06-18 22:00:00,2.83e-06,2.84e-06,2.83e-06,2.84e-06,6323992879
1781823600,2026-06-18 23:00:00,2.82e-06,2.84e-06,2.83e-06,2.84e-06,21689889260
1781827200,2026-06-19 00:00:00,2.84e-06,2.86e-06,2.84e-06,2.85e-06,10481208589
1781830800,2026-06-19 01:00:00,2.84e-06,2.87e-06,2.86e-06,2.85e-06,19367229457
1781834400,2026-06-19 02:00:00,2.83e-06,2.86e-06,2.86e-06,2.85e-06,7980148041
1781838000,2026-06-19 03:00:00,2.8e-06,2.85e-06,2.85e-06,2.81e-06,28925882504
1781841600,2026-06-19 04:00:00,2.78e-06,2.82e-06,2.81e-06,2.79e-06,5555385889
1781845200,2026-06-19 05:00:00,2.78e-06,2.8e-06,2.79e-06,2.8e-06,8473494237
1781848800,2026-06-19 06:00:00,2.79e-06,2.81e-06,2.8e-06,2.81e-06,3927253672
1781852400,2026-06-19 07:00:00,2.77e-06,2.8e-06,2.8e-06,2.78e-06,11871327059
1781856000,2026-06-19 08:00:00,2.78e-06,2.8e-06,2.78e-06,2.79e-06,13779940690
1781859600,2026-06-19 09:00:00,2.77e-06,2.79e-06,2.79e-06,2.79e-06,31085041293
1781863200,2026-06-19 10:00:00,2.78e-06,2.8e-06,2.78e-06,2.79e-06,12344009770
1781866800,2026-06-19 11:00:00,2.78e-06,2.8e-06,2.79e-06,2.79e-06,6138944803
1781870400,2026-06-19 12:00:00,2.77e-06,2.81e-06,2.79e-06,2.81e-06,16299429501
1781874000,2026-06-19 13:00:00,2.8e-06,2.84e-06,2.81e-06,2.83e-06,24637750327
1781877600,2026-06-19 14:00:00,2.82e-06,2.84e-06,2.83e-06,2.82e-06,27560074294
1781881200,2026-06-19 15:00:00,2.81e-06,2.84e-06,2.82e-06,2.82e-06,10202536658
1781884800,2026-06-19 16:00:00,2.8e-06,2.84e-06,2.83e-06,2.8e-06,29539823204
1781888400,2026-06-19 17:00:00,2.8e-06,2.83e-06,2.8e-06,2.83e-06,8625827481
1781892000,2026-06-19 18:00:00,2.8e-06,2.83e-06,2.83e-06,2.81e-06,2206734229
1781895600,2026-06-19 19:00:00,2.8e-06,2.82e-06,2.81e-06,2.81e-06,4016718852
1781899200,2026-06-19 20:00:00,2.8e-06,2.83e-06,2.8e-06,2.82e-06,11014535955
1781902800,2026-06-19 21:00:00,2.8e-06,2.83e-06,2.82e-06,2.81e-06,3302861333
1781906400,2026-06-19 22:00:00,2.8e-06,2.82e-06,2.8e-06,2.81e-06,2843341603
1781910000,2026-06-19 23:00:00,2.81e-06,2.83e-06,2.81e-06,2.83e-06,12004004426
1781913600,2026-06-20 00:00:00,2.82e-06,2.84e-06,2.83e-06,2.83e-06,8101679340
1781917200,2026-06-20 01:00:00,2.82e-06,2.83e-06,2.82e-06,2.82e-06,3068271591
1781920800,2026-06-20 02:00:00,2.81e-06,2.82e-06,2.82e-06,2.81e-06,11122053768
1781924400,2026-06-20 03:00:00,2.81e-06,2.83e-06,2.81e-06,2.82e-06,4217999881
1781928000,2026-06-20 04:00:00,2.82e-06,2.84e-06,2.83e-06,2.84e-06,6471291886
1781931600,2026-06-20 05:00:00,2.84e-06,2.86e-06,2.84e-06,2.85e-06,7634201032
1781935200,2026-06-20 06:00:00,2.85e-06,2.86e-06,2.85e-06,2.85e-06,2895740556
1781938800,2026-06-20 07:00:00,2.83e-06,2.86e-06,2.85e-06,2.83e-06,2541318875
1781942400,2026-06-20 08:00:00,2.83e-06,2.85e-06,2.84e-06,2.84e-06,1086921835
1781946000,2026-06-20 09:00:00,2.84e-06,2.85e-06,2.84e-06,2.84e-06,3572228640
1781949600,2026-06-20 10:00:00,2.83e-06,2.84e-06,2.84e-06,2.84e-06,3804383619
1781953200,2026-06-20 11:00:00,2.83e-06,2.84e-06,2.84e-06,2.83e-06,1561483127
1781956800,2026-06-20 12:00:00,2.82e-06,2.84e-06,2.83e-06,2.82e-06,4434885124
1781960400,2026-06-20 13:00:00,2.8e-06,2.83e-06,2.82e-06,2.81e-06,4730749227
1781964000,2026-06-20 14:00:00,2.79e-06,2.85e-06,2.81e-06,2.83e-06,32198833477
1781967600,2026-06-20 15:00:00,2.82e-06,2.85e-06,2.83e-06,2.83e-06,43671708042
1781971200,2026-06-20 16:00:00,2.81e-06,2.84e-06,2.83e-06,2.82e-06,5088916852
1781974800,2026-06-20 17:00:00,2.79e-06,2.83e-06,2.82e-06,2.82e-06,10035612319
1781978400,2026-06-20 18:00:00,2.81e-06,2.82e-06,2.81e-06,2.81e-06,4579282761
1781982000,2026-06-20 19:00:00,2.81e-06,2.82e-06,2.81e-06,2.81e-06,2681992051
1781985600,2026-06-20 20:00:00,2.81e-06,2.82e-06,2.81e-06,2.81e-06,5920020405
1781989200,2026-06-20 21:00:00,2.81e-06,2.83e-06,2.81e-06,2.82e-06,6522697744
1781992800,2026-06-20 22:00:00,2.82e-06,2.85e-06,2.82e-06,2.84e-06,8394611279
1781996400,2026-06-20 23:00:00,2.83e-06,2.85e-06,2.84e-06,2.83e-06,5133591533
1782000000,2026-06-21 00:00:00,2.83e-06,2.84e-06,2.83e-06,2.83e-06,5225320515
1782003600,2026-06-21 01:00:00,2.83e-06,2.84e-06,2.83e-06,2.84e-06,6355374594
1782007200,2026-06-21 02:00:00,2.83e-06,2.84e-06,2.84e-06,2.83e-06,4213532347
1782010800,2026-06-21 03:00:00,2.83e-06,2.85e-06,2.84e-06,2.83e-06,6909735631
1782014400,2026-06-21 04:00:00,2.81e-06,2.84e-06,2.83e-06,2.81e-06,11421351297
1782018000,2026-06-21 05:00:00,2.81e-06,2.82e-06,2.82e-06,2.81e-06,1219772362
1782021600,2026-06-21 06:00:00,2.81e-06,2.82e-06,2.81e-06,2.82e-06,3122165438
1782025200,2026-06-21 07:00:00,2.82e-06,2.84e-06,2.82e-06,2.82e-06,9365052937
1782028800,2026-06-21 08:00:00,2.82e-06,2.83e-06,2.82e-06,2.83e-06,1495968619
1782032400,2026-06-21 09:00:00,2.82e-06,2.85e-06,2.82e-06,2.84e-06,5888697050
1782036000,2026-06-21 10:00:00,2.83e-06,2.85e-06,2.84e-06,2.83e-06,2456653214
1782039600,2026-06-21 11:00:00,2.81e-06,2.83e-06,2.83e-06,2.81e-06,5816425020
1782043200,2026-06-21 12:00:00,2.81e-06,2.83e-06,2.81e-06,2.83e-06,3871687602
1782046800,2026-06-21 13:00:00,2.83e-06,2.85e-06,2.83e-06,2.84e-06,3002520570
1782050400,2026-06-21 14:00:00,2.82e-06,2.84e-06,2.84e-06,2.84e-06,9449432128
1782054000,2026-06-21 15:00:00,2.83e-06,2.85e-06,2.84e-06,2.84e-06,12020761685
1782057600,2026-06-21 16:00:00,2.82e-06,2.85e-06,2.83e-06,2.84e-06,10339583531
1782061200,2026-06-21 17:00:00,2.83e-06,2.84e-06,2.84e-06,2.83e-06,11963687300
1782064800,2026-06-21 18:00:00,2.82e-06,2.84e-06,2.83e-06,2.84e-06,11066831408
1782068400,2026-06-21 19:00:00,2.83e-06,2.85e-06,2.84e-06,2.84e-06,4020553679
1782072000,2026-06-21 20:00:00,2.81e-06,2.84e-06,2.84e-06,2.81e-06,12227962589
1782075600,2026-06-21 21:00:00,2.78e-06,2.81e-06,2.81e-06,2.8e-06,29508490065
1782079200,2026-06-21 22:00:00,2.8e-06,2.81e-06,2.81e-06,2.8e-06,6481426861
1782082800,2026-06-21 23:00:00,2.78e-06,2.8e-06,2.79e-06,2.79e-06,26447322541
1782086400,2026-06-22 00:00:00,2.79e-06,2.83e-06,2.79e-06,2.83e-06,12751686227
1782090000,2026-06-22 01:00:00,2.82e-06,2.87e-06,2.83e-06,2.85e-06,12135111281
1782093600,2026-06-22 02:00:00,2.82e-06,2.85e-06,2.85e-06,2.83e-06,6192898928
1782097200,2026-06-22 03:00:00,2.82e-06,2.84e-06,2.82e-06,2.82e-06,7510195762
1782100800,2026-06-22 04:00:00,2.81e-06,2.83e-06,2.81e-06,2.82e-06,4767272750
1782104400,2026-06-22 05:00:00,2.82e-06,2.83e-06,2.83e-06,2.83e-06,2799426127
1782108000,2026-06-22 06:00:00,2.82e-06,2.83e-06,2.82e-06,2.82e-06,6088305367
1782111600,2026-06-22 07:00:00,2.82e-06,2.85e-06,2.82e-06,2.84e-06,10517262730
1782115200,2026-06-22 08:00:00,2.83e-06,2.85e-06,2.84e-06,2.84e-06,8199172699
1782118800,2026-06-22 09:00:00,2.82e-06,2.85e-06,2.84e-06,2.84e-06,16541772898
1782122400,2026-06-22 10:00:00,2.83e-06,2.84e-06,2.84e-06,2.83e-06,3629189275
1782126000,2026-06-22 11:00:00,2.84e-06,2.88e-06,2.84e-06,2.87e-06,29202075109
1782129600,2026-06-22 12:00:00,2.87e-06,2.9e-06,2.87e-06,2.89e-06,11306176888
1782133200,2026-06-22 13:00:00,2.88e-06,2.9e-06,2.89e-06,2.9e-06,7540544921
1782136800,2026-06-22 14:00:00,2.86e-06,2.9e-06,2.9e-06,2.87e-06,33878630530
1782140400,2026-06-22 15:00:00,2.84e-06,2.87e-06,2.87e-06,2.84e-06,22407508941
1782144000,2026-06-22 16:00:00,2.83e-06,2.85e-06,2.83e-06,2.85e-06,8988992579
1782147600,2026-06-22 17:00:00,2.82e-06,2.85e-06,2.85e-06,2.84e-06,6675635668
1782151200,2026-06-22 18:00:00,2.81e-06,2.85e-06,2.84e-06,2.82e-06,23897868948
1782154800,2026-06-22 19:00:00,2.81e-06,2.83e-06,2.81e-06,2.81e-06,10088497767
1782158400,2026-06-22 20:00:00,2.81e-06,2.83e-06,2.82e-06,2.82e-06,4875800177
1782162000,2026-06-22 21:00:00,2.8e-06,2.82e-06,2.82e-06,2.81e-06,8760233663
1782165600,2026-06-22 22:00:00,2.78e-06,2.81e-06,2.81e-06,2.79e-06,19385761909
1782169200,2026-06-22 23:00:00,2.79e-06,2.81e-06,2.79e-06,2.8e-06,28034524220
1782172800,2026-06-23 00:00:00,2.79e-06,2.82e-06,2.8e-06,2.82e-06,18735423005
1782176400,2026-06-23 01:00:00,2.79e-06,2.82e-06,2.82e-06,2.81e-06,5874584678
1782180000,2026-06-23 02:00:00,2.8e-06,2.81e-06,2.81e-06,2.81e-06,4810965917
1782183600,2026-06-23 03:00:00,2.8e-06,2.81e-06,2.81e-06,2.81e-06,7837566199
1782187200,2026-06-23 04:00:00,2.78e-06,2.81e-06,2.81e-06,2.79e-06,21423949673
1782190800,2026-06-23 05:00:00,2.77e-06,2.8e-06,2.79e-06,2.78e-06,21065860166
1782194400,2026-06-23 06:00:00,2.71e-06,2.79e-06,2.78e-06,2.73e-06,28243010593
1782198000,2026-06-23 07:00:00,2.72e-06,2.74e-06,2.74e-06,2.72e-06,7995145327
1782201600,2026-06-23 08:00:00,2.67e-06,2.73e-06,2.73e-06,2.7e-06,32993924030
1782205200,2026-06-23 09:00:00,2.69e-06,2.7e-06,2.69e-06,2.7e-06,1706754350
1782208800,2026-06-23 10:00:00,2.69e-06,2.71e-06,2.7e-06,2.69e-06,23299838005
1782212400,2026-06-23 11:00:00,2.7e-06,2.73e-06,2.7e-06,2.72e-06,16902796249
1782216000,2026-06-23 12:00:00,2.72e-06,2.73e-06,2.72e-06,2.72e-06,21200950075
1782219600,2026-06-23 13:00:00,2.7e-06,2.74e-06,2.72e-06,2.74e-06,47777370566
1782223200,2026-06-23 14:00:00,2.71e-06,2.75e-06,2.74e-06,2.71e-06,26003195894
1782226800,2026-06-23 15:00:00,2.69e-06,2.72e-06,2.71e-06,2.71e-06,10515581955
1782230400,2026-06-23 16:00:00,2.69e-06,2.73e-06,2.72e-06,2.69e-06,21536412093
1782234000,2026-06-23 17:00:00,2.68e-06,2.7e-06,2.69e-06,2.68e-06,9588599873
1782237600,2026-06-23 18:00:00,2.67e-06,2.69e-06,2.69e-06,2.68e-06,4003462546
1782241200,2026-06-23 19:00:00,2.67e-06,2.69e-06,2.68e-06,2.69e-06,9156007870
1782244800,2026-06-23 20:00:00,2.68e-06,2.7e-06,2.69e-06,2.68e-06,4229274638
1782248400,2026-06-23 21:00:00,2.68e-06,2.7e-06,2.69e-06,2.69e-06,4376207524
1782252000,2026-06-23 22:00:00,2.68e-06,2.7e-06,2.68e-06,2.69e-06,2523414474
1782255600,2026-06-23 23:00:00,2.68e-06,2.7e-06,2.69e-06,2.69e-06,4424120931
1782259200,2026-06-24 00:00:00,2.69e-06,2.71e-06,2.69e-06,2.7e-06,10612593085
1782262800,2026-06-24 01:00:00,2.69e-06,2.72e-06,2.7e-06,2.7e-06,24997596685
1782266400,2026-06-24 02:00:00,2.68e-06,2.7e-06,2.7e-06,2.69e-06,5704926463
1782270000,2026-06-24 03:00:00,2.67e-06,2.69e-06,2.68e-06,2.68e-06,20073606112
1782273600,2026-06-24 04:00:00,2.64e-06,2.68e-06,2.68e-06,2.68e-06,38505778871
1782277200,2026-06-24 05:00:00,2.67e-06,2.69e-06,2.68e-06,2.68e-06,10273360131
1782280800,2026-06-24 06:00:00,2.66e-06,2.68e-06,2.67e-06,2.67e-06,18787356301
1782284400,2026-06-24 07:00:00,2.66e-06,2.68e-06,2.67e-06,2.66e-06,13554969316
1782288000,2026-06-24 08:00:00,2.65e-06,2.67e-06,2.66e-06,2.66e-06,4948950305
1782291600,2026-06-24 09:00:00,2.64e-06,2.66e-06,2.66e-06,2.64e-06,2804792853
1782295200,2026-06-24 10:00:00,2.62e-06,2.64e-06,2.64e-06,2.63e-06,7688190201
1782298800,2026-06-24 11:00:00,2.61e-06,2.67e-06,2.62e-06,2.66e-06,36206562549
1782302400,2026-06-24 12:00:00,2.64e-06,2.66e-06,2.65e-06,2.64e-06,7824572359
1782306000,2026-06-24 13:00:00,2.58e-06,2.65e-06,2.64e-06,2.59e-06,60795352558
1782309600,2026-06-24 14:00:00,2.58e-06,2.61e-06,2.59e-06,2.59e-06,34999156185
1782313200,2026-06-24 15:00:00,2.51e-06,2.59e-06,2.59e-06,2.52e-06,106955170718
1782316800,2026-06-24 16:00:00,2.44e-06,2.54e-06,2.52e-06,2.47e-06,122029741712
1782320400,2026-06-24 17:00:00,2.42e-06,2.48e-06,2.48e-06,2.44e-06,106265835817
1782324000,2026-06-24 18:00:00,2.43e-06,2.49e-06,2.43e-06,2.47e-06,49721641768
1782327600,2026-06-24 19:00:00,2.46e-06,2.48e-06,2.47e-06,2.48e-06,24521316048
1782331200,2026-06-24 20:00:00,2.47e-06,2.54e-06,2.48e-06,2.53e-06,87962014654
1782334800,2026-06-24 21:00:00,2.5e-06,2.53e-06,2.53e-06,2.53e-06,27019978475
1782338400,2026-06-24 22:00:00,2.52e-06,2.54e-06,2.54e-06,2.52e-06,28326094579
1782342000,2026-06-24 23:00:00,2.52e-06,2.54e-06,2.52e-06,2.53e-06,8388421477
1782345600,2026-06-25 00:00:00,2.52e-06,2.55e-06,2.53e-06,2.53e-06,20000725215
1782349200,2026-06-25 01:00:00,2.52e-06,2.53e-06,2.53e-06,2.53e-06,15868281181
1782352800,2026-06-25 02:00:00,2.51e-06,2.53e-06,2.52e-06,2.51e-06,2723123102
1782356400,2026-06-25 03:00:00,2.5e-06,2.52e-06,2.52e-06,2.52e-06,1652290160
1782360000,2026-06-25 04:00:00,2.51e-06,2.54e-06,2.51e-06,2.54e-06,42221785829
1782363600,2026-06-25 05:00:00,2.53e-06,2.56e-06,2.53e-06,2.55e-06,14797946548
1782367200,2026-06-25 06:00:00,2.53e-06,2.55e-06,2.55e-06,2.53e-06,12814499211
1782370800,2026-06-25 07:00:00,2.52e-06,2.54e-06,2.54e-06,2.53e-06,4905622043
1782374400,2026-06-25 08:00:00,2.53e-06,2.54e-06,2.53e-06,2.53e-06,2251344571
1782378000,2026-06-25 09:00:00,2.52e-06,2.54e-06,2.53e-06,2.52e-06,5001159927
1782381600,2026-06-25 10:00:00,2.5e-06,2.53e-06,2.53e-06,2.5e-06,19507407171
1782385200,2026-06-25 11:00:00,2.49e-06,2.5e-06,2.5e-06,2.49e-06,2415842527
1782388800,2026-06-25 12:00:00,2.45e-06,2.5e-06,2.48e-06,2.48e-06,53446264871
1782392400,2026-06-25 13:00:00,2.31e-06,2.49e-06,2.48e-06,2.31e-06,146537696615
1782396000,2026-06-25 14:00:00,2.32e-06,2.42e-06,2.32e-06,2.37e-06,128225048164
1782399600,2026-06-25 15:00:00,2.33e-06,2.37e-06,2.36e-06,2.37e-06,68322027733
1782403200,2026-06-25 16:00:00,2.31e-06,2.39e-06,2.36e-06,2.31e-06,60456598248
1782406800,2026-06-25 17:00:00,2.31e-06,2.36e-06,2.31e-06,2.36e-06,12200860605
1782410400,2026-06-25 18:00:00,2.31e-06,2.35e-06,2.35e-06,2.32e-06,39167165526
1782414000,2026-06-25 19:00:00,2.3e-06,2.33e-06,2.32e-06,2.32e-06,114958080701
1782417600,2026-06-25 20:00:00,2.31e-06,2.35e-06,2.32e-06,2.32e-06,65499643310
1782421200,2026-06-25 21:00:00,2.31e-06,2.36e-06,2.31e-06,2.36e-06,43182067960
1782424800,2026-06-25 22:00:00,2.34e-06,2.36e-06,2.35e-06,2.35e-06,43274473111
1782428400,2026-06-25 23:00:00,2.34e-06,2.37e-06,2.35e-06,2.36e-06,41042670493
1782432000,2026-06-26 00:00:00,2.34e-06,2.36e-06,2.36e-06,2.34e-06,10210293253
1782435600,2026-06-26 01:00:00,2.32e-06,2.35e-06,2.34e-06,2.34e-06,8705051242
1782439200,2026-06-26 02:00:00,2.27e-06,2.34e-06,2.33e-06,2.28e-06,81039371431
1782442800,2026-06-26 03:00:00,2.27e-06,2.34e-06,2.28e-06,2.33e-06,76936951311
1782446400,2026-06-26 04:00:00,2.33e-06,2.35e-06,2.33e-06,2.33e-06,6232112024
1782450000,2026-06-26 05:00:00,2.32e-06,2.34e-06,2.33e-06,2.33e-06,12095711080
1782453600,2026-06-26 06:00:00,2.31e-06,2.37e-06,2.33e-06,2.37e-06,69564249572
1782457200,2026-06-26 07:00:00,2.36e-06,2.38e-06,2.36e-06,2.37e-06,19393872687
1782460800,2026-06-26 08:00:00,2.35e-06,2.37e-06,2.37e-06,2.35e-06,6550157118
1782464400,2026-06-26 09:00:00,2.34e-06,2.36e-06,2.34e-06,2.34e-06,8964663727
1782468000,2026-06-26 10:00:00,2.32e-06,2.34e-06,2.33e-06,2.33e-06,3731260298
1782471600,2026-06-26 11:00:00,2.3e-06,2.34e-06,2.33e-06,2.32e-06,11345459861
1782475200,2026-06-26 12:00:00,2.3e-06,2.34e-06,2.32e-06,2.31e-06,8426507869
1782478800,2026-06-26 13:00:00,2.3e-06,2.37e-06,2.31e-06,2.37e-06,29388906382
1782482400,2026-06-26 14:00:00,2.35e-06,2.38e-06,2.37e-06,2.35e-06,24781289129
1782486000,2026-06-26 15:00:00,2.34e-06,2.38e-06,2.34e-06,2.37e-06,28509221159
1782489600,2026-06-26 16:00:00,2.36e-06,2.4e-06,2.37e-06,2.39e-06,14580096929
1782493200,2026-06-26 17:00:00,2.39e-06,2.41e-06,2.39e-06,2.4e-06,12095657270
1782496800,2026-06-26 18:00:00,2.37e-06,2.4e-06,2.4e-06,2.38e-06,2505100348
1782500400,2026-06-26 19:00:00,2.38e-06,2.41e-06,2.38e-06,2.39e-06,6416602908
1782504000,2026-06-26 20:00:00,2.37e-06,2.41e-06,2.39e-06,2.37e-06,18130102274
1782507600,2026-06-26 21:00:00,2.37e-06,2.39e-06,2.38e-06,2.38e-06,816537806
1782511200,2026-06-26 22:00:00,2.37e-06,2.39e-06,2.38e-06,2.38e-06,3264503100
1782514800,2026-06-26 23:00:00,2.38e-06,2.39e-06,2.38e-06,2.38e-06,627333829
1782518400,2026-06-27 00:00:00,2.38e-06,2.39e-06,2.39e-06,2.39e-06,4693869250
1782522000,2026-06-27 01:00:00,2.38e-06,2.4e-06,2.38e-06,2.39e-06,5704660233
1782525600,2026-06-27 02:00:00,2.39e-06,2.43e-06,2.39e-06,2.42e-06,19365085229
1782529200,2026-06-27 03:00:00,2.41e-06,2.43e-06,2.42e-06,2.42e-06,8002653585
1782532800,2026-06-27 04:00:00,2.41e-06,2.43e-06,2.42e-06,2.41e-06,9586763525
1782536400,2026-06-27 05:00:00,2.4e-06,2.43e-06,2.42e-06,2.43e-06,26146389638
1782540000,2026-06-27 06:00:00,2.41e-06,2.43e-06,2.42e-06,2.42e-06,7161469587
1782543600,2026-06-27 07:00:00,2.42e-06,2.43e-06,2.42e-06,2.42e-06,3004377257
1782547200,2026-06-27 08:00:00,2.41e-06,2.43e-06,2.42e-06,2.41e-06,1779499615
1782550800,2026-06-27 09:00:00,2.4e-06,2.41e-06,2.41e-06,2.41e-06,2834224194
1782554400,2026-06-27 10:00:00,2.41e-06,2.42e-06,2.42e-06,2.41e-06,4650141591
1782558000,2026-06-27 11:00:00,2.39e-06,2.41e-06,2.41e-06,2.4e-06,4135257158
1782561600,2026-06-27 12:00:00,2.39e-06,2.42e-06,2.4e-06,2.41e-06,14109360777
1782565200,2026-06-27 13:00:00,2.41e-06,2.43e-06,2.41e-06,2.42e-06,2936049050
1782568800,2026-06-27 14:00:00,2.42e-06,2.44e-06,2.42e-06,2.44e-06,5742293554
1782572400,2026-06-27 15:00:00,2.43e-06,2.46e-06,2.44e-06,2.44e-06,15302080265
1782576000,2026-06-27 16:00:00,2.44e-06,2.45e-06,2.44e-06,2.44e-06,6076262989
1782579600,2026-06-27 17:00:00,2.41e-06,2.44e-06,2.44e-06,2.41e-06,9509518833
1782583200,2026-06-27 18:00:00,2.39e-06,2.41e-06,2.41e-06,2.41e-06,7401234139
1782586800,2026-06-27 19:00:00,2.37e-06,2.41e-06,2.4e-06,2.39e-06,6120744026
1782590400,2026-06-27 20:00:00,2.38e-06,2.4e-06,2.39e-06,2.39e-06,4770393996
1782594000,2026-06-27 21:00:00,2.35e-06,2.39e-06,2.39e-06,2.37e-06,53420266093
1782597600,2026-06-27 22:00:00,2.36e-06,2.38e-06,2.37e-06,2.38e-06,4834827494
1782601200,2026-06-27 23:00:00,2.37e-06,2.39e-06,2.39e-06,2.37e-06,3892515616
1782604800,2026-06-28 00:00:00,2.37e-06,2.38e-06,2.37e-06,2.37e-06,12457014391
1782608400,2026-06-28 01:00:00,2.36e-06,2.38e-06,2.37e-06,2.38e-06,6517623041
1782612000,2026-06-28 02:00:00,2.36e-06,2.39e-06,2.37e-06,2.37e-06,4987929063
1782615600,2026-06-28 03:00:00,2.37e-06,2.38e-06,2.37e-06,2.38e-06,1633242179
1782619200,2026-06-28 04:00:00,2.37e-06,2.38e-06,2.37e-06,2.38e-06,994734832
1782622800,2026-06-28 05:00:00,2.37e-06,2.38e-06,2.38e-06,2.37e-06,3876799938
1782626400,2026-06-28 06:00:00,2.35e-06,2.37e-06,2.37e-06,2.37e-06,4881284927
1782630000,2026-06-28 07:00:00,2.38e-06,2.39e-06,2.38e-06,2.38e-06,1061054510
1782633600,2026-06-28 08:00:00,2.37e-06,2.4e-06,2.37e-06,2.39e-06,1952848330
1782637200,2026-06-28 09:00:00,2.37e-06,2.4e-06,2.39e-06,2.37e-06,9124279139
1782640800,2026-06-28 10:00:00,2.37e-06,2.39e-06,2.38e-06,2.38e-06,6351298913
1782644400,2026-06-28 11:00:00,2.38e-06,2.4e-06,2.39e-06,2.4e-06,1834037147
1782648000,2026-06-28 12:00:00,2.38e-06,2.41e-06,2.39e-06,2.38e-06,8153154670
1782651600,2026-06-28 13:00:00,2.37e-06,2.39e-06,2.38e-06,2.38e-06,1704954637
1782655200,2026-06-28 14:00:00,2.38e-06,2.4e-06,2.38e-06,2.39e-06,5481919359
1782658800,2026-06-28 15:00:00,2.38e-06,2.4e-06,2.38e-06,2.39e-06,16306649919
1782662400,2026-06-28 16:00:00,2.37e-06,2.39e-06,2.39e-06,2.38e-06,18898786010
1782666000,2026-06-28 17:00:00,2.35e-06,2.38e-06,2.38e-06,2.37e-06,7056014452
1782669600,2026-06-28 18:00:00,2.36e-06,2.37e-06,2.36e-06,2.36e-06,15947139140
1782673200,2026-06-28 19:00:00,2.35e-06,2.37e-06,2.36e-06,2.36e-06,6863514685
1782676800,2026-06-28 20:00:00,2.36e-06,2.37e-06,2.36e-06,2.36e-06,1349871032
1782680400,2026-06-28 21:00:00,2.34e-06,2.37e-06,2.37e-06,2.36e-06,10211087385
1782684000,2026-06-28 22:00:00,2.32e-06,2.38e-06,2.36e-06,2.32e-06,20840777824
1782687600,2026-06-28 23:00:00,2.32e-06,2.36e-06,2.32e-06,2.35e-06,6975308551
1782691200,2026-06-29 00:00:00,2.32e-06,2.36e-06,2.34e-06,2.35e-06,21999728924
1782694800,2026-06-29 01:00:00,2.33e-06,2.36e-06,2.35e-06,2.35e-06,8615046964
1782698400,2026-06-29 02:00:00,2.32e-06,2.37e-06,2.35e-06,2.36e-06,11245887259
1782702000,2026-06-29 03:00:00,2.37e-06,2.39e-06,2.37e-06,2.37e-06,13511109528
1782705600,2026-06-29 04:00:00,2.34e-06,2.37e-06,2.36e-06,2.34e-06,9744843308
1782709200,2026-06-29 05:00:00,2.33e-06,2.36e-06,2.35e-06,2.36e-06,14362796649
1782712800,2026-06-29 06:00:00,2.35e-06,2.38e-06,2.37e-06,2.36e-06,6879332696
1782716400,2026-06-29 07:00:00,2.34e-06,2.36e-06,2.35e-06,2.34e-06,8713405507
1782720000,2026-06-29 08:00:00,2.32e-06,2.36e-06,2.35e-06,2.33e-06,4926803166
1782723600,2026-06-29 09:00:00,2.34e-06,2.36e-06,2.34e-06,2.36e-06,16883620288
1782727200,2026-06-29 10:00:00,2.35e-06,2.36e-06,2.36e-06,2.35e-06,1360906824
1782730800,2026-06-29 11:00:00,2.33e-06,2.35e-06,2.35e-06,2.34e-06,20948930626
1782734400,2026-06-29 12:00:00,2.33e-06,2.39e-06,2.33e-06,2.35e-06,17037004804
1782738000,2026-06-29 13:00:00,2.32e-06,2.37e-06,2.35e-06,2.33e-06,19513839256
1782741600,2026-06-29 14:00:00,2.31e-06,2.34e-06,2.33e-06,2.33e-06,13673773453
1782745200,2026-06-29 15:00:00,2.31e-06,2.35e-06,2.33e-06,2.35e-06,8310799679
1782748800,2026-06-29 16:00:00,2.33e-06,2.36e-06,2.35e-06,2.36e-06,8056492497
1782752400,2026-06-29 17:00:00,2.37e-06,2.41e-06,2.37e-06,2.4e-06,27354166646
1782756000,2026-06-29 18:00:00,2.39e-06,2.4e-06,2.4e-06,2.39e-06,8185932194
1782759600,2026-06-29 19:00:00,2.39e-06,2.41e-06,2.39e-06,2.39e-06,3849671845
1782763200,2026-06-29 20:00:00,2.38e-06,2.39e-06,2.39e-06,2.38e-06,8632895379
1782766800,2026-06-29 21:00:00,2.36e-06,2.4e-06,2.37e-06,2.39e-06,79542412612
1782770400,2026-06-29 22:00:00,2.36e-06,2.39e-06,2.39e-06,2.36e-06,36043787931
1782774000,2026-06-29 23:00:00,2.34e-06,2.35e-06,2.35e-06,2.35e-06,3680798125
1782777600,2026-06-30 00:00:00,2.32e-06,2.36e-06,2.35e-06,2.33e-06,21856600442
1782781200,2026-06-30 01:00:00,2.32e-06,2.34e-06,2.33e-06,2.33e-06,23584573238
1782784800,2026-06-30 02:00:00,2.32e-06,2.35e-06,2.33e-06,2.34e-06,10652662353
1782788400,2026-06-30 03:00:00,2.33e-06,2.36e-06,2.34e-06,2.33e-06,18880550640
1782792000,2026-06-30 04:00:00,2.33e-06,2.35e-06,2.33e-06,2.34e-06,10714962179
1782795600,2026-06-30 05:00:00,2.33e-06,2.35e-06,2.34e-06,2.35e-06,4403956121
1782799200,2026-06-30 06:00:00,2.34e-06,2.35e-06,2.35e-06,2.34e-06,10148749260
1782802800,2026-06-30 07:00:00,2.33e-06,2.34e-06,2.34e-06,2.34e-06,1219157581
1782806400,2026-06-30 08:00:00,2.32e-06,2.34e-06,2.33e-06,2.33e-06,6141575621
1782810000,2026-06-30 09:00:00,2.32e-06,2.34e-06,2.32e-06,2.34e-06,1173212342
1782813600,2026-06-30 10:00:00,2.33e-06,2.35e-06,2.33e-06,2.34e-06,2018767740
1782817200,2026-06-30 11:00:00,2.33e-06,2.35e-06,2.34e-06,2.33e-06,3093484509
1782820800,2026-06-30 12:00:00,2.29e-06,2.33e-06,2.32e-06,2.3e-06,13177831337
1782824400,2026-06-30 13:00:00,2.3e-06,2.33e-06,2.3e-06,2.33e-06,22360079613
1782828000,2026-06-30 14:00:00,2.31e-06,2.35e-06,2.33e-06,2.32e-06,17385828204
1782831600,2026-06-30 15:00:00,2.3e-06,2.33e-06,2.32e-06,2.31e-06,19742983746
1782835200,2026-06-30 16:00:00,2.3e-06,2.35e-06,2.3e-06,2.34e-06,27082337845
1782838800,2026-06-30 17:00:00,2.32e-06,2.36e-06,2.34e-06,2.32e-06,16445331023
1782842400,2026-06-30 18:00:00,2.32e-06,2.35e-06,2.32e-06,2.33e-06,19800823777
1782846000,2026-06-30 19:00:00,2.33e-06,2.34e-06,2.33e-06,2.33e-06,9650874446
1782849600,2026-06-30 20:00:00,2.32e-06,2.34e-06,2.33e-06,2.33e-06,2206746785
1782853200,2026-06-30 21:00:00,2.31e-06,2.33e-06,2.32e-06,2.33e-06,4970744494
1782856800,2026-06-30 22:00:00,2.32e-06,2.34e-06,2.33e-06,2.33e-06,7133000219
1782860400,2026-06-30 23:00:00,2.32e-06,2.34e-06,2.33e-06,2.33e-06,2274054491
1782864000,2026-07-01 00:00:00,2.31e-06,2.33e-06,2.32e-06,2.32e-06,8580431983
1782867600,2026-07-01 01:00:00,2.26e-06,2.32e-06,2.32e-06,2.31e-06,44566630625
1782871200,2026-07-01 02:00:00,2.31e-06,2.33e-06,2.31e-06,2.32e-06,15687666780
1782874800,2026-07-01 03:00:00,2.31e-06,2.34e-06,2.32e-06,2.33e-06,4490779555
1782878400,2026-07-01 04:00:00,2.33e-06,2.34e-06,2.33e-06,2.34e-06,9340630065
1782882000,2026-07-01 05:00:00,2.32e-06,2.34e-06,2.34e-06,2.33e-06,5808452142
1782885600,2026-07-01 06:00:00,2.24e-06,2.32e-06,2.32e-06,2.26e-06,73997039393
1782889200,2026-07-01 07:00:00,2.24e-06,2.28e-06,2.25e-06,2.27e-06,17392374716
1782892800,2026-07-01 08:00:00,2.25e-06,2.28e-06,2.27e-06,2.28e-06,15571390512
1782896400,2026-07-01 09:00:00,2.27e-06,2.29e-06,2.27e-06,2.28e-06,8769959057
1782900000,2026-07-01 10:00:00,2.26e-06,2.29e-06,2.28e-06,2.27e-06,7388719737
1782903600,2026-07-01 11:00:00,2.26e-06,2.28e-06,2.27e-06,2.26e-06,13226180001
1782907200,2026-07-01 12:00:00,2.24e-06,2.26e-06,2.26e-06,2.26e-06,11826351057
1782910800,2026-07-01 13:00:00,2.22e-06,2.29e-06,2.26e-06,2.29e-06,25412419372
1782914400,2026-07-01 14:00:00,2.28e-06,2.31e-06,2.29e-06,2.31e-06,35608463142
1782918000,2026-07-01 15:00:00,2.31e-06,2.37e-06,2.31e-06,2.36e-06,52054592568
1782921600,2026-07-01 16:00:00,2.33e-06,2.37e-06,2.36e-06,2.33e-06,24410793621
1782925200,2026-07-01 17:00:00,2.33e-06,2.36e-06,2.33e-06,2.35e-06,23315996085
1782928800,2026-07-01 18:00:00,2.32e-06,2.36e-06,2.36e-06,2.33e-06,6099897652
1782932400,2026-07-01 19:00:00,2.31e-06,2.34e-06,2.33e-06,2.31e-06,13810220620
1782936000,2026-07-01 20:00:00,2.3e-06,2.32e-06,2.31e-06,2.32e-06,10760297527
1782939600,2026-07-01 21:00:00,2.32e-06,2.39e-06,2.32e-06,2.38e-06,25572070717
1782943200,2026-07-01 22:00:00,2.34e-06,2.39e-06,2.38e-06,2.34e-06,26790972784
1782946800,2026-07-01 23:00:00,2.31e-06,2.34e-06,2.34e-06,2.31e-06,19496672374
1782950400,2026-07-02 00:00:00,2.3e-06,2.32e-06,2.32e-06,2.31e-06,14893196717
1782954000,2026-07-02 01:00:00,2.32e-06,2.35e-06,2.32e-06,2.33e-06,5591875360
1782957600,2026-07-02 02:00:00,2.33e-06,2.35e-06,2.33e-06,2.35e-06,12627525376
1782961200,2026-07-02 03:00:00,2.34e-06,2.39e-06,2.35e-06,2.39e-06,22222430158
1782964800,2026-07-02 04:00:00,2.37e-06,2.39e-06,2.39e-06,2.37e-06,17249284582
1782968400,2026-07-02 05:00:00,2.36e-06,2.39e-06,2.38e-06,2.36e-06,5140038231
1782972000,2026-07-02 06:00:00,2.35e-06,2.38e-06,2.36e-06,2.36e-06,8010321646
1782975600,2026-07-02 07:00:00,2.35e-06,2.38e-06,2.36e-06,2.38e-06,16112440614
1782979200,2026-07-02 08:00:00,2.37e-06,2.39e-06,2.37e-06,2.39e-06,42203856245
1782982800,2026-07-02 09:00:00,2.38e-06,2.42e-06,2.38e-06,2.41e-06,11992030403
1782986400,2026-07-02 10:00:00,2.4e-06,2.43e-06,2.4e-06,2.43e-06,7398278558
1782990000,2026-07-02 11:00:00,2.42e-06,2.44e-06,2.42e-06,2.44e-06,4960141655
1782993600,2026-07-02 12:00:00,2.43e-06,2.45e-06,2.44e-06,2.43e-06,15705269961
1782997200,2026-07-02 13:00:00,2.42e-06,2.49e-06,2.43e-06,2.47e-06,44974654592
1783000800,2026-07-02 14:00:00,2.42e-06,2.49e-06,2.47e-06,2.43e-06,26322626103
1783004400,2026-07-02 15:00:00,2.43e-06,2.45e-06,2.44e-06,2.44e-06,10016895090
1783008000,2026-07-02 16:00:00,2.41e-06,2.45e-06,2.43e-06,2.44e-06,6292125575
1783011600,2026-07-02 17:00:00,2.42e-06,2.44e-06,2.43e-06,2.43e-06,9908265691
1783015200,2026-07-02 18:00:00,2.43e-06,2.44e-06,2.43e-06,2.43e-06,8410979757
1783018800,2026-07-02 19:00:00,2.42e-06,2.44e-06,2.43e-06,2.43e-06,14825674181
1783022400,2026-07-02 20:00:00,2.42e-06,2.44e-06,2.42e-06,2.44e-06,1604984506
1783026000,2026-07-02 21:00:00,2.42e-06,2.44e-06,2.43e-06,2.43e-06,3820550784
1783029600,2026-07-02 22:00:00,2.42e-06,2.44e-06,2.44e-06,2.43e-06,21786686151
1783033200,2026-07-02 23:00:00,2.43e-06,2.45e-06,2.43e-06,2.44e-06,3858299506
1783036800,2026-07-03 00:00:00,2.43e-06,2.45e-06,2.44e-06,2.43e-06,3494178684
1783040400,2026-07-03 01:00:00,2.43e-06,2.47e-06,2.44e-06,2.46e-06,11186125488
1783044000,2026-07-03 02:00:00,2.45e-06,2.47e-06,2.46e-06,2.47e-06,12137393382
1783047600,2026-07-03 03:00:00,2.45e-06,2.48e-06,2.47e-06,2.47e-06,4495081989
1783051200,2026-07-03 04:00:00,2.45e-06,2.46e-06,2.46e-06,2.46e-06,5606877849
1783054800,2026-07-03 05:00:00,2.45e-06,2.48e-06,2.46e-06,2.47e-06,2540313172
1783058400,2026-07-03 06:00:00,2.46e-06,2.48e-06,2.47e-06,2.48e-06,2299082547
1783062000,2026-07-03 07:00:00,2.46e-06,2.48e-06,2.48e-06,2.47e-06,942662116
1783065600,2026-07-03 08:00:00,2.47e-06,2.49e-06,2.48e-06,2.47e-06,29797764739
1783069200,2026-07-03 09:00:00,2.48e-06,2.5e-06,2.48e-06,2.49e-06,18874281032
1783072800,2026-07-03 10:00:00,2.48e-06,2.53e-06,2.49e-06,2.51e-06,12063349652
1783076400,2026-07-03 11:00:00,2.5e-06,2.58e-06,2.5e-06,2.55e-06,73306602572
1783080000,2026-07-03 12:00:00,2.52e-06,2.57e-06,2.55e-06,2.54e-06,25357909430
1783083600,2026-07-03 13:00:00,2.52e-06,2.56e-06,2.53e-06,2.55e-06,13860187017
1783087200,2026-07-03 14:00:00,2.52e-06,2.58e-06,2.54e-06,2.58e-06,4609161439
1783090800,2026-07-03 15:00:00,2.54e-06,2.6e-06,2.56e-06,2.56e-06,21131498089
1783094400,2026-07-03 16:00:00,2.53e-06,2.57e-06,2.55e-06,2.57e-06,5938505849
1783098000,2026-07-03 17:00:00,2.56e-06,2.59e-06,2.57e-06,2.58e-06,33488336868
1783101600,2026-07-03 18:00:00,2.56e-06,2.58e-06,2.57e-06,2.58e-06,3192295446
1783105200,2026-07-03 19:00:00,2.57e-06,2.61e-06,2.58e-06,2.6e-06,28639818489
1783108800,2026-07-03 20:00:00,2.6e-06,2.72e-06,2.61e-06,2.71e-06,103092185808
1783112400,2026-07-03 21:00:00,2.7e-06,2.83e-06,2.71e-06,2.81e-06,107690200594
1783116000,2026-07-03 22:00:00,2.71e-06,2.82e-06,2.81e-06,2.75e-06,79037159404
1783119600,2026-07-03 23:00:00,2.72e-06,2.78e-06,2.75e-06,2.77e-06,42923503956
1783123200,2026-07-04 00:00:00,2.76e-06,2.81e-06,2.77e-06,2.76e-06,39311316807
1783126800,2026-07-04 01:00:00,2.73e-06,2.79e-06,2.75e-06,2.77e-06,33245720176
1783130400,2026-07-04 02:00:00,2.76e-06,2.82e-06,2.77e-06,2.79e-06,30313099425
1783134000,2026-07-04 03:00:00,2.76e-06,2.84e-06,2.79e-06,2.82e-06,23697569446
1783137600,2026-07-04 04:00:00,2.79e-06,2.86e-06,2.82e-06,2.84e-06,17878648167
1783141200,2026-07-04 05:00:00,2.76e-06,2.84e-06,2.84e-06,2.78e-06,7046635821
1783144800,2026-07-04 06:00:00,2.73e-06,2.79e-06,2.78e-06,2.73e-06,5334004283
1783148400,2026-07-04 07:00:00,2.72e-06,2.75e-06,2.73e-06,2.73e-06,15867444091
1783152000,2026-07-04 08:00:00,2.7e-06,2.74e-06,2.74e-06,2.72e-06,16799725605
1783155600,2026-07-04 09:00:00,2.69e-06,2.73e-06,2.72e-06,2.69e-06,4619154474
1783159200,2026-07-04 10:00:00,2.68e-06,2.71e-06,2.69e-06,2.68e-06,13985543496
1783162800,2026-07-04 11:00:00,2.67e-06,2.71e-06,2.67e-06,2.71e-06,9979409857
1783166400,2026-07-04 12:00:00,2.71e-06,2.73e-06,2.71e-06,2.71e-06,8138644393
1783170000,2026-07-04 13:00:00,2.69e-06,2.72e-06,2.71e-06,2.7e-06,23125340120
1783173600,2026-07-04 14:00:00,2.69e-06,2.72e-06,2.71e-06,2.71e-06,4389523665
1783177200,2026-07-04 15:00:00,2.71e-06,2.77e-06,2.71e-06,2.77e-06,26556905007
1783180800,2026-07-04 16:00:00,2.75e-06,2.8e-06,2.76e-06,2.78e-06,10293645574
1783184400,2026-07-04 17:00:00,2.74e-06,2.78e-06,2.78e-06,2.78e-06,26000473328
1783188000,2026-07-04 18:00:00,2.75e-06,2.78e-06,2.78e-06,2.76e-06,8731110213
1783191600,2026-07-04 19:00:00,2.73e-06,2.76e-06,2.76e-06,2.74e-06,18371614608
1783195200,2026-07-04 20:00:00,2.71e-06,2.75e-06,2.73e-06,2.71e-06,20328563867
1783198800,2026-07-04 21:00:00,2.72e-06,2.74e-06,2.72e-06,2.74e-06,3125342310
1783202400,2026-07-04 22:00:00,2.72e-06,2.74e-06,2.74e-06,2.73e-06,1838667740
1783206000,2026-07-04 23:00:00,2.72e-06,2.75e-06,2.72e-06,2.73e-06,4166529772
1783209600,2026-07-05 00:00:00,2.71e-06,2.73e-06,2.73e-06,2.72e-06,1598323134
1783213200,2026-07-05 01:00:00,2.71e-06,2.73e-06,2.73e-06,2.73e-06,30570542303
1783216800,2026-07-05 02:00:00,2.69e-06,2.73e-06,2.73e-06,2.7e-06,6216689040
1783220400,2026-07-05 03:00:00,2.69e-06,2.71e-06,2.71e-06,2.7e-06,16454668450
1783224000,2026-07-05 04:00:00,2.7e-06,2.72e-06,2.7e-06,2.7e-06,3592228325
1783227600,2026-07-05 05:00:00,2.66e-06,2.71e-06,2.7e-06,2.66e-06,9239363329
1783231200,2026-07-05 06:00:00,2.64e-06,2.66e-06,2.66e-06,2.66e-06,28009043175
1783234800,2026-07-05 07:00:00,2.66e-06,2.68e-06,2.67e-06,2.68e-06,5364718433
1783238400,2026-07-05 08:00:00,2.67e-06,2.68e-06,2.68e-06,2.67e-06,3172683042
1783242000,2026-07-05 09:00:00,2.65e-06,2.68e-06,2.67e-06,2.65e-06,6797263237
1783245600,2026-07-05 10:00:00,2.64e-06,2.66e-06,2.64e-06,2.65e-06,17226898511
1783249200,2026-07-05 11:00:00,2.64e-06,2.66e-06,2.65e-06,2.65e-06,4623087192
1783252800,2026-07-05 12:00:00,2.65e-06,2.67e-06,2.65e-06,2.67e-06,3029058352
1783256400,2026-07-05 13:00:00,2.66e-06,2.69e-06,2.66e-06,2.68e-06,4821212091
1783260000,2026-07-05 14:00:00,2.67e-06,2.7e-06,2.68e-06,2.7e-06,1304713372
1783263600,2026-07-05 15:00:00,2.68e-06,2.73e-06,2.7e-06,2.69e-06,38814041825
1783267200,2026-07-05 16:00:00,2.68e-06,2.71e-06,2.69e-06,2.71e-06,5283594864
1783270800,2026-07-05 17:00:00,2.69e-06,2.71e-06,2.71e-06,2.7e-06,13440949865
1783274400,2026-07-05 18:00:00,2.7e-06,2.72e-06,2.7e-06,2.71e-06,2514164121
1783278000,2026-07-05 19:00:00,2.7e-06,2.72e-06,2.71e-06,2.7e-06,1088446675
1783281600,2026-07-05 20:00:00,2.68e-06,2.71e-06,2.7e-06,2.69e-06,3358780852
1783285200,2026-07-05 21:00:00,2.68e-06,2.74e-06,2.68e-06,2.72e-06,8032302659
1783288800,2026-07-05 22:00:00,2.72e-06,2.77e-06,2.72e-06,2.75e-06,84452934801
1783292400,2026-07-05 23:00:00,2.74e-06,2.8e-06,2.75e-06,2.75e-06,28824090273
1783296000,2026-07-06 00:00:00,2.72e-06,2.77e-06,2.75e-06,2.77e-06,19061477347
1783299600,2026-07-06 01:00:00,2.74e-06,2.78e-06,2.77e-06,2.74e-06,20980724431
1783303200,2026-07-06 02:00:00,2.72e-06,2.75e-06,2.74e-06,2.74e-06,20811981898
1783306800,2026-07-06 03:00:00,2.71e-06,2.75e-06,2.74e-06,2.73e-06,9578874673
1783310400,2026-07-06 04:00:00,2.7e-06,2.73e-06,2.73e-06,2.7e-06,19588277777
1783314000,2026-07-06 05:00:00,2.66e-06,2.7e-06,2.7e-06,2.68e-06,6935162364
1783317600,2026-07-06 06:00:00,2.67e-06,2.68e-06,2.68e-06,2.68e-06,11208907465
1783321200,2026-07-06 07:00:00,2.68e-06,2.71e-06,2.68e-06,2.7e-06,6660636894
1783324800,2026-07-06 08:00:00,2.68e-06,2.71e-06,2.7e-06,2.68e-06,6480778579
1783328400,2026-07-06 09:00:00,2.67e-06,2.7e-06,2.69e-06,2.68e-06,4850161377
1783332000,2026-07-06 10:00:00,2.67e-06,2.71e-06,2.68e-06,2.69e-06,2698680980
1783335600,2026-07-06 11:00:00,2.67e-06,2.71e-06,2.69e-06,2.67e-06,8733864077
1783339200,2026-07-06 12:00:00,2.62e-06,2.67e-06,2.67e-06,2.63e-06,14942385748
1783342800,2026-07-06 13:00:00,2.61e-06,2.66e-06,2.63e-06,2.64e-06,13331110960
1783346400,2026-07-06 14:00:00,2.63e-06,2.69e-06,2.64e-06,2.66e-06,9930128326
1783350000,2026-07-06 15:00:00,2.67e-06,2.74e-06,2.67e-06,2.73e-06,26438390978
1783353600,2026-07-06 16:00:00,2.72e-06,2.76e-06,2.73e-06,2.74e-06,44548762412
1783357200,2026-07-06 17:00:00,2.72e-06,2.76e-06,2.74e-06,2.73e-06,33915625790
1783360800,2026-07-06 18:00:00,2.71e-06,2.74e-06,2.72e-06,2.73e-06,9109945655
1783364400,2026-07-06 19:00:00,2.72e-06,2.74e-06,2.73e-06,2.73e-06,2230787793
1783368000,2026-07-06 20:00:00,2.72e-06,2.74e-06,2.73e-06,2.73e-06,2080378868
1783371600,2026-07-06 21:00:00,2.73e-06,2.79e-06,2.73e-06,2.77e-06,23288313509
1783375200,2026-07-06 22:00:00,2.73e-06,2.78e-06,2.76e-06,2.73e-06,9007122516
1783378800,2026-07-06 23:00:00,2.72e-06,2.75e-06,2.74e-06,2.73e-06,3205673881
1783382400,2026-07-07 00:00:00,2.72e-06,2.75e-06,2.72e-06,2.73e-06,12512991254
1783386000,2026-07-07 01:00:00,2.7e-06,2.73e-06,2.73e-06,2.71e-06,7005824416
1783389600,2026-07-07 02:00:00,2.68e-06,2.72e-06,2.71e-06,2.68e-06,3943014077
1783393200,2026-07-07 03:00:00,2.67e-06,2.7e-06,2.68e-06,2.67e-06,6767266875
1783396800,2026-07-07 04:00:00,2.66e-06,2.68e-06,2.67e-06,2.68e-06,6689458800
1783400400,2026-07-07 05:00:00,2.65e-06,2.69e-06,2.67e-06,2.68e-06,9153296061
1783404000,2026-07-07 06:00:00,2.67e-06,2.72e-06,2.69e-06,2.71e-06,2896758933
1783407600,2026-07-07 07:00:00,2.68e-06,2.72e-06,2.71e-06,2.68e-06,6059416128
1783411200,2026-07-07 08:00:00,2.67e-06,2.69e-06,2.68e-06,2.69e-06,3581508514
1783414800,2026-07-07 09:00:00,2.68e-06,2.71e-06,2.68e-06,2.7e-06,3958659714
1783418400,2026-07-07 10:00:00,2.7e-06,2.72e-06,2.71e-06,2.7e-06,9509117227
1783422000,2026-07-07 11:00:00,2.68e-06,2.7e-06,2.7e-06,2.7e-06,3671901394
1783425600,2026-07-07 12:00:00,2.69e-06,2.73e-06,2.7e-06,2.7e-06,14093900649
1783429200,2026-07-07 13:00:00,2.66e-06,2.69e-06,2.68e-06,2.66e-06,31525057079
1783432800,2026-07-07 14:00:00,2.65e-06,2.69e-06,2.67e-06,2.69e-06,14254794906
1783436400,2026-07-07 15:00:00,2.69e-06,2.72e-06,2.69e-06,2.71e-06,11517593626
1783440000,2026-07-07 16:00:00,2.71e-06,2.75e-06,2.71e-06,2.72e-06,21990637705
1783443600,2026-07-07 17:00:00,2.72e-06,2.75e-06,2.73e-06,2.74e-06,8082624660
1783447200,2026-07-07 18:00:00,2.69e-06,2.74e-06,2.74e-06,2.69e-06,11308278565
1783450800,2026-07-07 19:00:00,2.67e-06,2.7e-06,2.69e-06,2.69e-06,11502889397
1783454400,2026-07-07 20:00:00,2.67e-06,2.7e-06,2.69e-06,2.68e-06,12323581328
1783458000,2026-07-07 21:00:00,2.66e-06,2.69e-06,2.68e-06,2.67e-06,13832042964
1783461600,2026-07-07 22:00:00,2.65e-06,2.69e-06,2.66e-06,2.68e-06,7342541630
1783465200,2026-07-07 23:00:00,2.66e-06,2.68e-06,2.68e-06,2.67e-06,4467128552
1783468800,2026-07-08 00:00:00,2.66e-06,2.68e-06,2.67e-06,2.67e-06,14544893235
1783472400,2026-07-08 01:00:00,2.61e-06,2.67e-06,2.67e-06,2.61e-06,36685740391
1783476000,2026-07-08 02:00:00,2.58e-06,2.62e-06,2.61e-06,2.62e-06,11204701371
1783479600,2026-07-08 03:00:00,2.59e-06,2.63e-06,2.63e-06,2.6e-06,65664460527
1783483200,2026-07-08 04:00:00,2.59e-06,2.63e-06,2.6e-06,2.61e-06,14595421437
1783486800,2026-07-08 05:00:00,2.6e-06,2.63e-06,2.62e-06,2.6e-06,4272534048
1783490400,2026-07-08 06:00:00,2.59e-06,2.61e-06,2.61e-06,2.61e-06,5525105657
1783494000,2026-07-08 07:00:00,2.59e-06,2.62e-06,2.59e-06,2.62e-06,11053594717
1783497600,2026-07-08 08:00:00,2.57e-06,2.62e-06,2.62e-06,2.57e-06,16372574934
1783501200,2026-07-08 09:00:00,2.54e-06,2.58e-06,2.57e-06,2.56e-06,67476076716
1783504800,2026-07-08 10:00:00,2.55e-06,2.59e-06,2.56e-06,2.58e-06,5073624482
1783508400,2026-07-08 11:00:00,2.56e-06,2.59e-06,2.57e-06,2.58e-06,26849489707
1783512000,2026-07-08 12:00:00,2.56e-06,2.59e-06,2.57e-06,2.56e-06,9321392554
1783515600,2026-07-08 13:00:00,2.56e-06,2.6e-06,2.57e-06,2.6e-06,17636962724
1783519200,2026-07-08 14:00:00,2.56e-06,2.61e-06,2.61e-06,2.58e-06,33962519622
1783522800,2026-07-08 15:00:00,2.55e-06,2.58e-06,2.58e-06,2.57e-06,31571374819
1783526400,2026-07-08 16:00:00,2.57e-06,2.6e-06,2.57e-06,2.6e-06,4055265689
1783530000,2026-07-08 17:00:00,2.58e-06,2.61e-06,2.6e-06,2.58e-06,21775013841
1783533600,2026-07-08 18:00:00,2.58e-06,2.6e-06,2.58e-06,2.59e-06,24382414904
1783537200,2026-07-08 19:00:00,2.58e-06,2.6e-06,2.59e-06,2.6e-06,8103324678
1783540800,2026-07-08 20:00:00,2.57e-06,2.61e-06,2.6e-06,2.57e-06,4239176112
1783544400,2026-07-08 21:00:00,2.57e-06,2.59e-06,2.57e-06,2.59e-06,3540955210
1783548000,2026-07-08 22:00:00,2.58e-06,2.6e-06,2.59e-06,2.59e-06,3528693917
1783551600,2026-07-08 23:00:00,2.58e-06,2.6e-06,2.59e-06,2.6e-06,3712268067
1783555200,2026-07-09 00:00:00,2.58e-06,2.61e-06,2.59e-06,2.58e-06,6723276639
1783558800,2026-07-09 01:00:00,2.57e-06,2.61e-06,2.58e-06,2.57e-06,18738133977
1783562400,2026-07-09 02:00:00,2.56e-06,2.6e-06,2.58e-06,2.57e-06,9095397615
1783566000,2026-07-09 03:00:00,2.56e-06,2.59e-06,2.57e-06,2.58e-06,13023378868
1783569600,2026-07-09 04:00:00,2.58e-06,2.6e-06,2.58e-06,2.59e-06,2118015642
1783573200,2026-07-09 05:00:00,2.59e-06,2.63e-06,2.6e-06,2.62e-06,6437915293
1783576800,2026-07-09 06:00:00,2.62e-06,2.64e-06,2.62e-06,2.64e-06,5758603212
1783580400,2026-07-09 07:00:00,2.6e-06,2.65e-06,2.64e-06,2.62e-06,3929508137
1783584000,2026-07-09 08:00:00,2.61e-06,2.63e-06,2.62e-06,2.62e-06,9302185351
1783587600,2026-07-09 09:00:00,2.6e-06,2.63e-06,2.62e-06,2.62e-06,2400650089
1783591200,2026-07-09 10:00:00,2.61e-06,2.63e-06,2.63e-06,2.61e-06,538557336
1783594800,2026-07-09 11:00:00,2.6e-06,2.62e-06,2.61e-06,2.61e-06,1955137814
1783598400,2026-07-09 12:00:00,2.59e-06,2.62e-06,2.61e-06,2.61e-06,7481859130
1783602000,2026-07-09 13:00:00,2.6e-06,2.63e-06,2.61e-06,2.63e-06,4916965095
1783605600,2026-07-09 14:00:00,2.6e-06,2.63e-06,2.63e-06,2.61e-06,4438828769
1783609200,2026-07-09 15:00:00,2.59e-06,2.62e-06,2.61e-06,2.59e-06,27580784405
1783612800,2026-07-09 16:00:00,2.58e-06,2.6e-06,2.6e-06,2.59e-06,4641330012
1783616400,2026-07-09 17:00:00,2.58e-06,2.61e-06,2.59e-06,2.61e-06,2650332861
1783620000,2026-07-09 18:00:00,2.61e-06,2.63e-06,2.61e-06,2.61e-06,2334767723
1783623600,2026-07-09 19:00:00,2.6e-06,2.62e-06,2.61e-06,2.62e-06,2211784467
1783627200,2026-07-09 20:00:00,2.61e-06,2.63e-06,2.61e-06,2.62e-06,2132930900
1783630800,2026-07-09 21:00:00,2.61e-06,2.63e-06,2.62e-06,2.62e-06,2474193533
1783634400,2026-07-09 22:00:00,2.61e-06,2.63e-06,2.62e-06,2.61e-06,3936609150
1783638000,2026-07-09 23:00:00,2.6e-06,2.62e-06,2.62e-06,2.61e-06,9826421985
1783641600,2026-07-10 00:00:00,2.59e-06,2.61e-06,2.61e-06,2.61e-06,6053426851
1783645200,2026-07-10 01:00:00,2.6e-06,2.67e-06,2.6e-06,2.65e-06,34876306421
1783648800,2026-07-10 02:00:00,2.64e-06,2.66e-06,2.65e-06,2.66e-06,12878547944
1783652400,2026-07-10 03:00:00,2.64e-06,2.67e-06,2.65e-06,2.66e-06,10755670730
1783656000,2026-07-10 04:00:00,2.65e-06,2.67e-06,2.66e-06,2.66e-06,7687881320
1783659600,2026-07-10 05:00:00,2.65e-06,2.68e-06,2.66e-06,2.66e-06,7640823564
1783663200,2026-07-10 06:00:00,2.64e-06,2.66e-06,2.66e-06,2.65e-06,3643675133
1783666800,2026-07-10 07:00:00,2.64e-06,2.65e-06,2.64e-06,2.65e-06,1590053206
1783670400,2026-07-10 08:00:00,2.64e-06,2.69e-06,2.64e-06,2.68e-06,9992921397
1783674000,2026-07-10 09:00:00,2.67e-06,2.7e-06,2.67e-06,2.69e-06,29971113668
1783677600,2026-07-10 10:00:00,2.69e-06,2.71e-06,2.69e-06,2.7e-06,10154327522
1783681200,2026-07-10 11:00:00,2.69e-06,2.73e-06,2.7e-06,2.69e-06,82899390751
1783684800,2026-07-10 12:00:00,2.69e-06,2.71e-06,2.7e-06,2.7e-06,15482923369
1783688400,2026-07-10 13:00:00,2.7e-06,2.75e-06,2.7e-06,2.74e-06,22881557440
1783692000,2026-07-10 14:00:00,2.71e-06,2.76e-06,2.74e-06,2.74e-06,45476519185
1783695600,2026-07-10 15:00:00,2.72e-06,2.76e-06,2.74e-06,2.75e-06,24638477551
1783699200,2026-07-10 16:00:00,2.75e-06,2.85e-06,2.76e-06,2.85e-06,143296386654
1783702800,2026-07-10 17:00:00,2.74e-06,2.88e-06,2.85e-06,2.75e-06,94652013339
1783706400,2026-07-10 18:00:00,2.74e-06,2.79e-06,2.75e-06,2.76e-06,42780989072
1783710000,2026-07-10 19:00:00,2.75e-06,2.84e-06,2.76e-06,2.82e-06,27018034270
1783713600,2026-07-10 20:00:00,2.79e-06,2.83e-06,2.82e-06,2.79e-06,19627130009
1783717200,2026-07-10 21:00:00,2.78e-06,2.83e-06,2.78e-06,2.83e-06,13640887934
1783720800,2026-07-10 22:00:00,2.8e-06,2.84e-06,2.82e-06,2.81e-06,39464696783
1783724400,2026-07-10 23:00:00,2.79e-06,2.81e-06,2.8e-06,2.79e-06,11178146445
1783728000,2026-07-11 00:00:00,2.77e-06,2.8e-06,2.79e-06,2.8e-06,33074111462
1783731600,2026-07-11 01:00:00,2.77e-06,2.8e-06,2.8e-06,2.79e-06,7671490745
1783735200,2026-07-11 02:00:00,2.75e-06,2.79e-06,2.78e-06,2.77e-06,5215401854
1783738800,2026-07-11 03:00:00,2.76e-06,2.78e-06,2.77e-06,2.78e-06,5640605402
1783742400,2026-07-11 04:00:00,2.76e-06,2.78e-06,2.77e-06,2.76e-06,4426632610
1783746000,2026-07-11 05:00:00,2.74e-06,2.76e-06,2.75e-06,2.75e-06,9472663812
1783749600,2026-07-11 06:00:00,2.75e-06,2.77e-06,2.75e-06,2.75e-06,857219514
1783753200,2026-07-11 07:00:00,2.74e-06,2.76e-06,2.75e-06,2.75e-06,2056922957
1783756800,2026-07-11 08:00:00,2.75e-06,2.78e-06,2.76e-06,2.77e-06,1219781125
1783760400,2026-07-11 09:00:00,2.77e-06,2.81e-06,2.77e-06,2.78e-06,12317037969
1783764000,2026-07-11 10:00:00,2.76e-06,2.79e-06,2.79e-06,2.77e-06,4341038955
1783767600,2026-07-11 11:00:00,2.77e-06,2.79e-06,2.77e-06,2.78e-06,1513291164
1783771200,2026-07-11 12:00:00,2.78e-06,2.8e-06,2.79e-06,2.79e-06,2054465604
1783774800,2026-07-11 13:00:00,2.78e-06,2.81e-06,2.8e-06,2.81e-06,2849061674
1783778400,2026-07-11 14:00:00,2.8e-06,2.82e-06,2.81e-06,2.81e-06,9286091223
1783782000,2026-07-11 15:00:00,2.77e-06,2.84e-06,2.81e-06,2.78e-06,34614283843
1783785600,2026-07-11 16:00:00,2.77e-06,2.8e-06,2.78e-06,2.8e-06,10410399089
1783789200,2026-07-11 17:00:00,2.79e-06,2.82e-06,2.79e-06,2.8e-06,3099623536
1783792800,2026-07-11 18:00:00,2.8e-06,2.82e-06,2.81e-06,2.81e-06,4164130884
1783796400,2026-07-11 19:00:00,2.79e-06,2.81e-06,2.8e-06,2.8e-06,4980692697
1783800000,2026-07-11 20:00:00,2.79e-06,2.81e-06,2.79e-06,2.79e-06,2593991132
1783803600,2026-07-11 21:00:00,2.8e-06,2.81e-06,2.8e-06,2.8e-06,8551492239
1783807200,2026-07-11 22:00:00,2.76e-06,2.8e-06,2.8e-06,2.76e-06,14866355564
1783810800,2026-07-11 23:00:00,2.7e-06,2.76e-06,2.76e-06,2.71e-06,13127468281
1783814400,2026-07-12 00:00:00,2.67e-06,2.71e-06,2.71e-06,2.68e-06,22326974559
1783818000,2026-07-12 01:00:00,2.69e-06,2.73e-06,2.69e-06,2.73e-06,14437492167
1783821600,2026-07-12 02:00:00,2.71e-06,2.73e-06,2.72e-06,2.71e-06,8827511354
1783825200,2026-07-12 03:00:00,2.71e-06,2.74e-06,2.71e-06,2.73e-06,2490496229
1783828800,2026-07-12 04:00:00,2.72e-06,2.74e-06,2.73e-06,2.72e-06,6963749218
1783832400,2026-07-12 05:00:00,2.71e-06,2.72e-06,2.72e-06,2.72e-06,1451858343
1783836000,2026-07-12 06:00:00,2.69e-06,2.71e-06,2.71e-06,2.7e-06,8089850200
1783839600,2026-07-12 07:00:00,2.69e-06,2.71e-06,2.69e-06,2.7e-06,6261380828
1783843200,2026-07-12 08:00:00,2.7e-06,2.72e-06,2.7e-06,2.71e-06,4113271410
1783846800,2026-07-12 09:00:00,2.71e-06,2.73e-06,2.71e-06,2.72e-06,1889649279
1783850400,2026-07-12 10:00:00,2.72e-06,2.73e-06,2.72e-06,2.72e-06,31464115
1783854000,2026-07-12 11:00:00,2.72e-06,2.74e-06,2.72e-06,2.74e-06,6146878330
1783857600,2026-07-12 12:00:00,2.73e-06,2.78e-06,2.74e-06,2.77e-06,8144997925
1783861200,2026-07-12 13:00:00,2.76e-06,2.79e-06,2.78e-06,2.77e-06,11352616104
1783864800,2026-07-12 14:00:00,2.76e-06,2.81e-06,2.76e-06,2.8e-06,9456877333
1783868400,2026-07-12 15:00:00,2.78e-06,2.81e-06,2.8e-06,2.78e-06,11724649550
1783872000,2026-07-12 16:00:00,2.78e-06,2.79e-06,2.78e-06,2.79e-06,10033540923
1783875600,2026-07-12 17:00:00,2.77e-06,2.79e-06,2.79e-06,2.79e-06,190561266344
1783879200,2026-07-12 18:00:00,2.79e-06,2.83e-06,2.79e-06,2.8e-06,600398286527
1783882800,2026-07-12 19:00:00,2.8e-06,2.81e-06,2.8e-06,2.8e-06,4972911936
1783886400,2026-07-12 20:00:00,2.79e-06,2.81e-06,2.8e-06,2.79e-06,26746420637
1783890000,2026-07-12 21:00:00,2.77e-06,2.8e-06,2.8e-06,2.77e-06,6878381216
1783893600,2026-07-12 22:00:00,2.74e-06,2.77e-06,2.76e-06,2.75e-06,12672446176
1783897200,2026-07-12 23:00:00,2.75e-06,2.76e-06,2.75e-06,2.76e-06,770590183
1783900800,2026-07-13 00:00:00,2.76e-06,2.81e-06,2.77e-06,2.78e-06,25853064387
1783904400,2026-07-13 01:00:00,2.75e-06,2.78e-06,2.78e-06,2.75e-06,25927994452
1783908000,2026-07-13 02:00:00,2.74e-06,2.77e-06,2.75e-06,2.75e-06,11326487522
1783911600,2026-07-13 03:00:00,2.71e-06,2.75e-06,2.75e-06,2.73e-06,8690489128
1783915200,2026-07-13 04:00:00,2.72e-06,2.74e-06,2.72e-06,2.73e-06,7410815485
1783918800,2026-07-13 05:00:00,2.72e-06,2.75e-06,2.73e-06,2.73e-06,3978097716
1783922400,2026-07-13 06:00:00,2.72e-06,2.73e-06,2.72e-06,2.72e-06,2797859595
1783926000,2026-07-13 07:00:00,2.72e-06,2.73e-06,2.72e-06,2.72e-06,38798909916
1783929600,2026-07-13 08:00:00,2.71e-06,2.74e-06,2.73e-06,2.74e-06,9511111020
1783933200,2026-07-13 09:00:00,2.74e-06,2.75e-06,2.74e-06,2.74e-06,1440271674
1783936800,2026-07-13 10:00:00,2.73e-06,2.75e-06,2.74e-06,2.74e-06,5134140443
1783940400,2026-07-13 11:00:00,2.73e-06,2.77e-06,2.73e-06,2.75e-06,12147085362
1783944000,2026-07-13 12:00:00,2.72e-06,2.75e-06,2.75e-06,2.73e-06,4258765094
1783947600,2026-07-13 13:00:00,2.72e-06,2.74e-06,2.74e-06,2.74e-06,34457760088
1783951200,2026-07-13 14:00:00,2.74e-06,2.77e-06,2.74e-06,2.77e-06,29804652326
1783954800,2026-07-13 15:00:00,2.73e-06,2.78e-06,2.77e-06,2.73e-06,14698341938
1783958400,2026-07-13 16:00:00,2.69e-06,2.74e-06,2.73e-06,2.7e-06,20370591399
1783962000,2026-07-13 17:00:00,2.66e-06,2.71e-06,2.71e-06,2.66e-06,53134868127
1783965600,2026-07-13 18:00:00,2.66e-06,2.69e-06,2.66e-06,2.68e-06,39628782965
1783969200,2026-07-13 19:00:00,2.67e-06,2.7e-06,2.68e-06,2.7e-06,8243295165
1783972800,2026-07-13 20:00:00,2.68e-06,2.71e-06,2.7e-06,2.68e-06,8376826913
1783976400,2026-07-13 21:00:00,2.64e-06,2.69e-06,2.68e-06,2.67e-06,8791427425
1783980000,2026-07-13 22:00:00,2.68e-06,2.7e-06,2.68e-06,2.69e-06,5896554503
1783983600,2026-07-13 23:00:00,2.68e-06,2.73e-06,2.69e-06,2.72e-06,29338025355
1783987200,2026-07-14 00:00:00,2.72e-06,2.75e-06,2.72e-06,2.75e-06,12413724022
1783990800,2026-07-14 01:00:00,2.73e-06,2.74e-06,2.74e-06,2.73e-06,8024499818
1783994400,2026-07-14 02:00:00,2.71e-06,2.73e-06,2.73e-06,2.72e-06,3080405088
1783998000,2026-07-14 03:00:00,2.7e-06,2.73e-06,2.72e-06,2.73e-06,1933329827
1784001600,2026-07-14 04:00:00,2.73e-06,2.74e-06,2.73e-06,2.73e-06,3486920631
1784005200,2026-07-14 05:00:00,2.73e-06,2.75e-06,2.74e-06,2.75e-06,1957816405
1784008800,2026-07-14 06:00:00,2.74e-06,2.75e-06,2.75e-06,2.74e-06,5408487982
1784012400,2026-07-14 07:00:00,2.73e-06,2.75e-06,2.73e-06,2.74e-06,2931761187
1784016000,2026-07-14 08:00:00,2.73e-06,2.75e-06,2.74e-06,2.73e-06,4127336332
1784019600,2026-07-14 09:00:00,2.72e-06,2.74e-06,2.73e-06,2.72e-06,5768394131
1784023200,2026-07-14 10:00:00,2.71e-06,2.74e-06,2.73e-06,2.72e-06,11837945833
1784026800,2026-07-14 11:00:00,2.72e-06,2.74e-06,2.73e-06,2.73e-06,58398074619
1784030400,2026-07-14 12:00:00,2.72e-06,2.79e-06,2.72e-06,2.79e-06,40614013025
1784034000,2026-07-14 13:00:00,2.78e-06,2.9e-06,2.79e-06,2.88e-06,115492465455
1784037600,2026-07-14 14:00:00,2.83e-06,2.89e-06,2.89e-06,2.86e-06,37960573546
1784041200,2026-07-14 15:00:00,2.84e-06,2.89e-06,2.86e-06,2.85e-06,40268970766
1784044800,2026-07-14 16:00:00,2.83e-06,2.86e-06,2.85e-06,2.84e-06,39709334145
1784048400,2026-07-14 17:00:00,2.81e-06,2.84e-06,2.84e-06,2.82e-06,98180584221
1784052000,2026-07-14 18:00:00,2.79e-06,2.82e-06,2.82e-06,2.82e-06,42444722728
1784055600,2026-07-14 19:00:00,2.8e-06,2.82e-06,2.82e-06,2.82e-06,19915319769
1784059200,2026-07-14 20:00:00,2.8e-06,2.82e-06,2.81e-06,2.81e-06,6494579874
1784062800,2026-07-14 21:00:00,2.8e-06,2.83e-06,2.8e-06,2.81e-06,9163468751
1784066400,2026-07-14 22:00:00,2.8e-06,2.84e-06,2.82e-06,2.82e-06,11564584387
1784070000,2026-07-14 23:00:00,2.81e-06,2.83e-06,2.82e-06,2.81e-06,4388679159
1784073600,2026-07-15 00:00:00,2.79e-06,2.81e-06,2.81e-06,2.8e-06,1748924195
1784077200,2026-07-15 01:00:00,2.78e-06,2.81e-06,2.8e-06,2.79e-06,15626928815
1784080800,2026-07-15 02:00:00,2.78e-06,2.8e-06,2.79e-06,2.78e-06,4029880417
1784084400,2026-07-15 03:00:00,2.78e-06,2.8e-06,2.79e-06,2.8e-06,9035469274
1784088000,2026-07-15 04:00:00,2.77e-06,2.8e-06,2.79e-06,2.77e-06,26324610604
1784091600,2026-07-15 05:00:00,2.76e-06,2.79e-06,2.77e-06,2.79e-06,21250050876
1784095200,2026-07-15 06:00:00,2.79e-06,2.81e-06,2.79e-06,2.79e-06,37870944831
1784098800,2026-07-15 07:00:00,2.75e-06,2.79e-06,2.79e-06,2.76e-06,7898954114
1784102400,2026-07-15 08:00:00,2.76e-06,2.77e-06,2.76e-06,2.77e-06,8945898062
1784106000,2026-07-15 09:00:00,2.77e-06,2.79e-06,2.77e-06,2.77e-06,9975509308
1784109600,2026-07-15 10:00:00,2.77e-06,2.79e-06,2.78e-06,2.77e-06,4735417597
1784113200,2026-07-15 11:00:00,2.76e-06,2.78e-06,2.77e-06,2.77e-06,4557163919
1784116800,2026-07-15 12:00:00,2.75e-06,2.84e-06,2.77e-06,2.84e-06,41342168380
1784120400,2026-07-15 13:00:00,2.83e-06,2.95e-06,2.84e-06,2.89e-06,134079093657
1784124000,2026-07-15 14:00:00,2.84e-06,2.9e-06,2.9e-06,2.88e-06,33845797561
1784127600,2026-07-15 15:00:00,2.85e-06,2.88e-06,2.88e-06,2.85e-06,18116440911
1784131200,2026-07-15 16:00:00,2.75e-06,2.85e-06,2.85e-06,2.78e-06,62606352713
1784134800,2026-07-15 17:00:00,2.77e-06,2.8e-06,2.78e-06,2.79e-06,36426181920
1784138400,2026-07-15 18:00:00,2.79e-06,2.82e-06,2.79e-06,2.79e-06,31925265375
1784142000,2026-07-15 19:00:00,2.78e-06,2.8e-06,2.79e-06,2.78e-06,17441754317
1784145600,2026-07-15 20:00:00,2.78e-06,2.8e-06,2.79e-06,2.79e-06,3920094464
1784149200,2026-07-15 21:00:00,2.79e-06,2.8e-06,2.79e-06,2.79e-06,4568907358
1784152800,2026-07-15 22:00:00,2.79e-06,2.8e-06,2.79e-06,2.79e-06,5331688650
1784156400,2026-07-15 23:00:00,2.78e-06,2.8e-06,2.79e-06,2.79e-06,2861623434
1784160000,2026-07-16 00:00:00,2.77e-06,2.8e-06,2.79e-06,2.78e-06,7565829187
1784163600,2026-07-16 01:00:00,2.76e-06,2.79e-06,2.78e-06,2.78e-06,3773687110
1784167200,2026-07-16 02:00:00,2.78e-06,2.79e-06,2.78e-06,2.79e-06,2847099014
1784170800,2026-07-16 03:00:00,2.76e-06,2.79e-06,2.79e-06,2.77e-06,8797575659
1784174400,2026-07-16 04:00:00,2.76e-06,2.78e-06,2.77e-06,2.77e-06,4318745867
1784178000,2026-07-16 05:00:00,2.77e-06,2.79e-06,2.77e-06,2.79e-06,10078874211
1784181600,2026-07-16 06:00:00,2.75e-06,2.79e-06,2.79e-06,2.76e-06,13621440641
1784185200,2026-07-16 07:00:00,2.72e-06,2.77e-06,2.77e-06,2.73e-06,13199852068
1784188800,2026-07-16 08:00:00,2.69e-06,2.73e-06,2.73e-06,2.71e-06,11657754741
1784192400,2026-07-16 09:00:00,2.72e-06,2.73e-06,2.73e-06,2.72e-06,8822895804
1784196000,2026-07-16 10:00:00,2.72e-06,2.74e-06,2.72e-06,2.72e-06,12137322238
1784199600,2026-07-16 11:00:00,2.72e-06,2.73e-06,2.72e-06,2.72e-06,4573718944
1784203200,2026-07-16 12:00:00,2.71e-06,2.73e-06,2.72e-06,2.72e-06,7326803588
1784206800,2026-07-16 13:00:00,2.72e-06,2.76e-06,2.72e-06,2.75e-06,8401460440
1784210400,2026-07-16 14:00:00,2.74e-06,2.76e-06,2.75e-06,2.75e-06,2908869920
1784214000,2026-07-16 15:00:00,2.73e-06,2.76e-06,2.74e-06,2.75e-06,8609978533
1784217600,2026-07-16 16:00:00,2.73e-06,2.75e-06,2.75e-06,2.74e-06,17680116050
1784221200,2026-07-16 17:00:00,2.72e-06,2.74e-06,2.73e-06,2.72e-06,8239052067
1784224800,2026-07-16 18:00:00,2.72e-06,2.75e-06,2.72e-06,2.73e-06,4980206638
1784228400,2026-07-16 19:00:00,2.73e-06,2.75e-06,2.73e-06,2.74e-06,2182106569
1784232000,2026-07-16 20:00:00,2.74e-06,2.75e-06,2.74e-06,2.74e-06,1255565690
1784235600,2026-07-16 21:00:00,2.74e-06,2.76e-06,2.75e-06,2.74e-06,1171351300
1784239200,2026-07-16 22:00:00,2.73e-06,2.76e-06,2.75e-06,2.73e-06,8091537298
1784242800,2026-07-16 23:00:00,2.7e-06,2.73e-06,2.73e-06,2.72e-06,5532829878
1784246400,2026-07-17 00:00:00,2.71e-06,2.74e-06,2.72e-06,2.74e-06,13364593720
1784250000,2026-07-17 01:00:00,2.72e-06,2.75e-06,2.75e-06,2.72e-06,6359320738
1784253600,2026-07-17 02:00:00,2.71e-06,2.73e-06,2.72e-06,2.73e-06,4380105667
1784257200,2026-07-17 03:00:00,2.74e-06,2.76e-06,2.74e-06,2.74e-06,9595316415
1784260800,2026-07-17 04:00:00,2.73e-06,2.77e-06,2.74e-06,2.76e-06,10710815387
1784264400,2026-07-17 05:00:00,2.73e-06,2.77e-06,2.76e-06,2.73e-06,12609205463
1784268000,2026-07-17 06:00:00,2.72e-06,2.75e-06,2.73e-06,2.72e-06,1734808970
1784271600,2026-07-17 07:00:00,2.7e-06,2.73e-06,2.73e-06,2.71e-06,8578583515
1784275200,2026-07-17 08:00:00,2.7e-06,2.74e-06,2.72e-06,2.74e-06,20156336674
1784278800,2026-07-17 09:00:00,2.73e-06,2.77e-06,2.74e-06,2.74e-06,13816833498
1784282400,2026-07-17 10:00:00,2.73e-06,2.74e-06,2.74e-06,2.74e-06,3900337366
1784286000,2026-07-17 11:00:00,2.72e-06,2.74e-06,2.73e-06,2.72e-06,783875866
1784289600,2026-07-17 12:00:00,2.7e-06,2.73e-06,2.72e-06,2.7e-06,6431111724
1784293200,2026-07-17 13:00:00,2.66e-06,2.7e-06,2.7e-06,2.7e-06,14169480244
1784296800,2026-07-17 14:00:00,2.69e-06,2.73e-06,2.71e-06,2.69e-06,33385231387
1784300400,2026-07-17 15:00:00,2.68e-06,2.71e-06,2.7e-06,2.71e-06,11726873475
1784304000,2026-07-17 16:00:00,2.7e-06,2.73e-06,2.71e-06,2.73e-06,8388765406
1784307600,2026-07-17 17:00:00,2.73e-06,2.75e-06,2.73e-06,2.74e-06,9942078869
1784311200,2026-07-17 18:00:00,2.74e-06,2.76e-06,2.75e-06,2.75e-06,4252717788
1784314800,2026-07-17 19:00:00,2.73e-06,2.76e-06,2.75e-06,2.74e-06,2679716035
1784318400,2026-07-17 20:00:00,2.73e-06,2.75e-06,2.74e-06,2.74e-06,7958413037
1784322000,2026-07-17 21:00:00,2.73e-06,2.75e-06,2.74e-06,2.73e-06,8978326953
1784325600,2026-07-17 22:00:00,2.72e-06,2.74e-06,2.73e-06,2.73e-06,5005173901
1784329200,2026-07-17 23:00:00,2.72e-06,2.75e-06,2.74e-06,2.74e-06,4847769076
1784332800,2026-07-18 00:00:00,2.74e-06,2.75e-06,2.74e-06,2.75e-06,11008784803
1784336400,2026-07-18 01:00:00,2.74e-06,2.75e-06,2.75e-06,2.74e-06,7011655892
1784340000,2026-07-18 02:00:00,2.73e-06,2.75e-06,2.73e-06,2.73e-06,2096448010
1784343600,2026-07-18 03:00:00,2.73e-06,2.75e-06,2.73e-06,2.75e-06,2077343961
1784347200,2026-07-18 04:00:00,2.73e-06,2.75e-06,2.75e-06,2.74e-06,1758735017
1784350800,2026-07-18 05:00:00,2.72e-06,2.74e-06,2.74e-06,2.72e-06,1534689908
1784354400,2026-07-18 06:00:00,2.72e-06,2.73e-06,2.72e-06,2.73e-06,4714751532
1784358000,2026-07-18 07:00:00,2.71e-06,2.72e-06,2.72e-06,2.72e-06,3473620174
1784361600,2026-07-18 08:00:00,2.71e-06,2.73e-06,2.71e-06,2.71e-06,4958043287
1784365200,2026-07-18 09:00:00,2.7e-06,2.72e-06,2.71e-06,2.72e-06,1964845475
1784368800,2026-07-18 10:00:00,2.72e-06,2.73e-06,2.72e-06,2.73e-06,911346672
1784372400,2026-07-18 11:00:00,2.72e-06,2.73e-06,2.73e-06,2.73e-06,1925689904
1784376000,2026-07-18 12:00:00,2.72e-06,2.74e-06,2.73e-06,2.72e-06,6280039002
1784379600,2026-07-18 13:00:00,2.71e-06,2.73e-06,2.72e-06,2.73e-06,6593265837
1784383200,2026-07-18 14:00:00,2.71e-06,2.74e-06,2.72e-06,2.73e-06,4069245380
1784386800,2026-07-18 15:00:00,2.72e-06,2.75e-06,2.74e-06,2.72e-06,4095965599
1784390400,2026-07-18 16:00:00,2.72e-06,2.74e-06,2.73e-06,2.73e-06,11856779171
1784394000,2026-07-18 17:00:00,2.73e-06,2.76e-06,2.74e-06,2.76e-06,28284971196
1784397600,2026-07-18 18:00:00,2.74e-06,2.76e-06,2.76e-06,2.76e-06,18720042154
1784401200,2026-07-18 19:00:00,2.75e-06,2.77e-06,2.76e-06,2.75e-06,1351527755
1784404800,2026-07-18 20:00:00,2.75e-06,2.77e-06,2.76e-06,2.76e-06,8620647718
1784408400,2026-07-18 21:00:00,2.75e-06,2.77e-06,2.76e-06,2.75e-06,17839828646
1784412000,2026-07-18 22:00:00,2.76e-06,2.78e-06,2.76e-06,2.76e-06,2082282734
1784415600,2026-07-18 23:00:00,2.75e-06,2.77e-06,2.76e-06,2.75e-06,10013440903
1784419200,2026-07-19 00:00:00,2.75e-06,2.76e-06,2.75e-06,2.75e-06,8728100071
1784422800,2026-07-19 01:00:00,2.74e-06,2.75e-06,2.75e-06,2.74e-06,4353856884
1784426400,2026-07-19 02:00:00,2.75e-06,2.77e-06,2.75e-06,2.76e-06,10608852522
1784430000,2026-07-19 03:00:00,2.74e-06,2.75e-06,2.75e-06,2.74e-06,1380001131
1784433600,2026-07-19 04:00:00,2.74e-06,2.76e-06,2.75e-06,2.76e-06,988375728
1784437200,2026-07-19 05:00:00,2.75e-06,2.77e-06,2.76e-06,2.76e-06,2350741368
1784440800,2026-07-19 06:00:00,2.76e-06,2.79e-06,2.77e-06,2.79e-06,7786039001
1784444400,2026-07-19 07:00:00,2.78e-06,2.83e-06,2.79e-06,2.8e-06,8897360228
1784448000,2026-07-19 08:00:00,2.8e-06,2.84e-06,2.8e-06,2.84e-06,34558784926
1784451600,2026-07-19 09:00:00,2.81e-06,2.84e-06,2.83e-06,2.83e-06,12901337264
1784455200,2026-07-19 10:00:00,2.83e-06,2.85e-06,2.84e-06,2.83e-06,5842409509
1784458800,2026-07-19 11:00:00,2.83e-06,2.85e-06,2.84e-06,2.83e-06,8360744818
1784462400,2026-07-19 12:00:00,2.83e-06,2.87e-06,2.83e-06,2.84e-06,28449964600
1784466000,2026-07-19 13:00:00,2.83e-06,2.86e-06,2.84e-06,2.84e-06,4926149209
1784469600,2026-07-19 14:00:00,2.83e-06,2.86e-06,2.84e-06,2.86e-06,16227443706
1784473200,2026-07-19 15:00:00,2.84e-06,2.86e-06,2.86e-06,2.85e-06,7673458448
1784476800,2026-07-19 16:00:00,2.83e-06,2.86e-06,2.85e-06,2.84e-06,8017326305
1784480400,2026-07-19 17:00:00,2.82e-06,2.84e-06,2.83e-06,2.83e-06,7262581054
1784484000,2026-07-19 18:00:00,2.81e-06,2.83e-06,2.83e-06,2.82e-06,22124897560
1784487600,2026-07-19 19:00:00,2.81e-06,2.84e-06,2.82e-06,2.84e-06,21552490252
1784491200,2026-07-19 20:00:00,2.83e-06,2.85e-06,2.84e-06,2.84e-06,2626896891
1784494800,2026-07-19 21:00:00,2.8e-06,2.85e-06,2.84e-06,2.81e-06,11383170124
1784498400,2026-07-19 22:00:00,2.8e-06,2.83e-06,2.81e-06,2.81e-06,12261579534
1784502000,2026-07-19 23:00:00,2.8e-06,2.84e-06,2.81e-06,2.83e-06,12358945751
1784505600,2026-07-20 00:00:00,2.82e-06,2.89e-06,2.83e-06,2.85e-06,78201801539
1784509200,2026-07-20 01:00:00,2.84e-06,2.92e-06,2.86e-06,2.85e-06,49858783538
1784512800,2026-07-20 02:00:00,2.85e-06,2.91e-06,2.85e-06,2.91e-06,20586494754
1784516400,2026-07-20 03:00:00,2.87e-06,2.94e-06,2.91e-06,2.88e-06,62556802165
1784520000,2026-07-20 04:00:00,2.85e-06,2.89e-06,2.88e-06,2.87e-06,113544864556
1784523600,2026-07-20 05:00:00,2.83e-06,2.86e-06,2.86e-06,2.83e-06,31529558215
1784527200,2026-07-20 06:00:00,2.82e-06,2.84e-06,2.83e-06,2.82e-06,12059006397
1784530800,2026-07-20 07:00:00,2.8e-06,2.83e-06,2.82e-06,2.82e-06,19050796934
1784534400,2026-07-20 08:00:00,2.81e-06,2.83e-06,2.82e-06,2.82e-06,8102107953
1784538000,2026-07-20 09:00:00,2.82e-06,2.86e-06,2.82e-06,2.85e-06,4502588334
1784541600,2026-07-20 10:00:00,2.85e-06,2.89e-06,2.85e-06,2.87e-06,6174381347
1784545200,2026-07-20 11:00:00,2.87e-06,2.93e-06,2.87e-06,2.92e-06,26259309692
1784548800,2026-07-20 12:00:00,2.89e-06,2.92e-06,2.91e-06,2.9e-06,57609785371
1784552400,2026-07-20 13:00:00,2.87e-06,2.92e-06,2.91e-06,2.87e-06,79757797447
1784556000,2026-07-20 14:00:00,2.84e-06,2.87e-06,2.87e-06,2.86e-06,14321067093
1784559600,2026-07-20 15:00:00,2.86e-06,2.93e-06,2.87e-06,2.92e-06,95159264660
1784563200,2026-07-20 16:00:00,2.89e-06,2.92e-06,2.92e-06,2.91e-06,120331473048
1784566800,2026-07-20 17:00:00,2.89e-06,2.92e-06,2.91e-06,2.9e-06,16874254110
1784570400,2026-07-20 18:00:00,2.87e-06,2.91e-06,2.9e-06,2.87e-06,23156753560
1784574000,2026-07-20 19:00:00,2.87e-06,2.88e-06,2.87e-06,2.88e-06,4959274490
1784577600,2026-07-20 20:00:00,2.87e-06,2.91e-06,2.87e-06,2.91e-06,6402763794
1784581200,2026-07-20 21:00:00,2.9e-06,2.95e-06,2.9e-06,2.92e-06,20338671997
1784584800,2026-07-20 22:00:00,2.89e-06,2.92e-06,2.92e-06,2.89e-06,23878947496
1784588400,2026-07-20 23:00:00,2.89e-06,2.92e-06,2.9e-06,2.91e-06,6151086124
1784592000,2026-07-21 00:00:00,2.9e-06,2.95e-06,2.92e-06,2.95e-06,7757839717
1784595600,2026-07-21 01:00:00,2.92e-06,2.95e-06,2.94e-06,2.93e-06,9058150233
1784599200,2026-07-21 02:00:00,2.91e-06,2.94e-06,2.92e-06,2.92e-06,11028462892
1784602800,2026-07-21 03:00:00,2.92e-06,2.95e-06,2.92e-06,2.94e-06,14059961957
1784606400,2026-07-21 04:00:00,2.91e-06,2.95e-06,2.94e-06,2.91e-06,8207399929
1784610000,2026-07-21 05:00:00,2.9e-06,2.93e-06,2.91e-06,2.93e-06,12690403624
1784613600,2026-07-21 06:00:00,2.91e-06,2.93e-06,2.93e-06,2.91e-06,4700431935
1784617200,2026-07-21 07:00:00,2.91e-06,2.93e-06,2.91e-06,2.92e-06,8408589114
1784620800,2026-07-21 08:00:00,2.9e-06,2.94e-06,2.92e-06,2.93e-06,54369452074
1784624400,2026-07-21 09:00:00,2.92e-06,2.94e-06,2.92e-06,2.93e-06,15703394863
1784628000,2026-07-21 10:00:00,2.93e-06,2.97e-06,2.93e-06,2.96e-06,51713045385
1784631600,2026-07-21 11:00:00,2.92e-06,2.98e-06,2.96e-06,2.92e-06,11863729963
1784635200,2026-07-21 12:00:00,2.91e-06,2.94e-06,2.93e-06,2.92e-06,46773940119
1784638800,2026-07-21 13:00:00,2.9e-06,2.93e-06,2.92e-06,2.93e-06,15117852144
1784642400,2026-07-21 14:00:00,2.91e-06,2.93e-06,2.92e-06,2.92e-06,7683560217
1784646000,2026-07-21 15:00:00,2.88e-06,2.91e-06,2.91e-06,2.9e-06,24282433391
1784649600,2026-07-21 16:00:00,2.89e-06,2.91e-06,2.9e-06,2.9e-06,10302931608
1784653200,2026-07-21 17:00:00,2.87e-06,2.9e-06,2.9e-06,2.88e-06,26234006912
1784656800,2026-07-21 18:00:00,2.87e-06,2.89e-06,2.88e-06,2.89e-06,8925780808
1784660400,2026-07-21 19:00:00,2.88e-06,2.9e-06,2.88e-06,2.89e-06,3564810183
1784664000,2026-07-21 20:00:00,2.88e-06,2.9e-06,2.89e-06,2.89e-06,5676526920
1784667600,2026-07-21 21:00:00,2.87e-06,2.9e-06,2.89e-06,2.87e-06,4457713143
1784671200,2026-07-21 22:00:00,2.87e-06,2.88e-06,2.87e-06,2.87e-06,3930166767
1784674800,2026-07-21 23:00:00,2.85e-06,2.88e-06,2.86e-06,2.88e-06,2900075854
1784678400,2026-07-22 00:00:00,2.88e-06,2.89e-06,2.88e-06,2.88e-06,10536447160
1784682000,2026-07-22 01:00:00,2.87e-06,2.9e-06,2.88e-06,2.88e-06,7672810120
1784685600,2026-07-22 02:00:00,2.86e-06,2.89e-06,2.87e-06,2.87e-06,66878325203
1784689200,2026-07-22 03:00:00,2.85e-06,2.88e-06,2.87e-06,2.86e-06,20143793382
1784692800,2026-07-22 04:00:00,2.86e-06,2.88e-06,2.87e-06,2.88e-06,548542670
1784696400,2026-07-22 05:00:00,2.84e-06,2.88e-06,2.88e-06,2.84e-06,2841789260
1784700000,2026-07-22 06:00:00,2.84e-06,2.85e-06,2.84e-06,2.84e-06,2293933513
1784703600,2026-07-22 07:00:00,2.84e-06,2.85e-06,2.84e-06,2.85e-06,7400647619
1784707200,2026-07-22 08:00:00,2.83e-06,2.86e-06,2.85e-06,2.83e-06,14525541075
1784710800,2026-07-22 09:00:00,2.83e-06,2.85e-06,2.83e-06,2.85e-06,3429262013
1784714400,2026-07-22 10:00:00,2.83e-06,2.85e-06,2.84e-06,2.85e-06,12944522919
1784718000,2026-07-22 11:00:00,2.84e-06,2.85e-06,2.84e-06,2.84e-06,4231577833
1784721600,2026-07-22 12:00:00,2.82e-06,2.85e-06,2.83e-06,2.83e-06,10091015289
1784725200,2026-07-22 13:00:00,2.83e-06,2.86e-06,2.84e-06,2.86e-06,13488194537
1784728800,2026-07-22 14:00:00,2.84e-06,2.88e-06,2.86e-06,2.85e-06,8001719630
1784732400,2026-07-22 15:00:00,2.85e-06,2.88e-06,2.85e-06,2.87e-06,3330991322
1784736000,2026-07-22 16:00:00,2.86e-06,2.9e-06,2.87e-06,2.9e-06,20301014222
1784739600,2026-07-22 17:00:00,2.87e-06,2.93e-06,2.9e-06,2.89e-06,36395924919
1784743200,2026-07-22 18:00:00,2.86e-06,2.88e-06,2.88e-06,2.88e-06,6723549801
1784746800,2026-07-22 19:00:00,2.85e-06,2.88e-06,2.87e-06,2.86e-06,1230774935
1784750400,2026-07-22 20:00:00,2.85e-06,2.87e-06,2.86e-06,2.86e-06,7555136488
1784754000,2026-07-22 21:00:00,2.86e-06,2.9e-06,2.86e-06,2.89e-06,9369697776
1784757600,2026-07-22 22:00:00,2.87e-06,2.9e-06,2.89e-06,2.89e-06,6040153889
1784761200,2026-07-22 23:00:00,2.85e-06,2.89e-06,2.88e-06,2.88e-06,5708795547
1784764800,2026-07-23 00:00:00,2.88e-06,2.9e-06,2.88e-06,2.88e-06,11052833074
1784768400,2026-07-23 01:00:00,2.86e-06,2.89e-06,2.89e-06,2.86e-06,3589570652
1784772000,2026-07-23 02:00:00,2.84e-06,2.87e-06,2.87e-06,2.85e-06,43530575391
1784775600,2026-07-23 03:00:00,2.84e-06,2.85e-06,2.85e-06,2.84e-06,1497795414
1784779200,2026-07-23 04:00:00,2.84e-06,2.85e-06,2.84e-06,2.84e-06,23516400173
1784782800,2026-07-23 05:00:00,2.84e-06,2.86e-06,2.84e-06,2.84e-06,614360905
1784786400,2026-07-23 06:00:00,2.84e-06,2.86e-06,2.84e-06,2.85e-06,2581577748
1784790000,2026-07-23 07:00:00,2.83e-06,2.85e-06,2.85e-06,2.84e-06,9045826296
1784793600,2026-07-23 08:00:00,2.84e-06,2.85e-06,2.84e-06,2.85e-06,1653010298
1784797200,2026-07-23 09:00:00,2.84e-06,2.87e-06,2.86e-06,2.84e-06,2395757845
1784800800,2026-07-23 10:00:00,2.84e-06,2.86e-06,2.84e-06,2.85e-06,2547883183
1784804400,2026-07-23 11:00:00,2.84e-06,2.86e-06,2.85e-06,2.84e-06,678567790
1784808000,2026-07-23 12:00:00,2.81e-06,2.85e-06,2.84e-06,2.81e-06,50767760990
1784811600,2026-07-23 13:00:00,2.79e-06,2.81e-06,2.81e-06,2.79e-06,9588571284
1784815200,2026-07-23 14:00:00,2.77e-06,2.81e-06,2.79e-06,2.79e-06,6030004227
1784818800,2026-07-23 15:00:00,2.76e-06,2.8e-06,2.8e-06,2.79e-06,9796979149
1784822400,2026-07-23 16:00:00,2.76e-06,2.79e-06,2.79e-06,2.79e-06,6138340945
1784826000,2026-07-23 17:00:00,2.76e-06,2.79e-06,2.78e-06,2.77e-06,2821086111
1784829600,2026-07-23 18:00:00,2.77e-06,2.79e-06,2.77e-06,2.78e-06,2453842474
1784833200,2026-07-23 19:00:00,2.76e-06,2.79e-06,2.78e-06,2.77e-06,3510996331
1784836800,2026-07-23 20:00:00,2.77e-06,2.79e-06,2.78e-06,2.78e-06,50392822726
1784840400,2026-07-23 21:00:00,2.78e-06,2.79e-06,2.78e-06,2.78e-06,4615648572
1784844000,2026-07-23 22:00:00,2.77e-06,2.79e-06,2.79e-06,2.78e-06,6131352917
1784847600,2026-07-23 23:00:00,2.77e-06,2.79e-06,2.79e-06,2.78e-06,4581677715
1784851200,2026-07-24 00:00:00,2.76e-06,2.78e-06,2.78e-06,2.77e-06,12784033214
1784854800,2026-07-24 01:00:00,2.77e-06,2.78e-06,2.77e-06,2.78e-06,10292829881
1784858400,2026-07-24 02:00:00,2.77e-06,2.78e-06,2.78e-06,2.77e-06,6205787789
1784862000,2026-07-24 03:00:00,2.77e-06,2.8e-06,2.77e-06,2.78e-06,17022196569
1784865600,2026-07-24 04:00:00,2.77e-06,2.78e-06,2.78e-06,2.77e-06,11543948634
1784869200,2026-07-24 05:00:00,2.76e-06,2.78e-06,2.77e-06,2.77e-06,3882967746
1784872800,2026-07-24 06:00:00,2.77e-06,2.79e-06,2.78e-06,2.79e-06,4514381918
1784876400,2026-07-24 07:00:00,2.78e-06,2.82e-06,2.79e-06,2.79e-06,24135339533
1784880000,2026-07-24 08:00:00,2.78e-06,2.8e-06,2.79e-06,2.79e-06,3376158329
1784883600,2026-07-24 09:00:00,2.77e-06,2.79e-06,2.79e-06,2.78e-06,2688312898
1784887200,2026-07-24 10:00:00,2.76e-06,2.79e-06,2.79e-06,2.78e-06,2721066095
1784890800,2026-07-24 11:00:00,2.75e-06,2.78e-06,2.77e-06,2.77e-06,3857456931
1784894400,2026-07-24 12:00:00,2.74e-06,2.78e-06,2.77e-06,2.75e-06,5887269553
1784898000,2026-07-24 13:00:00,2.71e-06,2.75e-06,2.75e-06,2.72e-06,22169104050
1784901600,2026-07-24 14:00:00,2.69e-06,2.72e-06,2.72e-06,2.7e-06,15720198544
1784905200,2026-07-24 15:00:00,2.69e-06,2.72e-06,2.7e-06,2.71e-06,8499137278
1784908800,2026-07-24 16:00:00,2.68e-06,2.71e-06,2.7e-06,2.69e-06,7198553328
1784912400,2026-07-24 17:00:00,2.68e-06,2.71e-06,2.69e-06,2.71e-06,63911942217
1784916000,2026-07-24 18:00:00,2.7e-06,2.72e-06,2.71e-06,2.71e-06,4659470879
1784919600,2026-07-24 19:00:00,2.7e-06,2.72e-06,2.71e-06,2.71e-06,2997701957
1784923200,2026-07-24 20:00:00,2.7e-06,2.72e-06,2.71e-06,2.71e-06,1596786043
1784926800,2026-07-24 21:00:00,2.7e-06,2.72e-06,2.71e-06,2.7e-06,3396384815
1784930400,2026-07-24 22:00:00,2.7e-06,2.72e-06,2.7e-06,2.71e-06,976509076
1784934000,2026-07-24 23:00:00,2.71e-06,2.72e-06,2.71e-06,2.71e-06,18235796590
1784937600,2026-07-25 00:00:00,2.71e-06,2.72e-06,2.71e-06,2.71e-06,42041867023
1784941200,2026-07-25 01:00:00,2.7e-06,2.72e-06,2.72e-06,2.71e-06,7567698262
1784944800,2026-07-25 02:00:00,2.7e-06,2.72e-06,2.7e-06,2.7e-06,4947384047
1784948400,2026-07-25 03:00:00,2.7e-06,2.71e-06,2.7e-06,2.7e-06,1293124251
1784952000,2026-07-25 04:00:00,2.7e-06,2.71e-06,2.7e-06,2.7e-06,453622957
1784955600,2026-07-25 05:00:00,2.69e-06,2.71e-06,2.71e-06,2.69e-06,8985312942
1784959200,2026-07-25 06:00:00,2.66e-06,2.69e-06,2.69e-06,2.67e-06,7304967130
1784962800,2026-07-25 07:00:00,2.67e-06,2.68e-06,2.68e-06,2.67e-06,769439190
1784966400,2026-07-25 08:00:00,2.66e-06,2.68e-06,2.67e-06,2.67e-06,1344409718
1784970000,2026-07-25 09:00:00,2.67e-06,2.69e-06,2.67e-06,2.68e-06,1959366963
1784973600,2026-07-25 10:00:00,2.68e-06,2.69e-06,2.68e-06,2.69e-06,202916669
1784977200,2026-07-25 11:00:00,2.67e-06,2.69e-06,2.69e-06,2.69e-06,1327705106
1784980800,2026-07-25 12:00:00,2.68e-06,2.7e-06,2.68e-06,2.69e-06,1271264652
1784984400,2026-07-25 13:00:00,2.7e-06,2.72e-06,2.7e-06,2.7e-06,1748406133
1784988000,2026-07-25 14:00:00,2.69e-06,2.7e-06,2.7e-06,2.7e-06,1282076429
1784991600,2026-07-25 15:00:00,2.69e-06,2.73e-06,2.7e-06,2.73e-06,5649261304
1784995200,2026-07-25 16:00:00,2.72e-06,2.77e-06,2.72e-06,2.76e-06,35111014923
1784998800,2026-07-25 17:00:00,2.75e-06,2.81e-06,2.75e-06,2.8e-06,51312556421
1785002400,2026-07-25 18:00:00,2.77e-06,2.81e-06,2.81e-06,2.77e-06,17061106921
1785006000,2026-07-25 19:00:00,2.76e-06,2.79e-06,2.77e-06,2.79e-06,18573809950
1785009600,2026-07-25 20:00:00,2.75e-06,2.79e-06,2.78e-06,2.75e-06,7405873323
1785013200,2026-07-25 21:00:00,2.74e-06,2.77e-06,2.74e-06,2.76e-06,10212449100
1785016800,2026-07-25 22:00:00,2.74e-06,2.76e-06,2.75e-06,2.74e-06,5818448128
1785020400,2026-07-25 23:00:00,2.73e-06,2.75e-06,2.74e-06,2.73e-06,1663266261
1785024000,2026-07-26 00:00:00,2.73e-06,2.75e-06,2.73e-06,2.74e-06,3376558546
1785027600,2026-07-26 01:00:00,2.74e-06,2.77e-06,2.75e-06,2.76e-06,11155648986
1785031200,2026-07-26 02:00:00,2.76e-06,2.88e-06,2.77e-06,2.85e-06,48690677677
1785034800,2026-07-26 03:00:00,2.84e-06,2.92e-06,2.85e-06,2.92e-06,41352174392
1785038400,2026-07-26 04:00:00,2.88e-06,2.93e-06,2.92e-06,2.89e-06,19250621576
1785042000,2026-07-26 05:00:00,2.9e-06,2.96e-06,2.91e-06,2.94e-06,32295438773
1785045600,2026-07-26 06:00:00,2.88e-06,3.01e-06,2.94e-06,2.99e-06,91954568722
1785049200,2026-07-26 07:00:00,2.98e-06,3.05e-06,2.99e-06,2.98e-06,66087101483
1785052800,2026-07-26 08:00:00,2.97e-06,3.01e-06,2.99e-06,2.99e-06,8272924473
1785056400,2026-07-26 09:00:00,2.95e-06,2.99e-06,2.99e-06,2.95e-06,21928409422
1785060000,2026-07-26 10:00:00,2.94e-06,2.96e-06,2.94e-06,2.94e-06,9350812250
1785063600,2026-07-26 11:00:00,2.94e-06,3.01e-06,2.94e-06,3.01e-06,25620821686
1785067200,2026-07-26 12:00:00,2.98e-06,3.04e-06,3.01e-06,3e-06,30876223220
1785070800,2026-07-26 13:00:00,2.94e-06,3.02e-06,3e-06,2.94e-06,25939821694
1785074400,2026-07-26 14:00:00,2.89e-06,2.96e-06,2.95e-06,2.89e-06,10971397885
1785078000,2026-07-26 15:00:00,2.89e-06,2.94e-06,2.89e-06,2.93e-06,6500108828
1785081600,2026-07-26 16:00:00,2.91e-06,2.95e-06,2.93e-06,2.93e-06,25414766486
1785085200,2026-07-26 17:00:00,2.91e-06,2.95e-06,2.92e-06,2.91e-06,8297123309
1785088800,2026-07-26 18:00:00,2.9e-06,2.92e-06,2.9e-06,2.91e-06,19407453579
1785092400,2026-07-26 19:00:00,2.89e-06,2.92e-06,2.91e-06,2.91e-06,4642193314
1785096000,2026-07-26 20:00:00,2.9e-06,2.91e-06,2.91e-06,2.91e-06,1378714671
1785099600,2026-07-26 21:00:00,2.9e-06,2.93e-06,2.9e-06,2.92e-06,4268730597
1785103200,2026-07-26 22:00:00,2.93e-06,2.98e-06,2.93e-06,2.98e-06,23512113806
1785106800,2026-07-26 23:00:00,2.97e-06,2.99e-06,2.97e-06,2.97e-06,17676678256
1785110400,2026-07-27 00:00:00,2.96e-06,2.99e-06,2.97e-06,2.97e-06,36092268849
1785114000,2026-07-27 01:00:00,2.93e-06,2.98e-06,2.97e-06,2.95e-06,4711216168
1785117600,2026-07-27 02:00:00,2.92e-06,2.95e-06,2.95e-06,2.93e-06,30072457909
1785121200,2026-07-27 03:00:00,2.93e-06,2.95e-06,2.94e-06,2.93e-06,13509558992
1785124800,2026-07-27 04:00:00,2.93e-06,2.96e-06,2.93e-06,2.95e-06,4548003229
1785128400,2026-07-27 05:00:00,2.95e-06,3.06e-06,2.95e-06,3.05e-06,59622413464
1785132000,2026-07-27 06:00:00,3.03e-06,3.11e-06,3.04e-06,3.07e-06,49782056093
1785135600,2026-07-27 07:00:00,3.01e-06,3.07e-06,3.06e-06,3.01e-06,12398430937
1785139200,2026-07-27 08:00:00,2.97e-06,3.02e-06,3.02e-06,2.98e-06,14511671498
1785142800,2026-07-27 09:00:00,2.93e-06,2.98e-06,2.98e-06,2.96e-06,21599008745
1785146400,2026-07-27 10:00:00,2.96e-06,2.97e-06,2.96e-06,2.97e-06,2227364222
1785150000,2026-07-27 11:00:00,2.95e-06,2.98e-06,2.96e-06,2.96e-06,4824425021
1785153600,2026-07-27 12:00:00,2.93e-06,2.98e-06,2.96e-06,2.97e-06,60219689241
1785157200,2026-07-27 13:00:00,2.96e-06,3.03e-06,2.97e-06,3e-06,15263466841
1785160800,2026-07-27 14:00:00,2.91e-06,3.01e-06,2.99e-06,2.94e-06,65882823120
1785164400,2026-07-27 15:00:00,2.94e-06,2.97e-06,2.94e-06,2.94e-06,15934934075
1785168000,2026-07-27 16:00:00,2.93e-06,2.97e-06,2.94e-06,2.95e-06,5022370096
1785171600,2026-07-27 17:00:00,2.93e-06,2.95e-06,2.95e-06,2.93e-06,3109113829
1785175200,2026-07-27 18:00:00,2.88e-06,2.94e-06,2.93e-06,2.91e-06,18225830139
1785178800,2026-07-27 19:00:00,2.89e-06,2.92e-06,2.9e-06,2.91e-06,7360511866
1785182400,2026-07-27 20:00:00,2.9e-06,2.92e-06,2.92e-06,2.91e-06,8744369781
1785186000,2026-07-27 21:00:00,2.89e-06,2.92e-06,2.91e-06,2.9e-06,6024773615
1785189600,2026-07-27 22:00:00,2.82e-06,2.9e-06,2.89e-06,2.82e-06,48103196508
1785193200,2026-07-27 23:00:00,2.81e-06,2.84e-06,2.82e-06,2.83e-06,60892730903
1785196800,2026-07-28 00:00:00,2.79e-06,2.83e-06,2.82e-06,2.8e-06,21330955871
1785200400,2026-07-28 01:00:00,2.77e-06,2.8e-06,2.79e-06,2.79e-06,43011025578
1785204000,2026-07-28 02:00:00,2.78e-06,2.81e-06,2.78e-06,2.8e-06,23266351250
1785207600,2026-07-28 03:00:00,2.8e-06,2.81e-06,2.81e-06,2.8e-06,19968278010
1785211200,2026-07-28 04:00:00,2.8e-06,2.82e-06,2.81e-06,2.81e-06,20865810961
1785214800,2026-07-28 05:00:00,2.81e-06,2.83e-06,2.81e-06,2.81e-06,6624260086
1785218400,2026-07-28 06:00:00,2.81e-06,2.83e-06,2.82e-06,2.83e-06,4899822395
1785222000,2026-07-28 07:00:00,2.8e-06,2.83e-06,2.83e-06,2.81e-06,35599026488
1785225600,2026-07-28 08:00:00,2.8e-06,2.82e-06,2.8e-06,2.81e-06,15139810081
1785229200,2026-07-28 09:00:00,2.8e-06,2.82e-06,2.82e-06,2.81e-06,3048118893
1785232800,2026-07-28 10:00:00,2.81e-06,2.83e-06,2.81e-06,2.82e-06,8077355337
1785236400,2026-07-28 11:00:00,2.8e-06,2.83e-06,2.81e-06,2.81e-06,20569524675
1785240000,2026-07-28 12:00:00,2.8e-06,2.82e-06,2.81e-06,2.81e-06,4894906263
1785243600,2026-07-28 13:00:00,2.76e-06,2.82e-06,2.81e-06,2.78e-06,35420733353
1785247200,2026-07-28 14:00:00,2.75e-06,2.79e-06,2.78e-06,2.79e-06,12314385448
1785250800,2026-07-28 15:00:00,2.78e-06,2.84e-06,2.79e-06,2.83e-06,25385225483
1785254400,2026-07-28 16:00:00,2.79e-06,2.84e-06,2.83e-06,2.81e-06,9934851252
1785258000,2026-07-28 17:00:00,2.77e-06,2.82e-06,2.82e-06,2.79e-06,17439414786
1785261600,2026-07-28 18:00:00,2.78e-06,2.8e-06,2.79e-06,2.8e-06,8586277374
1785265200,2026-07-28 19:00:00,2.79e-06,2.81e-06,2.8e-06,2.8e-06,3836935074
1785268800,2026-07-28 20:00:00,2.79e-06,2.81e-06,2.81e-06,2.8e-06,7893810681
1785272400,2026-07-28 21:00:00,2.8e-06,2.82e-06,2.8e-06,2.81e-06,3134890200
1785276000,2026-07-28 22:00:00,2.79e-06,2.82e-06,2.81e-06,2.79e-06,22239841640
1785279600,2026-07-28 23:00:00,2.78e-06,2.8e-06,2.79e-06,2.8e-06,38188455058
1785283200,2026-07-29 00:00:00,2.79e-06,2.82e-06,2.81e-06,2.79e-06,21299979451
1785286800,2026-07-29 01:00:00,2.77e-06,2.79e-06,2.79e-06,2.77e-06,10650241953
1785290400,2026-07-29 02:00:00,2.77e-06,2.81e-06,2.77e-06,2.78e-06,28368027197
1785294000,2026-07-29 03:00:00,2.73e-06,2.79e-06,2.78e-06,2.73e-06,33485735121
1785297600,2026-07-29 04:00:00,2.71e-06,2.75e-06,2.73e-06,2.74e-06,65262296366
1785301200,2026-07-29 05:00:00,2.74e-06,2.77e-06,2.74e-06,2.76e-06,7540785338
1785304800,2026-07-29 06:00:00,2.75e-06,2.78e-06,2.75e-06,2.76e-06,4453681206
1785308400,2026-07-29 07:00:00,2.75e-06,2.77e-06,2.76e-06,2.76e-06,1845848480
1785312000,2026-07-29 08:00:00,2.73e-06,2.76e-06,2.76e-06,2.74e-06,42540299389
1785315600,2026-07-29 09:00:00,2.74e-06,2.75e-06,2.74e-06,2.74e-06,3470289581
1785319200,2026-07-29 10:00:00,2.73e-06,2.75e-06,2.74e-06,2.74e-06,2445859513
1785322800,2026-07-29 11:00:00,2.74e-06,2.75e-06,2.75e-06,2.74e-06,6756530865
1785326400,2026-07-29 12:00:00,2.72e-06,2.75e-06,2.74e-06,2.75e-06,8614220053
1785330000,2026-07-29 13:00:00,2.73e-06,2.76e-06,2.74e-06,2.74e-06,12159546412
1785333600,2026-07-29 14:00:00,2.7e-06,2.74e-06,2.73e-06,2.71e-06,16777255344
1785337200,2026-07-29 15:00:00,2.7e-06,2.72e-06,2.71e-06,2.7e-06,33879199218
1785340800,2026-07-29 16:00:00,2.7e-06,2.72e-06,2.7e-06,2.71e-06,53366132671
1785344400,2026-07-29 17:00:00,2.71e-06,2.74e-06,2.71e-06,2.74e-06,20633804484
1785348000,2026-07-29 18:00:00,2.73e-06,2.78e-06,2.75e-06,2.78e-06,28488573633
1785351600,2026-07-29 19:00:00,2.7e-06,2.78e-06,2.78e-06,2.7e-06,14071316226
1785355200,2026-07-29 20:00:00,2.67e-06,2.71e-06,2.7e-06,2.68e-06,59719395549
1785358800,2026-07-29 21:00:00,2.66e-06,2.7e-06,2.68e-06,2.69e-06,10956589527
1785362400,2026-07-29 22:00:00,2.7e-06,2.73e-06,2.7e-06,2.72e-06,16528790037
1785366000,2026-07-29 23:00:00,2.72e-06,2.74e-06,2.72e-06,2.73e-06,84191923172
1785369600,2026-07-30 00:00:00,2.7e-06,2.73e-06,2.73e-06,2.72e-06,8573046082
1785373200,2026-07-30 01:00:00,2.71e-06,2.75e-06,2.72e-06,2.75e-06,28468365741
1785376800,2026-07-30 02:00:00,2.74e-06,2.76e-06,2.75e-06,2.75e-06,53138155871
1785380400,2026-07-30 03:00:00,2.74e-06,2.76e-06,2.75e-06,2.75e-06,9309704033
1785384000,2026-07-30 04:00:00,2.73e-06,2.75e-06,2.75e-06,2.73e-06,7588979352
1785387600,2026-07-30 05:00:00,2.73e-06,2.75e-06,2.73e-06,2.74e-06,8347239756
1785391200,2026-07-30 06:00:00,2.73e-06,2.74e-06,2.74e-06,2.73e-06,4357387110
1785394800,2026-07-30 07:00:00,2.72e-06,2.74e-06,2.73e-06,2.73e-06,7942802212
1785398400,2026-07-30 08:00:00,2.72e-06,2.75e-06,2.73e-06,2.74e-06,5215328817
1785402000,2026-07-30 09:00:00,2.73e-06,2.75e-06,2.75e-06,2.75e-06,6523014277
1785405600,2026-07-30 10:00:00,2.75e-06,2.76e-06,2.75e-06,2.75e-06,7137297992
1785409200,2026-07-30 11:00:00,2.74e-06,2.77e-06,2.75e-06,2.76e-06,5206141733
1785412800,2026-07-30 12:00:00,2.74e-06,2.77e-06,2.76e-06,2.75e-06,8393921007
1785416400,2026-07-30 13:00:00,2.75e-06,2.78e-06,2.75e-06,2.78e-06,12555360681
1785420000,2026-07-30 14:00:00,2.75e-06,2.79e-06,2.77e-06,2.78e-06,17388051163
1785423600,2026-07-30 15:00:00,2.75e-06,2.78e-06,2.78e-06,2.77e-06,15830998621
1785427200,2026-07-30 16:00:00,2.76e-06,2.78e-06,2.77e-06,2.77e-06,6322050673
1785430800,2026-07-30 17:00:00,2.76e-06,2.79e-06,2.77e-06,2.79e-06,14496889924
1785434400,2026-07-30 18:00:00,2.76e-06,2.78e-06,2.78e-06,2.77e-06,5926660521
1785438000,2026-07-30 19:00:00,2.76e-06,2.78e-06,2.77e-06,2.78e-06,20041283967
1785441600,2026-07-30 20:00:00,2.77e-06,2.79e-06,2.78e-06,2.78e-06,9819247954
1785445200,2026-07-30 21:00:00,2.77e-06,2.79e-06,2.78e-06,2.77e-06,4423886037
1785448800,2026-07-30 22:00:00,2.77e-06,2.79e-06,2.77e-06,2.78e-06,5059915820
1785452400,2026-07-30 23:00:00,2.76e-06,2.78e-06,2.77e-06,2.76e-06,9622235289
1785456000,2026-07-31 00:00:00,2.76e-06,2.78e-06,2.76e-06,2.78e-06,2649797469
1785459600,2026-07-31 01:00:00,2.76e-06,2.8e-06,2.78e-06,2.76e-06,19369330892
1785463200,2026-07-31 02:00:00,2.72e-06,2.76e-06,2.76e-06,2.73e-06,9876801503
1785466800,2026-07-31 03:00:00,2.72e-06,2.75e-06,2.74e-06,2.74e-06,23686533589
1785470400,2026-07-31 04:00:00,2.73e-06,2.75e-06,2.74e-06,2.74e-06,4016910973
1785474000,2026-07-31 05:00:00,2.74e-06,2.76e-06,2.75e-06,2.75e-06,2767454106
1785477600,2026-07-31 06:00:00,2.73e-06,2.75e-06,2.74e-06,2.74e-06,3479153316
1785481200,2026-07-31 07:00:00,2.72e-06,2.75e-06,2.73e-06,2.73e-06,11173859860
1785484800,2026-07-31 08:00:00,2.73e-06,2.74e-06,2.74e-06,2.74e-06,2053612620
1785488400,2026-07-31 09:00:00,2.71e-06,2.74e-06,2.74e-06,2.71e-06,8704456202
1785492000,2026-07-31 10:00:00,2.72e-06,2.74e-06,2.72e-06,2.74e-06,4917923848
1785495600,2026-07-31 11:00:00,2.73e-06,2.75e-06,2.74e-06,2.73e-06,4189309625
1785499200,2026-07-31 12:00:00,2.73e-06,2.76e-06,2.73e-06,2.76e-06,11258296487
1785502800,2026-07-31 13:00:00,2.74e-06,2.78e-06,2.76e-06,2.75e-06,16559298403
1785506400,2026-07-31 14:00:00,2.72e-06,2.77e-06,2.75e-06,2.73e-06,38811097036
1785510000,2026-07-31 15:00:00,2.72e-06,2.74e-06,2.73e-06,2.72e-06,11065638548
1785513600,2026-07-31 16:00:00,2.72e-06,2.78e-06,2.73e-06,2.77e-06,18392594173
1785517200,2026-07-31 17:00:00,2.75e-06,2.83e-06,2.77e-06,2.79e-06,29145176276
1785520800,2026-07-31 18:00:00,2.76e-06,2.8e-06,2.79e-06,2.77e-06,17804197355
1785524400,2026-07-31 19:00:00,2.74e-06,2.77e-06,2.77e-06,2.75e-06,11328955628
1785528000,2026-07-31 20:00:00,2.74e-06,2.77e-06,2.75e-06,2.75e-06,6654502641
1785531600,2026-07-31 21:00:00,2.74e-06,2.76e-06,2.74e-06,2.74e-06,10317058713
1785535200,2026-07-31 22:00:00,2.74e-06,2.76e-06,2.74e-06,2.75e-06,3907629556
1785538800,2026-07-31 23:00:00,2.74e-06,2.77e-06,2.75e-06,2.76e-06,8549431289
1785542400,2026-08-01 00:00:00,2.76e-06,2.79e-06,2.76e-06,2.79e-06,5285097720
1785546000,2026-08-01 01:00:00,2.77e-06,2.79e-06,2.79e-06,2.79e-06,6847556561
1785549600,2026-08-01 02:00:00,2.77e-06,2.79e-06,2.78e-06,2.77e-06,2568431357
1785553200,2026-08-01 03:00:00,2.76e-06,2.79e-06,2.77e-06,2.79e-06,4173487942
1785556800,2026-08-01 04:00:00,2.78e-06,2.8e-06,2.79e-06,2.79e-06,2994520352
1785560400,2026-08-01 05:00:00,2.77e-06,2.8e-06,2.79e-06,2.8e-06,6638473031
1785564000,2026-08-01 06:00:00,2.77e-06,2.8e-06,2.8e-06,2.78e-06,2589073868
1785567600,2026-08-01 07:00:00,2.77e-06,2.79e-06,2.79e-06,2.78e-06,4363402877
1785571200,2026-08-01 08:00:00,2.77e-06,2.79e-06,2.78e-06,2.78e-06,10967566558
1785574800,2026-08-01 09:00:00,2.75e-06,2.78e-06,2.78e-06,2.76e-06,10224617026
1785578400,2026-08-01 10:00:00,2.74e-06,2.76e-06,2.76e-06,2.75e-06,7525216661
1785582000,2026-08-01 11:00:00,2.74e-06,2.76e-06,2.74e-06,2.75e-06,4299880736
1785585600,2026-08-01 12:00:00,2.75e-06,2.76e-06,2.75e-06,2.76e-06,5758334123
1785589200,2026-08-01 13:00:00,2.75e-06,2.77e-06,2.76e-06,2.77e-06,3368524434
1785592800,2026-08-01 14:00:00,2.76e-06,2.77e-06,2.77e-06,2.77e-06,4966426440
1785596400,2026-08-01 15:00:00,2.75e-06,2.8e-06,2.77e-06,2.8e-06,23454742503
1785600000,2026-08-01 16:00:00,2.77e-06,2.81e-06,2.8e-06,2.77e-06,25062449699
1785603600,2026-08-01 17:00:00,2.75e-06,2.79e-06,2.78e-06,2.75e-06,11704861573
1785607200,2026-08-01 18:00:00,2.72e-06,2.76e-06,2.75e-06,2.75e-06,13034073073
1785610800,2026-08-01 19:00:00,2.75e-06,2.78e-06,2.75e-06,2.76e-06,31819983603
1785614400,2026-08-01 20:00:00,2.73e-06,2.77e-06,2.76e-06,2.75e-06,44592606886
1785618000,2026-08-01 21:00:00,2.76e-06,2.78e-06,2.76e-06,2.77e-06,10375664019
1785621600,2026-08-01 22:00:00,2.76e-06,2.78e-06,2.76e-06,2.77e-06,5257443926
1785625200,2026-08-01 23:00:00,2.76e-06,2.78e-06,2.77e-06,2.77e-06,5164960625
1785628800,2026-08-02 00:00:00,2.77e-06,2.79e-06,2.78e-06,2.79e-06,7437365429
1785632400,2026-08-02 01:00:00,2.79e-06,2.86e-06,2.79e-06,2.85e-06,60219232464
1785636000,2026-08-02 02:00:00,2.84e-06,2.88e-06,2.85e-06,2.86e-06,34439496215
1785639600,2026-08-02 03:00:00,2.86e-06,2.89e-06,2.86e-06,2.87e-06,69505030042
1785643200,2026-08-02 04:00:00,2.87e-06,2.89e-06,2.87e-06,2.89e-06,9682819455
1785646800,2026-08-02 05:00:00,2.87e-06,2.93e-06,2.89e-06,2.93e-06,21941075483
1785650400,2026-08-02 06:00:00,2.91e-06,2.95e-06,2.93e-06,2.92e-06,17604460241
1785654000,2026-08-02 07:00:00,2.91e-06,2.94e-06,2.92e-06,2.94e-06,13859602837
1785657600,2026-08-02 08:00:00,2.9e-06,2.95e-06,2.95e-06,2.91e-06,28534973883
1785661200,2026-08-02 09:00:00,2.89e-06,2.92e-06,2.91e-06,2.91e-06,8668784039
1785664800,2026-08-02 10:00:00,2.89e-06,2.91e-06,2.91e-06,2.9e-06,10314993749
1785668400,2026-08-02 11:00:00,2.88e-06,2.91e-06,2.89e-06,2.9e-06,20199391191
1785672000,2026-08-02 12:00:00,2.88e-06,2.9e-06,2.9e-06,2.89e-06,5505569752
1785675600,2026-08-02 13:00:00,2.88e-06,2.9e-06,2.89e-06,2.89e-06,4545384013
1785679200,2026-08-02 14:00:00,2.89e-06,2.96e-06,2.89e-06,2.92e-06,17704602445
1785682800,2026-08-02 15:00:00,2.9e-06,2.92e-06,2.92e-06,2.9e-06,19327556181
1785686400,2026-08-02 16:00:00,2.88e-06,2.92e-06,2.89e-06,2.9e-06,10853246831
1785690000,2026-08-02 17:00:00,2.9e-06,2.93e-06,2.9e-06,2.91e-06,10984411149
1785693600,2026-08-02 18:00:00,2.9e-06,2.92e-06,2.91e-06,2.91e-06,8214262935
1785697200,2026-08-02 19:00:00,2.91e-06,2.92e-06,2.91e-06,2.91e-06,8826034344
1785700800,2026-08-02 20:00:00,2.9e-06,2.92e-06,2.92e-06,2.9e-06,5615174442
1785704400,2026-08-02 21:00:00,2.9e-06,2.93e-06,2.91e-06,2.93e-06,28608395844
1785708000,2026-08-02 22:00:00,2.89e-06,2.94e-06,2.93e-06,2.9e-06,22247956295
1785711600,2026-08-02 23:00:00,2.89e-06,2.91e-06,2.9e-06,2.91e-06,5538345633
1785715200,2026-08-03 00:00:00,2.88e-06,2.9e-06,2.9e-06,2.88e-06,10428141254
1785718800,2026-08-03 01:00:00,2.87e-06,2.89e-06,2.88e-06,2.87e-06,14108354005
1785722400,2026-08-03 02:00:00,2.86e-06,2.88e-06,2.86e-06,2.87e-06,4997474160
1785726000,2026-08-03 03:00:00,2.85e-06,2.87e-06,2.87e-06,2.85e-06,5212932581
1785729600,2026-08-03 04:00:00,2.85e-06,2.87e-06,2.85e-06,2.85e-06,60234460837
1785733200,2026-08-03 05:00:00,2.85e-06,2.87e-06,2.86e-06,2.85e-06,5879095611
1785736800,2026-08-03 06:00:00,2.82e-06,2.86e-06,2.86e-06,2.82e-06,5147931668
1785740400,2026-08-03 07:00:00,2.82e-06,2.84e-06,2.82e-06,2.83e-06,4245132253
1785744000,2026-08-03 08:00:00,2.82e-06,2.84e-06,2.83e-06,2.83e-06,7825527943
1785747600,2026-08-03 09:00:00,2.83e-06,2.85e-06,2.83e-06,2.85e-06,14683366615
1785751200,2026-08-03 10:00:00,2.83e-06,2.85e-06,2.84e-06,2.85e-06,8392184525
1785754800,2026-08-03 11:00:00,2.84e-06,2.86e-06,2.84e-06,2.85e-06,16548346859
1785758400,2026-08-03 12:00:00,2.84e-06,2.86e-06,2.85e-06,2.86e-06,3277196517
1785762000,2026-08-03 13:00:00,2.85e-06,2.9e-06,2.85e-06,2.9e-06,24284475546
1785765600,2026-08-03 14:00:00,2.88e-06,2.9e-06,2.89e-06,2.9e-06,17414608234
1785769200,2026-08-03 15:00:00,2.89e-06,2.92e-06,2.9e-06,2.91e-06,34282131374
1785772800,2026-08-03 16:00:00,2.9e-06,2.93e-06,2.91e-06,2.91e-06,34393445578
1785776400,2026-08-03 17:00:00,2.9e-06,2.92e-06,2.9e-06,2.91e-06,8382727653
1785780000,2026-08-03 18:00:00,2.92e-06,2.94e-06,2.92e-06,2.94e-06,11682960395
1785783600,2026-08-03 19:00:00,2.93e-06,2.95e-06,2.95e-06,2.93e-06,14315340872
1785787200,2026-08-03 20:00:00,2.92e-06,2.95e-06,2.93e-06,2.95e-06,9335167686
1785790800,2026-08-03 21:00:00,2.92e-06,2.96e-06,2.95e-06,2.93e-06,8575057897
1785794400,2026-08-03 22:00:00,2.89e-06,2.94e-06,2.93e-06,2.91e-06,6254631646
1785798000,2026-08-03 23:00:00,2.9e-06,2.91e-06,2.91e-06,2.9e-06,1313382015
1785801600,2026-08-04 00:00:00,2.89e-06,2.91e-06,2.9e-06,2.89e-06,10599368881
1785805200,2026-08-04 01:00:00,2.89e-06,2.95e-06,2.89e-06,2.94e-06,7253795010
1785808800,2026-08-04 02:00:00,2.93e-06,2.96e-06,2.94e-06,2.94e-06,8902754095
1785812400,2026-08-04 03:00:00,2.93e-06,2.95e-06,2.94e-06,2.94e-06,6403001264
1785816000,2026-08-04 04:00:00,2.93e-06,2.98e-06,2.94e-06,2.95e-06,13386653732
1785819600,2026-08-04 05:00:00,2.93e-06,2.95e-06,2.95e-06,2.93e-06,7326212136
1785823200,2026-08-04 06:00:00,2.9e-06,2.94e-06,2.93e-06,2.9e-06,10070923777
1785826800,2026-08-04 07:00:00,2.9e-06,2.93e-06,2.91e-06,2.92e-06,4176839177
1785830400,2026-08-04 08:00:00,2.91e-06,2.93e-06,2.92e-06,2.91e-06,3768668113
1785834000,2026-08-04 09:00:00,2.89e-06,2.92e-06,2.91e-06,2.9e-06,9939912814
1785837600,2026-08-04 10:00:00,2.89e-06,2.92e-06,2.9e-06,2.91e-06,5313778751
1785841200,2026-08-04 11:00:00,2.89e-06,2.91e-06,2.91e-06,2.9e-06,7401080589
1785844800,2026-08-04 12:00:00,2.89e-06,2.92e-06,2.9e-06,2.9e-06,20147336025
1785848400,2026-08-04 13:00:00,2.88e-06,2.91e-06,2.89e-06,2.88e-06,13158667562
1785852000,2026-08-04 14:00:00,2.87e-06,2.89e-06,2.88e-06,2.89e-06,27821960252
1785855600,2026-08-04 15:00:00,2.88e-06,2.91e-06,2.89e-06,2.9e-06,8530880109
1785859200,2026-08-04 16:00:00,2.89e-06,2.91e-06,2.91e-06,2.91e-06,4631310381
1785862800,2026-08-04 17:00:00,2.9e-06,2.92e-06,2.92e-06,2.9e-06,7410044528
1785866400,2026-08-04 18:00:00,2.9e-06,2.92e-06,2.91e-06,2.91e-06,14389242168
1785870000,2026-08-04 19:00:00,2.91e-06,2.93e-06,2.91e-06,2.92e-06,7616732905
1785873600,2026-08-04 20:00:00,2.9e-06,2.93e-06,2.92e-06,2.92e-06,9649310553
1785877200,2026-08-04 21:00:00,2.91e-06,2.92e-06,2.92e-06,2.91e-06,6417482096
1785880800,2026-08-04 22:00:00,2.9e-06,2.92e-06,2.91e-06,2.92e-06,3779887424
1785884400,2026-08-04 23:00:00,2.88e-06,2.92e-06,2.91e-06,2.88e-06,3144503696
1785888000,2026-08-05 00:00:00,2.86e-06,2.89e-06,2.89e-06,2.86e-06,17463995451
1785891600,2026-08-05 01:00:00,2.85e-06,2.89e-06,2.86e-06,2.89e-06,21102628771
1785895200,2026-08-05 02:00:00,2.89e-06,2.9e-06,2.89e-06,2.89e-06,27989144552
1785898800,2026-08-05 03:00:00,2.84e-06,2.89e-06,2.89e-06,2.85e-06,58813492418
1785902400,2026-08-05 04:00:00,2.85e-06,2.86e-06,2.85e-06,2.86e-06,5987254648
1785906000,2026-08-05 05:00:00,2.85e-06,2.87e-06,2.86e-06,2.86e-06,3733946000
1785909600,2026-08-05 06:00:00,2.84e-06,2.86e-06,2.86e-06,2.85e-06,8414904520
1785913200,2026-08-05 07:00:00,2.85e-06,2.86e-06,2.85e-06,2.86e-06,8084298125
1785916800,2026-08-05 08:00:00,2.85e-06,2.87e-06,2.86e-06,2.86e-06,21604162549
1785920400,2026-08-05 09:00:00,2.86e-06,2.88e-06,2.87e-06,2.88e-06,1973375226
1785924000,2026-08-05 10:00:00,2.86e-06,2.89e-06,2.87e-06,2.86e-06,5710124773
1785927600,2026-08-05 11:00:00,2.86e-06,2.87e-06,2.87e-06,2.86e-06,6649740509
1785931200,2026-08-05 12:00:00,2.86e-06,2.9e-06,2.86e-06,2.88e-06,6790480458
1785934800,2026-08-05 13:00:00,2.84e-06,2.88e-06,2.87e-06,2.87e-06,12436269202
1785938400,2026-08-05 14:00:00,2.84e-06,2.88e-06,2.87e-06,2.85e-06,15882857815
1785942000,2026-08-05 15:00:00,2.84e-06,2.87e-06,2.86e-06,2.84e-06,9103799811
1785945600,2026-08-05 16:00:00,2.84e-06,2.89e-06,2.84e-06,2.88e-06,9278308972
1785949200,2026-08-05 17:00:00,2.87e-06,2.89e-06,2.88e-06,2.89e-06,5753287499
1785952800,2026-08-05 18:00:00,2.87e-06,2.89e-06,2.88e-06,2.87e-06,6146539452
1785956400,2026-08-05 19:00:00,2.87e-06,2.88e-06,2.87e-06,2.87e-06,1779895318
1785960000,2026-08-05 20:00:00,2.86e-06,2.9e-06,2.88e-06,2.88e-06,12842121846
1785963600,2026-08-05 21:00:00,2.87e-06,2.89e-06,2.88e-06,2.88e-06,3535838578
1785967200,2026-08-05 22:00:00,2.86e-06,2.89e-06,2.88e-06,2.86e-06,6721402435
1785970800,2026-08-05 23:00:00,2.85e-06,2.88e-06,2.86e-06,2.87e-06,6440709274
1785974400,2026-08-06 00:00:00,2.86e-06,2.89e-06,2.87e-06,2.89e-06,7342212151
1785978000,2026-08-06 01:00:00,2.85e-06,2.89e-06,2.88e-06,2.85e-06,10703894355
1785981600,2026-08-06 02:00:00,2.84e-06,2.86e-06,2.85e-06,2.84e-06,11420753992
1785985200,2026-08-06 03:00:00,2.74e-06,2.85e-06,2.84e-06,2.82e-06,275043887427
1785988800,2026-08-06 04:00:00,2.75e-06,2.85e-06,2.82e-06,2.84e-06,330200500780
1785992400,2026-08-06 05:00:00,2.84e-06,2.86e-06,2.84e-06,2.85e-06,16151722233
1785996000,2026-08-06 06:00:00,2.84e-06,2.85e-06,2.85e-06,2.85e-06,7545409589
1785999600,2026-08-06 07:00:00,2.83e-06,2.85e-06,2.85e-06,2.84e-06,8728083845
1786003200,2026-08-06 08:00:00,2.82e-06,2.84e-06,2.84e-06,2.83e-06,8139174140
1786006800,2026-08-06 09:00:00,2.78e-06,2.83e-06,2.83e-06,2.78e-06,26325523325
1786010400,2026-08-06 10:00:00,2.76e-06,2.79e-06,2.78e-06,2.78e-06,5467117273
1786014000,2026-08-06 11:00:00,2.78e-06,2.8e-06,2.78e-06,2.8e-06,7630245600
1786017600,2026-08-06 12:00:00,2.79e-06,2.81e-06,2.8e-06,2.79e-06,5894935619
1786021200,2026-08-06 13:00:00,2.78e-06,2.81e-06,2.79e-06,2.8e-06,9085011250
1786024800,2026-08-06 14:00:00,2.8e-06,2.82e-06,2.8e-06,2.82e-06,14859170394
1786028400,2026-08-06 15:00:00,2.8e-06,2.82e-06,2.82e-06,2.8e-06,45205286493
1786032000,2026-08-06 16:00:00,2.79e-06,2.81e-06,2.8e-06,2.81e-06,4365505870
1786035600,2026-08-06 17:00:00,2.8e-06,2.82e-06,2.81e-06,2.81e-06,3020067189
1786039200,2026-08-06 18:00:00,2.8e-06,2.82e-06,2.81e-06,2.8e-06,6076221177
1786042800,2026-08-06 19:00:00,2.79e-06,2.8e-06,2.8e-06,2.79e-06,4384469882
1786046400,2026-08-06 20:00:00,2.79e-06,2.81e-06,2.8e-06,2.81e-06,12148560283
1786050000,2026-08-06 21:00:00,2.8e-06,2.82e-06,2.82e-06,2.82e-06,13111781117
1786053600,2026-08-06 22:00:00,2.8e-06,2.81e-06,2.81e-06,2.81e-06,831951548
1786057200,2026-08-06 23:00:00,2.8e-06,2.81e-06,2.8e-06,2.8e-06,3326827556
1786060800,2026-08-07 00:00:00,2.8e-06,2.82e-06,2.81e-06,2.81e-06,7064087677
1786064400,2026-08-07 01:00:00,2.8e-06,2.81e-06,2.81e-06,2.8e-06,2879800480
1786068000,2026-08-07 02:00:00,2.79e-06,2.81e-06,2.8e-06,2.8e-06,9749465487
1786071600,2026-08-07 03:00:00,2.79e-06,2.81e-06,2.8e-06,2.79e-06,7524339496
1786075200,2026-08-07 04:00:00,2.78e-06,2.8e-06,2.79e-06,2.79e-06,3675036412
1786078800,2026-08-07 05:00:00,2.78e-06,2.8e-06,2.79e-06,2.8e-06,3467088359
1786082400,2026-08-07 06:00:00,2.8e-06,2.81e-06,2.8e-06,2.8e-06,2745453733
1786086000,2026-08-07 07:00:00,2.8e-06,2.81e-06,2.8e-06,2.81e-06,2627505831
1786089600,2026-08-07 08:00:00,2.8e-06,2.83e-06,2.8e-06,2.81e-06,2550800926
1786093200,2026-08-07 09:00:00,2.81e-06,2.82e-06,2.81e-06,2.82e-06,2153321552
1786096800,2026-08-07 10:00:00,2.8e-06,2.82e-06,2.82e-06,2.8e-06,7088372825
1786100400,2026-08-07 11:00:00,2.81e-06,2.83e-06,2.81e-06,2.83e-06,6798223854
1786104000,2026-08-07 12:00:00,2.83e-06,2.86e-06,2.84e-06,2.84e-06,10349066148
1786107600,2026-08-07 13:00:00,2.83e-06,2.86e-06,2.84e-06,2.83e-06,59571969961
1786111200,2026-08-07 14:00:00,2.81e-06,2.84e-06,2.83e-06,2.81e-06,11797945028
1786114800,2026-08-07 15:00:00,2.81e-06,2.83e-06,2.81e-06,2.83e-06,7218697090
1786118400,2026-08-07 16:00:00,2.81e-06,2.84e-06,2.83e-06,2.81e-06,5870175066
1786122000,2026-08-07 17:00:00,2.79e-06,2.81e-06,2.81e-06,2.81e-06,2514696375
1786125600,2026-08-07 18:00:00,2.79e-06,2.81e-06,2.8e-06,2.8e-06,1500953518
1786129200,2026-08-07 19:00:00,2.8e-06,2.84e-06,2.8e-06,2.84e-06,4725048175
1786132800,2026-08-07 20:00:00,2.83e-06,2.84e-06,2.84e-06,2.83e-06,2836670478
1786136400,2026-08-07 21:00:00,2.82e-06,2.84e-06,2.84e-06,2.82e-06,3201984631
1786140000,2026-08-07 22:00:00,2.81e-06,2.83e-06,2.83e-06,2.82e-06,7123746179
1786143600,2026-08-07 23:00:00,2.81e-06,2.83e-06,2.82e-06,2.81e-06,3425038794
1786147200,2026-08-08 00:00:00,2.8e-06,2.82e-06,2.8e-06,2.82e-06,1687232020
