timestamp,datetime,low,high,open,close,volume
1754103600,2025-08-02 03:00:00,3.553,3.569,3.555,3.566,22473.38
1754107200,2025-08-02 04:00:00,3.559,3.601,3.567,3.592,32985.07
1754110800,2025-08-02 05:00:00,3.565,3.596,3.591,3.569,23234.3
1754114400,2025-08-02 06:00:00,3.473,3.569,3.569,3.498,23680.78
1754118000,2025-08-02 07:00:00,3.47,3.555,3.497,3.554,25577.77
1754121600,2025-08-02 08:00:00,3.5,3.562,3.552,3.505,27585.45
1754125200,2025-08-02 09:00:00,3.492,3.518,3.504,3.507,15258.61
1754128800,2025-08-02 10:00:00,3.467,3.51,3.507,3.487,22902
1754132400,2025-08-02 11:00:00,3.46,3.522,3.487,3.496,19468.76
1754136000,2025-08-02 12:00:00,3.474,3.51,3.495,3.506,14307.06
1754139600,2025-08-02 13:00:00,3.475,3.523,3.506,3.512,14734.83
1754143200,2025-08-02 14:00:00,3.432,3.519,3.512,3.452,35946.85
1754146800,2025-08-02 15:00:00,3.421,3.489,3.455,3.431,42931.96
1754150400,2025-08-02 16:00:00,3.392,3.46,3.431,3.445,118929.44
1754154000,2025-08-02 17:00:00,3.374,3.467,3.443,3.392,37558.34
1754157600,2025-08-02 18:00:00,3.342,3.407,3.393,3.361,66285.17
1754161200,2025-08-02 19:00:00,3.343,3.432,3.362,3.386,28746.96
1754164800,2025-08-02 20:00:00,3.383,3.422,3.385,3.42,21437.59
1754168400,2025-08-02 21:00:00,3.396,3.442,3.419,3.419,27052.82
1754172000,2025-08-02 22:00:00,3.393,3.442,3.419,3.431,25706.56
1754175600,2025-08-02 23:00:00,3.378,3.436,3.431,3.414,32978.42
1754179200,2025-08-03 00:00:00,3.362,3.445,3.414,3.444,47223.58
1754182800,2025-08-03 01:00:00,3.427,3.457,3.445,3.445,20362.55
1754186400,2025-08-03 02:00:00,3.446,3.482,3.446,3.478,20618.68
1754190000,2025-08-03 03:00:00,3.459,3.478,3.477,3.468,29081.22
1754193600,2025-08-03 04:00:00,3.451,3.47,3.467,3.465,16082.19
1754197200,2025-08-03 05:00:00,3.454,3.474,3.464,3.46,19112.56
1754200800,2025-08-03 06:00:00,3.451,3.467,3.461,3.465,12506.35
1754204400,2025-08-03 07:00:00,3.464,3.491,3.466,3.486,14955.08
1754208000,2025-08-03 08:00:00,3.475,3.494,3.487,3.488,16909.01
1754211600,2025-08-03 09:00:00,3.475,3.493,3.489,3.491,16335.51
1754215200,2025-08-03 10:00:00,3.489,3.529,3.491,3.511,33759.92
1754218800,2025-08-03 11:00:00,3.504,3.542,3.51,3.505,60408.04
1754222400,2025-08-03 12:00:00,3.489,3.523,3.506,3.515,32397.61
1754226000,2025-08-03 13:00:00,3.497,3.524,3.512,3.509,22172.75
1754229600,2025-08-03 14:00:00,3.485,3.513,3.51,3.508,24071.05
1754233200,2025-08-03 15:00:00,3.495,3.519,3.507,3.516,16423.81
1754236800,2025-08-03 16:00:00,3.496,3.523,3.514,3.518,16266.74
1754240400,2025-08-03 17:00:00,3.504,3.549,3.519,3.549,24637.47
1754244000,2025-08-03 18:00:00,3.538,3.566,3.546,3.566,20472.2
1754247600,2025-08-03 19:00:00,3.549,3.587,3.563,3.555,28045.76
1754251200,2025-08-03 20:00:00,3.54,3.565,3.555,3.56,20803.83
1754254800,2025-08-03 21:00:00,3.559,3.641,3.559,3.585,72254.48
1754258400,2025-08-03 22:00:00,3.561,3.595,3.585,3.585,41178.89
1754262000,2025-08-03 23:00:00,3.568,3.603,3.584,3.573,12917.31
1754265600,2025-08-04 00:00:00,3.563,3.642,3.57,3.64,20213.4
1754269200,2025-08-04 01:00:00,3.599,3.655,3.639,3.602,47379.98
1754272800,2025-08-04 02:00:00,3.581,3.626,3.604,3.623,20050.42
1754276400,2025-08-04 03:00:00,3.603,3.629,3.624,3.608,13208.16
1754280000,2025-08-04 04:00:00,3.593,3.62,3.608,3.597,10710.33
1754283600,2025-08-04 05:00:00,3.578,3.602,3.597,3.599,14662.19
1754287200,2025-08-04 06:00:00,3.576,3.602,3.6,3.6,14546.9
1754290800,2025-08-04 07:00:00,3.586,3.625,3.601,3.617,34442.56
1754294400,2025-08-04 08:00:00,3.593,3.63,3.617,3.609,17699.77
1754298000,2025-08-04 09:00:00,3.552,3.618,3.609,3.557,21165.78
1754301600,2025-08-04 10:00:00,3.553,3.576,3.558,3.558,40549.25
1754305200,2025-08-04 11:00:00,3.532,3.56,3.557,3.546,12822.98
1754308800,2025-08-04 12:00:00,3.544,3.574,3.549,3.57,14040.6
1754312400,2025-08-04 13:00:00,3.546,3.634,3.571,3.633,19797.15
1754316000,2025-08-04 14:00:00,3.611,3.671,3.635,3.62,57470.78
1754319600,2025-08-04 15:00:00,3.605,3.648,3.62,3.626,32280.55
1754323200,2025-08-04 16:00:00,3.628,3.693,3.628,3.692,26003.97
1754326800,2025-08-04 17:00:00,3.663,3.723,3.689,3.676,46160.16
1754330400,2025-08-04 18:00:00,3.645,3.682,3.674,3.659,33790.77
1754334000,2025-08-04 19:00:00,3.621,3.66,3.658,3.624,16675.68
1754337600,2025-08-04 20:00:00,3.619,3.679,3.625,3.668,12647.15
1754341200,2025-08-04 21:00:00,3.666,3.71,3.666,3.691,15221.72
1754344800,2025-08-04 22:00:00,3.692,3.715,3.692,3.71,20234.46
1754348400,2025-08-04 23:00:00,3.69,3.711,3.708,3.7,12339.31
1754352000,2025-08-05 00:00:00,3.685,3.719,3.701,3.686,14674.03
1754355600,2025-08-05 01:00:00,3.649,3.706,3.685,3.653,11348.81
1754359200,2025-08-05 02:00:00,3.648,3.676,3.653,3.674,6912.42
1754362800,2025-08-05 03:00:00,3.615,3.68,3.676,3.617,15780.32
1754366400,2025-08-05 04:00:00,3.595,3.632,3.619,3.598,10625.01
1754370000,2025-08-05 05:00:00,3.599,3.622,3.599,3.614,5515.03
1754373600,2025-08-05 06:00:00,3.581,3.637,3.613,3.591,21193.6
1754377200,2025-08-05 07:00:00,3.538,3.6,3.591,3.544,10694.96
1754380800,2025-08-05 08:00:00,3.538,3.581,3.547,3.578,10915.12
1754384400,2025-08-05 09:00:00,3.578,3.617,3.579,3.609,7576.35
1754388000,2025-08-05 10:00:00,3.589,3.65,3.608,3.636,115829.14
1754391600,2025-08-05 11:00:00,3.631,3.649,3.637,3.641,32507.88
1754395200,2025-08-05 12:00:00,3.561,3.643,3.642,3.588,40573.94
1754398800,2025-08-05 13:00:00,3.581,3.637,3.585,3.611,98536.09
1754402400,2025-08-05 14:00:00,3.507,3.611,3.61,3.523,73033.35
1754406000,2025-08-05 15:00:00,3.472,3.538,3.522,3.487,36078.03
1754409600,2025-08-05 16:00:00,3.476,3.521,3.486,3.5,21560.48
1754413200,2025-08-05 17:00:00,3.486,3.533,3.5,3.526,36670.57
1754416800,2025-08-05 18:00:00,3.475,3.53,3.525,3.501,17334.91
1754420400,2025-08-05 19:00:00,3.467,3.515,3.501,3.481,24776.18
1754424000,2025-08-05 20:00:00,3.476,3.517,3.479,3.486,9949.86
1754427600,2025-08-05 21:00:00,3.47,3.507,3.487,3.47,13908.28
1754431200,2025-08-05 22:00:00,3.441,3.508,3.469,3.502,22807.83
1754434800,2025-08-05 23:00:00,3.502,3.539,3.502,3.535,29926.06
1754438400,2025-08-06 00:00:00,3.476,3.536,3.535,3.478,36723.25
1754442000,2025-08-06 01:00:00,3.458,3.484,3.477,3.478,18177.02
1754445600,2025-08-06 02:00:00,3.45,3.48,3.478,3.469,12020.28
1754449200,2025-08-06 03:00:00,3.438,3.468,3.468,3.445,13034.28
1754452800,2025-08-06 04:00:00,3.428,3.452,3.445,3.444,4962.87
1754456400,2025-08-06 05:00:00,3.443,3.547,3.443,3.517,25968
1754460000,2025-08-06 06:00:00,3.496,3.537,3.518,3.527,14641.76
1754463600,2025-08-06 07:00:00,3.52,3.561,3.527,3.554,22378.04
1754467200,2025-08-06 08:00:00,3.505,3.562,3.554,3.515,25285.24
1754470800,2025-08-06 09:00:00,3.508,3.551,3.515,3.529,14598.19
1754474400,2025-08-06 10:00:00,3.5,3.533,3.53,3.514,17525.8
1754478000,2025-08-06 11:00:00,3.511,3.544,3.514,3.515,22172.93
1754481600,2025-08-06 12:00:00,3.479,3.523,3.516,3.492,11415.37
1754485200,2025-08-06 13:00:00,3.467,3.522,3.494,3.507,92486.24
1754488800,2025-08-06 14:00:00,3.497,3.585,3.508,3.584,19988.14
1754492400,2025-08-06 15:00:00,3.56,3.621,3.581,3.614,23168.84
1754496000,2025-08-06 16:00:00,3.57,3.627,3.614,3.579,25873.42
1754499600,2025-08-06 17:00:00,3.567,3.641,3.579,3.615,69558.07
1754503200,2025-08-06 18:00:00,3.6,3.637,3.616,3.602,23809.55
1754506800,2025-08-06 19:00:00,3.595,3.613,3.602,3.607,26093
1754510400,2025-08-06 20:00:00,3.589,3.612,3.608,3.606,15805.22
1754514000,2025-08-06 21:00:00,3.579,3.615,3.607,3.595,29632.36
1754517600,2025-08-06 22:00:00,3.591,3.612,3.595,3.6,9237.39
1754521200,2025-08-06 23:00:00,3.592,3.603,3.601,3.593,11327.04
1754524800,2025-08-07 00:00:00,3.578,3.605,3.592,3.583,16517.44
1754528400,2025-08-07 01:00:00,3.577,3.622,3.582,3.587,39491.7
1754532000,2025-08-07 02:00:00,3.573,3.6,3.586,3.579,27804.7
1754535600,2025-08-07 03:00:00,3.565,3.585,3.581,3.565,13856.08
1754539200,2025-08-07 04:00:00,3.563,3.59,3.564,3.57,8878.03
1754542800,2025-08-07 05:00:00,3.562,3.601,3.57,3.6,12805.97
1754546400,2025-08-07 06:00:00,3.594,3.624,3.597,3.607,16941.9
1754550000,2025-08-07 07:00:00,3.608,3.625,3.608,3.614,9480.92
1754553600,2025-08-07 08:00:00,3.603,3.626,3.615,3.606,7828.08
1754557200,2025-08-07 09:00:00,3.599,3.621,3.605,3.621,7648.22
1754560800,2025-08-07 10:00:00,3.618,3.713,3.62,3.709,308720.2
1754564400,2025-08-07 11:00:00,3.709,3.74,3.709,3.732,35259.12
1754568000,2025-08-07 12:00:00,3.703,3.742,3.733,3.736,55075.59
1754571600,2025-08-07 13:00:00,3.723,3.75,3.735,3.735,38461
1754575200,2025-08-07 14:00:00,3.683,3.735,3.735,3.693,52983.2
1754578800,2025-08-07 15:00:00,3.678,3.709,3.694,3.702,67230.6
1754582400,2025-08-07 16:00:00,3.624,3.713,3.703,3.665,46032.29
1754586000,2025-08-07 17:00:00,3.655,3.677,3.665,3.671,62732.82
1754589600,2025-08-07 18:00:00,3.649,3.671,3.671,3.669,18163.85
1754593200,2025-08-07 19:00:00,3.664,3.718,3.669,3.718,294907.23
1754596800,2025-08-07 20:00:00,3.717,3.759,3.718,3.747,93809.1
1754600400,2025-08-07 21:00:00,3.732,3.77,3.748,3.756,49698.03
1754604000,2025-08-07 22:00:00,3.692,3.79,3.757,3.787,163680.78
1754607600,2025-08-07 23:00:00,3.77,3.819,3.788,3.811,74706.24
1754611200,2025-08-08 00:00:00,3.77,3.852,3.812,3.811,89730.07
1754614800,2025-08-08 01:00:00,3.783,3.826,3.811,3.798,35752.35
1754618400,2025-08-08 02:00:00,3.78,3.812,3.799,3.796,14035.33
1754622000,2025-08-08 03:00:00,3.79,3.847,3.796,3.821,34768.39
1754625600,2025-08-08 04:00:00,3.793,3.829,3.821,3.796,86262.91
1754629200,2025-08-08 05:00:00,3.756,3.801,3.796,3.771,50777.38
1754632800,2025-08-08 06:00:00,3.768,3.823,3.772,3.823,16167.32
1754636400,2025-08-08 07:00:00,3.797,3.864,3.824,3.864,90091.69
1754640000,2025-08-08 08:00:00,3.828,3.887,3.865,3.843,18369.19
1754643600,2025-08-08 09:00:00,3.831,3.881,3.842,3.866,80184.92
1754647200,2025-08-08 10:00:00,3.842,3.873,3.865,3.857,9478.09
1754650800,2025-08-08 11:00:00,3.859,3.887,3.859,3.884,9546.03
1754654400,2025-08-08 12:00:00,3.831,3.882,3.882,3.833,8626.25
1754658000,2025-08-08 13:00:00,3.834,3.926,3.835,3.925,40283.81
1754661600,2025-08-08 14:00:00,3.837,3.95,3.925,3.865,40685.76
1754665200,2025-08-08 15:00:00,3.782,3.871,3.866,3.816,80100.76
1754668800,2025-08-08 16:00:00,3.802,3.823,3.818,3.817,24244.14
1754672400,2025-08-08 17:00:00,3.817,3.914,3.817,3.913,25406.54
1754676000,2025-08-08 18:00:00,3.878,3.929,3.913,3.888,26456.36
1754679600,2025-08-08 19:00:00,3.844,3.896,3.89,3.89,109842.17
1754683200,2025-08-08 20:00:00,3.856,3.898,3.893,3.872,113432.52
1754686800,2025-08-08 21:00:00,3.849,3.881,3.871,3.88,102939.4
1754690400,2025-08-08 22:00:00,3.86,3.886,3.88,3.873,34183.8
1754694000,2025-08-08 23:00:00,3.853,3.883,3.873,3.855,52465.92
1754697600,2025-08-09 00:00:00,3.852,3.873,3.858,3.859,49317.62
1754701200,2025-08-09 01:00:00,3.847,3.891,3.858,3.885,6248.12
1754704800,2025-08-09 02:00:00,3.873,3.89,3.884,3.873,8983.15
1754708400,2025-08-09 03:00:00,3.859,3.882,3.872,3.864,19683.12
1754712000,2025-08-09 04:00:00,3.786,3.893,3.863,3.89,130740.2
1754715600,2025-08-09 05:00:00,3.886,3.984,3.889,3.964,53336.17
1754719200,2025-08-09 06:00:00,3.925,3.965,3.965,3.933,25804.39
1754722800,2025-08-09 07:00:00,3.928,3.971,3.933,3.971,14503.48
1754726400,2025-08-09 08:00:00,3.962,3.997,3.972,3.996,25964.29
1754730000,2025-08-09 09:00:00,3.982,4.017,3.996,4.009,18481.33
1754733600,2025-08-09 10:00:00,3.999,4.022,4.009,4.004,17692.16
1754737200,2025-08-09 11:00:00,3.983,4.012,4.003,3.988,9907.36
1754740800,2025-08-09 12:00:00,3.977,4.037,3.989,4.029,37871.61
1754744400,2025-08-09 13:00:00,3.957,4.039,4.028,3.958,19075.63
1754748000,2025-08-09 14:00:00,3.89,3.973,3.958,3.973,97815.1
1754751600,2025-08-09 15:00:00,3.94,3.988,3.971,3.966,16161.43
1754755200,2025-08-09 16:00:00,3.96,3.99,3.968,3.96,14385.69
1754758800,2025-08-09 17:00:00,3.954,4.001,3.958,3.995,11107.81
1754762400,2025-08-09 18:00:00,3.987,4.017,3.992,4.015,26561.67
1754766000,2025-08-09 19:00:00,3.999,4.025,4.014,4.001,26499.97
1754769600,2025-08-09 20:00:00,3.99,4.053,4.002,4.045,33784.03
1754773200,2025-08-09 21:00:00,3.982,4.047,4.042,4.008,44515.64
1754776800,2025-08-09 22:00:00,3.977,4.041,4.005,3.979,24220.32
1754780400,2025-08-09 23:00:00,3.967,3.989,3.978,3.976,16928.52
1754784000,2025-08-10 00:00:00,3.971,4.049,3.979,4.032,23724.53
1754787600,2025-08-10 01:00:00,4.01,4.049,4.033,4.043,27902.77
1754791200,2025-08-10 02:00:00,3.986,4.051,4.042,3.992,57636.81
1754794800,2025-08-10 03:00:00,3.979,4.048,3.991,4.034,31266.11
1754798400,2025-08-10 04:00:00,4.015,4.067,4.033,4.045,9447.29
1754802000,2025-08-10 05:00:00,3.969,4.046,4.046,3.975,30527.72
1754805600,2025-08-10 06:00:00,3.916,3.974,3.973,3.938,25858.46
1754809200,2025-08-10 07:00:00,3.854,3.961,3.938,3.87,27944.78
1754812800,2025-08-10 08:00:00,3.814,3.901,3.87,3.886,34632.71
1754816400,2025-08-10 09:00:00,3.874,3.906,3.887,3.884,22950.45
1754820000,2025-08-10 10:00:00,3.827,3.889,3.885,3.846,8896.23
1754823600,2025-08-10 11:00:00,3.834,3.873,3.847,3.846,23051.94
1754827200,2025-08-10 12:00:00,3.835,3.867,3.844,3.862,17916.14
1754830800,2025-08-10 13:00:00,3.829,3.88,3.863,3.83,35356.52
1754834400,2025-08-10 14:00:00,3.819,3.924,3.829,3.907,36137.47
1754838000,2025-08-10 15:00:00,3.883,3.95,3.908,3.926,42095.09
1754841600,2025-08-10 16:00:00,3.92,3.949,3.925,3.947,18661.69
1754845200,2025-08-10 17:00:00,3.924,3.959,3.947,3.95,14912.96
1754848800,2025-08-10 18:00:00,3.945,3.975,3.95,3.97,13511.09
1754852400,2025-08-10 19:00:00,3.956,3.985,3.97,3.961,14684.26
1754856000,2025-08-10 20:00:00,3.925,3.97,3.96,3.945,31382.22
1754859600,2025-08-10 21:00:00,3.885,3.946,3.945,3.923,36204.69
1754863200,2025-08-10 22:00:00,3.903,3.938,3.924,3.935,14266.73
1754866800,2025-08-10 23:00:00,3.913,3.955,3.936,3.948,16245.91
1754870400,2025-08-11 00:00:00,3.917,3.964,3.947,3.917,16199.66
1754874000,2025-08-11 01:00:00,3.91,4.002,3.916,3.988,31837.55
1754877600,2025-08-11 02:00:00,3.986,4.056,3.986,4.047,55273.89
1754881200,2025-08-11 03:00:00,4.006,4.048,4.047,4.018,33862.55
1754884800,2025-08-11 04:00:00,4.013,4.057,4.019,4.016,19564.03
1754888400,2025-08-11 05:00:00,4.006,4.045,4.016,4.021,36080.73
1754892000,2025-08-11 06:00:00,4.01,4.037,4.022,4.028,13278.36
1754895600,2025-08-11 07:00:00,3.933,4.03,4.027,3.939,37452.12
1754899200,2025-08-11 08:00:00,3.916,3.979,3.938,3.969,65852.02
1754902800,2025-08-11 09:00:00,3.92,3.973,3.971,3.931,10121.04
1754906400,2025-08-11 10:00:00,3.886,3.932,3.932,3.891,31539.46
1754910000,2025-08-11 11:00:00,3.77,3.895,3.891,3.794,48172.55
1754913600,2025-08-11 12:00:00,3.775,3.817,3.794,3.799,31997.42
1754917200,2025-08-11 13:00:00,3.775,3.864,3.8,3.841,51238.72
1754920800,2025-08-11 14:00:00,3.83,3.893,3.841,3.846,35922.29
1754924400,2025-08-11 15:00:00,3.812,3.871,3.845,3.871,24684.83
1754928000,2025-08-11 16:00:00,3.851,3.935,3.872,3.871,31740.12
1754931600,2025-08-11 17:00:00,3.83,3.888,3.87,3.833,20843.96
1754935200,2025-08-11 18:00:00,3.797,3.857,3.832,3.847,28951.01
1754938800,2025-08-11 19:00:00,3.781,3.851,3.848,3.803,33474.28
1754942400,2025-08-11 20:00:00,3.786,3.814,3.802,3.801,30404.57
1754946000,2025-08-11 21:00:00,3.718,3.815,3.8,3.743,37525.14
1754949600,2025-08-11 22:00:00,3.698,3.747,3.743,3.726,34593.2
1754953200,2025-08-11 23:00:00,3.724,3.76,3.725,3.744,54197.97
1754956800,2025-08-12 00:00:00,3.731,3.778,3.742,3.766,23424.04
1754960400,2025-08-12 01:00:00,3.755,3.787,3.766,3.777,18151.69
1754964000,2025-08-12 02:00:00,3.764,3.806,3.777,3.791,9387.67
1754967600,2025-08-12 03:00:00,3.751,3.792,3.791,3.76,16896.06
1754971200,2025-08-12 04:00:00,3.754,3.783,3.76,3.777,18201.31
1754974800,2025-08-12 05:00:00,3.72,3.776,3.776,3.741,18121.14
1754978400,2025-08-12 06:00:00,3.707,3.763,3.743,3.744,22126.83
1754982000,2025-08-12 07:00:00,3.746,3.783,3.746,3.781,12171.7
1754985600,2025-08-12 08:00:00,3.745,3.788,3.78,3.753,13966.16
1754989200,2025-08-12 09:00:00,3.727,3.76,3.752,3.731,12186.85
1754992800,2025-08-12 10:00:00,3.701,3.734,3.731,3.719,18834.61
1754996400,2025-08-12 11:00:00,3.693,3.754,3.719,3.748,20848.95
1755000000,2025-08-12 12:00:00,3.727,3.885,3.748,3.852,66560.06
1755003600,2025-08-12 13:00:00,3.792,3.879,3.854,3.821,67797.43
1755007200,2025-08-12 14:00:00,3.814,3.883,3.82,3.881,60446.23
1755010800,2025-08-12 15:00:00,3.882,3.946,3.882,3.934,28117.23
1755014400,2025-08-12 16:00:00,3.933,3.999,3.934,3.993,35910.25
1755018000,2025-08-12 17:00:00,3.986,4.036,3.994,3.992,42787.72
1755021600,2025-08-12 18:00:00,3.993,4.1,3.993,4.018,162698.13
1755025200,2025-08-12 19:00:00,4.014,4.067,4.019,4.063,38120.7
1755028800,2025-08-12 20:00:00,4.063,4.118,4.065,4.104,118746.93
1755032400,2025-08-12 21:00:00,4.043,4.127,4.104,4.072,117202.41
1755036000,2025-08-12 22:00:00,4.038,4.085,4.073,4.062,51472.27
1755039600,2025-08-12 23:00:00,4.042,4.075,4.06,4.051,48335.68
1755043200,2025-08-13 00:00:00,4.052,4.107,4.052,4.084,41168.37
1755046800,2025-08-13 01:00:00,4.011,4.087,4.084,4.035,29627.18
1755050400,2025-08-13 02:00:00,4.007,4.131,4.033,4.13,41841.22
1755054000,2025-08-13 03:00:00,4.103,4.15,4.128,4.133,28425
1755057600,2025-08-13 04:00:00,4.118,4.168,4.132,4.136,59337.78
1755061200,2025-08-13 05:00:00,4.085,4.135,4.135,4.091,14542.96
1755064800,2025-08-13 06:00:00,4.056,4.099,4.092,4.084,15546.45
1755068400,2025-08-13 07:00:00,4.085,4.14,4.085,4.136,29504.53
1755072000,2025-08-13 08:00:00,4.133,4.162,4.138,4.154,27114.01
1755075600,2025-08-13 09:00:00,4.155,4.199,4.155,4.189,52800.21
1755079200,2025-08-13 10:00:00,4.188,4.234,4.188,4.221,50138.83
1755082800,2025-08-13 11:00:00,4.194,4.237,4.219,4.22,25676.3
1755086400,2025-08-13 12:00:00,4.19,4.233,4.221,4.196,41840.79
1755090000,2025-08-13 13:00:00,4.163,4.272,4.198,4.21,119116.78
1755093600,2025-08-13 14:00:00,4.108,4.221,4.211,4.121,75600.45
1755097200,2025-08-13 15:00:00,4.091,4.157,4.122,4.131,66123.3
1755100800,2025-08-13 16:00:00,4.116,4.179,4.132,4.135,72085.61
1755104400,2025-08-13 17:00:00,4.127,4.181,4.132,4.169,33637.92
1755108000,2025-08-13 18:00:00,4.121,4.189,4.169,4.147,29649.36
1755111600,2025-08-13 19:00:00,4.147,4.2,4.147,4.199,75653.69
1755115200,2025-08-13 20:00:00,4.159,4.202,4.2,4.171,34379.55
1755118800,2025-08-13 21:00:00,4.173,4.236,4.173,4.191,95096.42
1755122400,2025-08-13 22:00:00,4.176,4.228,4.192,4.19,43301.76
1755126000,2025-08-13 23:00:00,4.172,4.218,4.189,4.172,50606.3
1755129600,2025-08-14 00:00:00,4.138,4.204,4.177,4.147,53703.49
1755133200,2025-08-14 01:00:00,4.117,4.171,4.147,4.137,34867.52
1755136800,2025-08-14 02:00:00,4.116,4.187,4.139,4.175,37488.94
1755140400,2025-08-14 03:00:00,4.149,4.196,4.173,4.181,28860.34
1755144000,2025-08-14 04:00:00,4.136,4.211,4.181,4.14,50666.89
1755147600,2025-08-14 05:00:00,4.078,4.156,4.138,4.085,60618.72
1755151200,2025-08-14 06:00:00,4.03,4.085,4.085,4.069,63389.42
1755154800,2025-08-14 07:00:00,4.026,4.08,4.068,4.052,15769.58
1755158400,2025-08-14 08:00:00,3.976,4.051,4.051,3.996,49912.58
1755162000,2025-08-14 09:00:00,3.976,4.049,3.995,4.042,33459.59
1755165600,2025-08-14 10:00:00,3.971,4.049,4.041,4.004,51800.78
1755169200,2025-08-14 11:00:00,3.984,4.016,4.005,3.995,28346.46
1755172800,2025-08-14 12:00:00,3.755,4.045,3.999,3.843,222458.59
1755176400,2025-08-14 13:00:00,3.759,3.933,3.843,3.904,160419.76
1755180000,2025-08-14 14:00:00,3.866,3.96,3.905,3.903,92029.55
1755183600,2025-08-14 15:00:00,3.856,3.92,3.905,3.858,84312.86
1755187200,2025-08-14 16:00:00,3.787,3.856,3.856,3.824,50105.64
1755190800,2025-08-14 17:00:00,3.784,3.849,3.821,3.836,42934.46
1755194400,2025-08-14 18:00:00,3.769,3.835,3.834,3.819,59436.76
1755198000,2025-08-14 19:00:00,3.807,3.846,3.819,3.81,44296.1
1755201600,2025-08-14 20:00:00,3.792,3.83,3.809,3.809,50268.17
1755205200,2025-08-14 21:00:00,3.733,3.816,3.808,3.775,78728.53
1755208800,2025-08-14 22:00:00,3.758,3.828,3.775,3.825,23827.14
1755212400,2025-08-14 23:00:00,3.819,3.851,3.824,3.833,35193.93
1755216000,2025-08-15 00:00:00,3.8,3.852,3.833,3.81,36838.18
1755219600,2025-08-15 01:00:00,3.801,3.853,3.811,3.841,24910.32
1755223200,2025-08-15 02:00:00,3.833,3.859,3.841,3.844,27078.05
1755226800,2025-08-15 03:00:00,3.841,3.91,3.844,3.895,62757.93
1755230400,2025-08-15 04:00:00,3.869,3.919,3.894,3.876,47490.18
1755234000,2025-08-15 05:00:00,3.858,3.911,3.877,3.911,22537.38
1755237600,2025-08-15 06:00:00,3.909,4,3.909,3.965,45412.84
1755241200,2025-08-15 07:00:00,3.922,3.966,3.964,3.939,16525.98
1755244800,2025-08-15 08:00:00,3.935,3.979,3.94,3.943,19107.22
1755248400,2025-08-15 09:00:00,3.88,3.966,3.944,3.897,15587.21
1755252000,2025-08-15 10:00:00,3.885,3.926,3.897,3.892,31529.33
1755255600,2025-08-15 11:00:00,3.873,3.907,3.893,3.877,16694.94
1755259200,2025-08-15 12:00:00,3.835,3.923,3.875,3.882,42479.27
1755262800,2025-08-15 13:00:00,3.829,3.893,3.879,3.846,56298.71
1755266400,2025-08-15 14:00:00,3.81,3.873,3.845,3.825,72071.12
1755270000,2025-08-15 15:00:00,3.749,3.839,3.824,3.773,107676.18
1755273600,2025-08-15 16:00:00,3.71,3.79,3.77,3.775,77553.54
1755277200,2025-08-15 17:00:00,3.745,3.815,3.774,3.797,46520.66
1755280800,2025-08-15 18:00:00,3.755,3.81,3.796,3.765,26326.34
1755284400,2025-08-15 19:00:00,3.752,3.8,3.767,3.772,45310.46
1755288000,2025-08-15 20:00:00,3.758,3.82,3.773,3.819,17109.63
1755291600,2025-08-15 21:00:00,3.793,3.838,3.819,3.838,18496.67
1755295200,2025-08-15 22:00:00,3.835,3.914,3.839,3.912,41164.68
1755298800,2025-08-15 23:00:00,3.829,3.921,3.911,3.855,19804.81
1755302400,2025-08-16 00:00:00,3.839,3.892,3.855,3.877,44020.69
1755306000,2025-08-16 01:00:00,3.85,3.882,3.873,3.872,14629.33
1755309600,2025-08-16 02:00:00,3.857,3.882,3.871,3.866,10743.08
1755313200,2025-08-16 03:00:00,3.859,3.885,3.866,3.866,10008.25
1755316800,2025-08-16 04:00:00,3.858,3.897,3.866,3.896,9824.62
1755320400,2025-08-16 05:00:00,3.854,3.894,3.894,3.863,16525.4
1755324000,2025-08-16 06:00:00,3.855,3.885,3.863,3.875,8904.11
1755327600,2025-08-16 07:00:00,3.872,3.942,3.874,3.926,41786.24
1755331200,2025-08-16 08:00:00,3.895,3.936,3.926,3.898,27961.03
1755334800,2025-08-16 09:00:00,3.857,3.924,3.896,3.857,12157.93
1755338400,2025-08-16 10:00:00,3.848,3.889,3.856,3.864,41597.76
1755342000,2025-08-16 11:00:00,3.837,3.893,3.864,3.837,23807.94
1755345600,2025-08-16 12:00:00,3.829,3.867,3.839,3.864,70591.21
1755349200,2025-08-16 13:00:00,3.86,3.897,3.863,3.863,19255.48
1755352800,2025-08-16 14:00:00,3.859,3.915,3.862,3.911,28465.56
1755356400,2025-08-16 15:00:00,3.894,3.927,3.911,3.921,28815.02
1755360000,2025-08-16 16:00:00,3.92,3.989,3.921,3.952,86203.89
1755363600,2025-08-16 17:00:00,3.911,3.952,3.95,3.919,12108.13
1755367200,2025-08-16 18:00:00,3.902,3.935,3.919,3.911,7415.71
1755370800,2025-08-16 19:00:00,3.91,3.944,3.911,3.923,12720.33
1755374400,2025-08-16 20:00:00,3.916,3.95,3.923,3.938,16655.83
1755378000,2025-08-16 21:00:00,3.911,3.938,3.937,3.914,19639.82
1755381600,2025-08-16 22:00:00,3.905,3.943,3.914,3.937,16001.65
1755385200,2025-08-16 23:00:00,3.92,3.949,3.938,3.946,27641.99
1755388800,2025-08-17 00:00:00,3.933,3.967,3.946,3.941,30503.92
1755392400,2025-08-17 01:00:00,3.92,3.953,3.941,3.938,15406.13
1755396000,2025-08-17 02:00:00,3.922,3.975,3.939,3.971,26833.66
1755399600,2025-08-17 03:00:00,3.962,3.987,3.972,3.972,25673.81
1755403200,2025-08-17 04:00:00,3.971,4.003,3.971,4.003,21165.66
1755406800,2025-08-17 05:00:00,3.987,4.022,4.002,3.99,28377.92
1755410400,2025-08-17 06:00:00,3.967,4.009,3.991,3.976,16188.06
1755414000,2025-08-17 07:00:00,3.963,3.989,3.975,3.975,6934.17
1755417600,2025-08-17 08:00:00,3.974,4.018,3.976,4.018,5430.76
1755421200,2025-08-17 09:00:00,3.986,4.02,4.019,4.008,10305.55
1755424800,2025-08-17 10:00:00,3.989,4.02,4.007,4.017,13046.17
1755428400,2025-08-17 11:00:00,4.002,4.028,4.014,4.028,15476.35
1755432000,2025-08-17 12:00:00,4.001,4.028,4.027,4.006,11851.95
1755435600,2025-08-17 13:00:00,3.981,4.028,4.007,4.019,8147.26
1755439200,2025-08-17 14:00:00,3.998,4.04,4.018,4.038,23850.66
1755442800,2025-08-17 15:00:00,4.031,4.088,4.037,4.086,42499.4
1755446400,2025-08-17 16:00:00,4.014,4.104,4.086,4.029,58894.6
1755450000,2025-08-17 17:00:00,4.008,4.035,4.028,4.019,17582.82
1755453600,2025-08-17 18:00:00,3.941,4.022,4.02,3.984,18658.02
1755457200,2025-08-17 19:00:00,3.952,4.005,3.985,3.959,57902.64
1755460800,2025-08-17 20:00:00,3.956,3.983,3.96,3.962,15495.39
1755464400,2025-08-17 21:00:00,3.954,3.971,3.961,3.958,19354.48
1755468000,2025-08-17 22:00:00,3.954,4.01,3.958,4.001,20627.58
1755471600,2025-08-17 23:00:00,3.948,3.998,3.998,3.949,19302.39
1755475200,2025-08-18 00:00:00,3.909,3.955,3.951,3.925,47410.24
1755478800,2025-08-18 01:00:00,3.847,3.933,3.93,3.854,50371.76
1755482400,2025-08-18 02:00:00,3.781,3.86,3.855,3.793,79172.93
1755486000,2025-08-18 03:00:00,3.749,3.803,3.791,3.792,53082.86
1755489600,2025-08-18 04:00:00,3.771,3.827,3.79,3.815,37084.89
1755493200,2025-08-18 05:00:00,3.761,3.822,3.814,3.802,32472.96
1755496800,2025-08-18 06:00:00,3.716,3.803,3.803,3.74,47329.08
1755500400,2025-08-18 07:00:00,3.723,3.756,3.741,3.738,31561.09
1755504000,2025-08-18 08:00:00,3.715,3.743,3.737,3.717,45730.42
1755507600,2025-08-18 09:00:00,3.699,3.763,3.717,3.751,44185.22
1755511200,2025-08-18 10:00:00,3.718,3.754,3.751,3.718,30702.38
1755514800,2025-08-18 11:00:00,3.713,3.738,3.718,3.728,40509.79
1755518400,2025-08-18 12:00:00,3.722,3.788,3.726,3.784,65374.83
1755522000,2025-08-18 13:00:00,3.723,3.792,3.784,3.723,61817.66
1755525600,2025-08-18 14:00:00,3.71,3.758,3.723,3.754,47225.4
1755529200,2025-08-18 15:00:00,3.715,3.766,3.752,3.766,38168.76
1755532800,2025-08-18 16:00:00,3.724,3.795,3.764,3.73,58306.65
1755536400,2025-08-18 17:00:00,3.729,3.815,3.732,3.772,36315.81
1755540000,2025-08-18 18:00:00,3.75,3.795,3.771,3.789,31594.88
1755543600,2025-08-18 19:00:00,3.758,3.797,3.79,3.768,16079.35
1755547200,2025-08-18 20:00:00,3.739,3.783,3.767,3.765,47724.92
1755550800,2025-08-18 21:00:00,3.76,3.797,3.765,3.788,48512.51
1755554400,2025-08-18 22:00:00,3.775,3.817,3.789,3.777,42028.22
1755558000,2025-08-18 23:00:00,3.738,3.784,3.778,3.748,27876.73
1755561600,2025-08-19 00:00:00,3.682,3.767,3.746,3.767,212778.41
1755565200,2025-08-19 01:00:00,3.72,3.793,3.768,3.73,47292.62
1755568800,2025-08-19 02:00:00,3.709,3.739,3.73,3.712,18632.08
1755572400,2025-08-19 03:00:00,3.633,3.717,3.713,3.65,53477.9
1755576000,2025-08-19 04:00:00,3.62,3.682,3.646,3.682,30822.14
1755579600,2025-08-19 05:00:00,3.661,3.692,3.683,3.671,22310.41
1755583200,2025-08-19 06:00:00,3.645,3.671,3.67,3.655,20497.29
1755586800,2025-08-19 07:00:00,3.619,3.664,3.656,3.661,44050.34
1755590400,2025-08-19 08:00:00,3.629,3.677,3.662,3.667,15709.75
1755594000,2025-08-19 09:00:00,3.666,3.713,3.667,3.694,20607.57
1755597600,2025-08-19 10:00:00,3.692,3.736,3.693,3.716,23066.41
1755601200,2025-08-19 11:00:00,3.716,3.741,3.718,3.734,17049.53
1755604800,2025-08-19 12:00:00,3.698,3.739,3.736,3.712,15885.76
1755608400,2025-08-19 13:00:00,3.668,3.743,3.714,3.696,57116.21
1755612000,2025-08-19 14:00:00,3.593,3.709,3.699,3.619,79531.37
1755615600,2025-08-19 15:00:00,3.586,3.65,3.616,3.601,64245.83
1755619200,2025-08-19 16:00:00,3.558,3.606,3.6,3.571,43930.21
1755622800,2025-08-19 17:00:00,3.548,3.604,3.57,3.595,29207.31
1755626400,2025-08-19 18:00:00,3.542,3.6,3.597,3.559,51232.03
1755630000,2025-08-19 19:00:00,3.527,3.596,3.558,3.553,49731.6
1755633600,2025-08-19 20:00:00,3.542,3.597,3.554,3.593,30662.27
1755637200,2025-08-19 21:00:00,3.574,3.597,3.593,3.586,32267.3
1755640800,2025-08-19 22:00:00,3.56,3.588,3.587,3.574,45443.33
1755644400,2025-08-19 23:00:00,3.535,3.576,3.574,3.544,44761.44
1755648000,2025-08-20 00:00:00,3.541,3.575,3.546,3.566,28565.08
1755651600,2025-08-20 01:00:00,3.529,3.584,3.566,3.577,70870.76
1755655200,2025-08-20 02:00:00,3.568,3.594,3.578,3.583,20491.15
1755658800,2025-08-20 03:00:00,3.571,3.61,3.587,3.589,16394.4
1755662400,2025-08-20 04:00:00,3.591,3.619,3.591,3.613,27879.36
1755666000,2025-08-20 05:00:00,3.591,3.623,3.614,3.608,27111.11
1755669600,2025-08-20 06:00:00,3.578,3.61,3.608,3.601,23446.71
1755673200,2025-08-20 07:00:00,3.579,3.616,3.602,3.584,22860
1755676800,2025-08-20 08:00:00,3.582,3.631,3.585,3.629,40020.16
1755680400,2025-08-20 09:00:00,3.608,3.643,3.629,3.611,150720.38
1755684000,2025-08-20 10:00:00,3.6,3.628,3.61,3.604,44547.74
1755687600,2025-08-20 11:00:00,3.545,3.61,3.604,3.591,39258.11
1755691200,2025-08-20 12:00:00,3.577,3.621,3.592,3.599,24756.06
1755694800,2025-08-20 13:00:00,3.53,3.6,3.598,3.54,26890.65
1755698400,2025-08-20 14:00:00,3.502,3.631,3.54,3.597,91579.2
1755702000,2025-08-20 15:00:00,3.599,3.685,3.599,3.645,86006.66
1755705600,2025-08-20 16:00:00,3.644,3.709,3.644,3.672,47618.07
1755709200,2025-08-20 17:00:00,3.656,3.708,3.672,3.694,90477.26
1755712800,2025-08-20 18:00:00,3.636,3.698,3.695,3.667,62408.46
1755716400,2025-08-20 19:00:00,3.665,3.729,3.667,3.723,38538.31
1755720000,2025-08-20 20:00:00,3.698,3.722,3.722,3.707,42914.72
1755723600,2025-08-20 21:00:00,3.684,3.721,3.708,3.701,18213.87
1755727200,2025-08-20 22:00:00,3.693,3.715,3.701,3.706,20970.55
1755730800,2025-08-20 23:00:00,3.676,3.705,3.705,3.682,38208.44
1755734400,2025-08-21 00:00:00,3.656,3.683,3.681,3.677,32944.26
1755738000,2025-08-21 01:00:00,3.655,3.699,3.676,3.699,17367.36
1755741600,2025-08-21 02:00:00,3.631,3.709,3.698,3.648,18204.82
1755745200,2025-08-21 03:00:00,3.647,3.701,3.648,3.647,21192.85
1755748800,2025-08-21 04:00:00,3.642,3.667,3.649,3.65,6020.23
1755752400,2025-08-21 05:00:00,3.642,3.669,3.651,3.667,10269.42
1755756000,2025-08-21 06:00:00,3.626,3.666,3.666,3.629,12397.54
1755759600,2025-08-21 07:00:00,3.608,3.64,3.629,3.635,7557.84
1755763200,2025-08-21 08:00:00,3.602,3.638,3.637,3.602,8990.83
1755766800,2025-08-21 09:00:00,3.585,3.617,3.603,3.595,15006.7
1755770400,2025-08-21 10:00:00,3.585,3.61,3.594,3.598,9083.04
1755774000,2025-08-21 11:00:00,3.584,3.614,3.6,3.6,22923.97
1755777600,2025-08-21 12:00:00,3.56,3.609,3.599,3.574,14187.78
1755781200,2025-08-21 13:00:00,3.569,3.619,3.572,3.589,33018.74
1755784800,2025-08-21 14:00:00,3.565,3.634,3.587,3.582,60065.73
1755788400,2025-08-21 15:00:00,3.516,3.591,3.583,3.53,65183.62
1755792000,2025-08-21 16:00:00,3.522,3.557,3.53,3.522,29755.83
1755795600,2025-08-21 17:00:00,3.513,3.551,3.521,3.545,16982.04
1755799200,2025-08-21 18:00:00,3.534,3.565,3.545,3.56,8753.13
1755802800,2025-08-21 19:00:00,3.525,3.573,3.559,3.532,17067.11
1755806400,2025-08-21 20:00:00,3.517,3.564,3.532,3.549,10431.14
1755810000,2025-08-21 21:00:00,3.524,3.569,3.55,3.557,18924.86
1755813600,2025-08-21 22:00:00,3.553,3.575,3.557,3.563,37648.04
1755817200,2025-08-21 23:00:00,3.521,3.563,3.563,3.538,14806.79
1755820800,2025-08-22 00:00:00,3.534,3.567,3.539,3.543,22873.55
1755824400,2025-08-22 01:00:00,3.521,3.558,3.541,3.549,14299.57
1755828000,2025-08-22 02:00:00,3.544,3.592,3.549,3.566,15810.34
1755831600,2025-08-22 03:00:00,3.527,3.58,3.563,3.537,15810.22
1755835200,2025-08-22 04:00:00,3.537,3.569,3.537,3.553,16249.99
1755838800,2025-08-22 05:00:00,3.536,3.569,3.554,3.562,8529.42
1755842400,2025-08-22 06:00:00,3.535,3.578,3.561,3.542,12971.93
1755846000,2025-08-22 07:00:00,3.54,3.572,3.541,3.557,198081.78
1755849600,2025-08-22 08:00:00,3.55,3.587,3.556,3.557,100858.15
1755853200,2025-08-22 09:00:00,3.539,3.562,3.557,3.555,21343.06
1755856800,2025-08-22 10:00:00,3.507,3.555,3.554,3.512,36577.95
1755860400,2025-08-22 11:00:00,3.475,3.512,3.51,3.478,41612.37
1755864000,2025-08-22 12:00:00,3.398,3.48,3.477,3.444,148167.99
1755867600,2025-08-22 13:00:00,3.425,3.505,3.445,3.505,53436.41
1755871200,2025-08-22 14:00:00,3.505,3.762,3.506,3.735,278649.21
1755874800,2025-08-22 15:00:00,3.735,3.795,3.735,3.751,100874.87
1755878400,2025-08-22 16:00:00,3.75,3.85,3.75,3.807,66353.91
1755882000,2025-08-22 17:00:00,3.808,3.87,3.808,3.855,56706.65
1755885600,2025-08-22 18:00:00,3.835,3.871,3.853,3.858,37062.79
1755889200,2025-08-22 19:00:00,3.856,3.899,3.857,3.889,40173.2
1755892800,2025-08-22 20:00:00,3.883,3.913,3.891,3.91,43385.98
1755896400,2025-08-22 21:00:00,3.905,3.935,3.911,3.916,24861.3
1755900000,2025-08-22 22:00:00,3.868,3.917,3.917,3.881,24173.57
1755903600,2025-08-22 23:00:00,3.875,3.893,3.881,3.882,23500.7
1755907200,2025-08-23 00:00:00,3.857,3.922,3.883,3.868,76990.03
1755910800,2025-08-23 01:00:00,3.8,3.872,3.868,3.824,25742.97
1755914400,2025-08-23 02:00:00,3.736,3.829,3.825,3.774,40665.86
1755918000,2025-08-23 03:00:00,3.753,3.786,3.774,3.765,18047.55
1755921600,2025-08-23 04:00:00,3.765,3.849,3.765,3.842,24006.07
1755925200,2025-08-23 05:00:00,3.839,3.9,3.843,3.895,21733.55
1755928800,2025-08-23 06:00:00,3.86,3.901,3.894,3.869,12763.5
1755932400,2025-08-23 07:00:00,3.825,3.881,3.868,3.829,27296.23
1755936000,2025-08-23 08:00:00,3.804,3.839,3.829,3.833,18895.05
1755939600,2025-08-23 09:00:00,3.812,3.848,3.833,3.834,57957.96
1755943200,2025-08-23 10:00:00,3.805,3.845,3.84,3.807,16971.66
1755946800,2025-08-23 11:00:00,3.802,3.828,3.807,3.812,6301.07
1755950400,2025-08-23 12:00:00,3.789,3.829,3.813,3.797,21011.1
1755954000,2025-08-23 13:00:00,3.781,3.805,3.796,3.788,19171.04
1755957600,2025-08-23 14:00:00,3.781,3.824,3.789,3.793,25138.43
1755961200,2025-08-23 15:00:00,3.786,3.818,3.793,3.806,19007.74
1755964800,2025-08-23 16:00:00,3.78,3.806,3.805,3.799,22228.88
1755968400,2025-08-23 17:00:00,3.797,3.815,3.8,3.813,14385.76
1755972000,2025-08-23 18:00:00,3.81,3.824,3.813,3.818,16233.17
1755975600,2025-08-23 19:00:00,3.818,3.852,3.819,3.852,21210.21
1755979200,2025-08-23 20:00:00,3.82,3.852,3.852,3.836,14587.13
1755982800,2025-08-23 21:00:00,3.812,3.839,3.839,3.82,20730.14
1755986400,2025-08-23 22:00:00,3.817,3.84,3.821,3.84,8267.54
1755990000,2025-08-23 23:00:00,3.833,3.848,3.841,3.839,10652.04
1755993600,2025-08-24 00:00:00,3.838,3.866,3.84,3.852,9268.51
1755997200,2025-08-24 01:00:00,3.824,3.858,3.853,3.842,33125.93
1756000800,2025-08-24 02:00:00,3.829,3.868,3.842,3.833,16929.16
1756004400,2025-08-24 03:00:00,3.81,3.831,3.831,3.824,47759.1
1756008000,2025-08-24 04:00:00,3.81,3.833,3.825,3.833,13521.76
1756011600,2025-08-24 05:00:00,3.788,3.833,3.833,3.796,15251.74
1756015200,2025-08-24 06:00:00,3.736,3.793,3.793,3.736,43386.79
1756018800,2025-08-24 07:00:00,3.713,3.755,3.735,3.713,28371.25
1756022400,2025-08-24 08:00:00,3.697,3.733,3.713,3.726,22602.26
1756026000,2025-08-24 09:00:00,3.705,3.735,3.727,3.72,4202.98
1756029600,2025-08-24 10:00:00,3.664,3.721,3.719,3.664,22531.56
1756033200,2025-08-24 11:00:00,3.654,3.686,3.665,3.67,25800.57
1756036800,2025-08-24 12:00:00,3.666,3.699,3.671,3.698,25729.69
1756040400,2025-08-24 13:00:00,3.696,3.722,3.697,3.703,16806.67
1756044000,2025-08-24 14:00:00,3.687,3.735,3.702,3.732,19943.01
1756047600,2025-08-24 15:00:00,3.713,3.769,3.729,3.717,19527.1
1756051200,2025-08-24 16:00:00,3.706,3.743,3.717,3.737,26860.87
1756054800,2025-08-24 17:00:00,3.737,3.813,3.737,3.807,33334.22
1756058400,2025-08-24 18:00:00,3.798,3.92,3.805,3.902,54118.22
1756062000,2025-08-24 19:00:00,3.715,3.942,3.899,3.799,86293.1
1756065600,2025-08-24 20:00:00,3.708,3.808,3.8,3.77,53057.48
1756069200,2025-08-24 21:00:00,3.74,3.806,3.771,3.768,33303.12
1756072800,2025-08-24 22:00:00,3.691,3.775,3.769,3.749,24994.12
1756076400,2025-08-24 23:00:00,3.745,3.774,3.748,3.757,21773.48
1756080000,2025-08-25 00:00:00,3.657,3.773,3.756,3.694,70054.34
1756083600,2025-08-25 01:00:00,3.688,3.748,3.695,3.728,16937.83
1756087200,2025-08-25 02:00:00,3.726,3.806,3.727,3.791,66621.59
1756090800,2025-08-25 03:00:00,3.747,3.804,3.792,3.756,22231.75
1756094400,2025-08-25 04:00:00,3.718,3.766,3.756,3.72,31687.52
1756098000,2025-08-25 05:00:00,3.685,3.73,3.719,3.685,11092.53
1756101600,2025-08-25 06:00:00,3.624,3.69,3.685,3.627,31223.6
1756105200,2025-08-25 07:00:00,3.563,3.651,3.629,3.579,64193.87
1756108800,2025-08-25 08:00:00,3.543,3.605,3.579,3.595,92241.98
1756112400,2025-08-25 09:00:00,3.565,3.601,3.595,3.579,43482.13
1756116000,2025-08-25 10:00:00,3.51,3.578,3.578,3.529,36723.86
1756119600,2025-08-25 11:00:00,3.525,3.568,3.529,3.564,16985.45
1756123200,2025-08-25 12:00:00,3.544,3.574,3.563,3.573,18462.61
1756126800,2025-08-25 13:00:00,3.528,3.579,3.572,3.559,49318.97
1756130400,2025-08-25 14:00:00,3.552,3.607,3.561,3.586,38741.71
1756134000,2025-08-25 15:00:00,3.539,3.593,3.587,3.546,44934.74
1756137600,2025-08-25 16:00:00,3.526,3.574,3.544,3.53,61278.9
1756141200,2025-08-25 17:00:00,3.5,3.542,3.529,3.526,151957.07
1756144800,2025-08-25 18:00:00,3.511,3.534,3.527,3.522,24720.1
1756148400,2025-08-25 19:00:00,3.441,3.525,3.521,3.446,52567.05
1756152000,2025-08-25 20:00:00,3.368,3.456,3.444,3.373,124953.19
1756155600,2025-08-25 21:00:00,3.367,3.492,3.373,3.38,131166.42
1756159200,2025-08-25 22:00:00,3.372,3.426,3.381,3.403,31458.16
1756162800,2025-08-25 23:00:00,3.371,3.406,3.403,3.398,36731.42
1756166400,2025-08-26 00:00:00,3.367,3.434,3.396,3.386,81959.89
1756170000,2025-08-26 01:00:00,3.375,3.444,3.386,3.437,38943.72
1756173600,2025-08-26 02:00:00,3.423,3.46,3.437,3.436,26864.84
1756177200,2025-08-26 03:00:00,3.417,3.45,3.436,3.438,12547.59
1756180800,2025-08-26 04:00:00,3.438,3.485,3.438,3.474,44923.71
1756184400,2025-08-26 05:00:00,3.466,3.494,3.474,3.475,13767.71
1756188000,2025-08-26 06:00:00,3.458,3.498,3.474,3.47,22954.01
1756191600,2025-08-26 07:00:00,3.454,3.508,3.468,3.484,60409.6
1756195200,2025-08-26 08:00:00,3.459,3.492,3.484,3.465,31582.15
1756198800,2025-08-26 09:00:00,3.458,3.486,3.465,3.474,10150.46
1756202400,2025-08-26 10:00:00,3.473,3.496,3.475,3.479,14446.44
1756206000,2025-08-26 11:00:00,3.447,3.489,3.479,3.464,23432.31
1756209600,2025-08-26 12:00:00,3.443,3.542,3.461,3.509,51518.8
1756213200,2025-08-26 13:00:00,3.451,3.522,3.507,3.495,64093.34
1756216800,2025-08-26 14:00:00,3.473,3.541,3.496,3.528,54794.83
1756220400,2025-08-26 15:00:00,3.5,3.548,3.527,3.517,44478.77
1756224000,2025-08-26 16:00:00,3.506,3.553,3.518,3.552,31023.43
1756227600,2025-08-26 17:00:00,3.509,3.552,3.552,3.528,24203.2
1756231200,2025-08-26 18:00:00,3.528,3.569,3.529,3.563,30613.19
1756234800,2025-08-26 19:00:00,3.55,3.637,3.562,3.629,96950.26
1756238400,2025-08-26 20:00:00,3.598,3.642,3.627,3.609,60613.4
1756242000,2025-08-26 21:00:00,3.573,3.609,3.609,3.596,33597.21
1756245600,2025-08-26 22:00:00,3.585,3.612,3.596,3.598,17059.16
1756249200,2025-08-26 23:00:00,3.583,3.626,3.599,3.588,22155.92
1756252800,2025-08-27 00:00:00,3.552,3.592,3.589,3.556,61257.51
1756256400,2025-08-27 01:00:00,3.545,3.577,3.556,3.575,36884.98
1756260000,2025-08-27 02:00:00,3.557,3.609,3.576,3.591,27789.3
1756263600,2025-08-27 03:00:00,3.571,3.638,3.591,3.624,22828.14
1756267200,2025-08-27 04:00:00,3.617,3.654,3.622,3.649,37080.71
1756270800,2025-08-27 05:00:00,3.611,3.65,3.648,3.619,10453.41
1756274400,2025-08-27 06:00:00,3.599,3.62,3.619,3.605,18345.34
1756278000,2025-08-27 07:00:00,3.578,3.606,3.604,3.591,11536.9
1756281600,2025-08-27 08:00:00,3.576,3.609,3.594,3.609,10515.42
1756285200,2025-08-27 09:00:00,3.605,3.623,3.609,3.606,15098.53
1756288800,2025-08-27 10:00:00,3.604,3.63,3.605,3.616,18059.55
1756292400,2025-08-27 11:00:00,3.617,3.647,3.619,3.641,30908.43
1756296000,2025-08-27 12:00:00,3.6,3.649,3.641,3.613,25364.97
1756299600,2025-08-27 13:00:00,3.578,3.63,3.614,3.599,37244.69
1756303200,2025-08-27 14:00:00,3.599,3.671,3.6,3.625,85129.78
1756306800,2025-08-27 15:00:00,3.62,3.657,3.626,3.649,113053.47
1756310400,2025-08-27 16:00:00,3.611,3.657,3.65,3.642,27309.03
1756314000,2025-08-27 17:00:00,3.632,3.668,3.641,3.665,32671.57
1756317600,2025-08-27 18:00:00,3.646,3.688,3.665,3.646,33174.13
1756321200,2025-08-27 19:00:00,3.608,3.658,3.646,3.642,61722.56
1756324800,2025-08-27 20:00:00,3.582,3.683,3.643,3.675,91066.69
1756328400,2025-08-27 21:00:00,3.615,3.692,3.675,3.624,16604.97
1756332000,2025-08-27 22:00:00,3.583,3.625,3.625,3.59,15666.62
1756335600,2025-08-27 23:00:00,3.561,3.605,3.589,3.573,12240.51
1756339200,2025-08-28 00:00:00,3.54,3.596,3.573,3.568,28482.54
1756342800,2025-08-28 01:00:00,3.566,3.603,3.567,3.592,22470.75
1756346400,2025-08-28 02:00:00,3.576,3.61,3.593,3.586,14484.72
1756350000,2025-08-28 03:00:00,3.582,3.628,3.586,3.615,39405.24
1756353600,2025-08-28 04:00:00,3.603,3.649,3.616,3.648,27478.17
1756357200,2025-08-28 05:00:00,3.628,3.662,3.648,3.636,18803.26
1756360800,2025-08-28 06:00:00,3.624,3.646,3.636,3.639,22609.78
1756364400,2025-08-28 07:00:00,3.62,3.654,3.639,3.654,14270.11
1756368000,2025-08-28 08:00:00,3.651,3.682,3.655,3.655,16314.67
1756371600,2025-08-28 09:00:00,3.618,3.655,3.655,3.622,6104.04
1756375200,2025-08-28 10:00:00,3.613,3.658,3.625,3.658,13437.79
1756378800,2025-08-28 11:00:00,3.643,3.662,3.657,3.659,10336.21
1756382400,2025-08-28 12:00:00,3.648,3.675,3.659,3.66,39557.7
1756386000,2025-08-28 13:00:00,3.652,3.681,3.66,3.677,43918.39
1756389600,2025-08-28 14:00:00,3.668,3.708,3.678,3.7,41262.23
1756393200,2025-08-28 15:00:00,3.638,3.711,3.699,3.651,39483.12
1756396800,2025-08-28 16:00:00,3.604,3.678,3.653,3.604,38887.16
1756400400,2025-08-28 17:00:00,3.599,3.642,3.603,3.635,20639.2
1756404000,2025-08-28 18:00:00,3.626,3.658,3.634,3.649,21261.79
1756407600,2025-08-28 19:00:00,3.586,3.657,3.65,3.586,31961.05
1756411200,2025-08-28 20:00:00,3.581,3.616,3.586,3.601,20060.49
1756414800,2025-08-28 21:00:00,3.598,3.64,3.6,3.636,33826.48
1756418400,2025-08-28 22:00:00,3.636,3.678,3.636,3.669,20610.5
1756422000,2025-08-28 23:00:00,3.653,3.672,3.669,3.665,31126.33
1756425600,2025-08-29 00:00:00,3.657,3.708,3.665,3.663,38759.36
1756429200,2025-08-29 01:00:00,3.616,3.668,3.664,3.619,12331.27
1756432800,2025-08-29 02:00:00,3.615,3.668,3.618,3.638,18919.72
1756436400,2025-08-29 03:00:00,3.619,3.651,3.637,3.636,25125.88
1756440000,2025-08-29 04:00:00,3.626,3.654,3.635,3.632,13667.98
1756443600,2025-08-29 05:00:00,3.61,3.638,3.634,3.622,7527.79
1756447200,2025-08-29 06:00:00,3.587,3.628,3.624,3.594,14771.41
1756450800,2025-08-29 07:00:00,3.508,3.593,3.593,3.51,30655.07
1756454400,2025-08-29 08:00:00,3.459,3.523,3.511,3.465,36455.16
1756458000,2025-08-29 09:00:00,3.442,3.496,3.465,3.49,36930.57
1756461600,2025-08-29 10:00:00,3.486,3.513,3.489,3.502,30055.14
1756465200,2025-08-29 11:00:00,3.485,3.52,3.502,3.493,45266.51
1756468800,2025-08-29 12:00:00,3.489,3.604,3.491,3.55,86497.52
1756472400,2025-08-29 13:00:00,3.472,3.555,3.551,3.495,43530.99
1756476000,2025-08-29 14:00:00,3.442,3.524,3.496,3.471,83647.05
1756479600,2025-08-29 15:00:00,3.45,3.506,3.472,3.459,24035.71
1756483200,2025-08-29 16:00:00,3.426,3.469,3.459,3.449,57322.56
1756486800,2025-08-29 17:00:00,3.402,3.448,3.448,3.41,69661.4
1756490400,2025-08-29 18:00:00,3.381,3.417,3.409,3.385,76296.56
1756494000,2025-08-29 19:00:00,3.375,3.434,3.385,3.417,39932.9
1756497600,2025-08-29 20:00:00,3.382,3.42,3.416,3.391,33965.05
1756501200,2025-08-29 21:00:00,3.376,3.448,3.392,3.441,31323.21
1756504800,2025-08-29 22:00:00,3.426,3.46,3.442,3.459,23320.89
1756508400,2025-08-29 23:00:00,3.449,3.47,3.459,3.458,17321.89
1756512000,2025-08-30 00:00:00,3.436,3.465,3.455,3.447,45284.34
1756515600,2025-08-30 01:00:00,3.385,3.457,3.447,3.386,30064.04
1756519200,2025-08-30 02:00:00,3.383,3.44,3.385,3.437,15436.19
1756522800,2025-08-30 03:00:00,3.436,3.496,3.437,3.481,38786.07
1756526400,2025-08-30 04:00:00,3.467,3.484,3.482,3.474,24342.85
1756530000,2025-08-30 05:00:00,3.47,3.522,3.474,3.5,63730.43
1756533600,2025-08-30 06:00:00,3.488,3.511,3.501,3.495,49971.66
1756537200,2025-08-30 07:00:00,3.492,3.525,3.494,3.525,21636.98
1756540800,2025-08-30 08:00:00,3.495,3.527,3.526,3.496,14390.77
1756544400,2025-08-30 09:00:00,3.48,3.5,3.496,3.483,10976.75
1756548000,2025-08-30 10:00:00,3.48,3.503,3.485,3.495,4781.44
1756551600,2025-08-30 11:00:00,3.485,3.505,3.495,3.505,7127.65
1756555200,2025-08-30 12:00:00,3.461,3.505,3.505,3.472,13520.49
1756558800,2025-08-30 13:00:00,3.441,3.476,3.472,3.469,24520.03
1756562400,2025-08-30 14:00:00,3.446,3.476,3.468,3.473,15470.35
1756566000,2025-08-30 15:00:00,3.465,3.499,3.473,3.49,16746.64
1756569600,2025-08-30 16:00:00,3.466,3.49,3.49,3.467,11634.85
1756573200,2025-08-30 17:00:00,3.458,3.476,3.467,3.467,7992.53
1756576800,2025-08-30 18:00:00,3.459,3.478,3.466,3.467,21543.74
1756580400,2025-08-30 19:00:00,3.458,3.481,3.468,3.481,13332.84
1756584000,2025-08-30 20:00:00,3.46,3.482,3.481,3.467,9186.97
1756587600,2025-08-30 21:00:00,3.464,3.474,3.464,3.469,16172.09
1756591200,2025-08-30 22:00:00,3.454,3.48,3.468,3.48,20885.57
1756594800,2025-08-30 23:00:00,3.481,3.495,3.481,3.486,9493.35
1756598400,2025-08-31 00:00:00,3.483,3.531,3.487,3.531,14089.84
1756602000,2025-08-31 01:00:00,3.517,3.538,3.529,3.537,25114.35
1756605600,2025-08-31 02:00:00,3.522,3.54,3.538,3.53,28026.52
1756609200,2025-08-31 03:00:00,3.525,3.542,3.529,3.538,10756.43
1756612800,2025-08-31 04:00:00,3.5,3.539,3.539,3.505,10500.67
1756616400,2025-08-31 05:00:00,3.495,3.509,3.504,3.498,7978.7
1756620000,2025-08-31 06:00:00,3.483,3.501,3.499,3.492,35955.6
1756623600,2025-08-31 07:00:00,3.493,3.505,3.493,3.496,18964.14
1756627200,2025-08-31 08:00:00,3.498,3.529,3.498,3.528,5498.49
1756630800,2025-08-31 09:00:00,3.503,3.53,3.528,3.505,7890.51
1756634400,2025-08-31 10:00:00,3.467,3.506,3.503,3.478,28416.57
1756638000,2025-08-31 11:00:00,3.472,3.492,3.478,3.491,3227.42
1756641600,2025-08-31 12:00:00,3.473,3.498,3.49,3.494,8946
1756645200,2025-08-31 13:00:00,3.475,3.499,3.493,3.479,4347.26
1756648800,2025-08-31 14:00:00,3.464,3.486,3.48,3.474,11236.85
1756652400,2025-08-31 15:00:00,3.476,3.5,3.477,3.498,9827.53
1756656000,2025-08-31 16:00:00,3.48,3.498,3.497,3.491,8057.21
1756659600,2025-08-31 17:00:00,3.475,3.491,3.49,3.48,7862.2
1756663200,2025-08-31 18:00:00,3.478,3.51,3.481,3.509,11394.37
1756666800,2025-08-31 19:00:00,3.476,3.504,3.504,3.476,8766.76
1756670400,2025-08-31 20:00:00,3.47,3.492,3.475,3.478,8010.69
1756674000,2025-08-31 21:00:00,3.475,3.497,3.477,3.488,24132.09
1756677600,2025-08-31 22:00:00,3.457,3.49,3.489,3.459,24372.67
1756681200,2025-08-31 23:00:00,3.415,3.462,3.46,3.42,37792.35
1756684800,2025-09-01 00:00:00,3.375,3.425,3.418,3.404,29012.05
1756688400,2025-09-01 01:00:00,3.39,3.429,3.404,3.409,14808.39
1756692000,2025-09-01 02:00:00,3.334,3.409,3.409,3.349,55253.59
1756695600,2025-09-01 03:00:00,3.34,3.363,3.347,3.352,20868.21
1756699200,2025-09-01 04:00:00,3.312,3.36,3.351,3.326,22061.38
1756702800,2025-09-01 05:00:00,3.314,3.355,3.324,3.347,13388.55
1756706400,2025-09-01 06:00:00,3.327,3.36,3.347,3.351,17781
1756710000,2025-09-01 07:00:00,3.34,3.464,3.352,3.464,18825.62
1756713600,2025-09-01 08:00:00,3.453,3.488,3.465,3.478,10572.78
1756717200,2025-09-01 09:00:00,3.447,3.485,3.479,3.448,21128.23
1756720800,2025-09-01 10:00:00,3.384,3.448,3.448,3.403,19933.43
1756724400,2025-09-01 11:00:00,3.378,3.409,3.405,3.385,4705.54
1756728000,2025-09-01 12:00:00,3.375,3.413,3.384,3.393,8081.06
1756731600,2025-09-01 13:00:00,3.369,3.405,3.392,3.371,15256.58
1756735200,2025-09-01 14:00:00,3.345,3.391,3.372,3.36,58710.49
1756738800,2025-09-01 15:00:00,3.327,3.369,3.359,3.339,37105.8
1756742400,2025-09-01 16:00:00,3.322,3.352,3.34,3.336,69148.3
1756746000,2025-09-01 17:00:00,3.31,3.347,3.336,3.333,19345.29
1756749600,2025-09-01 18:00:00,3.333,3.364,3.333,3.355,14420.54
1756753200,2025-09-01 19:00:00,3.352,3.375,3.356,3.374,24944.16
1756756800,2025-09-01 20:00:00,3.273,3.374,3.373,3.31,72162.1
1756760400,2025-09-01 21:00:00,3.238,3.312,3.31,3.27,73867.97
1756764000,2025-09-01 22:00:00,3.254,3.291,3.269,3.286,76446.67
1756767600,2025-09-01 23:00:00,3.288,3.33,3.288,3.33,34553
1756771200,2025-09-02 00:00:00,3.311,3.336,3.33,3.318,18836.49
1756774800,2025-09-02 01:00:00,3.315,3.362,3.319,3.343,21396.77
1756778400,2025-09-02 02:00:00,3.335,3.387,3.343,3.387,8562.11
1756782000,2025-09-02 03:00:00,3.379,3.413,3.388,3.401,22040.89
1756785600,2025-09-02 04:00:00,3.392,3.413,3.402,3.413,11981.17
1756789200,2025-09-02 05:00:00,3.4,3.42,3.413,3.412,7670.9
1756792800,2025-09-02 06:00:00,3.411,3.43,3.413,3.426,13840.76
1756796400,2025-09-02 07:00:00,3.394,3.427,3.425,3.4,14966.48
1756800000,2025-09-02 08:00:00,3.401,3.429,3.401,3.415,17522.19
1756803600,2025-09-02 09:00:00,3.409,3.438,3.414,3.432,7539.62
1756807200,2025-09-02 10:00:00,3.42,3.436,3.432,3.436,9095.28
1756810800,2025-09-02 11:00:00,3.404,3.436,3.436,3.408,10215.02
1756814400,2025-09-02 12:00:00,3.331,3.415,3.409,3.337,37272.56
1756818000,2025-09-02 13:00:00,3.336,3.458,3.337,3.453,81901.63
1756821600,2025-09-02 14:00:00,3.422,3.476,3.455,3.439,32002.95
1756825200,2025-09-02 15:00:00,3.365,3.441,3.44,3.369,19844.38
1756828800,2025-09-02 16:00:00,3.363,3.398,3.371,3.394,23301.79
1756832400,2025-09-02 17:00:00,3.393,3.428,3.394,3.42,11233.81
1756836000,2025-09-02 18:00:00,3.376,3.425,3.418,3.41,42095.42
1756839600,2025-09-02 19:00:00,3.388,3.429,3.412,3.4,44797.98
1756843200,2025-09-02 20:00:00,3.393,3.448,3.399,3.439,27484.53
1756846800,2025-09-02 21:00:00,3.434,3.463,3.44,3.454,14953.24
1756850400,2025-09-02 22:00:00,3.442,3.473,3.453,3.472,14689.72
1756854000,2025-09-02 23:00:00,3.455,3.477,3.472,3.459,31409.88
1756857600,2025-09-03 00:00:00,3.437,3.468,3.459,3.437,31014.33
1756861200,2025-09-03 01:00:00,3.425,3.464,3.438,3.464,12055.59
1756864800,2025-09-03 02:00:00,3.452,3.478,3.463,3.466,17811.25
1756868400,2025-09-03 03:00:00,3.443,3.475,3.466,3.458,22548.12
1756872000,2025-09-03 04:00:00,3.442,3.463,3.459,3.45,13928.33
1756875600,2025-09-03 05:00:00,3.424,3.449,3.449,3.424,11806.9
1756879200,2025-09-03 06:00:00,3.414,3.437,3.425,3.419,21794.21
1756882800,2025-09-03 07:00:00,3.405,3.425,3.42,3.424,5829.87
1756886400,2025-09-03 08:00:00,3.42,3.453,3.423,3.424,69623.52
1756890000,2025-09-03 09:00:00,3.41,3.439,3.424,3.438,6604.35
1756893600,2025-09-03 10:00:00,3.426,3.46,3.439,3.453,32527.39
1756897200,2025-09-03 11:00:00,3.452,3.471,3.452,3.454,14024.97
1756900800,2025-09-03 12:00:00,3.446,3.478,3.454,3.452,17789.53
1756904400,2025-09-03 13:00:00,3.45,3.496,3.452,3.484,15280.03
1756908000,2025-09-03 14:00:00,3.474,3.52,3.482,3.513,34388.7
1756911600,2025-09-03 15:00:00,3.497,3.518,3.513,3.514,14693.34
1756915200,2025-09-03 16:00:00,3.484,3.527,3.514,3.495,33191.03
1756918800,2025-09-03 17:00:00,3.495,3.517,3.495,3.5,16555.85
1756922400,2025-09-03 18:00:00,3.478,3.505,3.5,3.489,15320.43
1756926000,2025-09-03 19:00:00,3.473,3.507,3.487,3.503,20128.26
1756929600,2025-09-03 20:00:00,3.489,3.508,3.504,3.498,11904.89
1756933200,2025-09-03 21:00:00,3.48,3.502,3.498,3.494,22671.67
1756936800,2025-09-03 22:00:00,3.485,3.501,3.496,3.493,22699.23
1756940400,2025-09-03 23:00:00,3.477,3.492,3.492,3.483,20899.37
1756944000,2025-09-04 00:00:00,3.483,3.5,3.484,3.495,8515.23
1756947600,2025-09-04 01:00:00,3.473,3.498,3.495,3.483,2831.55
1756951200,2025-09-04 02:00:00,3.449,3.483,3.483,3.453,19972.2
1756954800,2025-09-04 03:00:00,3.428,3.453,3.453,3.431,17108.17
1756958400,2025-09-04 04:00:00,3.425,3.443,3.43,3.425,6051.97
1756962000,2025-09-04 05:00:00,3.379,3.424,3.424,3.396,14182.7
1756965600,2025-09-04 06:00:00,3.37,3.4,3.397,3.376,26638.95
1756969200,2025-09-04 07:00:00,3.375,3.394,3.377,3.389,8161.22
1756972800,2025-09-04 08:00:00,3.388,3.409,3.389,3.39,16229.35
1756976400,2025-09-04 09:00:00,3.385,3.403,3.391,3.391,10480.28
1756980000,2025-09-04 10:00:00,3.39,3.408,3.393,3.39,4616.61
1756983600,2025-09-04 11:00:00,3.386,3.41,3.389,3.39,4776.12
1756987200,2025-09-04 12:00:00,3.377,3.406,3.39,3.404,12858.18
1756990800,2025-09-04 13:00:00,3.37,3.407,3.402,3.381,15274.39
1756994400,2025-09-04 14:00:00,3.344,3.384,3.381,3.36,28542.77
1756998000,2025-09-04 15:00:00,3.332,3.363,3.361,3.337,30690.05
1757001600,2025-09-04 16:00:00,3.329,3.348,3.336,3.343,19729.97
1757005200,2025-09-04 17:00:00,3.339,3.359,3.342,3.344,25273.57
1757008800,2025-09-04 18:00:00,3.318,3.356,3.343,3.325,26215.33
1757012400,2025-09-04 19:00:00,3.317,3.341,3.326,3.32,7702.39
1757016000,2025-09-04 20:00:00,3.319,3.359,3.319,3.347,24669.39
1757019600,2025-09-04 21:00:00,3.343,3.372,3.346,3.368,17829.48
1757023200,2025-09-04 22:00:00,3.364,3.395,3.368,3.388,13650.67
1757026800,2025-09-04 23:00:00,3.357,3.394,3.387,3.36,33386.28
1757030400,2025-09-05 00:00:00,3.361,3.386,3.361,3.363,28980.28
1757034000,2025-09-05 01:00:00,3.359,3.386,3.363,3.382,13678.8
1757037600,2025-09-05 02:00:00,3.363,3.387,3.383,3.382,29318.35
1757041200,2025-09-05 03:00:00,3.368,3.385,3.381,3.385,9100.62
1757044800,2025-09-05 04:00:00,3.383,3.401,3.385,3.4,27079.17
1757048400,2025-09-05 05:00:00,3.398,3.408,3.4,3.404,3799.01
1757052000,2025-09-05 06:00:00,3.393,3.408,3.403,3.404,6165.26
1757055600,2025-09-05 07:00:00,3.405,3.466,3.405,3.464,22648.95
1757059200,2025-09-05 08:00:00,3.44,3.466,3.464,3.447,9446.45
1757062800,2025-09-05 09:00:00,3.429,3.455,3.446,3.455,14578.74
1757066400,2025-09-05 10:00:00,3.451,3.467,3.455,3.451,14232.82
1757070000,2025-09-05 11:00:00,3.443,3.465,3.45,3.458,19717.69
1757073600,2025-09-05 12:00:00,3.458,3.523,3.458,3.522,31260.22
1757077200,2025-09-05 13:00:00,3.502,3.53,3.523,3.517,27538.21
1757080800,2025-09-05 14:00:00,3.397,3.517,3.517,3.407,52018.03
1757084400,2025-09-05 15:00:00,3.394,3.444,3.407,3.425,6753.71
1757088000,2025-09-05 16:00:00,3.414,3.432,3.425,3.421,9051.38
1757091600,2025-09-05 17:00:00,3.397,3.423,3.42,3.414,10732.18
1757095200,2025-09-05 18:00:00,3.408,3.46,3.413,3.451,25505.68
1757098800,2025-09-05 19:00:00,3.448,3.473,3.452,3.473,12630.94
1757102400,2025-09-05 20:00:00,3.464,3.495,3.474,3.495,8160.61
1757106000,2025-09-05 21:00:00,3.447,3.496,3.495,3.463,22814.59
1757109600,2025-09-05 22:00:00,3.452,3.475,3.464,3.471,8510.73
1757113200,2025-09-05 23:00:00,3.457,3.474,3.471,3.457,7190.47
1757116800,2025-09-06 00:00:00,3.458,3.479,3.46,3.471,21650.58
1757120400,2025-09-06 01:00:00,3.465,3.482,3.469,3.48,27391.04
1757124000,2025-09-06 02:00:00,3.465,3.485,3.481,3.483,12126.55
1757127600,2025-09-06 03:00:00,3.471,3.485,3.482,3.473,4950.35
1757131200,2025-09-06 04:00:00,3.452,3.472,3.472,3.456,5517.86
1757134800,2025-09-06 05:00:00,3.435,3.457,3.456,3.437,12930.75
1757138400,2025-09-06 06:00:00,3.436,3.45,3.436,3.444,12734.76
1757142000,2025-09-06 07:00:00,3.437,3.449,3.444,3.443,9709.16
1757145600,2025-09-06 08:00:00,3.429,3.443,3.443,3.429,8596.69
1757149200,2025-09-06 09:00:00,3.413,3.428,3.428,3.414,2992.36
1757152800,2025-09-06 10:00:00,3.408,3.426,3.413,3.425,4166.8
1757156400,2025-09-06 11:00:00,3.414,3.425,3.423,3.423,5367.17
1757160000,2025-09-06 12:00:00,3.413,3.428,3.422,3.418,3435.52
1757163600,2025-09-06 13:00:00,3.412,3.425,3.419,3.424,10253.82
1757167200,2025-09-06 14:00:00,3.422,3.445,3.424,3.436,8272.7
1757170800,2025-09-06 15:00:00,3.406,3.435,3.435,3.407,8020.96
1757174400,2025-09-06 16:00:00,3.392,3.427,3.407,3.421,23729.29
1757178000,2025-09-06 17:00:00,3.4,3.425,3.421,3.409,7186.82
1757181600,2025-09-06 18:00:00,3.409,3.422,3.411,3.419,10648.64
1757185200,2025-09-06 19:00:00,3.394,3.42,3.419,3.397,5213.71
1757188800,2025-09-06 20:00:00,3.394,3.421,3.397,3.419,16604.38
1757192400,2025-09-06 21:00:00,3.408,3.417,3.417,3.416,9252.9
1757196000,2025-09-06 22:00:00,3.407,3.423,3.417,3.414,5065.63
1757199600,2025-09-06 23:00:00,3.409,3.423,3.414,3.41,11217.06
1757203200,2025-09-07 00:00:00,3.404,3.425,3.411,3.421,9186.57
1757206800,2025-09-07 01:00:00,3.423,3.448,3.423,3.442,3907.87
1757210400,2025-09-07 02:00:00,3.434,3.45,3.44,3.449,2082.79
1757214000,2025-09-07 03:00:00,3.439,3.453,3.45,3.445,3327.47
1757217600,2025-09-07 04:00:00,3.444,3.452,3.445,3.452,3957.36
1757221200,2025-09-07 05:00:00,3.45,3.471,3.452,3.471,5861.54
1757224800,2025-09-07 06:00:00,3.455,3.478,3.471,3.455,6212.39
1757228400,2025-09-07 07:00:00,3.449,3.466,3.455,3.453,8809.4
1757232000,2025-09-07 08:00:00,3.454,3.478,3.454,3.468,7904.12
1757235600,2025-09-07 09:00:00,3.452,3.475,3.467,3.461,4425.09
1757239200,2025-09-07 10:00:00,3.46,3.474,3.462,3.474,6161.07
1757242800,2025-09-07 11:00:00,3.471,3.49,3.473,3.49,4557.81
1757246400,2025-09-07 12:00:00,3.476,3.493,3.49,3.492,6926.73
1757250000,2025-09-07 13:00:00,3.486,3.501,3.493,3.499,8334.77
1757253600,2025-09-07 14:00:00,3.488,3.509,3.499,3.497,13643.16
1757257200,2025-09-07 15:00:00,3.483,3.505,3.496,3.497,17379.18
1757260800,2025-09-07 16:00:00,3.473,3.502,3.497,3.477,20053.18
1757264400,2025-09-07 17:00:00,3.453,3.477,3.476,3.456,13323.18
1757268000,2025-09-07 18:00:00,3.443,3.463,3.455,3.453,7386.86
1757271600,2025-09-07 19:00:00,3.449,3.468,3.454,3.46,7779.04
1757275200,2025-09-07 20:00:00,3.453,3.473,3.459,3.473,11527.85
1757278800,2025-09-07 21:00:00,3.464,3.473,3.473,3.465,17169.32
1757282400,2025-09-07 22:00:00,3.455,3.485,3.464,3.485,10700.79
1757286000,2025-09-07 23:00:00,3.475,3.503,3.486,3.481,22203.25
1757289600,2025-09-08 00:00:00,3.467,3.5,3.481,3.476,24222.04
1757293200,2025-09-08 01:00:00,3.472,3.484,3.476,3.477,2650.3
1757296800,2025-09-08 02:00:00,3.469,3.525,3.479,3.524,9068.89
1757300400,2025-09-08 03:00:00,3.518,3.567,3.523,3.551,20651.96
1757304000,2025-09-08 04:00:00,3.529,3.565,3.547,3.565,7121.98
1757307600,2025-09-08 05:00:00,3.555,3.585,3.562,3.564,11518.44
1757311200,2025-09-08 06:00:00,3.554,3.594,3.564,3.58,10313.99
1757314800,2025-09-08 07:00:00,3.562,3.592,3.579,3.572,13943.55
1757318400,2025-09-08 08:00:00,3.573,3.617,3.573,3.606,8801.63
1757322000,2025-09-08 09:00:00,3.598,3.626,3.604,3.623,12055.07
1757325600,2025-09-08 10:00:00,3.618,3.674,3.622,3.64,43326.59
1757329200,2025-09-08 11:00:00,3.602,3.639,3.639,3.631,27734.33
1757332800,2025-09-08 12:00:00,3.619,3.654,3.632,3.645,26768.72
1757336400,2025-09-08 13:00:00,3.631,3.679,3.645,3.632,63731.35
1757340000,2025-09-08 14:00:00,3.63,3.699,3.632,3.699,70709.87
1757343600,2025-09-08 15:00:00,3.697,3.734,3.7,3.717,80296.17
1757347200,2025-09-08 16:00:00,3.685,3.743,3.717,3.697,56294.97
1757350800,2025-09-08 17:00:00,3.675,3.723,3.697,3.694,28554.43
1757354400,2025-09-08 18:00:00,3.693,3.72,3.695,3.714,17684.59
1757358000,2025-09-08 19:00:00,3.665,3.714,3.714,3.678,18337.32
1757361600,2025-09-08 20:00:00,3.643,3.68,3.679,3.66,37440.78
1757365200,2025-09-08 21:00:00,3.65,3.7,3.659,3.7,10752.9
1757368800,2025-09-08 22:00:00,3.691,3.721,3.701,3.704,43166.5
1757372400,2025-09-08 23:00:00,3.691,3.717,3.704,3.712,23557.36
1757376000,2025-09-09 00:00:00,3.711,3.796,3.711,3.775,78075.53
1757379600,2025-09-09 01:00:00,3.764,3.845,3.772,3.819,143570.86
1757383200,2025-09-09 02:00:00,3.724,3.834,3.815,3.734,72587.12
1757386800,2025-09-09 03:00:00,3.726,3.8,3.732,3.8,74276.73
1757390400,2025-09-09 04:00:00,3.78,3.817,3.8,3.806,59908.37
1757394000,2025-09-09 05:00:00,3.791,3.822,3.806,3.815,17368.58
1757397600,2025-09-09 06:00:00,3.811,3.887,3.812,3.887,45793.13
1757401200,2025-09-09 07:00:00,3.873,3.912,3.887,3.886,47793.02
1757404800,2025-09-09 08:00:00,3.874,3.9,3.882,3.882,31641.58
1757408400,2025-09-09 09:00:00,3.871,3.99,3.882,3.956,256573.11
1757412000,2025-09-09 10:00:00,3.927,4.051,3.957,3.945,279631.06
1757415600,2025-09-09 11:00:00,3.928,3.976,3.944,3.929,52564.7
1757419200,2025-09-09 12:00:00,3.89,3.973,3.929,3.898,75366.03
1757422800,2025-09-09 13:00:00,3.868,3.916,3.9,3.901,63823.61
1757426400,2025-09-09 14:00:00,3.75,3.904,3.902,3.823,295597.12
1757430000,2025-09-09 15:00:00,3.754,3.822,3.822,3.767,67082.85
1757433600,2025-09-09 16:00:00,3.762,3.789,3.768,3.787,80176.28
1757437200,2025-09-09 17:00:00,3.773,3.817,3.787,3.774,18316.87
1757440800,2025-09-09 18:00:00,3.762,3.805,3.773,3.791,19998.89
1757444400,2025-09-09 19:00:00,3.788,3.826,3.793,3.8,30733.79
1757448000,2025-09-09 20:00:00,3.74,3.81,3.799,3.748,41632.29
1757451600,2025-09-09 21:00:00,3.743,3.789,3.748,3.768,20312.3
1757455200,2025-09-09 22:00:00,3.764,3.811,3.77,3.805,36726.74
1757458800,2025-09-09 23:00:00,3.782,3.814,3.803,3.791,19392.96
1757462400,2025-09-10 00:00:00,3.759,3.81,3.792,3.764,12395.2
1757466000,2025-09-10 01:00:00,3.76,3.828,3.766,3.811,27405.81
1757469600,2025-09-10 02:00:00,3.813,3.863,3.813,3.845,36148.51
1757473200,2025-09-10 03:00:00,3.833,3.857,3.843,3.847,10491.8
1757476800,2025-09-10 04:00:00,3.818,3.848,3.848,3.838,21664.65
1757480400,2025-09-10 05:00:00,3.796,3.836,3.836,3.818,5422.03
1757484000,2025-09-10 06:00:00,3.797,3.831,3.818,3.818,9964.73
1757487600,2025-09-10 07:00:00,3.805,3.839,3.817,3.822,13858.48
1757491200,2025-09-10 08:00:00,3.806,3.829,3.823,3.816,8769.88
1757494800,2025-09-10 09:00:00,3.817,3.852,3.817,3.837,147995.44
1757498400,2025-09-10 10:00:00,3.794,3.836,3.836,3.799,24922.73
1757502000,2025-09-10 11:00:00,3.791,3.811,3.798,3.804,6125.45
1757505600,2025-09-10 12:00:00,3.802,3.879,3.803,3.875,61185.04
1757509200,2025-09-10 13:00:00,3.873,3.955,3.875,3.909,137173.78
1757512800,2025-09-10 14:00:00,3.903,3.936,3.909,3.919,63433.42
1757516400,2025-09-10 15:00:00,3.919,3.962,3.919,3.94,67136.04
1757520000,2025-09-10 16:00:00,3.897,3.95,3.942,3.943,44789.92
1757523600,2025-09-10 17:00:00,3.887,3.947,3.943,3.915,30182.41
1757527200,2025-09-10 18:00:00,3.875,3.919,3.914,3.899,52246.02
1757530800,2025-09-10 19:00:00,3.846,3.899,3.898,3.877,36572.9
1757534400,2025-09-10 20:00:00,3.873,3.927,3.878,3.893,66756.23
1757538000,2025-09-10 21:00:00,3.89,3.928,3.893,3.928,30268.27
1757541600,2025-09-10 22:00:00,3.914,3.95,3.923,3.948,27524.27
1757545200,2025-09-10 23:00:00,3.92,3.952,3.948,3.926,32275.68
1757548800,2025-09-11 00:00:00,3.911,3.936,3.925,3.923,28385.06
1757552400,2025-09-11 01:00:00,3.917,3.936,3.922,3.928,7984.06
1757556000,2025-09-11 02:00:00,3.914,3.932,3.929,3.916,7851.88
1757559600,2025-09-11 03:00:00,3.915,3.955,3.915,3.952,16593.29
1757563200,2025-09-11 04:00:00,3.921,3.953,3.952,3.927,7766.62
1757566800,2025-09-11 05:00:00,3.903,3.926,3.926,3.914,7876.73
1757570400,2025-09-11 06:00:00,3.896,3.939,3.912,3.935,20273.28
1757574000,2025-09-11 07:00:00,3.92,3.94,3.932,3.934,27671.36
1757577600,2025-09-11 08:00:00,3.923,3.944,3.933,3.944,7535.48
1757581200,2025-09-11 09:00:00,3.918,3.944,3.944,3.926,29709.01
1757584800,2025-09-11 10:00:00,3.924,3.955,3.929,3.955,12660.98
1757588400,2025-09-11 11:00:00,3.933,3.974,3.954,3.933,37938.02
1757592000,2025-09-11 12:00:00,3.891,4,3.936,3.948,63598.89
1757595600,2025-09-11 13:00:00,3.883,3.973,3.948,3.97,21561.61
1757599200,2025-09-11 14:00:00,3.906,3.97,3.969,3.948,39736.19
1757602800,2025-09-11 15:00:00,3.914,3.961,3.947,3.927,15873.65
1757606400,2025-09-11 16:00:00,3.921,3.957,3.928,3.943,51507.98
1757610000,2025-09-11 17:00:00,3.933,3.958,3.942,3.957,12133.43
1757613600,2025-09-11 18:00:00,3.931,3.96,3.955,3.945,12045.36
1757617200,2025-09-11 19:00:00,3.935,3.973,3.944,3.955,23014.55
1757620800,2025-09-11 20:00:00,3.876,3.969,3.954,3.958,20612.02
1757624400,2025-09-11 21:00:00,3.951,3.991,3.954,3.987,42171.43
1757628000,2025-09-11 22:00:00,3.988,4.011,3.988,4.001,32026.58
1757631600,2025-09-11 23:00:00,3.987,4.012,4.002,3.996,24544.94
1757635200,2025-09-12 00:00:00,3.997,4.071,3.997,4.035,79291.61
1757638800,2025-09-12 01:00:00,3.997,4.044,4.037,3.997,16632.81
1757642400,2025-09-12 02:00:00,3.997,4.021,3.999,4.003,13881.47
1757646000,2025-09-12 03:00:00,3.989,4.01,4.002,4.002,24696.3
1757649600,2025-09-12 04:00:00,3.983,4.036,4.002,4.006,10108.91
1757653200,2025-09-12 05:00:00,3.886,4.022,4.005,4.016,216799.59
1757656800,2025-09-12 06:00:00,3.997,4.027,4.015,4.004,18583.37
1757660400,2025-09-12 07:00:00,3.984,4.015,4.003,3.992,15781.36
1757664000,2025-09-12 08:00:00,3.965,3.997,3.993,3.972,16058
1757667600,2025-09-12 09:00:00,3.951,3.984,3.968,3.964,10995.12
1757671200,2025-09-12 10:00:00,3.936,3.965,3.964,3.951,10698.75
1757674800,2025-09-12 11:00:00,3.9,3.951,3.951,3.918,70046.37
1757678400,2025-09-12 12:00:00,3.901,3.972,3.919,3.962,57795.5
1757682000,2025-09-12 13:00:00,3.943,3.975,3.961,3.966,30357.29
1757685600,2025-09-12 14:00:00,3.945,3.989,3.968,3.966,36421.9
1757689200,2025-09-12 15:00:00,3.931,3.969,3.966,3.957,10594.71
1757692800,2025-09-12 16:00:00,3.945,3.988,3.957,3.985,19818.03
1757696400,2025-09-12 17:00:00,3.971,4.034,3.985,4.018,40779.91
1757700000,2025-09-12 18:00:00,4.012,4.048,4.018,4.041,48750.72
1757703600,2025-09-12 19:00:00,4.02,4.046,4.039,4.042,16482.44
1757707200,2025-09-12 20:00:00,4.016,4.041,4.041,4.022,19214.63
1757710800,2025-09-12 21:00:00,4.001,4.028,4.023,4.012,20203.7
1757714400,2025-09-12 22:00:00,4.014,4.052,4.014,4.028,11351.29
1757718000,2025-09-12 23:00:00,4.01,4.034,4.026,4.031,10416.15
1757721600,2025-09-13 00:00:00,4.018,4.036,4.028,4.022,15539.56
1757725200,2025-09-13 01:00:00,4.004,4.042,4.024,4.005,15329.49
1757728800,2025-09-13 02:00:00,3.983,4.006,4.005,4.004,13761.55
1757732400,2025-09-13 03:00:00,3.996,4.018,4.006,4.016,24772.41
1757736000,2025-09-13 04:00:00,3.996,4.019,4.015,3.998,14479.21
1757739600,2025-09-13 05:00:00,3.983,4.009,3.996,4.008,11448.09
1757743200,2025-09-13 06:00:00,4.006,4.028,4.008,4.013,27241.26
1757746800,2025-09-13 07:00:00,4.006,4.017,4.012,4.012,8484.08
1757750400,2025-09-13 08:00:00,4.007,4.058,4.011,4.058,27035.58
1757754000,2025-09-13 09:00:00,4.049,4.094,4.054,4.088,22549.23
1757757600,2025-09-13 10:00:00,4.067,4.097,4.086,4.086,22409.37
1757761200,2025-09-13 11:00:00,4.064,4.1,4.086,4.098,23291.67
1757764800,2025-09-13 12:00:00,4.085,4.126,4.098,4.123,36032.23
1757768400,2025-09-13 13:00:00,4.028,4.145,4.123,4.076,62009.9
1757772000,2025-09-13 14:00:00,4.036,4.101,4.074,4.078,34298.79
1757775600,2025-09-13 15:00:00,4.033,4.1,4.078,4.042,32404.85
1757779200,2025-09-13 16:00:00,3.982,4.053,4.043,4.001,50989.48
1757782800,2025-09-13 17:00:00,3.944,4.008,3.999,4.007,39407.03
1757786400,2025-09-13 18:00:00,3.974,4.007,4.007,4.003,14037.31
1757790000,2025-09-13 19:00:00,3.989,4.015,4.003,4.013,22204.75
1757793600,2025-09-13 20:00:00,4.014,4.043,4.014,4.034,21241.48
1757797200,2025-09-13 21:00:00,4.036,4.06,4.036,4.047,36657.28
1757800800,2025-09-13 22:00:00,4.037,4.059,4.048,4.052,10953.74
1757804400,2025-09-13 23:00:00,4.04,4.063,4.052,4.057,17712.34
1757808000,2025-09-14 00:00:00,4.014,4.06,4.056,4.025,19756.4
1757811600,2025-09-14 01:00:00,3.982,4.028,4.024,4.027,13332.97
1757815200,2025-09-14 02:00:00,4.014,4.046,4.028,4.028,13137.73
1757818800,2025-09-14 03:00:00,3.968,4.036,4.028,3.97,14172.49
1757822400,2025-09-14 04:00:00,3.917,3.976,3.969,3.953,25330.11
1757826000,2025-09-14 05:00:00,3.948,3.984,3.953,3.979,10968.36
1757829600,2025-09-14 06:00:00,3.949,3.989,3.981,3.958,10331.21
1757833200,2025-09-14 07:00:00,3.95,3.968,3.957,3.958,8317.18
1757836800,2025-09-14 08:00:00,3.945,3.97,3.957,3.953,5931.81
1757840400,2025-09-14 09:00:00,3.948,3.986,3.953,3.986,5907.1
1757844000,2025-09-14 10:00:00,3.966,3.984,3.983,3.971,11055.94
1757847600,2025-09-14 11:00:00,3.91,3.976,3.971,3.915,12204.44
1757851200,2025-09-14 12:00:00,3.884,3.935,3.916,3.903,34056.43
1757854800,2025-09-14 13:00:00,3.85,3.917,3.901,3.888,74663.56
1757858400,2025-09-14 14:00:00,3.852,3.918,3.887,3.872,36564.45
1757862000,2025-09-14 15:00:00,3.845,3.886,3.87,3.87,29347.73
1757865600,2025-09-14 16:00:00,3.867,3.908,3.87,3.901,6320.48
1757869200,2025-09-14 17:00:00,3.897,3.932,3.902,3.922,9622.13
1757872800,2025-09-14 18:00:00,3.893,3.923,3.922,3.896,10417.94
1757876400,2025-09-14 19:00:00,3.883,3.923,3.895,3.904,15236.03
1757880000,2025-09-14 20:00:00,3.895,3.918,3.902,3.902,11425.97
1757883600,2025-09-14 21:00:00,3.884,3.939,3.901,3.929,7316.79
1757887200,2025-09-14 22:00:00,3.905,3.951,3.927,3.939,7883.42
1757890800,2025-09-14 23:00:00,3.891,3.94,3.94,3.898,8074.52
1757894400,2025-09-15 00:00:00,3.888,3.922,3.898,3.901,22272.71
1757898000,2025-09-15 01:00:00,3.863,3.915,3.901,3.905,11884.57
1757901600,2025-09-15 02:00:00,3.902,3.929,3.906,3.908,11174.53
1757905200,2025-09-15 03:00:00,3.907,3.939,3.908,3.933,23801.46
1757908800,2025-09-15 04:00:00,3.919,3.945,3.933,3.93,10427.95
1757912400,2025-09-15 05:00:00,3.929,3.97,3.93,3.969,16338.69
1757916000,2025-09-15 06:00:00,3.891,3.982,3.969,3.903,31903.83
1757919600,2025-09-15 07:00:00,3.83,3.929,3.904,3.837,35300.06
1757923200,2025-09-15 08:00:00,3.743,3.838,3.837,3.745,49617.45
1757926800,2025-09-15 09:00:00,3.742,3.797,3.743,3.791,23080.24
1757930400,2025-09-15 10:00:00,3.762,3.795,3.789,3.787,16870.62
1757934000,2025-09-15 11:00:00,3.764,3.799,3.785,3.784,18538.79
1757937600,2025-09-15 12:00:00,3.755,3.789,3.783,3.76,23661.38
1757941200,2025-09-15 13:00:00,3.753,3.796,3.76,3.78,21234.56
1757944800,2025-09-15 14:00:00,3.736,3.79,3.777,3.751,33727.47
1757948400,2025-09-15 15:00:00,3.692,3.769,3.751,3.721,62156.68
1757952000,2025-09-15 16:00:00,3.677,3.72,3.72,3.684,133027.75
1757955600,2025-09-15 17:00:00,3.682,3.721,3.683,3.72,77176.19
1757959200,2025-09-15 18:00:00,3.701,3.73,3.719,3.728,19230.28
1757962800,2025-09-15 19:00:00,3.715,3.789,3.729,3.739,89271.69
1757966400,2025-09-15 20:00:00,3.737,3.771,3.739,3.768,41157.19
1757970000,2025-09-15 21:00:00,3.761,3.795,3.769,3.784,25788.09
1757973600,2025-09-15 22:00:00,3.765,3.795,3.784,3.767,7928.62
1757977200,2025-09-15 23:00:00,3.761,3.789,3.765,3.787,6123.02
1757980800,2025-09-16 00:00:00,3.763,3.788,3.786,3.776,5500.39
1757984400,2025-09-16 01:00:00,3.763,3.802,3.776,3.768,17335.93
1757988000,2025-09-16 02:00:00,3.764,3.788,3.768,3.77,29586.15
1757991600,2025-09-16 03:00:00,3.767,3.793,3.771,3.767,5778.97
1757995200,2025-09-16 04:00:00,3.728,3.773,3.769,3.761,18149.77
1757998800,2025-09-16 05:00:00,3.761,3.801,3.761,3.801,14188.96
1758002400,2025-09-16 06:00:00,3.779,3.812,3.801,3.792,9143.25
1758006000,2025-09-16 07:00:00,3.79,3.801,3.793,3.795,5469.01
1758009600,2025-09-16 08:00:00,3.796,3.856,3.796,3.855,57748.89
1758013200,2025-09-16 09:00:00,3.817,3.857,3.856,3.829,22860.98
1758016800,2025-09-16 10:00:00,3.819,3.838,3.831,3.823,20657.97
1758020400,2025-09-16 11:00:00,3.812,3.838,3.823,3.826,11868.88
1758024000,2025-09-16 12:00:00,3.822,3.846,3.826,3.838,5793.91
1758027600,2025-09-16 13:00:00,3.797,3.876,3.835,3.829,21415.15
1758031200,2025-09-16 14:00:00,3.779,3.828,3.828,3.822,44508.71
1758034800,2025-09-16 15:00:00,3.799,3.873,3.822,3.873,18268.55
1758038400,2025-09-16 16:00:00,3.837,3.873,3.87,3.843,19196.76
1758042000,2025-09-16 17:00:00,3.844,3.901,3.844,3.888,22167.23
1758045600,2025-09-16 18:00:00,3.865,3.903,3.888,3.883,14257.93
1758049200,2025-09-16 19:00:00,3.854,3.884,3.881,3.871,18701.85
1758052800,2025-09-16 20:00:00,3.872,3.895,3.872,3.884,14425.84
1758056400,2025-09-16 21:00:00,3.874,3.896,3.885,3.894,13962.79
1758060000,2025-09-16 22:00:00,3.883,3.909,3.895,3.886,23766.79
1758063600,2025-09-16 23:00:00,3.862,3.892,3.885,3.875,31924.89
1758067200,2025-09-17 00:00:00,3.861,3.889,3.876,3.887,16811.84
1758070800,2025-09-17 01:00:00,3.862,3.89,3.885,3.876,23067.93
1758074400,2025-09-17 02:00:00,3.863,3.888,3.875,3.872,8285.79
1758078000,2025-09-17 03:00:00,3.827,3.876,3.869,3.833,34996.22
1758081600,2025-09-17 04:00:00,3.803,3.838,3.833,3.813,24376.91
1758085200,2025-09-17 05:00:00,3.799,3.837,3.813,3.836,13660.26
1758088800,2025-09-17 06:00:00,3.828,3.87,3.837,3.869,5986.7
1758092400,2025-09-17 07:00:00,3.862,3.878,3.869,3.875,6866.07
1758096000,2025-09-17 08:00:00,3.83,3.875,3.875,3.839,10673.5
1758099600,2025-09-17 09:00:00,3.813,3.839,3.837,3.815,33396.15
1758103200,2025-09-17 10:00:00,3.796,3.828,3.815,3.811,9480.3
1758106800,2025-09-17 11:00:00,3.805,3.824,3.81,3.814,6887.16
1758110400,2025-09-17 12:00:00,3.802,3.833,3.815,3.822,8847.18
1758114000,2025-09-17 13:00:00,3.808,3.848,3.821,3.819,20397.77
1758117600,2025-09-17 14:00:00,3.791,3.828,3.82,3.797,9707.41
1758121200,2025-09-17 15:00:00,3.791,3.817,3.798,3.792,10404.1
1758124800,2025-09-17 16:00:00,3.769,3.812,3.791,3.805,13548.42
1758128400,2025-09-17 17:00:00,3.787,3.862,3.806,3.798,32277.24
1758132000,2025-09-17 18:00:00,3.781,3.879,3.804,3.799,120712.52
1758135600,2025-09-17 19:00:00,3.799,3.93,3.799,3.923,51025.66
1758139200,2025-09-17 20:00:00,3.878,3.985,3.926,3.884,52030.86
1758142800,2025-09-17 21:00:00,3.854,3.967,3.884,3.956,60630.08
1758146400,2025-09-17 22:00:00,3.957,4.02,3.957,4.013,39831.5
1758150000,2025-09-17 23:00:00,3.987,4.031,4.014,4.001,75512.66
1758153600,2025-09-18 00:00:00,3.981,4.027,4.003,3.986,19085.46
1758157200,2025-09-18 01:00:00,3.986,4.022,3.988,4.011,9817.72
1758160800,2025-09-18 02:00:00,3.974,4.014,4.011,4.013,32008.41
1758164400,2025-09-18 03:00:00,4.005,4.06,4.013,4.045,30944.95
1758168000,2025-09-18 04:00:00,4.025,4.058,4.045,4.049,11764.14
1758171600,2025-09-18 05:00:00,3.995,4.047,4.047,4.013,13183.33
1758175200,2025-09-18 06:00:00,3.945,4.016,4.013,3.961,33376.81
1758178800,2025-09-18 07:00:00,3.953,3.994,3.963,3.979,13579.82
1758182400,2025-09-18 08:00:00,3.976,4.024,3.978,4.012,24097.22
1758186000,2025-09-18 09:00:00,4.008,4.051,4.013,4.026,38468.05
1758189600,2025-09-18 10:00:00,4.005,4.038,4.027,4.015,21072.08
1758193200,2025-09-18 11:00:00,4.01,4.026,4.017,4.019,22699.57
1758196800,2025-09-18 12:00:00,4.008,4.058,4.02,4.034,30687.91
1758200400,2025-09-18 13:00:00,4.019,4.076,4.033,4.051,38757.11
1758204000,2025-09-18 14:00:00,4.049,4.102,4.051,4.076,70153.67
1758207600,2025-09-18 15:00:00,4.054,4.089,4.076,4.081,32237.87
1758211200,2025-09-18 16:00:00,4.076,4.098,4.079,4.092,37699.4
1758214800,2025-09-18 17:00:00,4.085,4.124,4.093,4.099,35188.97
1758218400,2025-09-18 18:00:00,4.091,4.13,4.1,4.128,34698.62
1758222000,2025-09-18 19:00:00,4.063,4.129,4.127,4.099,38436.21
1758225600,2025-09-18 20:00:00,4.07,4.115,4.098,4.106,65231.68
1758229200,2025-09-18 21:00:00,4.088,4.127,4.107,4.107,31978.41
1758232800,2025-09-18 22:00:00,4.089,4.121,4.108,4.089,12852.9
1758236400,2025-09-18 23:00:00,4.055,4.094,4.09,4.093,28000.55
1758240000,2025-09-19 00:00:00,4.091,4.158,4.094,4.154,65715.11
1758243600,2025-09-19 01:00:00,4.1,4.164,4.153,4.121,31802.47
1758247200,2025-09-19 02:00:00,4.088,4.139,4.12,4.09,17636.61
1758250800,2025-09-19 03:00:00,4.011,4.101,4.089,4.012,52302.95
1758254400,2025-09-19 04:00:00,3.965,4.029,4.012,4.023,34556.63
1758258000,2025-09-19 05:00:00,3.987,4.031,4.025,4.01,16436.78
1758261600,2025-09-19 06:00:00,3.965,4.009,4.009,3.965,9987.9
1758265200,2025-09-19 07:00:00,3.955,4.008,3.965,3.998,23559.38
1758268800,2025-09-19 08:00:00,3.998,4.031,3.998,4.011,6685.37
1758272400,2025-09-19 09:00:00,3.973,4.046,4.012,3.996,20515.46
1758276000,2025-09-19 10:00:00,3.98,4.004,3.996,3.995,13723.08
1758279600,2025-09-19 11:00:00,3.935,3.996,3.994,3.953,18962.26
1758283200,2025-09-19 12:00:00,3.954,3.992,3.954,3.968,30693.37
1758286800,2025-09-19 13:00:00,3.971,4.023,3.971,4.015,27467.42
1758290400,2025-09-19 14:00:00,3.943,4.015,4.011,3.958,25855.18
1758294000,2025-09-19 15:00:00,3.906,3.961,3.958,3.928,51726.95
1758297600,2025-09-19 16:00:00,3.926,3.963,3.927,3.946,19682.29
1758301200,2025-09-19 17:00:00,3.897,3.947,3.945,3.906,36713.48
1758304800,2025-09-19 18:00:00,3.886,3.925,3.906,3.913,10913.78
1758308400,2025-09-19 19:00:00,3.909,3.929,3.914,3.909,11576.54
1758312000,2025-09-19 20:00:00,3.91,3.941,3.91,3.92,24499.73
1758315600,2025-09-19 21:00:00,3.897,3.942,3.919,3.942,32338.1
1758319200,2025-09-19 22:00:00,3.939,3.952,3.941,3.94,8587.27
1758322800,2025-09-19 23:00:00,3.878,3.939,3.939,3.912,22454.99
1758326400,2025-09-20 00:00:00,3.898,3.94,3.912,3.935,12349.04
1758330000,2025-09-20 01:00:00,3.898,3.934,3.934,3.903,2932.59
1758333600,2025-09-20 02:00:00,3.872,3.921,3.902,3.921,20568.63
1758337200,2025-09-20 03:00:00,3.904,3.93,3.916,3.914,4849.78
1758340800,2025-09-20 04:00:00,3.91,3.937,3.913,3.923,12008.25
1758344400,2025-09-20 05:00:00,3.919,3.954,3.922,3.954,20819.95
1758348000,2025-09-20 06:00:00,3.937,3.968,3.953,3.965,8703.86
1758351600,2025-09-20 07:00:00,3.947,3.987,3.965,3.983,22081.33
1758355200,2025-09-20 08:00:00,3.934,3.984,3.982,3.937,42671.25
1758358800,2025-09-20 09:00:00,3.914,3.955,3.943,3.93,19416.63
1758362400,2025-09-20 10:00:00,3.91,3.951,3.931,3.91,4754.71
1758366000,2025-09-20 11:00:00,3.905,3.931,3.91,3.929,6259.87
1758369600,2025-09-20 12:00:00,3.916,3.935,3.929,3.931,14115.59
1758373200,2025-09-20 13:00:00,3.924,3.94,3.931,3.927,9328.96
1758376800,2025-09-20 14:00:00,3.919,3.977,3.926,3.975,18636.66
1758380400,2025-09-20 15:00:00,3.977,4.02,3.977,3.994,27516.37
1758384000,2025-09-20 16:00:00,3.977,4.016,3.995,4,19691.1
1758387600,2025-09-20 17:00:00,3.975,4.001,3.999,3.975,17988.21
1758391200,2025-09-20 18:00:00,3.942,3.976,3.976,3.957,13811.91
1758394800,2025-09-20 19:00:00,3.939,3.969,3.957,3.95,18089.35
1758398400,2025-09-20 20:00:00,3.948,3.994,3.949,3.99,14286.64
1758402000,2025-09-20 21:00:00,3.989,4.027,3.99,4.005,28991.22
1758405600,2025-09-20 22:00:00,4.001,4.022,4.006,4.014,27072.16
1758409200,2025-09-20 23:00:00,3.971,4.015,4.015,3.984,31144.85
1758412800,2025-09-21 00:00:00,3.978,4.019,3.984,4.011,36506.4
1758416400,2025-09-21 01:00:00,3.973,4.012,4.012,3.973,13172.04
1758420000,2025-09-21 02:00:00,3.962,4.009,3.977,4.006,20561.03
1758423600,2025-09-21 03:00:00,3.991,4.013,4.005,4.012,10084
1758427200,2025-09-21 04:00:00,3.991,4.011,4.011,4.007,55445.41
1758430800,2025-09-21 05:00:00,3.998,4.023,4.007,4.023,30309.94
1758434400,2025-09-21 06:00:00,4.017,4.043,4.022,4.017,20548.11
1758438000,2025-09-21 07:00:00,4.008,4.031,4.016,4.01,6579.75
1758441600,2025-09-21 08:00:00,3.998,4.022,4.012,4.001,46702.66
1758445200,2025-09-21 09:00:00,3.947,4.003,4.002,3.992,63860.43
1758448800,2025-09-21 10:00:00,3.963,3.999,3.991,3.963,10892.92
1758452400,2025-09-21 11:00:00,3.961,3.983,3.963,3.967,6490.93
1758456000,2025-09-21 12:00:00,3.97,4.002,3.97,3.994,6999.25
1758459600,2025-09-21 13:00:00,3.971,4.001,3.994,3.993,19901.41
1758463200,2025-09-21 14:00:00,3.959,3.997,3.993,3.959,16681.84
1758466800,2025-09-21 15:00:00,3.946,3.967,3.958,3.948,22499.74
1758470400,2025-09-21 16:00:00,3.902,3.955,3.948,3.922,78572.13
1758474000,2025-09-21 17:00:00,3.919,3.965,3.922,3.965,109213.97
1758477600,2025-09-21 18:00:00,3.947,3.972,3.966,3.972,19078.8
1758481200,2025-09-21 19:00:00,3.947,3.972,3.972,3.972,49055.62
1758484800,2025-09-21 20:00:00,3.947,3.975,3.972,3.948,11352.83
1758488400,2025-09-21 21:00:00,3.939,3.96,3.948,3.949,17491.8
1758492000,2025-09-21 22:00:00,3.919,3.959,3.949,3.95,22636.11
1758495600,2025-09-21 23:00:00,3.919,3.949,3.949,3.92,61530.36
1758499200,2025-09-22 00:00:00,3.916,3.939,3.919,3.918,749337.06
1758502800,2025-09-22 01:00:00,3.916,3.984,3.918,3.939,156330.16
1758506400,2025-09-22 02:00:00,3.904,3.949,3.939,3.907,316276.23
1758510000,2025-09-22 03:00:00,3.86,3.908,3.906,3.867,56047.87
1758513600,2025-09-22 04:00:00,3.84,3.87,3.866,3.844,62574.86
1758517200,2025-09-22 05:00:00,3.756,3.845,3.844,3.756,69842.42
1758520800,2025-09-22 06:00:00,3.585,3.76,3.76,3.734,215625.88
1758524400,2025-09-22 07:00:00,3.694,3.739,3.734,3.695,70361.76
1758528000,2025-09-22 08:00:00,3.659,3.705,3.696,3.685,36911.07
1758531600,2025-09-22 09:00:00,3.637,3.684,3.684,3.638,41434.47
1758535200,2025-09-22 10:00:00,3.638,3.719,3.64,3.708,90238.6
1758538800,2025-09-22 11:00:00,3.669,3.707,3.706,3.681,30955.72
1758542400,2025-09-22 12:00:00,3.668,3.719,3.682,3.705,41076.6
1758546000,2025-09-22 13:00:00,3.69,3.736,3.703,3.731,51192.8
1758549600,2025-09-22 14:00:00,3.674,3.736,3.731,3.678,41739.78
1758553200,2025-09-22 15:00:00,3.658,3.687,3.678,3.664,35538.79
1758556800,2025-09-22 16:00:00,3.65,3.691,3.663,3.66,53505.6
1758560400,2025-09-22 17:00:00,3.63,3.668,3.659,3.653,17702.38
1758564000,2025-09-22 18:00:00,3.639,3.662,3.652,3.642,18377.99
1758567600,2025-09-22 19:00:00,3.591,3.644,3.641,3.599,51279.94
1758571200,2025-09-22 20:00:00,3.592,3.643,3.6,3.636,24528.82
1758574800,2025-09-22 21:00:00,3.627,3.689,3.635,3.687,32984.2
1758578400,2025-09-22 22:00:00,3.661,3.686,3.686,3.666,18936
1758582000,2025-09-22 23:00:00,3.661,3.681,3.665,3.665,14663.24
1758585600,2025-09-23 00:00:00,3.656,3.689,3.664,3.656,19816.19
1758589200,2025-09-23 01:00:00,3.622,3.668,3.656,3.626,19746.55
1758592800,2025-09-23 02:00:00,3.559,3.639,3.626,3.561,76643.87
1758596400,2025-09-23 03:00:00,3.542,3.627,3.558,3.589,117422.48
1758600000,2025-09-23 04:00:00,3.543,3.597,3.59,3.569,55317.98
1758603600,2025-09-23 05:00:00,3.558,3.632,3.57,3.605,39160.01
1758607200,2025-09-23 06:00:00,3.596,3.668,3.603,3.667,45170.17
1758610800,2025-09-23 07:00:00,3.645,3.668,3.666,3.65,37244.97
1758614400,2025-09-23 08:00:00,3.642,3.672,3.651,3.668,30956.44
1758618000,2025-09-23 09:00:00,3.631,3.686,3.667,3.636,37987.38
1758621600,2025-09-23 10:00:00,3.632,3.66,3.635,3.658,7141.66
1758625200,2025-09-23 11:00:00,3.632,3.658,3.657,3.637,6234.96
1758628800,2025-09-23 12:00:00,3.625,3.658,3.636,3.646,18967.54
1758632400,2025-09-23 13:00:00,3.633,3.661,3.647,3.645,28359.88
1758636000,2025-09-23 14:00:00,3.634,3.677,3.645,3.635,17541.25
1758639600,2025-09-23 15:00:00,3.617,3.676,3.634,3.662,34459.99
1758643200,2025-09-23 16:00:00,3.641,3.715,3.663,3.683,46082.62
1758646800,2025-09-23 17:00:00,3.612,3.685,3.683,3.614,23309.76
1758650400,2025-09-23 18:00:00,3.587,3.63,3.614,3.596,33650.43
1758654000,2025-09-23 19:00:00,3.569,3.624,3.597,3.578,7424.47
1758657600,2025-09-23 20:00:00,3.564,3.601,3.578,3.599,11500.16
1758661200,2025-09-23 21:00:00,3.585,3.631,3.599,3.617,16900.85
1758664800,2025-09-23 22:00:00,3.596,3.63,3.616,3.61,8225.49
1758668400,2025-09-23 23:00:00,3.584,3.62,3.609,3.588,5572.18
1758672000,2025-09-24 00:00:00,3.585,3.621,3.594,3.593,15829.6
1758675600,2025-09-24 01:00:00,3.585,3.638,3.592,3.633,11600.76
1758679200,2025-09-24 02:00:00,3.593,3.636,3.633,3.605,8537.8
1758682800,2025-09-24 03:00:00,3.54,3.607,3.604,3.552,45365.16
1758686400,2025-09-24 04:00:00,3.505,3.6,3.551,3.575,49054.7
1758690000,2025-09-24 05:00:00,3.575,3.631,3.575,3.627,11280.65
1758693600,2025-09-24 06:00:00,3.615,3.641,3.627,3.635,9210.83
1758697200,2025-09-24 07:00:00,3.626,3.648,3.634,3.648,25974.9
1758700800,2025-09-24 08:00:00,3.622,3.652,3.649,3.627,9792.33
1758704400,2025-09-24 09:00:00,3.621,3.643,3.627,3.641,5796.39
1758708000,2025-09-24 10:00:00,3.628,3.657,3.639,3.647,14362.57
1758711600,2025-09-24 11:00:00,3.64,3.667,3.641,3.657,10629.47
1758715200,2025-09-24 12:00:00,3.651,3.669,3.657,3.661,25614.01
1758718800,2025-09-24 13:00:00,3.639,3.677,3.661,3.639,21238.59
1758722400,2025-09-24 14:00:00,3.638,3.7,3.638,3.682,35457.41
1758726000,2025-09-24 15:00:00,3.648,3.687,3.683,3.658,16362.7
1758729600,2025-09-24 16:00:00,3.644,3.665,3.659,3.663,13545.57
1758733200,2025-09-24 17:00:00,3.653,3.681,3.661,3.68,7248.14
1758736800,2025-09-24 18:00:00,3.653,3.679,3.679,3.66,20236.95
1758740400,2025-09-24 19:00:00,3.641,3.665,3.659,3.653,9633.87
1758744000,2025-09-24 20:00:00,3.636,3.669,3.652,3.663,12088.12
1758747600,2025-09-24 21:00:00,3.623,3.662,3.662,3.632,20910.45
1758751200,2025-09-24 22:00:00,3.633,3.652,3.633,3.64,28765.72
1758754800,2025-09-24 23:00:00,3.629,3.647,3.64,3.639,20250.54
1758758400,2025-09-25 00:00:00,3.591,3.642,3.638,3.591,12805.87
1758762000,2025-09-25 01:00:00,3.558,3.606,3.591,3.563,10435.3
1758765600,2025-09-25 02:00:00,3.543,3.607,3.565,3.581,37351.77
1758769200,2025-09-25 03:00:00,3.523,3.581,3.581,3.548,28735.8
1758772800,2025-09-25 04:00:00,3.456,3.554,3.547,3.47,123163.47
1758776400,2025-09-25 05:00:00,3.457,3.52,3.469,3.504,61703.03
1758780000,2025-09-25 06:00:00,3.468,3.505,3.503,3.468,34095.7
1758783600,2025-09-25 07:00:00,3.465,3.503,3.467,3.481,18797.45
1758787200,2025-09-25 08:00:00,3.464,3.499,3.483,3.473,9932.6
1758790800,2025-09-25 09:00:00,3.468,3.511,3.472,3.468,26425.31
1758794400,2025-09-25 10:00:00,3.468,3.5,3.471,3.472,7531.17
1758798000,2025-09-25 11:00:00,3.441,3.478,3.472,3.453,27509.47
1758801600,2025-09-25 12:00:00,3.401,3.489,3.453,3.466,56976.06
1758805200,2025-09-25 13:00:00,3.437,3.503,3.466,3.476,40159.32
1758808800,2025-09-25 14:00:00,3.475,3.547,3.476,3.505,41061.68
1758812400,2025-09-25 15:00:00,3.465,3.505,3.504,3.487,40308.61
1758816000,2025-09-25 16:00:00,3.419,3.494,3.488,3.426,21480.82
1758819600,2025-09-25 17:00:00,3.327,3.427,3.425,3.347,134158.45
1758823200,2025-09-25 18:00:00,3.318,3.435,3.346,3.43,123908.81
1758826800,2025-09-25 19:00:00,3.391,3.445,3.431,3.395,67052.11
1758830400,2025-09-25 20:00:00,3.35,3.401,3.396,3.359,31317.12
1758834000,2025-09-25 21:00:00,3.347,3.395,3.359,3.38,27008.56
1758837600,2025-09-25 22:00:00,3.35,3.402,3.38,3.36,22776.75
1758841200,2025-09-25 23:00:00,3.311,3.378,3.361,3.342,17949.39
1758844800,2025-09-26 00:00:00,3.327,3.388,3.339,3.383,23819.8
1758848400,2025-09-26 01:00:00,3.37,3.406,3.382,3.388,42266.64
1758852000,2025-09-26 02:00:00,3.366,3.403,3.384,3.381,13614.52
1758855600,2025-09-26 03:00:00,3.373,3.402,3.382,3.402,13150.09
1758859200,2025-09-26 04:00:00,3.366,3.409,3.402,3.368,14570.19
1758862800,2025-09-26 05:00:00,3.353,3.397,3.368,3.36,6826.34
1758866400,2025-09-26 06:00:00,3.344,3.39,3.361,3.363,18937.02
1758870000,2025-09-26 07:00:00,3.35,3.383,3.363,3.382,8278.18
1758873600,2025-09-26 08:00:00,3.376,3.402,3.383,3.379,7082.67
1758877200,2025-09-26 09:00:00,3.347,3.392,3.38,3.36,14904.65
1758880800,2025-09-26 10:00:00,3.32,3.361,3.361,3.328,18559.21
1758884400,2025-09-26 11:00:00,3.309,3.353,3.33,3.342,21851.74
1758888000,2025-09-26 12:00:00,3.31,3.398,3.34,3.378,27791.56
1758891600,2025-09-26 13:00:00,3.344,3.405,3.378,3.394,76987.7
1758895200,2025-09-26 14:00:00,3.344,3.399,3.392,3.357,27385.24
1758898800,2025-09-26 15:00:00,3.356,3.392,3.356,3.383,33592.52
1758902400,2025-09-26 16:00:00,3.382,3.434,3.383,3.432,34220.38
1758906000,2025-09-26 17:00:00,3.423,3.481,3.431,3.474,28171.07
1758909600,2025-09-26 18:00:00,3.465,3.497,3.474,3.473,18923.62
1758913200,2025-09-26 19:00:00,3.412,3.473,3.473,3.424,30280.9
1758916800,2025-09-26 20:00:00,3.415,3.439,3.424,3.425,6797.81
1758920400,2025-09-26 21:00:00,3.421,3.443,3.425,3.442,18713.05
1758924000,2025-09-26 22:00:00,3.436,3.456,3.441,3.436,11334.94
1758927600,2025-09-26 23:00:00,3.425,3.448,3.435,3.444,16528.85
1758931200,2025-09-27 00:00:00,3.429,3.445,3.445,3.44,7786.48
1758934800,2025-09-27 01:00:00,3.419,3.439,3.438,3.424,2968.2
1758938400,2025-09-27 02:00:00,3.411,3.427,3.425,3.412,3123.26
1758942000,2025-09-27 03:00:00,3.411,3.429,3.412,3.416,7325.99
1758945600,2025-09-27 04:00:00,3.413,3.426,3.413,3.418,5429.78
1758949200,2025-09-27 05:00:00,3.407,3.433,3.416,3.424,5514.45
1758952800,2025-09-27 06:00:00,3.416,3.429,3.423,3.429,3610.58
1758956400,2025-09-27 07:00:00,3.408,3.435,3.43,3.408,6872.74
1758960000,2025-09-27 08:00:00,3.389,3.409,3.409,3.39,4900.88
1758963600,2025-09-27 09:00:00,3.375,3.403,3.389,3.398,10523.35
1758967200,2025-09-27 10:00:00,3.39,3.417,3.399,3.405,2266.52
1758970800,2025-09-27 11:00:00,3.396,3.407,3.404,3.402,17577.77
1758974400,2025-09-27 12:00:00,3.395,3.426,3.403,3.42,4710.68
1758978000,2025-09-27 13:00:00,3.41,3.422,3.419,3.411,6476.56
1758981600,2025-09-27 14:00:00,3.4,3.419,3.411,3.401,8049.44
1758985200,2025-09-27 15:00:00,3.385,3.419,3.402,3.412,4671.97
1758988800,2025-09-27 16:00:00,3.386,3.415,3.414,3.389,14934.07
1758992400,2025-09-27 17:00:00,3.365,3.388,3.388,3.38,11955.29
1758996000,2025-09-27 18:00:00,3.367,3.385,3.379,3.381,7219.15
1758999600,2025-09-27 19:00:00,3.368,3.382,3.38,3.38,9571
1759003200,2025-09-27 20:00:00,3.375,3.388,3.381,3.375,13498.02
1759006800,2025-09-27 21:00:00,3.373,3.398,3.375,3.395,19101.25
1759010400,2025-09-27 22:00:00,3.394,3.419,3.395,3.394,12257.02
1759014000,2025-09-27 23:00:00,3.378,3.402,3.395,3.381,6229.54
1759017600,2025-09-28 00:00:00,3.348,3.383,3.382,3.365,67289.94
1759021200,2025-09-28 01:00:00,3.329,3.367,3.364,3.334,21669.52
1759024800,2025-09-28 02:00:00,3.329,3.347,3.333,3.335,20346.7
1759028400,2025-09-28 03:00:00,3.327,3.343,3.336,3.341,8509.27
1759032000,2025-09-28 04:00:00,3.33,3.346,3.338,3.341,15365.86
1759035600,2025-09-28 05:00:00,3.327,3.345,3.342,3.333,8882.66
1759039200,2025-09-28 06:00:00,3.312,3.338,3.333,3.331,10837.28
1759042800,2025-09-28 07:00:00,3.322,3.34,3.332,3.335,5387.22
1759046400,2025-09-28 08:00:00,3.318,3.343,3.336,3.318,31515.22
1759050000,2025-09-28 09:00:00,3.31,3.327,3.32,3.31,13597.07
1759053600,2025-09-28 10:00:00,3.296,3.317,3.309,3.314,18541.26
1759057200,2025-09-28 11:00:00,3.273,3.318,3.315,3.282,40759.87
1759060800,2025-09-28 12:00:00,3.258,3.282,3.282,3.274,19363.76
1759064400,2025-09-28 13:00:00,3.271,3.349,3.274,3.343,40421.19
1759068000,2025-09-28 14:00:00,3.328,3.353,3.343,3.346,24787.21
1759071600,2025-09-28 15:00:00,3.345,3.36,3.349,3.357,10505.12
1759075200,2025-09-28 16:00:00,3.358,3.389,3.358,3.369,14574.19
1759078800,2025-09-28 17:00:00,3.368,3.402,3.37,3.394,38128.55
1759082400,2025-09-28 18:00:00,3.385,3.401,3.395,3.401,11656.87
1759086000,2025-09-28 19:00:00,3.384,3.406,3.399,3.398,17230.51
1759089600,2025-09-28 20:00:00,3.394,3.433,3.398,3.415,25005.93
1759093200,2025-09-28 21:00:00,3.401,3.427,3.415,3.411,9371.84
1759096800,2025-09-28 22:00:00,3.412,3.471,3.412,3.467,27999
1759100400,2025-09-28 23:00:00,3.445,3.474,3.467,3.454,30476.34
1759104000,2025-09-29 00:00:00,3.432,3.46,3.454,3.446,60161.46
1759107600,2025-09-29 01:00:00,3.426,3.451,3.445,3.428,16265.99
1759111200,2025-09-29 02:00:00,3.425,3.453,3.429,3.444,5345.08
1759114800,2025-09-29 03:00:00,3.431,3.45,3.444,3.438,25267.23
1759118400,2025-09-29 04:00:00,3.426,3.441,3.44,3.428,8462.68
1759122000,2025-09-29 05:00:00,3.402,3.428,3.428,3.413,9185.97
1759125600,2025-09-29 06:00:00,3.398,3.415,3.412,3.399,11680.06
1759129200,2025-09-29 07:00:00,3.39,3.419,3.399,3.411,5548.57
1759132800,2025-09-29 08:00:00,3.403,3.438,3.412,3.428,7135.29
1759136400,2025-09-29 09:00:00,3.41,3.434,3.427,3.419,6485.25
1759140000,2025-09-29 10:00:00,3.389,3.422,3.418,3.389,14652.69
1759143600,2025-09-29 11:00:00,3.37,3.396,3.389,3.387,23045.97
1759147200,2025-09-29 12:00:00,3.361,3.406,3.387,3.362,17148.07
1759150800,2025-09-29 13:00:00,3.35,3.437,3.362,3.425,22182.86
1759154400,2025-09-29 14:00:00,3.42,3.484,3.424,3.475,32685.84
1759158000,2025-09-29 15:00:00,3.417,3.488,3.475,3.422,12901.27
1759161600,2025-09-29 16:00:00,3.397,3.44,3.422,3.399,46202.09
1759165200,2025-09-29 17:00:00,3.383,3.414,3.399,3.409,17173.05
1759168800,2025-09-29 18:00:00,3.393,3.409,3.409,3.403,24777.52
1759172400,2025-09-29 19:00:00,3.396,3.454,3.402,3.445,29898.24
1759176000,2025-09-29 20:00:00,3.444,3.471,3.447,3.468,32619.19
1759179600,2025-09-29 21:00:00,3.451,3.469,3.469,3.452,15351.07
1759183200,2025-09-29 22:00:00,3.428,3.451,3.451,3.43,9738.42
1759186800,2025-09-29 23:00:00,3.41,3.432,3.429,3.417,18463.94
1759190400,2025-09-30 00:00:00,3.386,3.424,3.413,3.388,21724.42
1759194000,2025-09-30 01:00:00,3.366,3.41,3.386,3.38,12626.03
1759197600,2025-09-30 02:00:00,3.372,3.39,3.38,3.372,45783.1
1759201200,2025-09-30 03:00:00,3.367,3.388,3.371,3.375,7554.83
1759204800,2025-09-30 04:00:00,3.368,3.382,3.373,3.37,25989.99
1759208400,2025-09-30 05:00:00,3.367,3.387,3.37,3.379,8183.57
1759212000,2025-09-30 06:00:00,3.368,3.392,3.378,3.368,6202.62
1759215600,2025-09-30 07:00:00,3.346,3.38,3.37,3.357,19902.19
1759219200,2025-09-30 08:00:00,3.342,3.357,3.357,3.342,37014.87
1759222800,2025-09-30 09:00:00,3.324,3.355,3.343,3.328,7911.94
1759226400,2025-09-30 10:00:00,3.325,3.354,3.329,3.347,19134.74
1759230000,2025-09-30 11:00:00,3.331,3.361,3.345,3.356,14639.43
1759233600,2025-09-30 12:00:00,3.337,3.355,3.355,3.337,26180.16
1759237200,2025-09-30 13:00:00,3.327,3.359,3.337,3.339,36087.35
1759240800,2025-09-30 14:00:00,3.294,3.342,3.34,3.317,47105.25
1759244400,2025-09-30 15:00:00,3.24,3.319,3.318,3.254,42373.63
1759248000,2025-09-30 16:00:00,3.238,3.265,3.252,3.254,42449.26
1759251600,2025-09-30 17:00:00,3.245,3.28,3.255,3.255,54172.5
1759255200,2025-09-30 18:00:00,3.243,3.282,3.255,3.282,28574.07
1759258800,2025-09-30 19:00:00,3.274,3.334,3.281,3.33,44248.55
1759262400,2025-09-30 20:00:00,3.319,3.365,3.331,3.359,12143.6
1759266000,2025-09-30 21:00:00,3.338,3.373,3.36,3.338,18538.91
1759269600,2025-09-30 22:00:00,3.312,3.358,3.338,3.315,5490.31
1759273200,2025-09-30 23:00:00,3.305,3.34,3.314,3.34,12579.4
1759276800,2025-10-01 00:00:00,3.316,3.349,3.34,3.336,16604.79
1759280400,2025-10-01 01:00:00,3.326,3.359,3.336,3.359,13263.44
1759284000,2025-10-01 02:00:00,3.337,3.36,3.36,3.337,9057.14
1759287600,2025-10-01 03:00:00,3.3,3.343,3.337,3.3,11616.36
1759291200,2025-10-01 04:00:00,3.296,3.347,3.299,3.333,9644.09
1759294800,2025-10-01 05:00:00,3.333,3.361,3.335,3.34,6927.75
1759298400,2025-10-01 06:00:00,3.317,3.341,3.339,3.318,24002.83
1759302000,2025-10-01 07:00:00,3.318,3.354,3.318,3.348,17260.29
1759305600,2025-10-01 08:00:00,3.347,3.475,3.347,3.473,53775.62
1759309200,2025-10-01 09:00:00,3.474,3.519,3.476,3.507,33500.53
1759312800,2025-10-01 10:00:00,3.477,3.515,3.509,3.493,23833.45
1759316400,2025-10-01 11:00:00,3.485,3.505,3.492,3.496,16012.88
1759320000,2025-10-01 12:00:00,3.48,3.509,3.497,3.483,11720.18
1759323600,2025-10-01 13:00:00,3.484,3.519,3.484,3.506,17353.22
1759327200,2025-10-01 14:00:00,3.5,3.527,3.507,3.511,17747
1759330800,2025-10-01 15:00:00,3.497,3.539,3.511,3.535,33683.34
1759334400,2025-10-01 16:00:00,3.512,3.555,3.534,3.515,70052.58
1759338000,2025-10-01 17:00:00,3.502,3.527,3.516,3.504,17141.58
1759341600,2025-10-01 18:00:00,3.506,3.545,3.506,3.538,40480.58
1759345200,2025-10-01 19:00:00,3.528,3.55,3.538,3.535,28341.57
1759348800,2025-10-01 20:00:00,3.519,3.537,3.535,3.528,13569.58
1759352400,2025-10-01 21:00:00,3.515,3.529,3.527,3.526,12032.74
1759356000,2025-10-01 22:00:00,3.522,3.546,3.527,3.529,53297.78
1759359600,2025-10-01 23:00:00,3.524,3.558,3.528,3.555,38402.55
1759363200,2025-10-02 00:00:00,3.538,3.568,3.557,3.538,55691.49
1759366800,2025-10-02 01:00:00,3.526,3.578,3.539,3.577,27944.73
1759370400,2025-10-02 02:00:00,3.556,3.59,3.578,3.586,33326.42
1759374000,2025-10-02 03:00:00,3.583,3.602,3.583,3.601,18152.33
1759377600,2025-10-02 04:00:00,3.58,3.609,3.601,3.609,13447.99
1759381200,2025-10-02 05:00:00,3.597,3.628,3.607,3.611,23809.77
1759384800,2025-10-02 06:00:00,3.606,3.653,3.611,3.643,30313.14
1759388400,2025-10-02 07:00:00,3.616,3.647,3.643,3.622,33595.25
1759392000,2025-10-02 08:00:00,3.607,3.63,3.623,3.613,11122.62
1759395600,2025-10-02 09:00:00,3.603,3.621,3.613,3.613,28235.24
1759399200,2025-10-02 10:00:00,3.6,3.631,3.613,3.623,20224.75
1759402800,2025-10-02 11:00:00,3.617,3.64,3.622,3.618,24773.01
1759406400,2025-10-02 12:00:00,3.612,3.634,3.617,3.63,16352.98
1759410000,2025-10-02 13:00:00,3.587,3.632,3.628,3.62,25687.47
1759413600,2025-10-02 14:00:00,3.547,3.619,3.619,3.558,41030.32
1759417200,2025-10-02 15:00:00,3.537,3.601,3.558,3.601,18071.11
1759420800,2025-10-02 16:00:00,3.599,3.638,3.602,3.616,15499.17
1759424400,2025-10-02 17:00:00,3.607,3.641,3.618,3.638,29244.38
1759428000,2025-10-02 18:00:00,3.639,3.679,3.639,3.672,33516.64
1759431600,2025-10-02 19:00:00,3.669,3.713,3.672,3.68,34333.07
1759435200,2025-10-02 20:00:00,3.648,3.684,3.682,3.658,23370.91
1759438800,2025-10-02 21:00:00,3.638,3.677,3.657,3.652,52712.66
1759442400,2025-10-02 22:00:00,3.631,3.66,3.65,3.637,6530.82
1759446000,2025-10-02 23:00:00,3.634,3.663,3.638,3.657,13758.11
1759449600,2025-10-03 00:00:00,3.619,3.656,3.654,3.626,10094.64
1759453200,2025-10-03 01:00:00,3.596,3.638,3.625,3.599,14812.76
1759456800,2025-10-03 02:00:00,3.596,3.622,3.599,3.619,15766.23
1759460400,2025-10-03 03:00:00,3.603,3.647,3.619,3.609,15500.75
1759464000,2025-10-03 04:00:00,3.599,3.636,3.609,3.615,31745.64
1759467600,2025-10-03 05:00:00,3.589,3.617,3.615,3.598,6928.75
1759471200,2025-10-03 06:00:00,3.569,3.609,3.598,3.583,10416.77
1759474800,2025-10-03 07:00:00,3.557,3.584,3.584,3.57,22369.77
1759478400,2025-10-03 08:00:00,3.533,3.572,3.568,3.567,45196.58
1759482000,2025-10-03 09:00:00,3.554,3.577,3.567,3.574,11304.45
1759485600,2025-10-03 10:00:00,3.564,3.586,3.573,3.578,34626.77
1759489200,2025-10-03 11:00:00,3.552,3.58,3.577,3.566,10742.98
1759492800,2025-10-03 12:00:00,3.559,3.578,3.567,3.573,22230.39
1759496400,2025-10-03 13:00:00,3.551,3.601,3.572,3.581,38341.9
1759500000,2025-10-03 14:00:00,3.551,3.622,3.58,3.605,31318.32
1759503600,2025-10-03 15:00:00,3.588,3.675,3.605,3.673,19766.11
1759507200,2025-10-03 16:00:00,3.671,3.742,3.672,3.672,103487.76
1759510800,2025-10-03 17:00:00,3.61,3.688,3.673,3.626,62151.24
1759514400,2025-10-03 18:00:00,3.607,3.669,3.625,3.665,36757.01
1759518000,2025-10-03 19:00:00,3.653,3.683,3.666,3.662,20588.52
1759521600,2025-10-03 20:00:00,3.632,3.668,3.66,3.662,25766.97
1759525200,2025-10-03 21:00:00,3.633,3.669,3.664,3.643,26329.95
1759528800,2025-10-03 22:00:00,3.631,3.649,3.643,3.634,19965.94
1759532400,2025-10-03 23:00:00,3.607,3.633,3.633,3.61,5958.05
1759536000,2025-10-04 00:00:00,3.558,3.611,3.61,3.574,25526.22
1759539600,2025-10-04 01:00:00,3.538,3.575,3.574,3.547,24237.59
1759543200,2025-10-04 02:00:00,3.526,3.56,3.546,3.545,10616.32
1759546800,2025-10-04 03:00:00,3.521,3.546,3.545,3.54,14926.99
1759550400,2025-10-04 04:00:00,3.533,3.558,3.539,3.556,5667.51
1759554000,2025-10-04 05:00:00,3.549,3.566,3.554,3.56,6510.61
1759557600,2025-10-04 06:00:00,3.557,3.573,3.56,3.56,14579.66
1759561200,2025-10-04 07:00:00,3.53,3.562,3.561,3.537,4158.08
1759564800,2025-10-04 08:00:00,3.503,3.543,3.538,3.509,26973.3
1759568400,2025-10-04 09:00:00,3.481,3.525,3.505,3.481,36336.57
1759572000,2025-10-04 10:00:00,3.467,3.499,3.482,3.478,12984.4
1759575600,2025-10-04 11:00:00,3.466,3.487,3.478,3.482,14205.7
1759579200,2025-10-04 12:00:00,3.471,3.493,3.482,3.473,5461.24
1759582800,2025-10-04 13:00:00,3.475,3.509,3.475,3.499,19389.93
1759586400,2025-10-04 14:00:00,3.461,3.516,3.499,3.461,18808.27
1759590000,2025-10-04 15:00:00,3.427,3.476,3.46,3.44,37593.28
1759593600,2025-10-04 16:00:00,3.427,3.455,3.44,3.451,18988.41
1759597200,2025-10-04 17:00:00,3.448,3.475,3.449,3.474,15976.78
1759600800,2025-10-04 18:00:00,3.462,3.483,3.473,3.466,14502.01
1759604400,2025-10-04 19:00:00,3.466,3.48,3.466,3.48,5967.84
1759608000,2025-10-04 20:00:00,3.48,3.5,3.48,3.484,10567.6
1759611600,2025-10-04 21:00:00,3.485,3.51,3.485,3.492,12848.94
1759615200,2025-10-04 22:00:00,3.491,3.509,3.492,3.501,6991.6
1759618800,2025-10-04 23:00:00,3.49,3.508,3.5,3.5,6175.02
1759622400,2025-10-05 00:00:00,3.465,3.507,3.499,3.469,12446.26
1759626000,2025-10-05 01:00:00,3.466,3.489,3.466,3.483,6722.3
1759629600,2025-10-05 02:00:00,3.476,3.545,3.482,3.545,24064.47
1759633200,2025-10-05 03:00:00,3.524,3.556,3.546,3.528,19078.12
1759636800,2025-10-05 04:00:00,3.518,3.571,3.528,3.559,45336.56
1759640400,2025-10-05 05:00:00,3.552,3.587,3.559,3.585,32929.2
1759644000,2025-10-05 06:00:00,3.576,3.611,3.584,3.601,13680.08
1759647600,2025-10-05 07:00:00,3.601,3.643,3.605,3.643,14827.06
1759651200,2025-10-05 08:00:00,3.608,3.651,3.644,3.615,27575.64
1759654800,2025-10-05 09:00:00,3.571,3.625,3.613,3.578,65843.01
1759658400,2025-10-05 10:00:00,3.545,3.579,3.579,3.562,17993.78
1759662000,2025-10-05 11:00:00,3.541,3.574,3.562,3.569,13675.1
1759665600,2025-10-05 12:00:00,3.535,3.57,3.568,3.543,29856.94
1759669200,2025-10-05 13:00:00,3.543,3.568,3.543,3.557,10529.67
1759672800,2025-10-05 14:00:00,3.528,3.578,3.558,3.541,12457.88
1759676400,2025-10-05 15:00:00,3.537,3.561,3.54,3.556,4857.44
1759680000,2025-10-05 16:00:00,3.521,3.563,3.555,3.554,15492.39
1759683600,2025-10-05 17:00:00,3.5,3.559,3.554,3.504,29294.69
1759687200,2025-10-05 18:00:00,3.479,3.511,3.503,3.494,16906.88
1759690800,2025-10-05 19:00:00,3.452,3.494,3.493,3.457,33809.25
1759694400,2025-10-05 20:00:00,3.444,3.49,3.457,3.476,35575.76
1759698000,2025-10-05 21:00:00,3.465,3.479,3.475,3.476,22674.52
1759701600,2025-10-05 22:00:00,3.469,3.489,3.477,3.483,9211.29
1759705200,2025-10-05 23:00:00,3.482,3.493,3.484,3.484,5861.1
1759708800,2025-10-06 00:00:00,3.455,3.516,3.483,3.467,21496.73
1759712400,2025-10-06 01:00:00,3.456,3.52,3.466,3.499,15270.83
1759716000,2025-10-06 02:00:00,3.48,3.534,3.5,3.515,17154.97
1759719600,2025-10-06 03:00:00,3.51,3.527,3.513,3.516,10329.29
1759723200,2025-10-06 04:00:00,3.492,3.519,3.516,3.492,22109.37
1759726800,2025-10-06 05:00:00,3.481,3.507,3.491,3.505,4804.6
1759730400,2025-10-06 06:00:00,3.505,3.553,3.505,3.541,13317.58
1759734000,2025-10-06 07:00:00,3.506,3.561,3.541,3.521,11202.73
1759737600,2025-10-06 08:00:00,3.522,3.546,3.522,3.536,2744.61
1759741200,2025-10-06 09:00:00,3.536,3.552,3.538,3.544,2994.74
1759744800,2025-10-06 10:00:00,3.53,3.546,3.546,3.543,8398.54
1759748400,2025-10-06 11:00:00,3.528,3.568,3.542,3.568,12678.52
1759752000,2025-10-06 12:00:00,3.565,3.625,3.567,3.625,40736.76
1759755600,2025-10-06 13:00:00,3.601,3.645,3.626,3.642,45104.39
1759759200,2025-10-06 14:00:00,3.586,3.658,3.643,3.6,75446.24
1759762800,2025-10-06 15:00:00,3.598,3.645,3.601,3.643,35338.33
1759766400,2025-10-06 16:00:00,3.615,3.653,3.644,3.635,22445.58
1759770000,2025-10-06 17:00:00,3.626,3.667,3.637,3.657,69797.71
1759773600,2025-10-06 18:00:00,3.641,3.67,3.655,3.658,36852.01
1759777200,2025-10-06 19:00:00,3.633,3.658,3.657,3.644,23969.75
1759780800,2025-10-06 20:00:00,3.621,3.66,3.645,3.623,12059.04
1759784400,2025-10-06 21:00:00,3.602,3.639,3.623,3.626,27694.9
1759788000,2025-10-06 22:00:00,3.605,3.636,3.627,3.618,10855.11
1759791600,2025-10-06 23:00:00,3.592,3.621,3.619,3.604,64988.11
1759795200,2025-10-07 00:00:00,3.589,3.614,3.605,3.601,10147.93
1759798800,2025-10-07 01:00:00,3.572,3.609,3.6,3.587,17756.14
1759802400,2025-10-07 02:00:00,3.564,3.591,3.586,3.567,11037.7
1759806000,2025-10-07 03:00:00,3.557,3.585,3.567,3.565,18579.63
1759809600,2025-10-07 04:00:00,3.544,3.608,3.564,3.599,27912.87
1759813200,2025-10-07 05:00:00,3.584,3.605,3.598,3.591,12803.43
1759816800,2025-10-07 06:00:00,3.533,3.597,3.592,3.536,22764.62
1759820400,2025-10-07 07:00:00,3.509,3.548,3.536,3.52,8661.98
1759824000,2025-10-07 08:00:00,3.482,3.525,3.521,3.507,18392.3
1759827600,2025-10-07 09:00:00,3.507,3.532,3.507,3.511,9632.68
1759831200,2025-10-07 10:00:00,3.503,3.534,3.511,3.525,4384.45
1759834800,2025-10-07 11:00:00,3.517,3.539,3.525,3.536,25798.03
1759838400,2025-10-07 12:00:00,3.516,3.56,3.535,3.56,23342.26
1759842000,2025-10-07 13:00:00,3.487,3.566,3.558,3.507,45797.56
1759845600,2025-10-07 14:00:00,3.431,3.51,3.506,3.433,74890.78
1759849200,2025-10-07 15:00:00,3.378,3.446,3.435,3.392,77545.55
1759852800,2025-10-07 16:00:00,3.357,3.433,3.39,3.417,42532.12
1759856400,2025-10-07 17:00:00,3.392,3.483,3.415,3.398,94089.07
1759860000,2025-10-07 18:00:00,3.376,3.404,3.395,3.376,24099.26
1759863600,2025-10-07 19:00:00,3.373,3.405,3.375,3.386,21823.51
1759867200,2025-10-07 20:00:00,3.385,3.429,3.386,3.414,28171.49
1759870800,2025-10-07 21:00:00,3.39,3.423,3.41,3.396,12768.4
1759874400,2025-10-07 22:00:00,3.385,3.412,3.397,3.393,10856.68
1759878000,2025-10-07 23:00:00,3.355,3.393,3.393,3.366,52337.14
1759881600,2025-10-08 00:00:00,3.361,3.396,3.366,3.385,13246.72
1759885200,2025-10-08 01:00:00,3.377,3.399,3.384,3.39,13818.77
1759888800,2025-10-08 02:00:00,3.374,3.395,3.39,3.38,59157.5
1759892400,2025-10-08 03:00:00,3.326,3.38,3.379,3.342,39132.9
1759896000,2025-10-08 04:00:00,3.325,3.37,3.34,3.364,21152.9
1759899600,2025-10-08 05:00:00,3.333,3.364,3.364,3.336,16551.15
1759903200,2025-10-08 06:00:00,3.33,3.353,3.336,3.349,19403.99
1759906800,2025-10-08 07:00:00,3.339,3.363,3.349,3.363,6599.92
1759910400,2025-10-08 08:00:00,3.355,3.39,3.362,3.374,19454.59
1759914000,2025-10-08 09:00:00,3.353,3.378,3.374,3.368,20510.45
1759917600,2025-10-08 10:00:00,3.358,3.38,3.368,3.38,22259.23
1759921200,2025-10-08 11:00:00,3.358,3.392,3.381,3.363,33380.84
1759924800,2025-10-08 12:00:00,3.358,3.383,3.363,3.379,37571.59
1759928400,2025-10-08 13:00:00,3.345,3.388,3.38,3.382,26676.43
1759932000,2025-10-08 14:00:00,3.34,3.411,3.381,3.347,38135.11
1759935600,2025-10-08 15:00:00,3.347,3.374,3.347,3.352,13411.1
1759939200,2025-10-08 16:00:00,3.345,3.385,3.35,3.385,26583.56
1759942800,2025-10-08 17:00:00,3.38,3.44,3.386,3.434,40040.97
1759946400,2025-10-08 18:00:00,3.395,3.438,3.436,3.401,38806.86
1759950000,2025-10-08 19:00:00,3.357,3.4,3.4,3.378,28248.23
1759953600,2025-10-08 20:00:00,3.341,3.39,3.378,3.348,45158.16
1759957200,2025-10-08 21:00:00,3.344,3.368,3.348,3.356,38432.19
1759960800,2025-10-08 22:00:00,3.339,3.371,3.356,3.339,27051.04
1759964400,2025-10-08 23:00:00,3.331,3.353,3.339,3.351,26970.39
1759968000,2025-10-09 00:00:00,3.327,3.368,3.352,3.327,15571.05
1759971600,2025-10-09 01:00:00,3.305,3.331,3.328,3.315,56162.85
1759975200,2025-10-09 02:00:00,3.258,3.316,3.316,3.27,84646.03
1759978800,2025-10-09 03:00:00,3.269,3.308,3.269,3.297,31021.92
1759982400,2025-10-09 04:00:00,3.291,3.329,3.296,3.326,28429.17
1759986000,2025-10-09 05:00:00,3.309,3.332,3.327,3.317,6998.49
1759989600,2025-10-09 06:00:00,3.295,3.323,3.315,3.299,9830.98
1759993200,2025-10-09 07:00:00,3.278,3.306,3.299,3.283,12981.92
1759996800,2025-10-09 08:00:00,3.223,3.29,3.283,3.227,68284.66
1760000400,2025-10-09 09:00:00,3.228,3.257,3.228,3.247,20381.63
1760004000,2025-10-09 10:00:00,3.176,3.255,3.247,3.244,202805.46
1760007600,2025-10-09 11:00:00,3.241,3.263,3.242,3.252,41983.03
1760011200,2025-10-09 12:00:00,3.25,3.303,3.251,3.29,52466.73
1760014800,2025-10-09 13:00:00,3.233,3.291,3.289,3.237,40006.02
1760018400,2025-10-09 14:00:00,3.196,3.248,3.233,3.228,90840.01
1760022000,2025-10-09 15:00:00,3.207,3.247,3.23,3.222,50044.06
1760025600,2025-10-09 16:00:00,3.183,3.239,3.22,3.195,68222.46
1760029200,2025-10-09 17:00:00,3.191,3.263,3.194,3.263,62361.04
1760032800,2025-10-09 18:00:00,3.24,3.271,3.264,3.243,43064.08
1760036400,2025-10-09 19:00:00,3.239,3.267,3.241,3.252,42823.56
1760040000,2025-10-09 20:00:00,3.245,3.268,3.253,3.251,17269.74
1760043600,2025-10-09 21:00:00,3.24,3.263,3.249,3.263,37600.09
1760047200,2025-10-09 22:00:00,3.243,3.279,3.261,3.263,62522.73
1760050800,2025-10-09 23:00:00,3.239,3.261,3.261,3.243,15742.93
1760054400,2025-10-10 00:00:00,3.236,3.254,3.243,3.248,9899.73
1760058000,2025-10-10 01:00:00,3.243,3.266,3.249,3.247,22389.19
1760061600,2025-10-10 02:00:00,3.221,3.252,3.247,3.225,19432.8
1760065200,2025-10-10 03:00:00,3.215,3.285,3.226,3.258,20917.02
1760068800,2025-10-10 04:00:00,3.246,3.28,3.262,3.254,21055.82
1760072400,2025-10-10 05:00:00,3.239,3.283,3.254,3.281,8133.48
1760076000,2025-10-10 06:00:00,3.252,3.296,3.282,3.256,25032.3
1760079600,2025-10-10 07:00:00,3.224,3.257,3.256,3.227,19631.89
1760083200,2025-10-10 08:00:00,3.226,3.262,3.227,3.262,25187.85
1760086800,2025-10-10 09:00:00,3.251,3.282,3.26,3.258,19164.95
1760090400,2025-10-10 10:00:00,3.254,3.277,3.26,3.267,51240.9
1760094000,2025-10-10 11:00:00,3.258,3.285,3.267,3.281,27812.15
1760097600,2025-10-10 12:00:00,3.28,3.323,3.28,3.322,61213.24
1760101200,2025-10-10 13:00:00,3.295,3.342,3.323,3.312,48668.15
1760104800,2025-10-10 14:00:00,3.232,3.327,3.313,3.243,36625.64
1760108400,2025-10-10 15:00:00,3.072,3.253,3.245,3.101,312491.09
1760112000,2025-10-10 16:00:00,3.095,3.162,3.101,3.109,97342.83
1760115600,2025-10-10 17:00:00,3.041,3.116,3.11,3.06,254189.69
1760119200,2025-10-10 18:00:00,3.04,3.084,3.059,3.04,77712.64
1760122800,2025-10-10 19:00:00,2.967,3.055,3.041,3.019,295113.59
1760126400,2025-10-10 20:00:00,2.723,3.045,3.019,2.774,486425.04
1760130000,2025-10-10 21:00:00,0.651,3,2.777,2.197,1819577.76
1760133600,2025-10-10 22:00:00,2.039,2.719,2.197,2.491,1269063.19
1760137200,2025-10-10 23:00:00,2.252,2.69,2.49,2.292,677874.49
1760140800,2025-10-11 00:00:00,2.281,2.462,2.291,2.447,457668.41
1760144400,2025-10-11 01:00:00,2.294,2.49,2.444,2.316,225488.08
1760148000,2025-10-11 02:00:00,2.31,2.465,2.311,2.46,260293.79
1760151600,2025-10-11 03:00:00,2.383,2.492,2.459,2.438,86653.33
1760155200,2025-10-11 04:00:00,2.434,2.501,2.435,2.497,72800.1
1760158800,2025-10-11 05:00:00,2.433,2.498,2.493,2.459,65156.68
1760162400,2025-10-11 06:00:00,2.445,2.505,2.46,2.457,94288.64
1760166000,2025-10-11 07:00:00,2.443,2.898,2.456,2.522,322457.33
1760169600,2025-10-11 08:00:00,2.5,2.616,2.52,2.613,135420.8
1760173200,2025-10-11 09:00:00,2.585,2.648,2.61,2.589,53679.96
1760176800,2025-10-11 10:00:00,2.573,2.622,2.591,2.587,79714.68
1760180400,2025-10-11 11:00:00,2.547,2.589,2.587,2.578,43067.27
1760184000,2025-10-11 12:00:00,2.514,2.581,2.576,2.522,55300.77
1760187600,2025-10-11 13:00:00,2.473,2.538,2.522,2.508,86233.79
1760191200,2025-10-11 14:00:00,2.489,2.528,2.508,2.516,54424.37
1760194800,2025-10-11 15:00:00,2.49,2.548,2.517,2.505,69202.49
1760198400,2025-10-11 16:00:00,2.458,2.524,2.503,2.459,60610.3
1760202000,2025-10-11 17:00:00,2.445,2.52,2.459,2.484,169100.22
1760205600,2025-10-11 18:00:00,2.453,2.492,2.477,2.454,74477.35
1760209200,2025-10-11 19:00:00,2.35,2.464,2.453,2.37,104293.44
1760212800,2025-10-11 20:00:00,2.304,2.381,2.369,2.32,95583.22
1760216400,2025-10-11 21:00:00,2.28,2.383,2.318,2.366,107613.24
1760220000,2025-10-11 22:00:00,2.348,2.393,2.365,2.39,41753.11
1760223600,2025-10-11 23:00:00,2.365,2.392,2.39,2.371,29939.05
1760227200,2025-10-12 00:00:00,2.323,2.382,2.371,2.333,50397.23
1760230800,2025-10-12 01:00:00,2.316,2.362,2.331,2.32,27288.57
1760234400,2025-10-12 02:00:00,2.306,2.362,2.319,2.329,58131.97
1760238000,2025-10-12 03:00:00,2.325,2.381,2.328,2.352,16785.13
1760241600,2025-10-12 04:00:00,2.35,2.397,2.352,2.383,10852.73
1760245200,2025-10-12 05:00:00,2.375,2.405,2.384,2.393,56154.76
1760248800,2025-10-12 06:00:00,2.388,2.424,2.392,2.41,22067.35
1760252400,2025-10-12 07:00:00,2.389,2.415,2.411,2.404,19679.97
1760256000,2025-10-12 08:00:00,2.39,2.436,2.405,2.391,85847.87
1760259600,2025-10-12 09:00:00,2.368,2.425,2.391,2.422,38418.13
1760263200,2025-10-12 10:00:00,2.388,2.434,2.422,2.389,47025.24
1760266800,2025-10-12 11:00:00,2.381,2.404,2.39,2.388,49246.89
1760270400,2025-10-12 12:00:00,2.387,2.419,2.387,2.409,25974.6
1760274000,2025-10-12 13:00:00,2.355,2.412,2.407,2.36,42055.85
1760277600,2025-10-12 14:00:00,2.359,2.488,2.362,2.45,130369.56
1760281200,2025-10-12 15:00:00,2.447,2.583,2.453,2.57,151935.57
1760284800,2025-10-12 16:00:00,2.569,2.698,2.569,2.683,171375.37
1760288400,2025-10-12 17:00:00,2.661,2.722,2.681,2.722,105638.54
1760292000,2025-10-12 18:00:00,2.642,2.74,2.722,2.683,247297.22
1760295600,2025-10-12 19:00:00,2.683,2.777,2.684,2.77,90640.35
1760299200,2025-10-12 20:00:00,2.748,2.799,2.771,2.766,56385.43
1760302800,2025-10-12 21:00:00,2.684,2.769,2.766,2.728,87429.42
1760306400,2025-10-12 22:00:00,2.701,2.754,2.729,2.725,93045.53
1760310000,2025-10-12 23:00:00,2.698,2.742,2.723,2.733,42629.74
1760313600,2025-10-13 00:00:00,2.716,2.788,2.736,2.73,52604.52
1760317200,2025-10-13 01:00:00,2.704,2.76,2.731,2.758,35070.23
1760320800,2025-10-13 02:00:00,2.72,2.768,2.759,2.764,33464.41
1760324400,2025-10-13 03:00:00,2.747,2.792,2.765,2.757,29761.91
1760328000,2025-10-13 04:00:00,2.749,2.808,2.761,2.808,73125.54
1760331600,2025-10-13 05:00:00,2.789,2.832,2.807,2.802,111388.95
1760335200,2025-10-13 06:00:00,2.768,2.876,2.799,2.841,98179.71
1760338800,2025-10-13 07:00:00,2.834,2.9,2.841,2.842,156251.13
1760342400,2025-10-13 08:00:00,2.833,2.901,2.842,2.888,52796.11
1760346000,2025-10-13 09:00:00,2.856,2.901,2.888,2.895,51476.54
1760349600,2025-10-13 10:00:00,2.867,2.917,2.894,2.886,41139.19
1760353200,2025-10-13 11:00:00,2.774,2.887,2.887,2.797,81509.86
1760356800,2025-10-13 12:00:00,2.783,2.857,2.797,2.808,56013.93
1760360400,2025-10-13 13:00:00,2.781,2.912,2.808,2.892,88896.82
1760364000,2025-10-13 14:00:00,2.775,2.884,2.88,2.789,92135.97
1760367600,2025-10-13 15:00:00,2.786,2.897,2.79,2.874,125224.55
1760371200,2025-10-13 16:00:00,2.825,2.884,2.875,2.861,68324.69
1760374800,2025-10-13 17:00:00,2.855,2.916,2.861,2.914,84362.62
1760378400,2025-10-13 18:00:00,2.895,2.959,2.913,2.942,89783.58
1760382000,2025-10-13 19:00:00,2.937,3.005,2.941,2.995,79105.64
1760385600,2025-10-13 20:00:00,2.977,3.012,2.998,3.011,23679.55
1760389200,2025-10-13 21:00:00,3.001,3.065,3.01,3.042,64772.06
1760392800,2025-10-13 22:00:00,3.007,3.093,3.04,3.08,82580.28
1760396400,2025-10-13 23:00:00,3.028,3.081,3.081,3.063,44976.57
1760400000,2025-10-14 00:00:00,3.011,3.064,3.058,3.014,50069.28
1760403600,2025-10-14 01:00:00,2.993,3.032,3.014,3.006,20989.23
1760407200,2025-10-14 02:00:00,2.967,3.008,3.005,2.969,49760.92
1760410800,2025-10-14 03:00:00,2.936,3.025,2.969,2.984,70557.37
1760414400,2025-10-14 04:00:00,2.901,2.994,2.984,2.915,95775.86
1760418000,2025-10-14 05:00:00,2.882,2.967,2.915,2.889,67911.38
1760421600,2025-10-14 06:00:00,2.736,2.903,2.889,2.792,86906.71
1760425200,2025-10-14 07:00:00,2.742,2.813,2.791,2.753,59164.69
1760428800,2025-10-14 08:00:00,2.724,2.786,2.752,2.765,58402.89
1760432400,2025-10-14 09:00:00,2.76,2.799,2.765,2.777,63006.61
1760436000,2025-10-14 10:00:00,2.679,2.775,2.775,2.722,67890.21
1760439600,2025-10-14 11:00:00,2.716,2.79,2.72,2.752,112908.85
1760443200,2025-10-14 12:00:00,2.705,2.755,2.752,2.716,70134.22
1760446800,2025-10-14 13:00:00,2.682,2.771,2.714,2.752,56646.67
1760450400,2025-10-14 14:00:00,2.736,2.849,2.75,2.779,62221.49
1760454000,2025-10-14 15:00:00,2.773,2.864,2.78,2.858,81440.91
1760457600,2025-10-14 16:00:00,2.824,2.905,2.86,2.844,70094.87
1760461200,2025-10-14 17:00:00,2.799,2.876,2.842,2.841,15076.63
1760464800,2025-10-14 18:00:00,2.835,2.887,2.842,2.849,23937.93
1760468400,2025-10-14 19:00:00,2.779,2.879,2.849,2.822,77121.45
1760472000,2025-10-14 20:00:00,2.8,2.845,2.822,2.841,37109.84
1760475600,2025-10-14 21:00:00,2.813,2.85,2.841,2.847,34283.21
1760479200,2025-10-14 22:00:00,2.84,2.87,2.848,2.853,23925.63
1760482800,2025-10-14 23:00:00,2.85,2.873,2.854,2.852,27586.13
1760486400,2025-10-15 00:00:00,2.832,2.857,2.855,2.85,14528.29
1760490000,2025-10-15 01:00:00,2.818,2.849,2.849,2.84,7798.75
1760493600,2025-10-15 02:00:00,2.834,2.879,2.84,2.845,26597.06
1760497200,2025-10-15 03:00:00,2.803,2.851,2.849,2.822,9682.6
1760500800,2025-10-15 04:00:00,2.812,2.862,2.819,2.862,5646.98
1760504400,2025-10-15 05:00:00,2.843,2.873,2.86,2.843,14587.54
1760508000,2025-10-15 06:00:00,2.819,2.863,2.843,2.863,20870.32
1760511600,2025-10-15 07:00:00,2.849,2.876,2.86,2.874,14213.19
1760515200,2025-10-15 08:00:00,2.836,2.92,2.873,2.837,100385.21
1760518800,2025-10-15 09:00:00,2.808,2.839,2.836,2.811,26020.67
1760522400,2025-10-15 10:00:00,2.806,2.826,2.81,2.817,14017.59
1760526000,2025-10-15 11:00:00,2.784,2.821,2.82,2.795,31716.37
1760529600,2025-10-15 12:00:00,2.741,2.806,2.796,2.753,126200.9
1760533200,2025-10-15 13:00:00,2.682,2.771,2.753,2.753,48929.47
1760536800,2025-10-15 14:00:00,2.706,2.784,2.757,2.721,37307.42
1760540400,2025-10-15 15:00:00,2.691,2.746,2.725,2.705,49898.56
1760544000,2025-10-15 16:00:00,2.688,2.718,2.705,2.697,28767.28
1760547600,2025-10-15 17:00:00,2.666,2.71,2.686,2.709,64462.47
1760551200,2025-10-15 18:00:00,2.688,2.718,2.703,2.713,52273.23
1760554800,2025-10-15 19:00:00,2.68,2.719,2.709,2.692,31095.29
1760558400,2025-10-15 20:00:00,2.632,2.706,2.7,2.663,90796.09
1760562000,2025-10-15 21:00:00,2.637,2.68,2.659,2.653,39740.68
1760565600,2025-10-15 22:00:00,2.653,2.678,2.653,2.663,11097.64
1760569200,2025-10-15 23:00:00,2.66,2.685,2.665,2.683,21654.09
1760572800,2025-10-16 00:00:00,2.671,2.699,2.684,2.676,24741.48
1760576400,2025-10-16 01:00:00,2.676,2.731,2.676,2.726,45768.52
1760580000,2025-10-16 02:00:00,2.709,2.741,2.727,2.738,27456.56
1760583600,2025-10-16 03:00:00,2.718,2.744,2.738,2.719,13682.15
1760587200,2025-10-16 04:00:00,2.718,2.746,2.719,2.723,11725.86
1760590800,2025-10-16 05:00:00,2.695,2.739,2.723,2.716,22234.93
1760594400,2025-10-16 06:00:00,2.715,2.752,2.716,2.748,28658.64
1760598000,2025-10-16 07:00:00,2.718,2.755,2.749,2.723,28023.16
1760601600,2025-10-16 08:00:00,2.706,2.735,2.725,2.709,16234.51
1760605200,2025-10-16 09:00:00,2.607,2.742,2.708,2.724,69222.01
1760608800,2025-10-16 10:00:00,2.716,2.763,2.724,2.738,40618.29
1760612400,2025-10-16 11:00:00,2.715,2.756,2.739,2.737,20581.09
1760616000,2025-10-16 12:00:00,2.735,2.764,2.737,2.735,34046.7
1760619600,2025-10-16 13:00:00,2.698,2.745,2.734,2.712,56951.18
1760623200,2025-10-16 14:00:00,2.66,2.726,2.711,2.672,50904.18
1760626800,2025-10-16 15:00:00,2.559,2.683,2.672,2.579,110545.26
1760630400,2025-10-16 16:00:00,2.541,2.651,2.577,2.646,91199.13
1760634000,2025-10-16 17:00:00,2.595,2.647,2.647,2.6,47238.56
1760637600,2025-10-16 18:00:00,2.551,2.604,2.599,2.597,93387.65
1760641200,2025-10-16 19:00:00,2.52,2.599,2.586,2.548,71282.98
1760644800,2025-10-16 20:00:00,2.498,2.563,2.549,2.517,51788.05
1760648400,2025-10-16 21:00:00,2.506,2.553,2.516,2.553,45848.28
1760652000,2025-10-16 22:00:00,2.505,2.556,2.555,2.505,52358.88
1760655600,2025-10-16 23:00:00,2.5,2.537,2.504,2.523,68914.67
1760659200,2025-10-17 00:00:00,2.519,2.547,2.522,2.54,30441.41
1760662800,2025-10-17 01:00:00,2.534,2.567,2.541,2.549,13133.9
1760666400,2025-10-17 02:00:00,2.522,2.555,2.548,2.548,10525.7
1760670000,2025-10-17 03:00:00,2.544,2.561,2.549,2.557,51465.72
1760673600,2025-10-17 04:00:00,2.542,2.561,2.559,2.551,20904.6
1760677200,2025-10-17 05:00:00,2.526,2.561,2.552,2.532,12618.18
1760680800,2025-10-17 06:00:00,2.422,2.544,2.53,2.439,72923.1
1760684400,2025-10-17 07:00:00,2.333,2.445,2.441,2.346,101089.49
1760688000,2025-10-17 08:00:00,2.297,2.359,2.348,2.331,103032.84
1760691600,2025-10-17 09:00:00,2.321,2.415,2.331,2.368,117336.49
1760695200,2025-10-17 10:00:00,2.311,2.383,2.367,2.357,144687.58
1760698800,2025-10-17 11:00:00,2.349,2.441,2.357,2.417,74444.18
1760702400,2025-10-17 12:00:00,2.414,2.469,2.418,2.418,118424.74
1760706000,2025-10-17 13:00:00,2.387,2.443,2.418,2.425,105998.28
1760709600,2025-10-17 14:00:00,2.357,2.427,2.424,2.39,88342.88
1760713200,2025-10-17 15:00:00,2.376,2.452,2.389,2.446,88414.25
1760716800,2025-10-17 16:00:00,2.42,2.49,2.445,2.429,39572.29
1760720400,2025-10-17 17:00:00,2.42,2.454,2.43,2.445,37070.85
1760724000,2025-10-17 18:00:00,2.432,2.473,2.447,2.443,40145.4
1760727600,2025-10-17 19:00:00,2.42,2.455,2.444,2.439,21112.25
1760731200,2025-10-17 20:00:00,2.432,2.473,2.435,2.466,25776.97
1760734800,2025-10-17 21:00:00,2.465,2.493,2.465,2.487,67410.68
1760738400,2025-10-17 22:00:00,2.46,2.49,2.488,2.469,27122.14
1760742000,2025-10-17 23:00:00,2.447,2.475,2.469,2.454,18104.17
1760745600,2025-10-18 00:00:00,2.451,2.47,2.454,2.465,24084.66
1760749200,2025-10-18 01:00:00,2.463,2.494,2.466,2.493,19941.21
1760752800,2025-10-18 02:00:00,2.465,2.504,2.493,2.473,34719.92
1760756400,2025-10-18 03:00:00,2.471,2.5,2.473,2.491,34197.14
1760760000,2025-10-18 04:00:00,2.473,2.496,2.492,2.475,59393.06
1760763600,2025-10-18 05:00:00,2.458,2.49,2.479,2.484,75860.92
1760767200,2025-10-18 06:00:00,2.463,2.493,2.477,2.476,28003.57
1760770800,2025-10-18 07:00:00,2.464,2.519,2.477,2.471,28798.7
1760774400,2025-10-18 08:00:00,2.47,2.491,2.47,2.47,12739.12
1760778000,2025-10-18 09:00:00,2.466,2.497,2.471,2.491,17200.11
1760781600,2025-10-18 10:00:00,2.481,2.502,2.492,2.493,21338.03
1760785200,2025-10-18 11:00:00,2.487,2.508,2.493,2.504,21873.57
1760788800,2025-10-18 12:00:00,2.495,2.522,2.506,2.497,39024.39
1760792400,2025-10-18 13:00:00,2.458,2.496,2.496,2.458,27991.47
1760796000,2025-10-18 14:00:00,2.442,2.479,2.459,2.469,33405.89
1760799600,2025-10-18 15:00:00,2.449,2.477,2.475,2.459,18399.55
1760803200,2025-10-18 16:00:00,2.425,2.465,2.459,2.446,49418.42
1760806800,2025-10-18 17:00:00,2.431,2.476,2.444,2.473,24413.28
1760810400,2025-10-18 18:00:00,2.46,2.48,2.473,2.469,13421.3
1760814000,2025-10-18 19:00:00,2.46,2.483,2.466,2.483,16790.6
1760817600,2025-10-18 20:00:00,2.48,2.502,2.483,2.484,14912.45
1760821200,2025-10-18 21:00:00,2.468,2.493,2.484,2.492,36017
1760824800,2025-10-18 22:00:00,2.478,2.496,2.488,2.483,27236.59
1760828400,2025-10-18 23:00:00,2.475,2.485,2.483,2.484,26174.56
1760832000,2025-10-19 00:00:00,2.451,2.484,2.483,2.462,20681.77
1760835600,2025-10-19 01:00:00,2.452,2.471,2.459,2.468,10354.39
1760839200,2025-10-19 02:00:00,2.454,2.474,2.468,2.458,10372.9
1760842800,2025-10-19 03:00:00,2.454,2.495,2.455,2.489,17353.26
1760846400,2025-10-19 04:00:00,2.472,2.492,2.49,2.474,8983.77
1760850000,2025-10-19 05:00:00,2.459,2.486,2.475,2.464,15778.81
1760853600,2025-10-19 06:00:00,2.445,2.469,2.464,2.454,11399.2
1760857200,2025-10-19 07:00:00,2.448,2.467,2.453,2.462,18837.22
1760860800,2025-10-19 08:00:00,2.438,2.494,2.464,2.44,32430.44
1760864400,2025-10-19 09:00:00,2.424,2.509,2.438,2.485,34712.82
1760868000,2025-10-19 10:00:00,2.471,2.538,2.485,2.529,33189.12
1760871600,2025-10-19 11:00:00,2.515,2.551,2.53,2.522,36350.6
1760875200,2025-10-19 12:00:00,2.505,2.53,2.523,2.52,10451.05
1760878800,2025-10-19 13:00:00,2.513,2.584,2.521,2.57,28877.99
1760882400,2025-10-19 14:00:00,2.548,2.588,2.571,2.583,28497.1
1760886000,2025-10-19 15:00:00,2.566,2.584,2.584,2.575,29710.31
1760889600,2025-10-19 16:00:00,2.55,2.578,2.577,2.563,21393.62
1760893200,2025-10-19 17:00:00,2.555,2.591,2.562,2.558,44256.84
1760896800,2025-10-19 18:00:00,2.55,2.573,2.558,2.567,89010.07
1760900400,2025-10-19 19:00:00,2.552,2.569,2.566,2.561,40184.04
1760904000,2025-10-19 20:00:00,2.555,2.57,2.562,2.568,10865.12
1760907600,2025-10-19 21:00:00,2.542,2.569,2.569,2.555,22987.39
1760911200,2025-10-19 22:00:00,2.552,2.57,2.557,2.561,19957.15
1760914800,2025-10-19 23:00:00,2.524,2.56,2.56,2.533,48818.72
1760918400,2025-10-20 00:00:00,2.458,2.534,2.533,2.5,68071.3
1760922000,2025-10-20 01:00:00,2.481,2.506,2.5,2.487,18111.88
1760925600,2025-10-20 02:00:00,2.471,2.515,2.483,2.508,11727.2
1760929200,2025-10-20 03:00:00,2.5,2.59,2.505,2.581,39708.87
1760932800,2025-10-20 04:00:00,2.572,2.593,2.588,2.587,16117.36
1760936400,2025-10-20 05:00:00,2.574,2.617,2.587,2.614,40562.83
1760940000,2025-10-20 06:00:00,2.606,2.653,2.613,2.642,30766.33
1760943600,2025-10-20 07:00:00,2.61,2.645,2.642,2.623,34863.23
1760947200,2025-10-20 08:00:00,2.601,2.641,2.622,2.627,14764.9
1760950800,2025-10-20 09:00:00,2.62,2.635,2.625,2.635,16688.42
1760954400,2025-10-20 10:00:00,2.607,2.649,2.638,2.612,24971.02
1760958000,2025-10-20 11:00:00,2.591,2.615,2.613,2.615,39967.83
1760961600,2025-10-20 12:00:00,2.61,2.634,2.614,2.622,20768.04
1760965200,2025-10-20 13:00:00,2.605,2.637,2.621,2.636,28637.18
1760968800,2025-10-20 14:00:00,2.613,2.643,2.637,2.633,31308.25
1760972400,2025-10-20 15:00:00,2.605,2.641,2.631,2.605,21149.52
1760976000,2025-10-20 16:00:00,2.553,2.604,2.604,2.572,30782.27
1760979600,2025-10-20 17:00:00,2.549,2.59,2.572,2.567,21013.61
1760983200,2025-10-20 18:00:00,2.555,2.578,2.569,2.57,11173.04
1760986800,2025-10-20 19:00:00,2.564,2.603,2.571,2.593,13778.02
1760990400,2025-10-20 20:00:00,2.579,2.598,2.593,2.593,26811.41
1760994000,2025-10-20 21:00:00,2.571,2.606,2.591,2.575,5769.41
1760997600,2025-10-20 22:00:00,2.566,2.585,2.574,2.578,4298.29
1761001200,2025-10-20 23:00:00,2.563,2.581,2.576,2.563,11834.83
1761004800,2025-10-21 00:00:00,2.552,2.566,2.564,2.557,22142.3
1761008400,2025-10-21 01:00:00,2.521,2.557,2.555,2.528,31375.69
1761012000,2025-10-21 02:00:00,2.503,2.53,2.528,2.512,10009.6
1761015600,2025-10-21 03:00:00,2.495,2.517,2.51,2.495,19175.3
1761019200,2025-10-21 04:00:00,2.443,2.501,2.495,2.446,72038.65
1761022800,2025-10-21 05:00:00,2.438,2.462,2.447,2.448,14100.27
1761026400,2025-10-21 06:00:00,2.442,2.473,2.448,2.454,56227.41
1761030000,2025-10-21 07:00:00,2.445,2.488,2.454,2.486,41633.47
1761033600,2025-10-21 08:00:00,2.452,2.485,2.485,2.467,11286.21
1761037200,2025-10-21 09:00:00,2.461,2.473,2.466,2.463,10237.95
1761040800,2025-10-21 10:00:00,2.46,2.499,2.461,2.49,13866.93
1761044400,2025-10-21 11:00:00,2.479,2.494,2.49,2.488,20059.91
1761048000,2025-10-21 12:00:00,2.481,2.519,2.488,2.494,17357.19
1761051600,2025-10-21 13:00:00,2.481,2.518,2.499,2.494,21380.83
1761055200,2025-10-21 14:00:00,2.493,2.647,2.494,2.646,86468.89
1761058800,2025-10-21 15:00:00,2.619,2.684,2.647,2.674,73215.14
1761062400,2025-10-21 16:00:00,2.625,2.7,2.674,2.629,47410.95
1761066000,2025-10-21 17:00:00,2.604,2.66,2.642,2.644,39734.35
1761069600,2025-10-21 18:00:00,2.611,2.646,2.644,2.629,25691.53
1761073200,2025-10-21 19:00:00,2.607,2.631,2.628,2.608,15584.62
1761076800,2025-10-21 20:00:00,2.563,2.612,2.609,2.574,47590.35
1761080400,2025-10-21 21:00:00,2.53,2.583,2.572,2.565,19488.28
1761084000,2025-10-21 22:00:00,2.497,2.564,2.563,2.506,42464.15
1761087600,2025-10-21 23:00:00,2.466,2.517,2.506,2.468,17681.5
1761091200,2025-10-22 00:00:00,2.454,2.489,2.468,2.465,21930.53
1761094800,2025-10-22 01:00:00,2.46,2.486,2.464,2.473,16213.56
1761098400,2025-10-22 02:00:00,2.47,2.488,2.473,2.48,33476.1
1761102000,2025-10-22 03:00:00,2.464,2.482,2.48,2.481,34571.41
1761105600,2025-10-22 04:00:00,2.479,2.509,2.48,2.504,13315.68
1761109200,2025-10-22 05:00:00,2.445,2.503,2.502,2.463,30569.31
1761112800,2025-10-22 06:00:00,2.45,2.466,2.465,2.45,15427.22
1761116400,2025-10-22 07:00:00,2.441,2.463,2.45,2.46,11197.25
1761120000,2025-10-22 08:00:00,2.444,2.464,2.459,2.448,18300.56
1761123600,2025-10-22 09:00:00,2.426,2.453,2.45,2.428,33052.15
1761127200,2025-10-22 10:00:00,2.418,2.439,2.427,2.421,13809.94
1761130800,2025-10-22 11:00:00,2.403,2.471,2.423,2.446,17804.72
1761134400,2025-10-22 12:00:00,2.438,2.465,2.445,2.449,14046.56
1761138000,2025-10-22 13:00:00,2.437,2.489,2.449,2.484,21263.74
1761141600,2025-10-22 14:00:00,2.431,2.485,2.484,2.477,33668.63
1761145200,2025-10-22 15:00:00,2.434,2.491,2.478,2.458,31749.19
1761148800,2025-10-22 16:00:00,2.434,2.474,2.458,2.454,37404.04
1761152400,2025-10-22 17:00:00,2.413,2.462,2.456,2.421,48101.51
1761156000,2025-10-22 18:00:00,2.406,2.436,2.424,2.418,92189.07
1761159600,2025-10-22 19:00:00,2.404,2.45,2.42,2.428,29725.95
1761163200,2025-10-22 20:00:00,2.392,2.436,2.429,2.394,23302.98
1761166800,2025-10-22 21:00:00,2.32,2.394,2.394,2.344,113436.3
1761170400,2025-10-22 22:00:00,2.325,2.352,2.343,2.337,53925.51
1761174000,2025-10-22 23:00:00,2.336,2.392,2.336,2.384,31023.37
1761177600,2025-10-23 00:00:00,2.373,2.39,2.383,2.386,30589.45
1761181200,2025-10-23 01:00:00,2.382,2.404,2.385,2.383,63078.58
1761184800,2025-10-23 02:00:00,2.374,2.392,2.382,2.38,31478.85
1761188400,2025-10-23 03:00:00,2.373,2.392,2.38,2.38,51081.39
1761192000,2025-10-23 04:00:00,2.375,2.403,2.38,2.39,16033.91
1761195600,2025-10-23 05:00:00,2.381,2.399,2.39,2.393,23535.79
1761199200,2025-10-23 06:00:00,2.389,2.444,2.393,2.441,28181.54
1761202800,2025-10-23 07:00:00,2.419,2.441,2.441,2.426,17790.7
1761206400,2025-10-23 08:00:00,2.426,2.442,2.426,2.435,16673.39
1761210000,2025-10-23 09:00:00,2.427,2.437,2.436,2.436,10838.91
1761213600,2025-10-23 10:00:00,2.43,2.448,2.437,2.432,17235.89
1761217200,2025-10-23 11:00:00,2.41,2.437,2.434,2.418,13361.42
1761220800,2025-10-23 12:00:00,2.393,2.425,2.413,2.425,17204.72
1761224400,2025-10-23 13:00:00,2.412,2.452,2.426,2.438,29159.49
1761228000,2025-10-23 14:00:00,2.407,2.443,2.44,2.436,25160.11
1761231600,2025-10-23 15:00:00,2.431,2.468,2.438,2.448,79408.63
1761235200,2025-10-23 16:00:00,2.446,2.491,2.449,2.486,11940.27
1761238800,2025-10-23 17:00:00,2.457,2.509,2.488,2.506,30518.34
1761242400,2025-10-23 18:00:00,2.47,2.506,2.506,2.475,28982.26
1761246000,2025-10-23 19:00:00,2.459,2.475,2.475,2.47,12981.46
1761249600,2025-10-23 20:00:00,2.43,2.472,2.47,2.439,17756.84
1761253200,2025-10-23 21:00:00,2.435,2.451,2.435,2.44,25251.17
1761256800,2025-10-23 22:00:00,2.439,2.461,2.44,2.453,18980.53
1761260400,2025-10-23 23:00:00,2.444,2.463,2.453,2.463,18043.84
1761264000,2025-10-24 00:00:00,2.452,2.478,2.46,2.471,16939.43
1761267600,2025-10-24 01:00:00,2.442,2.473,2.471,2.454,26763.13
1761271200,2025-10-24 02:00:00,2.438,2.453,2.453,2.447,32860.05
1761274800,2025-10-24 03:00:00,2.436,2.447,2.447,2.445,9313.63
1761278400,2025-10-24 04:00:00,2.437,2.501,2.444,2.491,17212.98
1761282000,2025-10-24 05:00:00,2.487,2.499,2.492,2.492,16928.5
1761285600,2025-10-24 06:00:00,2.486,2.503,2.492,2.503,11180.34
1761289200,2025-10-24 07:00:00,2.479,2.507,2.504,2.491,16239.14
1761292800,2025-10-24 08:00:00,2.483,2.511,2.492,2.504,18724.91
1761296400,2025-10-24 09:00:00,2.486,2.505,2.504,2.488,12786.2
1761300000,2025-10-24 10:00:00,2.468,2.487,2.486,2.468,10779.64
1761303600,2025-10-24 11:00:00,2.444,2.471,2.466,2.47,18966.78
1761307200,2025-10-24 12:00:00,2.467,2.536,2.473,2.491,37654.76
1761310800,2025-10-24 13:00:00,2.451,2.491,2.49,2.474,30743.61
1761314400,2025-10-24 14:00:00,2.426,2.474,2.474,2.439,29813.96
1761318000,2025-10-24 15:00:00,2.414,2.455,2.439,2.424,58081.44
1761321600,2025-10-24 16:00:00,2.321,2.431,2.424,2.399,683107.96
1761325200,2025-10-24 17:00:00,2.395,2.423,2.399,2.408,113276.05
1761328800,2025-10-24 18:00:00,2.408,2.437,2.409,2.437,17324.65
1761332400,2025-10-24 19:00:00,2.436,2.47,2.436,2.454,68707.09
1761336000,2025-10-24 20:00:00,2.453,2.476,2.454,2.466,23804.77
1761339600,2025-10-24 21:00:00,2.464,2.482,2.471,2.481,33863.22
1761343200,2025-10-24 22:00:00,2.47,2.487,2.479,2.475,13316.98
1761346800,2025-10-24 23:00:00,2.459,2.476,2.476,2.466,18089.7
1761350400,2025-10-25 00:00:00,2.446,2.466,2.466,2.451,5158.37
1761354000,2025-10-25 01:00:00,2.441,2.465,2.452,2.448,28679.11
1761357600,2025-10-25 02:00:00,2.436,2.452,2.447,2.439,11315.14
1761361200,2025-10-25 03:00:00,2.418,2.439,2.439,2.418,9360.49
1761364800,2025-10-25 04:00:00,2.417,2.432,2.418,2.419,16671.54
1761368400,2025-10-25 05:00:00,2.406,2.419,2.419,2.413,7413.22
1761372000,2025-10-25 06:00:00,2.4,2.415,2.414,2.403,14093.02
1761375600,2025-10-25 07:00:00,2.401,2.421,2.404,2.405,22727.02
1761379200,2025-10-25 08:00:00,2.405,2.43,2.405,2.43,22194.61
1761382800,2025-10-25 09:00:00,2.41,2.429,2.428,2.411,8759.39
1761386400,2025-10-25 10:00:00,2.397,2.421,2.41,2.411,16069.69
1761390000,2025-10-25 11:00:00,2.409,2.429,2.41,2.425,23548.75
1761393600,2025-10-25 12:00:00,2.424,2.454,2.425,2.449,13131.58
1761397200,2025-10-25 13:00:00,2.433,2.453,2.45,2.442,12282.62
1761400800,2025-10-25 14:00:00,2.437,2.465,2.441,2.465,24981.35
1761404400,2025-10-25 15:00:00,2.455,2.467,2.467,2.455,190.84
1761426000,2025-10-25 21:00:00,2.471,2.493,2.489,2.478,17584.7
1761429600,2025-10-25 22:00:00,2.467,2.485,2.478,2.479,15462.18
1761433200,2025-10-25 23:00:00,2.47,2.481,2.478,2.472,20516.59
1761436800,2025-10-26 00:00:00,2.461,2.48,2.474,2.472,9769.68
1761440400,2025-10-26 01:00:00,2.445,2.475,2.47,2.449,20424.04
1761444000,2025-10-26 02:00:00,2.438,2.455,2.45,2.444,33337.31
1761447600,2025-10-26 03:00:00,2.427,2.446,2.443,2.434,8694.37
1761451200,2025-10-26 04:00:00,2.432,2.453,2.433,2.448,12051.96
1761454800,2025-10-26 05:00:00,2.445,2.472,2.447,2.467,25677.94
1761458400,2025-10-26 06:00:00,2.458,2.473,2.468,2.472,12439.24
1761462000,2025-10-26 07:00:00,2.469,2.491,2.472,2.491,28749.38
1761465600,2025-10-26 08:00:00,2.49,2.502,2.49,2.5,13776.73
1761469200,2025-10-26 09:00:00,2.496,2.536,2.5,2.531,19744.74
1761472800,2025-10-26 10:00:00,2.511,2.53,2.53,2.519,30540.03
1761476400,2025-10-26 11:00:00,2.512,2.564,2.519,2.558,25093.86
1761480000,2025-10-26 12:00:00,2.542,2.56,2.558,2.557,22969.05
1761483600,2025-10-26 13:00:00,2.543,2.572,2.555,2.557,27201.39
1761487200,2025-10-26 14:00:00,2.546,2.567,2.557,2.551,42658.39
1761490800,2025-10-26 15:00:00,2.535,2.564,2.552,2.563,18768.05
1761494400,2025-10-26 16:00:00,2.531,2.563,2.563,2.534,28898.87
1761498000,2025-10-26 17:00:00,2.53,2.54,2.536,2.538,16110.28
1761501600,2025-10-26 18:00:00,2.535,2.545,2.537,2.538,14185.96
1761505200,2025-10-26 19:00:00,2.525,2.538,2.538,2.531,20726.17
1761508800,2025-10-26 20:00:00,2.513,2.533,2.531,2.52,17644.2
1761512400,2025-10-26 21:00:00,2.514,2.541,2.522,2.538,20979.29
1761516000,2025-10-26 22:00:00,2.546,2.59,2.546,2.574,58627.79
1761519600,2025-10-26 23:00:00,2.574,2.596,2.574,2.58,64604.24
1761523200,2025-10-27 00:00:00,2.573,2.598,2.58,2.594,24282.63
1761526800,2025-10-27 01:00:00,2.587,2.624,2.593,2.621,42253.95
1761530400,2025-10-27 02:00:00,2.594,2.626,2.621,2.601,28640.37
1761534000,2025-10-27 03:00:00,2.584,2.61,2.601,2.588,26251.97
1761537600,2025-10-27 04:00:00,2.581,2.598,2.588,2.595,17341.39
1761541200,2025-10-27 05:00:00,2.591,2.621,2.595,2.598,18446.92
1761544800,2025-10-27 06:00:00,2.571,2.599,2.599,2.585,17565.05
1761548400,2025-10-27 07:00:00,2.553,2.595,2.585,2.573,30474.38
1761552000,2025-10-27 08:00:00,2.539,2.585,2.572,2.544,81542.41
1761555600,2025-10-27 09:00:00,2.506,2.544,2.542,2.512,29042.68
1761559200,2025-10-27 10:00:00,2.503,2.527,2.512,2.524,21513.83
1761562800,2025-10-27 11:00:00,2.507,2.534,2.525,2.524,13085.21
1761566400,2025-10-27 12:00:00,2.497,2.524,2.524,2.501,13195.18
1761570000,2025-10-27 13:00:00,2.476,2.519,2.502,2.511,56354.6
1761573600,2025-10-27 14:00:00,2.48,2.513,2.513,2.497,27272.17
1761577200,2025-10-27 15:00:00,2.498,2.524,2.498,2.518,15172.2
1761580800,2025-10-27 16:00:00,2.518,2.572,2.52,2.567,30816.69
1761584400,2025-10-27 17:00:00,2.558,2.585,2.567,2.57,38383.94
1761588000,2025-10-27 18:00:00,2.549,2.58,2.566,2.552,39318.93
1761591600,2025-10-27 19:00:00,2.527,2.555,2.551,2.528,30758.19
1761595200,2025-10-27 20:00:00,2.509,2.527,2.527,2.51,12077.62
1761598800,2025-10-27 21:00:00,2.507,2.531,2.512,2.509,17716.25
1761602400,2025-10-27 22:00:00,2.495,2.525,2.507,2.497,14801.23
1761606000,2025-10-27 23:00:00,2.48,2.506,2.496,2.496,9535.16
1761609600,2025-10-28 00:00:00,2.486,2.512,2.494,2.497,20413.3
1761613200,2025-10-28 01:00:00,2.496,2.518,2.497,2.503,26227.18
1761616800,2025-10-28 02:00:00,2.466,2.508,2.504,2.485,11164.04
1761620400,2025-10-28 03:00:00,2.469,2.5,2.484,2.478,25384.46
1761624000,2025-10-28 04:00:00,2.474,2.499,2.475,2.494,19920.92
1761627600,2025-10-28 05:00:00,2.455,2.502,2.493,2.464,17170.01
1761631200,2025-10-28 06:00:00,2.465,2.529,2.465,2.529,8541.41
1761634800,2025-10-28 07:00:00,2.488,2.537,2.53,2.491,26429.57
1761638400,2025-10-28 08:00:00,2.487,2.518,2.492,2.512,7963.35
1761642000,2025-10-28 09:00:00,2.494,2.523,2.512,2.522,21370.5
1761645600,2025-10-28 10:00:00,2.501,2.521,2.521,2.513,13112.95
1761649200,2025-10-28 11:00:00,2.5,2.531,2.513,2.504,15889.63
1761652800,2025-10-28 12:00:00,2.498,2.532,2.505,2.525,7845.24
1761656400,2025-10-28 13:00:00,2.526,2.563,2.526,2.556,42484.75
1761660000,2025-10-28 14:00:00,2.478,2.576,2.555,2.534,26723.82
1761663600,2025-10-28 15:00:00,2.505,2.552,2.534,2.52,14686.37
1761667200,2025-10-28 16:00:00,2.51,2.547,2.519,2.539,15509.58
1761670800,2025-10-28 17:00:00,2.523,2.546,2.539,2.53,22499.31
1761674400,2025-10-28 18:00:00,2.499,2.536,2.528,2.507,22906.61
1761678000,2025-10-28 19:00:00,2.436,2.511,2.508,2.452,28556.58
1761681600,2025-10-28 20:00:00,2.39,2.453,2.451,2.415,54403.35
1761685200,2025-10-28 21:00:00,2.38,2.435,2.413,2.418,63763.08
1761688800,2025-10-28 22:00:00,2.41,2.442,2.417,2.439,21610.81
1761692400,2025-10-28 23:00:00,2.42,2.438,2.438,2.423,27493.96
1761696000,2025-10-29 00:00:00,2.415,2.438,2.422,2.419,26357.7
1761699600,2025-10-29 01:00:00,2.412,2.438,2.417,2.425,21474
1761703200,2025-10-29 02:00:00,2.417,2.426,2.424,2.419,10057.02
1761706800,2025-10-29 03:00:00,2.408,2.423,2.416,2.414,15146.05
1761710400,2025-10-29 04:00:00,2.41,2.428,2.414,2.413,27300.6
1761714000,2025-10-29 05:00:00,2.411,2.429,2.414,2.42,6795.66
1761717600,2025-10-29 06:00:00,2.414,2.427,2.419,2.422,11662.23
1761721200,2025-10-29 07:00:00,2.415,2.433,2.421,2.428,8838.83
1761724800,2025-10-29 08:00:00,2.405,2.432,2.427,2.413,14070.44
1761728400,2025-10-29 09:00:00,2.406,2.427,2.413,2.42,9424.51
1761732000,2025-10-29 10:00:00,2.418,2.453,2.419,2.439,18650.81
1761735600,2025-10-29 11:00:00,2.431,2.458,2.438,2.456,11174.34
1761739200,2025-10-29 12:00:00,2.444,2.464,2.456,2.461,39863.81
1761742800,2025-10-29 13:00:00,2.451,2.476,2.462,2.458,13767.88
1761746400,2025-10-29 14:00:00,2.427,2.46,2.459,2.448,12588.32
1761750000,2025-10-29 15:00:00,2.388,2.452,2.447,2.402,48960.62
1761753600,2025-10-29 16:00:00,2.385,2.428,2.399,2.409,78438.08
1761757200,2025-10-29 17:00:00,2.401,2.486,2.412,2.486,37264.55
1761760800,2025-10-29 18:00:00,2.356,2.49,2.484,2.44,120533.95
1761764400,2025-10-29 19:00:00,2.424,2.483,2.439,2.452,68471.83
1761768000,2025-10-29 20:00:00,2.435,2.49,2.453,2.469,68901.91
1761771600,2025-10-29 21:00:00,2.455,2.474,2.47,2.461,23355.4
1761775200,2025-10-29 22:00:00,2.438,2.462,2.462,2.439,18776.56
1761778800,2025-10-29 23:00:00,2.374,2.439,2.439,2.39,33935.16
1761782400,2025-10-30 00:00:00,2.369,2.416,2.391,2.412,15736.65
1761786000,2025-10-30 01:00:00,2.393,2.416,2.41,2.404,21355.13
1761789600,2025-10-30 02:00:00,2.4,2.43,2.405,2.43,22857.61
1761793200,2025-10-30 03:00:00,2.396,2.43,2.43,2.405,30413.24
1761796800,2025-10-30 04:00:00,2.292,2.403,2.403,2.327,106376.96
1761800400,2025-10-30 05:00:00,2.321,2.381,2.328,2.375,17388.92
1761804000,2025-10-30 06:00:00,2.35,2.389,2.374,2.377,57781.93
1761807600,2025-10-30 07:00:00,2.374,2.414,2.377,2.408,13608.1
1761811200,2025-10-30 08:00:00,2.369,2.409,2.409,2.369,30423.48
1761814800,2025-10-30 09:00:00,2.336,2.374,2.371,2.336,37416.17
1761818400,2025-10-30 10:00:00,2.324,2.348,2.336,2.336,25704.24
1761822000,2025-10-30 11:00:00,2.32,2.342,2.337,2.32,22415.77
1761825600,2025-10-30 12:00:00,2.26,2.324,2.32,2.284,110125.7
1761829200,2025-10-30 13:00:00,2.238,2.293,2.282,2.246,64453.64
1761832800,2025-10-30 14:00:00,2.237,2.266,2.246,2.252,50549.39
1761836400,2025-10-30 15:00:00,2.195,2.255,2.25,2.212,72821.4
1761840000,2025-10-30 16:00:00,2.195,2.235,2.21,2.223,48005.49
1761843600,2025-10-30 17:00:00,2.156,2.223,2.223,2.193,62316.22
1761847200,2025-10-30 18:00:00,2.164,2.199,2.192,2.171,59744.71
1761850800,2025-10-30 19:00:00,2.157,2.186,2.171,2.165,62594.04
1761854400,2025-10-30 20:00:00,2.156,2.211,2.165,2.202,107484.25
1761858000,2025-10-30 21:00:00,2.193,2.222,2.201,2.215,59888.31
1761861600,2025-10-30 22:00:00,2.211,2.224,2.214,2.222,24184.36
1761865200,2025-10-30 23:00:00,2.21,2.235,2.223,2.233,36225.73
1761868800,2025-10-31 00:00:00,2.225,2.249,2.232,2.241,33901.49
1761872400,2025-10-31 01:00:00,2.236,2.26,2.24,2.247,45173.8
1761876000,2025-10-31 02:00:00,2.217,2.249,2.246,2.225,28597.54
1761879600,2025-10-31 03:00:00,2.222,2.244,2.225,2.243,50658.93
1761883200,2025-10-31 04:00:00,2.24,2.263,2.242,2.259,23363.12
1761886800,2025-10-31 05:00:00,2.247,2.267,2.258,2.249,9306.36
1761890400,2025-10-31 06:00:00,2.239,2.258,2.251,2.244,21172.85
1761894000,2025-10-31 07:00:00,2.24,2.256,2.247,2.244,17950.72
1761897600,2025-10-31 08:00:00,2.228,2.254,2.244,2.254,18913.58
1761901200,2025-10-31 09:00:00,2.245,2.263,2.254,2.259,17474.52
1761904800,2025-10-31 10:00:00,2.247,2.264,2.258,2.249,8726.16
1761908400,2025-10-31 11:00:00,2.24,2.286,2.249,2.284,44733.91
1761912000,2025-10-31 12:00:00,2.263,2.296,2.283,2.263,16992.21
1761915600,2025-10-31 13:00:00,2.256,2.284,2.268,2.28,32561.82
1761919200,2025-10-31 14:00:00,2.266,2.304,2.281,2.296,23739.42
1761922800,2025-10-31 15:00:00,2.272,2.303,2.296,2.276,30281.45
1761926400,2025-10-31 16:00:00,2.208,2.279,2.275,2.208,58049.05
1761930000,2025-10-31 17:00:00,2.186,2.222,2.208,2.213,68175.13
1761933600,2025-10-31 18:00:00,2.192,2.232,2.213,2.214,75000
1761937200,2025-10-31 19:00:00,2.196,2.265,2.214,2.253,45110.11
1761940800,2025-10-31 20:00:00,2.216,2.256,2.253,2.219,25958.31
1761944400,2025-10-31 21:00:00,2.212,2.228,2.219,2.214,39381.74
1761948000,2025-10-31 22:00:00,2.211,2.232,2.213,2.223,18200.33
1761951600,2025-10-31 23:00:00,2.22,2.236,2.223,2.229,34264.32
1761955200,2025-11-01 00:00:00,2.206,2.23,2.228,2.227,20479.14
1761958800,2025-11-01 01:00:00,2.211,2.24,2.226,2.212,34163.37
1761962400,2025-11-01 02:00:00,2.2,2.237,2.212,2.236,29539.49
1761966000,2025-11-01 03:00:00,2.234,2.248,2.235,2.245,14028.53
1761969600,2025-11-01 04:00:00,2.233,2.254,2.245,2.239,50463.3
1761973200,2025-11-01 05:00:00,2.223,2.247,2.24,2.231,69451.01
1761976800,2025-11-01 06:00:00,2.223,2.24,2.232,2.24,12944.38
1761980400,2025-11-01 07:00:00,2.234,2.273,2.24,2.273,16101.96
1761984000,2025-11-01 08:00:00,2.269,2.303,2.271,2.302,66119.98
1761987600,2025-11-01 09:00:00,2.279,2.315,2.301,2.285,31694.06
1761991200,2025-11-01 10:00:00,2.283,2.316,2.286,2.304,19253.61
1761994800,2025-11-01 11:00:00,2.299,2.335,2.304,2.335,74710.2
1761998400,2025-11-01 12:00:00,2.315,2.337,2.334,2.324,42125.84
1762002000,2025-11-01 13:00:00,2.293,2.328,2.324,2.308,98895.43
1762005600,2025-11-01 14:00:00,2.279,2.314,2.308,2.287,36194.47
1762009200,2025-11-01 15:00:00,2.287,2.316,2.287,2.314,26128.91
1762012800,2025-11-01 16:00:00,2.308,2.334,2.315,2.325,24683.1
1762016400,2025-11-01 17:00:00,2.316,2.332,2.318,2.327,18534.38
1762020000,2025-11-01 18:00:00,2.315,2.339,2.328,2.336,43885.65
1762023600,2025-11-01 19:00:00,2.318,2.336,2.336,2.336,68052.92
1762027200,2025-11-01 20:00:00,2.33,2.349,2.336,2.338,25041.4
1762030800,2025-11-01 21:00:00,2.303,2.342,2.34,2.305,31781.06
1762034400,2025-11-01 22:00:00,2.305,2.32,2.305,2.318,51817.84
1762038000,2025-11-01 23:00:00,2.312,2.334,2.318,2.331,14304.31
1762041600,2025-11-02 00:00:00,2.317,2.334,2.334,2.318,13642.74
1762045200,2025-11-02 01:00:00,2.311,2.364,2.318,2.326,103831.09
1762048800,2025-11-02 02:00:00,2.323,2.349,2.324,2.337,25000.72
1762052400,2025-11-02 03:00:00,2.311,2.338,2.338,2.316,22972.01
1762056000,2025-11-02 04:00:00,2.312,2.364,2.316,2.356,28966.77
1762059600,2025-11-02 05:00:00,2.336,2.358,2.357,2.356,9858.26
1762063200,2025-11-02 06:00:00,2.344,2.356,2.353,2.352,5126.5
1762066800,2025-11-02 07:00:00,2.342,2.368,2.356,2.359,19500.44
1762070400,2025-11-02 08:00:00,2.323,2.363,2.361,2.33,33217.82
1762074000,2025-11-02 09:00:00,2.31,2.344,2.329,2.319,17887.27
1762077600,2025-11-02 10:00:00,2.3,2.329,2.32,2.312,21275.4
1762081200,2025-11-02 11:00:00,2.31,2.346,2.313,2.346,9543.75
1762084800,2025-11-02 12:00:00,2.322,2.349,2.347,2.324,46491.93
1762088400,2025-11-02 13:00:00,2.286,2.325,2.324,2.294,30769.03
1762092000,2025-11-02 14:00:00,2.245,2.298,2.291,2.254,38905.51
1762095600,2025-11-02 15:00:00,2.225,2.271,2.253,2.243,134798.47
1762099200,2025-11-02 16:00:00,2.207,2.259,2.243,2.259,61705.41
1762102800,2025-11-02 17:00:00,2.237,2.261,2.258,2.25,16644.72
1762106400,2025-11-02 18:00:00,2.234,2.254,2.25,2.234,39818.47
1762110000,2025-11-02 19:00:00,2.224,2.241,2.235,2.24,30678.8
1762113600,2025-11-02 20:00:00,2.23,2.252,2.24,2.252,17287.86
1762117200,2025-11-02 21:00:00,2.246,2.263,2.253,2.254,21659.29
1762120800,2025-11-02 22:00:00,2.243,2.264,2.253,2.254,22851.37
1762124400,2025-11-02 23:00:00,2.255,2.296,2.255,2.291,32556.86
1762128000,2025-11-03 00:00:00,2.241,2.297,2.292,2.241,37684.33
1762131600,2025-11-03 01:00:00,2.218,2.25,2.241,2.221,36084.85
1762135200,2025-11-03 02:00:00,2.19,2.228,2.223,2.208,36185.32
1762138800,2025-11-03 03:00:00,2.11,2.211,2.21,2.117,74032.86
1762142400,2025-11-03 04:00:00,2.098,2.133,2.116,2.133,80604.17
1762146000,2025-11-03 05:00:00,2.115,2.153,2.131,2.123,72047.07
1762149600,2025-11-03 06:00:00,2.079,2.13,2.122,2.104,64706.48
1762153200,2025-11-03 07:00:00,2.094,2.135,2.101,2.123,25293.72
1762156800,2025-11-03 08:00:00,2.1,2.131,2.121,2.119,17760.43
1762160400,2025-11-03 09:00:00,2.106,2.148,2.118,2.111,21776.54
1762164000,2025-11-03 10:00:00,2.083,2.121,2.109,2.094,27354.46
1762167600,2025-11-03 11:00:00,2.094,2.128,2.096,2.117,31491.39
1762171200,2025-11-03 12:00:00,2.115,2.138,2.117,2.12,35700.31
1762174800,2025-11-03 13:00:00,2.111,2.148,2.118,2.125,41141.73
1762178400,2025-11-03 14:00:00,2.114,2.155,2.127,2.138,20029.75
1762182000,2025-11-03 15:00:00,1.923,2.14,2.14,2.001,315436.71
1762185600,2025-11-03 16:00:00,1.987,2.047,2.001,2.031,176261.03
1762189200,2025-11-03 17:00:00,2.03,2.085,2.03,2.07,38460.91
1762192800,2025-11-03 18:00:00,2.026,2.076,2.07,2.029,81358.58
1762196400,2025-11-03 19:00:00,2.002,2.032,2.029,2.003,40651.08
1762200000,2025-11-03 20:00:00,1.953,2.009,2.005,1.968,92698.12
1762203600,2025-11-03 21:00:00,1.957,2.005,1.968,1.993,160927.45
1762207200,2025-11-03 22:00:00,1.966,1.999,1.993,1.984,68985.23
1762210800,2025-11-03 23:00:00,1.967,2.004,1.983,2.001,125192.93
1762214400,2025-11-04 00:00:00,1.984,2.037,1.998,2.024,55796.69
1762218000,2025-11-04 01:00:00,2.011,2.041,2.022,2.025,33756.54
1762221600,2025-11-04 02:00:00,2.009,2.031,2.025,2.011,35987.9
1762225200,2025-11-04 03:00:00,2.007,2.057,2.013,2.035,101659.99
1762228800,2025-11-04 04:00:00,2.011,2.046,2.033,2.014,30309.63
1762232400,2025-11-04 05:00:00,1.912,2.026,2.014,1.914,84739
1762236000,2025-11-04 06:00:00,1.914,1.998,1.914,1.949,99192.12
1762239600,2025-11-04 07:00:00,1.905,1.951,1.948,1.917,82999.77
1762243200,2025-11-04 08:00:00,1.907,1.962,1.917,1.941,57204.27
1762246800,2025-11-04 09:00:00,1.933,1.95,1.941,1.949,50060.89
1762250400,2025-11-04 10:00:00,1.944,1.962,1.946,1.956,46532.38
1762254000,2025-11-04 11:00:00,1.953,1.983,1.955,1.969,64197.12
1762257600,2025-11-04 12:00:00,1.939,1.969,1.967,1.947,48955.3
1762261200,2025-11-04 13:00:00,1.92,1.954,1.949,1.94,43919.35
1762264800,2025-11-04 14:00:00,1.919,2.001,1.939,1.988,91056.94
1762268400,2025-11-04 15:00:00,1.946,2.001,1.989,1.955,50857.61
1762272000,2025-11-04 16:00:00,1.905,1.972,1.956,1.912,110852.19
1762275600,2025-11-04 17:00:00,1.854,1.93,1.912,1.906,228873.68
1762279200,2025-11-04 18:00:00,1.804,1.905,1.905,1.89,446951.23
1762282800,2025-11-04 19:00:00,1.851,1.909,1.891,1.854,69598.67
1762286400,2025-11-04 20:00:00,1.758,1.868,1.856,1.842,174689.1
1762290000,2025-11-04 21:00:00,1.74,1.844,1.838,1.82,247823.98
1762293600,2025-11-04 22:00:00,1.81,1.883,1.82,1.873,59490.49
1762297200,2025-11-04 23:00:00,1.855,1.885,1.872,1.861,50339.84
1762300800,2025-11-05 00:00:00,1.808,1.87,1.861,1.819,65998.53
1762304400,2025-11-05 01:00:00,1.729,1.82,1.819,1.808,99308.29
1762308000,2025-11-05 02:00:00,1.806,1.865,1.807,1.863,57322.05
1762311600,2025-11-05 03:00:00,1.857,1.883,1.865,1.871,45924.08
1762315200,2025-11-05 04:00:00,1.855,1.878,1.869,1.863,28251.88
1762318800,2025-11-05 05:00:00,1.862,1.887,1.864,1.866,42420.62
1762322400,2025-11-05 06:00:00,1.857,1.884,1.863,1.884,45171.61
1762326000,2025-11-05 07:00:00,1.863,1.885,1.885,1.876,93799.95
1762329600,2025-11-05 08:00:00,1.819,1.876,1.876,1.83,23192.07
1762333200,2025-11-05 09:00:00,1.831,1.86,1.831,1.859,67762.21
1762336800,2025-11-05 10:00:00,1.835,1.861,1.855,1.835,30255.21
1762340400,2025-11-05 11:00:00,1.834,1.88,1.834,1.876,13182.39
1762344000,2025-11-05 12:00:00,1.869,1.899,1.876,1.894,64479.06
1762347600,2025-11-05 13:00:00,1.885,1.934,1.894,1.921,48490.84
1762351200,2025-11-05 14:00:00,1.899,1.94,1.919,1.926,69871.41
1762354800,2025-11-05 15:00:00,1.915,1.996,1.923,1.966,200097.12
1762358400,2025-11-05 16:00:00,1.954,2.023,1.966,2.016,133620.88
1762362000,2025-11-05 17:00:00,1.988,2.015,2.014,2.006,55360.43
1762365600,2025-11-05 18:00:00,1.997,2.019,2.005,2.005,58577.94
1762369200,2025-11-05 19:00:00,1.99,2.03,2.005,2.015,52281.68
1762372800,2025-11-05 20:00:00,2.005,2.035,2.013,2.006,33460.36
1762376400,2025-11-05 21:00:00,1.991,2.008,2.005,2,38786.51
1762380000,2025-11-05 22:00:00,1.996,2.045,1.998,2.022,79311.91
1762383600,2025-11-05 23:00:00,2.012,2.035,2.022,2.024,48670.61
1762387200,2025-11-06 00:00:00,1.99,2.022,2.017,2.003,22773.81
1762390800,2025-11-06 01:00:00,1.965,2.002,2.002,1.993,52319.72
1762394400,2025-11-06 02:00:00,1.971,2.014,1.992,2.002,40921.2
1762398000,2025-11-06 03:00:00,1.984,2.004,2.002,1.987,15007.82
1762401600,2025-11-06 04:00:00,1.984,2.005,1.986,2.001,12337.8
1762405200,2025-11-06 05:00:00,1.955,2,2,1.96,18220.83
1762408800,2025-11-06 06:00:00,1.954,1.973,1.959,1.954,16376.41
1762412400,2025-11-06 07:00:00,1.94,1.966,1.953,1.946,9260.73
1762416000,2025-11-06 08:00:00,1.931,1.962,1.942,1.944,25130.91
1762419600,2025-11-06 09:00:00,1.936,1.958,1.943,1.938,36701.33
1762423200,2025-11-06 10:00:00,1.926,1.954,1.938,1.938,17282.36
1762426800,2025-11-06 11:00:00,1.926,1.952,1.937,1.936,25530.83
1762430400,2025-11-06 12:00:00,1.914,1.939,1.936,1.916,28458.91
1762434000,2025-11-06 13:00:00,1.915,1.973,1.915,1.964,49568.37
1762437600,2025-11-06 14:00:00,1.918,1.971,1.967,1.924,36387.93
1762441200,2025-11-06 15:00:00,1.889,1.951,1.924,1.902,42131.89
1762444800,2025-11-06 16:00:00,1.861,1.914,1.902,1.89,39678.47
1762448400,2025-11-06 17:00:00,1.88,1.93,1.891,1.928,85186.33
1762452000,2025-11-06 18:00:00,1.903,1.961,1.926,1.943,79073.42
1762455600,2025-11-06 19:00:00,1.927,1.952,1.943,1.949,56539.44
1762459200,2025-11-06 20:00:00,1.926,1.967,1.95,1.943,65354.02
1762462800,2025-11-06 21:00:00,1.931,1.963,1.943,1.956,25409.05
1762466400,2025-11-06 22:00:00,1.93,1.962,1.955,1.953,40181.49
1762470000,2025-11-06 23:00:00,1.922,1.953,1.953,1.943,25078.82
1762473600,2025-11-07 00:00:00,1.941,1.994,1.941,1.986,33085.59
1762477200,2025-11-07 01:00:00,1.953,1.994,1.986,1.986,54413.29
1762480800,2025-11-07 02:00:00,1.975,2.014,1.988,2.014,39708.92
1762484400,2025-11-07 03:00:00,1.995,2.025,2.013,1.997,39042.55
1762488000,2025-11-07 04:00:00,1.993,2.026,1.999,2.023,75330.47
1762491600,2025-11-07 05:00:00,2.021,2.045,2.024,2.04,46362.01
1762495200,2025-11-07 06:00:00,2.032,2.052,2.038,2.044,36852.12
1762498800,2025-11-07 07:00:00,2.026,2.069,2.044,2.069,56166.48
1762502400,2025-11-07 08:00:00,2.056,2.077,2.068,2.067,26799.92
1762506000,2025-11-07 09:00:00,2.019,2.084,2.067,2.045,60357.04
1762509600,2025-11-07 10:00:00,2.024,2.064,2.046,2.03,30104.2
1762513200,2025-11-07 11:00:00,1.982,2.029,2.028,2.007,36659.05
1762516800,2025-11-07 12:00:00,1.948,2.015,2.006,1.962,66941.59
1762520400,2025-11-07 13:00:00,1.952,2.017,1.96,2.008,70859.22
1762524000,2025-11-07 14:00:00,1.99,2.097,2.006,2.085,182943.6
1762527600,2025-11-07 15:00:00,2.074,2.41,2.088,2.305,1037682.36
1762531200,2025-11-07 16:00:00,2.255,2.453,2.295,2.429,485611.63
1762534800,2025-11-07 17:00:00,2.379,2.556,2.43,2.547,435788.41
1762538400,2025-11-07 18:00:00,2.544,2.936,2.548,2.676,1360467.37
1762542000,2025-11-07 19:00:00,2.604,2.718,2.678,2.624,544089.7
1762545600,2025-11-07 20:00:00,2.583,2.67,2.626,2.628,278304.29
1762549200,2025-11-07 21:00:00,2.561,2.662,2.631,2.572,182981.36
1762552800,2025-11-07 22:00:00,2.526,2.6,2.574,2.546,198586.23
1762556400,2025-11-07 23:00:00,2.43,2.547,2.547,2.439,233026.89
1762560000,2025-11-08 00:00:00,2.333,2.475,2.44,2.336,219044.94
1762563600,2025-11-08 01:00:00,2.335,2.418,2.336,2.4,165704.76
1762567200,2025-11-08 02:00:00,2.383,2.423,2.401,2.391,119582.87
1762570800,2025-11-08 03:00:00,2.35,2.416,2.392,2.352,57102.68
1762574400,2025-11-08 04:00:00,2.35,2.422,2.352,2.386,50896.18
1762578000,2025-11-08 05:00:00,2.338,2.386,2.386,2.342,127055.91
1762581600,2025-11-08 06:00:00,2.307,2.358,2.345,2.342,95276.26
1762585200,2025-11-08 07:00:00,2.322,2.372,2.341,2.362,72314.5
1762588800,2025-11-08 08:00:00,2.342,2.45,2.361,2.431,95225.55
1762592400,2025-11-08 09:00:00,2.349,2.43,2.43,2.366,64374.43
1762596000,2025-11-08 10:00:00,2.357,2.427,2.366,2.423,74881.79
1762599600,2025-11-08 11:00:00,2.419,2.548,2.424,2.477,229135.34
1762603200,2025-11-08 12:00:00,2.408,2.485,2.476,2.42,131731.42
1762606800,2025-11-08 13:00:00,2.327,2.422,2.421,2.333,138945.1
1762610400,2025-11-08 14:00:00,2.282,2.343,2.333,2.325,129764.65
1762614000,2025-11-08 15:00:00,2.275,2.332,2.324,2.288,90276.92
1762617600,2025-11-08 16:00:00,2.253,2.292,2.29,2.27,149181.49
1762621200,2025-11-08 17:00:00,2.266,2.309,2.269,2.3,60655.02
1762624800,2025-11-08 18:00:00,2.292,2.33,2.298,2.315,91424.27
1762628400,2025-11-08 19:00:00,2.285,2.336,2.317,2.299,43210.6
1762632000,2025-11-08 20:00:00,2.294,2.323,2.299,2.312,18421.26
1762635600,2025-11-08 21:00:00,2.298,2.331,2.31,2.318,48335.13
1762639200,2025-11-08 22:00:00,2.306,2.327,2.317,2.312,47690.77
1762642800,2025-11-08 23:00:00,2.302,2.32,2.31,2.319,31110.38
1762646400,2025-11-09 00:00:00,2.281,2.32,2.314,2.287,81871.39
1762650000,2025-11-09 01:00:00,2.275,2.304,2.286,2.291,39372.77
1762653600,2025-11-09 02:00:00,2.218,2.31,2.289,2.226,124948.41
1762657200,2025-11-09 03:00:00,2.204,2.238,2.226,2.211,42695.92
1762660800,2025-11-09 04:00:00,2.205,2.231,2.212,2.212,46346.3
1762664400,2025-11-09 05:00:00,2.205,2.229,2.209,2.224,44001.75
1762668000,2025-11-09 06:00:00,2.209,2.239,2.223,2.218,22189.17
1762671600,2025-11-09 07:00:00,2.216,2.255,2.219,2.255,14080.69
1762675200,2025-11-09 08:00:00,2.222,2.254,2.254,2.23,32982.8
1762678800,2025-11-09 09:00:00,2.203,2.243,2.231,2.208,17257.85
1762682400,2025-11-09 10:00:00,2.187,2.229,2.206,2.229,55350.79
1762686000,2025-11-09 11:00:00,2.23,2.261,2.23,2.247,35868.22
1762689600,2025-11-09 12:00:00,2.243,2.29,2.246,2.284,23636.27
1762693200,2025-11-09 13:00:00,2.279,2.319,2.285,2.304,90735.75
1762696800,2025-11-09 14:00:00,2.284,2.4,2.304,2.375,106960.1
1762700400,2025-11-09 15:00:00,2.366,2.491,2.376,2.427,234661.68
1762704000,2025-11-09 16:00:00,2.384,2.451,2.426,2.437,120826.62
1762707600,2025-11-09 17:00:00,2.386,2.452,2.436,2.39,103661.05
1762711200,2025-11-09 18:00:00,2.375,2.435,2.391,2.429,59596.24
1762714800,2025-11-09 19:00:00,2.418,2.48,2.431,2.48,68653.65
1762718400,2025-11-09 20:00:00,2.433,2.478,2.478,2.435,86303.47
1762722000,2025-11-09 21:00:00,2.405,2.444,2.436,2.416,116196.86
1762725600,2025-11-09 22:00:00,2.382,2.417,2.416,2.416,66959.12
1762729200,2025-11-09 23:00:00,2.388,2.439,2.417,2.41,28977.69
1762732800,2025-11-10 00:00:00,2.383,2.454,2.41,2.439,58763.52
1762736400,2025-11-10 01:00:00,2.418,2.455,2.438,2.42,56838.01
1762740000,2025-11-10 02:00:00,2.405,2.428,2.419,2.423,26448.35
1762743600,2025-11-10 03:00:00,2.424,2.473,2.424,2.44,41825.58
1762747200,2025-11-10 04:00:00,2.423,2.453,2.44,2.437,48573.2
1762750800,2025-11-10 05:00:00,2.43,2.461,2.439,2.443,27925.17
1762754400,2025-11-10 06:00:00,2.435,2.488,2.443,2.483,40213.61
1762758000,2025-11-10 07:00:00,2.484,2.575,2.485,2.523,136961.54
1762761600,2025-11-10 08:00:00,2.451,2.529,2.524,2.474,51757.84
1762765200,2025-11-10 09:00:00,2.472,2.594,2.472,2.577,95559.4
1762768800,2025-11-10 10:00:00,2.517,2.592,2.575,2.538,54234.56
1762772400,2025-11-10 11:00:00,2.533,2.642,2.538,2.597,82170.8
1762776000,2025-11-10 12:00:00,2.559,2.656,2.596,2.624,78352.43
1762779600,2025-11-10 13:00:00,2.619,2.785,2.619,2.71,230084.01
1762783200,2025-11-10 14:00:00,2.549,2.734,2.706,2.57,208950.7
1762786800,2025-11-10 15:00:00,2.56,2.689,2.569,2.619,141458.81
1762790400,2025-11-10 16:00:00,2.567,2.659,2.62,2.583,325413.57
1762794000,2025-11-10 17:00:00,2.553,2.626,2.582,2.606,92431.55
1762797600,2025-11-10 18:00:00,2.538,2.613,2.606,2.542,112022.14
1762801200,2025-11-10 19:00:00,2.515,2.569,2.543,2.538,107877.71
1762804800,2025-11-10 20:00:00,2.539,2.586,2.539,2.555,115053.73
1762808400,2025-11-10 21:00:00,2.519,2.557,2.556,2.542,190053.79
1762812000,2025-11-10 22:00:00,2.515,2.587,2.541,2.573,185363.91
1762815600,2025-11-10 23:00:00,2.515,2.575,2.574,2.525,65227.16
1762819200,2025-11-11 00:00:00,2.455,2.521,2.521,2.48,104655.46
1762822800,2025-11-11 01:00:00,2.458,2.537,2.482,2.462,72266.59
1762826400,2025-11-11 02:00:00,2.443,2.529,2.464,2.518,62551.2
1762830000,2025-11-11 03:00:00,2.494,2.529,2.518,2.508,92471.8
1762833600,2025-11-11 04:00:00,2.471,2.525,2.508,2.475,63055.91
1762837200,2025-11-11 05:00:00,2.455,2.484,2.476,2.46,65962.18
1762840800,2025-11-11 06:00:00,2.444,2.479,2.459,2.463,32883.55
1762844400,2025-11-11 07:00:00,2.391,2.467,2.465,2.393,113691.68
1762848000,2025-11-11 08:00:00,2.386,2.416,2.393,2.408,75875.7
1762851600,2025-11-11 09:00:00,2.401,2.434,2.408,2.409,111485
1762855200,2025-11-11 10:00:00,2.404,2.429,2.408,2.415,48724.11
1762858800,2025-11-11 11:00:00,2.4,2.44,2.416,2.414,66983.38
1762862400,2025-11-11 12:00:00,2.395,2.43,2.414,2.408,58882.12
1762866000,2025-11-11 13:00:00,2.4,2.427,2.409,2.405,74560.15
1762869600,2025-11-11 14:00:00,2.371,2.451,2.406,2.443,113075.95
1762873200,2025-11-11 15:00:00,2.406,2.448,2.442,2.427,96062.29
1762876800,2025-11-11 16:00:00,2.408,2.448,2.427,2.438,60819.49
1762880400,2025-11-11 17:00:00,2.408,2.464,2.439,2.424,78662.43
1762884000,2025-11-11 18:00:00,2.406,2.453,2.424,2.436,108091.6
1762887600,2025-11-11 19:00:00,2.417,2.456,2.436,2.421,23433.57
1762891200,2025-11-11 20:00:00,2.362,2.423,2.421,2.372,95385.71
1762894800,2025-11-11 21:00:00,2.335,2.392,2.373,2.346,89958.84
1762898400,2025-11-11 22:00:00,2.331,2.377,2.345,2.365,59792.09
1762902000,2025-11-11 23:00:00,2.314,2.366,2.364,2.325,48251.33
1762905600,2025-11-12 00:00:00,2.275,2.322,2.322,2.278,66445.1
1762909200,2025-11-12 01:00:00,2.275,2.328,2.276,2.325,37624.04
1762912800,2025-11-12 02:00:00,2.3,2.337,2.324,2.328,49409.54
1762916400,2025-11-12 03:00:00,2.323,2.339,2.326,2.334,25184.84
1762920000,2025-11-12 04:00:00,2.313,2.336,2.334,2.336,55263.64
1762923600,2025-11-12 05:00:00,2.324,2.349,2.337,2.342,46412.03
1762927200,2025-11-12 06:00:00,2.338,2.377,2.342,2.354,77409.12
1762930800,2025-11-12 07:00:00,2.351,2.375,2.353,2.359,23655.02
1762934400,2025-11-12 08:00:00,2.361,2.457,2.361,2.444,76198.35
1762938000,2025-11-12 09:00:00,2.437,2.55,2.444,2.546,191675.27
1762941600,2025-11-12 10:00:00,2.513,2.615,2.544,2.572,381461.11
1762945200,2025-11-12 11:00:00,2.485,2.581,2.571,2.488,300564.02
1762948800,2025-11-12 12:00:00,2.47,2.511,2.49,2.483,126374.26
1762952400,2025-11-12 13:00:00,2.469,2.526,2.484,2.511,68882.75
1762956000,2025-11-12 14:00:00,2.435,2.517,2.511,2.459,155622.89
1762959600,2025-11-12 15:00:00,2.361,2.48,2.457,2.374,145430.48
1762963200,2025-11-12 16:00:00,2.307,2.38,2.374,2.321,120012.98
1762966800,2025-11-12 17:00:00,2.294,2.338,2.322,2.322,209198.2
1762970400,2025-11-12 18:00:00,2.304,2.345,2.322,2.314,45232.39
1762974000,2025-11-12 19:00:00,2.287,2.337,2.313,2.324,89829.19
1762977600,2025-11-12 20:00:00,2.314,2.376,2.323,2.363,112896.52
1762981200,2025-11-12 21:00:00,2.358,2.389,2.364,2.372,70562.41
1762984800,2025-11-12 22:00:00,2.343,2.372,2.372,2.353,42445.33
1762988400,2025-11-12 23:00:00,2.311,2.354,2.353,2.325,59989.37
1762992000,2025-11-13 00:00:00,2.313,2.356,2.325,2.317,112669.65
1762995600,2025-11-13 01:00:00,2.316,2.356,2.316,2.322,59899.67
1762999200,2025-11-13 02:00:00,2.32,2.373,2.322,2.362,92975.03
1763002800,2025-11-13 03:00:00,2.307,2.399,2.363,2.355,73235.75
1763006400,2025-11-13 04:00:00,2.33,2.363,2.354,2.35,92164.99
1763010000,2025-11-13 05:00:00,2.337,2.414,2.35,2.408,72734.29
1763013600,2025-11-13 06:00:00,2.408,2.495,2.41,2.43,166712.46
1763017200,2025-11-13 07:00:00,2.389,2.447,2.429,2.392,90751.53
1763020800,2025-11-13 08:00:00,2.39,2.413,2.392,2.401,64820.78
1763024400,2025-11-13 09:00:00,2.363,2.402,2.402,2.385,52536.01
1763028000,2025-11-13 10:00:00,2.358,2.427,2.386,2.366,188250.39
1763031600,2025-11-13 11:00:00,2.36,2.379,2.366,2.369,90130.53
1763035200,2025-11-13 12:00:00,2.353,2.391,2.367,2.387,44633.7
1763038800,2025-11-13 13:00:00,2.354,2.405,2.388,2.365,93626.34
1763042400,2025-11-13 14:00:00,2.328,2.43,2.365,2.4,158360.86
1763046000,2025-11-13 15:00:00,2.322,2.409,2.398,2.346,107605.31
1763049600,2025-11-13 16:00:00,2.295,2.357,2.345,2.3,133211.15
1763053200,2025-11-13 17:00:00,2.212,2.305,2.301,2.216,192885.05
1763056800,2025-11-13 18:00:00,2.175,2.232,2.216,2.212,105183.61
1763060400,2025-11-13 19:00:00,2.185,2.241,2.213,2.201,141944.06
1763064000,2025-11-13 20:00:00,2.174,2.216,2.2,2.197,115735.28
1763067600,2025-11-13 21:00:00,2.174,2.213,2.198,2.19,68403.03
1763071200,2025-11-13 22:00:00,2.182,2.283,2.188,2.271,130805.07
1763074800,2025-11-13 23:00:00,2.26,2.376,2.269,2.329,219243.42
1763078400,2025-11-14 00:00:00,2.285,2.353,2.328,2.288,170650.95
1763082000,2025-11-14 01:00:00,2.253,2.3,2.287,2.259,97687.53
1763085600,2025-11-14 02:00:00,2.253,2.289,2.26,2.271,89036.55
1763089200,2025-11-14 03:00:00,2.233,2.276,2.27,2.241,75438.36
1763092800,2025-11-14 04:00:00,2.136,2.242,2.242,2.185,141453.13
1763096400,2025-11-14 05:00:00,2.182,2.221,2.185,2.213,62419.98
1763100000,2025-11-14 06:00:00,2.153,2.241,2.214,2.239,91489.84
1763103600,2025-11-14 07:00:00,2.216,2.252,2.238,2.225,55244.81
1763107200,2025-11-14 08:00:00,2.169,2.226,2.225,2.192,217426.89
1763110800,2025-11-14 09:00:00,2.152,2.203,2.191,2.154,49903.9
1763114400,2025-11-14 10:00:00,2.154,2.19,2.154,2.167,48301.31
1763118000,2025-11-14 11:00:00,2.133,2.172,2.166,2.149,84386.44
1763121600,2025-11-14 12:00:00,2.086,2.164,2.148,2.155,163022.85
1763125200,2025-11-14 13:00:00,2.096,2.167,2.155,2.123,86233.13
1763128800,2025-11-14 14:00:00,2.088,2.181,2.124,2.171,137892.06
1763132400,2025-11-14 15:00:00,2.137,2.21,2.17,2.181,82589.56
1763136000,2025-11-14 16:00:00,2.156,2.212,2.182,2.2,97752.94
1763139600,2025-11-14 17:00:00,2.147,2.21,2.2,2.164,108132.38
1763143200,2025-11-14 18:00:00,2.159,2.21,2.164,2.174,42979.98
1763146800,2025-11-14 19:00:00,2.165,2.23,2.175,2.22,52440
1763150400,2025-11-14 20:00:00,2.119,2.222,2.222,2.137,63752.2
1763154000,2025-11-14 21:00:00,2.126,2.175,2.14,2.131,76556.06
1763157600,2025-11-14 22:00:00,2.095,2.147,2.13,2.107,46614.16
1763161200,2025-11-14 23:00:00,2.047,2.113,2.108,2.095,151361.76
1763164800,2025-11-15 00:00:00,2.074,2.116,2.095,2.101,76142.74
1763168400,2025-11-15 01:00:00,2.087,2.136,2.102,2.131,76797.53
1763172000,2025-11-15 02:00:00,2.111,2.15,2.131,2.15,71422.02
1763175600,2025-11-15 03:00:00,2.138,2.168,2.15,2.154,95396.37
1763179200,2025-11-15 04:00:00,2.154,2.214,2.155,2.207,93139.39
1763182800,2025-11-15 05:00:00,2.185,2.211,2.207,2.191,34378.66
1763186400,2025-11-15 06:00:00,2.188,2.244,2.191,2.207,80884.4
1763190000,2025-11-15 07:00:00,2.183,2.214,2.206,2.191,36842.64
1763193600,2025-11-15 08:00:00,2.135,2.191,2.191,2.146,55622.14
1763197200,2025-11-15 09:00:00,2.142,2.175,2.145,2.15,23011.17
1763200800,2025-11-15 10:00:00,2.142,2.167,2.15,2.164,29597.7
1763204400,2025-11-15 11:00:00,2.134,2.172,2.164,2.147,32264.79
1763208000,2025-11-15 12:00:00,2.142,2.197,2.147,2.182,31951.84
1763211600,2025-11-15 13:00:00,2.175,2.214,2.181,2.198,63138.98
1763215200,2025-11-15 14:00:00,2.174,2.198,2.198,2.18,23773.48
1763218800,2025-11-15 15:00:00,2.167,2.185,2.18,2.167,38135.16
1763222400,2025-11-15 16:00:00,2.146,2.173,2.166,2.172,40618.96
1763226000,2025-11-15 17:00:00,2.16,2.195,2.173,2.184,42753.86
1763229600,2025-11-15 18:00:00,2.164,2.191,2.179,2.17,30748.65
1763233200,2025-11-15 19:00:00,2.158,2.179,2.17,2.158,23703.58
1763236800,2025-11-15 20:00:00,2.138,2.158,2.158,2.141,27399.79
1763240400,2025-11-15 21:00:00,2.115,2.157,2.14,2.118,26238.76
1763244000,2025-11-15 22:00:00,2.115,2.144,2.117,2.14,17410.86
1763247600,2025-11-15 23:00:00,2.133,2.144,2.139,2.133,22997.84
1763251200,2025-11-16 00:00:00,2.103,2.138,2.134,2.12,21415.79
1763254800,2025-11-16 01:00:00,2.087,2.127,2.119,2.121,28821.99
1763258400,2025-11-16 02:00:00,2.109,2.15,2.12,2.148,45115.93
1763262000,2025-11-16 03:00:00,2.139,2.158,2.147,2.144,35199.64
1763265600,2025-11-16 04:00:00,2.125,2.145,2.144,2.133,59321.01
1763269200,2025-11-16 05:00:00,2.132,2.158,2.133,2.14,27912.34
1763272800,2025-11-16 06:00:00,2.138,2.171,2.141,2.15,78449.32
1763276400,2025-11-16 07:00:00,2.144,2.159,2.149,2.156,28165.79
1763280000,2025-11-16 08:00:00,2.137,2.157,2.157,2.145,16880.83
1763283600,2025-11-16 09:00:00,2.131,2.167,2.144,2.165,35792.01
1763287200,2025-11-16 10:00:00,2.156,2.176,2.165,2.168,27356.26
1763290800,2025-11-16 11:00:00,2.096,2.171,2.168,2.106,41252.52
1763294400,2025-11-16 12:00:00,2.091,2.126,2.104,2.109,49999.58
1763298000,2025-11-16 13:00:00,2.065,2.115,2.109,2.075,48771.48
1763301600,2025-11-16 14:00:00,2.062,2.091,2.075,2.077,70301.68
1763305200,2025-11-16 15:00:00,2.008,2.077,2.077,2.017,70223.44
1763308800,2025-11-16 16:00:00,1.97,2.037,2.017,1.978,285314.28
1763312400,2025-11-16 17:00:00,1.958,1.994,1.978,1.989,141266.65
1763316000,2025-11-16 18:00:00,1.979,2.036,1.988,1.985,356515.86
1763319600,2025-11-16 19:00:00,1.985,2.026,1.986,1.993,144279.35
1763323200,2025-11-16 20:00:00,1.989,2.021,1.992,1.997,106137.49
1763326800,2025-11-16 21:00:00,1.976,2.02,1.997,2,221575.58
1763330400,2025-11-16 22:00:00,1.976,2.027,2.001,2.016,77043.53
1763334000,2025-11-16 23:00:00,1.971,2.031,2.014,2.012,61400.31
1763337600,2025-11-17 00:00:00,1.99,2.047,2.014,2.031,123889.33
1763341200,2025-11-17 01:00:00,2.006,2.034,2.031,2.008,51837.98
1763344800,2025-11-17 02:00:00,1.998,2.026,2.009,2.012,73276.79
1763348400,2025-11-17 03:00:00,2.011,2.036,2.012,2.021,41087.93
1763352000,2025-11-17 04:00:00,2.002,2.03,2.022,2.006,36848.61
1763355600,2025-11-17 05:00:00,2.001,2.015,2.005,2.01,24903.01
1763359200,2025-11-17 06:00:00,2.008,2.034,2.011,2.034,29016.94
1763362800,2025-11-17 07:00:00,2.028,2.045,2.035,2.041,37054.92
1763366400,2025-11-17 08:00:00,2.025,2.046,2.042,2.032,19149.41
1763370000,2025-11-17 09:00:00,2.023,2.054,2.031,2.043,29921.44
1763373600,2025-11-17 10:00:00,2.041,2.069,2.042,2.06,61283.98
1763377200,2025-11-17 11:00:00,2.054,2.079,2.06,2.059,33052.73
1763380800,2025-11-17 12:00:00,2.032,2.061,2.059,2.047,53478.06
1763384400,2025-11-17 13:00:00,1.952,2.052,2.048,1.976,104894.5
1763388000,2025-11-17 14:00:00,1.964,2.097,1.976,2.029,149856.23
1763391600,2025-11-17 15:00:00,1.984,2.039,2.03,1.992,35763.66
1763395200,2025-11-17 16:00:00,1.961,2.046,1.993,2.045,123357.71
1763398800,2025-11-17 17:00:00,1.95,2.046,2.045,1.957,129041.11
1763402400,2025-11-17 18:00:00,1.929,1.981,1.957,1.941,115315.94
1763406000,2025-11-17 19:00:00,1.907,1.956,1.943,1.919,208660.7
1763409600,2025-11-17 20:00:00,1.895,1.938,1.921,1.922,107449.46
1763413200,2025-11-17 21:00:00,1.898,1.94,1.925,1.915,60006.26
1763416800,2025-11-17 22:00:00,1.903,1.947,1.914,1.937,115117.4
1763420400,2025-11-17 23:00:00,1.913,1.942,1.937,1.931,56472.39
1763424000,2025-11-18 00:00:00,1.886,1.942,1.929,1.936,86166.78
1763427600,2025-11-18 01:00:00,1.923,1.945,1.934,1.931,44178.84
1763431200,2025-11-18 02:00:00,1.906,1.976,1.93,1.924,196451.46
1763434800,2025-11-18 03:00:00,1.898,1.971,1.924,1.962,221436.97
1763438400,2025-11-18 04:00:00,1.93,1.977,1.96,1.973,57572.11
1763442000,2025-11-18 05:00:00,1.955,1.993,1.973,1.963,88620.82
1763445600,2025-11-18 06:00:00,1.932,1.969,1.963,1.933,56697.57
1763449200,2025-11-18 07:00:00,1.925,1.958,1.933,1.946,52482.26
1763452800,2025-11-18 08:00:00,1.94,1.98,1.947,1.971,56188.32
1763456400,2025-11-18 09:00:00,1.953,1.978,1.97,1.964,44836.07
1763460000,2025-11-18 10:00:00,1.955,1.974,1.965,1.966,20783.21
1763463600,2025-11-18 11:00:00,1.946,1.968,1.966,1.95,30118.1
1763467200,2025-11-18 12:00:00,1.933,1.961,1.95,1.957,23329.76
1763470800,2025-11-18 13:00:00,1.927,1.957,1.957,1.943,22691.11
1763474400,2025-11-18 14:00:00,1.937,1.983,1.944,1.943,115744.67
1763478000,2025-11-18 15:00:00,1.932,2.02,1.942,2.009,104163.13
1763481600,2025-11-18 16:00:00,2,2.063,2.009,2.062,80243.72
1763485200,2025-11-18 17:00:00,2.022,2.089,2.063,2.04,118421.52
1763488800,2025-11-18 18:00:00,2.043,2.138,2.043,2.108,120987.1
1763492400,2025-11-18 19:00:00,2.105,2.155,2.109,2.12,123627.08
1763496000,2025-11-18 20:00:00,2.078,2.12,2.12,2.081,56045.65
1763499600,2025-11-18 21:00:00,2.045,2.091,2.081,2.045,69992.92
1763503200,2025-11-18 22:00:00,2.048,2.092,2.048,2.086,40528.03
1763506800,2025-11-18 23:00:00,2.06,2.085,2.085,2.069,38920.63
1763510400,2025-11-19 00:00:00,2.043,2.088,2.069,2.081,63443.95
1763514000,2025-11-19 01:00:00,2.061,2.097,2.08,2.07,90583.05
1763517600,2025-11-19 02:00:00,2.064,2.09,2.071,2.071,44463.54
1763521200,2025-11-19 03:00:00,2.026,2.077,2.069,2.034,41606.61
1763524800,2025-11-19 04:00:00,2.028,2.042,2.035,2.031,39265.85
1763528400,2025-11-19 05:00:00,1.979,2.037,2.031,1.986,131630.11
1763532000,2025-11-19 06:00:00,1.977,2.01,1.985,2.008,73654.5
1763535600,2025-11-19 07:00:00,2.004,2.046,2.008,2.044,47652.08
1763539200,2025-11-19 08:00:00,2.034,2.064,2.043,2.046,31895.26
1763542800,2025-11-19 09:00:00,2.023,2.052,2.045,2.05,35736.59
1763546400,2025-11-19 10:00:00,2.036,2.063,2.05,2.043,18325.34
1763550000,2025-11-19 11:00:00,2.037,2.052,2.043,2.039,23907.25
1763553600,2025-11-19 12:00:00,2.037,2.052,2.039,2.048,26587.68
1763557200,2025-11-19 13:00:00,2.015,2.046,2.046,2.017,31005.29
1763560800,2025-11-19 14:00:00,1.989,2.031,2.015,2.026,47773
1763564400,2025-11-19 15:00:00,1.972,2.062,2.027,1.973,268245.15
1763568000,2025-11-19 16:00:00,1.936,1.995,1.974,1.945,72941.12
1763571600,2025-11-19 17:00:00,1.902,1.958,1.945,1.941,96120.02
1763575200,2025-11-19 18:00:00,1.891,1.944,1.94,1.91,50727.19
1763578800,2025-11-19 19:00:00,1.893,1.921,1.911,1.909,52423.63
1763582400,2025-11-19 20:00:00,1.904,1.962,1.909,1.961,59053.66
1763586000,2025-11-19 21:00:00,1.953,2.047,1.961,2.028,166370.71
1763589600,2025-11-19 22:00:00,1.986,2.027,2.027,2.006,66207.35
1763593200,2025-11-19 23:00:00,2.005,2.053,2.006,2.037,59291.14
1763596800,2025-11-20 00:00:00,2.019,2.04,2.038,2.023,40187.75
1763600400,2025-11-20 01:00:00,2.022,2.051,2.022,2.047,41631.29
1763604000,2025-11-20 02:00:00,2.045,2.071,2.047,2.063,71087.51
1763607600,2025-11-20 03:00:00,2.037,2.064,2.063,2.043,41454.45
1763611200,2025-11-20 04:00:00,2.032,2.061,2.044,2.061,95080.08
1763614800,2025-11-20 05:00:00,2.052,2.118,2.06,2.063,101448.88
1763618400,2025-11-20 06:00:00,2.039,2.071,2.062,2.046,25234.47
1763622000,2025-11-20 07:00:00,2.045,2.066,2.048,2.063,14106.6
1763625600,2025-11-20 08:00:00,2.045,2.062,2.062,2.049,23411.03
1763629200,2025-11-20 09:00:00,2.04,2.061,2.049,2.052,70129.21
1763632800,2025-11-20 10:00:00,2.04,2.059,2.052,2.053,28753.8
1763636400,2025-11-20 11:00:00,2.051,2.071,2.053,2.07,15958.55
1763640000,2025-11-20 12:00:00,2.06,2.111,2.07,2.111,71574.31
1763643600,2025-11-20 13:00:00,2.051,2.113,2.11,2.051,285174.23
1763647200,2025-11-20 14:00:00,2.029,2.073,2.051,2.055,92786.67
1763650800,2025-11-20 15:00:00,1.991,2.055,2.054,1.993,72981.35
1763654400,2025-11-20 16:00:00,1.914,1.999,1.993,1.924,387800.05
1763658000,2025-11-20 17:00:00,1.89,1.933,1.924,1.907,171081.61
1763661600,2025-11-20 18:00:00,1.889,1.926,1.906,1.894,94661.56
1763665200,2025-11-20 19:00:00,1.871,1.928,1.893,1.925,59454.88
1763668800,2025-11-20 20:00:00,1.892,1.922,1.922,1.908,25777.09
1763672400,2025-11-20 21:00:00,1.908,1.948,1.908,1.93,21883.33
1763676000,2025-11-20 22:00:00,1.93,1.973,1.93,1.957,43249.22
1763679600,2025-11-20 23:00:00,1.899,1.958,1.957,1.903,57523.88
1763683200,2025-11-21 00:00:00,1.894,1.919,1.902,1.907,59133.52
1763686800,2025-11-21 01:00:00,1.9,1.929,1.908,1.908,24828.25
1763690400,2025-11-21 02:00:00,1.863,1.912,1.907,1.868,38423.55
1763694000,2025-11-21 03:00:00,1.868,1.911,1.869,1.893,42626.09
1763697600,2025-11-21 04:00:00,1.855,1.896,1.893,1.89,46795.43
1763701200,2025-11-21 05:00:00,1.867,1.896,1.888,1.872,17295.12
1763704800,2025-11-21 06:00:00,1.86,1.881,1.872,1.871,40813.58
1763708400,2025-11-21 07:00:00,1.691,1.875,1.871,1.769,170251.61
1763712000,2025-11-21 08:00:00,1.762,1.805,1.767,1.775,81353.4
1763715600,2025-11-21 09:00:00,1.731,1.792,1.776,1.731,53935.61
1763719200,2025-11-21 10:00:00,1.717,1.753,1.731,1.729,55260.43
1763722800,2025-11-21 11:00:00,1.689,1.751,1.728,1.692,115589.48
1763726400,2025-11-21 12:00:00,1.644,1.743,1.692,1.719,165017.84
1763730000,2025-11-21 13:00:00,1.704,1.735,1.719,1.717,131473.18
1763733600,2025-11-21 14:00:00,1.697,1.761,1.717,1.746,63521.69
1763737200,2025-11-21 15:00:00,1.687,1.75,1.746,1.707,177804
1763740800,2025-11-21 16:00:00,1.682,1.752,1.708,1.748,95004.68
1763744400,2025-11-21 17:00:00,1.725,1.765,1.75,1.73,62814.72
1763748000,2025-11-21 18:00:00,1.688,1.74,1.73,1.73,60711.14
1763751600,2025-11-21 19:00:00,1.689,1.736,1.73,1.697,29020.02
1763755200,2025-11-21 20:00:00,1.655,1.698,1.696,1.673,110831.09
1763758800,2025-11-21 21:00:00,1.656,1.707,1.674,1.694,270895.75
1763762400,2025-11-21 22:00:00,1.642,1.704,1.695,1.644,68707.64
1763766000,2025-11-21 23:00:00,1.63,1.699,1.644,1.693,65094.83
1763769600,2025-11-22 00:00:00,1.677,1.706,1.693,1.698,24800.63
1763773200,2025-11-22 01:00:00,1.696,1.722,1.699,1.718,13659.54
1763776800,2025-11-22 02:00:00,1.69,1.723,1.719,1.699,78514.84
1763780400,2025-11-22 03:00:00,1.69,1.712,1.7,1.695,56369.96
1763784000,2025-11-22 04:00:00,1.646,1.696,1.695,1.68,31755.45
1763787600,2025-11-22 05:00:00,1.64,1.68,1.679,1.654,35892.02
1763791200,2025-11-22 06:00:00,1.64,1.682,1.655,1.671,22904.57
1763794800,2025-11-22 07:00:00,1.662,1.679,1.669,1.677,14117.15
1763798400,2025-11-22 08:00:00,1.647,1.68,1.675,1.651,38584.58
1763802000,2025-11-22 09:00:00,1.652,1.693,1.652,1.683,33130.76
1763805600,2025-11-22 10:00:00,1.66,1.689,1.684,1.671,19756.12
1763809200,2025-11-22 11:00:00,1.663,1.694,1.672,1.682,12663.42
1763812800,2025-11-22 12:00:00,1.659,1.682,1.682,1.664,12111.16
1763816400,2025-11-22 13:00:00,1.642,1.671,1.662,1.664,20427.4
1763820000,2025-11-22 14:00:00,1.663,1.691,1.664,1.673,16912.17
1763823600,2025-11-22 15:00:00,1.646,1.675,1.674,1.659,23595.69
1763827200,2025-11-22 16:00:00,1.66,1.683,1.66,1.676,42821.58
1763830800,2025-11-22 17:00:00,1.664,1.679,1.676,1.664,12743.29
1763834400,2025-11-22 18:00:00,1.663,1.683,1.663,1.682,34886.69
1763838000,2025-11-22 19:00:00,1.673,1.687,1.682,1.68,23744.11
1763841600,2025-11-22 20:00:00,1.675,1.708,1.68,1.68,57670.65
1763845200,2025-11-22 21:00:00,1.68,1.7,1.68,1.696,23871.05
1763848800,2025-11-22 22:00:00,1.69,1.746,1.697,1.74,35188.5
1763852400,2025-11-22 23:00:00,1.716,1.744,1.738,1.736,57842.87
1763856000,2025-11-23 00:00:00,1.712,1.746,1.737,1.721,42295.66
1763859600,2025-11-23 01:00:00,1.719,1.764,1.721,1.753,63625.28
1763863200,2025-11-23 02:00:00,1.743,1.769,1.752,1.756,21689.75
1763866800,2025-11-23 03:00:00,1.731,1.758,1.754,1.752,59706.63
1763870400,2025-11-23 04:00:00,1.747,1.773,1.751,1.763,26410.12
1763874000,2025-11-23 05:00:00,1.755,1.771,1.762,1.766,22787.26
1763877600,2025-11-23 06:00:00,1.744,1.771,1.765,1.747,27458.7
1763881200,2025-11-23 07:00:00,1.729,1.747,1.746,1.736,12941.43
1763884800,2025-11-23 08:00:00,1.731,1.747,1.737,1.743,17499.24
1763888400,2025-11-23 09:00:00,1.74,1.756,1.743,1.744,10607.77
1763892000,2025-11-23 10:00:00,1.731,1.742,1.742,1.734,20013.2
1763895600,2025-11-23 11:00:00,1.708,1.733,1.733,1.723,11635.9
1763899200,2025-11-23 12:00:00,1.722,1.743,1.722,1.731,53255.44
1763902800,2025-11-23 13:00:00,1.724,1.741,1.731,1.74,33618.24
1763906400,2025-11-23 14:00:00,1.718,1.75,1.739,1.718,25549.76
1763910000,2025-11-23 15:00:00,1.716,1.751,1.717,1.745,19407.58
1763913600,2025-11-23 16:00:00,1.719,1.757,1.744,1.719,22801.5
1763917200,2025-11-23 17:00:00,1.711,1.725,1.72,1.72,42519.83
1763920800,2025-11-23 18:00:00,1.719,1.74,1.719,1.73,23806.55
1763924400,2025-11-23 19:00:00,1.73,1.753,1.73,1.739,23222.85
1763928000,2025-11-23 20:00:00,1.738,1.752,1.738,1.744,24592.16
1763931600,2025-11-23 21:00:00,1.735,1.754,1.743,1.752,31952.2
1763935200,2025-11-23 22:00:00,1.733,1.753,1.752,1.744,45965.36
1763938800,2025-11-23 23:00:00,1.709,1.746,1.745,1.709,30378.37
1763942400,2025-11-24 00:00:00,1.689,1.722,1.709,1.703,38315.88
1763946000,2025-11-24 01:00:00,1.692,1.712,1.702,1.707,25926.95
1763949600,2025-11-24 02:00:00,1.704,1.747,1.706,1.726,65903.11
1763953200,2025-11-24 03:00:00,1.72,1.748,1.727,1.73,23581.35
1763956800,2025-11-24 04:00:00,1.696,1.74,1.731,1.716,24075.31
1763960400,2025-11-24 05:00:00,1.715,1.756,1.715,1.742,16595.39
1763964000,2025-11-24 06:00:00,1.716,1.743,1.743,1.725,58354.13
1763967600,2025-11-24 07:00:00,1.716,1.732,1.723,1.719,8655.82
1763971200,2025-11-24 08:00:00,1.707,1.725,1.719,1.714,15948.11
1763974800,2025-11-24 09:00:00,1.68,1.714,1.713,1.693,51704.95
1763978400,2025-11-24 10:00:00,1.689,1.702,1.693,1.702,31827.83
1763982000,2025-11-24 11:00:00,1.698,1.721,1.701,1.717,21908.51
1763985600,2025-11-24 12:00:00,1.698,1.72,1.716,1.703,7525.39
1763989200,2025-11-24 13:00:00,1.7,1.727,1.702,1.71,21511.89
1763992800,2025-11-24 14:00:00,1.702,1.745,1.709,1.741,29083.93
1763996400,2025-11-24 15:00:00,1.721,1.759,1.742,1.752,79730.99
1764000000,2025-11-24 16:00:00,1.751,1.78,1.753,1.78,72318.04
1764003600,2025-11-24 17:00:00,1.773,1.832,1.78,1.832,43277.84
1764007200,2025-11-24 18:00:00,1.813,1.835,1.832,1.825,50802.78
1764010800,2025-11-24 19:00:00,1.815,1.835,1.824,1.819,79206.46
1764014400,2025-11-24 20:00:00,1.817,1.85,1.82,1.845,53217.75
1764018000,2025-11-24 21:00:00,1.834,1.852,1.842,1.842,66523.85
1764021600,2025-11-24 22:00:00,1.836,1.86,1.844,1.845,57033.09
1764025200,2025-11-24 23:00:00,1.834,1.849,1.843,1.845,46638.67
1764028800,2025-11-25 00:00:00,1.835,1.856,1.845,1.848,54487.53
1764032400,2025-11-25 01:00:00,1.828,1.849,1.847,1.829,23477.49
1764036000,2025-11-25 02:00:00,1.799,1.832,1.827,1.819,64254.12
1764039600,2025-11-25 03:00:00,1.803,1.824,1.82,1.809,15985.01
1764043200,2025-11-25 04:00:00,1.803,1.816,1.808,1.814,26454.78
1764046800,2025-11-25 05:00:00,1.803,1.816,1.812,1.809,11554.88
1764050400,2025-11-25 06:00:00,1.785,1.81,1.809,1.791,13985.22
1764054000,2025-11-25 07:00:00,1.768,1.796,1.791,1.771,70533.03
1764057600,2025-11-25 08:00:00,1.768,1.786,1.771,1.769,15036.74
1764061200,2025-11-25 09:00:00,1.762,1.792,1.77,1.791,41434.85
1764064800,2025-11-25 10:00:00,1.772,1.79,1.79,1.788,14054.44
1764068400,2025-11-25 11:00:00,1.776,1.788,1.787,1.778,20540.21
1764072000,2025-11-25 12:00:00,1.773,1.794,1.778,1.784,15997.11
1764075600,2025-11-25 13:00:00,1.766,1.794,1.783,1.769,26946.46
1764079200,2025-11-25 14:00:00,1.737,1.795,1.77,1.756,82729.1
1764082800,2025-11-25 15:00:00,1.738,1.778,1.755,1.764,31294.67
1764086400,2025-11-25 16:00:00,1.761,1.794,1.764,1.775,35600.56
1764090000,2025-11-25 17:00:00,1.766,1.805,1.776,1.789,48898.46
1764093600,2025-11-25 18:00:00,1.784,1.811,1.791,1.786,29342.19
1764097200,2025-11-25 19:00:00,1.755,1.791,1.789,1.791,50668.62
1764100800,2025-11-25 20:00:00,1.787,1.808,1.791,1.8,21725.34
1764104400,2025-11-25 21:00:00,1.788,1.805,1.8,1.788,42694.42
1764108000,2025-11-25 22:00:00,1.768,1.816,1.788,1.814,30795.63
1764111600,2025-11-25 23:00:00,1.806,1.832,1.814,1.818,42499.04
1764115200,2025-11-26 00:00:00,1.804,1.821,1.817,1.804,21941.89
1764118800,2025-11-26 01:00:00,1.799,1.828,1.803,1.814,28043.75
1764122400,2025-11-26 02:00:00,1.806,1.819,1.814,1.807,25534.21
1764126000,2025-11-26 03:00:00,1.785,1.81,1.806,1.787,27909.96
1764129600,2025-11-26 04:00:00,1.781,1.792,1.788,1.785,15572.77
1764133200,2025-11-26 05:00:00,1.783,1.802,1.785,1.796,10596.14
1764136800,2025-11-26 06:00:00,1.794,1.81,1.798,1.806,18052.56
1764140400,2025-11-26 07:00:00,1.804,1.812,1.806,1.811,14185.09
1764144000,2025-11-26 08:00:00,1.795,1.811,1.811,1.796,9041.58
1764147600,2025-11-26 09:00:00,1.781,1.804,1.798,1.784,17252.65
1764151200,2025-11-26 10:00:00,1.775,1.794,1.784,1.784,38375.97
1764154800,2025-11-26 11:00:00,1.774,1.789,1.782,1.777,10465.6
1764158400,2025-11-26 12:00:00,1.756,1.78,1.777,1.766,12844.06
1764162000,2025-11-26 13:00:00,1.761,1.785,1.765,1.783,19190.17
1764165600,2025-11-26 14:00:00,1.755,1.787,1.782,1.758,25028.22
1764169200,2025-11-26 15:00:00,1.744,1.773,1.757,1.754,44506.08
1764172800,2025-11-26 16:00:00,1.755,1.783,1.755,1.774,30496.5
1764176400,2025-11-26 17:00:00,1.766,1.835,1.774,1.833,67691.77
1764180000,2025-11-26 18:00:00,1.821,1.845,1.833,1.843,23846.38
1764183600,2025-11-26 19:00:00,1.83,1.844,1.843,1.835,16871.11
1764187200,2025-11-26 20:00:00,1.817,1.835,1.835,1.822,9128.78
1764190800,2025-11-26 21:00:00,1.812,1.843,1.822,1.838,16843.99
1764194400,2025-11-26 22:00:00,1.827,1.844,1.834,1.832,19296.23
1764198000,2025-11-26 23:00:00,1.817,1.834,1.833,1.825,45863.34
1764201600,2025-11-27 00:00:00,1.808,1.825,1.825,1.815,42419.14
1764205200,2025-11-27 01:00:00,1.811,1.828,1.815,1.825,10149.54
1764208800,2025-11-27 02:00:00,1.822,1.85,1.824,1.849,17240.43
1764212400,2025-11-27 03:00:00,1.813,1.857,1.851,1.817,12519.1
1764216000,2025-11-27 04:00:00,1.816,1.83,1.819,1.816,6267.42
1764219600,2025-11-27 05:00:00,1.79,1.817,1.817,1.797,35914.23
1764223200,2025-11-27 06:00:00,1.793,1.806,1.797,1.802,13768.23
1764226800,2025-11-27 07:00:00,1.792,1.803,1.8,1.798,5109.07
1764230400,2025-11-27 08:00:00,1.79,1.805,1.798,1.802,11728.68
1764234000,2025-11-27 09:00:00,1.79,1.81,1.802,1.791,15949.16
1764237600,2025-11-27 10:00:00,1.774,1.792,1.79,1.774,31103.27
1764241200,2025-11-27 11:00:00,1.771,1.78,1.774,1.776,12534.28
1764244800,2025-11-27 12:00:00,1.776,1.785,1.776,1.779,15409.86
1764248400,2025-11-27 13:00:00,1.779,1.797,1.779,1.792,30498.32
1764252000,2025-11-27 14:00:00,1.784,1.797,1.791,1.788,22413.6
1764255600,2025-11-27 15:00:00,1.783,1.808,1.789,1.802,24286.5
1764259200,2025-11-27 16:00:00,1.798,1.817,1.803,1.813,17075.08
1764262800,2025-11-27 17:00:00,1.806,1.819,1.813,1.814,11284.09
1764266400,2025-11-27 18:00:00,1.808,1.843,1.815,1.835,60219.78
1764270000,2025-11-27 19:00:00,1.828,1.837,1.835,1.828,19699.44
1764273600,2025-11-27 20:00:00,1.826,1.84,1.828,1.837,5959.65
1764277200,2025-11-27 21:00:00,1.821,1.846,1.837,1.824,7211.61
1764280800,2025-11-27 22:00:00,1.793,1.823,1.823,1.798,17883.68
1764284400,2025-11-27 23:00:00,1.786,1.802,1.798,1.796,22827.24
1764288000,2025-11-28 00:00:00,1.793,1.81,1.796,1.807,7122.52
1764291600,2025-11-28 01:00:00,1.757,1.806,1.806,1.76,25994.88
1764295200,2025-11-28 02:00:00,1.747,1.776,1.759,1.772,7513.55
1764298800,2025-11-28 03:00:00,1.766,1.783,1.773,1.78,13635.39
1764302400,2025-11-28 04:00:00,1.774,1.783,1.779,1.776,15176.43
1764306000,2025-11-28 05:00:00,1.773,1.786,1.774,1.782,11308.64
1764309600,2025-11-28 06:00:00,1.771,1.783,1.781,1.778,9348.16
1764313200,2025-11-28 07:00:00,1.776,1.786,1.777,1.777,4132.4
1764316800,2025-11-28 08:00:00,1.777,1.837,1.777,1.834,12482.28
1764320400,2025-11-28 09:00:00,1.814,1.837,1.835,1.818,14002.27
1764324000,2025-11-28 10:00:00,1.812,1.826,1.819,1.823,4939.5
1764327600,2025-11-28 11:00:00,1.791,1.823,1.823,1.807,3491.43
1764331200,2025-11-28 12:00:00,1.804,1.814,1.808,1.808,6452.09
1764334800,2025-11-28 13:00:00,1.802,1.85,1.81,1.846,21177.07
1764338400,2025-11-28 14:00:00,1.837,1.864,1.846,1.852,31316.01
1764342000,2025-11-28 15:00:00,1.846,1.888,1.853,1.863,40911.61
1764345600,2025-11-28 16:00:00,1.81,1.863,1.863,1.81,46289.78
1764349200,2025-11-28 17:00:00,1.789,1.814,1.81,1.797,59595.23
1764352800,2025-11-28 18:00:00,1.786,1.808,1.802,1.801,14401.75
1764356400,2025-11-28 19:00:00,1.8,1.821,1.802,1.811,23412.14
1764360000,2025-11-28 20:00:00,1.798,1.814,1.81,1.811,8552.58
1764363600,2025-11-28 21:00:00,1.787,1.812,1.811,1.787,16257.78
1764367200,2025-11-28 22:00:00,1.78,1.801,1.788,1.801,13500.25
1764370800,2025-11-28 23:00:00,1.792,1.804,1.801,1.793,19416
1764374400,2025-11-29 00:00:00,1.78,1.796,1.795,1.791,23635.03
1764378000,2025-11-29 01:00:00,1.787,1.804,1.792,1.795,9874.44
1764381600,2025-11-29 02:00:00,1.784,1.796,1.795,1.793,8186.08
1764385200,2025-11-29 03:00:00,1.785,1.8,1.793,1.785,5223.24
1764388800,2025-11-29 04:00:00,1.784,1.798,1.785,1.797,9753.57
1764392400,2025-11-29 05:00:00,1.79,1.802,1.796,1.79,23133.63
1764396000,2025-11-29 06:00:00,1.77,1.796,1.79,1.778,20914.02
1764399600,2025-11-29 07:00:00,1.775,1.788,1.776,1.778,6021.3
1764403200,2025-11-29 08:00:00,1.773,1.785,1.778,1.773,3783.46
1764406800,2025-11-29 09:00:00,1.763,1.778,1.774,1.77,20766.73
1764410400,2025-11-29 10:00:00,1.764,1.78,1.771,1.779,11648.18
1764414000,2025-11-29 11:00:00,1.776,1.794,1.779,1.792,11199.33
1764417600,2025-11-29 12:00:00,1.779,1.792,1.791,1.779,3586.09
1764421200,2025-11-29 13:00:00,1.776,1.783,1.778,1.776,5527.54
1764424800,2025-11-29 14:00:00,1.764,1.775,1.775,1.768,36610.4
1764428400,2025-11-29 15:00:00,1.768,1.788,1.768,1.782,20906.21
1764432000,2025-11-29 16:00:00,1.772,1.785,1.782,1.777,9576.9
1764435600,2025-11-29 17:00:00,1.754,1.778,1.777,1.756,4772.55
1764439200,2025-11-29 18:00:00,1.748,1.762,1.757,1.759,16008.28
1764442800,2025-11-29 19:00:00,1.757,1.767,1.759,1.757,6287.07
1764446400,2025-11-29 20:00:00,1.751,1.769,1.757,1.768,6411.5
1764450000,2025-11-29 21:00:00,1.762,1.778,1.768,1.772,17007.6
1764453600,2025-11-29 22:00:00,1.762,1.771,1.771,1.762,25765.09
1764457200,2025-11-29 23:00:00,1.757,1.769,1.761,1.763,18823.59
1764460800,2025-11-30 00:00:00,1.764,1.772,1.764,1.766,4786.12
1764464400,2025-11-30 01:00:00,1.764,1.778,1.766,1.775,20660.8
1764468000,2025-11-30 02:00:00,1.758,1.782,1.775,1.758,7041.18
1764471600,2025-11-30 03:00:00,1.741,1.768,1.758,1.766,16612.48
1764475200,2025-11-30 04:00:00,1.754,1.771,1.767,1.759,4688.32
1764478800,2025-11-30 05:00:00,1.745,1.758,1.758,1.748,7621.52
1764482400,2025-11-30 06:00:00,1.747,1.763,1.749,1.76,1437.08
1764486000,2025-11-30 07:00:00,1.762,1.769,1.762,1.764,6647.69
1764489600,2025-11-30 08:00:00,1.758,1.778,1.764,1.761,6866.69
1764493200,2025-11-30 09:00:00,1.76,1.773,1.761,1.766,17245.26
1764496800,2025-11-30 10:00:00,1.762,1.772,1.767,1.762,6486.76
1764500400,2025-11-30 11:00:00,1.749,1.77,1.762,1.75,11147.17
1764504000,2025-11-30 12:00:00,1.744,1.776,1.75,1.769,8088.42
1764507600,2025-11-30 13:00:00,1.769,1.793,1.769,1.79,37654.88
1764511200,2025-11-30 14:00:00,1.765,1.79,1.789,1.771,6773.21
1764514800,2025-11-30 15:00:00,1.756,1.771,1.771,1.769,10104.28
1764518400,2025-11-30 16:00:00,1.769,1.785,1.769,1.779,7762.5
1764522000,2025-11-30 17:00:00,1.764,1.779,1.779,1.774,22430.63
1764525600,2025-11-30 18:00:00,1.77,1.779,1.774,1.774,22326.86
1764529200,2025-11-30 19:00:00,1.762,1.774,1.773,1.769,23724.8
1764532800,2025-11-30 20:00:00,1.759,1.78,1.769,1.764,19778.99
1764536400,2025-11-30 21:00:00,1.754,1.778,1.764,1.761,33763.37
1764540000,2025-11-30 22:00:00,1.752,1.77,1.763,1.761,14361.42
1764543600,2025-11-30 23:00:00,1.71,1.758,1.758,1.714,22800.9
1764547200,2025-12-01 00:00:00,1.592,1.716,1.715,1.597,130483.87
1764550800,2025-12-01 01:00:00,1.589,1.622,1.595,1.604,51868.96
1764554400,2025-12-01 02:00:00,1.603,1.623,1.604,1.607,65064.06
1764558000,2025-12-01 03:00:00,1.582,1.61,1.606,1.585,69874.8
1764561600,2025-12-01 04:00:00,1.575,1.59,1.584,1.581,29150.16
1764565200,2025-12-01 05:00:00,1.58,1.598,1.58,1.59,28254.11
1764568800,2025-12-01 06:00:00,1.586,1.598,1.589,1.593,21095.04
1764572400,2025-12-01 07:00:00,1.587,1.6,1.596,1.598,20740.42
1764576000,2025-12-01 08:00:00,1.598,1.608,1.598,1.602,12149.99
1764579600,2025-12-01 09:00:00,1.594,1.61,1.602,1.597,34019.07
1764583200,2025-12-01 10:00:00,1.595,1.607,1.597,1.596,7808.97
1764586800,2025-12-01 11:00:00,1.572,1.595,1.595,1.575,30191.96
1764590400,2025-12-01 12:00:00,1.542,1.579,1.576,1.573,71130.36
1764594000,2025-12-01 13:00:00,1.566,1.586,1.573,1.57,52335.8
1764597600,2025-12-01 14:00:00,1.566,1.589,1.569,1.575,41084.55
1764601200,2025-12-01 15:00:00,1.528,1.574,1.574,1.554,149124.89
1764604800,2025-12-01 16:00:00,1.522,1.554,1.554,1.526,54818.08
1764608400,2025-12-01 17:00:00,1.518,1.539,1.527,1.519,49895.22
1764612000,2025-12-01 18:00:00,1.516,1.535,1.519,1.533,60774.11
1764615600,2025-12-01 19:00:00,1.516,1.534,1.533,1.523,28274.84
1764619200,2025-12-01 20:00:00,1.525,1.548,1.525,1.539,34668.61
1764622800,2025-12-01 21:00:00,1.534,1.566,1.54,1.554,41205.06
1764626400,2025-12-01 22:00:00,1.553,1.573,1.553,1.564,33989.67
1764630000,2025-12-01 23:00:00,1.563,1.583,1.564,1.564,43588.31
1764633600,2025-12-02 00:00:00,1.566,1.58,1.566,1.577,26034.1
1764637200,2025-12-02 01:00:00,1.568,1.602,1.577,1.569,15636.41
1764640800,2025-12-02 02:00:00,1.565,1.584,1.569,1.568,20982.26
1764644400,2025-12-02 03:00:00,1.555,1.579,1.567,1.576,10657.88
1764648000,2025-12-02 04:00:00,1.577,1.585,1.577,1.578,10482.96
1764651600,2025-12-02 05:00:00,1.574,1.589,1.577,1.584,4369.19
1764655200,2025-12-02 06:00:00,1.58,1.597,1.584,1.595,7687.36
1764658800,2025-12-02 07:00:00,1.582,1.595,1.595,1.587,5922.55
1764662400,2025-12-02 08:00:00,1.561,1.587,1.587,1.562,40740.66
1764666000,2025-12-02 09:00:00,1.561,1.576,1.563,1.564,14146.51
1764669600,2025-12-02 10:00:00,1.563,1.588,1.566,1.578,4841.11
1764673200,2025-12-02 11:00:00,1.574,1.593,1.579,1.592,44480.53
1764676800,2025-12-02 12:00:00,1.587,1.604,1.593,1.598,10266.12
1764680400,2025-12-02 13:00:00,1.594,1.621,1.598,1.614,45041.55
1764684000,2025-12-02 14:00:00,1.613,1.675,1.615,1.671,74559.17
1764687600,2025-12-02 15:00:00,1.672,1.768,1.674,1.761,79991.03
1764691200,2025-12-02 16:00:00,1.719,1.77,1.76,1.733,56577.11
1764694800,2025-12-02 17:00:00,1.727,1.749,1.734,1.729,22343.54
1764698400,2025-12-02 18:00:00,1.722,1.739,1.728,1.727,27083.87
1764702000,2025-12-02 19:00:00,1.718,1.733,1.727,1.727,22448.63
1764705600,2025-12-02 20:00:00,1.695,1.726,1.726,1.703,93190.27
1764709200,2025-12-02 21:00:00,1.698,1.707,1.704,1.704,15449.78
1764712800,2025-12-02 22:00:00,1.703,1.728,1.704,1.721,23922.46
1764716400,2025-12-02 23:00:00,1.709,1.725,1.722,1.713,25176.73
1764720000,2025-12-03 00:00:00,1.701,1.715,1.714,1.708,20805.96
1764723600,2025-12-03 01:00:00,1.708,1.729,1.709,1.721,13002.34
1764727200,2025-12-03 02:00:00,1.719,1.746,1.721,1.729,23774.86
1764730800,2025-12-03 03:00:00,1.728,1.759,1.728,1.74,117131.11
1764734400,2025-12-03 04:00:00,1.735,1.767,1.741,1.767,31773.99
1764738000,2025-12-03 05:00:00,1.764,1.776,1.766,1.766,12149.48
1764741600,2025-12-03 06:00:00,1.746,1.779,1.767,1.747,38197.66
1764745200,2025-12-03 07:00:00,1.739,1.75,1.747,1.748,38850.46
1764748800,2025-12-03 08:00:00,1.745,1.758,1.75,1.755,19970.43
1764752400,2025-12-03 09:00:00,1.737,1.755,1.755,1.749,20815.15
1764756000,2025-12-03 10:00:00,1.733,1.752,1.748,1.737,12336.17
1764759600,2025-12-03 11:00:00,1.731,1.746,1.736,1.743,22845.03
1764763200,2025-12-03 12:00:00,1.733,1.747,1.744,1.741,7514.89
1764766800,2025-12-03 13:00:00,1.741,1.751,1.742,1.744,8624.4
1764770400,2025-12-03 14:00:00,1.7,1.766,1.744,1.729,51772.01
1764774000,2025-12-03 15:00:00,1.727,1.751,1.73,1.75,14661.93
1764777600,2025-12-03 16:00:00,1.729,1.753,1.751,1.741,34137.77
1764781200,2025-12-03 17:00:00,1.74,1.761,1.741,1.759,39112.98
1764784800,2025-12-03 18:00:00,1.738,1.769,1.76,1.743,8658.53
1764788400,2025-12-03 19:00:00,1.738,1.746,1.742,1.741,17075.68
1764792000,2025-12-03 20:00:00,1.722,1.742,1.742,1.726,23469.16
1764795600,2025-12-03 21:00:00,1.724,1.754,1.725,1.751,19064
1764799200,2025-12-03 22:00:00,1.733,1.762,1.754,1.757,63383.78
1764802800,2025-12-03 23:00:00,1.751,1.772,1.759,1.757,21880.06
1764806400,2025-12-04 00:00:00,1.749,1.769,1.757,1.763,51061.99
1764810000,2025-12-04 01:00:00,1.757,1.784,1.763,1.757,46807.83
1764813600,2025-12-04 02:00:00,1.757,1.779,1.758,1.772,13483.62
1764817200,2025-12-04 03:00:00,1.761,1.775,1.77,1.763,70886.41
1764820800,2025-12-04 04:00:00,1.748,1.765,1.761,1.758,20038.77
1764824400,2025-12-04 05:00:00,1.749,1.763,1.759,1.756,4473.47
1764828000,2025-12-04 06:00:00,1.755,1.767,1.758,1.763,7217.25
1764831600,2025-12-04 07:00:00,1.749,1.761,1.758,1.757,8850.86
1764835200,2025-12-04 08:00:00,1.748,1.777,1.752,1.776,75664.29
1764838800,2025-12-04 09:00:00,1.774,1.791,1.775,1.779,29517.43
1764842400,2025-12-04 10:00:00,1.776,1.791,1.78,1.776,15223.62
1764846000,2025-12-04 11:00:00,1.769,1.78,1.773,1.771,9576.64
1764849600,2025-12-04 12:00:00,1.76,1.784,1.77,1.765,12571.16
1764853200,2025-12-04 13:00:00,1.743,1.769,1.766,1.748,14743.05
1764856800,2025-12-04 14:00:00,1.728,1.76,1.751,1.733,44779.07
1764860400,2025-12-04 15:00:00,1.734,1.778,1.734,1.767,28172.04
1764864000,2025-12-04 16:00:00,1.749,1.779,1.765,1.753,12508.16
1764867600,2025-12-04 17:00:00,1.726,1.753,1.752,1.743,44810.91
1764871200,2025-12-04 18:00:00,1.715,1.745,1.742,1.719,15852.25
1764874800,2025-12-04 19:00:00,1.678,1.73,1.719,1.725,20090.17
1764878400,2025-12-04 20:00:00,1.711,1.734,1.725,1.728,36504.57
1764882000,2025-12-04 21:00:00,1.707,1.732,1.729,1.707,8625.46
1764885600,2025-12-04 22:00:00,1.708,1.725,1.708,1.718,8567.78
1764889200,2025-12-04 23:00:00,1.71,1.722,1.719,1.711,9181.9
1764892800,2025-12-05 00:00:00,1.711,1.727,1.713,1.713,20134.58
1764896400,2025-12-05 01:00:00,1.71,1.723,1.712,1.715,9491.55
1764900000,2025-12-05 02:00:00,1.704,1.724,1.714,1.705,36272.97
1764903600,2025-12-05 03:00:00,1.688,1.707,1.705,1.692,13162.21
1764907200,2025-12-05 04:00:00,1.667,1.695,1.693,1.679,31068.14
1764910800,2025-12-05 05:00:00,1.678,1.687,1.679,1.683,9655.19
1764914400,2025-12-05 06:00:00,1.681,1.694,1.682,1.687,19553.09
1764918000,2025-12-05 07:00:00,1.683,1.699,1.686,1.69,15962.77
1764921600,2025-12-05 08:00:00,1.672,1.69,1.69,1.674,25853.89
1764925200,2025-12-05 09:00:00,1.645,1.673,1.673,1.648,20829.88
1764928800,2025-12-05 10:00:00,1.646,1.665,1.65,1.655,12368.85
1764932400,2025-12-05 11:00:00,1.642,1.659,1.655,1.65,13712.37
1764936000,2025-12-05 12:00:00,1.643,1.651,1.649,1.646,3856.95
1764939600,2025-12-05 13:00:00,1.637,1.653,1.646,1.643,17717.54
1764943200,2025-12-05 14:00:00,1.636,1.649,1.642,1.639,43117.37
1764946800,2025-12-05 15:00:00,1.64,1.688,1.64,1.655,62017.4
1764950400,2025-12-05 16:00:00,1.594,1.655,1.655,1.608,54682.9
1764954000,2025-12-05 17:00:00,1.595,1.618,1.609,1.608,49846.87
1764957600,2025-12-05 18:00:00,1.587,1.624,1.606,1.587,25238.33
1764961200,2025-12-05 19:00:00,1.578,1.609,1.587,1.6,15829.6
1764964800,2025-12-05 20:00:00,1.587,1.603,1.599,1.592,9996.05
1764968400,2025-12-05 21:00:00,1.591,1.601,1.592,1.596,21291.71
1764972000,2025-12-05 22:00:00,1.589,1.611,1.597,1.601,12136.11
1764975600,2025-12-05 23:00:00,1.593,1.609,1.598,1.605,10999.94
1764979200,2025-12-06 00:00:00,1.598,1.611,1.605,1.604,20238.23
1764982800,2025-12-06 01:00:00,1.596,1.609,1.604,1.597,16287.34
1764986400,2025-12-06 02:00:00,1.592,1.612,1.596,1.609,8871.36
1764990000,2025-12-06 03:00:00,1.612,1.623,1.612,1.613,3158.29
1764993600,2025-12-06 04:00:00,1.597,1.613,1.612,1.604,6241.22
1764997200,2025-12-06 05:00:00,1.6,1.606,1.604,1.6,5978.46
1765000800,2025-12-06 06:00:00,1.598,1.608,1.598,1.603,18914.83
1765004400,2025-12-06 07:00:00,1.594,1.605,1.603,1.603,4661.71
1765008000,2025-12-06 08:00:00,1.592,1.605,1.604,1.593,6071.22
1765011600,2025-12-06 09:00:00,1.593,1.608,1.593,1.602,7326.77
1765015200,2025-12-06 10:00:00,1.587,1.605,1.601,1.593,82678.76
1765018800,2025-12-06 11:00:00,1.591,1.603,1.593,1.6,15309.44
1765022400,2025-12-06 12:00:00,1.596,1.606,1.599,1.596,17889.53
1765026000,2025-12-06 13:00:00,1.594,1.606,1.595,1.599,17756.75
1765029600,2025-12-06 14:00:00,1.597,1.621,1.597,1.612,49730.69
1765033200,2025-12-06 15:00:00,1.595,1.612,1.612,1.602,28400.03
1765036800,2025-12-06 16:00:00,1.601,1.617,1.601,1.609,14441.84
1765040400,2025-12-06 17:00:00,1.606,1.614,1.609,1.611,3123.53
1765044000,2025-12-06 18:00:00,1.61,1.631,1.613,1.616,24691.74
1765047600,2025-12-06 19:00:00,1.595,1.617,1.616,1.6,28646.53
1765051200,2025-12-06 20:00:00,1.599,1.604,1.603,1.602,3583.45
1765054800,2025-12-06 21:00:00,1.6,1.615,1.601,1.603,6489.54
1765058400,2025-12-06 22:00:00,1.597,1.608,1.603,1.599,5623.78
1765062000,2025-12-06 23:00:00,1.589,1.604,1.6,1.601,5281.18
1765065600,2025-12-07 00:00:00,1.597,1.613,1.601,1.61,10758.53
1765069200,2025-12-07 01:00:00,1.598,1.61,1.61,1.598,8671.33
1765072800,2025-12-07 02:00:00,1.596,1.606,1.598,1.603,8125.41
1765076400,2025-12-07 03:00:00,1.598,1.605,1.604,1.601,6888.59
1765080000,2025-12-07 04:00:00,1.592,1.605,1.602,1.593,5651.36
1765083600,2025-12-07 05:00:00,1.59,1.605,1.593,1.599,11146.65
1765087200,2025-12-07 06:00:00,1.6,1.607,1.6,1.607,3558.3
1765090800,2025-12-07 07:00:00,1.591,1.607,1.607,1.594,10870.14
1765094400,2025-12-07 08:00:00,1.586,1.596,1.593,1.586,11634.44
1765098000,2025-12-07 09:00:00,1.575,1.589,1.587,1.577,9480.71
1765101600,2025-12-07 10:00:00,1.57,1.581,1.577,1.574,2433.24
1765105200,2025-12-07 11:00:00,1.575,1.584,1.575,1.577,2699.63
1765108800,2025-12-07 12:00:00,1.577,1.595,1.577,1.591,8059.07
1765112400,2025-12-07 13:00:00,1.573,1.593,1.591,1.577,12650.03
1765116000,2025-12-07 14:00:00,1.532,1.576,1.576,1.54,31819.95
1765119600,2025-12-07 15:00:00,1.536,1.594,1.537,1.591,24699.75
1765123200,2025-12-07 16:00:00,1.567,1.588,1.588,1.579,15183.54
1765126800,2025-12-07 17:00:00,1.573,1.632,1.581,1.628,34692.62
1765130400,2025-12-07 18:00:00,1.628,1.659,1.63,1.643,30608.02
1765134000,2025-12-07 19:00:00,1.626,1.642,1.642,1.64,20692.25
1765137600,2025-12-07 20:00:00,1.633,1.645,1.639,1.641,19572.57
1765141200,2025-12-07 21:00:00,1.585,1.641,1.64,1.592,22561.31
1765144800,2025-12-07 22:00:00,1.554,1.594,1.592,1.573,15127.13
1765148400,2025-12-07 23:00:00,1.561,1.582,1.573,1.582,29192.07
1765152000,2025-12-08 00:00:00,1.569,1.583,1.573,1.569,14248.4
1765155600,2025-12-08 01:00:00,1.569,1.618,1.569,1.593,27038.42
1765159200,2025-12-08 02:00:00,1.591,1.61,1.592,1.604,11352.16
1765162800,2025-12-08 03:00:00,1.599,1.618,1.605,1.603,19250.93
1765166400,2025-12-08 04:00:00,1.604,1.624,1.607,1.616,10215.67
1765170000,2025-12-08 05:00:00,1.613,1.628,1.614,1.625,2544.96
1765173600,2025-12-08 06:00:00,1.617,1.642,1.622,1.636,16542.42
1765177200,2025-12-08 07:00:00,1.634,1.644,1.636,1.634,17437.13
1765180800,2025-12-08 08:00:00,1.625,1.641,1.634,1.641,40213.33
1765184400,2025-12-08 09:00:00,1.642,1.666,1.642,1.652,22853.93
1765188000,2025-12-08 10:00:00,1.651,1.669,1.652,1.66,18272.17
1765191600,2025-12-08 11:00:00,1.635,1.659,1.659,1.64,27960.62
1765195200,2025-12-08 12:00:00,1.627,1.64,1.64,1.634,9376.82
1765198800,2025-12-08 13:00:00,1.625,1.642,1.633,1.63,17512.58
1765202400,2025-12-08 14:00:00,1.618,1.646,1.63,1.624,22881.75
1765206000,2025-12-08 15:00:00,1.599,1.628,1.625,1.611,19921.44
1765209600,2025-12-08 16:00:00,1.603,1.633,1.61,1.62,28366.28
1765213200,2025-12-08 17:00:00,1.611,1.631,1.62,1.626,32891.57
1765216800,2025-12-08 18:00:00,1.603,1.634,1.628,1.609,26075.93
1765220400,2025-12-08 19:00:00,1.607,1.62,1.611,1.611,20393.75
1765224000,2025-12-08 20:00:00,1.611,1.64,1.611,1.632,88894.24
1765227600,2025-12-08 21:00:00,1.626,1.646,1.632,1.644,16147.63
1765231200,2025-12-08 22:00:00,1.622,1.645,1.641,1.631,18383.95
1765234800,2025-12-08 23:00:00,1.619,1.638,1.633,1.638,19819.07
1765238400,2025-12-09 00:00:00,1.625,1.641,1.638,1.627,3411.5
1765242000,2025-12-09 01:00:00,1.611,1.632,1.626,1.616,13077.44
1765245600,2025-12-09 02:00:00,1.614,1.633,1.623,1.617,24020.55
1765249200,2025-12-09 03:00:00,1.613,1.634,1.618,1.633,10294.59
1765252800,2025-12-09 04:00:00,1.617,1.635,1.631,1.627,30909.62
1765256400,2025-12-09 05:00:00,1.62,1.634,1.627,1.622,10068.19
1765260000,2025-12-09 06:00:00,1.615,1.629,1.622,1.622,6839.56
1765263600,2025-12-09 07:00:00,1.618,1.646,1.622,1.642,18754.63
1765267200,2025-12-09 08:00:00,1.642,1.653,1.642,1.644,9249.82
1765270800,2025-12-09 09:00:00,1.636,1.653,1.644,1.644,14047.27
1765274400,2025-12-09 10:00:00,1.624,1.648,1.645,1.634,22159.08
1765278000,2025-12-09 11:00:00,1.634,1.651,1.636,1.65,8599.49
1765281600,2025-12-09 12:00:00,1.647,1.676,1.65,1.669,20045.73
1765285200,2025-12-09 13:00:00,1.652,1.669,1.669,1.66,22437.52
1765288800,2025-12-09 14:00:00,1.644,1.672,1.662,1.653,24673.61
1765292400,2025-12-09 15:00:00,1.651,1.712,1.651,1.706,73051.08
1765296000,2025-12-09 16:00:00,1.711,1.763,1.711,1.762,85467.54
1765299600,2025-12-09 17:00:00,1.736,1.781,1.762,1.742,104401.9
1765303200,2025-12-09 18:00:00,1.732,1.749,1.742,1.74,24710.7
1765306800,2025-12-09 19:00:00,1.728,1.742,1.739,1.735,19135.6
1765310400,2025-12-09 20:00:00,1.699,1.737,1.734,1.711,16711.44
1765314000,2025-12-09 21:00:00,1.673,1.713,1.712,1.691,29014.52
1765317600,2025-12-09 22:00:00,1.691,1.715,1.692,1.708,27097.59
1765321200,2025-12-09 23:00:00,1.7,1.714,1.707,1.706,23498.45
1765324800,2025-12-10 00:00:00,1.685,1.706,1.705,1.686,21412.5
1765328400,2025-12-10 01:00:00,1.682,1.692,1.685,1.685,29565.12
1765332000,2025-12-10 02:00:00,1.68,1.693,1.684,1.685,16945.8
1765335600,2025-12-10 03:00:00,1.675,1.686,1.686,1.677,15007.71
1765339200,2025-12-10 04:00:00,1.675,1.693,1.677,1.683,24339.97
1765342800,2025-12-10 05:00:00,1.678,1.689,1.683,1.68,19795.63
1765346400,2025-12-10 06:00:00,1.675,1.684,1.68,1.679,8839.22
1765350000,2025-12-10 07:00:00,1.666,1.679,1.678,1.676,14949.88
1765353600,2025-12-10 08:00:00,1.665,1.678,1.676,1.665,20724.63
1765357200,2025-12-10 09:00:00,1.659,1.675,1.665,1.673,9570.97
1765360800,2025-12-10 10:00:00,1.653,1.685,1.671,1.656,13459.46
1765364400,2025-12-10 11:00:00,1.645,1.658,1.655,1.65,10775
1765368000,2025-12-10 12:00:00,1.643,1.655,1.65,1.653,19493.91
1765371600,2025-12-10 13:00:00,1.648,1.659,1.652,1.658,21285.56
1765375200,2025-12-10 14:00:00,1.645,1.659,1.658,1.65,15081.66
1765378800,2025-12-10 15:00:00,1.645,1.663,1.65,1.651,21181.74
1765382400,2025-12-10 16:00:00,1.648,1.67,1.65,1.657,14115.72
1765386000,2025-12-10 17:00:00,1.658,1.679,1.658,1.666,12789.02
1765389600,2025-12-10 18:00:00,1.659,1.701,1.666,1.678,26840.15
1765393200,2025-12-10 19:00:00,1.66,1.716,1.678,1.7,29568.58
1765396800,2025-12-10 20:00:00,1.677,1.747,1.7,1.678,29517.13
1765400400,2025-12-10 21:00:00,1.659,1.691,1.676,1.662,17754.01
1765404000,2025-12-10 22:00:00,1.634,1.668,1.663,1.661,27100.8
1765407600,2025-12-10 23:00:00,1.644,1.662,1.662,1.645,12768.2
1765411200,2025-12-11 00:00:00,1.605,1.644,1.643,1.607,43628.24
1765414800,2025-12-11 01:00:00,1.586,1.613,1.609,1.586,43802.31
1765418400,2025-12-11 02:00:00,1.576,1.59,1.586,1.584,89333.17
1765422000,2025-12-11 03:00:00,1.566,1.583,1.582,1.566,34610.28
1765425600,2025-12-11 04:00:00,1.561,1.591,1.565,1.587,19709.78
1765429200,2025-12-11 05:00:00,1.58,1.59,1.587,1.584,8419.05
1765432800,2025-12-11 06:00:00,1.58,1.593,1.584,1.585,5993.8
1765436400,2025-12-11 07:00:00,1.58,1.588,1.585,1.58,15960.42
1765440000,2025-12-11 08:00:00,1.575,1.584,1.58,1.583,4035.77
1765443600,2025-12-11 09:00:00,1.579,1.588,1.584,1.58,11580.82
1765447200,2025-12-11 10:00:00,1.579,1.585,1.581,1.581,2794.63
1765450800,2025-12-11 11:00:00,1.572,1.588,1.58,1.578,18381.9
1765454400,2025-12-11 12:00:00,1.577,1.59,1.578,1.586,16063.62
1765458000,2025-12-11 13:00:00,1.582,1.592,1.586,1.586,11717.89
1765461600,2025-12-11 14:00:00,1.569,1.591,1.584,1.575,13931.59
1765465200,2025-12-11 15:00:00,1.572,1.599,1.574,1.578,74392.68
1765468800,2025-12-11 16:00:00,1.553,1.578,1.577,1.563,77011.27
1765472400,2025-12-11 17:00:00,1.559,1.582,1.563,1.572,29756.58
1765476000,2025-12-11 18:00:00,1.571,1.605,1.572,1.592,31521.16
1765479600,2025-12-11 19:00:00,1.588,1.609,1.592,1.589,47517.49
1765483200,2025-12-11 20:00:00,1.59,1.61,1.591,1.608,26451.3
1765486800,2025-12-11 21:00:00,1.604,1.643,1.609,1.626,53232.92
1765490400,2025-12-11 22:00:00,1.596,1.633,1.626,1.605,34802.67
1765494000,2025-12-11 23:00:00,1.597,1.614,1.605,1.609,20868.46
1765497600,2025-12-12 00:00:00,1.583,1.613,1.609,1.587,31569.48
1765501200,2025-12-12 01:00:00,1.586,1.607,1.586,1.601,30430.59
1765504800,2025-12-12 02:00:00,1.601,1.622,1.603,1.618,12423.36
1765508400,2025-12-12 03:00:00,1.605,1.62,1.618,1.611,18658.79
1765512000,2025-12-12 04:00:00,1.609,1.617,1.61,1.609,6425.43
1765515600,2025-12-12 05:00:00,1.603,1.622,1.61,1.622,21116.85
1765519200,2025-12-12 06:00:00,1.619,1.634,1.623,1.622,19757.44
1765522800,2025-12-12 07:00:00,1.619,1.627,1.622,1.621,10608.06
1765526400,2025-12-12 08:00:00,1.61,1.623,1.621,1.613,9248.41
1765530000,2025-12-12 09:00:00,1.606,1.625,1.612,1.624,25084.97
1765533600,2025-12-12 10:00:00,1.62,1.629,1.625,1.621,21328.75
1765537200,2025-12-12 11:00:00,1.613,1.622,1.621,1.621,20503.08
1765540800,2025-12-12 12:00:00,1.617,1.627,1.619,1.626,8548.48
1765544400,2025-12-12 13:00:00,1.617,1.627,1.625,1.622,12713.53
1765548000,2025-12-12 14:00:00,1.611,1.626,1.62,1.618,17983.08
1765551600,2025-12-12 15:00:00,1.53,1.617,1.617,1.536,71649.26
1765555200,2025-12-12 16:00:00,1.512,1.544,1.536,1.531,36708.61
1765558800,2025-12-12 17:00:00,1.521,1.554,1.533,1.527,47015.65
1765562400,2025-12-12 18:00:00,1.527,1.555,1.527,1.532,32572.54
1765566000,2025-12-12 19:00:00,1.517,1.531,1.531,1.523,22415.03
1765569600,2025-12-12 20:00:00,1.52,1.535,1.522,1.531,34404.58
1765573200,2025-12-12 21:00:00,1.53,1.55,1.53,1.545,59621.01
1765576800,2025-12-12 22:00:00,1.544,1.559,1.544,1.547,39493.81
1765580400,2025-12-12 23:00:00,1.547,1.552,1.547,1.551,20917.51
1765584000,2025-12-13 00:00:00,1.55,1.56,1.553,1.552,7459.21
1765587600,2025-12-13 01:00:00,1.547,1.555,1.552,1.549,8406.17
1765591200,2025-12-13 02:00:00,1.545,1.553,1.549,1.547,7451.98
1765594800,2025-12-13 03:00:00,1.546,1.56,1.546,1.558,14748.9
1765598400,2025-12-13 04:00:00,1.555,1.562,1.557,1.559,5949.62
1765602000,2025-12-13 05:00:00,1.55,1.561,1.559,1.552,3770.13
1765605600,2025-12-13 06:00:00,1.54,1.552,1.551,1.545,47335.77
1765609200,2025-12-13 07:00:00,1.544,1.55,1.545,1.548,8626.98
1765612800,2025-12-13 08:00:00,1.548,1.562,1.549,1.554,6006.9
1765616400,2025-12-13 09:00:00,1.551,1.559,1.555,1.554,10749.1
1765620000,2025-12-13 10:00:00,1.553,1.569,1.555,1.565,7454.2
1765623600,2025-12-13 11:00:00,1.559,1.564,1.564,1.561,9716.3
1765627200,2025-12-13 12:00:00,1.561,1.569,1.561,1.567,7672.55
1765630800,2025-12-13 13:00:00,1.562,1.578,1.566,1.566,32082.79
1765634400,2025-12-13 14:00:00,1.558,1.569,1.566,1.562,9183.75
1765638000,2025-12-13 15:00:00,1.556,1.569,1.562,1.559,11271.22
1765641600,2025-12-13 16:00:00,1.556,1.565,1.559,1.557,10248.57
1765645200,2025-12-13 17:00:00,1.551,1.558,1.558,1.554,6129.99
1765648800,2025-12-13 18:00:00,1.551,1.556,1.555,1.552,14257.95
1765652400,2025-12-13 19:00:00,1.554,1.562,1.554,1.556,23264.34
1765656000,2025-12-13 20:00:00,1.552,1.558,1.556,1.554,14474.25
1765659600,2025-12-13 21:00:00,1.541,1.554,1.553,1.551,7433.62
1765663200,2025-12-13 22:00:00,1.544,1.553,1.551,1.549,14446.57
1765666800,2025-12-13 23:00:00,1.547,1.555,1.547,1.553,14075.11
1765670400,2025-12-14 00:00:00,1.548,1.555,1.551,1.552,7261.56
1765674000,2025-12-14 01:00:00,1.547,1.557,1.552,1.549,4288.43
1765677600,2025-12-14 02:00:00,1.546,1.551,1.548,1.551,5196.61
1765681200,2025-12-14 03:00:00,1.542,1.552,1.551,1.544,13425.85
1765684800,2025-12-14 04:00:00,1.533,1.545,1.543,1.533,12498.82
1765688400,2025-12-14 05:00:00,1.525,1.533,1.532,1.53,12420.5
1765692000,2025-12-14 06:00:00,1.527,1.534,1.529,1.53,7242.88
1765695600,2025-12-14 07:00:00,1.53,1.535,1.531,1.535,4271.1
1765699200,2025-12-14 08:00:00,1.53,1.54,1.536,1.531,4104.66
1765702800,2025-12-14 09:00:00,1.529,1.539,1.529,1.538,17992.64
1765706400,2025-12-14 10:00:00,1.523,1.539,1.538,1.525,15599.12
1765710000,2025-12-14 11:00:00,1.505,1.527,1.525,1.517,10306.68
1765713600,2025-12-14 12:00:00,1.513,1.527,1.515,1.522,7977.68
1765717200,2025-12-14 13:00:00,1.514,1.521,1.52,1.521,15723.61
1765720800,2025-12-14 14:00:00,1.504,1.524,1.522,1.508,5017.57
1765724400,2025-12-14 15:00:00,1.505,1.511,1.508,1.507,8377.37
1765728000,2025-12-14 16:00:00,1.505,1.519,1.508,1.511,17118.17
1765731600,2025-12-14 17:00:00,1.488,1.514,1.511,1.49,53073.33
1765735200,2025-12-14 18:00:00,1.482,1.502,1.492,1.492,134098.96
1765738800,2025-12-14 19:00:00,1.482,1.491,1.491,1.489,16738.17
1765742400,2025-12-14 20:00:00,1.477,1.494,1.489,1.482,20375.91
1765746000,2025-12-14 21:00:00,1.475,1.488,1.482,1.479,29474.28
1765749600,2025-12-14 22:00:00,1.47,1.486,1.48,1.48,46261.47
1765753200,2025-12-14 23:00:00,1.458,1.487,1.483,1.477,52804.58
1765756800,2025-12-15 00:00:00,1.476,1.491,1.477,1.489,22000.34
1765760400,2025-12-15 01:00:00,1.487,1.514,1.487,1.514,17564.64
1765764000,2025-12-15 02:00:00,1.507,1.529,1.513,1.507,24429.64
1765767600,2025-12-15 03:00:00,1.5,1.509,1.507,1.506,19650.34
1765771200,2025-12-15 04:00:00,1.505,1.516,1.506,1.515,11104.69
1765774800,2025-12-15 05:00:00,1.512,1.521,1.515,1.518,14401.74
1765778400,2025-12-15 06:00:00,1.514,1.525,1.518,1.518,5014.35
1765782000,2025-12-15 07:00:00,1.51,1.518,1.518,1.514,6611.97
1765785600,2025-12-15 08:00:00,1.511,1.519,1.514,1.512,15762.05
1765789200,2025-12-15 09:00:00,1.51,1.519,1.513,1.517,14723.59
1765792800,2025-12-15 10:00:00,1.51,1.52,1.516,1.51,10444.42
1765796400,2025-12-15 11:00:00,1.504,1.515,1.51,1.511,33117.55
1765800000,2025-12-15 12:00:00,1.511,1.519,1.511,1.518,48405.57
1765803600,2025-12-15 13:00:00,1.501,1.521,1.517,1.502,106849.13
1765807200,2025-12-15 14:00:00,1.464,1.517,1.502,1.476,35661.96
1765810800,2025-12-15 15:00:00,1.413,1.472,1.464,1.426,53095.77
1765814400,2025-12-15 16:00:00,1.397,1.426,1.425,1.401,44209.22
1765818000,2025-12-15 17:00:00,1.375,1.408,1.402,1.375,169897.36
1765821600,2025-12-15 18:00:00,1.357,1.388,1.374,1.386,65686.24
1765825200,2025-12-15 19:00:00,1.386,1.403,1.386,1.389,45961.14
1765828800,2025-12-15 20:00:00,1.37,1.391,1.388,1.38,52953.03
1765832400,2025-12-15 21:00:00,1.378,1.396,1.38,1.392,36616.14
1765836000,2025-12-15 22:00:00,1.381,1.396,1.392,1.396,25761.55
1765839600,2025-12-15 23:00:00,1.394,1.408,1.395,1.407,38833.12
1765843200,2025-12-16 00:00:00,1.389,1.409,1.406,1.389,20867.53
1765846800,2025-12-16 01:00:00,1.389,1.401,1.39,1.398,21866.16
1765850400,2025-12-16 02:00:00,1.393,1.411,1.398,1.41,15187.67
1765854000,2025-12-16 03:00:00,1.398,1.411,1.411,1.411,8245.4
1765857600,2025-12-16 04:00:00,1.377,1.411,1.411,1.392,9381.27
1765861200,2025-12-16 05:00:00,1.387,1.395,1.392,1.39,9905.55
1765864800,2025-12-16 06:00:00,1.392,1.405,1.392,1.405,12748.1
1765868400,2025-12-16 07:00:00,1.38,1.407,1.407,1.387,18554.58
1765872000,2025-12-16 08:00:00,1.385,1.396,1.386,1.391,4626.21
1765875600,2025-12-16 09:00:00,1.383,1.392,1.39,1.387,19264.05
1765879200,2025-12-16 10:00:00,1.386,1.421,1.387,1.409,22184.15
1765882800,2025-12-16 11:00:00,1.406,1.424,1.409,1.422,7656.28
1765886400,2025-12-16 12:00:00,1.406,1.424,1.423,1.409,13789.19
1765890000,2025-12-16 13:00:00,1.396,1.434,1.407,1.396,25245.4
1765893600,2025-12-16 14:00:00,1.386,1.425,1.395,1.412,35688.27
1765897200,2025-12-16 15:00:00,1.401,1.439,1.414,1.436,24759.16
1765900800,2025-12-16 16:00:00,1.415,1.44,1.438,1.425,67564.6
1765904400,2025-12-16 17:00:00,1.402,1.432,1.425,1.403,99078.15
1765908000,2025-12-16 18:00:00,1.4,1.422,1.403,1.413,27230.55
1765911600,2025-12-16 19:00:00,1.398,1.415,1.413,1.408,10629.51
1765915200,2025-12-16 20:00:00,1.402,1.419,1.409,1.405,119150.25
1765918800,2025-12-16 21:00:00,1.402,1.414,1.405,1.411,23381.52
1765922400,2025-12-16 22:00:00,1.406,1.415,1.411,1.408,18739.19
1765926000,2025-12-16 23:00:00,1.395,1.408,1.407,1.403,108834.79
1765929600,2025-12-17 00:00:00,1.389,1.401,1.401,1.394,12839.3
1765933200,2025-12-17 01:00:00,1.387,1.408,1.393,1.39,16925.35
1765936800,2025-12-17 02:00:00,1.379,1.39,1.39,1.388,23244.85
1765940400,2025-12-17 03:00:00,1.385,1.394,1.39,1.388,59238.97
1765944000,2025-12-17 04:00:00,1.373,1.388,1.388,1.373,29603.86
1765947600,2025-12-17 05:00:00,1.362,1.377,1.373,1.373,15963.85
1765951200,2025-12-17 06:00:00,1.373,1.382,1.373,1.377,14285.94
1765954800,2025-12-17 07:00:00,1.373,1.383,1.376,1.374,8267.91
1765958400,2025-12-17 08:00:00,1.352,1.372,1.372,1.352,24118.94
1765962000,2025-12-17 09:00:00,1.348,1.359,1.351,1.356,16560.32
1765965600,2025-12-17 10:00:00,1.352,1.368,1.355,1.362,12552.07
1765969200,2025-12-17 11:00:00,1.361,1.369,1.362,1.368,15770.93
1765972800,2025-12-17 12:00:00,1.363,1.373,1.368,1.367,12387.12
1765976400,2025-12-17 13:00:00,1.358,1.382,1.368,1.38,28370.57
1765980000,2025-12-17 14:00:00,1.356,1.426,1.381,1.426,61507.83
1765983600,2025-12-17 15:00:00,1.353,1.435,1.425,1.357,115096.02
1765987200,2025-12-17 16:00:00,1.319,1.369,1.357,1.34,141993.03
1765990800,2025-12-17 17:00:00,1.307,1.341,1.337,1.318,114521.58
1765994400,2025-12-17 18:00:00,1.3,1.326,1.319,1.303,41717.43
1765998000,2025-12-17 19:00:00,1.289,1.307,1.304,1.299,281004.19
1766001600,2025-12-17 20:00:00,1.296,1.32,1.299,1.306,28655.23
1766005200,2025-12-17 21:00:00,1.297,1.312,1.306,1.301,36395.14
1766008800,2025-12-17 22:00:00,1.297,1.311,1.3,1.301,12606.03
1766012400,2025-12-17 23:00:00,1.289,1.303,1.301,1.293,97609.4
1766016000,2025-12-18 00:00:00,1.284,1.294,1.292,1.29,45249.26
1766019600,2025-12-18 01:00:00,1.268,1.288,1.288,1.27,63543.88
1766023200,2025-12-18 02:00:00,1.269,1.294,1.269,1.284,23428.5
1766026800,2025-12-18 03:00:00,1.273,1.286,1.283,1.282,11419.71
1766030400,2025-12-18 04:00:00,1.28,1.289,1.283,1.283,56714.13
1766034000,2025-12-18 05:00:00,1.263,1.284,1.284,1.263,15878.17
1766037600,2025-12-18 06:00:00,1.261,1.276,1.262,1.274,48947.12
1766041200,2025-12-18 07:00:00,1.274,1.281,1.274,1.279,18535.47
1766044800,2025-12-18 08:00:00,1.276,1.286,1.279,1.276,20046.65
1766048400,2025-12-18 09:00:00,1.272,1.285,1.277,1.28,17057.45
1766052000,2025-12-18 10:00:00,1.279,1.285,1.279,1.282,15325.52
1766055600,2025-12-18 11:00:00,1.276,1.287,1.281,1.285,26239.32
1766059200,2025-12-18 12:00:00,1.282,1.292,1.285,1.29,37232.35
1766062800,2025-12-18 13:00:00,1.291,1.329,1.291,1.329,65886.55
1766066400,2025-12-18 14:00:00,1.297,1.336,1.33,1.307,46093.86
1766070000,2025-12-18 15:00:00,1.291,1.325,1.307,1.305,44221.61
1766073600,2025-12-18 16:00:00,1.291,1.308,1.306,1.299,45219.09
1766077200,2025-12-18 17:00:00,1.225,1.3,1.299,1.248,166954.21
1766080800,2025-12-18 18:00:00,1.224,1.259,1.248,1.227,44252.43
1766084400,2025-12-18 19:00:00,1.19,1.229,1.227,1.192,97013.27
1766088000,2025-12-18 20:00:00,1.192,1.211,1.193,1.196,61956.38
1766091600,2025-12-18 21:00:00,1.197,1.218,1.197,1.218,39386.65
1766095200,2025-12-18 22:00:00,1.208,1.221,1.218,1.212,46831.48
1766098800,2025-12-18 23:00:00,1.202,1.212,1.212,1.209,17814.04
1766102400,2025-12-19 00:00:00,1.191,1.211,1.208,1.198,60297
1766106000,2025-12-19 01:00:00,1.178,1.197,1.197,1.183,48677.34
1766109600,2025-12-19 02:00:00,1.18,1.202,1.183,1.198,41605.92
1766113200,2025-12-19 03:00:00,1.196,1.235,1.197,1.216,95424.98
1766116800,2025-12-19 04:00:00,1.215,1.227,1.216,1.225,37722.57
1766120400,2025-12-19 05:00:00,1.216,1.227,1.225,1.219,60804.09
1766124000,2025-12-19 06:00:00,1.217,1.232,1.219,1.232,65194.32
1766127600,2025-12-19 07:00:00,1.233,1.259,1.233,1.248,61667.24
1766131200,2025-12-19 08:00:00,1.246,1.266,1.249,1.262,91417.73
1766134800,2025-12-19 09:00:00,1.261,1.271,1.262,1.269,34132.84
1766138400,2025-12-19 10:00:00,1.251,1.271,1.269,1.253,33001.93
1766142000,2025-12-19 11:00:00,1.251,1.267,1.253,1.261,47432.47
1766145600,2025-12-19 12:00:00,1.259,1.274,1.261,1.266,32349.22
1766149200,2025-12-19 13:00:00,1.26,1.271,1.266,1.265,44860.98
1766152800,2025-12-19 14:00:00,1.258,1.293,1.266,1.281,33544.52
1766156400,2025-12-19 15:00:00,1.269,1.315,1.281,1.274,223659.12
1766160000,2025-12-19 16:00:00,1.273,1.325,1.274,1.313,156526.37
1766163600,2025-12-19 17:00:00,1.296,1.335,1.314,1.296,203131.66
1766167200,2025-12-19 18:00:00,1.294,1.313,1.297,1.311,58338.82
1766170800,2025-12-19 19:00:00,1.31,1.361,1.31,1.34,93736.63
1766174400,2025-12-19 20:00:00,1.331,1.352,1.34,1.339,85825.92
1766178000,2025-12-19 21:00:00,1.32,1.339,1.339,1.321,40284.09
1766181600,2025-12-19 22:00:00,1.31,1.327,1.322,1.32,149291.52
1766185200,2025-12-19 23:00:00,1.311,1.32,1.319,1.313,74308.53
1766188800,2025-12-20 00:00:00,1.305,1.313,1.313,1.306,39417.97
1766192400,2025-12-20 01:00:00,1.299,1.306,1.306,1.3,13811.79
1766196000,2025-12-20 02:00:00,1.282,1.3,1.3,1.284,75374.78
1766199600,2025-12-20 03:00:00,1.28,1.292,1.284,1.29,76552.36
1766203200,2025-12-20 04:00:00,1.283,1.291,1.289,1.287,33513.61
1766206800,2025-12-20 05:00:00,1.281,1.292,1.288,1.288,39199.85
1766210400,2025-12-20 06:00:00,1.288,1.294,1.288,1.294,20227.1
1766214000,2025-12-20 07:00:00,1.289,1.306,1.294,1.305,25532.33
1766217600,2025-12-20 08:00:00,1.304,1.313,1.306,1.305,45441.52
1766221200,2025-12-20 09:00:00,1.298,1.308,1.305,1.298,13577.29
1766224800,2025-12-20 10:00:00,1.284,1.297,1.297,1.285,35995.98
1766228400,2025-12-20 11:00:00,1.283,1.295,1.285,1.295,19701.06
1766232000,2025-12-20 12:00:00,1.287,1.295,1.295,1.29,24873.73
1766235600,2025-12-20 13:00:00,1.284,1.292,1.29,1.287,31222.44
1766239200,2025-12-20 14:00:00,1.276,1.288,1.285,1.288,22207.6
1766242800,2025-12-20 15:00:00,1.28,1.289,1.288,1.285,26464.51
1766246400,2025-12-20 16:00:00,1.282,1.288,1.285,1.287,15073.54
1766250000,2025-12-20 17:00:00,1.285,1.294,1.287,1.287,6417.89
1766253600,2025-12-20 18:00:00,1.285,1.295,1.288,1.293,26570.5
1766257200,2025-12-20 19:00:00,1.29,1.295,1.292,1.292,15154.71
1766260800,2025-12-20 20:00:00,1.29,1.298,1.292,1.298,37022.65
1766264400,2025-12-20 21:00:00,1.291,1.303,1.299,1.291,16477.77
1766268000,2025-12-20 22:00:00,1.289,1.302,1.292,1.298,23822.01
1766271600,2025-12-20 23:00:00,1.283,1.297,1.297,1.29,19263.07
1766275200,2025-12-21 00:00:00,1.291,1.296,1.291,1.296,9181.06
1766278800,2025-12-21 01:00:00,1.279,1.296,1.295,1.279,23387.72
1766282400,2025-12-21 02:00:00,1.269,1.28,1.278,1.273,23136.05
1766286000,2025-12-21 03:00:00,1.272,1.286,1.272,1.284,27816.3
1766289600,2025-12-21 04:00:00,1.281,1.287,1.284,1.284,17122.37
1766293200,2025-12-21 05:00:00,1.283,1.289,1.284,1.283,11666.18
1766296800,2025-12-21 06:00:00,1.283,1.288,1.283,1.283,15602.58
1766300400,2025-12-21 07:00:00,1.283,1.291,1.285,1.288,7284.63
1766304000,2025-12-21 08:00:00,1.286,1.301,1.289,1.294,13944.84
1766307600,2025-12-21 09:00:00,1.287,1.299,1.294,1.293,10032.73
1766311200,2025-12-21 10:00:00,1.279,1.296,1.294,1.281,16554.03
1766314800,2025-12-21 11:00:00,1.277,1.283,1.281,1.277,5101.19
1766318400,2025-12-21 12:00:00,1.27,1.284,1.278,1.273,14362.26
1766322000,2025-12-21 13:00:00,1.237,1.274,1.274,1.237,19717.77
1766325600,2025-12-21 14:00:00,1.235,1.256,1.236,1.247,63237.65
1766329200,2025-12-21 15:00:00,1.243,1.253,1.247,1.248,20244.02
1766332800,2025-12-21 16:00:00,1.246,1.259,1.247,1.259,16766.92
1766336400,2025-12-21 17:00:00,1.258,1.271,1.26,1.261,10556.49
1766340000,2025-12-21 18:00:00,1.247,1.261,1.261,1.261,13135.85
1766343600,2025-12-21 19:00:00,1.253,1.267,1.261,1.264,10907.35
1766347200,2025-12-21 20:00:00,1.257,1.269,1.262,1.26,55147.84
1766350800,2025-12-21 21:00:00,1.249,1.264,1.257,1.25,10045.01
1766354400,2025-12-21 22:00:00,1.25,1.273,1.25,1.273,16965.89
1766358000,2025-12-21 23:00:00,1.263,1.282,1.274,1.273,39315.05
1766361600,2025-12-22 00:00:00,1.273,1.309,1.273,1.28,55897.06
1766365200,2025-12-22 01:00:00,1.277,1.296,1.279,1.279,21090.66
1766368800,2025-12-22 02:00:00,1.259,1.278,1.277,1.273,12183.55
1766372400,2025-12-22 03:00:00,1.27,1.286,1.273,1.28,10554.87
1766376000,2025-12-22 04:00:00,1.278,1.289,1.28,1.284,15174.86
1766379600,2025-12-22 05:00:00,1.278,1.288,1.285,1.282,6957.91
1766383200,2025-12-22 06:00:00,1.281,1.293,1.282,1.286,10739.41
1766386800,2025-12-22 07:00:00,1.285,1.294,1.285,1.29,6342.96
1766390400,2025-12-22 08:00:00,1.287,1.324,1.293,1.297,127108.56
1766394000,2025-12-22 09:00:00,1.297,1.306,1.297,1.306,29058.89
1766397600,2025-12-22 10:00:00,1.303,1.309,1.307,1.306,9253.14
1766401200,2025-12-22 11:00:00,1.305,1.329,1.305,1.323,121188.37
1766404800,2025-12-22 12:00:00,1.319,1.353,1.322,1.333,76533.96
1766408400,2025-12-22 13:00:00,1.326,1.344,1.333,1.331,52605.33
1766412000,2025-12-22 14:00:00,1.316,1.34,1.331,1.333,54763.32
1766415600,2025-12-22 15:00:00,1.309,1.336,1.333,1.329,48033.86
1766419200,2025-12-22 16:00:00,1.318,1.336,1.332,1.321,28136.08
1766422800,2025-12-22 17:00:00,1.306,1.32,1.32,1.308,62197.06
1766426400,2025-12-22 18:00:00,1.302,1.315,1.309,1.304,78221.55
1766430000,2025-12-22 19:00:00,1.275,1.304,1.304,1.275,74257
1766433600,2025-12-22 20:00:00,1.266,1.282,1.276,1.276,44957.54
1766437200,2025-12-22 21:00:00,1.274,1.284,1.274,1.28,31768.9
1766440800,2025-12-22 22:00:00,1.275,1.293,1.279,1.289,49653.27
1766444400,2025-12-22 23:00:00,1.283,1.289,1.289,1.286,21509.16
1766448000,2025-12-23 00:00:00,1.284,1.299,1.284,1.295,28212.2
1766451600,2025-12-23 01:00:00,1.279,1.295,1.294,1.284,17400.75
1766455200,2025-12-23 02:00:00,1.275,1.29,1.283,1.275,11387.63
1766458800,2025-12-23 03:00:00,1.269,1.281,1.275,1.276,18678.44
1766462400,2025-12-23 04:00:00,1.271,1.281,1.276,1.272,15158.1
1766466000,2025-12-23 05:00:00,1.257,1.272,1.272,1.265,39187.23
1766469600,2025-12-23 06:00:00,1.257,1.269,1.265,1.263,22693.43
1766473200,2025-12-23 07:00:00,1.26,1.267,1.262,1.264,18077.29
1766476800,2025-12-23 08:00:00,1.261,1.269,1.264,1.261,17534.96
1766480400,2025-12-23 09:00:00,1.259,1.268,1.261,1.266,7820.68
1766484000,2025-12-23 10:00:00,1.266,1.276,1.266,1.272,23479.39
1766487600,2025-12-23 11:00:00,1.27,1.278,1.272,1.274,15536.44
1766491200,2025-12-23 12:00:00,1.263,1.273,1.273,1.266,29921.11
1766494800,2025-12-23 13:00:00,1.254,1.272,1.265,1.258,24256.66
1766498400,2025-12-23 14:00:00,1.24,1.262,1.258,1.25,62294.15
1766502000,2025-12-23 15:00:00,1.246,1.266,1.247,1.255,37331.65
1766505600,2025-12-23 16:00:00,1.253,1.284,1.253,1.279,71999.32
1766509200,2025-12-23 17:00:00,1.257,1.287,1.28,1.259,40647.73
1766512800,2025-12-23 18:00:00,1.259,1.286,1.259,1.279,33916.58
1766516400,2025-12-23 19:00:00,1.271,1.282,1.279,1.276,18978.41
1766520000,2025-12-23 20:00:00,1.273,1.295,1.276,1.282,47420.72
1766523600,2025-12-23 21:00:00,1.276,1.284,1.283,1.278,22402.08
1766527200,2025-12-23 22:00:00,1.269,1.282,1.279,1.271,16992.29
1766530800,2025-12-23 23:00:00,1.267,1.277,1.269,1.276,20307.43
1766534400,2025-12-24 00:00:00,1.273,1.285,1.277,1.284,75560.85
1766538000,2025-12-24 01:00:00,1.274,1.289,1.286,1.277,25636.02
1766541600,2025-12-24 02:00:00,1.257,1.277,1.276,1.257,27406.73
1766545200,2025-12-24 03:00:00,1.25,1.266,1.256,1.265,20981.09
1766548800,2025-12-24 04:00:00,1.248,1.271,1.264,1.251,18405.17
1766552400,2025-12-24 05:00:00,1.237,1.255,1.252,1.241,23652.19
1766556000,2025-12-24 06:00:00,1.237,1.245,1.24,1.242,7191.93
1766559600,2025-12-24 07:00:00,1.233,1.244,1.241,1.233,21220.82
1766563200,2025-12-24 08:00:00,1.226,1.238,1.232,1.227,21574.45
1766566800,2025-12-24 09:00:00,1.228,1.235,1.229,1.232,19987.69
1766570400,2025-12-24 10:00:00,1.229,1.237,1.232,1.23,11549.46
1766574000,2025-12-24 11:00:00,1.23,1.237,1.23,1.235,48657.22
1766577600,2025-12-24 12:00:00,1.233,1.246,1.234,1.244,18264.05
1766581200,2025-12-24 13:00:00,1.235,1.244,1.244,1.236,19977.97
1766584800,2025-12-24 14:00:00,1.217,1.243,1.235,1.235,28800.96
1766588400,2025-12-24 15:00:00,1.224,1.247,1.236,1.243,41462.71
1766592000,2025-12-24 16:00:00,1.235,1.256,1.245,1.248,92168.96
1766595600,2025-12-24 17:00:00,1.241,1.253,1.249,1.241,33335.97
1766599200,2025-12-24 18:00:00,1.24,1.249,1.241,1.244,18926.49
1766602800,2025-12-24 19:00:00,1.242,1.256,1.243,1.256,15102.96
1766606400,2025-12-24 20:00:00,1.253,1.262,1.256,1.255,27230.08
1766610000,2025-12-24 21:00:00,1.255,1.259,1.255,1.258,14133.35
1766613600,2025-12-24 22:00:00,1.257,1.27,1.257,1.265,20138.4
1766617200,2025-12-24 23:00:00,1.257,1.264,1.264,1.261,39116.54
1766620800,2025-12-25 00:00:00,1.253,1.263,1.261,1.254,5767.88
1766624400,2025-12-25 01:00:00,1.253,1.261,1.254,1.26,10268.89
1766628000,2025-12-25 02:00:00,1.253,1.27,1.259,1.27,8161.95
1766631600,2025-12-25 03:00:00,1.265,1.272,1.269,1.271,11489.06
1766635200,2025-12-25 04:00:00,1.271,1.278,1.271,1.273,17502.89
1766638800,2025-12-25 05:00:00,1.265,1.272,1.272,1.265,43434.24
1766642400,2025-12-25 06:00:00,1.264,1.274,1.265,1.272,10904.36
1766646000,2025-12-25 07:00:00,1.264,1.272,1.272,1.27,11610.12
1766649600,2025-12-25 08:00:00,1.266,1.281,1.27,1.275,17936.53
1766653200,2025-12-25 09:00:00,1.27,1.275,1.275,1.27,8028.94
1766656800,2025-12-25 10:00:00,1.249,1.27,1.27,1.253,11277.21
1766660400,2025-12-25 11:00:00,1.254,1.259,1.254,1.255,6104.69
1766664000,2025-12-25 12:00:00,1.256,1.266,1.256,1.266,10559.31
1766667600,2025-12-25 13:00:00,1.262,1.272,1.265,1.267,8260.26
1766671200,2025-12-25 14:00:00,1.258,1.269,1.267,1.261,15482.14
1766674800,2025-12-25 15:00:00,1.26,1.28,1.262,1.276,29564.26
1766678400,2025-12-25 16:00:00,1.274,1.29,1.277,1.279,101266.78
1766682000,2025-12-25 17:00:00,1.274,1.287,1.279,1.287,15281.9
1766685600,2025-12-25 18:00:00,1.284,1.293,1.287,1.29,19155.91
1766689200,2025-12-25 19:00:00,1.286,1.294,1.291,1.289,13369.92
1766692800,2025-12-25 20:00:00,1.277,1.292,1.29,1.286,40983.96
1766696400,2025-12-25 21:00:00,1.279,1.285,1.285,1.281,19234.92
1766700000,2025-12-25 22:00:00,1.242,1.281,1.281,1.248,71184.72
1766703600,2025-12-25 23:00:00,1.225,1.255,1.248,1.23,43720.79
1766707200,2025-12-26 00:00:00,1.223,1.236,1.23,1.23,31624.05
1766710800,2025-12-26 01:00:00,1.23,1.24,1.23,1.237,20555.3
1766714400,2025-12-26 02:00:00,1.237,1.294,1.237,1.285,47828.99
1766718000,2025-12-26 03:00:00,1.273,1.286,1.286,1.277,20262.93
1766721600,2025-12-26 04:00:00,1.27,1.283,1.277,1.279,25128.7
1766725200,2025-12-26 05:00:00,1.274,1.282,1.278,1.281,22614.09
1766728800,2025-12-26 06:00:00,1.273,1.284,1.281,1.275,57668.35
1766732400,2025-12-26 07:00:00,1.261,1.281,1.274,1.263,61422.37
1766736000,2025-12-26 08:00:00,1.262,1.27,1.262,1.269,12137.12
1766739600,2025-12-26 09:00:00,1.266,1.277,1.269,1.275,10964.49
1766743200,2025-12-26 10:00:00,1.272,1.276,1.274,1.275,9379.61
1766746800,2025-12-26 11:00:00,1.271,1.277,1.275,1.273,31696.97
1766750400,2025-12-26 12:00:00,1.271,1.279,1.273,1.278,24927.13
1766754000,2025-12-26 13:00:00,1.276,1.284,1.278,1.28,30885.31
1766757600,2025-12-26 14:00:00,1.251,1.282,1.279,1.255,64537.91
1766761200,2025-12-26 15:00:00,1.243,1.259,1.254,1.256,29001.6
1766764800,2025-12-26 16:00:00,1.245,1.26,1.257,1.245,25798.61
1766768400,2025-12-26 17:00:00,1.245,1.263,1.245,1.258,33664.22
1766772000,2025-12-26 18:00:00,1.257,1.266,1.258,1.263,22757.82
1766775600,2025-12-26 19:00:00,1.26,1.274,1.262,1.271,21332.42
1766779200,2025-12-26 20:00:00,1.267,1.277,1.271,1.272,14811.88
1766782800,2025-12-26 21:00:00,1.265,1.274,1.273,1.266,19521.47
1766786400,2025-12-26 22:00:00,1.264,1.27,1.266,1.27,9902.83
1766790000,2025-12-26 23:00:00,1.268,1.273,1.27,1.273,6117.44
1766793600,2025-12-27 00:00:00,1.271,1.275,1.271,1.274,6264.18
1766797200,2025-12-27 01:00:00,1.269,1.279,1.273,1.279,45473.44
1766800800,2025-12-27 02:00:00,1.277,1.283,1.279,1.279,9310.98
1766804400,2025-12-27 03:00:00,1.276,1.285,1.278,1.282,77363.08
1766808000,2025-12-27 04:00:00,1.275,1.283,1.282,1.275,19469.91
1766811600,2025-12-27 05:00:00,1.273,1.278,1.276,1.276,4503
1766815200,2025-12-27 06:00:00,1.275,1.277,1.277,1.277,3333.71
1766818800,2025-12-27 07:00:00,1.277,1.282,1.278,1.28,8043.89
1766822400,2025-12-27 08:00:00,1.279,1.282,1.28,1.282,3491.62
1766826000,2025-12-27 09:00:00,1.279,1.285,1.282,1.281,10677.65
1766829600,2025-12-27 10:00:00,1.268,1.283,1.281,1.279,17903.31
1766833200,2025-12-27 11:00:00,1.277,1.287,1.28,1.287,80585.96
1766836800,2025-12-27 12:00:00,1.284,1.287,1.287,1.286,28293.89
1766840400,2025-12-27 13:00:00,1.279,1.287,1.286,1.281,11964.05
1766844000,2025-12-27 14:00:00,1.28,1.29,1.28,1.289,15523.38
1766847600,2025-12-27 15:00:00,1.287,1.297,1.289,1.294,27005.08
1766851200,2025-12-27 16:00:00,1.295,1.304,1.295,1.297,65308.54
1766854800,2025-12-27 17:00:00,1.295,1.304,1.298,1.304,15356.1
1766858400,2025-12-27 18:00:00,1.297,1.304,1.304,1.3,8849.13
1766862000,2025-12-27 19:00:00,1.298,1.302,1.3,1.302,22194.61
1766865600,2025-12-27 20:00:00,1.3,1.309,1.302,1.306,12659.41
1766869200,2025-12-27 21:00:00,1.307,1.335,1.307,1.328,71225.92
1766872800,2025-12-27 22:00:00,1.307,1.33,1.328,1.314,26020.09
1766876400,2025-12-27 23:00:00,1.313,1.348,1.314,1.332,210553.73
1766880000,2025-12-28 00:00:00,1.318,1.336,1.332,1.326,223289.91
1766883600,2025-12-28 01:00:00,1.318,1.329,1.327,1.321,18131.67
1766887200,2025-12-28 02:00:00,1.32,1.327,1.321,1.326,10822.31
1766890800,2025-12-28 03:00:00,1.321,1.326,1.326,1.324,9273.33
1766894400,2025-12-28 04:00:00,1.321,1.325,1.323,1.323,5112.7
1766898000,2025-12-28 05:00:00,1.323,1.342,1.323,1.337,102077.25
1766901600,2025-12-28 06:00:00,1.334,1.342,1.336,1.336,45576.86
1766905200,2025-12-28 07:00:00,1.33,1.338,1.335,1.331,14259.39
1766908800,2025-12-28 08:00:00,1.328,1.334,1.33,1.331,6786.43
1766912400,2025-12-28 09:00:00,1.325,1.332,1.331,1.327,21309.15
1766916000,2025-12-28 10:00:00,1.327,1.335,1.327,1.334,19521.38
1766919600,2025-12-28 11:00:00,1.326,1.337,1.336,1.331,9136.96
1766923200,2025-12-28 12:00:00,1.323,1.331,1.331,1.323,12219.39
1766926800,2025-12-28 13:00:00,1.324,1.329,1.324,1.328,8036.88
1766930400,2025-12-28 14:00:00,1.326,1.339,1.327,1.334,17644.65
1766934000,2025-12-28 15:00:00,1.326,1.339,1.335,1.328,13673.66
1766937600,2025-12-28 16:00:00,1.322,1.333,1.328,1.325,68400.31
1766941200,2025-12-28 17:00:00,1.321,1.331,1.325,1.322,12854.46
1766944800,2025-12-28 18:00:00,1.304,1.323,1.323,1.305,169645.26
1766948400,2025-12-28 19:00:00,1.304,1.31,1.305,1.306,52774.43
1766952000,2025-12-28 20:00:00,1.304,1.309,1.305,1.305,48493.79
1766955600,2025-12-28 21:00:00,1.304,1.31,1.305,1.31,44147.75
1766959200,2025-12-28 22:00:00,1.306,1.32,1.308,1.32,28861.91
1766962800,2025-12-28 23:00:00,1.31,1.322,1.319,1.32,12972.82
1766966400,2025-12-29 00:00:00,1.317,1.34,1.318,1.333,27472.11
1766970000,2025-12-29 01:00:00,1.321,1.343,1.332,1.339,15772.22
1766973600,2025-12-29 02:00:00,1.335,1.352,1.341,1.34,56889.99
1766977200,2025-12-29 03:00:00,1.338,1.364,1.34,1.362,55744.41
1766980800,2025-12-29 04:00:00,1.359,1.371,1.362,1.362,68703.68
1766984400,2025-12-29 05:00:00,1.353,1.363,1.361,1.361,10825.04
1766988000,2025-12-29 06:00:00,1.346,1.365,1.362,1.349,16396.18
1766991600,2025-12-29 07:00:00,1.337,1.354,1.348,1.35,10703.53
1766995200,2025-12-29 08:00:00,1.341,1.353,1.35,1.341,20631.75
1766998800,2025-12-29 09:00:00,1.311,1.341,1.341,1.317,16674.26
1767002400,2025-12-29 10:00:00,1.318,1.327,1.318,1.32,17709.5
1767006000,2025-12-29 11:00:00,1.31,1.321,1.32,1.311,26159.21
1767009600,2025-12-29 12:00:00,1.301,1.315,1.312,1.311,233606.26
1767013200,2025-12-29 13:00:00,1.305,1.319,1.31,1.306,14680.52
1767016800,2025-12-29 14:00:00,1.301,1.326,1.306,1.312,61199.89
1767020400,2025-12-29 15:00:00,1.31,1.324,1.312,1.313,21741.09
1767024000,2025-12-29 16:00:00,1.301,1.317,1.312,1.302,56683.03
1767027600,2025-12-29 17:00:00,1.3,1.311,1.304,1.31,35895.33
1767031200,2025-12-29 18:00:00,1.299,1.312,1.309,1.299,96334.58
1767034800,2025-12-29 19:00:00,1.299,1.308,1.299,1.299,105816.83
1767038400,2025-12-29 20:00:00,1.298,1.304,1.299,1.299,168433.12
1767042000,2025-12-29 21:00:00,1.298,1.306,1.299,1.298,64985.31
1767045600,2025-12-29 22:00:00,1.297,1.3,1.298,1.297,50730.16
1767049200,2025-12-29 23:00:00,1.294,1.299,1.297,1.295,130959.95
1767052800,2025-12-30 00:00:00,1.294,1.298,1.295,1.295,40222.6
1767056400,2025-12-30 01:00:00,1.294,1.3,1.295,1.3,12761.45
1767060000,2025-12-30 02:00:00,1.294,1.299,1.299,1.294,40426.67
1767063600,2025-12-30 03:00:00,1.294,1.303,1.294,1.3,63796.44
1767067200,2025-12-30 04:00:00,1.294,1.303,1.3,1.294,36968.94
1767070800,2025-12-30 05:00:00,1.293,1.295,1.294,1.293,44214.45
1767074400,2025-12-30 06:00:00,1.295,1.303,1.295,1.298,14715.83
1767078000,2025-12-30 07:00:00,1.295,1.302,1.297,1.298,7199.43
1767081600,2025-12-30 08:00:00,1.298,1.313,1.299,1.303,23917.63
1767085200,2025-12-30 09:00:00,1.297,1.304,1.302,1.301,40882.44
1767088800,2025-12-30 10:00:00,1.295,1.301,1.3,1.299,22722.46
1767092400,2025-12-30 11:00:00,1.296,1.303,1.298,1.303,40366.83
1767096000,2025-12-30 12:00:00,1.295,1.304,1.302,1.297,46545.48
1767099600,2025-12-30 13:00:00,1.296,1.305,1.297,1.298,43526.24
1767103200,2025-12-30 14:00:00,1.293,1.31,1.298,1.303,131674.39
1767106800,2025-12-30 15:00:00,1.295,1.307,1.306,1.306,20185.98
1767110400,2025-12-30 16:00:00,1.297,1.313,1.304,1.3,31010.31
1767114000,2025-12-30 17:00:00,1.293,1.302,1.301,1.295,47885.55
1767117600,2025-12-30 18:00:00,1.293,1.299,1.294,1.294,46650.13
1767121200,2025-12-30 19:00:00,1.293,1.297,1.294,1.295,68506.65
1767124800,2025-12-30 20:00:00,1.291,1.294,1.294,1.292,209575.08
1767128400,2025-12-30 21:00:00,1.291,1.295,1.292,1.292,25406.1
1767132000,2025-12-30 22:00:00,1.291,1.301,1.293,1.294,31383.12
1767135600,2025-12-30 23:00:00,1.294,1.299,1.295,1.296,15447.89
1767139200,2025-12-31 00:00:00,1.29,1.296,1.296,1.291,26359.3
1767142800,2025-12-31 01:00:00,1.29,1.304,1.29,1.3,16659.94
1767146400,2025-12-31 02:00:00,1.291,1.303,1.299,1.296,102540.53
1767150000,2025-12-31 03:00:00,1.292,1.306,1.297,1.294,86260.02
1767153600,2025-12-31 04:00:00,1.294,1.309,1.295,1.294,99965.67
1767157200,2025-12-31 05:00:00,1.294,1.299,1.294,1.298,10545.61
1767160800,2025-12-31 06:00:00,1.291,1.3,1.299,1.293,11202.03
1767164400,2025-12-31 07:00:00,1.291,1.294,1.292,1.293,26524.34
1767168000,2025-12-31 08:00:00,1.29,1.296,1.294,1.29,45308.98
1767171600,2025-12-31 09:00:00,1.29,1.295,1.291,1.291,25062.71
1767175200,2025-12-31 10:00:00,1.29,1.294,1.291,1.291,23187.46
1767178800,2025-12-31 11:00:00,1.29,1.298,1.29,1.295,11736.38
1767182400,2025-12-31 12:00:00,1.29,1.294,1.294,1.291,34943.62
1767186000,2025-12-31 13:00:00,1.29,1.296,1.291,1.296,34028.12
1767189600,2025-12-31 14:00:00,1.29,1.302,1.296,1.29,74456.19
1767193200,2025-12-31 15:00:00,1.289,1.296,1.29,1.289,200145.19
1767196800,2025-12-31 16:00:00,1.286,1.29,1.29,1.287,621404.38
1767200400,2025-12-31 17:00:00,1.284,1.291,1.287,1.285,177410.21
1767204000,2025-12-31 18:00:00,1.284,1.291,1.284,1.284,104944.88
1767207600,2025-12-31 19:00:00,1.284,1.29,1.284,1.284,151520.56
1767211200,2025-12-31 20:00:00,1.284,1.293,1.284,1.288,99129.88
1767214800,2025-12-31 21:00:00,1.284,1.315,1.288,1.293,209346.06
1767218400,2025-12-31 22:00:00,1.286,1.294,1.292,1.287,68355.86
1767222000,2025-12-31 23:00:00,1.283,1.287,1.286,1.285,118295.7
1767225600,2026-01-01 00:00:00,1.283,1.296,1.286,1.291,67658.58
1767229200,2026-01-01 01:00:00,1.285,1.292,1.291,1.287,11965.65
1767232800,2026-01-01 02:00:00,1.282,1.318,1.285,1.289,136852.22
1767236400,2026-01-01 03:00:00,1.283,1.288,1.288,1.285,5815.12
1767240000,2026-01-01 04:00:00,1.282,1.285,1.284,1.285,30393.35
1767243600,2026-01-01 05:00:00,1.284,1.289,1.286,1.285,58090.65
1767247200,2026-01-01 06:00:00,1.284,1.288,1.284,1.286,52043.26
1767250800,2026-01-01 07:00:00,1.284,1.288,1.287,1.286,45124.64
1767254400,2026-01-01 08:00:00,1.285,1.288,1.286,1.288,27445.35
1767258000,2026-01-01 09:00:00,1.288,1.293,1.288,1.29,92646.16
1767261600,2026-01-01 10:00:00,1.291,1.295,1.293,1.294,3018.04
1767265200,2026-01-01 11:00:00,1.293,1.298,1.294,1.297,12243.76
1767268800,2026-01-01 12:00:00,1.289,1.298,1.296,1.291,12278.56
1767272400,2026-01-01 13:00:00,1.292,1.309,1.293,1.306,19822.07
1767276000,2026-01-01 14:00:00,1.305,1.319,1.307,1.318,38426.09
1767279600,2026-01-01 15:00:00,1.316,1.338,1.318,1.338,90887.84
1767283200,2026-01-01 16:00:00,1.332,1.345,1.338,1.333,44835.11
1767286800,2026-01-01 17:00:00,1.334,1.356,1.334,1.348,80258.48
1767290400,2026-01-01 18:00:00,1.341,1.35,1.348,1.347,31429.43
1767294000,2026-01-01 19:00:00,1.346,1.358,1.346,1.358,33990.64
1767297600,2026-01-01 20:00:00,1.349,1.368,1.358,1.357,40625.13
1767301200,2026-01-01 21:00:00,1.352,1.36,1.357,1.356,24503.07
1767304800,2026-01-01 22:00:00,1.357,1.37,1.357,1.37,10747.71
1767308400,2026-01-01 23:00:00,1.371,1.386,1.371,1.382,44472.77
1767312000,2026-01-02 00:00:00,1.38,1.404,1.384,1.388,95033.48
1767315600,2026-01-02 01:00:00,1.387,1.421,1.387,1.409,70020.05
1767319200,2026-01-02 02:00:00,1.41,1.446,1.412,1.437,109476.3
1767322800,2026-01-02 03:00:00,1.427,1.485,1.437,1.485,194647.33
1767326400,2026-01-02 04:00:00,1.439,1.492,1.486,1.442,145916.55
1767330000,2026-01-02 05:00:00,1.425,1.456,1.443,1.432,41880.44
1767333600,2026-01-02 06:00:00,1.43,1.465,1.432,1.445,178783.81
1767337200,2026-01-02 07:00:00,1.431,1.45,1.445,1.434,58085.79
1767340800,2026-01-02 08:00:00,1.43,1.489,1.435,1.468,114228.96
1767344400,2026-01-02 09:00:00,1.467,1.541,1.469,1.532,247932.11
1767348000,2026-01-02 10:00:00,1.491,1.583,1.53,1.498,286525.99
1767351600,2026-01-02 11:00:00,1.471,1.502,1.496,1.483,154475.16
1767355200,2026-01-02 12:00:00,1.476,1.508,1.484,1.5,129560.83
1767358800,2026-01-02 13:00:00,1.488,1.516,1.5,1.504,94294.87
1767362400,2026-01-02 14:00:00,1.478,1.527,1.505,1.511,115292.55
1767366000,2026-01-02 15:00:00,1.492,1.524,1.512,1.512,78349.32
1767369600,2026-01-02 16:00:00,1.499,1.532,1.512,1.527,172766.43
1767373200,2026-01-02 17:00:00,1.509,1.532,1.527,1.517,61983.87
1767376800,2026-01-02 18:00:00,1.495,1.523,1.516,1.509,70848.5
1767380400,2026-01-02 19:00:00,1.507,1.526,1.508,1.522,61503.45
1767384000,2026-01-02 20:00:00,1.504,1.523,1.523,1.508,54246.42
1767387600,2026-01-02 21:00:00,1.506,1.526,1.508,1.519,72406.91
1767391200,2026-01-02 22:00:00,1.514,1.533,1.518,1.523,40390.04
1767394800,2026-01-02 23:00:00,1.512,1.526,1.522,1.517,80681.47
1767398400,2026-01-03 00:00:00,1.516,1.544,1.516,1.528,117617.57
1767402000,2026-01-03 01:00:00,1.524,1.545,1.528,1.536,53728.05
1767405600,2026-01-03 02:00:00,1.53,1.541,1.535,1.537,30525.04
1767409200,2026-01-03 03:00:00,1.532,1.566,1.538,1.555,67270.27
1767412800,2026-01-03 04:00:00,1.54,1.554,1.554,1.548,61987.01
1767416400,2026-01-03 05:00:00,1.548,1.568,1.548,1.566,77365.98
1767420000,2026-01-03 06:00:00,1.527,1.565,1.565,1.53,23195.3
1767423600,2026-01-03 07:00:00,1.496,1.531,1.529,1.497,59535.32
1767427200,2026-01-03 08:00:00,1.491,1.513,1.497,1.505,23618.59
1767430800,2026-01-03 09:00:00,1.503,1.518,1.504,1.51,21595.23
1767434400,2026-01-03 10:00:00,1.499,1.51,1.509,1.507,25882.41
1767438000,2026-01-03 11:00:00,1.5,1.523,1.506,1.512,35528.83
1767441600,2026-01-03 12:00:00,1.511,1.525,1.512,1.519,12256.87
1767445200,2026-01-03 13:00:00,1.516,1.527,1.519,1.524,22121.41
1767448800,2026-01-03 14:00:00,1.522,1.535,1.523,1.534,26106.65
1767452400,2026-01-03 15:00:00,1.531,1.556,1.534,1.537,109669.22
1767456000,2026-01-03 16:00:00,1.538,1.605,1.538,1.59,90335.27
1767459600,2026-01-03 17:00:00,1.573,1.596,1.589,1.575,57859.45
1767463200,2026-01-03 18:00:00,1.567,1.661,1.575,1.636,231508.64
1767466800,2026-01-03 19:00:00,1.625,1.717,1.634,1.71,249908.41
1767470400,2026-01-03 20:00:00,1.662,1.762,1.711,1.727,433660.27
1767474000,2026-01-03 21:00:00,1.698,1.734,1.727,1.714,135785.66
1767477600,2026-01-03 22:00:00,1.705,1.833,1.713,1.819,364499.92
1767481200,2026-01-03 23:00:00,1.803,1.894,1.818,1.841,458654.75
1767484800,2026-01-04 00:00:00,1.803,1.9,1.841,1.825,333243.95
1767488400,2026-01-04 01:00:00,1.797,1.882,1.826,1.871,182060.24
1767492000,2026-01-04 02:00:00,1.806,1.891,1.872,1.821,245006.81
1767495600,2026-01-04 03:00:00,1.793,1.858,1.818,1.818,213518.32
1767499200,2026-01-04 04:00:00,1.813,1.851,1.818,1.838,116641.37
1767502800,2026-01-04 05:00:00,1.805,1.838,1.837,1.808,230192.69
1767506400,2026-01-04 06:00:00,1.793,1.839,1.809,1.823,139556.23
1767510000,2026-01-04 07:00:00,1.8,1.838,1.822,1.81,163362.26
1767513600,2026-01-04 08:00:00,1.795,1.826,1.809,1.815,115770.5
1767517200,2026-01-04 09:00:00,1.797,1.842,1.816,1.811,172531.85
1767520800,2026-01-04 10:00:00,1.782,1.816,1.812,1.788,136223.29
1767524400,2026-01-04 11:00:00,1.734,1.787,1.787,1.77,353642.17
1767528000,2026-01-04 12:00:00,1.77,1.792,1.77,1.782,77756.58
1767531600,2026-01-04 13:00:00,1.777,1.795,1.781,1.794,80068.75
1767535200,2026-01-04 14:00:00,1.787,1.803,1.793,1.802,126250.52
1767538800,2026-01-04 15:00:00,1.793,1.823,1.801,1.819,193873.34
1767542400,2026-01-04 16:00:00,1.813,1.842,1.818,1.842,96083.11
1767546000,2026-01-04 17:00:00,1.839,1.994,1.841,1.983,529851.71
1767549600,2026-01-04 18:00:00,1.922,2.014,1.984,1.967,638222.46
1767553200,2026-01-04 19:00:00,1.901,1.975,1.969,1.937,221349.53
1767556800,2026-01-04 20:00:00,1.929,1.973,1.937,1.931,137894.44
1767560400,2026-01-04 21:00:00,1.911,1.947,1.931,1.946,95776.49
1767564000,2026-01-04 22:00:00,1.939,1.991,1.946,1.977,167287.19
1767567600,2026-01-04 23:00:00,1.975,2.011,1.977,1.99,152407.24
1767571200,2026-01-05 00:00:00,1.943,2.004,1.99,1.981,158777.4
1767574800,2026-01-05 01:00:00,1.966,2.118,1.98,2.081,405413.56
1767578400,2026-01-05 02:00:00,2.078,2.145,2.082,2.136,407149.55
1767582000,2026-01-05 03:00:00,2.078,2.136,2.136,2.087,284887.99
1767585600,2026-01-05 04:00:00,2.048,2.098,2.087,2.065,195042.25
1767589200,2026-01-05 05:00:00,2.049,2.094,2.064,2.059,130998.74
1767592800,2026-01-05 06:00:00,2.057,2.087,2.06,2.068,94495.72
1767596400,2026-01-05 07:00:00,2.034,2.109,2.067,2.094,121066.05
1767600000,2026-01-05 08:00:00,2.069,2.121,2.094,2.077,106724.38
1767603600,2026-01-05 09:00:00,2.037,2.083,2.077,2.059,114833.3
1767607200,2026-01-05 10:00:00,2.048,2.113,2.059,2.092,130002.34
1767610800,2026-01-05 11:00:00,2.069,2.098,2.094,2.081,87821.47
1767614400,2026-01-05 12:00:00,2.074,2.137,2.082,2.132,332157.3
1767618000,2026-01-05 13:00:00,2.093,2.178,2.133,2.144,275094.4
1767621600,2026-01-05 14:00:00,2.107,2.256,2.145,2.227,509001.75
1767625200,2026-01-05 15:00:00,2.153,2.236,2.229,2.203,275535.86
1767628800,2026-01-05 16:00:00,2.084,2.202,2.202,2.13,343001.79
1767632400,2026-01-05 17:00:00,1.99,2.139,2.13,2.135,314121.71
1767636000,2026-01-05 18:00:00,2.128,2.171,2.135,2.152,220123.72
1767639600,2026-01-05 19:00:00,2.149,2.236,2.151,2.218,308523.24
1767643200,2026-01-05 20:00:00,2.214,2.285,2.217,2.229,363729.18
1767646800,2026-01-05 21:00:00,2.214,2.265,2.23,2.259,256871.59
1767650400,2026-01-05 22:00:00,2.227,2.311,2.259,2.25,294245.22
1767654000,2026-01-05 23:00:00,2.207,2.249,2.249,2.207,133238.74
1767657600,2026-01-06 00:00:00,2.174,2.22,2.207,2.205,153470.89
1767661200,2026-01-06 01:00:00,2.2,2.29,2.206,2.284,235043.14
1767664800,2026-01-06 02:00:00,2.255,2.303,2.284,2.283,162052.32
1767668400,2026-01-06 03:00:00,2.264,2.337,2.284,2.277,184451.75
1767672000,2026-01-06 04:00:00,2.264,2.347,2.278,2.306,105518.7
1767675600,2026-01-06 05:00:00,2.295,2.488,2.305,2.402,371126.45
1767679200,2026-01-06 06:00:00,2.338,2.446,2.401,2.347,261163.24
1767682800,2026-01-06 07:00:00,2.347,2.408,2.347,2.378,165247.71
1767686400,2026-01-06 08:00:00,2.363,2.449,2.379,2.399,179287.58
1767690000,2026-01-06 09:00:00,2.366,2.467,2.398,2.462,220931.51
1767693600,2026-01-06 10:00:00,2.442,2.524,2.462,2.458,250987.98
1767697200,2026-01-06 11:00:00,2.453,2.578,2.458,2.553,411734.63
1767700800,2026-01-06 12:00:00,2.476,2.561,2.552,2.492,250334.41
1767704400,2026-01-06 13:00:00,2.375,2.491,2.491,2.406,360693.15
1767708000,2026-01-06 14:00:00,2.403,2.502,2.404,2.48,223552.83
1767711600,2026-01-06 15:00:00,2.47,2.563,2.479,2.528,348917.08
1767715200,2026-01-06 16:00:00,2.372,2.54,2.526,2.395,497571.9
1767718800,2026-01-06 17:00:00,2.28,2.45,2.394,2.291,526846.6
1767722400,2026-01-06 18:00:00,2.28,2.386,2.291,2.378,496746.46
1767726000,2026-01-06 19:00:00,2.373,2.44,2.378,2.391,261398.69
1767729600,2026-01-06 20:00:00,2.39,2.45,2.39,2.434,243909.86
1767733200,2026-01-06 21:00:00,2.408,2.481,2.434,2.428,221003.37
1767736800,2026-01-06 22:00:00,2.363,2.43,2.427,2.379,138001.72
1767740400,2026-01-06 23:00:00,2.376,2.408,2.379,2.377,173771.67
1767744000,2026-01-07 00:00:00,2.301,2.38,2.377,2.309,358990.91
1767747600,2026-01-07 01:00:00,2.301,2.33,2.31,2.311,130107.83
1767751200,2026-01-07 02:00:00,2.302,2.351,2.31,2.342,87417.24
1767754800,2026-01-07 03:00:00,2.314,2.347,2.343,2.334,56666.13
1767758400,2026-01-07 04:00:00,2.316,2.346,2.335,2.319,34701.02
1767762000,2026-01-07 05:00:00,2.311,2.347,2.319,2.319,62396.77
1767765600,2026-01-07 06:00:00,2.312,2.343,2.318,2.316,62649.42
1767769200,2026-01-07 07:00:00,2.319,2.346,2.319,2.339,52804.23
1767772800,2026-01-07 08:00:00,2.334,2.427,2.339,2.406,225335.37
1767776400,2026-01-07 09:00:00,2.314,2.415,2.404,2.335,155692.57
1767780000,2026-01-07 10:00:00,2.329,2.412,2.333,2.41,221884.06
1767783600,2026-01-07 11:00:00,2.398,2.457,2.41,2.436,274355.97
1767787200,2026-01-07 12:00:00,2.36,2.442,2.437,2.362,198717.69
1767790800,2026-01-07 13:00:00,2.325,2.376,2.364,2.337,125068.99
1767794400,2026-01-07 14:00:00,2.27,2.341,2.336,2.333,359167.27
1767798000,2026-01-07 15:00:00,2.272,2.334,2.334,2.286,204701.17
1767801600,2026-01-07 16:00:00,2.283,2.347,2.285,2.301,172546.81
1767805200,2026-01-07 17:00:00,2.293,2.328,2.303,2.303,98390.74
1767808800,2026-01-07 18:00:00,2.285,2.328,2.303,2.296,103020.45
1767812400,2026-01-07 19:00:00,2.26,2.365,2.297,2.351,248614.03
1767816000,2026-01-07 20:00:00,2.301,2.356,2.351,2.318,147379.81
1767819600,2026-01-07 21:00:00,2.304,2.331,2.319,2.313,68609.92
1767823200,2026-01-07 22:00:00,2.264,2.318,2.314,2.271,57265.76
1767826800,2026-01-07 23:00:00,2.232,2.299,2.271,2.246,146948.74
1767830400,2026-01-08 00:00:00,2.192,2.249,2.246,2.24,166930.66
1767834000,2026-01-08 01:00:00,2.224,2.281,2.241,2.236,102394.6
1767837600,2026-01-08 02:00:00,2.213,2.237,2.234,2.216,93646.49
1767841200,2026-01-08 03:00:00,2.184,2.225,2.218,2.202,73263.38
1767844800,2026-01-08 04:00:00,2.194,2.233,2.201,2.214,62276.73
1767848400,2026-01-08 05:00:00,2.204,2.232,2.216,2.212,115599.56
1767852000,2026-01-08 06:00:00,2.181,2.214,2.21,2.183,125814.67
1767855600,2026-01-08 07:00:00,2.182,2.239,2.184,2.224,166650.93
1767859200,2026-01-08 08:00:00,2.206,2.264,2.224,2.213,129620.46
1767862800,2026-01-08 09:00:00,2.144,2.213,2.213,2.152,161218.39
1767866400,2026-01-08 10:00:00,2.138,2.179,2.152,2.169,105596.4
1767870000,2026-01-08 11:00:00,2.118,2.172,2.171,2.132,73277.47
1767873600,2026-01-08 12:00:00,2.064,2.134,2.132,2.086,306091.5
1767877200,2026-01-08 13:00:00,2.08,2.113,2.086,2.092,201660.5
1767880800,2026-01-08 14:00:00,2.045,2.123,2.092,2.114,371100.58
1767884400,2026-01-08 15:00:00,2.092,2.344,2.112,2.319,436937.24
1767888000,2026-01-08 16:00:00,2.22,2.334,2.319,2.232,510819.41
1767891600,2026-01-08 17:00:00,2.226,2.294,2.233,2.246,203559.14
1767895200,2026-01-08 18:00:00,2.188,2.253,2.248,2.208,194232.41
1767898800,2026-01-08 19:00:00,2.179,2.221,2.209,2.187,113369.96
1767902400,2026-01-08 20:00:00,2.156,2.187,2.186,2.182,136359.88
1767906000,2026-01-08 21:00:00,2.181,2.237,2.181,2.219,110307.21
1767909600,2026-01-08 22:00:00,2.17,2.221,2.219,2.179,153153.64
1767913200,2026-01-08 23:00:00,2.161,2.184,2.179,2.165,73659.58
1767916800,2026-01-09 00:00:00,2.157,2.176,2.165,2.173,58844.27
1767920400,2026-01-09 01:00:00,2.117,2.181,2.174,2.154,124132.46
1767924000,2026-01-09 02:00:00,2.144,2.221,2.154,2.189,267882.98
1767927600,2026-01-09 03:00:00,2.186,2.238,2.188,2.219,168015.54
1767931200,2026-01-09 04:00:00,2.194,2.219,2.218,2.216,51228.75
1767934800,2026-01-09 05:00:00,2.217,2.263,2.217,2.244,100958.32
1767938400,2026-01-09 06:00:00,2.23,2.323,2.243,2.308,135429.43
1767942000,2026-01-09 07:00:00,2.243,2.308,2.308,2.248,402580.3
1767945600,2026-01-09 08:00:00,2.196,2.25,2.249,2.215,114938.95
1767949200,2026-01-09 09:00:00,2.211,2.256,2.214,2.232,69342.75
1767952800,2026-01-09 10:00:00,2.207,2.231,2.23,2.216,77105.59
1767956400,2026-01-09 11:00:00,2.207,2.248,2.215,2.244,97316.07
1767960000,2026-01-09 12:00:00,2.201,2.252,2.243,2.203,109689.58
1767963600,2026-01-09 13:00:00,2.204,2.288,2.204,2.276,168061.79
1767967200,2026-01-09 14:00:00,2.237,2.288,2.276,2.259,229229.24
1767970800,2026-01-09 15:00:00,2.244,2.48,2.259,2.359,650980.14
1767974400,2026-01-09 16:00:00,2.313,2.408,2.359,2.332,365427.13
1767978000,2026-01-09 17:00:00,2.277,2.344,2.332,2.329,287197.02
1767981600,2026-01-09 18:00:00,2.249,2.329,2.329,2.281,198252.3
1767985200,2026-01-09 19:00:00,2.254,2.291,2.28,2.271,123478.25
1767988800,2026-01-09 20:00:00,2.262,2.293,2.271,2.269,86885.35
1767992400,2026-01-09 21:00:00,2.259,2.301,2.27,2.295,96993.08
1767996000,2026-01-09 22:00:00,2.295,2.396,2.296,2.395,194358.98
1767999600,2026-01-09 23:00:00,2.33,2.402,2.395,2.342,237190.84
1768003200,2026-01-10 00:00:00,2.299,2.341,2.341,2.304,132067.91
1768006800,2026-01-10 01:00:00,2.3,2.337,2.305,2.312,88099.45
1768010400,2026-01-10 02:00:00,2.273,2.313,2.313,2.287,98997.91
1768014000,2026-01-10 03:00:00,2.256,2.304,2.287,2.262,98759.35
1768017600,2026-01-10 04:00:00,2.232,2.269,2.261,2.265,131685.37
1768021200,2026-01-10 05:00:00,2.255,2.281,2.265,2.26,105795.05
1768024800,2026-01-10 06:00:00,2.251,2.291,2.26,2.263,83857.95
1768028400,2026-01-10 07:00:00,2.255,2.282,2.262,2.269,56545.09
1768032000,2026-01-10 08:00:00,2.267,2.283,2.268,2.279,39197.72
1768035600,2026-01-10 09:00:00,2.279,2.362,2.279,2.348,189341.3
1768039200,2026-01-10 10:00:00,2.324,2.374,2.347,2.359,153672.87
1768042800,2026-01-10 11:00:00,2.323,2.372,2.358,2.343,208591.62
1768046400,2026-01-10 12:00:00,2.32,2.361,2.343,2.324,83402.24
1768050000,2026-01-10 13:00:00,2.307,2.336,2.323,2.316,64750.98
1768053600,2026-01-10 14:00:00,2.292,2.319,2.316,2.311,64098.87
1768057200,2026-01-10 15:00:00,2.312,2.332,2.312,2.326,86665.84
1768060800,2026-01-10 16:00:00,2.268,2.335,2.325,2.279,133322.41
1768064400,2026-01-10 17:00:00,2.267,2.308,2.279,2.276,82317.52
1768068000,2026-01-10 18:00:00,2.272,2.297,2.276,2.282,64332.35
1768071600,2026-01-10 19:00:00,2.277,2.309,2.281,2.298,78317.47
1768075200,2026-01-10 20:00:00,2.283,2.3,2.298,2.291,32926.84
1768078800,2026-01-10 21:00:00,2.276,2.311,2.29,2.28,97252.02
1768082400,2026-01-10 22:00:00,2.252,2.29,2.28,2.253,62722.84
1768086000,2026-01-10 23:00:00,2.253,2.286,2.253,2.28,52141.36
1768089600,2026-01-11 00:00:00,2.27,2.3,2.278,2.3,58826.21
1768093200,2026-01-11 01:00:00,2.266,2.301,2.3,2.297,35399.77
1768096800,2026-01-11 02:00:00,2.292,2.366,2.297,2.333,326897.52
1768100400,2026-01-11 03:00:00,2.326,2.376,2.333,2.334,143095.19
1768104000,2026-01-11 04:00:00,2.281,2.335,2.335,2.303,92093.53
1768107600,2026-01-11 05:00:00,2.294,2.31,2.302,2.295,77340.19
1768111200,2026-01-11 06:00:00,2.283,2.32,2.295,2.304,31690.71
1768114800,2026-01-11 07:00:00,2.3,2.357,2.304,2.33,95313.76
1768118400,2026-01-11 08:00:00,2.304,2.367,2.33,2.343,77215.51
1768122000,2026-01-11 09:00:00,2.327,2.365,2.343,2.329,55967.77
1768125600,2026-01-11 10:00:00,2.326,2.341,2.329,2.33,35727.14
1768129200,2026-01-11 11:00:00,2.321,2.366,2.329,2.363,61679.5
1768132800,2026-01-11 12:00:00,2.364,2.478,2.365,2.437,547866.62
1768136400,2026-01-11 13:00:00,2.374,2.437,2.437,2.422,264957.8
1768140000,2026-01-11 14:00:00,2.412,2.573,2.423,2.531,426941.31
1768143600,2026-01-11 15:00:00,2.479,2.577,2.532,2.501,504139.2
1768147200,2026-01-11 16:00:00,2.498,2.62,2.501,2.6,558811.32
1768150800,2026-01-11 17:00:00,2.55,2.626,2.601,2.618,542478.25
1768154400,2026-01-11 18:00:00,2.577,2.643,2.618,2.611,402689.76
1768158000,2026-01-11 19:00:00,2.612,2.72,2.612,2.656,503942.68
1768161600,2026-01-11 20:00:00,2.575,2.661,2.656,2.604,505403.22
1768165200,2026-01-11 21:00:00,2.525,2.603,2.603,2.585,331537.65
1768168800,2026-01-11 22:00:00,2.535,2.589,2.586,2.569,158576.78
1768172400,2026-01-11 23:00:00,2.545,2.621,2.571,2.58,229807.22
1768176000,2026-01-12 00:00:00,2.54,2.646,2.579,2.586,483675.84
1768179600,2026-01-12 01:00:00,2.552,2.633,2.587,2.59,334060
1768183200,2026-01-12 02:00:00,2.57,2.623,2.591,2.611,209976.67
1768186800,2026-01-12 03:00:00,2.58,2.618,2.612,2.586,307014.59
1768190400,2026-01-12 04:00:00,2.57,2.612,2.586,2.601,101963.51
1768194000,2026-01-12 05:00:00,2.546,2.604,2.6,2.55,182495.82
1768197600,2026-01-12 06:00:00,2.501,2.56,2.55,2.511,157015.01
1768201200,2026-01-12 07:00:00,2.466,2.521,2.512,2.468,184623.12
1768204800,2026-01-12 08:00:00,2.426,2.483,2.469,2.475,200451.06
1768208400,2026-01-12 09:00:00,2.431,2.481,2.475,2.434,248225.19
1768212000,2026-01-12 10:00:00,2.429,2.451,2.435,2.439,84967.4
1768215600,2026-01-12 11:00:00,2.413,2.453,2.441,2.421,85597.51
1768219200,2026-01-12 12:00:00,2.406,2.437,2.422,2.414,106108.97
1768222800,2026-01-12 13:00:00,2.304,2.416,2.414,2.344,313035.88
1768226400,2026-01-12 14:00:00,2.342,2.418,2.344,2.399,205878.1
1768230000,2026-01-12 15:00:00,2.39,2.435,2.398,2.423,129849.65
1768233600,2026-01-12 16:00:00,2.418,2.463,2.424,2.43,136174.38
1768237200,2026-01-12 17:00:00,2.401,2.451,2.43,2.408,133517.54
1768240800,2026-01-12 18:00:00,2.386,2.431,2.408,2.402,115520.93
1768244400,2026-01-12 19:00:00,2.391,2.421,2.402,2.413,79863.59
1768248000,2026-01-12 20:00:00,2.4,2.441,2.412,2.406,103511.16
1768251600,2026-01-12 21:00:00,2.366,2.406,2.406,2.379,75781.43
1768255200,2026-01-12 22:00:00,2.35,2.394,2.379,2.359,160912.49
1768258800,2026-01-12 23:00:00,2.351,2.374,2.359,2.372,77136.9
1768262400,2026-01-13 00:00:00,2.365,2.396,2.373,2.375,87305.76
1768266000,2026-01-13 01:00:00,2.351,2.385,2.377,2.354,56814.53
1768269600,2026-01-13 02:00:00,2.336,2.37,2.353,2.34,58887.54
1768273200,2026-01-13 03:00:00,2.329,2.347,2.341,2.334,75203.44
1768276800,2026-01-13 04:00:00,2.33,2.346,2.334,2.342,43383.45
1768280400,2026-01-13 05:00:00,2.343,2.383,2.343,2.363,98569.03
1768284000,2026-01-13 06:00:00,2.336,2.367,2.363,2.344,78642.15
1768287600,2026-01-13 07:00:00,2.333,2.351,2.344,2.347,33873.32
1768291200,2026-01-13 08:00:00,2.348,2.383,2.348,2.375,75598.8
1768294800,2026-01-13 09:00:00,2.343,2.378,2.375,2.348,63820.34
1768298400,2026-01-13 10:00:00,2.349,2.365,2.349,2.362,32050.26
1768302000,2026-01-13 11:00:00,2.344,2.362,2.362,2.344,43903.57
1768305600,2026-01-13 12:00:00,2.331,2.356,2.344,2.352,82102.92
1768309200,2026-01-13 13:00:00,2.343,2.392,2.352,2.375,153401.55
1768312800,2026-01-13 14:00:00,2.365,2.448,2.373,2.401,244339.25
1768316400,2026-01-13 15:00:00,2.349,2.414,2.4,2.411,188358.4
1768320000,2026-01-13 16:00:00,2.365,2.418,2.412,2.387,156421.02
1768323600,2026-01-13 17:00:00,2.358,2.394,2.388,2.385,170917.54
1768327200,2026-01-13 18:00:00,2.376,2.404,2.385,2.381,102846.94
1768330800,2026-01-13 19:00:00,2.365,2.39,2.38,2.374,182928.95
1768334400,2026-01-13 20:00:00,2.339,2.376,2.373,2.351,122079.23
1768338000,2026-01-13 21:00:00,2.344,2.384,2.351,2.359,206771.79
1768341600,2026-01-13 22:00:00,2.34,2.44,2.359,2.421,426297.78
1768345200,2026-01-13 23:00:00,2.356,2.434,2.422,2.362,173224.07
1768348800,2026-01-14 00:00:00,2.351,2.387,2.363,2.383,152186.57
1768352400,2026-01-14 01:00:00,2.376,2.417,2.382,2.386,331073.22
1768356000,2026-01-14 02:00:00,2.37,2.404,2.386,2.378,86803.3
1768359600,2026-01-14 03:00:00,2.374,2.395,2.378,2.389,81081.04
1768363200,2026-01-14 04:00:00,2.348,2.396,2.388,2.351,90950.03
1768366800,2026-01-14 05:00:00,2.336,2.365,2.351,2.354,67741.14
1768370400,2026-01-14 06:00:00,2.352,2.372,2.353,2.367,54634.86
1768374000,2026-01-14 07:00:00,2.355,2.387,2.367,2.376,49016.92
1768377600,2026-01-14 08:00:00,2.376,2.418,2.377,2.408,148511.11
1768381200,2026-01-14 09:00:00,2.395,2.438,2.409,2.429,106633.33
1768384800,2026-01-14 10:00:00,2.39,2.44,2.43,2.397,107106.13
1768388400,2026-01-14 11:00:00,2.358,2.399,2.397,2.368,88878.74
1768392000,2026-01-14 12:00:00,2.365,2.402,2.368,2.374,82165.61
1768395600,2026-01-14 13:00:00,2.345,2.376,2.374,2.35,79148.37
1768399200,2026-01-14 14:00:00,2.346,2.409,2.349,2.382,213006.72
1768402800,2026-01-14 15:00:00,2.364,2.418,2.382,2.397,333827.36
1768406400,2026-01-14 16:00:00,2.377,2.458,2.398,2.386,309398.39
1768410000,2026-01-14 17:00:00,2.36,2.396,2.386,2.369,200671.46
1768413600,2026-01-14 18:00:00,2.308,2.388,2.369,2.342,212996.55
1768417200,2026-01-14 19:00:00,2.336,2.422,2.342,2.368,223239.33
1768420800,2026-01-14 20:00:00,2.332,2.38,2.367,2.34,139533.23
1768424400,2026-01-14 21:00:00,2.316,2.345,2.34,2.326,72079.08
1768428000,2026-01-14 22:00:00,2.281,2.348,2.326,2.295,140629.23
1768431600,2026-01-14 23:00:00,2.252,2.32,2.294,2.262,332862.28
1768435200,2026-01-15 00:00:00,2.254,2.275,2.263,2.275,123182.8
1768438800,2026-01-15 01:00:00,2.206,2.289,2.275,2.221,184629.18
1768442400,2026-01-15 02:00:00,2.206,2.231,2.223,2.225,114060.23
1768446000,2026-01-15 03:00:00,2.181,2.241,2.225,2.191,184486.56
1768449600,2026-01-15 04:00:00,2.185,2.204,2.191,2.193,62894.74
1768453200,2026-01-15 05:00:00,2.179,2.211,2.193,2.193,152325.92
1768456800,2026-01-15 06:00:00,2.193,2.21,2.193,2.195,97553.5
1768460400,2026-01-15 07:00:00,2.195,2.231,2.196,2.225,50502.09
1768464000,2026-01-15 08:00:00,2.214,2.231,2.225,2.221,43006.44
1768467600,2026-01-15 09:00:00,2.21,2.244,2.221,2.227,42576.86
1768471200,2026-01-15 10:00:00,2.222,2.247,2.227,2.244,41653.59
1768474800,2026-01-15 11:00:00,2.24,2.26,2.244,2.252,72436.05
1768478400,2026-01-15 12:00:00,2.252,2.305,2.253,2.294,123255.38
1768482000,2026-01-15 13:00:00,2.286,2.345,2.294,2.302,146587.36
1768485600,2026-01-15 14:00:00,2.247,2.308,2.302,2.261,139751.42
1768489200,2026-01-15 15:00:00,2.19,2.269,2.26,2.243,143994.87
1768492800,2026-01-15 16:00:00,2.222,2.251,2.242,2.238,111868.85
1768496400,2026-01-15 17:00:00,2.21,2.252,2.239,2.215,88442.28
1768500000,2026-01-15 18:00:00,2.189,2.227,2.215,2.2,117588.48
1768503600,2026-01-15 19:00:00,2.184,2.208,2.201,2.2,75371.3
1768507200,2026-01-15 20:00:00,2.165,2.214,2.2,2.17,96531.78
1768510800,2026-01-15 21:00:00,2.168,2.194,2.17,2.193,37830.55
1768514400,2026-01-15 22:00:00,2.192,2.21,2.192,2.202,67703.31
1768518000,2026-01-15 23:00:00,2.199,2.225,2.201,2.225,34586.13
1768521600,2026-01-16 00:00:00,2.223,2.258,2.223,2.234,117375.17
1768525200,2026-01-16 01:00:00,2.221,2.241,2.234,2.224,50504.85
1768528800,2026-01-16 02:00:00,2.189,2.223,2.222,2.207,95297.04
1768532400,2026-01-16 03:00:00,2.184,2.207,2.207,2.187,33865.46
1768536000,2026-01-16 04:00:00,2.17,2.195,2.187,2.179,54511.37
1768539600,2026-01-16 05:00:00,2.18,2.223,2.18,2.222,60347.81
1768543200,2026-01-16 06:00:00,2.211,2.252,2.221,2.242,88508.68
1768546800,2026-01-16 07:00:00,2.241,2.309,2.241,2.257,230207.81
1768550400,2026-01-16 08:00:00,2.24,2.285,2.257,2.264,79628.76
1768554000,2026-01-16 09:00:00,2.259,2.273,2.265,2.264,39062
1768557600,2026-01-16 10:00:00,2.246,2.263,2.263,2.259,35577.69
1768561200,2026-01-16 11:00:00,2.241,2.274,2.259,2.25,66594.08
1768564800,2026-01-16 12:00:00,2.227,2.255,2.25,2.231,44937.18
1768568400,2026-01-16 13:00:00,2.212,2.231,2.231,2.216,43146.21
1768572000,2026-01-16 14:00:00,2.214,2.239,2.217,2.217,69782.55
1768575600,2026-01-16 15:00:00,2.152,2.231,2.218,2.166,166783.83
1768579200,2026-01-16 16:00:00,2.163,2.221,2.166,2.208,122235.75
1768582800,2026-01-16 17:00:00,2.186,2.225,2.208,2.225,101607.21
1768586400,2026-01-16 18:00:00,2.215,2.24,2.226,2.221,68103.71
1768590000,2026-01-16 19:00:00,2.199,2.245,2.22,2.219,61366.37
1768593600,2026-01-16 20:00:00,2.206,2.244,2.22,2.244,48782.01
1768597200,2026-01-16 21:00:00,2.235,2.259,2.244,2.235,57864.48
1768600800,2026-01-16 22:00:00,2.223,2.259,2.235,2.233,29271.25
1768604400,2026-01-16 23:00:00,2.229,2.251,2.233,2.239,36434.7
1768608000,2026-01-17 00:00:00,2.233,2.246,2.237,2.241,27826.12
1768611600,2026-01-17 01:00:00,2.224,2.26,2.242,2.254,56215.66
1768615200,2026-01-17 02:00:00,2.239,2.268,2.254,2.263,73665.54
1768618800,2026-01-17 03:00:00,2.243,2.271,2.265,2.267,77380.36
1768622400,2026-01-17 04:00:00,2.26,2.29,2.266,2.279,57021.32
1768626000,2026-01-17 05:00:00,2.254,2.305,2.28,2.254,86415.78
1768629600,2026-01-17 06:00:00,2.241,2.256,2.256,2.244,54254.42
1768633200,2026-01-17 07:00:00,2.233,2.258,2.243,2.245,65336.84
1768636800,2026-01-17 08:00:00,2.226,2.256,2.245,2.228,52188.92
1768640400,2026-01-17 09:00:00,2.186,2.235,2.229,2.206,124382.08
1768644000,2026-01-17 10:00:00,2.204,2.235,2.206,2.218,31357.08
1768647600,2026-01-17 11:00:00,2.201,2.217,2.217,2.208,30772.82
1768651200,2026-01-17 12:00:00,2.206,2.218,2.207,2.211,33141.71
1768654800,2026-01-17 13:00:00,2.202,2.215,2.212,2.203,40139.13
1768658400,2026-01-17 14:00:00,2.2,2.233,2.202,2.218,75341.97
1768662000,2026-01-17 15:00:00,2.206,2.268,2.218,2.246,132927.57
1768665600,2026-01-17 16:00:00,2.214,2.246,2.246,2.227,135525.69
1768669200,2026-01-17 17:00:00,2.206,2.231,2.227,2.218,54384.32
1768672800,2026-01-17 18:00:00,2.214,2.23,2.219,2.228,54277.41
1768676400,2026-01-17 19:00:00,2.214,2.23,2.228,2.217,31893.19
1768680000,2026-01-17 20:00:00,2.21,2.222,2.218,2.221,57981.29
1768683600,2026-01-17 21:00:00,2.208,2.219,2.219,2.219,58968.51
1768687200,2026-01-17 22:00:00,2.195,2.223,2.219,2.21,84640.14
1768690800,2026-01-17 23:00:00,2.201,2.214,2.21,2.208,52254.48
1768694400,2026-01-18 00:00:00,2.184,2.209,2.205,2.194,117643.48
1768698000,2026-01-18 01:00:00,2.169,2.194,2.194,2.186,36063.48
1768701600,2026-01-18 02:00:00,2.178,2.198,2.187,2.182,41396.55
1768705200,2026-01-18 03:00:00,2.175,2.191,2.182,2.179,26434.54
1768708800,2026-01-18 04:00:00,2.173,2.192,2.178,2.19,16872.63
1768712400,2026-01-18 05:00:00,2.179,2.196,2.19,2.194,19465.1
1768716000,2026-01-18 06:00:00,2.183,2.199,2.193,2.187,29488.32
1768719600,2026-01-18 07:00:00,2.175,2.192,2.186,2.192,31039.34
1768723200,2026-01-18 08:00:00,2.184,2.194,2.192,2.188,14356.28
1768726800,2026-01-18 09:00:00,2.165,2.195,2.187,2.178,65735.01
1768730400,2026-01-18 10:00:00,2.167,2.183,2.179,2.178,35782.54
1768734000,2026-01-18 11:00:00,2.172,2.18,2.177,2.173,18808.5
1768737600,2026-01-18 12:00:00,2.151,2.178,2.173,2.157,46940.56
1768741200,2026-01-18 13:00:00,2.152,2.181,2.157,2.165,47231.25
1768744800,2026-01-18 14:00:00,2.133,2.176,2.164,2.142,84184.92
1768748400,2026-01-18 15:00:00,2.135,2.172,2.143,2.171,52608.32
1768752000,2026-01-18 16:00:00,2.158,2.188,2.171,2.168,99602.27
1768755600,2026-01-18 17:00:00,2.15,2.174,2.168,2.166,88969.35
1768759200,2026-01-18 18:00:00,2.164,2.202,2.166,2.195,52892.26
1768762800,2026-01-18 19:00:00,2.177,2.204,2.196,2.183,36734.99
1768766400,2026-01-18 20:00:00,2.176,2.217,2.183,2.212,88179.64
1768770000,2026-01-18 21:00:00,2.205,2.229,2.213,2.217,95225.64
1768773600,2026-01-18 22:00:00,2.209,2.226,2.217,2.21,48670.63
1768777200,2026-01-18 23:00:00,2.069,2.21,2.21,2.073,220903
1768780800,2026-01-19 00:00:00,1.875,2.073,2.072,1.991,474779.54
1768784400,2026-01-19 01:00:00,1.982,2.021,1.99,1.998,127760.51
1768788000,2026-01-19 02:00:00,1.996,2.024,1.999,2.008,52789.79
1768791600,2026-01-19 03:00:00,2.007,2.087,2.007,2.081,175350.33
1768795200,2026-01-19 04:00:00,2.069,2.135,2.08,2.096,183020.1
1768798800,2026-01-19 05:00:00,2.096,2.152,2.096,2.096,225316.45
1768802400,2026-01-19 06:00:00,2.055,2.1,2.096,2.06,168710.55
1768806000,2026-01-19 07:00:00,2.028,2.062,2.061,2.043,117803.97
1768809600,2026-01-19 08:00:00,2.039,2.083,2.042,2.078,93770.37
1768813200,2026-01-19 09:00:00,2.067,2.102,2.078,2.084,82104.27
1768816800,2026-01-19 10:00:00,2.075,2.111,2.083,2.088,62187.12
1768820400,2026-01-19 11:00:00,2.064,2.093,2.087,2.07,47265.15
1768824000,2026-01-19 12:00:00,2.051,2.074,2.069,2.052,39864.06
1768827600,2026-01-19 13:00:00,2.037,2.058,2.052,2.038,67894.02
1768831200,2026-01-19 14:00:00,2.024,2.047,2.039,2.029,55390.72
1768834800,2026-01-19 15:00:00,2.009,2.033,2.03,2.028,147636.55
1768838400,2026-01-19 16:00:00,2.026,2.064,2.026,2.055,79684.26
1768842000,2026-01-19 17:00:00,2.046,2.071,2.055,2.059,47008.65
1768845600,2026-01-19 18:00:00,2.047,2.072,2.058,2.062,58311.51
1768849200,2026-01-19 19:00:00,2.063,2.102,2.063,2.083,123992.99
1768852800,2026-01-19 20:00:00,2.073,2.092,2.083,2.076,60589.67
1768856400,2026-01-19 21:00:00,2.059,2.081,2.078,2.063,72835.73
1768860000,2026-01-19 22:00:00,2.041,2.074,2.062,2.046,98729.63
1768863600,2026-01-19 23:00:00,2.043,2.083,2.047,2.077,63026.67
1768867200,2026-01-20 00:00:00,2.053,2.074,2.072,2.055,50624.79
1768870800,2026-01-20 01:00:00,2.048,2.079,2.055,2.063,43721.25
1768874400,2026-01-20 02:00:00,2.049,2.07,2.062,2.057,42887.05
1768878000,2026-01-20 03:00:00,2.035,2.059,2.058,2.046,63879.71
1768881600,2026-01-20 04:00:00,2.043,2.064,2.045,2.045,34344.53
1768885200,2026-01-20 05:00:00,2.027,2.061,2.044,2.043,65069.29
1768888800,2026-01-20 06:00:00,2.011,2.044,2.043,2.019,66348.33
1768892400,2026-01-20 07:00:00,1.995,2.026,2.018,1.996,129710.83
1768896000,2026-01-20 08:00:00,1.966,2,1.996,1.979,189541.89
1768899600,2026-01-20 09:00:00,1.971,1.987,1.979,1.984,72880.26
1768903200,2026-01-20 10:00:00,1.983,2.004,1.983,1.987,48292.44
1768906800,2026-01-20 11:00:00,1.964,1.995,1.988,1.965,34609.17
1768910400,2026-01-20 12:00:00,1.963,1.978,1.965,1.966,124307.86
1768914000,2026-01-20 13:00:00,1.934,1.966,1.966,1.94,178696.59
1768917600,2026-01-20 14:00:00,1.941,2.026,1.942,1.995,144655.8
1768921200,2026-01-20 15:00:00,1.961,2.006,1.996,1.977,102471.74
1768924800,2026-01-20 16:00:00,1.945,1.989,1.978,1.948,79944.62
1768928400,2026-01-20 17:00:00,1.927,1.965,1.947,1.932,80342.07
1768932000,2026-01-20 18:00:00,1.9,1.935,1.933,1.915,327089.2
1768935600,2026-01-20 19:00:00,1.901,1.935,1.915,1.915,85589.99
1768939200,2026-01-20 20:00:00,1.914,1.948,1.914,1.948,58120.57
1768942800,2026-01-20 21:00:00,1.919,1.951,1.948,1.924,70890.62
1768946400,2026-01-20 22:00:00,1.886,1.932,1.924,1.927,129071.8
1768950000,2026-01-20 23:00:00,1.899,1.928,1.928,1.903,88367.89
1768953600,2026-01-21 00:00:00,1.889,1.943,1.903,1.942,133632.74
1768957200,2026-01-21 01:00:00,1.929,1.968,1.942,1.932,144304.57
1768960800,2026-01-21 02:00:00,1.93,1.95,1.934,1.934,91625.54
1768964400,2026-01-21 03:00:00,1.918,1.94,1.934,1.924,46385.4
1768968000,2026-01-21 04:00:00,1.919,1.943,1.925,1.931,61554.89
1768971600,2026-01-21 05:00:00,1.93,1.946,1.931,1.938,50075.86
1768975200,2026-01-21 06:00:00,1.939,1.962,1.939,1.956,55221.8
1768978800,2026-01-21 07:00:00,1.95,1.974,1.956,1.958,86228.92
1768982400,2026-01-21 08:00:00,1.922,1.96,1.957,1.933,113718.23
1768986000,2026-01-21 09:00:00,1.928,1.956,1.933,1.951,54404.07
1768989600,2026-01-21 10:00:00,1.93,1.966,1.951,1.93,65533.33
1768993200,2026-01-21 11:00:00,1.913,1.946,1.929,1.916,93138.75
1768996800,2026-01-21 12:00:00,1.879,1.92,1.916,1.915,204039.82
1769000400,2026-01-21 13:00:00,1.89,1.926,1.915,1.895,101793.79
1769004000,2026-01-21 14:00:00,1.894,2.058,1.895,2.056,450177
1769007600,2026-01-21 15:00:00,2.055,2.15,2.056,2.134,881216.57
1769011200,2026-01-21 16:00:00,1.984,2.141,2.135,1.99,591167.82
1769014800,2026-01-21 17:00:00,1.937,2.012,1.99,1.965,483985.87
1769018400,2026-01-21 18:00:00,1.942,1.988,1.963,1.975,190448.97
1769022000,2026-01-21 19:00:00,1.95,2.081,1.976,2.06,349125.72
1769025600,2026-01-21 20:00:00,1.993,2.064,2.059,2.024,225990.52
1769029200,2026-01-21 21:00:00,2.009,2.048,2.026,2.038,186807.89
1769032800,2026-01-21 22:00:00,2.003,2.042,2.038,2.003,109902.52
1769036400,2026-01-21 23:00:00,1.969,2.008,2.003,1.98,96292.66
1769040000,2026-01-22 00:00:00,1.981,2.033,1.981,2.009,254514.61
1769043600,2026-01-22 01:00:00,2.008,2.061,2.01,2.051,147347.64
1769047200,2026-01-22 02:00:00,2.047,2.096,2.05,2.068,159227.34
1769050800,2026-01-22 03:00:00,2.034,2.074,2.069,2.053,124916.19
1769054400,2026-01-22 04:00:00,2.04,2.072,2.052,2.058,142205.64
1769058000,2026-01-22 05:00:00,2.026,2.067,2.058,2.05,160680.97
1769061600,2026-01-22 06:00:00,2.027,2.058,2.05,2.042,54731.84
1769065200,2026-01-22 07:00:00,2.018,2.045,2.042,2.018,49134.18
1769068800,2026-01-22 08:00:00,2.015,2.047,2.019,2.045,92517.24
1769072400,2026-01-22 09:00:00,2.045,2.107,2.045,2.094,171428.84
1769076000,2026-01-22 10:00:00,2.053,2.096,2.094,2.065,142703.27
1769079600,2026-01-22 11:00:00,2.033,2.064,2.064,2.039,99799.77
1769083200,2026-01-22 12:00:00,2.024,2.04,2.039,2.025,54673.63
1769086800,2026-01-22 13:00:00,1.993,2.047,2.026,2.007,179473
1769090400,2026-01-22 14:00:00,1.978,2.019,2.007,2.007,235005.64
1769094000,2026-01-22 15:00:00,1.968,2.028,2.006,2.003,337000.34
1769097600,2026-01-22 16:00:00,1.993,2.049,2.003,2.027,187728.38
1769101200,2026-01-22 17:00:00,1.996,2.031,2.027,2.03,134746.36
1769104800,2026-01-22 18:00:00,2.005,2.032,2.029,2.012,164957.93
1769108400,2026-01-22 19:00:00,2.005,2.041,2.012,2.026,94846.98
1769112000,2026-01-22 20:00:00,2.017,2.051,2.025,2.022,215914.52
1769115600,2026-01-22 21:00:00,2.005,2.033,2.022,2.01,68916.11
1769119200,2026-01-22 22:00:00,2.003,2.028,2.01,2.019,112478.52
1769122800,2026-01-22 23:00:00,2.002,2.026,2.018,2.026,58334.24
1769126400,2026-01-23 00:00:00,2.026,2.081,2.026,2.063,189769.56
1769130000,2026-01-23 01:00:00,2.057,2.097,2.063,2.074,102091.83
1769133600,2026-01-23 02:00:00,2.04,2.078,2.074,2.044,164202.59
1769137200,2026-01-23 03:00:00,2.045,2.077,2.045,2.069,47734.78
1769140800,2026-01-23 04:00:00,2.061,2.107,2.069,2.089,55731.51
1769144400,2026-01-23 05:00:00,2.053,2.093,2.089,2.065,67511.86
1769148000,2026-01-23 06:00:00,2.051,2.099,2.064,2.055,113188.44
1769151600,2026-01-23 07:00:00,2.048,2.066,2.056,2.054,45194.32
1769155200,2026-01-23 08:00:00,2.031,2.067,2.053,2.038,68063.84
1769158800,2026-01-23 09:00:00,2.026,2.049,2.039,2.043,46237.16
1769162400,2026-01-23 10:00:00,2.035,2.055,2.043,2.043,51531.85
1769166000,2026-01-23 11:00:00,2.038,2.071,2.042,2.052,68222.93
1769169600,2026-01-23 12:00:00,2.036,2.053,2.052,2.036,40735.94
1769173200,2026-01-23 13:00:00,2.036,2.058,2.036,2.048,36352.35
1769176800,2026-01-23 14:00:00,2.001,2.055,2.047,2.025,125709.81
1769180400,2026-01-23 15:00:00,2.011,2.1,2.026,2.1,172026.34
1769184000,2026-01-23 16:00:00,2.044,2.101,2.099,2.072,156474.27
1769187600,2026-01-23 17:00:00,2.056,2.111,2.071,2.079,153718.79
1769191200,2026-01-23 18:00:00,2.072,2.112,2.079,2.083,140689.33
1769194800,2026-01-23 19:00:00,2.032,2.082,2.082,2.038,88502.28
1769198400,2026-01-23 20:00:00,2.01,2.05,2.038,2.027,67316.86
1769202000,2026-01-23 21:00:00,2.024,2.047,2.026,2.031,28853.29
1769205600,2026-01-23 22:00:00,2.032,2.048,2.032,2.045,42684.18
1769209200,2026-01-23 23:00:00,1.968,2.061,2.043,2.012,1127366.06
1769212800,2026-01-24 00:00:00,2.002,2.022,2.012,2.002,67183.42
1769216400,2026-01-24 01:00:00,1.992,2.008,2.002,2.006,60942.95
1769220000,2026-01-24 02:00:00,2.005,2.016,2.006,2.011,57848.9
1769223600,2026-01-24 03:00:00,2.008,2.034,2.01,2.015,35814.69
1769227200,2026-01-24 04:00:00,2.009,2.02,2.013,2.013,25400.09
1769230800,2026-01-24 05:00:00,2.002,2.016,2.013,2.016,15828.99
1769234400,2026-01-24 06:00:00,2.004,2.018,2.017,2.008,39104.61
1769238000,2026-01-24 07:00:00,2.006,2.02,2.007,2.013,13996.08
1769241600,2026-01-24 08:00:00,2.009,2.023,2.015,2.022,35006.61
1769245200,2026-01-24 09:00:00,2.008,2.021,2.021,2.008,17401.39
1769248800,2026-01-24 10:00:00,2.004,2.022,2.008,2.02,23490.15
1769252400,2026-01-24 11:00:00,2.009,2.027,2.021,2.012,15522.74
1769256000,2026-01-24 12:00:00,2.003,2.018,2.012,2.012,61659.62
1769259600,2026-01-24 13:00:00,2.004,2.017,2.012,2.006,22844.52
1769263200,2026-01-24 14:00:00,1.994,2.012,2.004,2.003,94554.12
1769266800,2026-01-24 15:00:00,1.984,2.011,2.003,1.985,59452.86
1769270400,2026-01-24 16:00:00,1.982,2.003,1.986,2,61262.46
1769274000,2026-01-24 17:00:00,2,2.023,2.001,2.018,27897.97
1769277600,2026-01-24 18:00:00,2.005,2.022,2.019,2.005,25618.94
1769281200,2026-01-24 19:00:00,1.993,2.01,2.006,1.995,19566.61
1769284800,2026-01-24 20:00:00,1.993,2.008,1.994,2.001,64414.26
1769288400,2026-01-24 21:00:00,1.993,2.004,2.001,2.004,16719.97
1769292000,2026-01-24 22:00:00,2.003,2.023,2.003,2.023,25286.22
1769295600,2026-01-24 23:00:00,2.009,2.027,2.024,2.01,31935.14
1769299200,2026-01-25 00:00:00,1.99,2.009,2.009,1.999,38431.69
1769302800,2026-01-25 01:00:00,1.991,2.015,1.999,2.008,34708.15
1769306400,2026-01-25 02:00:00,1.996,2.016,2.008,1.997,18060.72
1769310000,2026-01-25 03:00:00,1.978,2.004,1.998,1.979,41988.36
1769313600,2026-01-25 04:00:00,1.975,1.997,1.979,1.986,17289.04
1769317200,2026-01-25 05:00:00,1.982,1.999,1.986,1.999,14204.24
1769320800,2026-01-25 06:00:00,1.989,2.012,2,2.003,34156.25
1769324400,2026-01-25 07:00:00,1.978,2.002,2.002,1.978,37390.55
1769328000,2026-01-25 08:00:00,1.966,1.985,1.977,1.98,35762.5
1769331600,2026-01-25 09:00:00,1.972,2.002,1.979,1.991,32626.68
1769335200,2026-01-25 10:00:00,1.989,2.013,1.991,1.997,40277.26
1769338800,2026-01-25 11:00:00,1.982,2,1.996,1.983,19273.48
1769342400,2026-01-25 12:00:00,1.97,1.983,1.983,1.98,91190.43
1769346000,2026-01-25 13:00:00,1.979,1.998,1.98,1.988,44842.46
1769349600,2026-01-25 14:00:00,1.94,1.988,1.988,1.95,217517.49
1769353200,2026-01-25 15:00:00,1.933,1.963,1.951,1.959,151978.84
1769356800,2026-01-25 16:00:00,1.894,1.957,1.957,1.91,326040.85
1769360400,2026-01-25 17:00:00,1.895,1.917,1.91,1.903,113442.21
1769364000,2026-01-25 18:00:00,1.874,1.91,1.903,1.885,108004.98
1769367600,2026-01-25 19:00:00,1.824,1.893,1.886,1.84,168920.58
1769371200,2026-01-25 20:00:00,1.823,1.853,1.839,1.851,103354.65
1769374800,2026-01-25 21:00:00,1.851,1.875,1.851,1.87,90570.49
1769378400,2026-01-25 22:00:00,1.851,1.875,1.872,1.86,52188.45
1769382000,2026-01-25 23:00:00,1.849,1.882,1.859,1.87,82648.22
1769385600,2026-01-26 00:00:00,1.85,1.887,1.869,1.887,140279.69
1769389200,2026-01-26 01:00:00,1.885,1.934,1.888,1.922,193858.51
1769392800,2026-01-26 02:00:00,1.905,1.923,1.923,1.922,39569.01
1769396400,2026-01-26 03:00:00,1.897,1.931,1.922,1.902,25445.58
1769400000,2026-01-26 04:00:00,1.903,1.936,1.903,1.919,33980.42
1769403600,2026-01-26 05:00:00,1.908,1.918,1.917,1.913,20883.8
1769407200,2026-01-26 06:00:00,1.906,1.925,1.911,1.919,48191.7
1769410800,2026-01-26 07:00:00,1.912,1.926,1.918,1.923,71245.59
1769414400,2026-01-26 08:00:00,1.917,1.943,1.924,1.926,69172.85
1769418000,2026-01-26 09:00:00,1.903,1.924,1.924,1.906,81660.67
1769421600,2026-01-26 10:00:00,1.906,1.924,1.906,1.923,42699.71
1769425200,2026-01-26 11:00:00,1.915,1.927,1.923,1.921,21891.01
1769428800,2026-01-26 12:00:00,1.912,1.927,1.921,1.919,38355.15
1769432400,2026-01-26 13:00:00,1.914,1.929,1.919,1.925,31745.05
1769436000,2026-01-26 14:00:00,1.908,1.955,1.925,1.952,104142.31
1769439600,2026-01-26 15:00:00,1.916,1.974,1.952,1.928,101708.6
1769443200,2026-01-26 16:00:00,1.918,1.944,1.928,1.925,88273.09
1769446800,2026-01-26 17:00:00,1.897,1.937,1.926,1.912,102700.64
1769450400,2026-01-26 18:00:00,1.888,1.928,1.911,1.928,223397.75
1769454000,2026-01-26 19:00:00,1.908,1.934,1.929,1.91,34786.19
1769457600,2026-01-26 20:00:00,1.89,1.915,1.91,1.896,81381.74
1769461200,2026-01-26 21:00:00,1.895,1.936,1.897,1.924,131335.73
1769464800,2026-01-26 22:00:00,1.905,1.927,1.926,1.905,19197.03
1769468400,2026-01-26 23:00:00,1.893,1.909,1.905,1.898,32829.42
1769472000,2026-01-27 00:00:00,1.89,1.907,1.897,1.904,60131.07
1769475600,2026-01-27 01:00:00,1.893,1.912,1.902,1.904,39794.68
1769479200,2026-01-27 02:00:00,1.894,1.916,1.905,1.899,47597
1769482800,2026-01-27 03:00:00,1.884,1.899,1.899,1.885,32610.35
1769486400,2026-01-27 04:00:00,1.883,1.895,1.885,1.89,25459.3
1769490000,2026-01-27 05:00:00,1.877,1.89,1.889,1.882,22978.09
1769493600,2026-01-27 06:00:00,1.877,1.887,1.883,1.877,19751.51
1769497200,2026-01-27 07:00:00,1.878,1.896,1.879,1.881,24226.84
1769500800,2026-01-27 08:00:00,1.866,1.883,1.882,1.866,31936.65
1769504400,2026-01-27 09:00:00,1.835,1.865,1.865,1.835,54261.71
1769508000,2026-01-27 10:00:00,1.805,1.839,1.835,1.81,121824.27
1769511600,2026-01-27 11:00:00,1.811,1.823,1.811,1.819,26889.15
1769515200,2026-01-27 12:00:00,1.805,1.826,1.82,1.822,43853.7
1769518800,2026-01-27 13:00:00,1.789,1.822,1.822,1.8,118195.91
1769522400,2026-01-27 14:00:00,1.797,1.824,1.799,1.8,71970.66
1769526000,2026-01-27 15:00:00,1.799,1.823,1.801,1.823,50955.97
1769529600,2026-01-27 16:00:00,1.824,1.907,1.824,1.871,298416.61
1769533200,2026-01-27 17:00:00,1.808,1.874,1.873,1.815,99744.83
1769536800,2026-01-27 18:00:00,1.811,1.868,1.814,1.854,101349.64
1769540400,2026-01-27 19:00:00,1.845,1.862,1.854,1.857,45921.03
1769544000,2026-01-27 20:00:00,1.854,1.894,1.857,1.871,95677.73
1769547600,2026-01-27 21:00:00,1.86,1.881,1.87,1.861,85197.19
1769551200,2026-01-27 22:00:00,1.855,1.87,1.861,1.868,30217.58
1769554800,2026-01-27 23:00:00,1.858,1.869,1.867,1.866,44799.74
1769558400,2026-01-28 00:00:00,1.847,1.874,1.867,1.871,54842.41
1769562000,2026-01-28 01:00:00,1.862,1.877,1.87,1.873,87377.67
1769565600,2026-01-28 02:00:00,1.864,1.886,1.87,1.885,43079.38
1769569200,2026-01-28 03:00:00,1.872,1.887,1.884,1.875,31177.32
1769572800,2026-01-28 04:00:00,1.863,1.876,1.874,1.865,12547.69
1769576400,2026-01-28 05:00:00,1.866,1.9,1.866,1.889,121697.21
1769580000,2026-01-28 06:00:00,1.879,1.901,1.888,1.898,50768.02
1769583600,2026-01-28 07:00:00,1.888,1.907,1.899,1.891,68045.34
1769587200,2026-01-28 08:00:00,1.889,1.905,1.89,1.894,32110.38
1769590800,2026-01-28 09:00:00,1.879,1.924,1.894,1.923,71740.27
1769594400,2026-01-28 10:00:00,1.907,1.926,1.924,1.917,37095.83
1769598000,2026-01-28 11:00:00,1.916,1.98,1.916,1.976,128602.63
1769601600,2026-01-28 12:00:00,1.933,1.981,1.976,1.943,161978.63
1769605200,2026-01-28 13:00:00,1.944,2.002,1.944,1.989,152173.54
1769608800,2026-01-28 14:00:00,1.949,1.998,1.989,1.987,183166.66
1769612400,2026-01-28 15:00:00,1.922,2.005,1.987,1.93,163049.26
1769616000,2026-01-28 16:00:00,1.909,1.944,1.931,1.916,170930.82
1769619600,2026-01-28 17:00:00,1.901,1.945,1.916,1.928,145214.16
1769623200,2026-01-28 18:00:00,1.907,1.928,1.928,1.922,93014.85
1769626800,2026-01-28 19:00:00,1.912,1.954,1.922,1.947,120738.06
1769630400,2026-01-28 20:00:00,1.925,1.971,1.946,1.931,75143.21
1769634000,2026-01-28 21:00:00,1.91,1.954,1.932,1.934,79322.66
1769637600,2026-01-28 22:00:00,1.915,1.983,1.935,1.98,71076.63
1769641200,2026-01-28 23:00:00,1.952,1.989,1.981,1.964,142027.48
1769644800,2026-01-29 00:00:00,1.925,2.003,1.963,1.935,169059.6
1769648400,2026-01-29 01:00:00,1.9,1.946,1.934,1.907,86246.87
1769652000,2026-01-29 02:00:00,1.843,1.911,1.907,1.85,97341.8
1769655600,2026-01-29 03:00:00,1.842,1.866,1.85,1.852,60955.08
1769659200,2026-01-29 04:00:00,1.829,1.852,1.851,1.843,86608.56
1769662800,2026-01-29 05:00:00,1.839,1.864,1.843,1.847,60081.91
1769666400,2026-01-29 06:00:00,1.84,1.862,1.846,1.845,46230.63
1769670000,2026-01-29 07:00:00,1.836,1.852,1.846,1.837,38281
1769673600,2026-01-29 08:00:00,1.803,1.837,1.837,1.81,167708.23
1769677200,2026-01-29 09:00:00,1.807,1.829,1.811,1.821,92127.32
1769680800,2026-01-29 10:00:00,1.811,1.824,1.821,1.814,34551.23
1769684400,2026-01-29 11:00:00,1.793,1.818,1.814,1.801,102394.05
1769688000,2026-01-29 12:00:00,1.785,1.807,1.801,1.796,70758.53
1769691600,2026-01-29 13:00:00,1.795,1.834,1.795,1.827,142893.97
1769695200,2026-01-29 14:00:00,1.783,1.865,1.827,1.787,189934.18
1769698800,2026-01-29 15:00:00,1.759,1.812,1.788,1.803,494950.25
1769702400,2026-01-29 16:00:00,1.768,1.819,1.803,1.817,258978.76
1769706000,2026-01-29 17:00:00,1.786,1.861,1.816,1.795,273465.62
1769709600,2026-01-29 18:00:00,1.739,1.803,1.794,1.744,139001.16
1769713200,2026-01-29 19:00:00,1.71,1.75,1.744,1.733,350690.88
1769716800,2026-01-29 20:00:00,1.725,1.752,1.732,1.749,125406.43
1769720400,2026-01-29 21:00:00,1.738,1.761,1.75,1.752,87724.38
1769724000,2026-01-29 22:00:00,1.743,1.763,1.753,1.752,46390.55
1769727600,2026-01-29 23:00:00,1.736,1.757,1.751,1.752,103138.6
1769731200,2026-01-30 00:00:00,1.717,1.754,1.752,1.74,136273.41
1769734800,2026-01-30 01:00:00,1.679,1.754,1.74,1.727,180731.17
1769738400,2026-01-30 02:00:00,1.674,1.728,1.726,1.689,142410.68
1769742000,2026-01-30 03:00:00,1.68,1.696,1.688,1.692,66293.67
1769745600,2026-01-30 04:00:00,1.687,1.72,1.695,1.696,66644.43
1769749200,2026-01-30 05:00:00,1.687,1.706,1.696,1.698,74714.33
1769752800,2026-01-30 06:00:00,1.664,1.699,1.699,1.682,69031.69
1769756400,2026-01-30 07:00:00,1.681,1.718,1.681,1.701,80072.3
1769760000,2026-01-30 08:00:00,1.691,1.715,1.699,1.699,67034.68
1769763600,2026-01-30 09:00:00,1.688,1.709,1.699,1.701,39548.2
1769767200,2026-01-30 10:00:00,1.69,1.707,1.701,1.693,40264.36
1769770800,2026-01-30 11:00:00,1.69,1.73,1.693,1.718,109864.55
1769774400,2026-01-30 12:00:00,1.696,1.721,1.719,1.7,71726.9
1769778000,2026-01-30 13:00:00,1.67,1.702,1.7,1.686,142643.99
1769781600,2026-01-30 14:00:00,1.667,1.7,1.684,1.675,128894.92
1769785200,2026-01-30 15:00:00,1.646,1.689,1.676,1.662,358784.44
1769788800,2026-01-30 16:00:00,1.654,1.68,1.662,1.675,291727.65
1769792400,2026-01-30 17:00:00,1.666,1.69,1.675,1.674,171732.05
1769796000,2026-01-30 18:00:00,1.627,1.726,1.673,1.72,291835.78
1769799600,2026-01-30 19:00:00,1.697,1.727,1.721,1.704,103446.89
1769803200,2026-01-30 20:00:00,1.665,1.703,1.703,1.677,66124.74
1769806800,2026-01-30 21:00:00,1.669,1.694,1.675,1.68,69302.11
1769810400,2026-01-30 22:00:00,1.665,1.685,1.681,1.675,41470.38
1769814000,2026-01-30 23:00:00,1.663,1.682,1.675,1.677,33251.33
1769817600,2026-01-31 00:00:00,1.672,1.686,1.677,1.68,23409.63
1769821200,2026-01-31 01:00:00,1.675,1.687,1.679,1.683,16722.24
1769824800,2026-01-31 02:00:00,1.673,1.706,1.682,1.697,27221.8
1769828400,2026-01-31 03:00:00,1.696,1.73,1.697,1.705,214531.53
1769832000,2026-01-31 04:00:00,1.702,1.722,1.706,1.702,34179.39
1769835600,2026-01-31 05:00:00,1.698,1.724,1.701,1.709,46601.53
1769839200,2026-01-31 06:00:00,1.69,1.717,1.709,1.692,44872.37
1769842800,2026-01-31 07:00:00,1.663,1.691,1.691,1.672,31999.23
1769846400,2026-01-31 08:00:00,1.621,1.675,1.673,1.647,70199.45
1769850000,2026-01-31 09:00:00,1.64,1.663,1.649,1.64,59345.77
1769853600,2026-01-31 10:00:00,1.635,1.656,1.641,1.643,57311.34
1769857200,2026-01-31 11:00:00,1.619,1.641,1.641,1.623,38144.86
1769860800,2026-01-31 12:00:00,1.603,1.627,1.623,1.604,89460.03
1769864400,2026-01-31 13:00:00,1.585,1.612,1.603,1.595,269053.71
1769868000,2026-01-31 14:00:00,1.52,1.599,1.596,1.57,411429.36
1769871600,2026-01-31 15:00:00,1.551,1.597,1.571,1.554,150382.08
1769875200,2026-01-31 16:00:00,1.506,1.575,1.554,1.532,408239
1769878800,2026-01-31 17:00:00,1.443,1.536,1.533,1.48,360082.55
1769882400,2026-01-31 18:00:00,1.384,1.493,1.48,1.464,540249.92
1769886000,2026-01-31 19:00:00,1.464,1.51,1.465,1.487,256413.57
1769889600,2026-01-31 20:00:00,1.462,1.493,1.486,1.493,231171.4
1769893200,2026-01-31 21:00:00,1.486,1.541,1.494,1.522,216071.55
1769896800,2026-01-31 22:00:00,1.515,1.536,1.523,1.534,102900.42
1769900400,2026-01-31 23:00:00,1.528,1.571,1.535,1.548,115965.46
1769904000,2026-02-01 00:00:00,1.549,1.595,1.549,1.58,223850.95
1769907600,2026-02-01 01:00:00,1.559,1.585,1.581,1.585,83284.86
1769911200,2026-02-01 02:00:00,1.58,1.599,1.586,1.586,33020.06
1769914800,2026-02-01 03:00:00,1.58,1.594,1.587,1.588,55478.39
1769918400,2026-02-01 04:00:00,1.577,1.589,1.588,1.582,24987.11
1769922000,2026-02-01 05:00:00,1.574,1.588,1.582,1.579,57365.35
1769925600,2026-02-01 06:00:00,1.568,1.582,1.579,1.573,34983.6
1769929200,2026-02-01 07:00:00,1.566,1.597,1.572,1.583,48013.8
1769932800,2026-02-01 08:00:00,1.571,1.59,1.582,1.573,23586.12
1769936400,2026-02-01 09:00:00,1.556,1.584,1.574,1.582,32310.16
1769940000,2026-02-01 10:00:00,1.555,1.59,1.582,1.562,58598.97
1769943600,2026-02-01 11:00:00,1.56,1.58,1.561,1.574,33097.31
1769947200,2026-02-01 12:00:00,1.555,1.572,1.571,1.561,31236.61
1769950800,2026-02-01 13:00:00,1.549,1.575,1.562,1.55,40895.59
1769954400,2026-02-01 14:00:00,1.517,1.555,1.549,1.536,139999.22
1769958000,2026-02-01 15:00:00,1.478,1.536,1.536,1.501,164734.03
1769961600,2026-02-01 16:00:00,1.492,1.528,1.499,1.506,108369.06
1769965200,2026-02-01 17:00:00,1.49,1.514,1.507,1.513,73638.76
1769968800,2026-02-01 18:00:00,1.513,1.546,1.513,1.531,88527.22
1769972400,2026-02-01 19:00:00,1.507,1.533,1.532,1.518,60952.75
1769976000,2026-02-01 20:00:00,1.5,1.539,1.514,1.52,90756.83
1769979600,2026-02-01 21:00:00,1.498,1.52,1.519,1.506,80886.38
1769983200,2026-02-01 22:00:00,1.5,1.532,1.507,1.512,85420.89
1769986800,2026-02-01 23:00:00,1.462,1.527,1.51,1.496,222746.71
1769990400,2026-02-02 00:00:00,1.485,1.541,1.496,1.525,129315.02
1769994000,2026-02-02 01:00:00,1.504,1.55,1.525,1.531,108531.41
1769997600,2026-02-02 02:00:00,1.515,1.538,1.53,1.517,40986.44
1770001200,2026-02-02 03:00:00,1.453,1.521,1.516,1.519,180741.07
1770004800,2026-02-02 04:00:00,1.485,1.536,1.52,1.504,40340.78
1770008400,2026-02-02 05:00:00,1.465,1.505,1.503,1.481,60394.39
1770012000,2026-02-02 06:00:00,1.454,1.531,1.48,1.505,94684.75
1770015600,2026-02-02 07:00:00,1.5,1.519,1.505,1.501,44580.84
1770019200,2026-02-02 08:00:00,1.502,1.52,1.503,1.515,21091.76
1770022800,2026-02-02 09:00:00,1.507,1.548,1.514,1.537,76578.55
1770026400,2026-02-02 10:00:00,1.534,1.548,1.537,1.545,26338.37
1770030000,2026-02-02 11:00:00,1.541,1.56,1.545,1.557,58897.94
1770033600,2026-02-02 12:00:00,1.552,1.588,1.558,1.573,72810.19
1770037200,2026-02-02 13:00:00,1.569,1.59,1.572,1.585,72937.64
1770040800,2026-02-02 14:00:00,1.563,1.62,1.584,1.586,174815.92
1770044400,2026-02-02 15:00:00,1.58,1.634,1.587,1.616,317430.67
1770048000,2026-02-02 16:00:00,1.606,1.659,1.616,1.609,246406.47
1770051600,2026-02-02 17:00:00,1.592,1.623,1.609,1.599,53573.05
1770055200,2026-02-02 18:00:00,1.595,1.616,1.6,1.604,48643.34
1770058800,2026-02-02 19:00:00,1.583,1.608,1.606,1.585,47629.96
1770062400,2026-02-02 20:00:00,1.569,1.588,1.584,1.571,66492.63
1770066000,2026-02-02 21:00:00,1.572,1.593,1.572,1.588,50713.12
1770069600,2026-02-02 22:00:00,1.589,1.604,1.592,1.591,56153.78
1770073200,2026-02-02 23:00:00,1.582,1.593,1.59,1.59,54133.47
1770076800,2026-02-03 00:00:00,1.549,1.592,1.591,1.581,225813.68
1770080400,2026-02-03 01:00:00,1.564,1.58,1.58,1.577,31632.09
1770084000,2026-02-03 02:00:00,1.546,1.576,1.574,1.547,64015.73
1770087600,2026-02-03 03:00:00,1.539,1.575,1.546,1.57,45826.66
1770091200,2026-02-03 04:00:00,1.566,1.589,1.569,1.585,44433.47
1770094800,2026-02-03 05:00:00,1.571,1.584,1.584,1.572,19013.33
1770098400,2026-02-03 06:00:00,1.561,1.579,1.572,1.576,19170.25
1770102000,2026-02-03 07:00:00,1.573,1.586,1.576,1.577,63082.52
1770105600,2026-02-03 08:00:00,1.572,1.59,1.577,1.578,21721.97
1770109200,2026-02-03 09:00:00,1.546,1.58,1.576,1.566,54580.08
1770112800,2026-02-03 10:00:00,1.547,1.573,1.566,1.554,30617.14
1770116400,2026-02-03 11:00:00,1.554,1.567,1.554,1.563,11309.93
1770120000,2026-02-03 12:00:00,1.557,1.574,1.561,1.57,37038.3
1770123600,2026-02-03 13:00:00,1.56,1.579,1.57,1.569,42350.83
1770127200,2026-02-03 14:00:00,1.535,1.58,1.571,1.535,57482.67
1770130800,2026-02-03 15:00:00,1.533,1.588,1.537,1.585,88500.31
1770134400,2026-02-03 16:00:00,1.537,1.583,1.583,1.541,66564.78
1770138000,2026-02-03 17:00:00,1.51,1.548,1.542,1.511,121755.77
1770141600,2026-02-03 18:00:00,1.477,1.521,1.512,1.479,169474.65
1770145200,2026-02-03 19:00:00,1.477,1.568,1.48,1.556,170935.28
1770148800,2026-02-03 20:00:00,1.536,1.654,1.557,1.628,232733.76
1770152400,2026-02-03 21:00:00,1.586,1.635,1.628,1.591,93892.39
1770156000,2026-02-03 22:00:00,1.548,1.589,1.589,1.553,89256.52
1770159600,2026-02-03 23:00:00,1.534,1.559,1.551,1.547,89276.05
1770163200,2026-02-04 00:00:00,1.537,1.561,1.547,1.551,27952.13
1770166800,2026-02-04 01:00:00,1.552,1.592,1.552,1.571,40348.72
1770170400,2026-02-04 02:00:00,1.558,1.579,1.572,1.564,17755.12
1770174000,2026-02-04 03:00:00,1.563,1.592,1.563,1.583,26584.11
1770177600,2026-02-04 04:00:00,1.569,1.586,1.582,1.569,13241.04
1770181200,2026-02-04 05:00:00,1.553,1.575,1.569,1.56,29542.32
1770184800,2026-02-04 06:00:00,1.559,1.573,1.561,1.567,21872.97
1770188400,2026-02-04 07:00:00,1.558,1.575,1.566,1.57,19503.18
1770192000,2026-02-04 08:00:00,1.555,1.572,1.57,1.567,22817.41
1770195600,2026-02-04 09:00:00,1.549,1.568,1.568,1.553,17221.32
1770199200,2026-02-04 10:00:00,1.548,1.556,1.555,1.55,9247.62
1770202800,2026-02-04 11:00:00,1.528,1.553,1.549,1.543,37503.81
1770206400,2026-02-04 12:00:00,1.527,1.548,1.543,1.531,47066.03
1770210000,2026-02-04 13:00:00,1.504,1.533,1.531,1.505,103082.37
1770213600,2026-02-04 14:00:00,1.484,1.522,1.507,1.49,88862.18
1770217200,2026-02-04 15:00:00,1.476,1.519,1.49,1.494,143440.9
1770220800,2026-02-04 16:00:00,1.479,1.511,1.494,1.499,96780.71
1770224400,2026-02-04 17:00:00,1.484,1.514,1.498,1.501,94991.63
1770228000,2026-02-04 18:00:00,1.484,1.55,1.5,1.528,236744.13
1770231600,2026-02-04 19:00:00,1.513,1.558,1.527,1.555,110813.31
1770235200,2026-02-04 20:00:00,1.532,1.56,1.556,1.533,34041.03
1770238800,2026-02-04 21:00:00,1.503,1.539,1.535,1.517,38588.46
1770242400,2026-02-04 22:00:00,1.488,1.541,1.516,1.498,125359.38
1770246000,2026-02-04 23:00:00,1.495,1.522,1.497,1.505,74089.27
1770249600,2026-02-05 00:00:00,1.491,1.509,1.504,1.501,42762.48
1770253200,2026-02-05 01:00:00,1.484,1.518,1.501,1.49,38336.15
1770256800,2026-02-05 02:00:00,1.473,1.506,1.491,1.476,94329.08
1770260400,2026-02-05 03:00:00,1.466,1.488,1.477,1.47,46236.53
1770264000,2026-02-05 04:00:00,1.463,1.483,1.47,1.47,94934.77
1770267600,2026-02-05 05:00:00,1.451,1.483,1.47,1.463,54046.12
1770271200,2026-02-05 06:00:00,1.442,1.464,1.462,1.451,84789.6
1770274800,2026-02-05 07:00:00,1.448,1.477,1.449,1.46,52055.67
1770278400,2026-02-05 08:00:00,1.46,1.477,1.461,1.467,21460.63
1770282000,2026-02-05 09:00:00,1.463,1.484,1.468,1.464,79303.62
1770285600,2026-02-05 10:00:00,1.426,1.465,1.465,1.43,52022.2
1770289200,2026-02-05 11:00:00,1.396,1.439,1.432,1.414,234929.47
1770292800,2026-02-05 12:00:00,1.397,1.421,1.415,1.408,194075.02
1770296400,2026-02-05 13:00:00,1.387,1.419,1.408,1.396,140927.86
1770300000,2026-02-05 14:00:00,1.392,1.431,1.396,1.394,105956.14
1770303600,2026-02-05 15:00:00,1.325,1.402,1.395,1.356,402230.3
1770307200,2026-02-05 16:00:00,1.339,1.38,1.358,1.35,236741.59
1770310800,2026-02-05 17:00:00,1.302,1.359,1.351,1.315,262975.62
1770314400,2026-02-05 18:00:00,1.295,1.326,1.316,1.32,310435.61
1770318000,2026-02-05 19:00:00,1.297,1.322,1.32,1.303,131501.17
1770321600,2026-02-05 20:00:00,1.235,1.313,1.303,1.265,527185.28
1770325200,2026-02-05 21:00:00,1.252,1.306,1.264,1.265,233458.79
1770328800,2026-02-05 22:00:00,1.246,1.293,1.264,1.267,195696.01
1770332400,2026-02-05 23:00:00,1.245,1.295,1.266,1.25,115040.24
1770336000,2026-02-06 00:00:00,1.122,1.271,1.25,1.25,444733.88
1770339600,2026-02-06 01:00:00,1.242,1.297,1.25,1.29,422472.84
1770343200,2026-02-06 02:00:00,1.247,1.302,1.293,1.254,121512.36
1770346800,2026-02-06 03:00:00,1.239,1.264,1.255,1.25,90696.55
1770350400,2026-02-06 04:00:00,1.24,1.268,1.25,1.26,71905.13
1770354000,2026-02-06 05:00:00,1.257,1.307,1.259,1.305,152549.13
1770357600,2026-02-06 06:00:00,1.27,1.311,1.305,1.273,124854.78
1770361200,2026-02-06 07:00:00,1.257,1.282,1.272,1.27,65311.82
1770364800,2026-02-06 08:00:00,1.251,1.278,1.269,1.263,133652.57
1770368400,2026-02-06 09:00:00,1.257,1.299,1.263,1.294,84125.52
1770372000,2026-02-06 10:00:00,1.288,1.315,1.293,1.311,127437.05
1770375600,2026-02-06 11:00:00,1.309,1.337,1.311,1.331,144161.5
1770379200,2026-02-06 12:00:00,1.318,1.341,1.33,1.338,104975.4
1770382800,2026-02-06 13:00:00,1.336,1.381,1.337,1.358,333787.82
1770386400,2026-02-06 14:00:00,1.355,1.42,1.359,1.408,228403.96
1770390000,2026-02-06 15:00:00,1.383,1.409,1.407,1.398,195524.31
1770393600,2026-02-06 16:00:00,1.388,1.471,1.398,1.445,307102.89
1770397200,2026-02-06 17:00:00,1.434,1.513,1.446,1.46,363361.44
1770400800,2026-02-06 18:00:00,1.394,1.461,1.46,1.428,365937.76
1770404400,2026-02-06 19:00:00,1.407,1.437,1.427,1.432,138085.03
1770408000,2026-02-06 20:00:00,1.41,1.445,1.431,1.415,150923.44
1770411600,2026-02-06 21:00:00,1.404,1.428,1.415,1.423,46737.92
1770415200,2026-02-06 22:00:00,1.422,1.445,1.423,1.437,71185.07
1770418800,2026-02-06 23:00:00,1.422,1.454,1.438,1.431,64243.63
1770422400,2026-02-07 00:00:00,1.404,1.438,1.43,1.405,89452.23
1770426000,2026-02-07 01:00:00,1.387,1.408,1.405,1.404,67955.91
1770429600,2026-02-07 02:00:00,1.385,1.406,1.403,1.396,30154.58
1770433200,2026-02-07 03:00:00,1.395,1.415,1.397,1.401,95397.28
1770436800,2026-02-07 04:00:00,1.387,1.412,1.404,1.389,60213.63
1770440400,2026-02-07 05:00:00,1.387,1.402,1.39,1.388,25511.32
1770444000,2026-02-07 06:00:00,1.362,1.391,1.388,1.362,86147.43
1770447600,2026-02-07 07:00:00,1.326,1.369,1.363,1.336,184491.62
1770451200,2026-02-07 08:00:00,1.333,1.355,1.335,1.349,44565.29
1770454800,2026-02-07 09:00:00,1.341,1.354,1.351,1.345,32830.08
1770458400,2026-02-07 10:00:00,1.333,1.343,1.342,1.335,35834.87
1770462000,2026-02-07 11:00:00,1.32,1.34,1.337,1.334,260832.22
1770465600,2026-02-07 12:00:00,1.333,1.384,1.333,1.372,75997.18
1770469200,2026-02-07 13:00:00,1.344,1.379,1.373,1.354,72683.35
1770472800,2026-02-07 14:00:00,1.334,1.36,1.355,1.336,38737.74
1770476400,2026-02-07 15:00:00,1.336,1.367,1.336,1.357,33900.27
1770480000,2026-02-07 16:00:00,1.352,1.409,1.357,1.366,167010.23
1770483600,2026-02-07 17:00:00,1.358,1.376,1.367,1.366,88039.91
1770487200,2026-02-07 18:00:00,1.366,1.399,1.368,1.386,42517.81
1770490800,2026-02-07 19:00:00,1.377,1.386,1.385,1.381,10597.37
1770494400,2026-02-07 20:00:00,1.379,1.396,1.382,1.396,25568.11
1770498000,2026-02-07 21:00:00,1.382,1.397,1.397,1.388,24848.75
1770501600,2026-02-07 22:00:00,1.379,1.395,1.388,1.38,25927.79
1770505200,2026-02-07 23:00:00,1.369,1.383,1.38,1.377,55939.61
1770508800,2026-02-08 00:00:00,1.364,1.377,1.377,1.369,37264.8
1770512400,2026-02-08 01:00:00,1.368,1.377,1.368,1.372,47786.35
1770516000,2026-02-08 02:00:00,1.358,1.375,1.372,1.363,12842.38
1770519600,2026-02-08 03:00:00,1.352,1.369,1.364,1.355,23358.1
1770523200,2026-02-08 04:00:00,1.35,1.361,1.354,1.36,13378.89
1770526800,2026-02-08 05:00:00,1.355,1.363,1.36,1.356,25986.77
1770530400,2026-02-08 06:00:00,1.354,1.361,1.356,1.358,7283.12
1770534000,2026-02-08 07:00:00,1.35,1.359,1.358,1.354,31547.26
1770537600,2026-02-08 08:00:00,1.353,1.378,1.356,1.376,69894.2
1770541200,2026-02-08 09:00:00,1.371,1.389,1.377,1.377,49561.44
1770544800,2026-02-08 10:00:00,1.363,1.385,1.377,1.373,14013.61
1770548400,2026-02-08 11:00:00,1.374,1.397,1.374,1.394,35921.33
1770552000,2026-02-08 12:00:00,1.384,1.399,1.394,1.398,45117.05
1770555600,2026-02-08 13:00:00,1.388,1.405,1.397,1.402,49606.1
1770559200,2026-02-08 14:00:00,1.395,1.406,1.403,1.399,53625.21
1770562800,2026-02-08 15:00:00,1.372,1.403,1.399,1.378,58056.63
1770566400,2026-02-08 16:00:00,1.335,1.384,1.379,1.344,38562.13
1770570000,2026-02-08 17:00:00,1.345,1.36,1.345,1.356,35894.87
1770573600,2026-02-08 18:00:00,1.352,1.372,1.356,1.364,27407.38
1770577200,2026-02-08 19:00:00,1.36,1.369,1.365,1.364,20990.92
1770580800,2026-02-08 20:00:00,1.342,1.363,1.363,1.344,70654.17
1770584400,2026-02-08 21:00:00,1.333,1.352,1.344,1.344,82056.75
1770588000,2026-02-08 22:00:00,1.337,1.35,1.344,1.348,30510.42
1770591600,2026-02-08 23:00:00,1.333,1.382,1.349,1.351,123904.14
1770595200,2026-02-09 00:00:00,1.339,1.355,1.35,1.349,62814.75
1770598800,2026-02-09 01:00:00,1.336,1.362,1.349,1.343,45879.58
1770602400,2026-02-09 02:00:00,1.339,1.359,1.342,1.348,62251.5
1770606000,2026-02-09 03:00:00,1.349,1.384,1.349,1.381,136627.35
1770609600,2026-02-09 04:00:00,1.36,1.38,1.38,1.36,37019.76
1770613200,2026-02-09 05:00:00,1.356,1.369,1.359,1.369,7098.26
1770616800,2026-02-09 06:00:00,1.345,1.367,1.367,1.349,49300.32
1770620400,2026-02-09 07:00:00,1.344,1.354,1.349,1.347,36004.9
1770624000,2026-02-09 08:00:00,1.325,1.351,1.348,1.332,35776.95
1770627600,2026-02-09 09:00:00,1.314,1.334,1.334,1.318,35462.23
1770631200,2026-02-09 10:00:00,1.286,1.32,1.317,1.298,146570.87
1770634800,2026-02-09 11:00:00,1.298,1.308,1.299,1.302,58640.57
1770638400,2026-02-09 12:00:00,1.301,1.318,1.302,1.315,24263.53
1770642000,2026-02-09 13:00:00,1.296,1.318,1.313,1.298,108941.48
1770645600,2026-02-09 14:00:00,1.292,1.329,1.299,1.323,157785.38
1770649200,2026-02-09 15:00:00,1.314,1.346,1.324,1.342,102231.6
1770652800,2026-02-09 16:00:00,1.327,1.368,1.34,1.353,101859.21
1770656400,2026-02-09 17:00:00,1.34,1.373,1.353,1.363,69208.52
1770660000,2026-02-09 18:00:00,1.345,1.368,1.363,1.351,36998.8
1770663600,2026-02-09 19:00:00,1.347,1.358,1.351,1.357,41899.79
1770667200,2026-02-09 20:00:00,1.341,1.362,1.356,1.351,36781.53
1770670800,2026-02-09 21:00:00,1.332,1.353,1.351,1.348,27367.14
1770674400,2026-02-09 22:00:00,1.346,1.36,1.348,1.358,103613.78
1770678000,2026-02-09 23:00:00,1.351,1.361,1.356,1.355,16627.61
1770681600,2026-02-10 00:00:00,1.345,1.357,1.356,1.347,26948.81
1770685200,2026-02-10 01:00:00,1.347,1.366,1.347,1.365,10921.56
1770688800,2026-02-10 02:00:00,1.352,1.363,1.363,1.354,15597.46
1770692400,2026-02-10 03:00:00,1.322,1.353,1.353,1.335,28071.52
1770696000,2026-02-10 04:00:00,1.335,1.345,1.336,1.342,9882.37
1770699600,2026-02-10 05:00:00,1.323,1.343,1.341,1.327,10288.52
1770703200,2026-02-10 06:00:00,1.301,1.33,1.326,1.307,30073.01
1770706800,2026-02-10 07:00:00,1.308,1.318,1.308,1.317,14882.94
1770710400,2026-02-10 08:00:00,1.311,1.323,1.315,1.322,8605.18
1770714000,2026-02-10 09:00:00,1.317,1.329,1.324,1.32,11658.61
1770717600,2026-02-10 10:00:00,1.313,1.321,1.321,1.313,6131.28
1770721200,2026-02-10 11:00:00,1.307,1.317,1.313,1.31,21931.04
1770724800,2026-02-10 12:00:00,1.302,1.316,1.311,1.304,27936.01
1770728400,2026-02-10 13:00:00,1.303,1.317,1.304,1.315,20354.27
1770732000,2026-02-10 14:00:00,1.301,1.325,1.316,1.309,55254.95
1770735600,2026-02-10 15:00:00,1.304,1.329,1.308,1.32,33575.74
1770739200,2026-02-10 16:00:00,1.31,1.328,1.319,1.313,24209.95
1770742800,2026-02-10 17:00:00,1.308,1.322,1.314,1.319,11296.77
1770746400,2026-02-10 18:00:00,1.293,1.32,1.319,1.297,76759.39
1770750000,2026-02-10 19:00:00,1.284,1.299,1.298,1.292,44564.81
1770753600,2026-02-10 20:00:00,1.287,1.297,1.293,1.294,9632.04
1770757200,2026-02-10 21:00:00,1.286,1.298,1.293,1.296,17387.11
1770760800,2026-02-10 22:00:00,1.292,1.3,1.296,1.293,39807.11
1770764400,2026-02-10 23:00:00,1.292,1.299,1.293,1.299,32276.56
1770768000,2026-02-11 00:00:00,1.297,1.312,1.3,1.31,24682.96
1770771600,2026-02-11 01:00:00,1.306,1.319,1.309,1.315,44308.62
1770775200,2026-02-11 02:00:00,1.31,1.325,1.315,1.31,40740.51
1770778800,2026-02-11 03:00:00,1.3,1.318,1.311,1.31,24972.24
1770782400,2026-02-11 04:00:00,1.288,1.311,1.311,1.291,68553.89
1770786000,2026-02-11 05:00:00,1.278,1.296,1.294,1.285,76392.09
1770789600,2026-02-11 06:00:00,1.256,1.286,1.286,1.26,169475.76
1770793200,2026-02-11 07:00:00,1.254,1.263,1.259,1.259,20200.07
1770796800,2026-02-11 08:00:00,1.258,1.264,1.26,1.263,23317.36
1770800400,2026-02-11 09:00:00,1.251,1.265,1.265,1.251,13936.15
1770804000,2026-02-11 10:00:00,1.244,1.255,1.251,1.249,25442.94
1770807600,2026-02-11 11:00:00,1.251,1.266,1.252,1.266,16489.52
1770811200,2026-02-11 12:00:00,1.257,1.271,1.264,1.265,71184.94
1770814800,2026-02-11 13:00:00,1.255,1.28,1.267,1.28,39119.43
1770818400,2026-02-11 14:00:00,1.25,1.314,1.28,1.252,137368.37
1770822000,2026-02-11 15:00:00,1.234,1.259,1.253,1.246,78536.55
1770825600,2026-02-11 16:00:00,1.241,1.272,1.246,1.242,45484.08
1770829200,2026-02-11 17:00:00,1.241,1.27,1.244,1.255,48944.13
1770832800,2026-02-11 18:00:00,1.247,1.286,1.256,1.278,59452
1770836400,2026-02-11 19:00:00,1.266,1.283,1.277,1.268,45071.79
1770840000,2026-02-11 20:00:00,1.257,1.285,1.271,1.28,94020.16
1770843600,2026-02-11 21:00:00,1.278,1.301,1.28,1.294,67365.07
1770847200,2026-02-11 22:00:00,1.274,1.297,1.294,1.276,73825.53
1770850800,2026-02-11 23:00:00,1.26,1.28,1.276,1.275,31199.27
1770854400,2026-02-12 00:00:00,1.275,1.293,1.275,1.286,35514.61
1770858000,2026-02-12 01:00:00,1.283,1.296,1.287,1.286,105465.87
1770861600,2026-02-12 02:00:00,1.28,1.293,1.285,1.285,65682.67
1770865200,2026-02-12 03:00:00,1.284,1.293,1.285,1.292,26683.42
1770868800,2026-02-12 04:00:00,1.287,1.299,1.291,1.292,22081.59
1770872400,2026-02-12 05:00:00,1.282,1.297,1.292,1.297,22560.04
1770876000,2026-02-12 06:00:00,1.297,1.31,1.297,1.303,36437.72
1770879600,2026-02-12 07:00:00,1.294,1.31,1.304,1.31,19010.12
1770883200,2026-02-12 08:00:00,1.301,1.31,1.31,1.308,14288.68
1770886800,2026-02-12 09:00:00,1.307,1.32,1.309,1.318,81741.33
1770890400,2026-02-12 10:00:00,1.318,1.346,1.32,1.343,95828.46
1770894000,2026-02-12 11:00:00,1.331,1.347,1.342,1.338,29242.63
1770897600,2026-02-12 12:00:00,1.314,1.337,1.337,1.318,24809.72
1770901200,2026-02-12 13:00:00,1.312,1.339,1.319,1.339,89972.89
1770904800,2026-02-12 14:00:00,1.321,1.34,1.337,1.325,89201.34
1770908400,2026-02-12 15:00:00,1.306,1.335,1.323,1.307,83952.43
1770912000,2026-02-12 16:00:00,1.264,1.308,1.308,1.274,136216.62
1770915600,2026-02-12 17:00:00,1.265,1.287,1.274,1.269,85280.57
1770919200,2026-02-12 18:00:00,1.264,1.286,1.27,1.282,51123.17
1770922800,2026-02-12 19:00:00,1.273,1.313,1.282,1.294,67508.7
1770926400,2026-02-12 20:00:00,1.273,1.297,1.293,1.278,33390.28
1770930000,2026-02-12 21:00:00,1.278,1.288,1.278,1.285,17162.7
1770933600,2026-02-12 22:00:00,1.277,1.306,1.286,1.306,36349.44
1770937200,2026-02-12 23:00:00,1.3,1.312,1.306,1.311,38252.62
1770940800,2026-02-13 00:00:00,1.294,1.32,1.31,1.299,13798.86
1770944400,2026-02-13 01:00:00,1.298,1.311,1.298,1.304,31011.89
1770948000,2026-02-13 02:00:00,1.297,1.305,1.303,1.303,9778.34
1770951600,2026-02-13 03:00:00,1.289,1.305,1.304,1.29,81308.52
1770955200,2026-02-13 04:00:00,1.281,1.289,1.288,1.285,17841.5
1770958800,2026-02-13 05:00:00,1.276,1.287,1.287,1.276,17500.2
1770962400,2026-02-13 06:00:00,1.273,1.294,1.278,1.293,25019.94
1770966000,2026-02-13 07:00:00,1.286,1.299,1.292,1.291,12825.28
1770969600,2026-02-13 08:00:00,1.29,1.311,1.29,1.303,4098.98
1770973200,2026-02-13 09:00:00,1.301,1.308,1.301,1.303,30566.09
1770976800,2026-02-13 10:00:00,1.305,1.315,1.306,1.311,19358.31
1770980400,2026-02-13 11:00:00,1.305,1.311,1.311,1.308,9268.93
1770984000,2026-02-13 12:00:00,1.302,1.308,1.308,1.308,21543.59
1770987600,2026-02-13 13:00:00,1.304,1.324,1.309,1.322,25916.72
1770991200,2026-02-13 14:00:00,1.317,1.343,1.325,1.332,142819.17
1770994800,2026-02-13 15:00:00,1.328,1.396,1.332,1.354,306481.38
1770998400,2026-02-13 16:00:00,1.346,1.392,1.355,1.373,133092.39
1771002000,2026-02-13 17:00:00,1.363,1.383,1.373,1.372,54863.53
1771005600,2026-02-13 18:00:00,1.365,1.377,1.372,1.367,92681.89
1771009200,2026-02-13 19:00:00,1.367,1.378,1.368,1.372,23577.47
1771012800,2026-02-13 20:00:00,1.355,1.376,1.37,1.376,152942.98
1771016400,2026-02-13 21:00:00,1.365,1.385,1.377,1.373,69371.51
1771020000,2026-02-13 22:00:00,1.368,1.38,1.375,1.375,42923.1
1771023600,2026-02-13 23:00:00,1.366,1.378,1.378,1.375,14084.95
1771027200,2026-02-14 00:00:00,1.37,1.396,1.377,1.388,24836.96
1771030800,2026-02-14 01:00:00,1.384,1.399,1.386,1.393,32432.04
1771034400,2026-02-14 02:00:00,1.392,1.409,1.392,1.4,61333.04
1771038000,2026-02-14 03:00:00,1.398,1.412,1.401,1.41,34492.37
1771041600,2026-02-14 04:00:00,1.394,1.413,1.41,1.395,32393.7
1771045200,2026-02-14 05:00:00,1.39,1.407,1.398,1.394,14317.73
1771048800,2026-02-14 06:00:00,1.386,1.406,1.393,1.403,54078.75
1771052400,2026-02-14 07:00:00,1.398,1.42,1.401,1.416,49245.69
1771056000,2026-02-14 08:00:00,1.416,1.46,1.417,1.459,97767.6
1771059600,2026-02-14 09:00:00,1.456,1.479,1.459,1.467,199695.18
1771063200,2026-02-14 10:00:00,1.44,1.464,1.464,1.444,31663.22
1771066800,2026-02-14 11:00:00,1.445,1.472,1.447,1.462,51880.6
1771070400,2026-02-14 12:00:00,1.459,1.477,1.461,1.461,55474.69
1771074000,2026-02-14 13:00:00,1.433,1.46,1.46,1.441,41084.75
1771077600,2026-02-14 14:00:00,1.439,1.466,1.44,1.462,22958.14
1771081200,2026-02-14 15:00:00,1.458,1.486,1.462,1.486,90882.07
1771084800,2026-02-14 16:00:00,1.469,1.487,1.484,1.485,68538.5
1771088400,2026-02-14 17:00:00,1.477,1.51,1.484,1.482,116238.76
1771092000,2026-02-14 18:00:00,1.485,1.519,1.485,1.51,55882.68
1771095600,2026-02-14 19:00:00,1.503,1.542,1.511,1.54,80449.19
1771099200,2026-02-14 20:00:00,1.515,1.545,1.541,1.532,68201.34
1771102800,2026-02-14 21:00:00,1.523,1.555,1.534,1.523,112283.68
1771106400,2026-02-14 22:00:00,1.522,1.547,1.525,1.522,66388.81
1771110000,2026-02-14 23:00:00,1.503,1.527,1.521,1.509,76625.31
1771113600,2026-02-15 00:00:00,1.493,1.512,1.51,1.502,34534.74
1771117200,2026-02-15 01:00:00,1.488,1.518,1.504,1.499,26199.03
1771120800,2026-02-15 02:00:00,1.484,1.506,1.5,1.502,19867.68
1771124400,2026-02-15 03:00:00,1.467,1.505,1.501,1.501,39399.83
1771128000,2026-02-15 04:00:00,1.499,1.525,1.499,1.505,48772.47
1771131600,2026-02-15 05:00:00,1.502,1.511,1.503,1.507,6790.68
1771135200,2026-02-15 06:00:00,1.498,1.509,1.506,1.5,22441.85
1771138800,2026-02-15 07:00:00,1.498,1.514,1.499,1.505,11038.43
1771142400,2026-02-15 08:00:00,1.473,1.51,1.509,1.481,12350.57
1771146000,2026-02-15 09:00:00,1.476,1.491,1.479,1.48,15500.41
1771149600,2026-02-15 10:00:00,1.464,1.483,1.479,1.474,26991.33
1771153200,2026-02-15 11:00:00,1.467,1.478,1.475,1.468,8948.95
1771156800,2026-02-15 12:00:00,1.419,1.464,1.464,1.419,52964.89
1771160400,2026-02-15 13:00:00,1.407,1.441,1.42,1.412,79559.77
1771164000,2026-02-15 14:00:00,1.412,1.436,1.413,1.432,44165.77
1771167600,2026-02-15 15:00:00,1.425,1.442,1.431,1.428,125448.79
1771171200,2026-02-15 16:00:00,1.415,1.43,1.427,1.426,59834.28
1771174800,2026-02-15 17:00:00,1.394,1.427,1.427,1.399,63040.64
1771178400,2026-02-15 18:00:00,1.39,1.409,1.4,1.394,54885.85
1771182000,2026-02-15 19:00:00,1.384,1.404,1.393,1.397,43581.36
1771185600,2026-02-15 20:00:00,1.391,1.416,1.396,1.409,69481.23
1771189200,2026-02-15 21:00:00,1.408,1.427,1.409,1.424,29369.56
1771192800,2026-02-15 22:00:00,1.418,1.433,1.418,1.429,23415.07
1771196400,2026-02-15 23:00:00,1.413,1.436,1.429,1.432,59181.91
1771200000,2026-02-16 00:00:00,1.431,1.446,1.432,1.44,38039.87
1771203600,2026-02-16 01:00:00,1.432,1.448,1.441,1.441,19276.91
1771207200,2026-02-16 02:00:00,1.443,1.463,1.443,1.447,64317.23
1771210800,2026-02-16 03:00:00,1.444,1.454,1.449,1.444,61760.59
1771214400,2026-02-16 04:00:00,1.446,1.482,1.447,1.475,84754.66
1771218000,2026-02-16 05:00:00,1.436,1.475,1.475,1.441,64479.5
1771221600,2026-02-16 06:00:00,1.438,1.453,1.444,1.438,40466.6
1771225200,2026-02-16 07:00:00,1.424,1.446,1.44,1.428,64863.89
1771228800,2026-02-16 08:00:00,1.426,1.432,1.429,1.429,3333.44
1771232400,2026-02-16 09:00:00,1.428,1.454,1.428,1.445,25127.56
1771236000,2026-02-16 10:00:00,1.438,1.449,1.445,1.443,37450.92
1771239600,2026-02-16 11:00:00,1.413,1.444,1.442,1.436,35617.45
1771243200,2026-02-16 12:00:00,1.432,1.47,1.438,1.47,43368.61
1771246800,2026-02-16 13:00:00,1.44,1.498,1.469,1.446,93280.63
1771250400,2026-02-16 14:00:00,1.436,1.462,1.446,1.452,27371.96
1771254000,2026-02-16 15:00:00,1.413,1.46,1.456,1.424,90754.25
1771257600,2026-02-16 16:00:00,1.421,1.442,1.425,1.43,44094.56
1771261200,2026-02-16 17:00:00,1.421,1.437,1.431,1.429,14753.08
1771264800,2026-02-16 18:00:00,1.427,1.444,1.429,1.429,56740.73
1771268400,2026-02-16 19:00:00,1.424,1.442,1.425,1.439,26697.57
1771272000,2026-02-16 20:00:00,1.43,1.454,1.436,1.45,28064.74
1771275600,2026-02-16 21:00:00,1.447,1.463,1.45,1.463,40912.37
1771279200,2026-02-16 22:00:00,1.448,1.464,1.46,1.451,29664.79
1771282800,2026-02-16 23:00:00,1.449,1.457,1.453,1.451,14790.08
1771286400,2026-02-17 00:00:00,1.442,1.459,1.449,1.455,36922.95
1771290000,2026-02-17 01:00:00,1.451,1.464,1.457,1.452,11718.54
1771293600,2026-02-17 02:00:00,1.444,1.476,1.452,1.466,15739.98
1771297200,2026-02-17 03:00:00,1.455,1.464,1.462,1.456,19904.32
1771300800,2026-02-17 04:00:00,1.453,1.468,1.454,1.464,5182.26
1771304400,2026-02-17 05:00:00,1.439,1.463,1.463,1.457,11256.58
1771308000,2026-02-17 06:00:00,1.456,1.462,1.459,1.456,19420.04
1771311600,2026-02-17 07:00:00,1.452,1.468,1.452,1.464,12226.22
1771315200,2026-02-17 08:00:00,1.464,1.479,1.466,1.464,88797.74
1771318800,2026-02-17 09:00:00,1.448,1.464,1.464,1.455,21445
1771322400,2026-02-17 10:00:00,1.434,1.457,1.454,1.44,21496.79
1771326000,2026-02-17 11:00:00,1.435,1.458,1.443,1.445,46999.23
1771329600,2026-02-17 12:00:00,1.438,1.455,1.444,1.438,9365.52
1771333200,2026-02-17 13:00:00,1.435,1.459,1.439,1.449,59103.24
1771336800,2026-02-17 14:00:00,1.421,1.465,1.448,1.426,44891.94
1771340400,2026-02-17 15:00:00,1.425,1.466,1.427,1.461,75806.55
1771344000,2026-02-17 16:00:00,1.459,1.49,1.462,1.466,87003.26
1771347600,2026-02-17 17:00:00,1.431,1.464,1.464,1.445,47527.14
1771351200,2026-02-17 18:00:00,1.44,1.478,1.44,1.468,42056.96
1771354800,2026-02-17 19:00:00,1.457,1.476,1.469,1.459,46326.51
1771358400,2026-02-17 20:00:00,1.445,1.46,1.458,1.448,13318.44
1771362000,2026-02-17 21:00:00,1.441,1.455,1.449,1.445,13203.5
1771365600,2026-02-17 22:00:00,1.44,1.454,1.445,1.44,21780.45
1771369200,2026-02-17 23:00:00,1.438,1.451,1.441,1.446,16122.25
1771372800,2026-02-18 00:00:00,1.443,1.457,1.445,1.444,17531.26
1771376400,2026-02-18 01:00:00,1.435,1.446,1.444,1.442,18430.9
1771380000,2026-02-18 02:00:00,1.441,1.452,1.443,1.449,3824.82
1771383600,2026-02-18 03:00:00,1.45,1.463,1.45,1.457,8353.49
1771387200,2026-02-18 04:00:00,1.455,1.462,1.455,1.458,8721.25
1771390800,2026-02-18 05:00:00,1.448,1.46,1.459,1.452,18383.41
1771394400,2026-02-18 06:00:00,1.449,1.455,1.452,1.452,5967.33
1771398000,2026-02-18 07:00:00,1.446,1.463,1.453,1.455,16005.17
1771401600,2026-02-18 08:00:00,1.455,1.471,1.457,1.458,15696.74
1771405200,2026-02-18 09:00:00,1.455,1.466,1.455,1.462,8281.6
1771408800,2026-02-18 10:00:00,1.45,1.487,1.463,1.45,120296.88
1771412400,2026-02-18 11:00:00,1.433,1.455,1.453,1.447,25749.85
1771416000,2026-02-18 12:00:00,1.44,1.454,1.449,1.448,20778.72
1771419600,2026-02-18 13:00:00,1.433,1.448,1.447,1.444,30243.64
1771423200,2026-02-18 14:00:00,1.425,1.45,1.442,1.447,30939.29
1771426800,2026-02-18 15:00:00,1.447,1.485,1.447,1.461,39981.45
1771430400,2026-02-18 16:00:00,1.44,1.462,1.461,1.444,35746
1771434000,2026-02-18 17:00:00,1.445,1.461,1.446,1.449,12398.27
1771437600,2026-02-18 18:00:00,1.418,1.449,1.449,1.43,51681.46
1771441200,2026-02-18 19:00:00,1.403,1.435,1.432,1.413,46381.48
1771444800,2026-02-18 20:00:00,1.406,1.424,1.418,1.414,30188.36
1771448400,2026-02-18 21:00:00,1.405,1.421,1.414,1.407,54208.81
1771452000,2026-02-18 22:00:00,1.394,1.414,1.409,1.41,38710.38
1771455600,2026-02-18 23:00:00,1.403,1.42,1.412,1.418,12561.56
1771459200,2026-02-19 00:00:00,1.406,1.421,1.415,1.414,27925.44
1771462800,2026-02-19 01:00:00,1.417,1.449,1.417,1.449,57100.62
1771466400,2026-02-19 02:00:00,1.446,1.46,1.449,1.459,101362.27
1771470000,2026-02-19 03:00:00,1.457,1.479,1.458,1.468,70655.06
1771473600,2026-02-19 04:00:00,1.446,1.468,1.468,1.465,19773.73
1771477200,2026-02-19 05:00:00,1.458,1.475,1.462,1.473,15190.64
1771480800,2026-02-19 06:00:00,1.462,1.49,1.475,1.474,34411.59
1771484400,2026-02-19 07:00:00,1.468,1.49,1.473,1.482,26721.14
1771488000,2026-02-19 08:00:00,1.416,1.488,1.485,1.427,69297.41
1771491600,2026-02-19 09:00:00,1.412,1.432,1.426,1.416,23805.93
1771495200,2026-02-19 10:00:00,1.407,1.424,1.416,1.413,24849.9
1771498800,2026-02-19 11:00:00,1.404,1.419,1.414,1.406,22536.71
1771502400,2026-02-19 12:00:00,1.38,1.41,1.407,1.38,88657.25
1771506000,2026-02-19 13:00:00,1.356,1.387,1.381,1.359,42313.92
1771509600,2026-02-19 14:00:00,1.356,1.391,1.359,1.387,99107.12
1771513200,2026-02-19 15:00:00,1.362,1.397,1.391,1.37,96760.57
1771516800,2026-02-19 16:00:00,1.357,1.38,1.369,1.367,19379.94
1771520400,2026-02-19 17:00:00,1.364,1.39,1.365,1.376,19075.38
1771524000,2026-02-19 18:00:00,1.371,1.406,1.375,1.401,31693.63
1771527600,2026-02-19 19:00:00,1.387,1.402,1.397,1.397,16816.14
1771531200,2026-02-19 20:00:00,1.387,1.404,1.398,1.401,35834.93
1771534800,2026-02-19 21:00:00,1.392,1.404,1.402,1.392,10032.9
1771538400,2026-02-19 22:00:00,1.39,1.401,1.391,1.401,17748.84
1771542000,2026-02-19 23:00:00,1.394,1.404,1.4,1.398,18065.64
1771545600,2026-02-20 00:00:00,1.398,1.425,1.398,1.418,16724.18
1771549200,2026-02-20 01:00:00,1.406,1.421,1.417,1.418,11927.51
1771552800,2026-02-20 02:00:00,1.418,1.438,1.418,1.424,16442.24
1771556400,2026-02-20 03:00:00,1.425,1.442,1.426,1.427,19784.89
1771560000,2026-02-20 04:00:00,1.418,1.435,1.425,1.43,11437.72
1771563600,2026-02-20 05:00:00,1.426,1.467,1.426,1.45,29023.4
1771567200,2026-02-20 06:00:00,1.446,1.461,1.451,1.455,14282.29
1771570800,2026-02-20 07:00:00,1.452,1.475,1.453,1.472,31636.82
1771574400,2026-02-20 08:00:00,1.463,1.498,1.473,1.484,36348.07
1771578000,2026-02-20 09:00:00,1.466,1.508,1.49,1.477,107836.76
1771581600,2026-02-20 10:00:00,1.463,1.489,1.48,1.463,18555.93
1771585200,2026-02-20 11:00:00,1.449,1.465,1.463,1.457,16570.43
1771588800,2026-02-20 12:00:00,1.448,1.461,1.456,1.46,25548.46
1771592400,2026-02-20 13:00:00,1.416,1.458,1.458,1.428,44683.6
1771596000,2026-02-20 14:00:00,1.427,1.473,1.431,1.465,49155.62
1771599600,2026-02-20 15:00:00,1.47,1.51,1.47,1.499,93958.64
1771603200,2026-02-20 16:00:00,1.486,1.527,1.5,1.514,116830.23
1771606800,2026-02-20 17:00:00,1.474,1.522,1.514,1.52,75846.69
1771610400,2026-02-20 18:00:00,1.489,1.525,1.522,1.502,61387.05
1771614000,2026-02-20 19:00:00,1.479,1.506,1.504,1.486,49255.32
1771617600,2026-02-20 20:00:00,1.473,1.5,1.485,1.496,45081.68
1771621200,2026-02-20 21:00:00,1.491,1.502,1.495,1.496,35978.07
1771624800,2026-02-20 22:00:00,1.489,1.507,1.496,1.497,33956.6
1771628400,2026-02-20 23:00:00,1.487,1.507,1.497,1.505,57921.11
1771632000,2026-02-21 00:00:00,1.498,1.543,1.506,1.502,71383.56
1771635600,2026-02-21 01:00:00,1.489,1.505,1.503,1.489,24984.72
1771639200,2026-02-21 02:00:00,1.481,1.495,1.488,1.491,9645.99
1771642800,2026-02-21 03:00:00,1.481,1.498,1.489,1.495,39179
1771646400,2026-02-21 04:00:00,1.487,1.497,1.494,1.495,12041.62
1771650000,2026-02-21 05:00:00,1.493,1.5,1.495,1.499,4347.06
1771653600,2026-02-21 06:00:00,1.482,1.508,1.5,1.489,24094.59
1771657200,2026-02-21 07:00:00,1.483,1.489,1.485,1.484,5747.13
1771660800,2026-02-21 08:00:00,1.483,1.497,1.483,1.493,12648.28
1771664400,2026-02-21 09:00:00,1.487,1.506,1.493,1.495,23352.16
1771668000,2026-02-21 10:00:00,1.488,1.498,1.494,1.491,12793.76
1771671600,2026-02-21 11:00:00,1.485,1.5,1.491,1.491,11215.12
1771675200,2026-02-21 12:00:00,1.479,1.492,1.49,1.488,15028.13
1771678800,2026-02-21 13:00:00,1.488,1.498,1.489,1.494,16447.6
1771682400,2026-02-21 14:00:00,1.488,1.505,1.495,1.492,19432.93
1771686000,2026-02-21 15:00:00,1.471,1.496,1.493,1.482,77051.8
1771689600,2026-02-21 16:00:00,1.479,1.507,1.481,1.481,167377.9
1771693200,2026-02-21 17:00:00,1.479,1.486,1.485,1.484,26916.69
1771696800,2026-02-21 18:00:00,1.484,1.49,1.485,1.485,9885
1771700400,2026-02-21 19:00:00,1.476,1.486,1.486,1.479,32048.56
1771704000,2026-02-21 20:00:00,1.465,1.482,1.478,1.465,33220.44
1771707600,2026-02-21 21:00:00,1.463,1.472,1.466,1.469,33020.81
1771711200,2026-02-21 22:00:00,1.463,1.471,1.47,1.464,36634.89
1771714800,2026-02-21 23:00:00,1.458,1.471,1.464,1.46,54410.12
1771718400,2026-02-22 00:00:00,1.418,1.46,1.46,1.434,181774.62
1771722000,2026-02-22 01:00:00,1.434,1.443,1.434,1.439,71593.2
1771725600,2026-02-22 02:00:00,1.424,1.446,1.442,1.43,21857.51
1771729200,2026-02-22 03:00:00,1.427,1.441,1.433,1.435,10236.57
1771732800,2026-02-22 04:00:00,1.435,1.444,1.439,1.444,7020.62
1771736400,2026-02-22 05:00:00,1.433,1.452,1.445,1.436,21948.55
1771740000,2026-02-22 06:00:00,1.434,1.444,1.436,1.437,6879.98
1771743600,2026-02-22 07:00:00,1.434,1.441,1.438,1.44,4321.06
1771747200,2026-02-22 08:00:00,1.427,1.441,1.439,1.427,14088.18
1771750800,2026-02-22 09:00:00,1.422,1.436,1.425,1.431,19851.26
1771754400,2026-02-22 10:00:00,1.432,1.437,1.432,1.432,4181.04
1771758000,2026-02-22 11:00:00,1.431,1.44,1.432,1.431,9235.83
1771761600,2026-02-22 12:00:00,1.405,1.43,1.43,1.409,100032.31
1771765200,2026-02-22 13:00:00,1.404,1.413,1.41,1.412,18884.01
1771768800,2026-02-22 14:00:00,1.4,1.411,1.409,1.405,13731.72
1771772400,2026-02-22 15:00:00,1.394,1.415,1.405,1.409,16310.85
1771776000,2026-02-22 16:00:00,1.397,1.408,1.408,1.402,61614.64
1771779600,2026-02-22 17:00:00,1.39,1.402,1.402,1.397,10142.66
1771783200,2026-02-22 18:00:00,1.395,1.403,1.396,1.397,8251.09
1771786800,2026-02-22 19:00:00,1.391,1.397,1.397,1.395,8417.42
1771790400,2026-02-22 20:00:00,1.386,1.397,1.395,1.394,18707.33
1771794000,2026-02-22 21:00:00,1.391,1.401,1.393,1.4,12128.81
1771797600,2026-02-22 22:00:00,1.397,1.412,1.4,1.41,15099.85
1771801200,2026-02-22 23:00:00,1.408,1.419,1.409,1.416,29416.46
1771804800,2026-02-23 00:00:00,1.394,1.42,1.416,1.397,46346.5
1771808400,2026-02-23 01:00:00,1.351,1.396,1.396,1.358,190891.81
1771812000,2026-02-23 02:00:00,1.354,1.368,1.359,1.366,47591.4
1771815600,2026-02-23 03:00:00,1.357,1.372,1.366,1.364,16510.64
1771819200,2026-02-23 04:00:00,1.358,1.37,1.364,1.358,8968.04
1771822800,2026-02-23 05:00:00,1.359,1.376,1.359,1.37,26435.32
1771826400,2026-02-23 06:00:00,1.378,1.398,1.378,1.392,32902.5
1771830000,2026-02-23 07:00:00,1.379,1.399,1.393,1.383,57100.8
1771833600,2026-02-23 08:00:00,1.38,1.387,1.382,1.387,22248.75
1771837200,2026-02-23 09:00:00,1.387,1.419,1.389,1.416,50858.88
1771840800,2026-02-23 10:00:00,1.411,1.42,1.416,1.416,9663.09
1771844400,2026-02-23 11:00:00,1.403,1.421,1.415,1.406,29725.21
1771848000,2026-02-23 12:00:00,1.405,1.431,1.406,1.424,31893.68
1771851600,2026-02-23 13:00:00,1.405,1.429,1.424,1.407,58972.51
1771855200,2026-02-23 14:00:00,1.393,1.411,1.404,1.399,18105.42
1771858800,2026-02-23 15:00:00,1.361,1.399,1.399,1.376,191043.2
1771862400,2026-02-23 16:00:00,1.364,1.386,1.377,1.372,30262.96
1771866000,2026-02-23 17:00:00,1.353,1.378,1.373,1.374,52639.55
1771869600,2026-02-23 18:00:00,1.366,1.39,1.371,1.367,81622.3
1771873200,2026-02-23 19:00:00,1.359,1.37,1.367,1.361,29172.91
1771876800,2026-02-23 20:00:00,1.357,1.381,1.362,1.381,64844.2
1771880400,2026-02-23 21:00:00,1.377,1.394,1.381,1.385,61066.4
1771884000,2026-02-23 22:00:00,1.383,1.396,1.386,1.384,14563.64
1771887600,2026-02-23 23:00:00,1.372,1.392,1.382,1.376,70244.7
1771891200,2026-02-24 00:00:00,1.374,1.387,1.376,1.38,15885.22
1771894800,2026-02-24 01:00:00,1.342,1.392,1.38,1.377,111707.45
1771898400,2026-02-24 02:00:00,1.366,1.38,1.377,1.366,21488.25
1771902000,2026-02-24 03:00:00,1.356,1.369,1.367,1.364,10643.55
1771905600,2026-02-24 04:00:00,1.345,1.368,1.367,1.351,32644.66
1771909200,2026-02-24 05:00:00,1.334,1.363,1.352,1.348,109900.91
1771912800,2026-02-24 06:00:00,1.345,1.355,1.347,1.349,7329.1
1771916400,2026-02-24 07:00:00,1.347,1.357,1.347,1.348,9160.31
1771920000,2026-02-24 08:00:00,1.34,1.359,1.341,1.354,41368.09
1771923600,2026-02-24 09:00:00,1.336,1.354,1.354,1.345,25517.82
1771927200,2026-02-24 10:00:00,1.341,1.354,1.343,1.352,10464.59
1771930800,2026-02-24 11:00:00,1.34,1.356,1.352,1.347,22036.68
1771934400,2026-02-24 12:00:00,1.331,1.347,1.347,1.339,175793.41
1771938000,2026-02-24 13:00:00,1.325,1.346,1.339,1.34,35340.49
1771941600,2026-02-24 14:00:00,1.324,1.371,1.339,1.366,116013.18
1771945200,2026-02-24 15:00:00,1.354,1.387,1.366,1.381,52796.72
1771948800,2026-02-24 16:00:00,1.375,1.41,1.385,1.396,119837.41
1771952400,2026-02-24 17:00:00,1.384,1.395,1.395,1.387,30505.97
1771956000,2026-02-24 18:00:00,1.375,1.396,1.387,1.388,74274.57
1771959600,2026-02-24 19:00:00,1.381,1.394,1.39,1.383,21645.55
1771963200,2026-02-24 20:00:00,1.364,1.385,1.385,1.365,71821.44
1771966800,2026-02-24 21:00:00,1.352,1.363,1.363,1.361,23644.62
1771970400,2026-02-24 22:00:00,1.357,1.37,1.368,1.363,9938.53
1771974000,2026-02-24 23:00:00,1.354,1.363,1.362,1.357,20482.09
1771977600,2026-02-25 00:00:00,1.344,1.357,1.353,1.357,16602.77
1771981200,2026-02-25 01:00:00,1.357,1.407,1.357,1.389,92720.98
1771984800,2026-02-25 02:00:00,1.388,1.403,1.393,1.393,41829.46
1771988400,2026-02-25 03:00:00,1.364,1.393,1.393,1.375,69847.09
1771992000,2026-02-25 04:00:00,1.364,1.384,1.376,1.382,31601.53
1771995600,2026-02-25 05:00:00,1.36,1.388,1.381,1.371,43359.89
1771999200,2026-02-25 06:00:00,1.366,1.379,1.371,1.37,6193.13
1772002800,2026-02-25 07:00:00,1.369,1.386,1.371,1.38,14980.39
1772006400,2026-02-25 08:00:00,1.377,1.4,1.38,1.397,16085.36
1772010000,2026-02-25 09:00:00,1.394,1.418,1.395,1.414,18809.89
1772013600,2026-02-25 10:00:00,1.402,1.416,1.414,1.405,35334.34
1772017200,2026-02-25 11:00:00,1.398,1.418,1.405,1.418,24518.69
1772020800,2026-02-25 12:00:00,1.415,1.443,1.418,1.443,44700.86
1772024400,2026-02-25 13:00:00,1.434,1.459,1.444,1.44,51636.49
1772028000,2026-02-25 14:00:00,1.439,1.474,1.439,1.473,32680.88
1772031600,2026-02-25 15:00:00,1.466,1.497,1.475,1.482,76359.93
1772035200,2026-02-25 16:00:00,1.482,1.509,1.483,1.509,68429.61
1772038800,2026-02-25 17:00:00,1.502,1.524,1.509,1.517,121563.77
1772042400,2026-02-25 18:00:00,1.506,1.525,1.517,1.517,31334.24
1772046000,2026-02-25 19:00:00,1.499,1.517,1.513,1.512,28938.44
1772049600,2026-02-25 20:00:00,1.504,1.528,1.514,1.52,45061.98
1772053200,2026-02-25 21:00:00,1.516,1.549,1.522,1.542,116736.64
1772056800,2026-02-25 22:00:00,1.504,1.552,1.541,1.516,81403.59
1772060400,2026-02-25 23:00:00,1.472,1.519,1.518,1.488,96816.04
1772064000,2026-02-26 00:00:00,1.471,1.502,1.488,1.48,62376.9
1772067600,2026-02-26 01:00:00,1.478,1.492,1.48,1.478,32490.17
1772071200,2026-02-26 02:00:00,1.466,1.487,1.478,1.484,24783.6
1772074800,2026-02-26 03:00:00,1.473,1.489,1.484,1.473,21052.17
1772078400,2026-02-26 04:00:00,1.47,1.484,1.475,1.474,26338.01
1772082000,2026-02-26 05:00:00,1.45,1.473,1.473,1.459,11301.13
1772085600,2026-02-26 06:00:00,1.451,1.469,1.462,1.453,14772.7
1772089200,2026-02-26 07:00:00,1.454,1.464,1.457,1.457,6290.06
1772092800,2026-02-26 08:00:00,1.46,1.478,1.46,1.469,19133.23
1772096400,2026-02-26 09:00:00,1.467,1.498,1.469,1.49,32493.73
1772100000,2026-02-26 10:00:00,1.47,1.488,1.487,1.475,13898.17
1772103600,2026-02-26 11:00:00,1.463,1.468,1.466,1.466,14715.92
1772107200,2026-02-26 12:00:00,1.464,1.482,1.464,1.478,6564.44
1772110800,2026-02-26 13:00:00,1.472,1.483,1.479,1.473,12755.83
1772114400,2026-02-26 14:00:00,1.455,1.483,1.47,1.466,21550.78
1772118000,2026-02-26 15:00:00,1.44,1.467,1.462,1.456,50546.85
1772121600,2026-02-26 16:00:00,1.401,1.457,1.457,1.402,73208.93
1772125200,2026-02-26 17:00:00,1.399,1.415,1.402,1.408,54985.49
1772128800,2026-02-26 18:00:00,1.403,1.429,1.411,1.416,50206.19
1772132400,2026-02-26 19:00:00,1.418,1.438,1.418,1.43,62305.33
1772136000,2026-02-26 20:00:00,1.431,1.443,1.431,1.433,50463.5
1772139600,2026-02-26 21:00:00,1.406,1.433,1.431,1.425,129429.73
1772143200,2026-02-26 22:00:00,1.424,1.434,1.424,1.434,27641.43
1772146800,2026-02-26 23:00:00,1.433,1.442,1.434,1.433,22663.05
1772150400,2026-02-27 00:00:00,1.431,1.442,1.433,1.44,23669.4
1772154000,2026-02-27 01:00:00,1.432,1.446,1.438,1.444,15765.25
1772157600,2026-02-27 02:00:00,1.445,1.457,1.445,1.448,10809.48
1772161200,2026-02-27 03:00:00,1.443,1.466,1.448,1.466,9379.14
1772164800,2026-02-27 04:00:00,1.466,1.49,1.466,1.475,28677.08
1772168400,2026-02-27 05:00:00,1.472,1.485,1.476,1.483,11115.05
1772172000,2026-02-27 06:00:00,1.47,1.485,1.482,1.48,18390.27
1772175600,2026-02-27 07:00:00,1.472,1.486,1.477,1.486,9659.96
1772179200,2026-02-27 08:00:00,1.484,1.493,1.484,1.491,15443
1772182800,2026-02-27 09:00:00,1.476,1.499,1.492,1.476,34744.6
1772186400,2026-02-27 10:00:00,1.447,1.476,1.475,1.453,24493.67
1772190000,2026-02-27 11:00:00,1.433,1.464,1.453,1.439,28684.1
1772193600,2026-02-27 12:00:00,1.425,1.445,1.439,1.435,35095.12
1772197200,2026-02-27 13:00:00,1.416,1.439,1.439,1.434,31424.53
1772200800,2026-02-27 14:00:00,1.421,1.437,1.434,1.423,19006.01
1772204400,2026-02-27 15:00:00,1.417,1.434,1.424,1.43,74626.37
1772208000,2026-02-27 16:00:00,1.409,1.433,1.43,1.41,109170.02
1772211600,2026-02-27 17:00:00,1.399,1.42,1.41,1.42,64843.43
1772215200,2026-02-27 18:00:00,1.413,1.425,1.42,1.415,12436.08
1772218800,2026-02-27 19:00:00,1.4,1.415,1.415,1.405,15452.74
1772222400,2026-02-27 20:00:00,1.404,1.417,1.404,1.411,43680.31
1772226000,2026-02-27 21:00:00,1.404,1.412,1.41,1.405,31810.94
1772229600,2026-02-27 22:00:00,1.384,1.41,1.406,1.406,34153.23
1772233200,2026-02-27 23:00:00,1.406,1.418,1.406,1.414,48469.42
1772236800,2026-02-28 00:00:00,1.412,1.428,1.414,1.422,48203.13
1772240400,2026-02-28 01:00:00,1.409,1.424,1.424,1.412,14899.17
1772244000,2026-02-28 02:00:00,1.41,1.417,1.41,1.416,7463.33
1772247600,2026-02-28 03:00:00,1.408,1.421,1.418,1.41,4670.8
1772251200,2026-02-28 04:00:00,1.397,1.408,1.408,1.404,10584.2
1772254800,2026-02-28 05:00:00,1.393,1.407,1.404,1.395,27368.69
1772258400,2026-02-28 06:00:00,1.307,1.396,1.395,1.307,299498.26
1772262000,2026-02-28 07:00:00,1.305,1.355,1.309,1.331,107834.1
1772265600,2026-02-28 08:00:00,1.316,1.332,1.331,1.319,27148.61
1772269200,2026-02-28 09:00:00,1.309,1.325,1.32,1.309,26071.25
1772272800,2026-02-28 10:00:00,1.3,1.32,1.31,1.309,74697.28
1772276400,2026-02-28 11:00:00,1.3,1.32,1.307,1.303,43468.77
1772280000,2026-02-28 12:00:00,1.299,1.311,1.305,1.307,56038.35
1772283600,2026-02-28 13:00:00,1.298,1.345,1.308,1.344,139228.44
1772287200,2026-02-28 14:00:00,1.323,1.355,1.346,1.328,189363.4
1772290800,2026-02-28 15:00:00,1.315,1.335,1.329,1.323,66232.56
1772294400,2026-02-28 16:00:00,1.32,1.334,1.323,1.332,16154.32
1772298000,2026-02-28 17:00:00,1.32,1.339,1.333,1.334,22746.69
1772301600,2026-02-28 18:00:00,1.327,1.37,1.333,1.36,32258.95
1772305200,2026-02-28 19:00:00,1.352,1.397,1.359,1.387,58956.87
1772308800,2026-02-28 20:00:00,1.38,1.423,1.386,1.418,59314.58
1772312400,2026-02-28 21:00:00,1.39,1.417,1.417,1.405,65013.31
1772316000,2026-02-28 22:00:00,1.403,1.432,1.406,1.414,65076.29
1772319600,2026-02-28 23:00:00,1.396,1.418,1.414,1.412,22070.21
1772323200,2026-03-01 00:00:00,1.397,1.416,1.412,1.403,20566.86
1772326800,2026-03-01 01:00:00,1.383,1.44,1.401,1.433,36379.53
1772330400,2026-03-01 02:00:00,1.43,1.464,1.432,1.447,56809.96
1772334000,2026-03-01 03:00:00,1.422,1.452,1.451,1.428,30142.68
1772337600,2026-03-01 04:00:00,1.41,1.431,1.431,1.426,20524.3
1772341200,2026-03-01 05:00:00,1.418,1.427,1.425,1.418,6617.25
1772344800,2026-03-01 06:00:00,1.39,1.419,1.419,1.396,56041.7
1772348400,2026-03-01 07:00:00,1.39,1.402,1.392,1.402,22224.43
1772352000,2026-03-01 08:00:00,1.371,1.402,1.399,1.376,16290.83
1772355600,2026-03-01 09:00:00,1.363,1.388,1.379,1.367,10727.64
1772359200,2026-03-01 10:00:00,1.359,1.377,1.365,1.368,11599.38
1772362800,2026-03-01 11:00:00,1.368,1.374,1.37,1.371,11344.42
1772366400,2026-03-01 12:00:00,1.35,1.372,1.371,1.353,18492.7
1772370000,2026-03-01 13:00:00,1.346,1.389,1.353,1.383,37020.54
1772373600,2026-03-01 14:00:00,1.368,1.396,1.385,1.373,38624.39
1772377200,2026-03-01 15:00:00,1.371,1.386,1.372,1.377,33166.69
1772380800,2026-03-01 16:00:00,1.348,1.387,1.376,1.358,38094.07
1772384400,2026-03-01 17:00:00,1.337,1.358,1.358,1.345,32755.99
1772388000,2026-03-01 18:00:00,1.344,1.363,1.344,1.353,25317.02
1772391600,2026-03-01 19:00:00,1.333,1.353,1.353,1.338,26683.44
1772395200,2026-03-01 20:00:00,1.312,1.339,1.338,1.316,38934.34
1772398800,2026-03-01 21:00:00,1.316,1.336,1.316,1.329,38913.71
1772402400,2026-03-01 22:00:00,1.325,1.355,1.33,1.329,47070.48
1772406000,2026-03-01 23:00:00,1.328,1.353,1.329,1.338,32233.28
1772409600,2026-03-02 00:00:00,1.338,1.37,1.339,1.36,14778.05
1772413200,2026-03-02 01:00:00,1.358,1.381,1.363,1.369,16229.97
1772416800,2026-03-02 02:00:00,1.352,1.367,1.363,1.358,19841.84
1772420400,2026-03-02 03:00:00,1.352,1.385,1.356,1.378,34705.43
1772424000,2026-03-02 04:00:00,1.373,1.385,1.377,1.374,10691.42
1772427600,2026-03-02 05:00:00,1.363,1.378,1.373,1.363,22397.47
1772431200,2026-03-02 06:00:00,1.343,1.364,1.364,1.343,7708.14
1772434800,2026-03-02 07:00:00,1.332,1.351,1.343,1.346,11026.7
1772438400,2026-03-02 08:00:00,1.333,1.351,1.347,1.347,18183.73
1772442000,2026-03-02 09:00:00,1.346,1.359,1.348,1.349,13921.07
1772445600,2026-03-02 10:00:00,1.346,1.353,1.347,1.351,7145.65
1772449200,2026-03-02 11:00:00,1.342,1.358,1.35,1.352,13299.07
1772452800,2026-03-02 12:00:00,1.342,1.353,1.351,1.342,13066.6
1772456400,2026-03-02 13:00:00,1.33,1.35,1.34,1.333,36449.73
1772460000,2026-03-02 14:00:00,1.328,1.394,1.333,1.387,50648.57
1772463600,2026-03-02 15:00:00,1.383,1.436,1.389,1.418,134372.95
1772467200,2026-03-02 16:00:00,1.403,1.439,1.423,1.409,121718.54
1772470800,2026-03-02 17:00:00,1.359,1.411,1.41,1.376,124552.71
1772474400,2026-03-02 18:00:00,1.364,1.388,1.376,1.379,77197.26
1772478000,2026-03-02 19:00:00,1.369,1.382,1.381,1.375,59494.36
1772481600,2026-03-02 20:00:00,1.363,1.387,1.377,1.369,27224.81
1772485200,2026-03-02 21:00:00,1.36,1.378,1.37,1.373,40822.48
1772488800,2026-03-02 22:00:00,1.374,1.389,1.375,1.387,41819.86
1772492400,2026-03-02 23:00:00,1.356,1.387,1.385,1.367,39603.85
1772496000,2026-03-03 00:00:00,1.342,1.365,1.365,1.352,51927.57
1772499600,2026-03-03 01:00:00,1.343,1.36,1.351,1.343,25783.51
1772503200,2026-03-03 02:00:00,1.333,1.35,1.343,1.347,65225.11
1772506800,2026-03-03 03:00:00,1.337,1.351,1.348,1.345,24501.39
1772510400,2026-03-03 04:00:00,1.331,1.345,1.345,1.333,30915.68
1772514000,2026-03-03 05:00:00,1.327,1.352,1.334,1.334,34109.3
1772517600,2026-03-03 06:00:00,1.33,1.34,1.334,1.335,10060.22
1772521200,2026-03-03 07:00:00,1.334,1.346,1.334,1.342,25879.89
1772524800,2026-03-03 08:00:00,1.319,1.346,1.345,1.32,23183.79
1772528400,2026-03-03 09:00:00,1.316,1.333,1.321,1.316,27658.49
1772532000,2026-03-03 10:00:00,1.314,1.325,1.316,1.316,31432.15
1772535600,2026-03-03 11:00:00,1.313,1.336,1.318,1.336,39836.36
1772539200,2026-03-03 12:00:00,1.328,1.355,1.334,1.332,32072.91
1772542800,2026-03-03 13:00:00,1.319,1.33,1.33,1.325,68431.61
1772546400,2026-03-03 14:00:00,1.312,1.342,1.324,1.324,32074.53
1772550000,2026-03-03 15:00:00,1.312,1.342,1.324,1.334,69217.84
1772553600,2026-03-03 16:00:00,1.331,1.372,1.333,1.352,154216.22
1772557200,2026-03-03 17:00:00,1.332,1.351,1.344,1.348,40918.77
1772560800,2026-03-03 18:00:00,1.339,1.361,1.345,1.348,41066.87
1772564400,2026-03-03 19:00:00,1.337,1.355,1.349,1.347,89278.2
1772568000,2026-03-03 20:00:00,1.331,1.349,1.348,1.335,15013.07
1772571600,2026-03-03 21:00:00,1.326,1.337,1.331,1.335,69630.93
1772575200,2026-03-03 22:00:00,1.336,1.351,1.336,1.346,27137.8
1772578800,2026-03-03 23:00:00,1.34,1.356,1.345,1.344,25740.19
1772582400,2026-03-04 00:00:00,1.331,1.347,1.346,1.345,41796.04
1772586000,2026-03-04 01:00:00,1.338,1.351,1.344,1.342,110740.69
1772589600,2026-03-04 02:00:00,1.333,1.349,1.338,1.349,5384.88
1772593200,2026-03-04 03:00:00,1.319,1.345,1.345,1.331,19577.77
1772596800,2026-03-04 04:00:00,1.314,1.331,1.331,1.323,31902.53
1772600400,2026-03-04 05:00:00,1.32,1.338,1.324,1.331,84255.16
1772604000,2026-03-04 06:00:00,1.323,1.337,1.331,1.335,12330.72
1772607600,2026-03-04 07:00:00,1.332,1.364,1.336,1.356,32811
1772611200,2026-03-04 08:00:00,1.356,1.419,1.358,1.417,87098.52
1772614800,2026-03-04 09:00:00,1.407,1.438,1.418,1.414,199835.35
1772618400,2026-03-04 10:00:00,1.388,1.414,1.414,1.393,70319.09
1772622000,2026-03-04 11:00:00,1.38,1.404,1.394,1.398,50791.82
1772625600,2026-03-04 12:00:00,1.378,1.405,1.401,1.398,46495.62
1772629200,2026-03-04 13:00:00,1.397,1.414,1.397,1.408,59430.34
1772632800,2026-03-04 14:00:00,1.4,1.442,1.41,1.411,93875.38
1772636400,2026-03-04 15:00:00,1.411,1.444,1.413,1.44,150265.56
1772640000,2026-03-04 16:00:00,1.415,1.458,1.441,1.434,174517.86
1772643600,2026-03-04 17:00:00,1.417,1.445,1.436,1.428,186665.82
1772647200,2026-03-04 18:00:00,1.419,1.441,1.427,1.44,73653.31
1772650800,2026-03-04 19:00:00,1.437,1.456,1.442,1.45,71220.95
1772654400,2026-03-04 20:00:00,1.431,1.452,1.45,1.433,53953.92
1772658000,2026-03-04 21:00:00,1.423,1.435,1.434,1.435,28539.08
1772661600,2026-03-04 22:00:00,1.411,1.445,1.435,1.413,35170.54
1772665200,2026-03-04 23:00:00,1.399,1.417,1.414,1.412,78598.37
1772668800,2026-03-05 00:00:00,1.396,1.411,1.41,1.403,55356.1
1772672400,2026-03-05 01:00:00,1.391,1.413,1.402,1.395,43939.68
1772676000,2026-03-05 02:00:00,1.392,1.41,1.4,1.397,30533.72
1772679600,2026-03-05 03:00:00,1.391,1.4,1.397,1.394,43977.26
1772683200,2026-03-05 04:00:00,1.392,1.405,1.394,1.402,48935.3
1772686800,2026-03-05 05:00:00,1.385,1.404,1.402,1.393,19092.23
1772690400,2026-03-05 06:00:00,1.384,1.399,1.391,1.397,109106.88
1772694000,2026-03-05 07:00:00,1.378,1.401,1.4,1.388,49608.34
1772697600,2026-03-05 08:00:00,1.385,1.408,1.386,1.391,135679.16
1772701200,2026-03-05 09:00:00,1.391,1.402,1.391,1.401,11263.52
1772704800,2026-03-05 10:00:00,1.398,1.418,1.399,1.415,31791.9
1772708400,2026-03-05 11:00:00,1.4,1.419,1.416,1.409,25553.19
1772712000,2026-03-05 12:00:00,1.403,1.412,1.408,1.41,25500.39
1772715600,2026-03-05 13:00:00,1.388,1.407,1.406,1.402,39718.27
1772719200,2026-03-05 14:00:00,1.391,1.408,1.402,1.403,38212.32
1772722800,2026-03-05 15:00:00,1.364,1.406,1.404,1.368,78209
1772726400,2026-03-05 16:00:00,1.34,1.369,1.369,1.357,62545.57
1772730000,2026-03-05 17:00:00,1.337,1.367,1.358,1.338,56907.66
1772733600,2026-03-05 18:00:00,1.337,1.36,1.338,1.36,63241.45
1772737200,2026-03-05 19:00:00,1.363,1.385,1.363,1.378,54128.59
1772740800,2026-03-05 20:00:00,1.373,1.402,1.376,1.394,49590.71
1772744400,2026-03-05 21:00:00,1.39,1.41,1.395,1.398,30159.99
1772748000,2026-03-05 22:00:00,1.39,1.401,1.397,1.394,11533.93
1772751600,2026-03-05 23:00:00,1.391,1.404,1.393,1.399,48329.05
1772755200,2026-03-06 00:00:00,1.392,1.401,1.399,1.397,27504.75
1772758800,2026-03-06 01:00:00,1.389,1.417,1.396,1.41,14233.28
1772762400,2026-03-06 02:00:00,1.407,1.417,1.409,1.411,5765.93
1772766000,2026-03-06 03:00:00,1.404,1.421,1.408,1.421,7413.35
1772769600,2026-03-06 04:00:00,1.4,1.418,1.418,1.41,7328.9
1772773200,2026-03-06 05:00:00,1.392,1.412,1.411,1.398,43007.69
1772776800,2026-03-06 06:00:00,1.4,1.412,1.4,1.405,10058.56
1772780400,2026-03-06 07:00:00,1.403,1.425,1.405,1.417,12357.51
1772784000,2026-03-06 08:00:00,1.409,1.415,1.415,1.411,13493.07
1772787600,2026-03-06 09:00:00,1.395,1.413,1.411,1.407,10795.56
1772791200,2026-03-06 10:00:00,1.402,1.414,1.41,1.402,15372.89
1772794800,2026-03-06 11:00:00,1.385,1.403,1.402,1.391,27950.93
1772798400,2026-03-06 12:00:00,1.375,1.392,1.39,1.388,43689.76
1772802000,2026-03-06 13:00:00,1.363,1.397,1.388,1.364,29178.02
1772805600,2026-03-06 14:00:00,1.331,1.366,1.362,1.339,119144.36
1772809200,2026-03-06 15:00:00,1.338,1.361,1.339,1.347,45242.66
1772812800,2026-03-06 16:00:00,1.34,1.358,1.345,1.347,27491.81
1772816400,2026-03-06 17:00:00,1.338,1.356,1.347,1.344,22795.8
1772820000,2026-03-06 18:00:00,1.348,1.369,1.348,1.36,15051.04
1772823600,2026-03-06 19:00:00,1.355,1.368,1.36,1.357,5289.46
1772827200,2026-03-06 20:00:00,1.353,1.362,1.358,1.36,37647.09
1772830800,2026-03-06 21:00:00,1.352,1.36,1.36,1.357,19386.54
1772834400,2026-03-06 22:00:00,1.356,1.365,1.358,1.361,4884.38
1772838000,2026-03-06 23:00:00,1.352,1.36,1.359,1.352,4348.87
1772841600,2026-03-07 00:00:00,1.345,1.358,1.354,1.348,33105.33
1772845200,2026-03-07 01:00:00,1.343,1.353,1.348,1.348,7596.78
1772848800,2026-03-07 02:00:00,1.344,1.351,1.349,1.35,13451.43
1772852400,2026-03-07 03:00:00,1.34,1.351,1.35,1.34,89931.72
1772856000,2026-03-07 04:00:00,1.336,1.347,1.339,1.346,7437.54
1772859600,2026-03-07 05:00:00,1.343,1.351,1.345,1.349,10759.31
1772863200,2026-03-07 06:00:00,1.337,1.349,1.348,1.337,10925.82
1772866800,2026-03-07 07:00:00,1.333,1.347,1.337,1.346,24759.69
1772870400,2026-03-07 08:00:00,1.345,1.358,1.346,1.351,28167.6
1772874000,2026-03-07 09:00:00,1.347,1.37,1.351,1.368,20186.21
1772877600,2026-03-07 10:00:00,1.367,1.376,1.369,1.374,28437.13
1772881200,2026-03-07 11:00:00,1.365,1.382,1.371,1.378,9884.75
1772884800,2026-03-07 12:00:00,1.37,1.381,1.372,1.377,11003.15
1772888400,2026-03-07 13:00:00,1.374,1.391,1.374,1.391,16362.31
1772892000,2026-03-07 14:00:00,1.369,1.395,1.392,1.386,38273.42
1772895600,2026-03-07 15:00:00,1.379,1.401,1.386,1.385,35360.68
1772899200,2026-03-07 16:00:00,1.385,1.403,1.385,1.391,76575.53
1772902800,2026-03-07 17:00:00,1.378,1.396,1.391,1.378,51104.35
1772906400,2026-03-07 18:00:00,1.365,1.378,1.378,1.366,15981.23
1772910000,2026-03-07 19:00:00,1.359,1.371,1.367,1.366,20917.87
1772913600,2026-03-07 20:00:00,1.359,1.369,1.367,1.363,11102.83
1772917200,2026-03-07 21:00:00,1.356,1.369,1.363,1.363,46657.01
1772920800,2026-03-07 22:00:00,1.358,1.368,1.364,1.363,25722.85
1772924400,2026-03-07 23:00:00,1.358,1.375,1.361,1.366,39663.17
1772928000,2026-03-08 00:00:00,1.358,1.384,1.368,1.359,29669.88
1772931600,2026-03-08 01:00:00,1.35,1.365,1.361,1.355,10662.55
1772935200,2026-03-08 02:00:00,1.344,1.362,1.355,1.345,3729
1772938800,2026-03-08 03:00:00,1.344,1.353,1.348,1.35,5120.79
1772942400,2026-03-08 04:00:00,1.349,1.358,1.351,1.358,4912.42
1772946000,2026-03-08 05:00:00,1.36,1.372,1.36,1.369,27377.19
1772949600,2026-03-08 06:00:00,1.365,1.381,1.367,1.38,14543.89
1772953200,2026-03-08 07:00:00,1.379,1.397,1.38,1.388,27149.42
1772956800,2026-03-08 08:00:00,1.367,1.384,1.382,1.38,14267.13
1772960400,2026-03-08 09:00:00,1.372,1.387,1.379,1.372,45119.2
1772964000,2026-03-08 10:00:00,1.37,1.394,1.374,1.389,32980.06
1772967600,2026-03-08 11:00:00,1.367,1.389,1.388,1.373,13946.06
1772971200,2026-03-08 12:00:00,1.359,1.384,1.373,1.37,29936.37
1772974800,2026-03-08 13:00:00,1.352,1.37,1.37,1.359,32187.58
1772978400,2026-03-08 14:00:00,1.358,1.37,1.361,1.363,20259.36
1772982000,2026-03-08 15:00:00,1.349,1.361,1.361,1.356,9823.68
1772985600,2026-03-08 16:00:00,1.346,1.356,1.354,1.354,16267.34
1772989200,2026-03-08 17:00:00,1.354,1.371,1.354,1.365,41033.5
1772992800,2026-03-08 18:00:00,1.363,1.374,1.366,1.373,6240.83
1772996400,2026-03-08 19:00:00,1.374,1.397,1.374,1.39,26485.72
1773000000,2026-03-08 20:00:00,1.384,1.396,1.387,1.388,17223.62
1773003600,2026-03-08 21:00:00,1.374,1.388,1.388,1.38,11412.14
1773007200,2026-03-08 22:00:00,1.351,1.377,1.377,1.374,58742.14
1773010800,2026-03-08 23:00:00,1.35,1.376,1.375,1.352,44560.7
1773014400,2026-03-09 00:00:00,1.35,1.38,1.351,1.368,31564.37
1773018000,2026-03-09 01:00:00,1.358,1.371,1.367,1.358,12437.45
1773021600,2026-03-09 02:00:00,1.353,1.378,1.357,1.37,29110.72
1773025200,2026-03-09 03:00:00,1.369,1.394,1.371,1.374,56312.04
1773028800,2026-03-09 04:00:00,1.372,1.388,1.374,1.376,18255.28
1773032400,2026-03-09 05:00:00,1.373,1.397,1.376,1.394,25479.57
1773036000,2026-03-09 06:00:00,1.367,1.394,1.394,1.367,18562.47
1773039600,2026-03-09 07:00:00,1.359,1.38,1.365,1.38,12892.4
1773043200,2026-03-09 08:00:00,1.377,1.394,1.381,1.383,27179.79
1773046800,2026-03-09 09:00:00,1.377,1.399,1.379,1.386,18143.8
1773050400,2026-03-09 10:00:00,1.377,1.386,1.385,1.379,5642.11
1773054000,2026-03-09 11:00:00,1.369,1.379,1.377,1.379,35256.2
1773057600,2026-03-09 12:00:00,1.379,1.393,1.379,1.389,20417.99
1773061200,2026-03-09 13:00:00,1.387,1.413,1.39,1.402,30827.46
1773064800,2026-03-09 14:00:00,1.394,1.41,1.402,1.399,66207.53
1773068400,2026-03-09 15:00:00,1.382,1.4,1.4,1.39,72917.61
1773072000,2026-03-09 16:00:00,1.381,1.398,1.391,1.383,25160.08
1773075600,2026-03-09 17:00:00,1.373,1.387,1.384,1.379,17679.91
1773079200,2026-03-09 18:00:00,1.379,1.392,1.379,1.388,12458.68
1773082800,2026-03-09 19:00:00,1.382,1.42,1.392,1.4,72039.05
1773086400,2026-03-09 20:00:00,1.39,1.403,1.402,1.401,11779.27
1773090000,2026-03-09 21:00:00,1.396,1.408,1.402,1.406,14029.97
1773093600,2026-03-09 22:00:00,1.391,1.406,1.401,1.394,31950.52
1773097200,2026-03-09 23:00:00,1.39,1.398,1.394,1.394,6836.94
1773100800,2026-03-10 00:00:00,1.393,1.412,1.393,1.408,13035.92
1773104400,2026-03-10 01:00:00,1.406,1.421,1.412,1.419,17448.38
1773108000,2026-03-10 02:00:00,1.414,1.442,1.419,1.44,35498.27
1773111600,2026-03-10 03:00:00,1.425,1.45,1.442,1.434,30957.83
1773115200,2026-03-10 04:00:00,1.437,1.454,1.438,1.447,16487.35
1773118800,2026-03-10 05:00:00,1.441,1.456,1.451,1.448,18202.97
1773122400,2026-03-10 06:00:00,1.433,1.449,1.449,1.435,43130.79
1773126000,2026-03-10 07:00:00,1.434,1.448,1.434,1.448,11708.06
1773129600,2026-03-10 08:00:00,1.449,1.475,1.449,1.474,45046.01
1773133200,2026-03-10 09:00:00,1.473,1.5,1.473,1.497,55534.04
1773136800,2026-03-10 10:00:00,1.485,1.501,1.498,1.494,32959.55
1773140400,2026-03-10 11:00:00,1.484,1.495,1.492,1.486,21759.77
1773144000,2026-03-10 12:00:00,1.476,1.491,1.485,1.489,58651.68
1773147600,2026-03-10 13:00:00,1.474,1.513,1.49,1.485,49636.64
1773151200,2026-03-10 14:00:00,1.46,1.547,1.479,1.537,166866.76
1773154800,2026-03-10 15:00:00,1.499,1.54,1.54,1.518,143339.96
1773158400,2026-03-10 16:00:00,1.516,1.591,1.518,1.553,287982.35
1773162000,2026-03-10 17:00:00,1.528,1.596,1.552,1.533,171643.15
1773165600,2026-03-10 18:00:00,1.5,1.538,1.533,1.504,113185.23
1773169200,2026-03-10 19:00:00,1.483,1.51,1.504,1.495,139700.37
1773172800,2026-03-10 20:00:00,1.493,1.505,1.495,1.504,33188.6
1773176400,2026-03-10 21:00:00,1.467,1.508,1.504,1.478,66141.91
1773180000,2026-03-10 22:00:00,1.465,1.486,1.481,1.465,49469.61
1773183600,2026-03-10 23:00:00,1.458,1.473,1.465,1.473,37496.22
1773187200,2026-03-11 00:00:00,1.463,1.484,1.473,1.472,80479.35
1773190800,2026-03-11 01:00:00,1.464,1.488,1.474,1.475,69776.46
1773194400,2026-03-11 02:00:00,1.455,1.478,1.477,1.47,93414.8
1773198000,2026-03-11 03:00:00,1.461,1.473,1.469,1.465,22340.33
1773201600,2026-03-11 04:00:00,1.463,1.484,1.463,1.484,27190.91
1773205200,2026-03-11 05:00:00,1.459,1.484,1.484,1.465,21396.67
1773208800,2026-03-11 06:00:00,1.466,1.488,1.466,1.486,17342.05
1773212400,2026-03-11 07:00:00,1.473,1.496,1.486,1.486,34102.16
1773216000,2026-03-11 08:00:00,1.473,1.492,1.49,1.483,34057.35
1773219600,2026-03-11 09:00:00,1.475,1.488,1.481,1.479,5892.91
1773223200,2026-03-11 10:00:00,1.479,1.5,1.481,1.494,6439.3
1773226800,2026-03-11 11:00:00,1.491,1.506,1.495,1.502,25936.18
1773230400,2026-03-11 12:00:00,1.493,1.529,1.504,1.522,61572.3
1773234000,2026-03-11 13:00:00,1.519,1.582,1.52,1.539,152218.07
1773237600,2026-03-11 14:00:00,1.536,1.563,1.54,1.538,220575.74
1773241200,2026-03-11 15:00:00,1.501,1.539,1.539,1.517,74868.42
1773244800,2026-03-11 16:00:00,1.512,1.533,1.518,1.53,74506.52
1773248400,2026-03-11 17:00:00,1.525,1.555,1.534,1.543,89329.31
1773252000,2026-03-11 18:00:00,1.535,1.558,1.543,1.554,35889.71
1773255600,2026-03-11 19:00:00,1.542,1.556,1.551,1.546,37136.8
1773259200,2026-03-11 20:00:00,1.532,1.546,1.545,1.536,24392.85
1773262800,2026-03-11 21:00:00,1.526,1.541,1.536,1.537,30061.8
1773266400,2026-03-11 22:00:00,1.523,1.542,1.539,1.536,59100.72
1773270000,2026-03-11 23:00:00,1.526,1.544,1.539,1.529,34999.14
1773273600,2026-03-12 00:00:00,1.519,1.534,1.528,1.533,46342.78
1773277200,2026-03-12 01:00:00,1.51,1.531,1.531,1.515,23267.87
1773280800,2026-03-12 02:00:00,1.488,1.518,1.514,1.492,42401.57
1773284400,2026-03-12 03:00:00,1.495,1.511,1.495,1.503,39128.42
1773288000,2026-03-12 04:00:00,1.502,1.514,1.502,1.514,17667.67
1773291600,2026-03-12 05:00:00,1.509,1.528,1.514,1.528,16419.58
1773295200,2026-03-12 06:00:00,1.512,1.535,1.526,1.533,31145.98
1773298800,2026-03-12 07:00:00,1.523,1.561,1.532,1.555,73619.68
1773302400,2026-03-12 08:00:00,1.551,1.567,1.554,1.567,35373.84
1773306000,2026-03-12 09:00:00,1.561,1.575,1.564,1.564,27253.64
1773309600,2026-03-12 10:00:00,1.556,1.608,1.565,1.601,115940.04
1773313200,2026-03-12 11:00:00,1.59,1.612,1.6,1.599,110880.09
1773316800,2026-03-12 12:00:00,1.59,1.612,1.599,1.597,30179.35
1773320400,2026-03-12 13:00:00,1.578,1.618,1.595,1.584,73034
1773324000,2026-03-12 14:00:00,1.56,1.6,1.583,1.589,47206.56
1773327600,2026-03-12 15:00:00,1.579,1.617,1.59,1.6,79624.12
1773331200,2026-03-12 16:00:00,1.595,1.648,1.599,1.631,221766
1773334800,2026-03-12 17:00:00,1.611,1.635,1.629,1.611,67015.28
1773338400,2026-03-12 18:00:00,1.596,1.624,1.612,1.603,75562.15
1773342000,2026-03-12 19:00:00,1.601,1.63,1.603,1.619,89287.17
1773345600,2026-03-12 20:00:00,1.617,1.638,1.619,1.626,50303.21
1773349200,2026-03-12 21:00:00,1.623,1.672,1.628,1.654,89440.09
1773352800,2026-03-12 22:00:00,1.65,1.683,1.651,1.667,97220.7
1773356400,2026-03-12 23:00:00,1.665,1.701,1.665,1.695,173219.74
1773360000,2026-03-13 00:00:00,1.674,1.753,1.696,1.702,150979.57
1773363600,2026-03-13 01:00:00,1.7,1.746,1.705,1.737,143804.83
1773367200,2026-03-13 02:00:00,1.708,1.745,1.738,1.743,76074.6
1773370800,2026-03-13 03:00:00,1.731,1.775,1.743,1.765,86900.18
1773374400,2026-03-13 04:00:00,1.76,1.789,1.764,1.776,123372.13
1773378000,2026-03-13 05:00:00,1.776,1.83,1.779,1.823,157945.05
1773381600,2026-03-13 06:00:00,1.82,1.871,1.828,1.861,193273.91
1773385200,2026-03-13 07:00:00,1.813,1.899,1.859,1.817,228789.6
1773388800,2026-03-13 08:00:00,1.763,1.824,1.814,1.793,136155.55
1773392400,2026-03-13 09:00:00,1.776,1.796,1.792,1.791,73576.98
1773396000,2026-03-13 10:00:00,1.792,1.83,1.792,1.82,61800.96
1773399600,2026-03-13 11:00:00,1.815,1.843,1.819,1.843,41751.35
1773403200,2026-03-13 12:00:00,1.832,1.918,1.844,1.902,240114.76
1773406800,2026-03-13 13:00:00,1.876,1.939,1.902,1.914,361144.81
1773410400,2026-03-13 14:00:00,1.754,1.952,1.916,1.818,509469.2
1773414000,2026-03-13 15:00:00,1.795,1.863,1.82,1.801,254526.59
1773417600,2026-03-13 16:00:00,1.784,1.83,1.803,1.824,154225.92
1773421200,2026-03-13 17:00:00,1.79,1.828,1.823,1.808,136321.4
1773424800,2026-03-13 18:00:00,1.797,1.857,1.809,1.839,135650.04
1773428400,2026-03-13 19:00:00,1.827,1.853,1.843,1.837,54483.57
1773432000,2026-03-13 20:00:00,1.825,1.846,1.838,1.843,64967.06
1773435600,2026-03-13 21:00:00,1.803,1.873,1.845,1.816,176604.89
1773439200,2026-03-13 22:00:00,1.775,1.815,1.815,1.794,144263.26
1773442800,2026-03-13 23:00:00,1.782,1.8,1.791,1.795,72142.96
1773446400,2026-03-14 00:00:00,1.765,1.796,1.794,1.77,104149.69
1773450000,2026-03-14 01:00:00,1.769,1.789,1.769,1.784,43064.4
1773453600,2026-03-14 02:00:00,1.77,1.813,1.781,1.809,105939.17
1773457200,2026-03-14 03:00:00,1.797,1.851,1.812,1.797,103305.84
1773460800,2026-03-14 04:00:00,1.777,1.808,1.796,1.785,61895.31
1773464400,2026-03-14 05:00:00,1.772,1.788,1.786,1.784,34921.55
1773468000,2026-03-14 06:00:00,1.743,1.784,1.783,1.757,64294.07
1773471600,2026-03-14 07:00:00,1.739,1.759,1.755,1.743,46173.39
1773475200,2026-03-14 08:00:00,1.738,1.764,1.742,1.764,29561.79
1773478800,2026-03-14 09:00:00,1.75,1.772,1.765,1.761,24188.38
1773482400,2026-03-14 10:00:00,1.74,1.76,1.76,1.749,44308.2
1773486000,2026-03-14 11:00:00,1.747,1.769,1.747,1.769,35899.18
1773489600,2026-03-14 12:00:00,1.757,1.779,1.767,1.779,19060.76
1773493200,2026-03-14 13:00:00,1.778,1.802,1.78,1.792,57310.91
1773496800,2026-03-14 14:00:00,1.788,1.806,1.79,1.795,61661.83
1773500400,2026-03-14 15:00:00,1.782,1.799,1.794,1.786,63878.58
1773504000,2026-03-14 16:00:00,1.785,1.799,1.787,1.79,36143.57
1773507600,2026-03-14 17:00:00,1.785,1.803,1.791,1.786,29628.25
1773511200,2026-03-14 18:00:00,1.779,1.787,1.785,1.779,30673.85
1773514800,2026-03-14 19:00:00,1.777,1.786,1.781,1.78,7755.88
1773518400,2026-03-14 20:00:00,1.78,1.805,1.781,1.799,23468.09
1773522000,2026-03-14 21:00:00,1.787,1.817,1.8,1.816,33356.94
1773525600,2026-03-14 22:00:00,1.81,1.828,1.813,1.826,91495.68
1773529200,2026-03-14 23:00:00,1.827,1.907,1.827,1.881,231547.56
1773532800,2026-03-15 00:00:00,1.835,1.889,1.88,1.875,119183.47
1773536400,2026-03-15 01:00:00,1.867,1.945,1.876,1.92,246316.76
1773540000,2026-03-15 02:00:00,1.913,1.95,1.918,1.918,149198.85
1773543600,2026-03-15 03:00:00,1.907,1.938,1.918,1.922,92590.09
1773547200,2026-03-15 04:00:00,1.872,1.928,1.921,1.882,53022.97
1773550800,2026-03-15 05:00:00,1.826,1.881,1.881,1.83,83024.8
1773554400,2026-03-15 06:00:00,1.813,1.832,1.828,1.828,42674.8
1773558000,2026-03-15 07:00:00,1.809,1.838,1.827,1.816,35341.71
1773561600,2026-03-15 08:00:00,1.816,1.829,1.817,1.824,36759.7
1773565200,2026-03-15 09:00:00,1.822,1.839,1.825,1.828,45378.2
1773568800,2026-03-15 10:00:00,1.823,1.848,1.826,1.838,52752.99
1773572400,2026-03-15 11:00:00,1.835,1.867,1.84,1.864,52311.2
1773576000,2026-03-15 12:00:00,1.848,1.881,1.863,1.881,57052.2
1773579600,2026-03-15 13:00:00,1.832,1.883,1.882,1.849,94934.86
1773583200,2026-03-15 14:00:00,1.822,1.861,1.846,1.843,67288.77
1773586800,2026-03-15 15:00:00,1.827,1.857,1.844,1.85,76722.17
1773590400,2026-03-15 16:00:00,1.84,1.867,1.847,1.85,49838.51
1773594000,2026-03-15 17:00:00,1.846,1.876,1.848,1.872,62174.54
1773597600,2026-03-15 18:00:00,1.86,1.905,1.87,1.883,131396
1773601200,2026-03-15 19:00:00,1.858,1.889,1.885,1.861,78105.29
1773604800,2026-03-15 20:00:00,1.863,1.893,1.865,1.877,71184.13
1773608400,2026-03-15 21:00:00,1.872,1.916,1.878,1.901,72032.54
1773612000,2026-03-15 22:00:00,1.868,1.91,1.902,1.91,97965
1773615600,2026-03-15 23:00:00,1.875,1.912,1.911,1.896,78377.92
1773619200,2026-03-16 00:00:00,1.88,1.909,1.897,1.883,45962.11
1773622800,2026-03-16 01:00:00,1.871,1.889,1.884,1.877,45591.4
1773626400,2026-03-16 02:00:00,1.862,1.888,1.878,1.862,59944.8
1773630000,2026-03-16 03:00:00,1.847,1.889,1.861,1.873,144430.37
1773633600,2026-03-16 04:00:00,1.87,1.889,1.879,1.877,141632.01
1773637200,2026-03-16 05:00:00,1.871,1.887,1.878,1.88,51929.95
1773640800,2026-03-16 06:00:00,1.855,1.88,1.879,1.862,47167.54
1773644400,2026-03-16 07:00:00,1.861,1.88,1.862,1.868,35810.33
1773648000,2026-03-16 08:00:00,1.85,1.88,1.871,1.86,36070.9
1773651600,2026-03-16 09:00:00,1.858,1.869,1.86,1.86,23094.45
1773655200,2026-03-16 10:00:00,1.86,1.881,1.862,1.875,28661.44
1773658800,2026-03-16 11:00:00,1.854,1.88,1.878,1.858,43119.52
1773662400,2026-03-16 12:00:00,1.85,1.874,1.859,1.856,64274.29
1773666000,2026-03-16 13:00:00,1.846,1.875,1.855,1.865,148272.32
1773669600,2026-03-16 14:00:00,1.825,1.884,1.867,1.848,256571.25
1773673200,2026-03-16 15:00:00,1.842,1.866,1.849,1.85,47526.11
1773676800,2026-03-16 16:00:00,1.846,1.88,1.85,1.879,98294.42
1773680400,2026-03-16 17:00:00,1.869,1.891,1.879,1.872,90366.19
1773684000,2026-03-16 18:00:00,1.863,1.892,1.871,1.863,281477.54
1773687600,2026-03-16 19:00:00,1.85,1.873,1.862,1.864,245080.69
1773691200,2026-03-16 20:00:00,1.857,1.907,1.864,1.885,171420.49
1773694800,2026-03-16 21:00:00,1.88,1.913,1.884,1.908,114778.55
1773698400,2026-03-16 22:00:00,1.908,1.988,1.909,1.972,345158.81
1773702000,2026-03-16 23:00:00,1.924,1.975,1.971,1.927,119809.46
1773705600,2026-03-17 00:00:00,1.907,1.951,1.926,1.936,142369.03
1773709200,2026-03-17 01:00:00,1.908,1.942,1.936,1.933,50077.66
1773712800,2026-03-17 02:00:00,1.909,1.933,1.932,1.911,32798.11
1773716400,2026-03-17 03:00:00,1.866,1.913,1.913,1.877,126970.59
1773720000,2026-03-17 04:00:00,1.841,1.88,1.879,1.865,172904.4
1773723600,2026-03-17 05:00:00,1.86,1.883,1.863,1.875,76012.06
1773727200,2026-03-17 06:00:00,1.861,1.881,1.873,1.87,29819.74
1773730800,2026-03-17 07:00:00,1.871,1.89,1.871,1.876,37252.6
1773734400,2026-03-17 08:00:00,1.873,1.897,1.878,1.89,27314.03
1773738000,2026-03-17 09:00:00,1.872,1.895,1.891,1.875,56497.07
1773741600,2026-03-17 10:00:00,1.863,1.877,1.876,1.869,55964.26
1773745200,2026-03-17 11:00:00,1.863,1.883,1.868,1.866,45419.92
1773748800,2026-03-17 12:00:00,1.812,1.867,1.865,1.818,220588.92
1773752400,2026-03-17 13:00:00,1.802,1.837,1.818,1.807,139592.96
1773756000,2026-03-17 14:00:00,1.789,1.815,1.807,1.801,226265.17
1773759600,2026-03-17 15:00:00,1.782,1.818,1.801,1.793,72271.92
1773763200,2026-03-17 16:00:00,1.788,1.803,1.795,1.802,56667.4
1773766800,2026-03-17 17:00:00,1.797,1.81,1.803,1.804,59454.13
1773770400,2026-03-17 18:00:00,1.8,1.82,1.803,1.815,137868.18
1773774000,2026-03-17 19:00:00,1.809,1.825,1.814,1.81,69506.62
1773777600,2026-03-17 20:00:00,1.803,1.82,1.812,1.816,33349.15
1773781200,2026-03-17 21:00:00,1.812,1.834,1.815,1.826,29659.66
1773784800,2026-03-17 22:00:00,1.8,1.835,1.827,1.814,90001.9
1773788400,2026-03-17 23:00:00,1.802,1.816,1.815,1.806,29026.47
1773792000,2026-03-18 00:00:00,1.787,1.817,1.805,1.815,90920.76
1773795600,2026-03-18 01:00:00,1.809,1.821,1.815,1.813,35199.59
1773799200,2026-03-18 02:00:00,1.809,1.83,1.812,1.828,47667.65
1773802800,2026-03-18 03:00:00,1.825,1.847,1.828,1.831,88144.03
1773806400,2026-03-18 04:00:00,1.815,1.832,1.831,1.824,36227.5
1773810000,2026-03-18 05:00:00,1.811,1.836,1.823,1.815,33543.44
1773813600,2026-03-18 06:00:00,1.801,1.818,1.816,1.804,9034.31
1773817200,2026-03-18 07:00:00,1.79,1.804,1.802,1.8,62671.93
1773820800,2026-03-18 08:00:00,1.801,1.81,1.801,1.806,22700.21
1773824400,2026-03-18 09:00:00,1.804,1.813,1.806,1.811,13502.04
1773828000,2026-03-18 10:00:00,1.791,1.811,1.811,1.803,40592.99
1773831600,2026-03-18 11:00:00,1.771,1.808,1.805,1.773,69444.77
1773835200,2026-03-18 12:00:00,1.731,1.78,1.773,1.759,216241.11
1773838800,2026-03-18 13:00:00,1.748,1.775,1.756,1.76,87317.64
1773842400,2026-03-18 14:00:00,1.714,1.764,1.76,1.719,157325.25
1773846000,2026-03-18 15:00:00,1.705,1.73,1.718,1.706,80375.25
1773849600,2026-03-18 16:00:00,1.698,1.715,1.706,1.711,71023.29
1773853200,2026-03-18 17:00:00,1.701,1.74,1.711,1.734,73501.35
1773856800,2026-03-18 18:00:00,1.728,1.761,1.734,1.734,81202.47
1773860400,2026-03-18 19:00:00,1.727,1.751,1.732,1.727,30902.88
1773864000,2026-03-18 20:00:00,1.707,1.734,1.726,1.733,50990.2
1773867600,2026-03-18 21:00:00,1.729,1.75,1.73,1.734,44493.42
1773871200,2026-03-18 22:00:00,1.727,1.737,1.733,1.734,26592.98
1773874800,2026-03-18 23:00:00,1.736,1.753,1.737,1.751,18422.87
1773878400,2026-03-19 00:00:00,1.736,1.758,1.75,1.739,30274.02
1773882000,2026-03-19 01:00:00,1.719,1.739,1.739,1.719,34570.1
1773885600,2026-03-19 02:00:00,1.713,1.731,1.718,1.722,47295.09
1773889200,2026-03-19 03:00:00,1.713,1.738,1.722,1.719,17905.28
1773892800,2026-03-19 04:00:00,1.712,1.723,1.721,1.72,30869.03
1773896400,2026-03-19 05:00:00,1.699,1.721,1.721,1.711,21600.05
1773900000,2026-03-19 06:00:00,1.705,1.717,1.71,1.714,3919
1773903600,2026-03-19 07:00:00,1.684,1.714,1.713,1.696,42090.13
1773907200,2026-03-19 08:00:00,1.686,1.702,1.697,1.691,21918.44
1773910800,2026-03-19 09:00:00,1.681,1.699,1.691,1.694,26374.39
1773914400,2026-03-19 10:00:00,1.664,1.697,1.696,1.666,98626.33
1773918000,2026-03-19 11:00:00,1.649,1.669,1.667,1.651,153936.7
1773921600,2026-03-19 12:00:00,1.639,1.665,1.651,1.639,65347.84
1773925200,2026-03-19 13:00:00,1.625,1.649,1.64,1.648,88502.1
1773928800,2026-03-19 14:00:00,1.629,1.651,1.644,1.648,70802.69
1773932400,2026-03-19 15:00:00,1.629,1.659,1.647,1.642,47487.11
1773936000,2026-03-19 16:00:00,1.632,1.645,1.642,1.638,23707.42
1773939600,2026-03-19 17:00:00,1.63,1.655,1.639,1.652,17604.46
1773943200,2026-03-19 18:00:00,1.641,1.656,1.652,1.648,18221.77
1773946800,2026-03-19 19:00:00,1.649,1.68,1.649,1.665,58317.83
1773950400,2026-03-19 20:00:00,1.657,1.67,1.664,1.669,57467.92
1773954000,2026-03-19 21:00:00,1.67,1.682,1.672,1.677,23743.67
1773957600,2026-03-19 22:00:00,1.669,1.697,1.678,1.687,41628.09
1773961200,2026-03-19 23:00:00,1.669,1.693,1.691,1.678,98309.26
1773964800,2026-03-20 00:00:00,1.676,1.702,1.677,1.694,46041.49
1773968400,2026-03-20 01:00:00,1.691,1.718,1.695,1.709,58393.71
1773972000,2026-03-20 02:00:00,1.702,1.723,1.708,1.712,31720.36
1773975600,2026-03-20 03:00:00,1.711,1.748,1.712,1.744,64027.95
1773979200,2026-03-20 04:00:00,1.743,1.77,1.744,1.768,66379.71
1773982800,2026-03-20 05:00:00,1.768,1.809,1.77,1.793,119104.44
1773986400,2026-03-20 06:00:00,1.756,1.809,1.792,1.759,106507.22
1773990000,2026-03-20 07:00:00,1.737,1.758,1.758,1.749,39663.83
1773993600,2026-03-20 08:00:00,1.733,1.781,1.75,1.752,64450.64
1773997200,2026-03-20 09:00:00,1.723,1.751,1.751,1.729,40132.06
1774000800,2026-03-20 10:00:00,1.708,1.729,1.728,1.715,39752.13
1774004400,2026-03-20 11:00:00,1.703,1.722,1.715,1.708,21874.87
1774008000,2026-03-20 12:00:00,1.703,1.718,1.708,1.706,15688.43
1774011600,2026-03-20 13:00:00,1.696,1.724,1.704,1.7,43106.02
1774015200,2026-03-20 14:00:00,1.695,1.719,1.699,1.705,57348.37
1774018800,2026-03-20 15:00:00,1.694,1.716,1.706,1.706,75195.18
1774022400,2026-03-20 16:00:00,1.699,1.714,1.707,1.711,41503.5
1774026000,2026-03-20 17:00:00,1.692,1.717,1.713,1.71,45568.16
1774029600,2026-03-20 18:00:00,1.683,1.711,1.711,1.686,24881.85
1774033200,2026-03-20 19:00:00,1.675,1.696,1.688,1.693,36086.23
1774036800,2026-03-20 20:00:00,1.673,1.695,1.692,1.69,25588.41
1774040400,2026-03-20 21:00:00,1.68,1.712,1.688,1.707,34511.24
1774044000,2026-03-20 22:00:00,1.708,1.72,1.708,1.713,34913.53
1774047600,2026-03-20 23:00:00,1.7,1.713,1.712,1.712,21722.92
1774051200,2026-03-21 00:00:00,1.707,1.719,1.713,1.71,39969.66
1774054800,2026-03-21 01:00:00,1.7,1.711,1.71,1.7,54924.34
1774058400,2026-03-21 02:00:00,1.696,1.709,1.7,1.706,12398.63
1774062000,2026-03-21 03:00:00,1.697,1.706,1.706,1.698,32565.73
1774065600,2026-03-21 04:00:00,1.695,1.705,1.697,1.696,29426.49
1774069200,2026-03-21 05:00:00,1.695,1.709,1.695,1.702,25124.35
1774072800,2026-03-21 06:00:00,1.701,1.709,1.704,1.702,16824.34
1774076400,2026-03-21 07:00:00,1.698,1.711,1.702,1.706,43209.77
1774080000,2026-03-21 08:00:00,1.706,1.712,1.706,1.711,6885
1774083600,2026-03-21 09:00:00,1.696,1.714,1.711,1.699,6921.93
1774087200,2026-03-21 10:00:00,1.68,1.699,1.699,1.682,88994.13
1774090800,2026-03-21 11:00:00,1.682,1.69,1.682,1.69,17424.82
1774094400,2026-03-21 12:00:00,1.688,1.696,1.69,1.691,9598.72
1774098000,2026-03-21 13:00:00,1.692,1.708,1.692,1.708,49413.74
1774101600,2026-03-21 14:00:00,1.702,1.727,1.709,1.705,36595.1
1774105200,2026-03-21 15:00:00,1.7,1.718,1.708,1.718,6519.06
1774108800,2026-03-21 16:00:00,1.702,1.72,1.718,1.708,13388.14
1774112400,2026-03-21 17:00:00,1.696,1.709,1.707,1.698,34266.47
1774116000,2026-03-21 18:00:00,1.697,1.705,1.699,1.704,27884.84
1774119600,2026-03-21 19:00:00,1.696,1.704,1.703,1.7,10871.67
1774123200,2026-03-21 20:00:00,1.701,1.709,1.701,1.706,34953.07
1774126800,2026-03-21 21:00:00,1.695,1.706,1.706,1.696,20165.89
1774130400,2026-03-21 22:00:00,1.691,1.702,1.696,1.697,13058.46
1774134000,2026-03-21 23:00:00,1.639,1.697,1.696,1.652,89446.25
1774137600,2026-03-22 00:00:00,1.622,1.673,1.647,1.667,79814.1
1774141200,2026-03-22 01:00:00,1.648,1.674,1.666,1.658,28588.82
1774144800,2026-03-22 02:00:00,1.656,1.688,1.66,1.673,46668.97
1774148400,2026-03-22 03:00:00,1.67,1.694,1.674,1.674,16819.9
1774152000,2026-03-22 04:00:00,1.672,1.684,1.674,1.675,25437.84
1774155600,2026-03-22 05:00:00,1.668,1.676,1.675,1.67,22996.95
1774159200,2026-03-22 06:00:00,1.661,1.67,1.67,1.669,14466.23
1774162800,2026-03-22 07:00:00,1.653,1.674,1.671,1.653,7855.57
1774166400,2026-03-22 08:00:00,1.636,1.652,1.652,1.649,20664.7
1774170000,2026-03-22 09:00:00,1.639,1.653,1.65,1.643,17567.24
1774173600,2026-03-22 10:00:00,1.625,1.644,1.643,1.627,15695.02
1774177200,2026-03-22 11:00:00,1.622,1.633,1.626,1.625,10458.54
1774180800,2026-03-22 12:00:00,1.622,1.645,1.625,1.637,26499.86
1774184400,2026-03-22 13:00:00,1.636,1.648,1.639,1.646,12781.05
1774188000,2026-03-22 14:00:00,1.636,1.654,1.644,1.643,22885.59
1774191600,2026-03-22 15:00:00,1.637,1.647,1.643,1.643,98727.46
1774195200,2026-03-22 16:00:00,1.642,1.656,1.643,1.649,62848.02
1774198800,2026-03-22 17:00:00,1.645,1.655,1.646,1.645,20194.36
1774202400,2026-03-22 18:00:00,1.63,1.654,1.645,1.636,47323.51
1774206000,2026-03-22 19:00:00,1.622,1.638,1.635,1.635,16729.76
1774209600,2026-03-22 20:00:00,1.622,1.639,1.638,1.628,20206
1774213200,2026-03-22 21:00:00,1.6,1.628,1.628,1.62,72232.88
1774216800,2026-03-22 22:00:00,1.607,1.627,1.619,1.623,32905.89
1774220400,2026-03-22 23:00:00,1.609,1.628,1.622,1.61,39124.87
1774224000,2026-03-23 00:00:00,1.592,1.614,1.613,1.604,60104.35
1774227600,2026-03-23 01:00:00,1.604,1.621,1.604,1.609,69515.46
1774231200,2026-03-23 02:00:00,1.611,1.631,1.611,1.627,16349.41
1774234800,2026-03-23 03:00:00,1.619,1.632,1.63,1.621,7634.38
1774238400,2026-03-23 04:00:00,1.622,1.638,1.622,1.638,5971.65
1774242000,2026-03-23 05:00:00,1.635,1.648,1.639,1.642,32020.26
1774245600,2026-03-23 06:00:00,1.609,1.639,1.639,1.614,30403.18
1774249200,2026-03-23 07:00:00,1.598,1.613,1.613,1.607,24853.33
1774252800,2026-03-23 08:00:00,1.594,1.613,1.607,1.594,7448.3
1774256400,2026-03-23 09:00:00,1.572,1.593,1.593,1.588,47203.58
1774260000,2026-03-23 10:00:00,1.58,1.601,1.589,1.589,21592.69
1774263600,2026-03-23 11:00:00,1.588,1.7,1.589,1.643,231887.47
1774267200,2026-03-23 12:00:00,1.63,1.672,1.644,1.662,58767.88
1774270800,2026-03-23 13:00:00,1.651,1.69,1.665,1.685,136367.96
1774274400,2026-03-23 14:00:00,1.676,1.699,1.686,1.691,128448.45
1774278000,2026-03-23 15:00:00,1.666,1.706,1.691,1.669,76899.94
1774281600,2026-03-23 16:00:00,1.667,1.699,1.669,1.699,82184.56
1774285200,2026-03-23 17:00:00,1.683,1.708,1.699,1.704,45650.46
1774288800,2026-03-23 18:00:00,1.692,1.711,1.706,1.699,18228.77
1774292400,2026-03-23 19:00:00,1.682,1.705,1.694,1.682,39478.46
1774296000,2026-03-23 20:00:00,1.68,1.698,1.681,1.688,20766.42
1774299600,2026-03-23 21:00:00,1.683,1.698,1.688,1.688,64793.73
1774303200,2026-03-23 22:00:00,1.673,1.69,1.689,1.677,45868.39
1774306800,2026-03-23 23:00:00,1.667,1.692,1.676,1.687,84212.78
1774310400,2026-03-24 00:00:00,1.687,1.723,1.687,1.71,154017.02
1774314000,2026-03-24 01:00:00,1.689,1.71,1.71,1.701,42940.04
1774317600,2026-03-24 02:00:00,1.699,1.727,1.701,1.717,65310.15
1774321200,2026-03-24 03:00:00,1.712,1.748,1.718,1.745,102415.75
1774324800,2026-03-24 04:00:00,1.712,1.755,1.747,1.72,109263.51
1774328400,2026-03-24 05:00:00,1.706,1.74,1.718,1.733,48028.58
1774332000,2026-03-24 06:00:00,1.729,1.765,1.731,1.758,43606.26
1774335600,2026-03-24 07:00:00,1.751,1.8,1.759,1.799,81920.74
1774339200,2026-03-24 08:00:00,1.776,1.8,1.795,1.776,72690.9
1774342800,2026-03-24 09:00:00,1.756,1.794,1.775,1.763,95580.85
1774346400,2026-03-24 10:00:00,1.746,1.763,1.762,1.753,22966.93
1774350000,2026-03-24 11:00:00,1.723,1.755,1.753,1.74,70376.11
1774353600,2026-03-24 12:00:00,1.729,1.757,1.735,1.741,91447.38
1774357200,2026-03-24 13:00:00,1.709,1.744,1.741,1.716,36060.38
1774360800,2026-03-24 14:00:00,1.697,1.729,1.716,1.724,84848.19
1774364400,2026-03-24 15:00:00,1.705,1.731,1.723,1.708,99635.48
1774368000,2026-03-24 16:00:00,1.7,1.723,1.707,1.704,50115.95
1774371600,2026-03-24 17:00:00,1.677,1.707,1.705,1.684,162336.51
1774375200,2026-03-24 18:00:00,1.684,1.715,1.684,1.708,63145.21
1774378800,2026-03-24 19:00:00,1.707,1.727,1.708,1.727,39486.94
1774382400,2026-03-24 20:00:00,1.725,1.789,1.725,1.761,285361.6
1774386000,2026-03-24 21:00:00,1.736,1.767,1.763,1.76,89866.56
1774389600,2026-03-24 22:00:00,1.742,1.76,1.758,1.76,83533.71
1774393200,2026-03-24 23:00:00,1.735,1.758,1.757,1.752,114433.27
1774396800,2026-03-25 00:00:00,1.741,1.765,1.754,1.764,173860.03
1774400400,2026-03-25 01:00:00,1.761,1.794,1.765,1.787,78125.62
1774404000,2026-03-25 02:00:00,1.764,1.799,1.79,1.775,74733.89
1774407600,2026-03-25 03:00:00,1.768,1.791,1.777,1.779,91977.01
1774411200,2026-03-25 04:00:00,1.77,1.799,1.777,1.788,88190.68
1774414800,2026-03-25 05:00:00,1.785,1.809,1.788,1.789,51829.49
1774418400,2026-03-25 06:00:00,1.781,1.816,1.793,1.805,62672.91
1774422000,2026-03-25 07:00:00,1.803,1.816,1.804,1.812,60743.16
1774425600,2026-03-25 08:00:00,1.806,1.855,1.809,1.815,224599.45
1774429200,2026-03-25 09:00:00,1.816,1.867,1.817,1.861,71717.13
1774432800,2026-03-25 10:00:00,1.858,1.902,1.865,1.897,251699.53
1774436400,2026-03-25 11:00:00,1.86,1.912,1.903,1.889,148107.75
1774440000,2026-03-25 12:00:00,1.831,1.899,1.89,1.856,151849.18
1774443600,2026-03-25 13:00:00,1.85,1.886,1.855,1.865,152700.82
1774447200,2026-03-25 14:00:00,1.852,1.87,1.861,1.854,59538.35
1774450800,2026-03-25 15:00:00,1.814,1.853,1.852,1.844,96181.89
1774454400,2026-03-25 16:00:00,1.841,1.904,1.842,1.885,79065.68
1774458000,2026-03-25 17:00:00,1.857,1.896,1.885,1.878,166077.84
1774461600,2026-03-25 18:00:00,1.87,1.891,1.879,1.874,72681.7
1774465200,2026-03-25 19:00:00,1.851,1.887,1.877,1.854,98795.69
1774468800,2026-03-25 20:00:00,1.843,1.858,1.857,1.85,63666.89
1774472400,2026-03-25 21:00:00,1.845,1.86,1.85,1.847,135005.41
1774476000,2026-03-25 22:00:00,1.833,1.862,1.85,1.847,75603.55
1774479600,2026-03-25 23:00:00,1.845,1.865,1.845,1.864,50815.96
1774483200,2026-03-26 00:00:00,1.853,1.879,1.864,1.866,110881.28
1774486800,2026-03-26 01:00:00,1.848,1.875,1.866,1.85,29284.01
1774490400,2026-03-26 02:00:00,1.809,1.853,1.849,1.816,86649.42
1774494000,2026-03-26 03:00:00,1.792,1.82,1.816,1.802,62523.2
1774497600,2026-03-26 04:00:00,1.787,1.801,1.798,1.799,51742.44
1774501200,2026-03-26 05:00:00,1.775,1.805,1.8,1.779,33469.73
1774504800,2026-03-26 06:00:00,1.762,1.782,1.779,1.764,53345.56
1774508400,2026-03-26 07:00:00,1.757,1.773,1.767,1.766,68632.08
1774512000,2026-03-26 08:00:00,1.756,1.775,1.766,1.767,20695.6
1774515600,2026-03-26 09:00:00,1.741,1.767,1.765,1.748,37448.77
1774519200,2026-03-26 10:00:00,1.744,1.753,1.748,1.746,31753.01
1774522800,2026-03-26 11:00:00,1.743,1.766,1.748,1.743,81563.7
1774526400,2026-03-26 12:00:00,1.737,1.773,1.742,1.772,82875.25
1774530000,2026-03-26 13:00:00,1.757,1.792,1.772,1.78,164908.88
1774533600,2026-03-26 14:00:00,1.767,1.79,1.777,1.774,30926.21
1774537200,2026-03-26 15:00:00,1.753,1.775,1.775,1.756,36422.75
1774540800,2026-03-26 16:00:00,1.748,1.763,1.757,1.757,62054.46
1774544400,2026-03-26 17:00:00,1.74,1.766,1.758,1.744,32978.92
1774548000,2026-03-26 18:00:00,1.736,1.758,1.744,1.756,40146.24
1774551600,2026-03-26 19:00:00,1.748,1.764,1.755,1.757,14374.56
1774555200,2026-03-26 20:00:00,1.741,1.787,1.756,1.763,109945
1774558800,2026-03-26 21:00:00,1.759,1.788,1.763,1.778,104736.85
1774562400,2026-03-26 22:00:00,1.759,1.778,1.778,1.769,47000.37
1774566000,2026-03-26 23:00:00,1.761,1.774,1.771,1.763,46970.75
1774569600,2026-03-27 00:00:00,1.752,1.784,1.763,1.783,51699.6
1774573200,2026-03-27 01:00:00,1.784,1.823,1.784,1.81,113698.18
1774576800,2026-03-27 02:00:00,1.797,1.826,1.814,1.808,42190.48
1774580400,2026-03-27 03:00:00,1.79,1.807,1.806,1.799,48589.59
1774584000,2026-03-27 04:00:00,1.772,1.798,1.798,1.772,38547.38
1774587600,2026-03-27 05:00:00,1.771,1.79,1.774,1.776,55238.89
1774591200,2026-03-27 06:00:00,1.766,1.789,1.777,1.769,30336.9
1774594800,2026-03-27 07:00:00,1.767,1.783,1.769,1.781,17416.88
1774598400,2026-03-27 08:00:00,1.752,1.788,1.782,1.759,67724.69
1774602000,2026-03-27 09:00:00,1.718,1.755,1.755,1.734,97983.68
1774605600,2026-03-27 10:00:00,1.689,1.739,1.731,1.696,78631.22
1774609200,2026-03-27 11:00:00,1.689,1.71,1.7,1.696,22413.33
1774612800,2026-03-27 12:00:00,1.68,1.702,1.699,1.692,47314.12
1774616400,2026-03-27 13:00:00,1.665,1.694,1.69,1.67,72303.26
1774620000,2026-03-27 14:00:00,1.659,1.68,1.67,1.68,97631.85
1774623600,2026-03-27 15:00:00,1.672,1.706,1.681,1.68,129322.21
1774627200,2026-03-27 16:00:00,1.665,1.683,1.682,1.675,68085
1774630800,2026-03-27 17:00:00,1.664,1.686,1.675,1.671,39307.91
1774634400,2026-03-27 18:00:00,1.654,1.673,1.671,1.66,28228.59
1774638000,2026-03-27 19:00:00,1.653,1.664,1.66,1.661,32938.65
1774641600,2026-03-27 20:00:00,1.641,1.664,1.664,1.657,50318.84
1774645200,2026-03-27 21:00:00,1.648,1.664,1.656,1.651,46610.36
1774648800,2026-03-27 22:00:00,1.64,1.651,1.649,1.642,46415.95
1774652400,2026-03-27 23:00:00,1.638,1.66,1.641,1.659,41424.37
1774656000,2026-03-28 00:00:00,1.637,1.658,1.658,1.644,75858.28
1774659600,2026-03-28 01:00:00,1.63,1.642,1.642,1.638,24716.66
1774663200,2026-03-28 02:00:00,1.629,1.648,1.639,1.632,17112.8
1774666800,2026-03-28 03:00:00,1.631,1.644,1.632,1.631,23318.11
1774670400,2026-03-28 04:00:00,1.616,1.645,1.632,1.64,32050.99
1774674000,2026-03-28 05:00:00,1.638,1.652,1.642,1.651,30508.11
1774677600,2026-03-28 06:00:00,1.651,1.677,1.652,1.662,25716.47
1774681200,2026-03-28 07:00:00,1.66,1.695,1.66,1.695,77477.44
1774684800,2026-03-28 08:00:00,1.693,1.721,1.696,1.703,101576.22
1774688400,2026-03-28 09:00:00,1.689,1.703,1.7,1.699,22975.99
1774692000,2026-03-28 10:00:00,1.676,1.722,1.707,1.685,19227.15
1774695600,2026-03-28 11:00:00,1.678,1.687,1.685,1.686,10053.44
1774699200,2026-03-28 12:00:00,1.679,1.701,1.687,1.679,94826.4
1774702800,2026-03-28 13:00:00,1.674,1.737,1.679,1.726,94316.95
1774706400,2026-03-28 14:00:00,1.705,1.724,1.724,1.712,68903.68
1774710000,2026-03-28 15:00:00,1.71,1.74,1.712,1.72,49649.95
1774713600,2026-03-28 16:00:00,1.706,1.726,1.722,1.711,27848.64
1774717200,2026-03-28 17:00:00,1.695,1.714,1.71,1.7,45200.29
1774720800,2026-03-28 18:00:00,1.697,1.706,1.702,1.698,7289.82
1774724400,2026-03-28 19:00:00,1.688,1.701,1.7,1.692,22461.05
1774728000,2026-03-28 20:00:00,1.693,1.699,1.693,1.696,5556.38
1774731600,2026-03-28 21:00:00,1.667,1.697,1.697,1.672,105310.95
1774735200,2026-03-28 22:00:00,1.67,1.679,1.672,1.673,17286.73
1774738800,2026-03-28 23:00:00,1.639,1.672,1.672,1.654,49618.73
1774742400,2026-03-29 00:00:00,1.64,1.658,1.651,1.658,56520.79
1774746000,2026-03-29 01:00:00,1.653,1.669,1.655,1.659,75621.58
1774749600,2026-03-29 02:00:00,1.658,1.675,1.658,1.667,15999.25
1774753200,2026-03-29 03:00:00,1.666,1.683,1.668,1.679,19553.47
1774756800,2026-03-29 04:00:00,1.674,1.687,1.677,1.681,10808.52
1774760400,2026-03-29 05:00:00,1.676,1.688,1.68,1.68,16969.91
1774764000,2026-03-29 06:00:00,1.67,1.688,1.679,1.68,58304.42
1774767600,2026-03-29 07:00:00,1.668,1.677,1.677,1.669,2850.63
1774771200,2026-03-29 08:00:00,1.665,1.672,1.669,1.67,15397.29
1774774800,2026-03-29 09:00:00,1.666,1.676,1.671,1.67,5780.24
1774778400,2026-03-29 10:00:00,1.661,1.671,1.671,1.665,3550.57
1774782000,2026-03-29 11:00:00,1.665,1.689,1.666,1.68,27731.22
1774785600,2026-03-29 12:00:00,1.668,1.688,1.681,1.668,9057.37
1774789200,2026-03-29 13:00:00,1.653,1.671,1.67,1.66,22946.61
1774792800,2026-03-29 14:00:00,1.655,1.673,1.66,1.672,24400.72
1774796400,2026-03-29 15:00:00,1.652,1.671,1.671,1.665,28559.99
1774800000,2026-03-29 16:00:00,1.653,1.674,1.663,1.656,37947.83
1774803600,2026-03-29 17:00:00,1.649,1.662,1.659,1.657,6716.05
1774807200,2026-03-29 18:00:00,1.652,1.667,1.654,1.659,12680.28
1774810800,2026-03-29 19:00:00,1.65,1.659,1.657,1.654,13187.11
1774814400,2026-03-29 20:00:00,1.655,1.669,1.657,1.667,8207.69
1774818000,2026-03-29 21:00:00,1.664,1.673,1.668,1.669,7683.61
1774821600,2026-03-29 22:00:00,1.603,1.669,1.666,1.642,77041.71
1774825200,2026-03-29 23:00:00,1.641,1.659,1.641,1.653,24176.44
1774828800,2026-03-30 00:00:00,1.647,1.69,1.653,1.667,47010.87
1774832400,2026-03-30 01:00:00,1.668,1.687,1.669,1.684,41714.41
1774836000,2026-03-30 02:00:00,1.685,1.73,1.685,1.716,35259.76
1774839600,2026-03-30 03:00:00,1.703,1.721,1.717,1.717,49018.39
1774843200,2026-03-30 04:00:00,1.717,1.743,1.719,1.727,83085.72
1774846800,2026-03-30 05:00:00,1.714,1.733,1.725,1.717,49824.93
1774850400,2026-03-30 06:00:00,1.716,1.723,1.718,1.721,15673.6
1774854000,2026-03-30 07:00:00,1.719,1.749,1.72,1.746,36398.17
1774857600,2026-03-30 08:00:00,1.746,1.765,1.746,1.748,58129.98
1774861200,2026-03-30 09:00:00,1.731,1.746,1.746,1.736,49264.5
1774864800,2026-03-30 10:00:00,1.732,1.753,1.734,1.746,20621.97
1774868400,2026-03-30 11:00:00,1.739,1.769,1.746,1.746,58015.24
1774872000,2026-03-30 12:00:00,1.742,1.759,1.746,1.745,75266.58
1774875600,2026-03-30 13:00:00,1.714,1.746,1.746,1.717,25180.21
1774879200,2026-03-30 14:00:00,1.7,1.732,1.717,1.727,89799.79
1774882800,2026-03-30 15:00:00,1.71,1.735,1.726,1.725,48150.89
1774886400,2026-03-30 16:00:00,1.713,1.734,1.723,1.723,54288.53
1774890000,2026-03-30 17:00:00,1.698,1.732,1.724,1.708,44418.33
1774893600,2026-03-30 18:00:00,1.683,1.707,1.707,1.686,42948.73
1774897200,2026-03-30 19:00:00,1.674,1.695,1.685,1.695,42851.5
1774900800,2026-03-30 20:00:00,1.684,1.698,1.694,1.691,21883.4
1774904400,2026-03-30 21:00:00,1.691,1.715,1.691,1.703,31709.9
1774908000,2026-03-30 22:00:00,1.69,1.703,1.7,1.69,21976.88
1774911600,2026-03-30 23:00:00,1.673,1.69,1.69,1.682,43897.88
1774915200,2026-03-31 00:00:00,1.681,1.711,1.682,1.704,117875.3
1774918800,2026-03-31 01:00:00,1.694,1.727,1.704,1.712,64763.78
1774922400,2026-03-31 02:00:00,1.706,1.719,1.712,1.716,47613.94
1774926000,2026-03-31 03:00:00,1.711,1.73,1.715,1.711,116737.9
1774929600,2026-03-31 04:00:00,1.7,1.714,1.712,1.7,34645.09
1774933200,2026-03-31 05:00:00,1.7,1.713,1.701,1.707,23205.23
1774936800,2026-03-31 06:00:00,1.7,1.71,1.707,1.705,9271.52
1774940400,2026-03-31 07:00:00,1.689,1.706,1.706,1.696,26296.7
1774944000,2026-03-31 08:00:00,1.684,1.714,1.703,1.688,21470.09
1774947600,2026-03-31 09:00:00,1.658,1.693,1.687,1.669,45882.03
1774951200,2026-03-31 10:00:00,1.665,1.682,1.672,1.665,81483.73
1774954800,2026-03-31 11:00:00,1.662,1.69,1.664,1.681,48087.4
1774958400,2026-03-31 12:00:00,1.679,1.694,1.681,1.683,19938.44
1774962000,2026-03-31 13:00:00,1.682,1.713,1.682,1.707,80273.64
1774965600,2026-03-31 14:00:00,1.678,1.719,1.712,1.687,59323.29
1774969200,2026-03-31 15:00:00,1.687,1.712,1.688,1.687,21763.91
1774972800,2026-03-31 16:00:00,1.687,1.73,1.688,1.724,51985.52
1774976400,2026-03-31 17:00:00,1.7,1.741,1.723,1.706,40606.34
1774980000,2026-03-31 18:00:00,1.705,1.723,1.708,1.723,14965.08
1774983600,2026-03-31 19:00:00,1.722,1.761,1.723,1.736,191975.32
1774987200,2026-03-31 20:00:00,1.731,1.746,1.737,1.744,34178.06
1774990800,2026-03-31 21:00:00,1.719,1.739,1.739,1.723,35534.12
1774994400,2026-03-31 22:00:00,1.714,1.727,1.723,1.723,55335.93
1774998000,2026-03-31 23:00:00,1.722,1.741,1.724,1.739,23675.63
1775001600,2026-04-01 00:00:00,1.739,1.791,1.741,1.78,109283.49
1775005200,2026-04-01 01:00:00,1.766,1.799,1.779,1.772,45092.11
1775008800,2026-04-01 02:00:00,1.738,1.78,1.777,1.755,223999.83
1775012400,2026-04-01 03:00:00,1.752,1.78,1.754,1.778,37282.49
1775016000,2026-04-01 04:00:00,1.766,1.783,1.778,1.777,16762.7
1775019600,2026-04-01 05:00:00,1.766,1.791,1.775,1.781,40377.07
1775023200,2026-04-01 06:00:00,1.783,1.809,1.783,1.807,36670.58
1775026800,2026-04-01 07:00:00,1.804,1.834,1.809,1.816,184108.02
1775030400,2026-04-01 08:00:00,1.804,1.834,1.816,1.829,48632.87
1775034000,2026-04-01 09:00:00,1.788,1.836,1.83,1.799,186760.22
1775037600,2026-04-01 10:00:00,1.778,1.801,1.799,1.787,50986.92
1775041200,2026-04-01 11:00:00,1.778,1.792,1.787,1.787,32916.9
1775044800,2026-04-01 12:00:00,1.779,1.816,1.787,1.792,144415.85
1775048400,2026-04-01 13:00:00,1.783,1.809,1.795,1.794,101287.15
1775052000,2026-04-01 14:00:00,1.792,1.815,1.794,1.814,43695.62
1775055600,2026-04-01 15:00:00,1.803,1.829,1.814,1.813,44420.61
1775059200,2026-04-01 16:00:00,1.798,1.831,1.813,1.823,56449.86
1775062800,2026-04-01 17:00:00,1.794,1.833,1.823,1.794,50369.41
1775066400,2026-04-01 18:00:00,1.775,1.797,1.795,1.778,45502.04
1775070000,2026-04-01 19:00:00,1.768,1.786,1.778,1.78,40454.38
1775073600,2026-04-01 20:00:00,1.768,1.787,1.783,1.774,33197.33
1775077200,2026-04-01 21:00:00,1.769,1.786,1.777,1.774,35919.42
1775080800,2026-04-01 22:00:00,1.757,1.775,1.774,1.763,27632.45
1775084400,2026-04-01 23:00:00,1.758,1.767,1.763,1.762,14418.48
1775088000,2026-04-02 00:00:00,1.762,1.8,1.763,1.795,39541.5
1775091600,2026-04-02 01:00:00,1.725,1.806,1.794,1.738,102044.13
1775095200,2026-04-02 02:00:00,1.71,1.736,1.736,1.721,53442.68
1775098800,2026-04-02 03:00:00,1.697,1.725,1.722,1.71,66352.53
1775102400,2026-04-02 04:00:00,1.708,1.726,1.71,1.716,44992
1775106000,2026-04-02 05:00:00,1.705,1.72,1.715,1.72,28811.67
1775109600,2026-04-02 06:00:00,1.72,1.739,1.72,1.733,8852.23
1775113200,2026-04-02 07:00:00,1.734,1.76,1.735,1.758,31103.43
1775116800,2026-04-02 08:00:00,1.729,1.758,1.758,1.729,28408.39
1775120400,2026-04-02 09:00:00,1.713,1.746,1.728,1.719,51171.89
1775124000,2026-04-02 10:00:00,1.709,1.72,1.72,1.719,30183.44
1775127600,2026-04-02 11:00:00,1.706,1.727,1.717,1.721,18689.29
1775131200,2026-04-02 12:00:00,1.712,1.734,1.72,1.713,35765.49
1775134800,2026-04-02 13:00:00,1.699,1.723,1.711,1.723,41620.89
1775138400,2026-04-02 14:00:00,1.72,1.783,1.722,1.765,57879.63
1775142000,2026-04-02 15:00:00,1.752,1.786,1.765,1.774,68189.7
1775145600,2026-04-02 16:00:00,1.758,1.797,1.774,1.795,65953.69
1775149200,2026-04-02 17:00:00,1.782,1.821,1.787,1.784,154671.81
1775152800,2026-04-02 18:00:00,1.775,1.814,1.784,1.812,39414.99
1775156400,2026-04-02 19:00:00,1.803,1.851,1.812,1.848,86657.72
1775160000,2026-04-02 20:00:00,1.834,1.894,1.847,1.848,280272.82
1775163600,2026-04-02 21:00:00,1.839,1.872,1.849,1.858,74388.91
1775167200,2026-04-02 22:00:00,1.853,1.881,1.855,1.865,114726.95
1775170800,2026-04-02 23:00:00,1.843,1.874,1.864,1.874,36702.2
1775174400,2026-04-03 00:00:00,1.844,1.882,1.874,1.85,69479.51
1775178000,2026-04-03 01:00:00,1.843,1.863,1.85,1.847,63890.96
1775181600,2026-04-03 02:00:00,1.842,1.872,1.846,1.868,34326.37
1775185200,2026-04-03 03:00:00,1.866,1.912,1.868,1.901,102426.01
1775188800,2026-04-03 04:00:00,1.885,1.922,1.901,1.901,142350.86
1775192400,2026-04-03 05:00:00,1.883,1.911,1.901,1.888,112230.91
1775196000,2026-04-03 06:00:00,1.886,1.928,1.889,1.923,104910.75
1775199600,2026-04-03 07:00:00,1.913,1.951,1.921,1.927,176754.85
1775203200,2026-04-03 08:00:00,1.875,1.938,1.927,1.885,179722.26
1775206800,2026-04-03 09:00:00,1.882,1.915,1.884,1.896,117361.86
1775210400,2026-04-03 10:00:00,1.891,1.911,1.896,1.905,48940.19
1775214000,2026-04-03 11:00:00,1.891,1.92,1.907,1.919,29244.79
1775217600,2026-04-03 12:00:00,1.887,1.935,1.918,1.899,55252.74
1775221200,2026-04-03 13:00:00,1.895,1.915,1.901,1.9,47488.15
1775224800,2026-04-03 14:00:00,1.901,1.928,1.901,1.927,50674.46
1775228400,2026-04-03 15:00:00,1.906,1.927,1.927,1.907,73119.99
1775232000,2026-04-03 16:00:00,1.904,1.924,1.907,1.914,39472.64
1775235600,2026-04-03 17:00:00,1.914,1.947,1.915,1.938,135725.16
1775239200,2026-04-03 18:00:00,1.916,1.952,1.939,1.919,93612.05
1775242800,2026-04-03 19:00:00,1.908,1.943,1.919,1.942,48941.25
1775246400,2026-04-03 20:00:00,1.933,1.959,1.94,1.95,70737.42
1775250000,2026-04-03 21:00:00,1.929,1.963,1.95,1.933,56519.45
1775253600,2026-04-03 22:00:00,1.921,1.937,1.933,1.926,35519.94
1775257200,2026-04-03 23:00:00,1.913,1.941,1.925,1.94,36471.7
1775260800,2026-04-04 00:00:00,1.915,1.948,1.941,1.922,24492.47
1775264400,2026-04-04 01:00:00,1.897,1.925,1.921,1.904,32589.65
1775268000,2026-04-04 02:00:00,1.901,1.921,1.905,1.919,18288.39
1775271600,2026-04-04 03:00:00,1.913,1.926,1.917,1.924,13239.06
1775275200,2026-04-04 04:00:00,1.91,1.924,1.922,1.91,19232.88
1775278800,2026-04-04 05:00:00,1.898,1.91,1.909,1.899,16854.97
1775282400,2026-04-04 06:00:00,1.902,1.937,1.903,1.937,20520.96
1775286000,2026-04-04 07:00:00,1.92,1.941,1.938,1.921,19003.68
1775289600,2026-04-04 08:00:00,1.909,1.929,1.921,1.91,22124.9
1775293200,2026-04-04 09:00:00,1.903,1.917,1.91,1.908,17149.3
1775296800,2026-04-04 10:00:00,1.899,1.915,1.907,1.908,29487.15
1775300400,2026-04-04 11:00:00,1.901,1.915,1.908,1.91,18334.98
1775304000,2026-04-04 12:00:00,1.903,1.915,1.912,1.91,21546.15
1775307600,2026-04-04 13:00:00,1.895,1.913,1.908,1.901,37214.13
1775311200,2026-04-04 14:00:00,1.887,1.904,1.902,1.904,43811.76
1775314800,2026-04-04 15:00:00,1.893,1.911,1.904,1.896,31413.28
1775318400,2026-04-04 16:00:00,1.864,1.897,1.896,1.864,182557.8
1775322000,2026-04-04 17:00:00,1.855,1.885,1.863,1.879,69040.61
1775325600,2026-04-04 18:00:00,1.872,1.891,1.88,1.882,33798.55
1775329200,2026-04-04 19:00:00,1.876,1.9,1.882,1.881,42146.22
1775332800,2026-04-04 20:00:00,1.872,1.881,1.881,1.874,12595.13
1775336400,2026-04-04 21:00:00,1.862,1.875,1.874,1.87,9269.73
1775340000,2026-04-04 22:00:00,1.866,1.879,1.869,1.87,24613.5
1775343600,2026-04-04 23:00:00,1.864,1.876,1.869,1.876,21453.94
1775347200,2026-04-05 00:00:00,1.859,1.878,1.871,1.878,31590.35
1775350800,2026-04-05 01:00:00,1.873,1.886,1.88,1.874,11484.48
1775354400,2026-04-05 02:00:00,1.868,1.879,1.875,1.875,14715.4
1775358000,2026-04-05 03:00:00,1.872,1.898,1.878,1.898,26786.88
1775361600,2026-04-05 04:00:00,1.893,1.907,1.899,1.896,30082.73
1775365200,2026-04-05 05:00:00,1.878,1.91,1.903,1.881,54270.4
1775368800,2026-04-05 06:00:00,1.859,1.889,1.879,1.871,33171
1775372400,2026-04-05 07:00:00,1.843,1.872,1.87,1.848,20536.33
1775376000,2026-04-05 08:00:00,1.842,1.858,1.847,1.856,12172.54
1775379600,2026-04-05 09:00:00,1.853,1.86,1.855,1.857,8954.06
1775383200,2026-04-05 10:00:00,1.852,1.871,1.857,1.852,26547.84
1775386800,2026-04-05 11:00:00,1.836,1.854,1.853,1.846,50978.25
1775390400,2026-04-05 12:00:00,1.823,1.843,1.843,1.836,46037.69
1775394000,2026-04-05 13:00:00,1.829,1.845,1.837,1.838,21372.25
1775397600,2026-04-05 14:00:00,1.833,1.846,1.836,1.833,15979.36
1775401200,2026-04-05 15:00:00,1.826,1.868,1.832,1.842,115095.07
1775404800,2026-04-05 16:00:00,1.84,1.853,1.842,1.843,24759.65
1775408400,2026-04-05 17:00:00,1.839,1.857,1.841,1.857,15667.83
1775412000,2026-04-05 18:00:00,1.842,1.859,1.853,1.85,16122.24
1775415600,2026-04-05 19:00:00,1.837,1.861,1.851,1.845,43526.37
1775419200,2026-04-05 20:00:00,1.84,1.85,1.847,1.843,21573.53
1775422800,2026-04-05 21:00:00,1.837,1.852,1.846,1.845,25899.75
1775426400,2026-04-05 22:00:00,1.837,1.871,1.845,1.868,24055.58
1775430000,2026-04-05 23:00:00,1.862,1.908,1.869,1.905,90760.24
1775433600,2026-04-06 00:00:00,1.901,1.937,1.905,1.902,97265.93
1775437200,2026-04-06 01:00:00,1.89,1.934,1.9,1.926,112376.63
1775440800,2026-04-06 02:00:00,1.924,1.958,1.926,1.953,66390.22
1775444400,2026-04-06 03:00:00,1.951,1.969,1.953,1.961,106628.3
1775448000,2026-04-06 04:00:00,1.96,1.997,1.964,1.988,61365.46
1775451600,2026-04-06 05:00:00,1.955,1.998,1.989,1.957,144299.71
1775455200,2026-04-06 06:00:00,1.931,1.97,1.958,1.944,102820.23
1775458800,2026-04-06 07:00:00,1.914,1.944,1.944,1.928,106492.24
1775462400,2026-04-06 08:00:00,1.922,1.946,1.928,1.938,32221.38
1775466000,2026-04-06 09:00:00,1.936,1.964,1.936,1.962,38982.22
1775469600,2026-04-06 10:00:00,1.964,1.988,1.964,1.968,57500.48
1775473200,2026-04-06 11:00:00,1.965,1.979,1.968,1.973,25179.68
1775476800,2026-04-06 12:00:00,1.955,1.976,1.97,1.957,45236.06
1775480400,2026-04-06 13:00:00,1.944,1.961,1.956,1.951,49456.41
1775484000,2026-04-06 14:00:00,1.938,1.962,1.951,1.953,52597.51
1775487600,2026-04-06 15:00:00,1.936,1.958,1.958,1.941,20887.31
1775491200,2026-04-06 16:00:00,1.939,1.953,1.945,1.941,12404.92
1775494800,2026-04-06 17:00:00,1.92,1.937,1.936,1.923,46601.16
1775498400,2026-04-06 18:00:00,1.922,1.934,1.922,1.926,39163.03
1775502000,2026-04-06 19:00:00,1.914,1.929,1.926,1.927,19771.64
1775505600,2026-04-06 20:00:00,1.919,1.942,1.926,1.936,52348.16
1775509200,2026-04-06 21:00:00,1.906,1.943,1.932,1.907,54108.51
1775512800,2026-04-06 22:00:00,1.86,1.907,1.907,1.86,148239.07
1775516400,2026-04-06 23:00:00,1.847,1.873,1.86,1.864,78857.13
1775520000,2026-04-07 00:00:00,1.855,1.866,1.862,1.855,33605.94
1775523600,2026-04-07 01:00:00,1.847,1.869,1.856,1.854,19765.64
1775527200,2026-04-07 02:00:00,1.846,1.878,1.855,1.876,86223.78
1775530800,2026-04-07 03:00:00,1.873,1.891,1.874,1.882,14108.27
1775534400,2026-04-07 04:00:00,1.879,1.888,1.882,1.879,8056.27
1775538000,2026-04-07 05:00:00,1.875,1.89,1.877,1.89,8843.92
1775541600,2026-04-07 06:00:00,1.873,1.888,1.888,1.873,10573.02
1775545200,2026-04-07 07:00:00,1.873,1.894,1.875,1.881,11452.94
1775548800,2026-04-07 08:00:00,1.884,1.904,1.888,1.903,10708.61
1775552400,2026-04-07 09:00:00,1.905,1.929,1.906,1.928,28735.46
1775556000,2026-04-07 10:00:00,1.893,1.93,1.929,1.897,46982.34
1775559600,2026-04-07 11:00:00,1.876,1.891,1.891,1.891,19316.82
1775563200,2026-04-07 12:00:00,1.858,1.891,1.89,1.873,76801.6
1775566800,2026-04-07 13:00:00,1.862,1.882,1.873,1.868,30303.27
1775570400,2026-04-07 14:00:00,1.853,1.877,1.868,1.862,34740.49
1775574000,2026-04-07 15:00:00,1.857,1.89,1.864,1.888,50611.77
1775577600,2026-04-07 16:00:00,1.882,1.906,1.886,1.891,39946.9
1775581200,2026-04-07 17:00:00,1.885,1.924,1.891,1.901,19487.34
1775584800,2026-04-07 18:00:00,1.883,1.905,1.902,1.888,30276.37
1775588400,2026-04-07 19:00:00,1.887,1.934,1.887,1.931,39142.93
1775592000,2026-04-07 20:00:00,1.926,1.95,1.935,1.946,75332.19
1775595600,2026-04-07 21:00:00,1.944,1.994,1.948,1.981,204999.11
1775599200,2026-04-07 22:00:00,1.966,2.055,1.985,2.054,241413.56
1775602800,2026-04-07 23:00:00,2.048,2.12,2.056,2.048,403521.94
1775606400,2026-04-08 00:00:00,2.025,2.079,2.056,2.043,208875.88
1775610000,2026-04-08 01:00:00,2.032,2.062,2.042,2.062,56213.36
1775613600,2026-04-08 02:00:00,2.047,2.075,2.062,2.067,75670.24
1775617200,2026-04-08 03:00:00,2.046,2.072,2.066,2.051,30832.23
1775620800,2026-04-08 04:00:00,2.039,2.058,2.047,2.052,47665.51
1775624400,2026-04-08 05:00:00,2.049,2.089,2.051,2.088,35218.5
1775628000,2026-04-08 06:00:00,2.08,2.102,2.087,2.089,61838.15
1775631600,2026-04-08 07:00:00,2.085,2.127,2.091,2.089,213787.77
1775635200,2026-04-08 08:00:00,2.088,2.109,2.089,2.096,83739.26
1775638800,2026-04-08 09:00:00,2.096,2.12,2.096,2.111,120118.93
1775642400,2026-04-08 10:00:00,2.078,2.116,2.114,2.078,42145.39
1775646000,2026-04-08 11:00:00,2.06,2.085,2.077,2.085,45170.87
1775649600,2026-04-08 12:00:00,2.069,2.129,2.084,2.107,171039.26
1775653200,2026-04-08 13:00:00,2.082,2.122,2.106,2.092,190429.14
1775656800,2026-04-08 14:00:00,2.022,2.09,2.09,2.033,181498.99
1775660400,2026-04-08 15:00:00,2.027,2.063,2.027,2.058,86857.35
1775664000,2026-04-08 16:00:00,2.05,2.073,2.059,2.066,55315.04
1775667600,2026-04-08 17:00:00,2.053,2.08,2.071,2.062,74616.98
1775671200,2026-04-08 18:00:00,2.026,2.065,2.061,2.028,75144.55
1775674800,2026-04-08 19:00:00,2.012,2.029,2.026,2.028,56689.53
1775678400,2026-04-08 20:00:00,2.008,2.031,2.029,2.017,40214.56
1775682000,2026-04-08 21:00:00,2.017,2.041,2.019,2.025,42805.25
1775685600,2026-04-08 22:00:00,1.997,2.026,2.025,2.001,90094.7
1775689200,2026-04-08 23:00:00,1.99,2.008,2.001,1.997,41457.17
1775692800,2026-04-09 00:00:00,1.979,2.006,1.997,1.985,65603.83
1775696400,2026-04-09 01:00:00,1.976,2.005,1.987,2.001,22672.95
1775700000,2026-04-09 02:00:00,2,2.024,2.002,2.017,66531.82
1775703600,2026-04-09 03:00:00,2.001,2.023,2.014,2.008,20898.63
1775707200,2026-04-09 04:00:00,2.008,2.029,2.009,2.027,11068.6
1775710800,2026-04-09 05:00:00,2.023,2.05,2.027,2.043,41585.06
1775714400,2026-04-09 06:00:00,2.022,2.05,2.044,2.045,26068.41
1775718000,2026-04-09 07:00:00,2.021,2.051,2.041,2.022,36898.68
1775721600,2026-04-09 08:00:00,2.007,2.029,2.023,2.023,30070.63
1775725200,2026-04-09 09:00:00,2.012,2.044,2.018,2.042,23126.82
1775728800,2026-04-09 10:00:00,2.038,2.048,2.042,2.044,13129.32
1775732400,2026-04-09 11:00:00,2.037,2.047,2.046,2.046,9612.56
1775736000,2026-04-09 12:00:00,2.043,2.056,2.045,2.054,10658.71
1775739600,2026-04-09 13:00:00,2.029,2.057,2.054,2.036,22521.38
1775743200,2026-04-09 14:00:00,2.032,2.056,2.034,2.043,36891.23
1775746800,2026-04-09 15:00:00,2.041,2.083,2.041,2.077,117737.79
1775750400,2026-04-09 16:00:00,2.046,2.089,2.08,2.055,51455.42
1775754000,2026-04-09 17:00:00,2.054,2.08,2.054,2.061,34845.33
1775757600,2026-04-09 18:00:00,2.048,2.069,2.06,2.063,40525.15
1775761200,2026-04-09 19:00:00,2.048,2.082,2.071,2.064,92481.78
1775764800,2026-04-09 20:00:00,2.059,2.091,2.061,2.072,36440.99
1775768400,2026-04-09 21:00:00,2.064,2.094,2.069,2.081,53802.76
1775772000,2026-04-09 22:00:00,2.062,2.106,2.08,2.062,59580.86
1775775600,2026-04-09 23:00:00,2.035,2.064,2.064,2.037,60320.82
1775779200,2026-04-10 00:00:00,2.023,2.056,2.036,2.044,50309.43
1775782800,2026-04-10 01:00:00,2.03,2.065,2.043,2.046,37105.91
1775786400,2026-04-10 02:00:00,2.041,2.058,2.047,2.047,30624.3
1775790000,2026-04-10 03:00:00,2.022,2.062,2.049,2.028,66149.57
1775793600,2026-04-10 04:00:00,2.022,2.048,2.029,2.045,63802.92
1775797200,2026-04-10 05:00:00,2.025,2.054,2.043,2.044,40718.45
1775800800,2026-04-10 06:00:00,2.041,2.053,2.045,2.046,10388.73
1775804400,2026-04-10 07:00:00,2.035,2.055,2.048,2.048,20734.07
1775808000,2026-04-10 08:00:00,2.045,2.07,2.05,2.052,13839.78
1775811600,2026-04-10 09:00:00,2.047,2.063,2.053,2.049,16715.75
1775815200,2026-04-10 10:00:00,2.031,2.051,2.047,2.033,28853.57
1775818800,2026-04-10 11:00:00,2.015,2.038,2.032,2.028,85671.71
1775822400,2026-04-10 12:00:00,2.018,2.043,2.026,2.023,68052.63
1775826000,2026-04-10 13:00:00,2.019,2.038,2.023,2.033,60581.53
1775829600,2026-04-10 14:00:00,2.024,2.053,2.033,2.052,80255.08
1775833200,2026-04-10 15:00:00,1.996,2.058,2.052,2.018,73863.41
1775836800,2026-04-10 16:00:00,2.001,2.023,2.017,2.011,52705.68
1775840400,2026-04-10 17:00:00,2.006,2.018,2.007,2.009,21953.38
1775844000,2026-04-10 18:00:00,2.006,2.026,2.011,2.021,32312.49
1775847600,2026-04-10 19:00:00,2.019,2.033,2.021,2.033,36748.41
1775851200,2026-04-10 20:00:00,2.013,2.038,2.034,2.024,33570.38
1775854800,2026-04-10 21:00:00,2.003,2.028,2.027,2.015,35890.61
1775858400,2026-04-10 22:00:00,1.997,2.016,2.015,2.004,21267.96
1775862000,2026-04-10 23:00:00,1.991,2.01,2.003,2.009,41561.53
1775865600,2026-04-11 00:00:00,1.979,2.009,2.009,1.984,76991.22
1775869200,2026-04-11 01:00:00,1.973,1.995,1.986,1.988,55579.18
1775872800,2026-04-11 02:00:00,1.976,1.996,1.988,1.992,35930.31
1775876400,2026-04-11 03:00:00,1.979,2.004,1.992,1.979,9513.71
1775880000,2026-04-11 04:00:00,1.979,2.001,1.981,1.997,31823.23
1775883600,2026-04-11 05:00:00,1.994,2.009,1.998,1.998,10900.98
1775887200,2026-04-11 06:00:00,1.989,2.001,1.997,1.997,6705.66
1775890800,2026-04-11 07:00:00,1.993,2.011,1.996,1.999,14851.79
1775894400,2026-04-11 08:00:00,1.999,2.021,1.999,2.015,44142.99
1775898000,2026-04-11 09:00:00,2.01,2.023,2.017,2.023,12053.74
1775901600,2026-04-11 10:00:00,2.023,2.036,2.024,2.029,26842.04
1775905200,2026-04-11 11:00:00,2.023,2.036,2.029,2.032,17667.37
1775908800,2026-04-11 12:00:00,2.013,2.039,2.033,2.013,19619.69
1775912400,2026-04-11 13:00:00,1.995,2.011,2.011,2.008,25304.23
1775916000,2026-04-11 14:00:00,2.003,2.017,2.008,2.007,31998.08
1775919600,2026-04-11 15:00:00,2.007,2.021,2.01,2.018,20057.66
1775923200,2026-04-11 16:00:00,2.021,2.05,2.021,2.043,45354.9
1775926800,2026-04-11 17:00:00,2.035,2.052,2.044,2.036,33856.74
1775930400,2026-04-11 18:00:00,2.03,2.081,2.034,2.065,99050.7
1775934000,2026-04-11 19:00:00,2.044,2.072,2.066,2.067,61541.76
1775937600,2026-04-11 20:00:00,2.022,2.065,2.065,2.05,105755.69
1775941200,2026-04-11 21:00:00,2.042,2.056,2.049,2.046,25272.01
1775944800,2026-04-11 22:00:00,2.029,2.054,2.045,2.032,17492.96
1775948400,2026-04-11 23:00:00,1.997,2.03,2.03,2.018,86686.38
1775952000,2026-04-12 00:00:00,2.001,2.021,2.017,2.017,28956.47
1775955600,2026-04-12 01:00:00,1.917,2.02,2.017,1.941,200875.02
1775959200,2026-04-12 02:00:00,1.936,1.963,1.943,1.944,98677.59
1775962800,2026-04-12 03:00:00,1.927,1.949,1.945,1.927,52225.67
1775966400,2026-04-12 04:00:00,1.906,1.93,1.927,1.909,37254.72
1775970000,2026-04-12 05:00:00,1.901,1.921,1.91,1.917,35312.66
1775973600,2026-04-12 06:00:00,1.913,1.924,1.918,1.916,29471.81
1775977200,2026-04-12 07:00:00,1.909,1.916,1.914,1.912,7601.78
1775980800,2026-04-12 08:00:00,1.904,1.92,1.912,1.91,16932.74
1775984400,2026-04-12 09:00:00,1.889,1.913,1.911,1.895,169348.77
1775988000,2026-04-12 10:00:00,1.882,1.899,1.895,1.888,39837.42
1775991600,2026-04-12 11:00:00,1.887,1.913,1.888,1.906,32704.76
1775995200,2026-04-12 12:00:00,1.895,1.911,1.906,1.902,46304.6
1775998800,2026-04-12 13:00:00,1.894,1.914,1.903,1.898,24223.92
1776002400,2026-04-12 14:00:00,1.877,1.9,1.897,1.882,25986.12
1776006000,2026-04-12 15:00:00,1.868,1.885,1.882,1.877,90273.58
1776009600,2026-04-12 16:00:00,1.878,1.887,1.878,1.883,18187.32
1776013200,2026-04-12 17:00:00,1.877,1.895,1.883,1.893,29771.43
1776016800,2026-04-12 18:00:00,1.891,1.904,1.895,1.892,42303.54
1776020400,2026-04-12 19:00:00,1.89,1.898,1.893,1.898,18486.12
1776024000,2026-04-12 20:00:00,1.886,1.905,1.896,1.899,28644.34
1776027600,2026-04-12 21:00:00,1.887,1.903,1.9,1.899,45500.5
1776031200,2026-04-12 22:00:00,1.871,1.899,1.899,1.885,58354.94
1776034800,2026-04-12 23:00:00,1.877,1.891,1.885,1.886,84208.74
1776038400,2026-04-13 00:00:00,1.88,1.897,1.886,1.891,26248.51
1776042000,2026-04-13 01:00:00,1.89,1.913,1.89,1.913,19831.61
1776045600,2026-04-13 02:00:00,1.894,1.917,1.913,1.899,26368.51
1776049200,2026-04-13 03:00:00,1.889,1.9,1.899,1.894,15353.9
1776052800,2026-04-13 04:00:00,1.89,1.903,1.894,1.89,23532.55
1776056400,2026-04-13 05:00:00,1.872,1.89,1.889,1.88,60233.95
1776060000,2026-04-13 06:00:00,1.879,1.892,1.879,1.881,43145.41
1776063600,2026-04-13 07:00:00,1.857,1.88,1.88,1.859,51708.65
1776067200,2026-04-13 08:00:00,1.849,1.863,1.858,1.858,26532.58
1776070800,2026-04-13 09:00:00,1.854,1.863,1.858,1.858,23484.89
1776074400,2026-04-13 10:00:00,1.848,1.86,1.858,1.853,10404.57
1776078000,2026-04-13 11:00:00,1.85,1.863,1.851,1.863,16797.57
1776081600,2026-04-13 12:00:00,1.856,1.884,1.861,1.877,77818.21
1776085200,2026-04-13 13:00:00,1.876,1.914,1.878,1.909,130706.47
1776088800,2026-04-13 14:00:00,1.892,1.917,1.911,1.913,34125.14
1776092400,2026-04-13 15:00:00,1.871,1.914,1.913,1.872,49450.72
1776096000,2026-04-13 16:00:00,1.864,1.877,1.87,1.873,57522.09
1776099600,2026-04-13 17:00:00,1.864,1.89,1.87,1.868,91760.13
1776103200,2026-04-13 18:00:00,1.867,1.886,1.867,1.885,37060.18
1776106800,2026-04-13 19:00:00,1.881,1.904,1.884,1.903,49155.05
1776110400,2026-04-13 20:00:00,1.882,1.903,1.903,1.884,17933.63
1776114000,2026-04-13 21:00:00,1.884,1.905,1.884,1.9,85360.1
1776117600,2026-04-13 22:00:00,1.901,1.943,1.902,1.938,168337.88
1776121200,2026-04-13 23:00:00,1.917,1.942,1.938,1.923,100266.31
1776124800,2026-04-14 00:00:00,1.902,1.921,1.921,1.902,33961.59
1776128400,2026-04-14 01:00:00,1.9,1.923,1.901,1.919,28608.43
1776132000,2026-04-14 02:00:00,1.918,1.931,1.918,1.927,16252.49
1776135600,2026-04-14 03:00:00,1.923,1.94,1.926,1.93,23045.27
1776139200,2026-04-14 04:00:00,1.918,1.94,1.932,1.923,17422.78
1776142800,2026-04-14 05:00:00,1.89,1.923,1.922,1.896,25099.16
1776146400,2026-04-14 06:00:00,1.893,1.905,1.897,1.902,19631.73
1776150000,2026-04-14 07:00:00,1.893,1.909,1.901,1.9,40330.92
1776153600,2026-04-14 08:00:00,1.89,1.904,1.901,1.895,36416.91
1776157200,2026-04-14 09:00:00,1.883,1.899,1.894,1.897,63582.04
1776160800,2026-04-14 10:00:00,1.887,1.9,1.895,1.89,22227.18
1776164400,2026-04-14 11:00:00,1.881,1.896,1.889,1.884,37884.31
1776168000,2026-04-14 12:00:00,1.876,1.884,1.883,1.88,40923.34
1776171600,2026-04-14 13:00:00,1.878,1.913,1.88,1.908,61135.93
1776175200,2026-04-14 14:00:00,1.89,1.915,1.908,1.89,105300.19
1776178800,2026-04-14 15:00:00,1.861,1.893,1.889,1.867,52946.77
1776182400,2026-04-14 16:00:00,1.852,1.876,1.869,1.857,45405.22
1776186000,2026-04-14 17:00:00,1.854,1.874,1.856,1.874,40588.21
1776189600,2026-04-14 18:00:00,1.825,1.875,1.874,1.835,51465.25
1776193200,2026-04-14 19:00:00,1.822,1.842,1.834,1.842,25150.64
1776196800,2026-04-14 20:00:00,1.831,1.847,1.842,1.831,38136.83
1776200400,2026-04-14 21:00:00,1.826,1.839,1.829,1.831,74815.78
1776204000,2026-04-14 22:00:00,1.822,1.836,1.833,1.826,20885.94
1776207600,2026-04-14 23:00:00,1.822,1.839,1.824,1.833,38096.83
1776211200,2026-04-15 00:00:00,1.825,1.854,1.829,1.847,32576.12
1776214800,2026-04-15 01:00:00,1.849,1.9,1.849,1.898,51354.99
1776218400,2026-04-15 02:00:00,1.864,1.903,1.899,1.873,36957.78
1776222000,2026-04-15 03:00:00,1.865,1.88,1.871,1.878,12936.48
1776225600,2026-04-15 04:00:00,1.875,1.888,1.88,1.888,9602.91
1776229200,2026-04-15 05:00:00,1.86,1.889,1.887,1.875,16099.99
1776232800,2026-04-15 06:00:00,1.861,1.874,1.874,1.862,14708.56
1776236400,2026-04-15 07:00:00,1.849,1.861,1.861,1.849,16383.82
1776240000,2026-04-15 08:00:00,1.85,1.866,1.852,1.862,15039.11
1776243600,2026-04-15 09:00:00,1.854,1.865,1.863,1.864,8324.88
1776247200,2026-04-15 10:00:00,1.854,1.877,1.865,1.864,8531.36
1776250800,2026-04-15 11:00:00,1.86,1.889,1.864,1.884,13511.56
1776254400,2026-04-15 12:00:00,1.88,1.899,1.88,1.888,52492.03
1776258000,2026-04-15 13:00:00,1.873,1.892,1.887,1.878,15811.22
1776261600,2026-04-15 14:00:00,1.875,1.895,1.876,1.895,19323.68
1776265200,2026-04-15 15:00:00,1.858,1.901,1.894,1.863,54977.53
1776268800,2026-04-15 16:00:00,1.861,1.899,1.862,1.892,46542.62
1776272400,2026-04-15 17:00:00,1.889,1.905,1.893,1.889,36355.83
1776276000,2026-04-15 18:00:00,1.887,1.905,1.887,1.9,42103.22
1776279600,2026-04-15 19:00:00,1.896,1.92,1.902,1.906,53532.45
1776283200,2026-04-15 20:00:00,1.888,1.904,1.902,1.896,43201.25
1776286800,2026-04-15 21:00:00,1.88,1.899,1.897,1.899,20660.07
1776290400,2026-04-15 22:00:00,1.889,1.906,1.897,1.889,15296.66
1776294000,2026-04-15 23:00:00,1.871,1.891,1.886,1.889,31012.19
1776297600,2026-04-16 00:00:00,1.873,1.895,1.889,1.882,29986.52
1776301200,2026-04-16 01:00:00,1.865,1.881,1.88,1.869,33742.92
1776304800,2026-04-16 02:00:00,1.866,1.883,1.87,1.874,40074.38
1776308400,2026-04-16 03:00:00,1.873,1.894,1.874,1.893,70648.04
1776312000,2026-04-16 04:00:00,1.881,1.908,1.892,1.886,45377.33
1776315600,2026-04-16 05:00:00,1.873,1.888,1.884,1.879,39273.44
1776319200,2026-04-16 06:00:00,1.875,1.885,1.879,1.883,23987.9
1776322800,2026-04-16 07:00:00,1.88,1.892,1.881,1.888,21933
1776326400,2026-04-16 08:00:00,1.868,1.89,1.887,1.868,17910.79
1776330000,2026-04-16 09:00:00,1.868,1.89,1.868,1.882,26487.93
1776333600,2026-04-16 10:00:00,1.868,1.886,1.881,1.868,9466.03
1776337200,2026-04-16 11:00:00,1.862,1.881,1.867,1.877,32853.93
1776340800,2026-04-16 12:00:00,1.867,1.89,1.879,1.875,26316.82
1776344400,2026-04-16 13:00:00,1.821,1.9,1.875,1.845,112781.64
1776348000,2026-04-16 14:00:00,1.807,1.845,1.844,1.824,139192.8
1776351600,2026-04-16 15:00:00,1.819,1.859,1.824,1.854,75705.06
1776355200,2026-04-16 16:00:00,1.827,1.874,1.854,1.832,48490.66
1776358800,2026-04-16 17:00:00,1.822,1.841,1.831,1.838,61042.97
1776362400,2026-04-16 18:00:00,1.835,1.882,1.839,1.878,52789.23
1776366000,2026-04-16 19:00:00,1.867,1.893,1.879,1.888,116026.38
1776369600,2026-04-16 20:00:00,1.851,1.892,1.887,1.86,82228.94
1776373200,2026-04-16 21:00:00,1.848,1.87,1.86,1.869,60798.22
1776376800,2026-04-16 22:00:00,1.865,1.878,1.871,1.87,53776.72
1776380400,2026-04-16 23:00:00,1.866,1.881,1.87,1.876,66633.5
1776384000,2026-04-17 00:00:00,1.861,1.886,1.876,1.884,66661.08
1776387600,2026-04-17 01:00:00,1.867,1.897,1.882,1.895,125738.97
1776391200,2026-04-17 02:00:00,1.871,1.897,1.893,1.877,65954.16
1776394800,2026-04-17 03:00:00,1.861,1.878,1.878,1.864,21495.54
1776398400,2026-04-17 04:00:00,1.855,1.873,1.864,1.855,39938.45
1776402000,2026-04-17 05:00:00,1.834,1.854,1.854,1.836,16934.86
1776405600,2026-04-17 06:00:00,1.836,1.865,1.837,1.859,52417.68
1776409200,2026-04-17 07:00:00,1.855,1.871,1.859,1.862,20179.79
1776412800,2026-04-17 08:00:00,1.856,1.871,1.862,1.866,16510.86
1776416400,2026-04-17 09:00:00,1.857,1.889,1.865,1.882,28533.57
1776420000,2026-04-17 10:00:00,1.848,1.883,1.883,1.856,47281.86
1776423600,2026-04-17 11:00:00,1.858,1.877,1.858,1.875,18309.32
1776427200,2026-04-17 12:00:00,1.869,1.9,1.876,1.9,80641.18
1776430800,2026-04-17 13:00:00,1.898,1.951,1.898,1.949,315406.55
1776434400,2026-04-17 14:00:00,1.937,1.967,1.949,1.956,113362.64
1776438000,2026-04-17 15:00:00,1.908,1.955,1.955,1.915,174681.72
1776441600,2026-04-17 16:00:00,1.917,1.97,1.917,1.96,268424.47
1776445200,2026-04-17 17:00:00,1.913,1.959,1.959,1.937,272797.76
1776448800,2026-04-17 18:00:00,1.904,1.937,1.937,1.91,101669.25
1776452400,2026-04-17 19:00:00,1.9,1.917,1.909,1.906,62507.13
1776456000,2026-04-17 20:00:00,1.874,1.914,1.907,1.896,66762.61
1776459600,2026-04-17 21:00:00,1.886,1.907,1.895,1.895,72972.16
1776463200,2026-04-17 22:00:00,1.884,1.899,1.894,1.884,25307.31
1776466800,2026-04-17 23:00:00,1.856,1.883,1.883,1.868,42657.7
1776470400,2026-04-18 00:00:00,1.852,1.872,1.867,1.869,21490.81
1776474000,2026-04-18 01:00:00,1.849,1.878,1.868,1.855,149382.18
1776477600,2026-04-18 02:00:00,1.845,1.86,1.854,1.85,74841.18
1776481200,2026-04-18 03:00:00,1.844,1.868,1.849,1.852,36014.32
1776484800,2026-04-18 04:00:00,1.85,1.868,1.852,1.864,6285.21
1776488400,2026-04-18 05:00:00,1.861,1.872,1.865,1.869,13101.36
1776492000,2026-04-18 06:00:00,1.868,1.88,1.869,1.873,23744.26
1776495600,2026-04-18 07:00:00,1.868,1.88,1.876,1.874,4402.9
1776499200,2026-04-18 08:00:00,1.832,1.871,1.871,1.847,25052.91
1776502800,2026-04-18 09:00:00,1.826,1.846,1.844,1.835,11733.55
1776506400,2026-04-18 10:00:00,1.82,1.834,1.834,1.823,19008.72
1776510000,2026-04-18 11:00:00,1.795,1.823,1.822,1.809,107018.39
1776513600,2026-04-18 12:00:00,1.809,1.82,1.811,1.816,12600.86
1776517200,2026-04-18 13:00:00,1.799,1.82,1.817,1.819,48171.86
1776520800,2026-04-18 14:00:00,1.811,1.83,1.818,1.825,57656.96
1776524400,2026-04-18 15:00:00,1.819,1.838,1.824,1.823,33155.93
1776528000,2026-04-18 16:00:00,1.807,1.831,1.821,1.813,40878.82
1776531600,2026-04-18 17:00:00,1.792,1.814,1.81,1.802,70366.6
1776535200,2026-04-18 18:00:00,1.78,1.806,1.803,1.79,68364.31
1776538800,2026-04-18 19:00:00,1.782,1.799,1.789,1.782,21676.7
1776542400,2026-04-18 20:00:00,1.773,1.797,1.781,1.788,52040.31
1776546000,2026-04-18 21:00:00,1.782,1.798,1.791,1.792,56970.64
1776549600,2026-04-18 22:00:00,1.785,1.795,1.793,1.794,11716.71
1776553200,2026-04-18 23:00:00,1.774,1.798,1.793,1.776,35521.49
1776556800,2026-04-19 00:00:00,1.756,1.776,1.776,1.768,72239.47
1776560400,2026-04-19 01:00:00,1.75,1.775,1.769,1.754,40732.32
1776564000,2026-04-19 02:00:00,1.741,1.76,1.755,1.753,47252.73
1776567600,2026-04-19 03:00:00,1.741,1.761,1.752,1.757,22076.94
1776571200,2026-04-19 04:00:00,1.758,1.774,1.758,1.772,36479.61
1776574800,2026-04-19 05:00:00,1.761,1.774,1.772,1.761,22846.19
1776578400,2026-04-19 06:00:00,1.75,1.774,1.76,1.772,8262.02
1776582000,2026-04-19 07:00:00,1.755,1.774,1.773,1.767,79698.01
1776585600,2026-04-19 08:00:00,1.752,1.774,1.767,1.761,70897.83
1776589200,2026-04-19 09:00:00,1.753,1.766,1.761,1.76,8524.56
1776592800,2026-04-19 10:00:00,1.757,1.766,1.759,1.765,26136.7
1776596400,2026-04-19 11:00:00,1.766,1.791,1.766,1.791,24346.29
1776600000,2026-04-19 12:00:00,1.785,1.802,1.792,1.8,9988.04
1776603600,2026-04-19 13:00:00,1.797,1.818,1.801,1.798,31222.7
1776607200,2026-04-19 14:00:00,1.787,1.811,1.797,1.805,35513.78
1776610800,2026-04-19 15:00:00,1.776,1.804,1.804,1.795,41353.67
1776614400,2026-04-19 16:00:00,1.775,1.796,1.796,1.777,38818.84
1776618000,2026-04-19 17:00:00,1.748,1.781,1.779,1.748,80309.49
1776621600,2026-04-19 18:00:00,1.744,1.755,1.748,1.755,37918.44
1776625200,2026-04-19 19:00:00,1.754,1.767,1.755,1.757,23213.82
1776628800,2026-04-19 20:00:00,1.747,1.76,1.756,1.754,31517.93
1776632400,2026-04-19 21:00:00,1.75,1.764,1.755,1.752,18783.32
1776636000,2026-04-19 22:00:00,1.717,1.751,1.751,1.734,126992.99
1776639600,2026-04-19 23:00:00,1.722,1.737,1.735,1.729,61905.42
1776643200,2026-04-20 00:00:00,1.727,1.755,1.729,1.755,32789.51
1776646800,2026-04-20 01:00:00,1.743,1.759,1.755,1.747,32818.01
1776650400,2026-04-20 02:00:00,1.739,1.757,1.748,1.754,25449.36
1776654000,2026-04-20 03:00:00,1.75,1.761,1.754,1.754,15435.93
1776657600,2026-04-20 04:00:00,1.747,1.755,1.754,1.747,12116.58
1776661200,2026-04-20 05:00:00,1.732,1.746,1.745,1.738,14256.63
1776664800,2026-04-20 06:00:00,1.738,1.764,1.738,1.756,21329.82
1776668400,2026-04-20 07:00:00,1.755,1.786,1.758,1.765,30071.2
1776672000,2026-04-20 08:00:00,1.764,1.776,1.767,1.766,29084.85
1776675600,2026-04-20 09:00:00,1.766,1.783,1.767,1.771,24237.66
1776679200,2026-04-20 10:00:00,1.767,1.782,1.77,1.767,23392.49
1776682800,2026-04-20 11:00:00,1.761,1.774,1.767,1.766,24936.16
1776686400,2026-04-20 12:00:00,1.764,1.784,1.766,1.781,16767.11
1776690000,2026-04-20 13:00:00,1.769,1.789,1.781,1.773,21759.97
1776693600,2026-04-20 14:00:00,1.762,1.793,1.772,1.768,76275.92
1776697200,2026-04-20 15:00:00,1.759,1.79,1.769,1.779,50451.93
1776700800,2026-04-20 16:00:00,1.77,1.784,1.779,1.776,41854.49
1776704400,2026-04-20 17:00:00,1.774,1.79,1.776,1.788,27123.66
1776708000,2026-04-20 18:00:00,1.783,1.798,1.789,1.793,43573.28
1776711600,2026-04-20 19:00:00,1.782,1.793,1.792,1.788,30499.51
1776715200,2026-04-20 20:00:00,1.785,1.799,1.789,1.798,34496.43
1776718800,2026-04-20 21:00:00,1.786,1.798,1.796,1.796,10246.4
1776722400,2026-04-20 22:00:00,1.787,1.799,1.797,1.787,8582.86
1776726000,2026-04-20 23:00:00,1.783,1.791,1.786,1.79,40791.27
1776729600,2026-04-21 00:00:00,1.787,1.798,1.791,1.796,23275.74
1776733200,2026-04-21 01:00:00,1.794,1.804,1.795,1.794,32099.32
1776736800,2026-04-21 02:00:00,1.784,1.793,1.793,1.784,16893.65
1776740400,2026-04-21 03:00:00,1.776,1.79,1.782,1.784,55552.52
1776744000,2026-04-21 04:00:00,1.774,1.788,1.782,1.788,12983.31
1776747600,2026-04-21 05:00:00,1.787,1.797,1.789,1.795,14537.93
1776751200,2026-04-21 06:00:00,1.787,1.799,1.796,1.79,15138.07
1776754800,2026-04-21 07:00:00,1.783,1.8,1.788,1.798,10434.1
1776758400,2026-04-21 08:00:00,1.796,1.809,1.8,1.799,10087.62
1776762000,2026-04-21 09:00:00,1.794,1.809,1.798,1.805,10522.82
1776765600,2026-04-21 10:00:00,1.802,1.811,1.805,1.81,21742.23
1776769200,2026-04-21 11:00:00,1.802,1.814,1.809,1.802,34632.6
1776772800,2026-04-21 12:00:00,1.777,1.804,1.802,1.786,42338.12
1776776400,2026-04-21 13:00:00,1.781,1.791,1.786,1.79,25814.58
1776780000,2026-04-21 14:00:00,1.784,1.811,1.788,1.785,44727.98
1776783600,2026-04-21 15:00:00,1.784,1.8,1.789,1.792,22648.06
1776787200,2026-04-21 16:00:00,1.777,1.795,1.793,1.779,19793.91
1776790800,2026-04-21 17:00:00,1.76,1.791,1.78,1.781,47776.58
1776794400,2026-04-21 18:00:00,1.762,1.779,1.779,1.771,57659.55
1776798000,2026-04-21 19:00:00,1.748,1.78,1.774,1.755,71331.09
1776801600,2026-04-21 20:00:00,1.753,1.783,1.756,1.774,49569.09
1776805200,2026-04-21 21:00:00,1.77,1.78,1.774,1.777,21485.26
1776808800,2026-04-21 22:00:00,1.768,1.78,1.778,1.777,15369.28
1776812400,2026-04-21 23:00:00,1.778,1.796,1.778,1.793,40710.38
1776816000,2026-04-22 00:00:00,1.793,1.8,1.795,1.795,16455.5
1776819600,2026-04-22 01:00:00,1.787,1.795,1.795,1.789,17139.11
1776823200,2026-04-22 02:00:00,1.789,1.822,1.789,1.817,79940.83
1776826800,2026-04-22 03:00:00,1.808,1.823,1.818,1.814,59292.38
1776830400,2026-04-22 04:00:00,1.815,1.825,1.815,1.825,19594.62
1776834000,2026-04-22 05:00:00,1.824,1.854,1.826,1.839,102940.47
1776837600,2026-04-22 06:00:00,1.833,1.841,1.838,1.841,31376.13
1776841200,2026-04-22 07:00:00,1.835,1.847,1.843,1.844,16683.71
1776844800,2026-04-22 08:00:00,1.841,1.856,1.842,1.851,12897.21
1776848400,2026-04-22 09:00:00,1.849,1.859,1.85,1.85,10666.62
1776852000,2026-04-22 10:00:00,1.842,1.865,1.849,1.865,57644.7
1776855600,2026-04-22 11:00:00,1.857,1.871,1.866,1.863,24211.12
1776859200,2026-04-22 12:00:00,1.841,1.865,1.861,1.842,35919.72
1776862800,2026-04-22 13:00:00,1.837,1.852,1.841,1.842,42396.89
1776866400,2026-04-22 14:00:00,1.834,1.847,1.844,1.839,30886.45
1776870000,2026-04-22 15:00:00,1.834,1.851,1.839,1.844,48141.8
1776873600,2026-04-22 16:00:00,1.838,1.848,1.843,1.842,31889.71
1776877200,2026-04-22 17:00:00,1.831,1.847,1.842,1.841,16205.6
1776880800,2026-04-22 18:00:00,1.829,1.845,1.844,1.829,27522.81
1776884400,2026-04-22 19:00:00,1.808,1.831,1.831,1.824,99880.06
1776888000,2026-04-22 20:00:00,1.817,1.826,1.826,1.818,16242.59
1776891600,2026-04-22 21:00:00,1.818,1.838,1.818,1.832,28410.1
1776895200,2026-04-22 22:00:00,1.823,1.833,1.831,1.823,17167.63
1776898800,2026-04-22 23:00:00,1.81,1.826,1.823,1.814,22239.65
1776902400,2026-04-23 00:00:00,1.79,1.815,1.815,1.808,100331.77
1776906000,2026-04-23 01:00:00,1.794,1.809,1.808,1.804,10760.98
1776909600,2026-04-23 02:00:00,1.779,1.803,1.803,1.788,35911.92
1776913200,2026-04-23 03:00:00,1.779,1.792,1.789,1.79,48111.59
1776916800,2026-04-23 04:00:00,1.789,1.8,1.789,1.8,14514.63
1776920400,2026-04-23 05:00:00,1.794,1.807,1.801,1.804,18363.76
1776924000,2026-04-23 06:00:00,1.805,1.813,1.805,1.806,10511.97
1776927600,2026-04-23 07:00:00,1.799,1.806,1.805,1.8,6467.29
1776931200,2026-04-23 08:00:00,1.795,1.802,1.799,1.797,12408.24
1776934800,2026-04-23 09:00:00,1.786,1.795,1.794,1.795,16431.07
1776938400,2026-04-23 10:00:00,1.782,1.796,1.793,1.789,8944.49
1776942000,2026-04-23 11:00:00,1.788,1.805,1.788,1.803,17863.04
1776945600,2026-04-23 12:00:00,1.796,1.81,1.801,1.803,30473.83
1776949200,2026-04-23 13:00:00,1.795,1.805,1.801,1.797,17859.36
1776952800,2026-04-23 14:00:00,1.794,1.817,1.797,1.815,19277.36
1776956400,2026-04-23 15:00:00,1.81,1.824,1.815,1.822,26110.76
1776960000,2026-04-23 16:00:00,1.805,1.823,1.823,1.807,7282.59
1776963600,2026-04-23 17:00:00,1.77,1.807,1.807,1.788,65096.4
1776967200,2026-04-23 18:00:00,1.775,1.792,1.788,1.775,48535.77
1776970800,2026-04-23 19:00:00,1.774,1.79,1.776,1.787,44096.68
1776974400,2026-04-23 20:00:00,1.784,1.8,1.79,1.788,58617.75
1776978000,2026-04-23 21:00:00,1.76,1.802,1.787,1.798,182475.28
1776981600,2026-04-23 22:00:00,1.796,1.804,1.799,1.8,19890.79
1776985200,2026-04-23 23:00:00,1.797,1.808,1.798,1.808,14612.02
1776988800,2026-04-24 00:00:00,1.807,1.815,1.809,1.814,15202.55
1776992400,2026-04-24 01:00:00,1.802,1.813,1.813,1.811,6873.68
1776996000,2026-04-24 02:00:00,1.797,1.811,1.811,1.8,30894.99
1776999600,2026-04-24 03:00:00,1.784,1.8,1.799,1.792,37498.13
1777003200,2026-04-24 04:00:00,1.789,1.795,1.793,1.792,14215.74
1777006800,2026-04-24 05:00:00,1.789,1.809,1.79,1.804,18177.34
1777010400,2026-04-24 06:00:00,1.8,1.811,1.805,1.805,4418.09
1777014000,2026-04-24 07:00:00,1.796,1.808,1.803,1.798,4659.48
1777017600,2026-04-24 08:00:00,1.797,1.804,1.799,1.802,13289.21
1777021200,2026-04-24 09:00:00,1.79,1.8,1.8,1.793,6388.98
1777024800,2026-04-24 10:00:00,1.791,1.803,1.794,1.802,13201.39
1777028400,2026-04-24 11:00:00,1.805,1.819,1.805,1.819,26184.5
1777032000,2026-04-24 12:00:00,1.81,1.821,1.819,1.817,9130.42
1777035600,2026-04-24 13:00:00,1.812,1.834,1.817,1.813,59642.33
1777039200,2026-04-24 14:00:00,1.801,1.817,1.811,1.81,28201.42
1777042800,2026-04-24 15:00:00,1.8,1.816,1.809,1.815,44267.8
1777046400,2026-04-24 16:00:00,1.794,1.815,1.815,1.804,62586.02
1777050000,2026-04-24 17:00:00,1.8,1.811,1.803,1.809,21030.22
1777053600,2026-04-24 18:00:00,1.803,1.812,1.809,1.809,16880.33
1777057200,2026-04-24 19:00:00,1.804,1.813,1.81,1.81,13742.91
1777060800,2026-04-24 20:00:00,1.798,1.82,1.809,1.817,26298.01
1777064400,2026-04-24 21:00:00,1.798,1.816,1.814,1.799,24754.9
1777068000,2026-04-24 22:00:00,1.782,1.8,1.8,1.783,27729.04
1777071600,2026-04-24 23:00:00,1.78,1.793,1.783,1.791,28439.42
1777075200,2026-04-25 00:00:00,1.787,1.796,1.79,1.796,12170.75
1777078800,2026-04-25 01:00:00,1.788,1.797,1.796,1.793,29098.55
1777082400,2026-04-25 02:00:00,1.784,1.792,1.792,1.789,17729.72
1777086000,2026-04-25 03:00:00,1.786,1.796,1.788,1.796,10194.79
1777089600,2026-04-25 04:00:00,1.79,1.801,1.795,1.79,9047.79
1777093200,2026-04-25 05:00:00,1.784,1.796,1.788,1.795,9829.79
1777096800,2026-04-25 06:00:00,1.794,1.81,1.794,1.801,8274.23
1777100400,2026-04-25 07:00:00,1.801,1.808,1.801,1.807,9490.41
1777104000,2026-04-25 08:00:00,1.803,1.814,1.808,1.814,17306.71
1777107600,2026-04-25 09:00:00,1.808,1.821,1.815,1.821,35463.91
1777111200,2026-04-25 10:00:00,1.815,1.823,1.822,1.816,29766.98
1777114800,2026-04-25 11:00:00,1.781,1.819,1.815,1.785,23144.18
1777118400,2026-04-25 12:00:00,1.781,1.807,1.784,1.796,62115.96
1777122000,2026-04-25 13:00:00,1.794,1.805,1.796,1.797,11487.69
1777125600,2026-04-25 14:00:00,1.789,1.8,1.798,1.789,17804.23
1777129200,2026-04-25 15:00:00,1.778,1.792,1.79,1.785,28091.44
1777132800,2026-04-25 16:00:00,1.777,1.79,1.785,1.782,18690.25
1777136400,2026-04-25 17:00:00,1.771,1.782,1.78,1.773,14327.97
1777140000,2026-04-25 18:00:00,1.773,1.787,1.773,1.783,15519.06
1777143600,2026-04-25 19:00:00,1.776,1.786,1.786,1.778,8106.85
1777147200,2026-04-25 20:00:00,1.779,1.79,1.779,1.79,21882.17
1777150800,2026-04-25 21:00:00,1.787,1.794,1.79,1.787,14521.84
1777154400,2026-04-25 22:00:00,1.787,1.797,1.787,1.793,4982.84
1777158000,2026-04-25 23:00:00,1.794,1.806,1.794,1.806,26753.86
1777161600,2026-04-26 00:00:00,1.795,1.809,1.805,1.798,26951.16
1777165200,2026-04-26 01:00:00,1.794,1.802,1.798,1.795,19684.77
1777168800,2026-04-26 02:00:00,1.795,1.812,1.796,1.808,12828.35
1777172400,2026-04-26 03:00:00,1.798,1.809,1.807,1.808,12999.21
1777176000,2026-04-26 04:00:00,1.804,1.816,1.807,1.808,19193.96
1777179600,2026-04-26 05:00:00,1.808,1.827,1.808,1.825,46820.69
1777183200,2026-04-26 06:00:00,1.813,1.824,1.823,1.822,42903.41
1777186800,2026-04-26 07:00:00,1.821,1.834,1.821,1.832,19980.16
1777190400,2026-04-26 08:00:00,1.823,1.834,1.832,1.834,4040.25
1777194000,2026-04-26 09:00:00,1.826,1.833,1.833,1.828,3076.1
1777197600,2026-04-26 10:00:00,1.821,1.848,1.826,1.824,61034.15
1777201200,2026-04-26 11:00:00,1.815,1.83,1.824,1.818,14910.94
1777204800,2026-04-26 12:00:00,1.804,1.819,1.817,1.808,36547.9
1777208400,2026-04-26 13:00:00,1.806,1.814,1.809,1.806,7525.4
1777212000,2026-04-26 14:00:00,1.807,1.82,1.807,1.816,17280.29
1777215600,2026-04-26 15:00:00,1.813,1.819,1.817,1.813,4768.93
1777219200,2026-04-26 16:00:00,1.802,1.816,1.813,1.802,13362.95
1777222800,2026-04-26 17:00:00,1.802,1.812,1.802,1.81,9468.37
1777226400,2026-04-26 18:00:00,1.809,1.823,1.809,1.822,13210.94
1777230000,2026-04-26 19:00:00,1.819,1.829,1.822,1.821,27422.47
1777233600,2026-04-26 20:00:00,1.818,1.825,1.821,1.819,11368.21
1777237200,2026-04-26 21:00:00,1.801,1.825,1.819,1.818,86633.58
1777240800,2026-04-26 22:00:00,1.812,1.826,1.819,1.819,17814.21
1777244400,2026-04-26 23:00:00,1.817,1.828,1.819,1.826,7990.19
1777248000,2026-04-27 00:00:00,1.82,1.849,1.826,1.846,17423.2
1777251600,2026-04-27 01:00:00,1.84,1.86,1.848,1.854,50080
1777255200,2026-04-27 02:00:00,1.844,1.854,1.853,1.854,8423.33
1777258800,2026-04-27 03:00:00,1.852,1.866,1.852,1.852,9313.46
1777262400,2026-04-27 04:00:00,1.847,1.857,1.851,1.847,11193.62
1777266000,2026-04-27 05:00:00,1.804,1.847,1.847,1.81,25958.02
1777269600,2026-04-27 06:00:00,1.788,1.814,1.805,1.796,38630.25
1777273200,2026-04-27 07:00:00,1.788,1.803,1.796,1.794,26047.27
1777276800,2026-04-27 08:00:00,1.793,1.802,1.796,1.802,20585.25
1777280400,2026-04-27 09:00:00,1.796,1.806,1.803,1.802,14459.92
1777284000,2026-04-27 10:00:00,1.794,1.804,1.804,1.794,3144.75
1777287600,2026-04-27 11:00:00,1.789,1.797,1.791,1.795,11893.88
1777291200,2026-04-27 12:00:00,1.794,1.801,1.795,1.798,7802.15
1777294800,2026-04-27 13:00:00,1.781,1.801,1.798,1.786,13806.2
1777298400,2026-04-27 14:00:00,1.785,1.802,1.785,1.791,17578.55
1777302000,2026-04-27 15:00:00,1.75,1.791,1.791,1.756,73904.54
1777305600,2026-04-27 16:00:00,1.744,1.757,1.753,1.754,95576.76
1777309200,2026-04-27 17:00:00,1.753,1.77,1.758,1.763,17242.45
1777312800,2026-04-27 18:00:00,1.764,1.772,1.764,1.768,7002.13
1777316400,2026-04-27 19:00:00,1.755,1.771,1.77,1.765,90319.78
1777320000,2026-04-27 20:00:00,1.761,1.769,1.766,1.763,7925.53
1777323600,2026-04-27 21:00:00,1.758,1.774,1.761,1.768,24304.17
1777327200,2026-04-27 22:00:00,1.768,1.789,1.769,1.789,11881.03
1777330800,2026-04-27 23:00:00,1.784,1.794,1.79,1.788,12989.2
1777334400,2026-04-28 00:00:00,1.778,1.79,1.787,1.782,15565.74
1777338000,2026-04-28 01:00:00,1.777,1.785,1.784,1.779,8585.18
1777341600,2026-04-28 02:00:00,1.763,1.784,1.778,1.771,10834.64
1777345200,2026-04-28 03:00:00,1.77,1.774,1.773,1.774,5408.54
1777348800,2026-04-28 04:00:00,1.768,1.777,1.771,1.771,5277.94
1777352400,2026-04-28 05:00:00,1.769,1.78,1.775,1.772,6399.07
1777356000,2026-04-28 06:00:00,1.759,1.778,1.774,1.763,18512.28
1777359600,2026-04-28 07:00:00,1.752,1.763,1.762,1.76,10132.39
1777363200,2026-04-28 08:00:00,1.757,1.766,1.76,1.762,3827.5
1777366800,2026-04-28 09:00:00,1.753,1.763,1.761,1.759,9691.54
1777370400,2026-04-28 10:00:00,1.755,1.762,1.759,1.756,5961.06
1777374000,2026-04-28 11:00:00,1.742,1.753,1.753,1.748,49156.35
1777377600,2026-04-28 12:00:00,1.744,1.76,1.747,1.754,34349.51
1777381200,2026-04-28 13:00:00,1.745,1.764,1.751,1.756,13972.35
1777384800,2026-04-28 14:00:00,1.739,1.755,1.754,1.748,16185.79
1777388400,2026-04-28 15:00:00,1.739,1.754,1.75,1.747,14629.89
1777392000,2026-04-28 16:00:00,1.74,1.753,1.747,1.745,31006.09
1777395600,2026-04-28 17:00:00,1.732,1.749,1.746,1.749,21867.09
1777399200,2026-04-28 18:00:00,1.748,1.757,1.749,1.756,11337.85
1777402800,2026-04-28 19:00:00,1.747,1.757,1.755,1.749,22525.26
1777406400,2026-04-28 20:00:00,1.738,1.749,1.747,1.744,9978.77
1777410000,2026-04-28 21:00:00,1.744,1.752,1.745,1.749,26586.64
1777413600,2026-04-28 22:00:00,1.744,1.753,1.749,1.744,12416.82
1777417200,2026-04-28 23:00:00,1.74,1.746,1.742,1.745,17491.02
1777420800,2026-04-29 00:00:00,1.743,1.757,1.746,1.754,6082.39
1777424400,2026-04-29 01:00:00,1.748,1.758,1.754,1.757,23555.01
1777428000,2026-04-29 02:00:00,1.751,1.759,1.758,1.758,7670.45
1777431600,2026-04-29 03:00:00,1.759,1.775,1.759,1.775,27560.14
1777435200,2026-04-29 04:00:00,1.769,1.798,1.776,1.79,146591.13
1777438800,2026-04-29 05:00:00,1.781,1.788,1.787,1.781,21867.73
1777442400,2026-04-29 06:00:00,1.771,1.783,1.781,1.772,49151.9
1777446000,2026-04-29 07:00:00,1.77,1.782,1.771,1.771,16354.69
1777449600,2026-04-29 08:00:00,1.762,1.771,1.771,1.764,6106.15
1777453200,2026-04-29 09:00:00,1.76,1.788,1.765,1.788,17006.61
1777456800,2026-04-29 10:00:00,1.779,1.793,1.79,1.779,33381.87
1777460400,2026-04-29 11:00:00,1.769,1.78,1.777,1.771,15006.64
1777464000,2026-04-29 12:00:00,1.746,1.768,1.768,1.747,44527.25
1777467600,2026-04-29 13:00:00,1.733,1.75,1.747,1.742,105232.86
1777471200,2026-04-29 14:00:00,1.729,1.745,1.742,1.73,18686.55
1777474800,2026-04-29 15:00:00,1.671,1.732,1.732,1.68,177589.97
1777478400,2026-04-29 16:00:00,1.673,1.686,1.679,1.684,37072.28
1777482000,2026-04-29 17:00:00,1.685,1.696,1.685,1.696,25014.1
1777485600,2026-04-29 18:00:00,1.658,1.694,1.69,1.687,97300.47
1777489200,2026-04-29 19:00:00,1.664,1.688,1.686,1.677,133066.54
1777492800,2026-04-29 20:00:00,1.676,1.698,1.676,1.696,14451.38
1777496400,2026-04-29 21:00:00,1.692,1.71,1.696,1.701,14565.42
1777500000,2026-04-29 22:00:00,1.699,1.711,1.7,1.709,19853.83
1777503600,2026-04-29 23:00:00,1.705,1.724,1.708,1.717,76683.14
1777507200,2026-04-30 00:00:00,1.702,1.717,1.717,1.706,55665.59
1777510800,2026-04-30 01:00:00,1.708,1.716,1.708,1.712,9120.7
1777514400,2026-04-30 02:00:00,1.679,1.712,1.711,1.689,46804.61
1777518000,2026-04-30 03:00:00,1.688,1.701,1.689,1.694,41020.34
1777521600,2026-04-30 04:00:00,1.679,1.694,1.694,1.685,19839.73
1777525200,2026-04-30 05:00:00,1.679,1.69,1.684,1.684,15510.62
1777528800,2026-04-30 06:00:00,1.682,1.691,1.683,1.689,7842.08
1777532400,2026-04-30 07:00:00,1.687,1.697,1.689,1.695,7667.87
1777536000,2026-04-30 08:00:00,1.691,1.7,1.694,1.693,27787.79
1777539600,2026-04-30 09:00:00,1.688,1.699,1.692,1.692,5490.3
1777543200,2026-04-30 10:00:00,1.682,1.693,1.692,1.686,7422.25
1777546800,2026-04-30 11:00:00,1.678,1.692,1.686,1.688,21688.11
1777550400,2026-04-30 12:00:00,1.685,1.693,1.688,1.69,11391.82
1777554000,2026-04-30 13:00:00,1.681,1.69,1.689,1.687,18395.64
1777557600,2026-04-30 14:00:00,1.679,1.695,1.687,1.682,23918.95
1777561200,2026-04-30 15:00:00,1.672,1.686,1.68,1.684,31340.86
1777564800,2026-04-30 16:00:00,1.678,1.686,1.683,1.681,32812.37
1777568400,2026-04-30 17:00:00,1.677,1.684,1.682,1.679,14643.33
1777572000,2026-04-30 18:00:00,1.668,1.68,1.68,1.675,40962.72
1777575600,2026-04-30 19:00:00,1.674,1.68,1.675,1.676,17427.16
1777579200,2026-04-30 20:00:00,1.672,1.679,1.674,1.673,19771.54
1777582800,2026-04-30 21:00:00,1.668,1.675,1.673,1.669,9577.12
1777586400,2026-04-30 22:00:00,1.662,1.674,1.668,1.67,17675.04
1777590000,2026-04-30 23:00:00,1.668,1.681,1.671,1.676,31627.29
1777593600,2026-05-01 00:00:00,1.672,1.682,1.677,1.674,17042.31
1777597200,2026-05-01 01:00:00,1.672,1.68,1.675,1.677,11909.34
1777600800,2026-05-01 02:00:00,1.677,1.685,1.677,1.683,33858.86
1777604400,2026-05-01 03:00:00,1.68,1.703,1.682,1.691,52270.72
1777608000,2026-05-01 04:00:00,1.682,1.696,1.691,1.685,18048.45
1777611600,2026-05-01 05:00:00,1.685,1.698,1.687,1.694,18279
1777615200,2026-05-01 06:00:00,1.684,1.699,1.694,1.686,19160.13
1777618800,2026-05-01 07:00:00,1.685,1.695,1.686,1.692,18025.99
1777622400,2026-05-01 08:00:00,1.69,1.701,1.692,1.697,6113.33
1777626000,2026-05-01 09:00:00,1.694,1.7,1.698,1.7,12046.08
1777629600,2026-05-01 10:00:00,1.692,1.706,1.7,1.698,36129.53
1777633200,2026-05-01 11:00:00,1.691,1.7,1.699,1.693,36230.48
1777636800,2026-05-01 12:00:00,1.692,1.709,1.693,1.704,17319.04
1777640400,2026-05-01 13:00:00,1.706,1.724,1.707,1.718,35440.97
1777644000,2026-05-01 14:00:00,1.71,1.726,1.718,1.718,35411.53
1777647600,2026-05-01 15:00:00,1.703,1.72,1.716,1.72,28964.85
1777651200,2026-05-01 16:00:00,1.707,1.727,1.722,1.715,18690.08
1777654800,2026-05-01 17:00:00,1.707,1.721,1.715,1.72,14089.72
1777658400,2026-05-01 18:00:00,1.716,1.723,1.719,1.716,6802.07
1777662000,2026-05-01 19:00:00,1.71,1.72,1.717,1.712,14607.27
1777665600,2026-05-01 20:00:00,1.694,1.714,1.714,1.697,27348.85
1777669200,2026-05-01 21:00:00,1.695,1.704,1.699,1.703,38020.5
1777672800,2026-05-01 22:00:00,1.699,1.711,1.703,1.7,45246.37
1777676400,2026-05-01 23:00:00,1.695,1.704,1.701,1.704,9628.23
1777680000,2026-05-02 00:00:00,1.7,1.708,1.705,1.708,16138.91
1777683600,2026-05-02 01:00:00,1.705,1.713,1.708,1.712,8357.22
1777687200,2026-05-02 02:00:00,1.71,1.718,1.71,1.712,6820.54
1777690800,2026-05-02 03:00:00,1.704,1.715,1.711,1.713,2943.35
1777694400,2026-05-02 04:00:00,1.703,1.712,1.712,1.703,4419.53
1777698000,2026-05-02 05:00:00,1.696,1.708,1.704,1.704,12958.5
1777701600,2026-05-02 06:00:00,1.699,1.71,1.707,1.71,1994.46
1777705200,2026-05-02 07:00:00,1.708,1.713,1.71,1.709,8364.01
1777708800,2026-05-02 08:00:00,1.704,1.714,1.709,1.714,3042.06
1777712400,2026-05-02 09:00:00,1.712,1.721,1.712,1.72,9572.43
1777716000,2026-05-02 10:00:00,1.714,1.72,1.719,1.714,14475.13
1777719600,2026-05-02 11:00:00,1.71,1.716,1.716,1.714,8293.87
1777723200,2026-05-02 12:00:00,1.712,1.721,1.714,1.714,10667.49
1777726800,2026-05-02 13:00:00,1.716,1.723,1.716,1.723,17346.12
1777730400,2026-05-02 14:00:00,1.721,1.731,1.721,1.729,12736.33
1777734000,2026-05-02 15:00:00,1.725,1.735,1.729,1.735,7921.02
1777737600,2026-05-02 16:00:00,1.727,1.738,1.736,1.732,6157.99
1777741200,2026-05-02 17:00:00,1.719,1.733,1.729,1.723,21928.27
1777744800,2026-05-02 18:00:00,1.72,1.742,1.723,1.74,19937.45
1777748400,2026-05-02 19:00:00,1.739,1.764,1.74,1.762,29285.9
1777752000,2026-05-02 20:00:00,1.76,1.772,1.762,1.77,40067.29
1777755600,2026-05-02 21:00:00,1.762,1.793,1.769,1.792,66747.23
1777759200,2026-05-02 22:00:00,1.782,1.803,1.794,1.79,38417.1
1777762800,2026-05-02 23:00:00,1.779,1.792,1.786,1.783,26331.53
1777766400,2026-05-03 00:00:00,1.773,1.797,1.787,1.773,20629.48
1777770000,2026-05-03 01:00:00,1.763,1.776,1.77,1.767,19247.31
1777773600,2026-05-03 02:00:00,1.759,1.773,1.768,1.765,15542.72
1777777200,2026-05-03 03:00:00,1.756,1.765,1.765,1.764,35799.55
1777780800,2026-05-03 04:00:00,1.757,1.778,1.762,1.776,23030.13
1777784400,2026-05-03 05:00:00,1.772,1.791,1.778,1.79,46703.42
1777788000,2026-05-03 06:00:00,1.783,1.806,1.791,1.801,35322.52
1777791600,2026-05-03 07:00:00,1.801,1.811,1.801,1.802,22181.45
1777795200,2026-05-03 08:00:00,1.801,1.809,1.803,1.802,29321.35
1777798800,2026-05-03 09:00:00,1.789,1.803,1.802,1.79,19608.46
1777802400,2026-05-03 10:00:00,1.773,1.791,1.79,1.778,51743.92
1777806000,2026-05-03 11:00:00,1.779,1.802,1.779,1.792,14692.21
1777809600,2026-05-03 12:00:00,1.791,1.801,1.791,1.796,5002.01
1777813200,2026-05-03 13:00:00,1.796,1.809,1.798,1.799,14435.63
1777816800,2026-05-03 14:00:00,1.794,1.817,1.797,1.813,22078.53
1777820400,2026-05-03 15:00:00,1.8,1.817,1.817,1.814,44050.75
1777824000,2026-05-03 16:00:00,1.8,1.816,1.814,1.807,60923.59
1777827600,2026-05-03 17:00:00,1.804,1.813,1.805,1.805,17678.32
1777831200,2026-05-03 18:00:00,1.805,1.821,1.805,1.816,16586.89
1777834800,2026-05-03 19:00:00,1.805,1.821,1.815,1.818,7029.33
1777838400,2026-05-03 20:00:00,1.82,1.846,1.82,1.842,54463.77
1777842000,2026-05-03 21:00:00,1.837,1.861,1.842,1.847,92815.2
1777845600,2026-05-03 22:00:00,1.833,1.859,1.846,1.834,22707.44
1777849200,2026-05-03 23:00:00,1.819,1.839,1.833,1.824,19167.39
1777852800,2026-05-04 00:00:00,1.817,1.846,1.827,1.838,62857.26
1777856400,2026-05-04 01:00:00,1.823,1.844,1.839,1.842,27313.43
1777860000,2026-05-04 02:00:00,1.835,1.861,1.84,1.85,51492.38
1777863600,2026-05-04 03:00:00,1.845,1.862,1.851,1.862,15229.05
1777867200,2026-05-04 04:00:00,1.863,1.882,1.863,1.874,40375.63
1777870800,2026-05-04 05:00:00,1.851,1.876,1.875,1.873,38022.68
1777874400,2026-05-04 06:00:00,1.847,1.874,1.873,1.866,36067
1777878000,2026-05-04 07:00:00,1.858,1.872,1.865,1.865,7995.96
1777881600,2026-05-04 08:00:00,1.864,1.878,1.868,1.873,20327.11
1777885200,2026-05-04 09:00:00,1.871,1.921,1.872,1.889,129214.67
1777888800,2026-05-04 10:00:00,1.822,1.892,1.891,1.831,146945.27
1777892400,2026-05-04 11:00:00,1.82,1.835,1.83,1.828,63077.13
1777896000,2026-05-04 12:00:00,1.822,1.835,1.829,1.822,18370.67
1777899600,2026-05-04 13:00:00,1.811,1.829,1.821,1.815,42170.98
1777903200,2026-05-04 14:00:00,1.808,1.854,1.813,1.843,51551.88
1777906800,2026-05-04 15:00:00,1.815,1.843,1.841,1.82,50629.94
1777910400,2026-05-04 16:00:00,1.807,1.832,1.821,1.828,32429.2
1777914000,2026-05-04 17:00:00,1.821,1.845,1.827,1.841,83456.59
1777917600,2026-05-04 18:00:00,1.835,1.849,1.84,1.849,13989.95
1777921200,2026-05-04 19:00:00,1.828,1.846,1.846,1.837,13675.61
1777924800,2026-05-04 20:00:00,1.813,1.835,1.834,1.823,49525.89
1777928400,2026-05-04 21:00:00,1.824,1.845,1.824,1.843,26541.85
1777932000,2026-05-04 22:00:00,1.829,1.845,1.84,1.829,36843.17
1777935600,2026-05-04 23:00:00,1.816,1.828,1.828,1.821,16918.7
1777939200,2026-05-05 00:00:00,1.816,1.828,1.82,1.826,36987.58
1777942800,2026-05-05 01:00:00,1.819,1.831,1.826,1.823,31429.55
1777946400,2026-05-05 02:00:00,1.822,1.838,1.822,1.828,80554.16
1777950000,2026-05-05 03:00:00,1.826,1.84,1.826,1.833,26633.63
1777953600,2026-05-05 04:00:00,1.831,1.847,1.832,1.838,43332.83
1777957200,2026-05-05 05:00:00,1.829,1.839,1.835,1.832,5244.28
1777960800,2026-05-05 06:00:00,1.824,1.836,1.83,1.836,18307.9
1777964400,2026-05-05 07:00:00,1.832,1.839,1.836,1.837,13224.32
1777968000,2026-05-05 08:00:00,1.833,1.843,1.839,1.841,5915.16
1777971600,2026-05-05 09:00:00,1.836,1.843,1.84,1.839,9265.53
1777975200,2026-05-05 10:00:00,1.843,1.853,1.843,1.85,32188.76
1777978800,2026-05-05 11:00:00,1.846,1.865,1.85,1.865,26088.45
1777982400,2026-05-05 12:00:00,1.86,1.87,1.865,1.864,59410.89
1777986000,2026-05-05 13:00:00,1.859,1.874,1.865,1.862,66782.19
1777989600,2026-05-05 14:00:00,1.841,1.866,1.858,1.851,44900.26
1777993200,2026-05-05 15:00:00,1.849,1.89,1.851,1.89,41894.6
1777996800,2026-05-05 16:00:00,1.88,1.902,1.891,1.882,96186.1
1778000400,2026-05-05 17:00:00,1.867,1.882,1.88,1.867,17840.51
1778004000,2026-05-05 18:00:00,1.864,1.884,1.869,1.884,6649.04
1778007600,2026-05-05 19:00:00,1.882,1.907,1.885,1.904,57424.84
1778011200,2026-05-05 20:00:00,1.897,1.918,1.908,1.912,36439.85
1778014800,2026-05-05 21:00:00,1.895,1.923,1.913,1.905,67217.15
1778018400,2026-05-05 22:00:00,1.893,1.919,1.904,1.898,79340.75
1778022000,2026-05-05 23:00:00,1.884,1.904,1.899,1.892,30491.25
1778025600,2026-05-06 00:00:00,1.881,1.897,1.893,1.891,53034.19
1778029200,2026-05-06 01:00:00,1.889,1.918,1.889,1.91,58156.91
1778032800,2026-05-06 02:00:00,1.891,1.909,1.908,1.899,30016.54
1778036400,2026-05-06 03:00:00,1.9,1.924,1.9,1.923,39522.31
1778040000,2026-05-06 04:00:00,1.903,1.929,1.923,1.91,76267.12
1778043600,2026-05-06 05:00:00,1.902,1.918,1.907,1.915,28064.77
1778047200,2026-05-06 06:00:00,1.908,1.934,1.918,1.933,27470.04
1778050800,2026-05-06 07:00:00,1.932,1.955,1.934,1.941,66053.29
1778054400,2026-05-06 08:00:00,1.934,1.979,1.939,1.973,108533.03
1778058000,2026-05-06 09:00:00,1.962,1.994,1.975,1.993,92242.08
1778061600,2026-05-06 10:00:00,1.978,1.995,1.992,1.984,87619.16
1778065200,2026-05-06 11:00:00,1.966,1.985,1.983,1.981,69038.15
1778068800,2026-05-06 12:00:00,1.956,1.986,1.982,1.968,109177.93
1778072400,2026-05-06 13:00:00,1.92,1.965,1.964,1.928,87510.78
1778076000,2026-05-06 14:00:00,1.899,1.936,1.925,1.925,51789.92
1778079600,2026-05-06 15:00:00,1.918,1.968,1.924,1.964,45610.62
1778083200,2026-05-06 16:00:00,1.951,1.979,1.967,1.965,75338.03
1778086800,2026-05-06 17:00:00,1.95,1.971,1.963,1.959,22194.62
1778090400,2026-05-06 18:00:00,1.942,1.959,1.959,1.945,43442.7
1778094000,2026-05-06 19:00:00,1.932,1.952,1.952,1.945,44025.01
1778097600,2026-05-06 20:00:00,1.937,1.956,1.945,1.947,20174.01
1778101200,2026-05-06 21:00:00,1.94,1.973,1.946,1.962,38294.9
1778104800,2026-05-06 22:00:00,1.946,1.962,1.962,1.95,48211.4
1778108400,2026-05-06 23:00:00,1.939,1.965,1.946,1.965,18892.73
1778112000,2026-05-07 00:00:00,1.927,1.964,1.964,1.929,38479.45
1778115600,2026-05-07 01:00:00,1.911,1.931,1.931,1.913,40420.6
1778119200,2026-05-07 02:00:00,1.905,1.916,1.916,1.912,31666.56
1778122800,2026-05-07 03:00:00,1.905,1.916,1.912,1.913,26601.34
1778126400,2026-05-07 04:00:00,1.911,1.943,1.913,1.943,56653.62
1778130000,2026-05-07 05:00:00,1.939,1.952,1.946,1.944,32055.52
1778133600,2026-05-07 06:00:00,1.933,1.975,1.943,1.974,36546.9
1778137200,2026-05-07 07:00:00,1.97,2.017,1.972,2.012,115083.97
1778140800,2026-05-07 08:00:00,2,2.03,2.016,2.015,34870.28
1778144400,2026-05-07 09:00:00,1.988,2.016,2.016,2,56991.63
1778148000,2026-05-07 10:00:00,1.978,2.002,2.002,1.998,38549.66
1778151600,2026-05-07 11:00:00,1.989,2.004,1.996,1.994,33708.2
1778155200,2026-05-07 12:00:00,1.995,2.018,1.995,2.004,42082.58
1778158800,2026-05-07 13:00:00,1.965,2.007,2.003,1.976,35863.21
1778162400,2026-05-07 14:00:00,1.952,1.978,1.973,1.954,61695.68
1778166000,2026-05-07 15:00:00,1.933,1.964,1.951,1.956,73917.02
1778169600,2026-05-07 16:00:00,1.949,1.973,1.958,1.952,58091.89
1778173200,2026-05-07 17:00:00,1.948,1.972,1.951,1.965,39295.55
1778176800,2026-05-07 18:00:00,1.956,1.974,1.963,1.962,31454.82
1778180400,2026-05-07 19:00:00,1.95,1.964,1.962,1.954,16605.15
1778184000,2026-05-07 20:00:00,1.928,1.97,1.955,1.93,44928.42
1778187600,2026-05-07 21:00:00,1.923,1.946,1.931,1.935,22207.16
1778191200,2026-05-07 22:00:00,1.926,1.943,1.937,1.933,36284.23
1778194800,2026-05-07 23:00:00,1.929,1.951,1.929,1.95,35806.78
1778198400,2026-05-08 00:00:00,1.939,1.967,1.952,1.95,39677.82
1778202000,2026-05-08 01:00:00,1.939,1.967,1.949,1.967,23181.31
1778223600,2026-05-08 07:00:00,1.964,1.967,1.966,1.966,12469.16
1778227200,2026-05-08 08:00:00,1.966,1.998,1.966,1.992,71978.92
1778230800,2026-05-08 09:00:00,1.982,1.999,1.987,1.99,7750.17
1778234400,2026-05-08 10:00:00,1.983,1.996,1.991,1.99,27640.87
1778238000,2026-05-08 11:00:00,1.972,1.989,1.986,1.985,24012.33
1778241600,2026-05-08 12:00:00,1.974,1.987,1.985,1.978,15735.57
1778245200,2026-05-08 13:00:00,1.952,1.98,1.976,1.973,24649.38
1778248800,2026-05-08 14:00:00,1.971,2.002,1.973,1.995,81411.94
1778252400,2026-05-08 15:00:00,1.977,2.013,1.994,2.011,113727.83
1778256000,2026-05-08 16:00:00,2,2.013,2.011,2.005,50216.06
1778259600,2026-05-08 17:00:00,1.999,2.041,2.01,2.039,49688.77
1778263200,2026-05-08 18:00:00,2.026,2.068,2.035,2.026,143525.1
1778266800,2026-05-08 19:00:00,2.015,2.033,2.025,2.018,33699.14
1778270400,2026-05-08 20:00:00,2.014,2.034,2.017,2.03,15101.61
1778274000,2026-05-08 21:00:00,2.024,2.044,2.028,2.042,90302.01
1778277600,2026-05-08 22:00:00,2.026,2.048,2.044,2.042,26518.1
1778281200,2026-05-08 23:00:00,2.034,2.054,2.043,2.052,66882.78
1778284800,2026-05-09 00:00:00,2.04,2.071,2.051,2.067,46791.1
1778288400,2026-05-09 01:00:00,2.051,2.07,2.067,2.067,35055.72
1778292000,2026-05-09 02:00:00,2.058,2.086,2.064,2.059,89958.21
1778295600,2026-05-09 03:00:00,2.042,2.071,2.059,2.051,18182.95
1778299200,2026-05-09 04:00:00,2.022,2.057,2.052,2.027,33378.16
1778302800,2026-05-09 05:00:00,2.025,2.037,2.026,2.032,16193.52
1778306400,2026-05-09 06:00:00,2.013,2.039,2.035,2.022,33057.84
1778310000,2026-05-09 07:00:00,2,2.025,2.023,2.007,27626.8
1778313600,2026-05-09 08:00:00,2.007,2.015,2.007,2.012,34326.48
1778317200,2026-05-09 09:00:00,1.988,2.011,2.01,1.994,27693.16
1778320800,2026-05-09 10:00:00,1.989,2.001,1.993,2.001,24151.61
1778324400,2026-05-09 11:00:00,2,2.013,2.001,2.007,24396.49
1778328000,2026-05-09 12:00:00,2.001,2.02,2.009,2.004,37730.84
1778331600,2026-05-09 13:00:00,1.999,2.01,2.005,2.007,13534.12
1778335200,2026-05-09 14:00:00,1.994,2.01,2.007,1.995,18172.57
1778338800,2026-05-09 15:00:00,1.98,1.998,1.998,1.986,52209.1
1778342400,2026-05-09 16:00:00,1.976,1.998,1.986,1.992,33936.93
1778346000,2026-05-09 17:00:00,1.994,2.011,1.995,2.005,20939.78
1778349600,2026-05-09 18:00:00,2.001,2.013,2.005,2.005,18585.32
1778353200,2026-05-09 19:00:00,1.999,2.009,2.005,2.009,8158.83
1778356800,2026-05-09 20:00:00,2.001,2.007,2.007,2.003,5315.12
1778360400,2026-05-09 21:00:00,2,2.013,2.002,2.01,23542.86
1778364000,2026-05-09 22:00:00,2.006,2.018,2.009,2.012,16870.73
1778367600,2026-05-09 23:00:00,1.997,2.015,2.014,2.004,19441.02
1778371200,2026-05-10 00:00:00,1.991,2.011,2.001,1.996,12546.94
1778374800,2026-05-10 01:00:00,1.977,1.996,1.995,1.977,40708.23
1778378400,2026-05-10 02:00:00,1.979,1.996,1.979,1.988,48570.03
1778382000,2026-05-10 03:00:00,1.988,2.003,1.989,2,20434.99
1778385600,2026-05-10 04:00:00,1.992,2.001,1.998,1.995,16326.12
1778389200,2026-05-10 05:00:00,1.995,2.008,1.995,1.998,8397.97
1778392800,2026-05-10 06:00:00,1.99,2.006,1.999,2.003,17157.57
1778396400,2026-05-10 07:00:00,1.996,2.021,2.003,2.013,13326.5
1778400000,2026-05-10 08:00:00,2.018,2.033,2.021,2.031,11302.85
1778403600,2026-05-10 09:00:00,2.015,2.032,2.032,2.019,27518.93
1778407200,2026-05-10 10:00:00,2.008,2.025,2.019,2.021,25980.71
1778410800,2026-05-10 11:00:00,2.007,2.023,2.021,2.01,11561.92
1778414400,2026-05-10 12:00:00,2,2.01,2.01,2.01,6847.08
1778418000,2026-05-10 13:00:00,2.006,2.024,2.008,2.024,22991.18
1778421600,2026-05-10 14:00:00,2.005,2.025,2.025,2.015,40377.78
1778425200,2026-05-10 15:00:00,2.014,2.038,2.015,2.036,44704.95
1778428800,2026-05-10 16:00:00,2.031,2.054,2.035,2.048,79551.62
1778432400,2026-05-10 17:00:00,2.046,2.068,2.05,2.06,38555.1
1778436000,2026-05-10 18:00:00,2.061,2.077,2.061,2.075,49502.73
1778439600,2026-05-10 19:00:00,2.061,2.08,2.075,2.067,45291.93
1778443200,2026-05-10 20:00:00,1.959,2.069,2.065,1.987,112394.96
1778446800,2026-05-10 21:00:00,1.975,2.005,1.988,1.992,51508.59
1778450400,2026-05-10 22:00:00,1.991,2.028,1.991,2.024,32247.37
1778454000,2026-05-10 23:00:00,2.012,2.024,2.021,2.014,40618.22
1778457600,2026-05-11 00:00:00,1.985,2.019,2.014,1.994,63687.85
1778461200,2026-05-11 01:00:00,1.984,2.007,1.994,1.996,21745.44
1778464800,2026-05-11 02:00:00,1.962,1.996,1.996,1.972,47158.28
1778468400,2026-05-11 03:00:00,1.938,1.974,1.974,1.958,49697.55
1778472000,2026-05-11 04:00:00,1.948,1.969,1.956,1.966,11275.72
1778475600,2026-05-11 05:00:00,1.967,1.981,1.967,1.977,8120.01
1778479200,2026-05-11 06:00:00,1.977,1.99,1.979,1.981,20940.29
1778482800,2026-05-11 07:00:00,1.971,1.98,1.979,1.979,18321.18
1778486400,2026-05-11 08:00:00,1.969,1.986,1.98,1.984,5147.1
1778490000,2026-05-11 09:00:00,1.983,1.998,1.986,1.995,36098.94
1778493600,2026-05-11 10:00:00,1.986,2.007,1.994,1.986,24362.73
1778497200,2026-05-11 11:00:00,1.98,1.994,1.988,1.99,21687.83
1778500800,2026-05-11 12:00:00,1.981,2,1.989,1.985,16683.59
1778504400,2026-05-11 13:00:00,1.958,1.992,1.988,1.97,21758.1
1778508000,2026-05-11 14:00:00,1.952,1.982,1.969,1.967,27874.21
1778511600,2026-05-11 15:00:00,1.958,1.976,1.967,1.96,19529.56
1778515200,2026-05-11 16:00:00,1.956,1.969,1.961,1.964,90150.75
1778518800,2026-05-11 17:00:00,1.952,1.982,1.955,1.977,58489.44
1778522400,2026-05-11 18:00:00,1.972,1.986,1.976,1.972,38755.42
1778526000,2026-05-11 19:00:00,1.971,1.988,1.974,1.983,37571.92
1778529600,2026-05-11 20:00:00,1.971,1.99,1.984,1.973,40836.06
1778533200,2026-05-11 21:00:00,1.967,1.976,1.972,1.967,21782.24
1778536800,2026-05-11 22:00:00,1.962,1.974,1.966,1.962,15213.24
1778540400,2026-05-11 23:00:00,1.956,1.964,1.961,1.958,11871.55
1778544000,2026-05-12 00:00:00,1.938,1.957,1.957,1.943,81225.7
1778547600,2026-05-12 01:00:00,1.906,1.949,1.945,1.914,123233.62
1778551200,2026-05-12 02:00:00,1.911,1.925,1.914,1.921,19116.47
1778554800,2026-05-12 03:00:00,1.906,1.921,1.92,1.909,20845.32
1778558400,2026-05-12 04:00:00,1.9,1.911,1.908,1.911,21329.07
1778562000,2026-05-12 05:00:00,1.91,1.925,1.912,1.921,21149.02
1778565600,2026-05-12 06:00:00,1.906,1.922,1.921,1.906,14453.06
1778569200,2026-05-12 07:00:00,1.896,1.944,1.907,1.938,54564.94
1778572800,2026-05-12 08:00:00,1.92,1.939,1.937,1.926,15959.31
1778576400,2026-05-12 09:00:00,1.918,1.933,1.924,1.925,7754.71
1778580000,2026-05-12 10:00:00,1.909,1.925,1.925,1.914,12738.76
1778583600,2026-05-12 11:00:00,1.899,1.914,1.914,1.903,21190.21
1778587200,2026-05-12 12:00:00,1.885,1.909,1.905,1.903,35445.86
1778590800,2026-05-12 13:00:00,1.889,1.908,1.903,1.889,14154.38
1778594400,2026-05-12 14:00:00,1.865,1.9,1.889,1.876,73361.76
1778598000,2026-05-12 15:00:00,1.863,1.883,1.877,1.864,42559.07
1778601600,2026-05-12 16:00:00,1.849,1.869,1.864,1.861,115894.78
1778605200,2026-05-12 17:00:00,1.859,1.886,1.859,1.88,39403.8
1778608800,2026-05-12 18:00:00,1.876,1.896,1.88,1.889,37094.93
1778612400,2026-05-12 19:00:00,1.889,1.905,1.891,1.891,14619.29
1778616000,2026-05-12 20:00:00,1.891,1.909,1.891,1.908,10774.36
1778619600,2026-05-12 21:00:00,1.901,1.911,1.909,1.909,9993.65
1778623200,2026-05-12 22:00:00,1.907,1.913,1.91,1.91,23240.32
1778626800,2026-05-12 23:00:00,1.903,1.914,1.911,1.903,13883.11
1778630400,2026-05-13 00:00:00,1.897,1.919,1.903,1.914,30952.85
1778634000,2026-05-13 01:00:00,1.914,1.938,1.916,1.937,19026.92
1778637600,2026-05-13 02:00:00,1.931,1.944,1.931,1.932,18833.67
1778641200,2026-05-13 03:00:00,1.93,1.942,1.934,1.937,16696.18
1778644800,2026-05-13 04:00:00,1.933,1.939,1.936,1.937,14169.65
1778648400,2026-05-13 05:00:00,1.928,1.942,1.936,1.939,30925.21
1778652000,2026-05-13 06:00:00,1.932,1.947,1.94,1.932,11130.6
1778655600,2026-05-13 07:00:00,1.923,1.935,1.933,1.929,20673.24
1778659200,2026-05-13 08:00:00,1.924,1.937,1.929,1.937,32741.4
1778662800,2026-05-13 09:00:00,1.937,1.955,1.937,1.955,36720.08
1778666400,2026-05-13 10:00:00,1.928,1.955,1.954,1.93,30125
1778670000,2026-05-13 11:00:00,1.912,1.931,1.93,1.915,32505.23
1778673600,2026-05-13 12:00:00,1.874,1.915,1.914,1.884,70895.43
1778677200,2026-05-13 13:00:00,1.874,1.92,1.886,1.878,223251.14
1778680800,2026-05-13 14:00:00,1.873,1.904,1.878,1.891,53290.65
1778684400,2026-05-13 15:00:00,1.827,1.895,1.892,1.83,125126.8
1778688000,2026-05-13 16:00:00,1.823,1.852,1.831,1.835,52609.96
1778691600,2026-05-13 17:00:00,1.837,1.87,1.837,1.854,124968.53
1778695200,2026-05-13 18:00:00,1.854,1.865,1.855,1.862,33806.62
1778698800,2026-05-13 19:00:00,1.847,1.864,1.862,1.857,17927.82
1778702400,2026-05-13 20:00:00,1.855,1.871,1.855,1.87,17039.21
1778706000,2026-05-13 21:00:00,1.857,1.87,1.87,1.862,16458.79
1778709600,2026-05-13 22:00:00,1.851,1.869,1.86,1.869,11963.05
1778713200,2026-05-13 23:00:00,1.865,1.876,1.867,1.871,22606.91
1778716800,2026-05-14 00:00:00,1.865,1.883,1.869,1.88,26070.51
1778720400,2026-05-14 01:00:00,1.874,1.887,1.882,1.881,13111.26
1778724000,2026-05-14 02:00:00,1.863,1.883,1.879,1.863,11946.59
1778727600,2026-05-14 03:00:00,1.833,1.863,1.862,1.834,13706.54
1778731200,2026-05-14 04:00:00,1.834,1.859,1.834,1.859,29713.16
1778734800,2026-05-14 05:00:00,1.855,1.875,1.86,1.868,14109.76
1778738400,2026-05-14 06:00:00,1.866,1.877,1.867,1.866,14816.86
1778742000,2026-05-14 07:00:00,1.86,1.867,1.866,1.865,29816.46
1778745600,2026-05-14 08:00:00,1.858,1.877,1.865,1.87,21818.79
1778749200,2026-05-14 09:00:00,1.857,1.871,1.867,1.862,17482.22
1778752800,2026-05-14 10:00:00,1.857,1.87,1.86,1.87,4225.99
1778756400,2026-05-14 11:00:00,1.854,1.873,1.869,1.856,44495.66
1778760000,2026-05-14 12:00:00,1.861,1.89,1.861,1.883,31317.64
1778763600,2026-05-14 13:00:00,1.868,1.895,1.882,1.869,46486.21
1778767200,2026-05-14 14:00:00,1.866,1.917,1.867,1.91,54539.47
1778770800,2026-05-14 15:00:00,1.909,1.944,1.909,1.938,78515.75
1778774400,2026-05-14 16:00:00,1.925,1.948,1.94,1.941,66238.22
1778778000,2026-05-14 17:00:00,1.918,1.947,1.942,1.928,22619.61
1778781600,2026-05-14 18:00:00,1.918,1.943,1.921,1.934,29102.49
1778785200,2026-05-14 19:00:00,1.915,1.939,1.934,1.919,24786.24
1778788800,2026-05-14 20:00:00,1.903,1.921,1.92,1.917,30182.94
1778792400,2026-05-14 21:00:00,1.906,1.916,1.913,1.911,9593.84
1778796000,2026-05-14 22:00:00,1.901,1.919,1.911,1.903,58459.64
1778799600,2026-05-14 23:00:00,1.896,1.908,1.903,1.899,37258.43
1778803200,2026-05-15 00:00:00,1.9,1.927,1.9,1.927,31974.06
1778806800,2026-05-15 01:00:00,1.908,1.933,1.928,1.909,22549.76
1778810400,2026-05-15 02:00:00,1.899,1.925,1.908,1.917,51548.01
1778814000,2026-05-15 03:00:00,1.909,1.919,1.918,1.912,8771.52
1778817600,2026-05-15 04:00:00,1.89,1.912,1.911,1.89,8861.82
1778821200,2026-05-15 05:00:00,1.864,1.894,1.89,1.867,39035.47
1778824800,2026-05-15 06:00:00,1.861,1.884,1.865,1.884,39395.76
1778828400,2026-05-15 07:00:00,1.882,1.901,1.882,1.888,16315.27
1778832000,2026-05-15 08:00:00,1.87,1.888,1.888,1.879,16947.34
1778835600,2026-05-15 09:00:00,1.871,1.882,1.878,1.882,12057.68
1778839200,2026-05-15 10:00:00,1.88,1.901,1.881,1.898,4643.14
1778842800,2026-05-15 11:00:00,1.893,1.907,1.897,1.9,32194.22
1778846400,2026-05-15 12:00:00,1.891,1.902,1.901,1.894,16461.92
1778850000,2026-05-15 13:00:00,1.801,1.889,1.889,1.803,228147.66
1778853600,2026-05-15 14:00:00,1.792,1.832,1.801,1.815,156093.88
1778857200,2026-05-15 15:00:00,1.809,1.834,1.819,1.832,89410.42
1778860800,2026-05-15 16:00:00,1.828,1.849,1.832,1.843,13091.47
1778864400,2026-05-15 17:00:00,1.844,1.863,1.844,1.859,53179.06
1778868000,2026-05-15 18:00:00,1.848,1.864,1.858,1.854,41730.09
1778871600,2026-05-15 19:00:00,1.839,1.854,1.852,1.841,26587.32
1778875200,2026-05-15 20:00:00,1.835,1.845,1.843,1.841,8467.29
1778878800,2026-05-15 21:00:00,1.834,1.9,1.84,1.863,132541.9
1778882400,2026-05-15 22:00:00,1.862,1.877,1.863,1.866,24813.32
1778886000,2026-05-15 23:00:00,1.868,1.883,1.868,1.879,24412.03
1778889600,2026-05-16 00:00:00,1.877,1.9,1.878,1.895,32300.44
1778893200,2026-05-16 01:00:00,1.889,1.907,1.895,1.899,25697.95
1778896800,2026-05-16 02:00:00,1.9,1.916,1.9,1.916,27841.24
1778900400,2026-05-16 03:00:00,1.894,1.922,1.915,1.894,47899.14
1778904000,2026-05-16 04:00:00,1.858,1.894,1.893,1.865,15933.81
1778907600,2026-05-16 05:00:00,1.86,1.872,1.864,1.866,26286.24
1778911200,2026-05-16 06:00:00,1.828,1.87,1.868,1.831,31993.22
1778914800,2026-05-16 07:00:00,1.78,1.828,1.827,1.802,105288.84
1778918400,2026-05-16 08:00:00,1.802,1.813,1.802,1.808,29556.25
1778922000,2026-05-16 09:00:00,1.777,1.811,1.808,1.799,60017.72
1778925600,2026-05-16 10:00:00,1.786,1.805,1.797,1.805,33942.49
1778929200,2026-05-16 11:00:00,1.805,1.827,1.805,1.819,19135.41
1778932800,2026-05-16 12:00:00,1.806,1.826,1.821,1.824,15425.91
1778936400,2026-05-16 13:00:00,1.814,1.826,1.825,1.826,16460.88
1778940000,2026-05-16 14:00:00,1.821,1.843,1.826,1.838,35499.03
1778943600,2026-05-16 15:00:00,1.832,1.845,1.839,1.845,24698.42
1778947200,2026-05-16 16:00:00,1.835,1.856,1.845,1.845,14817.37
1778950800,2026-05-16 17:00:00,1.841,1.85,1.846,1.844,13637.65
1778954400,2026-05-16 18:00:00,1.834,1.843,1.843,1.838,20864.28
1778958000,2026-05-16 19:00:00,1.837,1.846,1.838,1.842,8616.5
1778961600,2026-05-16 20:00:00,1.835,1.845,1.843,1.839,18638.43
1778965200,2026-05-16 21:00:00,1.828,1.84,1.84,1.83,8923.86
1778968800,2026-05-16 22:00:00,1.825,1.833,1.83,1.827,12289.6
1778972400,2026-05-16 23:00:00,1.826,1.834,1.827,1.827,11962.63
1778976000,2026-05-17 00:00:00,1.808,1.832,1.825,1.814,40533.57
1778979600,2026-05-17 01:00:00,1.8,1.816,1.813,1.802,30082.66
1778983200,2026-05-17 02:00:00,1.803,1.811,1.803,1.806,7211.08
1778986800,2026-05-17 03:00:00,1.807,1.822,1.807,1.819,5506.95
1778990400,2026-05-17 04:00:00,1.818,1.847,1.818,1.842,75929.72
1778994000,2026-05-17 05:00:00,1.836,1.853,1.842,1.837,20327.74
1778997600,2026-05-17 06:00:00,1.828,1.836,1.835,1.834,3628.73
1779001200,2026-05-17 07:00:00,1.831,1.845,1.832,1.842,9221.94
1779004800,2026-05-17 08:00:00,1.835,1.843,1.841,1.835,3924
1779008400,2026-05-17 09:00:00,1.835,1.847,1.835,1.847,6486.44
1779012000,2026-05-17 10:00:00,1.843,1.848,1.844,1.844,10958.33
1779015600,2026-05-17 11:00:00,1.837,1.844,1.843,1.839,9598.76
1779019200,2026-05-17 12:00:00,1.838,1.847,1.84,1.838,11684.33
1779022800,2026-05-17 13:00:00,1.827,1.842,1.838,1.838,26251.4
1779026400,2026-05-17 14:00:00,1.819,1.835,1.835,1.827,47690.92
1779030000,2026-05-17 15:00:00,1.818,1.832,1.828,1.83,39028.79
1779033600,2026-05-17 16:00:00,1.82,1.831,1.831,1.82,9520.36
1779037200,2026-05-17 17:00:00,1.811,1.824,1.819,1.822,10360.74
1779040800,2026-05-17 18:00:00,1.814,1.831,1.825,1.831,10012.25
1779044400,2026-05-17 19:00:00,1.827,1.839,1.831,1.838,5444.67
1779048000,2026-05-17 20:00:00,1.833,1.839,1.838,1.835,5356.4
1779051600,2026-05-17 21:00:00,1.832,1.846,1.835,1.845,10161.19
1779055200,2026-05-17 22:00:00,1.815,1.843,1.843,1.816,20221.78
1779058800,2026-05-17 23:00:00,1.738,1.817,1.815,1.792,296685.41
1779062400,2026-05-18 00:00:00,1.768,1.793,1.793,1.79,29334.67
1779066000,2026-05-18 01:00:00,1.768,1.791,1.791,1.783,62407.05
1779069600,2026-05-18 02:00:00,1.775,1.792,1.783,1.78,27529.06
1779073200,2026-05-18 03:00:00,1.769,1.788,1.781,1.775,27122.83
1779076800,2026-05-18 04:00:00,1.771,1.791,1.774,1.791,9465
1779080400,2026-05-18 05:00:00,1.773,1.795,1.791,1.776,9914.79
1779084000,2026-05-18 06:00:00,1.76,1.777,1.777,1.772,32890.35
1779087600,2026-05-18 07:00:00,1.75,1.774,1.773,1.754,78987.9
1779091200,2026-05-18 08:00:00,1.75,1.76,1.757,1.759,18638.49
1779094800,2026-05-18 09:00:00,1.747,1.759,1.759,1.747,15454.16
1779098400,2026-05-18 10:00:00,1.74,1.75,1.748,1.742,66927.11
1779102000,2026-05-18 11:00:00,1.74,1.774,1.74,1.765,24072.54
1779105600,2026-05-18 12:00:00,1.765,1.784,1.766,1.78,38493.97
1779109200,2026-05-18 13:00:00,1.761,1.787,1.779,1.772,23264.96
1779112800,2026-05-18 14:00:00,1.736,1.771,1.77,1.741,78151.09
1779116400,2026-05-18 15:00:00,1.731,1.761,1.74,1.757,44153.39
1779120000,2026-05-18 16:00:00,1.753,1.772,1.756,1.769,18248.16
1779123600,2026-05-18 17:00:00,1.767,1.775,1.767,1.771,8315.36
1779127200,2026-05-18 18:00:00,1.743,1.769,1.769,1.745,18950.19
1779130800,2026-05-18 19:00:00,1.746,1.79,1.746,1.786,48074.4
1779134400,2026-05-18 20:00:00,1.78,1.794,1.787,1.784,19703.54
1779138000,2026-05-18 21:00:00,1.782,1.812,1.784,1.812,37037.54
1779141600,2026-05-18 22:00:00,1.809,1.82,1.813,1.815,17324.1
1779145200,2026-05-18 23:00:00,1.808,1.824,1.816,1.821,78111.24
1779148800,2026-05-19 00:00:00,1.822,1.848,1.822,1.841,71383.14
1779152400,2026-05-19 01:00:00,1.815,1.841,1.841,1.815,42391.93
1779156000,2026-05-19 02:00:00,1.809,1.831,1.814,1.812,16481.57
1779159600,2026-05-19 03:00:00,1.813,1.825,1.813,1.821,7255.95
1779163200,2026-05-19 04:00:00,1.818,1.837,1.82,1.83,22338.03
1779166800,2026-05-19 05:00:00,1.812,1.831,1.829,1.822,16539.8
1779170400,2026-05-19 06:00:00,1.82,1.832,1.82,1.831,30534.28
1779174000,2026-05-19 07:00:00,1.826,1.844,1.831,1.844,41756.04
1779177600,2026-05-19 08:00:00,1.823,1.845,1.845,1.829,30306.64
1779181200,2026-05-19 09:00:00,1.8,1.83,1.829,1.812,33661
1779184800,2026-05-19 10:00:00,1.798,1.816,1.81,1.809,29523.5
1779188400,2026-05-19 11:00:00,1.794,1.81,1.808,1.794,33378.1
1779192000,2026-05-19 12:00:00,1.79,1.801,1.792,1.8,12123.6
1779195600,2026-05-19 13:00:00,1.794,1.825,1.802,1.818,36043.74
1779199200,2026-05-19 14:00:00,1.78,1.821,1.817,1.791,52239.69
1779202800,2026-05-19 15:00:00,1.789,1.808,1.791,1.808,23529.38
1779206400,2026-05-19 16:00:00,1.799,1.855,1.809,1.855,78068.19
1779210000,2026-05-19 17:00:00,1.835,1.858,1.855,1.848,69786.5
1779213600,2026-05-19 18:00:00,1.828,1.851,1.847,1.83,99294.11
1779217200,2026-05-19 19:00:00,1.824,1.835,1.83,1.826,20520.38
1779220800,2026-05-19 20:00:00,1.82,1.841,1.825,1.839,34574.35
1779224400,2026-05-19 21:00:00,1.824,1.844,1.838,1.824,90189.76
1779228000,2026-05-19 22:00:00,1.808,1.823,1.822,1.809,27159.12
1779231600,2026-05-19 23:00:00,1.808,1.824,1.808,1.818,24647.69
1779235200,2026-05-20 00:00:00,1.8,1.821,1.817,1.809,12125.79
1779238800,2026-05-20 01:00:00,1.803,1.823,1.81,1.823,13500.09
1779242400,2026-05-20 02:00:00,1.812,1.83,1.823,1.812,18043.82
1779246000,2026-05-20 03:00:00,1.809,1.83,1.811,1.827,16928.49
1779249600,2026-05-20 04:00:00,1.821,1.839,1.828,1.839,6496.33
1779253200,2026-05-20 05:00:00,1.834,1.853,1.838,1.845,29808.07
1779256800,2026-05-20 06:00:00,1.843,1.857,1.844,1.85,10846.63
1779260400,2026-05-20 07:00:00,1.847,1.858,1.85,1.853,25744.59
1779264000,2026-05-20 08:00:00,1.854,1.878,1.854,1.872,36695.95
1779267600,2026-05-20 09:00:00,1.86,1.877,1.874,1.862,16451.52
1779271200,2026-05-20 10:00:00,1.862,1.876,1.862,1.869,38857.71
1779274800,2026-05-20 11:00:00,1.862,1.877,1.872,1.865,30759.99
1779278400,2026-05-20 12:00:00,1.866,1.887,1.866,1.883,31317.79
1779282000,2026-05-20 13:00:00,1.853,1.885,1.884,1.875,46181.01
1779285600,2026-05-20 14:00:00,1.875,1.912,1.876,1.905,89187.89
1779289200,2026-05-20 15:00:00,1.893,1.931,1.904,1.927,108279.41
1779292800,2026-05-20 16:00:00,1.923,1.95,1.927,1.93,101968.51
1779296400,2026-05-20 17:00:00,1.919,1.936,1.932,1.919,50385.99
1779300000,2026-05-20 18:00:00,1.91,1.925,1.922,1.914,42629.57
1779303600,2026-05-20 19:00:00,1.907,1.928,1.913,1.924,45311.9
1779307200,2026-05-20 20:00:00,1.916,1.929,1.925,1.918,31207.96
1779310800,2026-05-20 21:00:00,1.902,1.923,1.92,1.902,61140.24
1779314400,2026-05-20 22:00:00,1.881,1.903,1.899,1.9,51474.3
1779318000,2026-05-20 23:00:00,1.892,1.908,1.9,1.905,21834.75
1779321600,2026-05-21 00:00:00,1.902,1.918,1.905,1.911,43220.42
1779325200,2026-05-21 01:00:00,1.907,1.92,1.911,1.917,46080.19
1779328800,2026-05-21 02:00:00,1.912,1.926,1.914,1.919,25096.32
1779332400,2026-05-21 03:00:00,1.921,1.944,1.922,1.943,39398.35
1779336000,2026-05-21 04:00:00,1.927,1.952,1.943,1.945,71264.87
1779339600,2026-05-21 05:00:00,1.916,1.945,1.943,1.926,42549.72
1779343200,2026-05-21 06:00:00,1.917,1.933,1.925,1.921,18894.05
1779346800,2026-05-21 07:00:00,1.917,1.95,1.919,1.945,38323.06
1779350400,2026-05-21 08:00:00,1.943,1.963,1.945,1.956,35498.48
1779354000,2026-05-21 09:00:00,1.924,1.958,1.956,1.926,39382.81
1779357600,2026-05-21 10:00:00,1.895,1.929,1.928,1.895,52276.65
1779361200,2026-05-21 11:00:00,1.891,1.907,1.895,1.901,28586.89
1779364800,2026-05-21 12:00:00,1.893,1.906,1.901,1.895,53870
1779368400,2026-05-21 13:00:00,1.887,1.913,1.898,1.908,26726.04
1779372000,2026-05-21 14:00:00,1.888,1.906,1.906,1.896,16580.39
1779375600,2026-05-21 15:00:00,1.895,1.928,1.899,1.919,33261.81
1779379200,2026-05-21 16:00:00,1.895,1.923,1.92,1.905,22153.09
1779382800,2026-05-21 17:00:00,1.902,1.942,1.905,1.936,84586.01
1779386400,2026-05-21 18:00:00,1.914,1.948,1.936,1.928,40799.32
1779390000,2026-05-21 19:00:00,1.926,1.945,1.927,1.941,30340.26
1779393600,2026-05-21 20:00:00,1.935,1.95,1.941,1.942,72647.02
1779397200,2026-05-21 21:00:00,1.934,1.951,1.944,1.934,30915.58
1779400800,2026-05-21 22:00:00,1.932,1.948,1.934,1.935,37392.57
1779404400,2026-05-21 23:00:00,1.929,1.939,1.936,1.934,10488.11
1779408000,2026-05-22 00:00:00,1.922,1.938,1.933,1.926,27478.29
1779411600,2026-05-22 01:00:00,1.921,1.934,1.925,1.929,14256.55
1779415200,2026-05-22 02:00:00,1.93,1.956,1.93,1.951,21166.94
1779418800,2026-05-22 03:00:00,1.947,1.975,1.952,1.975,68338.66
1779422400,2026-05-22 04:00:00,1.974,2.008,1.974,2.008,120947.62
1779426000,2026-05-22 05:00:00,1.981,2.021,2.009,1.995,107688.31
1779429600,2026-05-22 06:00:00,1.983,2.004,1.996,1.99,138016.36
1779433200,2026-05-22 07:00:00,1.961,2.022,1.989,2.002,101222.15
1779436800,2026-05-22 08:00:00,1.988,2.024,2.004,2.007,83772.18
1779440400,2026-05-22 09:00:00,2.007,2.024,2.009,2.011,52201.6
1779444000,2026-05-22 10:00:00,1.989,2.029,2.01,2.019,67902.55
1779447600,2026-05-22 11:00:00,2.009,2.027,2.019,2.021,56419.22
1779451200,2026-05-22 12:00:00,2.02,2.095,2.021,2.092,215598.24
1779454800,2026-05-22 13:00:00,2.028,2.1,2.093,2.032,339588.53
1779458400,2026-05-22 14:00:00,1.988,2.034,2.032,1.996,270970.55
1779462000,2026-05-22 15:00:00,1.988,2.039,1.994,1.995,252903.3
1779465600,2026-05-22 16:00:00,1.969,2.004,2.001,1.979,63317.16
1779469200,2026-05-22 17:00:00,1.963,1.99,1.979,1.97,35263.18
1779472800,2026-05-22 18:00:00,1.9,1.978,1.968,1.928,176951.32
1779476400,2026-05-22 19:00:00,1.872,1.929,1.928,1.882,226269.42
1779480000,2026-05-22 20:00:00,1.87,1.898,1.882,1.893,76473.53
1779483600,2026-05-22 21:00:00,1.89,1.899,1.894,1.893,17666.3
1779487200,2026-05-22 22:00:00,1.869,1.893,1.891,1.877,28557.92
1779490800,2026-05-22 23:00:00,1.834,1.879,1.879,1.848,69312.84
1779494400,2026-05-23 00:00:00,1.829,1.85,1.848,1.844,52118.07
1779498000,2026-05-23 01:00:00,1.84,1.855,1.845,1.853,40213.61
1779501600,2026-05-23 02:00:00,1.851,1.863,1.852,1.858,15954.55
1779505200,2026-05-23 03:00:00,1.855,1.872,1.857,1.862,19148.32
1779508800,2026-05-23 04:00:00,1.852,1.865,1.861,1.853,14529.47
1779512400,2026-05-23 05:00:00,1.838,1.853,1.852,1.841,38179.12
1779516000,2026-05-23 06:00:00,1.825,1.844,1.84,1.829,25741.29
1779519600,2026-05-23 07:00:00,1.765,1.832,1.83,1.781,104088.94
1779523200,2026-05-23 08:00:00,1.768,1.794,1.78,1.794,45152.39
1779526800,2026-05-23 09:00:00,1.786,1.806,1.793,1.806,52221.2
1779530400,2026-05-23 10:00:00,1.805,1.817,1.806,1.808,25224.42
1779534000,2026-05-23 11:00:00,1.798,1.81,1.808,1.798,25339.91
1779537600,2026-05-23 12:00:00,1.79,1.812,1.799,1.812,15600.48
1779541200,2026-05-23 13:00:00,1.813,1.849,1.813,1.833,109970.54
1779544800,2026-05-23 14:00:00,1.829,1.865,1.833,1.865,54224.97
1779548400,2026-05-23 15:00:00,1.864,1.896,1.865,1.878,98858.53
1779552000,2026-05-23 16:00:00,1.864,1.891,1.877,1.889,40587.19
1779555600,2026-05-23 17:00:00,1.882,1.92,1.89,1.89,73403.74
1779559200,2026-05-23 18:00:00,1.89,1.947,1.892,1.923,77021.2
1779562800,2026-05-23 19:00:00,1.915,1.932,1.922,1.927,24686.41
1779566400,2026-05-23 20:00:00,1.92,1.988,1.926,1.969,215605.77
1779570000,2026-05-23 21:00:00,1.93,1.971,1.97,1.941,120127.01
1779573600,2026-05-23 22:00:00,1.908,1.951,1.942,1.925,88326.99
1779577200,2026-05-23 23:00:00,1.922,1.941,1.924,1.941,42295.78
1779580800,2026-05-24 00:00:00,1.94,1.987,1.94,1.986,79992.72
1779584400,2026-05-24 01:00:00,1.984,2.02,1.985,2.008,83121.85
1779588000,2026-05-24 02:00:00,1.966,2.01,2.008,1.986,73324.27
1779591600,2026-05-24 03:00:00,1.964,1.998,1.986,1.966,96693.36
1779595200,2026-05-24 04:00:00,1.96,1.979,1.969,1.972,29091.97
1779598800,2026-05-24 05:00:00,1.942,1.973,1.973,1.947,20886.41
1779602400,2026-05-24 06:00:00,1.943,1.989,1.948,1.981,26343.18
1779606000,2026-05-24 07:00:00,1.962,1.988,1.983,1.964,30656.42
1779609600,2026-05-24 08:00:00,1.954,1.986,1.963,1.975,43627.89
1779613200,2026-05-24 09:00:00,1.968,1.983,1.974,1.976,16471.88
1779616800,2026-05-24 10:00:00,1.961,1.985,1.975,1.978,22932.95
1779620400,2026-05-24 11:00:00,1.966,1.986,1.978,1.972,43472.98
1779624000,2026-05-24 12:00:00,1.946,1.973,1.973,1.961,49949.19
1779627600,2026-05-24 13:00:00,1.94,1.974,1.961,1.951,60365.45
1779631200,2026-05-24 14:00:00,1.901,1.956,1.952,1.952,61258.98
1779634800,2026-05-24 15:00:00,1.947,1.98,1.951,1.976,49115.63
1779638400,2026-05-24 16:00:00,1.958,1.981,1.975,1.975,36768.29
1779642000,2026-05-24 17:00:00,1.968,1.993,1.975,1.99,113643.79
1779645600,2026-05-24 18:00:00,1.974,2.005,1.99,1.982,82436.35
1779649200,2026-05-24 19:00:00,1.97,1.989,1.983,1.985,61231.25
1779652800,2026-05-24 20:00:00,1.971,1.989,1.983,1.976,36379.46
1779656400,2026-05-24 21:00:00,1.927,1.981,1.976,1.946,75410.44
1779660000,2026-05-24 22:00:00,1.946,2.012,1.946,2.002,104411.31
1779663600,2026-05-24 23:00:00,1.998,2.028,2.003,2.018,97935.93
1779667200,2026-05-25 00:00:00,1.98,2.026,2.018,1.983,52991.86
1779670800,2026-05-25 01:00:00,1.978,2.002,1.985,1.98,30563.06
1779674400,2026-05-25 02:00:00,1.978,2,1.98,1.981,22763.87
1779678000,2026-05-25 03:00:00,1.972,1.985,1.98,1.977,13207.73
1779681600,2026-05-25 04:00:00,1.974,2.001,1.977,1.997,38159.63
1779685200,2026-05-25 05:00:00,1.995,2.025,1.996,2.012,68639.35
1779688800,2026-05-25 06:00:00,1.995,2.022,2.013,2.02,49047.01
1779692400,2026-05-25 07:00:00,1.997,2.021,2.021,2,28303.97
1779696000,2026-05-25 08:00:00,1.994,2.003,2.001,2,18180.51
1779699600,2026-05-25 09:00:00,1.993,2.021,1.999,2.019,21672.98
1779703200,2026-05-25 10:00:00,2.017,2.107,2.02,2.103,228090.78
1779706800,2026-05-25 11:00:00,2.027,2.107,2.103,2.041,207506.24
1779710400,2026-05-25 12:00:00,2.028,2.077,2.041,2.075,171232.24
1779714000,2026-05-25 13:00:00,2.071,2.149,2.074,2.125,447003.01
1779717600,2026-05-25 14:00:00,2.125,2.207,2.125,2.181,544744.19
1779721200,2026-05-25 15:00:00,2.173,2.22,2.179,2.202,381432.63
1779724800,2026-05-25 16:00:00,2.176,2.294,2.2,2.247,427119.71
1779728400,2026-05-25 17:00:00,2.178,2.247,2.247,2.189,223495.22
1779732000,2026-05-25 18:00:00,2.184,2.242,2.19,2.198,193772.1
1779735600,2026-05-25 19:00:00,2.172,2.219,2.196,2.185,127001.28
1779739200,2026-05-25 20:00:00,2.157,2.218,2.184,2.168,157232.18
1779742800,2026-05-25 21:00:00,2.166,2.19,2.168,2.19,53038.09
1779746400,2026-05-25 22:00:00,2.147,2.189,2.188,2.15,102669.69
1779750000,2026-05-25 23:00:00,2.153,2.197,2.153,2.182,115165.39
1779753600,2026-05-26 00:00:00,2.138,2.186,2.183,2.182,140213.49
1779757200,2026-05-26 01:00:00,2.152,2.192,2.177,2.171,142023.12
1779760800,2026-05-26 02:00:00,2.147,2.188,2.173,2.183,69591.68
1779764400,2026-05-26 03:00:00,2.174,2.24,2.18,2.222,295872.48
1779768000,2026-05-26 04:00:00,2.21,2.276,2.223,2.268,159022.15
1779771600,2026-05-26 05:00:00,2.256,2.321,2.267,2.3,206898.8
1779775200,2026-05-26 06:00:00,2.262,2.341,2.3,2.301,239558.33
1779778800,2026-05-26 07:00:00,2.262,2.373,2.3,2.36,440391.13
1779782400,2026-05-26 08:00:00,2.338,2.401,2.36,2.358,271214.11
1779786000,2026-05-26 09:00:00,2.304,2.371,2.359,2.335,207232.45
1779789600,2026-05-26 10:00:00,2.326,2.42,2.336,2.402,360495.96
1779793200,2026-05-26 11:00:00,2.33,2.403,2.403,2.33,303741.53
1779796800,2026-05-26 12:00:00,2.314,2.391,2.332,2.377,266627.59
1779800400,2026-05-26 13:00:00,2.332,2.387,2.376,2.365,217764.79
1779804000,2026-05-26 14:00:00,2.349,2.435,2.366,2.387,418042.13
1779807600,2026-05-26 15:00:00,2.336,2.4,2.386,2.382,256756.64
1779811200,2026-05-26 16:00:00,2.347,2.399,2.381,2.395,283880.63
1779814800,2026-05-26 17:00:00,2.314,2.42,2.397,2.327,439158.47
1779818400,2026-05-26 18:00:00,2.271,2.37,2.326,2.293,399155.01
1779822000,2026-05-26 19:00:00,2.257,2.297,2.294,2.281,202109.04
1779825600,2026-05-26 20:00:00,2.281,2.329,2.282,2.319,140761.33
1779829200,2026-05-26 21:00:00,2.287,2.347,2.32,2.292,138573.56
1779832800,2026-05-26 22:00:00,2.278,2.314,2.291,2.289,91123.86
1779836400,2026-05-26 23:00:00,2.284,2.328,2.29,2.288,69354.25
1779840000,2026-05-27 00:00:00,2.286,2.343,2.287,2.334,92306.99
1779843600,2026-05-27 01:00:00,2.316,2.342,2.335,2.322,73469.51
1779847200,2026-05-27 02:00:00,2.273,2.327,2.322,2.314,111029.93
1779850800,2026-05-27 03:00:00,2.289,2.341,2.312,2.316,97195.86
1779854400,2026-05-27 04:00:00,2.226,2.324,2.315,2.262,271563.5
1779858000,2026-05-27 05:00:00,2.213,2.266,2.263,2.245,172114.1
1779861600,2026-05-27 06:00:00,2.233,2.261,2.247,2.253,56057.43
1779865200,2026-05-27 07:00:00,2.168,2.254,2.252,2.193,231418.72
1779868800,2026-05-27 08:00:00,2.194,2.229,2.194,2.218,91691.6
1779872400,2026-05-27 09:00:00,2.183,2.228,2.219,2.183,54938.34
1779876000,2026-05-27 10:00:00,2.176,2.222,2.183,2.222,101675.51
1779879600,2026-05-27 11:00:00,2.221,2.285,2.221,2.268,147003.03
1779883200,2026-05-27 12:00:00,2.25,2.298,2.267,2.276,113535.38
1779886800,2026-05-27 13:00:00,2.21,2.287,2.276,2.236,109725.92
1779890400,2026-05-27 14:00:00,2.205,2.25,2.237,2.225,143039.58
1779894000,2026-05-27 15:00:00,2.218,2.264,2.223,2.238,109522.71
1779897600,2026-05-27 16:00:00,2.188,2.246,2.239,2.209,108633.43
1779901200,2026-05-27 17:00:00,2.148,2.208,2.208,2.168,182152.62
1779904800,2026-05-27 18:00:00,2.151,2.184,2.169,2.181,64885.06
1779908400,2026-05-27 19:00:00,2.177,2.208,2.179,2.196,93247.83
1779912000,2026-05-27 20:00:00,2.172,2.201,2.196,2.19,95916.09
1779915600,2026-05-27 21:00:00,2.106,2.189,2.189,2.118,146230.04
1779919200,2026-05-27 22:00:00,2.11,2.144,2.117,2.117,71026.91
1779922800,2026-05-27 23:00:00,2.109,2.14,2.117,2.118,150606.22
1779926400,2026-05-28 00:00:00,2.092,2.132,2.117,2.102,161056.79
1779930000,2026-05-28 01:00:00,2.071,2.105,2.102,2.085,111942
1779933600,2026-05-28 02:00:00,2.036,2.092,2.085,2.043,188128.06
1779937200,2026-05-28 03:00:00,2.001,2.049,2.042,2.01,221798.85
1779940800,2026-05-28 04:00:00,1.99,2.037,2.01,2.031,206220.72
1779944400,2026-05-28 05:00:00,1.99,2.03,2.029,2.001,134990.46
1779948000,2026-05-28 06:00:00,1.978,2.009,1.999,2.001,107882.02
1779951600,2026-05-28 07:00:00,1.997,2.015,2.002,2.008,61955
1779955200,2026-05-28 08:00:00,1.99,2.012,2.007,1.993,58888.81
1779958800,2026-05-28 09:00:00,1.992,2.014,1.995,2.014,41589.2
1779962400,2026-05-28 10:00:00,1.972,2.019,2.015,1.974,116601.79
1779966000,2026-05-28 11:00:00,1.963,1.984,1.973,1.978,70001.28
1779969600,2026-05-28 12:00:00,1.953,1.989,1.98,1.981,168519.94
1779973200,2026-05-28 13:00:00,1.944,1.988,1.981,1.95,197994.58
1779976800,2026-05-28 14:00:00,1.93,1.973,1.95,1.948,186183.28
1779980400,2026-05-28 15:00:00,1.939,1.98,1.948,1.969,71138.82
1779984000,2026-05-28 16:00:00,1.954,2.001,1.968,1.994,160867.02
1779987600,2026-05-28 17:00:00,1.987,2.013,1.995,1.995,104279.52
1779991200,2026-05-28 18:00:00,1.994,2.039,1.995,2.01,155211.25
1779994800,2026-05-28 19:00:00,1.977,2.01,2.01,1.979,69478.55
1779998400,2026-05-28 20:00:00,1.959,2.006,1.98,1.992,49986.27
1780002000,2026-05-28 21:00:00,1.991,2.028,1.995,2.026,61355.37
1780005600,2026-05-28 22:00:00,1.99,2.028,2.025,1.999,35962.08
1780009200,2026-05-28 23:00:00,1.988,2.004,1.998,1.996,46620.78
1780012800,2026-05-29 00:00:00,1.989,2.062,1.997,2.062,116606.15
1780016400,2026-05-29 01:00:00,2.029,2.082,2.063,2.064,154324.97
1780020000,2026-05-29 02:00:00,2.003,2.066,2.063,2.011,75111.54
1780023600,2026-05-29 03:00:00,1.992,2.029,2.009,1.999,84246.32
1780027200,2026-05-29 04:00:00,1.982,2.008,1.998,2.006,47639.93
1780030800,2026-05-29 05:00:00,1.995,2.034,2.005,2.012,102398.81
1780034400,2026-05-29 06:00:00,2.008,2.055,2.014,2.055,98964.16
1780038000,2026-05-29 07:00:00,2.03,2.093,2.055,2.052,125252.63
1780041600,2026-05-29 08:00:00,2.051,2.096,2.051,2.07,101426.15
1780045200,2026-05-29 09:00:00,2.059,2.095,2.071,2.074,67013.26
1780048800,2026-05-29 10:00:00,2.045,2.081,2.073,2.067,92588.51
1780052400,2026-05-29 11:00:00,2.007,2.065,2.065,2.017,140448.65
1780056000,2026-05-29 12:00:00,1.985,2.023,2.017,1.996,77720.37
1780059600,2026-05-29 13:00:00,1.957,1.994,1.994,1.971,106696.48
1780063200,2026-05-29 14:00:00,1.94,1.99,1.974,1.979,192133.8
1780066800,2026-05-29 15:00:00,1.973,2.058,1.98,2.051,172596.99
1780070400,2026-05-29 16:00:00,2.015,2.053,2.052,2.037,131773.49
1780074000,2026-05-29 17:00:00,2.033,2.074,2.038,2.061,234837.02
1780077600,2026-05-29 18:00:00,2.017,2.062,2.061,2.024,120057.77
1780081200,2026-05-29 19:00:00,1.988,2.025,2.022,2.013,113250.48
1780084800,2026-05-29 20:00:00,2.003,2.031,2.014,2.01,59883.09
1780088400,2026-05-29 21:00:00,1.953,2.012,2.008,1.955,110566.55
1780092000,2026-05-29 22:00:00,1.954,1.976,1.956,1.969,38983.14
1780095600,2026-05-29 23:00:00,1.96,1.976,1.969,1.96,94398.83
1780099200,2026-05-30 00:00:00,1.946,1.969,1.963,1.956,79752.53
1780102800,2026-05-30 01:00:00,1.952,1.983,1.955,1.983,43565.31
1780106400,2026-05-30 02:00:00,1.968,1.998,1.981,1.994,43058.7
1780110000,2026-05-30 03:00:00,1.962,1.998,1.993,1.963,64673.86
1780113600,2026-05-30 04:00:00,1.93,1.97,1.963,1.961,66456.89
1780117200,2026-05-30 05:00:00,1.956,2.005,1.962,2.005,41415.89
1780120800,2026-05-30 06:00:00,1.985,2.007,2.006,2.006,39198.84
1780124400,2026-05-30 07:00:00,1.966,2.005,2.005,1.974,83246.71
1780128000,2026-05-30 08:00:00,1.968,1.983,1.974,1.972,21372.45
1780131600,2026-05-30 09:00:00,1.971,1.99,1.973,1.979,44090.58
1780135200,2026-05-30 10:00:00,1.975,1.991,1.979,1.987,25967.43
1780138800,2026-05-30 11:00:00,1.979,2.036,1.986,2.032,122207.47
1780142400,2026-05-30 12:00:00,2.021,2.041,2.031,2.041,24522.71
1780146000,2026-05-30 13:00:00,2.006,2.052,2.039,2.05,73198.28
1780149600,2026-05-30 14:00:00,2.049,2.093,2.049,2.083,170900.3
1780153200,2026-05-30 15:00:00,2.055,2.101,2.084,2.067,95226.92
1780156800,2026-05-30 16:00:00,2.064,2.091,2.068,2.085,58341.7
1780160400,2026-05-30 17:00:00,2.053,2.088,2.086,2.069,55640.08
1780164000,2026-05-30 18:00:00,2.061,2.106,2.071,2.095,60495.9
1780167600,2026-05-30 19:00:00,2.057,2.102,2.095,2.071,70706.95
1780171200,2026-05-30 20:00:00,2.068,2.089,2.072,2.089,69025.44
1780174800,2026-05-30 21:00:00,2.087,2.15,2.09,2.111,116490.42
1780178400,2026-05-30 22:00:00,2.063,2.11,2.11,2.086,89906.95
1780182000,2026-05-30 23:00:00,2.076,2.109,2.086,2.107,57566.26
1780185600,2026-05-31 00:00:00,2.1,2.14,2.108,2.102,62340.46
1780189200,2026-05-31 01:00:00,2.08,2.115,2.101,2.08,44715
1780192800,2026-05-31 02:00:00,2.068,2.09,2.083,2.085,35650.39
1780196400,2026-05-31 03:00:00,2.076,2.106,2.086,2.1,42625.84
1780200000,2026-05-31 04:00:00,2.083,2.103,2.099,2.103,37776.59
1780203600,2026-05-31 05:00:00,2.085,2.11,2.104,2.09,76111.85
1780207200,2026-05-31 06:00:00,2.079,2.144,2.09,2.133,95452.75
1780210800,2026-05-31 07:00:00,2.088,2.15,2.132,2.095,147756.71
1780214400,2026-05-31 08:00:00,2.092,2.132,2.093,2.111,68478.75
1780218000,2026-05-31 09:00:00,2.08,2.122,2.112,2.085,17050.95
1780221600,2026-05-31 10:00:00,2.068,2.099,2.085,2.087,34095.61
1780225200,2026-05-31 11:00:00,2.079,2.101,2.088,2.084,28107.31
1780228800,2026-05-31 12:00:00,2.069,2.088,2.083,2.082,39202.82
1780232400,2026-05-31 13:00:00,2.063,2.085,2.081,2.072,23326.72
1780236000,2026-05-31 14:00:00,2.015,2.071,2.071,2.028,147404.72
1780239600,2026-05-31 15:00:00,2.015,2.051,2.026,2.026,37072.8
1780243200,2026-05-31 16:00:00,2.002,2.037,2.025,2.013,125337.69
1780246800,2026-05-31 17:00:00,2.002,2.04,2.012,2.034,73135.49
1780250400,2026-05-31 18:00:00,2.026,2.044,2.032,2.038,23418.06
1780254000,2026-05-31 19:00:00,2.028,2.057,2.038,2.057,20624.18
1780257600,2026-05-31 20:00:00,2.052,2.084,2.057,2.082,61119.63
1780261200,2026-05-31 21:00:00,2.071,2.099,2.082,2.091,45162.04
1780264800,2026-05-31 22:00:00,2.074,2.104,2.092,2.097,53329.9
1780268400,2026-05-31 23:00:00,2.062,2.108,2.096,2.087,22020.53
1780272000,2026-06-01 00:00:00,2.088,2.135,2.088,2.116,142899.75
1780275600,2026-06-01 01:00:00,2.053,2.116,2.115,2.053,61789.8
1780279200,2026-06-01 02:00:00,2.05,2.138,2.054,2.129,68539.72
1780282800,2026-06-01 03:00:00,2.114,2.16,2.131,2.131,117720.66
1780286400,2026-06-01 04:00:00,2.08,2.134,2.131,2.093,53040.96
1780290000,2026-06-01 05:00:00,2.078,2.111,2.095,2.094,69143.04
1780293600,2026-06-01 06:00:00,2.058,2.101,2.097,2.078,42962.85
1780297200,2026-06-01 07:00:00,2.037,2.09,2.076,2.041,40311.23
1780300800,2026-06-01 08:00:00,2.028,2.049,2.042,2.036,50449.53
1780304400,2026-06-01 09:00:00,2.032,2.053,2.037,2.044,42868.28
1780308000,2026-06-01 10:00:00,2.016,2.05,2.043,2.026,74356.08
1780311600,2026-06-01 11:00:00,2.014,2.041,2.028,2.026,81715.3
1780315200,2026-06-01 12:00:00,1.996,2.035,2.025,2.017,104822.2
1780318800,2026-06-01 13:00:00,1.964,2.017,2.017,1.98,280183.73
1780322400,2026-06-01 14:00:00,1.956,1.992,1.982,1.96,127871.54
1780326000,2026-06-01 15:00:00,1.95,1.996,1.961,1.979,129500.32
1780329600,2026-06-01 16:00:00,1.96,2.034,1.979,2.03,126034.83
1780333200,2026-06-01 17:00:00,2.01,2.068,2.029,2.057,158887.51
1780336800,2026-06-01 18:00:00,2.048,2.123,2.056,2.097,187599.72
1780340400,2026-06-01 19:00:00,2.098,2.158,2.098,2.125,175356.26
1780344000,2026-06-01 20:00:00,2.101,2.157,2.125,2.156,183382.56
1780347600,2026-06-01 21:00:00,2.098,2.164,2.156,2.098,156645.84
1780351200,2026-06-01 22:00:00,2.073,2.127,2.098,2.118,138937.63
1780354800,2026-06-01 23:00:00,2.102,2.133,2.119,2.117,55724.55
1780358400,2026-06-02 00:00:00,2.093,2.126,2.116,2.116,42885.82
1780362000,2026-06-02 01:00:00,2.073,2.13,2.117,2.075,88568.67
1780365600,2026-06-02 02:00:00,2.046,2.151,2.076,2.151,195417.87
1780369200,2026-06-02 03:00:00,2.127,2.208,2.15,2.207,205072.79
1780372800,2026-06-02 04:00:00,2.162,2.23,2.209,2.17,125924.55
1780376400,2026-06-02 05:00:00,2.156,2.215,2.171,2.167,142405.29
1780380000,2026-06-02 06:00:00,2.141,2.187,2.17,2.161,110187.54
1780383600,2026-06-02 07:00:00,2.119,2.178,2.161,2.156,113273.91
1780387200,2026-06-02 08:00:00,2.135,2.166,2.157,2.16,71745.8
1780390800,2026-06-02 09:00:00,2.14,2.177,2.161,2.171,112636.75
1780394400,2026-06-02 10:00:00,2.16,2.244,2.17,2.233,119334.76
1780398000,2026-06-02 11:00:00,2.184,2.247,2.232,2.213,170753.67
1780401600,2026-06-02 12:00:00,2.182,2.254,2.214,2.235,163117.52
1780405200,2026-06-02 13:00:00,2.171,2.244,2.234,2.181,229285.11
1780408800,2026-06-02 14:00:00,2.092,2.191,2.18,2.105,203938.36
1780412400,2026-06-02 15:00:00,2.008,2.11,2.105,2.027,301220.89
1780416000,2026-06-02 16:00:00,2.008,2.115,2.027,2.078,290819.05
1780419600,2026-06-02 17:00:00,2.073,2.143,2.077,2.135,102368.85
1780423200,2026-06-02 18:00:00,2.049,2.16,2.137,2.064,159169.9
1780426800,2026-06-02 19:00:00,1.994,2.068,2.064,2.053,202574.16
1780430400,2026-06-02 20:00:00,2.027,2.113,2.054,2.088,125214.25
1780434000,2026-06-02 21:00:00,2.072,2.14,2.089,2.091,120532.48
1780437600,2026-06-02 22:00:00,2.034,2.091,2.091,2.037,66098.57
1780441200,2026-06-02 23:00:00,1.99,2.065,2.038,2.032,149545.17
1780444800,2026-06-03 00:00:00,2.028,2.106,2.031,2.083,103409.18
1780448400,2026-06-03 01:00:00,2.064,2.145,2.082,2.137,149355.34
1780452000,2026-06-03 02:00:00,2.125,2.177,2.135,2.167,268096.31
1780455600,2026-06-03 03:00:00,2.079,2.173,2.168,2.097,195122.07
1780459200,2026-06-03 04:00:00,2.096,2.188,2.096,2.18,168541.96
1780462800,2026-06-03 05:00:00,2.167,2.224,2.183,2.21,153032.9
1780466400,2026-06-03 06:00:00,2.178,2.232,2.211,2.2,138409.46
1780470000,2026-06-03 07:00:00,2.184,2.222,2.201,2.216,150807.35
1780473600,2026-06-03 08:00:00,2.183,2.24,2.215,2.232,101555.06
1780477200,2026-06-03 09:00:00,2.169,2.236,2.233,2.189,96038.18
1780480800,2026-06-03 10:00:00,2.184,2.259,2.189,2.246,79677.73
1780484400,2026-06-03 11:00:00,2.201,2.269,2.248,2.222,101433.8
1780488000,2026-06-03 12:00:00,2.209,2.262,2.224,2.228,152783.89
1780491600,2026-06-03 13:00:00,2.205,2.263,2.23,2.245,215171.26
1780495200,2026-06-03 14:00:00,2.166,2.247,2.245,2.21,222803.85
1780498800,2026-06-03 15:00:00,2.149,2.22,2.21,2.155,323510.21
1780502400,2026-06-03 16:00:00,2.121,2.166,2.156,2.154,284121.4
1780506000,2026-06-03 17:00:00,2.112,2.155,2.155,2.131,110790.79
1780509600,2026-06-03 18:00:00,2.101,2.157,2.131,2.157,52561.9
1780513200,2026-06-03 19:00:00,2.121,2.171,2.158,2.133,106072.11
1780516800,2026-06-03 20:00:00,2.081,2.147,2.131,2.094,165264.04
1780520400,2026-06-03 21:00:00,2.087,2.215,2.093,2.213,241895.48
1780524000,2026-06-03 22:00:00,2.174,2.238,2.214,2.188,138792.97
1780527600,2026-06-03 23:00:00,2.144,2.187,2.185,2.149,85841.52
1780531200,2026-06-04 00:00:00,2.133,2.212,2.15,2.171,135647.01
1780534800,2026-06-04 01:00:00,2.037,2.183,2.173,2.043,248966.58
1780538400,2026-06-04 02:00:00,1.966,2.085,2.045,2.043,289249.72
1780542000,2026-06-04 03:00:00,2.043,2.118,2.045,2.092,94187.51
1780545600,2026-06-04 04:00:00,2.032,2.113,2.091,2.037,72729.29
1780549200,2026-06-04 05:00:00,1.977,2.043,2.037,1.988,181518.03
1780552800,2026-06-04 06:00:00,1.984,2.042,1.988,1.991,100919.82
1780556400,2026-06-04 07:00:00,1.92,1.99,1.99,1.926,224572.46
1780560000,2026-06-04 08:00:00,1.891,1.93,1.927,1.905,111497.97
1780563600,2026-06-04 09:00:00,1.848,1.904,1.904,1.88,152515.3
1780567200,2026-06-04 10:00:00,1.839,1.884,1.878,1.85,100401.79
1780570800,2026-06-04 11:00:00,1.825,1.863,1.851,1.858,207631.09
1780574400,2026-06-04 12:00:00,1.842,1.929,1.856,1.924,257471.53
1780578000,2026-06-04 13:00:00,1.866,1.933,1.925,1.924,154586.29
1780581600,2026-06-04 14:00:00,1.902,1.942,1.925,1.916,90272.76
1780585200,2026-06-04 15:00:00,1.91,1.993,1.917,1.974,104799.72
1780588800,2026-06-04 16:00:00,1.968,2.021,1.972,1.994,125484.91
1780592400,2026-06-04 17:00:00,1.941,2.008,1.992,1.952,106472.02
1780596000,2026-06-04 18:00:00,1.918,1.973,1.952,1.965,66173.66
1780599600,2026-06-04 19:00:00,1.945,1.973,1.966,1.954,85304.5
1780603200,2026-06-04 20:00:00,1.917,1.953,1.953,1.924,52928.02
1780606800,2026-06-04 21:00:00,1.851,1.936,1.923,1.863,177210.81
1780610400,2026-06-04 22:00:00,1.856,1.894,1.861,1.884,122058.77
1780614000,2026-06-04 23:00:00,1.856,1.892,1.884,1.882,57833.07
1780617600,2026-06-05 00:00:00,1.851,1.887,1.881,1.854,177528.71
1780621200,2026-06-05 01:00:00,1.814,1.854,1.854,1.84,75282.38
1780624800,2026-06-05 02:00:00,1.765,1.843,1.839,1.77,139682.28
1780628400,2026-06-05 03:00:00,1.754,1.795,1.771,1.771,88320.13
1780632000,2026-06-05 04:00:00,1.763,1.83,1.77,1.829,60138.33
1780635600,2026-06-05 05:00:00,1.774,1.837,1.827,1.774,37507.55
1780639200,2026-06-05 06:00:00,1.671,1.781,1.775,1.724,398969.78
1780642800,2026-06-05 07:00:00,1.679,1.752,1.72,1.751,146527.19
1780646400,2026-06-05 08:00:00,1.7,1.749,1.749,1.711,45498.43
1780650000,2026-06-05 09:00:00,1.711,1.757,1.712,1.753,75230.76
1780653600,2026-06-05 10:00:00,1.709,1.753,1.752,1.718,56883.31
1780657200,2026-06-05 11:00:00,1.699,1.726,1.716,1.704,56355.55
1780660800,2026-06-05 12:00:00,1.678,1.726,1.703,1.707,113752.13
1780664400,2026-06-05 13:00:00,1.672,1.753,1.708,1.674,145462.04
1780668000,2026-06-05 14:00:00,1.649,1.713,1.675,1.669,286907.12
1780671600,2026-06-05 15:00:00,1.605,1.671,1.67,1.629,486391.44
1780675200,2026-06-05 16:00:00,1.596,1.68,1.627,1.67,331537.02
1780678800,2026-06-05 17:00:00,1.639,1.675,1.672,1.656,76476.09
1780682400,2026-06-05 18:00:00,1.58,1.661,1.657,1.588,172376.14
1780686000,2026-06-05 19:00:00,1.559,1.642,1.589,1.634,203187.54
1780689600,2026-06-05 20:00:00,1.613,1.697,1.634,1.691,159846.08
1780693200,2026-06-05 21:00:00,1.684,1.722,1.69,1.71,149083.61
1780696800,2026-06-05 22:00:00,1.678,1.711,1.711,1.699,38844.2
1780700400,2026-06-05 23:00:00,1.657,1.71,1.701,1.683,99830.03
1780704000,2026-06-06 00:00:00,1.681,1.702,1.687,1.692,26586.16
1780707600,2026-06-06 01:00:00,1.66,1.697,1.693,1.662,36605.49
1780711200,2026-06-06 02:00:00,1.638,1.66,1.659,1.638,21472.43
1780714800,2026-06-06 03:00:00,1.613,1.639,1.638,1.621,34361.7
1780718400,2026-06-06 04:00:00,1.559,1.631,1.623,1.569,96107.73
1780722000,2026-06-06 05:00:00,1.549,1.627,1.568,1.622,115718.67
1780725600,2026-06-06 06:00:00,1.608,1.636,1.622,1.614,29915.2
1780729200,2026-06-06 07:00:00,1.611,1.65,1.613,1.637,30335.65
1780732800,2026-06-06 08:00:00,1.63,1.657,1.636,1.652,30691.72
1780736400,2026-06-06 09:00:00,1.625,1.662,1.653,1.627,27953.48
1780740000,2026-06-06 10:00:00,1.597,1.626,1.626,1.616,58326.59
1780743600,2026-06-06 11:00:00,1.612,1.636,1.615,1.628,59202.98
1780747200,2026-06-06 12:00:00,1.62,1.649,1.63,1.643,53967.96
1780750800,2026-06-06 13:00:00,1.63,1.649,1.642,1.633,24988.14
1780754400,2026-06-06 14:00:00,1.629,1.652,1.632,1.632,22015.8
1780758000,2026-06-06 15:00:00,1.607,1.634,1.632,1.62,37608.13
1780761600,2026-06-06 16:00:00,1.601,1.634,1.619,1.611,68069.49
1780765200,2026-06-06 17:00:00,1.583,1.614,1.611,1.589,51675.29
1780768800,2026-06-06 18:00:00,1.581,1.602,1.586,1.59,22004.32
1780772400,2026-06-06 19:00:00,1.579,1.602,1.59,1.579,25085.03
1780776000,2026-06-06 20:00:00,1.573,1.588,1.578,1.584,50834.67
1780779600,2026-06-06 21:00:00,1.58,1.609,1.585,1.595,92289.88
1780783200,2026-06-06 22:00:00,1.582,1.603,1.594,1.588,25993.65
1780786800,2026-06-06 23:00:00,1.586,1.607,1.587,1.594,40956.4
1780790400,2026-06-07 00:00:00,1.594,1.611,1.595,1.606,32460.33
1780794000,2026-06-07 01:00:00,1.604,1.655,1.605,1.655,57176.75
1780797600,2026-06-07 02:00:00,1.628,1.653,1.653,1.64,37326.69
1780801200,2026-06-07 03:00:00,1.627,1.643,1.639,1.638,18349.98
1780804800,2026-06-07 04:00:00,1.636,1.659,1.639,1.651,36386.85
1780808400,2026-06-07 05:00:00,1.649,1.673,1.652,1.663,73652.83
1780812000,2026-06-07 06:00:00,1.655,1.7,1.662,1.686,42751.05
1780815600,2026-06-07 07:00:00,1.675,1.702,1.685,1.678,105875.62
1780819200,2026-06-07 08:00:00,1.662,1.715,1.679,1.712,187002.66
1780822800,2026-06-07 09:00:00,1.674,1.722,1.713,1.675,69659.75
1780826400,2026-06-07 10:00:00,1.659,1.675,1.675,1.661,12745.2
1780830000,2026-06-07 11:00:00,1.657,1.68,1.662,1.673,18025.9
1780833600,2026-06-07 12:00:00,1.623,1.672,1.672,1.643,129797.88
1780837200,2026-06-07 13:00:00,1.64,1.652,1.643,1.648,31477.08
1780840800,2026-06-07 14:00:00,1.648,1.688,1.648,1.687,34893.68
1780844400,2026-06-07 15:00:00,1.664,1.689,1.686,1.677,56457.13
1780848000,2026-06-07 16:00:00,1.655,1.687,1.678,1.661,129499.05
1780851600,2026-06-07 17:00:00,1.659,1.68,1.661,1.668,20232.22
1780855200,2026-06-07 18:00:00,1.647,1.673,1.669,1.647,24309.77
1780858800,2026-06-07 19:00:00,1.598,1.646,1.646,1.609,78586.84
1780862400,2026-06-07 20:00:00,1.605,1.634,1.608,1.628,90490.12
1780866000,2026-06-07 21:00:00,1.611,1.631,1.627,1.628,33285.82
1780869600,2026-06-07 22:00:00,1.624,1.71,1.627,1.661,121305.49
1780873200,2026-06-07 23:00:00,1.657,1.689,1.663,1.682,144898.17
1780876800,2026-06-08 00:00:00,1.668,1.7,1.683,1.684,50045.73
1780880400,2026-06-08 01:00:00,1.644,1.684,1.684,1.67,64896.1
1780884000,2026-06-08 02:00:00,1.653,1.676,1.67,1.663,104951.87
1780887600,2026-06-08 03:00:00,1.655,1.673,1.664,1.657,76851.86
1780891200,2026-06-08 04:00:00,1.63,1.658,1.657,1.631,32400.39
1780894800,2026-06-08 05:00:00,1.623,1.639,1.631,1.638,24000.04
1780898400,2026-06-08 06:00:00,1.639,1.668,1.639,1.65,98211.2
1780902000,2026-06-08 07:00:00,1.64,1.667,1.65,1.665,52121.58
1780905600,2026-06-08 08:00:00,1.647,1.671,1.663,1.652,46516.7
1780909200,2026-06-08 09:00:00,1.65,1.675,1.654,1.675,44934.41
1780912800,2026-06-08 10:00:00,1.654,1.679,1.676,1.661,38629.31
1780916400,2026-06-08 11:00:00,1.656,1.693,1.659,1.684,75834.31
1780920000,2026-06-08 12:00:00,1.663,1.692,1.686,1.692,103970.89
1780923600,2026-06-08 13:00:00,1.673,1.696,1.692,1.679,62108.08
1780927200,2026-06-08 14:00:00,1.669,1.691,1.68,1.683,111674.38
1780930800,2026-06-08 15:00:00,1.636,1.686,1.684,1.64,91085.58
1780934400,2026-06-08 16:00:00,1.636,1.663,1.64,1.661,153643.98
1780938000,2026-06-08 17:00:00,1.648,1.679,1.66,1.679,99609.97
1780941600,2026-06-08 18:00:00,1.674,1.69,1.68,1.684,70886.74
1780945200,2026-06-08 19:00:00,1.666,1.691,1.683,1.666,64627.07
1780948800,2026-06-08 20:00:00,1.66,1.675,1.667,1.674,486242.23
1780952400,2026-06-08 21:00:00,1.666,1.687,1.675,1.666,55951.25
1780956000,2026-06-08 22:00:00,1.648,1.669,1.665,1.656,309058.99
1780959600,2026-06-08 23:00:00,1.632,1.657,1.654,1.643,57112.14
1780963200,2026-06-09 00:00:00,1.59,1.647,1.643,1.596,103999.97
1780966800,2026-06-09 01:00:00,1.591,1.623,1.597,1.613,40918.69
1780970400,2026-06-09 02:00:00,1.597,1.616,1.614,1.607,22623.68
1780974000,2026-06-09 03:00:00,1.588,1.61,1.608,1.606,66155.84
1780977600,2026-06-09 04:00:00,1.6,1.638,1.605,1.628,40386.33
1780981200,2026-06-09 05:00:00,1.626,1.653,1.63,1.643,56894.95
1780984800,2026-06-09 06:00:00,1.641,1.657,1.642,1.647,27361.99
1780988400,2026-06-09 07:00:00,1.643,1.658,1.645,1.65,39424.95
1780992000,2026-06-09 08:00:00,1.634,1.653,1.649,1.647,11864.28
1780995600,2026-06-09 09:00:00,1.63,1.653,1.648,1.633,16733.52
1780999200,2026-06-09 10:00:00,1.623,1.641,1.634,1.636,33942.07
1781002800,2026-06-09 11:00:00,1.629,1.644,1.636,1.64,44777.16
1781006400,2026-06-09 12:00:00,1.64,1.654,1.64,1.648,23081
1781010000,2026-06-09 13:00:00,1.63,1.654,1.649,1.647,43824.34
1781013600,2026-06-09 14:00:00,1.593,1.651,1.648,1.62,105625.16
1781017200,2026-06-09 15:00:00,1.58,1.626,1.62,1.586,99492.52
1781020800,2026-06-09 16:00:00,1.56,1.593,1.587,1.593,170868.4
1781024400,2026-06-09 17:00:00,1.592,1.629,1.592,1.618,97107.18
1781028000,2026-06-09 18:00:00,1.61,1.631,1.617,1.621,33296.17
1781031600,2026-06-09 19:00:00,1.607,1.626,1.62,1.617,32928.11
1781035200,2026-06-09 20:00:00,1.617,1.634,1.619,1.634,47014.21
1781038800,2026-06-09 21:00:00,1.61,1.636,1.632,1.613,22134.02
1781042400,2026-06-09 22:00:00,1.607,1.621,1.613,1.608,26725.04
1781046000,2026-06-09 23:00:00,1.605,1.623,1.607,1.611,113333.98
1781049600,2026-06-10 00:00:00,1.598,1.624,1.611,1.617,69230.71
1781053200,2026-06-10 01:00:00,1.607,1.623,1.617,1.615,36278.58
1781056800,2026-06-10 02:00:00,1.59,1.617,1.617,1.595,96111.92
1781060400,2026-06-10 03:00:00,1.592,1.604,1.594,1.593,5872.03
1781064000,2026-06-10 04:00:00,1.58,1.597,1.593,1.585,27881.41
1781067600,2026-06-10 05:00:00,1.571,1.589,1.585,1.571,25709.49
1781071200,2026-06-10 06:00:00,1.564,1.583,1.571,1.58,28925.89
1781074800,2026-06-10 07:00:00,1.578,1.593,1.582,1.583,21247.03
1781078400,2026-06-10 08:00:00,1.564,1.582,1.581,1.566,20322.15
1781082000,2026-06-10 09:00:00,1.553,1.572,1.566,1.566,48522.79
1781085600,2026-06-10 10:00:00,1.555,1.569,1.568,1.563,29501.32
1781089200,2026-06-10 11:00:00,1.528,1.564,1.563,1.534,143128.97
1781092800,2026-06-10 12:00:00,1.526,1.585,1.533,1.575,88850.62
1781096400,2026-06-10 13:00:00,1.568,1.608,1.575,1.586,60621.64
1781100000,2026-06-10 14:00:00,1.561,1.594,1.585,1.573,40358.99
1781103600,2026-06-10 15:00:00,1.546,1.584,1.574,1.57,48511.56
1781107200,2026-06-10 16:00:00,1.538,1.576,1.57,1.548,69700.95
1781110800,2026-06-10 17:00:00,1.531,1.555,1.548,1.546,132094.96
1781114400,2026-06-10 18:00:00,1.53,1.549,1.543,1.543,43509.05
1781118000,2026-06-10 19:00:00,1.521,1.544,1.541,1.524,42526.27
1781121600,2026-06-10 20:00:00,1.51,1.53,1.523,1.514,64340.08
1781125200,2026-06-10 21:00:00,1.48,1.515,1.513,1.488,102270.87
1781128800,2026-06-10 22:00:00,1.479,1.509,1.487,1.498,61781.03
1781132400,2026-06-10 23:00:00,1.492,1.518,1.497,1.515,40962.66
1781136000,2026-06-11 00:00:00,1.515,1.534,1.515,1.526,32001.54
1781139600,2026-06-11 01:00:00,1.528,1.544,1.528,1.541,19062.72
1781143200,2026-06-11 02:00:00,1.522,1.544,1.541,1.527,35202.02
1781146800,2026-06-11 03:00:00,1.524,1.571,1.528,1.563,47822.82
1781150400,2026-06-11 04:00:00,1.553,1.575,1.563,1.565,21789.14
1781154000,2026-06-11 05:00:00,1.561,1.574,1.565,1.562,30377.69
1781157600,2026-06-11 06:00:00,1.561,1.582,1.563,1.568,48023.92
1781161200,2026-06-11 07:00:00,1.562,1.574,1.567,1.571,11881.59
1781164800,2026-06-11 08:00:00,1.567,1.589,1.569,1.586,15893.5
1781168400,2026-06-11 09:00:00,1.57,1.585,1.584,1.578,10469.58
1781172000,2026-06-11 10:00:00,1.573,1.586,1.577,1.578,18867.62
1781175600,2026-06-11 11:00:00,1.567,1.585,1.577,1.576,33213.94
1781179200,2026-06-11 12:00:00,1.545,1.577,1.575,1.558,45342.2
1781182800,2026-06-11 13:00:00,1.549,1.568,1.555,1.559,48780.87
1781186400,2026-06-11 14:00:00,1.551,1.563,1.56,1.551,22503.34
1781190000,2026-06-11 15:00:00,1.539,1.564,1.551,1.559,32362.76
1781193600,2026-06-11 16:00:00,1.543,1.565,1.56,1.546,26895.13
1781197200,2026-06-11 17:00:00,1.535,1.604,1.545,1.604,118991.84
1781200800,2026-06-11 18:00:00,1.587,1.61,1.603,1.596,81924.34
1781204400,2026-06-11 19:00:00,1.589,1.622,1.595,1.619,61538.46
1781208000,2026-06-11 20:00:00,1.612,1.637,1.616,1.634,38865.01
1781211600,2026-06-11 21:00:00,1.635,1.674,1.635,1.666,126861.54
1781215200,2026-06-11 22:00:00,1.641,1.67,1.666,1.643,44158
1781218800,2026-06-11 23:00:00,1.624,1.646,1.643,1.628,59912.38
1781222400,2026-06-12 00:00:00,1.625,1.641,1.629,1.636,29089.2
1781226000,2026-06-12 01:00:00,1.615,1.637,1.635,1.624,13762.22
1781229600,2026-06-12 02:00:00,1.622,1.662,1.625,1.656,42393.51
1781233200,2026-06-12 03:00:00,1.642,1.658,1.656,1.652,9632.02
1781236800,2026-06-12 04:00:00,1.645,1.665,1.651,1.66,13294.08
1781240400,2026-06-12 05:00:00,1.63,1.661,1.66,1.631,92877.51
1781244000,2026-06-12 06:00:00,1.606,1.633,1.631,1.607,45500.92
1781247600,2026-06-12 07:00:00,1.609,1.626,1.609,1.623,33028
1781251200,2026-06-12 08:00:00,1.622,1.655,1.622,1.655,7048.17
1781254800,2026-06-12 09:00:00,1.651,1.675,1.653,1.669,19503.27
1781258400,2026-06-12 10:00:00,1.653,1.686,1.669,1.658,178106.52
1781262000,2026-06-12 11:00:00,1.654,1.667,1.657,1.662,15083.69
1781265600,2026-06-12 12:00:00,1.657,1.675,1.663,1.659,25207.22
1781269200,2026-06-12 13:00:00,1.629,1.659,1.659,1.639,55301.76
1781272800,2026-06-12 14:00:00,1.642,1.684,1.642,1.679,45656.74
1781276400,2026-06-12 15:00:00,1.654,1.706,1.68,1.654,77372.22
1781280000,2026-06-12 16:00:00,1.65,1.677,1.654,1.676,75429.12
1781283600,2026-06-12 17:00:00,1.655,1.684,1.676,1.657,51462.14
1781287200,2026-06-12 18:00:00,1.645,1.67,1.658,1.662,62259.6
1781290800,2026-06-12 19:00:00,1.662,1.681,1.662,1.663,43607.59
1781294400,2026-06-12 20:00:00,1.653,1.672,1.662,1.656,30240.97
1781298000,2026-06-12 21:00:00,1.642,1.665,1.656,1.648,13788.24
1781301600,2026-06-12 22:00:00,1.646,1.658,1.647,1.651,10180.86
1781305200,2026-06-12 23:00:00,1.64,1.655,1.65,1.653,15338.44
1781308800,2026-06-13 00:00:00,1.652,1.684,1.653,1.678,103816.28
1781312400,2026-06-13 01:00:00,1.674,1.693,1.679,1.686,40871.25
1781316000,2026-06-13 02:00:00,1.67,1.687,1.685,1.683,23863.57
1781319600,2026-06-13 03:00:00,1.66,1.689,1.683,1.671,47164.45
1781323200,2026-06-13 04:00:00,1.66,1.676,1.671,1.663,12825.5
1781326800,2026-06-13 05:00:00,1.658,1.68,1.662,1.676,73308.81
1781330400,2026-06-13 06:00:00,1.669,1.7,1.677,1.697,37258.19
1781334000,2026-06-13 07:00:00,1.685,1.744,1.697,1.735,92064.79
1781337600,2026-06-13 08:00:00,1.732,1.755,1.734,1.734,73242.14
1781341200,2026-06-13 09:00:00,1.731,1.751,1.735,1.737,40339.72
1781344800,2026-06-13 10:00:00,1.736,1.758,1.736,1.741,25106.63
1781348400,2026-06-13 11:00:00,1.74,1.776,1.741,1.761,91736.4
1781352000,2026-06-13 12:00:00,1.756,1.78,1.761,1.771,71057.41
1781355600,2026-06-13 13:00:00,1.77,1.808,1.772,1.795,74932.83
1781359200,2026-06-13 14:00:00,1.784,1.809,1.794,1.807,67686.58
1781362800,2026-06-13 15:00:00,1.78,1.815,1.806,1.79,134479.38
1781366400,2026-06-13 16:00:00,1.751,1.789,1.789,1.769,146490.9
1781370000,2026-06-13 17:00:00,1.755,1.788,1.768,1.758,79625.34
1781373600,2026-06-13 18:00:00,1.742,1.776,1.759,1.752,41495.1
1781377200,2026-06-13 19:00:00,1.746,1.765,1.751,1.755,50664.5
1781380800,2026-06-13 20:00:00,1.751,1.762,1.755,1.762,19071.08
1781384400,2026-06-13 21:00:00,1.756,1.788,1.763,1.775,36220.03
1781388000,2026-06-13 22:00:00,1.771,1.792,1.776,1.774,58627.57
1781391600,2026-06-13 23:00:00,1.769,1.782,1.771,1.772,24456.33
1781395200,2026-06-14 00:00:00,1.758,1.774,1.772,1.764,20135.49
1781398800,2026-06-14 01:00:00,1.757,1.776,1.763,1.769,23533.7
1781402400,2026-06-14 02:00:00,1.763,1.793,1.768,1.781,71221.68
1781406000,2026-06-14 03:00:00,1.767,1.789,1.78,1.787,73558.54
1781409600,2026-06-14 04:00:00,1.755,1.79,1.786,1.761,20209.35
1781413200,2026-06-14 05:00:00,1.745,1.768,1.763,1.767,22310.56
1781416800,2026-06-14 06:00:00,1.763,1.792,1.767,1.765,32336.4
1781420400,2026-06-14 07:00:00,1.762,1.781,1.766,1.773,18814.98
1781424000,2026-06-14 08:00:00,1.763,1.787,1.772,1.772,12727.16
1781427600,2026-06-14 09:00:00,1.76,1.791,1.773,1.784,24030.13
1781431200,2026-06-14 10:00:00,1.768,1.792,1.785,1.769,75798.36
1781434800,2026-06-14 11:00:00,1.762,1.771,1.769,1.763,48076.99
1781438400,2026-06-14 12:00:00,1.746,1.765,1.763,1.747,52517.46
1781442000,2026-06-14 13:00:00,1.726,1.752,1.75,1.74,46296.48
1781445600,2026-06-14 14:00:00,1.705,1.739,1.739,1.72,91081.38
1781449200,2026-06-14 15:00:00,1.721,1.735,1.721,1.73,29221.78
1781452800,2026-06-14 16:00:00,1.727,1.744,1.729,1.739,20627.09
1781456400,2026-06-14 17:00:00,1.732,1.749,1.739,1.733,17166.18
1781460000,2026-06-14 18:00:00,1.731,1.745,1.733,1.742,44940.31
1781463600,2026-06-14 19:00:00,1.74,1.75,1.741,1.74,15567.35
1781467200,2026-06-14 20:00:00,1.742,1.751,1.746,1.744,20226.51
1781470800,2026-06-14 21:00:00,1.742,1.813,1.745,1.803,47961.11
1781474400,2026-06-14 22:00:00,1.781,1.81,1.802,1.801,137665.67
1781478000,2026-06-14 23:00:00,1.792,1.807,1.8,1.805,23792.58
1781481600,2026-06-15 00:00:00,1.797,1.824,1.806,1.808,52069.52
1781485200,2026-06-15 01:00:00,1.789,1.826,1.807,1.808,13713.42
1781488800,2026-06-15 02:00:00,1.806,1.832,1.808,1.823,27557.95
1781492400,2026-06-15 03:00:00,1.817,1.837,1.822,1.827,22085.87
1781496000,2026-06-15 04:00:00,1.82,1.849,1.827,1.825,51213.64
1781499600,2026-06-15 05:00:00,1.824,1.848,1.825,1.833,22015.16
1781503200,2026-06-15 06:00:00,1.816,1.843,1.831,1.83,20129.6
1781506800,2026-06-15 07:00:00,1.822,1.839,1.829,1.822,15047.49
1781510400,2026-06-15 08:00:00,1.821,1.843,1.821,1.825,39316.04
1781514000,2026-06-15 09:00:00,1.817,1.837,1.825,1.836,25235.59
1781517600,2026-06-15 10:00:00,1.822,1.843,1.837,1.835,25561.14
1781521200,2026-06-15 11:00:00,1.833,1.861,1.835,1.853,48448.47
1781524800,2026-06-15 12:00:00,1.833,1.854,1.854,1.842,53852.63
1781528400,2026-06-15 13:00:00,1.836,1.861,1.842,1.841,39954.27
1781532000,2026-06-15 14:00:00,1.83,1.847,1.842,1.837,119951.52
1781535600,2026-06-15 15:00:00,1.826,1.869,1.838,1.854,70618.71
1781539200,2026-06-15 16:00:00,1.821,1.857,1.854,1.821,113965.81
1781542800,2026-06-15 17:00:00,1.804,1.823,1.821,1.818,66853.13
1781546400,2026-06-15 18:00:00,1.806,1.824,1.817,1.808,68486.45
1781550000,2026-06-15 19:00:00,1.775,1.813,1.81,1.781,84189.72
1781553600,2026-06-15 20:00:00,1.777,1.793,1.78,1.78,47817.63
1781557200,2026-06-15 21:00:00,1.777,1.787,1.781,1.786,25706.99
1781560800,2026-06-15 22:00:00,1.777,1.799,1.788,1.781,71295.91
1781564400,2026-06-15 23:00:00,1.779,1.795,1.782,1.792,23977.49
1781568000,2026-06-16 00:00:00,1.777,1.795,1.791,1.786,28917.88
1781571600,2026-06-16 01:00:00,1.763,1.792,1.788,1.767,100388.06
1781575200,2026-06-16 02:00:00,1.74,1.767,1.767,1.744,54129.01
1781578800,2026-06-16 03:00:00,1.741,1.786,1.744,1.786,15612.86
1781582400,2026-06-16 04:00:00,1.763,1.791,1.785,1.77,33170.81
1781586000,2026-06-16 05:00:00,1.769,1.795,1.771,1.792,25903.98
1781589600,2026-06-16 06:00:00,1.79,1.806,1.792,1.795,21159.17
1781593200,2026-06-16 07:00:00,1.78,1.8,1.795,1.796,9336.41
1781596800,2026-06-16 08:00:00,1.79,1.824,1.796,1.82,23527.67
1781600400,2026-06-16 09:00:00,1.797,1.821,1.817,1.802,28332.91
1781604000,2026-06-16 10:00:00,1.794,1.815,1.804,1.797,79119.1
1781607600,2026-06-16 11:00:00,1.78,1.799,1.796,1.789,58573.77
1781611200,2026-06-16 12:00:00,1.777,1.795,1.789,1.783,17861.08
1781614800,2026-06-16 13:00:00,1.75,1.784,1.784,1.761,71052.3
1781618400,2026-06-16 14:00:00,1.707,1.767,1.761,1.721,112328.66
1781622000,2026-06-16 15:00:00,1.72,1.738,1.722,1.728,53918.99
1781625600,2026-06-16 16:00:00,1.71,1.731,1.729,1.716,31703.45
1781629200,2026-06-16 17:00:00,1.716,1.734,1.716,1.734,30720.74
1781632800,2026-06-16 18:00:00,1.731,1.75,1.735,1.732,34530.1
1781636400,2026-06-16 19:00:00,1.718,1.737,1.731,1.724,33225.41
1781640000,2026-06-16 20:00:00,1.722,1.758,1.723,1.753,36333.84
1781643600,2026-06-16 21:00:00,1.738,1.753,1.752,1.74,19713.4
1781647200,2026-06-16 22:00:00,1.734,1.745,1.739,1.741,13678.8
1781650800,2026-06-16 23:00:00,1.727,1.742,1.742,1.73,6436.25
1781654400,2026-06-17 00:00:00,1.698,1.73,1.73,1.714,74566.65
1781658000,2026-06-17 01:00:00,1.714,1.747,1.714,1.747,39773.49
1781661600,2026-06-17 02:00:00,1.743,1.763,1.747,1.756,42602.47
1781665200,2026-06-17 03:00:00,1.743,1.758,1.755,1.752,14647.03
1781668800,2026-06-17 04:00:00,1.748,1.771,1.753,1.758,23076.37
1781672400,2026-06-17 05:00:00,1.741,1.762,1.758,1.751,9081.33
1781676000,2026-06-17 06:00:00,1.743,1.759,1.751,1.747,11992.63
1781679600,2026-06-17 07:00:00,1.723,1.753,1.747,1.731,41415.75
1781683200,2026-06-17 08:00:00,1.694,1.734,1.733,1.701,37217.8
1781686800,2026-06-17 09:00:00,1.693,1.705,1.7,1.698,20278
1781690400,2026-06-17 10:00:00,1.688,1.7,1.699,1.692,29743.49
1781694000,2026-06-17 11:00:00,1.681,1.704,1.693,1.697,16456.3
1781697600,2026-06-17 12:00:00,1.695,1.719,1.699,1.718,19438.29
1781701200,2026-06-17 13:00:00,1.71,1.732,1.718,1.71,22239.52
1781704800,2026-06-17 14:00:00,1.698,1.717,1.712,1.709,50997.26
1781708400,2026-06-17 15:00:00,1.708,1.738,1.709,1.736,21760.15
1781712000,2026-06-17 16:00:00,1.732,1.76,1.737,1.741,28938.18
1781715600,2026-06-17 17:00:00,1.725,1.752,1.74,1.736,18586.7
1781719200,2026-06-17 18:00:00,1.682,1.745,1.734,1.717,116159.38
1781722800,2026-06-17 19:00:00,1.66,1.726,1.719,1.666,166159.86
1781726400,2026-06-17 20:00:00,1.664,1.685,1.666,1.683,64823.66
1781730000,2026-06-17 21:00:00,1.669,1.687,1.683,1.678,41667.54
1781733600,2026-06-17 22:00:00,1.653,1.695,1.678,1.687,77165.31
1781737200,2026-06-17 23:00:00,1.686,1.697,1.688,1.695,22475.53
1781740800,2026-06-18 00:00:00,1.696,1.725,1.696,1.72,55589.3
1781744400,2026-06-18 01:00:00,1.711,1.736,1.721,1.715,20960.54
1781748000,2026-06-18 02:00:00,1.711,1.727,1.716,1.716,19733.12
1781751600,2026-06-18 03:00:00,1.693,1.716,1.715,1.693,65899.96
1781755200,2026-06-18 04:00:00,1.665,1.695,1.692,1.671,34904.38
1781758800,2026-06-18 05:00:00,1.659,1.673,1.669,1.668,22211.86
1781762400,2026-06-18 06:00:00,1.664,1.686,1.667,1.682,24006.08
1781766000,2026-06-18 07:00:00,1.683,1.721,1.683,1.706,27423.71
1781769600,2026-06-18 08:00:00,1.702,1.717,1.705,1.702,12448.4
1781773200,2026-06-18 09:00:00,1.698,1.712,1.701,1.708,21648.83
1781776800,2026-06-18 10:00:00,1.69,1.706,1.705,1.696,7940.36
1781780400,2026-06-18 11:00:00,1.68,1.701,1.698,1.686,12516.09
1781784000,2026-06-18 12:00:00,1.686,1.715,1.688,1.712,65896.93
1781787600,2026-06-18 13:00:00,1.685,1.723,1.712,1.697,32966.99
1781791200,2026-06-18 14:00:00,1.692,1.721,1.698,1.717,75187.87
1781794800,2026-06-18 15:00:00,1.619,1.716,1.716,1.623,148350.98
1781798400,2026-06-18 16:00:00,1.624,1.645,1.624,1.645,90461.78
1781802000,2026-06-18 17:00:00,1.619,1.646,1.646,1.64,51221.61
1781805600,2026-06-18 18:00:00,1.638,1.658,1.639,1.649,19637.5
1781809200,2026-06-18 19:00:00,1.65,1.67,1.65,1.667,19973.33
1781812800,2026-06-18 20:00:00,1.669,1.685,1.669,1.673,32769.82
1781816400,2026-06-18 21:00:00,1.657,1.677,1.673,1.665,11065.61
1781820000,2026-06-18 22:00:00,1.656,1.667,1.664,1.662,33123.1
1781823600,2026-06-18 23:00:00,1.65,1.677,1.662,1.675,46481.88
1781827200,2026-06-19 00:00:00,1.674,1.73,1.676,1.721,175288.98
1781830800,2026-06-19 01:00:00,1.717,1.744,1.72,1.741,69092.46
1781834400,2026-06-19 02:00:00,1.723,1.763,1.741,1.745,48858.6
1781838000,2026-06-19 03:00:00,1.695,1.75,1.747,1.716,33906.89
1781841600,2026-06-19 04:00:00,1.678,1.732,1.714,1.683,43599.83
1781845200,2026-06-19 05:00:00,1.681,1.694,1.684,1.689,7783.57
1781848800,2026-06-19 06:00:00,1.683,1.7,1.691,1.695,8357.31
1781852400,2026-06-19 07:00:00,1.658,1.695,1.695,1.663,52432.71
1781856000,2026-06-19 08:00:00,1.66,1.676,1.663,1.669,17702.25
1781859600,2026-06-19 09:00:00,1.653,1.671,1.67,1.66,12625.31
1781863200,2026-06-19 10:00:00,1.651,1.662,1.657,1.659,8901.97
1781866800,2026-06-19 11:00:00,1.654,1.687,1.659,1.674,44879.02
1781870400,2026-06-19 12:00:00,1.666,1.707,1.674,1.706,57593.72
1781874000,2026-06-19 13:00:00,1.691,1.74,1.705,1.731,39189.55
1781877600,2026-06-19 14:00:00,1.709,1.734,1.729,1.71,52475.02
1781881200,2026-06-19 15:00:00,1.708,1.735,1.708,1.729,24990.32
1781884800,2026-06-19 16:00:00,1.709,1.734,1.73,1.71,45115.74
1781888400,2026-06-19 17:00:00,1.711,1.744,1.711,1.743,11409.08
1781892000,2026-06-19 18:00:00,1.718,1.745,1.743,1.729,21615
1781895600,2026-06-19 19:00:00,1.709,1.729,1.729,1.718,9792.72
1781899200,2026-06-19 20:00:00,1.713,1.73,1.718,1.729,16207.81
1781902800,2026-06-19 21:00:00,1.716,1.735,1.728,1.721,16017.1
1781906400,2026-06-19 22:00:00,1.72,1.738,1.722,1.738,12889.43
1781910000,2026-06-19 23:00:00,1.733,1.761,1.739,1.76,22936.62
1781913600,2026-06-20 00:00:00,1.731,1.763,1.76,1.731,33886.15
1781917200,2026-06-20 01:00:00,1.73,1.759,1.731,1.755,63215.91
1781920800,2026-06-20 02:00:00,1.742,1.758,1.756,1.748,26637.02
1781924400,2026-06-20 03:00:00,1.742,1.759,1.747,1.746,23345.87
1781928000,2026-06-20 04:00:00,1.745,1.762,1.745,1.758,27372.15
1781931600,2026-06-20 05:00:00,1.75,1.772,1.758,1.753,20804.73
1781935200,2026-06-20 06:00:00,1.744,1.759,1.754,1.745,10734.16
1781938800,2026-06-20 07:00:00,1.736,1.747,1.746,1.739,11946.02
1781942400,2026-06-20 08:00:00,1.734,1.746,1.739,1.743,14416.81
1781946000,2026-06-20 09:00:00,1.74,1.753,1.742,1.753,11013.08
1781949600,2026-06-20 10:00:00,1.736,1.759,1.753,1.742,14470.23
1781953200,2026-06-20 11:00:00,1.732,1.743,1.743,1.736,19247.05
1781956800,2026-06-20 12:00:00,1.726,1.748,1.737,1.73,28138.41
1781960400,2026-06-20 13:00:00,1.711,1.732,1.729,1.718,23938.7
1781964000,2026-06-20 14:00:00,1.703,1.752,1.717,1.736,41082.16
1781967600,2026-06-20 15:00:00,1.73,1.757,1.735,1.741,33397.88
1781971200,2026-06-20 16:00:00,1.725,1.74,1.74,1.737,46641.41
1781974800,2026-06-20 17:00:00,1.707,1.737,1.737,1.717,50780.23
1781978400,2026-06-20 18:00:00,1.71,1.722,1.718,1.711,20812.33
1781982000,2026-06-20 19:00:00,1.706,1.714,1.71,1.714,27318.46
1781985600,2026-06-20 20:00:00,1.701,1.718,1.715,1.706,12334.51
1781989200,2026-06-20 21:00:00,1.704,1.712,1.707,1.709,7596.06
1781992800,2026-06-20 22:00:00,1.707,1.74,1.709,1.731,96525.76
1781996400,2026-06-20 23:00:00,1.716,1.731,1.729,1.719,22327.94
1782000000,2026-06-21 00:00:00,1.68,1.718,1.718,1.687,137243.22
1782003600,2026-06-21 01:00:00,1.681,1.696,1.686,1.689,16875.6
1782007200,2026-06-21 02:00:00,1.683,1.693,1.688,1.69,7060.83
1782010800,2026-06-21 03:00:00,1.69,1.706,1.69,1.702,11286.12
1782014400,2026-06-21 04:00:00,1.69,1.708,1.703,1.693,61033.13
1782018000,2026-06-21 05:00:00,1.687,1.699,1.691,1.699,16994.32
1782021600,2026-06-21 06:00:00,1.691,1.698,1.698,1.692,3569.91
1782025200,2026-06-21 07:00:00,1.684,1.695,1.691,1.688,23469.36
1782028800,2026-06-21 08:00:00,1.67,1.688,1.687,1.68,29312.45
1782032400,2026-06-21 09:00:00,1.677,1.695,1.677,1.691,7255.61
1782036000,2026-06-21 10:00:00,1.692,1.706,1.692,1.7,6273.6
1782039600,2026-06-21 11:00:00,1.688,1.709,1.701,1.688,11784.78
1782043200,2026-06-21 12:00:00,1.681,1.695,1.688,1.691,38458.73
1782046800,2026-06-21 13:00:00,1.687,1.698,1.692,1.691,16505.11
1782050400,2026-06-21 14:00:00,1.681,1.695,1.692,1.692,20644.88
1782054000,2026-06-21 15:00:00,1.688,1.698,1.693,1.692,34244.32
1782057600,2026-06-21 16:00:00,1.679,1.694,1.691,1.687,9038.5
1782061200,2026-06-21 17:00:00,1.683,1.694,1.688,1.683,3505.83
1782064800,2026-06-21 18:00:00,1.676,1.689,1.682,1.685,8475.21
1782068400,2026-06-21 19:00:00,1.681,1.688,1.685,1.685,3041.55
1782072000,2026-06-21 20:00:00,1.669,1.691,1.683,1.673,28500.12
1782075600,2026-06-21 21:00:00,1.65,1.672,1.672,1.655,84117.43
1782079200,2026-06-21 22:00:00,1.652,1.68,1.657,1.675,29395.06
1782082800,2026-06-21 23:00:00,1.65,1.674,1.674,1.651,18238.52
1782086400,2026-06-22 00:00:00,1.653,1.669,1.653,1.659,28004.38
1782090000,2026-06-22 01:00:00,1.658,1.692,1.658,1.686,21461.83
1782093600,2026-06-22 02:00:00,1.674,1.69,1.685,1.675,21742.23
1782097200,2026-06-22 03:00:00,1.662,1.683,1.675,1.663,33113.01
1782100800,2026-06-22 04:00:00,1.663,1.68,1.663,1.678,20016.14
1782104400,2026-06-22 05:00:00,1.674,1.689,1.678,1.681,11213.9
1782108000,2026-06-22 06:00:00,1.665,1.681,1.68,1.669,42712.09
1782111600,2026-06-22 07:00:00,1.667,1.688,1.668,1.68,11859.5
1782115200,2026-06-22 08:00:00,1.672,1.684,1.678,1.682,17476.88
1782118800,2026-06-22 09:00:00,1.675,1.684,1.682,1.676,15492.45
1782122400,2026-06-22 10:00:00,1.672,1.682,1.677,1.676,9266.57
1782126000,2026-06-22 11:00:00,1.675,1.7,1.677,1.693,23774.08
1782129600,2026-06-22 12:00:00,1.691,1.713,1.692,1.707,60491.29
1782133200,2026-06-22 13:00:00,1.699,1.716,1.706,1.715,41059.16
1782136800,2026-06-22 14:00:00,1.679,1.715,1.715,1.686,32697.2
1782140400,2026-06-22 15:00:00,1.678,1.697,1.687,1.681,38362.67
1782144000,2026-06-22 16:00:00,1.678,1.691,1.681,1.684,32330.32
1782147600,2026-06-22 17:00:00,1.665,1.684,1.683,1.674,30935.61
1782151200,2026-06-22 18:00:00,1.662,1.68,1.675,1.663,13711.15
1782154800,2026-06-22 19:00:00,1.655,1.667,1.663,1.662,20783.16
1782158400,2026-06-22 20:00:00,1.658,1.673,1.661,1.669,12187.33
1782162000,2026-06-22 21:00:00,1.641,1.67,1.67,1.649,82172.13
1782165600,2026-06-22 22:00:00,1.621,1.655,1.65,1.631,30470.24
1782169200,2026-06-22 23:00:00,1.625,1.636,1.63,1.627,14729.72
1782172800,2026-06-23 00:00:00,1.597,1.629,1.628,1.611,67233.43
1782176400,2026-06-23 01:00:00,1.6,1.616,1.612,1.614,34367.68
1782180000,2026-06-23 02:00:00,1.604,1.617,1.614,1.615,16564.77
1782183600,2026-06-23 03:00:00,1.603,1.626,1.613,1.623,45904.7
1782187200,2026-06-23 04:00:00,1.609,1.625,1.623,1.61,21954.18
1782190800,2026-06-23 05:00:00,1.598,1.618,1.608,1.6,13758.53
1782194400,2026-06-23 06:00:00,1.566,1.603,1.601,1.581,91003.61
1782198000,2026-06-23 07:00:00,1.571,1.587,1.581,1.571,5701.92
1782201600,2026-06-23 08:00:00,1.526,1.57,1.57,1.551,163357.96
1782205200,2026-06-23 09:00:00,1.55,1.56,1.552,1.56,16719.66
1782208800,2026-06-23 10:00:00,1.555,1.566,1.561,1.56,15813.98
1782212400,2026-06-23 11:00:00,1.56,1.574,1.561,1.573,18099.06
1782216000,2026-06-23 12:00:00,1.561,1.574,1.573,1.566,30431.11
1782219600,2026-06-23 13:00:00,1.558,1.582,1.566,1.579,29876.24
1782223200,2026-06-23 14:00:00,1.565,1.589,1.581,1.565,26411.63
1782226800,2026-06-23 15:00:00,1.556,1.57,1.566,1.561,14656.82
1782230400,2026-06-23 16:00:00,1.56,1.577,1.56,1.562,16795.06
1782234000,2026-06-23 17:00:00,1.555,1.572,1.558,1.564,16421.02
1782237600,2026-06-23 18:00:00,1.552,1.566,1.564,1.559,15096.7
1782241200,2026-06-23 19:00:00,1.556,1.565,1.558,1.563,10427.68
1782244800,2026-06-23 20:00:00,1.564,1.579,1.564,1.577,31715.38
1782248400,2026-06-23 21:00:00,1.573,1.582,1.576,1.573,10141.53
1782252000,2026-06-23 22:00:00,1.574,1.588,1.574,1.576,8811.99
1782255600,2026-06-23 23:00:00,1.57,1.583,1.575,1.582,48982.02
1782259200,2026-06-24 00:00:00,1.583,1.598,1.583,1.597,13527.88
1782262800,2026-06-24 01:00:00,1.586,1.615,1.595,1.608,50281.63
1782266400,2026-06-24 02:00:00,1.594,1.612,1.608,1.599,23198.94
1782270000,2026-06-24 03:00:00,1.587,1.601,1.6,1.59,14516.34
1782273600,2026-06-24 04:00:00,1.577,1.596,1.589,1.591,11803.87
1782277200,2026-06-24 05:00:00,1.59,1.603,1.592,1.598,9147.97
1782280800,2026-06-24 06:00:00,1.591,1.603,1.597,1.591,18197.19
1782284400,2026-06-24 07:00:00,1.585,1.596,1.592,1.587,12315
1782288000,2026-06-24 08:00:00,1.586,1.618,1.586,1.611,89519.66
1782291600,2026-06-24 09:00:00,1.599,1.611,1.61,1.604,11460.05
1782295200,2026-06-24 10:00:00,1.583,1.604,1.604,1.585,9282
1782298800,2026-06-24 11:00:00,1.573,1.608,1.583,1.593,19470.93
1782302400,2026-06-24 12:00:00,1.586,1.598,1.592,1.586,15045.72
1782306000,2026-06-24 13:00:00,1.55,1.596,1.586,1.557,68855.98
1782309600,2026-06-24 14:00:00,1.553,1.573,1.556,1.565,45039.12
1782313200,2026-06-24 15:00:00,1.538,1.569,1.565,1.54,25814.46
1782316800,2026-06-24 16:00:00,1.492,1.558,1.541,1.506,80147.24
1782320400,2026-06-24 17:00:00,1.479,1.515,1.509,1.495,99917.82
1782324000,2026-06-24 18:00:00,1.483,1.53,1.495,1.523,48820.65
1782327600,2026-06-24 19:00:00,1.517,1.529,1.524,1.528,25876.06
1782331200,2026-06-24 20:00:00,1.528,1.577,1.528,1.567,67020.52
1782334800,2026-06-24 21:00:00,1.555,1.581,1.568,1.579,13800.6
1782338400,2026-06-24 22:00:00,1.563,1.586,1.58,1.565,13710.6
1782342000,2026-06-24 23:00:00,1.567,1.582,1.57,1.579,32119.6
1782345600,2026-06-25 00:00:00,1.561,1.587,1.579,1.564,28466.61
1782349200,2026-06-25 01:00:00,1.56,1.569,1.568,1.567,10528.21
1782352800,2026-06-25 02:00:00,1.552,1.565,1.565,1.554,12414.08
1782356400,2026-06-25 03:00:00,1.548,1.557,1.554,1.553,9596.98
1782360000,2026-06-25 04:00:00,1.547,1.568,1.553,1.568,2867.02
1782363600,2026-06-25 05:00:00,1.57,1.58,1.573,1.573,7927.64
1782367200,2026-06-25 06:00:00,1.564,1.576,1.576,1.564,6070.36
1782370800,2026-06-25 07:00:00,1.56,1.57,1.564,1.569,20910.07
1782374400,2026-06-25 08:00:00,1.55,1.569,1.567,1.551,10225.73
1782378000,2026-06-25 09:00:00,1.543,1.552,1.552,1.552,5572.34
1782381600,2026-06-25 10:00:00,1.533,1.552,1.549,1.539,7533.7
1782385200,2026-06-25 11:00:00,1.539,1.55,1.54,1.542,11865.28
1782388800,2026-06-25 12:00:00,1.538,1.563,1.544,1.562,38753.78
1782392400,2026-06-25 13:00:00,1.445,1.568,1.56,1.454,213980.15
1782396000,2026-06-25 14:00:00,1.459,1.537,1.459,1.509,102485.13
1782399600,2026-06-25 15:00:00,1.491,1.526,1.508,1.523,67113.02
1782403200,2026-06-25 16:00:00,1.507,1.54,1.524,1.51,26093.64
1782406800,2026-06-25 17:00:00,1.508,1.541,1.511,1.528,36934.73
1782410400,2026-06-25 18:00:00,1.504,1.529,1.528,1.509,25172.81
1782414000,2026-06-25 19:00:00,1.493,1.511,1.509,1.506,45707.16
1782417600,2026-06-25 20:00:00,1.498,1.518,1.51,1.501,32583.31
1782421200,2026-06-25 21:00:00,1.502,1.535,1.502,1.533,35829.93
1782424800,2026-06-25 22:00:00,1.518,1.535,1.532,1.521,8876.97
1782428400,2026-06-25 23:00:00,1.515,1.532,1.521,1.519,21194.49
1782432000,2026-06-26 00:00:00,1.51,1.522,1.52,1.511,16339.12
1782435600,2026-06-26 01:00:00,1.49,1.511,1.511,1.494,41180.87
1782439200,2026-06-26 02:00:00,1.453,1.495,1.495,1.461,51832.37
1782442800,2026-06-26 03:00:00,1.453,1.513,1.454,1.508,84414.87
1782446400,2026-06-26 04:00:00,1.493,1.508,1.506,1.496,6698.81
1782450000,2026-06-26 05:00:00,1.492,1.504,1.495,1.496,5002.46
1782453600,2026-06-26 06:00:00,1.491,1.519,1.493,1.517,6929.88
1782457200,2026-06-26 07:00:00,1.516,1.528,1.518,1.524,19631.03
1782460800,2026-06-26 08:00:00,1.504,1.525,1.523,1.507,21445.29
1782464400,2026-06-26 09:00:00,1.492,1.51,1.507,1.492,9739.57
1782468000,2026-06-26 10:00:00,1.488,1.502,1.493,1.489,22532.12
1782471600,2026-06-26 11:00:00,1.479,1.497,1.489,1.485,49843.61
1782475200,2026-06-26 12:00:00,1.472,1.503,1.486,1.479,50412.5
1782478800,2026-06-26 13:00:00,1.463,1.517,1.476,1.516,80017.49
1782482400,2026-06-26 14:00:00,1.509,1.528,1.515,1.512,46308.79
1782486000,2026-06-26 15:00:00,1.51,1.562,1.513,1.541,66211.22
1782489600,2026-06-26 16:00:00,1.531,1.551,1.541,1.539,53980.9
1782493200,2026-06-26 17:00:00,1.536,1.548,1.54,1.543,20194.68
1782496800,2026-06-26 18:00:00,1.532,1.551,1.548,1.537,32285.12
1782500400,2026-06-26 19:00:00,1.539,1.561,1.539,1.545,41476.8
1782504000,2026-06-26 20:00:00,1.54,1.565,1.547,1.546,23680.93
1782507600,2026-06-26 21:00:00,1.538,1.561,1.54,1.555,34209.08
1782511200,2026-06-26 22:00:00,1.547,1.564,1.556,1.564,13555.86
1782514800,2026-06-26 23:00:00,1.561,1.573,1.565,1.573,19957.72
1782518400,2026-06-27 00:00:00,1.574,1.614,1.574,1.611,155268.37
1782522000,2026-06-27 01:00:00,1.601,1.627,1.607,1.607,45748.36
1782525600,2026-06-27 02:00:00,1.601,1.622,1.608,1.612,29571.46
1782529200,2026-06-27 03:00:00,1.604,1.617,1.609,1.615,33320.94
1782532800,2026-06-27 04:00:00,1.613,1.638,1.614,1.623,110896.98
1782536400,2026-06-27 05:00:00,1.601,1.622,1.622,1.612,6752.3
1782540000,2026-06-27 06:00:00,1.603,1.624,1.614,1.624,8947.07
1782543600,2026-06-27 07:00:00,1.612,1.634,1.624,1.627,23593.85
1782547200,2026-06-27 08:00:00,1.613,1.627,1.627,1.618,6784.53
1782550800,2026-06-27 09:00:00,1.592,1.624,1.618,1.607,6467.71
1782554400,2026-06-27 10:00:00,1.596,1.608,1.608,1.602,27958.31
1782558000,2026-06-27 11:00:00,1.594,1.605,1.604,1.602,12514.25
1782561600,2026-06-27 12:00:00,1.593,1.604,1.602,1.594,8945.97
1782565200,2026-06-27 13:00:00,1.588,1.602,1.594,1.598,16705.83
1782568800,2026-06-27 14:00:00,1.592,1.602,1.598,1.594,11526.5
1782572400,2026-06-27 15:00:00,1.588,1.608,1.594,1.59,29290.7
1782576000,2026-06-27 16:00:00,1.583,1.597,1.59,1.592,10751.93
1782579600,2026-06-27 17:00:00,1.577,1.592,1.592,1.583,13318.24
1782583200,2026-06-27 18:00:00,1.58,1.589,1.582,1.589,10129.33
1782586800,2026-06-27 19:00:00,1.564,1.592,1.59,1.575,16014.43
1782590400,2026-06-27 20:00:00,1.575,1.584,1.575,1.581,12743.55
1782594000,2026-06-27 21:00:00,1.564,1.586,1.585,1.566,8872.63
1782597600,2026-06-27 22:00:00,1.555,1.569,1.565,1.566,9338.44
1782601200,2026-06-27 23:00:00,1.554,1.58,1.567,1.554,11161.2
1782604800,2026-06-28 00:00:00,1.554,1.57,1.556,1.561,3661.58
1782608400,2026-06-28 01:00:00,1.556,1.565,1.561,1.562,11453.17
1782612000,2026-06-28 02:00:00,1.553,1.565,1.563,1.559,10740.85
1782615600,2026-06-28 03:00:00,1.555,1.56,1.56,1.556,6766.25
1782619200,2026-06-28 04:00:00,1.552,1.558,1.557,1.554,5386.75
1782622800,2026-06-28 05:00:00,1.538,1.552,1.552,1.541,16341.13
1782626400,2026-06-28 06:00:00,1.525,1.542,1.541,1.531,87067.68
1782630000,2026-06-28 07:00:00,1.534,1.559,1.534,1.555,22973.95
1782633600,2026-06-28 08:00:00,1.552,1.577,1.554,1.571,8722.89
1782637200,2026-06-28 09:00:00,1.555,1.574,1.57,1.555,8870.75
1782640800,2026-06-28 10:00:00,1.553,1.563,1.557,1.556,5976.85
1782644400,2026-06-28 11:00:00,1.551,1.56,1.556,1.558,2773.41
1782648000,2026-06-28 12:00:00,1.548,1.561,1.555,1.548,3655.79
1782651600,2026-06-28 13:00:00,1.539,1.547,1.545,1.541,10295.92
1782655200,2026-06-28 14:00:00,1.536,1.551,1.542,1.542,27763.73
1782658800,2026-06-28 15:00:00,1.536,1.551,1.542,1.545,9666.84
1782662400,2026-06-28 16:00:00,1.53,1.545,1.543,1.535,23312.01
1782666000,2026-06-28 17:00:00,1.522,1.541,1.536,1.534,8721.62
1782669600,2026-06-28 18:00:00,1.523,1.532,1.532,1.529,12454.68
1782673200,2026-06-28 19:00:00,1.513,1.531,1.529,1.522,34854.98
1782676800,2026-06-28 20:00:00,1.521,1.537,1.522,1.533,19321.65
1782680400,2026-06-28 21:00:00,1.517,1.535,1.533,1.523,14042.5
1782684000,2026-06-28 22:00:00,1.514,1.543,1.523,1.518,30424.71
1782687600,2026-06-28 23:00:00,1.52,1.548,1.52,1.54,24677.1
1782691200,2026-06-29 00:00:00,1.514,1.542,1.539,1.538,33881.57
1782694800,2026-06-29 01:00:00,1.523,1.539,1.534,1.531,23267.16
1782698400,2026-06-29 02:00:00,1.511,1.538,1.529,1.537,10406.16
1782702000,2026-06-29 03:00:00,1.537,1.56,1.537,1.548,17636.4
1782705600,2026-06-29 04:00:00,1.529,1.568,1.547,1.532,29256.27
1782709200,2026-06-29 05:00:00,1.524,1.547,1.531,1.547,19757.98
1782712800,2026-06-29 06:00:00,1.544,1.56,1.547,1.56,33872.08
1782716400,2026-06-29 07:00:00,1.554,1.582,1.558,1.566,27659.71
1782720000,2026-06-29 08:00:00,1.548,1.571,1.568,1.55,10247.4
1782723600,2026-06-29 09:00:00,1.547,1.559,1.551,1.559,15852.38
1782727200,2026-06-29 10:00:00,1.553,1.562,1.56,1.556,14747.61
1782730800,2026-06-29 11:00:00,1.54,1.561,1.553,1.543,36771.01
1782734400,2026-06-29 12:00:00,1.535,1.572,1.543,1.561,71020.38
1782738000,2026-06-29 13:00:00,1.542,1.577,1.561,1.548,67027.62
1782741600,2026-06-29 14:00:00,1.534,1.559,1.548,1.557,58860.78
1782745200,2026-06-29 15:00:00,1.542,1.568,1.554,1.565,36813.71
1782748800,2026-06-29 16:00:00,1.558,1.577,1.567,1.573,21618.37
1782752400,2026-06-29 17:00:00,1.573,1.602,1.573,1.602,23391.26
1782756000,2026-06-29 18:00:00,1.578,1.602,1.599,1.578,14893.91
1782759600,2026-06-29 19:00:00,1.571,1.589,1.576,1.571,28950.86
1782763200,2026-06-29 20:00:00,1.559,1.573,1.569,1.56,23429.63
1782766800,2026-06-29 21:00:00,1.56,1.572,1.562,1.564,5821.9
1782770400,2026-06-29 22:00:00,1.562,1.571,1.565,1.562,16404.21
1782774000,2026-06-29 23:00:00,1.556,1.563,1.562,1.559,36057.67
1782777600,2026-06-30 00:00:00,1.547,1.581,1.558,1.555,40112.53
1782781200,2026-06-30 01:00:00,1.55,1.564,1.554,1.55,9749.15
1782784800,2026-06-30 02:00:00,1.541,1.553,1.55,1.553,25020.77
1782788400,2026-06-30 03:00:00,1.538,1.551,1.551,1.538,17546.86
1782792000,2026-06-30 04:00:00,1.538,1.549,1.538,1.543,6671.45
1782795600,2026-06-30 05:00:00,1.539,1.552,1.546,1.547,17534.43
1782799200,2026-06-30 06:00:00,1.541,1.547,1.547,1.542,14386.35
1782802800,2026-06-30 07:00:00,1.535,1.539,1.537,1.536,12398.86
1782806400,2026-06-30 08:00:00,1.52,1.536,1.535,1.529,31700.65
1782810000,2026-06-30 09:00:00,1.529,1.534,1.532,1.532,8485.11
1782813600,2026-06-30 10:00:00,1.523,1.531,1.529,1.524,7079.05
1782817200,2026-06-30 11:00:00,1.502,1.525,1.523,1.51,49992.1
1782820800,2026-06-30 12:00:00,1.489,1.508,1.508,1.489,34940.19
1782824400,2026-06-30 13:00:00,1.492,1.514,1.492,1.511,32100.88
1782828000,2026-06-30 14:00:00,1.503,1.523,1.51,1.508,23726.72
1782831600,2026-06-30 15:00:00,1.5,1.521,1.507,1.508,33616.17
1782835200,2026-06-30 16:00:00,1.499,1.515,1.509,1.511,32198.19
1782838800,2026-06-30 17:00:00,1.501,1.51,1.51,1.506,40730.89
1782842400,2026-06-30 18:00:00,1.503,1.518,1.505,1.516,7266.05
1782846000,2026-06-30 19:00:00,1.513,1.535,1.516,1.518,19635.27
1782849600,2026-06-30 20:00:00,1.511,1.524,1.518,1.513,10245.31
1782853200,2026-06-30 21:00:00,1.508,1.521,1.511,1.517,18489.1
1782856800,2026-06-30 22:00:00,1.505,1.518,1.518,1.505,10384.19
1782860400,2026-06-30 23:00:00,1.503,1.509,1.505,1.508,16354.8
1782864000,2026-07-01 00:00:00,1.484,1.509,1.508,1.497,73107.46
1782867600,2026-07-01 01:00:00,1.469,1.504,1.497,1.501,50905.56
1782871200,2026-07-01 02:00:00,1.494,1.508,1.5,1.506,9657.56
1782874800,2026-07-01 03:00:00,1.502,1.521,1.506,1.517,16138.53
1782878400,2026-07-01 04:00:00,1.516,1.532,1.516,1.53,19117.77
1782882000,2026-07-01 05:00:00,1.518,1.532,1.529,1.519,9814.11
1782885600,2026-07-01 06:00:00,1.5,1.52,1.519,1.503,9719.96
1782889200,2026-07-01 07:00:00,1.495,1.504,1.503,1.497,4417.13
1782892800,2026-07-01 08:00:00,1.494,1.504,1.497,1.5,10338.26
1782896400,2026-07-01 09:00:00,1.501,1.508,1.501,1.504,13642.42
1782900000,2026-07-01 10:00:00,1.497,1.505,1.503,1.502,13050.45
1782903600,2026-07-01 11:00:00,1.504,1.514,1.505,1.506,36585.16
1782907200,2026-07-01 12:00:00,1.495,1.504,1.504,1.499,19231.26
1782910800,2026-07-01 13:00:00,1.493,1.524,1.5,1.52,12214.33
1782914400,2026-07-01 14:00:00,1.516,1.542,1.521,1.533,32464.21
1782918000,2026-07-01 15:00:00,1.532,1.55,1.534,1.54,36266.97
1782921600,2026-07-01 16:00:00,1.524,1.541,1.539,1.526,16814.01
1782925200,2026-07-01 17:00:00,1.514,1.528,1.524,1.528,24891.56
1782928800,2026-07-01 18:00:00,1.514,1.529,1.528,1.518,22229.09
1782932400,2026-07-01 19:00:00,1.504,1.524,1.519,1.506,21052.79
1782936000,2026-07-01 20:00:00,1.503,1.526,1.504,1.521,22040.02
1782939600,2026-07-01 21:00:00,1.519,1.543,1.521,1.54,59278.69
1782943200,2026-07-01 22:00:00,1.522,1.556,1.54,1.522,47919.86
1782946800,2026-07-01 23:00:00,1.5,1.522,1.522,1.502,45928.04
1782950400,2026-07-02 00:00:00,1.493,1.505,1.501,1.5,15676.37
1782954000,2026-07-02 01:00:00,1.498,1.529,1.498,1.524,27095.89
1782957600,2026-07-02 02:00:00,1.519,1.533,1.524,1.53,101385.72
1782961200,2026-07-02 03:00:00,1.528,1.564,1.532,1.561,77212.85
1782964800,2026-07-02 04:00:00,1.539,1.567,1.562,1.549,45232.25
1782968400,2026-07-02 05:00:00,1.536,1.549,1.547,1.536,31668.74
1782972000,2026-07-02 06:00:00,1.53,1.544,1.536,1.537,8971.12
1782975600,2026-07-02 07:00:00,1.532,1.543,1.538,1.539,4908.75
1782979200,2026-07-02 08:00:00,1.54,1.549,1.541,1.548,9390.63
1782982800,2026-07-02 09:00:00,1.537,1.557,1.545,1.551,17840.95
1782986400,2026-07-02 10:00:00,1.551,1.559,1.553,1.559,10358.7
1782990000,2026-07-02 11:00:00,1.557,1.571,1.557,1.566,17678.53
1782993600,2026-07-02 12:00:00,1.566,1.59,1.566,1.58,65650.51
1782997200,2026-07-02 13:00:00,1.581,1.637,1.581,1.613,117745.93
1783000800,2026-07-02 14:00:00,1.571,1.618,1.612,1.58,55965.47
1783004400,2026-07-02 15:00:00,1.572,1.585,1.58,1.579,43715.66
1783008000,2026-07-02 16:00:00,1.574,1.596,1.58,1.577,116079.51
1783011600,2026-07-02 17:00:00,1.574,1.586,1.578,1.583,34635.39
1783015200,2026-07-02 18:00:00,1.582,1.591,1.584,1.589,18017.15
1783018800,2026-07-02 19:00:00,1.579,1.593,1.59,1.581,86568.01
1783022400,2026-07-02 20:00:00,1.577,1.586,1.581,1.577,15176.53
1783026000,2026-07-02 21:00:00,1.574,1.58,1.578,1.578,15355.3
1783029600,2026-07-02 22:00:00,1.571,1.583,1.576,1.58,13375.66
1783033200,2026-07-02 23:00:00,1.578,1.592,1.579,1.591,30795.4
1783036800,2026-07-03 00:00:00,1.592,1.627,1.592,1.599,90081.11
1783040400,2026-07-03 01:00:00,1.6,1.621,1.6,1.612,20824.95
1783044000,2026-07-03 02:00:00,1.594,1.611,1.611,1.597,4989.94
1783047600,2026-07-03 03:00:00,1.591,1.597,1.595,1.597,4689.89
1783051200,2026-07-03 04:00:00,1.587,1.595,1.594,1.591,12297.07
1783054800,2026-07-03 05:00:00,1.59,1.602,1.594,1.594,20281.23
1783058400,2026-07-03 06:00:00,1.588,1.6,1.594,1.593,82766.51
1783062000,2026-07-03 07:00:00,1.592,1.604,1.595,1.603,13501.28
1783065600,2026-07-03 08:00:00,1.599,1.62,1.604,1.608,35757.08
1783069200,2026-07-03 09:00:00,1.61,1.618,1.61,1.616,6809.25
1783072800,2026-07-03 10:00:00,1.604,1.62,1.617,1.617,54294.09
1783076400,2026-07-03 11:00:00,1.611,1.624,1.623,1.62,21533.4
1783080000,2026-07-03 12:00:00,1.613,1.623,1.619,1.62,7871.64
1783083600,2026-07-03 13:00:00,1.618,1.627,1.622,1.622,7010.22
1783087200,2026-07-03 14:00:00,1.601,1.618,1.617,1.614,26145.22
1783090800,2026-07-03 15:00:00,1.602,1.617,1.614,1.606,21579.83
1783094400,2026-07-03 16:00:00,1.598,1.61,1.605,1.602,32346.95
1783098000,2026-07-03 17:00:00,1.602,1.612,1.602,1.609,8193.72
1783101600,2026-07-03 18:00:00,1.602,1.61,1.608,1.606,5238.5
1783105200,2026-07-03 19:00:00,1.602,1.614,1.605,1.604,19259.5
1783108800,2026-07-03 20:00:00,1.601,1.622,1.604,1.618,16073.16
1783112400,2026-07-03 21:00:00,1.609,1.619,1.617,1.616,13883.88
1783116000,2026-07-03 22:00:00,1.609,1.617,1.613,1.612,7069.09
1783119600,2026-07-03 23:00:00,1.604,1.612,1.611,1.609,10202.08
1783123200,2026-07-04 00:00:00,1.6,1.615,1.608,1.6,8871.87
1783126800,2026-07-04 01:00:00,1.59,1.603,1.6,1.597,35516.81
1783130400,2026-07-04 02:00:00,1.596,1.605,1.596,1.601,10056.54
1783134000,2026-07-04 03:00:00,1.597,1.606,1.601,1.598,3442.55
1783137600,2026-07-04 04:00:00,1.591,1.601,1.601,1.594,3377.5
1783141200,2026-07-04 05:00:00,1.585,1.595,1.593,1.594,20054.96
1783144800,2026-07-04 06:00:00,1.587,1.602,1.595,1.592,68231.49
1783148400,2026-07-04 07:00:00,1.585,1.596,1.594,1.587,3891.03
1783152000,2026-07-04 08:00:00,1.585,1.595,1.586,1.586,5664.16
1783155600,2026-07-04 09:00:00,1.576,1.589,1.585,1.581,3999.61
1783159200,2026-07-04 10:00:00,1.578,1.586,1.583,1.584,1854.09
1783162800,2026-07-04 11:00:00,1.583,1.59,1.584,1.59,1960.34
1783166400,2026-07-04 12:00:00,1.585,1.592,1.592,1.59,3824.22
1783170000,2026-07-04 13:00:00,1.585,1.596,1.59,1.591,4598.32
1783173600,2026-07-04 14:00:00,1.591,1.598,1.591,1.595,10727.11
1783177200,2026-07-04 15:00:00,1.596,1.608,1.598,1.608,7624.07
1783180800,2026-07-04 16:00:00,1.604,1.633,1.606,1.609,19155.7
1783184400,2026-07-04 17:00:00,1.604,1.64,1.609,1.627,41021.64
1783188000,2026-07-04 18:00:00,1.616,1.632,1.627,1.625,10091.19
1783191600,2026-07-04 19:00:00,1.611,1.623,1.622,1.62,14243.87
1783195200,2026-07-04 20:00:00,1.606,1.623,1.619,1.619,88029.14
1783198800,2026-07-04 21:00:00,1.615,1.625,1.62,1.615,30596.66
1783202400,2026-07-04 22:00:00,1.609,1.616,1.615,1.612,17513.33
1783206000,2026-07-04 23:00:00,1.597,1.612,1.612,1.609,19789.62
1783209600,2026-07-05 00:00:00,1.597,1.606,1.605,1.603,7191.85
1783213200,2026-07-05 01:00:00,1.589,1.607,1.607,1.599,5876.98
1783216800,2026-07-05 02:00:00,1.594,1.608,1.599,1.604,4910.64
1783220400,2026-07-05 03:00:00,1.595,1.617,1.608,1.598,7744.09
1783224000,2026-07-05 04:00:00,1.594,1.6,1.596,1.595,2761.44
1783227600,2026-07-05 05:00:00,1.585,1.595,1.593,1.589,6188.7
1783231200,2026-07-05 06:00:00,1.59,1.597,1.59,1.596,3447.05
1783234800,2026-07-05 07:00:00,1.594,1.605,1.594,1.602,2409.48
1783238400,2026-07-05 08:00:00,1.595,1.602,1.602,1.595,5417.23
1783242000,2026-07-05 09:00:00,1.574,1.6,1.595,1.577,13057.76
1783245600,2026-07-05 10:00:00,1.567,1.586,1.576,1.586,8823.23
1783249200,2026-07-05 11:00:00,1.583,1.59,1.586,1.585,3023.74
1783252800,2026-07-05 12:00:00,1.582,1.594,1.584,1.591,5896.02
1783256400,2026-07-05 13:00:00,1.587,1.594,1.591,1.591,1864.73
1783260000,2026-07-05 14:00:00,1.587,1.594,1.593,1.593,6602.64
1783263600,2026-07-05 15:00:00,1.588,1.599,1.595,1.596,6257.46
1783267200,2026-07-05 16:00:00,1.586,1.599,1.599,1.588,9142.65
1783270800,2026-07-05 17:00:00,1.588,1.596,1.59,1.596,3577.04
1783274400,2026-07-05 18:00:00,1.594,1.602,1.597,1.596,33982.65
1783278000,2026-07-05 19:00:00,1.595,1.611,1.596,1.603,16974.6
1783281600,2026-07-05 20:00:00,1.599,1.605,1.602,1.601,2236.66
1783285200,2026-07-05 21:00:00,1.598,1.614,1.6,1.606,9966.04
1783288800,2026-07-05 22:00:00,1.606,1.625,1.606,1.62,61322.53
1783292400,2026-07-05 23:00:00,1.611,1.624,1.622,1.616,71389.93
1783296000,2026-07-06 00:00:00,1.604,1.628,1.618,1.615,11422.94
1783299600,2026-07-06 01:00:00,1.613,1.623,1.618,1.618,28085.93
1783303200,2026-07-06 02:00:00,1.612,1.627,1.616,1.624,4121.63
1783306800,2026-07-06 03:00:00,1.609,1.626,1.621,1.609,17734.46
1783310400,2026-07-06 04:00:00,1.603,1.612,1.61,1.603,319.74
1783314000,2026-07-06 05:00:00,1.585,1.604,1.604,1.592,6630.54
1783317600,2026-07-06 06:00:00,1.589,1.594,1.589,1.593,3140.23
1783321200,2026-07-06 07:00:00,1.591,1.604,1.591,1.6,5246.53
1783324800,2026-07-06 08:00:00,1.592,1.6,1.6,1.596,3482.21
1783328400,2026-07-06 09:00:00,1.587,1.606,1.596,1.597,10890.5
1783332000,2026-07-06 10:00:00,1.599,1.609,1.599,1.605,1092.42
1783335600,2026-07-06 11:00:00,1.57,1.605,1.605,1.574,7207.39
1783339200,2026-07-06 12:00:00,1.547,1.576,1.576,1.564,28282.86
1783342800,2026-07-06 13:00:00,1.55,1.573,1.56,1.566,29085.46
1783346400,2026-07-06 14:00:00,1.565,1.583,1.565,1.572,3511.18
1783350000,2026-07-06 15:00:00,1.573,1.605,1.574,1.602,12235.59
1783353600,2026-07-06 16:00:00,1.598,1.614,1.603,1.61,9931.41
1783357200,2026-07-06 17:00:00,1.599,1.613,1.609,1.601,8548.61
1783360800,2026-07-06 18:00:00,1.597,1.606,1.601,1.604,18333.09
1783364400,2026-07-06 19:00:00,1.598,1.607,1.604,1.598,6856.41
1783368000,2026-07-06 20:00:00,1.595,1.601,1.599,1.599,6719.37
1783371600,2026-07-06 21:00:00,1.601,1.635,1.601,1.623,82356.05
1783375200,2026-07-06 22:00:00,1.614,1.638,1.626,1.619,16815.83
1783378800,2026-07-06 23:00:00,1.612,1.622,1.619,1.615,22161.41
1783382400,2026-07-07 00:00:00,1.614,1.632,1.614,1.627,15423.58
1783386000,2026-07-07 01:00:00,1.616,1.628,1.626,1.619,25754.45
1783389600,2026-07-07 02:00:00,1.604,1.622,1.619,1.607,10549.05
1783393200,2026-07-07 03:00:00,1.593,1.606,1.606,1.596,34055.61
1783396800,2026-07-07 04:00:00,1.586,1.598,1.595,1.586,16313.61
1783400400,2026-07-07 05:00:00,1.575,1.593,1.586,1.593,21864.38
1783404000,2026-07-07 06:00:00,1.592,1.605,1.593,1.603,8769.76
1783407600,2026-07-07 07:00:00,1.601,1.617,1.605,1.601,67483.14
1783411200,2026-07-07 08:00:00,1.596,1.607,1.601,1.6,9555.11
1783414800,2026-07-07 09:00:00,1.599,1.607,1.6,1.606,6333.24
1783418400,2026-07-07 10:00:00,1.601,1.614,1.608,1.601,11025.75
1783422000,2026-07-07 11:00:00,1.597,1.606,1.599,1.605,18440.37
1783425600,2026-07-07 12:00:00,1.604,1.616,1.606,1.605,8848.4
1783429200,2026-07-07 13:00:00,1.588,1.606,1.604,1.588,3753.04
1783432800,2026-07-07 14:00:00,1.568,1.601,1.588,1.599,9698.57
1783436400,2026-07-07 15:00:00,1.59,1.605,1.599,1.601,25611.71
1783440000,2026-07-07 16:00:00,1.584,1.602,1.602,1.592,41430.12
1783443600,2026-07-07 17:00:00,1.589,1.6,1.592,1.6,16848.56
1783447200,2026-07-07 18:00:00,1.575,1.601,1.601,1.576,51064.97
1783450800,2026-07-07 19:00:00,1.566,1.586,1.575,1.586,9253.95
1783454400,2026-07-07 20:00:00,1.576,1.587,1.585,1.581,2225.39
1783458000,2026-07-07 21:00:00,1.567,1.588,1.588,1.567,12687.78
1783461600,2026-07-07 22:00:00,1.557,1.572,1.565,1.566,12169.91
1783465200,2026-07-07 23:00:00,1.56,1.57,1.567,1.562,4985.98
1783468800,2026-07-08 00:00:00,1.561,1.573,1.561,1.565,12196.05
1783472400,2026-07-08 01:00:00,1.537,1.57,1.564,1.549,22182.58
1783476000,2026-07-08 02:00:00,1.523,1.546,1.545,1.539,96389.07
1783479600,2026-07-08 03:00:00,1.534,1.545,1.539,1.536,5205.86
1783483200,2026-07-08 04:00:00,1.534,1.545,1.534,1.542,5289.12
1783486800,2026-07-08 05:00:00,1.536,1.547,1.541,1.544,5951.58
1783490400,2026-07-08 06:00:00,1.531,1.543,1.543,1.534,10331.04
1783494000,2026-07-08 07:00:00,1.531,1.543,1.531,1.542,8518.77
1783497600,2026-07-08 08:00:00,1.511,1.545,1.543,1.517,23717.08
1783501200,2026-07-08 09:00:00,1.511,1.526,1.517,1.517,10839.81
1783504800,2026-07-08 10:00:00,1.514,1.526,1.518,1.526,9535.92
1783508400,2026-07-08 11:00:00,1.523,1.541,1.525,1.533,13761.86
1783512000,2026-07-08 12:00:00,1.522,1.535,1.532,1.522,45292.84
1783515600,2026-07-08 13:00:00,1.517,1.528,1.521,1.525,29888.75
1783519200,2026-07-08 14:00:00,1.514,1.529,1.529,1.516,13885.13
1783522800,2026-07-08 15:00:00,1.51,1.521,1.515,1.521,12603.87
1783526400,2026-07-08 16:00:00,1.52,1.534,1.52,1.533,18252.53
1783530000,2026-07-08 17:00:00,1.526,1.537,1.533,1.528,7932.68
1783533600,2026-07-08 18:00:00,1.528,1.538,1.535,1.536,2670.21
1783537200,2026-07-08 19:00:00,1.528,1.537,1.536,1.534,12972.62
1783540800,2026-07-08 20:00:00,1.526,1.535,1.535,1.526,19864.01
1783544400,2026-07-08 21:00:00,1.517,1.531,1.526,1.531,13873.95
1783548000,2026-07-08 22:00:00,1.529,1.536,1.532,1.536,11048.19
1783551600,2026-07-08 23:00:00,1.531,1.539,1.537,1.539,5098.49
1783555200,2026-07-09 00:00:00,1.526,1.544,1.538,1.53,6692.64
1783558800,2026-07-09 01:00:00,1.528,1.545,1.536,1.528,12928.03
1783562400,2026-07-09 02:00:00,1.526,1.539,1.529,1.53,4698.02
1783566000,2026-07-09 03:00:00,1.527,1.537,1.531,1.535,4147.21
1783569600,2026-07-09 04:00:00,1.535,1.545,1.535,1.543,1827.81
1783573200,2026-07-09 05:00:00,1.541,1.554,1.542,1.554,12902.17
1783576800,2026-07-09 06:00:00,1.549,1.561,1.555,1.56,10165.8
1783580400,2026-07-09 07:00:00,1.551,1.559,1.555,1.552,12230.63
1783584000,2026-07-09 08:00:00,1.552,1.559,1.552,1.555,15247.16
1783587600,2026-07-09 09:00:00,1.55,1.556,1.556,1.554,17329.78
1783591200,2026-07-09 10:00:00,1.545,1.558,1.555,1.546,10249.77
1783594800,2026-07-09 11:00:00,1.544,1.552,1.547,1.551,11975.99
1783598400,2026-07-09 12:00:00,1.548,1.559,1.55,1.556,16755.38
1783602000,2026-07-09 13:00:00,1.549,1.562,1.556,1.558,14689.82
1783605600,2026-07-09 14:00:00,1.548,1.56,1.558,1.56,31425.43
1783609200,2026-07-09 15:00:00,1.548,1.56,1.56,1.548,23154.59
1783612800,2026-07-09 16:00:00,1.54,1.55,1.55,1.541,14260.79
1783616400,2026-07-09 17:00:00,1.538,1.55,1.542,1.549,19493.59
1783620000,2026-07-09 18:00:00,1.547,1.57,1.549,1.552,24603.15
1783623600,2026-07-09 19:00:00,1.55,1.557,1.554,1.55,8179.95
1783627200,2026-07-09 20:00:00,1.55,1.557,1.551,1.557,1940.04
1783630800,2026-07-09 21:00:00,1.551,1.557,1.557,1.555,11855.52
1783634400,2026-07-09 22:00:00,1.553,1.56,1.554,1.555,21604.75
1783638000,2026-07-09 23:00:00,1.55,1.555,1.554,1.551,12933.28
1783641600,2026-07-10 00:00:00,1.543,1.553,1.551,1.549,11622.67
1783645200,2026-07-10 01:00:00,1.547,1.576,1.547,1.568,10129.13
1783648800,2026-07-10 02:00:00,1.565,1.569,1.567,1.566,7208.15
1783652400,2026-07-10 03:00:00,1.561,1.568,1.563,1.565,5753.4
1783656000,2026-07-10 04:00:00,1.558,1.564,1.564,1.558,4837.88
1783659600,2026-07-10 05:00:00,1.558,1.565,1.559,1.565,2513.66
1783663200,2026-07-10 06:00:00,1.557,1.565,1.565,1.558,4704.27
1783666800,2026-07-10 07:00:00,1.556,1.561,1.556,1.558,2624.77
1783670400,2026-07-10 08:00:00,1.555,1.568,1.556,1.568,22709.5
1783674000,2026-07-10 09:00:00,1.561,1.572,1.566,1.572,5504.13
1783677600,2026-07-10 10:00:00,1.568,1.581,1.569,1.578,8634.34
1783681200,2026-07-10 11:00:00,1.57,1.578,1.577,1.571,7167.15
1783684800,2026-07-10 12:00:00,1.563,1.575,1.572,1.564,13428.19
1783688400,2026-07-10 13:00:00,1.557,1.568,1.565,1.565,19438.02
1783692000,2026-07-10 14:00:00,1.535,1.567,1.565,1.549,24305.18
1783695600,2026-07-10 15:00:00,1.546,1.555,1.55,1.551,19499.22
1783699200,2026-07-10 16:00:00,1.55,1.56,1.552,1.56,3820.43
1783702800,2026-07-10 17:00:00,1.554,1.56,1.56,1.557,7286.39
1783706400,2026-07-10 18:00:00,1.548,1.563,1.559,1.552,8382.87
1783710000,2026-07-10 19:00:00,1.552,1.562,1.553,1.556,13897.83
1783713600,2026-07-10 20:00:00,1.551,1.558,1.557,1.553,8154.66
1783717200,2026-07-10 21:00:00,1.551,1.566,1.554,1.565,7339.78
1783720800,2026-07-10 22:00:00,1.565,1.573,1.566,1.571,17899.72
1783724400,2026-07-10 23:00:00,1.566,1.571,1.57,1.569,6104.12
1783728000,2026-07-11 00:00:00,1.568,1.585,1.568,1.583,18383.94
1783731600,2026-07-11 01:00:00,1.572,1.584,1.58,1.573,6109.11
1783735200,2026-07-11 02:00:00,1.572,1.582,1.576,1.582,4130.6
1783738800,2026-07-11 03:00:00,1.579,1.585,1.584,1.579,11152.73
1783742400,2026-07-11 04:00:00,1.576,1.585,1.579,1.577,6186.34
1783746000,2026-07-11 05:00:00,1.577,1.588,1.577,1.584,3703.79
1783749600,2026-07-11 06:00:00,1.575,1.588,1.588,1.575,7921.3
1783753200,2026-07-11 07:00:00,1.573,1.578,1.574,1.578,564.94
1783756800,2026-07-11 08:00:00,1.578,1.584,1.578,1.584,7104.62
1783760400,2026-07-11 09:00:00,1.573,1.583,1.583,1.574,8104.06
1783764000,2026-07-11 10:00:00,1.568,1.574,1.573,1.574,16733.37
1783767600,2026-07-11 11:00:00,1.57,1.576,1.574,1.575,6272.67
1783771200,2026-07-11 12:00:00,1.568,1.577,1.575,1.569,27134.86
1783774800,2026-07-11 13:00:00,1.568,1.577,1.569,1.572,18960.23
1783778400,2026-07-11 14:00:00,1.571,1.582,1.572,1.578,9157.15
1783782000,2026-07-11 15:00:00,1.566,1.582,1.579,1.574,11429.07
1783785600,2026-07-11 16:00:00,1.572,1.592,1.574,1.578,10779.45
1783789200,2026-07-11 17:00:00,1.57,1.579,1.577,1.572,59871.61
1783792800,2026-07-11 18:00:00,1.569,1.575,1.573,1.571,7325.29
1783796400,2026-07-11 19:00:00,1.571,1.577,1.571,1.577,13572.66
1783800000,2026-07-11 20:00:00,1.576,1.582,1.577,1.582,20175.72
1783803600,2026-07-11 21:00:00,1.571,1.587,1.582,1.573,7165.17
1783807200,2026-07-11 22:00:00,1.565,1.574,1.572,1.565,19025.3
1783810800,2026-07-11 23:00:00,1.542,1.567,1.567,1.543,29632.72
1783814400,2026-07-12 00:00:00,1.525,1.544,1.542,1.535,35916.76
1783818000,2026-07-12 01:00:00,1.531,1.543,1.533,1.539,11750.4
1783821600,2026-07-12 02:00:00,1.536,1.542,1.539,1.538,6867.78
1783825200,2026-07-12 03:00:00,1.536,1.547,1.537,1.547,8538.77
1783828800,2026-07-12 04:00:00,1.542,1.549,1.546,1.544,4234.96
1783832400,2026-07-12 05:00:00,1.539,1.546,1.544,1.539,2739.32
1783836000,2026-07-12 06:00:00,1.531,1.537,1.537,1.535,20261.21
1783839600,2026-07-12 07:00:00,1.536,1.541,1.536,1.539,5967.64
1783843200,2026-07-12 08:00:00,1.541,1.549,1.541,1.547,1954.17
1783846800,2026-07-12 09:00:00,1.542,1.551,1.548,1.546,5405.91
1783850400,2026-07-12 10:00:00,1.546,1.548,1.547,1.548,852.67
1783854000,2026-07-12 11:00:00,1.542,1.554,1.547,1.551,3910.45
1783857600,2026-07-12 12:00:00,1.549,1.553,1.55,1.549,10261.85
1783861200,2026-07-12 13:00:00,1.55,1.558,1.55,1.552,25909.49
1783864800,2026-07-12 14:00:00,1.547,1.559,1.551,1.556,7638.42
1783868400,2026-07-12 15:00:00,1.55,1.557,1.557,1.55,3174.33
1783872000,2026-07-12 16:00:00,1.545,1.551,1.551,1.548,8381.05
1783875600,2026-07-12 17:00:00,1.541,1.552,1.548,1.546,4634.49
1783879200,2026-07-12 18:00:00,1.544,1.55,1.545,1.549,2721.74
1783882800,2026-07-12 19:00:00,1.549,1.561,1.549,1.555,10158.52
1783886400,2026-07-12 20:00:00,1.549,1.557,1.556,1.551,2252.41
1783890000,2026-07-12 21:00:00,1.538,1.552,1.552,1.538,11478.05
1783893600,2026-07-12 22:00:00,1.525,1.537,1.536,1.531,41265.67
1783897200,2026-07-12 23:00:00,1.522,1.531,1.528,1.522,6712.87
1783900800,2026-07-13 00:00:00,1.517,1.55,1.525,1.527,10762.68
1783904400,2026-07-13 01:00:00,1.511,1.528,1.528,1.511,13667.91
1783908000,2026-07-13 02:00:00,1.507,1.526,1.512,1.52,36339.2
1783911600,2026-07-13 03:00:00,1.507,1.522,1.522,1.512,22394.97
1783915200,2026-07-13 04:00:00,1.503,1.52,1.51,1.514,7397.89
1783918800,2026-07-13 05:00:00,1.514,1.525,1.514,1.521,5386.55
1783922400,2026-07-13 06:00:00,1.518,1.523,1.52,1.523,1976.82
1783926000,2026-07-13 07:00:00,1.517,1.525,1.519,1.518,4784.67
1783929600,2026-07-13 08:00:00,1.516,1.524,1.521,1.524,2250.8
1783933200,2026-07-13 09:00:00,1.517,1.522,1.522,1.519,3866.08
1783936800,2026-07-13 10:00:00,1.517,1.524,1.518,1.52,1819.62
1783940400,2026-07-13 11:00:00,1.513,1.526,1.523,1.513,4595.01
1783944000,2026-07-13 12:00:00,1.505,1.515,1.515,1.506,4341.7
1783947600,2026-07-13 13:00:00,1.498,1.509,1.506,1.507,42111.31
1783951200,2026-07-13 14:00:00,1.498,1.521,1.509,1.521,18846.09
1783954800,2026-07-13 15:00:00,1.505,1.521,1.521,1.505,8511.15
1783958400,2026-07-13 16:00:00,1.495,1.507,1.504,1.497,24772.16
1783962000,2026-07-13 17:00:00,1.48,1.5,1.499,1.483,23048.15
1783965600,2026-07-13 18:00:00,1.482,1.495,1.484,1.491,23834.77
1783969200,2026-07-13 19:00:00,1.489,1.497,1.491,1.494,7803.77
1783972800,2026-07-13 20:00:00,1.482,1.496,1.496,1.485,8555.57
1783976400,2026-07-13 21:00:00,1.463,1.486,1.485,1.479,24773.24
1783980000,2026-07-13 22:00:00,1.478,1.486,1.478,1.479,13746.41
1783983600,2026-07-13 23:00:00,1.479,1.492,1.48,1.492,1499.93
1783987200,2026-07-14 00:00:00,1.476,1.492,1.492,1.491,18197.35
1783990800,2026-07-14 01:00:00,1.481,1.488,1.487,1.483,6926.92
1783994400,2026-07-14 02:00:00,1.48,1.491,1.485,1.486,13784.9
1783998000,2026-07-14 03:00:00,1.476,1.486,1.486,1.485,4209.47
1784001600,2026-07-14 04:00:00,1.481,1.492,1.484,1.49,6556.96
1784005200,2026-07-14 05:00:00,1.49,1.496,1.491,1.493,4101.57
1784008800,2026-07-14 06:00:00,1.491,1.495,1.492,1.495,7344.61
1784012400,2026-07-14 07:00:00,1.492,1.497,1.493,1.492,2536.9
1784016000,2026-07-14 08:00:00,1.489,1.499,1.491,1.489,12447.5
1784019600,2026-07-14 09:00:00,1.482,1.49,1.489,1.485,6217.18
1784023200,2026-07-14 10:00:00,1.481,1.49,1.484,1.49,6539.68
1784026800,2026-07-14 11:00:00,1.481,1.491,1.49,1.481,11842.09
1784030400,2026-07-14 12:00:00,1.475,1.509,1.481,1.509,45394.85
1784034000,2026-07-14 13:00:00,1.505,1.525,1.509,1.52,17570.24
1784037600,2026-07-14 14:00:00,1.51,1.524,1.52,1.521,20549.15
1784041200,2026-07-14 15:00:00,1.513,1.524,1.521,1.513,30408.6
1784044800,2026-07-14 16:00:00,1.509,1.517,1.512,1.515,9446.2
1784048400,2026-07-14 17:00:00,1.505,1.518,1.517,1.517,6086.4
1784052000,2026-07-14 18:00:00,1.505,1.514,1.514,1.511,9396.37
1784055600,2026-07-14 19:00:00,1.507,1.515,1.511,1.515,5586.75
1784059200,2026-07-14 20:00:00,1.513,1.517,1.514,1.517,2693.66
1784062800,2026-07-14 21:00:00,1.511,1.518,1.517,1.511,7387.76
1784066400,2026-07-14 22:00:00,1.508,1.526,1.512,1.521,42255.94
1784070000,2026-07-14 23:00:00,1.519,1.526,1.519,1.526,2306.55
1784073600,2026-07-15 00:00:00,1.52,1.535,1.527,1.524,19726.51
1784077200,2026-07-15 01:00:00,1.519,1.526,1.524,1.523,1523.18
1784080800,2026-07-15 02:00:00,1.517,1.526,1.524,1.52,3904.27
1784084400,2026-07-15 03:00:00,1.522,1.532,1.522,1.53,23667.49
1784088000,2026-07-15 04:00:00,1.523,1.531,1.529,1.528,2882.49
1784091600,2026-07-15 05:00:00,1.518,1.534,1.526,1.533,3060.07
1784095200,2026-07-15 06:00:00,1.532,1.541,1.534,1.533,15190.87
1784098800,2026-07-15 07:00:00,1.521,1.534,1.533,1.523,13069.66
1784102400,2026-07-15 08:00:00,1.52,1.528,1.52,1.528,2774.42
1784106000,2026-07-15 09:00:00,1.523,1.53,1.529,1.524,1914.7
1784109600,2026-07-15 10:00:00,1.52,1.527,1.527,1.524,1823.76
1784113200,2026-07-15 11:00:00,1.523,1.532,1.524,1.532,9278.78
1784116800,2026-07-15 12:00:00,1.528,1.552,1.533,1.551,24054.98
1784120400,2026-07-15 13:00:00,1.535,1.557,1.549,1.539,22987.38
1784124000,2026-07-15 14:00:00,1.533,1.542,1.539,1.539,19356.24
1784127600,2026-07-15 15:00:00,1.531,1.539,1.539,1.535,3444.13
1784131200,2026-07-15 16:00:00,1.511,1.533,1.532,1.525,40707.51
1784134800,2026-07-15 17:00:00,1.523,1.533,1.524,1.533,12947.46
1784138400,2026-07-15 18:00:00,1.527,1.536,1.534,1.531,12410.04
1784142000,2026-07-15 19:00:00,1.523,1.531,1.53,1.527,10734.99
1784145600,2026-07-15 20:00:00,1.526,1.537,1.528,1.531,5381.05
1784149200,2026-07-15 21:00:00,1.524,1.533,1.532,1.527,5854.38
1784152800,2026-07-15 22:00:00,1.523,1.533,1.526,1.523,14546.53
1784156400,2026-07-15 23:00:00,1.52,1.526,1.522,1.526,8560.09
1784160000,2026-07-16 00:00:00,1.522,1.53,1.528,1.526,8135.98
1784163600,2026-07-16 01:00:00,1.519,1.533,1.526,1.533,23500.1
1784167200,2026-07-16 02:00:00,1.53,1.537,1.532,1.536,2941.44
1784170800,2026-07-16 03:00:00,1.522,1.538,1.537,1.522,26301.74
1784174400,2026-07-16 04:00:00,1.518,1.523,1.52,1.521,5449.84
1784178000,2026-07-16 05:00:00,1.521,1.526,1.521,1.522,495.79
1784181600,2026-07-16 06:00:00,1.515,1.526,1.523,1.517,5204.49
1784185200,2026-07-16 07:00:00,1.504,1.52,1.519,1.509,8783.37
1784188800,2026-07-16 08:00:00,1.495,1.508,1.507,1.499,12480.9
1784192400,2026-07-16 09:00:00,1.498,1.502,1.498,1.498,4305.82
1784196000,2026-07-16 10:00:00,1.498,1.505,1.498,1.502,2708.65
1784199600,2026-07-16 11:00:00,1.497,1.504,1.502,1.498,19829.31
1784203200,2026-07-16 12:00:00,1.493,1.504,1.499,1.498,88869.31
1784206800,2026-07-16 13:00:00,1.497,1.511,1.498,1.509,13334.2
1784210400,2026-07-16 14:00:00,1.504,1.515,1.509,1.508,6821.04
1784214000,2026-07-16 15:00:00,1.501,1.517,1.503,1.511,13236.21
1784217600,2026-07-16 16:00:00,1.506,1.512,1.51,1.51,6940.48
1784221200,2026-07-16 17:00:00,1.494,1.509,1.509,1.498,11306.58
1784224800,2026-07-16 18:00:00,1.493,1.502,1.498,1.498,6257.76
1784228400,2026-07-16 19:00:00,1.493,1.499,1.499,1.493,21684.14
1784232000,2026-07-16 20:00:00,1.491,1.495,1.493,1.492,8336.84
1784235600,2026-07-16 21:00:00,1.491,1.498,1.491,1.494,7547
1784239200,2026-07-16 22:00:00,1.478,1.497,1.494,1.48,27087.55
1784242800,2026-07-16 23:00:00,1.465,1.481,1.479,1.476,21481.43
1784246400,2026-07-17 00:00:00,1.465,1.488,1.473,1.487,43781.92
1784250000,2026-07-17 01:00:00,1.474,1.492,1.486,1.476,25356.11
1784253600,2026-07-17 02:00:00,1.474,1.483,1.475,1.483,65501.99
1784257200,2026-07-17 03:00:00,1.479,1.491,1.479,1.48,7893.48
1784260800,2026-07-17 04:00:00,1.471,1.483,1.48,1.479,57092.86
1784264400,2026-07-17 05:00:00,1.456,1.477,1.477,1.462,9322.38
1784268000,2026-07-17 06:00:00,1.461,1.473,1.461,1.47,3117.07
1784271600,2026-07-17 07:00:00,1.466,1.471,1.47,1.467,7717.78
1784275200,2026-07-17 08:00:00,1.456,1.469,1.466,1.467,18570.29
1784278800,2026-07-17 09:00:00,1.468,1.473,1.469,1.47,2123.11
1784282400,2026-07-17 10:00:00,1.47,1.478,1.47,1.475,6111.39
1784286000,2026-07-17 11:00:00,1.469,1.477,1.473,1.475,6139.54
1784289600,2026-07-17 12:00:00,1.462,1.475,1.475,1.462,2289.63
1784293200,2026-07-17 13:00:00,1.447,1.467,1.462,1.467,30453.97
1784296800,2026-07-17 14:00:00,1.463,1.474,1.467,1.463,14930.53
1784300400,2026-07-17 15:00:00,1.456,1.474,1.465,1.474,26026.9
1784304000,2026-07-17 16:00:00,1.471,1.483,1.474,1.483,11967.99
1784307600,2026-07-17 17:00:00,1.479,1.492,1.482,1.479,3099.67
1784311200,2026-07-17 18:00:00,1.476,1.485,1.481,1.483,2547.98
1784314800,2026-07-17 19:00:00,1.469,1.484,1.482,1.472,18729.6
1784318400,2026-07-17 20:00:00,1.464,1.476,1.473,1.47,23432.56
1784322000,2026-07-17 21:00:00,1.469,1.477,1.471,1.47,5486.27
1784325600,2026-07-17 22:00:00,1.468,1.473,1.47,1.47,6333.97
1784329200,2026-07-17 23:00:00,1.469,1.477,1.47,1.477,12685.09
1784332800,2026-07-18 00:00:00,1.474,1.48,1.476,1.477,7476.68
1784336400,2026-07-18 01:00:00,1.475,1.481,1.477,1.478,3551.76
1784340000,2026-07-18 02:00:00,1.474,1.481,1.48,1.476,6230.57
1784343600,2026-07-18 03:00:00,1.472,1.48,1.476,1.479,2487.45
1784347200,2026-07-18 04:00:00,1.473,1.479,1.479,1.475,647.49
1784350800,2026-07-18 05:00:00,1.468,1.476,1.475,1.468,3619.79
1784354400,2026-07-18 06:00:00,1.467,1.472,1.469,1.469,3924.53
1784358000,2026-07-18 07:00:00,1.466,1.47,1.468,1.466,2301.06
1784361600,2026-07-18 08:00:00,1.467,1.471,1.467,1.468,996.42
1784365200,2026-07-18 09:00:00,1.464,1.468,1.468,1.465,1660.8
1784368800,2026-07-18 10:00:00,1.463,1.467,1.465,1.464,836.12
1784372400,2026-07-18 11:00:00,1.463,1.466,1.463,1.464,700.92
1784376000,2026-07-18 12:00:00,1.459,1.469,1.466,1.461,2918.37
1784379600,2026-07-18 13:00:00,1.455,1.463,1.46,1.46,44939.85
1784383200,2026-07-18 14:00:00,1.457,1.468,1.459,1.465,9916.11
1784386800,2026-07-18 15:00:00,1.463,1.47,1.466,1.463,2278.78
1784390400,2026-07-18 16:00:00,1.466,1.477,1.466,1.471,9522.53
1784394000,2026-07-18 17:00:00,1.468,1.472,1.472,1.472,4908.77
1784397600,2026-07-18 18:00:00,1.465,1.474,1.471,1.469,6009.5
1784401200,2026-07-18 19:00:00,1.467,1.471,1.471,1.467,1891.14
1784404800,2026-07-18 20:00:00,1.467,1.474,1.467,1.472,24096.95
1784408400,2026-07-18 21:00:00,1.47,1.478,1.472,1.475,33455.42
1784412000,2026-07-18 22:00:00,1.476,1.482,1.476,1.48,17758.69
1784415600,2026-07-18 23:00:00,1.477,1.483,1.48,1.482,8510.87
1784419200,2026-07-19 00:00:00,1.478,1.491,1.482,1.481,8192.34
1784422800,2026-07-19 01:00:00,1.478,1.486,1.481,1.486,12634.41
1784426400,2026-07-19 02:00:00,1.484,1.491,1.486,1.487,14150.31
1784430000,2026-07-19 03:00:00,1.48,1.487,1.487,1.481,2797.75
1784433600,2026-07-19 04:00:00,1.477,1.482,1.48,1.48,4936.63
1784437200,2026-07-19 05:00:00,1.477,1.482,1.479,1.478,1916.4
1784440800,2026-07-19 06:00:00,1.479,1.484,1.479,1.484,6675.19
1784444400,2026-07-19 07:00:00,1.477,1.483,1.483,1.479,1514.64
1784448000,2026-07-19 08:00:00,1.479,1.486,1.48,1.486,1324.25
1784451600,2026-07-19 09:00:00,1.478,1.487,1.484,1.481,542.18
1784455200,2026-07-19 10:00:00,1.483,1.489,1.483,1.486,3418.94
1784458800,2026-07-19 11:00:00,1.479,1.489,1.487,1.48,6020.8
1784462400,2026-07-19 12:00:00,1.475,1.482,1.48,1.48,3758.98
1784466000,2026-07-19 13:00:00,1.478,1.482,1.479,1.48,3040.81
1784469600,2026-07-19 14:00:00,1.476,1.482,1.481,1.48,13635.9
1784473200,2026-07-19 15:00:00,1.477,1.482,1.481,1.482,4673.83
1784476800,2026-07-19 16:00:00,1.477,1.487,1.481,1.478,11637.59
1784480400,2026-07-19 17:00:00,1.468,1.483,1.477,1.477,7457.66
1784484000,2026-07-19 18:00:00,1.47,1.478,1.477,1.477,3040.72
1784487600,2026-07-19 19:00:00,1.476,1.483,1.476,1.483,2452.36
1784491200,2026-07-19 20:00:00,1.48,1.483,1.483,1.482,19604.96
1784494800,2026-07-19 21:00:00,1.476,1.484,1.484,1.476,5590.47
1784498400,2026-07-19 22:00:00,1.473,1.489,1.478,1.479,6583.07
1784502000,2026-07-19 23:00:00,1.476,1.483,1.478,1.482,3829.6
1784505600,2026-07-20 00:00:00,1.478,1.495,1.479,1.483,7765.24
1784509200,2026-07-20 01:00:00,1.478,1.493,1.48,1.481,4770.04
1784512800,2026-07-20 02:00:00,1.479,1.491,1.483,1.488,6594.91
1784516400,2026-07-20 03:00:00,1.482,1.5,1.489,1.485,10279.77
1784520000,2026-07-20 04:00:00,1.478,1.485,1.485,1.478,7876.22
1784523600,2026-07-20 05:00:00,1.47,1.481,1.48,1.473,6155.51
1784527200,2026-07-20 06:00:00,1.467,1.476,1.475,1.474,8847.65
1784530800,2026-07-20 07:00:00,1.469,1.478,1.473,1.477,4951.67
1784534400,2026-07-20 08:00:00,1.469,1.478,1.477,1.472,4298.26
1784538000,2026-07-20 09:00:00,1.473,1.477,1.473,1.475,8945.99
1784541600,2026-07-20 10:00:00,1.472,1.475,1.475,1.473,5540.4
1784545200,2026-07-20 11:00:00,1.472,1.487,1.472,1.485,35330.88
1784548800,2026-07-20 12:00:00,1.481,1.49,1.485,1.49,4495.34
1784552400,2026-07-20 13:00:00,1.482,1.5,1.488,1.486,13354.54
1784556000,2026-07-20 14:00:00,1.486,1.505,1.486,1.505,82970.58
1784559600,2026-07-20 15:00:00,1.502,1.515,1.505,1.512,50297.29
1784563200,2026-07-20 16:00:00,1.504,1.513,1.513,1.512,23094.53
1784566800,2026-07-20 17:00:00,1.507,1.519,1.512,1.514,26290.79
1784570400,2026-07-20 18:00:00,1.509,1.516,1.515,1.511,118139.97
1784574000,2026-07-20 19:00:00,1.503,1.511,1.511,1.508,18320.39
1784577600,2026-07-20 20:00:00,1.505,1.516,1.505,1.514,16105.55
1784581200,2026-07-20 21:00:00,1.51,1.516,1.514,1.512,5302.53
1784584800,2026-07-20 22:00:00,1.508,1.514,1.512,1.511,5839.7
1784588400,2026-07-20 23:00:00,1.512,1.521,1.512,1.515,8411.97
1784592000,2026-07-21 00:00:00,1.516,1.533,1.516,1.522,19284.34
1784595600,2026-07-21 01:00:00,1.521,1.528,1.523,1.524,18675.35
1784599200,2026-07-21 02:00:00,1.519,1.529,1.525,1.529,5354.32
1784602800,2026-07-21 03:00:00,1.532,1.536,1.532,1.536,6088.14
1784606400,2026-07-21 04:00:00,1.53,1.537,1.535,1.534,4896.78
1784610000,2026-07-21 05:00:00,1.527,1.541,1.53,1.541,8246.72
1784613600,2026-07-21 06:00:00,1.536,1.551,1.542,1.541,12302.98
1784617200,2026-07-21 07:00:00,1.536,1.543,1.542,1.543,7755.87
1784620800,2026-07-21 08:00:00,1.541,1.551,1.542,1.549,62614.01
1784624400,2026-07-21 09:00:00,1.547,1.554,1.549,1.552,9379.02
1784628000,2026-07-21 10:00:00,1.548,1.556,1.554,1.549,3989.82
1784631600,2026-07-21 11:00:00,1.548,1.552,1.548,1.551,6080.04
1784635200,2026-07-21 12:00:00,1.549,1.563,1.549,1.563,21609.8
1784638800,2026-07-21 13:00:00,1.551,1.563,1.563,1.557,36481.65
1784642400,2026-07-21 14:00:00,1.549,1.559,1.557,1.552,12715.76
1784646000,2026-07-21 15:00:00,1.542,1.552,1.551,1.545,14479.03
1784649600,2026-07-21 16:00:00,1.533,1.545,1.545,1.539,15448.9
1784653200,2026-07-21 17:00:00,1.531,1.542,1.541,1.537,13182.98
1784656800,2026-07-21 18:00:00,1.534,1.54,1.536,1.535,11762.76
1784660400,2026-07-21 19:00:00,1.532,1.539,1.535,1.539,11991.35
1784664000,2026-07-21 20:00:00,1.537,1.548,1.538,1.545,19652.11
1784667600,2026-07-21 21:00:00,1.536,1.55,1.544,1.536,21277.77
1784671200,2026-07-21 22:00:00,1.532,1.537,1.536,1.532,4379.61
1784674800,2026-07-21 23:00:00,1.529,1.535,1.532,1.535,7942.57
1784678400,2026-07-22 00:00:00,1.53,1.536,1.533,1.532,8734.47
1784682000,2026-07-22 01:00:00,1.526,1.532,1.532,1.528,9513.25
1784685600,2026-07-22 02:00:00,1.522,1.528,1.527,1.523,14741.02
1784689200,2026-07-22 03:00:00,1.512,1.523,1.523,1.512,1294.14
1784692800,2026-07-22 04:00:00,1.511,1.517,1.512,1.511,9361.18
1784696400,2026-07-22 05:00:00,1.503,1.51,1.51,1.505,8034.68
1784700000,2026-07-22 06:00:00,1.502,1.509,1.506,1.503,7051.8
1784703600,2026-07-22 07:00:00,1.503,1.509,1.503,1.509,15771.62
1784707200,2026-07-22 08:00:00,1.506,1.515,1.51,1.508,5507.21
1784710800,2026-07-22 09:00:00,1.503,1.508,1.508,1.508,1555.72
1784714400,2026-07-22 10:00:00,1.507,1.515,1.507,1.513,4677.32
1784718000,2026-07-22 11:00:00,1.509,1.514,1.511,1.512,14721.85
1784721600,2026-07-22 12:00:00,1.506,1.513,1.512,1.511,13476.81
1784725200,2026-07-22 13:00:00,1.512,1.525,1.513,1.525,8223.41
1784728800,2026-07-22 14:00:00,1.517,1.532,1.526,1.527,15586.84
1784732400,2026-07-22 15:00:00,1.525,1.532,1.525,1.529,6719.87
1784736000,2026-07-22 16:00:00,1.526,1.537,1.528,1.537,17940.21
1784739600,2026-07-22 17:00:00,1.529,1.537,1.535,1.53,25079.1
1784743200,2026-07-22 18:00:00,1.52,1.527,1.527,1.523,16280.2
1784746800,2026-07-22 19:00:00,1.515,1.523,1.521,1.52,9048.32
1784750400,2026-07-22 20:00:00,1.517,1.522,1.52,1.52,11083.56
1784754000,2026-07-22 21:00:00,1.516,1.519,1.517,1.516,2279.77
1784757600,2026-07-22 22:00:00,1.509,1.516,1.516,1.511,7139.31
1784761200,2026-07-22 23:00:00,1.499,1.511,1.507,1.508,19814.59
1784764800,2026-07-23 00:00:00,1.507,1.517,1.508,1.511,3459.96
1784768400,2026-07-23 01:00:00,1.506,1.513,1.511,1.506,3133.78
1784772000,2026-07-23 02:00:00,1.504,1.508,1.507,1.507,1471.99
1784775600,2026-07-23 03:00:00,1.504,1.508,1.507,1.505,8427.12
1784779200,2026-07-23 04:00:00,1.503,1.511,1.503,1.507,3635.06
1784782800,2026-07-23 05:00:00,1.507,1.516,1.507,1.512,1698.13
1784786400,2026-07-23 06:00:00,1.509,1.513,1.511,1.512,1107.58
1784790000,2026-07-23 07:00:00,1.504,1.514,1.51,1.511,8040.04
1784793600,2026-07-23 08:00:00,1.511,1.517,1.512,1.515,12563.33
1784797200,2026-07-23 09:00:00,1.512,1.516,1.515,1.513,4623.12
1784800800,2026-07-23 10:00:00,1.513,1.517,1.513,1.515,5852.21
1784804400,2026-07-23 11:00:00,1.51,1.516,1.514,1.51,3759.23
1784808000,2026-07-23 12:00:00,1.499,1.513,1.511,1.505,8620.43
1784811600,2026-07-23 13:00:00,1.493,1.505,1.502,1.497,30046.27
1784815200,2026-07-23 14:00:00,1.494,1.503,1.494,1.494,6499.5
1784818800,2026-07-23 15:00:00,1.485,1.494,1.492,1.49,18862.99
1784822400,2026-07-23 16:00:00,1.483,1.489,1.489,1.483,12148.68
1784826000,2026-07-23 17:00:00,1.472,1.485,1.482,1.476,21914.38
1784829600,2026-07-23 18:00:00,1.47,1.48,1.476,1.477,87743.73
1784833200,2026-07-23 19:00:00,1.47,1.478,1.475,1.475,5684.33
1784836800,2026-07-23 20:00:00,1.476,1.485,1.476,1.485,8491.11
1784840400,2026-07-23 21:00:00,1.479,1.486,1.485,1.479,9248.77
1784844000,2026-07-23 22:00:00,1.469,1.477,1.477,1.477,11048.59
1784847600,2026-07-23 23:00:00,1.473,1.478,1.476,1.473,5697.7
1784851200,2026-07-24 00:00:00,1.463,1.474,1.474,1.472,15542.96
1784854800,2026-07-24 01:00:00,1.471,1.476,1.473,1.473,4380.45
1784858400,2026-07-24 02:00:00,1.47,1.476,1.471,1.47,3981.35
1784862000,2026-07-24 03:00:00,1.471,1.485,1.471,1.484,2308.12
1784865600,2026-07-24 04:00:00,1.482,1.486,1.483,1.485,2720.14
1784869200,2026-07-24 05:00:00,1.486,1.492,1.486,1.489,6572.9
1784872800,2026-07-24 06:00:00,1.487,1.495,1.489,1.488,11267.43
1784876400,2026-07-24 07:00:00,1.486,1.496,1.488,1.493,3130.92
1784880000,2026-07-24 08:00:00,1.489,1.495,1.495,1.491,2428.66
1784883600,2026-07-24 09:00:00,1.485,1.49,1.49,1.488,1915.45
1784887200,2026-07-24 10:00:00,1.48,1.482,1.482,1.48,540.16
1784890800,2026-07-24 11:00:00,1.477,1.484,1.48,1.481,5624.9
1784894400,2026-07-24 12:00:00,1.471,1.484,1.48,1.471,7471.53
1784898000,2026-07-24 13:00:00,1.449,1.471,1.471,1.458,35155.5
1784901600,2026-07-24 14:00:00,1.443,1.459,1.459,1.454,19692.45
1784905200,2026-07-24 15:00:00,1.452,1.464,1.455,1.459,14807.13
1784908800,2026-07-24 16:00:00,1.453,1.461,1.459,1.453,8058.71
1784912400,2026-07-24 17:00:00,1.457,1.464,1.459,1.463,12584.1
1784916000,2026-07-24 18:00:00,1.46,1.465,1.463,1.464,1916.82
1784919600,2026-07-24 19:00:00,1.462,1.469,1.463,1.467,5870.93
1784923200,2026-07-24 20:00:00,1.464,1.468,1.467,1.466,6535.5
1784926800,2026-07-24 21:00:00,1.463,1.471,1.467,1.464,13417.18
1784930400,2026-07-24 22:00:00,1.457,1.468,1.463,1.467,9250.73
1784934000,2026-07-24 23:00:00,1.454,1.469,1.468,1.459,7406.56
1784937600,2026-07-25 00:00:00,1.456,1.463,1.458,1.461,4527.19
1784941200,2026-07-25 01:00:00,1.456,1.462,1.462,1.46,5903.12
1784944800,2026-07-25 02:00:00,1.455,1.459,1.459,1.458,3474.58
1784948400,2026-07-25 03:00:00,1.453,1.459,1.458,1.453,2080.76
1784952000,2026-07-25 04:00:00,1.452,1.456,1.453,1.454,3711.2
1784955600,2026-07-25 05:00:00,1.45,1.454,1.453,1.452,3404.82
1784959200,2026-07-25 06:00:00,1.447,1.453,1.452,1.449,2519.33
1784962800,2026-07-25 07:00:00,1.443,1.453,1.448,1.443,11613.68
1784966400,2026-07-25 08:00:00,1.437,1.449,1.444,1.441,18451.46
1784970000,2026-07-25 09:00:00,1.44,1.449,1.441,1.443,2711.72
1784973600,2026-07-25 10:00:00,1.444,1.447,1.444,1.446,3032.2
1784977200,2026-07-25 11:00:00,1.441,1.45,1.447,1.442,26940.35
1784980800,2026-07-25 12:00:00,1.441,1.447,1.443,1.447,22890.82
1784984400,2026-07-25 13:00:00,1.447,1.453,1.447,1.447,4683.26
1784988000,2026-07-25 14:00:00,1.445,1.453,1.447,1.451,6973.36
1784991600,2026-07-25 15:00:00,1.452,1.46,1.453,1.457,20892.68
1784995200,2026-07-25 16:00:00,1.456,1.462,1.457,1.462,11163.54
1784998800,2026-07-25 17:00:00,1.46,1.469,1.461,1.465,14415.71
1785002400,2026-07-25 18:00:00,1.462,1.468,1.466,1.467,10121.39
1785006000,2026-07-25 19:00:00,1.46,1.468,1.468,1.462,6991.46
1785009600,2026-07-25 20:00:00,1.457,1.464,1.463,1.457,2310.62
1785013200,2026-07-25 21:00:00,1.456,1.463,1.457,1.462,5522.56
1785016800,2026-07-25 22:00:00,1.461,1.464,1.462,1.463,2254.5
1785020400,2026-07-25 23:00:00,1.46,1.468,1.461,1.466,19307.29
1785024000,2026-07-26 00:00:00,1.461,1.472,1.465,1.469,6268.23
1785027600,2026-07-26 01:00:00,1.468,1.476,1.469,1.468,15389.79
1785031200,2026-07-26 02:00:00,1.47,1.482,1.47,1.482,5505.36
1785034800,2026-07-26 03:00:00,1.478,1.484,1.482,1.482,2816.08
1785038400,2026-07-26 04:00:00,1.481,1.486,1.483,1.481,1768.62
1785042000,2026-07-26 05:00:00,1.475,1.483,1.48,1.479,7103.29
1785045600,2026-07-26 06:00:00,1.474,1.482,1.477,1.482,1947.36
1785049200,2026-07-26 07:00:00,1.478,1.486,1.483,1.478,4345.22
1785052800,2026-07-26 08:00:00,1.479,1.481,1.48,1.48,1210.99
1785056400,2026-07-26 09:00:00,1.479,1.483,1.479,1.482,9145.97
1785060000,2026-07-26 10:00:00,1.482,1.49,1.482,1.486,5144.07
1785063600,2026-07-26 11:00:00,1.482,1.489,1.487,1.484,8235.22
1785067200,2026-07-26 12:00:00,1.483,1.489,1.488,1.483,8728.15
1785070800,2026-07-26 13:00:00,1.479,1.483,1.481,1.479,7289.76
1785074400,2026-07-26 14:00:00,1.47,1.486,1.48,1.475,21104.64
1785078000,2026-07-26 15:00:00,1.473,1.481,1.475,1.476,27866.65
1785081600,2026-07-26 16:00:00,1.464,1.481,1.469,1.477,251546.1
1785085200,2026-07-26 17:00:00,1.472,1.477,1.477,1.472,4466.96
1785088800,2026-07-26 18:00:00,1.47,1.472,1.472,1.47,1446.37
1785092400,2026-07-26 19:00:00,1.466,1.471,1.471,1.467,3287.55
1785096000,2026-07-26 20:00:00,1.466,1.474,1.469,1.469,20583.97
1785099600,2026-07-26 21:00:00,1.468,1.478,1.468,1.478,12247.71
1785103200,2026-07-26 22:00:00,1.477,1.486,1.479,1.483,7797.93
1785106800,2026-07-26 23:00:00,1.477,1.487,1.483,1.486,10487.07
1785110400,2026-07-27 00:00:00,1.478,1.497,1.487,1.478,16311.9
1785114000,2026-07-27 01:00:00,1.473,1.48,1.479,1.48,10012.91
1785117600,2026-07-27 02:00:00,1.475,1.481,1.479,1.481,14796.52
1785121200,2026-07-27 03:00:00,1.477,1.483,1.48,1.482,6244.9
1785124800,2026-07-27 04:00:00,1.479,1.484,1.482,1.481,12829.26
1785128400,2026-07-27 05:00:00,1.482,1.486,1.482,1.485,2625.26
1785132000,2026-07-27 06:00:00,1.482,1.49,1.486,1.482,2429.42
1785135600,2026-07-27 07:00:00,1.478,1.484,1.483,1.482,8709.36
1785139200,2026-07-27 08:00:00,1.477,1.483,1.479,1.482,16669.71
1785142800,2026-07-27 09:00:00,1.476,1.487,1.479,1.485,21550.65
1785146400,2026-07-27 10:00:00,1.483,1.487,1.486,1.484,17837.76
1785150000,2026-07-27 11:00:00,1.478,1.485,1.484,1.48,11853.35
1785153600,2026-07-27 12:00:00,1.472,1.484,1.48,1.482,16111.6
1785157200,2026-07-27 13:00:00,1.474,1.495,1.478,1.486,9376.88
1785160800,2026-07-27 14:00:00,1.448,1.486,1.486,1.46,39018.02
1785164400,2026-07-27 15:00:00,1.448,1.461,1.46,1.454,21952.19
1785168000,2026-07-27 16:00:00,1.451,1.463,1.454,1.46,6212.23
1785171600,2026-07-27 17:00:00,1.451,1.462,1.46,1.454,18229.49
1785175200,2026-07-27 18:00:00,1.437,1.454,1.454,1.443,24034.83
1785178800,2026-07-27 19:00:00,1.441,1.453,1.443,1.451,3880.39
1785182400,2026-07-27 20:00:00,1.444,1.451,1.451,1.445,12262.73
1785186000,2026-07-27 21:00:00,1.442,1.448,1.445,1.442,4738.05
1785189600,2026-07-27 22:00:00,1.408,1.442,1.442,1.408,59120.95
1785193200,2026-07-27 23:00:00,1.407,1.422,1.409,1.412,36157.92
1785196800,2026-07-28 00:00:00,1.399,1.416,1.41,1.402,34127.85
1785200400,2026-07-28 01:00:00,1.388,1.404,1.402,1.403,31231.64
1785204000,2026-07-28 02:00:00,1.401,1.409,1.404,1.406,11084.84
1785207600,2026-07-28 03:00:00,1.405,1.411,1.406,1.411,11764.65
1785211200,2026-07-28 04:00:00,1.408,1.418,1.411,1.415,19124.2
1785214800,2026-07-28 05:00:00,1.407,1.418,1.415,1.408,11665.45
1785218400,2026-07-28 06:00:00,1.406,1.417,1.408,1.416,10278.6
1785222000,2026-07-28 07:00:00,1.411,1.421,1.416,1.413,6605.6
1785225600,2026-07-28 08:00:00,1.41,1.414,1.413,1.41,1412.92
1785229200,2026-07-28 09:00:00,1.408,1.416,1.408,1.411,5929.95
1785232800,2026-07-28 10:00:00,1.41,1.415,1.41,1.413,2965.3
1785236400,2026-07-28 11:00:00,1.408,1.417,1.413,1.413,5105.16
1785240000,2026-07-28 12:00:00,1.413,1.42,1.413,1.419,5813.67
1785243600,2026-07-28 13:00:00,1.395,1.421,1.419,1.406,18112.31
1785247200,2026-07-28 14:00:00,1.398,1.412,1.408,1.409,9115.96
1785250800,2026-07-28 15:00:00,1.404,1.433,1.41,1.429,22624.76
1785254400,2026-07-28 16:00:00,1.418,1.429,1.429,1.424,19873.7
1785258000,2026-07-28 17:00:00,1.409,1.423,1.423,1.422,30256.27
1785261600,2026-07-28 18:00:00,1.417,1.422,1.422,1.421,2335.53
1785265200,2026-07-28 19:00:00,1.419,1.426,1.422,1.426,3794.27
1785268800,2026-07-28 20:00:00,1.419,1.427,1.423,1.42,5240.75
1785272400,2026-07-28 21:00:00,1.419,1.425,1.42,1.419,7409.68
1785276000,2026-07-28 22:00:00,1.41,1.426,1.419,1.41,6328.09
1785279600,2026-07-28 23:00:00,1.409,1.422,1.41,1.422,15687.4
1785283200,2026-07-29 00:00:00,1.42,1.43,1.423,1.424,17303.77
1785286800,2026-07-29 01:00:00,1.409,1.424,1.424,1.409,12118.35
1785290400,2026-07-29 02:00:00,1.404,1.418,1.408,1.411,32315.82
1785294000,2026-07-29 03:00:00,1.39,1.417,1.413,1.391,61759.55
1785297600,2026-07-29 04:00:00,1.381,1.395,1.391,1.394,52309.41
1785301200,2026-07-29 05:00:00,1.389,1.398,1.394,1.395,28581.23
1785304800,2026-07-29 06:00:00,1.393,1.4,1.395,1.397,1793.88
1785308400,2026-07-29 07:00:00,1.391,1.4,1.398,1.398,23194.38
1785312000,2026-07-29 08:00:00,1.387,1.398,1.398,1.394,5650.18
1785315600,2026-07-29 09:00:00,1.394,1.4,1.394,1.398,7581.99
1785319200,2026-07-29 10:00:00,1.389,1.398,1.398,1.393,7230.46
1785322800,2026-07-29 11:00:00,1.388,1.396,1.393,1.392,6625.87
1785326400,2026-07-29 12:00:00,1.381,1.392,1.392,1.386,61093.04
1785330000,2026-07-29 13:00:00,1.384,1.394,1.386,1.393,19411.58
1785333600,2026-07-29 14:00:00,1.385,1.394,1.394,1.388,14580.01
1785337200,2026-07-29 15:00:00,1.385,1.392,1.387,1.387,40582.53
1785340800,2026-07-29 16:00:00,1.381,1.392,1.386,1.386,18707.34
1785344400,2026-07-29 17:00:00,1.384,1.41,1.387,1.41,15953.99
1785348000,2026-07-29 18:00:00,1.393,1.413,1.411,1.413,27959.05
1785351600,2026-07-29 19:00:00,1.382,1.423,1.415,1.384,63701.24
1785355200,2026-07-29 20:00:00,1.367,1.387,1.383,1.371,36343.48
1785358800,2026-07-29 21:00:00,1.366,1.389,1.374,1.389,22719.89
1785362400,2026-07-29 22:00:00,1.389,1.399,1.389,1.395,14379.54
1785366000,2026-07-29 23:00:00,1.394,1.399,1.395,1.399,21610.74
1785369600,2026-07-30 00:00:00,1.388,1.403,1.4,1.393,21567.19
1785373200,2026-07-30 01:00:00,1.392,1.407,1.393,1.407,11158.33
1785376800,2026-07-30 02:00:00,1.401,1.411,1.408,1.402,17441.85
1785380400,2026-07-30 03:00:00,1.394,1.403,1.402,1.395,6743.56
1785384000,2026-07-30 04:00:00,1.388,1.396,1.396,1.388,4223.88
1785387600,2026-07-30 05:00:00,1.384,1.393,1.385,1.391,5471.03
1785391200,2026-07-30 06:00:00,1.389,1.394,1.392,1.391,2410.2
1785394800,2026-07-30 07:00:00,1.389,1.396,1.393,1.39,7177.26
1785398400,2026-07-30 08:00:00,1.388,1.395,1.389,1.394,5741.24
1785402000,2026-07-30 09:00:00,1.393,1.401,1.393,1.401,5769.09
1785405600,2026-07-30 10:00:00,1.4,1.406,1.401,1.401,15602.72
1785409200,2026-07-30 11:00:00,1.401,1.409,1.401,1.406,14181.73
1785412800,2026-07-30 12:00:00,1.404,1.41,1.405,1.405,21844.09
1785416400,2026-07-30 13:00:00,1.397,1.42,1.403,1.419,44852.23
1785420000,2026-07-30 14:00:00,1.413,1.424,1.42,1.415,30764.82
1785423600,2026-07-30 15:00:00,1.414,1.426,1.414,1.422,20744.16
1785427200,2026-07-30 16:00:00,1.418,1.427,1.422,1.423,16597.66
1785430800,2026-07-30 17:00:00,1.421,1.427,1.423,1.422,20444.1
1785434400,2026-07-30 18:00:00,1.416,1.425,1.422,1.425,34121.3
1785438000,2026-07-30 19:00:00,1.422,1.429,1.424,1.423,10209.53
1785441600,2026-07-30 20:00:00,1.418,1.43,1.423,1.418,6312.81
1785445200,2026-07-30 21:00:00,1.416,1.423,1.418,1.416,7752.65
1785448800,2026-07-30 22:00:00,1.413,1.418,1.415,1.417,5663.19
1785452400,2026-07-30 23:00:00,1.412,1.419,1.417,1.414,4105.77
1785456000,2026-07-31 00:00:00,1.411,1.418,1.413,1.417,7281.4
1785459600,2026-07-31 01:00:00,1.403,1.424,1.417,1.403,17649.53
1785463200,2026-07-31 02:00:00,1.395,1.404,1.403,1.395,21139.83
1785466800,2026-07-31 03:00:00,1.392,1.405,1.393,1.402,26044.63
1785470400,2026-07-31 04:00:00,1.398,1.408,1.403,1.4,14533.87
1785474000,2026-07-31 05:00:00,1.399,1.404,1.401,1.402,2262.43
1785477600,2026-07-31 06:00:00,1.398,1.403,1.403,1.398,7858.39
1785481200,2026-07-31 07:00:00,1.393,1.4,1.393,1.396,5585.12
1785484800,2026-07-31 08:00:00,1.39,1.397,1.397,1.393,6243.24
1785488400,2026-07-31 09:00:00,1.383,1.393,1.391,1.387,13007.55
1785492000,2026-07-31 10:00:00,1.382,1.391,1.386,1.389,13092.08
1785495600,2026-07-31 11:00:00,1.383,1.391,1.391,1.383,4276.61
1785499200,2026-07-31 12:00:00,1.377,1.39,1.383,1.387,15510.79
1785502800,2026-07-31 13:00:00,1.372,1.388,1.388,1.376,10480.05
1785506400,2026-07-31 14:00:00,1.355,1.383,1.376,1.371,50038.05
1785510000,2026-07-31 15:00:00,1.363,1.375,1.372,1.365,16279.25
1785513600,2026-07-31 16:00:00,1.364,1.373,1.365,1.373,11418.2
1785517200,2026-07-31 17:00:00,1.368,1.382,1.373,1.382,8440.37
1785520800,2026-07-31 18:00:00,1.376,1.383,1.381,1.38,12677.26
1785524400,2026-07-31 19:00:00,1.373,1.378,1.377,1.375,10004.75
1785528000,2026-07-31 20:00:00,1.37,1.378,1.375,1.372,13051.14
1785531600,2026-07-31 21:00:00,1.371,1.376,1.372,1.371,7431.9
1785535200,2026-07-31 22:00:00,1.368,1.373,1.372,1.369,4153.03
1785538800,2026-07-31 23:00:00,1.369,1.376,1.371,1.375,11133.19
1785542400,2026-08-01 00:00:00,1.376,1.381,1.376,1.377,10576.81
1785546000,2026-08-01 01:00:00,1.379,1.384,1.38,1.384,2139.74
1785549600,2026-08-01 02:00:00,1.384,1.391,1.384,1.388,4454.74
1785553200,2026-08-01 03:00:00,1.384,1.392,1.386,1.392,2921.21
1785556800,2026-08-01 04:00:00,1.388,1.394,1.393,1.39,4845.57
1785560400,2026-08-01 05:00:00,1.384,1.391,1.391,1.387,5228.37
1785564000,2026-08-01 06:00:00,1.385,1.389,1.387,1.389,4891.38
1785567600,2026-08-01 07:00:00,1.379,1.39,1.39,1.381,9691.28
1785571200,2026-08-01 08:00:00,1.378,1.387,1.382,1.378,39320.23
1785574800,2026-08-01 09:00:00,1.374,1.38,1.379,1.375,30270.83
1785578400,2026-08-01 10:00:00,1.37,1.376,1.372,1.372,6577.33
1785582000,2026-08-01 11:00:00,1.372,1.375,1.372,1.375,4770.71
1785585600,2026-08-01 12:00:00,1.372,1.377,1.375,1.372,10728.9
1785589200,2026-08-01 13:00:00,1.369,1.375,1.374,1.373,17128.34
1785592800,2026-08-01 14:00:00,1.37,1.374,1.372,1.372,24558.82
1785596400,2026-08-01 15:00:00,1.366,1.376,1.372,1.366,19632.1
1785600000,2026-08-01 16:00:00,1.365,1.374,1.367,1.369,19598.74
1785603600,2026-08-01 17:00:00,1.36,1.37,1.369,1.363,37750.66
1785607200,2026-08-01 18:00:00,1.337,1.365,1.36,1.352,57191.81
1785610800,2026-08-01 19:00:00,1.349,1.353,1.35,1.351,14694.43
1785614400,2026-08-01 20:00:00,1.35,1.355,1.352,1.355,8540.99
1785618000,2026-08-01 21:00:00,1.356,1.361,1.356,1.357,10876.67
1785621600,2026-08-01 22:00:00,1.352,1.36,1.356,1.352,7107.85
1785625200,2026-08-01 23:00:00,1.349,1.353,1.353,1.35,11167.03
1785628800,2026-08-02 00:00:00,1.351,1.355,1.351,1.355,8432.66
1785632400,2026-08-02 01:00:00,1.356,1.361,1.356,1.361,8505.32
1785636000,2026-08-02 02:00:00,1.362,1.372,1.362,1.37,11040.37
1785639600,2026-08-02 03:00:00,1.365,1.369,1.369,1.369,7647.1
1785643200,2026-08-02 04:00:00,1.366,1.373,1.369,1.373,18283
1785646800,2026-08-02 05:00:00,1.369,1.375,1.374,1.374,7857.75
1785650400,2026-08-02 06:00:00,1.366,1.376,1.373,1.366,2186.89
1785654000,2026-08-02 07:00:00,1.367,1.374,1.367,1.374,9469.24
1785657600,2026-08-02 08:00:00,1.365,1.373,1.371,1.373,8844.62
1785661200,2026-08-02 09:00:00,1.366,1.373,1.373,1.368,1662.17
1785664800,2026-08-02 10:00:00,1.366,1.37,1.37,1.369,9823.26
1785668400,2026-08-02 11:00:00,1.364,1.371,1.37,1.37,3787.92
1785672000,2026-08-02 12:00:00,1.366,1.37,1.369,1.369,446.88
1785675600,2026-08-02 13:00:00,1.366,1.372,1.369,1.372,5518.34
1785679200,2026-08-02 14:00:00,1.367,1.372,1.371,1.371,9340.34
1785682800,2026-08-02 15:00:00,1.366,1.372,1.369,1.366,6228.19
1785686400,2026-08-02 16:00:00,1.364,1.371,1.366,1.367,9141.08
1785690000,2026-08-02 17:00:00,1.368,1.371,1.368,1.37,735.96
1785693600,2026-08-02 18:00:00,1.368,1.377,1.368,1.374,34609.26
1785697200,2026-08-02 19:00:00,1.37,1.379,1.374,1.379,8229.85
1785700800,2026-08-02 20:00:00,1.373,1.38,1.378,1.377,14835.34
1785704400,2026-08-02 21:00:00,1.377,1.385,1.377,1.384,6684.04
1785708000,2026-08-02 22:00:00,1.377,1.388,1.384,1.384,11960.39
1785711600,2026-08-02 23:00:00,1.379,1.385,1.384,1.384,8840.42
1785715200,2026-08-03 00:00:00,1.375,1.381,1.381,1.376,4273.9
1785718800,2026-08-03 01:00:00,1.37,1.377,1.377,1.37,865.37
1785722400,2026-08-03 02:00:00,1.363,1.372,1.369,1.363,5402.67
1785726000,2026-08-03 03:00:00,1.355,1.364,1.364,1.359,1661.4
1785729600,2026-08-03 04:00:00,1.357,1.362,1.361,1.357,3323.66
1785733200,2026-08-03 05:00:00,1.357,1.363,1.358,1.363,790.62
1785736800,2026-08-03 06:00:00,1.353,1.364,1.364,1.353,2417.44
1785740400,2026-08-03 07:00:00,1.352,1.356,1.354,1.356,22464.64
1785744000,2026-08-03 08:00:00,1.347,1.358,1.353,1.357,30009.4
1785747600,2026-08-03 09:00:00,1.355,1.361,1.356,1.36,3413.69
1785751200,2026-08-03 10:00:00,1.353,1.359,1.359,1.353,2488.57
1785754800,2026-08-03 11:00:00,1.35,1.355,1.35,1.352,2985.27
1785758400,2026-08-03 12:00:00,1.351,1.361,1.352,1.354,34545.95
1785762000,2026-08-03 13:00:00,1.35,1.367,1.354,1.367,30623.51
1785765600,2026-08-03 14:00:00,1.363,1.372,1.366,1.367,29663.34
1785769200,2026-08-03 15:00:00,1.353,1.368,1.368,1.353,7806.45
1785772800,2026-08-03 16:00:00,1.353,1.364,1.357,1.361,21277.63
1785776400,2026-08-03 17:00:00,1.357,1.366,1.362,1.357,16815.27
1785780000,2026-08-03 18:00:00,1.356,1.362,1.357,1.361,13197.1
1785783600,2026-08-03 19:00:00,1.356,1.368,1.359,1.366,44988.14
1785787200,2026-08-03 20:00:00,1.359,1.368,1.363,1.36,3338.72
1785790800,2026-08-03 21:00:00,1.359,1.366,1.361,1.363,8663.87
1785794400,2026-08-03 22:00:00,1.355,1.361,1.361,1.356,17409.8
1785798000,2026-08-03 23:00:00,1.354,1.362,1.356,1.359,7052.4
1785801600,2026-08-04 00:00:00,1.354,1.361,1.359,1.355,14158.83
1785805200,2026-08-04 01:00:00,1.354,1.371,1.355,1.37,12065.48
1785808800,2026-08-04 02:00:00,1.367,1.373,1.37,1.367,6899.15
1785812400,2026-08-04 03:00:00,1.356,1.367,1.367,1.361,8897.66
1785816000,2026-08-04 04:00:00,1.357,1.368,1.361,1.36,5709.78
1785819600,2026-08-04 05:00:00,1.359,1.363,1.363,1.36,9798.57
1785823200,2026-08-04 06:00:00,1.354,1.362,1.361,1.355,8818.66
1785826800,2026-08-04 07:00:00,1.35,1.357,1.354,1.355,10922.34
1785830400,2026-08-04 08:00:00,1.35,1.355,1.355,1.351,3344.11
1785834000,2026-08-04 09:00:00,1.349,1.353,1.351,1.352,9309.8
1785837600,2026-08-04 10:00:00,1.348,1.356,1.353,1.353,17506.29
1785841200,2026-08-04 11:00:00,1.35,1.355,1.354,1.353,21956.73
1785844800,2026-08-04 12:00:00,1.35,1.354,1.352,1.351,17210.64
1785848400,2026-08-04 13:00:00,1.34,1.355,1.353,1.344,101258.63
1785852000,2026-08-04 14:00:00,1.338,1.347,1.343,1.344,43465.7
1785855600,2026-08-04 15:00:00,1.333,1.347,1.346,1.34,28539.93
1785859200,2026-08-04 16:00:00,1.335,1.345,1.34,1.342,30685.41
1785862800,2026-08-04 17:00:00,1.34,1.352,1.34,1.351,25010.04
1785866400,2026-08-04 18:00:00,1.347,1.353,1.348,1.351,15497.39
1785870000,2026-08-04 19:00:00,1.35,1.362,1.35,1.358,139784.44
1785873600,2026-08-04 20:00:00,1.352,1.361,1.359,1.357,26556.19
1785877200,2026-08-04 21:00:00,1.352,1.359,1.357,1.352,7264.87
1785880800,2026-08-04 22:00:00,1.349,1.353,1.352,1.351,16637.84
1785884400,2026-08-04 23:00:00,1.339,1.352,1.352,1.339,10868.52
1785888000,2026-08-05 00:00:00,1.332,1.342,1.339,1.332,18650.37
1785891600,2026-08-05 01:00:00,1.33,1.341,1.331,1.339,18751.11
1785895200,2026-08-05 02:00:00,1.339,1.346,1.341,1.346,10714.09
1785898800,2026-08-05 03:00:00,1.331,1.346,1.346,1.333,13430.68
1785902400,2026-08-05 04:00:00,1.332,1.336,1.334,1.332,10364.82
1785906000,2026-08-05 05:00:00,1.333,1.353,1.333,1.35,44673.69
1785909600,2026-08-05 06:00:00,1.349,1.357,1.35,1.355,42867.63
1785913200,2026-08-05 07:00:00,1.355,1.369,1.355,1.358,21164.25
1785916800,2026-08-05 08:00:00,1.349,1.361,1.358,1.353,6158.45
1785920400,2026-08-05 09:00:00,1.352,1.358,1.353,1.358,3595.4
1785924000,2026-08-05 10:00:00,1.351,1.359,1.357,1.354,8003.8
1785927600,2026-08-05 11:00:00,1.35,1.355,1.354,1.351,3197.91
1785931200,2026-08-05 12:00:00,1.35,1.356,1.351,1.351,13567.91
1785934800,2026-08-05 13:00:00,1.336,1.35,1.35,1.348,27785.22
1785938400,2026-08-05 14:00:00,1.347,1.353,1.349,1.349,17481.96
1785942000,2026-08-05 15:00:00,1.336,1.354,1.352,1.338,8709.97
1785945600,2026-08-05 16:00:00,1.339,1.351,1.339,1.345,19920.25
1785949200,2026-08-05 17:00:00,1.342,1.351,1.345,1.35,25217.48
1785952800,2026-08-05 18:00:00,1.339,1.351,1.351,1.34,20504.03
1785956400,2026-08-05 19:00:00,1.332,1.342,1.34,1.332,24298.01
1785960000,2026-08-05 20:00:00,1.33,1.34,1.333,1.335,19162.51
1785963600,2026-08-05 21:00:00,1.323,1.333,1.332,1.325,33355.33
1785967200,2026-08-05 22:00:00,1.32,1.328,1.325,1.32,15425.37
1785970800,2026-08-05 23:00:00,1.32,1.328,1.32,1.326,8355.3
1785974400,2026-08-06 00:00:00,1.322,1.331,1.326,1.325,10479.21
1785978000,2026-08-06 01:00:00,1.317,1.327,1.326,1.317,27028.29
1785981600,2026-08-06 02:00:00,1.315,1.325,1.318,1.318,31083.73
1785985200,2026-08-06 03:00:00,1.316,1.32,1.318,1.32,11244.97
1785988800,2026-08-06 04:00:00,1.318,1.329,1.319,1.327,15000.82
1785992400,2026-08-06 05:00:00,1.329,1.333,1.332,1.333,6092.94
1785996000,2026-08-06 06:00:00,1.329,1.342,1.334,1.34,11016.4
1785999600,2026-08-06 07:00:00,1.33,1.342,1.34,1.332,12448.26
1786003200,2026-08-06 08:00:00,1.327,1.337,1.333,1.332,10820.41
1786006800,2026-08-06 09:00:00,1.316,1.33,1.33,1.318,12305.67
1786010400,2026-08-06 10:00:00,1.317,1.321,1.319,1.317,4045.2
1786014000,2026-08-06 11:00:00,1.316,1.327,1.316,1.325,8490.18
1786017600,2026-08-06 12:00:00,1.325,1.337,1.325,1.329,45227.63
1786021200,2026-08-06 13:00:00,1.328,1.338,1.331,1.338,13138.59
1786024800,2026-08-06 14:00:00,1.334,1.341,1.338,1.339,12324.39
1786028400,2026-08-06 15:00:00,1.338,1.348,1.339,1.344,44367.51
1786032000,2026-08-06 16:00:00,1.337,1.349,1.344,1.349,15838.09
1786035600,2026-08-06 17:00:00,1.333,1.349,1.349,1.333,6577.47
1786039200,2026-08-06 18:00:00,1.328,1.338,1.334,1.331,13687.69
1786042800,2026-08-06 19:00:00,1.325,1.332,1.33,1.332,24408.05
1786046400,2026-08-06 20:00:00,1.332,1.343,1.332,1.339,24431.08
1786050000,2026-08-06 21:00:00,1.337,1.354,1.34,1.354,9155.45
1786053600,2026-08-06 22:00:00,1.342,1.353,1.353,1.342,11292.76
1786057200,2026-08-06 23:00:00,1.332,1.34,1.34,1.339,12165.01
1786060800,2026-08-07 00:00:00,1.338,1.352,1.338,1.347,14469.22
1786064400,2026-08-07 01:00:00,1.344,1.35,1.35,1.347,9782.69
1786068000,2026-08-07 02:00:00,1.341,1.351,1.347,1.351,29100.18
1786071600,2026-08-07 03:00:00,1.335,1.351,1.351,1.335,8405.11
1786075200,2026-08-07 04:00:00,1.333,1.338,1.333,1.334,5486.69
1786078800,2026-08-07 05:00:00,1.33,1.337,1.336,1.336,16358.97
1786082400,2026-08-07 06:00:00,1.332,1.339,1.335,1.332,5826.06
1786086000,2026-08-07 07:00:00,1.326,1.333,1.333,1.326,10026.88
1786089600,2026-08-07 08:00:00,1.326,1.331,1.328,1.328,5980.91
1786093200,2026-08-07 09:00:00,1.329,1.335,1.329,1.331,10126.71
1786096800,2026-08-07 10:00:00,1.329,1.338,1.333,1.33,8977.56
1786100400,2026-08-07 11:00:00,1.329,1.334,1.33,1.333,8338.81
1786104000,2026-08-07 12:00:00,1.319,1.336,1.332,1.323,19300.36
1786107600,2026-08-07 13:00:00,1.32,1.329,1.32,1.323,33421.04
1786111200,2026-08-07 14:00:00,1.306,1.327,1.323,1.312,73163.79
1786114800,2026-08-07 15:00:00,1.304,1.33,1.31,1.322,52376.79
1786118400,2026-08-07 16:00:00,1.317,1.326,1.323,1.318,12870.34
1786122000,2026-08-07 17:00:00,1.312,1.321,1.319,1.318,5152.41
1786125600,2026-08-07 18:00:00,1.313,1.32,1.316,1.316,18983.15
1786129200,2026-08-07 19:00:00,1.314,1.323,1.317,1.319,10589.96
1786132800,2026-08-07 20:00:00,1.314,1.322,1.319,1.32,12501.9
1786136400,2026-08-07 21:00:00,1.311,1.32,1.319,1.311,8739.74
1786140000,2026-08-07 22:00:00,1.309,1.316,1.312,1.316,7606.74
1786143600,2026-08-07 23:00:00,1.311,1.314,1.313,1.312,12162.56
1786147200,2026-08-08 00:00:00,1.307,1.315,1.31,1.315,12982.68
