timestamp,datetime,low,high,open,close,volume
1753390800,2025-07-24 21:00:00,0.428752,0.436005,0.436005,0.431024,1620498.34694402
1753394400,2025-07-24 22:00:00,0.42783,0.43362,0.431026,0.43054,3266150.97261092
1753398000,2025-07-24 23:00:00,0.423115,0.430496,0.430496,0.424732,5572993.1562749
1753401600,2025-07-25 00:00:00,0.417616,0.42544,0.424754,0.419641,6246261.1201855
1753405200,2025-07-25 01:00:00,0.418175,0.427,0.419594,0.424722,5526707.96558632
1753408800,2025-07-25 02:00:00,0.416033,0.4265,0.424814,0.417339,3786741.37368853
1753412400,2025-07-25 03:00:00,0.411264,0.420841,0.417229,0.41616,5476784.06702347
1753416000,2025-07-25 04:00:00,0.411552,0.421572,0.416154,0.421033,6751846.30795333
1753419600,2025-07-25 05:00:00,0.413784,0.421787,0.421048,0.414446,2857181.98863483
1753423200,2025-07-25 06:00:00,0.411427,0.418132,0.41454,0.416176,1987860.68457931
1753426800,2025-07-25 07:00:00,0.40961,0.420969,0.416108,0.415227,3443719.40007567
1753430400,2025-07-25 08:00:00,0.412573,0.419537,0.415262,0.414519,2341564.92496972
1753434000,2025-07-25 09:00:00,0.412355,0.424876,0.41448,0.424771,4917173.05261355
1753437600,2025-07-25 10:00:00,0.420534,0.426615,0.424644,0.423784,3632847.30403243
1753441200,2025-07-25 11:00:00,0.423312,0.427931,0.42385,0.424609,3102659.09058905
1753444800,2025-07-25 12:00:00,0.421836,0.431102,0.424667,0.425908,3750715.93268037
1753448400,2025-07-25 13:00:00,0.420032,0.43664,0.425908,0.423692,10410613.08905476
1753452000,2025-07-25 14:00:00,0.406738,0.424382,0.423749,0.407426,11887658.61123469
1753455600,2025-07-25 15:00:00,0.404911,0.412623,0.407404,0.409653,10702510.7854363
1753459200,2025-07-25 16:00:00,0.407353,0.416051,0.409502,0.414958,4859304.77341651
1753462800,2025-07-25 17:00:00,0.412349,0.416999,0.414849,0.41532,5036167.21827998
1753466400,2025-07-25 18:00:00,0.413286,0.4169,0.415237,0.41592,3266224.19610573
1753470000,2025-07-25 19:00:00,0.41496,0.422499,0.41588,0.418582,4779140.78862097
1753473600,2025-07-25 20:00:00,0.418321,0.430322,0.418637,0.429552,6364056.81871698
1753477200,2025-07-25 21:00:00,0.427873,0.431633,0.4296,0.429742,2345491.38952566
1753480800,2025-07-25 22:00:00,0.428801,0.433041,0.429734,0.432719,2418481.85410294
1753484400,2025-07-25 23:00:00,0.429912,0.432851,0.432623,0.431329,4074817.32025787
1753488000,2025-07-26 00:00:00,0.42871,0.435,0.431371,0.434757,3895240.75288688
1753491600,2025-07-26 01:00:00,0.431854,0.435618,0.43479,0.432615,4778437.57048508
1753495200,2025-07-26 02:00:00,0.432435,0.43963,0.43255,0.439351,7141138.00490353
1753498800,2025-07-26 03:00:00,0.436151,0.439946,0.43921,0.439192,2574790.62749555
1753502400,2025-07-26 04:00:00,0.439048,0.446921,0.439171,0.442596,4376773.01017164
1753506000,2025-07-26 05:00:00,0.440299,0.445897,0.44258,0.443145,4022646.96775332
1753509600,2025-07-26 06:00:00,0.440439,0.444213,0.44321,0.442304,1749083.75339231
1753513200,2025-07-26 07:00:00,0.438338,0.443031,0.442302,0.438506,1480616.64773566
1753516800,2025-07-26 08:00:00,0.438085,0.441246,0.438548,0.439438,1985769.79333088
1753520400,2025-07-26 09:00:00,0.438536,0.441405,0.439461,0.440642,1065555.46140281
1753524000,2025-07-26 10:00:00,0.440347,0.443177,0.44073,0.440886,2026295.46977607
1753527600,2025-07-26 11:00:00,0.437504,0.442062,0.441035,0.438495,1732391.8508412
1753531200,2025-07-26 12:00:00,0.436773,0.439675,0.438464,0.438207,3867798.64129763
1753534800,2025-07-26 13:00:00,0.436249,0.4395,0.438246,0.438604,1978515.43559541
1753538400,2025-07-26 14:00:00,0.436856,0.443982,0.438542,0.439684,4169833.58247807
1753542000,2025-07-26 15:00:00,0.437518,0.442091,0.439643,0.440995,3801598.36775623
1753545600,2025-07-26 16:00:00,0.438688,0.44259,0.440959,0.439897,3375545.78379948
1753549200,2025-07-26 17:00:00,0.437202,0.440895,0.439931,0.437909,1381498.47225835
1753552800,2025-07-26 18:00:00,0.435292,0.439856,0.438003,0.438861,2704422.73511514
1753556400,2025-07-26 19:00:00,0.438282,0.442,0.438741,0.440217,2706523.29483125
1753560000,2025-07-26 20:00:00,0.437439,0.440213,0.440176,0.439261,1527241.41759786
1753563600,2025-07-26 21:00:00,0.438245,0.441857,0.439171,0.441165,1088239.00110795
1753567200,2025-07-26 22:00:00,0.437675,0.443128,0.441176,0.438106,2414422.53618022
1753570800,2025-07-26 23:00:00,0.43505,0.438654,0.438039,0.435308,1618764.38307126
1753574400,2025-07-27 00:00:00,0.434018,0.438006,0.435338,0.437101,2008953.4371837
1753578000,2025-07-27 01:00:00,0.436328,0.442246,0.437142,0.440176,3230230.17440416
1753581600,2025-07-27 02:00:00,0.438577,0.444184,0.440135,0.442144,2188306.77306963
1753585200,2025-07-27 03:00:00,0.439828,0.44398,0.442103,0.442464,1603354.4149433
1753588800,2025-07-27 04:00:00,0.441605,0.44676,0.442444,0.44652,3577447.84755898
1753592400,2025-07-27 05:00:00,0.445998,0.4597,0.44652,0.451943,14649509.79004023
1753596000,2025-07-27 06:00:00,0.445806,0.45227,0.451857,0.447834,7093056.70092131
1753599600,2025-07-27 07:00:00,0.441433,0.447825,0.44765,0.442595,2037714.2903778
1753603200,2025-07-27 08:00:00,0.437373,0.443046,0.442636,0.439192,2188369.06954601
1753606800,2025-07-27 09:00:00,0.43545,0.439356,0.43905,0.435892,1217791.1783317
1753610400,2025-07-27 10:00:00,0.435629,0.441217,0.435891,0.440361,2049246.32496077
1753614000,2025-07-27 11:00:00,0.436158,0.441632,0.44034,0.43688,939282.32294789
1753617600,2025-07-27 12:00:00,0.435225,0.440771,0.436855,0.440381,1962295.9816136
1753621200,2025-07-27 13:00:00,0.437647,0.442238,0.440341,0.438435,1470836.31414693
1753624800,2025-07-27 14:00:00,0.4359,0.440832,0.43824,0.437921,1728853.87669023
1753628400,2025-07-27 15:00:00,0.435748,0.439273,0.437839,0.439109,1565800.11061395
1753632000,2025-07-27 16:00:00,0.438454,0.445189,0.43911,0.44036,3049140.70437856
1753635600,2025-07-27 17:00:00,0.437946,0.442221,0.44036,0.441897,2748773.05081585
1753639200,2025-07-27 18:00:00,0.440236,0.444296,0.441915,0.442081,3455862.82392108
1753642800,2025-07-27 19:00:00,0.440074,0.443385,0.44208,0.441576,1483489.70182388
1753646400,2025-07-27 20:00:00,0.440217,0.444699,0.441468,0.441132,4006928.25925877
1753650000,2025-07-27 21:00:00,0.439,0.443581,0.441144,0.442875,1455822.83853083
1753653600,2025-07-27 22:00:00,0.443367,0.447304,0.443426,0.445911,4030501.61722385
1753657200,2025-07-27 23:00:00,0.442298,0.44613,0.446017,0.444425,2812726.0532961
1753660800,2025-07-28 00:00:00,0.441997,0.449547,0.444427,0.446419,4037560.82343073
1753664400,2025-07-28 01:00:00,0.43936,0.446952,0.4466,0.444552,3018626.37741006
1753668000,2025-07-28 02:00:00,0.442342,0.451766,0.444488,0.4477,4054412.45167394
1753671600,2025-07-28 03:00:00,0.444224,0.449174,0.447826,0.44726,2486571.57542955
1753675200,2025-07-28 04:00:00,0.444312,0.448442,0.447305,0.446511,1953035.99500845
1753678800,2025-07-28 05:00:00,0.44572,0.454437,0.44638,0.453005,4193329.34770978
1753682400,2025-07-28 06:00:00,0.448008,0.45342,0.453008,0.448326,2110108.42072349
1753686000,2025-07-28 07:00:00,0.442128,0.448752,0.448359,0.44347,1777302.17304208
1753689600,2025-07-28 08:00:00,0.440322,0.444226,0.443416,0.443244,1850549.37048635
1753693200,2025-07-28 09:00:00,0.44145,0.445544,0.443325,0.443331,2186020.40208977
1753696800,2025-07-28 10:00:00,0.438714,0.443599,0.44346,0.439675,1780666.52272478
1753700400,2025-07-28 11:00:00,0.436936,0.441438,0.439546,0.441251,1608208.51666009
1753704000,2025-07-28 12:00:00,0.436664,0.441782,0.441275,0.437314,2755096.76419132
1753707600,2025-07-28 13:00:00,0.430373,0.437379,0.437315,0.432388,4644146.34245187
1753711200,2025-07-28 14:00:00,0.42518,0.43395,0.432366,0.426094,6559782.03536035
1753714800,2025-07-28 15:00:00,0.422995,0.428403,0.425991,0.424099,4101194.13526656
1753718400,2025-07-28 16:00:00,0.421783,0.427127,0.424098,0.424895,3456908.15473486
1753722000,2025-07-28 17:00:00,0.421865,0.42633,0.424894,0.422664,2965229.83516576
1753725600,2025-07-28 18:00:00,0.417011,0.423137,0.422708,0.419236,3356664.43857641
1753729200,2025-07-28 19:00:00,0.417296,0.422289,0.419144,0.420904,2691985.54081996
1753732800,2025-07-28 20:00:00,0.416454,0.422016,0.420948,0.419276,1891258.48007167
1753736400,2025-07-28 21:00:00,0.417208,0.42269,0.419232,0.41985,1530033.85452878
1753740000,2025-07-28 22:00:00,0.4155,0.420904,0.419716,0.418616,2845647.19158948
1753743600,2025-07-28 23:00:00,0.416469,0.420091,0.418616,0.419291,3119939.60142922
1753747200,2025-07-29 00:00:00,0.413569,0.422818,0.419271,0.419265,3138675.5849482
1753750800,2025-07-29 01:00:00,0.417604,0.421017,0.419281,0.417823,2171313.81786996
1753754400,2025-07-29 02:00:00,0.414675,0.419371,0.417776,0.417045,1697215.20784952
1753758000,2025-07-29 03:00:00,0.417132,0.423688,0.417133,0.423097,1976929.11127426
1753761600,2025-07-29 04:00:00,0.42066,0.424938,0.423264,0.421409,885591.20374803
1753765200,2025-07-29 05:00:00,0.421245,0.42723,0.42138,0.426304,2233722.58088731
1753768800,2025-07-29 06:00:00,0.424737,0.430272,0.426304,0.429194,1584041.8040084
1753772400,2025-07-29 07:00:00,0.429091,0.434321,0.429091,0.433395,1959319.54653865
1753776000,2025-07-29 08:00:00,0.431395,0.434866,0.4334,0.433086,1979518.71142416
1753779600,2025-07-29 09:00:00,0.428564,0.433276,0.433124,0.429248,1514611.94821919
1753783200,2025-07-29 10:00:00,0.422454,0.429836,0.42921,0.4237,3067131.73654581
1753786800,2025-07-29 11:00:00,0.423056,0.426895,0.423624,0.42589,1147115.29296649
1753790400,2025-07-29 12:00:00,0.425334,0.431452,0.425798,0.428621,2365208.55597463
1753794000,2025-07-29 13:00:00,0.420803,0.429551,0.428564,0.421972,2709160.67716645
1753797600,2025-07-29 14:00:00,0.414892,0.422272,0.422098,0.417799,5420608.2115311
1753801200,2025-07-29 15:00:00,0.415214,0.419646,0.417656,0.418308,2319554.90668129
1753804800,2025-07-29 16:00:00,0.411743,0.419008,0.41829,0.417566,2810030.89538689
1753808400,2025-07-29 17:00:00,0.416733,0.421865,0.417607,0.41962,2944051.53778824
1753812000,2025-07-29 18:00:00,0.417739,0.421332,0.419627,0.418557,2735076.45628335
1753815600,2025-07-29 19:00:00,0.415763,0.421693,0.418556,0.416068,3664610.86653192
1753819200,2025-07-29 20:00:00,0.412321,0.418589,0.416154,0.415684,3141318.55350565
1753822800,2025-07-29 21:00:00,0.41319,0.420561,0.415723,0.418943,1968312.32092069
1753826400,2025-07-29 22:00:00,0.415966,0.42042,0.419004,0.419936,1864008.57443653
1753830000,2025-07-29 23:00:00,0.418945,0.422765,0.419936,0.421035,1697904.42491263
1753833600,2025-07-30 00:00:00,0.416676,0.423072,0.421018,0.419986,1993895.51262401
1753837200,2025-07-30 01:00:00,0.415976,0.424301,0.419782,0.421868,4030812.03222811
1753840800,2025-07-30 02:00:00,0.420563,0.424332,0.421937,0.422164,1624491.14099597
1753844400,2025-07-30 03:00:00,0.420222,0.42344,0.422004,0.42064,1211615.2751781
1753848000,2025-07-30 04:00:00,0.417376,0.422593,0.420679,0.418166,914976.33461245
1753851600,2025-07-30 05:00:00,0.415621,0.420984,0.418166,0.42038,861931.43133293
1753855200,2025-07-30 06:00:00,0.418717,0.421873,0.420376,0.419188,999746.08862162
1753858800,2025-07-30 07:00:00,0.415423,0.421053,0.419276,0.41682,3261200.67249344
1753862400,2025-07-30 08:00:00,0.41487,0.420094,0.417014,0.417955,1185094.81720892
1753866000,2025-07-30 09:00:00,0.413415,0.418978,0.417784,0.414776,1296572.41755707
1753869600,2025-07-30 10:00:00,0.411435,0.41765,0.41495,0.4123,1223849.64786058
1753873200,2025-07-30 11:00:00,0.405275,0.414792,0.41235,0.4073,6075572.2469161
1753876800,2025-07-30 12:00:00,0.403941,0.410698,0.40735,0.408065,4402657.89538015
1753880400,2025-07-30 13:00:00,0.40625,0.410399,0.407942,0.40905,3154047.45193816
1753884000,2025-07-30 14:00:00,0.407172,0.417834,0.409125,0.41768,4442318.8232362
1753887600,2025-07-30 15:00:00,0.413652,0.418481,0.417792,0.413948,4388429.6446852
1753891200,2025-07-30 16:00:00,0.411999,0.41629,0.413902,0.413784,4074105.91529321
1753894800,2025-07-30 17:00:00,0.411692,0.415362,0.413826,0.413808,1393526.0698727
1753898400,2025-07-30 18:00:00,0.403392,0.416,0.413584,0.4036,6948627.34002524
1753902000,2025-07-30 19:00:00,0.393,0.409878,0.40357,0.408256,20040961.24375977
1753905600,2025-07-30 20:00:00,0.406697,0.412748,0.408157,0.40745,2250103.9916183
1753909200,2025-07-30 21:00:00,0.402487,0.40901,0.4074,0.40571,3924685.77905116
1753912800,2025-07-30 22:00:00,0.402196,0.406524,0.405598,0.404363,3436566.99903219
1753916400,2025-07-30 23:00:00,0.404268,0.409077,0.404354,0.407631,3008161.80343479
1753920000,2025-07-31 00:00:00,0.406629,0.413177,0.407595,0.413072,2532930.26602917
1753923600,2025-07-31 01:00:00,0.411006,0.414339,0.41316,0.413715,3768838.68902937
1753927200,2025-07-31 02:00:00,0.412835,0.419921,0.4137,0.419599,3779232.99215345
1753930800,2025-07-31 03:00:00,0.418721,0.424074,0.41958,0.422982,4429972.15134346
1753934400,2025-07-31 04:00:00,0.420881,0.426194,0.423024,0.423292,3048277.53290935
1753938000,2025-07-31 05:00:00,0.422878,0.426679,0.423193,0.425869,1527203.75999914
1753941600,2025-07-31 06:00:00,0.421989,0.426404,0.425838,0.424872,2343483.19283167
1753945200,2025-07-31 07:00:00,0.422345,0.425518,0.424871,0.424556,1220251.79546532
1753948800,2025-07-31 08:00:00,0.422822,0.427381,0.424577,0.425165,3939893.89787576
1753952400,2025-07-31 09:00:00,0.423728,0.428758,0.425207,0.427479,2607646.64003931
1753956000,2025-07-31 10:00:00,0.424012,0.427455,0.427384,0.424748,2549393.60070412
1753959600,2025-07-31 11:00:00,0.420523,0.425373,0.424799,0.421808,1795270.30907758
1753963200,2025-07-31 12:00:00,0.416592,0.422198,0.421807,0.418044,3781418.80210315
1753966800,2025-07-31 13:00:00,0.409845,0.418,0.418,0.413072,6617755.59646607
1753970400,2025-07-31 14:00:00,0.406711,0.414171,0.413069,0.407104,4320765.93759379
1753974000,2025-07-31 15:00:00,0.406067,0.411337,0.407104,0.411023,3977286.56395765
1753977600,2025-07-31 16:00:00,0.410287,0.419666,0.411158,0.415726,6607764.07220417
1753981200,2025-07-31 17:00:00,0.407892,0.415905,0.415756,0.40875,3321637.00231602
1753984800,2025-07-31 18:00:00,0.406252,0.412222,0.408781,0.410367,4065948.49056778
1753988400,2025-07-31 19:00:00,0.405556,0.411143,0.410478,0.406639,2314116.45328926
1753992000,2025-07-31 20:00:00,0.404213,0.408312,0.406642,0.406601,2655458.39463185
1753995600,2025-07-31 21:00:00,0.402707,0.409033,0.40656,0.407633,2659786.10569407
1753999200,2025-07-31 22:00:00,0.401742,0.407784,0.407732,0.403177,3255795.23290877
1754002800,2025-07-31 23:00:00,0.400182,0.406297,0.403122,0.400964,7100673.00702811
1754006400,2025-08-01 00:00:00,0.387011,0.4016,0.401043,0.394836,13915119.02382959
1754010000,2025-08-01 01:00:00,0.3888,0.396675,0.394833,0.3943,7745670.70457264
1754013600,2025-08-01 02:00:00,0.393096,0.399794,0.394108,0.398739,4676072.6206916
1754017200,2025-08-01 03:00:00,0.395704,0.399967,0.398681,0.396762,2174828.81958252
1754020800,2025-08-01 04:00:00,0.393333,0.396707,0.396707,0.394549,2780505.60936682
1754024400,2025-08-01 05:00:00,0.390001,0.3961,0.394591,0.391856,5092101.23449402
1754028000,2025-08-01 06:00:00,0.389,0.393125,0.391719,0.392864,2543083.779123
1754031600,2025-08-01 07:00:00,0.389029,0.394568,0.392927,0.390688,1625607.48116298
1754035200,2025-08-01 08:00:00,0.382658,0.390822,0.390427,0.38591,9699402.10207174
1754038800,2025-08-01 09:00:00,0.385402,0.390836,0.385873,0.386782,3418420.4713019
1754042400,2025-08-01 10:00:00,0.386122,0.391558,0.386798,0.390754,5457910.57442136
1754046000,2025-08-01 11:00:00,0.388312,0.392883,0.390724,0.392542,2782611.39987578
1754049600,2025-08-01 12:00:00,0.39098,0.39689,0.392542,0.392797,5435657.75773418
1754053200,2025-08-01 13:00:00,0.383468,0.39556,0.392744,0.38654,8388212.5970256
1754056800,2025-08-01 14:00:00,0.383268,0.400356,0.386434,0.399711,10831038.54092077
1754060400,2025-08-01 15:00:00,0.393272,0.400646,0.39974,0.39818,3788772.87545745
1754064000,2025-08-01 16:00:00,0.391614,0.398957,0.398217,0.392771,7087315.70588284
1754067600,2025-08-01 17:00:00,0.390056,0.396204,0.392745,0.392844,6630154.54760476
1754071200,2025-08-01 18:00:00,0.389041,0.395805,0.392692,0.392933,6826046.19575689
1754074800,2025-08-01 19:00:00,0.391161,0.396396,0.39292,0.394724,4128351.81857281
1754078400,2025-08-01 20:00:00,0.384851,0.395562,0.39468,0.390745,10829662.77884909
1754082000,2025-08-01 21:00:00,0.386716,0.393465,0.390697,0.387145,2585011.1894054
1754085600,2025-08-01 22:00:00,0.374724,0.387729,0.38694,0.378609,13789799.95977332
1754089200,2025-08-01 23:00:00,0.375979,0.386541,0.378672,0.381972,6360303.02197041
1754092800,2025-08-02 00:00:00,0.379488,0.386207,0.381964,0.386101,3477866.4362833
1754096400,2025-08-02 01:00:00,0.381534,0.38642,0.38633,0.384292,1939673.00459656
1754100000,2025-08-02 02:00:00,0.38325,0.386672,0.384304,0.385868,1142422.17660441
1754103600,2025-08-02 03:00:00,0.385836,0.388736,0.385868,0.388282,2108447.45840457
1754107200,2025-08-02 04:00:00,0.386736,0.391212,0.3884,0.390919,4015238.92081036
1754110800,2025-08-02 05:00:00,0.388357,0.39103,0.390934,0.388483,1067517.86110844
1754114400,2025-08-02 06:00:00,0.379324,0.388719,0.388492,0.382211,3799475.7175174
1754118000,2025-08-02 07:00:00,0.378664,0.387272,0.382184,0.386936,1230609.7174664
1754121600,2025-08-02 08:00:00,0.382761,0.387491,0.387045,0.383285,1617448.43709141
1754125200,2025-08-02 09:00:00,0.381191,0.384788,0.383284,0.382448,1356159.40737122
1754128800,2025-08-02 10:00:00,0.37796,0.383121,0.382624,0.38099,1962856.69509528
1754132400,2025-08-02 11:00:00,0.378448,0.384021,0.380897,0.380308,1547818.87356607
1754136000,2025-08-02 12:00:00,0.376926,0.380873,0.380339,0.379435,4999544.57152221
1754139600,2025-08-02 13:00:00,0.376778,0.381006,0.379486,0.38021,1870665.56578825
1754143200,2025-08-02 14:00:00,0.372122,0.380464,0.380283,0.373437,5897792.06393182
1754146800,2025-08-02 15:00:00,0.368147,0.37584,0.373438,0.369581,7766651.85757115
1754150400,2025-08-02 16:00:00,0.365476,0.372933,0.369592,0.372462,4743534.17902949
1754154000,2025-08-02 17:00:00,0.365003,0.373532,0.372439,0.366575,6408553.46208532
1754157600,2025-08-02 18:00:00,0.361922,0.369213,0.366768,0.363504,11781949.80079739
1754161200,2025-08-02 19:00:00,0.361919,0.36989,0.363425,0.365768,6970057.93414923
1754164800,2025-08-02 20:00:00,0.365533,0.369635,0.365707,0.369401,2939870.32991454
1754168400,2025-08-02 21:00:00,0.366109,0.37149,0.369223,0.369252,2197661.46405966
1754172000,2025-08-02 22:00:00,0.365834,0.371478,0.369132,0.3701,1712558.54520969
1754175600,2025-08-02 23:00:00,0.363584,0.370769,0.37012,0.36698,4317260.1626163
1754179200,2025-08-03 00:00:00,0.3612,0.370035,0.36704,0.369373,7259968.21148428
1754182800,2025-08-03 01:00:00,0.36765,0.371898,0.369234,0.370215,3304088.49901568
1754186400,2025-08-03 02:00:00,0.370115,0.375104,0.370253,0.374991,4436707.77658967
1754190000,2025-08-03 03:00:00,0.374048,0.377148,0.37504,0.376309,1705938.5460661
1754193600,2025-08-03 04:00:00,0.3745,0.376844,0.376269,0.376029,1027444.2572219
1754197200,2025-08-03 05:00:00,0.375752,0.378144,0.3761,0.376397,1606473.14540832
1754200800,2025-08-03 06:00:00,0.374594,0.376864,0.376416,0.376834,932995.07240002
1754204400,2025-08-03 07:00:00,0.376736,0.379335,0.376802,0.378797,3572153.22707998
1754208000,2025-08-03 08:00:00,0.37824,0.381404,0.37872,0.379965,1697226.56465332
1754211600,2025-08-03 09:00:00,0.378437,0.381424,0.379924,0.381344,1524678.54893057
1754215200,2025-08-03 10:00:00,0.381365,0.384343,0.381376,0.383685,3949238.14204952
1754218800,2025-08-03 11:00:00,0.383458,0.388417,0.38368,0.385758,2625940.63033393
1754222400,2025-08-03 12:00:00,0.384366,0.391264,0.38576,0.390315,5561123.05608517
1754226000,2025-08-03 13:00:00,0.386623,0.3905,0.390432,0.389629,2364824.12611751
1754229600,2025-08-03 14:00:00,0.387479,0.39591,0.389605,0.394706,9677219.79208963
1754233200,2025-08-03 15:00:00,0.392959,0.401155,0.394784,0.400482,9612836.0318311
1754236800,2025-08-03 16:00:00,0.394998,0.401244,0.400516,0.400421,5784378.2503481
1754240400,2025-08-03 17:00:00,0.397423,0.403302,0.400596,0.400081,4688958.38816084
1754244000,2025-08-03 18:00:00,0.395165,0.400086,0.400032,0.398596,3700233.50727742
1754247600,2025-08-03 19:00:00,0.395428,0.399344,0.398541,0.396991,1705191.41369098
1754251200,2025-08-03 20:00:00,0.394516,0.398545,0.396852,0.397785,2468256.28701251
1754254800,2025-08-03 21:00:00,0.396682,0.398087,0.397785,0.397221,1968461.26701133
1754258400,2025-08-03 22:00:00,0.394133,0.398664,0.397176,0.398281,3048706.08454714
1754262000,2025-08-03 23:00:00,0.397784,0.401927,0.398354,0.399364,3850278.93429484
1754265600,2025-08-04 00:00:00,0.396608,0.416444,0.399354,0.415303,13374148.13216513
1754269200,2025-08-04 01:00:00,0.411086,0.418079,0.415322,0.411686,6363160.02457076
1754272800,2025-08-04 02:00:00,0.408171,0.416375,0.41166,0.412751,3903884.34423684
1754276400,2025-08-04 03:00:00,0.408126,0.413163,0.412658,0.41157,2113707.24698503
1754280000,2025-08-04 04:00:00,0.409477,0.413059,0.41173,0.409678,1272153.03856516
1754283600,2025-08-04 05:00:00,0.406182,0.411485,0.409756,0.411356,1453467.72304981
1754287200,2025-08-04 06:00:00,0.407416,0.413174,0.411388,0.412552,2006055.60031036
1754290800,2025-08-04 07:00:00,0.411464,0.417489,0.412414,0.41689,3770960.03737377
1754294400,2025-08-04 08:00:00,0.415644,0.419705,0.416943,0.417083,5376210.64636721
1754298000,2025-08-04 09:00:00,0.412148,0.417504,0.417202,0.412522,2978709.56970238
1754301600,2025-08-04 10:00:00,0.410893,0.415201,0.412528,0.41135,4687180.00465267
1754305200,2025-08-04 11:00:00,0.408881,0.411692,0.411332,0.409047,2075048.52060503
1754308800,2025-08-04 12:00:00,0.406993,0.410889,0.409047,0.410528,5928864.14054897
1754312400,2025-08-04 13:00:00,0.408483,0.417421,0.410517,0.415279,5143642.05219318
1754316000,2025-08-04 14:00:00,0.4088,0.417544,0.415226,0.411348,8847016.25654575
1754319600,2025-08-04 15:00:00,0.4085,0.413123,0.411237,0.408596,4763346.83100398
1754323200,2025-08-04 16:00:00,0.408617,0.414553,0.408617,0.413497,3126825.12468757
1754326800,2025-08-04 17:00:00,0.411834,0.416413,0.413497,0.41464,3339455.88089892
1754330400,2025-08-04 18:00:00,0.413668,0.416384,0.414648,0.415251,1753840.25632491
1754334000,2025-08-04 19:00:00,0.412201,0.415396,0.415003,0.413614,1812858.2515714
1754337600,2025-08-04 20:00:00,0.412614,0.416078,0.41366,0.413975,1620501.82818582
1754341200,2025-08-04 21:00:00,0.412903,0.416223,0.414078,0.414095,2828616.87330848
1754344800,2025-08-04 22:00:00,0.414202,0.417923,0.414272,0.416898,2919143.30682379
1754348400,2025-08-04 23:00:00,0.412688,0.416913,0.416822,0.413442,1164284.37783867
1754352000,2025-08-05 00:00:00,0.413402,0.417664,0.413442,0.416255,2273437.13888065
1754355600,2025-08-05 01:00:00,0.410139,0.418535,0.41626,0.410901,4805188.98900766
1754359200,2025-08-05 02:00:00,0.409761,0.412437,0.410805,0.411668,2524625.59976039
1754362800,2025-08-05 03:00:00,0.404721,0.411461,0.411456,0.404786,5794716.79347874
1754366400,2025-08-05 04:00:00,0.403093,0.407401,0.404832,0.405245,3227439.43099235
1754370000,2025-08-05 05:00:00,0.405152,0.408224,0.405152,0.407871,1014867.00795862
1754373600,2025-08-05 06:00:00,0.4044,0.410624,0.407872,0.406271,4957537.6709619
1754377200,2025-08-05 07:00:00,0.40136,0.407322,0.406176,0.401716,2876214.44169012
1754380800,2025-08-05 08:00:00,0.401074,0.407557,0.401716,0.404806,5471141.1948898
1754384400,2025-08-05 09:00:00,0.402667,0.406958,0.404811,0.406873,2416474.24053315
1754388000,2025-08-05 10:00:00,0.405793,0.413075,0.406845,0.41202,5251678.08632267
1754391600,2025-08-05 11:00:00,0.408537,0.41194,0.41194,0.409461,1430759.84352581
1754395200,2025-08-05 12:00:00,0.402467,0.41013,0.409395,0.404519,4871187.15649346
1754398800,2025-08-05 13:00:00,0.403758,0.407429,0.404376,0.406106,1858789.11354524
1754402400,2025-08-05 14:00:00,0.394073,0.406432,0.40626,0.396979,10876866.26429213
1754406000,2025-08-05 15:00:00,0.393232,0.400344,0.39697,0.396064,6207255.03925297
1754409600,2025-08-05 16:00:00,0.395694,0.399917,0.395925,0.397776,4513659.62632211
1754413200,2025-08-05 17:00:00,0.395608,0.399257,0.39785,0.398968,3563788.880469
1754416800,2025-08-05 18:00:00,0.394695,0.398824,0.398824,0.397705,1716211.98755287
1754420400,2025-08-05 19:00:00,0.39394,0.398992,0.39767,0.394813,1595800.84917698
1754424000,2025-08-05 20:00:00,0.394813,0.399294,0.395071,0.395506,3919207.88220204
1754427600,2025-08-05 21:00:00,0.393435,0.39655,0.395488,0.394284,2317320.33414975
1754431200,2025-08-05 22:00:00,0.39137,0.397703,0.39424,0.397179,4052361.24247567
1754434800,2025-08-05 23:00:00,0.395619,0.398076,0.397132,0.39585,2847722.96809128
1754438400,2025-08-06 00:00:00,0.390759,0.395947,0.395918,0.39144,2966564.61536944
1754442000,2025-08-06 01:00:00,0.389565,0.392414,0.391335,0.391302,1667372.9888562
1754445600,2025-08-06 02:00:00,0.388458,0.391345,0.391146,0.389315,1055967.7964549
1754449200,2025-08-06 03:00:00,0.387323,0.389658,0.389382,0.38753,3809147.50627096
1754452800,2025-08-06 04:00:00,0.384783,0.387541,0.387533,0.385807,2514522.45391817
1754456400,2025-08-06 05:00:00,0.3849,0.394323,0.38577,0.390919,4249143.21920782
1754460000,2025-08-06 06:00:00,0.388395,0.392925,0.39102,0.391969,1213052.23214368
1754463600,2025-08-06 07:00:00,0.390775,0.3947,0.392099,0.394647,1024858.05751496
1754467200,2025-08-06 08:00:00,0.389117,0.395921,0.394591,0.391075,5421569.36301539
1754470800,2025-08-06 09:00:00,0.389811,0.394869,0.391074,0.392427,2094717.42060023
1754474400,2025-08-06 10:00:00,0.389856,0.393408,0.392353,0.3915,1556405.18365078
1754478000,2025-08-06 11:00:00,0.390215,0.394427,0.3915,0.390585,1958244.32588283
1754481600,2025-08-06 12:00:00,0.387231,0.392596,0.390602,0.389424,2518211.90930989
1754485200,2025-08-06 13:00:00,0.38757,0.393109,0.389462,0.389918,2098966.1350745
1754488800,2025-08-06 14:00:00,0.388664,0.395372,0.389957,0.395048,4969227.26800611
1754492400,2025-08-06 15:00:00,0.393114,0.401415,0.394933,0.398696,6935988.26915462
1754496000,2025-08-06 16:00:00,0.396,0.400473,0.398698,0.39684,6005268.10529122
1754499600,2025-08-06 17:00:00,0.394922,0.401356,0.396758,0.401207,2087733.56179587
1754503200,2025-08-06 18:00:00,0.39805,0.402647,0.401289,0.39845,3749378.13136959
1754506800,2025-08-06 19:00:00,0.397568,0.3996,0.398394,0.399015,1639015.86272791
1754510400,2025-08-06 20:00:00,0.395807,0.399353,0.399038,0.397214,4046059.809539
1754514000,2025-08-06 21:00:00,0.396536,0.400099,0.397176,0.398886,1725399.57253248
1754517600,2025-08-06 22:00:00,0.398164,0.400374,0.398924,0.399541,1790385.68424017
1754521200,2025-08-06 23:00:00,0.399311,0.401258,0.399494,0.400185,1545543.49858415
1754524800,2025-08-07 00:00:00,0.398544,0.401705,0.400278,0.39995,1813200.78830018
1754528400,2025-08-07 01:00:00,0.399076,0.403449,0.399988,0.399904,3514041.82332512
1754532000,2025-08-07 02:00:00,0.396735,0.401775,0.399722,0.397204,2887283.30237016
1754535600,2025-08-07 03:00:00,0.396448,0.398696,0.397138,0.3972,1057756.71106286
1754539200,2025-08-07 04:00:00,0.396799,0.401155,0.397292,0.400217,885490.28271061
1754542800,2025-08-07 05:00:00,0.39877,0.403261,0.400299,0.402804,1299620.45713662
1754546400,2025-08-07 06:00:00,0.4022,0.40582,0.402776,0.402686,2338261.14938841
1754550000,2025-08-07 07:00:00,0.40128,0.403883,0.402648,0.401883,1761657.42472782
1754553600,2025-08-07 08:00:00,0.400738,0.403788,0.401925,0.401022,533458.16771287
1754557200,2025-08-07 09:00:00,0.399854,0.402705,0.401055,0.402621,639425.78043245
1754560800,2025-08-07 10:00:00,0.402324,0.412669,0.402695,0.412065,7809653.88248559
1754564400,2025-08-07 11:00:00,0.411512,0.417836,0.412102,0.417017,5296148.41289224
1754568000,2025-08-07 12:00:00,0.412,0.418441,0.417018,0.414837,4626859.48175564
1754571600,2025-08-07 13:00:00,0.414489,0.417618,0.41492,0.415263,2587745.32552103
1754575200,2025-08-07 14:00:00,0.410906,0.415981,0.415264,0.411982,2185484.49328983
1754578800,2025-08-07 15:00:00,0.409487,0.413157,0.411884,0.412603,3839170.09727513
1754582400,2025-08-07 16:00:00,0.402912,0.4131,0.412642,0.407937,4602424.11083817
1754586000,2025-08-07 17:00:00,0.405916,0.409068,0.407855,0.40656,2400197.25796059
1754589600,2025-08-07 18:00:00,0.403854,0.406709,0.406524,0.406454,1441704.31695383
1754593200,2025-08-07 19:00:00,0.406269,0.413775,0.40653,0.413775,4690762.72584358
1754596800,2025-08-07 20:00:00,0.413432,0.416737,0.413727,0.415869,2815686.61999308
1754600400,2025-08-07 21:00:00,0.415428,0.4379,0.415956,0.430415,13292503.44686215
1754604000,2025-08-07 22:00:00,0.430293,0.440597,0.430415,0.440151,13809712.1702108
1754607600,2025-08-07 23:00:00,0.434866,0.440979,0.440151,0.439549,7984159.22753988
1754611200,2025-08-08 00:00:00,0.436194,0.46,0.439546,0.448348,32280685.94641818
1754614800,2025-08-08 01:00:00,0.442648,0.457235,0.448476,0.456974,22702789.23951341
1754618400,2025-08-08 02:00:00,0.452701,0.458952,0.456974,0.453633,6489061.58896105
1754622000,2025-08-08 03:00:00,0.453044,0.464156,0.453528,0.4611,7834917.85930795
1754625600,2025-08-08 04:00:00,0.458133,0.468931,0.461153,0.462982,7799279.58757909
1754629200,2025-08-08 05:00:00,0.456494,0.463363,0.462836,0.457247,5928317.47834476
1754632800,2025-08-08 06:00:00,0.457247,0.46731,0.457247,0.46731,2856841.61239534
1754636400,2025-08-08 07:00:00,0.46068,0.468095,0.467324,0.462755,3710227.46082399
1754640000,2025-08-08 08:00:00,0.458087,0.465278,0.462719,0.462748,2958525.74362807
1754643600,2025-08-08 09:00:00,0.459932,0.465855,0.462708,0.463906,4820617.67152288
1754647200,2025-08-08 10:00:00,0.46189,0.466545,0.463849,0.464939,2631727.8358471
1754650800,2025-08-08 11:00:00,0.464324,0.468312,0.46483,0.465566,2387760.36682234
1754654400,2025-08-08 12:00:00,0.458161,0.466285,0.465566,0.458252,5372676.42875926
1754658000,2025-08-08 13:00:00,0.456723,0.463634,0.458257,0.463076,4810563.92197356
1754661600,2025-08-08 14:00:00,0.449136,0.467267,0.463061,0.45128,10178861.84318418
1754665200,2025-08-08 15:00:00,0.44028,0.451346,0.451307,0.442152,8560944.75951521
1754668800,2025-08-08 16:00:00,0.441148,0.445418,0.442117,0.445188,6468222.90817168
1754672400,2025-08-08 17:00:00,0.445134,0.451255,0.445234,0.451056,5132506.37506003
1754676000,2025-08-08 18:00:00,0.448453,0.4534,0.450991,0.450444,3797843.44621301
1754679600,2025-08-08 19:00:00,0.449799,0.457515,0.450477,0.456901,4067808.24358139
1754683200,2025-08-08 20:00:00,0.452421,0.457279,0.456702,0.4563,2046239.77839145
1754686800,2025-08-08 21:00:00,0.453903,0.456673,0.456298,0.455656,1453133.8569295
1754690400,2025-08-08 22:00:00,0.451387,0.455584,0.455584,0.451628,2017138.30097112
1754694000,2025-08-08 23:00:00,0.449153,0.452292,0.451602,0.450049,3169150.3150562
1754697600,2025-08-09 00:00:00,0.446989,0.452686,0.450073,0.452607,2469478.53923512
1754701200,2025-08-09 01:00:00,0.449443,0.453327,0.452502,0.45141,1689248.49021432
1754704800,2025-08-09 02:00:00,0.449176,0.451975,0.451292,0.450018,1554525.51381847
1754708400,2025-08-09 03:00:00,0.447551,0.451552,0.449972,0.447733,1927328.1601571
1754712000,2025-08-09 04:00:00,0.446595,0.449833,0.447711,0.449321,2840599.24325705
1754715600,2025-08-09 05:00:00,0.448734,0.456353,0.449144,0.453146,5407596.64651418
1754719200,2025-08-09 06:00:00,0.449144,0.453169,0.453168,0.451306,2250455.82313357
1754722800,2025-08-09 07:00:00,0.450524,0.454342,0.451274,0.453882,1306995.16562654
1754726400,2025-08-09 08:00:00,0.452177,0.455462,0.453928,0.453521,1571517.03388009
1754730000,2025-08-09 09:00:00,0.452411,0.456958,0.453514,0.455814,1567832.30087045
1754733600,2025-08-09 10:00:00,0.453837,0.456906,0.455768,0.454575,1399621.4252756
1754737200,2025-08-09 11:00:00,0.452034,0.455538,0.454617,0.452434,1628055.94145406
1754740800,2025-08-09 12:00:00,0.451628,0.456999,0.452434,0.455213,1691990.47975635
1754744400,2025-08-09 13:00:00,0.450246,0.455352,0.455137,0.450618,1497586.93740809
1754748000,2025-08-09 14:00:00,0.446464,0.454463,0.450686,0.453652,4232374.31597368
1754751600,2025-08-09 15:00:00,0.449295,0.454203,0.453628,0.450294,2260625.83318469
1754755200,2025-08-09 16:00:00,0.449144,0.452394,0.450202,0.449381,2118693.73180698
1754758800,2025-08-09 17:00:00,0.448426,0.454066,0.44945,0.45323,1780402.60976724
1754762400,2025-08-09 18:00:00,0.451582,0.45379,0.4531,0.452088,1066421.01480213
1754766000,2025-08-09 19:00:00,0.449329,0.454297,0.452043,0.449844,2429494.49132455
1754769600,2025-08-09 20:00:00,0.448558,0.453958,0.449843,0.451339,3786887.11679279
1754773200,2025-08-09 21:00:00,0.44721,0.452226,0.451321,0.448561,2788784.15060207
1754776800,2025-08-09 22:00:00,0.444778,0.451398,0.44856,0.446638,3031543.84295471
1754780400,2025-08-09 23:00:00,0.445326,0.448536,0.446706,0.446969,1762127.79658383
1754784000,2025-08-10 00:00:00,0.446108,0.448443,0.446969,0.447318,1814216.13976883
1754787600,2025-08-10 01:00:00,0.444659,0.44838,0.447304,0.445204,2138069.32720168
1754791200,2025-08-10 02:00:00,0.445096,0.449028,0.445229,0.446982,2246448.27186061
1754794800,2025-08-10 03:00:00,0.44597,0.453901,0.446936,0.452932,3374780.21882475
1754798400,2025-08-10 04:00:00,0.452639,0.456662,0.453054,0.45638,5356776.42411618
1754802000,2025-08-10 05:00:00,0.448132,0.456411,0.456345,0.448132,4077305.54927033
1754805600,2025-08-10 06:00:00,0.443911,0.448546,0.448089,0.446088,2487064.3232832
1754809200,2025-08-10 07:00:00,0.436605,0.448834,0.446044,0.439076,5835371.29705304
1754812800,2025-08-10 08:00:00,0.433156,0.441968,0.439149,0.441185,5279747.15766006
1754816400,2025-08-10 09:00:00,0.440516,0.442704,0.441186,0.440927,814690.31969884
1754820000,2025-08-10 10:00:00,0.436096,0.441354,0.440864,0.437137,2671969.80615943
1754823600,2025-08-10 11:00:00,0.43631,0.440079,0.43723,0.438104,1579873.92023672
1754827200,2025-08-10 12:00:00,0.43608,0.43907,0.438104,0.438151,2381320.23855181
1754830800,2025-08-10 13:00:00,0.435353,0.439942,0.438151,0.435805,3271412.77449479
1754834400,2025-08-10 14:00:00,0.435299,0.444669,0.435804,0.444066,5982963.89203469
1754838000,2025-08-10 15:00:00,0.441628,0.444636,0.444045,0.442105,2148781.79376829
1754841600,2025-08-10 16:00:00,0.441667,0.444732,0.442198,0.442391,1651944.96446275
1754845200,2025-08-10 17:00:00,0.440325,0.443527,0.442377,0.442337,1184268.57276661
1754848800,2025-08-10 18:00:00,0.442336,0.446122,0.442471,0.446016,2003276.70084212
1754852400,2025-08-10 19:00:00,0.445063,0.447796,0.445949,0.445079,1159616.42839223
1754856000,2025-08-10 20:00:00,0.44214,0.445581,0.44505,0.443119,1152352.56445464
1754859600,2025-08-10 21:00:00,0.43967,0.443222,0.443171,0.443222,2047869.25713803
1754863200,2025-08-10 22:00:00,0.440848,0.445035,0.443207,0.443624,3395192.28480013
1754866800,2025-08-10 23:00:00,0.441958,0.44466,0.44367,0.444589,1627306.94495691
1754870400,2025-08-11 00:00:00,0.442383,0.445924,0.444635,0.443624,3016727.46892954
1754874000,2025-08-11 01:00:00,0.44298,0.44996,0.443578,0.44873,3882193.83063724
1754877600,2025-08-11 02:00:00,0.448408,0.45714,0.448552,0.454886,7354357.33867666
1754881200,2025-08-11 03:00:00,0.451182,0.454998,0.454891,0.45217,2945171.26077821
1754884800,2025-08-11 04:00:00,0.450846,0.455471,0.452226,0.451675,2400791.43277658
1754888400,2025-08-11 05:00:00,0.451504,0.457665,0.451674,0.456092,3710275.74488782
1754892000,2025-08-11 06:00:00,0.452707,0.457212,0.456157,0.455584,1866043.03839341
1754895600,2025-08-11 07:00:00,0.44711,0.457046,0.455596,0.448316,3073758.39873632
1754899200,2025-08-11 08:00:00,0.445453,0.461122,0.44827,0.454535,8397258.89642644
1754902800,2025-08-11 09:00:00,0.450616,0.460736,0.454618,0.452548,3258487.6797493
1754906400,2025-08-11 10:00:00,0.450379,0.455771,0.452594,0.452151,1485259.62745491
1754910000,2025-08-11 11:00:00,0.440523,0.45294,0.452049,0.442975,7266764.13547817
1754913600,2025-08-11 12:00:00,0.439528,0.446337,0.44291,0.442392,6198495.04558152
1754917200,2025-08-11 13:00:00,0.436613,0.444868,0.442314,0.443352,4599562.06805024
1754920800,2025-08-11 14:00:00,0.44063,0.448546,0.443393,0.441417,3404873.92493799
1754924400,2025-08-11 15:00:00,0.439472,0.444858,0.441524,0.443074,5231918.50318285
1754928000,2025-08-11 16:00:00,0.44045,0.446886,0.443074,0.44252,4095814.0529964
1754931600,2025-08-11 17:00:00,0.439164,0.44523,0.442474,0.440791,2737595.7213543
1754935200,2025-08-11 18:00:00,0.436784,0.443341,0.44106,0.442653,4975058.68086388
1754938800,2025-08-11 19:00:00,0.433885,0.442757,0.442653,0.435688,3465536.67749433
1754942400,2025-08-11 20:00:00,0.432268,0.435933,0.435668,0.43491,4324728.30139591
1754946000,2025-08-11 21:00:00,0.428478,0.436447,0.434868,0.432326,3695803.10186652
1754949600,2025-08-11 22:00:00,0.427512,0.432488,0.432326,0.431481,2678526.58066929
1754953200,2025-08-11 23:00:00,0.430403,0.433272,0.431433,0.430403,3644261.52737815
1754956800,2025-08-12 00:00:00,0.42974,0.437353,0.430375,0.436314,4140852.57467884
1754960400,2025-08-12 01:00:00,0.435541,0.444709,0.436128,0.443284,5110683.88534905
1754964000,2025-08-12 02:00:00,0.439272,0.443357,0.44331,0.439583,1609348.55494225
1754967600,2025-08-12 03:00:00,0.43578,0.439914,0.43956,0.437776,2870616.43775801
1754971200,2025-08-12 04:00:00,0.437052,0.43974,0.437682,0.437809,1190675.62946449
1754974800,2025-08-12 05:00:00,0.4318,0.437808,0.437808,0.43431,3385064.10918752
1754978400,2025-08-12 06:00:00,0.43092,0.437382,0.434165,0.4363,2117841.15843085
1754982000,2025-08-12 07:00:00,0.436357,0.439532,0.436372,0.437302,1502931.91009281
1754985600,2025-08-12 08:00:00,0.434102,0.438167,0.437304,0.435456,1317749.94135637
1754989200,2025-08-12 09:00:00,0.433113,0.436258,0.435325,0.4334,1725449.53186344
1754992800,2025-08-12 10:00:00,0.430689,0.435888,0.433324,0.43402,2770441.75235797
1754996400,2025-08-12 11:00:00,0.430167,0.4377,0.43404,0.436603,2810806.93473469
1755000000,2025-08-12 12:00:00,0.43404,0.445216,0.43644,0.440108,7413240.52688242
1755003600,2025-08-12 13:00:00,0.43384,0.440671,0.440155,0.435808,5884410.18192595
1755007200,2025-08-12 14:00:00,0.435331,0.443698,0.435797,0.443391,4988749.5488174
1755010800,2025-08-12 15:00:00,0.443172,0.446305,0.4434,0.444888,6695946.75765166
1755014400,2025-08-12 16:00:00,0.442705,0.447164,0.444958,0.447011,4081219.99549336
1755018000,2025-08-12 17:00:00,0.445188,0.449475,0.44712,0.445965,5118553.23269877
1755021600,2025-08-12 18:00:00,0.445602,0.450653,0.446062,0.449946,3525465.70933622
1755025200,2025-08-12 19:00:00,0.448822,0.453643,0.449971,0.452653,4942354.29014244
1755028800,2025-08-12 20:00:00,0.451449,0.455887,0.45264,0.452528,5829343.35823091
1755032400,2025-08-12 21:00:00,0.448,0.452713,0.452551,0.448629,2966635.18043375
1755036000,2025-08-12 22:00:00,0.447234,0.451267,0.44873,0.449261,2739310.93143053
1755039600,2025-08-12 23:00:00,0.447535,0.450809,0.449261,0.449192,1658878.50166192
1755043200,2025-08-13 00:00:00,0.4459,0.449577,0.449165,0.446292,2543238.9326902
1755046800,2025-08-13 01:00:00,0.440977,0.446359,0.446359,0.442194,3797912.57920733
1755050400,2025-08-13 02:00:00,0.440274,0.446185,0.442014,0.4459,2680485.59637591
1755054000,2025-08-13 03:00:00,0.443171,0.449186,0.445853,0.447258,3211188.60909311
1755057600,2025-08-13 04:00:00,0.446508,0.450203,0.447212,0.448385,1701524.26494793
1755061200,2025-08-13 05:00:00,0.442566,0.44953,0.448472,0.443258,1212613.72520256
1755064800,2025-08-13 06:00:00,0.441589,0.44574,0.443256,0.444246,989389.95362375
1755068400,2025-08-13 07:00:00,0.443901,0.448223,0.44436,0.447768,1013727.41731477
1755072000,2025-08-13 08:00:00,0.447442,0.454399,0.4477,0.453663,4330391.77597921
1755075600,2025-08-13 09:00:00,0.450566,0.455245,0.453698,0.452827,2276677.62823903
1755079200,2025-08-13 10:00:00,0.452043,0.457083,0.452827,0.454849,2992572.99373834
1755082800,2025-08-13 11:00:00,0.45196,0.455057,0.454933,0.454083,1543400.66968677
1755086400,2025-08-13 12:00:00,0.450027,0.455584,0.454066,0.450261,2903576.38757812
1755090000,2025-08-13 13:00:00,0.449668,0.459566,0.45026,0.453676,9993773.66269064
1755093600,2025-08-13 14:00:00,0.445901,0.454388,0.453744,0.447326,6393188.48430731
1755097200,2025-08-13 15:00:00,0.445296,0.45045,0.447377,0.446785,5400248.31734571
1755100800,2025-08-13 16:00:00,0.446254,0.451604,0.446807,0.448575,3040041.41132006
1755104400,2025-08-13 17:00:00,0.448002,0.452782,0.448521,0.45186,2041266.23320087
1755108000,2025-08-13 18:00:00,0.44666,0.452854,0.451812,0.450176,2347032.88964073
1755111600,2025-08-13 19:00:00,0.449789,0.454356,0.450133,0.454048,4123253.28232658
1755115200,2025-08-13 20:00:00,0.450659,0.454203,0.454037,0.450938,1934386.35299102
1755118800,2025-08-13 21:00:00,0.448884,0.45364,0.450845,0.450973,2472825.3404787
1755122400,2025-08-13 22:00:00,0.450086,0.455441,0.451029,0.453351,3486996.11655232
1755126000,2025-08-13 23:00:00,0.451692,0.455673,0.453284,0.451983,2458128.30914938
1755129600,2025-08-14 00:00:00,0.451871,0.458763,0.452082,0.457492,3317019.66772996
1755133200,2025-08-14 01:00:00,0.45391,0.471303,0.457447,0.464152,13339965.25447874
1755136800,2025-08-14 02:00:00,0.459948,0.46759,0.464145,0.466314,4768796.3228535
1755140400,2025-08-14 03:00:00,0.461265,0.467497,0.46618,0.461265,3162525.19867859
1755144000,2025-08-14 04:00:00,0.459325,0.467751,0.461321,0.459371,2522086.29917089
1755147600,2025-08-14 05:00:00,0.45508,0.462025,0.45939,0.455308,2688855.43388053
1755151200,2025-08-14 06:00:00,0.449652,0.456872,0.455262,0.455218,5886794.45341553
1755154800,2025-08-14 07:00:00,0.451306,0.456414,0.45526,0.453398,1936543.83591998
1755158400,2025-08-14 08:00:00,0.445452,0.453705,0.453422,0.446745,3141548.4809819
1755162000,2025-08-14 09:00:00,0.444008,0.448068,0.4466,0.44723,1565787.10543587
1755165600,2025-08-14 10:00:00,0.439981,0.447589,0.447172,0.442016,4186994.04360728
1755169200,2025-08-14 11:00:00,0.439915,0.44268,0.44187,0.442329,2837222.19909296
1755172800,2025-08-14 12:00:00,0.41047,0.445052,0.442416,0.423802,13966031.03864035
1755176400,2025-08-14 13:00:00,0.417206,0.430378,0.424024,0.427701,7677546.58367072
1755180000,2025-08-14 14:00:00,0.425351,0.432068,0.427875,0.429489,6557638.74908725
1755183600,2025-08-14 15:00:00,0.423,0.429993,0.429613,0.424159,5135712.63566451
1755187200,2025-08-14 16:00:00,0.417666,0.424182,0.42416,0.419907,4427965.13011326
1755190800,2025-08-14 17:00:00,0.41742,0.42378,0.419768,0.423305,4383318.34264942
1755194400,2025-08-14 18:00:00,0.418218,0.426006,0.423257,0.4255,4459207.43073624
1755198000,2025-08-14 19:00:00,0.423156,0.427714,0.425559,0.42329,2964547.83808098
1755201600,2025-08-14 20:00:00,0.420564,0.425358,0.423368,0.424868,5479615.66704374
1755205200,2025-08-14 21:00:00,0.416038,0.424764,0.424764,0.420436,2899674.57352332
1755208800,2025-08-14 22:00:00,0.417905,0.425391,0.420435,0.424382,3243328.58592195
1755212400,2025-08-14 23:00:00,0.422671,0.425576,0.424352,0.423655,3188075.48062833
1755216000,2025-08-15 00:00:00,0.422,0.425657,0.423685,0.422466,1955933.71880861
1755219600,2025-08-15 01:00:00,0.421367,0.427392,0.42256,0.426405,3514524.20049314
1755223200,2025-08-15 02:00:00,0.425142,0.428469,0.426284,0.427209,1304426.4049501
1755226800,2025-08-15 03:00:00,0.426626,0.430885,0.427199,0.430513,2909318.57924549
1755230400,2025-08-15 04:00:00,0.427128,0.431797,0.430426,0.427368,1630637.12212651
1755234000,2025-08-15 05:00:00,0.4258,0.429665,0.427375,0.429611,780902.49321822
1755237600,2025-08-15 06:00:00,0.429437,0.432772,0.429578,0.430278,1722995.14181554
1755241200,2025-08-15 07:00:00,0.427306,0.430628,0.430278,0.429659,1288020.87841308
1755244800,2025-08-15 08:00:00,0.429514,0.433507,0.42959,0.429545,3166253.39663993
1755248400,2025-08-15 09:00:00,0.425747,0.430364,0.429518,0.427234,1128600.45930096
1755252000,2025-08-15 10:00:00,0.426871,0.430413,0.427372,0.427536,847047.96774331
1755255600,2025-08-15 11:00:00,0.426536,0.430141,0.427649,0.428648,823775.92932348
1755259200,2025-08-15 12:00:00,0.425733,0.433484,0.428701,0.429219,3442393.94773873
1755262800,2025-08-15 13:00:00,0.423258,0.430505,0.42922,0.4248,4890564.174308
1755266400,2025-08-15 14:00:00,0.420054,0.427024,0.424655,0.42093,7042252.66720264
1755270000,2025-08-15 15:00:00,0.414679,0.421489,0.420784,0.41609,7920098.50932968
1755273600,2025-08-15 16:00:00,0.411737,0.419685,0.41591,0.419286,3015114.22114372
1755277200,2025-08-15 17:00:00,0.416673,0.424424,0.419183,0.421909,5080105.57691849
1755280800,2025-08-15 18:00:00,0.420993,0.426691,0.421828,0.424893,5120528.34452437
1755284400,2025-08-15 19:00:00,0.422649,0.429014,0.424908,0.423697,2220379.64121041
1755288000,2025-08-15 20:00:00,0.422063,0.427064,0.42372,0.426186,1903383.92482716
1755291600,2025-08-15 21:00:00,0.42614,0.430447,0.42636,0.429207,4697269.75667433
1755295200,2025-08-15 22:00:00,0.428692,0.4331,0.429308,0.433021,2613522.01315532
1755298800,2025-08-15 23:00:00,0.428296,0.43318,0.433003,0.430588,2355072.67558208
1755302400,2025-08-16 00:00:00,0.42831,0.432347,0.430588,0.431171,1656964.92593783
1755306000,2025-08-16 01:00:00,0.429121,0.431596,0.431288,0.429484,1025474.99196393
1755309600,2025-08-16 02:00:00,0.427639,0.429879,0.429484,0.428544,1292547.40335466
1755313200,2025-08-16 03:00:00,0.428252,0.431832,0.428518,0.430353,708257.95760152
1755316800,2025-08-16 04:00:00,0.428768,0.431559,0.430452,0.42966,543619.80786338
1755320400,2025-08-16 05:00:00,0.425507,0.42976,0.429704,0.4257,1242619.4953228
1755324000,2025-08-16 06:00:00,0.424648,0.428091,0.425744,0.427592,871826.55659644
1755327600,2025-08-16 07:00:00,0.426757,0.42878,0.42747,0.42834,529556.15360799
1755331200,2025-08-16 08:00:00,0.42746,0.432328,0.428363,0.431596,577888.01656292
1755334800,2025-08-16 09:00:00,0.428304,0.433179,0.431605,0.428693,1742881.94673352
1755338400,2025-08-16 10:00:00,0.4251,0.429969,0.428693,0.426089,2365128.29190809
1755342000,2025-08-16 11:00:00,0.423797,0.427636,0.426066,0.424109,2238293.57898957
1755345600,2025-08-16 12:00:00,0.422567,0.426137,0.424115,0.425978,2144305.11039653
1755349200,2025-08-16 13:00:00,0.423589,0.428296,0.425976,0.424297,1646184.20764214
1755352800,2025-08-16 14:00:00,0.423795,0.427459,0.42432,0.426668,1678525.96416964
1755356400,2025-08-16 15:00:00,0.424898,0.427683,0.426624,0.426794,1531394.10682659
1755360000,2025-08-16 16:00:00,0.426135,0.428564,0.426704,0.427303,1811512.50350125
1755363600,2025-08-16 17:00:00,0.424325,0.427459,0.427327,0.424729,922789.76099329
1755367200,2025-08-16 18:00:00,0.424166,0.427879,0.424644,0.427843,1436025.98143561
1755370800,2025-08-16 19:00:00,0.427508,0.429044,0.427801,0.427568,1721796.27231958
1755374400,2025-08-16 20:00:00,0.426986,0.428955,0.427633,0.428308,909389.51896207
1755378000,2025-08-16 21:00:00,0.426547,0.428464,0.428339,0.426708,658665.61313491
1755381600,2025-08-16 22:00:00,0.426052,0.427944,0.426725,0.427197,968269.69875756
1755385200,2025-08-16 23:00:00,0.426063,0.427497,0.427189,0.426832,884960.00149648
1755388800,2025-08-17 00:00:00,0.425228,0.426976,0.426807,0.425984,817058.34359284
1755392400,2025-08-17 01:00:00,0.42443,0.426888,0.4259,0.426334,1526056.56457361
1755396000,2025-08-17 02:00:00,0.425348,0.428735,0.426298,0.428253,1489532.76891267
1755399600,2025-08-17 03:00:00,0.427505,0.429157,0.428375,0.42845,1178887.44834972
1755403200,2025-08-17 04:00:00,0.428417,0.430793,0.428417,0.430562,866703.25320438
1755406800,2025-08-17 05:00:00,0.429249,0.43158,0.430584,0.429249,701547.37067564
1755410400,2025-08-17 06:00:00,0.428094,0.430244,0.429273,0.428318,915404.99170176
1755414000,2025-08-17 07:00:00,0.428201,0.430012,0.428318,0.429484,390903.11491788
1755417600,2025-08-17 08:00:00,0.429115,0.433511,0.429528,0.432833,2594442.67618799
1755421200,2025-08-17 09:00:00,0.429591,0.433004,0.432784,0.431728,1427513.91573758
1755424800,2025-08-17 10:00:00,0.429836,0.433038,0.431772,0.430955,1007399.73530834
1755428400,2025-08-17 11:00:00,0.429855,0.4323,0.431039,0.431254,854855.50656868
1755432000,2025-08-17 12:00:00,0.429713,0.431618,0.43142,0.430032,776704.49467717
1755435600,2025-08-17 13:00:00,0.429224,0.432414,0.430032,0.431552,811957.96432584
1755439200,2025-08-17 14:00:00,0.429396,0.431683,0.431464,0.429541,1201347.74395908
1755442800,2025-08-17 15:00:00,0.42879,0.433256,0.429475,0.432796,2622998.24254411
1755446400,2025-08-17 16:00:00,0.4285,0.434202,0.432828,0.429459,3242742.80790581
1755450000,2025-08-17 17:00:00,0.428826,0.430738,0.429576,0.428935,1247993.30688644
1755453600,2025-08-17 18:00:00,0.423603,0.429428,0.429,0.42656,4644510.82634029
1755457200,2025-08-17 19:00:00,0.424627,0.427777,0.426624,0.424907,1656890.11619826
1755460800,2025-08-17 20:00:00,0.424601,0.4266,0.424908,0.424864,776255.51155338
1755464400,2025-08-17 21:00:00,0.42438,0.426783,0.424821,0.426577,947089.48640506
1755468000,2025-08-17 22:00:00,0.425613,0.429044,0.426492,0.428062,1916872.44641634
1755471600,2025-08-17 23:00:00,0.4245,0.428245,0.428062,0.424734,1295192.97226189
1755475200,2025-08-18 00:00:00,0.422628,0.42529,0.424733,0.42388,2680366.17053854
1755478800,2025-08-18 01:00:00,0.41711,0.424285,0.423808,0.417389,5154913.92951423
1755482400,2025-08-18 02:00:00,0.411654,0.417911,0.417372,0.411971,5433082.9566632
1755486000,2025-08-18 03:00:00,0.407466,0.41271,0.411971,0.410446,4100380.65586164
1755489600,2025-08-18 04:00:00,0.408696,0.414417,0.410432,0.413832,1733940.22247345
1755493200,2025-08-18 05:00:00,0.409517,0.415407,0.413821,0.412733,844090.29623196
1755496800,2025-08-18 06:00:00,0.405874,0.412735,0.412698,0.407959,2898273.83730391
1755500400,2025-08-18 07:00:00,0.407386,0.409847,0.407899,0.4086,939396.98831706
1755504000,2025-08-18 08:00:00,0.405381,0.409485,0.408555,0.405557,1869112.45833984
1755507600,2025-08-18 09:00:00,0.4035,0.407955,0.405521,0.407481,3690509.57086096
1755511200,2025-08-18 10:00:00,0.405964,0.408035,0.407415,0.406852,1077534.67954576
1755514800,2025-08-18 11:00:00,0.40388,0.407497,0.406888,0.404748,2178533.48138221
1755518400,2025-08-18 12:00:00,0.403892,0.409701,0.40467,0.409701,2405116.80842969
1755522000,2025-08-18 13:00:00,0.405663,0.411182,0.409701,0.405663,2117990.16078827
1755525600,2025-08-18 14:00:00,0.405719,0.410504,0.405719,0.410394,2260339.38092317
1755529200,2025-08-18 15:00:00,0.407662,0.412577,0.410352,0.410337,6335839.91935597
1755532800,2025-08-18 16:00:00,0.408154,0.412808,0.410409,0.408295,2123835.22844325
1755536400,2025-08-18 17:00:00,0.40848,0.418305,0.408496,0.413934,5259765.02896189
1755540000,2025-08-18 18:00:00,0.410691,0.414655,0.413972,0.41456,1769473.45488292
1755543600,2025-08-18 19:00:00,0.413431,0.416595,0.414618,0.415719,2197196.50135733
1755547200,2025-08-18 20:00:00,0.413288,0.417107,0.415606,0.41682,2990700.69123816
1755550800,2025-08-18 21:00:00,0.415293,0.419799,0.416878,0.418165,3471223.18385251
1755554400,2025-08-18 22:00:00,0.417696,0.420899,0.418294,0.417955,1527421.38440365
1755558000,2025-08-18 23:00:00,0.414162,0.418305,0.417943,0.414694,1877797.2378951
1755561600,2025-08-19 00:00:00,0.410127,0.417579,0.41473,0.417474,3666908.55025379
1755565200,2025-08-19 01:00:00,0.412225,0.418506,0.417367,0.413288,3410898.65380562
1755568800,2025-08-19 02:00:00,0.410363,0.413521,0.413297,0.410894,902963.62518167
1755572400,2025-08-19 03:00:00,0.4046,0.411881,0.410932,0.40494,6183099.76271731
1755576000,2025-08-19 04:00:00,0.4022,0.408693,0.404865,0.408655,4704773.99444142
1755579600,2025-08-19 05:00:00,0.406296,0.409775,0.408585,0.406351,1243447.50578481
1755583200,2025-08-19 06:00:00,0.405479,0.408476,0.406259,0.407687,704714.54652358
1755586800,2025-08-19 07:00:00,0.40341,0.4081,0.40777,0.405853,1353754.62362457
1755590400,2025-08-19 08:00:00,0.404111,0.40848,0.405871,0.406935,1018669.09679439
1755594000,2025-08-19 09:00:00,0.40648,0.409813,0.406911,0.408703,1720848.05436917
1755597600,2025-08-19 10:00:00,0.408164,0.410643,0.408771,0.40873,1756711.82680514
1755601200,2025-08-19 11:00:00,0.407717,0.410007,0.40881,0.408784,919314.24152825
1755604800,2025-08-19 12:00:00,0.406279,0.409489,0.409146,0.40755,2029933.00758149
1755608400,2025-08-19 13:00:00,0.403392,0.4103,0.407528,0.406168,2617991.51078524
1755612000,2025-08-19 14:00:00,0.39815,0.407537,0.406272,0.39929,7909474.94819146
1755615600,2025-08-19 15:00:00,0.397253,0.403,0.39933,0.398025,4108434.89741876
1755619200,2025-08-19 16:00:00,0.395417,0.400047,0.39807,0.395746,2628360.51372015
1755622800,2025-08-19 17:00:00,0.393168,0.398808,0.395756,0.398297,3535353.73191295
1755626400,2025-08-19 18:00:00,0.393003,0.399321,0.398296,0.394239,2508202.80114815
1755630000,2025-08-19 19:00:00,0.3921,0.398131,0.394245,0.394293,2665380.82595382
1755633600,2025-08-19 20:00:00,0.393553,0.397564,0.394321,0.397465,1848220.07526265
1755637200,2025-08-19 21:00:00,0.395538,0.398,0.397421,0.396162,1291862.44119851
1755640800,2025-08-19 22:00:00,0.3935,0.396196,0.396196,0.39543,1313573.94868401
1755644400,2025-08-19 23:00:00,0.3895,0.395575,0.39543,0.390752,3178579.62164541
1755648000,2025-08-20 00:00:00,0.390784,0.395096,0.390784,0.393799,2163409.44585314
1755651600,2025-08-20 01:00:00,0.389728,0.395185,0.393794,0.394211,2555261.96092549
1755655200,2025-08-20 02:00:00,0.393374,0.396352,0.394212,0.39486,3063846.04707103
1755658800,2025-08-20 03:00:00,0.39425,0.397742,0.394848,0.395731,1031872.95157711
1755662400,2025-08-20 04:00:00,0.395568,0.398797,0.395618,0.397993,1527047.14502953
1755666000,2025-08-20 05:00:00,0.396416,0.398931,0.397982,0.39884,838486.23482906
1755669600,2025-08-20 06:00:00,0.396253,0.399191,0.39885,0.39738,820208.96559071
1755673200,2025-08-20 07:00:00,0.395126,0.398656,0.3974,0.395275,1162707.24847265
1755676800,2025-08-20 08:00:00,0.394858,0.399873,0.395314,0.399617,2691201.86771227
1755680400,2025-08-20 09:00:00,0.397366,0.40033,0.399608,0.39773,2668715.96007724
1755684000,2025-08-20 10:00:00,0.397556,0.399652,0.39773,0.398585,673116.15035651
1755687600,2025-08-20 11:00:00,0.392769,0.399031,0.398658,0.397535,1986960.54871566
1755691200,2025-08-20 12:00:00,0.395725,0.400341,0.397556,0.397094,1343571.98194641
1755694800,2025-08-20 13:00:00,0.390136,0.397742,0.397068,0.390517,3130387.00553058
1755698400,2025-08-20 14:00:00,0.387352,0.397819,0.390516,0.394884,3647792.50696723
1755702000,2025-08-20 15:00:00,0.394381,0.403935,0.39486,0.398662,4096528.95414797
1755705600,2025-08-20 16:00:00,0.398413,0.40356,0.398614,0.400091,4801904.02443871
1755709200,2025-08-20 17:00:00,0.399858,0.406303,0.400015,0.404527,5396550.41653865
1755712800,2025-08-20 18:00:00,0.398518,0.404795,0.40444,0.401034,4509089.05557489
1755716400,2025-08-20 19:00:00,0.400806,0.408676,0.401102,0.407924,6758848.35624513
1755720000,2025-08-20 20:00:00,0.406202,0.408147,0.40801,0.406658,1845786.68702316
1755723600,2025-08-20 21:00:00,0.404146,0.408033,0.406646,0.406644,1539450.91494921
1755727200,2025-08-20 22:00:00,0.406021,0.407572,0.406693,0.406826,1327498.52539581
1755730800,2025-08-20 23:00:00,0.404092,0.406899,0.406826,0.404544,1083451.17674803
1755734400,2025-08-21 00:00:00,0.402657,0.405132,0.404567,0.404414,2152656.96623099
1755738000,2025-08-21 01:00:00,0.402518,0.406461,0.4045,0.406339,1770958.90682275
1755741600,2025-08-21 02:00:00,0.400036,0.407535,0.406337,0.401328,1373045.01065278
1755745200,2025-08-21 03:00:00,0.401241,0.40663,0.401275,0.401649,1018375.64519461
1755748800,2025-08-21 04:00:00,0.400265,0.4032,0.401618,0.402181,623424.0053469
1755752400,2025-08-21 05:00:00,0.400335,0.403197,0.40215,0.40316,504937.53282824
1755756000,2025-08-21 06:00:00,0.399807,0.403032,0.403032,0.40035,1340048.58095965
1755759600,2025-08-21 07:00:00,0.3981,0.401455,0.400379,0.401145,1952627.17932271
1755763200,2025-08-21 08:00:00,0.398134,0.401567,0.40117,0.398134,1276853.79625548
1755766800,2025-08-21 09:00:00,0.395966,0.398492,0.398125,0.39613,2397968.76254027
1755770400,2025-08-21 10:00:00,0.395637,0.397661,0.396095,0.396144,1783787.3272688
1755774000,2025-08-21 11:00:00,0.395857,0.398376,0.396166,0.397008,802887.53816939
1755777600,2025-08-21 12:00:00,0.393414,0.397699,0.396972,0.39445,2215290.97278723
1755781200,2025-08-21 13:00:00,0.393577,0.398664,0.394453,0.39533,1505397.08933199
1755784800,2025-08-21 14:00:00,0.3936,0.399323,0.39548,0.395182,1634133.12359974
1755788400,2025-08-21 15:00:00,0.391887,0.395818,0.39525,0.3926,1912657.52458594
1755792000,2025-08-21 16:00:00,0.391652,0.395097,0.392597,0.392222,2309005.23499899
1755795600,2025-08-21 17:00:00,0.390621,0.3949,0.392177,0.394362,3154561.45810901
1755799200,2025-08-21 18:00:00,0.393886,0.396168,0.39431,0.395711,2744764.73501288
1755802800,2025-08-21 19:00:00,0.391744,0.397092,0.39571,0.392671,2667739.42964924
1755806400,2025-08-21 20:00:00,0.391643,0.395954,0.392677,0.394577,2422086.7489086
1755810000,2025-08-21 21:00:00,0.392498,0.395521,0.394575,0.393669,1143236.76994931
1755813600,2025-08-21 22:00:00,0.392406,0.394699,0.393669,0.393024,987413.15917521
1755817200,2025-08-21 23:00:00,0.389671,0.393129,0.393079,0.391125,2154777.23280603
1755820800,2025-08-22 00:00:00,0.390659,0.393462,0.391132,0.39137,1181352.32176987
1755824400,2025-08-22 01:00:00,0.38906,0.393215,0.39137,0.392824,1296578.84743733
1755828000,2025-08-22 02:00:00,0.392039,0.396215,0.39291,0.392269,3402189.40170504
1755831600,2025-08-22 03:00:00,0.388707,0.392909,0.39221,0.389135,3974499.86573215
1755835200,2025-08-22 04:00:00,0.389135,0.39305,0.389135,0.391055,1807947.65014483
1755838800,2025-08-22 05:00:00,0.390391,0.393129,0.39114,0.392772,883099.55148512
1755842400,2025-08-22 06:00:00,0.39,0.39375,0.392705,0.390846,1604625.8436819
1755846000,2025-08-22 07:00:00,0.390516,0.394357,0.390684,0.393204,1014517.45912089
1755849600,2025-08-22 08:00:00,0.393079,0.395414,0.393162,0.39342,916146.33243538
1755853200,2025-08-22 09:00:00,0.391819,0.394337,0.39354,0.393406,526310.53843049
1755856800,2025-08-22 10:00:00,0.3893,0.393578,0.39349,0.38988,1022564.15018362
1755860400,2025-08-22 11:00:00,0.385624,0.390006,0.390006,0.385859,3891021.18763223
1755864000,2025-08-22 12:00:00,0.380654,0.387888,0.385896,0.385255,4148875.05267797
1755867600,2025-08-22 13:00:00,0.38456,0.3935,0.38528,0.389036,3079752.59242044
1755871200,2025-08-22 14:00:00,0.389066,0.414683,0.389086,0.411371,24213909.74124436
1755874800,2025-08-22 15:00:00,0.41142,0.418438,0.41142,0.414272,11795306.63744308
1755878400,2025-08-22 16:00:00,0.4142,0.424793,0.4142,0.421352,6360004.31531089
1755882000,2025-08-22 17:00:00,0.421496,0.428904,0.421496,0.424946,6059344.07083209
1755885600,2025-08-22 18:00:00,0.421893,0.425662,0.424927,0.423894,5565490.40356647
1755889200,2025-08-22 19:00:00,0.423682,0.426663,0.423966,0.424262,2203299.58102232
1755892800,2025-08-22 20:00:00,0.423632,0.426435,0.424233,0.424778,3082509.90781099
1755896400,2025-08-22 21:00:00,0.423087,0.427403,0.4248,0.426587,4872928.75309809
1755900000,2025-08-22 22:00:00,0.424328,0.427309,0.426704,0.426562,3485249.30993867
1755903600,2025-08-22 23:00:00,0.424304,0.427043,0.426659,0.424606,1391450.43657648
1755907200,2025-08-23 00:00:00,0.420766,0.424902,0.424495,0.421904,3475998.28862905
1755910800,2025-08-23 01:00:00,0.416937,0.421976,0.42189,0.418512,2422020.41687094
1755914400,2025-08-23 02:00:00,0.411211,0.419139,0.418456,0.413098,4902402.46433323
1755918000,2025-08-23 03:00:00,0.409494,0.413625,0.413136,0.409996,1167640.55542801
1755921600,2025-08-23 04:00:00,0.409921,0.416403,0.409921,0.416176,2290149.65920228
1755925200,2025-08-23 05:00:00,0.41553,0.420671,0.4161,0.420196,3163658.13111798
1755928800,2025-08-23 06:00:00,0.418938,0.421738,0.420205,0.419749,932605.39034627
1755932400,2025-08-23 07:00:00,0.416782,0.421529,0.419748,0.417493,1020759.69337463
1755936000,2025-08-23 08:00:00,0.415074,0.419212,0.417544,0.41603,903467.20518759
1755939600,2025-08-23 09:00:00,0.412921,0.416186,0.41605,0.414216,2445397.8071479
1755943200,2025-08-23 10:00:00,0.411826,0.414504,0.41418,0.411991,2547725.3204448
1755946800,2025-08-23 11:00:00,0.411002,0.413532,0.412036,0.412488,1238043.47013401
1755950400,2025-08-23 12:00:00,0.409464,0.41256,0.412524,0.410724,1233327.13436118
1755954000,2025-08-23 13:00:00,0.41,0.412391,0.410688,0.410291,768511.65914258
1755957600,2025-08-23 14:00:00,0.409474,0.412812,0.410291,0.410677,1217207.98913525
1755961200,2025-08-23 15:00:00,0.410468,0.412584,0.41068,0.412074,819881.9589234
1755964800,2025-08-23 16:00:00,0.4106,0.412789,0.41202,0.411951,1302456.98272029
1755968400,2025-08-23 17:00:00,0.411519,0.412985,0.411923,0.412513,1068370.42569949
1755972000,2025-08-23 18:00:00,0.41245,0.415273,0.412542,0.415107,1013133.9936318
1755975600,2025-08-23 19:00:00,0.414592,0.416115,0.415128,0.416099,1383521.08958423
1755979200,2025-08-23 20:00:00,0.414365,0.416475,0.416115,0.415537,913093.23307813
1755982800,2025-08-23 21:00:00,0.413102,0.415649,0.415632,0.41363,772382.51190045
1755986400,2025-08-23 22:00:00,0.413732,0.416232,0.413732,0.416181,821117.8573497
1755990000,2025-08-23 23:00:00,0.416,0.417228,0.41622,0.416511,1910895.36842098
1755993600,2025-08-24 00:00:00,0.415411,0.417143,0.416524,0.41584,1431886.89542162
1755997200,2025-08-24 01:00:00,0.413569,0.417702,0.415717,0.416682,939191.83738284
1756000800,2025-08-24 02:00:00,0.414717,0.417433,0.416724,0.415296,1394418.28438313
1756004400,2025-08-24 03:00:00,0.41265,0.41538,0.415298,0.414182,1396823.56024118
1756008000,2025-08-24 04:00:00,0.4123,0.41475,0.414204,0.413977,659560.87765207
1756011600,2025-08-24 05:00:00,0.411853,0.414081,0.414036,0.412902,1117226.84367783
1756015200,2025-08-24 06:00:00,0.409119,0.41304,0.412944,0.409164,3094435.37144515
1756018800,2025-08-24 07:00:00,0.408553,0.411474,0.409129,0.408612,759737.57100112
1756022400,2025-08-24 08:00:00,0.407575,0.410466,0.408576,0.409199,622597.68178121
1756026000,2025-08-24 09:00:00,0.4078,0.410185,0.409146,0.407989,564649.11178835
1756029600,2025-08-24 10:00:00,0.403957,0.408062,0.407904,0.404082,5794220.85944179
1756033200,2025-08-24 11:00:00,0.402232,0.405452,0.404165,0.40462,1209533.97665524
1756036800,2025-08-24 12:00:00,0.404027,0.40656,0.404619,0.406115,540558.05049377
1756040400,2025-08-24 13:00:00,0.405552,0.407889,0.406321,0.405923,1413531.91995686
1756044000,2025-08-24 14:00:00,0.404235,0.406786,0.406,0.406316,1296328.45977648
1756047600,2025-08-24 15:00:00,0.405475,0.4099,0.406315,0.406056,1231298.14553745
1756051200,2025-08-24 16:00:00,0.405796,0.408785,0.406096,0.408298,699807.02878988
1756054800,2025-08-24 17:00:00,0.408238,0.414157,0.408274,0.41286,3912437.69739213
1756058400,2025-08-24 18:00:00,0.411937,0.421871,0.412818,0.42084,6081923.73042236
1756062000,2025-08-24 19:00:00,0.406854,0.424,0.420798,0.412091,14247504.76459246
1756065600,2025-08-24 20:00:00,0.403843,0.412299,0.4121,0.4093,6034047.64544059
1756069200,2025-08-24 21:00:00,0.40623,0.4122,0.40925,0.409584,2390926.02170536
1756072800,2025-08-24 22:00:00,0.403943,0.410404,0.409584,0.409882,1876549.53695706
1756076400,2025-08-24 23:00:00,0.407163,0.412197,0.410046,0.407798,2251492.16064979
1756080000,2025-08-25 00:00:00,0.4005,0.409323,0.40785,0.40358,4003470.1114155
1756083600,2025-08-25 01:00:00,0.402867,0.407308,0.403579,0.405959,2425916.89094454
1756087200,2025-08-25 02:00:00,0.405823,0.410426,0.4059,0.409671,1674238.66923676
1756090800,2025-08-25 03:00:00,0.405809,0.410841,0.40964,0.406511,700680.83219136
1756094400,2025-08-25 04:00:00,0.403924,0.40726,0.40652,0.40425,1227104.95575945
1756098000,2025-08-25 05:00:00,0.401856,0.405363,0.404355,0.40205,3068411.35429442
1756101600,2025-08-25 06:00:00,0.396675,0.402394,0.40205,0.39676,5669756.07438781
1756105200,2025-08-25 07:00:00,0.392,0.398803,0.39683,0.392667,2824152.15912429
1756108800,2025-08-25 08:00:00,0.390075,0.394422,0.39249,0.392196,6428633.83460769
1756112400,2025-08-25 09:00:00,0.390584,0.393159,0.392155,0.392819,1157947.67246668
1756116000,2025-08-25 10:00:00,0.388051,0.39287,0.392742,0.390053,1820336.42183105
1756119600,2025-08-25 11:00:00,0.389615,0.393486,0.390056,0.39336,1167476.61160548
1756123200,2025-08-25 12:00:00,0.392097,0.395639,0.393361,0.394995,1274117.21949961
1756126800,2025-08-25 13:00:00,0.3915,0.396226,0.394957,0.394195,1724114.49671458
1756130400,2025-08-25 14:00:00,0.39324,0.397908,0.39435,0.395843,2595856.69684722
1756134000,2025-08-25 15:00:00,0.392938,0.396522,0.39582,0.393484,2240513.19509924
1756137600,2025-08-25 16:00:00,0.391102,0.394921,0.393641,0.392798,3950371.42270183
1756141200,2025-08-25 17:00:00,0.389806,0.396101,0.3928,0.395841,1293330.24801154
1756144800,2025-08-25 18:00:00,0.39117,0.396066,0.395896,0.392206,1279888.0133675
1756148400,2025-08-25 19:00:00,0.385236,0.392362,0.39217,0.385877,5343278.68922667
1756152000,2025-08-25 20:00:00,0.378584,0.38745,0.385821,0.37907,9892349.4505883
1756155600,2025-08-25 21:00:00,0.377477,0.382566,0.37912,0.380272,4016798.89007659
1756159200,2025-08-25 22:00:00,0.379488,0.384896,0.380317,0.382634,1725713.11560783
1756162800,2025-08-25 23:00:00,0.381066,0.385136,0.382556,0.3843,2488569.82304157
1756166400,2025-08-26 00:00:00,0.382032,0.38674,0.3843,0.384405,5789768.5963306
1756170000,2025-08-26 01:00:00,0.383208,0.38962,0.384216,0.38932,2544575.73450478
1756173600,2025-08-26 02:00:00,0.385897,0.390821,0.389301,0.386972,3630021.90676713
1756177200,2025-08-26 03:00:00,0.3856,0.387798,0.386972,0.386397,890047.3110609
1756180800,2025-08-26 04:00:00,0.3864,0.38927,0.3864,0.38864,847389.17445353
1756184400,2025-08-26 05:00:00,0.38843,0.391502,0.388611,0.390461,1173106.61253893
1756188000,2025-08-26 06:00:00,0.388185,0.392385,0.39047,0.388955,1144900.4644784
1756191600,2025-08-26 07:00:00,0.386715,0.392252,0.388935,0.389269,1347385.90518618
1756195200,2025-08-26 08:00:00,0.386345,0.38997,0.38906,0.38688,611308.44050403
1756198800,2025-08-26 09:00:00,0.386365,0.388333,0.3869,0.387447,591444.89555217
1756202400,2025-08-26 10:00:00,0.386811,0.38927,0.38745,0.387919,789628.48807247
1756206000,2025-08-26 11:00:00,0.384843,0.388532,0.38795,0.38672,1117714.69477294
1756209600,2025-08-26 12:00:00,0.384966,0.392822,0.386744,0.389851,3178819.67903475
1756213200,2025-08-26 13:00:00,0.386,0.3925,0.38975,0.391442,2970136.03852726
1756216800,2025-08-26 14:00:00,0.3888,0.393588,0.3914,0.392421,2618379.23134031
1756220400,2025-08-26 15:00:00,0.38988,0.393833,0.39242,0.39086,1560449.6917191
1756224000,2025-08-26 16:00:00,0.39046,0.394433,0.39088,0.394058,1862139.81845083
1756227600,2025-08-26 17:00:00,0.386681,0.394258,0.39403,0.389417,5773052.28744948
1756231200,2025-08-26 18:00:00,0.389182,0.39288,0.389417,0.392372,2794394.21741566
1756234800,2025-08-26 19:00:00,0.39116,0.399652,0.392336,0.398371,7180345.21164884
1756238400,2025-08-26 20:00:00,0.396465,0.39879,0.398406,0.397669,3209486.79169621
1756242000,2025-08-26 21:00:00,0.395185,0.397684,0.39767,0.39718,2015071.16062454
1756245600,2025-08-26 22:00:00,0.394,0.397697,0.397236,0.395624,3229752.40496398
1756249200,2025-08-26 23:00:00,0.394156,0.397308,0.395585,0.394826,2208894.64073946
1756252800,2025-08-27 00:00:00,0.391759,0.394942,0.394854,0.392073,977936.82584929
1756256400,2025-08-27 01:00:00,0.390287,0.392849,0.392174,0.390476,1919080.1976969
1756260000,2025-08-27 02:00:00,0.388077,0.391404,0.390477,0.388618,5294440.62469664
1756263600,2025-08-27 03:00:00,0.387866,0.392436,0.388605,0.389776,2620444.94483049
1756267200,2025-08-27 04:00:00,0.388906,0.392804,0.389777,0.391889,1719521.26997498
1756270800,2025-08-27 05:00:00,0.386715,0.392501,0.392069,0.38731,2830570.16841997
1756274400,2025-08-27 06:00:00,0.385595,0.38864,0.387344,0.385661,1175521.12285751
1756278000,2025-08-27 07:00:00,0.382543,0.386469,0.385695,0.384606,4709404.37578428
1756281600,2025-08-27 08:00:00,0.382584,0.386389,0.384606,0.386117,1681127.19041322
1756285200,2025-08-27 09:00:00,0.384907,0.387298,0.386106,0.385815,937666.05864888
1756288800,2025-08-27 10:00:00,0.384703,0.387239,0.385839,0.385273,651478.31431249
1756292400,2025-08-27 11:00:00,0.383706,0.386214,0.385367,0.384544,889367.23425962
1756296000,2025-08-27 12:00:00,0.382366,0.385346,0.384512,0.383991,1666675.16354832
1756299600,2025-08-27 13:00:00,0.3819,0.386835,0.383992,0.38404,3177480.25983217
1756303200,2025-08-27 14:00:00,0.3825,0.389202,0.384041,0.385266,4598856.36091588
1756306800,2025-08-27 15:00:00,0.383614,0.387563,0.385201,0.3864,2949823.57796956
1756310400,2025-08-27 16:00:00,0.382741,0.386644,0.38646,0.38532,5093802.98959215
1756314000,2025-08-27 17:00:00,0.383877,0.387654,0.385282,0.387432,1622375.47453143
1756317600,2025-08-27 18:00:00,0.384009,0.388421,0.387372,0.384092,1914440.84047363
1756321200,2025-08-27 19:00:00,0.380598,0.384883,0.384088,0.381824,3376853.47004128
1756324800,2025-08-27 20:00:00,0.378932,0.3862,0.381938,0.38466,6834562.61837734
1756328400,2025-08-27 21:00:00,0.379345,0.3862,0.384783,0.380418,2891175.96486746
1756332000,2025-08-27 22:00:00,0.377589,0.381565,0.380456,0.380287,3152425.81376576
1756335600,2025-08-27 23:00:00,0.377948,0.381278,0.380228,0.379008,1980674.87049297
1756339200,2025-08-28 00:00:00,0.376664,0.381063,0.379072,0.379407,1600168.19166127
1756342800,2025-08-28 01:00:00,0.379272,0.382758,0.379529,0.380518,1202953.27781961
1756346400,2025-08-28 02:00:00,0.37913,0.380958,0.380494,0.380532,1592545.18817108
1756350000,2025-08-28 03:00:00,0.379846,0.382135,0.38057,0.381139,663141.65904725
1756353600,2025-08-28 04:00:00,0.380304,0.384731,0.381026,0.383864,1019919.39915871
1756357200,2025-08-28 05:00:00,0.382014,0.384573,0.383964,0.382782,1073273.09310454
1756360800,2025-08-28 06:00:00,0.381748,0.383,0.382774,0.382812,633978.43994878
1756364400,2025-08-28 07:00:00,0.381553,0.383841,0.382809,0.383616,1688165.27507158
1756368000,2025-08-28 08:00:00,0.382833,0.385996,0.383648,0.383279,1089241.19010439
1756371600,2025-08-28 09:00:00,0.380472,0.383242,0.383176,0.381058,929451.14774085
1756375200,2025-08-28 10:00:00,0.380281,0.383136,0.381111,0.383011,1018712.98500708
1756378800,2025-08-28 11:00:00,0.381368,0.383669,0.383044,0.383541,1839251.2662773
1756382400,2025-08-28 12:00:00,0.382876,0.386512,0.383434,0.385662,3163869.37137242
1756386000,2025-08-28 13:00:00,0.383529,0.38674,0.385704,0.384228,2565896.15914997
1756389600,2025-08-28 14:00:00,0.38324,0.387448,0.38428,0.38608,2750766.40234728
1756393200,2025-08-28 15:00:00,0.379612,0.386908,0.386095,0.381386,1580177.60210673
1756396800,2025-08-28 16:00:00,0.377437,0.383862,0.381386,0.377437,4828795.1932447
1756400400,2025-08-28 17:00:00,0.376784,0.379731,0.377419,0.378584,1680061.86601215
1756404000,2025-08-28 18:00:00,0.376964,0.379212,0.378577,0.377198,1599704.06273537
1756407600,2025-08-28 19:00:00,0.374403,0.377677,0.377262,0.374403,2248153.38963221
1756411200,2025-08-28 20:00:00,0.374312,0.377617,0.374514,0.377099,2070700.38166198
1756414800,2025-08-28 21:00:00,0.376876,0.379368,0.377088,0.379147,1458270.92909166
1756418400,2025-08-28 22:00:00,0.37903,0.383948,0.379081,0.382876,1888419.8831289
1756422000,2025-08-28 23:00:00,0.381361,0.383731,0.382833,0.382247,1288366.41219643
1756425600,2025-08-29 00:00:00,0.378289,0.382505,0.38221,0.378507,3918635.64223613
1756429200,2025-08-29 01:00:00,0.374588,0.378955,0.378508,0.37556,1964799.54741212
1756432800,2025-08-29 02:00:00,0.37499,0.378982,0.375496,0.377638,1511030.70627971
1756436400,2025-08-29 03:00:00,0.375217,0.378454,0.377707,0.375567,1473566.90153157
1756440000,2025-08-29 04:00:00,0.372874,0.375753,0.375591,0.373182,2601818.4690748
1756443600,2025-08-29 05:00:00,0.371665,0.373899,0.373182,0.372971,1225457.74863444
1756447200,2025-08-29 06:00:00,0.3695,0.373218,0.372999,0.370411,2478169.73966754
1756450800,2025-08-29 07:00:00,0.365,0.370467,0.370466,0.365707,5792872.30839545
1756454400,2025-08-29 08:00:00,0.362018,0.367288,0.365707,0.362173,4707428.66204028
1756458000,2025-08-29 09:00:00,0.360161,0.364311,0.362142,0.363856,2559553.32587014
1756461600,2025-08-29 10:00:00,0.363692,0.366751,0.363862,0.364967,4806117.13195557
1756465200,2025-08-29 11:00:00,0.362717,0.365737,0.364967,0.362777,2080665.54791721
1756468800,2025-08-29 12:00:00,0.362341,0.370591,0.362712,0.363045,5218093.01729776
1756472400,2025-08-29 13:00:00,0.357744,0.36344,0.363045,0.359527,6526507.64098804
1756476000,2025-08-29 14:00:00,0.354627,0.362009,0.35964,0.358346,5418959.73547464
1756479600,2025-08-29 15:00:00,0.358197,0.361404,0.358419,0.359604,3167323.86850916
1756483200,2025-08-29 16:00:00,0.357049,0.361475,0.359685,0.360355,3067073.86657208
1756486800,2025-08-29 17:00:00,0.356563,0.360402,0.360354,0.357949,2862100.67943705
1756490400,2025-08-29 18:00:00,0.356076,0.359389,0.358,0.356931,1958880.14419361
1756494000,2025-08-29 19:00:00,0.356417,0.361067,0.356987,0.359199,3016508.91426656
1756497600,2025-08-29 20:00:00,0.35629,0.359761,0.359264,0.356704,2208252.55912738
1756501200,2025-08-29 21:00:00,0.3555,0.360792,0.356729,0.358917,2688722.7091687
1756504800,2025-08-29 22:00:00,0.35777,0.360886,0.358982,0.360886,1078878.81048935
1756508400,2025-08-29 23:00:00,0.360074,0.36198,0.360906,0.361494,1589362.60057356
1756512000,2025-08-30 00:00:00,0.360875,0.362467,0.361532,0.36233,1225743.63268668
1756515600,2025-08-30 01:00:00,0.3546,0.36263,0.362349,0.354854,3206810.87795206
1756519200,2025-08-30 02:00:00,0.354527,0.358207,0.354964,0.355732,2099173.06713727
1756522800,2025-08-30 03:00:00,0.355644,0.360032,0.355751,0.358432,1522860.27276776
1756526400,2025-08-30 04:00:00,0.358426,0.360546,0.358426,0.359136,1775877.99519438
1756530000,2025-08-30 05:00:00,0.359023,0.362067,0.359072,0.36082,1892284.42918149
1756533600,2025-08-30 06:00:00,0.360097,0.362262,0.360832,0.361473,620394.8068689
1756537200,2025-08-30 07:00:00,0.360013,0.36176,0.361521,0.360992,386685.59037514
1756540800,2025-08-30 08:00:00,0.358699,0.361024,0.361023,0.358906,701828.14134907
1756544400,2025-08-30 09:00:00,0.356526,0.358995,0.358912,0.35716,452707.45074356
1756548000,2025-08-30 10:00:00,0.356633,0.358368,0.357184,0.358026,1010368.21513124
1756551600,2025-08-30 11:00:00,0.356863,0.3584,0.358111,0.358141,1685538.9173717
1756555200,2025-08-30 12:00:00,0.353405,0.358314,0.358176,0.354649,3047315.92368234
1756558800,2025-08-30 13:00:00,0.351825,0.355242,0.354619,0.354827,1501205.03796281
1756562400,2025-08-30 14:00:00,0.3528,0.354794,0.354763,0.353536,1623866.10492481
1756566000,2025-08-30 15:00:00,0.352052,0.356735,0.353549,0.356735,1838275.30262474
1756569600,2025-08-30 16:00:00,0.355713,0.358523,0.35668,0.356503,1401324.87849552
1756573200,2025-08-30 17:00:00,0.355588,0.358304,0.356405,0.356354,1112448.2583954
1756576800,2025-08-30 18:00:00,0.355782,0.357467,0.356288,0.356795,677562.7948657
1756580400,2025-08-30 19:00:00,0.356418,0.359694,0.356704,0.359641,841882.09385383
1756584000,2025-08-30 20:00:00,0.356737,0.359891,0.359674,0.358016,1032414.81429311
1756587600,2025-08-30 21:00:00,0.357632,0.360422,0.358062,0.358917,2456566.42519967
1756591200,2025-08-30 22:00:00,0.35784,0.360192,0.358936,0.359169,626079.74461507
1756594800,2025-08-30 23:00:00,0.359073,0.3602,0.359169,0.360024,762502.7684715
1756598400,2025-08-31 00:00:00,0.359571,0.363,0.360032,0.362848,1661231.5896265
1756602000,2025-08-31 01:00:00,0.362066,0.364698,0.36288,0.364512,1720924.68897293
1756605600,2025-08-31 02:00:00,0.363377,0.364834,0.364502,0.363967,1531679.07877537
1756609200,2025-08-31 03:00:00,0.362528,0.364799,0.364064,0.363616,2211033.07195842
1756612800,2025-08-31 04:00:00,0.361597,0.363744,0.363648,0.362287,1345867.64589082
1756616400,2025-08-31 05:00:00,0.360122,0.3623,0.3623,0.360307,856954.8869513
1756620000,2025-08-31 06:00:00,0.3596,0.360563,0.36025,0.359644,1882457.89218124
1756623600,2025-08-31 07:00:00,0.358985,0.360832,0.359616,0.359185,567279.06585064
1756627200,2025-08-31 08:00:00,0.358398,0.361458,0.359186,0.36116,1205702.47739013
1756630800,2025-08-31 09:00:00,0.359361,0.361159,0.361159,0.359488,387185.23113463
1756634400,2025-08-31 10:00:00,0.357503,0.359708,0.35952,0.358592,395521.15049596
1756638000,2025-08-31 11:00:00,0.358181,0.360145,0.358623,0.359888,476964.33573462
1756641600,2025-08-31 12:00:00,0.358273,0.360365,0.359877,0.359968,524854.7636992
1756645200,2025-08-31 13:00:00,0.358457,0.360728,0.359936,0.359057,784716.67487931
1756648800,2025-08-31 14:00:00,0.356722,0.359455,0.35904,0.357582,1105133.59194274
1756652400,2025-08-31 15:00:00,0.357506,0.360232,0.357632,0.359532,1587119.39015969
1756656000,2025-08-31 16:00:00,0.356979,0.359456,0.359456,0.357409,1061149.0086008
1756659600,2025-08-31 17:00:00,0.355314,0.357408,0.357408,0.356026,2826394.30376388
1756663200,2025-08-31 18:00:00,0.355872,0.358772,0.356031,0.358704,2803631.96909314
1756666800,2025-08-31 19:00:00,0.35564,0.35877,0.358703,0.355789,1256704.31470168
1756670400,2025-08-31 20:00:00,0.355479,0.358666,0.35584,0.358528,2569807.35269175
1756674000,2025-08-31 21:00:00,0.35776,0.359874,0.358496,0.358739,757175.82589282
1756677600,2025-08-31 22:00:00,0.355872,0.358752,0.358739,0.356357,1160096.51015667
1756681200,2025-08-31 23:00:00,0.35218,0.356399,0.35632,0.352704,2192471.92519533
1756684800,2025-09-01 00:00:00,0.348345,0.352832,0.352791,0.351297,6345426.6921652
1756688400,2025-09-01 01:00:00,0.34992,0.353417,0.351314,0.350976,1810947.9903209
1756692000,2025-09-01 02:00:00,0.345856,0.3512,0.35104,0.347231,4048979.40854232
1756695600,2025-09-01 03:00:00,0.346208,0.348788,0.347232,0.348288,1921579.51422118
1756699200,2025-09-01 04:00:00,0.345727,0.349315,0.348256,0.346576,1941359.11034162
1756702800,2025-09-01 05:00:00,0.344309,0.348541,0.346592,0.347612,3231874.08283058
1756706400,2025-09-01 06:00:00,0.34528,0.349709,0.347603,0.349081,3327456.92717439
1756710000,2025-09-01 07:00:00,0.347456,0.357825,0.348919,0.357825,4651958.70612559
1756713600,2025-09-01 08:00:00,0.357618,0.3631,0.357807,0.363051,5290894.30909278
1756717200,2025-09-01 09:00:00,0.359112,0.363907,0.363031,0.359518,3006424.80953486
1756720800,2025-09-01 10:00:00,0.357212,0.361067,0.35952,0.358251,2352689.15915574
1756724400,2025-09-01 11:00:00,0.354773,0.359064,0.35819,0.355446,1989683.04974441
1756728000,2025-09-01 12:00:00,0.354795,0.358225,0.355529,0.357135,2737117.01090914
1756731600,2025-09-01 13:00:00,0.35336,0.358469,0.357175,0.354027,3128345.8166212
1756735200,2025-09-01 14:00:00,0.352548,0.356376,0.353955,0.355499,1532060.33055029
1756738800,2025-09-01 15:00:00,0.35201,0.35714,0.35553,0.353538,1878587.48031993
1756742400,2025-09-01 16:00:00,0.351775,0.35427,0.353499,0.351831,1724503.3846046
1756746000,2025-09-01 17:00:00,0.349622,0.35322,0.351873,0.350021,3886150.86177415
1756749600,2025-09-01 18:00:00,0.349723,0.353658,0.350071,0.353054,1969587.19493697
1756753200,2025-09-01 19:00:00,0.352897,0.355574,0.353027,0.355483,3557304.26253103
1756756800,2025-09-01 20:00:00,0.35032,0.356538,0.355497,0.354479,3905689.83889808
1756760400,2025-09-01 21:00:00,0.346258,0.355025,0.354638,0.350451,3784335.25886543
1756764000,2025-09-01 22:00:00,0.348442,0.352002,0.350369,0.351348,3190892.73446543
1756767600,2025-09-01 23:00:00,0.351288,0.357445,0.35133,0.35742,2692609.6861213
1756771200,2025-09-02 00:00:00,0.354257,0.358541,0.357446,0.355117,3662993.41129718
1756774800,2025-09-02 01:00:00,0.354005,0.35854,0.35512,0.356265,2618382.55992579
1756778400,2025-09-02 02:00:00,0.35511,0.35952,0.3563,0.359445,2235176.28261017
1756782000,2025-09-02 03:00:00,0.358855,0.361792,0.35952,0.361706,3454588.04828169
1756785600,2025-09-02 04:00:00,0.360036,0.362,0.361725,0.361439,1998385.57638274
1756789200,2025-09-02 05:00:00,0.360412,0.363685,0.361445,0.36346,1579964.15209794
1756792800,2025-09-02 06:00:00,0.361865,0.364961,0.363454,0.36463,2147250.82591147
1756796400,2025-09-02 07:00:00,0.3604,0.364964,0.364735,0.361374,1179953.24335558
1756800000,2025-09-02 08:00:00,0.361052,0.364908,0.36127,0.364645,1066778.73886802
1756803600,2025-09-02 09:00:00,0.363374,0.366678,0.36466,0.364174,809887.88878914
1756807200,2025-09-02 10:00:00,0.3626,0.364525,0.36407,0.363788,887555.02383056
1756810800,2025-09-02 11:00:00,0.361226,0.364,0.3638,0.361518,1137558.96945135
1756814400,2025-09-02 12:00:00,0.35495,0.362005,0.361549,0.35546,5286268.05294586
1756818000,2025-09-02 13:00:00,0.355285,0.364686,0.35532,0.364649,7715719.13093531
1756821600,2025-09-02 14:00:00,0.361739,0.366444,0.36469,0.36318,3603291.12568486
1756825200,2025-09-02 15:00:00,0.357839,0.363528,0.36315,0.35845,4133086.43392013
1756828800,2025-09-02 16:00:00,0.358435,0.361767,0.358494,0.36067,3243612.84975182
1756832400,2025-09-02 17:00:00,0.358751,0.362313,0.360684,0.361234,1152602.21545309
1756836000,2025-09-02 18:00:00,0.357773,0.361757,0.361234,0.360431,1456714.98384987
1756839600,2025-09-02 19:00:00,0.358776,0.362152,0.360521,0.361331,1442558.94575986
1756843200,2025-09-02 20:00:00,0.360216,0.365331,0.361291,0.364298,1513494.27092731
1756846800,2025-09-02 21:00:00,0.364005,0.36605,0.364266,0.365521,1569061.67508826
1756850400,2025-09-02 22:00:00,0.36396,0.366484,0.365576,0.366484,1143914.85065514
1756854000,2025-09-02 23:00:00,0.36498,0.368068,0.366364,0.368068,2162849.48447889
1756857600,2025-09-03 00:00:00,0.364305,0.368882,0.368067,0.364769,2853311.44191402
1756861200,2025-09-03 01:00:00,0.362556,0.366508,0.36477,0.365951,1522943.7214103
1756864800,2025-09-03 02:00:00,0.363786,0.366345,0.365855,0.364681,2171067.31789126
1756868400,2025-09-03 03:00:00,0.363126,0.365,0.364652,0.363861,1066130.01808991
1756872000,2025-09-03 04:00:00,0.362522,0.363893,0.36386,0.362642,861980.34332199
1756875600,2025-09-03 05:00:00,0.361623,0.362676,0.362609,0.361928,921533.39966635
1756879200,2025-09-03 06:00:00,0.360835,0.36286,0.361796,0.362151,2514928.56040028
1756882800,2025-09-03 07:00:00,0.360538,0.3625,0.362152,0.362425,1903829.07856607
1756886400,2025-09-03 08:00:00,0.361719,0.364264,0.362426,0.362221,1365769.58869825
1756890000,2025-09-03 09:00:00,0.360823,0.363874,0.36225,0.363812,832484.86553146
1756893600,2025-09-03 10:00:00,0.363433,0.364769,0.363757,0.36358,2421129.14709267
1756897200,2025-09-03 11:00:00,0.363528,0.365363,0.363615,0.36469,1067163.13541347
1756900800,2025-09-03 12:00:00,0.362809,0.365656,0.364719,0.363429,3145213.14446268
1756904400,2025-09-03 13:00:00,0.362732,0.365903,0.363505,0.364064,2279053.37292608
1756908000,2025-09-03 14:00:00,0.363338,0.368222,0.363931,0.367799,3948041.05440947
1756911600,2025-09-03 15:00:00,0.366192,0.368525,0.367745,0.366241,2751352.52720501
1756915200,2025-09-03 16:00:00,0.362881,0.36663,0.366212,0.363335,5987869.18808575
1756918800,2025-09-03 17:00:00,0.363335,0.366018,0.363335,0.364873,1368262.36123379
1756922400,2025-09-03 18:00:00,0.36258,0.365391,0.364779,0.36351,1367642.2777533
1756926000,2025-09-03 19:00:00,0.362323,0.364397,0.363504,0.364259,1058436.09162826
1756929600,2025-09-03 20:00:00,0.362607,0.364787,0.364335,0.362821,964065.69917906
1756933200,2025-09-03 21:00:00,0.361455,0.36354,0.362821,0.362294,1115019.40355179
1756936800,2025-09-03 22:00:00,0.361376,0.363405,0.362285,0.362651,1200524.29082436
1756940400,2025-09-03 23:00:00,0.361444,0.363355,0.36265,0.362161,2163115.77824528
1756944000,2025-09-04 00:00:00,0.36164,0.36357,0.36219,0.361848,1551605.6795585
1756947600,2025-09-04 01:00:00,0.360746,0.362069,0.361899,0.361416,1887287.09029127
1756951200,2025-09-04 02:00:00,0.359584,0.361689,0.36139,0.360185,1528915.58114413
1756954800,2025-09-04 03:00:00,0.358718,0.360247,0.36022,0.359423,1294087.07591858
1756958400,2025-09-04 04:00:00,0.359001,0.361933,0.35944,0.360741,1668222.33450691
1756962000,2025-09-04 05:00:00,0.35765,0.361034,0.360612,0.358653,1551851.29297318
1756965600,2025-09-04 06:00:00,0.357946,0.36049,0.358693,0.358041,810720.35036918
1756969200,2025-09-04 07:00:00,0.357876,0.359694,0.357992,0.359118,665787.99048989
1756972800,2025-09-04 08:00:00,0.359135,0.361931,0.359178,0.359724,817835.49340334
1756976400,2025-09-04 09:00:00,0.358304,0.361157,0.359736,0.358884,1063857.56838739
1756980000,2025-09-04 10:00:00,0.358214,0.35997,0.358858,0.359432,902488.80873373
1756983600,2025-09-04 11:00:00,0.358821,0.361132,0.359396,0.359089,853341.93718496
1756987200,2025-09-04 12:00:00,0.358899,0.362295,0.359047,0.361759,1505682.43399315
1756990800,2025-09-04 13:00:00,0.357064,0.362174,0.36173,0.358294,3077148.85418581
1756994400,2025-09-04 14:00:00,0.355649,0.35892,0.358201,0.357751,3902633.35169438
1756998000,2025-09-04 15:00:00,0.353132,0.358045,0.357853,0.354549,5687936.21481017
1757001600,2025-09-04 16:00:00,0.353236,0.35557,0.354528,0.354649,1297931.65513408
1757005200,2025-09-04 17:00:00,0.35347,0.35543,0.354657,0.353842,2001965.73312551
1757008800,2025-09-04 18:00:00,0.351588,0.355005,0.353835,0.352835,1291488.08229653
1757012400,2025-09-04 19:00:00,0.350748,0.353678,0.352778,0.35093,1498064.73606952
1757016000,2025-09-04 20:00:00,0.350739,0.353608,0.350956,0.352509,1966991.01589335
1757019600,2025-09-04 21:00:00,0.351166,0.353597,0.352503,0.35345,1151238.07426266
1757023200,2025-09-04 22:00:00,0.352935,0.356261,0.353449,0.355675,1463702.58705063
1757026800,2025-09-04 23:00:00,0.351912,0.356367,0.355706,0.352009,1194734.61570061
1757030400,2025-09-05 00:00:00,0.351108,0.354131,0.352015,0.351437,1881186.60313692
1757034000,2025-09-05 01:00:00,0.350748,0.35572,0.351413,0.355102,1098605.106523
1757037600,2025-09-05 02:00:00,0.35442,0.356178,0.355069,0.355263,1324688.58894591
1757041200,2025-09-05 03:00:00,0.353872,0.35548,0.355232,0.355479,1029992.37204457
1757044800,2025-09-05 04:00:00,0.355066,0.357334,0.35548,0.356983,1276016.06051031
1757048400,2025-09-05 05:00:00,0.356347,0.358729,0.356976,0.358524,2226667.19189922
1757052000,2025-09-05 06:00:00,0.358271,0.36004,0.35856,0.36004,715349.61408843
1757055600,2025-09-05 07:00:00,0.360007,0.364648,0.36004,0.364466,4154145.54270934
1757059200,2025-09-05 08:00:00,0.362749,0.364662,0.364474,0.363142,1897369.23603059
1757062800,2025-09-05 09:00:00,0.360857,0.36321,0.363203,0.362851,801434.52396825
1757066400,2025-09-05 10:00:00,0.361262,0.36346,0.36288,0.361289,647177.0486802
1757070000,2025-09-05 11:00:00,0.361224,0.362577,0.36129,0.362366,992877.12394521
1757073600,2025-09-05 12:00:00,0.360599,0.367806,0.362366,0.367418,5055243.05039007
1757077200,2025-09-05 13:00:00,0.365148,0.367949,0.367482,0.3669,3954550.96900146
1757080800,2025-09-05 14:00:00,0.356892,0.3671,0.366916,0.359078,6100152.33554351
1757084400,2025-09-05 15:00:00,0.357898,0.362075,0.35895,0.360198,1489977.69087441
1757088000,2025-09-05 16:00:00,0.358059,0.36026,0.360197,0.358862,1389940.1374856
1757091600,2025-09-05 17:00:00,0.35632,0.358981,0.35888,0.356888,2496065.50984687
1757095200,2025-09-05 18:00:00,0.356302,0.359765,0.356874,0.359126,1352587.23846765
1757098800,2025-09-05 19:00:00,0.358295,0.360674,0.359057,0.360512,2538108.13236559
1757102400,2025-09-05 20:00:00,0.359592,0.362441,0.360512,0.362285,2307655.09766582
1757106000,2025-09-05 21:00:00,0.35913,0.362575,0.36232,0.359881,1894843.31871402
1757109600,2025-09-05 22:00:00,0.358901,0.360332,0.3599,0.359688,745722.06004145
1757113200,2025-09-05 23:00:00,0.359435,0.360322,0.359647,0.359579,662713.379094
1757116800,2025-09-06 00:00:00,0.359348,0.360908,0.359578,0.36015,650423.40848493
1757120400,2025-09-06 01:00:00,0.359318,0.36067,0.36015,0.35967,600451.8622378
1757124000,2025-09-06 02:00:00,0.358857,0.360864,0.35971,0.360806,514804.75809159
1757127600,2025-09-06 03:00:00,0.360089,0.36139,0.36078,0.360223,619635.11678526
1757131200,2025-09-06 04:00:00,0.358156,0.360223,0.360223,0.35843,457625.26901644
1757134800,2025-09-06 05:00:00,0.35745,0.35852,0.35843,0.357547,439173.93528662
1757138400,2025-09-06 06:00:00,0.35739,0.358101,0.357549,0.35749,637975.77167357
1757142000,2025-09-06 07:00:00,0.357001,0.357769,0.357489,0.35746,481654.26796194
1757145600,2025-09-06 08:00:00,0.356755,0.357841,0.357459,0.356833,733495.14397185
1757149200,2025-09-06 09:00:00,0.356687,0.35753,0.356825,0.35681,1177311.15969343
1757152800,2025-09-06 10:00:00,0.356361,0.357063,0.356812,0.35704,997690.54608648
1757156400,2025-09-06 11:00:00,0.355,0.35704,0.35704,0.356709,855131.17115469
1757160000,2025-09-06 12:00:00,0.356405,0.35753,0.356709,0.357189,494834.47423954
1757163600,2025-09-06 13:00:00,0.35715,0.359602,0.357249,0.358243,964645.07500336
1757167200,2025-09-06 14:00:00,0.357946,0.36,0.35828,0.359827,806460.6138088
1757170800,2025-09-06 15:00:00,0.356171,0.360311,0.359889,0.3564,1444237.3367835
1757174400,2025-09-06 16:00:00,0.355223,0.35735,0.356335,0.35587,1528724.12962737
1757178000,2025-09-06 17:00:00,0.3545,0.35629,0.35587,0.3554,1345577.41956102
1757181600,2025-09-06 18:00:00,0.355194,0.356663,0.3554,0.35583,667382.27507595
1757185200,2025-09-06 19:00:00,0.35319,0.35589,0.3558,0.353341,1066849.8150484
1757188800,2025-09-06 20:00:00,0.352976,0.354999,0.353369,0.354999,1504734.45959762
1757192400,2025-09-06 21:00:00,0.354623,0.356,0.35496,0.355967,1001078.79999023
1757196000,2025-09-06 22:00:00,0.355241,0.356904,0.355967,0.356904,1001087.10798525
1757199600,2025-09-06 23:00:00,0.35574,0.35721,0.356904,0.355846,1246369.99149996
1757203200,2025-09-07 00:00:00,0.355496,0.358012,0.35585,0.357672,625956.67884821
1757206800,2025-09-07 01:00:00,0.35742,0.35885,0.357699,0.358227,926188.09934297
1757210400,2025-09-07 02:00:00,0.357659,0.359437,0.358227,0.359403,834900.24182609
1757214000,2025-09-07 03:00:00,0.358156,0.35944,0.359407,0.358982,783686.93661584
1757217600,2025-09-07 04:00:00,0.357821,0.35905,0.35905,0.358439,521928.14732186
1757221200,2025-09-07 05:00:00,0.3575,0.358439,0.358439,0.357852,711761.0729891
1757224800,2025-09-07 06:00:00,0.356475,0.358221,0.357867,0.356486,648564.59865493
1757228400,2025-09-07 07:00:00,0.356281,0.358603,0.356485,0.35756,1046751.32637481
1757232000,2025-09-07 08:00:00,0.35759,0.359239,0.35759,0.358815,789539.75208515
1757235600,2025-09-07 09:00:00,0.357175,0.358848,0.358754,0.357664,919955.67794703
1757239200,2025-09-07 10:00:00,0.356841,0.357963,0.357665,0.357963,479909.34713694
1757242800,2025-09-07 11:00:00,0.357386,0.358867,0.357944,0.358823,499953.34038782
1757246400,2025-09-07 12:00:00,0.357703,0.359364,0.358819,0.358944,802239.91467402
1757250000,2025-09-07 13:00:00,0.357655,0.35933,0.358973,0.35929,918592.38148612
1757253600,2025-09-07 14:00:00,0.358142,0.365757,0.359308,0.361531,11414766.12108807
1757257200,2025-09-07 15:00:00,0.360361,0.362794,0.361579,0.362689,1695835.56934101
1757260800,2025-09-07 16:00:00,0.360419,0.363442,0.36272,0.360481,1449329.81328667
1757264400,2025-09-07 17:00:00,0.357672,0.360773,0.360481,0.357962,2894944.40770522
1757268000,2025-09-07 18:00:00,0.357065,0.35874,0.358015,0.357876,1170349.86402081
1757271600,2025-09-07 19:00:00,0.35742,0.359038,0.357874,0.357859,1194040.06054675
1757275200,2025-09-07 20:00:00,0.357345,0.359345,0.357859,0.359313,1172238.27150157
1757278800,2025-09-07 21:00:00,0.358158,0.359892,0.35938,0.358202,686627.04845081
1757282400,2025-09-07 22:00:00,0.35784,0.361119,0.358155,0.36071,1568890.84956647
1757286000,2025-09-07 23:00:00,0.360684,0.362764,0.360685,0.3617,1423071.15359794
1757289600,2025-09-08 00:00:00,0.358847,0.361934,0.361585,0.359559,2019992.74490969
1757293200,2025-09-08 01:00:00,0.358875,0.360848,0.359555,0.360255,852231.68029207
1757296800,2025-09-08 02:00:00,0.358333,0.362781,0.36022,0.362781,1330777.40410241
1757300400,2025-09-08 03:00:00,0.362796,0.365696,0.362796,0.364664,3686595.26746851
1757304000,2025-09-08 04:00:00,0.362621,0.365166,0.364672,0.36325,1464141.23447643
1757307600,2025-09-08 05:00:00,0.362218,0.364988,0.3633,0.363831,573409.9954642
1757311200,2025-09-08 06:00:00,0.361622,0.363793,0.363761,0.362121,1115829.86098402
1757314800,2025-09-08 07:00:00,0.362098,0.365674,0.362157,0.365259,1595269.17767587
1757318400,2025-09-08 08:00:00,0.364911,0.367095,0.365236,0.366535,2138884.44385566
1757322000,2025-09-08 09:00:00,0.366171,0.36932,0.366493,0.368999,3020272.76318498
1757325600,2025-09-08 10:00:00,0.367896,0.370927,0.36894,0.36943,4958142.30940047
1757329200,2025-09-08 11:00:00,0.366478,0.369774,0.36946,0.368129,2509993.70060401
1757332800,2025-09-08 12:00:00,0.367896,0.374549,0.368144,0.373473,4021320.26909674
1757336400,2025-09-08 13:00:00,0.373293,0.381443,0.373396,0.377499,9270533.97481038
1757340000,2025-09-08 14:00:00,0.376574,0.384734,0.377576,0.381498,10004293.59472298
1757343600,2025-09-08 15:00:00,0.378631,0.382401,0.381537,0.379406,2424835.21383438
1757347200,2025-09-08 16:00:00,0.376364,0.379822,0.379406,0.376996,4311468.91805022
1757350800,2025-09-08 17:00:00,0.375648,0.378638,0.377002,0.3767,2230241.38895858
1757354400,2025-09-08 18:00:00,0.375217,0.37772,0.3767,0.376941,3162939.70546739
1757358000,2025-09-08 19:00:00,0.374011,0.37713,0.37693,0.374637,3656614.38479313
1757361600,2025-09-08 20:00:00,0.372722,0.375089,0.374673,0.373779,1792515.60248456
1757365200,2025-09-08 21:00:00,0.37322,0.376716,0.373779,0.376509,1579508.42993967
1757368800,2025-09-08 22:00:00,0.37651,0.378479,0.37651,0.377975,3245945.92201867
1757372400,2025-09-08 23:00:00,0.376429,0.378856,0.377996,0.377482,1848131.64848883
1757376000,2025-09-09 00:00:00,0.374352,0.379799,0.377597,0.37588,1930824.57183644
1757379600,2025-09-09 01:00:00,0.374284,0.377509,0.375843,0.375391,1706790.60652338
1757383200,2025-09-09 02:00:00,0.371659,0.375772,0.375424,0.3718,1966805.29771552
1757386800,2025-09-09 03:00:00,0.371157,0.375033,0.37179,0.374946,1088479.97073554
1757390400,2025-09-09 04:00:00,0.373988,0.376892,0.37492,0.376695,899529.19538367
1757394000,2025-09-09 05:00:00,0.374049,0.376749,0.376552,0.375842,883604.83712022
1757397600,2025-09-09 06:00:00,0.375528,0.380818,0.375842,0.37763,3349113.68637002
1757401200,2025-09-09 07:00:00,0.377019,0.38628,0.377598,0.384657,6798881.82153634
1757404800,2025-09-09 08:00:00,0.384186,0.386736,0.384696,0.386139,2372186.9387678
1757408400,2025-09-09 09:00:00,0.383019,0.386751,0.386178,0.38333,2014077.79955983
1757412000,2025-09-09 10:00:00,0.38159,0.385092,0.383327,0.382181,1979747.83553858
1757415600,2025-09-09 11:00:00,0.381612,0.383924,0.38209,0.381854,2585365.10774419
1757419200,2025-09-09 12:00:00,0.380398,0.385599,0.381852,0.38073,2624647.32760125
1757422800,2025-09-09 13:00:00,0.378909,0.382354,0.3807,0.38093,1990267.91884868
1757426400,2025-09-09 14:00:00,0.373526,0.381711,0.380929,0.375224,8537174.43207064
1757430000,2025-09-09 15:00:00,0.37056,0.375873,0.37523,0.37272,2516730.04008568
1757433600,2025-09-09 16:00:00,0.370759,0.373217,0.372779,0.371299,1449337.09117692
1757437200,2025-09-09 17:00:00,0.370981,0.374224,0.371276,0.371716,1174722.81723031
1757440800,2025-09-09 18:00:00,0.370835,0.373736,0.371681,0.373219,1591296.59561019
1757444400,2025-09-09 19:00:00,0.372592,0.373972,0.3732,0.37277,1063758.67551947
1757448000,2025-09-09 20:00:00,0.371649,0.37337,0.372812,0.373071,1012050.69888107
1757451600,2025-09-09 21:00:00,0.372421,0.375104,0.373011,0.372519,1286272.82675989
1757455200,2025-09-09 22:00:00,0.37163,0.37304,0.372489,0.372183,1477543.62562769
1757458800,2025-09-09 23:00:00,0.37082,0.372256,0.37222,0.372146,741855.7044285
1757462400,2025-09-10 00:00:00,0.370148,0.373182,0.372183,0.37127,1525823.63549089
1757466000,2025-09-10 01:00:00,0.370729,0.373143,0.37127,0.37249,860351.99490113
1757469600,2025-09-10 02:00:00,0.37249,0.37623,0.37249,0.375306,2762263.38226701
1757473200,2025-09-10 03:00:00,0.374301,0.376118,0.375236,0.375858,1553899.25617526
1757476800,2025-09-10 04:00:00,0.374599,0.376449,0.375813,0.375441,676238.7613874
1757480400,2025-09-10 05:00:00,0.373548,0.37629,0.375441,0.374847,737343.33904178
1757484000,2025-09-10 06:00:00,0.373275,0.376068,0.374738,0.375144,442707.88081172
1757487600,2025-09-10 07:00:00,0.374925,0.3777,0.375111,0.37752,518063.90202027
1757491200,2025-09-10 08:00:00,0.376532,0.378465,0.377564,0.376728,2539415.42831591
1757494800,2025-09-10 09:00:00,0.37523,0.378157,0.376771,0.376977,688728.50717234
1757498400,2025-09-10 10:00:00,0.376289,0.377839,0.376986,0.377289,629138.66541227
1757502000,2025-09-10 11:00:00,0.376949,0.378607,0.37733,0.377367,1047632.87851104
1757505600,2025-09-10 12:00:00,0.377283,0.382422,0.37737,0.382257,3948698.63433931
1757509200,2025-09-10 13:00:00,0.381756,0.38588,0.382111,0.38528,3501086.25143383
1757512800,2025-09-10 14:00:00,0.382888,0.385982,0.385279,0.383528,2333699.95335589
1757516400,2025-09-10 15:00:00,0.381333,0.385023,0.383496,0.38268,2130922.27822263
1757520000,2025-09-10 16:00:00,0.38107,0.384997,0.38272,0.384889,3178203.07105329
1757523600,2025-09-10 17:00:00,0.382777,0.386078,0.384889,0.38403,2842468.09545954
1757527200,2025-09-10 18:00:00,0.38202,0.3842,0.383985,0.382624,1110700.86397572
1757530800,2025-09-10 19:00:00,0.378541,0.382653,0.382602,0.379626,2894432.26627916
1757534400,2025-09-10 20:00:00,0.379471,0.381114,0.37968,0.38027,583318.23224368
1757538000,2025-09-10 21:00:00,0.379939,0.382247,0.380215,0.382165,958053.32798703
1757541600,2025-09-10 22:00:00,0.381778,0.3831,0.382063,0.382374,640090.24276047
1757545200,2025-09-10 23:00:00,0.382309,0.38406,0.382371,0.383453,974435.41778403
1757548800,2025-09-11 00:00:00,0.383246,0.388,0.383454,0.387908,3375069.63045747
1757552400,2025-09-11 01:00:00,0.386643,0.38986,0.387945,0.387659,3349641.87170108
1757556000,2025-09-11 02:00:00,0.385937,0.38839,0.387658,0.386095,1575292.34593962
1757559600,2025-09-11 03:00:00,0.385919,0.389697,0.386142,0.3895,2202866.8233612
1757563200,2025-09-11 04:00:00,0.38664,0.389721,0.3895,0.387909,2056405.15183381
1757566800,2025-09-11 05:00:00,0.386428,0.388497,0.38791,0.387805,505184.02461998
1757570400,2025-09-11 06:00:00,0.386307,0.389794,0.387797,0.38887,1575556.51867069
1757574000,2025-09-11 07:00:00,0.387464,0.389572,0.388906,0.388919,1626000.09914063
1757577600,2025-09-11 08:00:00,0.388193,0.393695,0.388919,0.39329,2684191.79292902
1757581200,2025-09-11 09:00:00,0.390906,0.393938,0.393273,0.392305,2626099.39572815
1757584800,2025-09-11 10:00:00,0.39161,0.395562,0.392243,0.393813,1338668.97644469
1757588400,2025-09-11 11:00:00,0.389501,0.394421,0.39381,0.3903,1323331.81411279
1757592000,2025-09-11 12:00:00,0.383248,0.395415,0.3903,0.389277,5492026.24822585
1757595600,2025-09-11 13:00:00,0.384652,0.38961,0.389299,0.388944,4572917.14665243
1757599200,2025-09-11 14:00:00,0.384113,0.38906,0.388977,0.386917,2848442.75580184
1757602800,2025-09-11 15:00:00,0.385472,0.389129,0.386948,0.386133,1193848.36091999
1757606400,2025-09-11 16:00:00,0.38591,0.3894,0.386153,0.386689,2451234.53008962
1757610000,2025-09-11 17:00:00,0.385556,0.388795,0.386687,0.388018,1358721.8185653
1757613600,2025-09-11 18:00:00,0.387708,0.391331,0.38793,0.390501,2106915.60634712
1757617200,2025-09-11 19:00:00,0.389049,0.392007,0.39054,0.390104,2508793.61141646
1757620800,2025-09-11 20:00:00,0.385,0.392,0.390192,0.390472,921555.93950879
1757624400,2025-09-11 21:00:00,0.390897,0.393677,0.391246,0.39312,2005627.93781537
1757628000,2025-09-11 22:00:00,0.392354,0.394999,0.39331,0.393906,2069116.3635505
1757631600,2025-09-11 23:00:00,0.393902,0.396609,0.393902,0.39606,2961398.79123013
1757635200,2025-09-12 00:00:00,0.3943,0.399999,0.396058,0.398113,2270272.58234419
1757638800,2025-09-12 01:00:00,0.394539,0.399879,0.398128,0.394912,3196080.04751693
1757642400,2025-09-12 02:00:00,0.394054,0.396083,0.394912,0.394989,2222425.4329071
1757646000,2025-09-12 03:00:00,0.391052,0.395418,0.395,0.392899,2512717.14940046
1757649600,2025-09-12 04:00:00,0.391806,0.396455,0.392883,0.396354,2818490.36546363
1757653200,2025-09-12 05:00:00,0.395637,0.399045,0.39635,0.39886,2324723.8277108
1757656800,2025-09-12 06:00:00,0.39621,0.398974,0.398861,0.396381,1256804.2522104
1757660400,2025-09-12 07:00:00,0.39483,0.397863,0.396344,0.397232,663473.52367546
1757664000,2025-09-12 08:00:00,0.393846,0.397195,0.397195,0.394383,585778.26131595
1757667600,2025-09-12 09:00:00,0.392418,0.394776,0.39442,0.39361,409332.33961603
1757671200,2025-09-12 10:00:00,0.391974,0.393858,0.393582,0.393362,1216915.56354106
1757674800,2025-09-12 11:00:00,0.391797,0.394571,0.393241,0.392076,1001590.98102854
1757678400,2025-09-12 12:00:00,0.390812,0.394769,0.392076,0.394104,2319785.36326982
1757682000,2025-09-12 13:00:00,0.391526,0.394192,0.39404,0.392654,1389868.51555918
1757685600,2025-09-12 14:00:00,0.391628,0.395127,0.392653,0.392831,1388216.412085
1757689200,2025-09-12 15:00:00,0.390162,0.393084,0.39279,0.391198,1105860.80048299
1757692800,2025-09-12 16:00:00,0.39088,0.394065,0.391209,0.393636,1092970.57270087
1757696400,2025-09-12 17:00:00,0.392455,0.3968,0.39369,0.396678,3967213.65156126
1757700000,2025-09-12 18:00:00,0.396271,0.399105,0.396655,0.39837,2051202.61981552
1757703600,2025-09-12 19:00:00,0.396616,0.399924,0.39837,0.399775,1603958.83966813
1757707200,2025-09-12 20:00:00,0.398198,0.401823,0.399708,0.401823,5014145.00360248
1757710800,2025-09-12 21:00:00,0.39861,0.40201,0.40183,0.399371,1763197.2273256
1757714400,2025-09-12 22:00:00,0.39937,0.40442,0.39937,0.404172,4550708.78616265
1757718000,2025-09-12 23:00:00,0.403125,0.405567,0.40417,0.40522,2017887.69557333
1757721600,2025-09-13 00:00:00,0.401843,0.405552,0.4053,0.40471,1468025.23593115
1757725200,2025-09-13 01:00:00,0.40292,0.40771,0.404643,0.403096,2473151.19079408
1757728800,2025-09-13 02:00:00,0.402319,0.40462,0.403095,0.40402,1411585.4925871
1757732400,2025-09-13 03:00:00,0.403395,0.406726,0.403969,0.40649,1042102.06787093
1757736000,2025-09-13 04:00:00,0.404054,0.407433,0.406506,0.404645,1220052.88719412
1757739600,2025-09-13 05:00:00,0.40355,0.40574,0.40453,0.405413,788229.47242169
1757743200,2025-09-13 06:00:00,0.4044,0.4067,0.405389,0.405249,718805.17642251
1757746800,2025-09-13 07:00:00,0.404065,0.405825,0.405289,0.40411,1101923.15630132
1757750400,2025-09-13 08:00:00,0.404039,0.408358,0.40414,0.40831,2935489.34322249
1757754000,2025-09-13 09:00:00,0.40765,0.414361,0.408324,0.413889,5625220.75708649
1757757600,2025-09-13 10:00:00,0.410824,0.414396,0.413847,0.410902,2085927.49584266
1757761200,2025-09-13 11:00:00,0.40819,0.412,0.41097,0.411989,1843281.91816243
1757764800,2025-09-13 12:00:00,0.41013,0.412599,0.411964,0.412293,1864185.93503526
1757768400,2025-09-13 13:00:00,0.404764,0.41383,0.412244,0.408499,5558186.17130098
1757772000,2025-09-13 14:00:00,0.40474,0.411641,0.408378,0.409836,2959587.066084
1757775600,2025-09-13 15:00:00,0.405468,0.412147,0.409794,0.407615,6315604.65390037
1757779200,2025-09-13 16:00:00,0.403533,0.409458,0.407652,0.403557,3989813.64866641
1757782800,2025-09-13 17:00:00,0.400197,0.404375,0.40362,0.40405,3480256.3896148
1757786400,2025-09-13 18:00:00,0.401851,0.40442,0.404,0.404207,950833.92779203
1757790000,2025-09-13 19:00:00,0.403072,0.40441,0.40421,0.403836,760093.09065015
1757793600,2025-09-13 20:00:00,0.4034,0.4058,0.4037,0.404418,1274523.75739512
1757797200,2025-09-13 21:00:00,0.404295,0.40643,0.404376,0.405352,1113279.18177132
1757800800,2025-09-13 22:00:00,0.4046,0.40617,0.405352,0.40491,743869.23334399
1757804400,2025-09-13 23:00:00,0.404002,0.405673,0.404955,0.40518,727769.58656749
1757808000,2025-09-14 00:00:00,0.401023,0.405773,0.405132,0.401856,741148.27598532
1757811600,2025-09-14 01:00:00,0.398419,0.40282,0.401814,0.402729,3447858.57097872
1757815200,2025-09-14 02:00:00,0.40096,0.404354,0.40274,0.40256,1834409.17225192
1757818800,2025-09-14 03:00:00,0.39721,0.402744,0.4026,0.39743,1098551.95506396
1757822400,2025-09-14 04:00:00,0.395686,0.399411,0.397389,0.39803,2821543.17089873
1757826000,2025-09-14 05:00:00,0.397992,0.400686,0.39803,0.400319,1451088.27820369
1757829600,2025-09-14 06:00:00,0.396306,0.400638,0.40027,0.398054,1355960.61050976
1757833200,2025-09-14 07:00:00,0.3958,0.3983,0.39802,0.39683,362608.3573815
1757836800,2025-09-14 08:00:00,0.395314,0.39725,0.396725,0.39571,457888.63143369
1757840400,2025-09-14 09:00:00,0.39507,0.398017,0.395675,0.39721,459871.86983163
1757844000,2025-09-14 10:00:00,0.39617,0.397701,0.39718,0.396845,255861.07091548
1757847600,2025-09-14 11:00:00,0.39183,0.397361,0.396827,0.392041,3264195.69636668
1757851200,2025-09-14 12:00:00,0.389642,0.393799,0.39213,0.39141,823095.09972796
1757854800,2025-09-14 13:00:00,0.3881,0.391975,0.391488,0.389499,3291587.0204163
1757858400,2025-09-14 14:00:00,0.384104,0.391688,0.3895,0.386985,4966647.51566745
1757862000,2025-09-14 15:00:00,0.384746,0.388878,0.386971,0.38745,2112009.25906546
1757865600,2025-09-14 16:00:00,0.386829,0.390082,0.387421,0.38873,770011.82526311
1757869200,2025-09-14 17:00:00,0.388544,0.391657,0.38873,0.390845,2314641.18846242
1757872800,2025-09-14 18:00:00,0.38819,0.390775,0.390775,0.388477,544577.13610534
1757876400,2025-09-14 19:00:00,0.387504,0.390072,0.38854,0.38857,613682.45563157
1757880000,2025-09-14 20:00:00,0.388448,0.390308,0.388591,0.389799,693547.39728745
1757883600,2025-09-14 21:00:00,0.388559,0.392461,0.389799,0.392284,2862401.68017087
1757887200,2025-09-14 22:00:00,0.390507,0.393839,0.392329,0.393365,694377.31618502
1757890800,2025-09-14 23:00:00,0.388981,0.393575,0.393297,0.389695,739417.73124962
1757894400,2025-09-15 00:00:00,0.389006,0.392013,0.38971,0.38968,726311.31744066
1757898000,2025-09-15 01:00:00,0.386398,0.391544,0.38974,0.39046,4423207.66762437
1757901600,2025-09-15 02:00:00,0.389177,0.39239,0.39048,0.38991,1238179.9489433
1757905200,2025-09-15 03:00:00,0.389624,0.392911,0.3898,0.392105,597342.06219562
1757908800,2025-09-15 04:00:00,0.3919,0.394526,0.392105,0.39215,930582.34779699
1757912400,2025-09-15 05:00:00,0.391413,0.394771,0.392089,0.394674,1114931.93094252
1757916000,2025-09-15 06:00:00,0.387199,0.394705,0.394632,0.38859,1854966.10556602
1757919600,2025-09-15 07:00:00,0.383779,0.390852,0.388522,0.38491,2406235.83358367
1757923200,2025-09-15 08:00:00,0.375167,0.38493,0.384809,0.3759,9293809.75832147
1757926800,2025-09-15 09:00:00,0.375124,0.380063,0.375889,0.379271,958763.35399932
1757930400,2025-09-15 10:00:00,0.37605,0.379302,0.379176,0.378648,1728512.15359249
1757934000,2025-09-15 11:00:00,0.378108,0.3806,0.37858,0.380159,1265596.82240479
1757937600,2025-09-15 12:00:00,0.377222,0.381334,0.380156,0.37749,1059533.42028202
1757941200,2025-09-15 13:00:00,0.377013,0.382881,0.37749,0.38085,1416157.48356457
1757944800,2025-09-15 14:00:00,0.377737,0.382349,0.3809,0.378485,1263224.13787091
1757948400,2025-09-15 15:00:00,0.375663,0.380424,0.378515,0.378164,2360854.45896382
1757952000,2025-09-15 16:00:00,0.374966,0.378804,0.378056,0.375544,1797660.26488942
1757955600,2025-09-15 17:00:00,0.374152,0.37812,0.375564,0.378025,1609067.66942439
1757959200,2025-09-15 18:00:00,0.376503,0.378907,0.378,0.378591,1077871.13742473
1757962800,2025-09-15 19:00:00,0.376749,0.380069,0.37851,0.378947,1158770.6833985
1757966400,2025-09-15 20:00:00,0.37814,0.380085,0.378836,0.379714,1071706.37836204
1757970000,2025-09-15 21:00:00,0.379058,0.380524,0.379692,0.380321,2110371.54512847
1757973600,2025-09-15 22:00:00,0.378828,0.380519,0.38032,0.379604,1979276.35164612
1757977200,2025-09-15 23:00:00,0.378911,0.381068,0.379598,0.380678,1119639.22383944
1757980800,2025-09-16 00:00:00,0.377112,0.380593,0.38059,0.37842,706676.501449
1757984400,2025-09-16 01:00:00,0.377267,0.380172,0.37842,0.377348,1255470.68457517
1757988000,2025-09-16 02:00:00,0.376846,0.378917,0.37742,0.376962,967415.39635372
1757991600,2025-09-16 03:00:00,0.376615,0.37859,0.376871,0.377003,886693.14493482
1757995200,2025-09-16 04:00:00,0.374747,0.377847,0.37699,0.3776,2731424.10992677
1757998800,2025-09-16 05:00:00,0.37733,0.379905,0.3776,0.37989,627752.55822187
1758002400,2025-09-16 06:00:00,0.37743,0.380525,0.37993,0.378923,1054885.7192648
1758006000,2025-09-16 07:00:00,0.378462,0.380337,0.378924,0.379554,603426.10578632
1758009600,2025-09-16 08:00:00,0.37958,0.388067,0.37958,0.386928,6743273.90259639
1758013200,2025-09-16 09:00:00,0.385718,0.391675,0.38696,0.388956,4005438.6639177
1758016800,2025-09-16 10:00:00,0.387407,0.391615,0.388957,0.387912,3379059.16054656
1758020400,2025-09-16 11:00:00,0.386455,0.38892,0.38795,0.386609,1868461.16319679
1758024000,2025-09-16 12:00:00,0.385981,0.39138,0.386608,0.389226,1417923.91719506
1758027600,2025-09-16 13:00:00,0.384766,0.39138,0.388898,0.388524,2047031.92658326
1758031200,2025-09-16 14:00:00,0.384005,0.388455,0.388455,0.387609,2056514.98446329
1758034800,2025-09-16 15:00:00,0.38482,0.387796,0.38768,0.387539,1488514.08263211
1758038400,2025-09-16 16:00:00,0.38502,0.38754,0.38754,0.386422,1369993.6412908
1758042000,2025-09-16 17:00:00,0.386275,0.390945,0.386398,0.389404,1849797.11814067
1758045600,2025-09-16 18:00:00,0.386465,0.390429,0.389491,0.387447,1293646.37597993
1758049200,2025-09-16 19:00:00,0.384704,0.387652,0.38753,0.38596,1255693.74724529
1758052800,2025-09-16 20:00:00,0.384327,0.38648,0.385921,0.384517,1140425.19586705
1758056400,2025-09-16 21:00:00,0.38446,0.387018,0.384517,0.386319,839396.69700441
1758060000,2025-09-16 22:00:00,0.385268,0.388547,0.38632,0.38537,855588.77392125
1758063600,2025-09-16 23:00:00,0.383882,0.3854,0.38537,0.384228,1830627.87625259
1758067200,2025-09-17 00:00:00,0.383699,0.386646,0.384258,0.385739,1633089.26338884
1758070800,2025-09-17 01:00:00,0.3845,0.387277,0.38574,0.385476,808573.2974677
1758074400,2025-09-17 02:00:00,0.384463,0.387285,0.385475,0.385264,1242918.79299884
1758078000,2025-09-17 03:00:00,0.381754,0.385395,0.385317,0.38203,1453211.06028938
1758081600,2025-09-17 04:00:00,0.38,0.382587,0.38203,0.38088,3094685.06124342
1758085200,2025-09-17 05:00:00,0.380407,0.384125,0.38095,0.384113,1303796.86796271
1758088800,2025-09-17 06:00:00,0.38337,0.386818,0.384112,0.386628,2535788.17807134
1758092400,2025-09-17 07:00:00,0.386335,0.388088,0.386607,0.38773,2423023.4018359
1758096000,2025-09-17 08:00:00,0.384058,0.38794,0.387729,0.385286,689318.36573775
1758099600,2025-09-17 09:00:00,0.383877,0.385458,0.385281,0.38406,1805869.48437211
1758103200,2025-09-17 10:00:00,0.38295,0.385067,0.38406,0.38501,1322895.82938831
1758106800,2025-09-17 11:00:00,0.38453,0.386764,0.38505,0.385021,738932.51171265
1758110400,2025-09-17 12:00:00,0.384293,0.386956,0.385136,0.386604,679062.04223616
1758114000,2025-09-17 13:00:00,0.384905,0.387965,0.386603,0.38583,1961270.28538739
1758117600,2025-09-17 14:00:00,0.383952,0.387395,0.38583,0.384636,1416204.3822385
1758121200,2025-09-17 15:00:00,0.384028,0.38591,0.384598,0.384827,1081486.6593366
1758124800,2025-09-17 16:00:00,0.380395,0.384826,0.384826,0.384391,2080272.83175441
1758128400,2025-09-17 17:00:00,0.382583,0.389771,0.384371,0.382995,3440649.59070584
1758132000,2025-09-17 18:00:00,0.381,0.390709,0.38408,0.382673,7668013.41874857
1758135600,2025-09-17 19:00:00,0.382319,0.39069,0.382536,0.390106,5592539.60953763
1758139200,2025-09-17 20:00:00,0.38643,0.393626,0.39015,0.386789,3973689.61399804
1758142800,2025-09-17 21:00:00,0.385299,0.390678,0.386775,0.390226,4757608.60934954
1758146400,2025-09-17 22:00:00,0.390184,0.398546,0.39023,0.397177,5463959.51841154
1758150000,2025-09-17 23:00:00,0.394213,0.398505,0.397219,0.395542,3964521.664277
1758153600,2025-09-18 00:00:00,0.394289,0.397061,0.39558,0.395048,2070488.20198493
1758157200,2025-09-18 01:00:00,0.394251,0.3985,0.39501,0.39729,2663027.54782492
1758160800,2025-09-18 02:00:00,0.394649,0.397888,0.397372,0.397607,1314592.41489693
1758164400,2025-09-18 03:00:00,0.396987,0.400317,0.39761,0.399801,3270801.55839157
1758168000,2025-09-18 04:00:00,0.397936,0.40031,0.399801,0.399321,2448807.40610691
1758171600,2025-09-18 05:00:00,0.395301,0.39944,0.3993,0.395961,673216.26500654
1758175200,2025-09-18 06:00:00,0.392318,0.396193,0.395989,0.39439,3505507.27278846
1758178800,2025-09-18 07:00:00,0.394199,0.397782,0.39439,0.39658,893430.35576104
1758182400,2025-09-18 08:00:00,0.396307,0.400114,0.396634,0.400087,3559784.68001776
1758186000,2025-09-18 09:00:00,0.39787,0.400334,0.399996,0.398561,933711.98545997
1758189600,2025-09-18 10:00:00,0.39534,0.399584,0.398602,0.39766,1009842.25125862
1758193200,2025-09-18 11:00:00,0.397554,0.401024,0.39766,0.400747,1055079.71932655
1758196800,2025-09-18 12:00:00,0.398747,0.40133,0.40078,0.398814,1287774.16983581
1758200400,2025-09-18 13:00:00,0.396347,0.40198,0.398807,0.398823,2523201.89955969
1758204000,2025-09-18 14:00:00,0.397936,0.400249,0.399028,0.399201,1509849.66167579
1758207600,2025-09-18 15:00:00,0.398279,0.402439,0.3993,0.40112,3081314.09016478
1758211200,2025-09-18 16:00:00,0.399418,0.402047,0.401089,0.40141,2134948.63733373
1758214800,2025-09-18 17:00:00,0.400007,0.402363,0.40144,0.40214,3262044.74516005
1758218400,2025-09-18 18:00:00,0.401058,0.404889,0.402139,0.403902,2142403.77038718
1758222000,2025-09-18 19:00:00,0.399189,0.403889,0.403889,0.401315,2769559.88167652
1758225600,2025-09-18 20:00:00,0.400463,0.402227,0.40128,0.401766,1182098.73819871
1758229200,2025-09-18 21:00:00,0.399281,0.402178,0.40179,0.399559,850757.14386702
1758232800,2025-09-18 22:00:00,0.398079,0.400031,0.399424,0.39815,1891529.62808504
1758236400,2025-09-18 23:00:00,0.39441,0.398261,0.39815,0.396289,6294942.30398528
1758240000,2025-09-19 00:00:00,0.396241,0.39859,0.396282,0.39859,5114555.87551165
1758243600,2025-09-19 01:00:00,0.397194,0.399911,0.398605,0.39758,1243301.12000838
1758247200,2025-09-19 02:00:00,0.394701,0.397556,0.397556,0.395809,2732718.676716
1758250800,2025-09-19 03:00:00,0.392578,0.397348,0.395846,0.39266,4025846.13331512
1758254400,2025-09-19 04:00:00,0.390044,0.394421,0.392616,0.394079,3783494.73196641
1758258000,2025-09-19 05:00:00,0.391476,0.394362,0.39406,0.39311,1580698.89286828
1758261600,2025-09-19 06:00:00,0.390366,0.393522,0.393147,0.390563,1285368.39140432
1758265200,2025-09-19 07:00:00,0.389918,0.393209,0.39056,0.391875,1446545.59941836
1758268800,2025-09-19 08:00:00,0.391248,0.39421,0.391915,0.39226,481940.3715799
1758272400,2025-09-19 09:00:00,0.39071,0.39434,0.39226,0.391769,492282.67012094
1758276000,2025-09-19 10:00:00,0.390896,0.392914,0.39177,0.392343,609841.11855011
1758279600,2025-09-19 11:00:00,0.388306,0.392586,0.392216,0.38965,1904689.24594916
1758283200,2025-09-19 12:00:00,0.38942,0.392405,0.389738,0.38942,915823.28432873
1758286800,2025-09-19 13:00:00,0.387748,0.390727,0.38941,0.389998,1219466.68411421
1758290400,2025-09-19 14:00:00,0.386886,0.39079,0.389968,0.38776,1716520.09715395
1758294000,2025-09-19 15:00:00,0.38562,0.389009,0.387769,0.388557,5010142.22693211
1758297600,2025-09-19 16:00:00,0.388193,0.390077,0.388502,0.389552,1043045.22642412
1758301200,2025-09-19 17:00:00,0.387492,0.389537,0.389501,0.3876,955405.39570718
1758304800,2025-09-19 18:00:00,0.386343,0.389753,0.3876,0.3883,1389894.66012304
1758308400,2025-09-19 19:00:00,0.387364,0.391058,0.3883,0.387364,1960590.19376333
1758312000,2025-09-19 20:00:00,0.386965,0.389199,0.387353,0.38764,811222.30087964
1758315600,2025-09-19 21:00:00,0.38681,0.390405,0.387573,0.390405,519787.95118945
1758319200,2025-09-19 22:00:00,0.38922,0.391499,0.390403,0.38927,504402.2634014
1758322800,2025-09-19 23:00:00,0.38633,0.389329,0.389237,0.38832,665342.05309044
1758326400,2025-09-20 00:00:00,0.387246,0.390213,0.38827,0.39016,568994.99088608
1758330000,2025-09-20 01:00:00,0.387908,0.390286,0.390191,0.38805,480170.58212519
1758333600,2025-09-20 02:00:00,0.385001,0.389309,0.387942,0.389298,1933365.09834717
1758337200,2025-09-20 03:00:00,0.387205,0.389385,0.38923,0.387485,1068687.91464324
1758340800,2025-09-20 04:00:00,0.386303,0.388424,0.387451,0.3881,996414.58119217
1758344400,2025-09-20 05:00:00,0.387558,0.39184,0.38803,0.391776,548009.92836618
1758348000,2025-09-20 06:00:00,0.39106,0.392251,0.391695,0.39192,2265996.50314113
1758351600,2025-09-20 07:00:00,0.391545,0.393786,0.39192,0.393717,990445.41409291
1758355200,2025-09-20 08:00:00,0.389481,0.394003,0.393718,0.38962,340060.82825215
1758358800,2025-09-20 09:00:00,0.387903,0.39029,0.389654,0.38886,1157179.69756805
1758362400,2025-09-20 10:00:00,0.388146,0.390579,0.38888,0.388295,440829.53922128
1758366000,2025-09-20 11:00:00,0.388,0.390655,0.388306,0.390557,895320.98463285
1758369600,2025-09-20 12:00:00,0.388687,0.390638,0.39039,0.389987,713478.533694
1758373200,2025-09-20 13:00:00,0.38805,0.39018,0.389929,0.388253,720149.5571962
1758376800,2025-09-20 14:00:00,0.386244,0.390264,0.388258,0.389757,1518410.93267654
1758380400,2025-09-20 15:00:00,0.389774,0.392363,0.389809,0.391549,2286865.58315161
1758384000,2025-09-20 16:00:00,0.388451,0.392024,0.391545,0.390327,916141.55019735
1758387600,2025-09-20 17:00:00,0.38731,0.390434,0.39037,0.387353,2248187.53252238
1758391200,2025-09-20 18:00:00,0.38542,0.3874,0.387323,0.386379,537850.01869231
1758394800,2025-09-20 19:00:00,0.385625,0.387558,0.386335,0.386223,313267.22706919
1758398400,2025-09-20 20:00:00,0.385661,0.387215,0.38619,0.38686,661616.98497176
1758402000,2025-09-20 21:00:00,0.38686,0.389094,0.38686,0.38754,642062.48501729
1758405600,2025-09-20 22:00:00,0.386475,0.38835,0.387649,0.38806,643363.7019959
1758409200,2025-09-20 23:00:00,0.386134,0.388212,0.38806,0.386404,616262.87415551
1758412800,2025-09-21 00:00:00,0.385203,0.387962,0.386356,0.387199,675806.58819843
1758416400,2025-09-21 01:00:00,0.385966,0.387849,0.38716,0.386175,454084.09057305
1758420000,2025-09-21 02:00:00,0.385259,0.387785,0.38619,0.387668,702167.07228112
1758423600,2025-09-21 03:00:00,0.38743,0.389166,0.387616,0.389091,513301.87991644
1758427200,2025-09-21 04:00:00,0.38802,0.38962,0.38909,0.38962,293977.14265215
1758430800,2025-09-21 05:00:00,0.388395,0.39061,0.389645,0.39025,819171.9495159
1758434400,2025-09-21 06:00:00,0.389506,0.390739,0.39031,0.389506,571998.68739538
1758438000,2025-09-21 07:00:00,0.38862,0.390163,0.38948,0.389073,496718.81426946
1758441600,2025-09-21 08:00:00,0.388151,0.390353,0.389032,0.389953,532452.91261036
1758445200,2025-09-21 09:00:00,0.384,0.39078,0.389939,0.3864,3453292.52979319
1758448800,2025-09-21 10:00:00,0.384,0.38665,0.38626,0.384142,1274767.71183116
1758452400,2025-09-21 11:00:00,0.384055,0.3856,0.384142,0.38416,810269.09963319
1758456000,2025-09-21 12:00:00,0.383121,0.386139,0.384194,0.38318,1337565.72101039
1758459600,2025-09-21 13:00:00,0.383049,0.385241,0.383121,0.3852,554029.27741721
1758463200,2025-09-21 14:00:00,0.382258,0.38563,0.3852,0.382376,767555.54646762
1758466800,2025-09-21 15:00:00,0.380975,0.383004,0.382392,0.381949,1117068.15223976
1758470400,2025-09-21 16:00:00,0.380047,0.382361,0.381949,0.38099,3272271.64320692
1758474000,2025-09-21 17:00:00,0.379575,0.383301,0.3809,0.383075,1338382.74512758
1758477600,2025-09-21 18:00:00,0.382371,0.38415,0.38311,0.384058,881551.67282766
1758481200,2025-09-21 19:00:00,0.381641,0.384058,0.384058,0.383417,558016.41380118
1758484800,2025-09-21 20:00:00,0.3815,0.383388,0.383383,0.381676,418061.6058298
1758488400,2025-09-21 21:00:00,0.380855,0.382413,0.38171,0.381558,452842.26436093
1758492000,2025-09-21 22:00:00,0.379371,0.38286,0.38156,0.382519,1039075.60569276
1758495600,2025-09-21 23:00:00,0.379157,0.382697,0.382501,0.379891,1326299.36770659
1758499200,2025-09-22 00:00:00,0.371076,0.380702,0.37989,0.372956,4186370.71087644
1758502800,2025-09-22 01:00:00,0.37085,0.374779,0.3728,0.371531,1961121.6474085
1758506400,2025-09-22 02:00:00,0.365631,0.37222,0.37155,0.368503,4478928.8486951
1758510000,2025-09-22 03:00:00,0.368279,0.370063,0.368458,0.369187,1452417.29155581
1758513600,2025-09-22 04:00:00,0.36825,0.370063,0.36924,0.36856,827886.49530425
1758517200,2025-09-22 05:00:00,0.362206,0.368669,0.36849,0.362412,1740574.01646075
1758520800,2025-09-22 06:00:00,0.344958,0.362783,0.36236,0.359871,7439015.57633634
1758524400,2025-09-22 07:00:00,0.356958,0.360169,0.359772,0.356958,1402275.64166505
1758528000,2025-09-22 08:00:00,0.355446,0.359157,0.356916,0.358095,1000500.24115789
1758531600,2025-09-22 09:00:00,0.355279,0.359216,0.35809,0.3556,1109617.759171
1758535200,2025-09-22 10:00:00,0.355171,0.359252,0.355599,0.358825,1078116.92270124
1758538800,2025-09-22 11:00:00,0.356764,0.359312,0.35882,0.357,1034666.43055815
1758542400,2025-09-22 12:00:00,0.356152,0.360716,0.35707,0.360599,1329861.46081018
1758546000,2025-09-22 13:00:00,0.358958,0.363312,0.360535,0.363312,3992418.04604082
1758549600,2025-09-22 14:00:00,0.362841,0.36743,0.363048,0.366459,3187299.57235128
1758553200,2025-09-22 15:00:00,0.363628,0.368856,0.366345,0.364248,5076212.60929749
1758556800,2025-09-22 16:00:00,0.363524,0.3678,0.364201,0.36446,2539206.17744333
1758560400,2025-09-22 17:00:00,0.363915,0.368434,0.36449,0.367862,1631029.0404053
1758564000,2025-09-22 18:00:00,0.364,0.368214,0.367836,0.364005,1291422.04983717
1758567600,2025-09-22 19:00:00,0.361575,0.364879,0.36401,0.36274,1309398.93400781
1758571200,2025-09-22 20:00:00,0.361752,0.367133,0.362733,0.366546,1212005.76805727
1758574800,2025-09-22 21:00:00,0.364461,0.36858,0.366547,0.36858,1165910.75053781
1758578400,2025-09-22 22:00:00,0.367302,0.368709,0.368579,0.368004,1035492.47704641
1758582000,2025-09-22 23:00:00,0.367632,0.368819,0.36801,0.368589,2196816.67740794
1758585600,2025-09-23 00:00:00,0.367966,0.372033,0.368587,0.368293,1739235.14954737
1758589200,2025-09-23 01:00:00,0.364679,0.36864,0.368244,0.3649,2484122.2842138
1758592800,2025-09-23 02:00:00,0.36302,0.367913,0.36492,0.3631,2041157.66242296
1758596400,2025-09-23 03:00:00,0.361448,0.369896,0.363058,0.369305,3761581.54070294
1758600000,2025-09-23 04:00:00,0.36603,0.36982,0.36932,0.3682,976111.6191503
1758603600,2025-09-23 05:00:00,0.367142,0.372298,0.368165,0.369993,1492693.60818084
1758607200,2025-09-23 06:00:00,0.36927,0.373552,0.36998,0.37317,3415319.84029964
1758610800,2025-09-23 07:00:00,0.370498,0.373988,0.373103,0.37069,745736.94513076
1758614400,2025-09-23 08:00:00,0.36993,0.372127,0.370739,0.371952,826453.97456504
1758618000,2025-09-23 09:00:00,0.369193,0.374948,0.37204,0.370499,1184798.53973475
1758621600,2025-09-23 10:00:00,0.369307,0.372017,0.370425,0.370248,1779744.36514068
1758625200,2025-09-23 11:00:00,0.3685,0.371659,0.370295,0.370082,1751316.28637349
1758628800,2025-09-23 12:00:00,0.36825,0.370819,0.370083,0.36963,1410328.47285154
1758632400,2025-09-23 13:00:00,0.368516,0.37072,0.3696,0.369176,1015654.88946269
1758636000,2025-09-23 14:00:00,0.368443,0.372554,0.36925,0.368782,2556563.75263897
1758639600,2025-09-23 15:00:00,0.368355,0.371238,0.368778,0.370821,2389473.5562658
1758643200,2025-09-23 16:00:00,0.368481,0.372526,0.37076,0.371627,1767616.21841078
1758646800,2025-09-23 17:00:00,0.366428,0.371582,0.371582,0.366813,1990996.66008504
1758650400,2025-09-23 18:00:00,0.36524,0.367986,0.366837,0.366049,1650876.30056206
1758654000,2025-09-23 19:00:00,0.365052,0.369077,0.36605,0.36574,1899527.64551871
1758657600,2025-09-23 20:00:00,0.363903,0.367197,0.36573,0.367197,3286168.49555183
1758661200,2025-09-23 21:00:00,0.365257,0.367599,0.367125,0.367006,683739.33171368
1758664800,2025-09-23 22:00:00,0.36511,0.367173,0.366995,0.36526,814944.86096581
1758668400,2025-09-23 23:00:00,0.363895,0.366297,0.365309,0.364505,965387.80314334
1758672000,2025-09-24 00:00:00,0.36374,0.366679,0.364567,0.36381,1019260.75526459
1758675600,2025-09-24 01:00:00,0.363301,0.367134,0.363741,0.366872,894593.50074023
1758679200,2025-09-24 02:00:00,0.363652,0.367096,0.366868,0.36473,703120.91616941
1758682800,2025-09-24 03:00:00,0.36025,0.365941,0.3648,0.360562,1372844.0154649
1758686400,2025-09-24 04:00:00,0.3573,0.364852,0.36044,0.36274,2358370.29423243
1758690000,2025-09-24 05:00:00,0.36233,0.366979,0.362705,0.36678,794438.32800251
1758693600,2025-09-24 06:00:00,0.36659,0.368574,0.366748,0.367225,2865229.37189854
1758697200,2025-09-24 07:00:00,0.366171,0.36848,0.367216,0.36813,863261.90605419
1758700800,2025-09-24 08:00:00,0.3675,0.36909,0.368165,0.368956,969400.31098571
1758704400,2025-09-24 09:00:00,0.368567,0.370044,0.368851,0.36975,549707.25575388
1758708000,2025-09-24 10:00:00,0.368477,0.370175,0.3697,0.369525,745970.91555106
1758711600,2025-09-24 11:00:00,0.369186,0.371272,0.369321,0.37047,565935.02774455
1758715200,2025-09-24 12:00:00,0.369238,0.37171,0.370458,0.369512,731233.56370619
1758718800,2025-09-24 13:00:00,0.367745,0.3699,0.369432,0.367781,2728636.70382185
1758722400,2025-09-24 14:00:00,0.367866,0.375232,0.367977,0.374432,1328193.49545874
1758726000,2025-09-24 15:00:00,0.372621,0.376358,0.37464,0.375559,1170387.96696543
1758729600,2025-09-24 16:00:00,0.374187,0.377477,0.375471,0.376809,1423773.12058243
1758733200,2025-09-24 17:00:00,0.376162,0.37949,0.376903,0.378471,2165609.46469083
1758736800,2025-09-24 18:00:00,0.377187,0.381029,0.378518,0.377981,3502736.95405726
1758740400,2025-09-24 19:00:00,0.3761,0.381439,0.37799,0.379776,2720232.8615866
1758744000,2025-09-24 20:00:00,0.377222,0.380456,0.379903,0.380198,2224572.29085875
1758747600,2025-09-24 21:00:00,0.37523,0.380594,0.38016,0.375665,1330668.9294623
1758751200,2025-09-24 22:00:00,0.374262,0.37734,0.375554,0.37505,2196386.42972616
1758754800,2025-09-24 23:00:00,0.373237,0.376094,0.375059,0.374756,3204468.7534768
1758758400,2025-09-25 00:00:00,0.370378,0.377,0.374794,0.371166,2319953.86595951
1758762000,2025-09-25 01:00:00,0.368001,0.372443,0.371166,0.36924,2835108.8903426
1758765600,2025-09-25 02:00:00,0.367798,0.372172,0.36926,0.370272,2556894.08782394
1758769200,2025-09-25 03:00:00,0.365257,0.370234,0.370234,0.36689,1496251.49884325
1758772800,2025-09-25 04:00:00,0.360684,0.36765,0.366852,0.362819,1501719.27285013
1758776400,2025-09-25 05:00:00,0.361076,0.36568,0.362786,0.364302,1417511.04178388
1758780000,2025-09-25 06:00:00,0.360395,0.364686,0.364313,0.360741,1702623.26272258
1758783600,2025-09-25 07:00:00,0.36,0.363087,0.36072,0.3607,1135232.77968158
1758787200,2025-09-25 08:00:00,0.359763,0.362837,0.36073,0.361378,1331176.98072398
1758790800,2025-09-25 09:00:00,0.359853,0.364182,0.36138,0.35993,2228141.90167984
1758794400,2025-09-25 10:00:00,0.359074,0.361806,0.35993,0.359242,882672.05545398
1758798000,2025-09-25 11:00:00,0.357208,0.360126,0.35922,0.357672,2192806.22649298
1758801600,2025-09-25 12:00:00,0.35321,0.360579,0.357655,0.359113,4152762.24181206
1758805200,2025-09-25 13:00:00,0.3565,0.362706,0.359105,0.358938,3017260.63642311
1758808800,2025-09-25 14:00:00,0.359,0.366043,0.359,0.361836,3345161.11643124
1758812400,2025-09-25 15:00:00,0.359991,0.362543,0.361798,0.36138,1244710.70918536
1758816000,2025-09-25 16:00:00,0.356001,0.361646,0.36138,0.356345,1478674.30585061
1758819600,2025-09-25 17:00:00,0.346799,0.356595,0.35625,0.348345,5429470.1045242
1758823200,2025-09-25 18:00:00,0.346815,0.35676,0.348358,0.356435,3827971.14922271
1758826800,2025-09-25 19:00:00,0.352864,0.358213,0.356328,0.353818,1095960.42308344
1758830400,2025-09-25 20:00:00,0.35118,0.354576,0.353856,0.351386,2156329.34739961
1758834000,2025-09-25 21:00:00,0.349854,0.353962,0.35144,0.353068,1303270.6153603
1758837600,2025-09-25 22:00:00,0.351302,0.355494,0.353002,0.35267,1730334.91264322
1758841200,2025-09-25 23:00:00,0.348347,0.35421,0.352667,0.350571,2516890.19181306
1758844800,2025-09-26 00:00:00,0.350352,0.356291,0.35064,0.35557,2544770.94024157
1758848400,2025-09-26 01:00:00,0.354193,0.356846,0.35557,0.355203,1322676.07753542
1758852000,2025-09-26 02:00:00,0.35241,0.356395,0.354944,0.353573,1385318.15004796
1758855600,2025-09-26 03:00:00,0.351704,0.355276,0.353596,0.355095,1124635.2342125
1758859200,2025-09-26 04:00:00,0.352576,0.355573,0.35514,0.353284,772525.41710698
1758862800,2025-09-26 05:00:00,0.351537,0.355551,0.35329,0.351792,898767.96255167
1758866400,2025-09-26 06:00:00,0.350997,0.355349,0.3518,0.352847,1187738.39876177
1758870000,2025-09-26 07:00:00,0.351197,0.35483,0.352878,0.35342,665141.03749994
1758873600,2025-09-26 08:00:00,0.353304,0.355165,0.35353,0.354549,638113.14854261
1758877200,2025-09-26 09:00:00,0.351905,0.356453,0.35455,0.35288,1158875.55794467
1758880800,2025-09-26 10:00:00,0.34789,0.35297,0.35288,0.3481,1386242.55401956
1758884400,2025-09-26 11:00:00,0.346016,0.350523,0.348155,0.349414,2556043.02458181
1758888000,2025-09-26 12:00:00,0.3468,0.35588,0.349272,0.35378,1801307.74167812
1758891600,2025-09-26 13:00:00,0.35061,0.356154,0.35385,0.3554,2196483.07184866
1758895200,2025-09-26 14:00:00,0.349056,0.356404,0.3554,0.349685,3606481.47348566
1758898800,2025-09-26 15:00:00,0.349493,0.354813,0.34972,0.352852,2578419.68882171
1758902400,2025-09-26 16:00:00,0.35259,0.357554,0.352844,0.357477,3961066.62609671
1758906000,2025-09-26 17:00:00,0.357395,0.361758,0.357459,0.361206,2203047.4122652
1758909600,2025-09-26 18:00:00,0.360934,0.364314,0.36113,0.363416,1957009.53001531
1758913200,2025-09-26 19:00:00,0.359071,0.363839,0.363353,0.361235,2095291.04863463
1758916800,2025-09-26 20:00:00,0.359486,0.362459,0.361244,0.35973,1103869.86729441
1758920400,2025-09-26 21:00:00,0.3591,0.36198,0.359695,0.3616,664036.92741372
1758924000,2025-09-26 22:00:00,0.361205,0.363254,0.3616,0.36162,740074.10730002
1758927600,2025-09-26 23:00:00,0.36036,0.362424,0.361579,0.3621,836211.79937518
1758931200,2025-09-27 00:00:00,0.360678,0.362376,0.3621,0.362007,637021.66120398
1758934800,2025-09-27 01:00:00,0.359259,0.362082,0.36197,0.359789,756066.50482192
1758938400,2025-09-27 02:00:00,0.358038,0.359973,0.3598,0.358428,541469.15816509
1758942000,2025-09-27 03:00:00,0.35835,0.3607,0.358386,0.359222,868175.09736165
1758945600,2025-09-27 04:00:00,0.359142,0.362124,0.359185,0.361481,617274.07848858
1758949200,2025-09-27 05:00:00,0.36049,0.3627,0.361475,0.36231,400681.16889868
1758952800,2025-09-27 06:00:00,0.36085,0.36265,0.36231,0.361918,379230.01616069
1758956400,2025-09-27 07:00:00,0.359941,0.363324,0.36189,0.360519,281955.89366157
1758960000,2025-09-27 08:00:00,0.358785,0.361361,0.360519,0.359607,976082.47554333
1758963600,2025-09-27 09:00:00,0.358011,0.361256,0.35966,0.361145,497169.04557757
1758967200,2025-09-27 10:00:00,0.36048,0.362845,0.36112,0.36211,384722.26173686
1758970800,2025-09-27 11:00:00,0.360535,0.362461,0.362075,0.3611,314565.83914356
1758974400,2025-09-27 12:00:00,0.359341,0.361695,0.361066,0.360765,751153.05246051
1758978000,2025-09-27 13:00:00,0.359744,0.361229,0.360745,0.36013,635664.62421006
1758981600,2025-09-27 14:00:00,0.359632,0.36085,0.36013,0.359972,521721.24532281
1758985200,2025-09-27 15:00:00,0.358054,0.361084,0.35987,0.360866,1915360.01074102
1758988800,2025-09-27 16:00:00,0.358741,0.361027,0.360955,0.3591,889372.24993344
1758992400,2025-09-27 17:00:00,0.356271,0.359017,0.359017,0.358344,2414546.78904223
1758996000,2025-09-27 18:00:00,0.357719,0.359201,0.358377,0.35876,599302.63652807
1758999600,2025-09-27 19:00:00,0.357639,0.359447,0.35876,0.359101,1340407.32003029
1759003200,2025-09-27 20:00:00,0.358513,0.36017,0.35915,0.359079,648025.61759767
1759006800,2025-09-27 21:00:00,0.358834,0.360976,0.359022,0.360672,338583.95746069
1759010400,2025-09-27 22:00:00,0.360402,0.363,0.36073,0.36197,768694.08279397
1759014000,2025-09-27 23:00:00,0.360777,0.362871,0.36204,0.360975,712463.16069074
1759017600,2025-09-28 00:00:00,0.35865,0.3616,0.36097,0.358848,776461.12591335
1759021200,2025-09-28 01:00:00,0.356554,0.359126,0.358909,0.35696,569573.40190762
1759024800,2025-09-28 02:00:00,0.35696,0.359027,0.356968,0.3582,503276.90250704
1759028400,2025-09-28 03:00:00,0.3564,0.35875,0.358199,0.358113,495907.55828373
1759032000,2025-09-28 04:00:00,0.3568,0.358583,0.35813,0.358435,370070.89060182
1759035600,2025-09-28 05:00:00,0.356886,0.35914,0.358464,0.3577,219640.76304264
1759039200,2025-09-28 06:00:00,0.356272,0.358377,0.357671,0.357511,906313.72624982
1759042800,2025-09-28 07:00:00,0.356187,0.357944,0.35754,0.357245,257706.43292972
1759046400,2025-09-28 08:00:00,0.355171,0.358082,0.357227,0.355728,539169.5045801
1759050000,2025-09-28 09:00:00,0.354375,0.356475,0.355761,0.355069,485205.52913224
1759053600,2025-09-28 10:00:00,0.354,0.355705,0.35504,0.355098,474631.17390108
1759057200,2025-09-28 11:00:00,0.35321,0.355283,0.3551,0.35441,1320473.57306564
1759060800,2025-09-28 12:00:00,0.352041,0.354521,0.354384,0.35291,814540.81114209
1759064400,2025-09-28 13:00:00,0.352685,0.357377,0.35291,0.35698,1065925.69362718
1759068000,2025-09-28 14:00:00,0.35592,0.357846,0.35698,0.357586,641368.21927878
1759071600,2025-09-28 15:00:00,0.357352,0.35921,0.357547,0.359197,810609.54473234
1759075200,2025-09-28 16:00:00,0.358853,0.361669,0.359178,0.361362,2023556.46811116
1759078800,2025-09-28 17:00:00,0.360723,0.363494,0.36135,0.361939,1212088.61245426
1759082400,2025-09-28 18:00:00,0.361052,0.362595,0.36194,0.362424,865267.8192433
1759086000,2025-09-28 19:00:00,0.361656,0.362985,0.362425,0.362736,527982.27154454
1759089600,2025-09-28 20:00:00,0.36241,0.365134,0.362705,0.36428,711937.90337612
1759093200,2025-09-28 21:00:00,0.362894,0.365044,0.36428,0.363685,570427.38359293
1759096800,2025-09-28 22:00:00,0.363656,0.369037,0.36372,0.36874,2349035.94462242
1759100400,2025-09-28 23:00:00,0.367381,0.369548,0.368594,0.367703,1588221.43781512
1759104000,2025-09-29 00:00:00,0.366492,0.368423,0.367828,0.367512,944755.78038546
1759107600,2025-09-29 01:00:00,0.36582,0.3677,0.367487,0.365895,703190.35364581
1759111200,2025-09-29 02:00:00,0.365368,0.368928,0.365979,0.368928,1312111.06581579
1759114800,2025-09-29 03:00:00,0.366887,0.368803,0.368803,0.367633,713243.76813944
1759118400,2025-09-29 04:00:00,0.365827,0.367766,0.367668,0.367,693736.03844328
1759122000,2025-09-29 05:00:00,0.365492,0.367178,0.36712,0.36653,635215.44989633
1759125600,2025-09-29 06:00:00,0.364686,0.366652,0.36653,0.365777,521351.57034427
1759129200,2025-09-29 07:00:00,0.364861,0.370836,0.365796,0.368348,928537.39983601
1759132800,2025-09-29 08:00:00,0.36801,0.370899,0.368325,0.36983,1241445.58680482
1759136400,2025-09-29 09:00:00,0.368241,0.370443,0.369843,0.369891,2259150.58899313
1759140000,2025-09-29 10:00:00,0.366567,0.369984,0.36993,0.36679,889386.91510475
1759143600,2025-09-29 11:00:00,0.365905,0.367554,0.366834,0.36615,872935.46880213
1759147200,2025-09-29 12:00:00,0.364444,0.36788,0.366138,0.364575,984596.13825377
1759150800,2025-09-29 13:00:00,0.36333,0.370601,0.364551,0.369339,2302731.60283221
1759154400,2025-09-29 14:00:00,0.369041,0.376349,0.369331,0.376084,3145011.04145145
1759158000,2025-09-29 15:00:00,0.371628,0.377051,0.376116,0.371866,2865039.56702496
1759161600,2025-09-29 16:00:00,0.369848,0.373429,0.371903,0.37013,1850632.34044677
1759165200,2025-09-29 17:00:00,0.368604,0.37181,0.37013,0.3704,1793699.6448866
1759168800,2025-09-29 18:00:00,0.368584,0.371015,0.37046,0.369369,1192344.3821185
1759172400,2025-09-29 19:00:00,0.36859,0.372936,0.369368,0.37242,1339220.44752888
1759176000,2025-09-29 20:00:00,0.371748,0.375915,0.372421,0.3751,2745688.3173805
1759179600,2025-09-29 21:00:00,0.37363,0.375506,0.3751,0.373665,682587.9429049
1759183200,2025-09-29 22:00:00,0.37203,0.373973,0.373712,0.372082,1354349.77007399
1759186800,2025-09-29 23:00:00,0.370989,0.376999,0.3721,0.371866,3181005.55279452
1759190400,2025-09-30 00:00:00,0.370233,0.37323,0.371906,0.370468,1243459.41097835
1759194000,2025-09-30 01:00:00,0.369533,0.37359,0.370464,0.371514,981006.73542798
1759197600,2025-09-30 02:00:00,0.369845,0.37155,0.371437,0.3702,963696.74369977
1759201200,2025-09-30 03:00:00,0.36827,0.370892,0.370171,0.368737,768500.24119439
1759204800,2025-09-30 04:00:00,0.36801,0.369256,0.36868,0.368669,1592878.5072633
1759208400,2025-09-30 05:00:00,0.367979,0.370925,0.36855,0.370333,601693.67971196
1759212000,2025-09-30 06:00:00,0.369169,0.372609,0.370305,0.37023,906880.93970461
1759215600,2025-09-30 07:00:00,0.366828,0.371074,0.370229,0.367486,559276.45923311
1759219200,2025-09-30 08:00:00,0.365806,0.36785,0.3674,0.36586,599620.8995559
1759222800,2025-09-30 09:00:00,0.363711,0.366624,0.36582,0.364035,612620.88951387
1759226400,2025-09-30 10:00:00,0.3635,0.36603,0.363924,0.364922,535930.48374558
1759230000,2025-09-30 11:00:00,0.363811,0.36536,0.36492,0.364869,549411.75043455
1759233600,2025-09-30 12:00:00,0.363852,0.365379,0.364938,0.363998,743471.52932226
1759237200,2025-09-30 13:00:00,0.361999,0.365396,0.363888,0.36372,1148848.21870357
1759240800,2025-09-30 14:00:00,0.361621,0.36433,0.363713,0.36308,1146649.8175202
1759244400,2025-09-30 15:00:00,0.35885,0.36313,0.363111,0.3604,1936833.51354656
1759248000,2025-09-30 16:00:00,0.35782,0.361295,0.36043,0.358394,1953205.44683037
1759251600,2025-09-30 17:00:00,0.358198,0.36036,0.358474,0.358661,1397201.95156617
1759255200,2025-09-30 18:00:00,0.357849,0.362961,0.358642,0.362019,4465398.03569621
1759258800,2025-09-30 19:00:00,0.361966,0.374346,0.362019,0.367755,4062053.75100788
1759262400,2025-09-30 20:00:00,0.367048,0.369615,0.367542,0.369063,883674.27101917
1759266000,2025-09-30 21:00:00,0.365589,0.369885,0.369063,0.365714,2172548.61028186
1759269600,2025-09-30 22:00:00,0.36414,0.36773,0.36586,0.36436,1525724.98679328
1759273200,2025-09-30 23:00:00,0.363341,0.365324,0.364267,0.364252,1137487.43897706
1759276800,2025-10-01 00:00:00,0.361575,0.364506,0.36423,0.364033,883501.14658185
1759280400,2025-10-01 01:00:00,0.36383,0.36653,0.364139,0.366348,947870.44384091
1759284000,2025-10-01 02:00:00,0.364759,0.36642,0.366337,0.36512,541330.54735938
1759287600,2025-10-01 03:00:00,0.362305,0.365519,0.364949,0.362623,678969.0329869
1759291200,2025-10-01 04:00:00,0.36245,0.366263,0.36264,0.364982,1046192.01036924
1759294800,2025-10-01 05:00:00,0.364613,0.366849,0.36499,0.36569,931747.9130211
1759298400,2025-10-01 06:00:00,0.362956,0.366262,0.36563,0.36324,393207.59016237
1759302000,2025-10-01 07:00:00,0.363091,0.3659,0.3632,0.36535,472277.52633886
1759305600,2025-10-01 08:00:00,0.36514,0.379422,0.365328,0.379192,2150098.36509698
1759309200,2025-10-01 09:00:00,0.378521,0.383694,0.379321,0.38264,2189656.77677801
1759312800,2025-10-01 10:00:00,0.379372,0.383541,0.382707,0.38268,2073915.25273585
1759316400,2025-10-01 11:00:00,0.38268,0.388816,0.38268,0.388702,2317262.60351747
1759320000,2025-10-01 12:00:00,0.385245,0.3898,0.388693,0.385785,4060550.01240548
1759323600,2025-10-01 13:00:00,0.385748,0.38865,0.385748,0.38664,2378796.48670864
1759327200,2025-10-01 14:00:00,0.385785,0.390542,0.386639,0.387747,2451921.1225921
1759330800,2025-10-01 15:00:00,0.386678,0.390614,0.387747,0.389651,3043194.52147494
1759334400,2025-10-01 16:00:00,0.387966,0.391214,0.389724,0.388916,5499157.95903985
1759338000,2025-10-01 17:00:00,0.387528,0.390288,0.388972,0.387885,2224707.52530751
1759341600,2025-10-01 18:00:00,0.387915,0.395093,0.387915,0.391895,3542780.02653166
1759345200,2025-10-01 19:00:00,0.39161,0.397577,0.3919,0.39633,4017571.84842378
1759348800,2025-10-01 20:00:00,0.392808,0.397443,0.396328,0.393872,1573120.96120193
1759352400,2025-10-01 21:00:00,0.390837,0.394258,0.393902,0.391201,1085199.29042402
1759356000,2025-10-01 22:00:00,0.391145,0.394671,0.39121,0.393273,2121671.05860555
1759359600,2025-10-01 23:00:00,0.392656,0.398794,0.393402,0.398522,2381370.99238349
1759363200,2025-10-02 00:00:00,0.397085,0.405168,0.398466,0.397438,6914755.61846042
1759366800,2025-10-02 01:00:00,0.396899,0.406676,0.397446,0.406037,3812045.273374
1759370400,2025-10-02 02:00:00,0.404781,0.409572,0.406038,0.40886,3990984.23735363
1759374000,2025-10-02 03:00:00,0.403732,0.409529,0.408837,0.404103,4062176.57912624
1759377600,2025-10-02 04:00:00,0.400579,0.405293,0.404058,0.403238,3918869.07028061
1759381200,2025-10-02 05:00:00,0.399367,0.403392,0.403258,0.399722,1817329.67240474
1759384800,2025-10-02 06:00:00,0.399272,0.401365,0.39981,0.40044,1874480.64209614
1759388400,2025-10-02 07:00:00,0.399424,0.40198,0.400363,0.40012,1294707.72350514
1759392000,2025-10-02 08:00:00,0.399299,0.401209,0.40004,0.39983,1299558.95360627
1759395600,2025-10-02 09:00:00,0.39933,0.401133,0.399824,0.400717,700376.16102062
1759399200,2025-10-02 10:00:00,0.399706,0.404084,0.40069,0.402975,1064117.20779691
1759402800,2025-10-02 11:00:00,0.4012,0.404159,0.40293,0.402002,2128666.10177652
1759406400,2025-10-02 12:00:00,0.400805,0.403508,0.401812,0.403284,1329765.84897609
1759410000,2025-10-02 13:00:00,0.39922,0.404588,0.403201,0.40338,2252492.92433904
1759413600,2025-10-02 14:00:00,0.395969,0.405521,0.403297,0.396578,3486800.46093396
1759417200,2025-10-02 15:00:00,0.394773,0.402604,0.396578,0.402388,1924059.04327222
1759420800,2025-10-02 16:00:00,0.401596,0.408566,0.402345,0.40802,3320454.99610167
1759424400,2025-10-02 17:00:00,0.404487,0.408641,0.40802,0.406848,2048116.41650479
1759428000,2025-10-02 18:00:00,0.405734,0.408413,0.406884,0.40792,1829752.43257987
1759431600,2025-10-02 19:00:00,0.407562,0.414113,0.407888,0.411755,8109948.7000671
1759435200,2025-10-02 20:00:00,0.408033,0.412336,0.411788,0.410703,3090453.42012218
1759438800,2025-10-02 21:00:00,0.409047,0.411434,0.410726,0.409047,1435294.95138546
1759442400,2025-10-02 22:00:00,0.406488,0.410079,0.409021,0.407276,1100789.10164397
1759446000,2025-10-02 23:00:00,0.40619,0.408983,0.407341,0.408899,1263823.9023007
1759449600,2025-10-03 00:00:00,0.403179,0.409142,0.408933,0.403885,3663863.90122804
1759453200,2025-10-03 01:00:00,0.40255,0.406224,0.403801,0.4026,3332231.33414167
1759456800,2025-10-03 02:00:00,0.40167,0.404747,0.40259,0.404009,2875849.61916932
1759460400,2025-10-03 03:00:00,0.402403,0.40656,0.404008,0.40286,2018094.18096472
1759464000,2025-10-03 04:00:00,0.40235,0.40501,0.402738,0.40355,1566329.18455527
1759467600,2025-10-03 05:00:00,0.401154,0.403991,0.4036,0.402255,1127005.37512114
1759471200,2025-10-03 06:00:00,0.399315,0.402779,0.402318,0.400197,1175509.53353094
1759474800,2025-10-03 07:00:00,0.399257,0.4011,0.400256,0.400791,1273875.64015111
1759478400,2025-10-03 08:00:00,0.399228,0.40509,0.400885,0.404987,2037812.85638094
1759482000,2025-10-03 09:00:00,0.403366,0.405629,0.404963,0.40364,705382.23129352
1759485600,2025-10-03 10:00:00,0.401897,0.403837,0.403645,0.402324,1436781.24096805
1759489200,2025-10-03 11:00:00,0.399852,0.402526,0.402285,0.401497,1166084.69417663
1759492800,2025-10-03 12:00:00,0.400701,0.403309,0.401507,0.400865,1298908.89230701
1759496400,2025-10-03 13:00:00,0.399359,0.4041,0.400786,0.403069,2302719.0058828
1759500000,2025-10-03 14:00:00,0.399546,0.405461,0.403068,0.404337,2525508.68456124
1759503600,2025-10-03 15:00:00,0.402116,0.408983,0.40426,0.408653,6654461.37650907
1759507200,2025-10-03 16:00:00,0.408328,0.413764,0.408653,0.409058,10292354.89419819
1759510800,2025-10-03 17:00:00,0.402919,0.409087,0.409087,0.404585,13298402.88014273
1759514400,2025-10-03 18:00:00,0.402838,0.40878,0.404586,0.408198,3062457.32882009
1759518000,2025-10-03 19:00:00,0.40552,0.408816,0.40824,0.40576,2569176.49723105
1759521600,2025-10-03 20:00:00,0.403864,0.407124,0.405765,0.40685,1225902.01734952
1759525200,2025-10-03 21:00:00,0.405133,0.407491,0.406866,0.406204,1203076.09046997
1759528800,2025-10-03 22:00:00,0.406109,0.40882,0.406109,0.408304,2288422.88140611
1759532400,2025-10-03 23:00:00,0.406229,0.408408,0.408327,0.406485,886677.11527882
1759536000,2025-10-04 00:00:00,0.405627,0.408104,0.406485,0.40689,1128338.98791366
1759539600,2025-10-04 01:00:00,0.403299,0.40707,0.406934,0.403829,1733050.74190281
1759543200,2025-10-04 02:00:00,0.401379,0.40536,0.403918,0.403103,3079582.11062847
1759546800,2025-10-04 03:00:00,0.401008,0.40331,0.402914,0.402188,1177749.84918323
1759550400,2025-10-04 04:00:00,0.401236,0.403506,0.40203,0.402469,578938.34056944
1759554000,2025-10-04 05:00:00,0.402157,0.403876,0.40249,0.403152,496723.44439746
1759557600,2025-10-04 06:00:00,0.402961,0.40422,0.40316,0.40388,247377.90477375
1759561200,2025-10-04 07:00:00,0.400839,0.404404,0.40388,0.401264,333841.90201957
1759564800,2025-10-04 08:00:00,0.397734,0.401764,0.40125,0.39894,889236.45191303
1759568400,2025-10-04 09:00:00,0.396811,0.399968,0.39894,0.39694,544936.06702835
1759572000,2025-10-04 10:00:00,0.395499,0.39851,0.39694,0.395745,951667.83579913
1759575600,2025-10-04 11:00:00,0.395133,0.39672,0.395858,0.395564,697003.63587824
1759579200,2025-10-04 12:00:00,0.394372,0.396174,0.395481,0.39463,816548.33739482
1759582800,2025-10-04 13:00:00,0.39461,0.39774,0.39465,0.395565,1214931.65551792
1759586400,2025-10-04 14:00:00,0.391327,0.396334,0.395504,0.391327,2086072.92883238
1759590000,2025-10-04 15:00:00,0.388198,0.392126,0.391327,0.389036,4957876.57507382
1759593600,2025-10-04 16:00:00,0.388232,0.391008,0.389007,0.390036,1885326.39944213
1759597200,2025-10-04 17:00:00,0.389084,0.391069,0.39002,0.39024,919903.24619679
1759600800,2025-10-04 18:00:00,0.389389,0.39101,0.390186,0.389809,589511.42303953
1759604400,2025-10-04 19:00:00,0.389772,0.391145,0.38992,0.391145,1337524.71853849
1759608000,2025-10-04 20:00:00,0.39083,0.392525,0.391111,0.39083,739891.97760798
1759611600,2025-10-04 21:00:00,0.390821,0.39416,0.39088,0.39325,784177.11334228
1759615200,2025-10-04 22:00:00,0.392974,0.394379,0.39322,0.39359,892945.99701334
1759618800,2025-10-04 23:00:00,0.393215,0.394784,0.39365,0.393898,887866.80521894
1759622400,2025-10-05 00:00:00,0.39189,0.394856,0.39403,0.392179,698094.28906588
1759626000,2025-10-05 01:00:00,0.392201,0.393916,0.39226,0.393435,1141976.36670013
1759629600,2025-10-05 02:00:00,0.392329,0.40059,0.39339,0.400275,1646317.59286849
1759633200,2025-10-05 03:00:00,0.399349,0.403564,0.40038,0.399779,2230905.93617612
1759636800,2025-10-05 04:00:00,0.399375,0.405582,0.39978,0.404131,2588438.20687471
1759640400,2025-10-05 05:00:00,0.402516,0.40522,0.40404,0.40352,1351900.05425784
1759644000,2025-10-05 06:00:00,0.40223,0.404054,0.40352,0.403331,585596.39904082
1759647600,2025-10-05 07:00:00,0.40279,0.40782,0.40333,0.407617,1407669.67418559
1759651200,2025-10-05 08:00:00,0.405745,0.409054,0.407634,0.40691,6073997.44155099
1759654800,2025-10-05 09:00:00,0.403456,0.406912,0.406689,0.403829,5462015.33415005
1759658400,2025-10-05 10:00:00,0.399517,0.404013,0.40382,0.39962,2885088.56538327
1759662000,2025-10-05 11:00:00,0.399037,0.401987,0.39964,0.401839,822026.85304278
1759665600,2025-10-05 12:00:00,0.399214,0.401756,0.401756,0.39942,689362.87168087
1759669200,2025-10-05 13:00:00,0.398989,0.400783,0.399455,0.399494,993212.28864904
1759672800,2025-10-05 14:00:00,0.396616,0.4009,0.399326,0.397921,706223.10379762
1759676400,2025-10-05 15:00:00,0.396865,0.400969,0.397881,0.40068,1523784.61499941
1759680000,2025-10-05 16:00:00,0.396275,0.400862,0.40068,0.399662,1605253.20837324
1759683600,2025-10-05 17:00:00,0.395013,0.400685,0.399831,0.3961,1108795.32190408
1759687200,2025-10-05 18:00:00,0.394881,0.397748,0.396055,0.395928,915857.04452978
1759690800,2025-10-05 19:00:00,0.392824,0.396047,0.39594,0.393071,734723.57904163
1759694400,2025-10-05 20:00:00,0.392669,0.395208,0.393111,0.3939,847565.03123029
1759698000,2025-10-05 21:00:00,0.393059,0.39481,0.3939,0.394344,743694.9836959
1759701600,2025-10-05 22:00:00,0.392796,0.395765,0.39449,0.3945,931819.33003449
1759705200,2025-10-05 23:00:00,0.393207,0.398807,0.394499,0.396368,3386956.55873433
1759708800,2025-10-06 00:00:00,0.393615,0.39941,0.3964,0.398034,1391799.69769346
1759712400,2025-10-06 01:00:00,0.397665,0.404576,0.398041,0.401382,3867643.79003591
1759716000,2025-10-06 02:00:00,0.399319,0.403471,0.401436,0.402565,1269162.83992107
1759719600,2025-10-06 03:00:00,0.401082,0.4045,0.402309,0.402255,1421829.09594568
1759723200,2025-10-06 04:00:00,0.4006,0.402838,0.402198,0.400759,671083.10741757
1759726800,2025-10-06 05:00:00,0.399444,0.401455,0.400759,0.400651,688153.66872872
1759730400,2025-10-06 06:00:00,0.400771,0.405922,0.400771,0.404764,2537356.25557082
1759734000,2025-10-06 07:00:00,0.40086,0.4057,0.404807,0.402558,2267065.21118862
1759737600,2025-10-06 08:00:00,0.402559,0.405154,0.402559,0.404277,1356696.33541505
1759741200,2025-10-06 09:00:00,0.402972,0.40522,0.404282,0.40352,1093756.68752175
1759744800,2025-10-06 10:00:00,0.40294,0.4047,0.40352,0.403748,1172695.16801257
1759748400,2025-10-06 11:00:00,0.40243,0.405686,0.403699,0.404139,759455.49505777
1759752000,2025-10-06 12:00:00,0.404152,0.406743,0.404284,0.404893,1203728.30863432
1759755600,2025-10-06 13:00:00,0.403417,0.407704,0.404834,0.407358,2078010.23230225
1759759200,2025-10-06 14:00:00,0.4046,0.409975,0.407337,0.406379,6509044.55443484
1759762800,2025-10-06 15:00:00,0.40635,0.4125,0.406379,0.410064,8127784.37083098
1759766400,2025-10-06 16:00:00,0.406455,0.411159,0.41003,0.408443,4000598.00368608
1759770000,2025-10-06 17:00:00,0.406218,0.41125,0.408396,0.408537,4171634.26888683
1759773600,2025-10-06 18:00:00,0.407279,0.409998,0.408577,0.409542,1642711.76292113
1759777200,2025-10-06 19:00:00,0.40821,0.410478,0.409549,0.409284,1029132.42050648
1759780800,2025-10-06 20:00:00,0.40836,0.410695,0.409164,0.409129,1663780.45373997
1759784400,2025-10-06 21:00:00,0.407567,0.40998,0.40908,0.40887,1422503.11899977
1759788000,2025-10-06 22:00:00,0.40708,0.413,0.40881,0.411185,3959905.41962446
1759791600,2025-10-06 23:00:00,0.408451,0.411738,0.41125,0.408619,1387476.28247013
1759795200,2025-10-07 00:00:00,0.406937,0.4104,0.408666,0.408307,1716578.21558793
1759798800,2025-10-07 01:00:00,0.406518,0.409809,0.408221,0.407727,1565452.6433002
1759802400,2025-10-07 02:00:00,0.405258,0.408266,0.407655,0.406476,1612920.93727489
1759806000,2025-10-07 03:00:00,0.404923,0.406681,0.40644,0.40534,1108663.47335758
1759809600,2025-10-07 04:00:00,0.403006,0.407677,0.4053,0.406934,1153984.79003472
1759813200,2025-10-07 05:00:00,0.40571,0.408394,0.406956,0.406523,970733.27072259
1759816800,2025-10-07 06:00:00,0.401757,0.407439,0.406558,0.40254,1039553.66237309
1759820400,2025-10-07 07:00:00,0.4008,0.40395,0.402516,0.40177,852586.68048051
1759824000,2025-10-07 08:00:00,0.398564,0.402092,0.40177,0.401035,1309443.70141072
1759827600,2025-10-07 09:00:00,0.400337,0.40262,0.40112,0.400814,750682.55804855
1759831200,2025-10-07 10:00:00,0.399435,0.40182,0.400563,0.400917,803013.73123962
1759834800,2025-10-07 11:00:00,0.400015,0.402182,0.400899,0.401139,1070147.21670285
1759838400,2025-10-07 12:00:00,0.3998,0.404417,0.401019,0.403914,1114309.47761366
1759842000,2025-10-07 13:00:00,0.396539,0.404867,0.403956,0.399294,3909189.31754469
1759845600,2025-10-07 14:00:00,0.390696,0.399719,0.399257,0.390878,3742364.71654208
1759849200,2025-10-07 15:00:00,0.385524,0.391849,0.390943,0.387025,8085723.63750797
1759852800,2025-10-07 16:00:00,0.385079,0.390525,0.387029,0.388142,6427157.88950534
1759856400,2025-10-07 17:00:00,0.387021,0.389553,0.388139,0.387031,1340448.67828982
1759860000,2025-10-07 18:00:00,0.384404,0.38799,0.38705,0.384499,2455355.94088118
1759863600,2025-10-07 19:00:00,0.384407,0.387156,0.384487,0.385475,1892087.83620518
1759867200,2025-10-07 20:00:00,0.385199,0.388216,0.38556,0.386819,1218841.86952406
1759870800,2025-10-07 21:00:00,0.385965,0.38951,0.386784,0.386308,1033900.94409931
1759874400,2025-10-07 22:00:00,0.385006,0.387585,0.386342,0.38648,1661887.07827883
1759878000,2025-10-07 23:00:00,0.383069,0.386726,0.386422,0.383935,1256030.10933048
1759881600,2025-10-08 00:00:00,0.383673,0.387274,0.383906,0.386306,947714.51419869
1759885200,2025-10-08 01:00:00,0.3853,0.3873,0.386326,0.38659,948874.59888048
1759888800,2025-10-08 02:00:00,0.385706,0.388358,0.386568,0.386451,969670.01130149
1759892400,2025-10-08 03:00:00,0.380498,0.386406,0.386406,0.38296,3811232.41324803
1759896000,2025-10-08 04:00:00,0.381579,0.3852,0.38296,0.384373,993936.92593538
1759899600,2025-10-08 05:00:00,0.379664,0.384349,0.38431,0.381322,1443454.2035816
1759903200,2025-10-08 06:00:00,0.378901,0.381679,0.381341,0.38085,1827286.81685165
1759906800,2025-10-08 07:00:00,0.378044,0.381637,0.3809,0.379422,1588437.08959734
1759910400,2025-10-08 08:00:00,0.378918,0.383385,0.37947,0.38228,744174.72317436
1759914000,2025-10-08 09:00:00,0.381233,0.382733,0.382379,0.382662,465505.97951637
1759917600,2025-10-08 10:00:00,0.382494,0.385756,0.382704,0.385088,1090090.54910293
1759921200,2025-10-08 11:00:00,0.382698,0.385838,0.38509,0.38436,815639.01913512
1759924800,2025-10-08 12:00:00,0.382882,0.385145,0.384316,0.38466,1040917.17259493
1759928400,2025-10-08 13:00:00,0.380052,0.3856,0.384705,0.384742,1433900.5368281
1759932000,2025-10-08 14:00:00,0.381691,0.387588,0.38473,0.382455,2223848.23816693
1759935600,2025-10-08 15:00:00,0.381774,0.385083,0.382258,0.382285,2675511.8889857
1759939200,2025-10-08 16:00:00,0.380944,0.385282,0.38225,0.38512,1128582.72004923
1759942800,2025-10-08 17:00:00,0.384956,0.392317,0.385118,0.391297,2344719.2557041
1759946400,2025-10-08 18:00:00,0.388835,0.392491,0.391186,0.389742,1677836.49016578
1759950000,2025-10-08 19:00:00,0.387195,0.39013,0.38979,0.3888,1168317.73837831
1759953600,2025-10-08 20:00:00,0.387293,0.390299,0.388925,0.38763,893746.77567488
1759957200,2025-10-08 21:00:00,0.387457,0.39078,0.38759,0.389067,668328.69118453
1759960800,2025-10-08 22:00:00,0.388718,0.390883,0.38889,0.388718,730136.42781743
1759964400,2025-10-08 23:00:00,0.387388,0.390135,0.388692,0.38851,742845.54478801
1759968000,2025-10-09 00:00:00,0.38542,0.388785,0.38851,0.386014,1718553.61029818
1759971600,2025-10-09 01:00:00,0.383639,0.386162,0.385969,0.38473,2184330.28637813
1759975200,2025-10-09 02:00:00,0.379635,0.384787,0.384751,0.38023,2013271.73344652
1759978800,2025-10-09 03:00:00,0.380223,0.38333,0.380223,0.381971,1624475.08368372
1759982400,2025-10-09 04:00:00,0.381208,0.383664,0.381918,0.383424,714702.34874708
1759986000,2025-10-09 05:00:00,0.381726,0.384226,0.383533,0.38262,441770.93975481
1759989600,2025-10-09 06:00:00,0.3798,0.382735,0.382698,0.380233,545873.31871575
1759993200,2025-10-09 07:00:00,0.377979,0.380798,0.380152,0.377979,713449.34311443
1759996800,2025-10-09 08:00:00,0.37269,0.378698,0.378081,0.373027,1329824.82900858
1760000400,2025-10-09 09:00:00,0.372894,0.376064,0.372932,0.375539,779103.73772999
1760004000,2025-10-09 10:00:00,0.373908,0.376945,0.375444,0.375943,651669.9490816
1760007600,2025-10-09 11:00:00,0.375748,0.377853,0.37595,0.377227,875559.49974293
1760011200,2025-10-09 12:00:00,0.37708,0.381656,0.377124,0.38104,1044853.87605303
1760014800,2025-10-09 13:00:00,0.376508,0.381599,0.381127,0.376832,1247762.50217007
1760018400,2025-10-09 14:00:00,0.372943,0.378863,0.376904,0.376186,2509022.30221307
1760022000,2025-10-09 15:00:00,0.373288,0.37819,0.3762,0.374924,1662586.95003134
1760025600,2025-10-09 16:00:00,0.37111,0.37659,0.374922,0.371976,1448053.56740029
1760029200,2025-10-09 17:00:00,0.371615,0.377506,0.372024,0.377284,1908561.47412221
1760032800,2025-10-09 18:00:00,0.375517,0.37819,0.377256,0.375517,1133119.47586838
1760036400,2025-10-09 19:00:00,0.375242,0.37779,0.375517,0.376479,1484015.77646398
1760040000,2025-10-09 20:00:00,0.375899,0.378101,0.376613,0.377429,1056380.59899649
1760043600,2025-10-09 21:00:00,0.376555,0.379109,0.377519,0.379032,1417941.10848435
1760047200,2025-10-09 22:00:00,0.378801,0.382753,0.379055,0.381589,1006819.77580642
1760050800,2025-10-09 23:00:00,0.379266,0.38211,0.381687,0.379517,1380101.8335636
1760054400,2025-10-10 00:00:00,0.378927,0.38135,0.37954,0.380003,1124312.80226432
1760058000,2025-10-10 01:00:00,0.379008,0.381195,0.380063,0.379681,548702.63751562
1760061600,2025-10-10 02:00:00,0.377129,0.37976,0.379704,0.377634,1012301.12379634
1760065200,2025-10-10 03:00:00,0.37643,0.383922,0.377645,0.380939,1157189.78346303
1760068800,2025-10-10 04:00:00,0.380131,0.38258,0.38093,0.381418,815616.16773743
1760072400,2025-10-10 05:00:00,0.379899,0.384125,0.381445,0.383632,923150.99235479
1760076000,2025-10-10 06:00:00,0.380718,0.384135,0.383546,0.382517,632775.00934582
1760079600,2025-10-10 07:00:00,0.379713,0.383019,0.382434,0.380016,645128.03488576
1760083200,2025-10-10 08:00:00,0.379392,0.3838,0.380012,0.38364,856995.49167221
1760086800,2025-10-10 09:00:00,0.38159,0.384754,0.38364,0.381763,655164.2439001
1760090400,2025-10-10 10:00:00,0.380769,0.383389,0.381691,0.383389,1036236.77239742
1760094000,2025-10-10 11:00:00,0.382176,0.3842,0.3834,0.382544,1385721.3553068
1760097600,2025-10-10 12:00:00,0.381738,0.384399,0.38254,0.384399,596420.07849572
1760101200,2025-10-10 13:00:00,0.382452,0.386209,0.3844,0.384435,1943535.71271224
1760104800,2025-10-10 14:00:00,0.378685,0.38555,0.384429,0.37913,1592063.50804271
1760108400,2025-10-10 15:00:00,0.365168,0.37985,0.379105,0.368358,5641602.45881219
1760112000,2025-10-10 16:00:00,0.366815,0.37229,0.368358,0.368098,2703022.0866584
1760115600,2025-10-10 17:00:00,0.365379,0.3685,0.368004,0.366928,2499832.00988736
1760119200,2025-10-10 18:00:00,0.36379,0.367362,0.36692,0.36379,1942823.81302006
1760122800,2025-10-10 19:00:00,0.357213,0.364231,0.363849,0.359168,6022564.97866766
1760126400,2025-10-10 20:00:00,0.334777,0.363189,0.359141,0.338029,8867393.07987436
1760130000,2025-10-10 21:00:00,0.28,0.367999,0.34109,0.323517,20178067.51463235
1760133600,2025-10-10 22:00:00,0.299773,0.332999,0.323519,0.314031,14817876.95527252
1760137200,2025-10-10 23:00:00,0.310798,0.333,0.315481,0.323468,11364322.23202213
1760140800,2025-10-11 00:00:00,0.312691,0.331069,0.323254,0.323584,4748853.20277883
1760144400,2025-10-11 01:00:00,0.315136,0.323772,0.32355,0.317895,5471391.34742688
1760148000,2025-10-11 02:00:00,0.317691,0.331206,0.317691,0.32879,3990604.65871303
1760151600,2025-10-11 03:00:00,0.319927,0.329048,0.32879,0.32464,2634564.22167
1760155200,2025-10-11 04:00:00,0.323816,0.330472,0.32464,0.328996,2942439.54203128
1760158800,2025-10-11 05:00:00,0.321357,0.32914,0.329055,0.32462,4390872.52923674
1760162400,2025-10-11 06:00:00,0.324258,0.330731,0.324673,0.327153,3601020.80770437
1760166000,2025-10-11 07:00:00,0.325,0.329774,0.32721,0.32694,2805903.26238259
1760169600,2025-10-11 08:00:00,0.325672,0.338471,0.32712,0.337365,6267240.19507715
1760173200,2025-10-11 09:00:00,0.333182,0.340507,0.33716,0.333708,2755662.79663565
1760176800,2025-10-11 10:00:00,0.33013,0.334983,0.333731,0.332754,2147903.34794808
1760180400,2025-10-11 11:00:00,0.328017,0.333698,0.332761,0.33023,2712951.32662261
1760184000,2025-10-11 12:00:00,0.32207,0.33042,0.330046,0.324354,2246387.99254468
1760187600,2025-10-11 13:00:00,0.320375,0.326295,0.324306,0.32523,3075494.40435816
1760191200,2025-10-11 14:00:00,0.32155,0.326142,0.32531,0.325819,2451788.12938375
1760194800,2025-10-11 15:00:00,0.325864,0.33066,0.325898,0.329957,3381166.78309466
1760198400,2025-10-11 16:00:00,0.3274,0.331519,0.32996,0.329292,2735788.63373807
1760202000,2025-10-11 17:00:00,0.32867,0.331852,0.32937,0.331,1991135.06579179
1760205600,2025-10-11 18:00:00,0.328497,0.331084,0.331043,0.328686,1647575.98633364
1760209200,2025-10-11 19:00:00,0.317076,0.328584,0.328584,0.320963,3160755.52141009
1760212800,2025-10-11 20:00:00,0.311869,0.320965,0.320761,0.314,3362254.04776814
1760216400,2025-10-11 21:00:00,0.309129,0.325392,0.31404,0.322845,4115490.07365741
1760220000,2025-10-11 22:00:00,0.322572,0.326832,0.322982,0.324105,2910520.2144913
1760223600,2025-10-11 23:00:00,0.3222,0.324979,0.324079,0.323358,2038419.64372425
1760227200,2025-10-12 00:00:00,0.317937,0.325597,0.323398,0.318723,3775821.2803701
1760230800,2025-10-12 01:00:00,0.314832,0.320587,0.318714,0.315407,2195932.76546762
1760234400,2025-10-12 02:00:00,0.313824,0.319488,0.315379,0.316269,2027056.64997876
1760238000,2025-10-12 03:00:00,0.315432,0.322321,0.316283,0.31919,2288528.0666687
1760241600,2025-10-12 04:00:00,0.318793,0.324466,0.319271,0.323536,1782506.10815051
1760245200,2025-10-12 05:00:00,0.321732,0.324366,0.323519,0.32378,967506.1012831
1760248800,2025-10-12 06:00:00,0.323547,0.326316,0.323761,0.325902,764291.96519915
1760252400,2025-10-12 07:00:00,0.324417,0.327085,0.325778,0.327,1780505.89982041
1760256000,2025-10-12 08:00:00,0.323975,0.328386,0.327003,0.323994,827484.80546502
1760259600,2025-10-12 09:00:00,0.32158,0.324347,0.323988,0.32348,1442907.30724717
1760263200,2025-10-12 10:00:00,0.321979,0.32552,0.32352,0.322632,1541919.72379459
1760266800,2025-10-12 11:00:00,0.322079,0.325089,0.322658,0.322735,1105153.00839485
1760270400,2025-10-12 12:00:00,0.322693,0.326076,0.322735,0.32437,1246143.4193147
1760274000,2025-10-12 13:00:00,0.31992,0.325544,0.32444,0.32076,1730527.60008311
1760277600,2025-10-12 14:00:00,0.320397,0.336248,0.32076,0.330934,4556981.86991417
1760281200,2025-10-12 15:00:00,0.330543,0.340937,0.330974,0.338896,7735177.8196981
1760284800,2025-10-12 16:00:00,0.33847,0.346084,0.339033,0.34307,5663617.78207616
1760288400,2025-10-12 17:00:00,0.34177,0.34829,0.342935,0.345409,5471382.80781165
1760292000,2025-10-12 18:00:00,0.341229,0.347456,0.34541,0.342835,4092215.12898293
1760295600,2025-10-12 19:00:00,0.342446,0.347696,0.342836,0.347412,1639409.70437197
1760299200,2025-10-12 20:00:00,0.345972,0.350532,0.34736,0.346336,3779098.26576978
1760302800,2025-10-12 21:00:00,0.341001,0.348566,0.346357,0.344513,3084977.67201934
1760306400,2025-10-12 22:00:00,0.341129,0.347079,0.344684,0.342219,3917155.22831908
1760310000,2025-10-12 23:00:00,0.339505,0.342848,0.3421,0.341847,1828194.19609363
1760313600,2025-10-13 00:00:00,0.339021,0.345134,0.341842,0.340028,2212663.75024352
1760317200,2025-10-13 01:00:00,0.337479,0.343243,0.339975,0.343143,2041914.92062217
1760320800,2025-10-13 02:00:00,0.339549,0.344483,0.34317,0.342746,3522303.3082667
1760324400,2025-10-13 03:00:00,0.34047,0.343481,0.342778,0.340912,2415597.54459818
1760328000,2025-10-13 04:00:00,0.33938,0.3434,0.34093,0.342889,1556724.35653156
1760331600,2025-10-13 05:00:00,0.33948,0.343079,0.342836,0.340256,1278006.3096941
1760335200,2025-10-13 06:00:00,0.338458,0.346104,0.34007,0.345483,2675338.68650231
1760338800,2025-10-13 07:00:00,0.344829,0.350333,0.345465,0.34667,2480245.49100367
1760342400,2025-10-13 08:00:00,0.345876,0.354958,0.346639,0.351122,4987463.96241714
1760346000,2025-10-13 09:00:00,0.347925,0.351459,0.351026,0.349912,2078946.6850216
1760349600,2025-10-13 10:00:00,0.3463,0.350392,0.349958,0.347977,2169839.79623182
1760353200,2025-10-13 11:00:00,0.336468,0.347904,0.347903,0.342232,5089346.79354872
1760356800,2025-10-13 12:00:00,0.339235,0.34547,0.342188,0.344411,2414174.6236321
1760360400,2025-10-13 13:00:00,0.342186,0.352241,0.344279,0.350532,6271693.91483659
1760364000,2025-10-13 14:00:00,0.341586,0.351499,0.35048,0.343558,4349151.9858999
1760367600,2025-10-13 15:00:00,0.343236,0.34892,0.343613,0.345635,4399202.33097246
1760371200,2025-10-13 16:00:00,0.343812,0.34835,0.345635,0.347182,4512469.25763712
1760374800,2025-10-13 17:00:00,0.345556,0.351225,0.347279,0.351036,3647628.46394426
1760378400,2025-10-13 18:00:00,0.347989,0.352244,0.350988,0.34971,3500465.7125429
1760382000,2025-10-13 19:00:00,0.349,0.352,0.34971,0.351115,5598102.73296696
1760385600,2025-10-13 20:00:00,0.350477,0.354549,0.351171,0.354219,2104771.8046677
1760389200,2025-10-13 21:00:00,0.351569,0.354838,0.354207,0.352117,1594546.92408152
1760392800,2025-10-13 22:00:00,0.351604,0.353917,0.352125,0.351944,2610167.30707277
1760396400,2025-10-13 23:00:00,0.350958,0.353319,0.351943,0.35146,1471118.83261225
1760400000,2025-10-14 00:00:00,0.349471,0.353349,0.35146,0.351319,1679244.41046919
1760403600,2025-10-14 01:00:00,0.347638,0.35125,0.35125,0.348294,1380523.01157176
1760407200,2025-10-14 02:00:00,0.3443,0.34834,0.348312,0.344838,2040542.73998094
1760410800,2025-10-14 03:00:00,0.341531,0.345004,0.344828,0.342656,2825074.62368266
1760414400,2025-10-14 04:00:00,0.336523,0.343815,0.342656,0.338519,3015663.46034619
1760418000,2025-10-14 05:00:00,0.333851,0.341396,0.338519,0.33542,4979525.46881859
1760421600,2025-10-14 06:00:00,0.322653,0.336732,0.335289,0.328137,5538492.63995412
1760425200,2025-10-14 07:00:00,0.325556,0.33061,0.328021,0.32723,2708602.10764273
1760428800,2025-10-14 08:00:00,0.324904,0.331645,0.327234,0.329931,2565821.15012074
1760432400,2025-10-14 09:00:00,0.329602,0.332965,0.329887,0.33064,2782290.42502906
1760436000,2025-10-14 10:00:00,0.32215,0.330723,0.330717,0.32692,5384602.77715985
1760439600,2025-10-14 11:00:00,0.3266,0.331278,0.32696,0.328656,1707415.73480998
1760443200,2025-10-14 12:00:00,0.323028,0.328967,0.328623,0.323711,2738437.18000981
1760446800,2025-10-14 13:00:00,0.318772,0.32725,0.323777,0.325173,5311346.95072805
1760450400,2025-10-14 14:00:00,0.323893,0.331299,0.325123,0.327574,4438315.5661516
1760454000,2025-10-14 15:00:00,0.32565,0.335633,0.32755,0.335294,3977916.9714163
1760457600,2025-10-14 16:00:00,0.332904,0.340174,0.335478,0.334409,5844933.15283949
1760461200,2025-10-14 17:00:00,0.330538,0.337915,0.334323,0.335446,3105116.94319563
1760464800,2025-10-14 18:00:00,0.333767,0.338724,0.335478,0.334836,2156161.52867826
1760468400,2025-10-14 19:00:00,0.329825,0.337998,0.334926,0.334198,2863274.87661016
1760472000,2025-10-14 20:00:00,0.331844,0.335215,0.334228,0.334324,1844428.0564811
1760475600,2025-10-14 21:00:00,0.333153,0.33805,0.33428,0.336834,6116954.67792123
1760479200,2025-10-14 22:00:00,0.33558,0.338976,0.336834,0.336538,1873452.36893844
1760482800,2025-10-14 23:00:00,0.336352,0.338455,0.336416,0.337578,1108039.97397525
1760486400,2025-10-15 00:00:00,0.335232,0.33795,0.33744,0.337662,1361174.5864759
1760490000,2025-10-15 01:00:00,0.335252,0.337962,0.337716,0.337117,1143897.30977962
1760493600,2025-10-15 02:00:00,0.336815,0.340847,0.337128,0.339003,1296945.07082351
1760497200,2025-10-15 03:00:00,0.334184,0.339567,0.33896,0.335546,4449418.10180653
1760500800,2025-10-15 04:00:00,0.334549,0.337439,0.335692,0.33702,863126.08653359
1760504400,2025-10-15 05:00:00,0.33584,0.338332,0.33702,0.33714,1529155.54506467
1760508000,2025-10-15 06:00:00,0.334532,0.339393,0.33706,0.338717,1368802.42277114
1760511600,2025-10-15 07:00:00,0.337428,0.339813,0.338691,0.338959,1039614.6510276
1760515200,2025-10-15 08:00:00,0.338559,0.342643,0.338949,0.339783,4383983.28658002
1760518800,2025-10-15 09:00:00,0.336519,0.34002,0.339807,0.337042,1298882.88559316
1760522400,2025-10-15 10:00:00,0.334777,0.33797,0.337042,0.335825,1285491.62169619
1760526000,2025-10-15 11:00:00,0.332789,0.336718,0.33579,0.333596,1018943.41730029
1760529600,2025-10-15 12:00:00,0.330909,0.33451,0.3336,0.3322,2302668.37581978
1760533200,2025-10-15 13:00:00,0.327437,0.3339,0.332196,0.33224,5375858.39995521
1760536800,2025-10-15 14:00:00,0.32967,0.336659,0.332218,0.331075,2460172.42971379
1760540400,2025-10-15 15:00:00,0.325556,0.33277,0.331122,0.326619,5273385.17886638
1760544000,2025-10-15 16:00:00,0.325546,0.32849,0.32659,0.326425,2601202.30332183
1760547600,2025-10-15 17:00:00,0.323352,0.327321,0.32652,0.327321,4201871.50661284
1760551200,2025-10-15 18:00:00,0.325959,0.328982,0.327321,0.328625,3061564.94032175
1760554800,2025-10-15 19:00:00,0.323685,0.328638,0.328597,0.324636,2050012.16601753
1760558400,2025-10-15 20:00:00,0.31983,0.326295,0.3247,0.32274,2850918.15153859
1760562000,2025-10-15 21:00:00,0.32022,0.325337,0.3228,0.322425,1735026.24649009
1760565600,2025-10-15 22:00:00,0.321944,0.325126,0.32247,0.322524,2154360.61253028
1760569200,2025-10-15 23:00:00,0.322206,0.325215,0.322434,0.324664,1302823.49590177
1760572800,2025-10-16 00:00:00,0.322452,0.32531,0.32476,0.32307,1398051.52088875
1760576400,2025-10-16 01:00:00,0.322964,0.327932,0.323025,0.327154,2682344.22657028
1760580000,2025-10-16 02:00:00,0.325484,0.328637,0.327195,0.327681,2448958.43696089
1760583600,2025-10-16 03:00:00,0.325259,0.328207,0.32769,0.325504,1749398.08779546
1760587200,2025-10-16 04:00:00,0.324128,0.328079,0.325472,0.324553,1081876.16128075
1760590800,2025-10-16 05:00:00,0.322164,0.32616,0.32461,0.324157,2214927.10270517
1760594400,2025-10-16 06:00:00,0.324064,0.32791,0.32415,0.32726,861668.75163904
1760598000,2025-10-16 07:00:00,0.324,0.327447,0.327348,0.324556,1155878.89910669
1760601600,2025-10-16 08:00:00,0.32155,0.324912,0.324702,0.322675,866569.42654638
1760605200,2025-10-16 09:00:00,0.3169,0.327586,0.322686,0.327008,9835459.96108267
1760608800,2025-10-16 10:00:00,0.3264,0.330152,0.32705,0.328384,2487280.90409313
1760612400,2025-10-16 11:00:00,0.326035,0.329809,0.328504,0.328314,1617203.55992608
1760616000,2025-10-16 12:00:00,0.328344,0.332758,0.32835,0.330056,12973264.336524
1760619600,2025-10-16 13:00:00,0.32592,0.330596,0.330036,0.326844,2041725.58199582
1760623200,2025-10-16 14:00:00,0.321778,0.32926,0.326827,0.324881,5098313.80850388
1760626800,2025-10-16 15:00:00,0.314176,0.326238,0.324912,0.315673,10208867.1420626
1760630400,2025-10-16 16:00:00,0.31269,0.32237,0.315521,0.322253,9692313.41510765
1760634000,2025-10-16 17:00:00,0.315688,0.322392,0.322283,0.316519,5593062.78184493
1760637600,2025-10-16 18:00:00,0.312218,0.31678,0.316628,0.315532,3348628.06688568
1760641200,2025-10-16 19:00:00,0.30912,0.316381,0.3157,0.310813,4819455.68836186
1760644800,2025-10-16 20:00:00,0.3075,0.312144,0.310818,0.308459,8748519.60168107
1760648400,2025-10-16 21:00:00,0.307651,0.312714,0.30846,0.312599,2547944.2462201
1760652000,2025-10-16 22:00:00,0.30898,0.313054,0.31263,0.30908,1656304.7586199
1760655600,2025-10-16 23:00:00,0.308665,0.31241,0.308981,0.312232,1714560.82062598
1760659200,2025-10-17 00:00:00,0.311357,0.314268,0.312178,0.31416,2621155.71382649
1760662800,2025-10-17 01:00:00,0.312774,0.317767,0.314195,0.314058,2138945.56461359
1760666400,2025-10-17 02:00:00,0.311564,0.315172,0.314075,0.31424,1860932.05304502
1760670000,2025-10-17 03:00:00,0.312974,0.31539,0.31424,0.314063,1959491.00267634
1760673600,2025-10-17 04:00:00,0.3125,0.314369,0.31409,0.31255,1156097.87100281
1760677200,2025-10-17 05:00:00,0.30931,0.312958,0.312521,0.309887,1404531.68778446
1760680800,2025-10-17 06:00:00,0.302446,0.310794,0.309944,0.30281,7282135.03622976
1760684400,2025-10-17 07:00:00,0.294903,0.303471,0.302796,0.295331,8306713.76178645
1760688000,2025-10-17 08:00:00,0.289438,0.296059,0.295345,0.291638,5583317.53037385
1760691600,2025-10-17 09:00:00,0.290835,0.29916,0.291628,0.294947,3015944.38542554
1760695200,2025-10-17 10:00:00,0.290555,0.29674,0.294976,0.295222,4135487.75954041
1760698800,2025-10-17 11:00:00,0.294994,0.305006,0.29526,0.303154,6107609.09199773
1760702400,2025-10-17 12:00:00,0.300369,0.304838,0.303141,0.30059,2966298.60696406
1760706000,2025-10-17 13:00:00,0.29889,0.305265,0.30066,0.303782,3442080.52739699
1760709600,2025-10-17 14:00:00,0.296556,0.304596,0.303736,0.299365,7402249.14866296
1760713200,2025-10-17 15:00:00,0.298896,0.305632,0.299275,0.305092,2087202.89872825
1760716800,2025-10-17 16:00:00,0.304204,0.309581,0.305085,0.307481,8262148.1001531
1760720400,2025-10-17 17:00:00,0.305143,0.30894,0.307481,0.307692,4841428.84621795
1760724000,2025-10-17 18:00:00,0.306343,0.309923,0.307729,0.307389,1690789.69822624
1760727600,2025-10-17 19:00:00,0.305324,0.30876,0.307396,0.306767,1272487.96268527
1760731200,2025-10-17 20:00:00,0.306286,0.310557,0.306827,0.309825,1709900.87208056
1760734800,2025-10-17 21:00:00,0.309567,0.312394,0.309776,0.311168,1213306.55121441
1760738400,2025-10-17 22:00:00,0.309514,0.313392,0.31123,0.309979,5525737.38944691
1760742000,2025-10-17 23:00:00,0.3082,0.310023,0.309936,0.30854,1038246.2932827
1760745600,2025-10-18 00:00:00,0.30822,0.310929,0.308659,0.30977,1356644.94761786
1760749200,2025-10-18 01:00:00,0.309733,0.312909,0.30977,0.31265,684451.4683583
1760752800,2025-10-18 02:00:00,0.30995,0.313869,0.31265,0.31084,715487.89688327
1760756400,2025-10-18 03:00:00,0.310669,0.312532,0.31094,0.31207,568364.62685205
1760760000,2025-10-18 04:00:00,0.309679,0.31206,0.312021,0.309768,551444.13120213
1760763600,2025-10-18 05:00:00,0.309054,0.31204,0.30977,0.311963,1762529.60645921
1760767200,2025-10-18 06:00:00,0.31183,0.314265,0.31202,0.313863,505578.63939927
1760770800,2025-10-18 07:00:00,0.313427,0.318544,0.31385,0.314278,1389527.67637496
1760774400,2025-10-18 08:00:00,0.31168,0.315137,0.314315,0.311883,1292543.32827989
1760778000,2025-10-18 09:00:00,0.311725,0.314773,0.311888,0.31399,1093698.76247053
1760781600,2025-10-18 10:00:00,0.313612,0.31598,0.313999,0.315954,1552403.60673383
1760785200,2025-10-18 11:00:00,0.31483,0.317182,0.315953,0.316884,959989.36460512
1760788800,2025-10-18 12:00:00,0.316609,0.320057,0.3169,0.31691,2271121.53349199
1760792400,2025-10-18 13:00:00,0.314803,0.317304,0.31691,0.31573,2769073.9137259
1760796000,2025-10-18 14:00:00,0.314292,0.317199,0.31573,0.31698,1191896.10024366
1760799600,2025-10-18 15:00:00,0.313976,0.31774,0.316927,0.315164,1223986.72430025
1760803200,2025-10-18 16:00:00,0.312693,0.315992,0.315084,0.31459,1324040.96968684
1760806800,2025-10-18 17:00:00,0.313354,0.317543,0.314649,0.317172,1436415.38925736
1760810400,2025-10-18 18:00:00,0.315537,0.317724,0.317187,0.31694,599200.36317777
1760814000,2025-10-18 19:00:00,0.316361,0.317787,0.31694,0.317246,593407.75632104
1760817600,2025-10-18 20:00:00,0.315719,0.317719,0.317254,0.315719,677187.35531953
1760821200,2025-10-18 21:00:00,0.314621,0.316498,0.315713,0.31624,490742.18492334
1760824800,2025-10-18 22:00:00,0.314463,0.316769,0.316276,0.314463,556001.9462671
1760828400,2025-10-18 23:00:00,0.313797,0.314832,0.314426,0.314439,817081.88112256
1760832000,2025-10-19 00:00:00,0.312158,0.315064,0.31451,0.312687,781780.01285508
1760835600,2025-10-19 01:00:00,0.311761,0.31366,0.31265,0.313167,732552.06834302
1760839200,2025-10-19 02:00:00,0.312206,0.31387,0.313168,0.312806,1046164.76930703
1760842800,2025-10-19 03:00:00,0.312592,0.31572,0.312787,0.315339,842645.16251285
1760846400,2025-10-19 04:00:00,0.313066,0.315499,0.31529,0.313248,458726.61308527
1760850000,2025-10-19 05:00:00,0.311778,0.3146,0.313274,0.312408,598976.4983395
1760853600,2025-10-19 06:00:00,0.310225,0.312659,0.31241,0.310817,1020323.31184098
1760857200,2025-10-19 07:00:00,0.310124,0.311457,0.310806,0.311,701944.06844898
1760860800,2025-10-19 08:00:00,0.30898,0.314167,0.310985,0.309098,1568271.48476113
1760864400,2025-10-19 09:00:00,0.307294,0.31549,0.309061,0.312724,2717731.52319998
1760868000,2025-10-19 10:00:00,0.311688,0.318089,0.31269,0.31716,1553180.25560435
1760871600,2025-10-19 11:00:00,0.31569,0.319953,0.317196,0.316016,1807397.53396171
1760875200,2025-10-19 12:00:00,0.314352,0.317053,0.31605,0.315314,563219.86958441
1760878800,2025-10-19 13:00:00,0.314389,0.3216,0.315351,0.320793,1922793.15760808
1760882400,2025-10-19 14:00:00,0.319384,0.322874,0.320827,0.32178,1666628.85076418
1760886000,2025-10-19 15:00:00,0.320014,0.322133,0.32183,0.32172,1581652.21198991
1760889600,2025-10-19 16:00:00,0.319587,0.32237,0.32172,0.32093,2302761.13443682
1760893200,2025-10-19 17:00:00,0.320356,0.323675,0.320946,0.320608,2882370.60620823
1760896800,2025-10-19 18:00:00,0.319486,0.32109,0.320635,0.32021,1068851.0674676
1760900400,2025-10-19 19:00:00,0.31843,0.320266,0.32021,0.319169,836363.30727275
1760904000,2025-10-19 20:00:00,0.318553,0.320383,0.319118,0.320049,770336.25344179
1760907600,2025-10-19 21:00:00,0.318104,0.320254,0.32007,0.318769,450856.14299574
1760911200,2025-10-19 22:00:00,0.318789,0.320283,0.318822,0.319284,1173559.07716811
1760914800,2025-10-19 23:00:00,0.317226,0.3193,0.3193,0.317968,1361761.03412269
1760918400,2025-10-20 00:00:00,0.313103,0.317937,0.317936,0.316916,1484531.14435698
1760922000,2025-10-20 01:00:00,0.315588,0.317971,0.316917,0.315756,774753.16028677
1760925600,2025-10-20 02:00:00,0.314525,0.318261,0.315714,0.31755,816352.45249884
1760929200,2025-10-20 03:00:00,0.3164,0.324529,0.317527,0.324023,1894178.25573446
1760932800,2025-10-20 04:00:00,0.32317,0.325511,0.32415,0.32525,4039565.69755611
1760936400,2025-10-20 05:00:00,0.32442,0.327034,0.325296,0.326573,1403244.43609042
1760940000,2025-10-20 06:00:00,0.326508,0.328869,0.32662,0.328173,2367819.06180961
1760943600,2025-10-20 07:00:00,0.327097,0.329137,0.328146,0.328292,251584.28772
1760947200,2025-10-20 08:00:00,0.326919,0.329576,0.32816,0.328073,164603.27924732
1760950800,2025-10-20 09:00:00,0.32596,0.327965,0.32778,0.327362,542645.11104545
1760954400,2025-10-20 10:00:00,0.326362,0.329312,0.327429,0.327204,661961.30935425
1760958000,2025-10-20 11:00:00,0.325616,0.327269,0.327167,0.326697,598970.08125842
1760961600,2025-10-20 12:00:00,0.325278,0.327127,0.326609,0.325515,1728987.02912653
1760965200,2025-10-20 13:00:00,0.32441,0.327366,0.325515,0.327097,1248219.4192291
1760968800,2025-10-20 14:00:00,0.325182,0.328243,0.32712,0.32792,1363905.40957321
1760972400,2025-10-20 15:00:00,0.325598,0.329511,0.32792,0.325598,1302053.66938892
1760976000,2025-10-20 16:00:00,0.322097,0.32665,0.325572,0.32421,1379915.23057895
1760979600,2025-10-20 17:00:00,0.321778,0.325956,0.32432,0.323767,837398.26112105
1760983200,2025-10-20 18:00:00,0.323256,0.325864,0.323767,0.325674,856280.31400594
1760986800,2025-10-20 19:00:00,0.324782,0.333071,0.325634,0.330119,2636508.55486185
1760990400,2025-10-20 20:00:00,0.327114,0.330096,0.330096,0.329268,2582372.44239341
1760994000,2025-10-20 21:00:00,0.32545,0.329998,0.329314,0.325833,560113.21266338
1760997600,2025-10-20 22:00:00,0.325128,0.326911,0.325832,0.326756,790625.69002604
1761001200,2025-10-20 23:00:00,0.324072,0.326752,0.326752,0.324384,1761541.96882802
1761004800,2025-10-21 00:00:00,0.323324,0.325219,0.324431,0.324064,960992.73316937
1761008400,2025-10-21 01:00:00,0.320897,0.324406,0.32403,0.322025,1490773.32587951
1761012000,2025-10-21 02:00:00,0.320455,0.32235,0.321936,0.320899,3085381.85305981
1761015600,2025-10-21 03:00:00,0.318934,0.321636,0.320899,0.318934,1525563.70090077
1761019200,2025-10-21 04:00:00,0.314403,0.319465,0.318896,0.31478,1728005.716872
1761022800,2025-10-21 05:00:00,0.314168,0.316546,0.31478,0.314868,1967595.43043483
1761026400,2025-10-21 06:00:00,0.314354,0.316983,0.314809,0.316428,903647.70093285
1761030000,2025-10-21 07:00:00,0.3148,0.31673,0.316365,0.31647,726714.08858993
1761033600,2025-10-21 08:00:00,0.313877,0.31647,0.316366,0.315023,1385343.66490602
1761037200,2025-10-21 09:00:00,0.313891,0.315,0.315,0.31444,995438.40401781
1761040800,2025-10-21 10:00:00,0.3138,0.31784,0.31444,0.31664,658548.83613546
1761044400,2025-10-21 11:00:00,0.315726,0.318123,0.316561,0.317732,842094.32861385
1761048000,2025-10-21 12:00:00,0.316018,0.320719,0.31772,0.316293,2598239.31277252
1761051600,2025-10-21 13:00:00,0.3138,0.317525,0.316305,0.315195,1431187.88301503
1761055200,2025-10-21 14:00:00,0.315072,0.327839,0.31526,0.327478,3750553.2084133
1761058800,2025-10-21 15:00:00,0.325276,0.332028,0.327535,0.330626,3362654.38897322
1761062400,2025-10-21 16:00:00,0.3266,0.333025,0.330476,0.32752,1795132.34973248
1761066000,2025-10-21 17:00:00,0.325128,0.332304,0.327612,0.3295,6384571.84578935
1761069600,2025-10-21 18:00:00,0.326129,0.330552,0.329544,0.328291,2123049.50325302
1761073200,2025-10-21 19:00:00,0.326721,0.328931,0.328212,0.326835,1651626.41961802
1761076800,2025-10-21 20:00:00,0.322999,0.32715,0.326858,0.323583,920247.85538618
1761080400,2025-10-21 21:00:00,0.321611,0.32535,0.32355,0.32439,3795611.81583913
1761084000,2025-10-21 22:00:00,0.317677,0.324487,0.324315,0.318465,1643347.95111511
1761087600,2025-10-21 23:00:00,0.313623,0.319218,0.318354,0.314203,7968809.85375811
1761091200,2025-10-22 00:00:00,0.310422,0.314527,0.313652,0.311825,7208445.71751731
1761094800,2025-10-22 01:00:00,0.311676,0.314281,0.3119,0.31316,1647940.64124912
1761098400,2025-10-22 02:00:00,0.312846,0.314193,0.313138,0.31354,1055730.16404577
1761102000,2025-10-22 03:00:00,0.311753,0.313539,0.313539,0.313251,1349168.79603679
1761105600,2025-10-22 04:00:00,0.313007,0.314972,0.31325,0.314526,770713.61093153
1761109200,2025-10-22 05:00:00,0.310156,0.314591,0.314489,0.312088,1344837.93037378
1761112800,2025-10-22 06:00:00,0.311064,0.312147,0.312089,0.311144,643557.63584072
1761116400,2025-10-22 07:00:00,0.309649,0.312891,0.31116,0.312417,1193503.56074481
1761120000,2025-10-22 08:00:00,0.31098,0.312361,0.312361,0.311262,517490.81997461
1761123600,2025-10-22 09:00:00,0.308557,0.311827,0.311241,0.309917,762742.90200357
1761127200,2025-10-22 10:00:00,0.309251,0.311204,0.30992,0.3096,635919.93837045
1761130800,2025-10-22 11:00:00,0.3072,0.313123,0.30968,0.31162,1405553.3309044
1761134400,2025-10-22 12:00:00,0.3111,0.313269,0.311603,0.311911,1006244.36607389
1761138000,2025-10-22 13:00:00,0.310501,0.314955,0.31192,0.314016,3318974.38235053
1761141600,2025-10-22 14:00:00,0.308894,0.314,0.314,0.3139,4087723.45192419
1761145200,2025-10-22 15:00:00,0.309144,0.315404,0.31395,0.311511,1889257.39080918
1761148800,2025-10-22 16:00:00,0.30917,0.3133,0.311484,0.311385,2020550.77622557
1761152400,2025-10-22 17:00:00,0.3083,0.312266,0.3113,0.308872,1340008.58057303
1761156000,2025-10-22 18:00:00,0.307801,0.310342,0.308909,0.3096,2287454.19426082
1761159600,2025-10-22 19:00:00,0.307963,0.312361,0.309617,0.310255,1428547.63283876
1761163200,2025-10-22 20:00:00,0.30767,0.31076,0.310187,0.308245,1418927.87557935
1761166800,2025-10-22 21:00:00,0.302419,0.308191,0.308191,0.304076,5859166.59058013
1761170400,2025-10-22 22:00:00,0.302932,0.30576,0.303951,0.303904,2093039.28816571
1761174000,2025-10-22 23:00:00,0.303838,0.308573,0.303838,0.308115,3200081.46469526
1761177600,2025-10-23 00:00:00,0.307976,0.310202,0.308114,0.30932,1441509.30444131
1761181200,2025-10-23 01:00:00,0.309108,0.311262,0.309271,0.31061,1021868.15814291
1761184800,2025-10-23 02:00:00,0.31,0.311177,0.31061,0.310681,1245370.45502608
1761188400,2025-10-23 03:00:00,0.30858,0.311062,0.310632,0.30874,1044634.95625573
1761192000,2025-10-23 04:00:00,0.308168,0.310439,0.308784,0.309521,874539.6679107
1761195600,2025-10-23 05:00:00,0.30909,0.310342,0.309569,0.309913,962834.5279259
1761199200,2025-10-23 06:00:00,0.309293,0.313903,0.309933,0.313688,1131899.43277395
1761202800,2025-10-23 07:00:00,0.311904,0.313962,0.313696,0.31277,514906.77028727
1761206400,2025-10-23 08:00:00,0.312777,0.315576,0.3128,0.314998,1385984.41890026
1761210000,2025-10-23 09:00:00,0.314062,0.315246,0.31502,0.314245,388438.30903688
1761213600,2025-10-23 10:00:00,0.314112,0.315231,0.31432,0.31429,432528.95500949
1761217200,2025-10-23 11:00:00,0.31111,0.314997,0.314329,0.31158,1328322.140906
1761220800,2025-10-23 12:00:00,0.309393,0.31273,0.311552,0.31263,1001040.86171677
1761224400,2025-10-23 13:00:00,0.311214,0.314257,0.312562,0.3132,1117696.9710851
1761228000,2025-10-23 14:00:00,0.310513,0.313446,0.3132,0.312472,1220659.37284678
1761231600,2025-10-23 15:00:00,0.311387,0.314406,0.312428,0.312428,1399559.31937845
1761235200,2025-10-23 16:00:00,0.311281,0.315005,0.312428,0.314107,1823536.46895754
1761238800,2025-10-23 17:00:00,0.31169,0.3166,0.314147,0.31615,2648533.27935048
1761242400,2025-10-23 18:00:00,0.313612,0.317045,0.31621,0.314008,1697197.23036668
1761246000,2025-10-23 19:00:00,0.31215,0.314041,0.314041,0.312853,1564771.74997065
1761249600,2025-10-23 20:00:00,0.309247,0.312908,0.312835,0.310097,2417997.03318854
1761253200,2025-10-23 21:00:00,0.309987,0.311471,0.310097,0.310676,1343396.90750916
1761256800,2025-10-23 22:00:00,0.310527,0.31195,0.310687,0.311553,946063.72059109
1761260400,2025-10-23 23:00:00,0.310821,0.311759,0.31162,0.311535,595697.08834312
1761264000,2025-10-24 00:00:00,0.310468,0.312132,0.311538,0.310989,1076993.79279651
1761267600,2025-10-24 01:00:00,0.310279,0.312393,0.311068,0.31222,1055457.85220292
1761271200,2025-10-24 02:00:00,0.310841,0.312307,0.312165,0.311792,786126.68310371
1761274800,2025-10-24 03:00:00,0.310578,0.312044,0.311767,0.311355,773099.80144088
1761278400,2025-10-24 04:00:00,0.310874,0.316048,0.311379,0.315643,1109706.95185409
1761282000,2025-10-24 05:00:00,0.314929,0.317122,0.315774,0.316609,1081970.4701539
1761285600,2025-10-24 06:00:00,0.315838,0.317195,0.3165,0.317064,798316.4046403
1761289200,2025-10-24 07:00:00,0.313968,0.317663,0.317051,0.31524,2216060.20425614
1761292800,2025-10-24 08:00:00,0.314056,0.3167,0.315269,0.31573,910769.13043225
1761296400,2025-10-24 09:00:00,0.315417,0.316723,0.31577,0.31598,477351.46583646
1761300000,2025-10-24 10:00:00,0.3153,0.316563,0.315978,0.315756,896201.74544673
1761303600,2025-10-24 11:00:00,0.313712,0.316672,0.315699,0.316614,1140113.50809901
1761307200,2025-10-24 12:00:00,0.316613,0.324694,0.316614,0.318947,6527227.43162041
1761310800,2025-10-24 13:00:00,0.318182,0.322441,0.318972,0.32191,3345865.23983213
1761314400,2025-10-24 14:00:00,0.315124,0.321969,0.321897,0.31671,2477849.33381319
1761318000,2025-10-24 15:00:00,0.314328,0.317856,0.316689,0.315153,3360353.67315603
1761321600,2025-10-24 16:00:00,0.31269,0.315553,0.315198,0.31406,1222786.49787602
1761325200,2025-10-24 17:00:00,0.31372,0.316167,0.31409,0.314372,1683368.46216661
1761328800,2025-10-24 18:00:00,0.313928,0.31577,0.314361,0.31577,1399015.09028578
1761332400,2025-10-24 19:00:00,0.31577,0.31857,0.31577,0.317929,1460401.3344524
1761336000,2025-10-24 20:00:00,0.317726,0.32039,0.31791,0.318955,3145256.12429372
1761339600,2025-10-24 21:00:00,0.318429,0.320868,0.319,0.32077,1301354.00573998
1761343200,2025-10-24 22:00:00,0.31963,0.321015,0.320691,0.320145,1180955.99267066
1761346800,2025-10-24 23:00:00,0.31885,0.320164,0.320111,0.319429,663001.8007802
1761350400,2025-10-25 00:00:00,0.318675,0.32123,0.319429,0.32067,1469868.86822564
1761354000,2025-10-25 01:00:00,0.319585,0.32221,0.320684,0.320751,2374341.0351443
1761357600,2025-10-25 02:00:00,0.319773,0.321289,0.32072,0.32012,868556.9426787
1761361200,2025-10-25 03:00:00,0.318872,0.320487,0.320161,0.3191,754804.1450813
1761364800,2025-10-25 04:00:00,0.31908,0.322196,0.3191,0.321542,785881.6560996
1761368400,2025-10-25 05:00:00,0.319974,0.3218,0.321569,0.32053,1560743.39694175
1761372000,2025-10-25 06:00:00,0.31878,0.321054,0.320565,0.31892,916031.52788883
1761375600,2025-10-25 07:00:00,0.318777,0.3213,0.31892,0.319425,821551.60287653
1761379200,2025-10-25 08:00:00,0.318816,0.32022,0.319409,0.320099,274154.63907968
1761382800,2025-10-25 09:00:00,0.319392,0.320502,0.3201,0.319605,450704.51989264
1761386400,2025-10-25 10:00:00,0.317715,0.320204,0.319609,0.32018,1042044.61687962
1761390000,2025-10-25 11:00:00,0.319726,0.322374,0.32011,0.322019,1416620.99228225
1761393600,2025-10-25 12:00:00,0.321117,0.323971,0.32202,0.32282,1082695.67268199
1761397200,2025-10-25 13:00:00,0.322056,0.3251,0.32282,0.32456,1263907.9559602
1761400800,2025-10-25 14:00:00,0.324508,0.330266,0.324651,0.32904,1634395.48979618
1761404400,2025-10-25 15:00:00,0.32804,0.32904,0.329,0.32817,20025.66362363
1761426000,2025-10-25 21:00:00,0.324852,0.327586,0.327586,0.325508,570994.12150951
1761429600,2025-10-25 22:00:00,0.323988,0.32584,0.325458,0.32576,931349.05518391
1761433200,2025-10-25 23:00:00,0.324313,0.326092,0.32576,0.32498,1667788.57392095
1761436800,2025-10-26 00:00:00,0.324718,0.32798,0.32498,0.327088,1536813.27506582
1761440400,2025-10-26 01:00:00,0.325082,0.328049,0.32712,0.325491,1048026.45841541
1761444000,2025-10-26 02:00:00,0.323441,0.326102,0.32571,0.32427,433385.14639837
1761447600,2025-10-26 03:00:00,0.322646,0.324542,0.324211,0.322715,657077.66281756
1761451200,2025-10-26 04:00:00,0.322498,0.324151,0.322763,0.323396,320423.76690767
1761454800,2025-10-26 05:00:00,0.322861,0.325446,0.32338,0.325419,279261.94361892
1761458400,2025-10-26 06:00:00,0.324489,0.32567,0.32542,0.325571,299460.94550845
1761462000,2025-10-26 07:00:00,0.325343,0.326916,0.32567,0.326881,475757.78405814
1761465600,2025-10-26 08:00:00,0.326227,0.327985,0.32681,0.327668,337672.21612695
1761469200,2025-10-26 09:00:00,0.327492,0.330621,0.327609,0.329938,4369094.24883054
1761472800,2025-10-26 10:00:00,0.32711,0.330044,0.32993,0.32728,617316.09871461
1761476400,2025-10-26 11:00:00,0.3264,0.330966,0.327298,0.33089,2573568.725884
1761480000,2025-10-26 12:00:00,0.330817,0.332326,0.330891,0.33152,1650672.03401895
1761483600,2025-10-26 13:00:00,0.331042,0.332708,0.33159,0.331661,1699490.85207618
1761487200,2025-10-26 14:00:00,0.329599,0.331675,0.331644,0.330164,953861.72245002
1761490800,2025-10-26 15:00:00,0.329551,0.332018,0.33021,0.331381,1187049.74702001
1761494400,2025-10-26 16:00:00,0.329399,0.331593,0.33146,0.329799,1796871.64640621
1761498000,2025-10-26 17:00:00,0.329251,0.330337,0.329789,0.329402,676394.59157198
1761501600,2025-10-26 18:00:00,0.328366,0.329892,0.329374,0.32871,591866.76558784
1761505200,2025-10-26 19:00:00,0.327592,0.328896,0.32871,0.328264,1106466.51481763
1761508800,2025-10-26 20:00:00,0.325918,0.328782,0.328263,0.326666,1899204.16754624
1761512400,2025-10-26 21:00:00,0.325544,0.328252,0.32671,0.327839,1309074.56736775
1761516000,2025-10-26 22:00:00,0.32783,0.332993,0.32783,0.332102,2001493.34020577
1761519600,2025-10-26 23:00:00,0.330099,0.332759,0.33216,0.330444,2324894.26641177
1761523200,2025-10-27 00:00:00,0.329346,0.333518,0.330358,0.331857,2240982.85035969
1761526800,2025-10-27 01:00:00,0.331146,0.334466,0.331854,0.333798,3608841.36605512
1761530400,2025-10-27 02:00:00,0.332068,0.3347,0.33383,0.33207,1472706.97419086
1761534000,2025-10-27 03:00:00,0.329819,0.333119,0.332129,0.33034,1580381.9377293
1761537600,2025-10-27 04:00:00,0.329893,0.331568,0.330264,0.331098,639311.21167611
1761541200,2025-10-27 05:00:00,0.330722,0.332852,0.3311,0.331232,992991.07556809
1761544800,2025-10-27 06:00:00,0.329604,0.332129,0.331188,0.33141,1903460.95176089
1761548400,2025-10-27 07:00:00,0.328504,0.332482,0.331407,0.329744,2322618.1012638
1761552000,2025-10-27 08:00:00,0.32647,0.33009,0.329713,0.327892,1169310.36074498
1761555600,2025-10-27 09:00:00,0.324241,0.328039,0.327921,0.324986,1805599.98020076
1761559200,2025-10-27 10:00:00,0.324354,0.325933,0.325,0.325933,780581.6479048
1761562800,2025-10-27 11:00:00,0.324712,0.327007,0.32597,0.326,995351.64059596
1761566400,2025-10-27 12:00:00,0.324379,0.326285,0.325908,0.324992,618516.18751432
1761570000,2025-10-27 13:00:00,0.322547,0.326232,0.32496,0.3247,2134196.42488099
1761573600,2025-10-27 14:00:00,0.321821,0.325266,0.3247,0.323331,2161812.97317942
1761577200,2025-10-27 15:00:00,0.323148,0.325859,0.323303,0.324672,2157536.49661597
1761580800,2025-10-27 16:00:00,0.324569,0.330113,0.324569,0.329589,2433978.96792777
1761584400,2025-10-27 17:00:00,0.328135,0.329835,0.329649,0.329076,2135334.90223651
1761588000,2025-10-27 18:00:00,0.327141,0.329523,0.329034,0.32805,1289301.0715841
1761591600,2025-10-27 19:00:00,0.324862,0.328283,0.328073,0.325128,4086497.66592668
1761595200,2025-10-27 20:00:00,0.323268,0.325113,0.325096,0.323362,1193470.60597855
1761598800,2025-10-27 21:00:00,0.322504,0.32464,0.32327,0.32323,2232097.58035439
1761602400,2025-10-27 22:00:00,0.3225,0.325105,0.323248,0.32305,1192798.72585644
1761606000,2025-10-27 23:00:00,0.32133,0.323788,0.322939,0.322729,873758.16635684
1761609600,2025-10-28 00:00:00,0.321892,0.32449,0.322655,0.323156,793112.55822634
1761613200,2025-10-28 01:00:00,0.323158,0.32492,0.323158,0.32436,1522788.04135573
1761616800,2025-10-28 02:00:00,0.320323,0.325045,0.32436,0.322485,1910423.18911437
1761620400,2025-10-28 03:00:00,0.321203,0.323726,0.322384,0.323449,2407983.3442039
1761624000,2025-10-28 04:00:00,0.322687,0.325571,0.323361,0.324749,3090622.58818166
1761627600,2025-10-28 05:00:00,0.322534,0.326895,0.324766,0.323861,2532108.75399943
1761631200,2025-10-28 06:00:00,0.323306,0.336817,0.32394,0.336433,9787595.00553469
1761634800,2025-10-28 07:00:00,0.33125,0.337916,0.336468,0.33144,3841364.19941082
1761638400,2025-10-28 08:00:00,0.330587,0.336218,0.33146,0.333722,1406760.08227836
1761642000,2025-10-28 09:00:00,0.331441,0.334439,0.333822,0.334245,2721715.14005301
1761645600,2025-10-28 10:00:00,0.33132,0.334938,0.334117,0.33241,634843.44995986
1761649200,2025-10-28 11:00:00,0.328707,0.3328,0.332356,0.32916,1211549.24997005
1761652800,2025-10-28 12:00:00,0.3275,0.331636,0.32916,0.33108,2276322.64406279
1761656400,2025-10-28 13:00:00,0.33068,0.33291,0.331119,0.332009,1858180.74111179
1761660000,2025-10-28 14:00:00,0.3223,0.332375,0.332,0.327393,7040398.15067014
1761663600,2025-10-28 15:00:00,0.324756,0.32835,0.327393,0.325743,2485601.62200728
1761667200,2025-10-28 16:00:00,0.323898,0.327666,0.32571,0.326624,1844448.43774107
1761670800,2025-10-28 17:00:00,0.326469,0.328401,0.326625,0.327993,659356.37722978
1761674400,2025-10-28 18:00:00,0.326578,0.329219,0.32799,0.32775,1457085.37010353
1761678000,2025-10-28 19:00:00,0.321024,0.32811,0.32775,0.32279,3691064.79974153
1761681600,2025-10-28 20:00:00,0.315911,0.322745,0.322745,0.316421,12158529.61573666
1761685200,2025-10-28 21:00:00,0.31395,0.318577,0.3164,0.31773,2166190.59153412
1761688800,2025-10-28 22:00:00,0.316312,0.320238,0.31766,0.319713,2942235.30202443
1761692400,2025-10-28 23:00:00,0.317287,0.31978,0.319707,0.318345,1612687.22736778
1761696000,2025-10-29 00:00:00,0.316727,0.318532,0.318319,0.317142,2037808.32185041
1761699600,2025-10-29 01:00:00,0.31678,0.319251,0.3171,0.317676,1051173.49645236
1761703200,2025-10-29 02:00:00,0.317025,0.319031,0.31776,0.317936,726161.07480336
1761706800,2025-10-29 03:00:00,0.316389,0.318014,0.318014,0.316786,2482636.29821424
1761710400,2025-10-29 04:00:00,0.31658,0.318185,0.316786,0.317556,753236.03231854
1761714000,2025-10-29 05:00:00,0.317217,0.318432,0.317555,0.317444,592574.65280607
1761717600,2025-10-29 06:00:00,0.3171,0.319205,0.317415,0.31896,485445.0906782
1761721200,2025-10-29 07:00:00,0.318763,0.321549,0.318974,0.320826,1163529.68775647
1761724800,2025-10-29 08:00:00,0.318707,0.32111,0.32086,0.31925,620928.61802427
1761728400,2025-10-29 09:00:00,0.31896,0.323548,0.31925,0.32262,1067975.38360577
1761732000,2025-10-29 10:00:00,0.320518,0.323437,0.32258,0.320992,2821201.93755209
1761735600,2025-10-29 11:00:00,0.320504,0.323618,0.321116,0.323296,1697592.54769457
1761739200,2025-10-29 12:00:00,0.322739,0.32374,0.32324,0.32311,2328292.3418058
1761742800,2025-10-29 13:00:00,0.321242,0.32487,0.32311,0.32207,3071474.27331767
1761746400,2025-10-29 14:00:00,0.319632,0.322229,0.32206,0.32109,1375982.47334732
1761750000,2025-10-29 15:00:00,0.316501,0.321387,0.32109,0.317068,3930580.54670288
1761753600,2025-10-29 16:00:00,0.315924,0.319559,0.31698,0.318699,1479845.616853
1761757200,2025-10-29 17:00:00,0.318042,0.323475,0.318677,0.323475,3312143.56990144
1761760800,2025-10-29 18:00:00,0.310855,0.324464,0.323481,0.319307,9373284.30844163
1761764400,2025-10-29 19:00:00,0.31768,0.322403,0.319455,0.319365,4566054.82338885
1761768000,2025-10-29 20:00:00,0.317861,0.323043,0.319209,0.321456,4174769.22235559
1761771600,2025-10-29 21:00:00,0.32008,0.321723,0.32146,0.320207,977364.04745108
1761775200,2025-10-29 22:00:00,0.318897,0.320424,0.320407,0.319071,1147104.12032398
1761778800,2025-10-29 23:00:00,0.314988,0.319136,0.319048,0.315898,3307819.97999134
1761782400,2025-10-30 00:00:00,0.31367,0.31798,0.31595,0.31743,1205800.2226909
1761786000,2025-10-30 01:00:00,0.31588,0.317835,0.317385,0.316694,1026491.97220468
1761789600,2025-10-30 02:00:00,0.316076,0.318602,0.316732,0.318417,773455.14426933
1761793200,2025-10-30 03:00:00,0.31569,0.31842,0.31842,0.317078,946233.90991225
1761796800,2025-10-30 04:00:00,0.3069,0.317083,0.317083,0.310075,4882082.34665385
1761800400,2025-10-30 05:00:00,0.30904,0.315072,0.31005,0.31438,900536.40979374
1761804000,2025-10-30 06:00:00,0.313764,0.317164,0.314336,0.315686,435171.9055097
1761807600,2025-10-30 07:00:00,0.31487,0.317787,0.31572,0.316684,443234.09697581
1761811200,2025-10-30 08:00:00,0.314778,0.316684,0.316684,0.314778,366300.46033728
1761814800,2025-10-30 09:00:00,0.311869,0.314864,0.314759,0.31189,293005.58779002
1761818400,2025-10-30 10:00:00,0.310283,0.312973,0.311845,0.310953,332437.67284141
1761822000,2025-10-30 11:00:00,0.309042,0.311618,0.31104,0.309042,636397.97185881
1761825600,2025-10-30 12:00:00,0.303611,0.309572,0.309098,0.30516,7203684.05982478
1761829200,2025-10-30 13:00:00,0.299118,0.306038,0.305007,0.299369,6386948.89637545
1761832800,2025-10-30 14:00:00,0.2987,0.302,0.299398,0.300296,1677285.18295361
1761836400,2025-10-30 15:00:00,0.294998,0.300931,0.300027,0.296559,4134057.01418074
1761840000,2025-10-30 16:00:00,0.295765,0.299278,0.296646,0.298925,1984979.31531542
1761843600,2025-10-30 17:00:00,0.292853,0.299006,0.298998,0.296101,4001331.26286811
1761847200,2025-10-30 18:00:00,0.292457,0.296415,0.296102,0.29288,2053423.54318284
1761850800,2025-10-30 19:00:00,0.290386,0.293739,0.29281,0.291296,1787464.93149428
1761854400,2025-10-30 20:00:00,0.290195,0.294078,0.291134,0.293708,2348127.01966542
1761858000,2025-10-30 21:00:00,0.292566,0.296823,0.293588,0.296352,1267150.73510817
1761861600,2025-10-30 22:00:00,0.295915,0.297319,0.296373,0.29715,1274877.28764543
1761865200,2025-10-30 23:00:00,0.29622,0.299017,0.297233,0.298439,1752508.70429719
1761868800,2025-10-31 00:00:00,0.297904,0.30135,0.298439,0.300771,1349815.97965173
1761872400,2025-10-31 01:00:00,0.300336,0.303598,0.30082,0.303458,1901662.80885735
1761876000,2025-10-31 02:00:00,0.30085,0.303619,0.303464,0.302055,915344.55456547
1761879600,2025-10-31 03:00:00,0.30112,0.30345,0.30208,0.303084,1007715.18078956
1761883200,2025-10-31 04:00:00,0.302681,0.305085,0.303039,0.304384,2685960.77116722
1761886800,2025-10-31 05:00:00,0.30207,0.304378,0.304378,0.30225,819299.1864216
1761890400,2025-10-31 06:00:00,0.301313,0.302664,0.30228,0.302026,428157.33118431
1761894000,2025-10-31 07:00:00,0.30043,0.302424,0.302017,0.301303,727006.06394846
1761897600,2025-10-31 08:00:00,0.30006,0.30218,0.30128,0.301793,498472.16270265
1761901200,2025-10-31 09:00:00,0.301089,0.302595,0.301792,0.301699,642862.24752466
1761904800,2025-10-31 10:00:00,0.301632,0.303731,0.301728,0.302742,573494.62267631
1761908400,2025-10-31 11:00:00,0.302128,0.306932,0.302685,0.306399,1208427.37430131
1761912000,2025-10-31 12:00:00,0.305751,0.308,0.306425,0.305827,3851528.91143335
1761915600,2025-10-31 13:00:00,0.30565,0.308341,0.30583,0.308136,2214318.55478025
1761919200,2025-10-31 14:00:00,0.306446,0.310645,0.308173,0.310246,2731226.44544205
1761922800,2025-10-31 15:00:00,0.30693,0.312604,0.310137,0.308252,2908580.62868035
1761926400,2025-10-31 16:00:00,0.300602,0.3085,0.308099,0.300975,4368276.68320828
1761930000,2025-10-31 17:00:00,0.298502,0.302552,0.300894,0.30132,2010248.91948345
1761933600,2025-10-31 18:00:00,0.299908,0.303819,0.30134,0.302627,1976747.50194856
1761937200,2025-10-31 19:00:00,0.299994,0.3073,0.302575,0.30562,5285952.72484139
1761940800,2025-10-31 20:00:00,0.302395,0.305585,0.305585,0.302923,1853480.35813449
1761944400,2025-10-31 21:00:00,0.302484,0.304175,0.302901,0.30404,823316.61195112
1761948000,2025-10-31 22:00:00,0.303618,0.305285,0.304022,0.304602,674722.22551536
1761951600,2025-10-31 23:00:00,0.304499,0.305531,0.304613,0.304722,553844.27987173
1761955200,2025-11-01 00:00:00,0.30274,0.305,0.304722,0.304018,947299.61563763
1761958800,2025-11-01 01:00:00,0.302251,0.304795,0.30406,0.30258,2636297.84343639
1761962400,2025-11-01 02:00:00,0.301479,0.30384,0.302467,0.303382,611603.99270078
1761966000,2025-11-01 03:00:00,0.303271,0.304934,0.30335,0.30447,725580.98974207
1761969600,2025-11-01 04:00:00,0.303449,0.304988,0.30452,0.304348,592912.39934086
1761973200,2025-11-01 05:00:00,0.302881,0.304769,0.304399,0.303007,650586.82867493
1761976800,2025-11-01 06:00:00,0.302303,0.30351,0.30309,0.30351,611677.36507383
1761980400,2025-11-01 07:00:00,0.303192,0.305663,0.303539,0.304499,480629.16969974
1761984000,2025-11-01 08:00:00,0.30408,0.30645,0.30444,0.306321,447392.77211042
1761987600,2025-11-01 09:00:00,0.303814,0.30723,0.306267,0.304098,951226.66576005
1761991200,2025-11-01 10:00:00,0.303431,0.30562,0.304097,0.30513,598795.21869649
1761994800,2025-11-01 11:00:00,0.305046,0.306297,0.305165,0.306144,430531.91584542
1761998400,2025-11-01 12:00:00,0.305004,0.306744,0.306179,0.305042,590771.80236552
1762002000,2025-11-01 13:00:00,0.30201,0.305256,0.30505,0.303814,1062421.27894536
1762005600,2025-11-01 14:00:00,0.301558,0.304115,0.30373,0.302729,906772.28974109
1762009200,2025-11-01 15:00:00,0.302617,0.306264,0.302694,0.305551,1211597.19457356
1762012800,2025-11-01 16:00:00,0.304979,0.307276,0.305625,0.306488,1009418.081412
1762016400,2025-11-01 17:00:00,0.305256,0.306623,0.30652,0.305745,1413191.20005367
1762020000,2025-11-01 18:00:00,0.305108,0.306977,0.305655,0.306665,858757.25296178
1762023600,2025-11-01 19:00:00,0.305143,0.306642,0.306642,0.306209,543545.41555343
1762027200,2025-11-01 20:00:00,0.305919,0.30712,0.30622,0.306139,842602.50830451
1762030800,2025-11-01 21:00:00,0.30408,0.306555,0.30614,0.30425,921616.08067063
1762034400,2025-11-01 22:00:00,0.304038,0.305245,0.304249,0.305119,682635.62056359
1762038000,2025-11-01 23:00:00,0.304436,0.305328,0.30512,0.30495,470196.50850084
1762041600,2025-11-02 00:00:00,0.303489,0.30493,0.304917,0.304423,969943.85870025
1762045200,2025-11-02 01:00:00,0.303237,0.304658,0.304351,0.303568,602818.84940577
1762048800,2025-11-02 02:00:00,0.30344,0.305449,0.303524,0.304403,453324.94837239
1762052400,2025-11-02 03:00:00,0.3034,0.304492,0.30441,0.303794,474007.8456169
1762056000,2025-11-02 04:00:00,0.303438,0.305983,0.303791,0.305679,893820.46604344
1762059600,2025-11-02 05:00:00,0.304315,0.306226,0.305655,0.30615,512986.12330999
1762063200,2025-11-02 06:00:00,0.305252,0.30648,0.306136,0.306,383611.22785009
1762066800,2025-11-02 07:00:00,0.305082,0.3077,0.306068,0.307088,476870.42855109
1762070400,2025-11-02 08:00:00,0.305928,0.30756,0.3071,0.306077,440532.63643954
1762074000,2025-11-02 09:00:00,0.304998,0.307485,0.3061,0.305116,615465.11330929
1762077600,2025-11-02 10:00:00,0.302983,0.305864,0.30513,0.303499,1225181.78578571
1762081200,2025-11-02 11:00:00,0.303258,0.307197,0.30349,0.306571,952387.75382284
1762084800,2025-11-02 12:00:00,0.305766,0.307224,0.306544,0.306295,901781.09807332
1762088400,2025-11-02 13:00:00,0.304096,0.306757,0.306272,0.30566,685283.64752362
1762092000,2025-11-02 14:00:00,0.301319,0.30634,0.305592,0.302606,873680.91979895
1762095600,2025-11-02 15:00:00,0.301123,0.304334,0.302611,0.30277,1064629.66378878
1762099200,2025-11-02 16:00:00,0.299809,0.303823,0.302736,0.303823,987825.32438954
1762102800,2025-11-02 17:00:00,0.301818,0.303892,0.303798,0.303228,661860.10380968
1762106400,2025-11-02 18:00:00,0.301512,0.30315,0.303135,0.301931,554156.87016162
1762110000,2025-11-02 19:00:00,0.2995,0.302034,0.30187,0.300639,1538828.40367426
1762113600,2025-11-02 20:00:00,0.299649,0.301128,0.300594,0.301128,859108.5305189
1762117200,2025-11-02 21:00:00,0.300904,0.302021,0.301059,0.30099,537985.5175254
1762120800,2025-11-02 22:00:00,0.29971,0.301431,0.300989,0.30076,718627.63423379
1762124400,2025-11-02 23:00:00,0.3008,0.305468,0.3008,0.304665,1380448.23723149
1762128000,2025-11-03 00:00:00,0.301273,0.30556,0.30474,0.30152,1499660.71025227
1762131600,2025-11-03 01:00:00,0.29952,0.30156,0.30148,0.29984,2601008.29313679
1762135200,2025-11-03 02:00:00,0.296043,0.299972,0.299802,0.29705,1976543.15204654
1762138800,2025-11-03 03:00:00,0.291731,0.297747,0.29714,0.291895,5272688.35745413
1762142400,2025-11-03 04:00:00,0.290002,0.293589,0.29188,0.29356,1308186.26973913
1762146000,2025-11-03 05:00:00,0.29156,0.29481,0.293502,0.29184,748098.33669526
1762149600,2025-11-03 06:00:00,0.28792,0.292546,0.29172,0.29024,1699726.70595438
1762153200,2025-11-03 07:00:00,0.28888,0.292515,0.290265,0.290538,750850.70540256
1762156800,2025-11-03 08:00:00,0.289098,0.2918,0.29048,0.29096,547781.42430955
1762160400,2025-11-03 09:00:00,0.28912,0.293311,0.29092,0.289295,873878.44233058
1762164000,2025-11-03 10:00:00,0.287949,0.291198,0.28931,0.28888,710870.84220012
1762167600,2025-11-03 11:00:00,0.288875,0.292744,0.288926,0.29018,1230183.49691148
1762171200,2025-11-03 12:00:00,0.289984,0.292216,0.29018,0.29104,1850854.84635159
1762174800,2025-11-03 13:00:00,0.289454,0.293969,0.291008,0.292725,1293542.51966089
1762178400,2025-11-03 14:00:00,0.291498,0.295486,0.29272,0.29341,1606961.74229191
1762182000,2025-11-03 15:00:00,0.272951,0.294025,0.29344,0.279921,8678310.10078643
1762185600,2025-11-03 16:00:00,0.27882,0.28585,0.28017,0.281474,4850401.77659117
1762189200,2025-11-03 17:00:00,0.280729,0.28503,0.281295,0.28464,3892525.88186614
1762192800,2025-11-03 18:00:00,0.280191,0.285297,0.284556,0.280241,1807419.27873521
1762196400,2025-11-03 19:00:00,0.278564,0.281571,0.28032,0.279126,1715473.86528516
1762200000,2025-11-03 20:00:00,0.273379,0.279583,0.27918,0.275322,5330722.8167933
1762203600,2025-11-03 21:00:00,0.273589,0.278804,0.275272,0.278158,2480595.46333657
1762207200,2025-11-03 22:00:00,0.273569,0.278298,0.278048,0.276335,1743437.60073023
1762210800,2025-11-03 23:00:00,0.273904,0.278558,0.276417,0.278113,2362155.59443664
1762214400,2025-11-04 00:00:00,0.2766,0.282362,0.278162,0.280869,2042224.62434606
1762218000,2025-11-04 01:00:00,0.27969,0.283091,0.28093,0.282329,2145344.18751344
1762221600,2025-11-04 02:00:00,0.281269,0.28391,0.282315,0.281745,1283309.05270007
1762225200,2025-11-04 03:00:00,0.280574,0.283935,0.281714,0.282829,2062400.45416399
1762228800,2025-11-04 04:00:00,0.280672,0.284257,0.28283,0.280809,1631146.15204897
1762232400,2025-11-04 05:00:00,0.27,0.281856,0.2808,0.270541,5062178.03357299
1762236000,2025-11-04 06:00:00,0.270486,0.27821,0.2705,0.272916,2745123.60623649
1762239600,2025-11-04 07:00:00,0.26824,0.273202,0.272862,0.269458,3861052.56432418
1762243200,2025-11-04 08:00:00,0.269305,0.276086,0.26942,0.273912,2757964.16430022
1762246800,2025-11-04 09:00:00,0.27335,0.276318,0.273904,0.275942,1826719.35696451
1762250400,2025-11-04 10:00:00,0.275323,0.277248,0.276052,0.276992,1142990.50204367
1762254000,2025-11-04 11:00:00,0.276726,0.281296,0.277058,0.27835,1638608.41367092
1762257600,2025-11-04 12:00:00,0.274759,0.278651,0.27833,0.27559,1835449.65008651
1762261200,2025-11-04 13:00:00,0.272157,0.27611,0.275509,0.273156,2149306.63987447
1762264800,2025-11-04 14:00:00,0.270472,0.279072,0.273106,0.277514,2181062.41822613
1762268400,2025-11-04 15:00:00,0.272836,0.279168,0.277623,0.274105,2871340.74555771
1762272000,2025-11-04 16:00:00,0.269344,0.276716,0.27408,0.270208,2823286.222227
1762275600,2025-11-04 17:00:00,0.264535,0.272956,0.27018,0.272232,5787920.38623502
1762279200,2025-11-04 18:00:00,0.260465,0.272203,0.272194,0.26713,6422269.71661157
1762282800,2025-11-04 19:00:00,0.2621,0.269192,0.267064,0.262409,3962438.64656715
1762286400,2025-11-04 20:00:00,0.2535,0.265538,0.262422,0.26241,7103914.71904939
1762290000,2025-11-04 21:00:00,0.25457,0.263412,0.262549,0.262488,7563174.27650743
1762293600,2025-11-04 22:00:00,0.261339,0.269554,0.262573,0.26942,4309738.12250212
1762297200,2025-11-04 23:00:00,0.268918,0.27133,0.269239,0.269458,2052096.37334067
1762300800,2025-11-05 00:00:00,0.265023,0.270462,0.26942,0.266605,2335999.70495056
1762304400,2025-11-05 01:00:00,0.25777,0.266912,0.26661,0.265847,3019042.9844442
1762308000,2025-11-05 02:00:00,0.26592,0.273522,0.26592,0.27333,2818006.2630557
1762311600,2025-11-05 03:00:00,0.271701,0.275348,0.273336,0.274164,2040141.04968998
1762315200,2025-11-05 04:00:00,0.272688,0.275823,0.274164,0.274398,1909434.90298569
1762318800,2025-11-05 05:00:00,0.27354,0.275994,0.274436,0.274008,1104197.65493873
1762322400,2025-11-05 06:00:00,0.272525,0.275327,0.27405,0.274699,2477891.95127243
1762326000,2025-11-05 07:00:00,0.272102,0.275099,0.274779,0.274528,1209813.45387713
1762329600,2025-11-05 08:00:00,0.269104,0.27459,0.274588,0.270683,1763187.31049909
1762333200,2025-11-05 09:00:00,0.270237,0.272955,0.270666,0.272653,681484.17314298
1762336800,2025-11-05 10:00:00,0.26928,0.27292,0.272613,0.269676,860769.79090489
1762340400,2025-11-05 11:00:00,0.269643,0.274294,0.269709,0.273714,1210433.88029719
1762344000,2025-11-05 12:00:00,0.273213,0.276371,0.273714,0.275619,1177977.5763522
1762347600,2025-11-05 13:00:00,0.274967,0.279114,0.275517,0.278221,1710277.57124461
1762351200,2025-11-05 14:00:00,0.275343,0.280249,0.278109,0.278135,4019813.58317376
1762354800,2025-11-05 15:00:00,0.276705,0.28089,0.278135,0.28061,1641179.33271147
1762358400,2025-11-05 16:00:00,0.276824,0.281178,0.28061,0.27937,3436341.62315575
1762362000,2025-11-05 17:00:00,0.277674,0.280331,0.279423,0.28007,2431739.54234496
1762365600,2025-11-05 18:00:00,0.2795,0.280925,0.28011,0.28024,2952301.04165683
1762369200,2025-11-05 19:00:00,0.278972,0.28063,0.280186,0.280024,3498018.33594585
1762372800,2025-11-05 20:00:00,0.279081,0.281539,0.280054,0.280253,3295646.71682505
1762376400,2025-11-05 21:00:00,0.278893,0.280742,0.280313,0.280042,1260586.80262946
1762380000,2025-11-05 22:00:00,0.279537,0.282003,0.280058,0.281853,1307368.49048844
1762383600,2025-11-05 23:00:00,0.279926,0.282064,0.281928,0.280058,2092733.00417799
1762387200,2025-11-06 00:00:00,0.278018,0.27999,0.27999,0.27856,3300247.74170401
1762390800,2025-11-06 01:00:00,0.275014,0.278556,0.278556,0.27808,1511188.86570907
1762394400,2025-11-06 02:00:00,0.275967,0.281841,0.27808,0.28046,2094977.46963189
1762398000,2025-11-06 03:00:00,0.278691,0.280614,0.28046,0.279267,955612.81380287
1762401600,2025-11-06 04:00:00,0.278,0.279888,0.279268,0.279072,774275.58168719
1762405200,2025-11-06 05:00:00,0.274553,0.279202,0.279174,0.274974,1254946.25825486
1762408800,2025-11-06 06:00:00,0.273601,0.275724,0.274992,0.2737,917357.70417272
1762412400,2025-11-06 07:00:00,0.272762,0.275305,0.27374,0.273496,735925.1892313
1762416000,2025-11-06 08:00:00,0.27285,0.274352,0.273462,0.2737,1310259.31708298
1762419600,2025-11-06 09:00:00,0.272678,0.274309,0.273734,0.273408,1115639.79940403
1762423200,2025-11-06 10:00:00,0.272399,0.274176,0.273376,0.27344,689198.5485592
1762426800,2025-11-06 11:00:00,0.271649,0.273735,0.27348,0.272822,867035.60812441
1762430400,2025-11-06 12:00:00,0.269993,0.273088,0.272826,0.270163,1338425.33555792
1762434000,2025-11-06 13:00:00,0.270134,0.275008,0.27021,0.273856,1219011.12312201
1762437600,2025-11-06 14:00:00,0.269353,0.27437,0.27382,0.269791,2611016.38979017
1762441200,2025-11-06 15:00:00,0.266894,0.272832,0.269717,0.267517,3283379.35585105
1762444800,2025-11-06 16:00:00,0.26341,0.268148,0.267496,0.266293,4100465.64401833
1762448400,2025-11-06 17:00:00,0.265235,0.268818,0.26634,0.268425,2638075.55102184
1762452000,2025-11-06 18:00:00,0.26512,0.270788,0.268321,0.269091,2426372.07105746
1762455600,2025-11-06 19:00:00,0.266351,0.269506,0.269048,0.267506,1493899.86708144
1762459200,2025-11-06 20:00:00,0.265376,0.270869,0.267634,0.266632,2580137.34842477
1762462800,2025-11-06 21:00:00,0.26598,0.269543,0.266571,0.268896,2035905.59877405
1762466400,2025-11-06 22:00:00,0.267304,0.270522,0.268864,0.269843,928337.22620787
1762470000,2025-11-06 23:00:00,0.267102,0.269902,0.269902,0.269618,968770.92013776
1762473600,2025-11-07 00:00:00,0.26885,0.272261,0.26951,0.271591,1035543.35541168
1762477200,2025-11-07 01:00:00,0.26842,0.27284,0.27166,0.2718,1502273.94493561
1762480800,2025-11-07 02:00:00,0.269534,0.273165,0.271663,0.273014,1324811.23080877
1762484400,2025-11-07 03:00:00,0.272803,0.274816,0.273144,0.27311,1194887.94096148
1762488000,2025-11-07 04:00:00,0.271359,0.273836,0.27311,0.2733,1727094.4120343
1762491600,2025-11-07 05:00:00,0.27309,0.276506,0.273296,0.276276,2064257.93055453
1762495200,2025-11-07 06:00:00,0.27451,0.276863,0.276266,0.274804,982808.51581635
1762498800,2025-11-07 07:00:00,0.273949,0.27711,0.274785,0.277065,974532.51630715
1762502400,2025-11-07 08:00:00,0.274978,0.277301,0.277012,0.27558,747515.30626508
1762506000,2025-11-07 09:00:00,0.270243,0.275625,0.275552,0.272341,802203.53222941
1762509600,2025-11-07 10:00:00,0.26973,0.274192,0.27243,0.270966,546615.44188383
1762513200,2025-11-07 11:00:00,0.267032,0.271337,0.2709,0.270432,2074954.25995043
1762516800,2025-11-07 12:00:00,0.265546,0.271509,0.27044,0.26702,1791733.63676335
1762520400,2025-11-07 13:00:00,0.26535,0.270315,0.266973,0.269534,974732.81064381
1762524000,2025-11-07 14:00:00,0.266456,0.273918,0.269458,0.272241,4173098.07928828
1762527600,2025-11-07 15:00:00,0.266543,0.27521,0.272225,0.273779,20318338.59529085
1762531200,2025-11-07 16:00:00,0.272336,0.284429,0.273851,0.28341,5430542.3864029
1762534800,2025-11-07 17:00:00,0.281449,0.2856,0.283421,0.284927,5092627.16483002
1762538400,2025-11-07 18:00:00,0.284566,0.291092,0.28496,0.288463,8608934.88988996
1762542000,2025-11-07 19:00:00,0.287125,0.291535,0.288453,0.29098,2943507.33765791
1762545600,2025-11-07 20:00:00,0.289675,0.2928,0.29098,0.29214,3572497.62402408
1762549200,2025-11-07 21:00:00,0.2905,0.292417,0.292043,0.291776,4243919.12206407
1762552800,2025-11-07 22:00:00,0.290709,0.292434,0.291776,0.29181,1239098.92133104
1762556400,2025-11-07 23:00:00,0.290683,0.293151,0.291893,0.291458,2425893.16002427
1762560000,2025-11-08 00:00:00,0.28938,0.295233,0.291448,0.28938,2571586.34369736
1762563600,2025-11-08 01:00:00,0.289061,0.293815,0.289338,0.293034,1323275.13012315
1762567200,2025-11-08 02:00:00,0.291998,0.29555,0.292909,0.29295,1622012.21877462
1762570800,2025-11-08 03:00:00,0.290149,0.295498,0.2929,0.290149,1155792.94464846
1762574400,2025-11-08 04:00:00,0.290155,0.29351,0.290197,0.291344,1791723.44172744
1762578000,2025-11-08 05:00:00,0.287431,0.291846,0.29134,0.2877,793801.97340652
1762581600,2025-11-08 06:00:00,0.28518,0.288351,0.287727,0.287356,2168178.28805176
1762585200,2025-11-08 07:00:00,0.285496,0.288786,0.287344,0.288222,590482.6370129
1762588800,2025-11-08 08:00:00,0.287065,0.290137,0.2883,0.28887,604471.73536195
1762592400,2025-11-08 09:00:00,0.285291,0.289306,0.288816,0.2861,569097.68675998
1762596000,2025-11-08 10:00:00,0.285591,0.287776,0.286032,0.287524,746544.33014912
1762599600,2025-11-08 11:00:00,0.286552,0.289199,0.28743,0.287281,1241555.21327187
1762603200,2025-11-08 12:00:00,0.285261,0.28747,0.287351,0.286518,1083357.37795222
1762606800,2025-11-08 13:00:00,0.281253,0.286586,0.286552,0.281451,2384841.40725583
1762610400,2025-11-08 14:00:00,0.279684,0.283555,0.28152,0.282617,2388994.98855088
1762614000,2025-11-08 15:00:00,0.278912,0.283725,0.28262,0.27967,1856336.29753054
1762617600,2025-11-08 16:00:00,0.278342,0.281827,0.279726,0.280668,1663934.84103432
1762621200,2025-11-08 17:00:00,0.279768,0.282802,0.28071,0.281574,1831736.38719879
1762624800,2025-11-08 18:00:00,0.280725,0.282622,0.281375,0.28184,508893.89933732
1762628400,2025-11-08 19:00:00,0.279405,0.282266,0.28182,0.281635,1124042.0308619
1762632000,2025-11-08 20:00:00,0.28042,0.282279,0.28161,0.281249,1071501.98657404
1762635600,2025-11-08 21:00:00,0.280579,0.282307,0.281181,0.282121,681557.87441137
1762639200,2025-11-08 22:00:00,0.281525,0.282943,0.28212,0.28262,550393.72276538
1762642800,2025-11-08 23:00:00,0.281915,0.283592,0.282534,0.28331,444819.58719767
1762646400,2025-11-09 00:00:00,0.280168,0.283323,0.283319,0.28044,527181.63702045
1762650000,2025-11-09 01:00:00,0.279729,0.281909,0.280416,0.281517,423285.31148413
1762653600,2025-11-09 02:00:00,0.275586,0.281398,0.281325,0.2765,2034268.09050634
1762657200,2025-11-09 03:00:00,0.274991,0.277214,0.27656,0.275579,3974006.04504443
1762660800,2025-11-09 04:00:00,0.2751,0.277383,0.275579,0.27624,602347.44244373
1762664400,2025-11-09 05:00:00,0.275798,0.278333,0.27616,0.27723,436200.73878247
1762668000,2025-11-09 06:00:00,0.276582,0.278999,0.277306,0.277418,420656.14702061
1762671600,2025-11-09 07:00:00,0.277321,0.27928,0.277366,0.278785,485963.96575287
1762675200,2025-11-09 08:00:00,0.276216,0.27948,0.278869,0.276921,493624.35934187
1762678800,2025-11-09 09:00:00,0.27495,0.278718,0.276921,0.275169,546249.1970364
1762682400,2025-11-09 10:00:00,0.273458,0.27602,0.27513,0.275921,939497.46498609
1762686000,2025-11-09 11:00:00,0.275148,0.277455,0.27602,0.275725,1185376.09083127
1762689600,2025-11-09 12:00:00,0.274059,0.276373,0.27566,0.274266,871104.31518217
1762693200,2025-11-09 13:00:00,0.272606,0.276386,0.274134,0.275457,1949322.05958348
1762696800,2025-11-09 14:00:00,0.27426,0.281553,0.275457,0.277124,2039825.8108517
1762700400,2025-11-09 15:00:00,0.276831,0.282467,0.277156,0.281558,2074247.20043533
1762704000,2025-11-09 16:00:00,0.279427,0.283349,0.2815,0.282458,3262288.44699365
1762707600,2025-11-09 17:00:00,0.278851,0.282635,0.282323,0.279787,841042.9192869
1762711200,2025-11-09 18:00:00,0.278014,0.28248,0.27975,0.28201,1127382.89376818
1762714800,2025-11-09 19:00:00,0.281364,0.283271,0.282048,0.283043,2799105.19584254
1762718400,2025-11-09 20:00:00,0.28242,0.284675,0.283043,0.283097,2682605.07589563
1762722000,2025-11-09 21:00:00,0.282431,0.284776,0.283097,0.284365,1133971.21951525
1762725600,2025-11-09 22:00:00,0.281681,0.284758,0.284382,0.284455,669617.87583767
1762729200,2025-11-09 23:00:00,0.283333,0.287892,0.284456,0.285834,2605107.98556885
1762732800,2025-11-10 00:00:00,0.283773,0.293435,0.285782,0.291925,4254354.47896959
1762736400,2025-11-10 01:00:00,0.28884,0.294485,0.291852,0.289239,4563721.17869187
1762740000,2025-11-10 02:00:00,0.288505,0.291003,0.289205,0.291003,1457160.99661715
1762743600,2025-11-10 03:00:00,0.291025,0.295817,0.291025,0.294167,3644314.74184033
1762747200,2025-11-10 04:00:00,0.292772,0.295696,0.29404,0.2946,1744165.75860693
1762750800,2025-11-10 05:00:00,0.291852,0.295595,0.294631,0.29488,1087263.77281924
1762754400,2025-11-10 06:00:00,0.29379,0.296073,0.294966,0.295488,1158610.38429072
1762758000,2025-11-10 07:00:00,0.295218,0.299292,0.295512,0.299029,1686773.25143398
1762761600,2025-11-10 08:00:00,0.297609,0.301246,0.298973,0.30064,5944165.45131905
1762765200,2025-11-10 09:00:00,0.300331,0.311374,0.300827,0.310458,6052134.66354626
1762768800,2025-11-10 10:00:00,0.304383,0.311013,0.310495,0.304938,6791028.24236616
1762772400,2025-11-10 11:00:00,0.30484,0.311362,0.30491,0.308691,3470106.67270252
1762776000,2025-11-10 12:00:00,0.304756,0.309369,0.308627,0.305244,2013920.46913361
1762779600,2025-11-10 13:00:00,0.305145,0.311268,0.30533,0.308261,2500530.86767921
1762783200,2025-11-10 14:00:00,0.300101,0.308139,0.308139,0.302543,6556199.75886908
1762786800,2025-11-10 15:00:00,0.298326,0.303466,0.302577,0.300286,4522124.99349432
1762790400,2025-11-10 16:00:00,0.296604,0.303659,0.300355,0.297982,3500908.1807591
1762794000,2025-11-10 17:00:00,0.297204,0.301318,0.297848,0.29988,2284956.21113396
1762797600,2025-11-10 18:00:00,0.297859,0.301302,0.299985,0.297978,1596002.4588379
1762801200,2025-11-10 19:00:00,0.297839,0.301605,0.298057,0.300268,1684966.64418236
1762804800,2025-11-10 20:00:00,0.299811,0.302765,0.300076,0.301477,2259313.1622934
1762808400,2025-11-10 21:00:00,0.296385,0.301682,0.30151,0.298547,2519720.37236866
1762812000,2025-11-10 22:00:00,0.296895,0.302613,0.298553,0.302177,2013734.42254853
1762815600,2025-11-10 23:00:00,0.299824,0.302388,0.302177,0.300355,1314762.21035175
1762819200,2025-11-11 00:00:00,0.2965,0.301488,0.300355,0.300002,1950216.62586977
1762822800,2025-11-11 01:00:00,0.298575,0.304751,0.300036,0.299836,6300142.48677277
1762826400,2025-11-11 02:00:00,0.298308,0.304999,0.29986,0.303339,3896116.03934093
1762830000,2025-11-11 03:00:00,0.301056,0.304259,0.30334,0.30153,924623.36907757
1762833600,2025-11-11 04:00:00,0.297836,0.301971,0.301449,0.298074,1743871.03272118
1762837200,2025-11-11 05:00:00,0.294054,0.298226,0.29808,0.294723,2407037.45350678
1762840800,2025-11-11 06:00:00,0.292238,0.29502,0.294668,0.29436,1512623.6115533
1762844400,2025-11-11 07:00:00,0.290638,0.295161,0.294316,0.29076,614049.28637619
1762848000,2025-11-11 08:00:00,0.289691,0.291939,0.290798,0.291171,720467.45295046
1762851600,2025-11-11 09:00:00,0.290745,0.29329,0.291123,0.290983,783832.31977207
1762855200,2025-11-11 10:00:00,0.290812,0.292613,0.290954,0.292401,553173.39959143
1762858800,2025-11-11 11:00:00,0.291686,0.293855,0.29244,0.292226,808089.89385997
1762862400,2025-11-11 12:00:00,0.289895,0.293225,0.29223,0.290635,802365.98161277
1762866000,2025-11-11 13:00:00,0.290222,0.292263,0.290672,0.290284,795210.27873213
1762869600,2025-11-11 14:00:00,0.288796,0.294642,0.290298,0.294561,2206578.93791984
1762873200,2025-11-11 15:00:00,0.289608,0.294554,0.294554,0.290884,1876463.23122815
1762876800,2025-11-11 16:00:00,0.287672,0.291618,0.29094,0.288451,1619337.62133382
1762880400,2025-11-11 17:00:00,0.286454,0.2898,0.288455,0.287539,4433745.68446009
1762884000,2025-11-11 18:00:00,0.28556,0.289164,0.287433,0.285685,4626134.35753185
1762887600,2025-11-11 19:00:00,0.283583,0.286051,0.285685,0.284157,3660793.36858765
1762891200,2025-11-11 20:00:00,0.281248,0.284547,0.284196,0.28188,1690575.11851609
1762894800,2025-11-11 21:00:00,0.280092,0.283167,0.281952,0.280684,807684.16412159
1762898400,2025-11-11 22:00:00,0.279768,0.284258,0.280644,0.283547,2590114.29339215
1762902000,2025-11-11 23:00:00,0.280933,0.283608,0.283608,0.281755,3071160.73947951
1762905600,2025-11-12 00:00:00,0.27976,0.282828,0.281792,0.279905,1906517.15743719
1762909200,2025-11-12 01:00:00,0.279709,0.283457,0.280014,0.282632,1049264.94401927
1762912800,2025-11-12 02:00:00,0.280564,0.283714,0.28271,0.282676,853131.17687347
1762916400,2025-11-12 03:00:00,0.28233,0.284635,0.28274,0.284107,567520.83250441
1762920000,2025-11-12 04:00:00,0.282783,0.284565,0.284123,0.28381,845065.82574161
1762923600,2025-11-12 05:00:00,0.283378,0.286006,0.28384,0.285128,533029.07286691
1762927200,2025-11-12 06:00:00,0.284789,0.287345,0.285139,0.285863,585327.64889309
1762930800,2025-11-12 07:00:00,0.283378,0.286044,0.285862,0.283736,536777.84069953
1762934400,2025-11-12 08:00:00,0.283523,0.288163,0.283701,0.286395,2265995.51856129
1762938000,2025-11-12 09:00:00,0.286195,0.28868,0.28639,0.28827,1470230.52987664
1762941600,2025-11-12 10:00:00,0.287996,0.291651,0.28827,0.291099,802425.85304257
1762945200,2025-11-12 11:00:00,0.289625,0.292145,0.29106,0.291235,1021569.66966174
1762948800,2025-11-12 12:00:00,0.290233,0.292372,0.291229,0.291697,871452.48212298
1762952400,2025-11-12 13:00:00,0.291025,0.2945,0.29168,0.293914,971676.15425374
1762956000,2025-11-12 14:00:00,0.286418,0.294968,0.29386,0.289335,2689323.4449287
1762959600,2025-11-12 15:00:00,0.282855,0.291516,0.289268,0.284161,4191187.14436972
1762963200,2025-11-12 16:00:00,0.276735,0.284438,0.284144,0.277996,6219027.16577524
1762966800,2025-11-12 17:00:00,0.27543,0.2796,0.277996,0.27773,3199096.11579087
1762970400,2025-11-12 18:00:00,0.276554,0.279114,0.277668,0.27692,1114378.82978772
1762974000,2025-11-12 19:00:00,0.273592,0.277802,0.276885,0.277235,2245943.87929461
1762977600,2025-11-12 20:00:00,0.276701,0.279066,0.277255,0.278475,1465229.40632097
1762981200,2025-11-12 21:00:00,0.27838,0.280314,0.278565,0.279873,775619.39650205
1762984800,2025-11-12 22:00:00,0.2773,0.279942,0.2799,0.279216,504938.44689827
1762988400,2025-11-12 23:00:00,0.276683,0.279395,0.279216,0.277704,623356.41681432
1762992000,2025-11-13 00:00:00,0.277074,0.279762,0.277688,0.27872,1119170.09534916
1762995600,2025-11-13 01:00:00,0.278662,0.283411,0.278719,0.280636,1499148.76748449
1762999200,2025-11-13 02:00:00,0.280501,0.283164,0.280501,0.282306,2005334.22642166
1763002800,2025-11-13 03:00:00,0.278124,0.293465,0.28228,0.290085,4940110.92696523
1763006400,2025-11-13 04:00:00,0.286631,0.293601,0.290283,0.290301,3895267.48839947
1763010000,2025-11-13 05:00:00,0.288063,0.291648,0.290304,0.291144,2285675.6702667
1763013600,2025-11-13 06:00:00,0.29013,0.292585,0.291186,0.290396,1432353.41976171
1763017200,2025-11-13 07:00:00,0.28942,0.29378,0.290393,0.290052,1423070.75424153
1763020800,2025-11-13 08:00:00,0.289467,0.294854,0.290021,0.293794,837213.30656839
1763024400,2025-11-13 09:00:00,0.289267,0.294336,0.2938,0.292899,886447.20357695
1763028000,2025-11-13 10:00:00,0.292863,0.299656,0.292871,0.295636,2455659.00055936
1763031600,2025-11-13 11:00:00,0.293581,0.298932,0.295596,0.29445,1808737.04684675
1763035200,2025-11-13 12:00:00,0.28967,0.295411,0.29445,0.29095,1964221.10037785
1763038800,2025-11-13 13:00:00,0.285193,0.291659,0.291,0.286305,2924966.08533707
1763042400,2025-11-13 14:00:00,0.281511,0.290314,0.28635,0.287582,7132059.96172442
1763046000,2025-11-13 15:00:00,0.279931,0.287867,0.287574,0.2812,5000740.5453321
1763049600,2025-11-13 16:00:00,0.27657,0.282874,0.280887,0.277003,4641497.47164834
1763053200,2025-11-13 17:00:00,0.2714,0.277645,0.277001,0.271415,5700842.68493004
1763056800,2025-11-13 18:00:00,0.26666,0.272532,0.271415,0.267597,6254199.99756791
1763060400,2025-11-13 19:00:00,0.263554,0.270705,0.267639,0.264544,4006535.50168267
1763064000,2025-11-13 20:00:00,0.262733,0.267485,0.264419,0.264938,3656658.97339632
1763067600,2025-11-13 21:00:00,0.2625,0.266326,0.265053,0.263124,2023594.44816752
1763071200,2025-11-13 22:00:00,0.262659,0.270315,0.26307,0.268776,2452064.0489947
1763074800,2025-11-13 23:00:00,0.266968,0.270785,0.268716,0.268289,928297.19244
1763078400,2025-11-14 00:00:00,0.26587,0.270452,0.268363,0.266773,1718018.0343797
1763082000,2025-11-14 01:00:00,0.2658,0.268304,0.266804,0.26671,1984213.86496529
1763085600,2025-11-14 02:00:00,0.266745,0.269921,0.26676,0.268387,1527555.87390398
1763089200,2025-11-14 03:00:00,0.266543,0.268721,0.26849,0.26817,1403226.97374489
1763092800,2025-11-14 04:00:00,0.259849,0.26817,0.26815,0.264541,4130947.53328742
1763096400,2025-11-14 05:00:00,0.264145,0.269623,0.264437,0.269556,1962063.22793894
1763100000,2025-11-14 06:00:00,0.26354,0.270219,0.26957,0.270075,2918055.75298524
1763103600,2025-11-14 07:00:00,0.267498,0.270777,0.270057,0.269275,1946674.55237918
1763107200,2025-11-14 08:00:00,0.266543,0.26962,0.2693,0.266719,816734.56754174
1763110800,2025-11-14 09:00:00,0.263277,0.268201,0.266799,0.263689,1187358.39659281
1763114400,2025-11-14 10:00:00,0.263751,0.267302,0.26379,0.265733,1791862.60786219
1763118000,2025-11-14 11:00:00,0.26159,0.265654,0.265564,0.262069,1782863.22168614
1763121600,2025-11-14 12:00:00,0.2574,0.26312,0.262069,0.262447,5480125.71523889
1763125200,2025-11-14 13:00:00,0.2585,0.264073,0.262352,0.26116,3046837.90340841
1763128800,2025-11-14 14:00:00,0.259452,0.267835,0.26116,0.265767,4638060.07346108
1763132400,2025-11-14 15:00:00,0.263121,0.268972,0.265882,0.266596,2815396.98777389
1763136000,2025-11-14 16:00:00,0.264898,0.269896,0.266615,0.268872,2179970.48453372
1763139600,2025-11-14 17:00:00,0.26377,0.269479,0.26884,0.264784,1684646.02119847
1763143200,2025-11-14 18:00:00,0.263218,0.267826,0.26468,0.263928,1812980.48094111
1763146800,2025-11-14 19:00:00,0.263038,0.267201,0.263903,0.266001,1222236.06301733
1763150400,2025-11-14 20:00:00,0.25865,0.266191,0.266067,0.26011,2038496.71505856
1763154000,2025-11-14 21:00:00,0.259148,0.26325,0.260027,0.261886,1699411.69464581
1763157600,2025-11-14 22:00:00,0.259743,0.263327,0.261916,0.26085,2198427.34536739
1763161200,2025-11-14 23:00:00,0.256204,0.261108,0.260887,0.259198,3870810.985613
1763164800,2025-11-15 00:00:00,0.259161,0.262922,0.259282,0.2627,1409310.99202779
1763168400,2025-11-15 01:00:00,0.260997,0.264614,0.262665,0.264051,997902.98452837
1763172000,2025-11-15 02:00:00,0.263662,0.266581,0.264039,0.26655,2184643.53770615
1763175600,2025-11-15 03:00:00,0.26603,0.267211,0.26658,0.266881,591015.04016155
1763179200,2025-11-15 04:00:00,0.264848,0.267254,0.26688,0.26495,429643.91235219
1763182800,2025-11-15 05:00:00,0.26431,0.2656,0.26495,0.265032,484030.6995056
1763186400,2025-11-15 06:00:00,0.263934,0.26615,0.265122,0.264434,499343.41795137
1763190000,2025-11-15 07:00:00,0.263537,0.265299,0.264466,0.264342,1598171.40852112
1763193600,2025-11-15 08:00:00,0.260073,0.264454,0.26439,0.260684,2090090.20908592
1763197200,2025-11-15 09:00:00,0.259886,0.26255,0.260655,0.261034,638226.36839696
1763200800,2025-11-15 10:00:00,0.260221,0.26189,0.261035,0.261686,349628.8261351
1763204400,2025-11-15 11:00:00,0.258885,0.261839,0.261638,0.259814,481449.00605323
1763208000,2025-11-15 12:00:00,0.259111,0.262158,0.259762,0.262067,334218.88977988
1763211600,2025-11-15 13:00:00,0.261806,0.263847,0.26196,0.262959,849628.83323775
1763215200,2025-11-15 14:00:00,0.260508,0.263218,0.262996,0.261826,570765.20610555
1763218800,2025-11-15 15:00:00,0.260924,0.262514,0.261744,0.2614,666518.4773618
1763222400,2025-11-15 16:00:00,0.258882,0.261651,0.26135,0.260959,807404.68722308
1763226000,2025-11-15 17:00:00,0.2598,0.262409,0.26096,0.26174,976537.74978955
1763229600,2025-11-15 18:00:00,0.26002,0.262004,0.26168,0.26081,791018.08005393
1763233200,2025-11-15 19:00:00,0.259992,0.261715,0.26081,0.260609,2693493.42771928
1763236800,2025-11-15 20:00:00,0.25857,0.26063,0.260469,0.25891,556204.89824493
1763240400,2025-11-15 21:00:00,0.25741,0.260519,0.25891,0.25794,766900.19654345
1763244000,2025-11-15 22:00:00,0.25755,0.260464,0.257927,0.260246,554339.42143332
1763247600,2025-11-15 23:00:00,0.259272,0.2603,0.260254,0.259476,1061797.3548219
1763251200,2025-11-16 00:00:00,0.256828,0.260129,0.259454,0.258726,725309.91671654
1763254800,2025-11-16 01:00:00,0.2549,0.258962,0.2587,0.25764,1346422.10541021
1763258400,2025-11-16 02:00:00,0.256828,0.2616,0.25764,0.261422,826981.41940504
1763262000,2025-11-16 03:00:00,0.260769,0.262632,0.261368,0.2616,333081.45380205
1763265600,2025-11-16 04:00:00,0.259644,0.2618,0.261538,0.26123,597624.21252552
1763269200,2025-11-16 05:00:00,0.261153,0.26299,0.2612,0.261525,487527.06200709
1763272800,2025-11-16 06:00:00,0.260642,0.262429,0.26157,0.260676,660613.59143518
1763276400,2025-11-16 07:00:00,0.2605,0.262362,0.26075,0.262294,422517.41895059
1763280000,2025-11-16 08:00:00,0.259964,0.262795,0.262328,0.260803,485087.12163308
1763283600,2025-11-16 09:00:00,0.259664,0.262514,0.260741,0.262514,847071.50213762
1763287200,2025-11-16 10:00:00,0.260518,0.262389,0.262389,0.260789,339532.55549196
1763290800,2025-11-16 11:00:00,0.256188,0.261096,0.26079,0.25682,455087.00237393
1763294400,2025-11-16 12:00:00,0.255387,0.258556,0.256779,0.256817,1200448.02663953
1763298000,2025-11-16 13:00:00,0.254552,0.257699,0.25671,0.25529,607611.46988747
1763301600,2025-11-16 14:00:00,0.254401,0.257718,0.25534,0.256829,1209264.70876734
1763305200,2025-11-16 15:00:00,0.251193,0.256857,0.25684,0.2516,3469852.32923319
1763308800,2025-11-16 16:00:00,0.25,0.253686,0.251637,0.250675,6005254.3589559
1763312400,2025-11-16 17:00:00,0.249648,0.252353,0.250665,0.252031,6204141.05669097
1763316000,2025-11-16 18:00:00,0.250991,0.255966,0.251826,0.252222,1541076.63956996
1763319600,2025-11-16 19:00:00,0.252146,0.255633,0.252256,0.253522,756565.55866739
1763323200,2025-11-16 20:00:00,0.252869,0.255469,0.253535,0.252958,3198427.7370222
1763326800,2025-11-16 21:00:00,0.250645,0.253095,0.252929,0.252631,1259647.83681199
1763330400,2025-11-16 22:00:00,0.249952,0.254482,0.252655,0.25349,904024.23471645
1763334000,2025-11-16 23:00:00,0.248863,0.255678,0.253489,0.253816,1273601.42391155
1763337600,2025-11-17 00:00:00,0.251168,0.256685,0.25387,0.256259,4609461.65175114
1763341200,2025-11-17 01:00:00,0.255079,0.256933,0.256173,0.25528,864127.92269511
1763344800,2025-11-17 02:00:00,0.254938,0.257611,0.25542,0.256211,1273948.14231201
1763348400,2025-11-17 03:00:00,0.256137,0.258223,0.256256,0.258013,1483568.58135996
1763352000,2025-11-17 04:00:00,0.257177,0.259098,0.258044,0.25792,805711.63288912
1763355600,2025-11-17 05:00:00,0.255869,0.258126,0.25792,0.25634,1182792.00322984
1763359200,2025-11-17 06:00:00,0.255755,0.257803,0.25634,0.25744,1073304.73715395
1763362800,2025-11-17 07:00:00,0.257418,0.259026,0.25744,0.25782,719837.63920292
1763366400,2025-11-17 08:00:00,0.257124,0.25839,0.25782,0.257648,1002431.60880095
1763370000,2025-11-17 09:00:00,0.2571,0.259241,0.257708,0.258641,567557.84751475
1763373600,2025-11-17 10:00:00,0.258417,0.259871,0.25865,0.25947,582948.36936821
1763377200,2025-11-17 11:00:00,0.25927,0.261124,0.259489,0.259776,2081661.5585069
1763380800,2025-11-17 12:00:00,0.259064,0.260105,0.259776,0.25963,1533419.74554368
1763384400,2025-11-17 13:00:00,0.25153,0.260052,0.259662,0.253559,1807013.48222397
1763388000,2025-11-17 14:00:00,0.251944,0.262108,0.25331,0.256855,4512828.0398833
1763391600,2025-11-17 15:00:00,0.251456,0.257972,0.256866,0.25242,4502535.84960203
1763395200,2025-11-17 16:00:00,0.248426,0.255014,0.25242,0.254801,5543090.09597016
1763398800,2025-11-17 17:00:00,0.2477,0.255108,0.254735,0.24831,4277020.75772678
1763402400,2025-11-17 18:00:00,0.246026,0.250205,0.248305,0.246922,6307192.02082817
1763406000,2025-11-17 19:00:00,0.244091,0.248005,0.246912,0.244918,5910518.63789177
1763409600,2025-11-17 20:00:00,0.243922,0.24773,0.2448,0.2466,3221444.09415529
1763413200,2025-11-17 21:00:00,0.244219,0.248191,0.246562,0.246078,1750428.97444477
1763416800,2025-11-17 22:00:00,0.244663,0.24766,0.245971,0.246166,2132496.94323882
1763420400,2025-11-17 23:00:00,0.245147,0.247149,0.246153,0.24687,1305850.85455105
1763424000,2025-11-18 00:00:00,0.242194,0.247493,0.246871,0.246938,1774214.63960168
1763427600,2025-11-18 01:00:00,0.246605,0.249096,0.24699,0.247366,1124451.17949503
1763431200,2025-11-18 02:00:00,0.244427,0.25068,0.247362,0.246592,1468221.57423571
1763434800,2025-11-18 03:00:00,0.243902,0.25,0.24642,0.248856,3364962.70895595
1763438400,2025-11-18 04:00:00,0.245707,0.250157,0.248899,0.249787,2888658.64025801
1763442000,2025-11-18 05:00:00,0.24,0.251,0.249887,0.248045,8755890.75695477
1763445600,2025-11-18 06:00:00,0.244683,0.248326,0.24805,0.245196,2391481.54472568
1763449200,2025-11-18 07:00:00,0.24416,0.248341,0.245118,0.247194,1287130.17171024
1763452800,2025-11-18 08:00:00,0.247192,0.250548,0.24723,0.249799,1179705.83422847
1763456400,2025-11-18 09:00:00,0.248763,0.2507,0.24975,0.25058,600814.85442317
1763460000,2025-11-18 10:00:00,0.249861,0.251136,0.2506,0.250712,515663.70587875
1763463600,2025-11-18 11:00:00,0.250011,0.251551,0.250676,0.250416,1514174.83050275
1763467200,2025-11-18 12:00:00,0.248894,0.251715,0.250444,0.250769,2942341.05108153
1763470800,2025-11-18 13:00:00,0.24772,0.2507,0.250681,0.24911,1215558.13173747
1763474400,2025-11-18 14:00:00,0.248322,0.25202,0.249144,0.24872,1588461.86733695
1763478000,2025-11-18 15:00:00,0.24745,0.255074,0.248474,0.253645,1787192.61374185
1763481600,2025-11-18 16:00:00,0.253155,0.258195,0.25361,0.256655,4188038.92882582
1763485200,2025-11-18 17:00:00,0.254637,0.257279,0.256655,0.256002,2083265.77972762
1763488800,2025-11-18 18:00:00,0.25606,0.258912,0.25606,0.25775,1317978.71768737
1763492400,2025-11-18 19:00:00,0.257285,0.259798,0.25775,0.259425,1397073.34536262
1763496000,2025-11-18 20:00:00,0.257553,0.260131,0.259367,0.25781,1104625.12581095
1763499600,2025-11-18 21:00:00,0.254914,0.258174,0.257899,0.255054,1071410.02272109
1763503200,2025-11-18 22:00:00,0.255011,0.258533,0.255011,0.257319,794284.25202868
1763506800,2025-11-18 23:00:00,0.25555,0.257526,0.25741,0.255767,803597.32563224
1763510400,2025-11-19 00:00:00,0.252531,0.256223,0.25577,0.25566,1220764.56917186
1763514000,2025-11-19 01:00:00,0.253965,0.256657,0.25566,0.254835,1192434.7247848
1763517600,2025-11-19 02:00:00,0.25417,0.255927,0.254885,0.254581,586366.66948021
1763521200,2025-11-19 03:00:00,0.25188,0.255329,0.25458,0.25221,1141790.47841295
1763524800,2025-11-19 04:00:00,0.250819,0.252389,0.252067,0.25095,997691.31955881
1763528400,2025-11-19 05:00:00,0.246358,0.25115,0.251,0.247694,3051570.23784367
1763532000,2025-11-19 06:00:00,0.247205,0.24987,0.247695,0.24945,632917.14109052
1763535600,2025-11-19 07:00:00,0.249209,0.252755,0.249445,0.252755,661823.87469041
1763539200,2025-11-19 08:00:00,0.25041,0.252979,0.252702,0.25088,769814.68944004
1763542800,2025-11-19 09:00:00,0.24909,0.250846,0.250801,0.250176,1028248.02525621
1763546400,2025-11-19 10:00:00,0.248243,0.25071,0.250131,0.248417,1239182.43178361
1763550000,2025-11-19 11:00:00,0.247311,0.24928,0.248367,0.24759,684788.48687951
1763553600,2025-11-19 12:00:00,0.247118,0.24871,0.24762,0.24843,1276825.81762468
1763557200,2025-11-19 13:00:00,0.245695,0.24843,0.24843,0.24584,1249412.73579525
1763560800,2025-11-19 14:00:00,0.242733,0.246145,0.245909,0.245698,1808555.78362631
1763564400,2025-11-19 15:00:00,0.240845,0.248154,0.24565,0.241457,2962319.42075029
1763568000,2025-11-19 16:00:00,0.239499,0.242454,0.241366,0.239796,5155833.98476527
1763571600,2025-11-19 17:00:00,0.23618,0.24059,0.239805,0.238806,5357411.39565991
1763575200,2025-11-19 18:00:00,0.235154,0.240722,0.238779,0.236615,7467322.60959059
1763578800,2025-11-19 19:00:00,0.23575,0.237799,0.236736,0.23631,2184621.88481136
1763582400,2025-11-19 20:00:00,0.236121,0.240513,0.236352,0.240267,3369385.13670878
1763586000,2025-11-19 21:00:00,0.239584,0.245187,0.240243,0.244725,3807476.31452565
1763589600,2025-11-19 22:00:00,0.242031,0.244877,0.244758,0.243032,1260922.89503461
1763593200,2025-11-19 23:00:00,0.24306,0.24641,0.24306,0.2463,2549437.92087455
1763596800,2025-11-20 00:00:00,0.245289,0.24886,0.246253,0.247304,797304.47819667
1763600400,2025-11-20 01:00:00,0.247174,0.249677,0.24727,0.248928,935460.49714104
1763604000,2025-11-20 02:00:00,0.248948,0.25087,0.248948,0.250406,1391627.9221379
1763607600,2025-11-20 03:00:00,0.249846,0.251564,0.250413,0.250722,872288.44692723
1763611200,2025-11-20 04:00:00,0.249773,0.252489,0.250747,0.252419,1046961.52595858
1763614800,2025-11-20 05:00:00,0.250742,0.252739,0.252396,0.25143,832076.35242715
1763618400,2025-11-20 06:00:00,0.249588,0.252008,0.25145,0.250776,1667998.38015455
1763622000,2025-11-20 07:00:00,0.249933,0.251627,0.250777,0.251391,837558.54743529
1763625600,2025-11-20 08:00:00,0.25049,0.251991,0.25136,0.250776,576906.94978622
1763629200,2025-11-20 09:00:00,0.248537,0.251228,0.250777,0.249598,2433961.99293235
1763632800,2025-11-20 10:00:00,0.248066,0.250628,0.249596,0.250587,690440.88152235
1763636400,2025-11-20 11:00:00,0.250377,0.252499,0.2506,0.252499,1147705.25275381
1763640000,2025-11-20 12:00:00,0.250824,0.25291,0.252449,0.252279,2517699.12471474
1763643600,2025-11-20 13:00:00,0.250651,0.254137,0.252289,0.251054,1736883.92429038
1763647200,2025-11-20 14:00:00,0.248809,0.25367,0.251035,0.252108,2161627.62674749
1763650800,2025-11-20 15:00:00,0.247331,0.252155,0.252155,0.247669,1300065.94310623
1763654400,2025-11-20 16:00:00,0.238796,0.247925,0.247593,0.24005,8897579.10360304
1763658000,2025-11-20 17:00:00,0.235191,0.241104,0.239943,0.237193,7001262.21526939
1763661600,2025-11-20 18:00:00,0.23465,0.239085,0.237151,0.235415,3520044.53160417
1763665200,2025-11-20 19:00:00,0.233716,0.238598,0.235323,0.238023,2437657.37168596
1763668800,2025-11-20 20:00:00,0.236578,0.239967,0.238073,0.239201,2558393.20585235
1763672400,2025-11-20 21:00:00,0.238843,0.241308,0.239246,0.239797,1009963.40239361
1763676000,2025-11-20 22:00:00,0.239479,0.242781,0.23976,0.242282,957380.69600292
1763679600,2025-11-20 23:00:00,0.236246,0.242554,0.242439,0.236648,1617674.93388952
1763683200,2025-11-21 00:00:00,0.236542,0.239634,0.236692,0.239062,1678765.69756482
1763686800,2025-11-21 01:00:00,0.237646,0.240241,0.239013,0.238426,1293212.73925854
1763690400,2025-11-21 02:00:00,0.232795,0.238575,0.238386,0.23347,2810266.28279978
1763694000,2025-11-21 03:00:00,0.233455,0.2373,0.233504,0.23505,1602279.72910375
1763697600,2025-11-21 04:00:00,0.233217,0.236948,0.235024,0.236314,1251652.16862549
1763701200,2025-11-21 05:00:00,0.233476,0.236881,0.236258,0.23479,724597.8729589
1763704800,2025-11-21 06:00:00,0.233169,0.23569,0.234802,0.234506,1332765.82757093
1763708400,2025-11-21 07:00:00,0.22551,0.235394,0.234469,0.228128,11757442.46224964
1763712000,2025-11-21 08:00:00,0.227396,0.231786,0.22802,0.228253,2348897.48151559
1763715600,2025-11-21 09:00:00,0.222464,0.229585,0.22829,0.222568,2067707.88463546
1763719200,2025-11-21 10:00:00,0.221293,0.225034,0.222592,0.222925,2821634.72433484
1763722800,2025-11-21 11:00:00,0.221392,0.225145,0.222888,0.221815,2066614.07920947
1763726400,2025-11-21 12:00:00,0.216643,0.227474,0.221852,0.226043,7398676.74536444
1763730000,2025-11-21 13:00:00,0.22566,0.229601,0.226063,0.227613,7586412.40698218
1763733600,2025-11-21 14:00:00,0.226596,0.232166,0.227555,0.23076,3413819.33367238
1763737200,2025-11-21 15:00:00,0.225727,0.231372,0.230865,0.227016,3417261.24489265
1763740800,2025-11-21 16:00:00,0.224287,0.232847,0.227034,0.232311,4922639.22405088
1763744400,2025-11-21 17:00:00,0.23148,0.235234,0.23241,0.233109,2829818.38987402
1763748000,2025-11-21 18:00:00,0.228492,0.235505,0.233135,0.233558,3317977.06927566
1763751600,2025-11-21 19:00:00,0.23,0.234072,0.233532,0.230614,1200113.44934046
1763755200,2025-11-21 20:00:00,0.22674,0.231012,0.230623,0.229071,1506594.06948489
1763758800,2025-11-21 21:00:00,0.227216,0.232302,0.228963,0.230853,2802923.91930637
1763762400,2025-11-21 22:00:00,0.225835,0.231336,0.230897,0.226055,2748071.01828175
1763766000,2025-11-21 23:00:00,0.225645,0.23198,0.226056,0.231781,1304160.20712694
1763769600,2025-11-22 00:00:00,0.22923,0.232292,0.231706,0.231179,1703195.49752658
1763773200,2025-11-22 01:00:00,0.230402,0.232666,0.231175,0.231992,3300167.58416419
1763776800,2025-11-22 02:00:00,0.23052,0.23238,0.231981,0.232169,719694.98247188
1763780400,2025-11-22 03:00:00,0.230901,0.233042,0.232285,0.231683,1135808.03404549
1763784000,2025-11-22 04:00:00,0.227517,0.23199,0.23163,0.2303,1556121.18073656
1763787600,2025-11-22 05:00:00,0.22754,0.23078,0.23016,0.22932,601200.01538047
1763791200,2025-11-22 06:00:00,0.228217,0.231981,0.229355,0.230401,773848.39342809
1763794800,2025-11-22 07:00:00,0.230323,0.232524,0.230424,0.231718,1628555.53758858
1763798400,2025-11-22 08:00:00,0.227318,0.2321,0.231625,0.227863,2329412.06476589
1763802000,2025-11-22 09:00:00,0.22645,0.229592,0.2279,0.228787,1791654.34395591
1763805600,2025-11-22 10:00:00,0.226185,0.229445,0.228816,0.227882,808437.36052238
1763809200,2025-11-22 11:00:00,0.227178,0.231356,0.227891,0.230179,1249314.50240777
1763812800,2025-11-22 12:00:00,0.226866,0.230242,0.230083,0.228022,823579.94833529
1763816400,2025-11-22 13:00:00,0.225876,0.229026,0.228059,0.22701,1706053.69660243
1763820000,2025-11-22 14:00:00,0.22692,0.2301,0.227039,0.2292,1449884.60153752
1763823600,2025-11-22 15:00:00,0.226962,0.229634,0.22926,0.228106,874561.70171175
1763827200,2025-11-22 16:00:00,0.228,0.230174,0.22817,0.229825,843012.13734417
1763830800,2025-11-22 17:00:00,0.228631,0.23017,0.229877,0.22884,1822359.75340178
1763834400,2025-11-22 18:00:00,0.228151,0.229783,0.229063,0.229399,694044.36279949
1763838000,2025-11-22 19:00:00,0.228223,0.230186,0.22945,0.228593,1219616.99523186
1763841600,2025-11-22 20:00:00,0.226599,0.22927,0.228611,0.227358,944802.24284474
1763845200,2025-11-22 21:00:00,0.22661,0.22827,0.227342,0.22803,1136375.20795455
1763848800,2025-11-22 22:00:00,0.226967,0.2324,0.227921,0.23114,627784.03892767
1763852400,2025-11-22 23:00:00,0.229813,0.231533,0.231141,0.230055,886665.92066842
1763856000,2025-11-23 00:00:00,0.229096,0.23114,0.23,0.230239,1327754.79790587
1763859600,2025-11-23 01:00:00,0.229874,0.23366,0.230273,0.23324,2933606.81872976
1763863200,2025-11-23 02:00:00,0.232703,0.23751,0.233244,0.23589,3494231.70108733
1763866800,2025-11-23 03:00:00,0.234766,0.236759,0.23585,0.2355,2087962.82144237
1763870400,2025-11-23 04:00:00,0.235012,0.24,0.23553,0.239395,2745188.68071957
1763874000,2025-11-23 05:00:00,0.236461,0.23952,0.239378,0.238172,966409.8601108
1763877600,2025-11-23 06:00:00,0.237146,0.240426,0.238223,0.237146,2143428.13295138
1763881200,2025-11-23 07:00:00,0.235424,0.237626,0.237212,0.237104,1316720.44019618
1763884800,2025-11-23 08:00:00,0.236234,0.237608,0.237098,0.237076,376480.89951459
1763888400,2025-11-23 09:00:00,0.236431,0.23785,0.237123,0.237173,703566.00138627
1763892000,2025-11-23 10:00:00,0.235452,0.237614,0.237104,0.237133,791461.22439873
1763895600,2025-11-23 11:00:00,0.236407,0.239228,0.237105,0.238744,1315716.65628914
1763899200,2025-11-23 12:00:00,0.238595,0.241831,0.238757,0.240488,1055486.26149801
1763902800,2025-11-23 13:00:00,0.239332,0.242121,0.240439,0.242121,680042.43119721
1763906400,2025-11-23 14:00:00,0.240516,0.243442,0.24215,0.241255,1710154.36715458
1763910000,2025-11-23 15:00:00,0.240362,0.24465,0.24129,0.243889,1195346.77157275
1763913600,2025-11-23 16:00:00,0.243203,0.246784,0.243909,0.243376,2237995.27122542
1763917200,2025-11-23 17:00:00,0.242379,0.244719,0.24346,0.243076,1295271.22958143
1763920800,2025-11-23 18:00:00,0.24283,0.247276,0.24309,0.246066,1981372.1948287
1763924400,2025-11-23 19:00:00,0.245945,0.250694,0.24598,0.25019,4396033.16068195
1763928000,2025-11-23 20:00:00,0.248232,0.251673,0.25029,0.249344,1990947.57737713
1763931600,2025-11-23 21:00:00,0.247625,0.253189,0.249373,0.252441,1614298.14755518
1763935200,2025-11-23 22:00:00,0.249235,0.252764,0.252611,0.250417,1169322.60004596
1763938800,2025-11-23 23:00:00,0.246226,0.25071,0.250411,0.247252,1715933.9552965
1763942400,2025-11-24 00:00:00,0.243312,0.248856,0.247242,0.246343,4257414.38614084
1763946000,2025-11-24 01:00:00,0.242775,0.24717,0.24626,0.245721,2008683.70735682
1763949600,2025-11-24 02:00:00,0.24576,0.252208,0.24576,0.252208,3529322.89552947
1763953200,2025-11-24 03:00:00,0.249468,0.253816,0.252125,0.249982,1998862.28956327
1763956800,2025-11-24 04:00:00,0.244644,0.250215,0.249899,0.245591,1144527.16546976
1763960400,2025-11-24 05:00:00,0.245334,0.250934,0.245458,0.250214,1510821.9400856
1763964000,2025-11-24 06:00:00,0.247078,0.250287,0.250287,0.248455,802075.6296587
1763967600,2025-11-24 07:00:00,0.246106,0.248979,0.248418,0.246379,1005845.09908743
1763971200,2025-11-24 08:00:00,0.245339,0.247159,0.246284,0.246517,1005725.12281085
1763974800,2025-11-24 09:00:00,0.241453,0.246664,0.2465,0.242153,1820195.36220587
1763978400,2025-11-24 10:00:00,0.241775,0.243869,0.242153,0.243673,1133740.40006129
1763982000,2025-11-24 11:00:00,0.242424,0.245647,0.24357,0.244365,1514158.09087744
1763985600,2025-11-24 12:00:00,0.24363,0.24651,0.244353,0.244784,1127565.73684557
1763989200,2025-11-24 13:00:00,0.244141,0.250029,0.244769,0.246781,3680802.50559243
1763992800,2025-11-24 14:00:00,0.2413,0.248875,0.24679,0.244457,2780688.53682592
1763996400,2025-11-24 15:00:00,0.2426,0.246586,0.2445,0.245174,1490055.47346688
1764000000,2025-11-24 16:00:00,0.243842,0.24786,0.245206,0.24411,3751995.56802617
1764003600,2025-11-24 17:00:00,0.244099,0.252743,0.244099,0.252248,7194127.17476656
1764007200,2025-11-24 18:00:00,0.251135,0.255417,0.252385,0.255197,4820661.19644186
1764010800,2025-11-24 19:00:00,0.2544,0.256859,0.255144,0.255711,3015364.36385772
1764014400,2025-11-24 20:00:00,0.255225,0.260099,0.25585,0.256742,5702544.51116381
1764018000,2025-11-24 21:00:00,0.255296,0.257532,0.256725,0.256735,1684840.73912071
1764021600,2025-11-24 22:00:00,0.255697,0.258429,0.256714,0.256066,1405709.2162012
1764025200,2025-11-24 23:00:00,0.254427,0.256676,0.256095,0.254591,1770238.25079239
1764028800,2025-11-25 00:00:00,0.253739,0.256304,0.254667,0.255956,1946440.52874427
1764032400,2025-11-25 01:00:00,0.2541,0.256025,0.255988,0.254366,1049417.29319627
1764036000,2025-11-25 02:00:00,0.251945,0.255316,0.254371,0.253962,2284513.32581854
1764039600,2025-11-25 03:00:00,0.252411,0.254606,0.25405,0.252946,931450.78697448
1764043200,2025-11-25 04:00:00,0.252247,0.255086,0.252967,0.254484,1241670.24850133
1764046800,2025-11-25 05:00:00,0.252388,0.254718,0.254452,0.252568,442273.01489366
1764050400,2025-11-25 06:00:00,0.250603,0.253155,0.25249,0.251755,3340812.31240452
1764054000,2025-11-25 07:00:00,0.250237,0.253174,0.251756,0.250518,1412854.55448985
1764057600,2025-11-25 08:00:00,0.247658,0.250775,0.25053,0.247968,734934.05829081
1764061200,2025-11-25 09:00:00,0.246528,0.248825,0.247968,0.248416,951080.53861317
1764064800,2025-11-25 10:00:00,0.247143,0.248703,0.248384,0.248444,529887.76661168
1764068400,2025-11-25 11:00:00,0.247101,0.248704,0.248417,0.247972,683168.97778558
1764072000,2025-11-25 12:00:00,0.247392,0.249734,0.248,0.249696,1465014.7584406
1764075600,2025-11-25 13:00:00,0.24605,0.250203,0.249663,0.246562,2916938.61466233
1764079200,2025-11-25 14:00:00,0.24149,0.24719,0.246582,0.243466,3055450.47208515
1764082800,2025-11-25 15:00:00,0.241,0.245638,0.243468,0.244913,2890190.23233704
1764086400,2025-11-25 16:00:00,0.244074,0.24784,0.244848,0.247293,979960.62343191
1764090000,2025-11-25 17:00:00,0.245862,0.251382,0.247228,0.249847,1341924.37359827
1764093600,2025-11-25 18:00:00,0.24833,0.251369,0.249812,0.248672,1380051.93602206
1764097200,2025-11-25 19:00:00,0.244863,0.248786,0.24871,0.24795,1304819.86143236
1764100800,2025-11-25 20:00:00,0.24795,0.252622,0.248026,0.251057,1052746.46204361
1764104400,2025-11-25 21:00:00,0.249508,0.251953,0.251047,0.249508,841068.67285894
1764108000,2025-11-25 22:00:00,0.248159,0.25296,0.249581,0.25251,2750027.25350112
1764111600,2025-11-25 23:00:00,0.251502,0.254812,0.252569,0.252182,790499.02946857
1764115200,2025-11-26 00:00:00,0.251788,0.253852,0.252182,0.251944,1469251.1312775
1764118800,2025-11-26 01:00:00,0.251321,0.254094,0.251941,0.252665,811866.83385326
1764122400,2025-11-26 02:00:00,0.251207,0.253385,0.252549,0.251317,810425.85872876
1764126000,2025-11-26 03:00:00,0.248513,0.251715,0.25137,0.248745,1639914.63402383
1764129600,2025-11-26 04:00:00,0.248193,0.249318,0.248746,0.24836,825367.72438592
1764133200,2025-11-26 05:00:00,0.248224,0.250496,0.24832,0.250092,1234072.21412553
1764136800,2025-11-26 06:00:00,0.249444,0.252272,0.250077,0.25184,601652.70388346
1764140400,2025-11-26 07:00:00,0.251744,0.254125,0.251808,0.254051,1481241.24034077
1764144000,2025-11-26 08:00:00,0.253065,0.25535,0.254046,0.254662,1283443.11478491
1764147600,2025-11-26 09:00:00,0.251163,0.255618,0.25466,0.252897,1588817.24625037
1764151200,2025-11-26 10:00:00,0.250942,0.253463,0.252929,0.252739,373011.5629584
1764154800,2025-11-26 11:00:00,0.249246,0.252691,0.252691,0.250099,617076.34150489
1764158400,2025-11-26 12:00:00,0.247839,0.25049,0.250094,0.249386,781340.90297553
1764162000,2025-11-26 13:00:00,0.248384,0.252091,0.249368,0.251237,1020447.6268343
1764165600,2025-11-26 14:00:00,0.247945,0.251521,0.251229,0.248507,1438136.64593216
1764169200,2025-11-26 15:00:00,0.248304,0.25176,0.248461,0.250414,1923451.74281873
1764172800,2025-11-26 16:00:00,0.250382,0.25556,0.250421,0.251342,4313637.32812988
1764176400,2025-11-26 17:00:00,0.251029,0.258873,0.251329,0.258538,4868951.57348419
1764180000,2025-11-26 18:00:00,0.25857,0.261963,0.258687,0.26179,6412783.73004212
1764183600,2025-11-26 19:00:00,0.259701,0.261957,0.261787,0.261112,2686530.48199868
1764187200,2025-11-26 20:00:00,0.259453,0.26194,0.260961,0.26052,1379582.49459679
1764190800,2025-11-26 21:00:00,0.259022,0.261346,0.260513,0.260621,2645984.05499499
1764194400,2025-11-26 22:00:00,0.25875,0.260987,0.260533,0.259323,667122.08531839
1764198000,2025-11-26 23:00:00,0.257821,0.259205,0.259168,0.258454,1700268.25021236
1764201600,2025-11-27 00:00:00,0.257101,0.259427,0.258453,0.257459,2607507.28571428
1764205200,2025-11-27 01:00:00,0.256924,0.259308,0.257422,0.258887,1119826.78545444
1764208800,2025-11-27 02:00:00,0.257026,0.259116,0.2589,0.257131,2401506.06864197
1764212400,2025-11-27 03:00:00,0.256071,0.257568,0.257088,0.256421,2355445.05683264
1764216000,2025-11-27 04:00:00,0.256402,0.258373,0.256425,0.257888,819674.08117761
1764219600,2025-11-27 05:00:00,0.256449,0.259103,0.257984,0.256931,1825425.99452685
1764223200,2025-11-27 06:00:00,0.256946,0.259054,0.256959,0.258336,874326.17570897
1764226800,2025-11-27 07:00:00,0.257581,0.25901,0.258304,0.257701,367854.59056531
1764230400,2025-11-27 08:00:00,0.256737,0.257856,0.257697,0.25755,827015.84779545
1764234000,2025-11-27 09:00:00,0.256681,0.258405,0.257508,0.256831,947359.47856067
1764237600,2025-11-27 10:00:00,0.254958,0.257542,0.256858,0.254986,2492810.39744595
1764241200,2025-11-27 11:00:00,0.252653,0.255112,0.255045,0.25347,1381115.34324182
1764244800,2025-11-27 12:00:00,0.250913,0.254606,0.253444,0.25116,3300596.55855197
1764248400,2025-11-27 13:00:00,0.250908,0.252285,0.251135,0.251971,1276460.39124158
1764252000,2025-11-27 14:00:00,0.25164,0.253079,0.252,0.252687,1605559.24937879
1764255600,2025-11-27 15:00:00,0.251538,0.254277,0.252672,0.254011,969944.11434617
1764259200,2025-11-27 16:00:00,0.25308,0.255805,0.254018,0.255271,1544957.66493728
1764262800,2025-11-27 17:00:00,0.253078,0.25536,0.25527,0.25398,754674.23472766
1764266400,2025-11-27 18:00:00,0.2532,0.255927,0.254014,0.255716,1191374.77770148
1764270000,2025-11-27 19:00:00,0.254166,0.255691,0.255691,0.25521,443382.9015887
1764273600,2025-11-27 20:00:00,0.25518,0.256,0.25527,0.255835,688391.06813565
1764277200,2025-11-27 21:00:00,0.255269,0.256927,0.255807,0.256023,1654018.02991258
1764280800,2025-11-27 22:00:00,0.254513,0.256977,0.25599,0.25517,377291.26604048
1764284400,2025-11-27 23:00:00,0.255026,0.256446,0.255107,0.25573,290139.43311534
1764288000,2025-11-28 00:00:00,0.254002,0.255939,0.25564,0.25459,743707.34353376
1764291600,2025-11-28 01:00:00,0.251065,0.254835,0.254554,0.251335,644178.75340467
1764295200,2025-11-28 02:00:00,0.250991,0.2539,0.251405,0.253404,646850.36889072
1764298800,2025-11-28 03:00:00,0.252276,0.25388,0.253355,0.252942,380109.18970155
1764302400,2025-11-28 04:00:00,0.251965,0.253092,0.25305,0.252061,514607.2413009
1764306000,2025-11-28 05:00:00,0.2509,0.253917,0.252036,0.253676,1303730.76770522
1764309600,2025-11-28 06:00:00,0.252525,0.255384,0.253646,0.25501,323501.79894283
1764313200,2025-11-28 07:00:00,0.25443,0.256395,0.254975,0.255108,405313.46927763
1764316800,2025-11-28 08:00:00,0.255168,0.261769,0.255168,0.261722,1116390.48850012
1764320400,2025-11-28 09:00:00,0.25895,0.261836,0.261722,0.259454,2691844.55778958
1764324000,2025-11-28 10:00:00,0.258452,0.2598,0.259454,0.25911,432322.92444491
1764327600,2025-11-28 11:00:00,0.254904,0.25917,0.259109,0.256273,1133076.13141543
1764331200,2025-11-28 12:00:00,0.254948,0.256882,0.256287,0.255645,670752.98363906
1764334800,2025-11-28 13:00:00,0.254897,0.258926,0.255645,0.258687,1032379.67594467
1764338400,2025-11-28 14:00:00,0.25757,0.260959,0.258592,0.25963,3804934.8583558
1764342000,2025-11-28 15:00:00,0.259462,0.263,0.25967,0.259958,3333579.58138442
1764345600,2025-11-28 16:00:00,0.255237,0.260161,0.259962,0.255263,1892562.12985052
1764349200,2025-11-28 17:00:00,0.253,0.256189,0.25536,0.253619,3615667.13083017
1764352800,2025-11-28 18:00:00,0.251866,0.254985,0.253621,0.253921,1425625.75556675
1764356400,2025-11-28 19:00:00,0.2538,0.255882,0.253884,0.25545,722058.41338561
1764360000,2025-11-28 20:00:00,0.253891,0.25554,0.25554,0.25476,638204.92748704
1764363600,2025-11-28 21:00:00,0.253231,0.254957,0.25477,0.25325,562967.58354688
1764367200,2025-11-28 22:00:00,0.252488,0.254655,0.25323,0.254479,561373.15320861
1764370800,2025-11-28 23:00:00,0.253143,0.25519,0.254496,0.253312,417762.43642211
1764374400,2025-11-29 00:00:00,0.252341,0.253854,0.25333,0.253246,494157.03942112
1764378000,2025-11-29 01:00:00,0.252168,0.253972,0.253215,0.252679,731347.57251714
1764381600,2025-11-29 02:00:00,0.251343,0.252937,0.252631,0.252182,279939.51190804
1764385200,2025-11-29 03:00:00,0.251298,0.25298,0.252149,0.251616,462412.10762228
1764388800,2025-11-29 04:00:00,0.251091,0.254602,0.251668,0.254534,1469172.35862393
1764392400,2025-11-29 05:00:00,0.25203,0.25455,0.254475,0.252196,402781.07587215
1764396000,2025-11-29 06:00:00,0.249973,0.252715,0.252209,0.251658,1185556.96843918
1764399600,2025-11-29 07:00:00,0.251581,0.254224,0.25164,0.252438,3008159.57934062
1764403200,2025-11-29 08:00:00,0.251969,0.253302,0.25242,0.252244,526565.78383815
1764406800,2025-11-29 09:00:00,0.251424,0.252378,0.252301,0.252172,248609.79098289
1764410400,2025-11-29 10:00:00,0.251412,0.253344,0.252176,0.253108,407731.57229135
1764414000,2025-11-29 11:00:00,0.252723,0.256154,0.253114,0.25557,752752.21224332
1764417600,2025-11-29 12:00:00,0.255,0.256757,0.2556,0.255,237801.20309293
1764421200,2025-11-29 13:00:00,0.253751,0.255262,0.254975,0.253852,380995.75030107
1764424800,2025-11-29 14:00:00,0.253163,0.254636,0.253854,0.253299,358189.00181249
1764428400,2025-11-29 15:00:00,0.253224,0.255815,0.253286,0.255215,478516.28865102
1764432000,2025-11-29 16:00:00,0.254471,0.256537,0.255315,0.256514,434052.63889451
1764435600,2025-11-29 17:00:00,0.255591,0.257794,0.256448,0.255591,851842.06921954
1764439200,2025-11-29 18:00:00,0.2535,0.256564,0.25581,0.255728,1876411.87260292
1764442800,2025-11-29 19:00:00,0.25402,0.25578,0.25564,0.254713,754695.76716671
1764446400,2025-11-29 20:00:00,0.253479,0.256924,0.254751,0.256645,621432.83336978
1764450000,2025-11-29 21:00:00,0.254381,0.256942,0.256725,0.255272,550911.89726735
1764453600,2025-11-29 22:00:00,0.25443,0.255745,0.255183,0.254946,397404.83124098
1764457200,2025-11-29 23:00:00,0.253817,0.255316,0.254795,0.253996,371029.37553438
1764460800,2025-11-30 00:00:00,0.252845,0.254743,0.253996,0.252872,534117.37785853
1764464400,2025-11-30 01:00:00,0.252637,0.255974,0.252845,0.253968,449629.06610864
1764468000,2025-11-30 02:00:00,0.252701,0.25487,0.253969,0.252752,325795.5411214
1764471600,2025-11-30 03:00:00,0.251373,0.254093,0.25279,0.254093,487959.61660194
1764475200,2025-11-30 04:00:00,0.252691,0.254313,0.254093,0.25359,269338.88625344
1764478800,2025-11-30 05:00:00,0.252106,0.253678,0.25347,0.253055,300709.16068894
1764482400,2025-11-30 06:00:00,0.252815,0.25479,0.253023,0.253371,249017.70892777
1764486000,2025-11-30 07:00:00,0.252953,0.254137,0.253344,0.253553,385201.75335985
1764489600,2025-11-30 08:00:00,0.252722,0.254864,0.25354,0.253022,705332.08867388
1764493200,2025-11-30 09:00:00,0.252246,0.253844,0.253019,0.252951,545238.99272079
1764496800,2025-11-30 10:00:00,0.251669,0.252926,0.252926,0.25181,231399.44523226
1764500400,2025-11-30 11:00:00,0.250602,0.252314,0.251771,0.250835,560527.52345398
1764504000,2025-11-30 12:00:00,0.250376,0.253504,0.250824,0.252654,662280.10204467
1764507600,2025-11-30 13:00:00,0.252077,0.254056,0.25262,0.253021,464918.89292352
1764511200,2025-11-30 14:00:00,0.251014,0.25308,0.253061,0.25193,714108.3672566
1764514800,2025-11-30 15:00:00,0.250979,0.252858,0.251923,0.252599,581454.86205338
1764518400,2025-11-30 16:00:00,0.252586,0.254566,0.252614,0.254151,689211.72534843
1764522000,2025-11-30 17:00:00,0.251093,0.25415,0.25415,0.252178,617076.05796449
1764525600,2025-11-30 18:00:00,0.25086,0.252184,0.252184,0.251459,599090.18959345
1764529200,2025-11-30 19:00:00,0.250918,0.251915,0.251397,0.251425,596350.40685353
1764532800,2025-11-30 20:00:00,0.250393,0.252324,0.251381,0.250435,293200.3042395
1764536400,2025-11-30 21:00:00,0.250003,0.251532,0.250513,0.250392,1230577.67002849
1764540000,2025-11-30 22:00:00,0.25041,0.252515,0.25041,0.251947,681713.09400983
1764543600,2025-11-30 23:00:00,0.247715,0.25204,0.251919,0.248069,2529070.55323085
1764547200,2025-12-01 00:00:00,0.235531,0.24888,0.247942,0.235638,12411441.9400963
1764550800,2025-12-01 01:00:00,0.235376,0.239689,0.235642,0.237327,3241164.38526779
1764554400,2025-12-01 02:00:00,0.235818,0.238876,0.237162,0.236336,1541037.99591743
1764558000,2025-12-01 03:00:00,0.233268,0.236511,0.236313,0.234003,2241905.7811218
1764561600,2025-12-01 04:00:00,0.230494,0.234664,0.234068,0.231431,2612475.71796183
1764565200,2025-12-01 05:00:00,0.230465,0.232264,0.231362,0.231883,2799063.19839872
1764568800,2025-12-01 06:00:00,0.23038,0.232591,0.231838,0.231634,5708188.51563429
1764572400,2025-12-01 07:00:00,0.230527,0.232215,0.231648,0.231797,1081718.46308231
1764576000,2025-12-01 08:00:00,0.231516,0.233918,0.231754,0.2336,923510.87719548
1764579600,2025-12-01 09:00:00,0.23195,0.234539,0.23348,0.2324,898366.29857815
1764583200,2025-12-01 10:00:00,0.231937,0.2329,0.23244,0.232453,583296.29059903
1764586800,2025-12-01 11:00:00,0.230412,0.23252,0.232464,0.230804,1523994.82725238
1764590400,2025-12-01 12:00:00,0.226735,0.231839,0.230832,0.231252,3841611.56800855
1764594000,2025-12-01 13:00:00,0.231013,0.23279,0.231224,0.231693,3723103.07963405
1764597600,2025-12-01 14:00:00,0.23,0.235191,0.231675,0.232808,1937159.81411635
1764601200,2025-12-01 15:00:00,0.228289,0.234553,0.233013,0.232269,2806576.19891616
1764604800,2025-12-01 16:00:00,0.226909,0.232551,0.232269,0.227,4052681.62292534
1764608400,2025-12-01 17:00:00,0.226864,0.229614,0.227,0.226958,3886292.00218429
1764612000,2025-12-01 18:00:00,0.226948,0.229416,0.226987,0.229029,2228875.98244894
1764615600,2025-12-01 19:00:00,0.22748,0.229279,0.228987,0.228444,858437.70060485
1764619200,2025-12-01 20:00:00,0.228434,0.234044,0.228537,0.232947,2024540.81283357
1764622800,2025-12-01 21:00:00,0.231702,0.234828,0.232977,0.233987,1423292.18059856
1764626400,2025-12-01 22:00:00,0.23331,0.234907,0.234003,0.233872,654434.50487437
1764630000,2025-12-01 23:00:00,0.233624,0.235733,0.233873,0.233838,1209078.39007887
1764633600,2025-12-02 00:00:00,0.232875,0.23465,0.233834,0.233196,469014.62196274
1764637200,2025-12-02 01:00:00,0.232806,0.236055,0.233243,0.233008,789737.07959172
1764640800,2025-12-02 02:00:00,0.232301,0.234465,0.233039,0.232548,1643372.56450969
1764644400,2025-12-02 03:00:00,0.230901,0.233685,0.232576,0.233602,553971.25924896
1764648000,2025-12-02 04:00:00,0.233277,0.234434,0.233602,0.233552,559233.67240633
1764651600,2025-12-02 05:00:00,0.232584,0.233846,0.233541,0.233013,484029.1331876
1764655200,2025-12-02 06:00:00,0.232561,0.234188,0.233046,0.233999,436145.16468747
1764658800,2025-12-02 07:00:00,0.232221,0.233942,0.233942,0.232591,254725.20253933
1764662400,2025-12-02 08:00:00,0.230111,0.232609,0.232591,0.230905,508784.09122121
1764666000,2025-12-02 09:00:00,0.230621,0.232161,0.230958,0.231462,293818.97530598
1764669600,2025-12-02 10:00:00,0.231412,0.235385,0.23142,0.234596,1174429.15341625
1764673200,2025-12-02 11:00:00,0.23424,0.237106,0.234548,0.236597,1731096.45001667
1764676800,2025-12-02 12:00:00,0.235015,0.236933,0.23661,0.236012,1175112.34598268
1764680400,2025-12-02 13:00:00,0.235219,0.23769,0.236039,0.23715,3411873.8612556
1764684000,2025-12-02 14:00:00,0.23709,0.243037,0.23714,0.242697,6042214.97375253
1764687600,2025-12-02 15:00:00,0.242652,0.251694,0.2427,0.251244,6057255.31582415
1764691200,2025-12-02 16:00:00,0.249674,0.25227,0.251218,0.250476,2039858.55670396
1764694800,2025-12-02 17:00:00,0.249066,0.25459,0.250477,0.253055,2146597.69336256
1764698400,2025-12-02 18:00:00,0.252583,0.255348,0.253094,0.254383,1694324.72128679
1764702000,2025-12-02 19:00:00,0.254354,0.256309,0.254394,0.254821,2780174.26802771
1764705600,2025-12-02 20:00:00,0.254663,0.256904,0.254755,0.25678,2918122.74756067
1764709200,2025-12-02 21:00:00,0.254949,0.25803,0.256813,0.256677,3147584.4440494
1764712800,2025-12-02 22:00:00,0.25542,0.257775,0.25669,0.257775,931574.32602562
1764716400,2025-12-02 23:00:00,0.254239,0.25802,0.257775,0.254688,1633732.80045273
1764720000,2025-12-03 00:00:00,0.252211,0.255732,0.25473,0.25474,2036087.30285025
1764723600,2025-12-03 01:00:00,0.253636,0.255174,0.25479,0.254019,771178.24648655
1764727200,2025-12-03 02:00:00,0.25382,0.256727,0.254012,0.255285,1139290.41325729
1764730800,2025-12-03 03:00:00,0.25333,0.255779,0.255288,0.25333,886228.1960373
1764734400,2025-12-03 04:00:00,0.252665,0.257468,0.253295,0.257193,1841973.56161482
1764738000,2025-12-03 05:00:00,0.25711,0.260067,0.257205,0.259519,1704440.57699797
1764741600,2025-12-03 06:00:00,0.258394,0.262955,0.25956,0.25883,1614714.72013899
1764745200,2025-12-03 07:00:00,0.257621,0.259145,0.258894,0.257875,469362.63851018
1764748800,2025-12-03 08:00:00,0.256976,0.258495,0.257888,0.258225,1187478.05644898
1764752400,2025-12-03 09:00:00,0.255945,0.258177,0.258177,0.257417,1397437.62747061
1764756000,2025-12-03 10:00:00,0.256269,0.258528,0.257425,0.256461,448706.65512286
1764759600,2025-12-03 11:00:00,0.2558,0.257024,0.256448,0.25635,543148.93438089
1764763200,2025-12-03 12:00:00,0.255211,0.25688,0.256379,0.255892,812778.37856658
1764766800,2025-12-03 13:00:00,0.254726,0.25669,0.255968,0.255354,963146.91531326
1764770400,2025-12-03 14:00:00,0.251332,0.258057,0.25543,0.253598,3615577.23984957
1764774000,2025-12-03 15:00:00,0.253347,0.258893,0.253614,0.257559,1619864.25274702
1764777600,2025-12-03 16:00:00,0.254867,0.258861,0.257564,0.254931,4326874.78435156
1764781200,2025-12-03 17:00:00,0.254991,0.259008,0.254997,0.258292,1945326.62071774
1764784800,2025-12-03 18:00:00,0.255876,0.259412,0.258306,0.256523,1313659.10424093
1764788400,2025-12-03 19:00:00,0.256026,0.257609,0.256492,0.257598,852605.02197095
1764792000,2025-12-03 20:00:00,0.256214,0.258475,0.257537,0.257102,1947895.21284797
1764795600,2025-12-03 21:00:00,0.25648,0.259055,0.257107,0.258943,1417527.85509642
1764799200,2025-12-03 22:00:00,0.258286,0.260862,0.259014,0.26006,2011320.50654207
1764802800,2025-12-03 23:00:00,0.257781,0.261198,0.260232,0.258006,855799.8874193
1764806400,2025-12-04 00:00:00,0.255971,0.258341,0.258048,0.25704,994858.24117871
1764810000,2025-12-04 01:00:00,0.25624,0.259,0.257005,0.256341,677004.76781759
1764813600,2025-12-04 02:00:00,0.256096,0.25859,0.256375,0.256935,868732.61195972
1764817200,2025-12-04 03:00:00,0.255434,0.258395,0.256924,0.258324,1134481.87889387
1764820800,2025-12-04 04:00:00,0.255846,0.258906,0.258405,0.256406,1155957.07765726
1764824400,2025-12-04 05:00:00,0.255602,0.257215,0.25641,0.25637,346689.68328709
1764828000,2025-12-04 06:00:00,0.254,0.256531,0.256408,0.25491,985687.61858559
1764831600,2025-12-04 07:00:00,0.2531,0.25494,0.254939,0.2541,834316.17010633
1764835200,2025-12-04 08:00:00,0.25322,0.25468,0.254134,0.253538,276526.67360173
1764838800,2025-12-04 09:00:00,0.25347,0.255186,0.25354,0.254478,251005.41074661
1764842400,2025-12-04 10:00:00,0.253985,0.254782,0.254518,0.254257,402286.58700082
1764846000,2025-12-04 11:00:00,0.253579,0.254906,0.254184,0.254119,247634.44496074
1764849600,2025-12-04 12:00:00,0.253299,0.254478,0.25411,0.253932,365701.40387178
1764853200,2025-12-04 13:00:00,0.250862,0.2541,0.253974,0.25098,860865.5068071
1764856800,2025-12-04 14:00:00,0.249627,0.252337,0.25095,0.2504,1482982.51161616
1764860400,2025-12-04 15:00:00,0.2502,0.255637,0.250226,0.255254,1688010.4155683
1764864000,2025-12-04 16:00:00,0.253072,0.25602,0.255169,0.25354,1213763.8181679
1764867600,2025-12-04 17:00:00,0.25085,0.253776,0.253522,0.253266,1043154.07411552
1764871200,2025-12-04 18:00:00,0.251128,0.253495,0.253255,0.25165,1272332.67091774
1764874800,2025-12-04 19:00:00,0.248451,0.252683,0.251637,0.252278,4354767.26991834
1764878400,2025-12-04 20:00:00,0.25164,0.254928,0.252281,0.25406,541452.12448585
1764882000,2025-12-04 21:00:00,0.252324,0.254196,0.254067,0.252588,512268.76234147
1764885600,2025-12-04 22:00:00,0.252294,0.253488,0.25263,0.252491,307777.32330169
1764889200,2025-12-04 23:00:00,0.251559,0.2531,0.252463,0.252057,417363.2634648
1764892800,2025-12-05 00:00:00,0.252008,0.25346,0.252069,0.252573,589042.8939582
1764896400,2025-12-05 01:00:00,0.25252,0.253932,0.2526,0.253325,473525.07488067
1764900000,2025-12-05 02:00:00,0.2526,0.254184,0.25334,0.25299,840395.0266769
1764903600,2025-12-05 03:00:00,0.251338,0.25354,0.25302,0.25191,611974.64477097
1764907200,2025-12-05 04:00:00,0.250692,0.252741,0.25188,0.251678,586847.57225118
1764910800,2025-12-05 05:00:00,0.2509,0.25175,0.251632,0.2512,215135.93847129
1764914400,2025-12-05 06:00:00,0.25115,0.25215,0.251221,0.251775,228328.53559672
1764918000,2025-12-05 07:00:00,0.25155,0.25295,0.2516,0.25236,204831.72551891
1764921600,2025-12-05 08:00:00,0.250695,0.25237,0.25237,0.251427,225349.85279427
1764925200,2025-12-05 09:00:00,0.24854,0.25128,0.25128,0.24871,394965.84649686
1764928800,2025-12-05 10:00:00,0.248815,0.25097,0.248846,0.24952,395053.18017212
1764932400,2025-12-05 11:00:00,0.247872,0.249785,0.249595,0.24909,553474.63039729
1764936000,2025-12-05 12:00:00,0.248878,0.249993,0.249044,0.249074,478998.8835947
1764939600,2025-12-05 13:00:00,0.247526,0.249964,0.249034,0.248354,1675146.88832964
1764943200,2025-12-05 14:00:00,0.246287,0.249522,0.2483,0.247279,1480246.49210296
1764946800,2025-12-05 15:00:00,0.247321,0.251758,0.247321,0.248378,1452760.65581625
1764950400,2025-12-05 16:00:00,0.242155,0.248446,0.248308,0.24392,5746569.02392941
1764954000,2025-12-05 17:00:00,0.241505,0.244715,0.24382,0.243615,1463453.46528435
1764957600,2025-12-05 18:00:00,0.24083,0.244568,0.243644,0.241201,1848444.18382232
1764961200,2025-12-05 19:00:00,0.240414,0.242592,0.241183,0.242076,1105554.83923369
1764964800,2025-12-05 20:00:00,0.239147,0.24192,0.24192,0.239382,564765.5462589
1764968400,2025-12-05 21:00:00,0.2389,0.240088,0.239414,0.238958,686716.84270363
1764972000,2025-12-05 22:00:00,0.238816,0.240633,0.23904,0.239818,651059.02502756
1764975600,2025-12-05 23:00:00,0.239136,0.240191,0.239963,0.239776,693456.65978402
1764979200,2025-12-06 00:00:00,0.238752,0.240672,0.239744,0.240034,1408698.08959028
1764982800,2025-12-06 01:00:00,0.239154,0.240086,0.24001,0.239696,243516.96999836
1764986400,2025-12-06 02:00:00,0.2389,0.240224,0.239688,0.240191,534436.78249777
1764990000,2025-12-06 03:00:00,0.240192,0.241966,0.240192,0.241801,274707.01903673
1764993600,2025-12-06 04:00:00,0.240807,0.241855,0.241798,0.24123,155137.54168324
1764997200,2025-12-06 05:00:00,0.239907,0.241312,0.24123,0.240709,205851.57016184
1765000800,2025-12-06 06:00:00,0.240195,0.241598,0.240608,0.240257,699170.08424071
1765004400,2025-12-06 07:00:00,0.239008,0.240543,0.240257,0.239449,263152.49784212
1765008000,2025-12-06 08:00:00,0.23769,0.23955,0.239488,0.237836,1244103.0184699
1765011600,2025-12-06 09:00:00,0.23779,0.239872,0.23783,0.239396,243076.06218411
1765015200,2025-12-06 10:00:00,0.2385,0.23956,0.239396,0.23872,361673.74614441
1765018800,2025-12-06 11:00:00,0.238528,0.240289,0.238688,0.239969,144258.8836404
1765022400,2025-12-06 12:00:00,0.239642,0.241033,0.239984,0.240413,229242.82886557
1765026000,2025-12-06 13:00:00,0.240192,0.24112,0.240444,0.240416,193663.34076901
1765029600,2025-12-06 14:00:00,0.240342,0.242807,0.240431,0.241559,552618.96663728
1765033200,2025-12-06 15:00:00,0.239136,0.241677,0.241523,0.24016,784416.57490455
1765036800,2025-12-06 16:00:00,0.240172,0.241792,0.240186,0.240832,401447.96359434
1765040400,2025-12-06 17:00:00,0.240818,0.24199,0.240915,0.241727,203325.16178635
1765044000,2025-12-06 18:00:00,0.240958,0.242727,0.241645,0.241148,433017.33752921
1765047600,2025-12-06 19:00:00,0.239128,0.241349,0.241113,0.239843,1890457.55595579
1765051200,2025-12-06 20:00:00,0.239725,0.24046,0.239932,0.240271,232099.10115537
1765054800,2025-12-06 21:00:00,0.240085,0.241264,0.240271,0.240613,496276.27502693
1765058400,2025-12-06 22:00:00,0.239472,0.240912,0.240603,0.239538,265220.56652153
1765062000,2025-12-06 23:00:00,0.238573,0.239987,0.239538,0.239555,831227.71783039
1765065600,2025-12-07 00:00:00,0.239231,0.240294,0.239551,0.240084,647875.37237334
1765069200,2025-12-07 01:00:00,0.238923,0.240129,0.240058,0.238966,574745.34001361
1765072800,2025-12-07 02:00:00,0.238942,0.240438,0.238942,0.240354,263734.43389858
1765076400,2025-12-07 03:00:00,0.240246,0.241711,0.240312,0.241466,517472.2001485
1765080000,2025-12-07 04:00:00,0.240455,0.241902,0.241475,0.240571,492374.92179801
1765083600,2025-12-07 05:00:00,0.240258,0.241472,0.240526,0.241171,167777.59554433
1765087200,2025-12-07 06:00:00,0.240964,0.242147,0.241183,0.242147,286098.83103799
1765090800,2025-12-07 07:00:00,0.239792,0.242505,0.242163,0.2403,269772.56877513
1765094400,2025-12-07 08:00:00,0.239469,0.241568,0.240327,0.240609,187947.74780115
1765098000,2025-12-07 09:00:00,0.239808,0.241331,0.240609,0.240359,517384.03258025
1765101600,2025-12-07 10:00:00,0.239576,0.241392,0.240307,0.23968,348613.91006558
1765105200,2025-12-07 11:00:00,0.23944,0.240414,0.239699,0.239776,156921.40187202
1765108800,2025-12-07 12:00:00,0.239712,0.2416,0.239872,0.241,439763.55963953
1765112400,2025-12-07 13:00:00,0.238528,0.241288,0.241017,0.239264,620970.06696719
1765116000,2025-12-07 14:00:00,0.231721,0.239245,0.239245,0.232076,3039336.83481654
1765119600,2025-12-07 15:00:00,0.231876,0.238319,0.231984,0.23776,951996.04496628
1765123200,2025-12-07 16:00:00,0.23545,0.237781,0.237781,0.237632,1142410.29474547
1765126800,2025-12-07 17:00:00,0.23648,0.2438,0.237653,0.242796,1500189.68056868
1765130400,2025-12-07 18:00:00,0.242816,0.244851,0.242816,0.243311,3632210.98245017
1765134000,2025-12-07 19:00:00,0.24192,0.243689,0.243488,0.243168,1951833.18687452
1765137600,2025-12-07 20:00:00,0.242273,0.243168,0.243168,0.242501,785959.94170825
1765141200,2025-12-07 21:00:00,0.23682,0.242496,0.242496,0.238259,2798980.48044274
1765144800,2025-12-07 22:00:00,0.233119,0.238176,0.238176,0.235711,1561797.48688216
1765148400,2025-12-07 23:00:00,0.234651,0.237486,0.2356,0.237348,750241.05242214
1765152000,2025-12-08 00:00:00,0.236944,0.239381,0.237309,0.237992,813093.092564
1765155600,2025-12-08 01:00:00,0.237898,0.24306,0.237986,0.24035,745769.73014331
1765159200,2025-12-08 02:00:00,0.239856,0.241984,0.240312,0.241782,516186.17458221
1765162800,2025-12-08 03:00:00,0.240371,0.241946,0.241806,0.241184,1143556.13385264
1765166400,2025-12-08 04:00:00,0.241224,0.243304,0.241224,0.242308,234018.28694494
1765170000,2025-12-08 05:00:00,0.241857,0.242923,0.242307,0.241987,498327.55413404
1765173600,2025-12-08 06:00:00,0.241467,0.242733,0.241984,0.241677,244018.1377088
1765177200,2025-12-08 07:00:00,0.241327,0.243576,0.241573,0.242787,1894152.29906929
1765180800,2025-12-08 08:00:00,0.242434,0.244066,0.242788,0.243748,595769.51410878
1765184400,2025-12-08 09:00:00,0.243661,0.246203,0.243724,0.244418,879837.37084416
1765188000,2025-12-08 10:00:00,0.244283,0.245259,0.244375,0.244992,261043.13184251
1765191600,2025-12-08 11:00:00,0.24321,0.245006,0.245006,0.243837,193003.74494463
1765195200,2025-12-08 12:00:00,0.242878,0.244531,0.243888,0.244371,998846.86601587
1765198800,2025-12-08 13:00:00,0.244167,0.245836,0.244486,0.245313,510243.34953885
1765202400,2025-12-08 14:00:00,0.243885,0.246763,0.245262,0.244929,4509190.52016444
1765206000,2025-12-08 15:00:00,0.241582,0.245467,0.245044,0.242683,1426029.98478246
1765209600,2025-12-08 16:00:00,0.241341,0.244766,0.242616,0.242239,2463429.08550561
1765213200,2025-12-08 17:00:00,0.240886,0.243688,0.242274,0.242735,1505046.71708153
1765216800,2025-12-08 18:00:00,0.24031,0.243853,0.242753,0.241187,605714.01132521
1765220400,2025-12-08 19:00:00,0.240995,0.24231,0.24123,0.241508,602028.09820255
1765224000,2025-12-08 20:00:00,0.24123,0.24346,0.241321,0.242859,967578.8929949
1765227600,2025-12-08 21:00:00,0.24187,0.243869,0.24294,0.24351,1948654.05494221
1765231200,2025-12-08 22:00:00,0.241651,0.243715,0.243526,0.241947,435647.42253387
1765234800,2025-12-08 23:00:00,0.240018,0.242162,0.241963,0.240633,1097610.55061204
1765238400,2025-12-09 00:00:00,0.2392,0.24171,0.240631,0.23955,434428.51093773
1765242000,2025-12-09 01:00:00,0.23805,0.23997,0.239549,0.238698,584854.66610112
1765245600,2025-12-09 02:00:00,0.23838,0.240003,0.238612,0.239132,416768.9572614
1765249200,2025-12-09 03:00:00,0.238269,0.240482,0.239219,0.24005,762868.85128962
1765252800,2025-12-09 04:00:00,0.23817,0.240217,0.24012,0.23853,588195.93267886
1765256400,2025-12-09 05:00:00,0.23769,0.23925,0.23853,0.238302,1136495.62632222
1765260000,2025-12-09 06:00:00,0.237505,0.239009,0.238308,0.238897,955483.86660833
1765263600,2025-12-09 07:00:00,0.23874,0.240552,0.23886,0.240421,585863.76711306
1765267200,2025-12-09 08:00:00,0.23919,0.2406,0.240499,0.23988,265888.14474625
1765270800,2025-12-09 09:00:00,0.238484,0.23994,0.239883,0.238876,192741.14679069
1765274400,2025-12-09 10:00:00,0.238041,0.239729,0.23882,0.2394,454352.99160211
1765278000,2025-12-09 11:00:00,0.238809,0.240731,0.2394,0.24059,237202.34061896
1765281600,2025-12-09 12:00:00,0.240483,0.24246,0.240653,0.24219,749680.77273623
1765285200,2025-12-09 13:00:00,0.241765,0.243118,0.24222,0.242427,1114224.99071164
1765288800,2025-12-09 14:00:00,0.240585,0.243119,0.242384,0.24195,1335224.67631809
1765292400,2025-12-09 15:00:00,0.241861,0.249787,0.24198,0.24962,5381441.10611948
1765296000,2025-12-09 16:00:00,0.249655,0.257788,0.249655,0.25704,8583382.967657
1765299600,2025-12-09 17:00:00,0.254175,0.258309,0.257124,0.25491,5153176.48953112
1765303200,2025-12-09 18:00:00,0.254797,0.256895,0.254939,0.25632,2152930.43090643
1765306800,2025-12-09 19:00:00,0.254909,0.256794,0.256334,0.255877,2998820.85783503
1765310400,2025-12-09 20:00:00,0.25263,0.256766,0.255747,0.254164,1385091.72810614
1765314000,2025-12-09 21:00:00,0.250356,0.254775,0.254065,0.251685,1822088.98925958
1765317600,2025-12-09 22:00:00,0.251682,0.254378,0.251682,0.253785,624893.36475234
1765321200,2025-12-09 23:00:00,0.252981,0.254635,0.25375,0.253121,911670.42569115
1765324800,2025-12-10 00:00:00,0.251168,0.253981,0.25312,0.251427,540796.01062261
1765328400,2025-12-10 01:00:00,0.250032,0.25158,0.251388,0.25041,1234666.62654728
1765332000,2025-12-10 02:00:00,0.250076,0.251751,0.250402,0.251509,947743.85723663
1765335600,2025-12-10 03:00:00,0.250964,0.252272,0.251469,0.25137,387993.95422333
1765339200,2025-12-10 04:00:00,0.25102,0.25289,0.251312,0.25199,410568.82041266
1765342800,2025-12-10 05:00:00,0.251939,0.253785,0.252006,0.252662,699508.26476886
1765346400,2025-12-10 06:00:00,0.25137,0.25263,0.25263,0.251817,244562.35127752
1765350000,2025-12-10 07:00:00,0.250212,0.251781,0.251781,0.25115,592069.01767655
1765353600,2025-12-10 08:00:00,0.25066,0.252106,0.251217,0.250699,612651.48588105
1765357200,2025-12-10 09:00:00,0.249516,0.252984,0.250682,0.25256,906028.69106886
1765360800,2025-12-10 10:00:00,0.250144,0.254479,0.25255,0.250495,579680.25941903
1765364400,2025-12-10 11:00:00,0.249816,0.251202,0.25056,0.250985,844897.15454222
1765368000,2025-12-10 12:00:00,0.249882,0.2513,0.25095,0.250955,753651.09808734
1765371600,2025-12-10 13:00:00,0.250608,0.253154,0.25091,0.252145,300863.25229258
1765375200,2025-12-10 14:00:00,0.249439,0.252548,0.252064,0.250249,804246.48137111
1765378800,2025-12-10 15:00:00,0.248768,0.251328,0.250048,0.250082,1462874.42897135
1765382400,2025-12-10 16:00:00,0.249036,0.252909,0.250054,0.249446,3513646.27359936
1765386000,2025-12-10 17:00:00,0.249421,0.251999,0.249517,0.250492,902467.8052925
1765389600,2025-12-10 18:00:00,0.249883,0.254093,0.25049,0.252584,1712700.58910665
1765393200,2025-12-10 19:00:00,0.250001,0.255467,0.252526,0.254448,3690203.60705394
1765396800,2025-12-10 20:00:00,0.252624,0.259871,0.254502,0.25305,9713347.5192248
1765400400,2025-12-10 21:00:00,0.250812,0.253986,0.253103,0.251024,878305.45494732
1765404000,2025-12-10 22:00:00,0.250342,0.253048,0.251006,0.252045,2104140.95785572
1765407600,2025-12-10 23:00:00,0.249908,0.252396,0.252037,0.249908,509072.47961795
1765411200,2025-12-11 00:00:00,0.246126,0.250496,0.249888,0.246695,2523829.45915341
1765414800,2025-12-11 01:00:00,0.24356,0.24669,0.24669,0.244226,1069142.24475804
1765418400,2025-12-11 02:00:00,0.242031,0.244148,0.244119,0.242728,2071899.20476149
1765422000,2025-12-11 03:00:00,0.239819,0.242782,0.242739,0.239846,2885971.47297756
1765425600,2025-12-11 04:00:00,0.239258,0.242782,0.239818,0.242098,1814678.11445754
1765429200,2025-12-11 05:00:00,0.240985,0.242197,0.24206,0.242111,416716.59505424
1765432800,2025-12-11 06:00:00,0.24111,0.242706,0.242111,0.241718,646648.85023373
1765436400,2025-12-11 07:00:00,0.240201,0.241809,0.24168,0.240727,513582.36967077
1765440000,2025-12-11 08:00:00,0.239722,0.241732,0.2407,0.241432,1818312.75955919
1765443600,2025-12-11 09:00:00,0.241339,0.243667,0.241423,0.243495,2017969.20710911
1765447200,2025-12-11 10:00:00,0.242625,0.244012,0.243512,0.243387,1186532.99840132
1765450800,2025-12-11 11:00:00,0.242816,0.244,0.243379,0.24321,417272.06161675
1765454400,2025-12-11 12:00:00,0.242304,0.243711,0.243218,0.24288,540211.2820784
1765458000,2025-12-11 13:00:00,0.242421,0.243864,0.242873,0.243424,550712.49664078
1765461600,2025-12-11 14:00:00,0.239828,0.243705,0.243456,0.240735,2018108.33488711
1765465200,2025-12-11 15:00:00,0.239818,0.243431,0.240732,0.240684,2133266.31814223
1765468800,2025-12-11 16:00:00,0.23915,0.242202,0.240654,0.240464,914535.99790878
1765472400,2025-12-11 17:00:00,0.239743,0.241488,0.240502,0.240055,1200690.72027032
1765476000,2025-12-11 18:00:00,0.239499,0.243453,0.240014,0.241464,1251195.05264962
1765479600,2025-12-11 19:00:00,0.24003,0.243005,0.24141,0.240449,957950.24891061
1765483200,2025-12-11 20:00:00,0.240448,0.243744,0.24048,0.243459,769775.89071976
1765486800,2025-12-11 21:00:00,0.243105,0.247835,0.243433,0.246656,3117506.45133586
1765490400,2025-12-11 22:00:00,0.24528,0.247799,0.24672,0.246304,474761.94698966
1765494000,2025-12-11 23:00:00,0.2456,0.24739,0.246298,0.245823,804249.45714287
1765497600,2025-12-12 00:00:00,0.242902,0.246769,0.245902,0.243136,1864239.1385378
1765501200,2025-12-12 01:00:00,0.243135,0.245937,0.243168,0.245215,614944.73895826
1765504800,2025-12-12 02:00:00,0.244801,0.246656,0.245213,0.24622,499211.91068067
1765508400,2025-12-12 03:00:00,0.244768,0.246904,0.246177,0.244944,395190.71820228
1765512000,2025-12-12 04:00:00,0.243444,0.245004,0.244982,0.243457,1515871.70963167
1765515600,2025-12-12 05:00:00,0.242297,0.2448,0.243506,0.244768,736432.49282534
1765519200,2025-12-12 06:00:00,0.24432,0.246022,0.2448,0.244603,316766.99251287
1765522800,2025-12-12 07:00:00,0.244069,0.245002,0.244647,0.244674,337587.66002046
1765526400,2025-12-12 08:00:00,0.242869,0.24483,0.244706,0.243663,303769.87304401
1765530000,2025-12-12 09:00:00,0.242826,0.24432,0.24366,0.244,671910.93139228
1765533600,2025-12-12 10:00:00,0.24405,0.245498,0.24412,0.245276,290946.85956848
1765537200,2025-12-12 11:00:00,0.244384,0.246871,0.245276,0.246612,593467.61416267
1765540800,2025-12-12 12:00:00,0.245687,0.247767,0.246576,0.24764,267096.7471252
1765544400,2025-12-12 13:00:00,0.246448,0.248104,0.247609,0.24694,1520577.89974998
1765548000,2025-12-12 14:00:00,0.245256,0.247197,0.247038,0.245982,610899.33902777
1765551600,2025-12-12 15:00:00,0.235909,0.245987,0.245949,0.236676,7167333.36020555
1765555200,2025-12-12 16:00:00,0.233143,0.237371,0.236729,0.235422,5637618.12882658
1765558800,2025-12-12 17:00:00,0.235224,0.23859,0.235459,0.235883,1962316.80464507
1765562400,2025-12-12 18:00:00,0.235489,0.238326,0.23587,0.23682,1387103.3664472
1765566000,2025-12-12 19:00:00,0.235283,0.236958,0.236874,0.235954,1377013.13187697
1765569600,2025-12-12 20:00:00,0.234684,0.236278,0.23602,0.235768,1334807.63091133
1765573200,2025-12-12 21:00:00,0.23547,0.237069,0.23572,0.236436,721646.77601065
1765576800,2025-12-12 22:00:00,0.236433,0.238383,0.236441,0.238383,396826.9377084
1765580400,2025-12-12 23:00:00,0.237994,0.2389,0.238391,0.238658,357968.96735831
1765584000,2025-12-13 00:00:00,0.237879,0.238902,0.238658,0.238617,365419.84809871
1765587600,2025-12-13 01:00:00,0.238064,0.239424,0.23863,0.238595,691133.94088638
1765591200,2025-12-13 02:00:00,0.238613,0.239303,0.238694,0.238778,437025.99756328
1765594800,2025-12-13 03:00:00,0.238472,0.239878,0.238778,0.23922,530720.52571922
1765598400,2025-12-13 04:00:00,0.238963,0.240024,0.239219,0.239917,600472.6499544
1765602000,2025-12-13 05:00:00,0.238844,0.240844,0.23993,0.238986,540959.76908633
1765605600,2025-12-13 06:00:00,0.238322,0.239186,0.238973,0.238357,387295.70864105
1765609200,2025-12-13 07:00:00,0.237946,0.238829,0.238395,0.238631,173541.86070787
1765612800,2025-12-13 08:00:00,0.238626,0.24038,0.238626,0.239454,262968.85993679
1765616400,2025-12-13 09:00:00,0.23916,0.240141,0.239461,0.239297,239230.33503945
1765620000,2025-12-13 10:00:00,0.238552,0.239471,0.239303,0.239032,643491.57555791
1765623600,2025-12-13 11:00:00,0.237731,0.239032,0.239032,0.23802,428859.34639719
1765627200,2025-12-13 12:00:00,0.237721,0.238703,0.238055,0.238103,359972.08145913
1765630800,2025-12-13 13:00:00,0.237931,0.238919,0.238104,0.238081,364167.92591924
1765634400,2025-12-13 14:00:00,0.23748,0.238803,0.238081,0.238441,543748.82541737
1765638000,2025-12-13 15:00:00,0.238444,0.240549,0.238483,0.239845,1355756.49015604
1765641600,2025-12-13 16:00:00,0.239512,0.240711,0.239764,0.239569,480261.7352179
1765645200,2025-12-13 17:00:00,0.237832,0.239568,0.239568,0.238068,461179.94971875
1765648800,2025-12-13 18:00:00,0.236915,0.238443,0.23794,0.236998,287147.28657514
1765652400,2025-12-13 19:00:00,0.236775,0.238003,0.23694,0.237738,490005.12220711
1765656000,2025-12-13 20:00:00,0.237108,0.238083,0.237738,0.237376,572849.4160236
1765659600,2025-12-13 21:00:00,0.236276,0.237773,0.237364,0.237678,569993.43984871
1765663200,2025-12-13 22:00:00,0.236922,0.23806,0.237687,0.237271,330036.34012817
1765666800,2025-12-13 23:00:00,0.23715,0.238194,0.23727,0.237797,299510.10189443
1765670400,2025-12-14 00:00:00,0.236931,0.237963,0.237765,0.237567,1561136.21228601
1765674000,2025-12-14 01:00:00,0.236991,0.237818,0.237598,0.237296,500033.95910224
1765677600,2025-12-14 02:00:00,0.237233,0.238391,0.237284,0.238353,438630.66180685
1765681200,2025-12-14 03:00:00,0.237535,0.238398,0.238358,0.237566,301073.73045788
1765684800,2025-12-14 04:00:00,0.2362,0.237754,0.237535,0.236401,941122.16409309
1765688400,2025-12-14 05:00:00,0.235635,0.236627,0.236313,0.236362,1042345.69377803
1765692000,2025-12-14 06:00:00,0.235548,0.236526,0.236324,0.236255,137157.38400206
1765695600,2025-12-14 07:00:00,0.235809,0.236445,0.236279,0.23616,147488.07967174
1765699200,2025-12-14 08:00:00,0.235926,0.237402,0.236082,0.236022,245083.85030623
1765702800,2025-12-14 09:00:00,0.235455,0.236144,0.236058,0.235809,187791.58247929
1765706400,2025-12-14 10:00:00,0.234556,0.236113,0.235719,0.235455,510616.75076361
1765710000,2025-12-14 11:00:00,0.232945,0.235766,0.235448,0.234388,2661081.32420765
1765713600,2025-12-14 12:00:00,0.233475,0.235363,0.234311,0.234762,479166.10447882
1765717200,2025-12-14 13:00:00,0.23362,0.234729,0.234729,0.234332,1075674.43113238
1765720800,2025-12-14 14:00:00,0.2307,0.234696,0.234333,0.231319,1936702.89272276
1765724400,2025-12-14 15:00:00,0.230505,0.232597,0.231396,0.231681,1755264.47444574
1765728000,2025-12-14 16:00:00,0.231478,0.233376,0.23166,0.232168,1193487.1455822
1765731600,2025-12-14 17:00:00,0.228502,0.23248,0.232177,0.229126,3421935.20852577
1765735200,2025-12-14 18:00:00,0.228906,0.230445,0.229102,0.23042,1413062.78316643
1765738800,2025-12-14 19:00:00,0.228723,0.230381,0.23036,0.229531,575541.49036727
1765742400,2025-12-14 20:00:00,0.228577,0.230893,0.229441,0.229257,1035006.17441673
1765746000,2025-12-14 21:00:00,0.228413,0.230008,0.229312,0.228776,594578.46743891
1765749600,2025-12-14 22:00:00,0.228369,0.229748,0.228766,0.229475,884466.25363457
1765753200,2025-12-14 23:00:00,0.2275,0.230175,0.229468,0.229522,3670649.23142472
1765756800,2025-12-15 00:00:00,0.22923,0.231182,0.229436,0.230267,2112105.20450754
1765760400,2025-12-15 01:00:00,0.230073,0.232935,0.230268,0.232188,1296664.27951091
1765764000,2025-12-15 02:00:00,0.232064,0.23517,0.232092,0.232252,2618683.20288545
1765767600,2025-12-15 03:00:00,0.231845,0.233344,0.232158,0.231924,1442697.00301873
1765771200,2025-12-15 04:00:00,0.23163,0.233404,0.231888,0.232928,608425.46290958
1765774800,2025-12-15 05:00:00,0.232447,0.233376,0.232991,0.232687,456972.56974762
1765778400,2025-12-15 06:00:00,0.231872,0.233248,0.232694,0.232544,273174.02259803
1765782000,2025-12-15 07:00:00,0.230776,0.232704,0.232544,0.231232,178406.24000064
1765785600,2025-12-15 08:00:00,0.230592,0.231515,0.231139,0.230953,228807.41006718
1765789200,2025-12-15 09:00:00,0.230848,0.231999,0.230947,0.231564,494351.3825444
1765792800,2025-12-15 10:00:00,0.231489,0.232818,0.231523,0.23196,581108.78610866
1765796400,2025-12-15 11:00:00,0.230681,0.232491,0.231837,0.231186,609286.47402561
1765800000,2025-12-15 12:00:00,0.230644,0.232224,0.231189,0.231841,339795.65023345
1765803600,2025-12-15 13:00:00,0.229488,0.231921,0.231847,0.229692,992895.0374403
1765807200,2025-12-15 14:00:00,0.224647,0.231269,0.229738,0.225984,4848096.26063808
1765810800,2025-12-15 15:00:00,0.220735,0.226241,0.225901,0.221651,7530123.00994413
1765814400,2025-12-15 16:00:00,0.218949,0.222384,0.221588,0.219228,4173597.01355936
1765818000,2025-12-15 17:00:00,0.211807,0.219821,0.219204,0.216709,16987470.85909293
1765821600,2025-12-15 18:00:00,0.215268,0.218012,0.21671,0.217814,2477106.4468868
1765825200,2025-12-15 19:00:00,0.217802,0.220356,0.217871,0.219221,1600005.62209979
1765828800,2025-12-15 20:00:00,0.217851,0.219351,0.219201,0.218516,1551306.01816538
1765832400,2025-12-15 21:00:00,0.218284,0.220157,0.218585,0.219528,1394888.37544297
1765836000,2025-12-15 22:00:00,0.2185,0.219914,0.219577,0.219806,881491.06425665
1765839600,2025-12-15 23:00:00,0.219764,0.220961,0.21985,0.220523,1718212.68238594
1765843200,2025-12-16 00:00:00,0.218565,0.22114,0.220545,0.218699,2212891.05716074
1765846800,2025-12-16 01:00:00,0.218428,0.220001,0.218746,0.21924,1406605.71213578
1765850400,2025-12-16 02:00:00,0.217877,0.219588,0.219213,0.218234,1331766.77455711
1765854000,2025-12-16 03:00:00,0.216862,0.218796,0.218234,0.218544,1305848.60597942
1765857600,2025-12-16 04:00:00,0.215,0.218787,0.218524,0.217601,1521106.43866772
1765861200,2025-12-16 05:00:00,0.217141,0.218569,0.217558,0.2178,1055512.07909765
1765864800,2025-12-16 06:00:00,0.2178,0.219328,0.217819,0.219209,896347.01873286
1765868400,2025-12-16 07:00:00,0.216557,0.219546,0.219211,0.216891,1093174.31616821
1765872000,2025-12-16 08:00:00,0.216864,0.218312,0.216919,0.217238,550461.06192305
1765875600,2025-12-16 09:00:00,0.217019,0.217822,0.217239,0.217612,269455.03858035
1765879200,2025-12-16 10:00:00,0.21728,0.221659,0.21758,0.220431,685549.99270206
1765882800,2025-12-16 11:00:00,0.22022,0.22343,0.220469,0.223106,1644110.64919687
1765886400,2025-12-16 12:00:00,0.221515,0.223405,0.22309,0.223016,1115343.6481452
1765890000,2025-12-16 13:00:00,0.219511,0.224438,0.223057,0.219528,3522599.66555757
1765893600,2025-12-16 14:00:00,0.218438,0.222434,0.219728,0.221185,2019608.5015283
1765897200,2025-12-16 15:00:00,0.219852,0.223393,0.221216,0.222832,1733089.10000858
1765900800,2025-12-16 16:00:00,0.2209,0.223106,0.222858,0.221923,1479609.83245529
1765904400,2025-12-16 17:00:00,0.219487,0.222647,0.221898,0.21957,2653450.40744534
1765908000,2025-12-16 18:00:00,0.219409,0.222036,0.219595,0.221064,3010019.50399146
1765911600,2025-12-16 19:00:00,0.219038,0.221357,0.221121,0.220662,1051533.6732907
1765915200,2025-12-16 20:00:00,0.219421,0.220712,0.22061,0.219897,1214332.43491093
1765918800,2025-12-16 21:00:00,0.219267,0.220259,0.219834,0.219682,685307.5885034
1765922400,2025-12-16 22:00:00,0.21879,0.21999,0.21968,0.21885,425094.30617838
1765926000,2025-12-16 23:00:00,0.218521,0.219719,0.21882,0.219416,1107149.74003464
1765929600,2025-12-17 00:00:00,0.218478,0.219568,0.219439,0.218741,2053006.15328813
1765933200,2025-12-17 01:00:00,0.218702,0.220654,0.218702,0.219109,853200.27205981
1765936800,2025-12-17 02:00:00,0.218,0.219809,0.219137,0.219573,660318.75671315
1765940400,2025-12-17 03:00:00,0.21894,0.220065,0.2196,0.219296,323740.15374248
1765944000,2025-12-17 04:00:00,0.21801,0.219662,0.219241,0.218207,316152.4893997
1765947600,2025-12-17 05:00:00,0.21696,0.21867,0.218211,0.218013,570156.06257153
1765951200,2025-12-17 06:00:00,0.217908,0.21924,0.217968,0.218165,467585.61953474
1765954800,2025-12-17 07:00:00,0.217727,0.21894,0.218163,0.218016,283517.04003639
1765958400,2025-12-17 08:00:00,0.215896,0.218034,0.218013,0.216037,846632.10247174
1765962000,2025-12-17 09:00:00,0.21546,0.2163,0.216057,0.215725,323882.41717163
1765965600,2025-12-17 10:00:00,0.21514,0.216313,0.2157,0.215776,351909.78749651
1765969200,2025-12-17 11:00:00,0.2156,0.21741,0.215748,0.217119,569022.94638055
1765972800,2025-12-17 12:00:00,0.21621,0.217396,0.21708,0.216674,756194.67958447
1765976400,2025-12-17 13:00:00,0.215807,0.21852,0.216662,0.218176,674623.6601584
1765980000,2025-12-17 14:00:00,0.214426,0.222946,0.218241,0.222794,2989590.11303446
1765983600,2025-12-17 15:00:00,0.216055,0.22515,0.222863,0.216228,9676025.706225
1765987200,2025-12-17 16:00:00,0.211574,0.217848,0.21609,0.212739,6643471.23475729
1765990800,2025-12-17 17:00:00,0.210005,0.213443,0.212697,0.210357,2156015.14412014
1765994400,2025-12-17 18:00:00,0.209628,0.21178,0.210317,0.210029,3051606.96414707
1765998000,2025-12-17 19:00:00,0.208975,0.212221,0.210008,0.212095,1497954.38822001
1766001600,2025-12-17 20:00:00,0.21075,0.21366,0.212116,0.21189,1192645.26490084
1766005200,2025-12-17 21:00:00,0.209683,0.212304,0.211799,0.21017,527434.97342851
1766008800,2025-12-17 22:00:00,0.20943,0.211651,0.210232,0.210691,827809.61682273
1766012400,2025-12-17 23:00:00,0.209344,0.210706,0.210706,0.210664,1457743.66420852
1766016000,2025-12-18 00:00:00,0.2101,0.212549,0.210571,0.212336,820037.1671439
1766019600,2025-12-18 01:00:00,0.210798,0.2124,0.212367,0.211441,736425.24367981
1766023200,2025-12-18 02:00:00,0.211149,0.215189,0.211441,0.212729,2841397.98221587
1766026800,2025-12-18 03:00:00,0.210824,0.212698,0.212689,0.2109,1386490.16942807
1766030400,2025-12-18 04:00:00,0.210402,0.211626,0.210905,0.21072,827853.40411574
1766034000,2025-12-18 05:00:00,0.207289,0.210753,0.210735,0.208122,2607473.37835815
1766037600,2025-12-18 06:00:00,0.207564,0.208538,0.208006,0.208329,965502.5999353
1766041200,2025-12-18 07:00:00,0.2082,0.20934,0.208264,0.20919,596292.64085124
1766044800,2025-12-18 08:00:00,0.208895,0.211002,0.209167,0.210662,517235.93446024
1766048400,2025-12-18 09:00:00,0.209623,0.211662,0.21063,0.211385,420649.87533264
1766052000,2025-12-18 10:00:00,0.211229,0.212232,0.211414,0.21175,452992.09992708
1766055600,2025-12-18 11:00:00,0.210883,0.212242,0.211792,0.212142,881509.20421097
1766059200,2025-12-18 12:00:00,0.211198,0.21252,0.21214,0.212381,688148.35387266
1766062800,2025-12-18 13:00:00,0.212407,0.21719,0.212407,0.217063,3647389.85379896
1766066400,2025-12-18 14:00:00,0.213406,0.218835,0.217063,0.214655,2697972.71642945
1766070000,2025-12-18 15:00:00,0.213255,0.217979,0.214689,0.216195,1536361.85111705
1766073600,2025-12-18 16:00:00,0.214242,0.216903,0.21623,0.21471,1323837.18716528
1766077200,2025-12-18 17:00:00,0.206196,0.214692,0.214688,0.209615,6350540.90153833
1766080800,2025-12-18 18:00:00,0.206812,0.211235,0.209597,0.20719,1153943.0381698
1766084400,2025-12-18 19:00:00,0.202901,0.207725,0.207063,0.203201,3013914.06963264
1766088000,2025-12-18 20:00:00,0.20293,0.205569,0.203198,0.203057,1679990.15892122
1766091600,2025-12-18 21:00:00,0.203091,0.207162,0.203141,0.207066,1672827.42171335
1766095200,2025-12-18 22:00:00,0.20657,0.207671,0.207067,0.207368,886437.39697549
1766098800,2025-12-18 23:00:00,0.20645,0.207615,0.207445,0.207295,903413.90694821
1766102400,2025-12-19 00:00:00,0.20508,0.20748,0.207297,0.205899,1409992.40755894
1766106000,2025-12-19 01:00:00,0.204164,0.206196,0.2059,0.204841,748584.9901054
1766109600,2025-12-19 02:00:00,0.204205,0.206682,0.204834,0.206181,829285.20994618
1766113200,2025-12-19 03:00:00,0.206023,0.21312,0.206195,0.211379,4652441.56856217
1766116800,2025-12-19 04:00:00,0.210686,0.212594,0.21138,0.211222,2011129.54407556
1766120400,2025-12-19 05:00:00,0.21005,0.211259,0.211224,0.210633,762465.73722886
1766124000,2025-12-19 06:00:00,0.210078,0.21195,0.210659,0.21195,1238920.55372031
1766127600,2025-12-19 07:00:00,0.211952,0.21579,0.21198,0.21579,3421749.26897116
1766131200,2025-12-19 08:00:00,0.2139,0.2163,0.21579,0.215681,1229649.52784304
1766134800,2025-12-19 09:00:00,0.215226,0.216721,0.215682,0.216334,1230043.11640796
1766138400,2025-12-19 10:00:00,0.216235,0.2175,0.216391,0.217305,1933655.72734099
1766142000,2025-12-19 11:00:00,0.216364,0.21792,0.21731,0.216627,1231007.92681296
1766145600,2025-12-19 12:00:00,0.21639,0.219216,0.21669,0.21891,1705015.49825316
1766149200,2025-12-19 13:00:00,0.21732,0.219155,0.218992,0.2177,1321257.6376803
1766152800,2025-12-19 14:00:00,0.216271,0.21986,0.217775,0.21819,2321822.19324162
1766156400,2025-12-19 15:00:00,0.216805,0.220519,0.21816,0.217952,6913871.97348074
1766160000,2025-12-19 16:00:00,0.21777,0.220881,0.21791,0.21825,2750748.12904869
1766163600,2025-12-19 17:00:00,0.21684,0.220149,0.21825,0.216967,2017410.45837939
1766167200,2025-12-19 18:00:00,0.21686,0.218977,0.217175,0.218387,891446.88159731
1766170800,2025-12-19 19:00:00,0.218085,0.221639,0.218379,0.220694,1209065.93480698
1766174400,2025-12-19 20:00:00,0.21938,0.22144,0.220766,0.220428,1649488.91145937
1766178000,2025-12-19 21:00:00,0.219127,0.220512,0.220431,0.219345,1257800.85880229
1766181600,2025-12-19 22:00:00,0.21928,0.220177,0.219377,0.219572,500795.25820666
1766185200,2025-12-19 23:00:00,0.218599,0.21959,0.21959,0.219218,646253.4663479
1766188800,2025-12-20 00:00:00,0.218565,0.21994,0.21918,0.218995,1136095.25817796
1766192400,2025-12-20 01:00:00,0.218844,0.219581,0.218982,0.219139,448350.50524466
1766196000,2025-12-20 02:00:00,0.21883,0.219762,0.219151,0.219534,872042.2990473
1766199600,2025-12-20 03:00:00,0.219337,0.220759,0.219558,0.220255,346776.87070602
1766203200,2025-12-20 04:00:00,0.218782,0.220335,0.220236,0.219078,360523.76045553
1766206800,2025-12-20 05:00:00,0.2189,0.220475,0.219114,0.219988,255520.29867726
1766210400,2025-12-20 06:00:00,0.219641,0.220462,0.220002,0.220409,303212.23658695
1766214000,2025-12-20 07:00:00,0.219412,0.221074,0.220409,0.220707,253893.31645265
1766217600,2025-12-20 08:00:00,0.220632,0.222958,0.220674,0.222356,464874.42774665
1766221200,2025-12-20 09:00:00,0.222299,0.223379,0.222312,0.222977,1696514.04272982
1766224800,2025-12-20 10:00:00,0.222072,0.2233,0.223027,0.222196,418923.89108008
1766228400,2025-12-20 11:00:00,0.218353,0.222222,0.222218,0.220278,3437714.00987061
1766232000,2025-12-20 12:00:00,0.218764,0.220277,0.220274,0.218854,436627.98020709
1766235600,2025-12-20 13:00:00,0.217594,0.219362,0.218824,0.218478,842955.62513664
1766239200,2025-12-20 14:00:00,0.217594,0.219308,0.218475,0.219201,792542.61606863
1766242800,2025-12-20 15:00:00,0.218099,0.219343,0.219233,0.219076,1301225.14967928
1766246400,2025-12-20 16:00:00,0.218755,0.219908,0.219101,0.219908,1301247.74732978
1766250000,2025-12-20 17:00:00,0.218426,0.220512,0.219934,0.219043,914616.27008062
1766253600,2025-12-20 18:00:00,0.217932,0.219317,0.219054,0.218489,599866.59919875
1766257200,2025-12-20 19:00:00,0.21799,0.218687,0.218489,0.218024,512745.28502869
1766260800,2025-12-20 20:00:00,0.21788,0.21852,0.218067,0.218479,506450.59020696
1766264400,2025-12-20 21:00:00,0.21812,0.218881,0.21852,0.218147,764630.07165366
1766268000,2025-12-20 22:00:00,0.217979,0.21894,0.218098,0.21864,253385.3559205
1766271600,2025-12-20 23:00:00,0.217943,0.218997,0.218701,0.218222,329340.21401406
1766275200,2025-12-21 00:00:00,0.217801,0.218526,0.218178,0.218247,378883.80439796
1766278800,2025-12-21 01:00:00,0.216701,0.218245,0.218233,0.216743,496941.15310944
1766282400,2025-12-21 02:00:00,0.216036,0.217499,0.216801,0.216572,2202802.02492453
1766286000,2025-12-21 03:00:00,0.216393,0.217238,0.216572,0.216702,493593.74213314
1766289600,2025-12-21 04:00:00,0.215928,0.216733,0.216684,0.216124,352896.94858267
1766293200,2025-12-21 05:00:00,0.215978,0.216867,0.216134,0.216108,310902.12386268
1766296800,2025-12-21 06:00:00,0.215389,0.216322,0.21606,0.215721,326047.69374544
1766300400,2025-12-21 07:00:00,0.21559,0.21683,0.215691,0.216804,402129.40623105
1766304000,2025-12-21 08:00:00,0.216427,0.218834,0.216722,0.21852,346165.68883791
1766307600,2025-12-21 09:00:00,0.218006,0.219684,0.218544,0.218544,487197.86218759
1766311200,2025-12-21 10:00:00,0.217181,0.219066,0.218573,0.217644,209471.08382826
1766314800,2025-12-21 11:00:00,0.216978,0.21779,0.217645,0.217694,404386.22922455
1766318400,2025-12-21 12:00:00,0.216006,0.218209,0.217668,0.216609,1064593.30897751
1766322000,2025-12-21 13:00:00,0.211909,0.216629,0.216612,0.212307,815926.25413436
1766325600,2025-12-21 14:00:00,0.212108,0.214368,0.212313,0.214038,827660.80618857
1766329200,2025-12-21 15:00:00,0.213391,0.21485,0.214015,0.214274,522280.67161218
1766332800,2025-12-21 16:00:00,0.213548,0.215477,0.214261,0.215395,760171.29196462
1766336400,2025-12-21 17:00:00,0.2151,0.21628,0.215424,0.215237,2210807.69019784
1766340000,2025-12-21 18:00:00,0.214137,0.21536,0.215234,0.215306,855214.03673517
1766343600,2025-12-21 19:00:00,0.214866,0.216031,0.215306,0.216027,429815.89538239
1766347200,2025-12-21 20:00:00,0.214684,0.215987,0.215929,0.214913,315971.36538818
1766350800,2025-12-21 21:00:00,0.213921,0.215318,0.214839,0.214067,394563.51351539
1766354400,2025-12-21 22:00:00,0.213915,0.216254,0.214137,0.21616,376465.89132653
1766358000,2025-12-21 23:00:00,0.21559,0.21728,0.216224,0.216409,628704.7968706
1766361600,2025-12-22 00:00:00,0.216448,0.221152,0.21648,0.217536,1662049.65302649
1766365200,2025-12-22 01:00:00,0.217002,0.219583,0.217472,0.217088,1039937.46482256
1766368800,2025-12-22 02:00:00,0.214485,0.21712,0.217056,0.216777,1214100.15725097
1766372400,2025-12-22 03:00:00,0.216301,0.218304,0.216829,0.21753,460276.83285557
1766376000,2025-12-22 04:00:00,0.217345,0.218655,0.217535,0.2184,560916.19854494
1766379600,2025-12-22 05:00:00,0.217344,0.21872,0.218337,0.217882,215684.474699
1766383200,2025-12-22 06:00:00,0.21726,0.218275,0.217833,0.217505,637167.66427954
1766386800,2025-12-22 07:00:00,0.217376,0.218842,0.217504,0.218723,232672.11669302
1766390400,2025-12-22 08:00:00,0.218604,0.220693,0.218677,0.219549,905699.24088313
1766394000,2025-12-22 09:00:00,0.2193,0.220794,0.219584,0.220744,1081747.86172281
1766397600,2025-12-22 10:00:00,0.220385,0.221,0.220825,0.220816,596750.40613421
1766401200,2025-12-22 11:00:00,0.220378,0.221734,0.220853,0.221598,1430745.48107953
1766404800,2025-12-22 12:00:00,0.221595,0.225168,0.221628,0.223405,1515519.73181625
1766408400,2025-12-22 13:00:00,0.222201,0.224564,0.223405,0.224248,1361347.88014886
1766412000,2025-12-22 14:00:00,0.222977,0.225516,0.224268,0.224705,3333557.13571104
1766415600,2025-12-22 15:00:00,0.222339,0.22616,0.224692,0.224127,2171008.57776483
1766419200,2025-12-22 16:00:00,0.222486,0.226158,0.224196,0.222845,3280059.25460959
1766422800,2025-12-22 17:00:00,0.221704,0.223636,0.222845,0.223513,2060259.53605786
1766426400,2025-12-22 18:00:00,0.222638,0.224784,0.223558,0.22316,1741337.44949036
1766430000,2025-12-22 19:00:00,0.219212,0.223272,0.223132,0.219604,2179752.33486227
1766433600,2025-12-22 20:00:00,0.218,0.220353,0.219578,0.218633,1776193.21319581
1766437200,2025-12-22 21:00:00,0.218546,0.220781,0.218624,0.219532,600306.31559784
1766440800,2025-12-22 22:00:00,0.219036,0.220866,0.219492,0.220724,681599.64367482
1766444400,2025-12-22 23:00:00,0.219922,0.220824,0.220752,0.220416,989102.75313144
1766448000,2025-12-23 00:00:00,0.219799,0.221452,0.220376,0.220666,590749.32532447
1766451600,2025-12-23 01:00:00,0.219399,0.221059,0.220653,0.219828,790887.48302263
1766455200,2025-12-23 02:00:00,0.218456,0.220696,0.2198,0.218712,562691.80713953
1766458800,2025-12-23 03:00:00,0.217857,0.22008,0.21866,0.219604,2253395.08171144
1766462400,2025-12-23 04:00:00,0.218148,0.219862,0.21955,0.218148,359433.01809246
1766466000,2025-12-23 05:00:00,0.216842,0.218312,0.218134,0.21812,1659652.68419971
1766469600,2025-12-23 06:00:00,0.216237,0.218371,0.218092,0.216916,743844.6840288
1766473200,2025-12-23 07:00:00,0.21507,0.21742,0.216923,0.215544,2870232.3781336
1766476800,2025-12-23 08:00:00,0.214339,0.215711,0.215521,0.214601,523307.94926768
1766480400,2025-12-23 09:00:00,0.214532,0.216002,0.214619,0.215787,1309510.888793
1766484000,2025-12-23 10:00:00,0.215783,0.21715,0.215783,0.217056,676837.63408277
1766487600,2025-12-23 11:00:00,0.217008,0.218198,0.217008,0.217848,1362257.39700131
1766491200,2025-12-23 12:00:00,0.216432,0.218112,0.217824,0.21692,1382359.42027116
1766494800,2025-12-23 13:00:00,0.215294,0.217216,0.216976,0.215995,570716.99013378
1766498400,2025-12-23 14:00:00,0.21345,0.216715,0.216099,0.21472,2541978.62300531
1766502000,2025-12-23 15:00:00,0.21412,0.218664,0.214712,0.216577,4344482.03483308
1766505600,2025-12-23 16:00:00,0.216152,0.218663,0.216585,0.217624,1655698.99501609
1766509200,2025-12-23 17:00:00,0.214846,0.218187,0.217615,0.215011,932124.66948435
1766512800,2025-12-23 18:00:00,0.215011,0.217669,0.215011,0.217242,994096.1000425
1766516400,2025-12-23 19:00:00,0.216412,0.218023,0.217174,0.216948,601668.06320652
1766520000,2025-12-23 20:00:00,0.216478,0.218871,0.216856,0.217632,616187.00541038
1766523600,2025-12-23 21:00:00,0.216364,0.217712,0.217595,0.217107,2139313.01761624
1766527200,2025-12-23 22:00:00,0.216144,0.217467,0.217059,0.216769,547494.32527349
1766530800,2025-12-23 23:00:00,0.21628,0.21743,0.21675,0.217122,491605.27800501
1766534400,2025-12-24 00:00:00,0.216422,0.217634,0.217076,0.217089,559719.23122467
1766538000,2025-12-24 01:00:00,0.217114,0.218153,0.217163,0.21794,677966.9955721
1766541600,2025-12-24 02:00:00,0.214311,0.217996,0.217906,0.21434,1580197.82106473
1766545200,2025-12-24 03:00:00,0.213607,0.216168,0.214315,0.215813,713859.18461657
1766548800,2025-12-24 04:00:00,0.214308,0.216732,0.215784,0.214584,627772.26967421
1766552400,2025-12-24 05:00:00,0.213472,0.215151,0.214607,0.213774,1525674.64811109
1766556000,2025-12-24 06:00:00,0.213221,0.214313,0.213739,0.214032,520011.85491604
1766559600,2025-12-24 07:00:00,0.21359,0.214534,0.214045,0.213667,610973.05895899
1766563200,2025-12-24 08:00:00,0.212856,0.214125,0.213645,0.213336,508419.33501437
1766566800,2025-12-24 09:00:00,0.213372,0.21443,0.213372,0.213912,249784.429717
1766570400,2025-12-24 10:00:00,0.213297,0.214437,0.213919,0.21402,356591.36457074
1766574000,2025-12-24 11:00:00,0.21404,0.215359,0.21404,0.214238,253794.59716558
1766577600,2025-12-24 12:00:00,0.213691,0.21536,0.214236,0.214975,564808.91565085
1766581200,2025-12-24 13:00:00,0.213498,0.215172,0.215012,0.213999,555970.35712136
1766584800,2025-12-24 14:00:00,0.212352,0.215208,0.214056,0.213768,1419330.48149211
1766588400,2025-12-24 15:00:00,0.21269,0.214703,0.213804,0.213598,914492.26951453
1766592000,2025-12-24 16:00:00,0.212297,0.214874,0.21352,0.212472,2093098.4706094
1766595600,2025-12-24 17:00:00,0.211234,0.213156,0.212458,0.21132,1581181.80357411
1766599200,2025-12-24 18:00:00,0.211045,0.212292,0.211284,0.211426,862666.31254892
1766602800,2025-12-24 19:00:00,0.211176,0.212371,0.211454,0.212328,611345.25038939
1766606400,2025-12-24 20:00:00,0.211789,0.21286,0.212363,0.212122,1066427.2905871
1766610000,2025-12-24 21:00:00,0.211868,0.213495,0.212126,0.212934,581647.60864076
1766613600,2025-12-24 22:00:00,0.211984,0.21343,0.212939,0.213417,525704.05701419
1766617200,2025-12-24 23:00:00,0.212,0.213517,0.21343,0.212,1227373.78282794
1766620800,2025-12-25 00:00:00,0.211723,0.21353,0.212021,0.211797,451568.60860543
1766624400,2025-12-25 01:00:00,0.21148,0.212849,0.211843,0.212567,292961.92477412
1766628000,2025-12-25 02:00:00,0.21222,0.21406,0.212598,0.214046,560472.05114783
1766631600,2025-12-25 03:00:00,0.21357,0.215223,0.21408,0.214227,844466.92062985
1766635200,2025-12-25 04:00:00,0.213978,0.215541,0.214243,0.215264,414524.26501802
1766638800,2025-12-25 05:00:00,0.214123,0.215391,0.215301,0.21426,217334.08344034
1766642400,2025-12-25 06:00:00,0.21414,0.21534,0.21429,0.214352,688051.21397569
1766646000,2025-12-25 07:00:00,0.213526,0.214433,0.214427,0.214187,609554.36124519
1766649600,2025-12-25 08:00:00,0.21368,0.21567,0.214151,0.214473,383591.67742057
1766653200,2025-12-25 09:00:00,0.212879,0.214603,0.21438,0.213208,506419.63700069
1766656800,2025-12-25 10:00:00,0.211381,0.213321,0.213227,0.211804,174759.51461654
1766660400,2025-12-25 11:00:00,0.211729,0.213079,0.211787,0.212511,190587.91868878
1766664000,2025-12-25 12:00:00,0.212048,0.213063,0.212454,0.212545,439074.70024658
1766667600,2025-12-25 13:00:00,0.211996,0.213237,0.212546,0.212859,499083.7790595
1766671200,2025-12-25 14:00:00,0.211787,0.21291,0.212816,0.212448,450810.82577581
1766674800,2025-12-25 15:00:00,0.21167,0.215934,0.212396,0.215115,1170902.56623646
1766678400,2025-12-25 16:00:00,0.214136,0.21663,0.2151,0.214165,2389135.84468286
1766682000,2025-12-25 17:00:00,0.213179,0.214281,0.214156,0.213883,516621.89890512
1766685600,2025-12-25 18:00:00,0.213499,0.214883,0.213847,0.214078,758804.81396177
1766689200,2025-12-25 19:00:00,0.213681,0.214388,0.214116,0.214145,595375.4789272
1766692800,2025-12-25 20:00:00,0.212976,0.214354,0.214182,0.213595,423330.37437328
1766696400,2025-12-25 21:00:00,0.2131,0.213889,0.213628,0.213416,392588.0346045
1766700000,2025-12-25 22:00:00,0.209322,0.213555,0.213474,0.21,815604.79094148
1766703600,2025-12-25 23:00:00,0.208325,0.210956,0.210033,0.209879,1442646.96794021
1766707200,2025-12-26 00:00:00,0.20815,0.210412,0.209833,0.209206,1103150.14053833
1766710800,2025-12-26 01:00:00,0.209023,0.210175,0.209149,0.209847,1221347.85125757
1766714400,2025-12-26 02:00:00,0.209675,0.215972,0.209854,0.214394,4818694.27661943
1766718000,2025-12-26 03:00:00,0.213447,0.215274,0.214396,0.2142,1042224.65618854
1766721600,2025-12-26 04:00:00,0.212828,0.214203,0.214167,0.21336,465420.04332221
1766725200,2025-12-26 05:00:00,0.212849,0.214004,0.213363,0.214003,365241.00637932
1766728800,2025-12-26 06:00:00,0.213759,0.214949,0.214004,0.214508,681278.15523236
1766732400,2025-12-26 07:00:00,0.21228,0.215488,0.214547,0.212576,456759.53649684
1766736000,2025-12-26 08:00:00,0.212548,0.213639,0.212604,0.213443,469042.57239623
1766739600,2025-12-26 09:00:00,0.213172,0.215378,0.213377,0.215355,595016.24262888
1766743200,2025-12-26 10:00:00,0.21511,0.216356,0.215385,0.216107,1186007.99913099
1766746800,2025-12-26 11:00:00,0.21525,0.216344,0.216124,0.215536,800558.19009735
1766750400,2025-12-26 12:00:00,0.21536,0.216598,0.215504,0.216028,1013009.03667407
1766754000,2025-12-26 13:00:00,0.215455,0.217107,0.216038,0.216642,695014.03147163
1766757600,2025-12-26 14:00:00,0.21168,0.216657,0.216657,0.211848,3203085.34937902
1766761200,2025-12-26 15:00:00,0.210329,0.212352,0.211806,0.211641,2789930.41428382
1766764800,2025-12-26 16:00:00,0.210419,0.212628,0.21154,0.210572,1044024.24974529
1766768400,2025-12-26 17:00:00,0.21063,0.21312,0.21063,0.21259,983267.92114753
1766772000,2025-12-26 18:00:00,0.212421,0.213739,0.2126,0.213457,650490.56758613
1766775600,2025-12-26 19:00:00,0.213189,0.214691,0.213449,0.214376,780102.81417719
1766779200,2025-12-26 20:00:00,0.21405,0.214763,0.2144,0.214163,1849504.84695441
1766782800,2025-12-26 21:00:00,0.213729,0.214774,0.2142,0.213795,375545.1785676
1766786400,2025-12-26 22:00:00,0.2134,0.214295,0.213878,0.214121,266998.77283986
1766790000,2025-12-26 23:00:00,0.213138,0.214286,0.214188,0.213355,606011.20109897
1766793600,2025-12-27 00:00:00,0.212735,0.213511,0.2133,0.212927,455143.27261391
1766797200,2025-12-27 01:00:00,0.212023,0.213145,0.21289,0.212807,1966794.42174476
1766800800,2025-12-27 02:00:00,0.212523,0.213627,0.212814,0.213275,686780.85237325
1766804400,2025-12-27 03:00:00,0.21303,0.21465,0.213342,0.214603,1564984.86460903
1766808000,2025-12-27 04:00:00,0.21288,0.214834,0.21462,0.21313,1651559.27474963
1766811600,2025-12-27 05:00:00,0.21295,0.213686,0.213125,0.213388,1418901.5263396
1766815200,2025-12-27 06:00:00,0.212755,0.213412,0.213329,0.212924,512954.90003485
1766818800,2025-12-27 07:00:00,0.21279,0.213543,0.21297,0.212797,294450.52692053
1766822400,2025-12-27 08:00:00,0.21285,0.213679,0.212935,0.213275,408608.7999187
1766826000,2025-12-27 09:00:00,0.21318,0.21426,0.213277,0.21396,437837.67710379
1766829600,2025-12-27 10:00:00,0.21308,0.21558,0.213928,0.215562,676907.01697609
1766833200,2025-12-27 11:00:00,0.214522,0.21591,0.215587,0.21591,257349.11513046
1766836800,2025-12-27 12:00:00,0.215558,0.21654,0.215936,0.215811,294514.67064082
1766840400,2025-12-27 13:00:00,0.21488,0.216029,0.215856,0.215305,919155.32551499
1766844000,2025-12-27 14:00:00,0.214621,0.21573,0.215313,0.215682,567285.94720795
1766847600,2025-12-27 15:00:00,0.21507,0.216303,0.21563,0.215881,530902.51241372
1766851200,2025-12-27 16:00:00,0.215052,0.21614,0.215881,0.215117,575349.25681427
1766854800,2025-12-27 17:00:00,0.214921,0.216075,0.215101,0.215913,499222.23197525
1766858400,2025-12-27 18:00:00,0.215634,0.216417,0.215935,0.216237,722330.67427367
1766862000,2025-12-27 19:00:00,0.2158,0.216825,0.216237,0.216825,516771.18447907
1766865600,2025-12-27 20:00:00,0.216801,0.218003,0.216838,0.217856,1815135.62308615
1766869200,2025-12-27 21:00:00,0.21771,0.21922,0.217849,0.21922,1428753.95716967
1766872800,2025-12-27 22:00:00,0.21808,0.220998,0.21922,0.218848,1377483.83544218
1766876400,2025-12-27 23:00:00,0.21871,0.221363,0.21894,0.220682,817449.0050856
1766880000,2025-12-28 00:00:00,0.220698,0.222569,0.220698,0.221806,943775.17896831
1766883600,2025-12-28 01:00:00,0.221138,0.222523,0.221806,0.222004,448532.66537342
1766887200,2025-12-28 02:00:00,0.221636,0.222869,0.221952,0.222099,544469.59025152
1766890800,2025-12-28 03:00:00,0.222021,0.222744,0.222061,0.22245,215497.15628487
1766894400,2025-12-28 04:00:00,0.222136,0.222879,0.222376,0.222258,485090.03887832
1766898000,2025-12-28 05:00:00,0.2222,0.223009,0.222326,0.222458,996014.52051655
1766901600,2025-12-28 06:00:00,0.222492,0.223905,0.222502,0.223512,1748893.19599818
1766905200,2025-12-28 07:00:00,0.223221,0.224639,0.223417,0.224367,1854914.94644411
1766908800,2025-12-28 08:00:00,0.223131,0.224759,0.224375,0.223131,2019771.79516303
1766912400,2025-12-28 09:00:00,0.222672,0.2235,0.223177,0.223,641806.36770811
1766916000,2025-12-28 10:00:00,0.222631,0.223619,0.223,0.223468,888425.34200102
1766919600,2025-12-28 11:00:00,0.22306,0.22404,0.22348,0.223987,975714.20371209
1766923200,2025-12-28 12:00:00,0.22176,0.22416,0.223988,0.221916,496810.37043622
1766926800,2025-12-28 13:00:00,0.221572,0.222628,0.221956,0.221592,452547.56013716
1766930400,2025-12-28 14:00:00,0.221593,0.223356,0.221593,0.222427,1107966.51665291
1766934000,2025-12-28 15:00:00,0.221602,0.223495,0.22248,0.222208,911022.24144237
1766937600,2025-12-28 16:00:00,0.221648,0.223163,0.222236,0.221984,1754574.56054817
1766941200,2025-12-28 17:00:00,0.221674,0.223025,0.221957,0.221769,462001.89749395
1766944800,2025-12-28 18:00:00,0.219189,0.221844,0.22177,0.219285,1995074.01507092
1766948400,2025-12-28 19:00:00,0.218842,0.220305,0.219282,0.219131,741832.01089202
1766952000,2025-12-28 20:00:00,0.218434,0.219215,0.21912,0.218488,686435.01775717
1766955600,2025-12-28 21:00:00,0.217951,0.219088,0.218432,0.218952,575427.01861663
1766959200,2025-12-28 22:00:00,0.218321,0.220146,0.218975,0.220062,491889.20227452
1766962800,2025-12-28 23:00:00,0.21868,0.220584,0.220061,0.22033,574917.90851432
1766966400,2025-12-29 00:00:00,0.219681,0.223408,0.22031,0.221529,1612763.42444921
1766970000,2025-12-29 01:00:00,0.219923,0.223443,0.221562,0.222791,1413898.51171314
1766973600,2025-12-29 02:00:00,0.222255,0.22464,0.222882,0.223594,1452131.91633518
1766977200,2025-12-29 03:00:00,0.223012,0.22744,0.223594,0.226398,8414259.22179424
1766980800,2025-12-29 04:00:00,0.225192,0.227071,0.226479,0.226837,2042449.78035824
1766984400,2025-12-29 05:00:00,0.22526,0.227404,0.226888,0.225399,1502813.03673847
1766988000,2025-12-29 06:00:00,0.224929,0.22715,0.22539,0.224948,2056984.87060957
1766991600,2025-12-29 07:00:00,0.223806,0.225456,0.224949,0.224665,756401.66905696
1766995200,2025-12-29 08:00:00,0.223792,0.225657,0.224665,0.224147,662978.03571392
1766998800,2025-12-29 09:00:00,0.219539,0.224352,0.224101,0.220445,799791.76381316
1767002400,2025-12-29 10:00:00,0.220358,0.221832,0.220488,0.220875,837095.9541474
1767006000,2025-12-29 11:00:00,0.22026,0.221417,0.22085,0.22026,903829.09560626
1767009600,2025-12-29 12:00:00,0.217073,0.220325,0.220266,0.219279,885681.02642463
1767013200,2025-12-29 13:00:00,0.217844,0.219817,0.219156,0.21866,548695.11633449
1767016800,2025-12-29 14:00:00,0.21777,0.220595,0.218664,0.21837,1255090.13200435
1767020400,2025-12-29 15:00:00,0.218128,0.220044,0.2184,0.218801,2198381.27603894
1767024000,2025-12-29 16:00:00,0.217141,0.21918,0.21876,0.217593,1306285.84238412
1767027600,2025-12-29 17:00:00,0.217279,0.219274,0.217599,0.21895,2902340.33771388
1767031200,2025-12-29 18:00:00,0.217105,0.219597,0.218925,0.217272,1092657.04007548
1767034800,2025-12-29 19:00:00,0.21672,0.218422,0.217275,0.216939,1195798.1178069
1767038400,2025-12-29 20:00:00,0.21537,0.217071,0.216875,0.2157,1497436.83271508
1767042000,2025-12-29 21:00:00,0.215401,0.216325,0.215675,0.2159,937888.1350523
1767045600,2025-12-29 22:00:00,0.215193,0.216077,0.215876,0.215842,747960.88476982
1767049200,2025-12-29 23:00:00,0.215382,0.21681,0.215723,0.215851,2707802.89519219
1767052800,2025-12-30 00:00:00,0.2151,0.216013,0.215848,0.21525,1666373.97841383
1767056400,2025-12-30 01:00:00,0.215004,0.215798,0.215242,0.215345,3293555.44597169
1767060000,2025-12-30 02:00:00,0.212597,0.215396,0.215345,0.214148,3206502.96181691
1767063600,2025-12-30 03:00:00,0.213547,0.214873,0.214116,0.214145,4587278.54772103
1767067200,2025-12-30 04:00:00,0.213948,0.214351,0.214214,0.214063,3232614.20563634
1767070800,2025-12-30 05:00:00,0.213083,0.21428,0.214064,0.213267,1030574.10105208
1767074400,2025-12-30 06:00:00,0.213,0.214123,0.213263,0.213768,4667875.32984312
1767078000,2025-12-30 07:00:00,0.213624,0.214306,0.213769,0.214269,1364910.70320883
1767081600,2025-12-30 08:00:00,0.212901,0.214381,0.214282,0.213366,11021178.13452011
1767085200,2025-12-30 09:00:00,0.212889,0.214495,0.213399,0.214342,1262334.22781388
1767088800,2025-12-30 10:00:00,0.213221,0.214404,0.21435,0.21358,941762.43513126
1767092400,2025-12-30 11:00:00,0.212877,0.21362,0.21356,0.21334,1519579.21340546
1767096000,2025-12-30 12:00:00,0.21304,0.213619,0.213351,0.21361,646143.9924726
1767099600,2025-12-30 13:00:00,0.213121,0.214232,0.213602,0.21382,565799.04277982
1767103200,2025-12-30 14:00:00,0.21248,0.21499,0.213806,0.21432,3003818.85001143
1767106800,2025-12-30 15:00:00,0.212762,0.214685,0.21437,0.213794,3297059.46339192
1767110400,2025-12-30 16:00:00,0.212136,0.213816,0.213816,0.212519,6400551.70821525
1767114000,2025-12-30 17:00:00,0.211168,0.212741,0.2125,0.2112,3284163.15233109
1767117600,2025-12-30 18:00:00,0.211,0.2118,0.2112,0.211382,2450722.069076
1767121200,2025-12-30 19:00:00,0.210738,0.211642,0.211381,0.211041,5238336.9070145
1767124800,2025-12-30 20:00:00,0.2097,0.211045,0.211041,0.209838,4099953.29937431
1767128400,2025-12-30 21:00:00,0.2097,0.21046,0.209735,0.21023,1270081.91765702
1767132000,2025-12-30 22:00:00,0.210074,0.21046,0.210239,0.210327,940602.57664627
1767135600,2025-12-30 23:00:00,0.210085,0.21046,0.210274,0.210429,3132601.2519223
1767139200,2025-12-31 00:00:00,0.209628,0.210459,0.210429,0.21025,2391212.47158466
1767142800,2025-12-31 01:00:00,0.210154,0.211048,0.210226,0.210228,4711048.67298259
1767146400,2025-12-31 02:00:00,0.209631,0.210288,0.210234,0.210204,1263527.08841148
1767150000,2025-12-31 03:00:00,0.208048,0.210407,0.210145,0.208941,8000219.56400141
1767153600,2025-12-31 04:00:00,0.208344,0.20902,0.208944,0.208528,1239341.97293158
1767157200,2025-12-31 05:00:00,0.208224,0.20899,0.208501,0.208321,677954.57669439
1767160800,2025-12-31 06:00:00,0.208128,0.208449,0.208309,0.208215,499557.39674099
1767164400,2025-12-31 07:00:00,0.207316,0.208555,0.208194,0.208512,4522453.79963646
1767168000,2025-12-31 08:00:00,0.20732,0.208728,0.208524,0.207738,1237378.53283452
1767171600,2025-12-31 09:00:00,0.207738,0.208228,0.207738,0.207999,1163890.00806287
1767175200,2025-12-31 10:00:00,0.206806,0.208044,0.20802,0.207246,1256567.63772785
1767178800,2025-12-31 11:00:00,0.20717,0.208067,0.207272,0.207902,975362.61557459
1767182400,2025-12-31 12:00:00,0.207221,0.208013,0.207846,0.207558,1175226.68099781
1767186000,2025-12-31 13:00:00,0.207101,0.208052,0.207505,0.207401,1474888.57785119
1767189600,2025-12-31 14:00:00,0.20589,0.208284,0.207427,0.206465,1445282.88954376
1767193200,2025-12-31 15:00:00,0.204453,0.206499,0.206399,0.204848,3885567.0048386
1767196800,2025-12-31 16:00:00,0.19971,0.204856,0.204856,0.199896,6107538.35119868
1767200400,2025-12-31 17:00:00,0.1987,0.20102,0.199849,0.199102,5752557.77782787
1767204000,2025-12-31 18:00:00,0.198222,0.200367,0.199094,0.198329,3619668.36602383
1767207600,2025-12-31 19:00:00,0.198329,0.199,0.198329,0.198666,2490386.17839417
1767211200,2025-12-31 20:00:00,0.197338,0.199818,0.198628,0.199218,4208592.29689612
1767214800,2025-12-31 21:00:00,0.199123,0.201291,0.199264,0.200805,2069995.78735511
1767218400,2025-12-31 22:00:00,0.200361,0.201495,0.200771,0.200803,2804240.84237707
1767222000,2025-12-31 23:00:00,0.200277,0.201281,0.200927,0.200721,3488332.19379123
1767225600,2026-01-01 00:00:00,0.20063,0.202303,0.200728,0.201956,3333451.38695688
1767229200,2026-01-01 01:00:00,0.201957,0.206,0.201957,0.203455,6353646.36408718
1767232800,2026-01-01 02:00:00,0.2027,0.203786,0.20347,0.202895,1243702.56933256
1767236400,2026-01-01 03:00:00,0.202123,0.203336,0.202914,0.20225,831792.50926215
1767240000,2026-01-01 04:00:00,0.202001,0.202522,0.202334,0.20215,2120435.36116432
1767243600,2026-01-01 05:00:00,0.202139,0.20278,0.202161,0.202502,868305.90443951
1767247200,2026-01-01 06:00:00,0.202178,0.202699,0.2025,0.202251,742827.59952421
1767250800,2026-01-01 07:00:00,0.202001,0.202893,0.202251,0.202468,869060.25766443
1767254400,2026-01-01 08:00:00,0.202176,0.20328,0.202467,0.20328,640604.2376718
1767258000,2026-01-01 09:00:00,0.203301,0.204689,0.203304,0.204216,535039.351775
1767261600,2026-01-01 10:00:00,0.204008,0.204999,0.204229,0.204623,1893241.36712899
1767265200,2026-01-01 11:00:00,0.204038,0.204847,0.20456,0.204629,859897.34021411
1767268800,2026-01-01 12:00:00,0.204169,0.204918,0.204637,0.204176,421933.57407237
1767272400,2026-01-01 13:00:00,0.203981,0.205575,0.204148,0.205463,646501.28403329
1767276000,2026-01-01 14:00:00,0.204757,0.206108,0.205464,0.205274,410925.90003388
1767279600,2026-01-01 15:00:00,0.204803,0.207253,0.205254,0.206407,1514718.5722021
1767283200,2026-01-01 16:00:00,0.205884,0.207038,0.206406,0.206897,952345.92787663
1767286800,2026-01-01 17:00:00,0.206877,0.209989,0.206919,0.208821,2454634.47431034
1767290400,2026-01-01 18:00:00,0.20491,0.209237,0.208879,0.2053,20636317.64783718
1767294000,2026-01-01 19:00:00,0.204988,0.206,0.2053,0.205988,4437533.87772324
1767297600,2026-01-01 20:00:00,0.205931,0.20721,0.205988,0.206758,4358921.23244408
1767301200,2026-01-01 21:00:00,0.206364,0.207407,0.206776,0.206908,1097980.98496868
1767304800,2026-01-01 22:00:00,0.206852,0.20889,0.206908,0.208771,3129535.66525067
1767308400,2026-01-01 23:00:00,0.2082,0.209104,0.2088,0.208319,890028.00776956
1767312000,2026-01-02 00:00:00,0.207169,0.208601,0.208323,0.208278,1943711.16021093
1767315600,2026-01-02 01:00:00,0.20701,0.208589,0.20826,0.207351,658237.77104916
1767319200,2026-01-02 02:00:00,0.205181,0.207416,0.207416,0.205757,11862184.02005189
1767322800,2026-01-02 03:00:00,0.20538,0.209372,0.205757,0.208778,6874021.33596074
1767326400,2026-01-02 04:00:00,0.206963,0.20896,0.20878,0.207241,1327492.73303949
1767330000,2026-01-02 05:00:00,0.20679,0.207672,0.207256,0.207526,714482.08286621
1767333600,2026-01-02 06:00:00,0.206841,0.20784,0.207575,0.206999,708252.47652025
1767337200,2026-01-02 07:00:00,0.205503,0.207205,0.207024,0.205638,892268.15329398
1767340800,2026-01-02 08:00:00,0.2055,0.207262,0.205655,0.207262,921296.60501058
1767344400,2026-01-02 09:00:00,0.206886,0.211308,0.207276,0.210589,1159500.6636809
1767348000,2026-01-02 10:00:00,0.210589,0.212199,0.210596,0.211948,1245471.6016703
1767351600,2026-01-02 11:00:00,0.209039,0.21194,0.21194,0.209482,939058.93622567
1767355200,2026-01-02 12:00:00,0.209069,0.212087,0.20944,0.211785,801423.61380124
1767358800,2026-01-02 13:00:00,0.211288,0.212619,0.21175,0.211475,1236209.07023395
1767362400,2026-01-02 14:00:00,0.208824,0.213314,0.2115,0.212505,3695482.7436038
1767366000,2026-01-02 15:00:00,0.209906,0.213725,0.212536,0.211093,7844697.59131837
1767369600,2026-01-02 16:00:00,0.2109,0.217,0.211036,0.216853,11199629.62554302
1767373200,2026-01-02 17:00:00,0.216287,0.21884,0.216881,0.217397,9763157.86897205
1767376800,2026-01-02 18:00:00,0.214835,0.217787,0.217432,0.215767,5721559.73141837
1767380400,2026-01-02 19:00:00,0.214786,0.215823,0.215779,0.215183,11113319.08398745
1767384000,2026-01-02 20:00:00,0.214686,0.215281,0.215196,0.215204,12374423.69668004
1767387600,2026-01-02 21:00:00,0.214885,0.219,0.215213,0.218634,15692782.92847892
1767391200,2026-01-02 22:00:00,0.217018,0.225858,0.21894,0.219792,6917630.64179912
1767394800,2026-01-02 23:00:00,0.218274,0.2204,0.219708,0.219088,1261375.91123658
1767398400,2026-01-03 00:00:00,0.219017,0.225721,0.219029,0.223055,3662192.13109529
1767402000,2026-01-03 01:00:00,0.222553,0.224835,0.222982,0.223377,1389246.6733258
1767405600,2026-01-03 02:00:00,0.221859,0.224004,0.223311,0.223701,2023948.6529372
1767409200,2026-01-03 03:00:00,0.222751,0.2275,0.223688,0.226075,4603405.69621267
1767412800,2026-01-03 04:00:00,0.225353,0.2275,0.226088,0.227218,2907166.10361577
1767416400,2026-01-03 05:00:00,0.223587,0.22763,0.227257,0.223815,3038013.64178914
1767420000,2026-01-03 06:00:00,0.219673,0.224694,0.223776,0.220321,2973998.86878705
1767423600,2026-01-03 07:00:00,0.216632,0.220895,0.220352,0.218133,3898487.85413713
1767427200,2026-01-03 08:00:00,0.217148,0.219588,0.218052,0.21916,1569500.70729826
1767430800,2026-01-03 09:00:00,0.218889,0.220685,0.219213,0.219655,2280195.36954703
1767434400,2026-01-03 10:00:00,0.217928,0.219688,0.219649,0.218754,1048368.01837125
1767438000,2026-01-03 11:00:00,0.21788,0.219024,0.218781,0.218295,1214125.56503643
1767441600,2026-01-03 12:00:00,0.217971,0.219347,0.218379,0.219023,1132867.33701183
1767445200,2026-01-03 13:00:00,0.218767,0.220321,0.218916,0.219947,577001.84659726
1767448800,2026-01-03 14:00:00,0.219591,0.220971,0.220007,0.219989,1323458.36598291
1767452400,2026-01-03 15:00:00,0.218654,0.220094,0.220012,0.218728,976330.04935406
1767456000,2026-01-03 16:00:00,0.218461,0.221094,0.218751,0.22053,1518172.68972946
1767459600,2026-01-03 17:00:00,0.219693,0.220976,0.220506,0.220264,1196785.32639665
1767463200,2026-01-03 18:00:00,0.219386,0.220708,0.220238,0.220516,825334.56105113
1767466800,2026-01-03 19:00:00,0.219716,0.220426,0.220426,0.22013,772944.84252122
1767470400,2026-01-03 20:00:00,0.218805,0.22044,0.220054,0.219904,602073.79587196
1767474000,2026-01-03 21:00:00,0.219303,0.220799,0.219927,0.220041,1489201.25049528
1767477600,2026-01-03 22:00:00,0.219475,0.221604,0.219991,0.221242,970574.67225578
1767481200,2026-01-03 23:00:00,0.221101,0.222205,0.221415,0.222105,772234.94783935
1767484800,2026-01-04 00:00:00,0.221711,0.225907,0.222117,0.225404,2359649.96600513
1767488400,2026-01-04 01:00:00,0.223636,0.22593,0.225415,0.225232,1043417.44556718
1767492000,2026-01-04 02:00:00,0.224569,0.226536,0.225231,0.225651,1299317.62095711
1767495600,2026-01-04 03:00:00,0.225651,0.227991,0.225651,0.227546,2477244.28825075
1767499200,2026-01-04 04:00:00,0.226961,0.229429,0.227546,0.228199,3184451.93617938
1767502800,2026-01-04 05:00:00,0.227889,0.230259,0.2282,0.229979,1754613.6041745
1767506400,2026-01-04 06:00:00,0.227442,0.23093,0.229964,0.228396,1479742.61882583
1767510000,2026-01-04 07:00:00,0.228256,0.230848,0.228419,0.229988,1372749.45254975
1767513600,2026-01-04 08:00:00,0.227948,0.231394,0.229908,0.229912,1697043.76420257
1767517200,2026-01-04 09:00:00,0.229236,0.233949,0.229947,0.232834,4981386.6407234
1767520800,2026-01-04 10:00:00,0.232032,0.235398,0.232835,0.234983,4714784.21197355
1767524400,2026-01-04 11:00:00,0.23328,0.235143,0.234983,0.234193,1472645.26278631
1767528000,2026-01-04 12:00:00,0.2328,0.2347,0.234281,0.234318,7716508.06964212
1767531600,2026-01-04 13:00:00,0.232578,0.2347,0.234249,0.234655,4187889.28513463
1767535200,2026-01-04 14:00:00,0.232175,0.2347,0.234654,0.233255,3110999.26984383
1767538800,2026-01-04 15:00:00,0.233003,0.2347,0.233176,0.234667,2231934.04101558
1767542400,2026-01-04 16:00:00,0.23389,0.235324,0.234667,0.235191,5042298.30982275
1767546000,2026-01-04 17:00:00,0.23414,0.235324,0.2352,0.235158,3572738.19803402
1767549600,2026-01-04 18:00:00,0.231806,0.235254,0.235144,0.232669,1397058.04422697
1767553200,2026-01-04 19:00:00,0.229711,0.232608,0.232608,0.23246,2200002.85026655
1767556800,2026-01-04 20:00:00,0.232233,0.23349,0.232497,0.232643,987062.51989956
1767560400,2026-01-04 21:00:00,0.231305,0.233996,0.232643,0.232415,1476989.79293054
1767564000,2026-01-04 22:00:00,0.231611,0.233527,0.232377,0.23228,1129557.77104449
1767567600,2026-01-04 23:00:00,0.232114,0.233996,0.232187,0.23288,788314.91589685
1767571200,2026-01-05 00:00:00,0.231908,0.233996,0.232895,0.23376,5127449.1995749
1767574800,2026-01-05 01:00:00,0.233352,0.236324,0.233783,0.236077,25038593.99406973
1767578400,2026-01-05 02:00:00,0.233755,0.236324,0.236096,0.234817,2384053.6337658
1767582000,2026-01-05 03:00:00,0.233486,0.235488,0.234817,0.234305,1779238.75192727
1767585600,2026-01-05 04:00:00,0.23023,0.234396,0.234267,0.231891,1965383.28622642
1767589200,2026-01-05 05:00:00,0.231117,0.232848,0.231897,0.231192,874344.41875332
1767592800,2026-01-05 06:00:00,0.22956,0.232371,0.231168,0.231422,800910.85672329
1767596400,2026-01-05 07:00:00,0.231197,0.233015,0.231308,0.232669,714888.65501965
1767600000,2026-01-05 08:00:00,0.231786,0.233828,0.232624,0.232048,1016572.13100131
1767603600,2026-01-05 09:00:00,0.230476,0.232906,0.231986,0.231198,1786735.26791194
1767607200,2026-01-05 10:00:00,0.231199,0.233559,0.231199,0.23152,889386.40005401
1767610800,2026-01-05 11:00:00,0.230375,0.232365,0.2315,0.232001,1546871.95312558
1767614400,2026-01-05 12:00:00,0.2306,0.232289,0.232,0.231457,2035405.1576915
1767618000,2026-01-05 13:00:00,0.230103,0.232093,0.2315,0.231142,1018714.91332398
1767621600,2026-01-05 14:00:00,0.230579,0.23478,0.231246,0.233987,1474769.75799659
1767625200,2026-01-05 15:00:00,0.232597,0.237211,0.23404,0.236661,9256279.68662606
1767628800,2026-01-05 16:00:00,0.235465,0.23724,0.236682,0.236654,8027607.79981223
1767632400,2026-01-05 17:00:00,0.233933,0.237673,0.236698,0.237279,6658307.17451252
1767636000,2026-01-05 18:00:00,0.236704,0.243492,0.237279,0.243249,13000704.47242864
1767639600,2026-01-05 19:00:00,0.241625,0.246,0.243177,0.243059,10211631.69146809
1767643200,2026-01-05 20:00:00,0.242963,0.252,0.243047,0.24534,34031329.01054069
1767646800,2026-01-05 21:00:00,0.244902,0.250451,0.2454,0.249017,7371703.22963338
1767650400,2026-01-05 22:00:00,0.247489,0.251286,0.249069,0.248411,7198872.71887113
1767654000,2026-01-05 23:00:00,0.248245,0.254176,0.248438,0.252669,5035343.58943958
1767657600,2026-01-06 00:00:00,0.24863,0.254332,0.25262,0.253744,5639135.3777064
1767661200,2026-01-06 01:00:00,0.249356,0.255505,0.253666,0.249926,5160488.00513274
1767664800,2026-01-06 02:00:00,0.24905,0.25367,0.249934,0.250913,3085337.6759051
1767668400,2026-01-06 03:00:00,0.25002,0.252317,0.250981,0.251479,2826352.44757388
1767672000,2026-01-06 04:00:00,0.25,0.253234,0.251471,0.251458,3906390.33946745
1767675600,2026-01-06 05:00:00,0.250792,0.252822,0.2514,0.251351,2724816.35291116
1767679200,2026-01-06 06:00:00,0.248863,0.25194,0.251328,0.24971,2505868.61770293
1767682800,2026-01-06 07:00:00,0.244674,0.249908,0.249785,0.245561,3386233.30579106
1767686400,2026-01-06 08:00:00,0.24456,0.247032,0.24558,0.2451,2416107.41998593
1767690000,2026-01-06 09:00:00,0.2448,0.247688,0.245021,0.24723,1749674.89431241
1767693600,2026-01-06 10:00:00,0.246652,0.24842,0.2472,0.247644,1059401.1939274
1767697200,2026-01-06 11:00:00,0.247189,0.24943,0.247591,0.24943,2168392.21010965
1767700800,2026-01-06 12:00:00,0.249193,0.251918,0.249322,0.25062,2207792.97517062
1767704400,2026-01-06 13:00:00,0.24946,0.251269,0.25059,0.24999,1855777.67187895
1767708000,2026-01-06 14:00:00,0.248184,0.25268,0.25008,0.249511,6654181.89624369
1767711600,2026-01-06 15:00:00,0.244702,0.250869,0.24942,0.245984,4128932.93776832
1767715200,2026-01-06 16:00:00,0.238563,0.24666,0.246,0.239797,7137123.49566821
1767718800,2026-01-06 17:00:00,0.234052,0.240814,0.239741,0.23446,8977335.03074893
1767722400,2026-01-06 18:00:00,0.233752,0.238465,0.234454,0.237806,3218634.52492151
1767726000,2026-01-06 19:00:00,0.237589,0.239123,0.237871,0.238031,1420826.09130606
1767729600,2026-01-06 20:00:00,0.238025,0.240814,0.238027,0.239241,2300147.34094316
1767733200,2026-01-06 21:00:00,0.238953,0.244172,0.239454,0.242702,2506953.43535774
1767736800,2026-01-06 22:00:00,0.241312,0.243424,0.242742,0.242148,1365473.47002387
1767740400,2026-01-06 23:00:00,0.242059,0.244387,0.242254,0.243676,2437520.76803802
1767744000,2026-01-07 00:00:00,0.239335,0.243814,0.243622,0.23944,3760708.15158541
1767747600,2026-01-07 01:00:00,0.237415,0.240467,0.239434,0.23835,1369196.44709683
1767751200,2026-01-07 02:00:00,0.237839,0.240371,0.238415,0.240019,1105316.47697958
1767754800,2026-01-07 03:00:00,0.239585,0.241126,0.24014,0.240289,3655135.7547956
1767758400,2026-01-07 04:00:00,0.239349,0.241141,0.240276,0.239872,434445.63309322
1767762000,2026-01-07 05:00:00,0.238577,0.24046,0.240002,0.239148,720253.97805401
1767765600,2026-01-07 06:00:00,0.239139,0.240362,0.239167,0.239619,463583.73753172
1767769200,2026-01-07 07:00:00,0.239635,0.243026,0.239635,0.242408,871132.35804817
1767772800,2026-01-07 08:00:00,0.241629,0.243734,0.242485,0.242617,1169829.77691818
1767776400,2026-01-07 09:00:00,0.237149,0.242897,0.242609,0.238021,3909677.69137448
1767780000,2026-01-07 10:00:00,0.236933,0.238622,0.237925,0.2375,2415075.29542903
1767783600,2026-01-07 11:00:00,0.237438,0.238707,0.237544,0.238331,650005.48466554
1767787200,2026-01-07 12:00:00,0.237154,0.238459,0.238373,0.237618,1161211.60825722
1767790800,2026-01-07 13:00:00,0.23626,0.238345,0.237679,0.23732,1571623.0585952
1767794400,2026-01-07 14:00:00,0.23395,0.238164,0.237291,0.237412,1637346.31043203
1767798000,2026-01-07 15:00:00,0.232838,0.23764,0.237443,0.233628,4147731.28494624
1767801600,2026-01-07 16:00:00,0.233463,0.236939,0.233627,0.235748,1726334.29033862
1767805200,2026-01-07 17:00:00,0.23457,0.2368,0.235789,0.235079,1893190.89822279
1767808800,2026-01-07 18:00:00,0.233524,0.236182,0.235073,0.234187,2769292.66097396
1767812400,2026-01-07 19:00:00,0.232578,0.235568,0.234305,0.235032,1508440.78602584
1767816000,2026-01-07 20:00:00,0.232435,0.235421,0.23504,0.23301,3008743.35056889
1767819600,2026-01-07 21:00:00,0.232385,0.233643,0.233061,0.232617,2570973.81637224
1767823200,2026-01-07 22:00:00,0.231913,0.234833,0.232519,0.233021,2123857.00513334
1767826800,2026-01-07 23:00:00,0.231681,0.235117,0.233123,0.233943,1395106.02086204
1767830400,2026-01-08 00:00:00,0.232785,0.234667,0.233809,0.234484,1945563.99278858
1767834000,2026-01-08 01:00:00,0.234174,0.235739,0.234517,0.235027,1404270.50531624
1767837600,2026-01-08 02:00:00,0.232869,0.235882,0.235027,0.233398,1428652.66624221
1767841200,2026-01-08 03:00:00,0.231353,0.234564,0.23335,0.23154,2200244.69831632
1767844800,2026-01-08 04:00:00,0.231295,0.234154,0.231535,0.233584,826931.39366256
1767848400,2026-01-08 05:00:00,0.232005,0.234299,0.233566,0.232503,512162.62356737
1767852000,2026-01-08 06:00:00,0.22838,0.232616,0.232534,0.228495,6704730.57266813
1767855600,2026-01-08 07:00:00,0.227061,0.230133,0.228541,0.229757,3337548.75290824
1767859200,2026-01-08 08:00:00,0.228279,0.231258,0.229763,0.228537,1535640.60465457
1767862800,2026-01-08 09:00:00,0.227306,0.229521,0.228799,0.2275,3623528.64344251
1767866400,2026-01-08 10:00:00,0.226251,0.230033,0.227502,0.229784,3717662.66094099
1767870000,2026-01-08 11:00:00,0.227289,0.230189,0.229738,0.228383,2022395.88798941
1767873600,2026-01-08 12:00:00,0.225941,0.228443,0.228326,0.226682,1169560.63401279
1767877200,2026-01-08 13:00:00,0.226507,0.228137,0.226739,0.227044,1271237.05165973
1767880800,2026-01-08 14:00:00,0.225338,0.228658,0.226975,0.227656,2759949.88828053
1767884400,2026-01-08 15:00:00,0.226612,0.23212,0.227834,0.23212,3561756.11283684
1767888000,2026-01-08 16:00:00,0.229339,0.232942,0.232134,0.232685,3864350.50187599
1767891600,2026-01-08 17:00:00,0.230601,0.233308,0.232746,0.232751,2357291.37805073
1767895200,2026-01-08 18:00:00,0.230775,0.233293,0.232631,0.23117,1810131.68868968
1767898800,2026-01-08 19:00:00,0.229371,0.232053,0.231227,0.229944,2161751.63908897
1767902400,2026-01-08 20:00:00,0.228028,0.23004,0.229932,0.229539,1049349.00360148
1767906000,2026-01-08 21:00:00,0.229573,0.231533,0.229597,0.231528,683099.36024502
1767909600,2026-01-08 22:00:00,0.229717,0.232366,0.231541,0.230712,625561.03575131
1767913200,2026-01-08 23:00:00,0.229893,0.231287,0.230709,0.230109,688645.10149474
1767916800,2026-01-09 00:00:00,0.229798,0.231021,0.230133,0.230832,652906.86719123
1767920400,2026-01-09 01:00:00,0.228275,0.232271,0.230833,0.229104,2020238.08086733
1767924000,2026-01-09 02:00:00,0.228991,0.231312,0.229065,0.229354,914620.68747883
1767927600,2026-01-09 03:00:00,0.22899,0.231608,0.229309,0.231528,844555.43696065
1767931200,2026-01-09 04:00:00,0.230069,0.231773,0.231539,0.230641,747121.42170176
1767934800,2026-01-09 05:00:00,0.23064,0.232696,0.23064,0.231698,2194306.18736666
1767938400,2026-01-09 06:00:00,0.230805,0.232669,0.231592,0.23252,1298018.63614739
1767942000,2026-01-09 07:00:00,0.23057,0.23246,0.23246,0.23057,2201096.24322165
1767945600,2026-01-09 08:00:00,0.226217,0.230793,0.230589,0.227594,3983022.83115193
1767949200,2026-01-09 09:00:00,0.227547,0.229023,0.227643,0.227703,826427.04054772
1767952800,2026-01-09 10:00:00,0.227342,0.22856,0.22773,0.228354,531109.54395772
1767956400,2026-01-09 11:00:00,0.227796,0.229112,0.228252,0.227917,444546.984467
1767960000,2026-01-09 12:00:00,0.226079,0.228291,0.227834,0.226425,633110.27852743
1767963600,2026-01-09 13:00:00,0.226408,0.230258,0.226424,0.229552,2820523.03121662
1767967200,2026-01-09 14:00:00,0.225757,0.229522,0.229436,0.226152,2078485.31690774
1767970800,2026-01-09 15:00:00,0.225327,0.23325,0.226152,0.229378,5733965.5049445
1767974400,2026-01-09 16:00:00,0.229135,0.232431,0.229488,0.231465,2761577.11447373
1767978000,2026-01-09 17:00:00,0.22816,0.232122,0.231457,0.230555,3878759.80184459
1767981600,2026-01-09 18:00:00,0.227294,0.230943,0.23059,0.228615,3761555.25047977
1767985200,2026-01-09 19:00:00,0.225889,0.228546,0.228546,0.22618,1126361.16190098
1767988800,2026-01-09 20:00:00,0.225562,0.227061,0.226181,0.225775,1540472.87489324
1767992400,2026-01-09 21:00:00,0.22518,0.227174,0.225798,0.22679,954583.69209302
1767996000,2026-01-09 22:00:00,0.226077,0.22835,0.226733,0.228273,532692.07926292
1767999600,2026-01-09 23:00:00,0.227632,0.228501,0.228158,0.228003,450325.54759291
1768003200,2026-01-10 00:00:00,0.226827,0.228421,0.227976,0.227306,362114.15061638
1768006800,2026-01-10 01:00:00,0.227017,0.228452,0.227359,0.228101,450355.40383934
1768010400,2026-01-10 02:00:00,0.226627,0.228244,0.2281,0.226996,854869.52365163
1768014000,2026-01-10 03:00:00,0.225919,0.22704,0.226936,0.226469,1102686.93556679
1768017600,2026-01-10 04:00:00,0.225361,0.226621,0.226443,0.225649,687229.99020686
1768021200,2026-01-10 05:00:00,0.225429,0.226423,0.225717,0.225869,719945.44641257
1768024800,2026-01-10 06:00:00,0.225,0.226059,0.225887,0.22534,1307563.66376083
1768028400,2026-01-10 07:00:00,0.225268,0.227567,0.225331,0.227311,1558275.18150187
1768032000,2026-01-10 08:00:00,0.22618,0.227527,0.227363,0.22693,334988.48290593
1768035600,2026-01-10 09:00:00,0.226488,0.2277,0.226918,0.227377,576683.25360476
1768039200,2026-01-10 10:00:00,0.226444,0.22778,0.227377,0.227706,1302674.46011249
1768042800,2026-01-10 11:00:00,0.227065,0.227977,0.227644,0.227958,376146.87080839
1768046400,2026-01-10 12:00:00,0.22766,0.228887,0.227944,0.22868,951876.71127348
1768050000,2026-01-10 13:00:00,0.228148,0.228927,0.228681,0.228382,439866.07954197
1768053600,2026-01-10 14:00:00,0.226722,0.228444,0.228371,0.227023,332995.65877317
1768057200,2026-01-10 15:00:00,0.226566,0.227448,0.22699,0.226718,414282.38273556
1768060800,2026-01-10 16:00:00,0.226,0.226765,0.226765,0.22647,509569.69722193
1768064400,2026-01-10 17:00:00,0.225491,0.227103,0.226426,0.225561,1461788.25263007
1768068000,2026-01-10 18:00:00,0.225176,0.226801,0.225584,0.226382,781788.06673805
1768071600,2026-01-10 19:00:00,0.226378,0.227623,0.226479,0.227567,1166640.9165313
1768075200,2026-01-10 20:00:00,0.227128,0.227762,0.227639,0.227239,375149.57990977
1768078800,2026-01-10 21:00:00,0.226111,0.227428,0.227239,0.226359,1465446.6481993
1768082400,2026-01-10 22:00:00,0.225181,0.226839,0.22627,0.225181,700159.76449266
1768086000,2026-01-10 23:00:00,0.225241,0.226611,0.225251,0.226157,450305.18354078
1768089600,2026-01-11 00:00:00,0.22538,0.226204,0.226111,0.225535,645575.29152873
1768093200,2026-01-11 01:00:00,0.225129,0.226173,0.225523,0.226139,995569.8953246
1768096800,2026-01-11 02:00:00,0.225947,0.227618,0.226168,0.227155,725413.84976031
1768100400,2026-01-11 03:00:00,0.226815,0.227448,0.227189,0.227232,389433.36017527
1768104000,2026-01-11 04:00:00,0.226442,0.227581,0.227235,0.22745,1049575.68529051
1768107600,2026-01-11 05:00:00,0.226424,0.227661,0.22736,0.227237,451675.1230449
1768111200,2026-01-11 06:00:00,0.226008,0.227511,0.227138,0.227511,499332.49237171
1768114800,2026-01-11 07:00:00,0.227451,0.228294,0.22746,0.227944,342553.66694727
1768118400,2026-01-11 08:00:00,0.22743,0.228591,0.22796,0.227944,386686.50354995
1768122000,2026-01-11 09:00:00,0.227527,0.228491,0.227965,0.227667,222539.43018023
1768125600,2026-01-11 10:00:00,0.227362,0.228416,0.22772,0.227744,232385.64823155
1768129200,2026-01-11 11:00:00,0.22666,0.227861,0.22778,0.226962,1735923.30091168
1768132800,2026-01-11 12:00:00,0.22674,0.228391,0.22694,0.228122,681626.45947858
1768136400,2026-01-11 13:00:00,0.227126,0.228447,0.228231,0.227274,526512.02786337
1768140000,2026-01-11 14:00:00,0.227154,0.228909,0.227251,0.228784,485497.30381228
1768143600,2026-01-11 15:00:00,0.22429,0.228936,0.22884,0.225192,4447669.92178086
1768147200,2026-01-11 16:00:00,0.224613,0.227867,0.225193,0.22638,2264166.35896823
1768150800,2026-01-11 17:00:00,0.225123,0.22744,0.226504,0.226495,465758.99064026
1768154400,2026-01-11 18:00:00,0.224696,0.226663,0.226505,0.225877,341000.3383569
1768158000,2026-01-11 19:00:00,0.224955,0.226653,0.225936,0.22504,429531.15663049
1768161600,2026-01-11 20:00:00,0.221473,0.225025,0.225025,0.222907,2441063.10390574
1768165200,2026-01-11 21:00:00,0.221691,0.223782,0.222862,0.223412,1342166.96034332
1768168800,2026-01-11 22:00:00,0.221612,0.223438,0.223438,0.221994,2080371.73545358
1768172400,2026-01-11 23:00:00,0.221331,0.224661,0.221995,0.224087,2965984.69906475
1768176000,2026-01-12 00:00:00,0.221408,0.224781,0.224044,0.224248,1199368.98116971
1768179600,2026-01-12 01:00:00,0.223993,0.226967,0.224249,0.225828,1404373.21279272
1768183200,2026-01-12 02:00:00,0.225552,0.228333,0.225815,0.227955,2613273.88109236
1768186800,2026-01-12 03:00:00,0.225497,0.228524,0.228,0.225695,2300095.51965524
1768190400,2026-01-12 04:00:00,0.225158,0.227182,0.225598,0.227057,701484.48649432
1768194000,2026-01-12 05:00:00,0.2262,0.22764,0.226876,0.226438,749404.42890609
1768197600,2026-01-12 06:00:00,0.225239,0.226929,0.226311,0.225508,2114519.91939732
1768201200,2026-01-12 07:00:00,0.2225,0.226498,0.225547,0.222786,1392443.55564003
1768204800,2026-01-12 08:00:00,0.21902,0.223692,0.222797,0.220581,4887944.37555512
1768208400,2026-01-12 09:00:00,0.218773,0.220802,0.220484,0.219578,1951771.3149846
1768212000,2026-01-12 10:00:00,0.218327,0.220595,0.219551,0.218518,875931.48661518
1768215600,2026-01-12 11:00:00,0.218533,0.220413,0.218572,0.219623,2211085.17451218
1768219200,2026-01-12 12:00:00,0.218085,0.220003,0.219623,0.218414,1039811.16234774
1768222800,2026-01-12 13:00:00,0.217257,0.218998,0.218383,0.217881,1917285.598899
1768226400,2026-01-12 14:00:00,0.21636,0.220679,0.217913,0.219894,5798672.65656993
1768230000,2026-01-12 15:00:00,0.219197,0.2235,0.219854,0.22344,2156485.02860424
1768233600,2026-01-12 16:00:00,0.221941,0.224364,0.22335,0.223071,5337322.85433467
1768237200,2026-01-12 17:00:00,0.219685,0.223815,0.223088,0.220832,3129140.94349031
1768240800,2026-01-12 18:00:00,0.220074,0.222512,0.220924,0.220666,1673034.02994364
1768244400,2026-01-12 19:00:00,0.219909,0.221686,0.220692,0.221366,1389643.60233264
1768248000,2026-01-12 20:00:00,0.220122,0.222474,0.221416,0.220269,1232297.07925751
1768251600,2026-01-12 21:00:00,0.218504,0.220855,0.220219,0.219246,2156483.46872822
1768255200,2026-01-12 22:00:00,0.219116,0.220248,0.219334,0.219286,858087.32837167
1768258800,2026-01-12 23:00:00,0.218414,0.22003,0.219305,0.219047,631442.35921706
1768262400,2026-01-13 00:00:00,0.218629,0.219849,0.218959,0.219509,1327330.06739861
1768266000,2026-01-13 01:00:00,0.218817,0.220139,0.219379,0.219545,414781.24540581
1768269600,2026-01-13 02:00:00,0.219445,0.221136,0.219445,0.219683,478604.1412666
1768273200,2026-01-13 03:00:00,0.219378,0.221008,0.219706,0.2203,477115.10491972
1768276800,2026-01-13 04:00:00,0.219984,0.221863,0.220361,0.221863,1352565.73103951
1768280400,2026-01-13 05:00:00,0.221754,0.224343,0.221875,0.223046,1797035.567475
1768284000,2026-01-13 06:00:00,0.222673,0.22386,0.222922,0.223526,1570638.10571516
1768287600,2026-01-13 07:00:00,0.22197,0.223468,0.223456,0.222027,526727.53891618
1768291200,2026-01-13 08:00:00,0.222001,0.223598,0.222009,0.223394,657867.68771127
1768294800,2026-01-13 09:00:00,0.222695,0.224489,0.223368,0.22322,859473.20634319
1768298400,2026-01-13 10:00:00,0.22207,0.223974,0.223117,0.222857,1087110.13550956
1768302000,2026-01-13 11:00:00,0.22238,0.22424,0.222849,0.223484,1057345.78675013
1768305600,2026-01-13 12:00:00,0.222949,0.224086,0.223566,0.223976,740309.84359638
1768309200,2026-01-13 13:00:00,0.223386,0.226054,0.22402,0.224674,2061362.69459456
1768312800,2026-01-13 14:00:00,0.223996,0.228573,0.224633,0.226382,5040444.58343304
1768316400,2026-01-13 15:00:00,0.225109,0.230051,0.226697,0.230051,2593089.77410185
1768320000,2026-01-13 16:00:00,0.229833,0.231847,0.229949,0.231004,7249786.02582621
1768323600,2026-01-13 17:00:00,0.229526,0.231688,0.231031,0.230361,3989341.48627686
1768327200,2026-01-13 18:00:00,0.230124,0.231928,0.23025,0.230885,1954071.33309465
1768330800,2026-01-13 19:00:00,0.230207,0.233087,0.230832,0.232746,3358048.04591708
1768334400,2026-01-13 20:00:00,0.231426,0.234533,0.232834,0.232653,5036982.50198596
1768338000,2026-01-13 21:00:00,0.231817,0.233232,0.232654,0.232231,3072213.99070479
1768341600,2026-01-13 22:00:00,0.232161,0.240118,0.232276,0.23957,9854936.07572393
1768345200,2026-01-13 23:00:00,0.236431,0.241409,0.239626,0.238537,6318229.99285046
1768348800,2026-01-14 00:00:00,0.238257,0.241337,0.238537,0.239644,3055866.76517358
1768352400,2026-01-14 01:00:00,0.238484,0.241831,0.239611,0.240191,5629740.00021465
1768356000,2026-01-14 02:00:00,0.239437,0.242632,0.240172,0.241553,3783368.6286206
1768359600,2026-01-14 03:00:00,0.241005,0.24407,0.241588,0.243876,2593770.31336183
1768363200,2026-01-14 04:00:00,0.243331,0.246923,0.243887,0.244034,4820419.3819631
1768366800,2026-01-14 05:00:00,0.242621,0.245652,0.243892,0.243521,2754007.0335999
1768370400,2026-01-14 06:00:00,0.240966,0.245376,0.243369,0.244489,4327974.03258154
1768374000,2026-01-14 07:00:00,0.243005,0.246094,0.244526,0.243753,3524179.74783492
1768377600,2026-01-14 08:00:00,0.243474,0.24563,0.243706,0.243942,2092907.45073782
1768381200,2026-01-14 09:00:00,0.243293,0.244969,0.243901,0.244022,1195852.97970252
1768384800,2026-01-14 10:00:00,0.241289,0.244164,0.243906,0.241326,1328129.16241155
1768388400,2026-01-14 11:00:00,0.238236,0.241378,0.241272,0.23885,2901407.26435255
1768392000,2026-01-14 12:00:00,0.238497,0.240018,0.239005,0.23919,1607755.58433169
1768395600,2026-01-14 13:00:00,0.237821,0.239784,0.23917,0.2385,2985124.38933834
1768399200,2026-01-14 14:00:00,0.238341,0.243311,0.2385,0.241541,5092769.28599218
1768402800,2026-01-14 15:00:00,0.239049,0.243028,0.241604,0.240695,4223163.69062138
1768406400,2026-01-14 16:00:00,0.239702,0.243,0.2407,0.24,4201750.69277003
1768410000,2026-01-14 17:00:00,0.237237,0.241034,0.24,0.237767,2856678.25591952
1768413600,2026-01-14 18:00:00,0.234974,0.2386,0.237649,0.236509,4689963.54823682
1768417200,2026-01-14 19:00:00,0.235757,0.240296,0.236564,0.237221,3087503.59011228
1768420800,2026-01-14 20:00:00,0.236141,0.239055,0.237173,0.237016,1882352.73138143
1768424400,2026-01-14 21:00:00,0.236662,0.238605,0.236979,0.237923,1512477.98078726
1768428000,2026-01-14 22:00:00,0.235335,0.238019,0.23789,0.235989,3195514.78776106
1768431600,2026-01-14 23:00:00,0.235724,0.237467,0.235981,0.236195,1044708.58142123
1768435200,2026-01-15 00:00:00,0.23368,0.236508,0.236196,0.234369,2373877.74072404
1768438800,2026-01-15 01:00:00,0.233041,0.235294,0.234369,0.233738,3950506.78198096
1768442400,2026-01-15 02:00:00,0.231873,0.234172,0.233564,0.232113,1184247.70205572
1768446000,2026-01-15 03:00:00,0.229263,0.232524,0.232126,0.229975,3318458.6105246
1768449600,2026-01-15 04:00:00,0.229829,0.231423,0.229978,0.230991,1892979.44642542
1768453200,2026-01-15 05:00:00,0.230568,0.231712,0.230865,0.231202,861703.27985878
1768456800,2026-01-15 06:00:00,0.229617,0.231639,0.231171,0.230009,2766178.70512287
1768460400,2026-01-15 07:00:00,0.229954,0.23185,0.23001,0.23185,1066941.18953962
1768464000,2026-01-15 08:00:00,0.230217,0.232161,0.23173,0.231033,505600.78404822
1768467600,2026-01-15 09:00:00,0.230001,0.233087,0.230888,0.232146,2578533.94052804
1768471200,2026-01-15 10:00:00,0.231094,0.232365,0.232285,0.231825,473326.325536
1768474800,2026-01-15 11:00:00,0.230963,0.232342,0.23177,0.231231,486560.8722542
1768478400,2026-01-15 12:00:00,0.230797,0.232191,0.231136,0.232055,456594.67277621
1768482000,2026-01-15 13:00:00,0.231031,0.234397,0.232052,0.232812,2736338.26506565
1768485600,2026-01-15 14:00:00,0.229597,0.2346,0.232803,0.230491,4731247.41271203
1768489200,2026-01-15 15:00:00,0.226649,0.231984,0.23057,0.23073,4526910.74403956
1768492800,2026-01-15 16:00:00,0.229029,0.23165,0.230638,0.231418,994421.80424195
1768496400,2026-01-15 17:00:00,0.228871,0.23205,0.231337,0.229255,1686830.09225798
1768500000,2026-01-15 18:00:00,0.225984,0.229295,0.229084,0.226159,1270643.82004747
1768503600,2026-01-15 19:00:00,0.22528,0.227205,0.226158,0.226583,2594394.78044964
1768507200,2026-01-15 20:00:00,0.224749,0.227441,0.226543,0.225251,3596071.88201486
1768510800,2026-01-15 21:00:00,0.225116,0.226919,0.22524,0.226688,568505.81354225
1768514400,2026-01-15 22:00:00,0.226475,0.228185,0.226766,0.227594,650005.93071574
1768518000,2026-01-15 23:00:00,0.226958,0.22867,0.227601,0.228374,811115.87428898
1768521600,2026-01-16 00:00:00,0.22816,0.228925,0.228343,0.228737,933766.10609572
1768525200,2026-01-16 01:00:00,0.227638,0.229005,0.228721,0.228377,878396.45770633
1768528800,2026-01-16 02:00:00,0.226592,0.228477,0.228437,0.228424,836196.67855752
1768532400,2026-01-16 03:00:00,0.22699,0.228817,0.228424,0.227374,417977.54256509
1768536000,2026-01-16 04:00:00,0.225361,0.22825,0.227397,0.226142,1041135.64079767
1768539600,2026-01-16 05:00:00,0.225885,0.228108,0.226145,0.227584,1058981.54848216
1768543200,2026-01-16 06:00:00,0.227063,0.228185,0.227612,0.227961,589270.94634294
1768546800,2026-01-16 07:00:00,0.227419,0.228266,0.227884,0.228068,327838.86925486
1768550400,2026-01-16 08:00:00,0.227843,0.229379,0.228142,0.227909,1608305.43182774
1768554000,2026-01-16 09:00:00,0.226169,0.228216,0.227806,0.226169,707935.97272067
1768557600,2026-01-16 10:00:00,0.224054,0.226233,0.226233,0.225625,1880876.49708047
1768561200,2026-01-16 11:00:00,0.224657,0.225802,0.225688,0.225661,330270.58736298
1768564800,2026-01-16 12:00:00,0.224741,0.225729,0.225626,0.225332,381750.62863029
1768568400,2026-01-16 13:00:00,0.223968,0.225236,0.225236,0.224428,696816.56348904
1768572000,2026-01-16 14:00:00,0.223578,0.225224,0.224438,0.223599,1005600.5745626
1768575600,2026-01-16 15:00:00,0.220099,0.224951,0.223566,0.221613,5981845.77005477
1768579200,2026-01-16 16:00:00,0.220975,0.222458,0.22143,0.22126,1676685.70588078
1768582800,2026-01-16 17:00:00,0.220941,0.223009,0.221385,0.222793,917111.09534706
1768586400,2026-01-16 18:00:00,0.222119,0.22324,0.222826,0.222493,572407.4699654
1768590000,2026-01-16 19:00:00,0.221494,0.223267,0.22249,0.223054,647481.86175414
1768593600,2026-01-16 20:00:00,0.222175,0.226469,0.223069,0.226467,2556752.87378127
1768597200,2026-01-16 21:00:00,0.226038,0.228221,0.226494,0.226038,864027.65710222
1768600800,2026-01-16 22:00:00,0.22646,0.227642,0.227288,0.226881,361670.73645081
1768604400,2026-01-16 23:00:00,0.225906,0.226953,0.226881,0.225978,605296.67822753
1768608000,2026-01-17 00:00:00,0.225732,0.226622,0.225978,0.22603,693992.43977691
1768611600,2026-01-17 01:00:00,0.225872,0.226985,0.225964,0.226572,612998.59736718
1768615200,2026-01-17 02:00:00,0.225127,0.226635,0.226613,0.22557,689013.58203089
1768618800,2026-01-17 03:00:00,0.224821,0.225751,0.225491,0.225048,422273.34834505
1768622400,2026-01-17 04:00:00,0.224763,0.22542,0.225051,0.225271,515518.82860611
1768626000,2026-01-17 05:00:00,0.225092,0.225681,0.225299,0.225283,401976.77594103
1768629600,2026-01-17 06:00:00,0.224958,0.225762,0.225376,0.225111,1016383.02525443
1768633200,2026-01-17 07:00:00,0.224571,0.22564,0.225113,0.225476,307375.47877629
1768636800,2026-01-17 08:00:00,0.225457,0.226581,0.225482,0.226488,420477.68334159
1768640400,2026-01-17 09:00:00,0.226228,0.2272,0.226511,0.226948,593162.75455842
1768644000,2026-01-17 10:00:00,0.226871,0.22837,0.226952,0.227487,1156260.3822153
1768647600,2026-01-17 11:00:00,0.226546,0.227798,0.227279,0.226813,284891.75946726
1768651200,2026-01-17 12:00:00,0.226659,0.228039,0.226659,0.227304,541378.09900221
1768654800,2026-01-17 13:00:00,0.226837,0.228321,0.227255,0.228151,770719.02828014
1768658400,2026-01-17 14:00:00,0.227672,0.2305,0.22819,0.230213,1567987.38458421
1768662000,2026-01-17 15:00:00,0.230042,0.232126,0.230296,0.23207,3611883.87511645
1768665600,2026-01-17 16:00:00,0.231025,0.232684,0.232071,0.231927,1433557.81620698
1768669200,2026-01-17 17:00:00,0.231103,0.2328,0.231822,0.232799,864995.43824487
1768672800,2026-01-17 18:00:00,0.231416,0.233352,0.2328,0.231943,1809124.49560704
1768676400,2026-01-17 19:00:00,0.231977,0.235141,0.232015,0.235141,1118885.29164355
1768680000,2026-01-17 20:00:00,0.233288,0.239061,0.235142,0.233653,4106014.06944
1768683600,2026-01-17 21:00:00,0.231886,0.233936,0.233682,0.232314,1130192.17510634
1768687200,2026-01-17 22:00:00,0.23,0.23356,0.232302,0.23054,1264388.5667496
1768690800,2026-01-17 23:00:00,0.229558,0.230824,0.230667,0.230762,2865087.61048488
1768694400,2026-01-18 00:00:00,0.229648,0.232656,0.230754,0.2304,2045990.07360794
1768698000,2026-01-18 01:00:00,0.228375,0.230503,0.230416,0.228723,2158379.04331099
1768701600,2026-01-18 02:00:00,0.227679,0.22964,0.228802,0.228088,973707.8562241
1768705200,2026-01-18 03:00:00,0.228051,0.22976,0.228148,0.229276,697703.89360219
1768708800,2026-01-18 04:00:00,0.227874,0.229262,0.229262,0.228287,489939.68778722
1768712400,2026-01-18 05:00:00,0.227479,0.22884,0.228129,0.228167,704801.42230547
1768716000,2026-01-18 06:00:00,0.22766,0.228639,0.22815,0.228267,362276.32170647
1768719600,2026-01-18 07:00:00,0.227054,0.228326,0.228266,0.227286,593408.82857166
1768723200,2026-01-18 08:00:00,0.226764,0.227416,0.227198,0.226984,574869.09413856
1768726800,2026-01-18 09:00:00,0.226601,0.228004,0.226985,0.227681,502432.93075138
1768730400,2026-01-18 10:00:00,0.226311,0.227765,0.227681,0.226412,906697.35261772
1768734000,2026-01-18 11:00:00,0.22605,0.226787,0.22646,0.226212,361485.42617184
1768737600,2026-01-18 12:00:00,0.225928,0.2265,0.226172,0.226071,2090564.22520696
1768741200,2026-01-18 13:00:00,0.2255,0.226478,0.226037,0.22579,1977820.7950332
1768744800,2026-01-18 14:00:00,0.223605,0.22664,0.225742,0.2238,1471599.76543342
1768748400,2026-01-18 15:00:00,0.223228,0.2247,0.223729,0.224691,703639.85628739
1768752000,2026-01-18 16:00:00,0.22415,0.225773,0.224678,0.224641,465067.80632262
1768755600,2026-01-18 17:00:00,0.224057,0.225495,0.224643,0.22527,1008357.5428288
1768759200,2026-01-18 18:00:00,0.224812,0.228199,0.225095,0.227423,1451940.97265641
1768762800,2026-01-18 19:00:00,0.225543,0.227674,0.227429,0.225861,630972.72552082
1768766400,2026-01-18 20:00:00,0.22524,0.226745,0.22582,0.225885,683611.22925201
1768770000,2026-01-18 21:00:00,0.22585,0.226951,0.225898,0.226474,895322.72181594
1768773600,2026-01-18 22:00:00,0.226133,0.227206,0.226519,0.22699,479800.33914912
1768777200,2026-01-18 23:00:00,0.217877,0.226857,0.226857,0.218137,9164228.33256603
1768780800,2026-01-19 00:00:00,0.20825,0.218086,0.21799,0.211732,13279616.41520923
1768784400,2026-01-19 01:00:00,0.21068,0.213754,0.2116,0.212561,3208724.90300471
1768788000,2026-01-19 02:00:00,0.211954,0.213807,0.212471,0.213435,1252465.50775894
1768791600,2026-01-19 03:00:00,0.212577,0.2147,0.213297,0.214652,1252369.20041778
1768795200,2026-01-19 04:00:00,0.213832,0.216149,0.214634,0.21523,2254103.02979909
1768798800,2026-01-19 05:00:00,0.21421,0.217988,0.215208,0.214365,6506157.95044131
1768802400,2026-01-19 06:00:00,0.213031,0.214384,0.214307,0.213627,1538221.96748612
1768806000,2026-01-19 07:00:00,0.212836,0.213829,0.213723,0.213492,965020.25659366
1768809600,2026-01-19 08:00:00,0.2129,0.217256,0.2135,0.21476,2188147.04429948
1768813200,2026-01-19 09:00:00,0.213707,0.214862,0.214813,0.214214,799924.87975165
1768816800,2026-01-19 10:00:00,0.21344,0.214279,0.21424,0.214279,606827.75938614
1768820400,2026-01-19 11:00:00,0.214047,0.215306,0.214268,0.214831,568752.87628194
1768824000,2026-01-19 12:00:00,0.213594,0.214785,0.214744,0.213874,1404932.01793764
1768827600,2026-01-19 13:00:00,0.213302,0.214734,0.213771,0.213726,550915.73928658
1768831200,2026-01-19 14:00:00,0.213524,0.215981,0.21373,0.215446,2096483.60114989
1768834800,2026-01-19 15:00:00,0.215378,0.216842,0.215445,0.216094,1228905.7940375
1768838400,2026-01-19 16:00:00,0.215718,0.218746,0.216098,0.21686,5990382.96567041
1768842000,2026-01-19 17:00:00,0.216551,0.217949,0.216862,0.217562,1177166.75958197
1768845600,2026-01-19 18:00:00,0.217344,0.219,0.217407,0.218416,709518.39413395
1768849200,2026-01-19 19:00:00,0.218474,0.219955,0.218486,0.218734,1000911.77795793
1768852800,2026-01-19 20:00:00,0.21833,0.219842,0.218693,0.218915,794494.83198825
1768856400,2026-01-19 21:00:00,0.217107,0.219329,0.219047,0.217379,1145021.80266949
1768860000,2026-01-19 22:00:00,0.214128,0.217336,0.217282,0.214128,642070.44066997
1768863600,2026-01-19 23:00:00,0.213979,0.216867,0.214131,0.21557,3160665.6638755
1768867200,2026-01-20 00:00:00,0.21488,0.21597,0.215613,0.215209,2598112.37692729
1768870800,2026-01-20 01:00:00,0.214751,0.216755,0.215188,0.215293,655035.07531222
1768874400,2026-01-20 02:00:00,0.213617,0.215781,0.215263,0.215283,655902.64041612
1768878000,2026-01-20 03:00:00,0.213866,0.215476,0.2152,0.21435,815736.49860922
1768881600,2026-01-20 04:00:00,0.214166,0.216091,0.214497,0.215127,1581317.86944546
1768885200,2026-01-20 05:00:00,0.214063,0.216261,0.215096,0.215546,855441.29229561
1768888800,2026-01-20 06:00:00,0.212577,0.215292,0.215292,0.213668,891634.88253413
1768892400,2026-01-20 07:00:00,0.21291,0.214702,0.213647,0.21291,344795.01589476
1768896000,2026-01-20 08:00:00,0.210073,0.213435,0.213096,0.211739,2064562.09743462
1768899600,2026-01-20 09:00:00,0.210794,0.212064,0.211589,0.211854,511297.11223585
1768903200,2026-01-20 10:00:00,0.211444,0.212475,0.211818,0.212127,651505.99357054
1768906800,2026-01-20 11:00:00,0.211047,0.212716,0.212099,0.211047,500521.55316061
1768910400,2026-01-20 12:00:00,0.211042,0.212438,0.21121,0.212112,282977.71827391
1768914000,2026-01-20 13:00:00,0.210111,0.212183,0.212042,0.210428,2136704.16050432
1768917600,2026-01-20 14:00:00,0.210448,0.213651,0.210448,0.21272,4001772.65171663
1768921200,2026-01-20 15:00:00,0.210344,0.213064,0.212743,0.211644,2579598.8720916
1768924800,2026-01-20 16:00:00,0.208872,0.212498,0.211515,0.210078,2885998.94579217
1768928400,2026-01-20 17:00:00,0.2085,0.211489,0.21,0.209629,1771788.96866812
1768932000,2026-01-20 18:00:00,0.207548,0.210097,0.20973,0.207828,3446557.87387333
1768935600,2026-01-20 19:00:00,0.207155,0.208975,0.207826,0.208425,2173618.43937549
1768939200,2026-01-20 20:00:00,0.2076,0.209926,0.208501,0.209498,2063027.0111514
1768942800,2026-01-20 21:00:00,0.207392,0.209646,0.20954,0.207799,471100.80767435
1768946400,2026-01-20 22:00:00,0.205189,0.208454,0.207766,0.206999,617539.73456884
1768950000,2026-01-20 23:00:00,0.206391,0.207504,0.206933,0.206751,1135262.8095989
1768953600,2026-01-21 00:00:00,0.20668,0.211777,0.206788,0.211349,715673.85461905
1768957200,2026-01-21 01:00:00,0.211221,0.212389,0.211349,0.211991,909503.27967098
1768960800,2026-01-21 02:00:00,0.211895,0.213249,0.212043,0.212235,1755213.30938538
1768964400,2026-01-21 03:00:00,0.211391,0.21295,0.212193,0.211507,542787.65542827
1768968000,2026-01-21 04:00:00,0.211102,0.21296,0.211582,0.212876,1381241.4532347
1768971600,2026-01-21 05:00:00,0.212793,0.215026,0.212828,0.214044,5069840.82158324
1768975200,2026-01-21 06:00:00,0.212607,0.21475,0.214266,0.212662,722056.10031038
1768978800,2026-01-21 07:00:00,0.212293,0.21383,0.212591,0.212891,861840.86146717
1768982400,2026-01-21 08:00:00,0.211421,0.213099,0.212848,0.212026,476449.17837817
1768986000,2026-01-21 09:00:00,0.211479,0.212999,0.212079,0.212422,668758.08177943
1768989600,2026-01-21 10:00:00,0.212071,0.213556,0.212319,0.212454,485729.7747913
1768993200,2026-01-21 11:00:00,0.209888,0.21244,0.212277,0.210084,942406.34899706
1768996800,2026-01-21 12:00:00,0.20792,0.210365,0.209968,0.209895,2078169.8787635
1769000400,2026-01-21 13:00:00,0.208238,0.21063,0.209897,0.208792,622887.6749842
1769004000,2026-01-21 14:00:00,0.208562,0.214845,0.208747,0.214526,1804707.68627915
1769007600,2026-01-21 15:00:00,0.212746,0.215286,0.214592,0.214936,3722417.72838915
1769011200,2026-01-21 16:00:00,0.2055,0.215,0.214977,0.205753,4681380.53351831
1769014800,2026-01-21 17:00:00,0.205172,0.208128,0.20587,0.206562,2150657.07795885
1769018400,2026-01-21 18:00:00,0.205783,0.209265,0.206568,0.208452,1146734.68975822
1769022000,2026-01-21 19:00:00,0.207599,0.215461,0.208344,0.215461,6884406.58521467
1769025600,2026-01-21 20:00:00,0.212418,0.215769,0.215296,0.215748,1809566.17318203
1769029200,2026-01-21 21:00:00,0.214736,0.217383,0.215731,0.215848,2149559.16335989
1769032800,2026-01-21 22:00:00,0.213595,0.216967,0.215875,0.213615,2191257.00752966
1769036400,2026-01-21 23:00:00,0.211841,0.214605,0.213699,0.212284,838643.1993177
1769040000,2026-01-22 00:00:00,0.21229,0.214683,0.21229,0.213777,961502.67336126
1769043600,2026-01-22 01:00:00,0.213769,0.215289,0.213798,0.214885,847511.5235233
1769047200,2026-01-22 02:00:00,0.213775,0.215429,0.214748,0.213802,1368718.77399079
1769050800,2026-01-22 03:00:00,0.21292,0.214665,0.213836,0.213373,1043583.12399609
1769054400,2026-01-22 04:00:00,0.213221,0.215082,0.2133,0.214721,1111582.99915823
1769058000,2026-01-22 05:00:00,0.214125,0.215152,0.214927,0.214322,162802.93362184
1769061600,2026-01-22 06:00:00,0.213465,0.214803,0.214333,0.214496,428869.91665331
1769065200,2026-01-22 07:00:00,0.213589,0.21552,0.214347,0.215216,399399.05637381
1769068800,2026-01-22 08:00:00,0.213836,0.216931,0.215188,0.2155,1869729.42749846
1769072400,2026-01-22 09:00:00,0.215174,0.216409,0.215452,0.216049,404136.72250289
1769076000,2026-01-22 10:00:00,0.214562,0.216191,0.216012,0.214812,952708.01050196
1769079600,2026-01-22 11:00:00,0.213474,0.215076,0.214699,0.213511,443561.75488165
1769083200,2026-01-22 12:00:00,0.213376,0.214037,0.21359,0.213577,615166.35672756
1769086800,2026-01-22 13:00:00,0.212503,0.21449,0.213501,0.212806,2342343.25570651
1769090400,2026-01-22 14:00:00,0.21044,0.212902,0.212657,0.210636,1138655.38449368
1769094000,2026-01-22 15:00:00,0.209401,0.212769,0.210481,0.211943,6192749.93949906
1769097600,2026-01-22 16:00:00,0.211025,0.213464,0.212048,0.213272,1459731.34843502
1769101200,2026-01-22 17:00:00,0.212279,0.21414,0.21334,0.213872,2142330.0673167
1769104800,2026-01-22 18:00:00,0.211823,0.213859,0.213839,0.212025,721841.70897379
1769108400,2026-01-22 19:00:00,0.211453,0.213387,0.211999,0.212755,721571.49814292
1769112000,2026-01-22 20:00:00,0.211226,0.213024,0.212552,0.211634,532895.72473024
1769115600,2026-01-22 21:00:00,0.211034,0.212608,0.211725,0.211369,896816.66445393
1769119200,2026-01-22 22:00:00,0.210738,0.212164,0.211409,0.211312,630919.13758254
1769122800,2026-01-22 23:00:00,0.21019,0.211801,0.211161,0.211271,813217.85346347
1769126400,2026-01-23 00:00:00,0.211344,0.212367,0.2114,0.212025,936975.42619664
1769130000,2026-01-23 01:00:00,0.211789,0.213304,0.212043,0.213103,460084.11590783
1769133600,2026-01-23 02:00:00,0.211733,0.213444,0.213189,0.211733,446293.26127141
1769137200,2026-01-23 03:00:00,0.211772,0.213417,0.211831,0.212727,185721.89846525
1769140800,2026-01-23 04:00:00,0.212415,0.213213,0.212725,0.212726,1366386.08328549
1769144400,2026-01-23 05:00:00,0.210973,0.212757,0.21262,0.211433,364845.65905581
1769148000,2026-01-23 06:00:00,0.210448,0.212132,0.211493,0.21089,354760.80432606
1769151600,2026-01-23 07:00:00,0.21059,0.211452,0.210885,0.21092,344250.97096422
1769155200,2026-01-23 08:00:00,0.209173,0.211028,0.210925,0.209399,492519.78535232
1769158800,2026-01-23 09:00:00,0.208448,0.210124,0.209381,0.209104,369716.3394345
1769162400,2026-01-23 10:00:00,0.208415,0.209706,0.209146,0.209412,802929.35490948
1769166000,2026-01-23 11:00:00,0.209219,0.211124,0.209316,0.210909,152285.30151657
1769169600,2026-01-23 12:00:00,0.210191,0.211398,0.210886,0.210851,272345.52572119
1769173200,2026-01-23 13:00:00,0.21039,0.211417,0.210807,0.210549,376504.50848258
1769176800,2026-01-23 14:00:00,0.208263,0.211276,0.210542,0.209661,847016.72479981
1769180400,2026-01-23 15:00:00,0.20877,0.21325,0.209666,0.212936,664455.51575576
1769184000,2026-01-23 16:00:00,0.212937,0.216239,0.212966,0.214719,3880482.89483805
1769187600,2026-01-23 17:00:00,0.213423,0.21836,0.21471,0.215674,1219476.19628146
1769191200,2026-01-23 18:00:00,0.215121,0.218693,0.215485,0.21564,1657493.4317651
1769194800,2026-01-23 19:00:00,0.211261,0.215557,0.215557,0.211772,1398091.70816276
1769198400,2026-01-23 20:00:00,0.209785,0.212125,0.211811,0.211433,2119195.00604912
1769202000,2026-01-23 21:00:00,0.211176,0.21248,0.211371,0.211427,212913.58969366
1769205600,2026-01-23 22:00:00,0.211796,0.212873,0.21183,0.212493,237364.27816368
1769209200,2026-01-23 23:00:00,0.21161,0.212406,0.212349,0.211895,277791.13526629
1769212800,2026-01-24 00:00:00,0.210831,0.212106,0.212007,0.210928,399314.22823158
1769216400,2026-01-24 01:00:00,0.210468,0.211393,0.21095,0.211015,418587.79792643
1769220000,2026-01-24 02:00:00,0.211005,0.211563,0.211167,0.211171,172928.67782525
1769223600,2026-01-24 03:00:00,0.210845,0.211842,0.21117,0.211188,211934.64156419
1769227200,2026-01-24 04:00:00,0.210853,0.211616,0.211192,0.211358,733881.65026578
1769230800,2026-01-24 05:00:00,0.210562,0.211398,0.211343,0.210893,349463.69293923
1769234400,2026-01-24 06:00:00,0.210371,0.211133,0.210935,0.210649,369678.34801704
1769238000,2026-01-24 07:00:00,0.210489,0.211264,0.210696,0.21055,251308.69816504
1769241600,2026-01-24 08:00:00,0.21039,0.211244,0.210487,0.210837,129820.18853148
1769245200,2026-01-24 09:00:00,0.210238,0.210977,0.210893,0.210566,320769.92077318
1769248800,2026-01-24 10:00:00,0.209937,0.210629,0.210531,0.2105,329875.80995662
1769252400,2026-01-24 11:00:00,0.210418,0.211619,0.210483,0.211447,268030.62287633
1769256000,2026-01-24 12:00:00,0.211358,0.212146,0.211378,0.211517,232742.95802791
1769259600,2026-01-24 13:00:00,0.211098,0.21183,0.211646,0.211199,211608.42435628
1769263200,2026-01-24 14:00:00,0.210929,0.211853,0.211044,0.211274,405434.35823519
1769266800,2026-01-24 15:00:00,0.210842,0.211714,0.211446,0.210877,687064.31163433
1769270400,2026-01-24 16:00:00,0.21056,0.211292,0.210842,0.21089,385955.11530384
1769274000,2026-01-24 17:00:00,0.210595,0.211806,0.21089,0.211621,426384.43596866
1769277600,2026-01-24 18:00:00,0.211544,0.212093,0.211778,0.211849,165651.67492015
1769281200,2026-01-24 19:00:00,0.210297,0.211936,0.21181,0.210651,399228.47065745
1769284800,2026-01-24 20:00:00,0.210551,0.211936,0.210649,0.211936,727463.2121664
1769288400,2026-01-24 21:00:00,0.211379,0.211935,0.211935,0.211823,244764.05206789
1769292000,2026-01-24 22:00:00,0.211749,0.212919,0.211823,0.21274,279958.76618938
1769295600,2026-01-24 23:00:00,0.211021,0.21274,0.212739,0.211021,385790.21675493
1769299200,2026-01-25 00:00:00,0.210144,0.211467,0.21112,0.210651,711525.19156313
1769302800,2026-01-25 01:00:00,0.209951,0.210966,0.210623,0.21024,473140.4045152
1769306400,2026-01-25 02:00:00,0.209937,0.210649,0.210182,0.210384,686474.64144578
1769310000,2026-01-25 03:00:00,0.209652,0.21056,0.210404,0.210189,4542426.48347656
1769313600,2026-01-25 04:00:00,0.209855,0.21064,0.210173,0.209856,724525.31648715
1769317200,2026-01-25 05:00:00,0.209575,0.21059,0.209855,0.210452,1438165.65259374
1769320800,2026-01-25 06:00:00,0.209533,0.210453,0.210409,0.209574,424074.86566109
1769324400,2026-01-25 07:00:00,0.209034,0.209698,0.20961,0.209355,164212.9948204
1769328000,2026-01-25 08:00:00,0.208744,0.21002,0.209324,0.209025,337750.06079519
1769331600,2026-01-25 09:00:00,0.208671,0.210317,0.208935,0.209839,292795.38505285
1769335200,2026-01-25 10:00:00,0.209738,0.211373,0.209849,0.210291,1296809.78979255
1769338800,2026-01-25 11:00:00,0.209475,0.21088,0.210348,0.209521,260933.48386796
1769342400,2026-01-25 12:00:00,0.208516,0.20993,0.209549,0.20972,211721.43565329
1769346000,2026-01-25 13:00:00,0.208756,0.209906,0.209614,0.20956,201284.03276102
1769349600,2026-01-25 14:00:00,0.207501,0.209593,0.209576,0.208192,328136.11715133
1769353200,2026-01-25 15:00:00,0.207125,0.208745,0.208191,0.20725,637724.69924281
1769356800,2026-01-25 16:00:00,0.203246,0.20739,0.207385,0.204758,1910829.21488138
1769360400,2026-01-25 17:00:00,0.204,0.205448,0.204682,0.204926,1549782.2436947
1769364000,2026-01-25 18:00:00,0.202244,0.205399,0.204927,0.20302,3381681.39149488
1769367600,2026-01-25 19:00:00,0.200731,0.203426,0.202937,0.201632,5848002.67285926
1769371200,2026-01-25 20:00:00,0.200589,0.20309,0.201632,0.202337,2599145.76535839
1769374800,2026-01-25 21:00:00,0.202401,0.203797,0.202401,0.2035,1323557.18878745
1769378400,2026-01-25 22:00:00,0.201676,0.203641,0.203578,0.202542,685824.8299396
1769382000,2026-01-25 23:00:00,0.2015,0.20367,0.202553,0.202966,1408966.33592466
1769385600,2026-01-26 00:00:00,0.202968,0.20502,0.202968,0.204947,1698086.86627268
1769389200,2026-01-26 01:00:00,0.204787,0.207838,0.204888,0.207582,3254862.10738892
1769392800,2026-01-26 02:00:00,0.206004,0.207573,0.207571,0.206442,682078.03532416
1769396400,2026-01-26 03:00:00,0.204871,0.207084,0.206449,0.205638,554198.7485375
1769400000,2026-01-26 04:00:00,0.205532,0.20806,0.205638,0.206827,661202.63725905
1769403600,2026-01-26 05:00:00,0.206522,0.207188,0.206829,0.206966,353869.68360138
1769407200,2026-01-26 06:00:00,0.206568,0.207693,0.206976,0.207542,236247.83300869
1769410800,2026-01-26 07:00:00,0.206891,0.208172,0.207519,0.207341,273909.24937283
1769414400,2026-01-26 08:00:00,0.206821,0.20902,0.207437,0.207266,703237.56708788
1769418000,2026-01-26 09:00:00,0.205677,0.207337,0.207211,0.206418,207729.3780256
1769421600,2026-01-26 10:00:00,0.206462,0.207265,0.206462,0.207077,288028.82254058
1769425200,2026-01-26 11:00:00,0.206714,0.207565,0.20695,0.207073,709953.51109993
1769428800,2026-01-26 12:00:00,0.206743,0.207833,0.207073,0.207466,277481.77815001
1769432400,2026-01-26 13:00:00,0.207328,0.208937,0.207618,0.208281,570820.28082557
1769436000,2026-01-26 14:00:00,0.20725,0.210067,0.208278,0.209845,5077931.48231047
1769439600,2026-01-26 15:00:00,0.20793,0.211661,0.209628,0.208974,2580137.03074955
1769443200,2026-01-26 16:00:00,0.207499,0.210143,0.20902,0.207675,2246859.59590472
1769446800,2026-01-26 17:00:00,0.20594,0.208216,0.207482,0.207117,1224666.54227734
1769450400,2026-01-26 18:00:00,0.206573,0.20862,0.207073,0.207008,1526997.37822229
1769454000,2026-01-26 19:00:00,0.20593,0.207697,0.207062,0.206007,1553958.21680451
1769457600,2026-01-26 20:00:00,0.204945,0.206768,0.206007,0.205262,2249142.54431893
1769461200,2026-01-26 21:00:00,0.204746,0.207584,0.205271,0.206966,2006508.2710083
1769464800,2026-01-26 22:00:00,0.2062,0.20715,0.206989,0.206431,1590712.42952097
1769468400,2026-01-26 23:00:00,0.205794,0.207738,0.206401,0.206965,1258741.18009225
1769472000,2026-01-27 00:00:00,0.2062,0.20782,0.206965,0.20741,672120.79599701
1769475600,2026-01-27 01:00:00,0.206539,0.208364,0.207215,0.207924,783756.93998174
1769479200,2026-01-27 02:00:00,0.207458,0.208722,0.207979,0.208306,896606.87358676
1769482800,2026-01-27 03:00:00,0.207332,0.208359,0.208242,0.207587,370305.02168531
1769486400,2026-01-27 04:00:00,0.207233,0.208771,0.207581,0.207501,503000.64864427
1769490000,2026-01-27 05:00:00,0.206739,0.207542,0.207542,0.20705,229071.15693545
1769493600,2026-01-27 06:00:00,0.20589,0.207053,0.207003,0.206205,435973.68703944
1769497200,2026-01-27 07:00:00,0.206142,0.207035,0.206164,0.206416,247573.0377794
1769500800,2026-01-27 08:00:00,0.2055,0.206666,0.206352,0.205863,239503.08170012
1769504400,2026-01-27 09:00:00,0.204731,0.20586,0.205827,0.204956,1076104.45030203
1769508000,2026-01-27 10:00:00,0.204798,0.205263,0.204971,0.205047,661708.95686917
1769511600,2026-01-27 11:00:00,0.204938,0.206218,0.205051,0.206079,412268.37956229
1769515200,2026-01-27 12:00:00,0.205356,0.206351,0.205965,0.205741,382453.54122403
1769518800,2026-01-27 13:00:00,0.204465,0.205807,0.205807,0.20466,1181071.64863989
1769522400,2026-01-27 14:00:00,0.203966,0.206446,0.204597,0.204277,2032970.0647829
1769526000,2026-01-27 15:00:00,0.203877,0.20662,0.204313,0.206429,1447564.004269
1769529600,2026-01-27 16:00:00,0.206473,0.208642,0.206494,0.208214,2257087.55222672
1769533200,2026-01-27 17:00:00,0.2038,0.208272,0.208259,0.20432,1669894.68867398
1769536800,2026-01-27 18:00:00,0.203038,0.206044,0.204354,0.205309,3254878.91583067
1769540400,2026-01-27 19:00:00,0.204584,0.20612,0.205326,0.205739,1687858.1153328
1769544000,2026-01-27 20:00:00,0.205681,0.209651,0.205715,0.209393,2695948.08135352
1769547600,2026-01-27 21:00:00,0.20805,0.2096,0.209256,0.208658,3475357.43561726
1769551200,2026-01-27 22:00:00,0.208285,0.209518,0.208723,0.208691,1770782.45949901
1769554800,2026-01-27 23:00:00,0.208001,0.209083,0.208668,0.208241,1892398.94557619
1769558400,2026-01-28 00:00:00,0.207356,0.208627,0.208248,0.208472,760447.31840124
1769562000,2026-01-28 01:00:00,0.207029,0.208631,0.208491,0.207865,726740.63699953
1769565600,2026-01-28 02:00:00,0.207128,0.208071,0.207768,0.207577,565179.75030243
1769569200,2026-01-28 03:00:00,0.207032,0.207738,0.20758,0.207222,590849.98930927
1769572800,2026-01-28 04:00:00,0.2065,0.207617,0.207224,0.207539,1087636.74652496
1769576400,2026-01-28 05:00:00,0.207146,0.208421,0.207538,0.208421,426082.0127322
1769580000,2026-01-28 06:00:00,0.208321,0.2095,0.208571,0.209498,798160.92320919
1769583600,2026-01-28 07:00:00,0.2082,0.209578,0.209496,0.208607,567440.27526302
1769587200,2026-01-28 08:00:00,0.208388,0.20919,0.208557,0.20839,1590172.8736637
1769590800,2026-01-28 09:00:00,0.208195,0.210377,0.20836,0.210377,1745195.70904389
1769594400,2026-01-28 10:00:00,0.209677,0.21099,0.210385,0.210028,558651.34912463
1769598000,2026-01-28 11:00:00,0.209723,0.211784,0.210134,0.211354,2729544.54534972
1769601600,2026-01-28 12:00:00,0.20984,0.211354,0.211354,0.210497,1359129.39702058
1769605200,2026-01-28 13:00:00,0.21027,0.211622,0.210542,0.211148,992913.8756681
1769608800,2026-01-28 14:00:00,0.209788,0.211238,0.21112,0.209896,1403747.8224606
1769612400,2026-01-28 15:00:00,0.207672,0.210484,0.209853,0.207939,1137018.36681663
1769616000,2026-01-28 16:00:00,0.206971,0.208602,0.207939,0.207869,957541.47504067
1769619600,2026-01-28 17:00:00,0.207133,0.210414,0.207909,0.209598,769677.67000512
1769623200,2026-01-28 18:00:00,0.207925,0.209622,0.20957,0.208437,1207607.9788331
1769626800,2026-01-28 19:00:00,0.207334,0.20942,0.208449,0.208502,1431089.52782967
1769630400,2026-01-28 20:00:00,0.208029,0.210408,0.208423,0.208442,1728206.26612398
1769634000,2026-01-28 21:00:00,0.2071,0.209241,0.208466,0.20889,1883261.52356357
1769637600,2026-01-28 22:00:00,0.20831,0.210488,0.20889,0.210321,804938.74111674
1769641200,2026-01-28 23:00:00,0.209821,0.211297,0.21048,0.21007,1227114.12290583
1769644800,2026-01-29 00:00:00,0.2082,0.210189,0.21017,0.209048,893543.06066337
1769648400,2026-01-29 01:00:00,0.20736,0.209394,0.209084,0.207718,1622531.09316559
1769652000,2026-01-29 02:00:00,0.205089,0.208278,0.207574,0.205562,2015637.53559095
1769655600,2026-01-29 03:00:00,0.2052,0.206784,0.205666,0.2064,1152967.12709592
1769659200,2026-01-29 04:00:00,0.204979,0.207008,0.206413,0.20654,783092.76533158
1769662800,2026-01-29 05:00:00,0.205829,0.206617,0.206459,0.205964,701473.98010551
1769666400,2026-01-29 06:00:00,0.205834,0.206706,0.205872,0.206296,608873.2400661
1769670000,2026-01-29 07:00:00,0.205789,0.206499,0.206289,0.205955,956171.08473314
1769673600,2026-01-29 08:00:00,0.205156,0.20642,0.205954,0.205326,500563.39753248
1769677200,2026-01-29 09:00:00,0.204639,0.205501,0.205269,0.204748,960611.46623683
1769680800,2026-01-29 10:00:00,0.20423,0.205206,0.204782,0.20466,581225.76371535
1769684400,2026-01-29 11:00:00,0.203479,0.204657,0.204618,0.203659,493540.46266924
1769688000,2026-01-29 12:00:00,0.20308,0.203936,0.203674,0.203686,824588.22386848
1769691600,2026-01-29 13:00:00,0.203461,0.20452,0.203673,0.204483,1273795.35997583
1769695200,2026-01-29 14:00:00,0.200178,0.205175,0.20454,0.200437,4097309.70352299
1769698800,2026-01-29 15:00:00,0.1954,0.20059,0.200501,0.19739,8563171.70972034
1769702400,2026-01-29 16:00:00,0.195803,0.199594,0.197275,0.199307,3903884.03404312
1769706000,2026-01-29 17:00:00,0.198148,0.201961,0.199192,0.198331,1974562.17331407
1769709600,2026-01-29 18:00:00,0.195042,0.198832,0.198339,0.195143,2717481.24748155
1769713200,2026-01-29 19:00:00,0.194642,0.197784,0.195042,0.196935,2572969.06449502
1769716800,2026-01-29 20:00:00,0.196426,0.198471,0.19696,0.19817,934201.79092881
1769720400,2026-01-29 21:00:00,0.19817,0.199273,0.198323,0.198851,2240111.68539657
1769724000,2026-01-29 22:00:00,0.198376,0.1994,0.198881,0.198845,532026.91773108
1769727600,2026-01-29 23:00:00,0.198036,0.198931,0.198808,0.19841,1011012.52120768
1769731200,2026-01-30 00:00:00,0.198306,0.199376,0.19845,0.198599,1946236.75036084
1769734800,2026-01-30 01:00:00,0.192279,0.19958,0.198602,0.195332,4931833.79596866
1769738400,2026-01-30 02:00:00,0.190473,0.195673,0.195331,0.192932,6124042.04074087
1769742000,2026-01-30 03:00:00,0.192349,0.194075,0.192944,0.193073,3300567.62214871
1769745600,2026-01-30 04:00:00,0.193127,0.195871,0.193127,0.194544,1922716.58052584
1769749200,2026-01-30 05:00:00,0.194257,0.195338,0.194632,0.194576,1490145.8211712
1769752800,2026-01-30 06:00:00,0.19072,0.19467,0.194605,0.191584,1499658.01643266
1769756400,2026-01-30 07:00:00,0.19162,0.194954,0.19162,0.194012,1001885.33888713
1769760000,2026-01-30 08:00:00,0.192352,0.194657,0.194067,0.192887,724307.32386257
1769763600,2026-01-30 09:00:00,0.190904,0.193451,0.192895,0.192007,1017105.44752012
1769767200,2026-01-30 10:00:00,0.19141,0.193217,0.192007,0.193049,989238.10526592
1769770800,2026-01-30 11:00:00,0.19251,0.195338,0.193054,0.194939,997122.94277223
1769774400,2026-01-30 12:00:00,0.193033,0.195377,0.19496,0.19364,1654545.47218943
1769778000,2026-01-30 13:00:00,0.191235,0.193883,0.19364,0.192182,1720569.41310178
1769781600,2026-01-30 14:00:00,0.192242,0.195025,0.192242,0.193242,2925725.45529332
1769785200,2026-01-30 15:00:00,0.1913,0.19499,0.193237,0.193379,5109693.40719088
1769788800,2026-01-30 16:00:00,0.191694,0.194335,0.193316,0.19269,2434688.76451371
1769792400,2026-01-30 17:00:00,0.191409,0.193809,0.19269,0.191665,2076665.62196357
1769796000,2026-01-30 18:00:00,0.188154,0.19521,0.191642,0.19432,6606556.96921686
1769799600,2026-01-30 19:00:00,0.194117,0.195616,0.19442,0.19459,2891543.8767399
1769803200,2026-01-30 20:00:00,0.191239,0.194613,0.194592,0.19201,2079695.73894779
1769806800,2026-01-30 21:00:00,0.190845,0.193235,0.192043,0.191901,2497706.35364646
1769810400,2026-01-30 22:00:00,0.19,0.192388,0.191927,0.19128,2148997.29121794
1769814000,2026-01-30 23:00:00,0.19021,0.19186,0.191308,0.19159,825616.05527701
1769817600,2026-01-31 00:00:00,0.19081,0.191981,0.191645,0.1912,1036737.64924145
1769821200,2026-01-31 01:00:00,0.190575,0.1918,0.191209,0.19171,668412.82958741
1769824800,2026-01-31 02:00:00,0.190597,0.192202,0.191713,0.191729,1054444.00805589
1769828400,2026-01-31 03:00:00,0.191251,0.192204,0.191729,0.191755,411119.17533982
1769832000,2026-01-31 04:00:00,0.190658,0.191985,0.191651,0.190748,552328.45392552
1769835600,2026-01-31 05:00:00,0.190321,0.19121,0.19076,0.190841,453431.28109888
1769839200,2026-01-31 06:00:00,0.188674,0.191098,0.190929,0.189529,1016721.80216644
1769842800,2026-01-31 07:00:00,0.187464,0.189723,0.18953,0.18854,735775.37542033
1769846400,2026-01-31 08:00:00,0.184619,0.188939,0.1886,0.185908,2711835.15533788
1769850000,2026-01-31 09:00:00,0.184691,0.186653,0.18595,0.18562,923497.17717035
1769853600,2026-01-31 10:00:00,0.185325,0.18699,0.185653,0.186427,607969.98761475
1769857200,2026-01-31 11:00:00,0.185438,0.18652,0.186379,0.18568,794687.73459033
1769860800,2026-01-31 12:00:00,0.184052,0.18609,0.18568,0.184369,2758444.31822587
1769864400,2026-01-31 13:00:00,0.181714,0.184631,0.18437,0.182149,4760781.74704422
1769868000,2026-01-31 14:00:00,0.176319,0.182695,0.182242,0.179313,7822001.27542543
1769871600,2026-01-31 15:00:00,0.178918,0.180899,0.179364,0.17923,3436952.98126944
1769875200,2026-01-31 16:00:00,0.176318,0.181767,0.179229,0.176748,5385070.62899873
1769878800,2026-01-31 17:00:00,0.170732,0.177534,0.176624,0.172053,12190894.48117322
1769882400,2026-01-31 18:00:00,0.166,0.174047,0.172103,0.17232,8449573.17675857
1769886000,2026-01-31 19:00:00,0.172328,0.176577,0.172381,0.174495,6848858.72550992
1769889600,2026-01-31 20:00:00,0.172956,0.176304,0.174476,0.174638,2901248.63555781
1769893200,2026-01-31 21:00:00,0.173437,0.177082,0.17464,0.176467,3844729.97719022
1769896800,2026-01-31 22:00:00,0.176133,0.177603,0.17654,0.177215,2482916.6734998
1769900400,2026-01-31 23:00:00,0.177103,0.182003,0.177206,0.180854,2815742.46397128
1769904000,2026-02-01 00:00:00,0.179811,0.181877,0.180815,0.180626,2249579.25889812
1769907600,2026-02-01 01:00:00,0.178578,0.180867,0.18069,0.180241,1651478.71684678
1769911200,2026-02-01 02:00:00,0.179759,0.181554,0.180258,0.18061,1480303.79364875
1769914800,2026-02-01 03:00:00,0.180245,0.181043,0.180643,0.180614,1354038.62670726
1769918400,2026-02-01 04:00:00,0.180363,0.181362,0.180597,0.180856,1037264.4919182
1769922000,2026-02-01 05:00:00,0.180101,0.181619,0.18091,0.180578,1223804.06949122
1769925600,2026-02-01 06:00:00,0.1798,0.181574,0.180559,0.18035,1231502.80744228
1769929200,2026-02-01 07:00:00,0.179483,0.18231,0.180354,0.181318,828234.28706742
1769932800,2026-02-01 08:00:00,0.1801,0.181967,0.18131,0.18098,985771.41830082
1769936400,2026-02-01 09:00:00,0.18041,0.1824,0.180998,0.182001,467626.3974885
1769940000,2026-02-01 10:00:00,0.178084,0.18231,0.18199,0.178341,841081.04399672
1769943600,2026-02-01 11:00:00,0.177862,0.179127,0.17838,0.178543,840970.215756
1769947200,2026-02-01 12:00:00,0.176602,0.178657,0.17858,0.177358,1353193.04114518
1769950800,2026-02-01 13:00:00,0.176855,0.179021,0.177369,0.17731,1044116.47725479
1769954400,2026-02-01 14:00:00,0.174061,0.177751,0.177276,0.176338,2389986.22507859
1769958000,2026-02-01 15:00:00,0.171513,0.176383,0.17638,0.173691,2432963.51090581
1769961600,2026-02-01 16:00:00,0.172092,0.174902,0.173582,0.17327,2096542.42059993
1769965200,2026-02-01 17:00:00,0.171891,0.173777,0.17333,0.173494,1667503.83667097
1769968800,2026-02-01 18:00:00,0.173496,0.177002,0.17354,0.175898,1600631.29889039
1769972400,2026-02-01 19:00:00,0.17447,0.17688,0.175832,0.175436,1303344.54221809
1769976000,2026-02-01 20:00:00,0.173731,0.177303,0.175332,0.175697,1713820.91076985
1769979600,2026-02-01 21:00:00,0.173967,0.175886,0.175693,0.174697,1311761.02110898
1769983200,2026-02-01 22:00:00,0.174147,0.177451,0.174697,0.176328,1598137.87413566
1769986800,2026-02-01 23:00:00,0.170999,0.177642,0.176204,0.174835,4348774.13264793
1769990400,2026-02-02 00:00:00,0.173814,0.178345,0.174882,0.176629,2293407.24353248
1769994000,2026-02-02 01:00:00,0.174223,0.178238,0.176541,0.176993,1239574.78539247
1769997600,2026-02-02 02:00:00,0.174885,0.177446,0.17697,0.17516,3264094.39344828
1770001200,2026-02-02 03:00:00,0.168286,0.175251,0.1751,0.173715,4147770.85456098
1770004800,2026-02-02 04:00:00,0.170852,0.17551,0.173661,0.172238,3735260.07574221
1770008400,2026-02-02 05:00:00,0.168602,0.172622,0.172205,0.170172,4911924.3840044
1770012000,2026-02-02 06:00:00,0.168908,0.175971,0.170146,0.174116,3494733.00941509
1770015600,2026-02-02 07:00:00,0.173248,0.175831,0.174174,0.174306,1408020.09935169
1770019200,2026-02-02 08:00:00,0.17432,0.176508,0.17432,0.17553,900680.80147632
1770022800,2026-02-02 09:00:00,0.174593,0.177405,0.175611,0.17669,1738274.28665694
1770026400,2026-02-02 10:00:00,0.175863,0.177608,0.17675,0.17654,944712.34693927
1770030000,2026-02-02 11:00:00,0.17656,0.177705,0.17656,0.177246,1473770.1014208
1770033600,2026-02-02 12:00:00,0.177266,0.180785,0.177266,0.180306,1724607.86370896
1770037200,2026-02-02 13:00:00,0.179324,0.182184,0.180261,0.181111,3407421.07061822
1770040800,2026-02-02 14:00:00,0.179205,0.182173,0.181035,0.180996,2891801.62295434
1770044400,2026-02-02 15:00:00,0.180417,0.183551,0.180985,0.181874,4286525.45339472
1770048000,2026-02-02 16:00:00,0.181286,0.183327,0.181861,0.181289,2861245.29133623
1770051600,2026-02-02 17:00:00,0.180792,0.18249,0.181257,0.181315,1898047.07519233
1770055200,2026-02-02 18:00:00,0.180494,0.182411,0.181275,0.181469,2173582.7818581
1770058800,2026-02-02 19:00:00,0.179871,0.181683,0.181431,0.179935,1771563.41524882
1770062400,2026-02-02 20:00:00,0.178439,0.180378,0.179921,0.178646,1830645.21454737
1770066000,2026-02-02 21:00:00,0.178367,0.17981,0.17873,0.178992,883840.16851506
1770069600,2026-02-02 22:00:00,0.17893,0.180018,0.179115,0.179146,1056401.72279263
1770073200,2026-02-02 23:00:00,0.178405,0.179189,0.179002,0.178492,1122022.2488896
1770076800,2026-02-03 00:00:00,0.177429,0.178717,0.17853,0.178398,1368191.44422569
1770080400,2026-02-03 01:00:00,0.177149,0.178366,0.178315,0.177571,1881650.62168406
1770084000,2026-02-03 02:00:00,0.175168,0.177633,0.17757,0.17534,1171669.23672111
1770087600,2026-02-03 03:00:00,0.174891,0.178272,0.175289,0.177901,1292470.50462527
1770091200,2026-02-03 04:00:00,0.177019,0.178762,0.177817,0.17809,820476.17489796
1770094800,2026-02-03 05:00:00,0.176254,0.178145,0.17809,0.17649,642364.90255489
1770098400,2026-02-03 06:00:00,0.175695,0.177503,0.176469,0.17727,871909.34289256
1770102000,2026-02-03 07:00:00,0.176931,0.178903,0.177205,0.17779,927850.59050991
1770105600,2026-02-03 08:00:00,0.177466,0.178896,0.177839,0.177724,549888.02694659
1770109200,2026-02-03 09:00:00,0.175302,0.1783,0.177779,0.176453,1391148.51936295
1770112800,2026-02-03 10:00:00,0.175366,0.177123,0.17645,0.175686,671401.75358743
1770116400,2026-02-03 11:00:00,0.175516,0.176373,0.175639,0.175761,642341.44540327
1770120000,2026-02-03 12:00:00,0.17508,0.176467,0.175766,0.17591,1424374.6782096
1770123600,2026-02-03 13:00:00,0.175828,0.177204,0.17599,0.176936,954771.07676826
1770127200,2026-02-03 14:00:00,0.174074,0.177451,0.176829,0.174074,2968103.01558129
1770130800,2026-02-03 15:00:00,0.17377,0.17907,0.174069,0.178664,3797696.78252099
1770134400,2026-02-03 16:00:00,0.174411,0.178664,0.178467,0.174877,2293596.43383779
1770138000,2026-02-03 17:00:00,0.171154,0.175232,0.17488,0.17126,2291798.84054341
1770141600,2026-02-03 18:00:00,0.167637,0.171998,0.171228,0.167929,4054903.65776331
1770145200,2026-02-03 19:00:00,0.16766,0.1764,0.16794,0.175668,3668872.35359775
1770148800,2026-02-03 20:00:00,0.173908,0.181292,0.175575,0.180036,4250755.81419881
1770152400,2026-02-03 21:00:00,0.17798,0.1818,0.179956,0.178164,1833477.67285707
1770156000,2026-02-03 22:00:00,0.17578,0.17821,0.178164,0.176567,1688332.05750377
1770159600,2026-02-03 23:00:00,0.17461,0.176683,0.176327,0.175503,1708235.77424366
1770163200,2026-02-04 00:00:00,0.17468,0.176594,0.175472,0.175437,1760110.89525802
1770166800,2026-02-04 01:00:00,0.175469,0.177912,0.175469,0.176554,2193544.83123349
1770170400,2026-02-04 02:00:00,0.175507,0.177148,0.176514,0.176119,1629600.09451454
1770174000,2026-02-04 03:00:00,0.175805,0.178366,0.176058,0.17746,2038833.85538264
1770177600,2026-02-04 04:00:00,0.176665,0.177869,0.177366,0.176854,1234797.76141414
1770181200,2026-02-04 05:00:00,0.17511,0.177006,0.17682,0.175473,843186.31390836
1770184800,2026-02-04 06:00:00,0.175231,0.177238,0.175454,0.176655,652290.49338141
1770188400,2026-02-04 07:00:00,0.176184,0.177774,0.176642,0.17734,1118175.18116758
1770192000,2026-02-04 08:00:00,0.176603,0.178183,0.177347,0.177998,866333.92527412
1770195600,2026-02-04 09:00:00,0.176312,0.177972,0.177972,0.176541,750633.79502112
1770199200,2026-02-04 10:00:00,0.175727,0.176954,0.176534,0.17592,749324.32168974
1770202800,2026-02-04 11:00:00,0.174104,0.176306,0.175934,0.175042,1517125.95452256
1770206400,2026-02-04 12:00:00,0.173964,0.175236,0.17522,0.174486,1206632.40985161
1770210000,2026-02-04 13:00:00,0.171269,0.174459,0.17442,0.171299,2316873.99294311
1770213600,2026-02-04 14:00:00,0.169419,0.172638,0.171294,0.16962,3816487.25688436
1770217200,2026-02-04 15:00:00,0.167789,0.171493,0.169525,0.169556,2528879.66752013
1770220800,2026-02-04 16:00:00,0.16767,0.170324,0.169514,0.169211,3852310.07462372
1770224400,2026-02-04 17:00:00,0.166812,0.169869,0.169118,0.168997,3231264.00368467
1770228000,2026-02-04 18:00:00,0.167307,0.172737,0.16895,0.170763,4109895.66688239
1770231600,2026-02-04 19:00:00,0.170423,0.174198,0.170789,0.173875,3242837.83194857
1770235200,2026-02-04 20:00:00,0.172424,0.174075,0.17388,0.172944,1313963.76359447
1770238800,2026-02-04 21:00:00,0.170158,0.173635,0.173015,0.171198,1177796.90418852
1770242400,2026-02-04 22:00:00,0.168369,0.173536,0.171167,0.169689,1162676.21755799
1770246000,2026-02-04 23:00:00,0.16944,0.172048,0.169675,0.171011,2350579.49029003
1770249600,2026-02-05 00:00:00,0.169214,0.171152,0.170979,0.170106,1359352.2468655
1770253200,2026-02-05 01:00:00,0.168061,0.171167,0.170025,0.168424,1992756.08907673
1770256800,2026-02-05 02:00:00,0.166235,0.169752,0.168461,0.166552,2481726.20671002
1770260400,2026-02-05 03:00:00,0.164811,0.167504,0.166566,0.165108,3921264.4783818
1770264000,2026-02-05 04:00:00,0.164488,0.166705,0.165139,0.165503,2622591.30699228
1770267600,2026-02-05 05:00:00,0.164,0.167269,0.165538,0.165918,3057883.78356588
1770271200,2026-02-05 06:00:00,0.162829,0.166014,0.16593,0.16329,2942401.48863703
1770274800,2026-02-05 07:00:00,0.163181,0.16561,0.163253,0.16346,2695446.40135725
1770278400,2026-02-05 08:00:00,0.163522,0.165526,0.163535,0.164138,1802107.09091445
1770282000,2026-02-05 09:00:00,0.16216,0.165562,0.16414,0.162336,3911500.71631387
1770285600,2026-02-05 10:00:00,0.158468,0.16271,0.162353,0.158975,4393560.04364213
1770289200,2026-02-05 11:00:00,0.157268,0.160493,0.158895,0.1596,5443848.79294072
1770292800,2026-02-05 12:00:00,0.158077,0.160526,0.1596,0.159708,6867385.54640456
1770296400,2026-02-05 13:00:00,0.157779,0.159926,0.159712,0.158561,3671313.82804881
1770300000,2026-02-05 14:00:00,0.158585,0.162931,0.158585,0.159858,5994589.35831594
1770303600,2026-02-05 15:00:00,0.150703,0.160342,0.15988,0.154187,13561150.07889213
1770307200,2026-02-05 16:00:00,0.152771,0.157254,0.1542,0.154482,9066071.44382935
1770310800,2026-02-05 17:00:00,0.149334,0.15518,0.154494,0.151829,10366276.37230761
1770314400,2026-02-05 18:00:00,0.149456,0.152814,0.151718,0.152228,5838590.19482097
1770318000,2026-02-05 19:00:00,0.14881,0.15223,0.15223,0.14931,5135037.00803721
1770321600,2026-02-05 20:00:00,0.143345,0.150402,0.14931,0.146524,12861731.16603401
1770325200,2026-02-05 21:00:00,0.144051,0.149656,0.146397,0.144662,6782239.44985542
1770328800,2026-02-05 22:00:00,0.14321,0.148475,0.14479,0.147281,6232950.8996177
1770332400,2026-02-05 23:00:00,0.146305,0.150258,0.1472,0.146854,6499138.43217613
1770336000,2026-02-06 00:00:00,0.13612,0.153103,0.146783,0.150903,18424639.4933436
1770339600,2026-02-06 01:00:00,0.14942,0.154231,0.150838,0.15392,8270266.46598276
1770343200,2026-02-06 02:00:00,0.149756,0.154738,0.153924,0.151481,3864642.92027429
1770346800,2026-02-06 03:00:00,0.150502,0.152785,0.151466,0.151865,2920514.48104785
1770350400,2026-02-06 04:00:00,0.150901,0.153506,0.151906,0.152901,2595315.7828896
1770354000,2026-02-06 05:00:00,0.152464,0.15694,0.152797,0.15631,2261156.80825112
1770357600,2026-02-06 06:00:00,0.153499,0.156766,0.15631,0.153792,2714147.79972161
1770361200,2026-02-06 07:00:00,0.151342,0.154342,0.153856,0.15162,6250679.8171564
1770364800,2026-02-06 08:00:00,0.150615,0.152669,0.15162,0.15142,3745932.50348497
1770368400,2026-02-06 09:00:00,0.150884,0.15455,0.151405,0.15414,2316968.92088606
1770372000,2026-02-06 10:00:00,0.15377,0.158333,0.154167,0.157841,4450841.4304134
1770375600,2026-02-06 11:00:00,0.156619,0.158407,0.157809,0.157459,3929510.55425061
1770379200,2026-02-06 12:00:00,0.156618,0.157897,0.157434,0.157737,2680664.99687795
1770382800,2026-02-06 13:00:00,0.157612,0.163199,0.157738,0.161502,6769054.57081914
1770386400,2026-02-06 14:00:00,0.15862,0.1645,0.161515,0.163982,5429817.54031257
1770390000,2026-02-06 15:00:00,0.163083,0.167106,0.164056,0.165672,7992264.1473425
1770393600,2026-02-06 16:00:00,0.165002,0.167971,0.16578,0.167091,5506583.43847688
1770397200,2026-02-06 17:00:00,0.166647,0.171206,0.167037,0.16838,5084897.1863177
1770400800,2026-02-06 18:00:00,0.164413,0.168561,0.168488,0.165541,3978962.12908846
1770404400,2026-02-06 19:00:00,0.162327,0.165892,0.165541,0.163916,5032618.20066207
1770408000,2026-02-06 20:00:00,0.161422,0.164271,0.163879,0.162207,4227797.77875924
1770411600,2026-02-06 21:00:00,0.161148,0.163359,0.16215,0.16313,3365322.14683975
1770415200,2026-02-06 22:00:00,0.162904,0.165388,0.16313,0.165291,1839144.88974174
1770418800,2026-02-06 23:00:00,0.163175,0.165828,0.165264,0.16402,2487132.80466803
1770422400,2026-02-07 00:00:00,0.161642,0.164401,0.163983,0.162477,1866604.20013279
1770426000,2026-02-07 01:00:00,0.161151,0.163732,0.16237,0.162708,1337121.06985156
1770429600,2026-02-07 02:00:00,0.16155,0.163138,0.162656,0.162039,1265882.17033236
1770433200,2026-02-07 03:00:00,0.161876,0.163853,0.162058,0.163126,2414728.81395398
1770436800,2026-02-07 04:00:00,0.162132,0.164458,0.163063,0.162271,1225749.26978992
1770440400,2026-02-07 05:00:00,0.162071,0.16341,0.16224,0.162534,719782.41413534
1770444000,2026-02-07 06:00:00,0.160664,0.164224,0.162529,0.160664,2548260.88641759
1770447600,2026-02-07 07:00:00,0.157437,0.161431,0.16078,0.158644,1652805.71638741
1770451200,2026-02-07 08:00:00,0.158176,0.159636,0.15864,0.159203,1115656.1813258
1770454800,2026-02-07 09:00:00,0.157655,0.159531,0.15927,0.158514,1136858.45783923
1770458400,2026-02-07 10:00:00,0.155969,0.158913,0.158492,0.157031,1433476.69302869
1770462000,2026-02-07 11:00:00,0.156212,0.15735,0.156988,0.156353,2303545.69259587
1770465600,2026-02-07 12:00:00,0.156247,0.161106,0.156352,0.159666,3410991.94688819
1770469200,2026-02-07 13:00:00,0.158396,0.160504,0.15972,0.159365,1301898.18779046
1770472800,2026-02-07 14:00:00,0.157964,0.159803,0.159365,0.157964,1021901.0833617
1770476400,2026-02-07 15:00:00,0.15803,0.160847,0.15803,0.159732,1244914.45099785
1770480000,2026-02-07 16:00:00,0.159276,0.164628,0.159766,0.16167,4856527.84116801
1770483600,2026-02-07 17:00:00,0.159791,0.162192,0.161671,0.16144,1072255.08110543
1770487200,2026-02-07 18:00:00,0.16148,0.16412,0.16148,0.162705,874095.33306859
1770490800,2026-02-07 19:00:00,0.161334,0.16283,0.162652,0.16164,525306.89372631
1770494400,2026-02-07 20:00:00,0.161475,0.162904,0.161607,0.16254,1085548.9493583
1770498000,2026-02-07 21:00:00,0.161535,0.162764,0.162568,0.16168,1091356.42935578
1770501600,2026-02-07 22:00:00,0.16133,0.16226,0.161627,0.161504,489941.33700452
1770505200,2026-02-07 23:00:00,0.160692,0.162077,0.16159,0.161683,793410.97658627
1770508800,2026-02-08 00:00:00,0.160672,0.161832,0.16173,0.161567,533734.00201588
1770512400,2026-02-08 01:00:00,0.161476,0.163352,0.161616,0.162529,984570.00035048
1770516000,2026-02-08 02:00:00,0.160996,0.16327,0.16259,0.161479,1100857.8706021
1770519600,2026-02-08 03:00:00,0.160124,0.16184,0.1615,0.16029,589982.38390623
1770523200,2026-02-08 04:00:00,0.159617,0.160681,0.160273,0.160597,712982.90542672
1770526800,2026-02-08 05:00:00,0.1596,0.160994,0.160597,0.159933,797126.89399026
1770530400,2026-02-08 06:00:00,0.159656,0.160422,0.159909,0.160012,376938.63338502
1770534000,2026-02-08 07:00:00,0.1597,0.160602,0.16002,0.160475,355876.50984278
1770537600,2026-02-08 08:00:00,0.160245,0.163653,0.16049,0.163542,3064775.91143107
1770541200,2026-02-08 09:00:00,0.161678,0.164117,0.16355,0.16231,1126143.62889757
1770544800,2026-02-08 10:00:00,0.161335,0.163158,0.16231,0.161609,590481.73757311
1770548400,2026-02-08 11:00:00,0.161521,0.164141,0.161578,0.16374,777083.41303377
1770552000,2026-02-08 12:00:00,0.162608,0.163914,0.163764,0.163488,914154.20529799
1770555600,2026-02-08 13:00:00,0.162384,0.164175,0.163392,0.16389,1448797.40969453
1770559200,2026-02-08 14:00:00,0.163248,0.164149,0.16392,0.163848,931685.37447551
1770562800,2026-02-08 15:00:00,0.161305,0.164347,0.163847,0.161784,1424161.98616786
1770566400,2026-02-08 16:00:00,0.158787,0.162029,0.161804,0.159398,1655203.02675002
1770570000,2026-02-08 17:00:00,0.159336,0.161231,0.159384,0.16115,854464.72310023
1770573600,2026-02-08 18:00:00,0.161113,0.163032,0.16115,0.16225,811812.40048116
1770577200,2026-02-08 19:00:00,0.16208,0.163575,0.16225,0.163519,751363.27162961
1770580800,2026-02-08 20:00:00,0.161713,0.163502,0.163501,0.161805,739860.08773528
1770584400,2026-02-08 21:00:00,0.160656,0.162247,0.16181,0.161352,1047840.4611819
1770588000,2026-02-08 22:00:00,0.16079,0.162117,0.161439,0.162043,573352.58166116
1770591600,2026-02-08 23:00:00,0.160211,0.164952,0.16205,0.161403,2410167.28186023
1770595200,2026-02-09 00:00:00,0.160512,0.161872,0.161392,0.161557,947268.58406773
1770598800,2026-02-09 01:00:00,0.160075,0.162568,0.161532,0.160831,1479325.42316829
1770602400,2026-02-09 02:00:00,0.16052,0.162568,0.160824,0.16165,1181401.91197466
1770606000,2026-02-09 03:00:00,0.161606,0.163572,0.16165,0.163301,875473.75724375
1770609600,2026-02-09 04:00:00,0.161887,0.163889,0.163297,0.162182,1689712.53913164
1770613200,2026-02-09 05:00:00,0.1615,0.162372,0.162182,0.162033,1300165.54415326
1770616800,2026-02-09 06:00:00,0.1602,0.162013,0.162013,0.16104,776943.73268349
1770620400,2026-02-09 07:00:00,0.160042,0.1614,0.16104,0.160284,940599.29999439
1770624000,2026-02-09 08:00:00,0.157784,0.160545,0.16028,0.15917,2674149.37886765
1770627600,2026-02-09 09:00:00,0.158235,0.15979,0.159159,0.158387,1147669.86785337
1770631200,2026-02-09 10:00:00,0.156016,0.158703,0.158361,0.156532,3301735.87532396
1770634800,2026-02-09 11:00:00,0.156499,0.157752,0.156534,0.15681,905004.35532465
1770638400,2026-02-09 12:00:00,0.156833,0.158297,0.156859,0.15785,842088.73187876
1770642000,2026-02-09 13:00:00,0.156409,0.158308,0.157878,0.156447,1060560.92195452
1770645600,2026-02-09 14:00:00,0.15645,0.159669,0.15647,0.159212,1956156.27677169
1770649200,2026-02-09 15:00:00,0.156872,0.160545,0.15922,0.159466,1253163.22668723
1770652800,2026-02-09 16:00:00,0.158445,0.161699,0.15946,0.16019,1531035.38555885
1770656400,2026-02-09 17:00:00,0.159225,0.16235,0.16009,0.161638,2702655.04408565
1770660000,2026-02-09 18:00:00,0.159875,0.162179,0.16163,0.160963,936424.96627802
1770663600,2026-02-09 19:00:00,0.160341,0.161625,0.160895,0.161457,947879.2155096
1770667200,2026-02-09 20:00:00,0.160321,0.161875,0.161342,0.161609,1242158.34160755
1770670800,2026-02-09 21:00:00,0.1595,0.1617,0.161652,0.16095,1232132.81021392
1770674400,2026-02-09 22:00:00,0.160275,0.161356,0.160975,0.16038,640682.05291026
1770678000,2026-02-09 23:00:00,0.1593,0.160693,0.16035,0.15948,1025846.62972885
1770681600,2026-02-10 00:00:00,0.159175,0.15985,0.15948,0.15939,847378.191439
1770685200,2026-02-10 01:00:00,0.159325,0.1609,0.15939,0.160646,1424321.51596351
1770688800,2026-02-10 02:00:00,0.159675,0.160675,0.160638,0.15985,957126.66309032
1770692400,2026-02-10 03:00:00,0.157119,0.160079,0.15985,0.157931,1186120.15929214
1770696000,2026-02-10 04:00:00,0.157937,0.15942,0.157942,0.1592,700797.76604621
1770699600,2026-02-10 05:00:00,0.157925,0.1593,0.1592,0.15833,568593.11378633
1770703200,2026-02-10 06:00:00,0.155605,0.1586,0.1583,0.15628,1276272.44474282
1770706800,2026-02-10 07:00:00,0.156271,0.1575,0.156275,0.156772,503377.89174616
1770710400,2026-02-10 08:00:00,0.156453,0.157311,0.15679,0.15708,441868.94021367
1770714000,2026-02-10 09:00:00,0.156429,0.157795,0.15709,0.15677,570265.89724062
1770717600,2026-02-10 10:00:00,0.156255,0.157078,0.15681,0.15642,738448.99631981
1770721200,2026-02-10 11:00:00,0.155555,0.156738,0.156387,0.155692,873458.3109701
1770724800,2026-02-10 12:00:00,0.154909,0.156168,0.15571,0.154964,1296649.85248634
1770728400,2026-02-10 13:00:00,0.154692,0.156476,0.154959,0.156017,1611001.01008205
1770732000,2026-02-10 14:00:00,0.155405,0.1577,0.155993,0.156099,2979467.60783864
1770735600,2026-02-10 15:00:00,0.155847,0.16,0.15605,0.15927,1426336.25771946
1770739200,2026-02-10 16:00:00,0.157562,0.15955,0.15925,0.158212,1004316.95453393
1770742800,2026-02-10 17:00:00,0.157899,0.1596,0.15815,0.15915,1241993.99151503
1770746400,2026-02-10 18:00:00,0.156167,0.15941,0.159175,0.15692,2190150.02870342
1770750000,2026-02-10 19:00:00,0.156226,0.157875,0.156875,0.157239,504425.04902404
1770753600,2026-02-10 20:00:00,0.156627,0.15776,0.157199,0.15725,712912.83047668
1770757200,2026-02-10 21:00:00,0.15645,0.158577,0.157225,0.15773,5338587.31846804
1770760800,2026-02-10 22:00:00,0.157319,0.158761,0.157758,0.15832,729696.39835007
1770764400,2026-02-10 23:00:00,0.15766,0.15857,0.158275,0.158478,1163772.10364001
1770768000,2026-02-11 00:00:00,0.158175,0.15898,0.158446,0.15874,865839.91596939
1770771600,2026-02-11 01:00:00,0.157764,0.158811,0.15865,0.158176,545399.34551496
1770775200,2026-02-11 02:00:00,0.157651,0.158796,0.158191,0.15773,852493.91099141
1770778800,2026-02-11 03:00:00,0.15638,0.157975,0.157772,0.15695,938851.7544759
1770782400,2026-02-11 04:00:00,0.155044,0.157267,0.156925,0.15537,1474314.52054585
1770786000,2026-02-11 05:00:00,0.155339,0.156203,0.15539,0.155493,1167089.27690494
1770789600,2026-02-11 06:00:00,0.153347,0.155749,0.15544,0.153625,1658462.75249509
1770793200,2026-02-11 07:00:00,0.1534,0.154394,0.153604,0.153872,871002.21618058
1770796800,2026-02-11 08:00:00,0.1535,0.15435,0.15385,0.153809,697490.89136621
1770800400,2026-02-11 09:00:00,0.152865,0.154094,0.15381,0.153116,699826.66366337
1770804000,2026-02-11 10:00:00,0.15246,0.153282,0.153114,0.15309,1019235.14910877
1770807600,2026-02-11 11:00:00,0.152968,0.15428,0.153071,0.154064,578056.01318271
1770811200,2026-02-11 12:00:00,0.153146,0.154141,0.15406,0.15348,1294100.72521977
1770814800,2026-02-11 13:00:00,0.152797,0.154569,0.1535,0.15452,1939323.07624008
1770818400,2026-02-11 14:00:00,0.152215,0.15792,0.154491,0.1525,3430187.19933934
1770822000,2026-02-11 15:00:00,0.15052,0.153114,0.15246,0.15138,2665010.81604547
1770825600,2026-02-11 16:00:00,0.150612,0.153278,0.15138,0.150744,1282379.30464187
1770829200,2026-02-11 17:00:00,0.15064,0.153417,0.150732,0.15255,1575572.08243595
1770832800,2026-02-11 18:00:00,0.151901,0.154633,0.152599,0.1542,1780858.8476713
1770836400,2026-02-11 19:00:00,0.153468,0.154907,0.1542,0.15403,974582.22509969
1770840000,2026-02-11 20:00:00,0.153285,0.15625,0.154028,0.15552,6385085.48772605
1770843600,2026-02-11 21:00:00,0.15509,0.15722,0.155576,0.156107,1590684.40186742
1770847200,2026-02-11 22:00:00,0.154352,0.156139,0.156139,0.154644,644318.18778025
1770850800,2026-02-11 23:00:00,0.153498,0.15512,0.154616,0.154586,1376691.31988274
1770854400,2026-02-12 00:00:00,0.154549,0.156416,0.154593,0.155816,1150247.00834903
1770858000,2026-02-12 01:00:00,0.155848,0.156901,0.155879,0.156315,1021988.27601945
1770861600,2026-02-12 02:00:00,0.155641,0.156535,0.156296,0.15588,672118.1956895
1770865200,2026-02-12 03:00:00,0.15582,0.15663,0.15588,0.156357,736229.48330682
1770868800,2026-02-12 04:00:00,0.15614,0.15707,0.156352,0.15635,572188.71122726
1770872400,2026-02-12 05:00:00,0.155748,0.157266,0.156296,0.157007,399589.36057417
1770876000,2026-02-12 06:00:00,0.156896,0.158651,0.15701,0.158172,647184.7753831
1770879600,2026-02-12 07:00:00,0.157692,0.158967,0.158169,0.158873,546553.03283764
1770883200,2026-02-12 08:00:00,0.158424,0.159511,0.158873,0.15884,558162.20740064
1770886800,2026-02-12 09:00:00,0.158649,0.160149,0.158828,0.160005,647584.87756003
1770890400,2026-02-12 10:00:00,0.159355,0.160617,0.159929,0.160617,473119.97826361
1770894000,2026-02-12 11:00:00,0.159834,0.160803,0.160617,0.160247,744951.60391037
1770897600,2026-02-12 12:00:00,0.16,0.160844,0.160246,0.160432,525412.13041323
1770901200,2026-02-12 13:00:00,0.159651,0.161932,0.16044,0.161864,1320043.72138863
1770904800,2026-02-12 14:00:00,0.160554,0.161911,0.161865,0.16124,1329759.89533649
1770908400,2026-02-12 15:00:00,0.159894,0.163561,0.161137,0.160736,2318938.34488721
1770912000,2026-02-12 16:00:00,0.155675,0.161115,0.160729,0.156336,6542819.97686161
1770915600,2026-02-12 17:00:00,0.155925,0.15835,0.156303,0.1563,3352031.51068933
1770919200,2026-02-12 18:00:00,0.15555,0.157352,0.156351,0.15616,1209031.98780287
1770922800,2026-02-12 19:00:00,0.155124,0.158048,0.156152,0.15621,733906.7927211
1770926400,2026-02-12 20:00:00,0.154275,0.15664,0.15621,0.15462,792257.24595901
1770930000,2026-02-12 21:00:00,0.153809,0.155181,0.154647,0.154175,1376249.80530207
1770933600,2026-02-12 22:00:00,0.153776,0.156529,0.154178,0.156417,1638476.15989594
1770937200,2026-02-12 23:00:00,0.155825,0.15697,0.156459,0.15621,849682.09461736
1770940800,2026-02-13 00:00:00,0.1548,0.1569,0.156205,0.155284,514626.4193102
1770944400,2026-02-13 01:00:00,0.154542,0.15595,0.155275,0.155451,905120.77389108
1770948000,2026-02-13 02:00:00,0.154951,0.15655,0.1554,0.156173,570008.50293606
1770951600,2026-02-13 03:00:00,0.15542,0.156602,0.156257,0.1561,1375278.18506138
1770955200,2026-02-13 04:00:00,0.154648,0.156249,0.156142,0.15477,2342956.51980818
1770958800,2026-02-13 05:00:00,0.154603,0.155706,0.154782,0.155045,1220098.58724394
1770962400,2026-02-13 06:00:00,0.154437,0.155595,0.1551,0.155488,958361.50926688
1770966000,2026-02-13 07:00:00,0.155177,0.156246,0.15549,0.155708,688264.53030932
1770969600,2026-02-13 08:00:00,0.155569,0.15791,0.155672,0.1575,2081166.38559391
1770973200,2026-02-13 09:00:00,0.156645,0.157509,0.157509,0.156794,1514022.91860591
1770976800,2026-02-13 10:00:00,0.15667,0.157803,0.15679,0.157302,459148.07247039
1770980400,2026-02-13 11:00:00,0.156924,0.158074,0.157303,0.157815,566118.03962355
1770984000,2026-02-13 12:00:00,0.157039,0.157896,0.15782,0.157608,564638.82599198
1770987600,2026-02-13 13:00:00,0.157216,0.158954,0.157608,0.158397,2367447.91636613
1770991200,2026-02-13 14:00:00,0.157545,0.160482,0.158409,0.159564,1728653.09414932
1770994800,2026-02-13 15:00:00,0.1593,0.163505,0.159564,0.161835,2356240.32829518
1770998400,2026-02-13 16:00:00,0.161106,0.165914,0.16183,0.165267,3681741.10642148
1771002000,2026-02-13 17:00:00,0.16442,0.166587,0.165243,0.165268,2462753.46166975
1771005600,2026-02-13 18:00:00,0.163347,0.165617,0.165213,0.16448,2068234.1047485
1771009200,2026-02-13 19:00:00,0.163687,0.165218,0.1645,0.164633,1746076.31322722
1771012800,2026-02-13 20:00:00,0.164295,0.165372,0.164648,0.165297,1154680.93195885
1771016400,2026-02-13 21:00:00,0.165321,0.16605,0.16533,0.165712,757036.48130119
1771020000,2026-02-13 22:00:00,0.164565,0.166179,0.165712,0.164828,1154135.09234657
1771023600,2026-02-13 23:00:00,0.164274,0.165024,0.164909,0.164408,1401533.19935122
1771027200,2026-02-14 00:00:00,0.164352,0.166269,0.164443,0.165802,888334.78077706
1771030800,2026-02-14 01:00:00,0.165694,0.167136,0.165876,0.165932,1343822.32008745
1771034400,2026-02-14 02:00:00,0.165324,0.166432,0.165906,0.165617,964288.77199809
1771038000,2026-02-14 03:00:00,0.165523,0.166764,0.165613,0.166588,841396.23514584
1771041600,2026-02-14 04:00:00,0.166054,0.166681,0.166589,0.166054,471111.10524359
1771045200,2026-02-14 05:00:00,0.165231,0.166764,0.16609,0.165524,799722.402428
1771048800,2026-02-14 06:00:00,0.165348,0.166097,0.165514,0.16599,365924.05762939
1771052400,2026-02-14 07:00:00,0.165914,0.167102,0.165978,0.166946,520427.90588338
1771056000,2026-02-14 08:00:00,0.166875,0.169408,0.166935,0.169201,951055.55249072
1771059600,2026-02-14 09:00:00,0.169191,0.170473,0.169268,0.169956,1094041.64069864
1771063200,2026-02-14 10:00:00,0.169486,0.170502,0.169884,0.170264,602438.86921572
1771066800,2026-02-14 11:00:00,0.169728,0.172718,0.170163,0.170221,2288199.70111645
1771070400,2026-02-14 12:00:00,0.169382,0.17098,0.17022,0.169716,717176.82057389
1771074000,2026-02-14 13:00:00,0.168005,0.169965,0.169685,0.168704,991904.24541279
1771077600,2026-02-14 14:00:00,0.168532,0.171476,0.168714,0.171203,824235.27202894
1771081200,2026-02-14 15:00:00,0.170483,0.171564,0.171159,0.17153,968743.07275142
1771084800,2026-02-14 16:00:00,0.170585,0.172685,0.17153,0.17245,2028308.48503784
1771088400,2026-02-14 17:00:00,0.171868,0.173664,0.172381,0.172864,1167638.25762958
1771092000,2026-02-14 18:00:00,0.17299,0.175098,0.17299,0.17505,1607717.35932194
1771095600,2026-02-14 19:00:00,0.174279,0.176409,0.17501,0.175964,805742.77158416
1771099200,2026-02-14 20:00:00,0.1734,0.176669,0.175968,0.17408,2026519.81797472
1771102800,2026-02-14 21:00:00,0.172949,0.175289,0.174075,0.173992,1170876.39769361
1771106400,2026-02-14 22:00:00,0.173787,0.17562,0.173966,0.17485,761327.6247615
1771110000,2026-02-14 23:00:00,0.173888,0.175305,0.17485,0.17434,946610.59054238
1771113600,2026-02-15 00:00:00,0.173811,0.175536,0.17433,0.175194,1052773.34046221
1771117200,2026-02-15 01:00:00,0.174261,0.176254,0.175082,0.17546,2731183.56890823
1771120800,2026-02-15 02:00:00,0.174148,0.176439,0.175379,0.175734,1245636.66322838
1771124400,2026-02-15 03:00:00,0.17301,0.176849,0.175708,0.176089,847251.79020684
1771128000,2026-02-15 04:00:00,0.176017,0.178496,0.176043,0.177554,1213715.75298757
1771131600,2026-02-15 05:00:00,0.177372,0.180456,0.17749,0.17969,1450694.33562873
1771135200,2026-02-15 06:00:00,0.178854,0.18064,0.179686,0.179843,1378790.08271175
1771138800,2026-02-15 07:00:00,0.179425,0.183484,0.179917,0.183482,5794818.93283396
1771142400,2026-02-15 08:00:00,0.178468,0.18554,0.183482,0.178932,4595811.95203093
1771146000,2026-02-15 09:00:00,0.177271,0.179366,0.178901,0.177665,1830527.71988652
1771149600,2026-02-15 10:00:00,0.175708,0.178032,0.177631,0.176666,1430217.12828553
1771153200,2026-02-15 11:00:00,0.175532,0.177272,0.176741,0.175969,697584.94801486
1771156800,2026-02-15 12:00:00,0.171048,0.176297,0.175894,0.171133,2723058.02064113
1771160400,2026-02-15 13:00:00,0.170365,0.173183,0.171187,0.171171,3212150.39708291
1771164000,2026-02-15 14:00:00,0.17082,0.173321,0.171158,0.173004,1394803.00586012
1771167600,2026-02-15 15:00:00,0.172375,0.174525,0.17296,0.17293,2493731.47098756
1771171200,2026-02-15 16:00:00,0.171099,0.172952,0.172949,0.172586,2081832.3415914
1771174800,2026-02-15 17:00:00,0.16848,0.172894,0.172563,0.169764,2890501.09634442
1771178400,2026-02-15 18:00:00,0.16812,0.170036,0.16978,0.16863,1997187.96830662
1771182000,2026-02-15 19:00:00,0.167453,0.169105,0.16854,0.168016,980555.42588548
1771185600,2026-02-15 20:00:00,0.1675,0.168982,0.168016,0.167809,699670.29563725
1771189200,2026-02-15 21:00:00,0.167748,0.169118,0.167809,0.168673,815343.63769758
1771192800,2026-02-15 22:00:00,0.168402,0.170451,0.168698,0.1703,629976.11164507
1771196400,2026-02-15 23:00:00,0.168649,0.17046,0.170326,0.17013,995836.43818469
1771200000,2026-02-16 00:00:00,0.16989,0.171586,0.170134,0.170848,641659.65551324
1771203600,2026-02-16 01:00:00,0.16955,0.17163,0.17086,0.170177,547327.23966742
1771207200,2026-02-16 02:00:00,0.168943,0.170958,0.17019,0.169006,1706160.62348086
1771210800,2026-02-16 03:00:00,0.1686,0.16923,0.16901,0.16881,859732.11000921
1771214400,2026-02-16 04:00:00,0.16878,0.17064,0.168781,0.170484,435855.96699772
1771218000,2026-02-16 05:00:00,0.167775,0.1704,0.1704,0.168321,703989.25089327
1771221600,2026-02-16 06:00:00,0.168,0.169079,0.16832,0.16854,706148.47099794
1771225200,2026-02-16 07:00:00,0.167728,0.1689,0.168559,0.16827,432952.46835326
1771228800,2026-02-16 08:00:00,0.168061,0.168894,0.168205,0.168286,372065.19385445
1771232400,2026-02-16 09:00:00,0.168254,0.171849,0.168254,0.17055,581078.34772547
1771236000,2026-02-16 10:00:00,0.169294,0.17073,0.170522,0.169394,384912.54822718
1771239600,2026-02-16 11:00:00,0.167137,0.16962,0.1694,0.168953,583852.43758782
1771243200,2026-02-16 12:00:00,0.168449,0.171968,0.168965,0.171552,2106971.83536038
1771246800,2026-02-16 13:00:00,0.167978,0.172512,0.17152,0.16847,936980.73305862
1771250400,2026-02-16 14:00:00,0.167706,0.17061,0.168432,0.16939,662668.07786366
1771254000,2026-02-16 15:00:00,0.16602,0.170529,0.16939,0.16692,2805583.26715816
1771257600,2026-02-16 16:00:00,0.166887,0.168851,0.166971,0.16822,908025.76216806
1771261200,2026-02-16 17:00:00,0.16758,0.168736,0.168219,0.1682,401402.27485497
1771264800,2026-02-16 18:00:00,0.16731,0.168692,0.16825,0.16734,538316.82746292
1771268400,2026-02-16 19:00:00,0.167038,0.168306,0.16734,0.167717,758168.16440967
1771272000,2026-02-16 20:00:00,0.167118,0.168577,0.167668,0.168392,1680183.89185547
1771275600,2026-02-16 21:00:00,0.167838,0.169728,0.16839,0.16962,1188624.9469617
1771279200,2026-02-16 22:00:00,0.169147,0.170435,0.169545,0.169294,2397073.41479324
1771282800,2026-02-16 23:00:00,0.169239,0.170208,0.169252,0.16967,444062.93587944
1771286400,2026-02-17 00:00:00,0.169078,0.169856,0.16969,0.169229,421658.05099073
1771290000,2026-02-17 01:00:00,0.168735,0.169996,0.169238,0.16884,484745.063102
1771293600,2026-02-17 02:00:00,0.168151,0.1703,0.168858,0.16962,553199.54800303
1771297200,2026-02-17 03:00:00,0.167904,0.16962,0.16962,0.167904,417305.90090457
1771300800,2026-02-17 04:00:00,0.167264,0.168663,0.167872,0.16842,465404.85470093
1771304400,2026-02-17 05:00:00,0.166799,0.168608,0.168394,0.167679,243176.55126261
1771308000,2026-02-17 06:00:00,0.167584,0.168096,0.16768,0.167648,151043.59048955
1771311600,2026-02-17 07:00:00,0.16674,0.167669,0.167616,0.16714,1398020.00644393
1771315200,2026-02-17 08:00:00,0.166144,0.167488,0.16714,0.166378,279843.80061809
1771318800,2026-02-17 09:00:00,0.165363,0.166502,0.166307,0.165949,1866407.64099283
1771322400,2026-02-17 10:00:00,0.165038,0.165945,0.1659,0.16539,472665.69582565
1771326000,2026-02-17 11:00:00,0.165131,0.16576,0.165427,0.165551,363296.12605497
1771329600,2026-02-17 12:00:00,0.165168,0.16613,0.165455,0.16547,308176.68688768
1771333200,2026-02-17 13:00:00,0.165131,0.16706,0.165498,0.166569,1578030.28785875
1771336800,2026-02-17 14:00:00,0.164151,0.16724,0.1665,0.164799,913051.33335806
1771340400,2026-02-17 15:00:00,0.164713,0.166588,0.164798,0.165771,1066523.12243905
1771344000,2026-02-17 16:00:00,0.165748,0.16941,0.16586,0.16591,2028389.24527137
1771347600,2026-02-17 17:00:00,0.164241,0.166611,0.16597,0.165328,2508914.6626843
1771351200,2026-02-17 18:00:00,0.165232,0.168676,0.16542,0.167456,3807486.84790845
1771354800,2026-02-17 19:00:00,0.166624,0.168,0.16747,0.166803,1579541.64484557
1771358400,2026-02-17 20:00:00,0.16559,0.166848,0.16682,0.16651,383158.37263446
1771362000,2026-02-17 21:00:00,0.166454,0.167392,0.166519,0.166881,437551.26054871
1771365600,2026-02-17 22:00:00,0.165873,0.167098,0.16689,0.165888,361959.79356813
1771369200,2026-02-17 23:00:00,0.1655,0.165985,0.16589,0.165613,727685.67387191
1771372800,2026-02-18 00:00:00,0.164977,0.166065,0.165554,0.165125,1013096.96293275
1771376400,2026-02-18 01:00:00,0.164449,0.165521,0.16513,0.164961,1147725.49230452
1771380000,2026-02-18 02:00:00,0.16502,0.166519,0.16502,0.166,521214.58780153
1771383600,2026-02-18 03:00:00,0.165759,0.166559,0.165999,0.166249,437842.20249889
1771387200,2026-02-18 04:00:00,0.166163,0.166848,0.166217,0.16672,782214.92709788
1771390800,2026-02-18 05:00:00,0.166254,0.16705,0.16672,0.166456,843437.50846303
1771394400,2026-02-18 06:00:00,0.16643,0.167536,0.166455,0.167183,282111.87889786
1771398000,2026-02-18 07:00:00,0.166959,0.169166,0.167158,0.169019,268885.10015124
1771401600,2026-02-18 08:00:00,0.167931,0.169343,0.169019,0.168126,493001.34505398
1771405200,2026-02-18 09:00:00,0.167904,0.16857,0.168128,0.168026,264759.02117101
1771408800,2026-02-18 10:00:00,0.166681,0.168416,0.168029,0.166912,1476795.64852404
1771412400,2026-02-18 11:00:00,0.165336,0.166944,0.166917,0.165664,354067.17593744
1771416000,2026-02-18 12:00:00,0.164915,0.166144,0.16566,0.16542,564141.18485257
1771419600,2026-02-18 13:00:00,0.16456,0.165896,0.165504,0.165348,719720.56781731
1771423200,2026-02-18 14:00:00,0.164,0.16572,0.165353,0.165429,1238093.29425581
1771426800,2026-02-18 15:00:00,0.165316,0.168683,0.165401,0.167085,2581209.19149065
1771430400,2026-02-18 16:00:00,0.164066,0.16713,0.16704,0.164224,2135726.05953988
1771434000,2026-02-18 17:00:00,0.163799,0.165751,0.164203,0.16403,752190.18336915
1771437600,2026-02-18 18:00:00,0.162045,0.164094,0.16403,0.162353,990495.30495654
1771441200,2026-02-18 19:00:00,0.161031,0.163145,0.162266,0.162073,1218563.36823872
1771444800,2026-02-18 20:00:00,0.161128,0.162344,0.16208,0.161382,1209467.8761118
1771448400,2026-02-18 21:00:00,0.161032,0.162325,0.16147,0.16148,623435.3346138
1771452000,2026-02-18 22:00:00,0.161,0.161817,0.16149,0.161304,421944.80089989
1771455600,2026-02-18 23:00:00,0.160737,0.161541,0.161306,0.161231,1122807.11339904
1771459200,2026-02-19 00:00:00,0.160275,0.161325,0.16125,0.160701,2083949.02624812
1771462800,2026-02-19 01:00:00,0.1607,0.16595,0.1607,0.16183,2854515.05588644
1771466400,2026-02-19 02:00:00,0.161125,0.16209,0.16185,0.161716,643556.32386156
1771470000,2026-02-19 03:00:00,0.16127,0.161992,0.16162,0.161733,354075.27739882
1771473600,2026-02-19 04:00:00,0.160784,0.161946,0.161708,0.160873,480225.94208444
1771477200,2026-02-19 05:00:00,0.159811,0.160954,0.160805,0.160283,2081423.65818651
1771480800,2026-02-19 06:00:00,0.160252,0.161394,0.160299,0.161345,506916.88716902
1771484400,2026-02-19 07:00:00,0.160906,0.162169,0.16136,0.161869,718736.70301859
1771488000,2026-02-19 08:00:00,0.160224,0.161842,0.161785,0.160363,498763.76126338
1771491600,2026-02-19 09:00:00,0.15972,0.161248,0.160445,0.15978,462423.62223039
1771495200,2026-02-19 10:00:00,0.159343,0.160379,0.15978,0.159607,488076.65127215
1771498800,2026-02-19 11:00:00,0.159159,0.160055,0.159584,0.159514,650801.49804693
1771502400,2026-02-19 12:00:00,0.158908,0.159659,0.15949,0.159024,1073427.02063396
1771506000,2026-02-19 13:00:00,0.157159,0.159284,0.15903,0.15788,851740.8305618
1771509600,2026-02-19 14:00:00,0.157536,0.159904,0.15788,0.159078,1038425.00927429
1771513200,2026-02-19 15:00:00,0.157568,0.15984,0.159079,0.15876,1356739.16538889
1771516800,2026-02-19 16:00:00,0.157652,0.159367,0.158708,0.158278,1954240.41983889
1771520400,2026-02-19 17:00:00,0.157581,0.160028,0.158246,0.158139,951674.59920507
1771524000,2026-02-19 18:00:00,0.158007,0.160242,0.158101,0.159935,989279.72486018
1771527600,2026-02-19 19:00:00,0.158593,0.160341,0.159889,0.159479,1616038.1553742
1771531200,2026-02-19 20:00:00,0.158756,0.16007,0.15944,0.159783,2633373.37973353
1771534800,2026-02-19 21:00:00,0.159296,0.160004,0.159719,0.159432,461719.09189712
1771538400,2026-02-19 22:00:00,0.157652,0.159717,0.159458,0.158388,958783.62474587
1771542000,2026-02-19 23:00:00,0.157952,0.158969,0.158373,0.158933,966399.80281377
1771545600,2026-02-20 00:00:00,0.158656,0.16025,0.158911,0.160125,1409358.66739987
1771549200,2026-02-20 01:00:00,0.159895,0.161107,0.16014,0.160549,1684014.66307282
1771552800,2026-02-20 02:00:00,0.160098,0.160816,0.16055,0.160155,572231.8078051
1771556400,2026-02-20 03:00:00,0.159795,0.160615,0.160136,0.160028,1090825.49676614
1771560000,2026-02-20 04:00:00,0.1589,0.160075,0.160025,0.159413,653164.90700228
1771563600,2026-02-20 05:00:00,0.159075,0.16174,0.159463,0.16108,1948076.08189158
1771567200,2026-02-20 06:00:00,0.16075,0.1618,0.161087,0.161425,616499.4054791
1771570800,2026-02-20 07:00:00,0.160622,0.161415,0.161415,0.160781,416463.31522982
1771574400,2026-02-20 08:00:00,0.1604,0.161102,0.16075,0.160873,468039.81022448
1771578000,2026-02-20 09:00:00,0.160787,0.161924,0.160858,0.161813,580360.4872556
1771581600,2026-02-20 10:00:00,0.161775,0.162599,0.16182,0.161963,1487504.85738829
1771585200,2026-02-20 11:00:00,0.160841,0.162199,0.161933,0.1611,705641.30742823
1771588800,2026-02-20 12:00:00,0.1608,0.161834,0.16115,0.160959,701132.831875
1771592400,2026-02-20 13:00:00,0.157425,0.160883,0.160883,0.1581,1104005.58303495
1771596000,2026-02-20 14:00:00,0.158097,0.161159,0.15815,0.160469,1515953.88294725
1771599600,2026-02-20 15:00:00,0.16041,0.163688,0.160475,0.163675,3319576.4517193
1771603200,2026-02-20 16:00:00,0.1622,0.16517,0.163626,0.163425,2730595.22410063
1771606800,2026-02-20 17:00:00,0.160116,0.163464,0.1634,0.163049,2498098.32319473
1771610400,2026-02-20 18:00:00,0.16195,0.16393,0.162975,0.162725,2323464.14254119
1771614000,2026-02-20 19:00:00,0.161425,0.163112,0.162725,0.161949,1113667.06314313
1771617600,2026-02-20 20:00:00,0.16095,0.162247,0.161935,0.161575,713561.02749316
1771621200,2026-02-20 21:00:00,0.16135,0.161951,0.161599,0.16175,540382.68676244
1771624800,2026-02-20 22:00:00,0.161311,0.162675,0.16179,0.1624,808871.11912266
1771628400,2026-02-20 23:00:00,0.162176,0.162925,0.16244,0.162597,720601.06154474
1771632000,2026-02-21 00:00:00,0.1615,0.162752,0.162576,0.161637,441935.84694875
1771635600,2026-02-21 01:00:00,0.161512,0.162451,0.161665,0.16236,348098.2082037
1771639200,2026-02-21 02:00:00,0.162111,0.162975,0.162375,0.162382,411650.33635552
1771642800,2026-02-21 03:00:00,0.161494,0.162449,0.1624,0.161937,407127.89877709
1771646400,2026-02-21 04:00:00,0.161651,0.16208,0.161935,0.162006,375639.69148207
1771650000,2026-02-21 05:00:00,0.161831,0.162524,0.162051,0.161973,245695.02957652
1771653600,2026-02-21 06:00:00,0.161426,0.162203,0.161999,0.161689,372077.48902607
1771657200,2026-02-21 07:00:00,0.161426,0.161866,0.16169,0.16178,327140.59032774
1771660800,2026-02-21 08:00:00,0.1616,0.162847,0.1618,0.162728,328058.2414231
1771664400,2026-02-21 09:00:00,0.162601,0.164,0.162725,0.16311,434146.79724295
1771668000,2026-02-21 10:00:00,0.162778,0.16335,0.163075,0.16298,250501.44148067
1771671600,2026-02-21 11:00:00,0.16267,0.16335,0.162961,0.1631,651029.21816241
1771675200,2026-02-21 12:00:00,0.162558,0.16315,0.16309,0.162871,337370.75692065
1771678800,2026-02-21 13:00:00,0.162739,0.163499,0.162872,0.163451,360848.93697534
1771682400,2026-02-21 14:00:00,0.16326,0.164474,0.16347,0.16394,907113.42637811
1771686000,2026-02-21 15:00:00,0.163025,0.164076,0.163975,0.163214,585335.00509694
1771689600,2026-02-21 16:00:00,0.161726,0.163321,0.16323,0.161992,561125.37198495
1771693200,2026-02-21 17:00:00,0.161601,0.162287,0.16202,0.16195,498350.66608078
1771696800,2026-02-21 18:00:00,0.16191,0.1632,0.16191,0.16293,620439.40247293
1771700400,2026-02-21 19:00:00,0.162471,0.163806,0.162875,0.162631,708551.19822025
1771704000,2026-02-21 20:00:00,0.161575,0.162746,0.162625,0.161625,885673.23993521
1771707600,2026-02-21 21:00:00,0.161477,0.162436,0.16163,0.162329,376605.31476671
1771711200,2026-02-21 22:00:00,0.1613,0.162824,0.162319,0.1613,1542010.55558351
1771714800,2026-02-21 23:00:00,0.160942,0.161411,0.161276,0.160975,1463987.59793476
1771718400,2026-02-22 00:00:00,0.160125,0.161,0.160951,0.16047,1145062.3145713
1771722000,2026-02-22 01:00:00,0.159515,0.160452,0.160452,0.159827,911530.12471258
1771725600,2026-02-22 02:00:00,0.153826,0.15988,0.15985,0.155491,22579514.11032223
1771729200,2026-02-22 03:00:00,0.15428,0.157554,0.15547,0.15564,16291826.35274008
1771732800,2026-02-22 04:00:00,0.155245,0.156,0.155616,0.155806,2849742.46084628
1771736400,2026-02-22 05:00:00,0.154948,0.156557,0.155822,0.155314,5813121.07923921
1771740000,2026-02-22 06:00:00,0.154399,0.155622,0.155312,0.15533,7441529.34053134
1771743600,2026-02-22 07:00:00,0.155245,0.155953,0.155346,0.155718,1514082.30671713
1771747200,2026-02-22 08:00:00,0.155482,0.15638,0.15573,0.156016,2281922.95570853
1771750800,2026-02-22 09:00:00,0.155863,0.156869,0.15592,0.156603,408921.9799323
1771754400,2026-02-22 10:00:00,0.156224,0.15698,0.156613,0.156327,620828.2715102
1771758000,2026-02-22 11:00:00,0.156282,0.156661,0.156282,0.156576,579784.99761401
1771761600,2026-02-22 12:00:00,0.15513,0.156552,0.156552,0.155281,796089.79770065
1771765200,2026-02-22 13:00:00,0.154804,0.155571,0.15531,0.15496,1083367.42873619
1771768800,2026-02-22 14:00:00,0.154133,0.155092,0.15496,0.154567,1073429.17815747
1771772400,2026-02-22 15:00:00,0.153903,0.154959,0.154573,0.154293,1274422.01789261
1771776000,2026-02-22 16:00:00,0.153975,0.154937,0.154287,0.15486,638496.88993848
1771779600,2026-02-22 17:00:00,0.153845,0.15532,0.154855,0.15413,883404.63037151
1771783200,2026-02-22 18:00:00,0.153759,0.15582,0.1541,0.155454,5889713.28725074
1771786800,2026-02-22 19:00:00,0.154941,0.15548,0.155402,0.155259,560026.87686446
1771790400,2026-02-22 20:00:00,0.154489,0.155347,0.1552,0.154532,546587.08483045
1771794000,2026-02-22 21:00:00,0.154242,0.15498,0.15454,0.15481,562140.36596183
1771797600,2026-02-22 22:00:00,0.1547,0.155288,0.154781,0.155081,1164445.06831409
1771801200,2026-02-22 23:00:00,0.154504,0.155333,0.155122,0.154872,1190648.32870318
1771804800,2026-02-23 00:00:00,0.152929,0.155265,0.154875,0.1531,1335769.0240532
1771808400,2026-02-23 01:00:00,0.149094,0.154403,0.153045,0.14991,13717967.7957888
1771812000,2026-02-23 02:00:00,0.149712,0.150972,0.149921,0.150616,1570735.85013774
1771815600,2026-02-23 03:00:00,0.150222,0.151648,0.150648,0.150822,2089129.42961612
1771819200,2026-02-23 04:00:00,0.149696,0.151182,0.15084,0.150191,1480015.65281339
1771822800,2026-02-23 05:00:00,0.150219,0.151406,0.150219,0.150977,778588.05132371
1771826400,2026-02-23 06:00:00,0.150871,0.153529,0.15099,0.153269,758114.59300812
1771830000,2026-02-23 07:00:00,0.152835,0.153711,0.153319,0.153144,411447.76257349
1771833600,2026-02-23 08:00:00,0.15232,0.153253,0.15312,0.152544,413319.23217883
1771837200,2026-02-23 09:00:00,0.15254,0.155344,0.15254,0.15524,726406.96645418
1771840800,2026-02-23 10:00:00,0.154935,0.156106,0.15522,0.155912,753935.12897768
1771844400,2026-02-23 11:00:00,0.155814,0.15683,0.15595,0.156048,1176143.20666808
1771848000,2026-02-23 12:00:00,0.155399,0.157453,0.156039,0.156566,1074289.48129521
1771851600,2026-02-23 13:00:00,0.155235,0.156772,0.15657,0.15532,1035853.88581844
1771855200,2026-02-23 14:00:00,0.153821,0.15566,0.15532,0.155288,1096502.9468095
1771858800,2026-02-23 15:00:00,0.152918,0.155685,0.155313,0.15301,2969339.81099576
1771862400,2026-02-23 16:00:00,0.150881,0.153135,0.15306,0.151495,1468590.66942079
1771866000,2026-02-23 17:00:00,0.14939,0.151954,0.151522,0.151088,1600618.7958408
1771869600,2026-02-23 18:00:00,0.150571,0.152124,0.151033,0.150859,1055092.76622669
1771873200,2026-02-23 19:00:00,0.1502,0.151106,0.150899,0.150612,1834574.92141788
1771876800,2026-02-23 20:00:00,0.150216,0.151591,0.15057,0.151453,1265279.19389134
1771880400,2026-02-23 21:00:00,0.151182,0.152121,0.151464,0.151884,1171260.39216824
1771884000,2026-02-23 22:00:00,0.151698,0.152685,0.151859,0.151742,881732.4400003
1771887600,2026-02-23 23:00:00,0.151118,0.152208,0.15175,0.15154,867105.02068238
1771891200,2026-02-24 00:00:00,0.151416,0.152068,0.15158,0.15206,1035254.1041503
1771894800,2026-02-24 01:00:00,0.149564,0.152552,0.152059,0.151665,1400833.92116902
1771898400,2026-02-24 02:00:00,0.150801,0.152231,0.151616,0.151114,2275804.2417282
1771902000,2026-02-24 03:00:00,0.149741,0.151104,0.151104,0.150275,1359664.60586086
1771905600,2026-02-24 04:00:00,0.149102,0.150459,0.150275,0.14969,1343930.40609418
1771909200,2026-02-24 05:00:00,0.148572,0.15028,0.149619,0.149114,982417.76699243
1771912800,2026-02-24 06:00:00,0.148902,0.149698,0.149125,0.14924,930842.0234789
1771916400,2026-02-24 07:00:00,0.14892,0.14993,0.14926,0.14922,592406.13702627
1771920000,2026-02-24 08:00:00,0.148745,0.15026,0.149207,0.150136,750808.73806716
1771923600,2026-02-24 09:00:00,0.148608,0.150235,0.150133,0.149553,1134481.60841231
1771927200,2026-02-24 10:00:00,0.148851,0.149553,0.149499,0.14929,590233.51467268
1771930800,2026-02-24 11:00:00,0.149032,0.149591,0.14932,0.149234,800270.18083032
1771934400,2026-02-24 12:00:00,0.148751,0.149624,0.149225,0.14891,797967.98708042
1771938000,2026-02-24 13:00:00,0.147299,0.149148,0.14892,0.148648,1690790.78569985
1771941600,2026-02-24 14:00:00,0.147811,0.151079,0.148635,0.149828,4185300.26842799
1771945200,2026-02-24 15:00:00,0.149589,0.1512,0.14983,0.150394,1296330.73235169
1771948800,2026-02-24 16:00:00,0.149583,0.151727,0.15045,0.150845,2613133.12321276
1771952400,2026-02-24 17:00:00,0.150064,0.15096,0.15081,0.150487,1913337.64525751
1771956000,2026-02-24 18:00:00,0.149806,0.151382,0.150487,0.15094,1961208.91462949
1771959600,2026-02-24 19:00:00,0.150282,0.151443,0.150904,0.150806,958161.97805349
1771963200,2026-02-24 20:00:00,0.150501,0.151299,0.150823,0.150845,1758285.9682813
1771966800,2026-02-24 21:00:00,0.14962,0.150872,0.150872,0.15,2060296.55990691
1771970400,2026-02-24 22:00:00,0.149809,0.150829,0.149967,0.15021,1010147.43749434
1771974000,2026-02-24 23:00:00,0.149464,0.150348,0.15021,0.14957,3517023.51004452
1771977600,2026-02-25 00:00:00,0.149392,0.150828,0.14957,0.150549,883541.14808588
1771981200,2026-02-25 01:00:00,0.150446,0.155424,0.15055,0.153759,2278775.21039715
1771984800,2026-02-25 02:00:00,0.153712,0.15557,0.153788,0.154215,4830161.77499736
1771988400,2026-02-25 03:00:00,0.152992,0.1544,0.154176,0.153173,1285494.95637446
1771992000,2026-02-25 04:00:00,0.152366,0.153661,0.153116,0.15324,1916343.51412512
1771995600,2026-02-25 05:00:00,0.150784,0.15328,0.15324,0.1515,1458543.41027313
1771999200,2026-02-25 06:00:00,0.151426,0.15202,0.151535,0.151764,723293.65519772
1772002800,2026-02-25 07:00:00,0.151742,0.153148,0.151752,0.153148,1376868.1113429
1772006400,2026-02-25 08:00:00,0.15259,0.153934,0.153098,0.153912,619938.22490926
1772010000,2026-02-25 09:00:00,0.153542,0.15459,0.153868,0.15446,628515.6981675
1772013600,2026-02-25 10:00:00,0.15413,0.154885,0.154505,0.154224,662138.71489096
1772017200,2026-02-25 11:00:00,0.153615,0.155056,0.154213,0.154896,957753.09160055
1772020800,2026-02-25 12:00:00,0.154638,0.157238,0.154921,0.157,1383679.96973339
1772024400,2026-02-25 13:00:00,0.156703,0.15876,0.156981,0.158255,2228207.80292563
1772028000,2026-02-25 14:00:00,0.158253,0.161139,0.15827,0.161,2063554.42823274
1772031600,2026-02-25 15:00:00,0.159918,0.161878,0.160999,0.161767,4852558.52657656
1772035200,2026-02-25 16:00:00,0.16182,0.165781,0.161838,0.163806,6352156.26069884
1772038800,2026-02-25 17:00:00,0.163623,0.166751,0.163763,0.165771,2570859.12636762
1772042400,2026-02-25 18:00:00,0.164985,0.167956,0.16582,0.166144,2105916.97519406
1772046000,2026-02-25 19:00:00,0.16461,0.166459,0.166175,0.16625,3013320.4765653
1772049600,2026-02-25 20:00:00,0.166267,0.167947,0.166267,0.16715,2881960.31390029
1772053200,2026-02-25 21:00:00,0.166006,0.169331,0.167125,0.168288,7080045.70004139
1772056800,2026-02-25 22:00:00,0.164941,0.169156,0.168258,0.165358,1873322.33520417
1772060400,2026-02-25 23:00:00,0.161274,0.166198,0.16536,0.162661,1544261.08889177
1772064000,2026-02-26 00:00:00,0.161681,0.16402,0.162603,0.163408,1767564.98742875
1772067600,2026-02-26 01:00:00,0.162376,0.164429,0.163386,0.16252,1040142.45152991
1772071200,2026-02-26 02:00:00,0.161762,0.163743,0.16254,0.16366,1136392.52812353
1772074800,2026-02-26 03:00:00,0.162874,0.163832,0.163664,0.163338,1015566.26692684
1772078400,2026-02-26 04:00:00,0.163183,0.165532,0.163328,0.164572,1304433.4398865
1772082000,2026-02-26 05:00:00,0.162854,0.164793,0.164564,0.16343,794110.99063711
1772085600,2026-02-26 06:00:00,0.162429,0.163952,0.16347,0.162674,656542.08325808
1772089200,2026-02-26 07:00:00,0.16234,0.163149,0.162566,0.162599,482928.63199588
1772092800,2026-02-26 08:00:00,0.162587,0.164166,0.162599,0.16315,506296.1382229
1772096400,2026-02-26 09:00:00,0.163009,0.165068,0.163067,0.164952,847560.85560698
1772100000,2026-02-26 10:00:00,0.163587,0.165164,0.164927,0.163934,1012078.18913714
1772103600,2026-02-26 11:00:00,0.163197,0.164072,0.163888,0.163526,994654.96472744
1772107200,2026-02-26 12:00:00,0.163325,0.164517,0.16351,0.16427,797272.07394057
1772110800,2026-02-26 13:00:00,0.163181,0.164765,0.164207,0.164036,1750206.95703973
1772114400,2026-02-26 14:00:00,0.162243,0.164253,0.16404,0.163525,1446713.45707576
1772118000,2026-02-26 15:00:00,0.160445,0.16359,0.163494,0.162316,3530180.64582255
1772121600,2026-02-26 16:00:00,0.158445,0.162487,0.16232,0.158605,3846552.48092139
1772125200,2026-02-26 17:00:00,0.158503,0.159901,0.158596,0.15914,2107796.88547143
1772128800,2026-02-26 18:00:00,0.158472,0.16077,0.15914,0.160281,1582692.38892939
1772132400,2026-02-26 19:00:00,0.160197,0.162057,0.16028,0.16128,1735321.20955232
1772136000,2026-02-26 20:00:00,0.160783,0.161944,0.161233,0.16115,674796.99150958
1772139600,2026-02-26 21:00:00,0.160932,0.162,0.161099,0.16159,745354.4718899
1772143200,2026-02-26 22:00:00,0.161416,0.162766,0.161647,0.162557,828448.35530913
1772146800,2026-02-26 23:00:00,0.161816,0.162604,0.162533,0.16218,1557885.57863444
1772150400,2026-02-27 00:00:00,0.16087,0.162444,0.162213,0.161711,778149.33890694
1772154000,2026-02-27 01:00:00,0.160983,0.162181,0.161719,0.162006,1125679.80150865
1772157600,2026-02-27 02:00:00,0.161758,0.162762,0.162021,0.162008,1016107.65289995
1772161200,2026-02-27 03:00:00,0.161496,0.16336,0.161951,0.163091,1864280.38191825
1772164800,2026-02-27 04:00:00,0.163078,0.165157,0.163078,0.164272,2676532.47902541
1772168400,2026-02-27 05:00:00,0.164076,0.165471,0.164249,0.164828,1819494.37384734
1772172000,2026-02-27 06:00:00,0.164237,0.170967,0.164762,0.165961,3194210.34879453
1772175600,2026-02-27 07:00:00,0.164764,0.166296,0.166032,0.166008,1005048.97473356
1772179200,2026-02-27 08:00:00,0.16572,0.166703,0.165984,0.166272,994942.83881752
1772182800,2026-02-27 09:00:00,0.163577,0.166804,0.16632,0.163991,1667429.82173375
1772186400,2026-02-27 10:00:00,0.16095,0.164016,0.163944,0.161037,1374871.78540777
1772190000,2026-02-27 11:00:00,0.15924,0.161668,0.161079,0.15952,783437.87984863
1772193600,2026-02-27 12:00:00,0.158144,0.160016,0.159506,0.158725,5062776.79907343
1772197200,2026-02-27 13:00:00,0.157524,0.159533,0.15874,0.15918,1387017.18411688
1772200800,2026-02-27 14:00:00,0.158165,0.160029,0.159145,0.158439,2573066.99406262
1772204400,2026-02-27 15:00:00,0.158235,0.160425,0.158305,0.160178,1864543.37063164
1772208000,2026-02-27 16:00:00,0.15762,0.160321,0.16015,0.157709,3396480.48647685
1772211600,2026-02-27 17:00:00,0.156741,0.158915,0.157812,0.158736,1870935.11261066
1772215200,2026-02-27 18:00:00,0.157914,0.158896,0.15875,0.158055,1105802.94242017
1772218800,2026-02-27 19:00:00,0.156874,0.158029,0.158,0.157377,805546.21231259
1772222400,2026-02-27 20:00:00,0.1573,0.15795,0.157474,0.15769,1117025.96607731
1772226000,2026-02-27 21:00:00,0.157,0.158178,0.157679,0.1576,616922.426339
1772229600,2026-02-27 22:00:00,0.156276,0.158138,0.15755,0.158032,2312705.98044721
1772233200,2026-02-27 23:00:00,0.157892,0.158928,0.158,0.158794,769616.66829814
1772236800,2026-02-28 00:00:00,0.158398,0.15943,0.15875,0.159301,652498.03081903
1772240400,2026-02-28 01:00:00,0.158475,0.159835,0.15934,0.158775,637920.19471688
1772244000,2026-02-28 02:00:00,0.158683,0.159526,0.158792,0.159329,416025.75419392
1772247600,2026-02-28 03:00:00,0.158052,0.159304,0.1593,0.158153,523724.76217178
1772251200,2026-02-28 04:00:00,0.157205,0.158242,0.158144,0.15794,502869.7121778
1772254800,2026-02-28 05:00:00,0.1568,0.158271,0.158,0.157268,331116.36432252
1772258400,2026-02-28 06:00:00,0.150386,0.157269,0.157269,0.150721,7418618.74684389
1772262000,2026-02-28 07:00:00,0.15,0.154088,0.150688,0.15124,1776061.27036619
1772265600,2026-02-28 08:00:00,0.148462,0.15117,0.151164,0.14873,1652696.40184082
1772269200,2026-02-28 09:00:00,0.148056,0.149664,0.148728,0.14844,1321985.83909421
1772272800,2026-02-28 10:00:00,0.147888,0.149941,0.14846,0.148752,1482053.41354766
1772276400,2026-02-28 11:00:00,0.148415,0.150131,0.148818,0.148536,1942402.10473549
1772280000,2026-02-28 12:00:00,0.148311,0.149393,0.14854,0.148979,1359977.92711656
1772283600,2026-02-28 13:00:00,0.148488,0.152648,0.14896,0.152524,1849513.9095294
1772287200,2026-02-28 14:00:00,0.15099,0.15324,0.15256,0.15122,1875572.88985578
1772290800,2026-02-28 15:00:00,0.150241,0.15215,0.151224,0.151676,2387612.60716706
1772294400,2026-02-28 16:00:00,0.15066,0.152387,0.151648,0.151925,1932121.6279172
1772298000,2026-02-28 17:00:00,0.150417,0.152124,0.15195,0.151946,1234097.60080749
1772301600,2026-02-28 18:00:00,0.151426,0.155188,0.151882,0.15445,3032485.39128888
1772305200,2026-02-28 19:00:00,0.153468,0.156008,0.15445,0.155312,5983000.59458375
1772308800,2026-02-28 20:00:00,0.154968,0.15826,0.155232,0.158115,3857695.56449769
1772312400,2026-02-28 21:00:00,0.15566,0.158136,0.158136,0.15709,3281227.98434465
1772316000,2026-02-28 22:00:00,0.157006,0.160323,0.157122,0.159896,4531147.25272535
1772319600,2026-02-28 23:00:00,0.158833,0.16024,0.159879,0.15895,2753486.01415733
1772323200,2026-03-01 00:00:00,0.158381,0.159819,0.15901,0.159233,1206054.79036729
1772326800,2026-03-01 01:00:00,0.157296,0.162311,0.159161,0.161418,1779844.50044837
1772330400,2026-03-01 02:00:00,0.161443,0.16463,0.161443,0.163538,4626523.06317907
1772334000,2026-03-01 03:00:00,0.161774,0.164187,0.163473,0.162719,1567541.47022822
1772337600,2026-03-01 04:00:00,0.16115,0.162864,0.162748,0.162179,1926717.71453607
1772341200,2026-03-01 05:00:00,0.161584,0.162416,0.16218,0.161748,1428824.47569093
1772344800,2026-03-01 06:00:00,0.159448,0.16184,0.16183,0.15997,960228.34223455
1772348400,2026-03-01 07:00:00,0.159562,0.161018,0.159986,0.16089,857817.24158153
1772352000,2026-03-01 08:00:00,0.15804,0.161437,0.16089,0.158448,4219929.64305543
1772355600,2026-03-01 09:00:00,0.157475,0.159528,0.158472,0.157617,567675.18001138
1772359200,2026-03-01 10:00:00,0.156912,0.158354,0.15768,0.15767,946944.17755492
1772362800,2026-03-01 11:00:00,0.156559,0.15785,0.15768,0.157456,1073060.88359779
1772366400,2026-03-01 12:00:00,0.156049,0.157542,0.157392,0.156144,779740.4748115
1772370000,2026-03-01 13:00:00,0.155282,0.159276,0.156123,0.158895,1266599.3147631
1772373600,2026-03-01 14:00:00,0.15756,0.160317,0.158904,0.158041,1407506.88205328
1772377200,2026-03-01 15:00:00,0.157713,0.159216,0.158098,0.157944,1505036.40181573
1772380800,2026-03-01 16:00:00,0.155352,0.15888,0.157992,0.156366,1338162.83351305
1772384400,2026-03-01 17:00:00,0.154593,0.156408,0.15632,0.155361,1488075.82070084
1772388000,2026-03-01 18:00:00,0.155305,0.15722,0.155376,0.155813,1767086.83133387
1772391600,2026-03-01 19:00:00,0.15401,0.155875,0.15583,0.154347,1970922.2589808
1772395200,2026-03-01 20:00:00,0.151786,0.154372,0.154356,0.15224,2000136.9275334
1772398800,2026-03-01 21:00:00,0.152189,0.153946,0.152243,0.153584,1144717.64468873
1772402400,2026-03-01 22:00:00,0.15328,0.155885,0.15356,0.15333,2084596.88096924
1772406000,2026-03-01 23:00:00,0.153164,0.155348,0.153272,0.15421,1020638.62300386
1772409600,2026-03-02 00:00:00,0.153697,0.156072,0.154191,0.155845,1114136.96870352
1772413200,2026-03-02 01:00:00,0.155405,0.157392,0.155784,0.156064,1740810.93399095
1772416800,2026-03-02 02:00:00,0.154512,0.1565,0.156067,0.155156,818383.09705627
1772420400,2026-03-02 03:00:00,0.154488,0.156703,0.15516,0.155999,1181247.36200764
1772424000,2026-03-02 04:00:00,0.155165,0.156168,0.15606,0.155472,819421.84862723
1772427600,2026-03-02 05:00:00,0.154633,0.156173,0.155496,0.155121,747110.96199104
1772431200,2026-03-02 06:00:00,0.153048,0.15512,0.15512,0.153793,897255.23846907
1772434800,2026-03-02 07:00:00,0.152156,0.153888,0.153794,0.15297,518642.80907106
1772438400,2026-03-02 08:00:00,0.15187,0.15387,0.152952,0.1536,1497849.8372812
1772442000,2026-03-02 09:00:00,0.15343,0.155112,0.153603,0.153716,837411.79143566
1772445600,2026-03-02 10:00:00,0.153288,0.154132,0.153672,0.15379,442602.60600822
1772449200,2026-03-02 11:00:00,0.152964,0.154258,0.153756,0.153462,762680.86404396
1772452800,2026-03-02 12:00:00,0.152762,0.15377,0.153425,0.153244,670290.5046908
1772456400,2026-03-02 13:00:00,0.152596,0.153656,0.153225,0.152822,2436092.79076829
1772460000,2026-03-02 14:00:00,0.151985,0.157351,0.15285,0.157074,2101164.30614023
1772463600,2026-03-02 15:00:00,0.156774,0.16157,0.156987,0.160368,3395101.89480424
1772467200,2026-03-02 16:00:00,0.159099,0.16218,0.160392,0.15937,3283845.66807009
1772470800,2026-03-02 17:00:00,0.156869,0.1598,0.159394,0.158287,1584330.20328024
1772474400,2026-03-02 18:00:00,0.157052,0.15918,0.15829,0.158242,1576159.92214664
1772478000,2026-03-02 19:00:00,0.157225,0.158676,0.15824,0.158573,1727706.72363147
1772481600,2026-03-02 20:00:00,0.157416,0.159292,0.158508,0.157783,1750223.5091575
1772485200,2026-03-02 21:00:00,0.155851,0.157936,0.157819,0.156631,2256004.57630216
1772488800,2026-03-02 22:00:00,0.156632,0.157696,0.156632,0.157185,910534.42628943
1772492400,2026-03-02 23:00:00,0.155064,0.15734,0.157219,0.155759,3128172.54219571
1772496000,2026-03-03 00:00:00,0.153151,0.155799,0.155799,0.154417,1351046.1445127
1772499600,2026-03-03 01:00:00,0.1534,0.154776,0.154416,0.153457,2343412.84181868
1772503200,2026-03-03 02:00:00,0.152334,0.153448,0.153408,0.152844,1872259.02975236
1772506800,2026-03-03 03:00:00,0.152208,0.153726,0.152856,0.152943,1507991.75325137
1772510400,2026-03-03 04:00:00,0.151897,0.153188,0.152928,0.1522,1032857.19241135
1772514000,2026-03-03 05:00:00,0.151769,0.153619,0.152152,0.152396,1171695.28411836
1772517600,2026-03-03 06:00:00,0.151359,0.152664,0.152395,0.1519,1118822.02221061
1772521200,2026-03-03 07:00:00,0.151753,0.152912,0.151911,0.152624,1496839.76573386
1772524800,2026-03-03 08:00:00,0.150454,0.152945,0.152629,0.15055,1550290.70491421
1772528400,2026-03-03 09:00:00,0.150018,0.151116,0.150554,0.150018,3104675.45107715
1772532000,2026-03-03 10:00:00,0.149285,0.150876,0.150024,0.150106,3697789.76657139
1772535600,2026-03-03 11:00:00,0.14938,0.15099,0.150128,0.150876,909935.18481445
1772539200,2026-03-03 12:00:00,0.150305,0.15263,0.150854,0.150454,2088727.14536634
1772542800,2026-03-03 13:00:00,0.1493,0.150468,0.150465,0.149468,1192339.48289388
1772546400,2026-03-03 14:00:00,0.148628,0.153,0.149424,0.149702,3566313.46617523
1772550000,2026-03-03 15:00:00,0.148699,0.15119,0.149665,0.150827,1717449.84211237
1772553600,2026-03-03 16:00:00,0.150036,0.153841,0.150827,0.151774,2892713.69549253
1772557200,2026-03-03 17:00:00,0.150254,0.152933,0.15177,0.152676,1528893.16199187
1772560800,2026-03-03 18:00:00,0.152231,0.153881,0.152676,0.1525,1157524.34851943
1772564400,2026-03-03 19:00:00,0.151099,0.152568,0.1525,0.15145,1499673.6563571
1772568000,2026-03-03 20:00:00,0.150331,0.151818,0.15145,0.1506,1061565.22560304
1772571600,2026-03-03 21:00:00,0.149755,0.150657,0.150566,0.150472,1369901.81882024
1772575200,2026-03-03 22:00:00,0.150325,0.151718,0.150462,0.151175,850458.59620598
1772578800,2026-03-03 23:00:00,0.15105,0.15225,0.151217,0.151588,1188425.2571128
1772582400,2026-03-04 00:00:00,0.1509,0.151887,0.15159,0.15141,991435.16334505
1772586000,2026-03-04 01:00:00,0.150974,0.152688,0.151396,0.152136,1281832.58108131
1772589600,2026-03-04 02:00:00,0.151032,0.152423,0.152155,0.152096,2359779.91404553
1772593200,2026-03-04 03:00:00,0.149856,0.15216,0.15209,0.150845,849868.58027837
1772596800,2026-03-04 04:00:00,0.149832,0.151318,0.15086,0.150433,933848.03467055
1772600400,2026-03-04 05:00:00,0.149808,0.151472,0.15045,0.150853,879264.35738154
1772604000,2026-03-04 06:00:00,0.149974,0.150875,0.150816,0.15033,806034.70357898
1772607600,2026-03-04 07:00:00,0.150096,0.152064,0.150278,0.151948,1183158.06151842
1772611200,2026-03-04 08:00:00,0.151641,0.1559,0.151949,0.155447,5116414.13952724
1772614800,2026-03-04 09:00:00,0.154429,0.157484,0.155498,0.156194,5938037.15652365
1772618400,2026-03-04 10:00:00,0.15455,0.156788,0.156309,0.155643,5281249.57165582
1772622000,2026-03-04 11:00:00,0.154165,0.155988,0.155671,0.154633,1419797.83995248
1772625600,2026-03-04 12:00:00,0.152975,0.154657,0.154628,0.154183,1219598.85211696
1772629200,2026-03-04 13:00:00,0.154186,0.15524,0.15422,0.1548,1302156.19279011
1772632800,2026-03-04 14:00:00,0.154362,0.157082,0.15484,0.155512,2959791.92845905
1772636400,2026-03-04 15:00:00,0.15552,0.16044,0.15552,0.160417,6458633.5770202
1772640000,2026-03-04 16:00:00,0.158119,0.161292,0.1604,0.158669,7154710.34274706
1772643600,2026-03-04 17:00:00,0.157669,0.161009,0.15867,0.160196,5482626.35238759
1772647200,2026-03-04 18:00:00,0.1594,0.162668,0.160208,0.162668,2572958.52056493
1772650800,2026-03-04 19:00:00,0.1627,0.165868,0.1627,0.16359,6540477.48411972
1772654400,2026-03-04 20:00:00,0.163033,0.165858,0.163583,0.16431,1788424.83134361
1772658000,2026-03-04 21:00:00,0.161704,0.164488,0.16444,0.161884,2212485.37605052
1772661600,2026-03-04 22:00:00,0.159841,0.162711,0.16191,0.160179,1492282.37806421
1772665200,2026-03-04 23:00:00,0.158821,0.1604,0.1602,0.1596,1765940.25239505
1772668800,2026-03-05 00:00:00,0.158603,0.159776,0.159605,0.158929,1897899.53781816
1772672400,2026-03-05 01:00:00,0.158269,0.16017,0.158948,0.158412,2306680.58550146
1772676000,2026-03-05 02:00:00,0.15767,0.15965,0.158418,0.158306,1213192.55071055
1772679600,2026-03-05 03:00:00,0.157841,0.158911,0.158298,0.158258,814800.39712603
1772683200,2026-03-05 04:00:00,0.158179,0.16014,0.15826,0.159737,869709.1934952
1772686800,2026-03-05 05:00:00,0.158224,0.160199,0.15972,0.158573,1703029.56839164
1772690400,2026-03-05 06:00:00,0.15747,0.159358,0.15861,0.159243,1078291.93258431
1772694000,2026-03-05 07:00:00,0.157121,0.15984,0.15923,0.15789,922036.8521145
1772697600,2026-03-05 08:00:00,0.15747,0.158337,0.157899,0.158118,559043.29258175
1772701200,2026-03-05 09:00:00,0.1581,0.159477,0.1581,0.158996,776866.72732741
1772704800,2026-03-05 10:00:00,0.158676,0.161093,0.15897,0.16068,1227356.85926282
1772708400,2026-03-05 11:00:00,0.15912,0.160878,0.160676,0.159629,833831.22043933
1772712000,2026-03-05 12:00:00,0.15884,0.160066,0.159618,0.159782,664294.47604604
1772715600,2026-03-05 13:00:00,0.157694,0.159834,0.15983,0.15883,1091263.85891825
1772719200,2026-03-05 14:00:00,0.158656,0.161217,0.15885,0.160719,4675569.5858936
1772722800,2026-03-05 15:00:00,0.156429,0.16092,0.16068,0.156825,2570222.28524912
1772726400,2026-03-05 16:00:00,0.154206,0.156898,0.156794,0.1558,4788321.21408139
1772730000,2026-03-05 17:00:00,0.1544,0.15675,0.155802,0.154696,1718385.14961616
1772733600,2026-03-05 18:00:00,0.154504,0.15595,0.154625,0.15573,1051283.45611796
1772737200,2026-03-05 19:00:00,0.155652,0.157751,0.15575,0.156552,780400.08688731
1772740800,2026-03-05 20:00:00,0.156525,0.15855,0.15661,0.15817,1028050.71242748
1772744400,2026-03-05 21:00:00,0.156935,0.158636,0.158155,0.15725,673675.84509594
1772748000,2026-03-05 22:00:00,0.15645,0.158198,0.15725,0.157566,747029.73155291
1772751600,2026-03-05 23:00:00,0.156574,0.15788,0.157553,0.156849,886826.54623169
1772755200,2026-03-06 00:00:00,0.156558,0.157274,0.156849,0.15719,1193982.17929502
1772758800,2026-03-06 01:00:00,0.15632,0.159075,0.15719,0.158784,937353.16298759
1772762400,2026-03-06 02:00:00,0.158099,0.160525,0.15883,0.159212,2515188.68367465
1772766000,2026-03-06 03:00:00,0.1584,0.15985,0.159225,0.159,1283262.6050885
1772769600,2026-03-06 04:00:00,0.157075,0.15931,0.159025,0.157465,891287.42689395
1772773200,2026-03-06 05:00:00,0.156425,0.157746,0.15747,0.157543,622062.21890204
1772776800,2026-03-06 06:00:00,0.157425,0.15843,0.15754,0.157957,736859.43108955
1772780400,2026-03-06 07:00:00,0.157661,0.159266,0.15795,0.15918,488079.40246326
1772784000,2026-03-06 08:00:00,0.15822,0.159227,0.15912,0.158416,579101.44738157
1772787600,2026-03-06 09:00:00,0.156467,0.15855,0.15842,0.157605,963303.42646528
1772791200,2026-03-06 10:00:00,0.15747,0.158776,0.1575,0.15825,512564.41169102
1772794800,2026-03-06 11:00:00,0.156687,0.158494,0.158246,0.156827,500996.69803474
1772798400,2026-03-06 12:00:00,0.1552,0.157011,0.15678,0.156232,1139629.32340451
1772802000,2026-03-06 13:00:00,0.154617,0.157379,0.156168,0.154627,3285512.43874029
1772805600,2026-03-06 14:00:00,0.15156,0.155207,0.15468,0.152219,3819276.31849071
1772809200,2026-03-06 15:00:00,0.151306,0.153464,0.152218,0.15186,1399557.33599789
1772812800,2026-03-06 16:00:00,0.151,0.15219,0.15183,0.151164,2454977.43345505
1772816400,2026-03-06 17:00:00,0.150069,0.151776,0.151122,0.150713,6057003.90366388
1772820000,2026-03-06 18:00:00,0.150655,0.152453,0.150696,0.15196,1837394.40824971
1772823600,2026-03-06 19:00:00,0.151497,0.152666,0.151977,0.151679,975253.90757854
1772827200,2026-03-06 20:00:00,0.150858,0.151949,0.151674,0.151438,674147.85711238
1772830800,2026-03-06 21:00:00,0.151101,0.152175,0.151489,0.152097,1492147.47408248
1772834400,2026-03-06 22:00:00,0.151616,0.152641,0.152049,0.152401,679831.68820675
1772838000,2026-03-06 23:00:00,0.151947,0.152743,0.15245,0.15228,628021.58467893
1772841600,2026-03-07 00:00:00,0.152188,0.153297,0.15228,0.152943,657723.48971556
1772845200,2026-03-07 01:00:00,0.152642,0.15307,0.152928,0.152642,405201.64196841
1772848800,2026-03-07 02:00:00,0.152252,0.152897,0.152662,0.152847,608172.4443246
1772852400,2026-03-07 03:00:00,0.152316,0.15355,0.15286,0.152345,987495.21930522
1772856000,2026-03-07 04:00:00,0.151681,0.152444,0.15242,0.15213,301224.13697339
1772859600,2026-03-07 05:00:00,0.151841,0.152615,0.15216,0.152586,271126.5586405
1772863200,2026-03-07 06:00:00,0.151656,0.152544,0.152544,0.15168,342370.79425796
1772866800,2026-03-07 07:00:00,0.151392,0.151944,0.151679,0.1518,477761.4146897
1772870400,2026-03-07 08:00:00,0.151536,0.152659,0.151776,0.151536,345434.091428
1772874000,2026-03-07 09:00:00,0.151273,0.152228,0.151543,0.15216,421234.42343281
1772877600,2026-03-07 10:00:00,0.151752,0.1524,0.15219,0.151846,199381.45217436
1772881200,2026-03-07 11:00:00,0.151561,0.15262,0.15185,0.151825,295672.47102342
1772884800,2026-03-07 12:00:00,0.151334,0.152009,0.151824,0.151471,535593.27168322
1772888400,2026-03-07 13:00:00,0.151249,0.15175,0.151473,0.151467,757044.97218496
1772892000,2026-03-07 14:00:00,0.150192,0.151584,0.151392,0.151142,1999049.89041795
1772895600,2026-03-07 15:00:00,0.150229,0.151368,0.15118,0.150784,549525.43379001
1772899200,2026-03-07 16:00:00,0.15024,0.151035,0.150744,0.15062,528409.55011507
1772902800,2026-03-07 17:00:00,0.150588,0.151443,0.15062,0.151238,508601.22585503
1772906400,2026-03-07 18:00:00,0.150103,0.15124,0.151234,0.150568,731052.2843683
1772910000,2026-03-07 19:00:00,0.14936,0.150576,0.150576,0.14978,980661.1409417
1772913600,2026-03-07 20:00:00,0.14977,0.150696,0.14978,0.15054,799013.73848325
1772917200,2026-03-07 21:00:00,0.150117,0.151199,0.15054,0.15035,736186.63101969
1772920800,2026-03-07 22:00:00,0.149179,0.150424,0.15035,0.149592,2127722.43357426
1772924400,2026-03-07 23:00:00,0.149568,0.1505,0.149589,0.150477,1023907.4038716
1772928000,2026-03-08 00:00:00,0.149611,0.150648,0.15048,0.149863,701171.28356173
1772931600,2026-03-08 01:00:00,0.149411,0.150117,0.149862,0.149927,545301.78781976
1772935200,2026-03-08 02:00:00,0.14867,0.149968,0.149856,0.149086,1969584.23970693
1772938800,2026-03-08 03:00:00,0.148632,0.149321,0.149109,0.1489,868112.67764067
1772942400,2026-03-08 04:00:00,0.1478,0.14896,0.148848,0.14806,1210320.40199906
1772946000,2026-03-08 05:00:00,0.148003,0.149544,0.14806,0.149103,600581.07141192
1772949600,2026-03-08 06:00:00,0.148632,0.149542,0.149064,0.149229,3015186.51828397
1772953200,2026-03-08 07:00:00,0.149192,0.1503,0.149226,0.14996,476705.35365905
1772956800,2026-03-08 08:00:00,0.149089,0.150076,0.149958,0.149962,387122.91399216
1772960400,2026-03-08 09:00:00,0.149806,0.151173,0.14994,0.150773,436972.4158887
1772964000,2026-03-08 10:00:00,0.150739,0.152269,0.150757,0.151504,1340634.63239983
1772967600,2026-03-08 11:00:00,0.149855,0.151488,0.151488,0.15012,498824.92174664
1772971200,2026-03-08 12:00:00,0.148722,0.15075,0.150106,0.149962,1257717.4693859
1772974800,2026-03-08 13:00:00,0.148528,0.150158,0.14996,0.149378,1230428.71413177
1772978400,2026-03-08 14:00:00,0.148909,0.149785,0.149369,0.149484,763812.26595121
1772982000,2026-03-08 15:00:00,0.14858,0.149499,0.149455,0.148952,505523.78546634
1772985600,2026-03-08 16:00:00,0.14788,0.14896,0.148953,0.14808,1056793.07178634
1772989200,2026-03-08 17:00:00,0.148044,0.14892,0.148097,0.148661,557116.00604997
1772992800,2026-03-08 18:00:00,0.147899,0.148764,0.148666,0.1486,495067.95449819
1772996400,2026-03-08 19:00:00,0.148461,0.150529,0.14863,0.14998,1013519.34820803
1773000000,2026-03-08 20:00:00,0.149375,0.150924,0.14998,0.1497,897006.20856054
1773003600,2026-03-08 21:00:00,0.148547,0.14998,0.14972,0.149283,582866.11778201
1773007200,2026-03-08 22:00:00,0.146781,0.14952,0.149256,0.149184,3950098.48268097
1773010800,2026-03-08 23:00:00,0.14786,0.149784,0.149208,0.148136,3788518.55764045
1773014400,2026-03-09 00:00:00,0.148054,0.150742,0.148146,0.14924,2148668.64375356
1773018000,2026-03-09 01:00:00,0.148451,0.150021,0.149215,0.148451,1028873.37375949
1773021600,2026-03-09 02:00:00,0.148016,0.150018,0.148434,0.149304,943812.99224515
1773025200,2026-03-09 03:00:00,0.14918,0.151749,0.14928,0.150407,2055450.96148007
1773028800,2026-03-09 04:00:00,0.15033,0.151498,0.150432,0.15033,714119.82321598
1773032400,2026-03-09 05:00:00,0.149418,0.151848,0.15038,0.151488,2853461.10424108
1773036000,2026-03-09 06:00:00,0.149673,0.151585,0.151512,0.14971,573382.75311987
1773039600,2026-03-09 07:00:00,0.14808,0.149784,0.14976,0.149148,614440.09150803
1773043200,2026-03-09 08:00:00,0.148597,0.149923,0.149144,0.14925,668708.20496924
1773046800,2026-03-09 09:00:00,0.148495,0.150808,0.149277,0.149699,895192.02409706
1773050400,2026-03-09 10:00:00,0.148738,0.15006,0.149719,0.148893,550051.70834165
1773054000,2026-03-09 11:00:00,0.148278,0.149644,0.14897,0.14941,570048.75981265
1773057600,2026-03-09 12:00:00,0.149352,0.150832,0.149424,0.150177,1388229.6708444
1773061200,2026-03-09 13:00:00,0.150106,0.152495,0.150172,0.15199,2865089.80396986
1773064800,2026-03-09 14:00:00,0.151276,0.15287,0.151976,0.151964,1873898.18678967
1773068400,2026-03-09 15:00:00,0.15,0.15223,0.151996,0.150242,4438292.8871262
1773072000,2026-03-09 16:00:00,0.150228,0.15162,0.150306,0.151132,1479619.73324714
1773075600,2026-03-09 17:00:00,0.150566,0.151653,0.151078,0.151271,1574633.73457406
1773079200,2026-03-09 18:00:00,0.150422,0.151887,0.151268,0.15096,1010361.98585668
1773082800,2026-03-09 19:00:00,0.150509,0.15412,0.150982,0.152204,1405879.54746112
1773086400,2026-03-09 20:00:00,0.151633,0.152577,0.152206,0.152309,938984.49388216
1773090000,2026-03-09 21:00:00,0.152115,0.153062,0.152309,0.152691,750700.77394951
1773093600,2026-03-09 22:00:00,0.15083,0.15285,0.152724,0.150979,915051.5792246
1773097200,2026-03-09 23:00:00,0.150513,0.151233,0.150956,0.15075,935545.02224913
1773100800,2026-03-10 00:00:00,0.150521,0.152641,0.150748,0.151846,1390678.85631105
1773104400,2026-03-10 01:00:00,0.151233,0.152464,0.151841,0.15219,682256.13329983
1773108000,2026-03-10 02:00:00,0.151892,0.157883,0.152235,0.154125,5157571.73238283
1773111600,2026-03-10 03:00:00,0.153426,0.154569,0.154114,0.15347,2283569.2619792
1773115200,2026-03-10 04:00:00,0.153454,0.15483,0.15347,0.154532,1355830.3636694
1773118800,2026-03-10 05:00:00,0.154336,0.155592,0.15454,0.154878,876442.1992223
1773122400,2026-03-10 06:00:00,0.154466,0.155688,0.15488,0.155376,975373.90612198
1773126000,2026-03-10 07:00:00,0.155141,0.156308,0.155351,0.156308,908291.11802642
1773129600,2026-03-10 08:00:00,0.156026,0.158582,0.156312,0.1583,2346476.8613079
1773133200,2026-03-10 09:00:00,0.158259,0.161778,0.158338,0.161632,6110115.58372957
1773136800,2026-03-10 10:00:00,0.160581,0.162217,0.161577,0.161806,2191893.11037949
1773140400,2026-03-10 11:00:00,0.160392,0.162381,0.16181,0.160619,2103971.0001265
1773144000,2026-03-10 12:00:00,0.15984,0.161031,0.160586,0.16078,1510055.00025635
1773147600,2026-03-10 13:00:00,0.159659,0.16212,0.16081,0.160726,3884859.00427966
1773151200,2026-03-10 14:00:00,0.158892,0.167041,0.160608,0.16697,6422423.31774264
1773154800,2026-03-10 15:00:00,0.164089,0.167855,0.167016,0.165596,4235504.06919053
1773158400,2026-03-10 16:00:00,0.164507,0.167408,0.1656,0.166172,2808142.31081874
1773162000,2026-03-10 17:00:00,0.1625,0.166554,0.166199,0.162976,2320038.6925976
1773165600,2026-03-10 18:00:00,0.160281,0.163015,0.162999,0.16094,4303501.51955543
1773169200,2026-03-10 19:00:00,0.160303,0.161472,0.16097,0.160584,3526632.39483551
1773172800,2026-03-10 20:00:00,0.1605,0.1614,0.16056,0.16106,1221500.31782691
1773176400,2026-03-10 21:00:00,0.156962,0.161897,0.160992,0.159554,5791467.45318942
1773180000,2026-03-10 22:00:00,0.15878,0.15996,0.15956,0.159018,1187520.73763343
1773183600,2026-03-10 23:00:00,0.15832,0.159286,0.15898,0.158539,1262123.17377859
1773187200,2026-03-11 00:00:00,0.158083,0.15926,0.15853,0.15884,1605179.31810672
1773190800,2026-03-11 01:00:00,0.157434,0.158888,0.15888,0.157809,1023441.2963485
1773194400,2026-03-11 02:00:00,0.156319,0.15781,0.157807,0.156783,1723440.13350567
1773198000,2026-03-11 03:00:00,0.155666,0.157161,0.15674,0.156836,2675542.07422213
1773201600,2026-03-11 04:00:00,0.156531,0.158013,0.156814,0.157892,961071.62603938
1773205200,2026-03-11 05:00:00,0.155941,0.157987,0.15789,0.15624,1004762.65370593
1773208800,2026-03-11 06:00:00,0.155952,0.156815,0.156192,0.156432,887327.82456368
1773212400,2026-03-11 07:00:00,0.155516,0.156725,0.156408,0.15615,1099217.43449437
1773216000,2026-03-11 08:00:00,0.156168,0.157446,0.156168,0.156914,1432413.18512051
1773219600,2026-03-11 09:00:00,0.15564,0.157008,0.156864,0.155832,987921.59745375
1773223200,2026-03-11 10:00:00,0.15568,0.157032,0.15585,0.156816,524376.15947676
1773226800,2026-03-11 11:00:00,0.156648,0.157703,0.15685,0.157408,1499672.20150782
1773230400,2026-03-11 12:00:00,0.156726,0.159344,0.157368,0.158247,1950971.58439454
1773234000,2026-03-11 13:00:00,0.158164,0.162225,0.158246,0.16035,1846143.63722497
1773237600,2026-03-11 14:00:00,0.15966,0.161592,0.16038,0.16023,2511651.31084897
1773241200,2026-03-11 15:00:00,0.158125,0.16062,0.16026,0.159338,3657181.85089195
1773244800,2026-03-11 16:00:00,0.158335,0.160486,0.15935,0.160199,2547872.9509839
1773248400,2026-03-11 17:00:00,0.159124,0.161255,0.1602,0.1602,1592954.17652178
1773252000,2026-03-11 18:00:00,0.159646,0.160976,0.160171,0.160749,770808.205597
1773255600,2026-03-11 19:00:00,0.159697,0.161035,0.1608,0.16002,815479.21139743
1773259200,2026-03-11 20:00:00,0.15948,0.16035,0.159909,0.160306,641213.41764686
1773262800,2026-03-11 21:00:00,0.160048,0.160797,0.160302,0.16065,653261.4722178
1773266400,2026-03-11 22:00:00,0.159369,0.160799,0.160642,0.15992,1103496.11713817
1773270000,2026-03-11 23:00:00,0.159025,0.160276,0.15993,0.15922,770202.4896094
1773273600,2026-03-12 00:00:00,0.15903,0.159599,0.15924,0.159274,873943.40021849
1773277200,2026-03-12 01:00:00,0.158396,0.159304,0.15924,0.15879,709143.54286781
1773280800,2026-03-12 02:00:00,0.157467,0.15942,0.15876,0.157558,1485638.46607072
1773284400,2026-03-12 03:00:00,0.15714,0.158009,0.157558,0.1575,662355.05395877
1773288000,2026-03-12 04:00:00,0.156525,0.157849,0.157475,0.156633,688191.62387545
1773291600,2026-03-12 05:00:00,0.15645,0.15693,0.156601,0.15678,733928.41687097
1773295200,2026-03-12 06:00:00,0.1566,0.157412,0.156751,0.15732,350797.3201928
1773298800,2026-03-12 07:00:00,0.157285,0.15867,0.157318,0.158461,1453137.3887151
1773302400,2026-03-12 08:00:00,0.15819,0.159367,0.15846,0.15902,1200502.52435014
1773306000,2026-03-12 09:00:00,0.15816,0.16017,0.159002,0.15957,1087068.18254147
1773309600,2026-03-12 10:00:00,0.159439,0.16041,0.1596,0.16002,625933.15757827
1773313200,2026-03-12 11:00:00,0.15945,0.16047,0.15999,0.15975,732659.81247845
1773316800,2026-03-12 12:00:00,0.15942,0.160703,0.159742,0.16017,586365.92418383
1773320400,2026-03-12 13:00:00,0.158956,0.16077,0.16017,0.15987,1671751.0902388
1773324000,2026-03-12 14:00:00,0.1575,0.16071,0.1599,0.157883,1397950.18905486
1773327600,2026-03-12 15:00:00,0.15726,0.159267,0.157949,0.158942,1319817.03905525
1773331200,2026-03-12 16:00:00,0.158059,0.160408,0.15891,0.160151,1246721.11105563
1773334800,2026-03-12 17:00:00,0.159092,0.160379,0.160184,0.15962,627988.52788234
1773338400,2026-03-12 18:00:00,0.158751,0.159805,0.159615,0.158839,1043213.59995254
1773342000,2026-03-12 19:00:00,0.158599,0.160293,0.15884,0.16007,742949.78798823
1773345600,2026-03-12 20:00:00,0.159047,0.160269,0.160022,0.159233,502002.02158358
1773349200,2026-03-12 21:00:00,0.159223,0.16024,0.159223,0.160123,1110145.9562348
1773352800,2026-03-12 22:00:00,0.159248,0.160336,0.160053,0.159873,829767.70771326
1773356400,2026-03-12 23:00:00,0.159864,0.161107,0.159874,0.160034,1808458.51337921
1773360000,2026-03-13 00:00:00,0.159583,0.166386,0.160004,0.162052,7204610.67857946
1773363600,2026-03-13 01:00:00,0.162074,0.163372,0.162074,0.163019,1033753.36156732
1773367200,2026-03-13 02:00:00,0.161591,0.163042,0.16297,0.161977,1008181.21853786
1773370800,2026-03-13 03:00:00,0.161337,0.162983,0.16199,0.16284,829265.00726401
1773374400,2026-03-13 04:00:00,0.162162,0.163372,0.162839,0.16293,623856.07220856
1773378000,2026-03-13 05:00:00,0.162325,0.163872,0.162932,0.163676,1528007.12824029
1773381600,2026-03-13 06:00:00,0.16214,0.163899,0.16371,0.16276,767420.34588481
1773385200,2026-03-13 07:00:00,0.16234,0.163059,0.162689,0.16253,795507.66307036
1773388800,2026-03-13 08:00:00,0.162214,0.1645,0.1625,0.163703,861063.25909492
1773392400,2026-03-13 09:00:00,0.163681,0.165263,0.163693,0.164911,1156435.86319879
1773396000,2026-03-13 10:00:00,0.164867,0.16581,0.16491,0.16528,1730872.90483019
1773399600,2026-03-13 11:00:00,0.164984,0.165606,0.16533,0.16527,1368731.90979349
1773403200,2026-03-13 12:00:00,0.164701,0.16695,0.165268,0.166661,1371855.41943262
1773406800,2026-03-13 13:00:00,0.166135,0.1682,0.166674,0.167318,3116680.81658806
1773410400,2026-03-13 14:00:00,0.163741,0.168111,0.167311,0.164169,2096990.22838574
1773414000,2026-03-13 15:00:00,0.163043,0.16499,0.16419,0.163624,1636493.5367972
1773417600,2026-03-13 16:00:00,0.163015,0.164957,0.16362,0.164452,1740178.77663452
1773421200,2026-03-13 17:00:00,0.161981,0.164638,0.164479,0.16248,1227122.40100077
1773424800,2026-03-13 18:00:00,0.161987,0.16326,0.162472,0.1623,2159204.05942725
1773428400,2026-03-13 19:00:00,0.162048,0.162987,0.1623,0.16278,1020752.1781725
1773432000,2026-03-13 20:00:00,0.162521,0.164429,0.16281,0.164386,732308.541936
1773435600,2026-03-13 21:00:00,0.164424,0.166301,0.16443,0.16602,2147716.99742776
1773439200,2026-03-13 22:00:00,0.163201,0.16603,0.16599,0.16399,1506036.19153827
1773442800,2026-03-13 23:00:00,0.159404,0.164672,0.163981,0.164052,4600507.9301292
1773446400,2026-03-14 00:00:00,0.163749,0.166714,0.164016,0.164306,2978521.74902681
1773450000,2026-03-14 01:00:00,0.1638,0.165111,0.164316,0.164905,1099231.82165039
1773453600,2026-03-14 02:00:00,0.164141,0.165375,0.16489,0.16441,961327.8777589
1773457200,2026-03-14 03:00:00,0.164488,0.16608,0.164488,0.16498,863162.51155456
1773460800,2026-03-14 04:00:00,0.163966,0.165914,0.16498,0.164182,822538.00533859
1773464400,2026-03-14 05:00:00,0.163213,0.164372,0.16417,0.163589,651118.12817545
1773468000,2026-03-14 06:00:00,0.162429,0.163597,0.16356,0.163299,1286410.14244894
1773471600,2026-03-14 07:00:00,0.16304,0.163618,0.16327,0.163357,440540.12622964
1773475200,2026-03-14 08:00:00,0.163231,0.163772,0.163309,0.163344,398432.53168382
1773478800,2026-03-14 09:00:00,0.162661,0.163685,0.163331,0.16292,356405.34132533
1773482400,2026-03-14 10:00:00,0.162337,0.162975,0.162902,0.162744,316324.47599956
1773486000,2026-03-14 11:00:00,0.162711,0.16416,0.162734,0.164041,404760.51457535
1773489600,2026-03-14 12:00:00,0.163155,0.164749,0.164041,0.163589,502355.33223067
1773493200,2026-03-14 13:00:00,0.163456,0.1655,0.16355,0.164749,560626.35129983
1773496800,2026-03-14 14:00:00,0.163718,0.16545,0.16478,0.163792,819638.35671372
1773500400,2026-03-14 15:00:00,0.16334,0.163941,0.163813,0.163648,678936.29134813
1773504000,2026-03-14 16:00:00,0.163608,0.16507,0.163669,0.164953,784177.04129155
1773507600,2026-03-14 17:00:00,0.164401,0.1653,0.164992,0.164401,429600.92595302
1773511200,2026-03-14 18:00:00,0.163937,0.165021,0.164372,0.164699,484843.228161
1773514800,2026-03-14 19:00:00,0.163633,0.164715,0.164657,0.163736,569451.68370928
1773518400,2026-03-14 20:00:00,0.163496,0.164314,0.163736,0.164048,701347.42088871
1773522000,2026-03-14 21:00:00,0.16327,0.164691,0.164024,0.164544,1089875.54723701
1773525600,2026-03-14 22:00:00,0.164475,0.165121,0.164557,0.16494,445808.67741293
1773529200,2026-03-14 23:00:00,0.16494,0.166666,0.16494,0.16656,2129179.49696793
1773532800,2026-03-15 00:00:00,0.165445,0.167055,0.16659,0.165807,1201640.08726959
1773536400,2026-03-15 01:00:00,0.16582,0.166812,0.16582,0.166571,526828.18494736
1773540000,2026-03-15 02:00:00,0.1666,0.168479,0.1666,0.168084,1643659.11744753
1773543600,2026-03-15 03:00:00,0.167581,0.168912,0.168144,0.167697,1244237.0032712
1773547200,2026-03-15 04:00:00,0.167331,0.16849,0.167707,0.167939,595906.452441
1773550800,2026-03-15 05:00:00,0.167015,0.168432,0.167915,0.167047,735378.46287538
1773554400,2026-03-15 06:00:00,0.165492,0.167242,0.16706,0.16594,638010.87387847
1773558000,2026-03-15 07:00:00,0.165468,0.166605,0.16592,0.16617,826221.91868399
1773561600,2026-03-15 08:00:00,0.165846,0.167272,0.166199,0.167272,413759.64653217
1773565200,2026-03-15 09:00:00,0.16727,0.168752,0.16727,0.16744,794107.29339313
1773568800,2026-03-15 10:00:00,0.167279,0.168476,0.167469,0.167513,486750.13058669
1773572400,2026-03-15 11:00:00,0.166886,0.167856,0.16759,0.167392,587626.24765479
1773576000,2026-03-15 12:00:00,0.166784,0.1684,0.1674,0.168284,773250.04756083
1773579600,2026-03-15 13:00:00,0.166631,0.169128,0.168344,0.168082,1177101.51870977
1773583200,2026-03-15 14:00:00,0.167169,0.168524,0.168046,0.167798,1007496.02040913
1773586800,2026-03-15 15:00:00,0.167103,0.167995,0.167796,0.167182,696446.01265048
1773590400,2026-03-15 16:00:00,0.1667,0.167876,0.16718,0.167056,2511160.92477762
1773594000,2026-03-15 17:00:00,0.166856,0.168178,0.16702,0.167888,839888.66861222
1773597600,2026-03-15 18:00:00,0.166192,0.167994,0.167874,0.16647,935499.91280868
1773601200,2026-03-15 19:00:00,0.16623,0.167184,0.16648,0.166668,809591.96253008
1773604800,2026-03-15 20:00:00,0.166485,0.16828,0.166656,0.167472,1047446.10844192
1773608400,2026-03-15 21:00:00,0.167078,0.16928,0.167426,0.168827,808899.05689526
1773612000,2026-03-15 22:00:00,0.16757,0.17131,0.168751,0.170462,3613830.11883939
1773615600,2026-03-15 23:00:00,0.168007,0.170868,0.170491,0.169331,1525313.47054293
1773619200,2026-03-16 00:00:00,0.16791,0.170184,0.16936,0.16828,1130126.56088586
1773622800,2026-03-16 01:00:00,0.167575,0.168954,0.16828,0.16795,1194605.74234071
1773626400,2026-03-16 02:00:00,0.16693,0.168606,0.16795,0.168012,720071.41212548
1773630000,2026-03-16 03:00:00,0.16776,0.171542,0.167959,0.170085,2641915.52870271
1773633600,2026-03-16 04:00:00,0.17,0.172376,0.170114,0.171452,5437082.30245023
1773637200,2026-03-16 05:00:00,0.170433,0.172672,0.171412,0.172202,2841454.12415107
1773640800,2026-03-16 06:00:00,0.170984,0.172594,0.172153,0.17206,986592.63404132
1773644400,2026-03-16 07:00:00,0.172071,0.17382,0.172071,0.173333,2306451.91408635
1773648000,2026-03-16 08:00:00,0.171089,0.174393,0.173362,0.171268,1394470.76608674
1773651600,2026-03-16 09:00:00,0.171073,0.172834,0.171284,0.172593,627711.70493234
1773655200,2026-03-16 10:00:00,0.171777,0.172985,0.172597,0.172225,734269.17175546
1773658800,2026-03-16 11:00:00,0.170532,0.172416,0.172224,0.171583,1128491.21818141
1773662400,2026-03-16 12:00:00,0.171409,0.172944,0.171498,0.172346,2644037.92468411
1773666000,2026-03-16 13:00:00,0.172064,0.174419,0.17235,0.17296,2868845.78081316
1773669600,2026-03-16 14:00:00,0.171292,0.174578,0.172992,0.174563,2384620.40341688
1773673200,2026-03-16 15:00:00,0.171651,0.175547,0.174575,0.171806,6944450.5410449
1773676800,2026-03-16 16:00:00,0.171731,0.17456,0.17186,0.17421,1715767.43496067
1773680400,2026-03-16 17:00:00,0.17381,0.17487,0.174225,0.174573,3444603.23816898
1773684000,2026-03-16 18:00:00,0.174159,0.176215,0.174475,0.174812,5155725.70715929
1773687600,2026-03-16 19:00:00,0.173853,0.175831,0.174851,0.174624,1508946.49606119
1773691200,2026-03-16 20:00:00,0.174311,0.175608,0.17458,0.174899,2305188.497739
1773694800,2026-03-16 21:00:00,0.174405,0.176231,0.174825,0.174979,1950063.27486881
1773698400,2026-03-16 22:00:00,0.174899,0.17676,0.174919,0.176361,6235962.56647679
1773702000,2026-03-16 23:00:00,0.174875,0.17704,0.1763,0.17602,1801378.99300124
1773705600,2026-03-17 00:00:00,0.1753,0.178061,0.175975,0.17751,1583922.29611397
1773709200,2026-03-17 01:00:00,0.17695,0.179025,0.177506,0.178927,4103181.53206392
1773712800,2026-03-17 02:00:00,0.177647,0.18198,0.178938,0.18105,2590976.17526532
1773716400,2026-03-17 03:00:00,0.175123,0.18114,0.18108,0.17623,3307784.64439955
1773720000,2026-03-17 04:00:00,0.173315,0.17715,0.176219,0.174505,2462137.10629501
1773723600,2026-03-17 05:00:00,0.173334,0.17466,0.1745,0.17412,3085924.34538553
1773727200,2026-03-17 06:00:00,0.173085,0.17502,0.17412,0.174002,952423.18501894
1773730800,2026-03-17 07:00:00,0.173937,0.176909,0.173961,0.17544,567981.62785139
1773734400,2026-03-17 08:00:00,0.174871,0.17625,0.17547,0.17511,787949.60625754
1773738000,2026-03-17 09:00:00,0.174025,0.17583,0.175055,0.174864,908712.08493998
1773741600,2026-03-17 10:00:00,0.174182,0.175168,0.17492,0.174619,689700.27252159
1773745200,2026-03-17 11:00:00,0.173984,0.175094,0.17462,0.174109,837509.41369202
1773748800,2026-03-17 12:00:00,0.17238,0.1744,0.17411,0.172659,1048596.00247806
1773752400,2026-03-17 13:00:00,0.172214,0.174176,0.17267,0.172896,1238142.38904183
1773756000,2026-03-17 14:00:00,0.172188,0.173895,0.172864,0.17363,1036878.97616229
1773759600,2026-03-17 15:00:00,0.172686,0.17472,0.173627,0.173688,981054.3012077
1773763200,2026-03-17 16:00:00,0.17347,0.175342,0.17376,0.174471,2370298.3053104
1773766800,2026-03-17 17:00:00,0.174308,0.176032,0.17449,0.175968,1796455.15158061
1773770400,2026-03-17 18:00:00,0.175236,0.176539,0.17593,0.175603,1003043.62717432
1773774000,2026-03-17 19:00:00,0.174264,0.175739,0.17567,0.17456,1203726.79461843
1773777600,2026-03-17 20:00:00,0.174306,0.175371,0.174504,0.17528,605335.39451132
1773781200,2026-03-17 21:00:00,0.174886,0.176293,0.17528,0.17534,726898.38979613
1773784800,2026-03-17 22:00:00,0.173975,0.175832,0.175339,0.175201,662318.02312554
1773788400,2026-03-17 23:00:00,0.173649,0.17524,0.175205,0.173689,816007.62608882
1773792000,2026-03-18 00:00:00,0.172442,0.174117,0.17371,0.17325,1308480.06734193
1773795600,2026-03-18 01:00:00,0.17328,0.174163,0.17328,0.174048,626419.7967287
1773799200,2026-03-18 02:00:00,0.173835,0.17578,0.174013,0.17521,885356.74903371
1773802800,2026-03-18 03:00:00,0.174789,0.177582,0.175231,0.17654,2151570.82393834
1773806400,2026-03-18 04:00:00,0.174936,0.176814,0.176576,0.17552,713325.58155388
1773810000,2026-03-18 05:00:00,0.174888,0.177293,0.175499,0.175043,975633.19883203
1773813600,2026-03-18 06:00:00,0.175033,0.176463,0.17507,0.175136,399630.0834065
1773817200,2026-03-18 07:00:00,0.174464,0.175231,0.175104,0.175072,535542.71321839
1773820800,2026-03-18 08:00:00,0.174709,0.17594,0.1751,0.17484,651984.70464678
1773824400,2026-03-18 09:00:00,0.174509,0.175167,0.17488,0.175167,854177.2008253
1773828000,2026-03-18 10:00:00,0.173311,0.175236,0.175168,0.173634,418448.28227107
1773831600,2026-03-18 11:00:00,0.170558,0.174101,0.173668,0.170816,4274371.04563598
1773835200,2026-03-18 12:00:00,0.168224,0.170908,0.170784,0.168746,2260597.57716532
1773838800,2026-03-18 13:00:00,0.167941,0.169766,0.16875,0.169117,1607570.57442433
1773842400,2026-03-18 14:00:00,0.16613,0.169218,0.16912,0.16626,2401800.87280551
1773846000,2026-03-18 15:00:00,0.165197,0.167039,0.16628,0.166688,1775778.63597988
1773849600,2026-03-18 16:00:00,0.166063,0.167892,0.166656,0.167464,1478474.47590972
1773853200,2026-03-18 17:00:00,0.166951,0.169138,0.167445,0.168733,1298734.39576538
1773856800,2026-03-18 18:00:00,0.168001,0.170611,0.168724,0.168423,1252849.1798022
1773860400,2026-03-18 19:00:00,0.166969,0.170564,0.168407,0.16834,5054002.14721499
1773864000,2026-03-18 20:00:00,0.167109,0.169731,0.168333,0.169384,982886.61266458
1773867600,2026-03-18 21:00:00,0.169377,0.170889,0.169422,0.1701,767833.80118009
1773871200,2026-03-18 22:00:00,0.169137,0.170077,0.170077,0.169789,753427.44327703
1773874800,2026-03-18 23:00:00,0.1692,0.170249,0.16988,0.17019,1173800.66165827
1773878400,2026-03-19 00:00:00,0.168766,0.170174,0.170174,0.168826,983051.8571517
1773882000,2026-03-19 01:00:00,0.168038,0.168919,0.168829,0.16841,1655260.24227008
1773885600,2026-03-19 02:00:00,0.1678,0.169246,0.168389,0.16861,392676.69817066
1773889200,2026-03-19 03:00:00,0.16855,0.170814,0.168679,0.16984,2473782.17445188
1773892800,2026-03-19 04:00:00,0.168536,0.169835,0.16983,0.168702,627720.14949032
1773896400,2026-03-19 05:00:00,0.168293,0.169061,0.168688,0.168474,722262.15663247
1773900000,2026-03-19 06:00:00,0.167567,0.169364,0.168402,0.168031,605150.71901476
1773903600,2026-03-19 07:00:00,0.166166,0.168115,0.168048,0.167024,825612.57983418
1773907200,2026-03-19 08:00:00,0.166707,0.167804,0.16703,0.16723,525931.81785974
1773910800,2026-03-19 09:00:00,0.16723,0.168712,0.16723,0.168424,670191.63869398
1773914400,2026-03-19 10:00:00,0.16731,0.16856,0.168477,0.167321,871255.4666408
1773918000,2026-03-19 11:00:00,0.166257,0.167596,0.16733,0.166692,1698362.26602116
1773921600,2026-03-19 12:00:00,0.164852,0.166826,0.166695,0.164852,2304767.21984214
1773925200,2026-03-19 13:00:00,0.16441,0.166975,0.16492,0.1664,1195908.43265859
1773928800,2026-03-19 14:00:00,0.165356,0.167034,0.166425,0.166126,1053788.99099018
1773932400,2026-03-19 15:00:00,0.163827,0.166536,0.166126,0.16487,1237741.40627344
1773936000,2026-03-19 16:00:00,0.163311,0.16485,0.16485,0.163958,1657974.56178926
1773939600,2026-03-19 17:00:00,0.163614,0.16541,0.163907,0.165139,1086192.90702812
1773943200,2026-03-19 18:00:00,0.163593,0.165114,0.165073,0.164317,848829.9653029
1773946800,2026-03-19 19:00:00,0.164214,0.166267,0.164337,0.16532,1171313.65992951
1773950400,2026-03-19 20:00:00,0.164961,0.165802,0.165289,0.165167,886065.55119787
1773954000,2026-03-19 21:00:00,0.165184,0.165999,0.16519,0.165745,698462.53716624
1773957600,2026-03-19 22:00:00,0.164903,0.165935,0.165744,0.165612,825291.63140686
1773961200,2026-03-19 23:00:00,0.164712,0.166052,0.165624,0.16534,1234621.95961705
1773964800,2026-03-20 00:00:00,0.165216,0.166073,0.16534,0.16577,899744.20650761
1773968400,2026-03-20 01:00:00,0.165641,0.166927,0.165792,0.166517,1102629.8725097
1773972000,2026-03-20 02:00:00,0.165582,0.166734,0.16655,0.166614,940363.74759685
1773975600,2026-03-20 03:00:00,0.166443,0.167517,0.16656,0.166877,837295.20778256
1773979200,2026-03-20 04:00:00,0.166151,0.167536,0.166879,0.167328,672962.62167813
1773982800,2026-03-20 05:00:00,0.167272,0.168648,0.167304,0.167928,1136720.01391745
1773986400,2026-03-20 06:00:00,0.16697,0.168049,0.167856,0.167228,884178.25965377
1773990000,2026-03-20 07:00:00,0.166149,0.167868,0.167136,0.167747,607418.89962013
1773993600,2026-03-20 08:00:00,0.167569,0.16892,0.167729,0.167952,538478.97115558
1773997200,2026-03-20 09:00:00,0.166149,0.16795,0.16795,0.16686,564028.2895916
1774000800,2026-03-20 10:00:00,0.166401,0.167688,0.16692,0.167256,655598.9687913
1774004400,2026-03-20 11:00:00,0.166554,0.167923,0.167297,0.16733,571102.1573109
1774008000,2026-03-20 12:00:00,0.166749,0.167886,0.16733,0.167112,514099.71498877
1774011600,2026-03-20 13:00:00,0.165748,0.16737,0.167043,0.16606,1882567.93256207
1774015200,2026-03-20 14:00:00,0.1656,0.167083,0.166,0.165948,1716663.74119545
1774018800,2026-03-20 15:00:00,0.165252,0.166731,0.16595,0.166103,820040.32212981
1774022400,2026-03-20 16:00:00,0.165092,0.166393,0.166124,0.165677,1222230.23765072
1774026000,2026-03-20 17:00:00,0.164806,0.166,0.1657,0.165925,842610.66651806
1774029600,2026-03-20 18:00:00,0.163904,0.166109,0.165925,0.16408,1049554.77318749
1774033200,2026-03-20 19:00:00,0.163304,0.164762,0.164125,0.16457,803705.42008005
1774036800,2026-03-20 20:00:00,0.163425,0.1647,0.164607,0.164076,2088445.16157041
1774040400,2026-03-20 21:00:00,0.1638,0.16575,0.16413,0.16517,795233.91945863
1774044000,2026-03-20 22:00:00,0.16517,0.166169,0.16517,0.165496,637864.49005824
1774047600,2026-03-20 23:00:00,0.16491,0.16578,0.16552,0.16547,1038042.40776856
1774051200,2026-03-21 00:00:00,0.1653,0.16596,0.16551,0.16558,516528.52229603
1774054800,2026-03-21 01:00:00,0.16503,0.165986,0.165599,0.165113,253766.25077356
1774058400,2026-03-21 02:00:00,0.164923,0.165821,0.165105,0.16554,364176.6552642
1774062000,2026-03-21 03:00:00,0.165271,0.16584,0.16554,0.16572,240156.82153608
1774065600,2026-03-21 04:00:00,0.165217,0.1659,0.16569,0.165647,219034.24396838
1774069200,2026-03-21 05:00:00,0.165626,0.166649,0.165626,0.16615,278945.97529653
1774072800,2026-03-21 06:00:00,0.165993,0.1669,0.166149,0.166207,316475.27312695
1774076400,2026-03-21 07:00:00,0.165336,0.16635,0.166205,0.165446,310666.05694632
1774080000,2026-03-21 08:00:00,0.165331,0.165819,0.16545,0.165509,154866.97439349
1774083600,2026-03-21 09:00:00,0.165148,0.165779,0.165538,0.165307,897885.7683515
1774087200,2026-03-21 10:00:00,0.164909,0.165308,0.16527,0.165125,326667.25242795
1774090800,2026-03-21 11:00:00,0.16498,0.1655,0.165124,0.165229,204901.37042363
1774094400,2026-03-21 12:00:00,0.165135,0.165708,0.165228,0.16551,204201.22454573
1774098000,2026-03-21 13:00:00,0.165064,0.165668,0.16551,0.165606,365292.27963585
1774101600,2026-03-21 14:00:00,0.165087,0.166508,0.165591,0.165136,465872.48433721
1774105200,2026-03-21 15:00:00,0.16504,0.166159,0.16512,0.16615,541945.9475038
1774108800,2026-03-21 16:00:00,0.165634,0.166425,0.166168,0.165768,417871.87549149
1774112400,2026-03-21 17:00:00,0.165295,0.165862,0.165744,0.165655,410678.5888226
1774116000,2026-03-21 18:00:00,0.16545,0.165968,0.165646,0.165499,340869.32647771
1774119600,2026-03-21 19:00:00,0.165203,0.165561,0.16545,0.165335,377821.62695057
1774123200,2026-03-21 20:00:00,0.16525,0.165822,0.165346,0.16573,489704.86583796
1774126800,2026-03-21 21:00:00,0.1652,0.16575,0.165712,0.16545,405674.92462678
1774130400,2026-03-21 22:00:00,0.16496,0.165549,0.165325,0.165185,400953.39943723
1774134000,2026-03-21 23:00:00,0.161343,0.1652,0.165157,0.162144,3920300.21540049
1774137600,2026-03-22 00:00:00,0.159829,0.162825,0.162075,0.161655,1970983.50670254
1774141200,2026-03-22 01:00:00,0.161,0.16235,0.1617,0.161825,567405.01857163
1774144800,2026-03-22 02:00:00,0.161676,0.163131,0.161849,0.162625,737009.99531136
1774148400,2026-03-22 03:00:00,0.162191,0.1637,0.1626,0.162434,658807.16753985
1774152000,2026-03-22 04:00:00,0.16175,0.162841,0.162388,0.1624,472691.05849938
1774155600,2026-03-22 05:00:00,0.161825,0.162613,0.162401,0.161825,424787.64118901
1774159200,2026-03-22 06:00:00,0.161325,0.161833,0.1618,0.161503,192987.96458002
1774162800,2026-03-22 07:00:00,0.159941,0.16178,0.161501,0.16005,869132.92941574
1774166400,2026-03-22 08:00:00,0.159172,0.160225,0.16,0.159541,1024284.92891566
1774170000,2026-03-22 09:00:00,0.159325,0.160072,0.15955,0.159515,1306030.4070394
1774173600,2026-03-22 10:00:00,0.158461,0.159649,0.159515,0.15854,420249.61864908
1774177200,2026-03-22 11:00:00,0.158362,0.159069,0.15854,0.158706,443070.37432398
1774180800,2026-03-22 12:00:00,0.158703,0.160306,0.158703,0.15976,626972.31452823
1774184400,2026-03-22 13:00:00,0.15935,0.160416,0.1598,0.15965,523716.99498724
1774188000,2026-03-22 14:00:00,0.158963,0.159747,0.159675,0.159225,600823.08547389
1774191600,2026-03-22 15:00:00,0.158566,0.159707,0.15925,0.159137,1628639.32391982
1774195200,2026-03-22 16:00:00,0.1571,0.159357,0.159103,0.157777,4102746.99564803
1774198800,2026-03-22 17:00:00,0.157556,0.158117,0.157743,0.157584,828050.56599349
1774202400,2026-03-22 18:00:00,0.15655,0.157607,0.157575,0.157521,2827858.62298618
1774206000,2026-03-22 19:00:00,0.156531,0.15752,0.157513,0.157143,2053175.64118787
1774209600,2026-03-22 20:00:00,0.15668,0.157527,0.157159,0.156952,1107270.47438153
1774213200,2026-03-22 21:00:00,0.154899,0.157022,0.15696,0.15579,2381093.10541363
1774216800,2026-03-22 22:00:00,0.15504,0.157128,0.15583,0.156912,1461432.58041454
1774220400,2026-03-22 23:00:00,0.155783,0.157272,0.15691,0.155898,1177079.09682175
1774224000,2026-03-23 00:00:00,0.1559,0.157087,0.1559,0.15657,1031225.46608971
1774227600,2026-03-23 01:00:00,0.156409,0.157402,0.156552,0.156681,763685.83464318
1774231200,2026-03-23 02:00:00,0.156406,0.15767,0.156696,0.15717,966313.55707597
1774234800,2026-03-23 03:00:00,0.156419,0.157994,0.15717,0.15647,1225952.18565495
1774238400,2026-03-23 04:00:00,0.156528,0.159215,0.156528,0.158971,1851435.38648012
1774242000,2026-03-23 05:00:00,0.158537,0.159312,0.158925,0.159095,843666.473131
1774245600,2026-03-23 06:00:00,0.156721,0.159048,0.159048,0.156974,776562.49396709
1774249200,2026-03-23 07:00:00,0.155935,0.157224,0.15698,0.15672,832560.70987057
1774252800,2026-03-23 08:00:00,0.155872,0.157296,0.15673,0.156024,514739.9635277
1774256400,2026-03-23 09:00:00,0.155372,0.15669,0.156,0.156548,627880.96225283
1774260000,2026-03-23 10:00:00,0.156019,0.157276,0.156563,0.156501,766018.27763185
1774263600,2026-03-23 11:00:00,0.1565,0.16422,0.1565,0.161733,11666871.23711289
1774267200,2026-03-23 12:00:00,0.160941,0.163973,0.161766,0.163807,1391009.45591296
1774270800,2026-03-23 13:00:00,0.163093,0.165957,0.163817,0.165692,1972396.30120536
1774274400,2026-03-23 14:00:00,0.165099,0.16643,0.165693,0.165958,3276397.20375677
1774278000,2026-03-23 15:00:00,0.164492,0.166896,0.165925,0.164901,5810628.67153749
1774281600,2026-03-23 16:00:00,0.163704,0.1666,0.164936,0.165131,2467213.23636052
1774285200,2026-03-23 17:00:00,0.163783,0.165774,0.165118,0.164985,1973438.48867028
1774288800,2026-03-23 18:00:00,0.163842,0.165455,0.16499,0.164736,2016942.1084876
1774292400,2026-03-23 19:00:00,0.164338,0.165497,0.1647,0.164754,1252103.124241
1774296000,2026-03-23 20:00:00,0.16447,0.1669,0.164807,0.166845,2592124.38918222
1774299600,2026-03-23 21:00:00,0.166635,0.1675,0.166823,0.16736,3085538.16416328
1774303200,2026-03-23 22:00:00,0.165922,0.167479,0.167388,0.166505,2732342.92903941
1774306800,2026-03-23 23:00:00,0.165896,0.167032,0.166504,0.166752,1143959.50998327
1774310400,2026-03-24 00:00:00,0.164862,0.167383,0.166736,0.16536,1357788.58929318
1774314000,2026-03-24 01:00:00,0.163827,0.165569,0.165377,0.164425,1188252.79642719
1774317600,2026-03-24 02:00:00,0.164254,0.165663,0.164424,0.16471,996879.0896264
1774321200,2026-03-24 03:00:00,0.164465,0.16569,0.16472,0.165489,857867.01082182
1774324800,2026-03-24 04:00:00,0.163986,0.165459,0.165458,0.16441,622271.37757117
1774328400,2026-03-24 05:00:00,0.16374,0.164961,0.16437,0.164368,589576.9574742
1774332000,2026-03-24 06:00:00,0.164255,0.165119,0.164354,0.165052,640044.05303631
1774335600,2026-03-24 07:00:00,0.164889,0.167098,0.16504,0.16675,1269153.95852524
1774339200,2026-03-24 08:00:00,0.166633,0.167328,0.166781,0.166849,1590240.7371087
1774342800,2026-03-24 09:00:00,0.1664,0.168383,0.166815,0.168109,1103136.39719777
1774346400,2026-03-24 10:00:00,0.166304,0.168101,0.168101,0.166874,906846.84285438
1774350000,2026-03-24 11:00:00,0.165832,0.167264,0.166875,0.16704,1383107.12303442
1774353600,2026-03-24 12:00:00,0.166428,0.167811,0.16707,0.16718,4474147.1424529
1774357200,2026-03-24 13:00:00,0.165614,0.16751,0.167199,0.165939,1486226.05597418
1774360800,2026-03-24 14:00:00,0.165021,0.167018,0.16594,0.166633,1935708.97861373
1774364400,2026-03-24 15:00:00,0.166278,0.167403,0.166648,0.16638,1647636.17043112
1774368000,2026-03-24 16:00:00,0.16543,0.16695,0.166409,0.166084,1389871.40081099
1774371600,2026-03-24 17:00:00,0.164106,0.16619,0.166062,0.16466,1481583.77608632
1774375200,2026-03-24 18:00:00,0.164658,0.16713,0.16471,0.166575,1247032.94010851
1774378800,2026-03-24 19:00:00,0.166354,0.167804,0.16658,0.16648,906174.799938
1774382400,2026-03-24 20:00:00,0.166374,0.170284,0.166478,0.169929,4064699.06514952
1774386000,2026-03-24 21:00:00,0.169338,0.17172,0.16991,0.17172,3475850.22005928
1774389600,2026-03-24 22:00:00,0.171175,0.173682,0.171717,0.173481,4084778.8180324
1774393200,2026-03-24 23:00:00,0.173465,0.175174,0.173495,0.17382,5150152.11083036
1774396800,2026-03-25 00:00:00,0.17361,0.177194,0.173799,0.176371,2988206.25807243
1774400400,2026-03-25 01:00:00,0.17631,0.180412,0.17637,0.17804,7760151.89115604
1774404000,2026-03-25 02:00:00,0.174903,0.179356,0.17804,0.17519,3737244.11521076
1774407600,2026-03-25 03:00:00,0.174832,0.17765,0.175189,0.176214,1752386.29808808
1774411200,2026-03-25 04:00:00,0.175477,0.177169,0.1762,0.176211,1681227.43218522
1774414800,2026-03-25 05:00:00,0.176168,0.178248,0.17626,0.177352,2202893.13747038
1774418400,2026-03-25 06:00:00,0.177368,0.179851,0.177368,0.179172,1974415.26625481
1774422000,2026-03-25 07:00:00,0.178798,0.180303,0.179187,0.179489,2160269.00135693
1774425600,2026-03-25 08:00:00,0.179529,0.182143,0.179529,0.181326,4498711.74990016
1774429200,2026-03-25 09:00:00,0.177833,0.182339,0.181331,0.178082,2834786.721652
1774432800,2026-03-25 10:00:00,0.177658,0.179276,0.178097,0.179179,1531037.67460121
1774436400,2026-03-25 11:00:00,0.177749,0.179693,0.179092,0.17807,1684667.6477607
1774440000,2026-03-25 12:00:00,0.176284,0.179001,0.17807,0.178726,2662458.31816419
1774443600,2026-03-25 13:00:00,0.177689,0.180367,0.17875,0.178048,1757524.71579463
1774447200,2026-03-25 14:00:00,0.175981,0.178213,0.17805,0.1761,1913153.11393191
1774450800,2026-03-25 15:00:00,0.174644,0.1763,0.176124,0.17516,2630380.79785998
1774454400,2026-03-25 16:00:00,0.175119,0.177326,0.175188,0.176967,1654434.30872531
1774458000,2026-03-25 17:00:00,0.176319,0.177372,0.176931,0.17662,927610.54224031
1774461600,2026-03-25 18:00:00,0.176436,0.177956,0.17662,0.17681,1047810.54656706
1774465200,2026-03-25 19:00:00,0.176509,0.177966,0.176809,0.177762,754497.01585045
1774468800,2026-03-25 20:00:00,0.17603,0.177855,0.177828,0.176914,1458955.26890001
1774472400,2026-03-25 21:00:00,0.176289,0.177451,0.176929,0.17651,848061.50670356
1774476000,2026-03-25 22:00:00,0.17642,0.178135,0.17651,0.177579,1120150.02877761
1774479600,2026-03-25 23:00:00,0.17726,0.178004,0.17759,0.177444,1202788.85715099
1774483200,2026-03-26 00:00:00,0.177228,0.178443,0.177373,0.177788,1638383.67716759
1774486800,2026-03-26 01:00:00,0.176735,0.177956,0.177847,0.176806,670576.94786407
1774490400,2026-03-26 02:00:00,0.175334,0.176823,0.176794,0.175963,996771.32715079
1774494000,2026-03-26 03:00:00,0.174798,0.175864,0.175864,0.17541,904279.43462605
1774497600,2026-03-26 04:00:00,0.174927,0.175951,0.175292,0.17524,562792.97686196
1774501200,2026-03-26 05:00:00,0.173071,0.175313,0.175214,0.173141,1806975.20364539
1774504800,2026-03-26 06:00:00,0.172938,0.174399,0.173141,0.173706,856686.91422906
1774508400,2026-03-26 07:00:00,0.173744,0.17433,0.173744,0.173866,1078548.91677484
1774512000,2026-03-26 08:00:00,0.173491,0.174464,0.173862,0.17415,926070.11355053
1774515600,2026-03-26 09:00:00,0.172261,0.174281,0.17418,0.172805,2630540.66443411
1774519200,2026-03-26 10:00:00,0.172278,0.173739,0.172819,0.173094,1514587.47641056
1774522800,2026-03-26 11:00:00,0.172584,0.173818,0.173126,0.172651,895642.61131928
1774526400,2026-03-26 12:00:00,0.172078,0.173676,0.172644,0.173467,732083.54033828
1774530000,2026-03-26 13:00:00,0.173211,0.176458,0.17342,0.17545,932098.31831195
1774533600,2026-03-26 14:00:00,0.173952,0.17634,0.175421,0.174048,1276430.94732579
1774537200,2026-03-26 15:00:00,0.171968,0.174,0.174,0.17232,1189316.88927902
1774540800,2026-03-26 16:00:00,0.171852,0.173042,0.172288,0.172351,1355523.19590033
1774544400,2026-03-26 17:00:00,0.171675,0.172962,0.172366,0.172154,726411.64005485
1774548000,2026-03-26 18:00:00,0.171073,0.172578,0.17215,0.172278,1660837.04362763
1774551600,2026-03-26 19:00:00,0.171168,0.172377,0.172377,0.171807,677477.57024967
1774555200,2026-03-26 20:00:00,0.17142,0.174176,0.17177,0.172759,1259097.60703797
1774558800,2026-03-26 21:00:00,0.172321,0.173792,0.172753,0.173453,879670.0466916
1774562400,2026-03-26 22:00:00,0.173184,0.174742,0.173408,0.174242,4234382.30845377
1774566000,2026-03-26 23:00:00,0.173601,0.1744,0.174272,0.173855,2309743.70314328
1774569600,2026-03-27 00:00:00,0.172685,0.174372,0.17376,0.1732,732063.33807532
1774573200,2026-03-27 01:00:00,0.172863,0.174538,0.17324,0.174427,676028.77151774
1774576800,2026-03-27 02:00:00,0.174062,0.17531,0.174414,0.174131,737580.11204722
1774580400,2026-03-27 03:00:00,0.173428,0.174806,0.174131,0.174391,667190.87015576
1774584000,2026-03-27 04:00:00,0.17307,0.174802,0.174418,0.174034,521758.3266081
1774587600,2026-03-27 05:00:00,0.1739,0.175247,0.174018,0.17402,463016.28637828
1774591200,2026-03-27 06:00:00,0.17355,0.174876,0.174044,0.173914,555209.00806454
1774594800,2026-03-27 07:00:00,0.173524,0.175067,0.17394,0.1742,802079.13073794
1774598400,2026-03-27 08:00:00,0.171832,0.174486,0.174161,0.172773,638966.42641728
1774602000,2026-03-27 09:00:00,0.171109,0.173066,0.17278,0.171626,917488.8614752
1774605600,2026-03-27 10:00:00,0.168559,0.171803,0.171603,0.16873,2383072.59900555
1774609200,2026-03-27 11:00:00,0.168272,0.169389,0.168792,0.168831,1383117.16894266
1774612800,2026-03-27 12:00:00,0.16851,0.169643,0.168858,0.1696,2755110.77922821
1774616400,2026-03-27 13:00:00,0.168512,0.170267,0.1696,0.16906,880119.91437905
1774620000,2026-03-27 14:00:00,0.167786,0.169917,0.169024,0.168137,1393700.72776069
1774623600,2026-03-27 15:00:00,0.16758,0.170076,0.16814,0.16864,1846980.16469933
1774627200,2026-03-27 16:00:00,0.168234,0.169391,0.1687,0.168703,937358.87232053
1774630800,2026-03-27 17:00:00,0.16781,0.169603,0.16869,0.168169,717764.4921382
1774634400,2026-03-27 18:00:00,0.167144,0.168439,0.168148,0.16721,582620.01433558
1774638000,2026-03-27 19:00:00,0.166819,0.168341,0.16721,0.168032,1102036.61789533
1774641600,2026-03-27 20:00:00,0.167087,0.168217,0.167987,0.167669,1122542.25282751
1774645200,2026-03-27 21:00:00,0.167439,0.168572,0.16769,0.16753,610176.41096487
1774648800,2026-03-27 22:00:00,0.166974,0.16769,0.16753,0.16724,586455.64785401
1774652400,2026-03-27 23:00:00,0.166666,0.167515,0.167072,0.167207,1166955.8225882
1774656000,2026-03-28 00:00:00,0.16597,0.167204,0.167204,0.16603,1044914.60317161
1774659600,2026-03-28 01:00:00,0.165101,0.166253,0.166021,0.1658,941314.03824745
1774663200,2026-03-28 02:00:00,0.1651,0.16643,0.165816,0.16548,368622.2820805
1774666800,2026-03-28 03:00:00,0.165038,0.165664,0.165579,0.1651,1196864.50133209
1774670400,2026-03-28 04:00:00,0.164607,0.16532,0.16512,0.16469,684741.39303012
1774674000,2026-03-28 05:00:00,0.164371,0.165749,0.164724,0.16573,323137.40057867
1774677600,2026-03-28 06:00:00,0.165409,0.16613,0.165729,0.165813,403742.92079227
1774681200,2026-03-28 07:00:00,0.164954,0.166467,0.165777,0.166418,785128.26536474
1774684800,2026-03-28 08:00:00,0.165999,0.166529,0.16646,0.166023,232228.11957755
1774688400,2026-03-28 09:00:00,0.165596,0.16639,0.166022,0.166218,214835.22172774
1774692000,2026-03-28 10:00:00,0.165332,0.167162,0.166202,0.165718,819058.44270739
1774695600,2026-03-28 11:00:00,0.16575,0.16686,0.16575,0.1668,501411.01546676
1774699200,2026-03-28 12:00:00,0.165926,0.166903,0.166767,0.166352,584848.20873854
1774702800,2026-03-28 13:00:00,0.165988,0.169026,0.16628,0.16875,2132401.46725132
1774706400,2026-03-28 14:00:00,0.168277,0.169797,0.168877,0.169301,1317403.77412333
1774710000,2026-03-28 15:00:00,0.169137,0.170951,0.169329,0.169809,2105753.48427194
1774713600,2026-03-28 16:00:00,0.169639,0.171547,0.16981,0.171107,669281.04739036
1774717200,2026-03-28 17:00:00,0.170541,0.1717,0.171055,0.170921,708926.60797788
1774720800,2026-03-28 18:00:00,0.170183,0.171044,0.170921,0.17053,674687.11477055
1774724400,2026-03-28 19:00:00,0.169702,0.170711,0.17053,0.170426,460498.91862324
1774728000,2026-03-28 20:00:00,0.170389,0.17153,0.17047,0.171099,503646.25087392
1774731600,2026-03-28 21:00:00,0.1697,0.171402,0.171099,0.169855,601338.16723047
1774735200,2026-03-28 22:00:00,0.169174,0.169986,0.16987,0.169748,670919.54183981
1774738800,2026-03-28 23:00:00,0.167557,0.16982,0.169744,0.167785,1780884.68799923
1774742400,2026-03-29 00:00:00,0.16724,0.168216,0.1678,0.167567,654435.73263033
1774746000,2026-03-29 01:00:00,0.167331,0.168354,0.167586,0.167758,427473.08737428
1774749600,2026-03-29 02:00:00,0.167528,0.168238,0.16776,0.16799,456447.07474543
1774753200,2026-03-29 03:00:00,0.167832,0.169195,0.167947,0.169131,460240.59439469
1774756800,2026-03-29 04:00:00,0.168488,0.169145,0.16912,0.168711,373107.66905639
1774760400,2026-03-29 05:00:00,0.167743,0.168808,0.168675,0.16818,684146.54890613
1774764000,2026-03-29 06:00:00,0.16776,0.16907,0.168167,0.16846,234356.56049899
1774767600,2026-03-29 07:00:00,0.167683,0.168513,0.168456,0.168022,339814.04547713
1774771200,2026-03-29 08:00:00,0.167664,0.168434,0.168016,0.168133,187666.95695109
1774774800,2026-03-29 09:00:00,0.167452,0.16822,0.168121,0.167657,428725.17817426
1774778400,2026-03-29 10:00:00,0.166778,0.16761,0.167552,0.1668,811092.0740104
1774782000,2026-03-29 11:00:00,0.1668,0.168184,0.1668,0.16709,480754.79601763
1774785600,2026-03-29 12:00:00,0.16648,0.167097,0.16709,0.16687,884251.73562767
1774789200,2026-03-29 13:00:00,0.165466,0.166929,0.16687,0.16561,459656.02508813
1774792800,2026-03-29 14:00:00,0.165235,0.166492,0.16561,0.16576,1160543.08261498
1774796400,2026-03-29 15:00:00,0.164891,0.1662,0.16576,0.165495,1306369.61939152
1774800000,2026-03-29 16:00:00,0.164555,0.165599,0.165408,0.16462,748914.9510337
1774803600,2026-03-29 17:00:00,0.164084,0.165145,0.16462,0.16456,708788.25146397
1774807200,2026-03-29 18:00:00,0.164091,0.16494,0.164575,0.164691,463099.64259019
1774810800,2026-03-29 19:00:00,0.163732,0.164643,0.164591,0.164045,462658.97838226
1774814400,2026-03-29 20:00:00,0.163909,0.165379,0.164013,0.1647,715729.02833117
1774818000,2026-03-29 21:00:00,0.164471,0.165407,0.1647,0.165078,518311.132383
1774821600,2026-03-29 22:00:00,0.161126,0.165066,0.165,0.16362,4270606.72060677
1774825200,2026-03-29 23:00:00,0.163527,0.165029,0.163672,0.164574,1735544.99827294
1774828800,2026-03-30 00:00:00,0.164282,0.167487,0.164455,0.16582,1719152.6118984
1774832400,2026-03-30 01:00:00,0.165651,0.167033,0.165811,0.1669,1212345.71157581
1774836000,2026-03-30 02:00:00,0.166875,0.169223,0.1669,0.16841,1748944.11700145
1774839600,2026-03-30 03:00:00,0.167803,0.1687,0.168462,0.16856,664447.21198597
1774843200,2026-03-30 04:00:00,0.168485,0.169504,0.16861,0.168587,1058780.93394761
1774846800,2026-03-30 05:00:00,0.168328,0.169186,0.16863,0.168744,1257255.48850606
1774850400,2026-03-30 06:00:00,0.168449,0.169178,0.16878,0.168766,512201.34346713
1774854000,2026-03-30 07:00:00,0.168699,0.17112,0.168699,0.17075,608557.65624211
1774857600,2026-03-30 08:00:00,0.17083,0.173648,0.17083,0.17273,4357043.85362171
1774861200,2026-03-30 09:00:00,0.170217,0.172837,0.172739,0.170252,917130.6379414
1774864800,2026-03-30 10:00:00,0.169969,0.171218,0.17027,0.17118,813884.86027447
1774868400,2026-03-30 11:00:00,0.171213,0.173581,0.171268,0.17202,1039505.85425304
1774872000,2026-03-30 12:00:00,0.171982,0.173816,0.172072,0.17292,1975983.43851183
1774875600,2026-03-30 13:00:00,0.171114,0.173279,0.172971,0.171345,936250.14871582
1774879200,2026-03-30 14:00:00,0.169683,0.172062,0.17135,0.171053,1443469.34891595
1774882800,2026-03-30 15:00:00,0.16996,0.172098,0.17107,0.170602,1651243.55457773
1774886400,2026-03-30 16:00:00,0.170091,0.171351,0.170579,0.17074,928133.99781776
1774890000,2026-03-30 17:00:00,0.168904,0.171068,0.1708,0.1694,939516.31777899
1774893600,2026-03-30 18:00:00,0.167469,0.169503,0.169384,0.16775,1105907.71590725
1774897200,2026-03-30 19:00:00,0.167163,0.168185,0.16781,0.168106,3927559.37679626
1774900800,2026-03-30 20:00:00,0.167243,0.168301,0.168092,0.167996,745825.50465516
1774904400,2026-03-30 21:00:00,0.167923,0.170083,0.167999,0.16907,1017309.75962784
1774908000,2026-03-30 22:00:00,0.168505,0.169468,0.169057,0.168552,991914.96926215
1774911600,2026-03-30 23:00:00,0.16697,0.1685,0.1685,0.16727,1621048.12507694
1774915200,2026-03-31 00:00:00,0.166655,0.1682,0.16727,0.1675,1411586.35738746
1774918800,2026-03-31 01:00:00,0.167163,0.170383,0.1675,0.170059,1871488.48766525
1774922400,2026-03-31 02:00:00,0.169528,0.170792,0.170056,0.169947,1719990.75186616
1774926000,2026-03-31 03:00:00,0.169247,0.170195,0.169732,0.16944,394486.12389381
1774929600,2026-03-31 04:00:00,0.167408,0.169601,0.169421,0.16746,1478474.16524764
1774933200,2026-03-31 05:00:00,0.167091,0.168199,0.167515,0.167895,1330064.39575921
1774936800,2026-03-31 06:00:00,0.167013,0.167983,0.167759,0.16756,491714.69303732
1774940400,2026-03-31 07:00:00,0.166443,0.16762,0.16756,0.167041,861706.54851182
1774944000,2026-03-31 08:00:00,0.1654,0.167108,0.166909,0.165634,1224645.55708869
1774947600,2026-03-31 09:00:00,0.164345,0.166313,0.165554,0.164819,1319201.23378979
1774951200,2026-03-31 10:00:00,0.164059,0.165079,0.16484,0.164059,821493.41801305
1774954800,2026-03-31 11:00:00,0.163985,0.165476,0.164059,0.164933,597416.94957919
1774958400,2026-03-31 12:00:00,0.163786,0.165088,0.16493,0.164177,842024.43513331
1774962000,2026-03-31 13:00:00,0.164104,0.166523,0.164159,0.166202,1410817.8870416
1774965600,2026-03-31 14:00:00,0.164055,0.167029,0.166193,0.164448,2661501.32718693
1774969200,2026-03-31 15:00:00,0.163703,0.166301,0.164502,0.163772,1731014.95135716
1774972800,2026-03-31 16:00:00,0.163479,0.166572,0.16378,0.166283,2164988.7575834
1774976400,2026-03-31 17:00:00,0.165398,0.167914,0.166236,0.16594,1684477.03968742
1774980000,2026-03-31 18:00:00,0.16596,0.167847,0.16596,0.167812,930122.31493031
1774983600,2026-03-31 19:00:00,0.166975,0.168432,0.16786,0.168285,1990544.03598029
1774987200,2026-03-31 20:00:00,0.168217,0.169267,0.168241,0.168951,936786.99693402
1774990800,2026-03-31 21:00:00,0.167092,0.168952,0.16895,0.167401,742620.8260977
1774994400,2026-03-31 22:00:00,0.166222,0.167508,0.167508,0.16702,865167.66491965
1774998000,2026-03-31 23:00:00,0.166623,0.167597,0.167017,0.166944,951839.98673924
1775001600,2026-04-01 00:00:00,0.166739,0.16872,0.166968,0.16872,798094.08225083
1775005200,2026-04-01 01:00:00,0.167479,0.169038,0.16868,0.167579,472503.23348036
1775008800,2026-04-01 02:00:00,0.167176,0.16797,0.167498,0.16744,1090176.78012323
1775012400,2026-04-01 03:00:00,0.167374,0.169609,0.16742,0.169609,1531011.79720662
1775016000,2026-04-01 04:00:00,0.168928,0.169988,0.1696,0.16943,1072889.38547214
1775019600,2026-04-01 05:00:00,0.168561,0.17042,0.1694,0.169954,1623989.67574447
1775023200,2026-04-01 06:00:00,0.16998,0.17208,0.16998,0.17156,4338583.68141368
1775026800,2026-04-01 07:00:00,0.171288,0.172343,0.17164,0.171481,801073.77883505
1775030400,2026-04-01 08:00:00,0.171276,0.17246,0.171527,0.17169,651075.79589257
1775034000,2026-04-01 09:00:00,0.171108,0.172243,0.171753,0.171858,796043.44743904
1775037600,2026-04-01 10:00:00,0.17156,0.173109,0.17188,0.172856,1166883.74016348
1775041200,2026-04-01 11:00:00,0.172233,0.173011,0.17275,0.172893,981808.27608345
1775044800,2026-04-01 12:00:00,0.172461,0.17454,0.172913,0.17298,3003280.51001233
1775048400,2026-04-01 13:00:00,0.171331,0.173674,0.172997,0.171984,1528920.02482166
1775052000,2026-04-01 14:00:00,0.171808,0.173088,0.17194,0.1723,639066.14881632
1775055600,2026-04-01 15:00:00,0.171603,0.172553,0.172405,0.17178,2284346.92015002
1775059200,2026-04-01 16:00:00,0.171744,0.172979,0.171764,0.17221,818084.61319305
1775062800,2026-04-01 17:00:00,0.171,0.173363,0.17221,0.17111,1054434.99192684
1775066400,2026-04-01 18:00:00,0.170292,0.17144,0.17116,0.170466,709935.21743807
1775070000,2026-04-01 19:00:00,0.170274,0.171066,0.170392,0.170617,716670.20853439
1775073600,2026-04-01 20:00:00,0.169744,0.17079,0.170676,0.170338,1011608.20960472
1775077200,2026-04-01 21:00:00,0.17038,0.17166,0.170399,0.171193,1150821.4929975
1775080800,2026-04-01 22:00:00,0.169429,0.171152,0.171131,0.169603,2133302.56532113
1775084400,2026-04-01 23:00:00,0.168922,0.170003,0.16958,0.169299,2288460.66094527
1775088000,2026-04-02 00:00:00,0.169159,0.170978,0.169297,0.170888,1309748.50605774
1775091600,2026-04-02 01:00:00,0.166302,0.170832,0.170755,0.166792,6867803.79574349
1775095200,2026-04-02 02:00:00,0.164525,0.167183,0.16681,0.165092,4863234.15634106
1775098800,2026-04-02 03:00:00,0.163412,0.165189,0.165113,0.16414,1540338.60865096
1775102400,2026-04-02 04:00:00,0.163011,0.16436,0.164154,0.163151,1552878.90620379
1775106000,2026-04-02 05:00:00,0.16263,0.164049,0.163159,0.163847,2603037.06449242
1775109600,2026-04-02 06:00:00,0.16337,0.16461,0.163817,0.163799,1347713.59070096
1775113200,2026-04-02 07:00:00,0.163574,0.164699,0.163816,0.164388,957552.07051952
1775116800,2026-04-02 08:00:00,0.163326,0.164544,0.16437,0.163382,1784747.38369821
1775120400,2026-04-02 09:00:00,0.1626,0.163439,0.163376,0.163213,775315.67816255
1775124000,2026-04-02 10:00:00,0.16257,0.163202,0.163202,0.162619,760006.07545244
1775127600,2026-04-02 11:00:00,0.161574,0.16267,0.162588,0.16167,1188782.17506748
1775131200,2026-04-02 12:00:00,0.161307,0.162073,0.161685,0.161415,1928801.8445022
1775134800,2026-04-02 13:00:00,0.1602,0.16158,0.16146,0.16113,2185584.41366106
1775138400,2026-04-02 14:00:00,0.16068,0.163857,0.16113,0.163738,2906739.52462047
1775142000,2026-04-02 15:00:00,0.16218,0.164187,0.16373,0.16368,1543311.40637168
1775145600,2026-04-02 16:00:00,0.162959,0.165421,0.16368,0.164726,2076330.12814194
1775149200,2026-04-02 17:00:00,0.163487,0.16617,0.164741,0.163554,1839863.03222629
1775152800,2026-04-02 18:00:00,0.163463,0.16548,0.1636,0.165069,1061853.98073242
1775156400,2026-04-02 19:00:00,0.163874,0.165284,0.165128,0.164542,1016340.48332177
1775160000,2026-04-02 20:00:00,0.16401,0.165251,0.16455,0.164496,1051622.39325175
1775163600,2026-04-02 21:00:00,0.163612,0.164732,0.16446,0.16394,918799.0395555
1775167200,2026-04-02 22:00:00,0.163479,0.163928,0.163926,0.163581,1964070.02232481
1775170800,2026-04-02 23:00:00,0.162081,0.163674,0.163592,0.16294,5180185.52592353
1775174400,2026-04-03 00:00:00,0.162673,0.16343,0.162984,0.1631,798540.71115384
1775178000,2026-04-03 01:00:00,0.162742,0.163634,0.16315,0.163382,879092.18219576
1775181600,2026-04-03 02:00:00,0.162908,0.164479,0.16344,0.163969,966586.03881229
1775185200,2026-04-03 03:00:00,0.163753,0.165128,0.16397,0.165071,1639427.98835031
1775188800,2026-04-03 04:00:00,0.164497,0.165613,0.165,0.165374,908288.0027789
1775192400,2026-04-03 05:00:00,0.16476,0.166541,0.16541,0.165609,879115.79844721
1775196000,2026-04-03 06:00:00,0.165072,0.166483,0.165601,0.16596,778269.88911554
1775199600,2026-04-03 07:00:00,0.164845,0.165978,0.165936,0.164892,649511.69612444
1775203200,2026-04-03 08:00:00,0.164677,0.165387,0.164936,0.16482,793130.63044289
1775206800,2026-04-03 09:00:00,0.164168,0.16497,0.164762,0.164425,698451.4622631
1775210400,2026-04-03 10:00:00,0.16385,0.164954,0.164437,0.164139,785146.55799756
1775214000,2026-04-03 11:00:00,0.16371,0.164646,0.16414,0.16445,954431.73656723
1775217600,2026-04-03 12:00:00,0.163506,0.165484,0.164404,0.164088,1894083.66778071
1775221200,2026-04-03 13:00:00,0.163374,0.164346,0.16409,0.163716,947853.9559758
1775224800,2026-04-03 14:00:00,0.163,0.163711,0.163696,0.16311,1106348.44735131
1775228400,2026-04-03 15:00:00,0.163068,0.163695,0.16311,0.163486,875141.54598923
1775232000,2026-04-03 16:00:00,0.163336,0.164342,0.163463,0.16423,944407.74128202
1775235600,2026-04-03 17:00:00,0.163098,0.164268,0.16423,0.16321,2599389.88503829
1775239200,2026-04-03 18:00:00,0.162762,0.163878,0.163207,0.163123,1311749.41416087
1775242800,2026-04-03 19:00:00,0.161875,0.163492,0.163124,0.16337,1042088.17649866
1775246400,2026-04-03 20:00:00,0.163303,0.16476,0.16337,0.163857,1418266.03728478
1775250000,2026-04-03 21:00:00,0.163311,0.16416,0.163809,0.163485,737957.75177793
1775253600,2026-04-03 22:00:00,0.162806,0.16351,0.163498,0.163045,1178346.50872004
1775257200,2026-04-03 23:00:00,0.162465,0.163089,0.163088,0.16298,991949.48941068
1775260800,2026-04-04 00:00:00,0.162586,0.163128,0.162953,0.162867,471285.89820451
1775264400,2026-04-04 01:00:00,0.162462,0.163296,0.16288,0.16277,407492.25026748
1775268000,2026-04-04 02:00:00,0.161847,0.162845,0.162771,0.161954,498004.45463756
1775271600,2026-04-04 03:00:00,0.161681,0.162241,0.161959,0.162041,381309.84470971
1775275200,2026-04-04 04:00:00,0.161868,0.162624,0.162048,0.162248,424195.84693252
1775278800,2026-04-04 05:00:00,0.161448,0.162424,0.162225,0.161676,716791.57813588
1775282400,2026-04-04 06:00:00,0.161553,0.16247,0.161634,0.16247,298074.72503406
1775286000,2026-04-04 07:00:00,0.16148,0.162521,0.16247,0.161637,347442.64332668
1775289600,2026-04-04 08:00:00,0.161,0.16174,0.161637,0.16113,951143.1775415
1775293200,2026-04-04 09:00:00,0.161049,0.162361,0.16113,0.1619,468059.98323191
1775296800,2026-04-04 10:00:00,0.161311,0.162141,0.161823,0.162031,304364.89167447
1775300400,2026-04-04 11:00:00,0.161772,0.162216,0.162002,0.161923,290672.55495022
1775304000,2026-04-04 12:00:00,0.161591,0.162162,0.16193,0.161751,285141.77290902
1775307600,2026-04-04 13:00:00,0.161155,0.161829,0.161742,0.161371,1020836.62310942
1775311200,2026-04-04 14:00:00,0.161336,0.16224,0.161336,0.162218,1126898.47467003
1775314800,2026-04-04 15:00:00,0.161206,0.16265,0.16218,0.161579,614842.70415081
1775318400,2026-04-04 16:00:00,0.16082,0.161897,0.161578,0.160877,1006479.4003653
1775322000,2026-04-04 17:00:00,0.160633,0.161976,0.160819,0.161448,894475.29243139
1775325600,2026-04-04 18:00:00,0.160979,0.1615,0.161448,0.16115,607813.12669725
1775329200,2026-04-04 19:00:00,0.160977,0.1625,0.161113,0.161936,961073.45630295
1775332800,2026-04-04 20:00:00,0.161384,0.161972,0.161961,0.161384,345467.35283224
1775336400,2026-04-04 21:00:00,0.161363,0.161961,0.161383,0.161537,1040616.2005407
1775340000,2026-04-04 22:00:00,0.161335,0.161873,0.16153,0.161709,419509.35333379
1775343600,2026-04-04 23:00:00,0.161568,0.161939,0.161701,0.161903,563308.69138557
1775347200,2026-04-05 00:00:00,0.161312,0.162153,0.161904,0.161424,869071.0412467
1775350800,2026-04-05 01:00:00,0.161292,0.161795,0.161448,0.161451,400884.54377129
1775354400,2026-04-05 02:00:00,0.161254,0.162354,0.161424,0.161824,492832.71670883
1775358000,2026-04-05 03:00:00,0.161248,0.16197,0.161828,0.16133,526285.45137265
1775361600,2026-04-05 04:00:00,0.160665,0.161472,0.16133,0.16085,570141.70261045
1775365200,2026-04-05 05:00:00,0.1599,0.160887,0.16082,0.160043,1000243.32364284
1775368800,2026-04-05 06:00:00,0.159486,0.160119,0.160025,0.159915,1939910.9642899
1775372400,2026-04-05 07:00:00,0.158713,0.160069,0.159919,0.158904,641540.02663526
1775376000,2026-04-05 08:00:00,0.158634,0.159097,0.1589,0.15883,365103.63371669
1775379600,2026-04-05 09:00:00,0.158466,0.159096,0.158832,0.158688,411861.16866253
1775383200,2026-04-05 10:00:00,0.15828,0.159047,0.158712,0.158326,522099.31131812
1775386800,2026-04-05 11:00:00,0.158065,0.158495,0.15832,0.158068,446719.20901485
1775390400,2026-04-05 12:00:00,0.15733,0.158293,0.158072,0.158293,549520.228349
1775394000,2026-04-05 13:00:00,0.157736,0.158944,0.158232,0.158835,558864.53672092
1775397600,2026-04-05 14:00:00,0.157667,0.159088,0.158882,0.1579,760153.10656134
1775401200,2026-04-05 15:00:00,0.157536,0.160171,0.157874,0.158614,1342926.59550815
1775404800,2026-04-05 16:00:00,0.158184,0.159144,0.15866,0.158353,721084.83113001
1775408400,2026-04-05 17:00:00,0.158128,0.159216,0.158329,0.158927,406985.91863924
1775412000,2026-04-05 18:00:00,0.1555,0.159367,0.158915,0.158458,3625345.22588722
1775415600,2026-04-05 19:00:00,0.158018,0.15919,0.15847,0.158715,540479.39273569
1775419200,2026-04-05 20:00:00,0.158448,0.159199,0.158628,0.158937,726553.91299302
1775422800,2026-04-05 21:00:00,0.158431,0.159309,0.158937,0.15882,1020803.05223426
1775426400,2026-04-05 22:00:00,0.158521,0.160793,0.158808,0.160793,1792484.1954968
1775430000,2026-04-05 23:00:00,0.160757,0.16274,0.160794,0.162695,2400221.18853956
1775433600,2026-04-06 00:00:00,0.162695,0.164174,0.162695,0.162912,3831684.33610083
1775437200,2026-04-06 01:00:00,0.161618,0.163198,0.16296,0.16212,619299.69048706
1775440800,2026-04-06 02:00:00,0.16212,0.16365,0.16212,0.162604,947149.92051012
1775444400,2026-04-06 03:00:00,0.161463,0.162893,0.162654,0.16182,996575.50961145
1775448000,2026-04-06 04:00:00,0.161472,0.16228,0.161849,0.161544,564240.43018653
1775451600,2026-04-06 05:00:00,0.161099,0.16165,0.161546,0.16122,1303737.89150105
1775455200,2026-04-06 06:00:00,0.160615,0.161704,0.161211,0.160969,837398.40147125
1775458800,2026-04-06 07:00:00,0.160576,0.16146,0.160922,0.16129,688754.81744562
1775462400,2026-04-06 08:00:00,0.16102,0.162528,0.161298,0.16103,893242.78360721
1775466000,2026-04-06 09:00:00,0.161011,0.163053,0.161082,0.16281,1018172.80394507
1775469600,2026-04-06 10:00:00,0.162765,0.163782,0.162837,0.163434,1963156.15446084
1775473200,2026-04-06 11:00:00,0.162282,0.163455,0.163455,0.162567,796435.39458957
1775476800,2026-04-06 12:00:00,0.161407,0.162913,0.162518,0.161514,1206865.71716242
1775480400,2026-04-06 13:00:00,0.160634,0.161613,0.161542,0.161217,1379644.59707952
1775484000,2026-04-06 14:00:00,0.16045,0.161885,0.161136,0.161432,1292383.2417674
1775487600,2026-04-06 15:00:00,0.160461,0.161649,0.16144,0.160893,1181362.43284537
1775491200,2026-04-06 16:00:00,0.159675,0.161141,0.16092,0.159879,1664422.64599437
1775494800,2026-04-06 17:00:00,0.158231,0.159895,0.15987,0.158827,2006806.41459432
1775498400,2026-04-06 18:00:00,0.157923,0.159488,0.158855,0.15799,1440651.25449152
1775502000,2026-04-06 19:00:00,0.157385,0.15849,0.157986,0.157842,1111078.67135813
1775505600,2026-04-06 20:00:00,0.157051,0.157926,0.157841,0.157375,1378443.69779514
1775509200,2026-04-06 21:00:00,0.156206,0.157377,0.15735,0.156679,1507648.33620261
1775512800,2026-04-06 22:00:00,0.15597,0.157418,0.15666,0.15597,1401898.58269991
1775516400,2026-04-06 23:00:00,0.15513,0.156252,0.155962,0.15564,1617036.45191838
1775520000,2026-04-07 00:00:00,0.15549,0.156535,0.155623,0.15579,923759.2442614
1775523600,2026-04-07 01:00:00,0.155316,0.15663,0.15576,0.155681,612901.29053559
1775527200,2026-04-07 02:00:00,0.155141,0.156426,0.15567,0.155912,909630.72706708
1775530800,2026-04-07 03:00:00,0.1555,0.156119,0.15592,0.155967,771654.16886165
1775534400,2026-04-07 04:00:00,0.155625,0.156544,0.155919,0.156303,775919.54849386
1775538000,2026-04-07 05:00:00,0.155484,0.156385,0.156324,0.155767,497993.00320532
1775541600,2026-04-07 06:00:00,0.1549,0.15602,0.155715,0.155829,1393267.24100317
1775545200,2026-04-07 07:00:00,0.155153,0.15598,0.155835,0.155578,460349.25566915
1775548800,2026-04-07 08:00:00,0.155598,0.157553,0.155628,0.157248,1146421.26681965
1775552400,2026-04-07 09:00:00,0.156692,0.15742,0.157221,0.15699,1164960.81877663
1775556000,2026-04-07 10:00:00,0.154724,0.157113,0.15704,0.15501,1104286.5412006
1775559600,2026-04-07 11:00:00,0.154506,0.155277,0.15502,0.154767,541179.2794966
1775563200,2026-04-07 12:00:00,0.15378,0.155984,0.154708,0.1556,969872.74556824
1775566800,2026-04-07 13:00:00,0.15508,0.156251,0.1556,0.155283,1289891.01356725
1775570400,2026-04-07 14:00:00,0.154683,0.155719,0.15534,0.154683,770680.60732427
1775574000,2026-04-07 15:00:00,0.15376,0.155331,0.154656,0.15404,1305510.66909234
1775577600,2026-04-07 16:00:00,0.153513,0.154587,0.153976,0.15402,871923.18416625
1775581200,2026-04-07 17:00:00,0.154005,0.15615,0.154005,0.155584,1154505.26673425
1775584800,2026-04-07 18:00:00,0.154506,0.155728,0.155537,0.154585,891665.84463854
1775588400,2026-04-07 19:00:00,0.154079,0.155413,0.154585,0.154895,2089887.62263857
1775592000,2026-04-07 20:00:00,0.154717,0.155995,0.154899,0.155565,1872525.41464758
1775595600,2026-04-07 21:00:00,0.155454,0.158816,0.155607,0.15842,2353340.91919516
1775599200,2026-04-07 22:00:00,0.158355,0.162442,0.158408,0.162441,3537380.77838549
1775602800,2026-04-07 23:00:00,0.16212,0.16462,0.162459,0.163513,6658259.2372205
1775606400,2026-04-08 00:00:00,0.162663,0.164182,0.163512,0.163377,2842810.27788107
1775610000,2026-04-08 01:00:00,0.162769,0.164841,0.163388,0.164623,1747477.136157
1775613600,2026-04-08 02:00:00,0.162335,0.165204,0.16467,0.16248,3600930.87817207
1775617200,2026-04-08 03:00:00,0.161865,0.163032,0.16248,0.16205,772849.53640656
1775620800,2026-04-08 04:00:00,0.162054,0.163637,0.16209,0.163139,1066076.67731597
1775624400,2026-04-08 05:00:00,0.16316,0.16476,0.16316,0.16448,1076418.3187851
1775628000,2026-04-08 06:00:00,0.163406,0.164768,0.16451,0.16365,519503.78933613
1775631600,2026-04-08 07:00:00,0.1626,0.163723,0.163677,0.16293,838777.25228418
1775635200,2026-04-08 08:00:00,0.162864,0.163554,0.162972,0.163309,773403.3898235
1775638800,2026-04-08 09:00:00,0.16226,0.1636,0.163274,0.16273,512016.00944682
1775642400,2026-04-08 10:00:00,0.162444,0.163672,0.16275,0.162444,757760.70420688
1775646000,2026-04-08 11:00:00,0.161383,0.163175,0.162426,0.1624,2041204.65276159
1775649600,2026-04-08 12:00:00,0.161266,0.163249,0.162425,0.161963,2048232.18117231
1775653200,2026-04-08 13:00:00,0.161766,0.163119,0.161969,0.16203,1126237.11057092
1775656800,2026-04-08 14:00:00,0.158869,0.162063,0.161964,0.159309,3746143.705217
1775660400,2026-04-08 15:00:00,0.158232,0.159669,0.159309,0.15866,790084.60585098
1775664000,2026-04-08 16:00:00,0.158466,0.16003,0.158658,0.159873,696417.99817296
1775667600,2026-04-08 17:00:00,0.159275,0.160401,0.159863,0.160149,952570.46375417
1775671200,2026-04-08 18:00:00,0.158279,0.160216,0.160166,0.158385,626682.38213222
1775674800,2026-04-08 19:00:00,0.157671,0.158449,0.158332,0.158378,986515.58430435
1775678400,2026-04-08 20:00:00,0.157784,0.158684,0.158324,0.158277,858433.02441278
1775682000,2026-04-08 21:00:00,0.157951,0.15929,0.15829,0.15886,936435.90482989
1775685600,2026-04-08 22:00:00,0.157715,0.158949,0.15886,0.157998,1313103.9837971
1775689200,2026-04-08 23:00:00,0.157478,0.158309,0.15803,0.157729,1357842.46086019
1775692800,2026-04-09 00:00:00,0.156328,0.157711,0.157711,0.156808,1587031.68616013
1775696400,2026-04-09 01:00:00,0.155894,0.157049,0.156807,0.15667,756557.97738051
1775700000,2026-04-09 02:00:00,0.156167,0.156952,0.15667,0.15621,673990.26975882
1775703600,2026-04-09 03:00:00,0.155613,0.156387,0.156147,0.155806,575716.74534688
1775707200,2026-04-09 04:00:00,0.155711,0.156363,0.155802,0.155946,298234.42857048
1775710800,2026-04-09 05:00:00,0.155756,0.156699,0.155924,0.15594,313816.22699108
1775714400,2026-04-09 06:00:00,0.155533,0.156249,0.15594,0.15581,438893.24701752
1775718000,2026-04-09 07:00:00,0.15529,0.15598,0.15578,0.155341,588677.27625094
1775721600,2026-04-09 08:00:00,0.153712,0.155464,0.1553,0.155114,2732472.02629231
1775725200,2026-04-09 09:00:00,0.154678,0.155736,0.155165,0.155395,734101.20017606
1775728800,2026-04-09 10:00:00,0.1544,0.15547,0.155387,0.154763,694274.79857061
1775732400,2026-04-09 11:00:00,0.153927,0.154783,0.154699,0.153998,2111204.81041573
1775736000,2026-04-09 12:00:00,0.153374,0.154431,0.153976,0.15411,3070961.98296441
1775739600,2026-04-09 13:00:00,0.152714,0.154473,0.154147,0.153368,7299126.83600956
1775743200,2026-04-09 14:00:00,0.152301,0.153421,0.153368,0.153052,12462310.84466464
1775746800,2026-04-09 15:00:00,0.152836,0.156634,0.153026,0.155816,3722439.46087894
1775750400,2026-04-09 16:00:00,0.15417,0.156717,0.15582,0.15485,1492778.18409781
1775754000,2026-04-09 17:00:00,0.154789,0.156455,0.154789,0.15593,1069722.17151573
1775757600,2026-04-09 18:00:00,0.154399,0.155917,0.155917,0.154888,922649.95395565
1775761200,2026-04-09 19:00:00,0.154744,0.155691,0.154882,0.155409,1495901.48278022
1775764800,2026-04-09 20:00:00,0.155297,0.157631,0.155376,0.15685,3866150.36062546
1775768400,2026-04-09 21:00:00,0.155686,0.157021,0.15685,0.156413,1552980.6651741
1775772000,2026-04-09 22:00:00,0.156157,0.158748,0.15642,0.15625,3240059.18926747
1775775600,2026-04-09 23:00:00,0.154312,0.15635,0.156285,0.154819,2462450.70761796
1775779200,2026-04-10 00:00:00,0.154374,0.15617,0.154836,0.155917,1144165.07227011
1775782800,2026-04-10 01:00:00,0.155309,0.157261,0.155915,0.155686,1810681.72280995
1775786400,2026-04-10 02:00:00,0.155365,0.15649,0.15569,0.155462,585735.1562783
1775790000,2026-04-10 03:00:00,0.154731,0.15573,0.1555,0.154859,1245718.41919462
1775793600,2026-04-10 04:00:00,0.154785,0.156434,0.154928,0.155918,1535235.27840395
1775797200,2026-04-10 05:00:00,0.155635,0.156653,0.15594,0.156204,925176.15324921
1775800800,2026-04-10 06:00:00,0.155707,0.156496,0.156168,0.1559,542866.33405695
1775804400,2026-04-10 07:00:00,0.154841,0.156087,0.1559,0.155104,746620.62728145
1775808000,2026-04-10 08:00:00,0.1544,0.155743,0.155051,0.154587,687981.98388071
1775811600,2026-04-10 09:00:00,0.154561,0.155519,0.154587,0.154908,801906.17418488
1775815200,2026-04-10 10:00:00,0.154202,0.155278,0.154902,0.154246,553415.22412016
1775818800,2026-04-10 11:00:00,0.153814,0.154748,0.154202,0.153839,641115.42378044
1775822400,2026-04-10 12:00:00,0.15338,0.154734,0.153838,0.154151,1506060.59033373
1775826000,2026-04-10 13:00:00,0.153613,0.154776,0.15416,0.154426,1096092.94982576
1775829600,2026-04-10 14:00:00,0.154225,0.156396,0.154425,0.156117,1140822.4654708
1775833200,2026-04-10 15:00:00,0.153666,0.156791,0.15615,0.1538,1759496.07412515
1775836800,2026-04-10 16:00:00,0.153677,0.15537,0.153825,0.154038,1395248.58684547
1775840400,2026-04-10 17:00:00,0.152885,0.15401,0.15401,0.153948,1221701.16197072
1775844000,2026-04-10 18:00:00,0.153797,0.156718,0.15398,0.156513,3402958.66316903
1775847600,2026-04-10 19:00:00,0.156058,0.158471,0.156513,0.156765,8007852.81631877
1775851200,2026-04-10 20:00:00,0.155823,0.157177,0.15681,0.156446,955320.1311669
1775854800,2026-04-10 21:00:00,0.155429,0.15648,0.156451,0.155941,748540.88180924
1775858400,2026-04-10 22:00:00,0.15515,0.156023,0.155933,0.15537,1224944.16356168
1775862000,2026-04-10 23:00:00,0.155084,0.15543,0.15537,0.15541,965695.15430771
1775865600,2026-04-11 00:00:00,0.154644,0.15541,0.155409,0.154666,355135.24247655
1775869200,2026-04-11 01:00:00,0.1541,0.154714,0.154625,0.154469,752825.09028578
1775872800,2026-04-11 02:00:00,0.154298,0.154962,0.15445,0.154477,585311.89759576
1775876400,2026-04-11 03:00:00,0.154145,0.156025,0.15445,0.154222,1000868.28931749
1775880000,2026-04-11 04:00:00,0.153687,0.154401,0.15415,0.15403,1538482.54181486
1775883600,2026-04-11 05:00:00,0.153625,0.154549,0.154029,0.153625,949597.60242533
1775887200,2026-04-11 06:00:00,0.153175,0.153625,0.153625,0.1533,437349.80544852
1775890800,2026-04-11 07:00:00,0.153165,0.153673,0.153282,0.153435,288150.93769633
1775894400,2026-04-11 08:00:00,0.153257,0.154156,0.153345,0.153517,318503.18983182
1775898000,2026-04-11 09:00:00,0.153434,0.154225,0.1535,0.153799,216065.83900733
1775901600,2026-04-11 10:00:00,0.15331,0.154128,0.153758,0.153975,209936.07344708
1775905200,2026-04-11 11:00:00,0.154012,0.154632,0.154021,0.154308,360011.55833072
1775908800,2026-04-11 12:00:00,0.154213,0.154624,0.154325,0.15433,250378.34417867
1775912400,2026-04-11 13:00:00,0.1535,0.15453,0.154328,0.153948,506634.79723268
1775916000,2026-04-11 14:00:00,0.1538,0.154478,0.153926,0.153964,438706.36854023
1775919600,2026-04-11 15:00:00,0.153776,0.15475,0.153962,0.154684,783914.31440063
1775923200,2026-04-11 16:00:00,0.154526,0.15573,0.15468,0.155182,1475561.60947433
1775926800,2026-04-11 17:00:00,0.154444,0.155189,0.15518,0.154521,461853.00718013
1775930400,2026-04-11 18:00:00,0.154088,0.15662,0.154475,0.156375,1200191.44305999
1775934000,2026-04-11 19:00:00,0.156126,0.156956,0.156378,0.156675,2577183.0095136
1775937600,2026-04-11 20:00:00,0.15521,0.15678,0.1567,0.1553,1672673.29897478
1775941200,2026-04-11 21:00:00,0.154873,0.155788,0.155326,0.15537,1030259.06258725
1775944800,2026-04-11 22:00:00,0.154321,0.155982,0.155425,0.154548,713430.44628955
1775948400,2026-04-11 23:00:00,0.153696,0.154501,0.154501,0.15375,1895973.1881929
1775952000,2026-04-12 00:00:00,0.153433,0.154221,0.15375,0.15399,620684.97517588
1775955600,2026-04-12 01:00:00,0.15132,0.154184,0.153975,0.151861,2868298.82599237
1775959200,2026-04-12 02:00:00,0.151135,0.152504,0.151775,0.15167,999854.21301451
1775962800,2026-04-12 03:00:00,0.151576,0.1523,0.15167,0.151954,573069.18021121
1775966400,2026-04-12 04:00:00,0.15152,0.152062,0.152019,0.151999,581108.36137484
1775970000,2026-04-12 05:00:00,0.151366,0.152226,0.152,0.152023,346136.84536484
1775973600,2026-04-12 06:00:00,0.151621,0.152219,0.15205,0.1517,144394.83107587
1775977200,2026-04-12 07:00:00,0.15156,0.152255,0.151679,0.151992,378694.88562598
1775980800,2026-04-12 08:00:00,0.151397,0.152088,0.151983,0.151553,270136.99841402
1775984400,2026-04-12 09:00:00,0.151363,0.151739,0.151551,0.151656,255424.8627808
1775988000,2026-04-12 10:00:00,0.151252,0.152063,0.15167,0.151252,416965.4701613
1775991600,2026-04-12 11:00:00,0.151,0.15163,0.151262,0.151416,452010.98686217
1775995200,2026-04-12 12:00:00,0.151108,0.151832,0.151393,0.151603,1654610.33975326
1775998800,2026-04-12 13:00:00,0.150566,0.15195,0.151557,0.150721,1031137.76422041
1776002400,2026-04-12 14:00:00,0.150671,0.151471,0.150702,0.15094,529745.07061091
1776006000,2026-04-12 15:00:00,0.150304,0.151021,0.15098,0.150576,290731.5538912
1776009600,2026-04-12 16:00:00,0.15056,0.151455,0.15068,0.151359,431257.6626653
1776013200,2026-04-12 17:00:00,0.151185,0.15224,0.151352,0.15187,243772.36167182
1776016800,2026-04-12 18:00:00,0.15156,0.152109,0.15196,0.15178,311853.07127129
1776020400,2026-04-12 19:00:00,0.151512,0.152025,0.15168,0.15162,399924.18495145
1776024000,2026-04-12 20:00:00,0.151456,0.152632,0.151619,0.152123,699227.03086231
1776027600,2026-04-12 21:00:00,0.151641,0.152456,0.15218,0.151843,238138.00027469
1776031200,2026-04-12 22:00:00,0.150555,0.151769,0.151769,0.150894,1489458.44580802
1776034800,2026-04-12 23:00:00,0.150241,0.150897,0.150897,0.150299,1084144.82783699
1776038400,2026-04-13 00:00:00,0.150159,0.151464,0.150299,0.15117,768766.36702124
1776042000,2026-04-13 01:00:00,0.150889,0.151525,0.151219,0.15142,352976.87032903
1776045600,2026-04-13 02:00:00,0.150609,0.151518,0.15142,0.150652,929154.65139718
1776049200,2026-04-13 03:00:00,0.150501,0.150819,0.150691,0.150639,356181.90217914
1776052800,2026-04-13 04:00:00,0.15,0.150699,0.150649,0.150134,885555.29317239
1776056400,2026-04-13 05:00:00,0.150003,0.150696,0.150085,0.150552,879021.39633064
1776060000,2026-04-13 06:00:00,0.150549,0.151784,0.150576,0.151508,805904.2012962
1776063600,2026-04-13 07:00:00,0.150697,0.151493,0.15145,0.150792,667923.02318101
1776067200,2026-04-13 08:00:00,0.150451,0.150936,0.150768,0.150816,232470.27589278
1776070800,2026-04-13 09:00:00,0.150839,0.151695,0.150839,0.151401,543097.40985963
1776074400,2026-04-13 10:00:00,0.151224,0.152205,0.151393,0.15216,768599.30566909
1776078000,2026-04-13 11:00:00,0.151025,0.153523,0.15219,0.151217,1361337.96215818
1776081600,2026-04-13 12:00:00,0.151142,0.153257,0.151216,0.15273,729919.4175672
1776085200,2026-04-13 13:00:00,0.151934,0.15354,0.152705,0.15342,1021109.44472806
1776088800,2026-04-13 14:00:00,0.15216,0.153626,0.153415,0.153588,795351.84652892
1776092400,2026-04-13 15:00:00,0.15258,0.15348,0.15348,0.152807,828262.12724679
1776096000,2026-04-13 16:00:00,0.1524,0.15354,0.152835,0.153041,990241.91892177
1776099600,2026-04-13 17:00:00,0.151713,0.153328,0.153012,0.151761,849895.7151783
1776103200,2026-04-13 18:00:00,0.151286,0.151943,0.151787,0.151832,1417635.0915912
1776106800,2026-04-13 19:00:00,0.151727,0.153105,0.15185,0.153003,1421701.61888487
1776110400,2026-04-13 20:00:00,0.15185,0.15309,0.153018,0.152347,1161887.5462314
1776114000,2026-04-13 21:00:00,0.152228,0.15338,0.152399,0.153185,642764.55016986
1776117600,2026-04-13 22:00:00,0.15323,0.155934,0.15327,0.155576,2919851.40579989
1776121200,2026-04-13 23:00:00,0.155243,0.156587,0.155559,0.156368,1948363.5686512
1776124800,2026-04-14 00:00:00,0.155111,0.156502,0.156398,0.15522,1490887.88349761
1776128400,2026-04-14 01:00:00,0.154588,0.15575,0.155175,0.15533,671332.95924513
1776132000,2026-04-14 02:00:00,0.155243,0.15625,0.15533,0.15588,555686.64358359
1776135600,2026-04-14 03:00:00,0.15528,0.156362,0.155904,0.15531,1392696.45379085
1776139200,2026-04-14 04:00:00,0.154795,0.155439,0.15538,0.155175,1160599.23841739
1776142800,2026-04-14 05:00:00,0.153931,0.155231,0.155175,0.1543,1339023.3484533
1776146400,2026-04-14 06:00:00,0.154325,0.155053,0.154325,0.154856,414625.27010827
1776150000,2026-04-14 07:00:00,0.154817,0.1557,0.154834,0.1556,356298.95873997
1776153600,2026-04-14 08:00:00,0.155528,0.156957,0.155625,0.156733,717769.94340513
1776157200,2026-04-14 09:00:00,0.15655,0.157177,0.1567,0.15701,708170.46766676
1776160800,2026-04-14 10:00:00,0.1562,0.15701,0.156998,0.156356,618754.31469273
1776164400,2026-04-14 11:00:00,0.155904,0.156781,0.156431,0.156088,1136755.83153304
1776168000,2026-04-14 12:00:00,0.155409,0.156135,0.156089,0.15563,784260.22606317
1776171600,2026-04-14 13:00:00,0.155429,0.158424,0.155649,0.158424,2709463.94092012
1776175200,2026-04-14 14:00:00,0.15624,0.158744,0.158452,0.15655,5603550.16008218
1776178800,2026-04-14 15:00:00,0.155637,0.157159,0.156549,0.15592,1912913.44402637
1776182400,2026-04-14 16:00:00,0.155326,0.156853,0.15589,0.155764,1364291.36199853
1776186000,2026-04-14 17:00:00,0.155181,0.156492,0.155792,0.156179,1736967.71096426
1776189600,2026-04-14 18:00:00,0.153939,0.15666,0.156185,0.154104,1939034.12547057
1776193200,2026-04-14 19:00:00,0.153882,0.155077,0.154057,0.154655,1073586.00699926
1776196800,2026-04-14 20:00:00,0.154445,0.155356,0.154686,0.154552,480160.27605271
1776200400,2026-04-14 21:00:00,0.154546,0.15528,0.154546,0.154943,403615.88870501
1776204000,2026-04-14 22:00:00,0.154101,0.155176,0.154871,0.154389,536818.71454895
1776207600,2026-04-14 23:00:00,0.154079,0.155158,0.154388,0.154752,1130297.02677896
1776211200,2026-04-15 00:00:00,0.154569,0.155548,0.154744,0.155009,2132899.53859326
1776214800,2026-04-15 01:00:00,0.154872,0.156355,0.154992,0.155947,796523.27970617
1776218400,2026-04-15 02:00:00,0.1555,0.157487,0.15597,0.155604,1712633.40875234
1776222000,2026-04-15 03:00:00,0.155411,0.155903,0.155615,0.15551,1267648.78530518
1776225600,2026-04-15 04:00:00,0.154466,0.15636,0.155524,0.156301,1665780.08758862
1776229200,2026-04-15 05:00:00,0.155138,0.156641,0.156296,0.155856,431779.10530069
1776232800,2026-04-15 06:00:00,0.155005,0.155929,0.15586,0.155005,383892.70910718
1776236400,2026-04-15 07:00:00,0.154709,0.155753,0.155146,0.155261,1276517.25489266
1776240000,2026-04-15 08:00:00,0.155246,0.15681,0.155246,0.15639,864903.48397483
1776243600,2026-04-15 09:00:00,0.15592,0.156624,0.156415,0.156157,687938.22883424
1776247200,2026-04-15 10:00:00,0.155688,0.15707,0.156104,0.156727,642300.8417725
1776250800,2026-04-15 11:00:00,0.156287,0.157746,0.156688,0.15704,2713995.32564883
1776254400,2026-04-15 12:00:00,0.156574,0.157607,0.157031,0.157353,1259660.0751305
1776258000,2026-04-15 13:00:00,0.156364,0.157461,0.157352,0.156875,1076443.26920032
1776261600,2026-04-15 14:00:00,0.155882,0.157261,0.156927,0.15626,1358723.29655254
1776265200,2026-04-15 15:00:00,0.155685,0.156903,0.156241,0.155968,1382347.36497594
1776268800,2026-04-15 16:00:00,0.155896,0.157118,0.155955,0.156479,1282551.27310146
1776272400,2026-04-15 17:00:00,0.156104,0.157169,0.15646,0.15639,1143186.06148478
1776276000,2026-04-15 18:00:00,0.156262,0.15717,0.156364,0.157105,918046.11329744
1776279600,2026-04-15 19:00:00,0.156957,0.158957,0.157092,0.158054,1785597.11339809
1776283200,2026-04-15 20:00:00,0.157055,0.15821,0.1581,0.157328,1086808.33244288
1776286800,2026-04-15 21:00:00,0.156801,0.15821,0.15733,0.15795,843626.08826484
1776290400,2026-04-15 22:00:00,0.157699,0.158782,0.157976,0.157877,1601430.41608544
1776294000,2026-04-15 23:00:00,0.157,0.157939,0.15782,0.157924,1134208.29756028
1776297600,2026-04-16 00:00:00,0.157483,0.158416,0.15793,0.157959,1685986.23492587
1776301200,2026-04-16 01:00:00,0.157393,0.158649,0.157961,0.15838,932626.36612356
1776304800,2026-04-16 02:00:00,0.15836,0.159999,0.15843,0.159691,2324155.66456373
1776308400,2026-04-16 03:00:00,0.15951,0.160922,0.15966,0.159877,4833077.74920038
1776312000,2026-04-16 04:00:00,0.15942,0.160622,0.15988,0.159937,1055275.21808683
1776315600,2026-04-16 05:00:00,0.159336,0.160482,0.159936,0.160161,525008.62947434
1776319200,2026-04-16 06:00:00,0.159828,0.16078,0.16017,0.160545,619480.40290879
1776322800,2026-04-16 07:00:00,0.160513,0.161287,0.160566,0.16096,924385.24232332
1776326400,2026-04-16 08:00:00,0.160626,0.16186,0.160979,0.161535,936963.83772102
1776330000,2026-04-16 09:00:00,0.160873,0.162321,0.161501,0.160947,2847833.61960662
1776333600,2026-04-16 10:00:00,0.159824,0.161181,0.160954,0.16025,1446128.41173794
1776337200,2026-04-16 11:00:00,0.16011,0.160932,0.16025,0.160601,1085131.51073515
1776340800,2026-04-16 12:00:00,0.160496,0.162001,0.1606,0.161672,1503856.96089812
1776344400,2026-04-16 13:00:00,0.159634,0.162923,0.161595,0.160927,3402732.49315632
1776348000,2026-04-16 14:00:00,0.158997,0.160975,0.160872,0.160279,2052030.55921365
1776351600,2026-04-16 15:00:00,0.160164,0.164883,0.160192,0.164365,7309967.30271195
1776355200,2026-04-16 16:00:00,0.163053,0.1659,0.16436,0.163574,6014044.34897431
1776358800,2026-04-16 17:00:00,0.162591,0.165295,0.16357,0.164967,3644691.70552533
1776362400,2026-04-16 18:00:00,0.164539,0.167091,0.16494,0.166596,8395857.40642965
1776366000,2026-04-16 19:00:00,0.166361,0.168185,0.166699,0.168112,3772521.81596899
1776369600,2026-04-16 20:00:00,0.166749,0.169,0.168135,0.1679,3633409.72083544
1776373200,2026-04-16 21:00:00,0.166752,0.168236,0.167913,0.16771,2203762.00689066
1776376800,2026-04-16 22:00:00,0.16771,0.169,0.16771,0.168084,2549839.95271423
1776380400,2026-04-16 23:00:00,0.168011,0.169615,0.16808,0.169258,2007009.6451076
1776384000,2026-04-17 00:00:00,0.167859,0.169515,0.16926,0.168066,1322645.34533865
1776387600,2026-04-17 01:00:00,0.166648,0.168683,0.168058,0.166871,1280155.47835397
1776391200,2026-04-17 02:00:00,0.166088,0.167319,0.16687,0.166329,1729550.20035785
1776394800,2026-04-17 03:00:00,0.165616,0.166971,0.166303,0.166306,498687.20153252
1776398400,2026-04-17 04:00:00,0.165542,0.16656,0.16627,0.165648,514762.62936802
1776402000,2026-04-17 05:00:00,0.164528,0.165828,0.165615,0.164528,2008771.89551431
1776405600,2026-04-17 06:00:00,0.164254,0.1665,0.164529,0.166402,503494.94745692
1776409200,2026-04-17 07:00:00,0.165992,0.16728,0.166416,0.167277,2096235.82994472
1776412800,2026-04-17 08:00:00,0.166849,0.168436,0.167203,0.16794,628793.01089613
1776416400,2026-04-17 09:00:00,0.167403,0.169477,0.167869,0.16947,3194445.64919191
1776420000,2026-04-17 10:00:00,0.167196,0.169936,0.169478,0.1681,1249165.49540283
1776423600,2026-04-17 11:00:00,0.168064,0.169772,0.168116,0.16965,1534631.45242601
1776427200,2026-04-17 12:00:00,0.16887,0.170916,0.169615,0.170809,4517673.32201183
1776430800,2026-04-17 13:00:00,0.170482,0.173552,0.170776,0.1735,9449124.44454652
1776434400,2026-04-17 14:00:00,0.173111,0.175086,0.1735,0.174813,6660102.44104674
1776438000,2026-04-17 15:00:00,0.173498,0.175151,0.174838,0.17484,4026334.99471415
1776441600,2026-04-17 16:00:00,0.173769,0.176928,0.17487,0.17659,3891483.91947609
1776445200,2026-04-17 17:00:00,0.173977,0.1773,0.176599,0.1741,1801523.78446164
1776448800,2026-04-17 18:00:00,0.172219,0.17415,0.17415,0.173575,967051.23734172
1776452400,2026-04-17 19:00:00,0.17292,0.1748,0.173521,0.17436,672978.516241
1776456000,2026-04-17 20:00:00,0.172978,0.175308,0.174401,0.174809,2130973.40126685
1776459600,2026-04-17 21:00:00,0.173699,0.175533,0.17478,0.17406,665071.8965089
1776463200,2026-04-17 22:00:00,0.17379,0.175595,0.17403,0.175269,1712618.30404838
1776466800,2026-04-17 23:00:00,0.173748,0.17529,0.17529,0.17424,1166411.76099045
1776470400,2026-04-18 00:00:00,0.172473,0.17484,0.174211,0.173053,1501189.17753283
1776474000,2026-04-18 01:00:00,0.17277,0.17406,0.173066,0.173373,739971.07009298
1776477600,2026-04-18 02:00:00,0.17305,0.174537,0.173409,0.174001,477452.27014463
1776481200,2026-04-18 03:00:00,0.173478,0.175436,0.174,0.17456,1019743.29150543
1776484800,2026-04-18 04:00:00,0.173419,0.176243,0.17456,0.174636,3788449.96711252
1776488400,2026-04-18 05:00:00,0.17355,0.17503,0.17445,0.173927,495978.52739573
1776492000,2026-04-18 06:00:00,0.173442,0.174686,0.173921,0.174451,478321.75480394
1776495600,2026-04-18 07:00:00,0.174191,0.17536,0.17445,0.175128,341505.38374679
1776499200,2026-04-18 08:00:00,0.1715,0.175241,0.175129,0.17214,1666701.59626664
1776502800,2026-04-18 09:00:00,0.170375,0.17223,0.17214,0.1704,3533983.00981768
1776506400,2026-04-18 10:00:00,0.169125,0.170418,0.170418,0.169592,3933636.78176918
1776510000,2026-04-18 11:00:00,0.168075,0.169625,0.169625,0.1689,876092.51212443
1776513600,2026-04-18 12:00:00,0.168903,0.170074,0.168903,0.16988,470105.1404663
1776517200,2026-04-18 13:00:00,0.168374,0.170776,0.169896,0.170386,833334.31773446
1776520800,2026-04-18 14:00:00,0.169547,0.170681,0.17044,0.17051,587901.65212729
1776524400,2026-04-18 15:00:00,0.170188,0.171206,0.1705,0.170269,819974.10104234
1776528000,2026-04-18 16:00:00,0.169099,0.170538,0.170274,0.169271,1432444.83530057
1776531600,2026-04-18 17:00:00,0.168605,0.169745,0.169236,0.169371,595495.14203982
1776535200,2026-04-18 18:00:00,0.167623,0.169463,0.16942,0.16799,1180090.82304645
1776538800,2026-04-18 19:00:00,0.167947,0.169182,0.167969,0.169009,487521.84373403
1776542400,2026-04-18 20:00:00,0.16852,0.170077,0.169005,0.169748,526686.05632118
1776546000,2026-04-18 21:00:00,0.16951,0.170809,0.16973,0.170611,496595.9451289
1776549600,2026-04-18 22:00:00,0.170111,0.170983,0.170537,0.170672,581515.93114069
1776553200,2026-04-18 23:00:00,0.170192,0.171665,0.170664,0.17042,940358.09299336
1776556800,2026-04-19 00:00:00,0.170126,0.171175,0.170496,0.170718,832465.4256916
1776560400,2026-04-19 01:00:00,0.170592,0.171307,0.17072,0.17127,349232.6322788
1776564000,2026-04-19 02:00:00,0.169765,0.1715,0.17127,0.169944,1130282.32914095
1776567600,2026-04-19 03:00:00,0.169166,0.17139,0.169941,0.171012,1334096.57611362
1776571200,2026-04-19 04:00:00,0.16939,0.1715,0.171,0.170802,721839.68557909
1776574800,2026-04-19 05:00:00,0.170118,0.171453,0.170803,0.170118,323323.03660885
1776578400,2026-04-19 06:00:00,0.169364,0.170384,0.17016,0.170093,662550.83512006
1776582000,2026-04-19 07:00:00,0.16744,0.17014,0.170092,0.16815,1866565.30004087
1776585600,2026-04-19 08:00:00,0.167749,0.1685,0.16812,0.168096,398624.84040832
1776589200,2026-04-19 09:00:00,0.1672,0.168418,0.168125,0.167536,887364.87666629
1776592800,2026-04-19 10:00:00,0.167399,0.168263,0.167526,0.1681,588352.9583707
1776596400,2026-04-19 11:00:00,0.168006,0.170384,0.168076,0.170265,1913844.71895737
1776600000,2026-04-19 12:00:00,0.169678,0.170875,0.170251,0.17031,629330.13947449
1776603600,2026-04-19 13:00:00,0.1702,0.1723,0.170275,0.170999,2713264.90061968
1776607200,2026-04-19 14:00:00,0.169961,0.172558,0.170928,0.171981,1490301.82506008
1776610800,2026-04-19 15:00:00,0.169948,0.17203,0.171901,0.171775,686093.35900436
1776614400,2026-04-19 16:00:00,0.17,0.172034,0.1718,0.170378,811274.74694298
1776618000,2026-04-19 17:00:00,0.169109,0.170383,0.1703,0.169401,1550793.30660935
1776621600,2026-04-19 18:00:00,0.168891,0.169973,0.1694,0.16955,2084810.01969109
1776625200,2026-04-19 19:00:00,0.16955,0.171639,0.16955,0.170908,1225260.60713363
1776628800,2026-04-19 20:00:00,0.169145,0.17085,0.17085,0.169526,1354970.36081218
1776632400,2026-04-19 21:00:00,0.168921,0.170143,0.1696,0.168921,781714.21024964
1776636000,2026-04-19 22:00:00,0.166584,0.1689,0.1689,0.16731,3999706.73630126
1776639600,2026-04-19 23:00:00,0.166084,0.16728,0.16728,0.166594,1274324.71682873
1776643200,2026-04-20 00:00:00,0.166512,0.168622,0.16665,0.168261,876492.58956555
1776646800,2026-04-20 01:00:00,0.167968,0.16899,0.16824,0.16806,908957.4902376
1776650400,2026-04-20 02:00:00,0.167061,0.168284,0.16805,0.168002,633366.0929255
1776654000,2026-04-20 03:00:00,0.16719,0.168701,0.16801,0.168361,923441.34133781
1776657600,2026-04-20 04:00:00,0.167898,0.16911,0.168361,0.168715,605269.63920406
1776661200,2026-04-20 05:00:00,0.16646,0.168769,0.168769,0.167535,594490.45175092
1776664800,2026-04-20 06:00:00,0.16731,0.16941,0.167494,0.168881,1059410.30379703
1776668400,2026-04-20 07:00:00,0.168439,0.171108,0.16898,0.16912,3601144.48131705
1776672000,2026-04-20 08:00:00,0.168181,0.16936,0.16917,0.16842,693573.61338383
1776675600,2026-04-20 09:00:00,0.167973,0.169414,0.168392,0.16902,491857.42940217
1776679200,2026-04-20 10:00:00,0.168919,0.170327,0.169007,0.168976,1467069.27155742
1776682800,2026-04-20 11:00:00,0.167628,0.168924,0.168924,0.16776,2635224.34924622
1776686400,2026-04-20 12:00:00,0.16725,0.168905,0.16776,0.168893,1895739.33760281
1776690000,2026-04-20 13:00:00,0.167916,0.169536,0.168856,0.16909,1034905.83759292
1776693600,2026-04-20 14:00:00,0.16842,0.170691,0.169064,0.168644,1023337.50403936
1776697200,2026-04-20 15:00:00,0.167728,0.171151,0.168676,0.1707,1944280.87347907
1776700800,2026-04-20 16:00:00,0.169825,0.17131,0.1707,0.169988,2130778.33121526
1776704400,2026-04-20 17:00:00,0.170016,0.172851,0.170016,0.172816,1685769.92158754
1776708000,2026-04-20 18:00:00,0.172746,0.175,0.17282,0.17472,6017814.27103623
1776711600,2026-04-20 19:00:00,0.172892,0.175296,0.17474,0.173632,2960892.72446048
1776715200,2026-04-20 20:00:00,0.172872,0.17394,0.173656,0.17345,1694642.01102805
1776718800,2026-04-20 21:00:00,0.172564,0.174301,0.173443,0.174034,2117754.31724266
1776722400,2026-04-20 22:00:00,0.17341,0.17457,0.17402,0.173552,582547.02625937
1776726000,2026-04-20 23:00:00,0.172938,0.173907,0.173542,0.173852,931391.65328737
1776729600,2026-04-21 00:00:00,0.173481,0.175225,0.173908,0.175098,1670326.70912875
1776733200,2026-04-21 01:00:00,0.17371,0.175758,0.175039,0.174062,2472495.14693999
1776736800,2026-04-21 02:00:00,0.173054,0.174518,0.17406,0.173279,1198228.69997265
1776740400,2026-04-21 03:00:00,0.172943,0.174522,0.173275,0.173843,853499.35934436
1776744000,2026-04-21 04:00:00,0.17388,0.175914,0.17388,0.17581,1594541.74735523
1776747600,2026-04-21 05:00:00,0.17521,0.176157,0.175787,0.175433,1946392.43999744
1776751200,2026-04-21 06:00:00,0.175204,0.177356,0.17545,0.176743,2835237.33724535
1776754800,2026-04-21 07:00:00,0.175956,0.179745,0.176723,0.179426,6732890.46322912
1776758400,2026-04-21 08:00:00,0.179423,0.18272,0.179481,0.182317,7080576.72925045
1776762000,2026-04-21 09:00:00,0.180068,0.182719,0.182315,0.18079,3678869.60083149
1776765600,2026-04-21 10:00:00,0.180846,0.183969,0.180846,0.183654,5021529.03748771
1776769200,2026-04-21 11:00:00,0.180252,0.184669,0.183627,0.180989,4313720.75400442
1776772800,2026-04-21 12:00:00,0.178523,0.181381,0.18101,0.179215,4006167.56931133
1776776400,2026-04-21 13:00:00,0.178,0.179791,0.17918,0.1791,2886492.92324493
1776780000,2026-04-21 14:00:00,0.17733,0.180487,0.179154,0.1776,2654791.70500239
1776783600,2026-04-21 15:00:00,0.176483,0.177893,0.177536,0.17718,2229668.12949717
1776787200,2026-04-21 16:00:00,0.177022,0.178544,0.17718,0.177732,1661175.87235956
1776790800,2026-04-21 17:00:00,0.175842,0.179188,0.177651,0.178714,3731607.22194506
1776794400,2026-04-21 18:00:00,0.177079,0.17873,0.178728,0.178162,1257062.16490914
1776798000,2026-04-21 19:00:00,0.176011,0.178732,0.178112,0.176344,2286280.92404134
1776801600,2026-04-21 20:00:00,0.17581,0.17873,0.17631,0.177336,1937102.98813611
1776805200,2026-04-21 21:00:00,0.176544,0.177605,0.177375,0.177048,626087.37039791
1776808800,2026-04-21 22:00:00,0.176792,0.177776,0.177024,0.177597,665422.31513547
1776812400,2026-04-21 23:00:00,0.177439,0.179424,0.177593,0.179,2813224.54820629
1776816000,2026-04-22 00:00:00,0.178636,0.180339,0.17906,0.179947,1896172.14692099
1776819600,2026-04-22 01:00:00,0.178164,0.180279,0.17995,0.178551,747411.1349378
1776823200,2026-04-22 02:00:00,0.17836,0.180488,0.178599,0.180055,1851091.23766215
1776826800,2026-04-22 03:00:00,0.179454,0.180266,0.180008,0.180166,893420.25139474
1776830400,2026-04-22 04:00:00,0.179915,0.18088,0.180208,0.18018,1310888.02659362
1776834000,2026-04-22 05:00:00,0.179863,0.181886,0.18018,0.181298,3362757.24552319
1776837600,2026-04-22 06:00:00,0.18074,0.18156,0.181281,0.18105,728496.77753347
1776841200,2026-04-22 07:00:00,0.180186,0.181424,0.18109,0.180415,650818.12362256
1776844800,2026-04-22 08:00:00,0.17936,0.180441,0.180393,0.179603,750720.01135426
1776848400,2026-04-22 09:00:00,0.179245,0.180313,0.179581,0.17979,1217867.5072303
1776852000,2026-04-22 10:00:00,0.179354,0.180342,0.17985,0.17943,318706.40531934
1776855600,2026-04-22 11:00:00,0.179383,0.179928,0.17945,0.179629,1364927.26926311
1776859200,2026-04-22 12:00:00,0.178534,0.180018,0.179611,0.17908,1625931.51297703
1776862800,2026-04-22 13:00:00,0.178251,0.17955,0.179109,0.17848,3562916.9733152
1776866400,2026-04-22 14:00:00,0.1781,0.181281,0.17848,0.181218,3194712.09264329
1776870000,2026-04-22 15:00:00,0.180048,0.182454,0.18125,0.180292,5382104.68165543
1776873600,2026-04-22 16:00:00,0.178921,0.180936,0.18032,0.17992,2106687.8191768
1776877200,2026-04-22 17:00:00,0.179645,0.18099,0.17992,0.17985,661944.36415858
1776880800,2026-04-22 18:00:00,0.178568,0.18004,0.179882,0.17865,990303.17290768
1776884400,2026-04-22 19:00:00,0.178277,0.1792,0.178651,0.178731,2578886.92673445
1776888000,2026-04-22 20:00:00,0.178562,0.17942,0.17879,0.178819,1154065.93803964
1776891600,2026-04-22 21:00:00,0.17676,0.178964,0.178789,0.17777,2836574.41137373
1776895200,2026-04-22 22:00:00,0.177417,0.17844,0.177707,0.177496,1388086.9920613
1776898800,2026-04-22 23:00:00,0.17651,0.177621,0.17757,0.176709,1971987.46589994
1776902400,2026-04-23 00:00:00,0.1759,0.178205,0.17671,0.177859,2027513.10519963
1776906000,2026-04-23 01:00:00,0.176904,0.17799,0.17786,0.177197,657146.65861256
1776909600,2026-04-23 02:00:00,0.175936,0.177184,0.177184,0.176625,714374.86187416
1776913200,2026-04-23 03:00:00,0.175224,0.176982,0.17666,0.175596,983010.198598
1776916800,2026-04-23 04:00:00,0.174951,0.175596,0.175558,0.175083,1431107.13399133
1776920400,2026-04-23 05:00:00,0.174266,0.177044,0.175079,0.17696,2377708.56649527
1776924000,2026-04-23 06:00:00,0.175838,0.178756,0.176988,0.177467,4994410.22680976
1776927600,2026-04-23 07:00:00,0.17661,0.177736,0.177435,0.176979,390648.65590676
1776931200,2026-04-23 08:00:00,0.176281,0.17702,0.17702,0.17665,376047.44333584
1776934800,2026-04-23 09:00:00,0.175455,0.176616,0.176616,0.175923,624406.6282087
1776938400,2026-04-23 10:00:00,0.174967,0.176154,0.175989,0.17536,519401.27322859
1776942000,2026-04-23 11:00:00,0.175201,0.177474,0.175428,0.176825,601715.99622532
1776945600,2026-04-23 12:00:00,0.176821,0.178354,0.176831,0.1777,2552113.83609597
1776949200,2026-04-23 13:00:00,0.176438,0.178831,0.177665,0.17663,1692473.07774363
1776952800,2026-04-23 14:00:00,0.176344,0.179034,0.17663,0.178705,2738023.99597988
1776956400,2026-04-23 15:00:00,0.177768,0.179396,0.17871,0.1783,2910307.54237738
1776960000,2026-04-23 16:00:00,0.177296,0.178826,0.1783,0.177443,1163161.64061395
1776963600,2026-04-23 17:00:00,0.175695,0.177689,0.177452,0.177352,4340974.29463626
1776967200,2026-04-23 18:00:00,0.175813,0.177838,0.177414,0.175922,1745893.33030262
1776970800,2026-04-23 19:00:00,0.175082,0.17639,0.175944,0.175182,2389679.93641782
1776974400,2026-04-23 20:00:00,0.174734,0.176048,0.175112,0.17556,2357368.72794419
1776978000,2026-04-23 21:00:00,0.175253,0.176759,0.175559,0.17603,992387.01094249
1776981600,2026-04-23 22:00:00,0.17564,0.176798,0.176148,0.175688,1089886.69601777
1776985200,2026-04-23 23:00:00,0.174977,0.17612,0.175587,0.17546,923106.50941408
1776988800,2026-04-24 00:00:00,0.175113,0.176032,0.175462,0.175538,828752.3231486
1776992400,2026-04-24 01:00:00,0.174668,0.175743,0.17556,0.1757,1494030.72716364
1776996000,2026-04-24 02:00:00,0.174639,0.175834,0.175639,0.175143,1487722.55928576
1776999600,2026-04-24 03:00:00,0.172247,0.175196,0.175065,0.17473,4323430.59527903
1777003200,2026-04-24 04:00:00,0.174058,0.17514,0.174776,0.174453,2586717.52778551
1777006800,2026-04-24 05:00:00,0.174327,0.175339,0.174479,0.175,532152.2265176
1777010400,2026-04-24 06:00:00,0.17454,0.17558,0.174963,0.174598,721178.76897297
1777014000,2026-04-24 07:00:00,0.173945,0.17478,0.174598,0.174116,1484068.89815099
1777017600,2026-04-24 08:00:00,0.173806,0.176065,0.174112,0.17603,690783.27118922
1777021200,2026-04-24 09:00:00,0.174619,0.176678,0.176059,0.174743,1630829.25202463
1777024800,2026-04-24 10:00:00,0.174236,0.175285,0.174744,0.174935,1326333.83725732
1777028400,2026-04-24 11:00:00,0.174935,0.176559,0.174935,0.17613,1290214.26125217
1777032000,2026-04-24 12:00:00,0.175418,0.176918,0.17613,0.17554,1771935.83427991
1777035600,2026-04-24 13:00:00,0.174203,0.176117,0.17554,0.174261,2979366.55715257
1777039200,2026-04-24 14:00:00,0.173593,0.174822,0.174233,0.174233,2736209.73224445
1777042800,2026-04-24 15:00:00,0.173032,0.174853,0.17426,0.17473,1093658.55030033
1777046400,2026-04-24 16:00:00,0.173773,0.175503,0.174717,0.175345,1203681.8793085
1777050000,2026-04-24 17:00:00,0.17442,0.17543,0.17536,0.174541,799890.45111152
1777053600,2026-04-24 18:00:00,0.173036,0.174692,0.174601,0.173757,2131043.66528636
1777057200,2026-04-24 19:00:00,0.17325,0.174154,0.17376,0.17367,564148.36254601
1777060800,2026-04-24 20:00:00,0.173184,0.174675,0.1737,0.174145,713057.5409306
1777064400,2026-04-24 21:00:00,0.173482,0.174317,0.174145,0.173672,478456.57832243
1777068000,2026-04-24 22:00:00,0.173028,0.173776,0.173656,0.17311,605415.6597836
1777071600,2026-04-24 23:00:00,0.17289,0.173382,0.17311,0.17306,592094.90460176
1777075200,2026-04-25 00:00:00,0.172889,0.173207,0.173055,0.17294,837101.45834635
1777078800,2026-04-25 01:00:00,0.172815,0.173656,0.172902,0.173096,1202917.63453172
1777082400,2026-04-25 02:00:00,0.172845,0.173412,0.17311,0.173037,927790.22765592
1777086000,2026-04-25 03:00:00,0.172801,0.174519,0.173059,0.174468,1058711.51301995
1777089600,2026-04-25 04:00:00,0.173388,0.17482,0.174496,0.173486,949614.81517579
1777093200,2026-04-25 05:00:00,0.173096,0.173963,0.173461,0.173656,190728.95140434
1777096800,2026-04-25 06:00:00,0.173125,0.173892,0.173683,0.17318,230426.63528371
1777100400,2026-04-25 07:00:00,0.172889,0.173544,0.173152,0.17324,503712.22744773
1777104000,2026-04-25 08:00:00,0.172921,0.173446,0.173301,0.173033,227923.66130772
1777107600,2026-04-25 09:00:00,0.171689,0.173649,0.173037,0.173316,1428030.89226787
1777111200,2026-04-25 10:00:00,0.173208,0.173728,0.173303,0.173302,444667.48633595
1777114800,2026-04-25 11:00:00,0.17237,0.174123,0.173302,0.172502,1079079.91548888
1777118400,2026-04-25 12:00:00,0.171728,0.172519,0.17249,0.171948,485206.19885284
1777122000,2026-04-25 13:00:00,0.171712,0.172592,0.171921,0.172509,906912.26711923
1777125600,2026-04-25 14:00:00,0.171895,0.172678,0.172508,0.171972,564556.62716453
1777129200,2026-04-25 15:00:00,0.170771,0.172126,0.172018,0.171164,1280978.2094981
1777132800,2026-04-25 16:00:00,0.170684,0.17136,0.17114,0.17116,1452348.43805699
1777136400,2026-04-25 17:00:00,0.170964,0.171244,0.171154,0.17099,999701.55885462
1777140000,2026-04-25 18:00:00,0.17088,0.17126,0.17099,0.17099,1036503.76404894
1777143600,2026-04-25 19:00:00,0.17,0.170991,0.17099,0.170151,992609.62985217
1777147200,2026-04-25 20:00:00,0.170054,0.170596,0.170101,0.170559,432128.55165132
1777150800,2026-04-25 21:00:00,0.170091,0.1708,0.170559,0.17027,298374.286607
1777154400,2026-04-25 22:00:00,0.170055,0.170595,0.17027,0.170072,812117.09761561
1777158000,2026-04-25 23:00:00,0.169609,0.170099,0.170055,0.169764,812868.65292247
1777161600,2026-04-26 00:00:00,0.169,0.169801,0.169792,0.16911,1881471.86864896
1777165200,2026-04-26 01:00:00,0.169,0.16962,0.169111,0.169028,1013864.11053227
1777168800,2026-04-26 02:00:00,0.168946,0.169356,0.169028,0.16904,1023586.32692759
1777172400,2026-04-26 03:00:00,0.168347,0.169097,0.169063,0.168532,412420.36422147
1777176000,2026-04-26 04:00:00,0.168365,0.169175,0.168557,0.168673,272007.35726987
1777179600,2026-04-26 05:00:00,0.168571,0.170212,0.168715,0.1694,685873.20221405
1777183200,2026-04-26 06:00:00,0.168112,0.170165,0.1694,0.169714,1313727.1121094
1777186800,2026-04-26 07:00:00,0.169681,0.170912,0.16973,0.170717,599242.85138237
1777190400,2026-04-26 08:00:00,0.170156,0.17099,0.170716,0.170799,342479.64682858
1777194000,2026-04-26 09:00:00,0.170492,0.171108,0.170772,0.170618,439354.51113462
1777197600,2026-04-26 10:00:00,0.170169,0.170883,0.170599,0.170463,179354.23836183
1777201200,2026-04-26 11:00:00,0.170321,0.171524,0.170419,0.171406,3335594.04775032
1777204800,2026-04-26 12:00:00,0.171234,0.172272,0.171416,0.172104,1205049.82207974
1777208400,2026-04-26 13:00:00,0.170539,0.172685,0.172128,0.170581,2222594.16387079
1777212000,2026-04-26 14:00:00,0.17052,0.171957,0.170584,0.17124,834159.26169625
1777215600,2026-04-26 15:00:00,0.170891,0.171455,0.171252,0.17134,378356.83191091
1777219200,2026-04-26 16:00:00,0.17,0.171426,0.17138,0.170136,691752.52896028
1777222800,2026-04-26 17:00:00,0.169586,0.170606,0.170085,0.170319,1616511.0866238
1777226400,2026-04-26 18:00:00,0.17026,0.171223,0.170365,0.170818,1684659.51630954
1777230000,2026-04-26 19:00:00,0.170712,0.17169,0.170865,0.171269,784258.31128797
1777233600,2026-04-26 20:00:00,0.170825,0.171504,0.171232,0.17088,401401.95366967
1777237200,2026-04-26 21:00:00,0.170152,0.171836,0.17086,0.171597,1612158.52467551
1777240800,2026-04-26 22:00:00,0.17052,0.17196,0.171544,0.170713,516494.78774019
1777244400,2026-04-26 23:00:00,0.170556,0.171408,0.170712,0.171096,748106.51131808
1777248000,2026-04-27 00:00:00,0.170584,0.172512,0.171008,0.172512,634143.20732843
1777251600,2026-04-27 01:00:00,0.171432,0.173064,0.1725,0.17286,1949364.30620652
1777255200,2026-04-27 02:00:00,0.172407,0.173503,0.17284,0.173185,5217482.82473157
1777258800,2026-04-27 03:00:00,0.172729,0.17352,0.173184,0.173266,2488734.78544073
1777262400,2026-04-27 04:00:00,0.171495,0.173246,0.173246,0.171744,2662697.14225501
1777266000,2026-04-27 05:00:00,0.169705,0.171745,0.171737,0.169753,7133258.48353571
1777269600,2026-04-27 06:00:00,0.168669,0.169896,0.16973,0.168936,1377340.30881542
1777273200,2026-04-27 07:00:00,0.167684,0.168984,0.168913,0.16797,3038100.13948229
1777276800,2026-04-27 08:00:00,0.166969,0.169105,0.16797,0.16855,1868948.84429064
1777280400,2026-04-27 09:00:00,0.168127,0.168729,0.16855,0.168287,637627.66211233
1777284000,2026-04-27 10:00:00,0.167955,0.168574,0.1683,0.167955,516450.30336075
1777287600,2026-04-27 11:00:00,0.167,0.16812,0.167987,0.167368,1758352.52907042
1777291200,2026-04-27 12:00:00,0.166668,0.168556,0.167368,0.16759,6355989.24874872
1777294800,2026-04-27 13:00:00,0.167124,0.167942,0.167552,0.167579,2010966.70079099
1777298400,2026-04-27 14:00:00,0.167217,0.168336,0.16758,0.16738,1903224.74172672
1777302000,2026-04-27 15:00:00,0.16472,0.167458,0.167457,0.165033,3511718.35118818
1777305600,2026-04-27 16:00:00,0.164472,0.1654,0.16501,0.16463,1301582.99585816
1777309200,2026-04-27 17:00:00,0.1645,0.165056,0.164618,0.16453,988123.37903921
1777312800,2026-04-27 18:00:00,0.164445,0.165268,0.16453,0.165213,714525.52521551
1777316400,2026-04-27 19:00:00,0.164411,0.165334,0.165165,0.164751,1417690.82093144
1777320000,2026-04-27 20:00:00,0.164528,0.164888,0.164734,0.164531,716567.66374155
1777323600,2026-04-27 21:00:00,0.164495,0.165181,0.16453,0.165054,859553.27664778
1777327200,2026-04-27 22:00:00,0.164325,0.1669,0.165079,0.165446,7066956.91057063
1777330800,2026-04-27 23:00:00,0.165336,0.166382,0.165437,0.166081,896384.19384713
1777334400,2026-04-28 00:00:00,0.165425,0.16609,0.16608,0.1655,1549516.90641695
1777338000,2026-04-28 01:00:00,0.165203,0.16594,0.16549,0.16528,851557.87720422
1777341600,2026-04-28 02:00:00,0.164575,0.165846,0.165241,0.16507,887424.88179422
1777345200,2026-04-28 03:00:00,0.16459,0.16524,0.165068,0.16524,452415.96081232
1777348800,2026-04-28 04:00:00,0.164829,0.165822,0.165188,0.164971,513990.69208639
1777352400,2026-04-28 05:00:00,0.164807,0.16541,0.16502,0.164919,1027134.91366709
1777356000,2026-04-28 06:00:00,0.1645,0.16536,0.16493,0.164648,660007.5630671
1777359600,2026-04-28 07:00:00,0.164103,0.164857,0.164628,0.1648,772716.36696176
1777363200,2026-04-28 08:00:00,0.164301,0.165044,0.1648,0.164571,242655.02121182
1777366800,2026-04-28 09:00:00,0.163539,0.164634,0.1646,0.16376,528969.89958338
1777370400,2026-04-28 10:00:00,0.162786,0.163934,0.163814,0.16286,3143493.77757093
1777374000,2026-04-28 11:00:00,0.16122,0.163024,0.162909,0.161755,4391575.80969997
1777377600,2026-04-28 12:00:00,0.161536,0.162507,0.161755,0.16226,1021983.26984041
1777381200,2026-04-28 13:00:00,0.161437,0.163109,0.162304,0.162449,1842454.62228353
1777384800,2026-04-28 14:00:00,0.16116,0.162456,0.162431,0.16162,1231979.03933489
1777388400,2026-04-28 15:00:00,0.161563,0.163077,0.16162,0.162906,1413116.46505199
1777392000,2026-04-28 16:00:00,0.1626,0.163477,0.162845,0.163174,1128630.8959591
1777395600,2026-04-28 17:00:00,0.161553,0.163458,0.163173,0.16223,2226639.97763229
1777399200,2026-04-28 18:00:00,0.161791,0.162489,0.162173,0.162089,513541.45858554
1777402800,2026-04-28 19:00:00,0.161812,0.162661,0.162048,0.162175,1060773.38924583
1777406400,2026-04-28 20:00:00,0.16192,0.16304,0.162189,0.162794,1054359.4330696
1777410000,2026-04-28 21:00:00,0.162318,0.163018,0.162772,0.162433,539077.23520957
1777413600,2026-04-28 22:00:00,0.161892,0.16292,0.162432,0.161991,650628.77620607
1777417200,2026-04-28 23:00:00,0.1617,0.162324,0.161972,0.161786,1387202.08104091
1777420800,2026-04-29 00:00:00,0.161757,0.162499,0.161817,0.162313,1027743.84130402
1777424400,2026-04-29 01:00:00,0.161866,0.162373,0.16227,0.162118,829287.85900567
1777428000,2026-04-29 02:00:00,0.161717,0.162407,0.162124,0.16182,701464.55541839
1777431600,2026-04-29 03:00:00,0.161609,0.162999,0.161814,0.162649,1790276.81853774
1777435200,2026-04-29 04:00:00,0.162529,0.164225,0.162655,0.163676,1080672.14325889
1777438800,2026-04-29 05:00:00,0.163083,0.163771,0.1637,0.16325,456686.34548973
1777442400,2026-04-29 06:00:00,0.163001,0.163794,0.163275,0.163406,1835091.77781581
1777446000,2026-04-29 07:00:00,0.16334,0.1646,0.16344,0.163969,2109707.26975952
1777449600,2026-04-29 08:00:00,0.16169,0.16416,0.16397,0.161827,3766268.97641777
1777453200,2026-04-29 09:00:00,0.161564,0.164139,0.161791,0.164136,1464717.79495896
1777456800,2026-04-29 10:00:00,0.163675,0.164668,0.164192,0.163941,1437724.29223463
1777460400,2026-04-29 11:00:00,0.162521,0.163968,0.163959,0.162621,2897239.18442769
1777464000,2026-04-29 12:00:00,0.161312,0.162622,0.162584,0.161714,4339257.69764984
1777467600,2026-04-29 13:00:00,0.160889,0.162238,0.161703,0.161373,2693670.52508861
1777471200,2026-04-29 14:00:00,0.160575,0.161554,0.1614,0.161,775320.18695774
1777474800,2026-04-29 15:00:00,0.1595,0.161053,0.161,0.159938,826772.1886105
1777478400,2026-04-29 16:00:00,0.159688,0.160555,0.159852,0.15992,737821.03171698
1777482000,2026-04-29 17:00:00,0.159917,0.160894,0.159945,0.16081,1177257.50979
1777485600,2026-04-29 18:00:00,0.158406,0.160946,0.160817,0.159846,4196582.46312958
1777489200,2026-04-29 19:00:00,0.158677,0.160215,0.159909,0.15894,917689.70176441
1777492800,2026-04-29 20:00:00,0.158829,0.159689,0.158993,0.159232,708659.67138878
1777496400,2026-04-29 21:00:00,0.158769,0.16048,0.159254,0.160084,1625222.8807143
1777500000,2026-04-29 22:00:00,0.159655,0.160492,0.160083,0.159746,672250.73521609
1777503600,2026-04-29 23:00:00,0.159392,0.160138,0.15981,0.15946,522855.44802732
1777507200,2026-04-30 00:00:00,0.15946,0.161021,0.15946,0.16068,1814823.73783971
1777510800,2026-04-30 01:00:00,0.160167,0.160793,0.160699,0.16022,560935.44842881
1777514400,2026-04-30 02:00:00,0.15901,0.160467,0.16022,0.159531,606211.11365536
1777518000,2026-04-30 03:00:00,0.159359,0.159959,0.159528,0.159828,297658.33701104
1777521600,2026-04-30 04:00:00,0.158723,0.159839,0.159831,0.1589,1258766.62810431
1777525200,2026-04-30 05:00:00,0.158614,0.159465,0.1589,0.1587,649540.00633205
1777528800,2026-04-30 06:00:00,0.158585,0.160239,0.158677,0.159937,407811.83902179
1777532400,2026-04-30 07:00:00,0.1599,0.160678,0.159936,0.160525,573712.67423563
1777536000,2026-04-30 08:00:00,0.160028,0.160704,0.160529,0.16034,496836.90988065
1777539600,2026-04-30 09:00:00,0.160135,0.160798,0.160315,0.160193,496959.13268361
1777543200,2026-04-30 10:00:00,0.158721,0.160248,0.160183,0.158972,1597488.33186807
1777546800,2026-04-30 11:00:00,0.158512,0.15925,0.158972,0.15906,1738384.81170917
1777550400,2026-04-30 12:00:00,0.158931,0.15994,0.159018,0.15945,380788.39243363
1777554000,2026-04-30 13:00:00,0.159196,0.160296,0.159456,0.159847,515084.20105063
1777557600,2026-04-30 14:00:00,0.15915,0.160161,0.159789,0.159345,666928.62433379
1777561200,2026-04-30 15:00:00,0.158817,0.159949,0.159407,0.159635,709551.57713877
1777564800,2026-04-30 16:00:00,0.158775,0.159686,0.159626,0.158908,556013.69116155
1777568400,2026-04-30 17:00:00,0.158644,0.159268,0.15895,0.158945,618607.83627583
1777572000,2026-04-30 18:00:00,0.158501,0.159267,0.158945,0.15858,651928.37552583
1777575600,2026-04-30 19:00:00,0.158526,0.15943,0.158527,0.15919,563595.9256187
1777579200,2026-04-30 20:00:00,0.158951,0.159587,0.15916,0.159299,1051539.43019558
1777582800,2026-04-30 21:00:00,0.158831,0.159681,0.15926,0.158976,722747.28042529
1777586400,2026-04-30 22:00:00,0.158609,0.159172,0.15893,0.15875,684453.87140184
1777590000,2026-04-30 23:00:00,0.158206,0.158828,0.15875,0.15829,748330.39389259
1777593600,2026-05-01 00:00:00,0.15818,0.159189,0.15823,0.15838,514772.51730935
1777597200,2026-05-01 01:00:00,0.158185,0.159008,0.15838,0.158654,779380.9477469
1777600800,2026-05-01 02:00:00,0.1584,0.158944,0.15866,0.158669,723570.12087676
1777604400,2026-05-01 03:00:00,0.15855,0.160137,0.158699,0.159537,925843.79210732
1777608000,2026-05-01 04:00:00,0.159294,0.160683,0.1596,0.159359,1976325.15778515
1777611600,2026-05-01 05:00:00,0.158934,0.15968,0.159283,0.15912,1045115.64223841
1777615200,2026-05-01 06:00:00,0.158905,0.159588,0.15912,0.159061,890286.61495763
1777618800,2026-05-01 07:00:00,0.15859,0.159084,0.159061,0.158741,566562.37985546
1777622400,2026-05-01 08:00:00,0.1587,0.159976,0.158718,0.159308,1011926.71672389
1777626000,2026-05-01 09:00:00,0.15915,0.159551,0.15939,0.15933,340162.26109804
1777629600,2026-05-01 10:00:00,0.158879,0.15963,0.15933,0.159371,612223.19980534
1777633200,2026-05-01 11:00:00,0.159068,0.159698,0.159384,0.15942,356282.74810929
1777636800,2026-05-01 12:00:00,0.159298,0.160873,0.15945,0.16058,994405.63396967
1777640400,2026-05-01 13:00:00,0.16058,0.162,0.16058,0.16196,3687000.82588745
1777644000,2026-05-01 14:00:00,0.16082,0.162,0.16198,0.161462,2595247.90458274
1777647600,2026-05-01 15:00:00,0.160941,0.1625,0.161474,0.162316,2341620.86498021
1777651200,2026-05-01 16:00:00,0.161197,0.162587,0.16232,0.161242,1111055.48610868
1777654800,2026-05-01 17:00:00,0.160835,0.161534,0.161281,0.161154,717017.32686604
1777658400,2026-05-01 18:00:00,0.160832,0.16185,0.161184,0.160992,1391141.32480568
1777662000,2026-05-01 19:00:00,0.160416,0.161412,0.161032,0.160743,631182.36064196
1777665600,2026-05-01 20:00:00,0.160109,0.161064,0.16074,0.160335,751673.21224266
1777669200,2026-05-01 21:00:00,0.16008,0.16054,0.160324,0.16035,752073.41925175
1777672800,2026-05-01 22:00:00,0.159648,0.160648,0.16035,0.159765,808816.14909995
1777676400,2026-05-01 23:00:00,0.159313,0.159792,0.159737,0.159479,1634590.1380284
1777680000,2026-05-02 00:00:00,0.159432,0.16055,0.15948,0.16018,973578.0399056
1777683600,2026-05-02 01:00:00,0.159958,0.160375,0.1602,0.160032,322728.15160939
1777687200,2026-05-02 02:00:00,0.159695,0.160241,0.160004,0.160061,377894.06185501
1777690800,2026-05-02 03:00:00,0.159654,0.160133,0.16006,0.159904,381531.44720502
1777694400,2026-05-02 04:00:00,0.159399,0.15991,0.159839,0.159425,853766.85616478
1777698000,2026-05-02 05:00:00,0.15888,0.159554,0.159483,0.159264,1124421.26051537
1777701600,2026-05-02 06:00:00,0.159192,0.159851,0.159248,0.159793,243586.32794453
1777705200,2026-05-02 07:00:00,0.159264,0.159816,0.159768,0.159264,209015.28707222
1777708800,2026-05-02 08:00:00,0.159168,0.159647,0.159264,0.15943,269546.93347182
1777712400,2026-05-02 09:00:00,0.15936,0.159788,0.15945,0.159725,241395.47722929
1777716000,2026-05-02 10:00:00,0.159565,0.159907,0.1597,0.159691,500367.25232312
1777719600,2026-05-02 11:00:00,0.159398,0.159909,0.159669,0.159507,506331.854255
1777723200,2026-05-02 12:00:00,0.159,0.159647,0.159485,0.159456,544886.5080817
1777726800,2026-05-02 13:00:00,0.15945,0.160108,0.159477,0.160105,520048.28462998
1777730400,2026-05-02 14:00:00,0.159744,0.16036,0.16011,0.160076,345026.95592642
1777734000,2026-05-02 15:00:00,0.159938,0.160578,0.160053,0.16039,567253.331924
1777737600,2026-05-02 16:00:00,0.160291,0.16082,0.160365,0.160805,572464.46040816
1777741200,2026-05-02 17:00:00,0.159901,0.160747,0.160739,0.159932,502056.35269944
1777744800,2026-05-02 18:00:00,0.159537,0.160331,0.159917,0.159811,1547355.21141135
1777748400,2026-05-02 19:00:00,0.159629,0.160166,0.159819,0.16012,591861.93111691
1777752000,2026-05-02 20:00:00,0.159985,0.160465,0.16014,0.16016,540048.44184338
1777755600,2026-05-02 21:00:00,0.160032,0.16102,0.16022,0.16038,738325.79496328
1777759200,2026-05-02 22:00:00,0.160152,0.16069,0.160429,0.160505,576706.46217819
1777762800,2026-05-02 23:00:00,0.159808,0.160492,0.160492,0.159942,1022356.00831314
1777766400,2026-05-03 00:00:00,0.159265,0.16006,0.159933,0.159519,673730.56350339
1777770000,2026-05-03 01:00:00,0.158507,0.159466,0.159458,0.158592,965054.01062684
1777773600,2026-05-03 02:00:00,0.158,0.158699,0.158616,0.158168,2410256.95992578
1777777200,2026-05-03 03:00:00,0.158066,0.15886,0.1582,0.158489,296129.29552222
1777780800,2026-05-03 04:00:00,0.158406,0.158923,0.158448,0.158473,177707.43434093
1777784400,2026-05-03 05:00:00,0.158489,0.158975,0.158489,0.158689,358297.68353698
1777788000,2026-05-03 06:00:00,0.158624,0.159336,0.15869,0.15922,214558.25258152
1777791600,2026-05-03 07:00:00,0.159168,0.159711,0.15922,0.15919,136112.60930995
1777795200,2026-05-03 08:00:00,0.159152,0.159524,0.15919,0.15919,170200.35588685
1777798800,2026-05-03 09:00:00,0.158872,0.159504,0.159144,0.15926,307748.07400708
1777802400,2026-05-03 10:00:00,0.158809,0.159402,0.159216,0.158809,98457.60733373
1777806000,2026-05-03 11:00:00,0.158688,0.160075,0.158808,0.159579,932228.33399323
1777809600,2026-05-03 12:00:00,0.159486,0.160115,0.15958,0.159512,1024367.38107962
1777813200,2026-05-03 13:00:00,0.159084,0.159676,0.159507,0.15924,475413.31295898
1777816800,2026-05-03 14:00:00,0.1589,0.159326,0.15928,0.159078,495543.51279442
1777820400,2026-05-03 15:00:00,0.15899,0.159421,0.15908,0.159191,384245.4178468
1777824000,2026-05-03 16:00:00,0.15873,0.159183,0.159183,0.158885,508418.26275194
1777827600,2026-05-03 17:00:00,0.158499,0.158987,0.158832,0.15873,936850.52823392
1777831200,2026-05-03 18:00:00,0.158496,0.15881,0.158728,0.158549,815463.00318451
1777834800,2026-05-03 19:00:00,0.158496,0.158904,0.158549,0.158746,775807.11985186
1777838400,2026-05-03 20:00:00,0.158601,0.15931,0.15875,0.158679,930975.50136463
1777842000,2026-05-03 21:00:00,0.1579,0.159072,0.158658,0.158232,900326.28099972
1777845600,2026-05-03 22:00:00,0.15823,0.159504,0.15823,0.1589,1224335.28193572
1777849200,2026-05-03 23:00:00,0.157801,0.15908,0.158915,0.1579,1100327.09113758
1777852800,2026-05-04 00:00:00,0.157205,0.158136,0.1579,0.15787,1688385.41665501
1777856400,2026-05-04 01:00:00,0.15707,0.159436,0.157869,0.159436,4214643.61914808
1777860000,2026-05-04 02:00:00,0.15941,0.161184,0.159456,0.160539,2611095.25674613
1777863600,2026-05-04 03:00:00,0.15972,0.161042,0.160638,0.160584,2572741.55500893
1777867200,2026-05-04 04:00:00,0.160581,0.16164,0.16062,0.160822,2933493.25573223
1777870800,2026-05-04 05:00:00,0.16,0.160968,0.16087,0.160482,1671750.53750535
1777874400,2026-05-04 06:00:00,0.159633,0.161039,0.160482,0.160517,2536557.02174182
1777878000,2026-05-04 07:00:00,0.159688,0.16066,0.160512,0.159803,431960.60376109
1777881600,2026-05-04 08:00:00,0.159547,0.16044,0.159786,0.15972,871194.03086969
1777885200,2026-05-04 09:00:00,0.159724,0.161144,0.159724,0.160837,937810.75629838
1777888800,2026-05-04 10:00:00,0.157141,0.160982,0.16084,0.158368,3364797.86158571
1777892400,2026-05-04 11:00:00,0.157856,0.158588,0.158336,0.157881,873840.25094878
1777896000,2026-05-04 12:00:00,0.157472,0.158324,0.157824,0.157548,474670.72478326
1777899600,2026-05-04 13:00:00,0.156911,0.15787,0.157472,0.157166,2426463.44732991
1777903200,2026-05-04 14:00:00,0.156507,0.159349,0.15717,0.158974,3309853.80387189
1777906800,2026-05-04 15:00:00,0.15714,0.159025,0.158915,0.15795,1484194.59674275
1777910400,2026-05-04 16:00:00,0.157254,0.158429,0.15795,0.157526,1664483.02185339
1777914000,2026-05-04 17:00:00,0.157393,0.158864,0.157524,0.1586,1008397.52054069
1777917600,2026-05-04 18:00:00,0.157794,0.158976,0.158582,0.15811,902420.50482781
1777921200,2026-05-04 19:00:00,0.15708,0.158133,0.158083,0.157432,1257141.21825073
1777924800,2026-05-04 20:00:00,0.156991,0.157492,0.157492,0.157115,1180904.72219367
1777928400,2026-05-04 21:00:00,0.157081,0.157644,0.157117,0.157352,629734.91409023
1777932000,2026-05-04 22:00:00,0.157019,0.157548,0.157359,0.157356,1146941.89125151
1777935600,2026-05-04 23:00:00,0.157067,0.157712,0.157317,0.157489,1629854.57254029
1777939200,2026-05-05 00:00:00,0.156934,0.158764,0.157489,0.158764,4702723.35710623
1777942800,2026-05-05 01:00:00,0.157891,0.159465,0.158764,0.158387,2264914.67694916
1777946400,2026-05-05 02:00:00,0.157951,0.158825,0.158398,0.15814,819042.74662486
1777950000,2026-05-05 03:00:00,0.15785,0.158683,0.158123,0.158509,810022.37187496
1777953600,2026-05-05 04:00:00,0.158216,0.158778,0.158545,0.158247,610690.72406312
1777957200,2026-05-05 05:00:00,0.15808,0.15875,0.158237,0.158573,759755.18745414
1777960800,2026-05-05 06:00:00,0.15815,0.158752,0.15857,0.158752,818416.59397446
1777964400,2026-05-05 07:00:00,0.158745,0.159398,0.158775,0.159008,614216.24724282
1777968000,2026-05-05 08:00:00,0.158691,0.159403,0.158986,0.159055,564593.57596579
1777971600,2026-05-05 09:00:00,0.158342,0.159042,0.159042,0.158568,581994.87736959
1777975200,2026-05-05 10:00:00,0.158428,0.159379,0.158575,0.159184,598726.51172792
1777978800,2026-05-05 11:00:00,0.158962,0.15963,0.159155,0.159518,660833.67642178
1777982400,2026-05-05 12:00:00,0.159361,0.160461,0.15954,0.16021,3156058.81451708
1777986000,2026-05-05 13:00:00,0.160008,0.16111,0.160264,0.160423,2258389.92380446
1777989600,2026-05-05 14:00:00,0.159048,0.160541,0.160423,0.159567,1222418.13521023
1777993200,2026-05-05 15:00:00,0.158675,0.160086,0.159584,0.158676,926187.3367504
1777996800,2026-05-05 16:00:00,0.158344,0.159136,0.158718,0.158709,2781834.06875922
1778000400,2026-05-05 17:00:00,0.1583,0.158928,0.158702,0.158473,633070.7214376
1778004000,2026-05-05 18:00:00,0.158397,0.159063,0.158414,0.158639,523627.47194836
1778007600,2026-05-05 19:00:00,0.158528,0.159765,0.158639,0.159465,1249931.65012999
1778011200,2026-05-05 20:00:00,0.159456,0.160892,0.159465,0.160575,4230609.63477575
1778014800,2026-05-05 21:00:00,0.160129,0.160864,0.160575,0.160784,1412089.51242553
1778018400,2026-05-05 22:00:00,0.15955,0.161307,0.160784,0.159982,1466794.968624
1778022000,2026-05-05 23:00:00,0.159356,0.16027,0.159975,0.159752,1170144.94228209
1778025600,2026-05-06 00:00:00,0.159723,0.16055,0.159754,0.160337,978371.84946168
1778029200,2026-05-06 01:00:00,0.16008,0.161737,0.160298,0.161706,3005828.41034796
1778032800,2026-05-06 02:00:00,0.160129,0.161751,0.161748,0.16082,1297014.87464096
1778036400,2026-05-06 03:00:00,0.160822,0.16245,0.160822,0.162374,4962497.990326
1778040000,2026-05-06 04:00:00,0.161262,0.162823,0.162388,0.161366,1626913.98267121
1778043600,2026-05-06 05:00:00,0.160645,0.161625,0.16141,0.16162,676381.12633444
1778047200,2026-05-06 06:00:00,0.160992,0.16215,0.16162,0.161783,2054552.67419382
1778050800,2026-05-06 07:00:00,0.161771,0.163013,0.16178,0.162854,2614286.56366285
1778054400,2026-05-06 08:00:00,0.162833,0.165798,0.162854,0.165665,4183447.97417611
1778058000,2026-05-06 09:00:00,0.164509,0.16594,0.165669,0.165811,3433218.9365609
1778061600,2026-05-06 10:00:00,0.16521,0.166053,0.165828,0.165296,1981496.8116032
1778065200,2026-05-06 11:00:00,0.164847,0.165859,0.165275,0.16535,1673164.97767702
1778068800,2026-05-06 12:00:00,0.164399,0.165435,0.165346,0.164699,1743918.55953354
1778072400,2026-05-06 13:00:00,0.161691,0.164691,0.164691,0.161964,2018604.59779498
1778076000,2026-05-06 14:00:00,0.160611,0.162583,0.161996,0.161568,4007705.94827933
1778079600,2026-05-06 15:00:00,0.161056,0.162313,0.16155,0.161304,1967941.40093375
1778083200,2026-05-06 16:00:00,0.159984,0.161932,0.161354,0.160805,2746335.75345942
1778086800,2026-05-06 17:00:00,0.160578,0.162238,0.160835,0.160908,3967671.80795876
1778090400,2026-05-06 18:00:00,0.160479,0.161326,0.160908,0.16065,2095545.77175387
1778094000,2026-05-06 19:00:00,0.160627,0.161671,0.160663,0.161529,780016.10601485
1778097600,2026-05-06 20:00:00,0.160734,0.162194,0.161623,0.161282,851170.02044766
1778101200,2026-05-06 21:00:00,0.16082,0.162578,0.16132,0.162305,1002422.06488382
1778104800,2026-05-06 22:00:00,0.161348,0.16231,0.162286,0.161453,1418460.91424784
1778108400,2026-05-06 23:00:00,0.160576,0.161694,0.161454,0.161608,753262.69517225
1778112000,2026-05-07 00:00:00,0.160394,0.161788,0.161642,0.160586,760881.21220689
1778115600,2026-05-07 01:00:00,0.15971,0.161469,0.160524,0.160917,1694505.29664605
1778119200,2026-05-07 02:00:00,0.15971,0.161044,0.160877,0.160282,1392719.77684812
1778122800,2026-05-07 03:00:00,0.159847,0.160524,0.160261,0.160076,1457210.17146761
1778126400,2026-05-07 04:00:00,0.159828,0.160984,0.159957,0.160942,580722.72489469
1778130000,2026-05-07 05:00:00,0.160802,0.161929,0.160941,0.160928,1515945.95886376
1778133600,2026-05-07 06:00:00,0.160282,0.162115,0.16086,0.162115,1862098.88906362
1778137200,2026-05-07 07:00:00,0.162006,0.162651,0.162136,0.16222,583319.53537067
1778140800,2026-05-07 08:00:00,0.16149,0.162347,0.162335,0.161537,526206.66287352
1778144400,2026-05-07 09:00:00,0.161029,0.161739,0.16149,0.161143,678225.30671271
1778148000,2026-05-07 10:00:00,0.160206,0.161398,0.161059,0.160572,836186.35890049
1778151600,2026-05-07 11:00:00,0.160471,0.161385,0.160595,0.160965,650838.24663946
1778155200,2026-05-07 12:00:00,0.160998,0.161796,0.160998,0.161692,768171.61847449
1778158800,2026-05-07 13:00:00,0.159544,0.161681,0.161671,0.16016,3147330.25930106
1778162400,2026-05-07 14:00:00,0.15859,0.160207,0.160065,0.159141,2437720.32707718
1778166000,2026-05-07 15:00:00,0.158221,0.159838,0.159075,0.158898,3003870.77732934
1778169600,2026-05-07 16:00:00,0.158691,0.159844,0.158879,0.159438,1944887.72840917
1778173200,2026-05-07 17:00:00,0.158053,0.160082,0.159437,0.159125,3699697.5548797
1778176800,2026-05-07 18:00:00,0.158591,0.16148,0.159125,0.159038,3548945.75320533
1778180400,2026-05-07 19:00:00,0.158204,0.159123,0.159089,0.158373,1004286.35423201
1778184000,2026-05-07 20:00:00,0.157879,0.159382,0.158371,0.157919,1347232.08035988
1778187600,2026-05-07 21:00:00,0.1576,0.158677,0.157919,0.15823,1121309.55400968
1778191200,2026-05-07 22:00:00,0.157741,0.158465,0.158137,0.157959,985545.72467949
1778194800,2026-05-07 23:00:00,0.157873,0.158294,0.157946,0.158122,718830.5981444
1778198400,2026-05-08 00:00:00,0.1576,0.15854,0.158122,0.15795,582782.14935706
1778202000,2026-05-08 01:00:00,0.1576,0.158352,0.15795,0.158352,143310.29773767
1778223600,2026-05-08 07:00:00,0.158155,0.158521,0.158521,0.1584,79366.95724641
1778227200,2026-05-08 08:00:00,0.158363,0.159301,0.158432,0.158905,164335.63598011
1778230800,2026-05-08 09:00:00,0.158489,0.159648,0.158849,0.158816,880136.7797006
1778234400,2026-05-08 10:00:00,0.158256,0.159338,0.158815,0.159072,771667.90399414
1778238000,2026-05-08 11:00:00,0.1588,0.159376,0.159073,0.159172,565933.83594578
1778241600,2026-05-08 12:00:00,0.1586,0.15968,0.159173,0.15875,698187.18772217
1778245200,2026-05-08 13:00:00,0.158417,0.158999,0.158718,0.158551,740731.43309363
1778248800,2026-05-08 14:00:00,0.158499,0.160746,0.1586,0.160526,2337520.9145851
1778252400,2026-05-08 15:00:00,0.15985,0.162404,0.160526,0.162276,2183568.94381992
1778256000,2026-05-08 16:00:00,0.161181,0.162592,0.162289,0.161626,1296624.87148987
1778259600,2026-05-08 17:00:00,0.161175,0.164357,0.161622,0.163704,1982213.11819584
1778263200,2026-05-08 18:00:00,0.163725,0.165687,0.163725,0.164126,4655380.96419442
1778266800,2026-05-08 19:00:00,0.163815,0.165291,0.164125,0.164055,759427.81241165
1778270400,2026-05-08 20:00:00,0.163748,0.16478,0.16405,0.16442,1042751.45892685
1778274000,2026-05-08 21:00:00,0.163091,0.164468,0.164468,0.164326,960346.99476539
1778277600,2026-05-08 22:00:00,0.16294,0.164604,0.164246,0.163513,815194.12924718
1778281200,2026-05-08 23:00:00,0.16269,0.163548,0.163432,0.163415,1725040.68331897
1778284800,2026-05-09 00:00:00,0.163296,0.164991,0.163495,0.16478,2281431.054462
1778288400,2026-05-09 01:00:00,0.164762,0.166888,0.164762,0.16683,4215615.88297019
1778292000,2026-05-09 02:00:00,0.166616,0.167842,0.166845,0.167109,4141840.29956005
1778295600,2026-05-09 03:00:00,0.166026,0.167833,0.16711,0.166802,2702090.58978497
1778299200,2026-05-09 04:00:00,0.16604,0.16775,0.166803,0.166125,1305678.78701348
1778302800,2026-05-09 05:00:00,0.16582,0.167059,0.1661,0.166783,1739736.40437711
1778306400,2026-05-09 06:00:00,0.165475,0.16725,0.166898,0.165775,2916033.5561319
1778310000,2026-05-09 07:00:00,0.165,0.165932,0.165775,0.165148,377781.49353593
1778313600,2026-05-09 08:00:00,0.165148,0.165743,0.165148,0.165395,703796.04801243
1778317200,2026-05-09 09:00:00,0.164063,0.165375,0.165375,0.164184,3656647.70398805
1778320800,2026-05-09 10:00:00,0.163416,0.164225,0.164182,0.163825,1106508.61791665
1778324400,2026-05-09 11:00:00,0.163753,0.164347,0.1638,0.16385,1181637.83339033
1778328000,2026-05-09 12:00:00,0.163313,0.1643,0.163885,0.163577,1907985.19600932
1778331600,2026-05-09 13:00:00,0.162506,0.163701,0.163577,0.163144,2914917.30926963
1778335200,2026-05-09 14:00:00,0.162506,0.163275,0.163143,0.162576,1894087.1091767
1778338800,2026-05-09 15:00:00,0.161522,0.16265,0.162515,0.161902,1846766.08029076
1778342400,2026-05-09 16:00:00,0.161495,0.162588,0.161939,0.162,1608571.37498443
1778346000,2026-05-09 17:00:00,0.161834,0.162904,0.161987,0.162227,637104.42228312
1778349600,2026-05-09 18:00:00,0.162228,0.163039,0.162277,0.162618,885992.59099613
1778353200,2026-05-09 19:00:00,0.162303,0.162899,0.162633,0.162718,715364.85362887
1778356800,2026-05-09 20:00:00,0.162113,0.162755,0.162718,0.16243,549205.88289445
1778360400,2026-05-09 21:00:00,0.162283,0.162986,0.16243,0.162732,691920.62510887
1778364000,2026-05-09 22:00:00,0.1626,0.163354,0.16272,0.163075,1535672.29735856
1778367600,2026-05-09 23:00:00,0.162302,0.16345,0.163101,0.162404,1167289.43963779
1778371200,2026-05-10 00:00:00,0.161806,0.163338,0.162375,0.161935,1017741.95474608
1778374800,2026-05-10 01:00:00,0.16086,0.161935,0.161935,0.161615,3557432.2887458
1778378400,2026-05-10 02:00:00,0.161166,0.162028,0.161592,0.161589,1807736.94216931
1778382000,2026-05-10 03:00:00,0.161192,0.162013,0.161599,0.161348,621189.12169366
1778385600,2026-05-10 04:00:00,0.161027,0.161829,0.161377,0.161425,1221939.06071708
1778389200,2026-05-10 05:00:00,0.161188,0.1618,0.161401,0.161592,357707.07450877
1778392800,2026-05-10 06:00:00,0.161381,0.162168,0.161592,0.161837,509275.16974909
1778396400,2026-05-10 07:00:00,0.161537,0.162575,0.16185,0.16215,531079.16363499
1778400000,2026-05-10 08:00:00,0.162168,0.163319,0.162168,0.163044,2522480.69573889
1778403600,2026-05-10 09:00:00,0.162441,0.163172,0.163044,0.162484,1332571.91869839
1778407200,2026-05-10 10:00:00,0.161896,0.163028,0.16248,0.162939,1184677.26089742
1778410800,2026-05-10 11:00:00,0.162192,0.163121,0.16294,0.162999,1056872.80674792
1778414400,2026-05-10 12:00:00,0.162586,0.163495,0.162999,0.16348,589909.70232667
1778418000,2026-05-10 13:00:00,0.163242,0.165024,0.1635,0.164426,2291857.38361626
1778421600,2026-05-10 14:00:00,0.164075,0.164875,0.164426,0.16475,2104028.29648567
1778425200,2026-05-10 15:00:00,0.164784,0.16746,0.1648,0.16746,5385910.54214172
1778428800,2026-05-10 16:00:00,0.166599,0.170659,0.167459,0.170001,15234401.85674286
1778432400,2026-05-10 17:00:00,0.169936,0.172925,0.170001,0.1728,12620461.79439489
1778436000,2026-05-10 18:00:00,0.1708,0.173916,0.172801,0.171425,4123697.14441976
1778439600,2026-05-10 19:00:00,0.169859,0.17223,0.1714,0.171291,3038290.17093779
1778443200,2026-05-10 20:00:00,0.165792,0.17211,0.171291,0.166853,10496433.83496485
1778446800,2026-05-10 21:00:00,0.166224,0.16858,0.166824,0.16702,1888833.21963101
1778450400,2026-05-10 22:00:00,0.166975,0.169792,0.166992,0.169792,4629568.77430583
1778454000,2026-05-10 23:00:00,0.168876,0.170118,0.169708,0.169591,1823017.52282982
1778457600,2026-05-11 00:00:00,0.166849,0.170052,0.169583,0.167508,5186702.30332052
1778461200,2026-05-11 01:00:00,0.166779,0.168672,0.167559,0.167751,2352613.90619826
1778464800,2026-05-11 02:00:00,0.16584,0.167868,0.167751,0.166092,3218663.57464845
1778468400,2026-05-11 03:00:00,0.164657,0.166199,0.166138,0.165704,6748562.25139176
1778472000,2026-05-11 04:00:00,0.165189,0.166696,0.165677,0.166268,4490292.68881297
1778475600,2026-05-11 05:00:00,0.166203,0.166935,0.166268,0.16682,1815218.27616285
1778479200,2026-05-11 06:00:00,0.166187,0.167384,0.166774,0.16674,801082.5843242
1778482800,2026-05-11 07:00:00,0.165993,0.16746,0.16672,0.167402,710309.34027341
1778486400,2026-05-11 08:00:00,0.166705,0.167648,0.167403,0.167,1306481.74008364
1778490000,2026-05-11 09:00:00,0.166675,0.167665,0.167,0.167384,1654318.74547952
1778493600,2026-05-11 10:00:00,0.167326,0.168768,0.167331,0.168175,3127961.85802144
1778497200,2026-05-11 11:00:00,0.167369,0.168433,0.1682,0.168,970725.01938028
1778500800,2026-05-11 12:00:00,0.166925,0.16844,0.168025,0.166925,3980697.88750625
1778504400,2026-05-11 13:00:00,0.166214,0.168531,0.166957,0.1677,2630138.23620908
1778508000,2026-05-11 14:00:00,0.166093,0.169059,0.167649,0.167825,3738667.09802908
1778511600,2026-05-11 15:00:00,0.167125,0.170722,0.16785,0.169217,6934498.20264993
1778515200,2026-05-11 16:00:00,0.169175,0.170813,0.169175,0.170324,3911894.4564588
1778518800,2026-05-11 17:00:00,0.1696,0.171036,0.170325,0.170934,2600068.4844623
1778522400,2026-05-11 18:00:00,0.168869,0.171101,0.17083,0.168996,1658578.39592158
1778526000,2026-05-11 19:00:00,0.168724,0.169875,0.168992,0.169484,3128643.57524549
1778529600,2026-05-11 20:00:00,0.168724,0.169785,0.16945,0.168969,2683511.22614124
1778533200,2026-05-11 21:00:00,0.168279,0.169337,0.16895,0.168466,925126.57780855
1778536800,2026-05-11 22:00:00,0.168095,0.169274,0.168466,0.168474,1071319.52452979
1778540400,2026-05-11 23:00:00,0.167868,0.168923,0.16841,0.168501,823967.91525445
1778544000,2026-05-12 00:00:00,0.167354,0.168774,0.168475,0.168225,1620123.01582038
1778547600,2026-05-12 01:00:00,0.166332,0.1691,0.168288,0.166631,4389254.51844799
1778551200,2026-05-12 02:00:00,0.166107,0.1673,0.166645,0.166856,978318.29273059
1778554800,2026-05-12 03:00:00,0.166175,0.167319,0.166848,0.166206,764431.58698635
1778558400,2026-05-12 04:00:00,0.16586,0.16685,0.166206,0.166493,1130353.66138807
1778562000,2026-05-12 05:00:00,0.166356,0.167076,0.16645,0.166717,898685.98820377
1778565600,2026-05-12 06:00:00,0.165814,0.16715,0.166675,0.16594,1801558.10984543
1778569200,2026-05-12 07:00:00,0.165231,0.165949,0.16594,0.165376,2503023.6588082
1778572800,2026-05-12 08:00:00,0.164929,0.166766,0.165376,0.166092,1103111.8794275
1778576400,2026-05-12 09:00:00,0.165217,0.166206,0.166132,0.165539,903350.82635055
1778580000,2026-05-12 10:00:00,0.164027,0.165541,0.165438,0.16457,3237150.52419895
1778583600,2026-05-12 11:00:00,0.163563,0.164892,0.164571,0.164492,1581776.82878281
1778587200,2026-05-12 12:00:00,0.1635,0.16495,0.164438,0.164138,1430721.69127428
1778590800,2026-05-12 13:00:00,0.162812,0.164271,0.164106,0.16294,2568656.79849198
1778594400,2026-05-12 14:00:00,0.161876,0.163642,0.162967,0.162241,3365374.40881529
1778598000,2026-05-12 15:00:00,0.161383,0.162746,0.162241,0.162151,3488692.87161647
1778601600,2026-05-12 16:00:00,0.16116,0.162586,0.162155,0.161504,2483549.02962626
1778605200,2026-05-12 17:00:00,0.161508,0.162902,0.161562,0.162445,1319888.33152608
1778608800,2026-05-12 18:00:00,0.162192,0.162722,0.162493,0.162543,1630911.93393801
1778612400,2026-05-12 19:00:00,0.162566,0.163191,0.162582,0.16294,2328739.05002683
1778616000,2026-05-12 20:00:00,0.162351,0.162939,0.162939,0.162638,830236.18867754
1778619600,2026-05-12 21:00:00,0.162552,0.163119,0.162662,0.16307,790528.58565466
1778623200,2026-05-12 22:00:00,0.162552,0.163535,0.163042,0.162702,831128.47512497
1778626800,2026-05-12 23:00:00,0.162257,0.1631,0.162702,0.162492,1025089.8024924
1778630400,2026-05-13 00:00:00,0.162078,0.162749,0.162434,0.162659,929721.07849737
1778634000,2026-05-13 01:00:00,0.16266,0.164174,0.162688,0.163783,1280264.33781089
1778637600,2026-05-13 02:00:00,0.163367,0.164381,0.163788,0.163921,1437715.59687707
1778641200,2026-05-13 03:00:00,0.163546,0.164439,0.163862,0.164322,751983.5425973
1778644800,2026-05-13 04:00:00,0.163921,0.164795,0.164289,0.164739,3348045.77745217
1778648400,2026-05-13 05:00:00,0.163409,0.164956,0.164734,0.163746,1315446.78548244
1778652000,2026-05-13 06:00:00,0.163622,0.164519,0.163782,0.163632,757003.76633042
1778655600,2026-05-13 07:00:00,0.163672,0.164402,0.16368,0.16422,605693.17951738
1778659200,2026-05-13 08:00:00,0.163919,0.164477,0.164194,0.164373,579091.34549287
1778662800,2026-05-13 09:00:00,0.164254,0.165908,0.164337,0.165691,974424.05021244
1778666400,2026-05-13 10:00:00,0.163622,0.165813,0.165726,0.163852,1505236.58876433
1778670000,2026-05-13 11:00:00,0.162568,0.163989,0.163792,0.162931,2886057.16501285
1778673600,2026-05-13 12:00:00,0.160687,0.163098,0.162931,0.161458,7057394.99499951
1778677200,2026-05-13 13:00:00,0.159699,0.16201,0.16151,0.160301,3897944.86645171
1778680800,2026-05-13 14:00:00,0.159207,0.160909,0.16027,0.160257,1493334.8265187
1778684400,2026-05-13 15:00:00,0.157696,0.160754,0.160521,0.158028,3155124.46237577
1778688000,2026-05-13 16:00:00,0.157724,0.159258,0.158063,0.158951,1648975.16017843
1778691600,2026-05-13 17:00:00,0.158957,0.159764,0.158957,0.159663,1067012.85176148
1778695200,2026-05-13 18:00:00,0.159447,0.160116,0.159632,0.159571,1878034.41883105
1778698800,2026-05-13 19:00:00,0.158594,0.159609,0.159605,0.158807,1056513.89454177
1778702400,2026-05-13 20:00:00,0.15874,0.159809,0.15884,0.159481,1141034.93664925
1778706000,2026-05-13 21:00:00,0.158246,0.159566,0.159525,0.158408,2202358.14756222
1778709600,2026-05-13 22:00:00,0.158146,0.159484,0.158459,0.159198,1399875.27633847
1778713200,2026-05-13 23:00:00,0.158763,0.159416,0.159223,0.15891,993816.83661239
1778716800,2026-05-14 00:00:00,0.158817,0.159821,0.158901,0.159552,1122659.62736768
1778720400,2026-05-14 01:00:00,0.159328,0.159848,0.159536,0.159631,1122329.89894424
1778724000,2026-05-14 02:00:00,0.158784,0.16,0.159651,0.158914,1445992.51061545
1778727600,2026-05-14 03:00:00,0.158,0.159354,0.158897,0.158196,1224367.86020528
1778731200,2026-05-14 04:00:00,0.157936,0.159416,0.158189,0.159348,1091007.78725637
1778734800,2026-05-14 05:00:00,0.159286,0.160186,0.159338,0.159816,873122.20315895
1778738400,2026-05-14 06:00:00,0.159081,0.16003,0.159773,0.159172,749000.96162864
1778742000,2026-05-14 07:00:00,0.158631,0.159307,0.159199,0.158666,614847.81615616
1778745600,2026-05-14 08:00:00,0.158377,0.159753,0.158666,0.159114,827995.85195222
1778749200,2026-05-14 09:00:00,0.158286,0.159243,0.159157,0.158533,667622.98618766
1778752800,2026-05-14 10:00:00,0.15816,0.159242,0.158533,0.159079,647293.73334921
1778756400,2026-05-14 11:00:00,0.158466,0.159258,0.159102,0.158596,835029.61307016
1778760000,2026-05-14 12:00:00,0.158479,0.160912,0.158565,0.16056,2087861.50442121
1778763600,2026-05-14 13:00:00,0.16006,0.161521,0.160573,0.160259,2833849.71965436
1778767200,2026-05-14 14:00:00,0.159629,0.164148,0.160147,0.164049,5531546.01123369
1778770800,2026-05-14 15:00:00,0.163256,0.164647,0.164048,0.163956,4874212.00599499
1778774400,2026-05-14 16:00:00,0.161938,0.164559,0.164,0.163714,3529149.17715402
1778778000,2026-05-14 17:00:00,0.162891,0.164951,0.163681,0.164104,3071146.80752375
1778781600,2026-05-14 18:00:00,0.163512,0.168461,0.164021,0.167752,9976770.96126363
1778785200,2026-05-14 19:00:00,0.165299,0.168427,0.167761,0.165834,4203027.06491219
1778788800,2026-05-14 20:00:00,0.163745,0.165982,0.165884,0.164687,4235773.05207459
1778792400,2026-05-14 21:00:00,0.163503,0.165055,0.164687,0.163947,2006430.92169282
1778796000,2026-05-14 22:00:00,0.163578,0.164378,0.163956,0.163611,1299599.65915341
1778799600,2026-05-14 23:00:00,0.162055,0.163599,0.163599,0.162319,1083307.95982847
1778803200,2026-05-15 00:00:00,0.162319,0.163474,0.162319,0.163329,2885991.28014955
1778806800,2026-05-15 01:00:00,0.161744,0.163614,0.163283,0.161784,2909136.07231146
1778810400,2026-05-15 02:00:00,0.160724,0.162985,0.161779,0.162018,6464125.10564986
1778814000,2026-05-15 03:00:00,0.161186,0.16241,0.162067,0.161936,1363360.71022194
1778817600,2026-05-15 04:00:00,0.160083,0.162077,0.161936,0.160099,1666873.74422031
1778821200,2026-05-15 05:00:00,0.1585,0.160456,0.160088,0.158727,3491694.82025016
1778824800,2026-05-15 06:00:00,0.158522,0.159951,0.158727,0.159563,1408803.77032267
1778828400,2026-05-15 07:00:00,0.159411,0.160497,0.159585,0.160019,922744.33831195
1778832000,2026-05-15 08:00:00,0.158725,0.160024,0.159991,0.159263,1218402.6452627
1778835600,2026-05-15 09:00:00,0.158368,0.159313,0.159294,0.158823,1647887.72813796
1778839200,2026-05-15 10:00:00,0.158595,0.160143,0.158796,0.159773,912499.10269419
1778842800,2026-05-15 11:00:00,0.15902,0.160349,0.159773,0.15902,2821769.94826871
1778846400,2026-05-15 12:00:00,0.158414,0.159196,0.159056,0.158762,1902493.23148258
1778850000,2026-05-15 13:00:00,0.154148,0.158892,0.158728,0.154408,8759909.03253193
1778853600,2026-05-15 14:00:00,0.15363,0.155496,0.154455,0.154443,3012625.8836278
1778857200,2026-05-15 15:00:00,0.153959,0.155034,0.154443,0.154774,3969272.88308629
1778860800,2026-05-15 16:00:00,0.154196,0.155977,0.154683,0.155568,1741214.34055527
1778864400,2026-05-15 17:00:00,0.155304,0.15609,0.155487,0.155716,1320322.61759329
1778868000,2026-05-15 18:00:00,0.155048,0.155999,0.155717,0.155337,1047772.84660911
1778871600,2026-05-15 19:00:00,0.154316,0.155277,0.155277,0.154432,847038.83962791
1778875200,2026-05-15 20:00:00,0.153968,0.154802,0.15442,0.15429,1766771.6637659
1778878800,2026-05-15 21:00:00,0.153971,0.154605,0.154297,0.154172,945334.52247248
1778882400,2026-05-15 22:00:00,0.154044,0.154668,0.154163,0.154514,707746.43592751
1778886000,2026-05-15 23:00:00,0.154325,0.154935,0.154514,0.154573,879395.08062855
1778889600,2026-05-16 00:00:00,0.154324,0.155571,0.154572,0.155123,2081978.73447698
1778893200,2026-05-16 01:00:00,0.15435,0.155133,0.155133,0.15499,1282304.8852043
1778896800,2026-05-16 02:00:00,0.154787,0.155231,0.154969,0.154899,915473.15086834
1778900400,2026-05-16 03:00:00,0.15455,0.15507,0.154958,0.154707,923314.23922899
1778904000,2026-05-16 04:00:00,0.153076,0.154676,0.154676,0.153647,3118949.37013434
1778907600,2026-05-16 05:00:00,0.153173,0.153872,0.153578,0.153272,2003863.27609147
1778911200,2026-05-16 06:00:00,0.151609,0.15345,0.153318,0.152206,2292928.84140904
1778914800,2026-05-16 07:00:00,0.150412,0.152361,0.152165,0.151941,2921711.78202503
1778918400,2026-05-16 08:00:00,0.151946,0.152446,0.151997,0.151946,1157141.97375543
1778922000,2026-05-16 09:00:00,0.150282,0.152035,0.151919,0.15088,1713807.52030038
1778925600,2026-05-16 10:00:00,0.150218,0.151238,0.150839,0.151104,1592013.32381818
1778929200,2026-05-16 11:00:00,0.151187,0.151793,0.151187,0.151515,1111052.55728378
1778932800,2026-05-16 12:00:00,0.151438,0.151931,0.151517,0.151521,992574.24963688
1778936400,2026-05-16 13:00:00,0.151264,0.15179,0.151507,0.15167,1063157.08808002
1778940000,2026-05-16 14:00:00,0.151292,0.152573,0.151699,0.15196,950221.51565242
1778943600,2026-05-16 15:00:00,0.15196,0.152567,0.15196,0.152233,1117555.26129281
1778947200,2026-05-16 16:00:00,0.152193,0.153018,0.152239,0.152545,1219831.20607247
1778950800,2026-05-16 17:00:00,0.152103,0.152892,0.152644,0.15262,1952749.52376666
1778954400,2026-05-16 18:00:00,0.152012,0.152699,0.15257,0.152092,708878.17598631
1778958000,2026-05-16 19:00:00,0.151775,0.152284,0.152136,0.151983,752244.09511332
1778961600,2026-05-16 20:00:00,0.151589,0.152293,0.151944,0.151773,865925.72096996
1778965200,2026-05-16 21:00:00,0.15158,0.151889,0.151773,0.151694,484953.03562512
1778968800,2026-05-16 22:00:00,0.151553,0.152269,0.15172,0.151865,1777235.14556343
1778972400,2026-05-16 23:00:00,0.151366,0.152362,0.151848,0.151726,3042721.61506566
1778976000,2026-05-17 00:00:00,0.150806,0.152059,0.151702,0.15106,915135.53688688
1778979600,2026-05-17 01:00:00,0.150185,0.151452,0.15106,0.150343,1285620.45132384
1778983200,2026-05-17 02:00:00,0.150255,0.150799,0.150288,0.150601,1358539.73435101
1778986800,2026-05-17 03:00:00,0.150584,0.151643,0.1506,0.151452,1006835.78265714
1778990400,2026-05-17 04:00:00,0.151368,0.151979,0.151411,0.151708,737543.81629964
1778994000,2026-05-17 05:00:00,0.1516,0.152541,0.151716,0.151873,792067.12371433
1778997600,2026-05-17 06:00:00,0.151421,0.15204,0.151908,0.15156,612165.34853311
1779001200,2026-05-17 07:00:00,0.151402,0.152051,0.151589,0.151959,464584.44122144
1779004800,2026-05-17 08:00:00,0.1515,0.151953,0.151953,0.15158,408443.45094541
1779008400,2026-05-17 09:00:00,0.15148,0.152052,0.15158,0.152052,750214.40711588
1779012000,2026-05-17 10:00:00,0.151941,0.152843,0.152075,0.152126,2115107.80107268
1779015600,2026-05-17 11:00:00,0.151691,0.152145,0.152144,0.151999,626063.82582522
1779019200,2026-05-17 12:00:00,0.151749,0.152245,0.152048,0.15179,407567.01536024
1779022800,2026-05-17 13:00:00,0.151082,0.152206,0.151755,0.151627,2211803.97010249
1779026400,2026-05-17 14:00:00,0.150651,0.151659,0.151627,0.150858,666004.70285356
1779030000,2026-05-17 15:00:00,0.150651,0.15113,0.15085,0.150975,845184.99171325
1779033600,2026-05-17 16:00:00,0.150423,0.151306,0.151017,0.150511,648819.50790569
1779037200,2026-05-17 17:00:00,0.150186,0.150915,0.150545,0.150806,955627.79596269
1779040800,2026-05-17 18:00:00,0.1504,0.151151,0.150771,0.151151,1035900.59047723
1779044400,2026-05-17 19:00:00,0.151054,0.151925,0.151151,0.151634,727330.52347437
1779048000,2026-05-17 20:00:00,0.151136,0.151905,0.15169,0.15134,918679.79357404
1779051600,2026-05-17 21:00:00,0.151052,0.151934,0.151311,0.151697,917040.01393597
1779055200,2026-05-17 22:00:00,0.150294,0.151697,0.151697,0.15064,2420134.37828082
1779058800,2026-05-17 23:00:00,0.146,0.150653,0.15064,0.149355,12164396.22890577
1779062400,2026-05-18 00:00:00,0.148149,0.149758,0.149298,0.149659,3146119.2557155
1779066000,2026-05-18 01:00:00,0.148735,0.150079,0.149659,0.149871,3243086.37222744
1779069600,2026-05-18 02:00:00,0.149338,0.150505,0.149789,0.14976,1414204.00977169
1779073200,2026-05-18 03:00:00,0.149311,0.150266,0.14979,0.14949,922656.4365284
1779076800,2026-05-18 04:00:00,0.149157,0.149927,0.14949,0.149641,863400.85721527
1779080400,2026-05-18 05:00:00,0.148374,0.149679,0.149641,0.1485,940564.54455526
1779084000,2026-05-18 06:00:00,0.14742,0.148904,0.148512,0.148081,2977448.17145189
1779087600,2026-05-18 07:00:00,0.147478,0.148396,0.148112,0.147737,1124548.62302927
1779091200,2026-05-18 08:00:00,0.147232,0.148085,0.147764,0.147732,649385.70781981
1779094800,2026-05-18 09:00:00,0.146958,0.147674,0.147674,0.147066,849843.95553373
1779098400,2026-05-18 10:00:00,0.146267,0.147203,0.147034,0.146798,2543776.23257236
1779102000,2026-05-18 11:00:00,0.146439,0.148632,0.146798,0.1477,1112187.04000189
1779105600,2026-05-18 12:00:00,0.147704,0.14934,0.147704,0.148839,1359454.06340203
1779109200,2026-05-18 13:00:00,0.14694,0.14889,0.14883,0.147684,1598415.41726062
1779112800,2026-05-18 14:00:00,0.146088,0.147691,0.147625,0.146535,1300895.8697683
1779116400,2026-05-18 15:00:00,0.145277,0.146533,0.146475,0.146172,1993264.25662334
1779120000,2026-05-18 16:00:00,0.145414,0.146606,0.14616,0.145901,1134287.9743013
1779123600,2026-05-18 17:00:00,0.145721,0.146497,0.145923,0.145982,771132.97541932
1779127200,2026-05-18 18:00:00,0.144619,0.146015,0.145982,0.144659,1968772.15123843
1779130800,2026-05-18 19:00:00,0.144659,0.147361,0.144699,0.147047,2122843.29047436
1779134400,2026-05-18 20:00:00,0.145986,0.147691,0.147104,0.146161,1354327.98675381
1779138000,2026-05-18 21:00:00,0.145889,0.147684,0.146161,0.147529,1004647.12320762
1779141600,2026-05-18 22:00:00,0.147156,0.147909,0.147587,0.147492,997744.33746227
1779145200,2026-05-18 23:00:00,0.146945,0.147805,0.147489,0.147232,1041934.44511666
1779148800,2026-05-19 00:00:00,0.147201,0.148352,0.147232,0.147767,1104809.12348924
1779152400,2026-05-19 01:00:00,0.146848,0.14771,0.1477,0.146988,734099.16078755
1779156000,2026-05-19 02:00:00,0.146285,0.147296,0.146988,0.1464,1085572.26382263
1779159600,2026-05-19 03:00:00,0.146211,0.147011,0.1464,0.146733,657065.0063121
1779163200,2026-05-19 04:00:00,0.14646,0.147215,0.14672,0.147019,926531.29793582
1779166800,2026-05-19 05:00:00,0.145768,0.14706,0.146973,0.146526,691994.1584969
1779170400,2026-05-19 06:00:00,0.146265,0.146992,0.146562,0.146392,1495571.17309924
1779174000,2026-05-19 07:00:00,0.146256,0.147272,0.146387,0.146993,1152985.82423891
1779177600,2026-05-19 08:00:00,0.146459,0.148161,0.14697,0.147349,2378796.00758772
1779181200,2026-05-19 09:00:00,0.145344,0.147412,0.147369,0.145655,3293310.09034773
1779184800,2026-05-19 10:00:00,0.144915,0.145814,0.145629,0.145486,1713137.85164954
1779188400,2026-05-19 11:00:00,0.14475,0.145603,0.145504,0.144996,1416725.75640748
1779192000,2026-05-19 12:00:00,0.144725,0.145709,0.144979,0.145556,740199.51411147
1779195600,2026-05-19 13:00:00,0.144839,0.146046,0.145593,0.145664,883562.81544213
1779199200,2026-05-19 14:00:00,0.143535,0.14591,0.145633,0.14456,1697095.511107
1779202800,2026-05-19 15:00:00,0.144406,0.145229,0.144486,0.14467,1127544.79004063
1779206400,2026-05-19 16:00:00,0.144353,0.145816,0.14467,0.145569,1500863.01669366
1779210000,2026-05-19 17:00:00,0.144718,0.145811,0.145568,0.145281,1216969.95254629
1779213600,2026-05-19 18:00:00,0.144015,0.14533,0.145307,0.14438,1554321.49886206
1779217200,2026-05-19 19:00:00,0.143584,0.145002,0.144416,0.14384,833971.67298504
1779220800,2026-05-19 20:00:00,0.143104,0.143926,0.143769,0.143486,1265276.53404898
1779224400,2026-05-19 21:00:00,0.143138,0.143764,0.143543,0.143195,989125.75467575
1779228000,2026-05-19 22:00:00,0.142588,0.143633,0.143137,0.143039,1137991.78893705
1779231600,2026-05-19 23:00:00,0.142977,0.143946,0.143009,0.143424,1009529.51707032
1779235200,2026-05-20 00:00:00,0.142164,0.143609,0.143424,0.142784,2433549.57005339
1779238800,2026-05-20 01:00:00,0.14212,0.1432,0.142772,0.143095,1580833.81142793
1779242400,2026-05-20 02:00:00,0.142314,0.143193,0.143095,0.142519,890488.84284308
1779246000,2026-05-20 03:00:00,0.142349,0.143251,0.142517,0.142838,1525359.59427477
1779249600,2026-05-20 04:00:00,0.142271,0.143184,0.142839,0.142656,1226689.77643239
1779253200,2026-05-20 05:00:00,0.142681,0.143788,0.142686,0.14346,1393303.50723341
1779256800,2026-05-20 06:00:00,0.143264,0.144004,0.143519,0.143904,1002578.7235801
1779260400,2026-05-20 07:00:00,0.143008,0.143904,0.143893,0.143079,672571.95578761
1779264000,2026-05-20 08:00:00,0.142843,0.143623,0.143078,0.143101,1069788.52592915
1779267600,2026-05-20 09:00:00,0.142473,0.143152,0.143101,0.142593,1343271.51599361
1779271200,2026-05-20 10:00:00,0.1425,0.14688,0.142622,0.143162,3359179.19974909
1779274800,2026-05-20 11:00:00,0.142443,0.143255,0.143177,0.142636,833468.20642416
1779278400,2026-05-20 12:00:00,0.1424,0.143985,0.142629,0.143665,1366742.48100356
1779282000,2026-05-20 13:00:00,0.14198,0.143956,0.143695,0.142751,2350602.38033776
1779285600,2026-05-20 14:00:00,0.142071,0.14421,0.142751,0.143985,4004176.19580709
1779289200,2026-05-20 15:00:00,0.143415,0.144956,0.143976,0.143909,2287109.43833377
1779292800,2026-05-20 16:00:00,0.143061,0.144415,0.143964,0.143948,1589108.92366249
1779296400,2026-05-20 17:00:00,0.143405,0.144698,0.143948,0.144221,2278944.75171065
1779300000,2026-05-20 18:00:00,0.14325,0.144269,0.144152,0.143372,1951346.00366233
1779303600,2026-05-20 19:00:00,0.14289,0.14414,0.143364,0.144062,1711547.98285994
1779307200,2026-05-20 20:00:00,0.143332,0.144331,0.143998,0.143808,1156566.9028138
1779310800,2026-05-20 21:00:00,0.143349,0.144002,0.143845,0.143349,1024634.86534977
1779314400,2026-05-20 22:00:00,0.142641,0.143554,0.143299,0.143434,1031067.60735537
1779318000,2026-05-20 23:00:00,0.14301,0.143799,0.143389,0.143704,1479601.98530236
1779321600,2026-05-21 00:00:00,0.1436,0.145126,0.143733,0.144915,1432521.52757465
1779325200,2026-05-21 01:00:00,0.14487,0.145899,0.144915,0.145504,2647969.32576535
1779328800,2026-05-21 02:00:00,0.143,0.146682,0.145453,0.145829,4356702.24036061
1779332400,2026-05-21 03:00:00,0.14573,0.146915,0.145885,0.146867,1220141.04207222
1779336000,2026-05-21 04:00:00,0.146527,0.147595,0.146822,0.146801,2020529.66157547
1779339600,2026-05-21 05:00:00,0.14519,0.147,0.146791,0.145823,1732382.1831941
1779343200,2026-05-21 06:00:00,0.144761,0.146003,0.145828,0.145021,1556240.32234189
1779346800,2026-05-21 07:00:00,0.144603,0.145806,0.145024,0.145561,1337207.08076938
1779350400,2026-05-21 08:00:00,0.14535,0.146224,0.14556,0.145625,1094328.66771749
1779354000,2026-05-21 09:00:00,0.144628,0.145806,0.145638,0.144629,965350.55947844
1779357600,2026-05-21 10:00:00,0.142929,0.14483,0.144644,0.143226,1456190.21812811
1779361200,2026-05-21 11:00:00,0.143108,0.144051,0.143226,0.143269,2074087.60359303
1779364800,2026-05-21 12:00:00,0.143195,0.144517,0.143276,0.144182,1640929.25056483
1779368400,2026-05-21 13:00:00,0.143164,0.144638,0.144182,0.144304,2160537.76089078
1779372000,2026-05-21 14:00:00,0.143257,0.144564,0.144376,0.144069,1529823.95613374
1779375600,2026-05-21 15:00:00,0.143935,0.145446,0.144069,0.144778,1847530.37540141
1779379200,2026-05-21 16:00:00,0.14463,0.145617,0.144798,0.145596,1208061.73002075
1779382800,2026-05-21 17:00:00,0.145502,0.148707,0.145574,0.14802,3927376.61975239
1779386400,2026-05-21 18:00:00,0.146699,0.148674,0.147961,0.147331,1736484.09692043
1779390000,2026-05-21 19:00:00,0.146967,0.147794,0.14741,0.147569,1016461.59529921
1779393600,2026-05-21 20:00:00,0.147042,0.147664,0.147501,0.14719,1102415.29951203
1779397200,2026-05-21 21:00:00,0.147106,0.147702,0.147187,0.14721,976344.86412523
1779400800,2026-05-21 22:00:00,0.146534,0.14743,0.147245,0.146617,2208895.43273502
1779404400,2026-05-21 23:00:00,0.146148,0.146862,0.146624,0.146637,2717868.05166756
1779408000,2026-05-22 00:00:00,0.14588,0.146674,0.1466,0.146002,1178844.97864017
1779411600,2026-05-22 01:00:00,0.145791,0.14673,0.146009,0.146699,1667610.79249105
1779415200,2026-05-22 02:00:00,0.146716,0.147654,0.146716,0.147421,1195306.60407945
1779418800,2026-05-22 03:00:00,0.147422,0.148314,0.147422,0.148071,1117224.38224517
1779422400,2026-05-22 04:00:00,0.147424,0.148686,0.148071,0.147829,1216434.18975141
1779426000,2026-05-22 05:00:00,0.147088,0.1482,0.147864,0.147334,1313737.1999356
1779429600,2026-05-22 06:00:00,0.146454,0.147345,0.14724,0.146474,1093771.06681328
1779433200,2026-05-22 07:00:00,0.146,0.14727,0.146474,0.146923,826135.56026607
1779436800,2026-05-22 08:00:00,0.14637,0.14749,0.146906,0.147189,1896975.04655456
1779440400,2026-05-22 09:00:00,0.146881,0.1479,0.147205,0.146992,1265343.78177399
1779444000,2026-05-22 10:00:00,0.146879,0.147666,0.146942,0.147335,847690.39948812
1779447600,2026-05-22 11:00:00,0.147257,0.148895,0.147354,0.148679,1321670.77443735
1779451200,2026-05-22 12:00:00,0.148543,0.1504,0.148622,0.150272,2422584.48163638
1779454800,2026-05-22 13:00:00,0.147966,0.150453,0.150304,0.14864,2670720.70803946
1779458400,2026-05-22 14:00:00,0.146367,0.14864,0.14864,0.146624,1726605.06577959
1779462000,2026-05-22 15:00:00,0.146048,0.147568,0.146623,0.147312,2104462.09210215
1779465600,2026-05-22 16:00:00,0.146551,0.147875,0.147296,0.147329,1778016.94940684
1779469200,2026-05-22 17:00:00,0.146755,0.148014,0.147333,0.146755,1232162.13820315
1779472800,2026-05-22 18:00:00,0.144321,0.146796,0.146754,0.145674,1974802.47816209
1779476400,2026-05-22 19:00:00,0.143744,0.145961,0.145629,0.144565,2534791.09478402
1779480000,2026-05-22 20:00:00,0.144389,0.145429,0.144608,0.145301,2894728.0701489
1779483600,2026-05-22 21:00:00,0.145056,0.145572,0.145248,0.14508,1563985.52579249
1779487200,2026-05-22 22:00:00,0.144028,0.145063,0.145056,0.14449,1176478.74046202
1779490800,2026-05-22 23:00:00,0.142971,0.144955,0.144435,0.14338,2405545.36118388
1779494400,2026-05-23 00:00:00,0.14293,0.144159,0.143382,0.144129,1521990.0907917
1779498000,2026-05-23 01:00:00,0.143905,0.144671,0.144064,0.144256,796560.01595081
1779501600,2026-05-23 02:00:00,0.143938,0.144352,0.144256,0.144107,832746.41335994
1779505200,2026-05-23 03:00:00,0.144064,0.144631,0.144102,0.144327,1926427.69803986
1779508800,2026-05-23 04:00:00,0.143872,0.144442,0.144321,0.144002,1215248.33771258
1779512400,2026-05-23 05:00:00,0.143407,0.144128,0.144002,0.143747,568844.75090522
1779516000,2026-05-23 06:00:00,0.142544,0.143776,0.143743,0.142913,1030375.15202786
1779519600,2026-05-23 07:00:00,0.1395,0.143029,0.142944,0.140703,4029897.84038481
1779523200,2026-05-23 08:00:00,0.13988,0.141247,0.140684,0.140612,2158934.85389221
1779526800,2026-05-23 09:00:00,0.140561,0.141204,0.140613,0.140857,736049.25817281
1779530400,2026-05-23 10:00:00,0.140809,0.141561,0.140838,0.141385,689936.29683643
1779534000,2026-05-23 11:00:00,0.141113,0.141631,0.14136,0.141167,455722.65736902
1779537600,2026-05-23 12:00:00,0.140909,0.142357,0.141149,0.142357,1044470.66578683
1779541200,2026-05-23 13:00:00,0.142303,0.143719,0.142304,0.143405,1023511.04899933
1779544800,2026-05-23 14:00:00,0.142958,0.144925,0.143469,0.144551,1759508.53901586
1779548400,2026-05-23 15:00:00,0.144526,0.145459,0.144631,0.145122,1377211.84485524
1779552000,2026-05-23 16:00:00,0.144578,0.145263,0.145151,0.144963,1029837.7616305
1779555600,2026-05-23 17:00:00,0.144506,0.145025,0.144893,0.144848,846780.05470827
1779559200,2026-05-23 18:00:00,0.144784,0.146186,0.144889,0.145418,992155.47503979
1779562800,2026-05-23 19:00:00,0.145267,0.146062,0.145424,0.14599,1235087.81586491
1779566400,2026-05-23 20:00:00,0.145964,0.149254,0.145964,0.149137,5100230.20826665
1779570000,2026-05-23 21:00:00,0.147,0.14957,0.149251,0.147507,2661341.8408878
1779573600,2026-05-23 22:00:00,0.147062,0.147972,0.147516,0.147558,1833450.01767189
1779577200,2026-05-23 23:00:00,0.147364,0.14814,0.147517,0.148087,1427477.41570448
1779580800,2026-05-24 00:00:00,0.147507,0.149007,0.148065,0.148806,1347772.53063897
1779584400,2026-05-24 01:00:00,0.1485,0.149071,0.148806,0.148583,1298107.18929174
1779588000,2026-05-24 02:00:00,0.147514,0.148776,0.148608,0.148375,704114.21871874
1779591600,2026-05-24 03:00:00,0.147968,0.14884,0.148374,0.148306,941679.16919724
1779595200,2026-05-24 04:00:00,0.147942,0.148686,0.148367,0.14852,634097.30882571
1779598800,2026-05-24 05:00:00,0.147525,0.148505,0.148448,0.148028,1035054.10142803
1779602400,2026-05-24 06:00:00,0.147587,0.1491,0.148001,0.149052,1018526.96560989
1779606000,2026-05-24 07:00:00,0.148434,0.149189,0.149052,0.148505,1097081.37510828
1779609600,2026-05-24 08:00:00,0.148027,0.149311,0.148502,0.149258,1282998.31489184
1779613200,2026-05-24 09:00:00,0.148769,0.149464,0.149258,0.148996,1464825.40941214
1779616800,2026-05-24 10:00:00,0.148421,0.14966,0.148995,0.148772,1471616.54609018
1779620400,2026-05-24 11:00:00,0.148691,0.149215,0.148692,0.149176,799181.69265371
1779624000,2026-05-24 12:00:00,0.147897,0.149243,0.149176,0.148085,1163509.19735923
1779627600,2026-05-24 13:00:00,0.146965,0.148277,0.14809,0.14742,1930894.27565369
1779631200,2026-05-24 14:00:00,0.14543,0.147623,0.147455,0.146607,2906117.47027275
1779634800,2026-05-24 15:00:00,0.146214,0.147,0.146599,0.146512,971893.39920957
1779638400,2026-05-24 16:00:00,0.14635,0.147148,0.146526,0.146917,1782418.46449174
1779642000,2026-05-24 17:00:00,0.146414,0.146979,0.14691,0.146569,634915.96496139
1779645600,2026-05-24 18:00:00,0.146097,0.146973,0.146582,0.146366,738928.90107838
1779649200,2026-05-24 19:00:00,0.146126,0.14665,0.146366,0.146272,846836.12293646
1779652800,2026-05-24 20:00:00,0.145655,0.146526,0.146287,0.14591,1498612.7526854
1779656400,2026-05-24 21:00:00,0.14476,0.146159,0.14591,0.145196,1833409.38795107
1779660000,2026-05-24 22:00:00,0.145074,0.147105,0.145145,0.146878,1574425.29765828
1779663600,2026-05-24 23:00:00,0.146672,0.147698,0.146895,0.147397,1315218.6125074
1779667200,2026-05-25 00:00:00,0.147317,0.147998,0.147431,0.147465,1429387.07467127
1779670800,2026-05-25 01:00:00,0.14658,0.147504,0.147469,0.146613,1207799.3855323
1779674400,2026-05-25 02:00:00,0.146573,0.147806,0.146575,0.146949,1048295.03241145
1779678000,2026-05-25 03:00:00,0.14685,0.147392,0.146949,0.147307,1188786.87622939
1779681600,2026-05-25 04:00:00,0.146907,0.148402,0.147316,0.148258,1465336.04362533
1779685200,2026-05-25 05:00:00,0.148163,0.149094,0.148216,0.148728,1337285.50224698
1779688800,2026-05-25 06:00:00,0.148155,0.15042,0.148746,0.150338,2475416.47049
1779692400,2026-05-25 07:00:00,0.150345,0.152852,0.150345,0.152736,6100351.25466613
1779696000,2026-05-25 08:00:00,0.152526,0.153568,0.152768,0.15328,2379369.98384495
1779699600,2026-05-25 09:00:00,0.15168,0.15344,0.153312,0.151893,1466331.29254872
1779703200,2026-05-25 10:00:00,0.15152,0.152896,0.151935,0.152871,1348583.90761238
1779706800,2026-05-25 11:00:00,0.150612,0.153056,0.152844,0.150973,1655749.07590573
1779710400,2026-05-25 12:00:00,0.14995,0.151026,0.150973,0.150335,1478291.51078954
1779714000,2026-05-25 13:00:00,0.149733,0.150782,0.150304,0.14992,940238.26602237
1779717600,2026-05-25 14:00:00,0.149728,0.151215,0.149937,0.150535,1690156.02896182
1779721200,2026-05-25 15:00:00,0.150103,0.151463,0.150567,0.151134,1798284.51454111
1779724800,2026-05-25 16:00:00,0.150319,0.151276,0.151115,0.150643,952337.52908398
1779728400,2026-05-25 17:00:00,0.150567,0.15153,0.150701,0.151342,842963.2768051
1779732000,2026-05-25 18:00:00,0.150659,0.151701,0.151373,0.150725,855021.63305003
1779735600,2026-05-25 19:00:00,0.149978,0.150851,0.150725,0.150319,759327.95905593
1779739200,2026-05-25 20:00:00,0.149637,0.150902,0.150319,0.149949,841369.20616525
1779742800,2026-05-25 21:00:00,0.14949,0.150222,0.149959,0.149664,1074611.99967556
1779746400,2026-05-25 22:00:00,0.148893,0.149755,0.149666,0.149301,1848117.7660333
1779750000,2026-05-25 23:00:00,0.149302,0.1501,0.149304,0.149662,807152.19379951
1779753600,2026-05-26 00:00:00,0.14806,0.149819,0.149662,0.148741,1970119.56122661
1779757200,2026-05-26 01:00:00,0.147724,0.149175,0.148741,0.14815,1179111.26798797
1779760800,2026-05-26 02:00:00,0.147747,0.148351,0.148156,0.147932,841029.7927048
1779764400,2026-05-26 03:00:00,0.147312,0.148095,0.147931,0.147957,1017337.40855818
1779768000,2026-05-26 04:00:00,0.147276,0.148319,0.147959,0.148093,1953512.84840959
1779771600,2026-05-26 05:00:00,0.147994,0.149324,0.148108,0.148738,897861.92926523
1779775200,2026-05-26 06:00:00,0.148305,0.149206,0.148707,0.149151,723281.29604833
1779778800,2026-05-26 07:00:00,0.147785,0.149132,0.149113,0.147785,958919.22268848
1779782400,2026-05-26 08:00:00,0.147765,0.14844,0.147828,0.148051,918660.16628151
1779786000,2026-05-26 09:00:00,0.147847,0.148508,0.148068,0.148021,803935.75959221
1779789600,2026-05-26 10:00:00,0.147853,0.15066,0.148021,0.15022,1367954.15282559
1779793200,2026-05-26 11:00:00,0.14948,0.150331,0.150173,0.14956,1080007.53718087
1779796800,2026-05-26 12:00:00,0.149036,0.149936,0.149556,0.14956,1064917.76671774
1779800400,2026-05-26 13:00:00,0.148489,0.150109,0.149574,0.149917,1510091.951033
1779804000,2026-05-26 14:00:00,0.148938,0.151263,0.149924,0.149394,2831098.05533705
1779807600,2026-05-26 15:00:00,0.148536,0.150034,0.149437,0.149504,1921844.81114683
1779811200,2026-05-26 16:00:00,0.147994,0.149646,0.149485,0.148514,1575391.45271656
1779814800,2026-05-26 17:00:00,0.1464,0.14884,0.148555,0.147236,2367886.62101882
1779818400,2026-05-26 18:00:00,0.146662,0.14816,0.147248,0.146992,3351792.95161241
1779822000,2026-05-26 19:00:00,0.146603,0.147842,0.146929,0.14753,3271808.17338626
1779825600,2026-05-26 20:00:00,0.147457,0.147961,0.147578,0.147795,1107564.58640536
1779829200,2026-05-26 21:00:00,0.146945,0.147816,0.147793,0.146958,1006048.95128153
1779832800,2026-05-26 22:00:00,0.14685,0.147527,0.146957,0.147424,991128.3188821
1779836400,2026-05-26 23:00:00,0.147321,0.147917,0.147424,0.147505,720272.5160519
1779840000,2026-05-27 00:00:00,0.147215,0.148253,0.147521,0.148233,1981534.57600481
1779843600,2026-05-27 01:00:00,0.147809,0.148483,0.148233,0.14791,1338319.59365416
1779847200,2026-05-27 02:00:00,0.1472,0.14808,0.147964,0.14808,1486589.46278023
1779850800,2026-05-27 03:00:00,0.147136,0.14848,0.148096,0.147404,1751811.85439969
1779854400,2026-05-27 04:00:00,0.146013,0.147781,0.147446,0.147172,1878573.69830971
1779858000,2026-05-27 05:00:00,0.1469,0.147699,0.147229,0.147495,2342366.47103825
1779861600,2026-05-27 06:00:00,0.146968,0.147892,0.147491,0.147535,1087927.46945678
1779865200,2026-05-27 07:00:00,0.147061,0.147816,0.147552,0.147358,1060190.21970234
1779868800,2026-05-27 08:00:00,0.14694,0.147745,0.147342,0.147011,689741.86763885
1779872400,2026-05-27 09:00:00,0.146526,0.147084,0.14699,0.146727,1897107.24213771
1779876000,2026-05-27 10:00:00,0.146449,0.147486,0.146802,0.146931,1099577.12438683
1779879600,2026-05-27 11:00:00,0.146853,0.147482,0.146889,0.147,1087090.44748758
1779883200,2026-05-27 12:00:00,0.146627,0.15204,0.146984,0.150627,9084632.05168612
1779886800,2026-05-27 13:00:00,0.148203,0.151499,0.150629,0.151142,7065267.94583762
1779890400,2026-05-27 14:00:00,0.151176,0.160604,0.151176,0.159995,30231995.97485021
1779894000,2026-05-27 15:00:00,0.158361,0.16304,0.160017,0.161455,20223680.29301781
1779897600,2026-05-27 16:00:00,0.158584,0.164278,0.161509,0.163055,17216594.82558381
1779901200,2026-05-27 17:00:00,0.159447,0.164514,0.16301,0.159805,14807022.60874794
1779904800,2026-05-27 18:00:00,0.158693,0.165499,0.159809,0.165141,16442682.9177136
1779908400,2026-05-27 19:00:00,0.162726,0.17,0.165186,0.165147,24171267.96902122
1779912000,2026-05-27 20:00:00,0.1638,0.168185,0.164972,0.166622,7237651.94312759
1779915600,2026-05-27 21:00:00,0.160815,0.169892,0.166622,0.161095,21633327.11689059
1779919200,2026-05-27 22:00:00,0.160019,0.162837,0.161112,0.161919,9881843.53563763
1779922800,2026-05-27 23:00:00,0.159537,0.16412,0.161789,0.163724,7932960.00873398
1779926400,2026-05-28 00:00:00,0.163675,0.174482,0.163748,0.172684,33541638.47902866
1779930000,2026-05-28 01:00:00,0.171503,0.176069,0.172826,0.174375,20838886.35618475
1779933600,2026-05-28 02:00:00,0.173976,0.180804,0.174592,0.175502,28196194.73222005
1779937200,2026-05-28 03:00:00,0.16945,0.178146,0.175542,0.17028,23654264.2728861
1779940800,2026-05-28 04:00:00,0.167822,0.172159,0.170381,0.171961,21645414.97831473
1779944400,2026-05-28 05:00:00,0.168039,0.172213,0.171961,0.168656,16825280.60824125
1779948000,2026-05-28 06:00:00,0.167051,0.171124,0.168656,0.170533,8242130.04332948
1779951600,2026-05-28 07:00:00,0.165865,0.170569,0.170532,0.166361,8111001.98135389
1779955200,2026-05-28 08:00:00,0.165136,0.169599,0.166385,0.168936,7942476.19759134
1779958800,2026-05-28 09:00:00,0.168499,0.173504,0.169096,0.172123,15173949.77423698
1779962400,2026-05-28 10:00:00,0.172055,0.176547,0.172097,0.175007,15069769.60817011
1779966000,2026-05-28 11:00:00,0.173646,0.17879,0.175005,0.177994,13526345.20170588
1779969600,2026-05-28 12:00:00,0.178021,0.191669,0.178021,0.19001,44310171.84967342
1779973200,2026-05-28 13:00:00,0.189671,0.204847,0.189924,0.197502,45208517.07166603
1779976800,2026-05-28 14:00:00,0.1905,0.203399,0.197502,0.195054,48364268.27249699
1779980400,2026-05-28 15:00:00,0.190901,0.201927,0.195144,0.195947,35555057.23626404
1779984000,2026-05-28 16:00:00,0.195211,0.208819,0.195943,0.201926,51123415.23134421
1779987600,2026-05-28 17:00:00,0.199878,0.211786,0.201956,0.210678,43734989.17253126
1779991200,2026-05-28 18:00:00,0.204084,0.217234,0.210762,0.204874,40625626.84975364
1779994800,2026-05-28 19:00:00,0.199094,0.210219,0.204673,0.200968,30292376.19310434
1779998400,2026-05-28 20:00:00,0.199394,0.207178,0.200913,0.205492,20023086.92140493
1780002000,2026-05-28 21:00:00,0.205453,0.211334,0.205453,0.209459,15151107.76696366
1780005600,2026-05-28 22:00:00,0.203238,0.212067,0.209581,0.207155,22306028.98323106
1780009200,2026-05-28 23:00:00,0.200761,0.207589,0.207125,0.20351,13972204.78288977
1780012800,2026-05-29 00:00:00,0.196144,0.208195,0.20349,0.197257,28691637.56217549
1780016400,2026-05-29 01:00:00,0.195643,0.200357,0.197241,0.197346,13053047.66469609
1780020000,2026-05-29 02:00:00,0.196359,0.200785,0.197304,0.197603,17949827.25101363
1780023600,2026-05-29 03:00:00,0.197302,0.209,0.19767,0.208375,40487494.19659851
1780027200,2026-05-29 04:00:00,0.200675,0.208915,0.208395,0.201186,25882313.41348557
1780030800,2026-05-29 05:00:00,0.20016,0.211039,0.201067,0.209664,17383326.28390814
1780034400,2026-05-29 06:00:00,0.204987,0.213604,0.209558,0.205781,17969393.68309944
1780038000,2026-05-29 07:00:00,0.203087,0.21467,0.205674,0.207664,18202488.17145682
1780041600,2026-05-29 08:00:00,0.20738,0.222576,0.20759,0.222258,29967404.65614459
1780045200,2026-05-29 09:00:00,0.209444,0.223618,0.222556,0.210464,21060252.42125197
1780048800,2026-05-29 10:00:00,0.208927,0.21498,0.210359,0.210322,17233752.32318775
1780052400,2026-05-29 11:00:00,0.203197,0.210428,0.210248,0.203487,19693126.22270585
1780056000,2026-05-29 12:00:00,0.201442,0.207025,0.203573,0.20406,16145991.49209379
1780059600,2026-05-29 13:00:00,0.201985,0.207528,0.20406,0.205673,11152666.8678195
1780063200,2026-05-29 14:00:00,0.20076,0.20774,0.205695,0.20627,17044707.98832768
1780066800,2026-05-29 15:00:00,0.204324,0.215522,0.20627,0.214352,36145332.31338857
1780070400,2026-05-29 16:00:00,0.20862,0.215512,0.214475,0.209617,18802647.82950845
1780074000,2026-05-29 17:00:00,0.209461,0.214173,0.209619,0.213447,11620899.89082495
1780077600,2026-05-29 18:00:00,0.21358,0.220628,0.213646,0.217701,26963225.87508142
1780081200,2026-05-29 19:00:00,0.217246,0.246317,0.217675,0.239646,44582011.16359711
1780084800,2026-05-29 20:00:00,0.230445,0.241778,0.239717,0.241015,34664506.89765119
1780088400,2026-05-29 21:00:00,0.236506,0.246286,0.24093,0.239724,32537259.49027423
1780092000,2026-05-29 22:00:00,0.23692,0.255968,0.23975,0.255734,37155593.6894536
1780095600,2026-05-29 23:00:00,0.253815,0.26602,0.255986,0.259588,41771278.26737315
1780099200,2026-05-30 00:00:00,0.257004,0.271144,0.259383,0.26775,35366203.5797864
1780102800,2026-05-30 01:00:00,0.263666,0.276079,0.267977,0.273426,35978360.44326682
1780106400,2026-05-30 02:00:00,0.269391,0.289103,0.273672,0.2862,39885322.0970489
1780110000,2026-05-30 03:00:00,0.280211,0.297944,0.286237,0.293495,43765954.68835139
1780113600,2026-05-30 04:00:00,0.262728,0.2946,0.293482,0.264231,46614526.1129457
1780117200,2026-05-30 05:00:00,0.255596,0.274325,0.264231,0.259847,62227434.04452216
1780120800,2026-05-30 06:00:00,0.255026,0.263533,0.259991,0.255772,16947415.82479007
1780124400,2026-05-30 07:00:00,0.25119,0.259158,0.255946,0.252388,15285954.71306357
1780128000,2026-05-30 08:00:00,0.247428,0.256399,0.252346,0.2479,10157738.21031839
1780131600,2026-05-30 09:00:00,0.239442,0.250217,0.2479,0.240044,17156420.29799349
1780135200,2026-05-30 10:00:00,0.236964,0.249358,0.240048,0.248865,15581896.1482334
1780138800,2026-05-30 11:00:00,0.242695,0.253493,0.248762,0.253131,14852753.8146442
1780142400,2026-05-30 12:00:00,0.245002,0.255347,0.253133,0.247729,12021332.46655695
1780146000,2026-05-30 13:00:00,0.246977,0.254512,0.247834,0.252246,17412950.85130422
1780149600,2026-05-30 14:00:00,0.24845,0.255198,0.252196,0.250043,14518671.00927028
1780153200,2026-05-30 15:00:00,0.24829,0.2545,0.250029,0.251975,8580210.03543553
1780156800,2026-05-30 16:00:00,0.2415,0.252706,0.251966,0.252247,18547865.08979043
1780160400,2026-05-30 17:00:00,0.248791,0.253468,0.252247,0.250662,11424426.86386998
1780164000,2026-05-30 18:00:00,0.245,0.251515,0.250662,0.2476,9357155.02825838
1780167600,2026-05-30 19:00:00,0.245064,0.250663,0.247674,0.245616,6655516.77292014
1780171200,2026-05-30 20:00:00,0.239937,0.246467,0.245582,0.241426,15463820.53021918
1780174800,2026-05-30 21:00:00,0.237,0.242322,0.241426,0.23992,16262879.14679795
1780178400,2026-05-30 22:00:00,0.226584,0.24003,0.23997,0.228629,21228448.94553885
1780182000,2026-05-30 23:00:00,0.226086,0.232353,0.22845,0.229255,13438788.76785111
1780185600,2026-05-31 00:00:00,0.220777,0.231195,0.229255,0.225056,22323086.27138108
1780189200,2026-05-31 01:00:00,0.223825,0.236621,0.225186,0.236331,19514285.99476441
1780192800,2026-05-31 02:00:00,0.236118,0.243,0.236285,0.241599,16280635.4136647
1780196400,2026-05-31 03:00:00,0.236619,0.243372,0.24155,0.240802,9391237.50413907
1780200000,2026-05-31 04:00:00,0.236665,0.24234,0.240828,0.239778,12777521.49347976
1780203600,2026-05-31 05:00:00,0.23752,0.241241,0.239777,0.239639,7964662.20432027
1780207200,2026-05-31 06:00:00,0.231,0.24038,0.239551,0.23184,15579179.2502586
1780210800,2026-05-31 07:00:00,0.229353,0.233986,0.231875,0.230988,8092524.09169774
1780214400,2026-05-31 08:00:00,0.229001,0.239794,0.231,0.236796,7766068.08476003
1780218000,2026-05-31 09:00:00,0.236418,0.248826,0.236754,0.244512,15530031.23173474
1780221600,2026-05-31 10:00:00,0.242,0.252,0.244499,0.245784,18439001.9101242
1780225200,2026-05-31 11:00:00,0.245842,0.26448,0.245842,0.2636,28356579.01215048
1780228800,2026-05-31 12:00:00,0.252972,0.263679,0.263551,0.25825,21833431.26112523
1780232400,2026-05-31 13:00:00,0.256256,0.267108,0.258352,0.25631,24411614.33305508
1780236000,2026-05-31 14:00:00,0.249033,0.258635,0.25667,0.253159,16501780.96608074
1780239600,2026-05-31 15:00:00,0.2446,0.2545,0.253233,0.244975,18616951.3820257
1780243200,2026-05-31 16:00:00,0.2442,0.251744,0.244975,0.2462,13306426.30385266
1780246800,2026-05-31 17:00:00,0.244291,0.249438,0.2462,0.248093,7725824.601698
1780250400,2026-05-31 18:00:00,0.2449,0.25068,0.248107,0.2505,6543385.52729972
1780254000,2026-05-31 19:00:00,0.242657,0.25135,0.250384,0.243003,8824560.68912534
1780257600,2026-05-31 20:00:00,0.242231,0.250446,0.243036,0.250035,9487511.09243107
1780261200,2026-05-31 21:00:00,0.246671,0.254655,0.2498,0.25425,8767040.08520953
1780264800,2026-05-31 22:00:00,0.251797,0.261906,0.254202,0.2617,19843162.68932441
1780268400,2026-05-31 23:00:00,0.255931,0.262691,0.2618,0.259647,11548062.01805227
1780272000,2026-06-01 00:00:00,0.256363,0.261158,0.259647,0.25856,16784458.32681477
1780275600,2026-06-01 01:00:00,0.25603,0.270573,0.258626,0.2632,28032773.00276049
1780279200,2026-06-01 02:00:00,0.259903,0.276317,0.2631,0.268153,36134098.77724925
1780282800,2026-06-01 03:00:00,0.260403,0.271072,0.26802,0.26328,24297227.50002784
1780286400,2026-06-01 04:00:00,0.258389,0.268758,0.26328,0.26306,11124177.29712
1780290000,2026-06-01 05:00:00,0.257798,0.266999,0.26299,0.25944,8855977.78396066
1780293600,2026-06-01 06:00:00,0.2591,0.272467,0.259386,0.26775,21235554.59212706
1780297200,2026-06-01 07:00:00,0.254498,0.2685,0.2677,0.254847,21567839.23227286
1780300800,2026-06-01 08:00:00,0.2509,0.259605,0.255222,0.25215,12585779.14001278
1780304400,2026-06-01 09:00:00,0.251476,0.255988,0.25225,0.253432,10878601.55006006
1780308000,2026-06-01 10:00:00,0.251759,0.264649,0.25344,0.264149,11261063.88650389
1780311600,2026-06-01 11:00:00,0.2581,0.269619,0.264176,0.260616,21382084.75335969
1780315200,2026-06-01 12:00:00,0.2593,0.268522,0.260616,0.267438,23368803.2251841
1780318800,2026-06-01 13:00:00,0.256127,0.268076,0.267589,0.257174,25877891.02782077
1780322400,2026-06-01 14:00:00,0.243787,0.259443,0.257298,0.247034,26778532.39623261
1780326000,2026-06-01 15:00:00,0.243802,0.251999,0.246941,0.248862,16023260.64331385
1780329600,2026-06-01 16:00:00,0.2489,0.264,0.249187,0.25797,25303803.35445124
1780333200,2026-06-01 17:00:00,0.253648,0.259558,0.258034,0.258193,8986419.15283002
1780336800,2026-06-01 18:00:00,0.251482,0.258377,0.258154,0.253864,9249584.64010493
1780340400,2026-06-01 19:00:00,0.2476,0.255716,0.253864,0.248505,12163008.50882148
1780344000,2026-06-01 20:00:00,0.246595,0.250837,0.248633,0.249086,6455131.83876458
1780347600,2026-06-01 21:00:00,0.240001,0.249219,0.249117,0.244353,14410435.62679198
1780351200,2026-06-01 22:00:00,0.240054,0.246918,0.244448,0.246582,17382544.67026979
1780354800,2026-06-01 23:00:00,0.241626,0.247674,0.246489,0.242806,8043590.71814618
1780358400,2026-06-02 00:00:00,0.236701,0.243507,0.242806,0.237073,12353144.37353578
1780362000,2026-06-02 01:00:00,0.233958,0.238514,0.237123,0.234304,8756547.83912391
1780365600,2026-06-02 02:00:00,0.232835,0.2392,0.234303,0.2375,10651357.74190231
1780369200,2026-06-02 03:00:00,0.233725,0.2401,0.23765,0.235352,10832076.84022934
1780372800,2026-06-02 04:00:00,0.232135,0.237047,0.235356,0.232511,5231818.96956883
1780376400,2026-06-02 05:00:00,0.228152,0.233419,0.232511,0.228984,5192417.02210881
1780380000,2026-06-02 06:00:00,0.228996,0.232302,0.228997,0.232179,4648320.79357127
1780383600,2026-06-02 07:00:00,0.228131,0.232655,0.232192,0.229659,2643626.98980254
1780387200,2026-06-02 08:00:00,0.22725,0.229871,0.229701,0.229273,5477087.20795965
1780390800,2026-06-02 09:00:00,0.227858,0.232069,0.229274,0.228655,6574151.85929699
1780394400,2026-06-02 10:00:00,0.228532,0.235845,0.228637,0.233931,6132366.46893616
1780398000,2026-06-02 11:00:00,0.229342,0.233709,0.233709,0.230094,3901076.52089351
1780401600,2026-06-02 12:00:00,0.227662,0.232669,0.23013,0.231264,4992972.50691325
1780405200,2026-06-02 13:00:00,0.228992,0.234124,0.23122,0.231693,5733828.36486691
1780408800,2026-06-02 14:00:00,0.217221,0.232224,0.231717,0.223706,31458558.09897892
1780412400,2026-06-02 15:00:00,0.214347,0.223931,0.223662,0.218185,19174540.45269291
1780416000,2026-06-02 16:00:00,0.2164,0.22597,0.218,0.222349,18896836.92626053
1780419600,2026-06-02 17:00:00,0.221253,0.224989,0.222349,0.22193,8982626.58382077
1780423200,2026-06-02 18:00:00,0.217232,0.22283,0.221933,0.217603,10582871.08323385
1780426800,2026-06-02 19:00:00,0.214639,0.220907,0.217629,0.2186,10020463.79294463
1780430400,2026-06-02 20:00:00,0.218272,0.224383,0.218571,0.221388,7219425.34709441
1780434000,2026-06-02 21:00:00,0.21957,0.222932,0.2214,0.22023,7758048.52499669
1780437600,2026-06-02 22:00:00,0.216539,0.221647,0.220251,0.217546,8656447.42500307
1780441200,2026-06-02 23:00:00,0.216304,0.222809,0.217586,0.222172,9656375.90328549
1780444800,2026-06-03 00:00:00,0.221943,0.228657,0.222221,0.224778,11999005.57304473
1780448400,2026-06-03 01:00:00,0.22164,0.228038,0.224724,0.222564,7889505.82658148
1780452000,2026-06-03 02:00:00,0.220776,0.223218,0.222564,0.221646,5215176.78548721
1780455600,2026-06-03 03:00:00,0.217783,0.222201,0.221628,0.218985,6140968.1470638
1780459200,2026-06-03 04:00:00,0.218366,0.221488,0.218988,0.22073,5657381.52514847
1780462800,2026-06-03 05:00:00,0.220482,0.227862,0.220765,0.22477,10286577.97336986
1780466400,2026-06-03 06:00:00,0.223776,0.230397,0.224714,0.226297,5876420.20383492
1780470000,2026-06-03 07:00:00,0.225695,0.234223,0.226298,0.22991,10255485.69256972
1780473600,2026-06-03 08:00:00,0.229393,0.232846,0.229896,0.229393,8930649.444054
1780477200,2026-06-03 09:00:00,0.22385,0.230309,0.229373,0.2245,12517345.14395161
1780480800,2026-06-03 10:00:00,0.223796,0.22775,0.22451,0.226338,6832424.66606938
1780484400,2026-06-03 11:00:00,0.225925,0.229959,0.226327,0.227027,7751563.02182064
1780488000,2026-06-03 12:00:00,0.225705,0.231787,0.227051,0.230634,5126010.12614115
1780491600,2026-06-03 13:00:00,0.22467,0.231787,0.230634,0.227934,7675606.58850942
1780495200,2026-06-03 14:00:00,0.222264,0.22912,0.227975,0.227385,14932167.65718654
1780498800,2026-06-03 15:00:00,0.221209,0.228621,0.227189,0.221718,14638407.37268481
1780502400,2026-06-03 16:00:00,0.218536,0.223103,0.221713,0.223037,9677432.3143882
1780506000,2026-06-03 17:00:00,0.218692,0.223776,0.223104,0.219442,6759109.47377826
1780509600,2026-06-03 18:00:00,0.216638,0.220698,0.219436,0.218402,8534013.36630059
1780513200,2026-06-03 19:00:00,0.213154,0.218525,0.218397,0.213511,10839465.12042277
1780516800,2026-06-03 20:00:00,0.209317,0.21595,0.213503,0.209847,17306852.4968286
1780520400,2026-06-03 21:00:00,0.209215,0.214449,0.209857,0.213929,7583949.62156284
1780524000,2026-06-03 22:00:00,0.210364,0.214734,0.213806,0.211692,5642694.01602946
1780527600,2026-06-03 23:00:00,0.208068,0.211798,0.211671,0.208389,6160493.9410456
1780531200,2026-06-04 00:00:00,0.204648,0.210148,0.208395,0.207078,9837210.43104346
1780534800,2026-06-04 01:00:00,0.200056,0.207577,0.207145,0.201059,18918819.25909103
1780538400,2026-06-04 02:00:00,0.198014,0.21471,0.20106,0.21395,26581918.27837702
1780542000,2026-06-04 03:00:00,0.212651,0.220506,0.213993,0.21341,24924761.92060409
1780545600,2026-06-04 04:00:00,0.211258,0.215502,0.21341,0.211369,8249433.85499157
1780549200,2026-06-04 05:00:00,0.206963,0.211563,0.211481,0.209796,14733807.14303161
1780552800,2026-06-04 06:00:00,0.208571,0.213318,0.209707,0.210798,3238301.37475298
1780556400,2026-06-04 07:00:00,0.206728,0.211097,0.21084,0.208111,5524996.74827328
1780560000,2026-06-04 08:00:00,0.206676,0.210629,0.20815,0.207051,4603350.25459787
1780563600,2026-06-04 09:00:00,0.204826,0.209855,0.207082,0.209702,9178530.57372198
1780567200,2026-06-04 10:00:00,0.2052,0.209761,0.209702,0.20583,6255606.48271324
1780570800,2026-06-04 11:00:00,0.203828,0.207083,0.205867,0.20564,8274528.85104209
1780574400,2026-06-04 12:00:00,0.204236,0.21297,0.205755,0.212443,9559279.33469459
1780578000,2026-06-04 13:00:00,0.207129,0.212507,0.212468,0.209061,9439047.45189817
1780581600,2026-06-04 14:00:00,0.207402,0.21109,0.209064,0.210893,9797313.67154552
1780585200,2026-06-04 15:00:00,0.206279,0.212926,0.211073,0.206985,7632792.96285577
1780588800,2026-06-04 16:00:00,0.204275,0.207574,0.206833,0.205355,10120999.22888051
1780592400,2026-06-04 17:00:00,0.204102,0.207593,0.205368,0.205964,4763619.48756792
1780596000,2026-06-04 18:00:00,0.204424,0.209877,0.205964,0.208568,4974478.7139964
1780599600,2026-06-04 19:00:00,0.208213,0.212637,0.208548,0.209275,5608511.71241803
1780603200,2026-06-04 20:00:00,0.205441,0.209276,0.209276,0.206132,6188244.94380289
1780606800,2026-06-04 21:00:00,0.199401,0.20774,0.206184,0.199787,15256092.62942518
1780610400,2026-06-04 22:00:00,0.19952,0.202832,0.199839,0.202731,13889465.68853271
1780614000,2026-06-04 23:00:00,0.19965,0.20371,0.20271,0.20143,6169957.85646267
1780617600,2026-06-05 00:00:00,0.198849,0.202312,0.201391,0.199352,4653643.48860951
1780621200,2026-06-05 01:00:00,0.197577,0.201427,0.199389,0.200057,7459292.87404834
1780624800,2026-06-05 02:00:00,0.195865,0.200132,0.200096,0.196795,8997924.24872714
1780628400,2026-06-05 03:00:00,0.1942,0.198948,0.19684,0.195737,10177667.49521666
1780632000,2026-06-05 04:00:00,0.194514,0.198801,0.195762,0.19782,9068792.10907227
1780635600,2026-06-05 05:00:00,0.195587,0.198291,0.197867,0.19616,5567562.85594856
1780639200,2026-06-05 06:00:00,0.188252,0.196397,0.19618,0.190934,28723242.3217847
1780642800,2026-06-05 07:00:00,0.187285,0.194748,0.19102,0.193401,15868875.41426275
1780646400,2026-06-05 08:00:00,0.188187,0.193612,0.193525,0.190829,6459841.12048188
1780650000,2026-06-05 09:00:00,0.190622,0.194544,0.190846,0.193392,7999643.61076328
1780653600,2026-06-05 10:00:00,0.190365,0.19507,0.193426,0.191179,7406265.34960663
1780657200,2026-06-05 11:00:00,0.188597,0.191266,0.191215,0.189568,7105997.11014656
1780660800,2026-06-05 12:00:00,0.187414,0.190517,0.18966,0.18884,8489823.75453876
1780664400,2026-06-05 13:00:00,0.186252,0.191746,0.188837,0.186671,7012691.74675198
1780668000,2026-06-05 14:00:00,0.185874,0.194147,0.186671,0.188482,13631073.09209165
1780671600,2026-06-05 15:00:00,0.185281,0.189054,0.188496,0.186927,9568321.26635689
1780675200,2026-06-05 16:00:00,0.184197,0.19202,0.1869,0.191512,19345770.42717231
1780678800,2026-06-05 17:00:00,0.190751,0.197694,0.191518,0.196956,14616209.70626722
1780682400,2026-06-05 18:00:00,0.190276,0.199359,0.197091,0.190617,26435152.81748681
1780686000,2026-06-05 19:00:00,0.187452,0.194379,0.190618,0.191915,22124335.25546566
1780689600,2026-06-05 20:00:00,0.190739,0.20181,0.192045,0.201528,15412238.84213513
1780693200,2026-06-05 21:00:00,0.200408,0.208714,0.201649,0.205305,25278861.86515731
1780696800,2026-06-05 22:00:00,0.200817,0.206387,0.205304,0.205324,19852099.91587163
1780700400,2026-06-05 23:00:00,0.198958,0.206418,0.205354,0.203289,17655874.31726347
1780704000,2026-06-06 00:00:00,0.20238,0.206321,0.203339,0.20368,8928923.89198038
1780707600,2026-06-06 01:00:00,0.197341,0.204245,0.203688,0.198576,10720193.10348189
1780711200,2026-06-06 02:00:00,0.196121,0.199586,0.198534,0.196602,4801921.36837809
1780714800,2026-06-06 03:00:00,0.191478,0.197197,0.19656,0.19282,5890256.72826175
1780718400,2026-06-06 04:00:00,0.188841,0.193689,0.192738,0.19001,7680179.92085995
1780722000,2026-06-06 05:00:00,0.189168,0.196315,0.190001,0.196017,8411874.05606428
1780725600,2026-06-06 06:00:00,0.193638,0.196812,0.196136,0.193802,7106369.1915151
1780729200,2026-06-06 07:00:00,0.193578,0.201622,0.193789,0.201094,9240845.52559427
1780732800,2026-06-06 08:00:00,0.199292,0.205221,0.201138,0.203533,10981098.58046681
1780736400,2026-06-06 09:00:00,0.198828,0.204428,0.20349,0.19894,4251270.04915242
1780740000,2026-06-06 10:00:00,0.193696,0.199302,0.198977,0.195804,9041942.57400604
1780743600,2026-06-06 11:00:00,0.195575,0.199104,0.195802,0.197901,3911568.05822715
1780747200,2026-06-06 12:00:00,0.197776,0.202146,0.1979,0.201618,5714430.53252321
1780750800,2026-06-06 13:00:00,0.198136,0.202387,0.201684,0.200311,7039924.42903914
1780754400,2026-06-06 14:00:00,0.20034,0.205416,0.20034,0.202262,11800224.51061548
1780758000,2026-06-06 15:00:00,0.199371,0.211849,0.202345,0.210875,14366888.36694617
1780761600,2026-06-06 16:00:00,0.2081,0.215291,0.210865,0.213898,28055609.14553162
1780765200,2026-06-06 17:00:00,0.206679,0.214099,0.213838,0.208394,11419224.02415421
1780768800,2026-06-06 18:00:00,0.205501,0.209608,0.208329,0.208167,5566020.9762474
1780772400,2026-06-06 19:00:00,0.2025,0.208314,0.208314,0.202823,7090873.02197002
1780776000,2026-06-06 20:00:00,0.201667,0.205382,0.202824,0.20478,5312398.56122144
1780779600,2026-06-06 21:00:00,0.204777,0.211955,0.204777,0.208603,11915858.62418642
1780783200,2026-06-06 22:00:00,0.2085,0.212921,0.208701,0.211777,5754243.0491589
1780786800,2026-06-06 23:00:00,0.210651,0.214826,0.211751,0.212091,11896093.12809155
1780790400,2026-06-07 00:00:00,0.207868,0.214098,0.211945,0.208313,9767414.16091194
1780794000,2026-06-07 01:00:00,0.20805,0.217908,0.2083,0.214894,15120321.06480849
1780797600,2026-06-07 02:00:00,0.209779,0.215881,0.214991,0.21294,9448853.98025918
1780801200,2026-06-07 03:00:00,0.209258,0.2136,0.212853,0.211,4071486.82644492
1780804800,2026-06-07 04:00:00,0.20895,0.212599,0.211017,0.210336,4516405.37224081
1780808400,2026-06-07 05:00:00,0.209749,0.213,0.210279,0.210504,3529115.29358456
1780812000,2026-06-07 06:00:00,0.207422,0.211199,0.2105,0.208434,7478480.67472582
1780815600,2026-06-07 07:00:00,0.20706,0.210374,0.208379,0.210259,5117230.95685436
1780819200,2026-06-07 08:00:00,0.205,0.210212,0.210212,0.206825,6536845.82893097
1780822800,2026-06-07 09:00:00,0.2041,0.207637,0.206892,0.205171,4143860.95133307
1780826400,2026-06-07 10:00:00,0.204107,0.207672,0.205211,0.205379,6417317.68700862
1780830000,2026-06-07 11:00:00,0.204372,0.206824,0.205363,0.205947,2956521.39682422
1780833600,2026-06-07 12:00:00,0.201865,0.205897,0.205876,0.202714,9911713.81101843
1780837200,2026-06-07 13:00:00,0.202429,0.204003,0.202705,0.203061,1682634.69711714
1780840800,2026-06-07 14:00:00,0.20293,0.205704,0.20311,0.204286,4266365.24759888
1780844400,2026-06-07 15:00:00,0.202192,0.20472,0.204195,0.203129,2895424.34761308
1780848000,2026-06-07 16:00:00,0.200928,0.20809,0.203116,0.207586,8493789.17010814
1780851600,2026-06-07 17:00:00,0.205299,0.209508,0.207581,0.205954,9682813.74731597
1780855200,2026-06-07 18:00:00,0.204931,0.208454,0.205943,0.205142,4537025.83694118
1780858800,2026-06-07 19:00:00,0.199498,0.205362,0.205145,0.200255,8622687.67504451
1780862400,2026-06-07 20:00:00,0.199482,0.2035,0.20023,0.202185,5430771.19465269
1780866000,2026-06-07 21:00:00,0.200928,0.202925,0.202141,0.2025,2478870.12397815
1780869600,2026-06-07 22:00:00,0.202302,0.209515,0.202501,0.204293,12330285.09296999
1780873200,2026-06-07 23:00:00,0.203742,0.2079,0.204225,0.205767,5788650.2577925
1780876800,2026-06-08 00:00:00,0.203675,0.20769,0.205747,0.206123,4289794.54687437
1780880400,2026-06-08 01:00:00,0.201662,0.20636,0.20614,0.20368,2804391.81704083
1780884000,2026-06-08 02:00:00,0.201626,0.204077,0.203873,0.202621,4005609.93040422
1780887600,2026-06-08 03:00:00,0.200274,0.20338,0.202597,0.201255,4371276.94579988
1780891200,2026-06-08 04:00:00,0.197505,0.201619,0.201255,0.199546,9043348.19425102
1780894800,2026-06-08 05:00:00,0.197856,0.200552,0.199633,0.19866,5165174.56188189
1780898400,2026-06-08 06:00:00,0.198704,0.200686,0.198704,0.200024,3046165.9052591
1780902000,2026-06-08 07:00:00,0.199379,0.203673,0.200068,0.203281,4088828.99779006
1780905600,2026-06-08 08:00:00,0.201043,0.20328,0.20328,0.20317,2043409.75334251
1780909200,2026-06-08 09:00:00,0.2,0.205471,0.20317,0.200859,6306044.16458043
1780912800,2026-06-08 10:00:00,0.199497,0.201825,0.200786,0.19998,2576859.53059906
1780916400,2026-06-08 11:00:00,0.199576,0.203504,0.2,0.202659,3388591.55946185
1780920000,2026-06-08 12:00:00,0.20036,0.204,0.202501,0.20387,4332138.50352266
1780923600,2026-06-08 13:00:00,0.201188,0.204466,0.204076,0.201797,2410400.79108421
1780927200,2026-06-08 14:00:00,0.199928,0.202623,0.20193,0.20144,6372289.25536662
1780930800,2026-06-08 15:00:00,0.199253,0.203544,0.201366,0.199442,6405031.48977022
1780934400,2026-06-08 16:00:00,0.199164,0.201941,0.199541,0.200781,5322274.10761094
1780938000,2026-06-08 17:00:00,0.1995,0.201088,0.200769,0.201077,1950855.4862985
1780941600,2026-06-08 18:00:00,0.20013,0.20226,0.201088,0.200718,4862742.52516247
1780945200,2026-06-08 19:00:00,0.200746,0.203376,0.20075,0.203131,3895448.09066428
1780948800,2026-06-08 20:00:00,0.201036,0.205154,0.203283,0.20503,4570418.80514331
1780952400,2026-06-08 21:00:00,0.20503,0.207942,0.20503,0.205422,9674121.76359764
1780956000,2026-06-08 22:00:00,0.20332,0.207942,0.205553,0.205926,5647006.9506742
1780959600,2026-06-08 23:00:00,0.20181,0.206952,0.20601,0.202509,3981250.35920269
1780963200,2026-06-09 00:00:00,0.19834,0.204592,0.202547,0.199051,9090903.47005963
1780966800,2026-06-09 01:00:00,0.198461,0.199916,0.199037,0.199708,3763646.68972809
1780970400,2026-06-09 02:00:00,0.196158,0.200093,0.199655,0.199206,3925234.4127468
1780974000,2026-06-09 03:00:00,0.196556,0.200087,0.199248,0.197149,1758869.75916607
1780977600,2026-06-09 04:00:00,0.196696,0.201266,0.197148,0.200366,7545582.82241736
1780981200,2026-06-09 05:00:00,0.199898,0.202733,0.200346,0.202253,3503405.92265589
1780984800,2026-06-09 06:00:00,0.200214,0.204707,0.202266,0.20097,1146110.78607603
1780988400,2026-06-09 07:00:00,0.199794,0.202386,0.201012,0.201642,2516084.16899712
1780992000,2026-06-09 08:00:00,0.199323,0.201736,0.201681,0.199463,1379549.3857157
1780995600,2026-06-09 09:00:00,0.1965,0.200676,0.199474,0.196997,2318931.03645924
1780999200,2026-06-09 10:00:00,0.196551,0.198233,0.196918,0.197652,3205583.98453883
1781002800,2026-06-09 11:00:00,0.195488,0.197637,0.197589,0.196857,2546118.61338972
1781006400,2026-06-09 12:00:00,0.196678,0.19972,0.196835,0.199609,2434390.51215055
1781010000,2026-06-09 13:00:00,0.197768,0.202438,0.199655,0.202147,4690620.33156511
1781013600,2026-06-09 14:00:00,0.1968,0.20332,0.202053,0.198246,5575280.75711234
1781017200,2026-06-09 15:00:00,0.194588,0.198929,0.198246,0.195099,7577443.60921034
1781020800,2026-06-09 16:00:00,0.191016,0.195217,0.195098,0.193548,10069638.94599409
1781024400,2026-06-09 17:00:00,0.19357,0.196941,0.193586,0.194612,4050141.92713164
1781028000,2026-06-09 18:00:00,0.19389,0.196762,0.194638,0.19525,1116805.20286992
1781031600,2026-06-09 19:00:00,0.194705,0.197143,0.195255,0.195364,2073681.80186058
1781035200,2026-06-09 20:00:00,0.194129,0.197729,0.195457,0.195857,2744658.83499576
1781038800,2026-06-09 21:00:00,0.192721,0.196512,0.195857,0.193262,2567624.72569173
1781042400,2026-06-09 22:00:00,0.19184,0.193652,0.193262,0.191999,2313498.74004022
1781046000,2026-06-09 23:00:00,0.191862,0.192999,0.191999,0.192204,1061724.66695148
1781049600,2026-06-10 00:00:00,0.18996,0.192942,0.192207,0.191748,4812920.07655314
1781053200,2026-06-10 01:00:00,0.189506,0.191679,0.191658,0.190376,2296394.61802685
1781056800,2026-06-10 02:00:00,0.1865,0.190508,0.190243,0.186705,7214303.14082139
1781060400,2026-06-10 03:00:00,0.186493,0.188822,0.186771,0.187833,1606073.32299573
1781064000,2026-06-10 04:00:00,0.186198,0.187999,0.187833,0.187047,1563463.86207725
1781067600,2026-06-10 05:00:00,0.184864,0.187241,0.187112,0.185399,3587453.30878553
1781071200,2026-06-10 06:00:00,0.184005,0.1864,0.185399,0.185233,6479741.64746789
1781074800,2026-06-10 07:00:00,0.185145,0.187695,0.185344,0.18605,1847566.64926867
1781078400,2026-06-10 08:00:00,0.181592,0.186094,0.186043,0.182606,8858496.27712588
1781082000,2026-06-10 09:00:00,0.182237,0.185167,0.1825,0.184293,3365437.89476814
1781085600,2026-06-10 10:00:00,0.184009,0.18635,0.184262,0.18611,3260346.83264763
1781089200,2026-06-10 11:00:00,0.182457,0.186219,0.186041,0.184544,4341923.70486059
1781092800,2026-06-10 12:00:00,0.184189,0.191349,0.184513,0.189685,12274945.67269608
1781096400,2026-06-10 13:00:00,0.187396,0.190652,0.189684,0.18899,7353511.07148607
1781100000,2026-06-10 14:00:00,0.187475,0.190256,0.189077,0.189143,3671533.34394111
1781103600,2026-06-10 15:00:00,0.187545,0.19024,0.189121,0.188053,4471649.19055184
1781107200,2026-06-10 16:00:00,0.186094,0.188759,0.188023,0.187118,2542903.44503888
1781110800,2026-06-10 17:00:00,0.184748,0.187795,0.187109,0.185827,4007261.17146774
1781114400,2026-06-10 18:00:00,0.184,0.186153,0.185819,0.185372,2589496.35179757
1781118000,2026-06-10 19:00:00,0.18381,0.185896,0.185416,0.184805,4453683.11436361
1781121600,2026-06-10 20:00:00,0.183127,0.18513,0.184712,0.183708,2414242.10472133
1781125200,2026-06-10 21:00:00,0.181082,0.183788,0.183656,0.181728,7454885.93916686
1781128800,2026-06-10 22:00:00,0.181113,0.18458,0.181798,0.182798,4719820.82323743
1781132400,2026-06-10 23:00:00,0.181324,0.183444,0.182798,0.182689,2612206.28385765
1781136000,2026-06-11 00:00:00,0.182337,0.184919,0.182689,0.18414,1930909.3042179
1781139600,2026-06-11 01:00:00,0.184097,0.186652,0.184097,0.185566,7384746.936087
1781143200,2026-06-11 02:00:00,0.18552,0.188334,0.185597,0.187904,2475352.07573496
1781146800,2026-06-11 03:00:00,0.18763,0.194427,0.187983,0.192297,9642674.71748505
1781150400,2026-06-11 04:00:00,0.190217,0.192757,0.192363,0.192173,3235214.14623583
1781154000,2026-06-11 05:00:00,0.1898,0.192489,0.192036,0.189907,1688751.72082865
1781157600,2026-06-11 06:00:00,0.189289,0.191496,0.189903,0.189835,1783413.12454817
1781161200,2026-06-11 07:00:00,0.189715,0.192178,0.189884,0.190439,2698964.44946076
1781164800,2026-06-11 08:00:00,0.189834,0.191845,0.190445,0.189959,2297486.9518866
1781168400,2026-06-11 09:00:00,0.188293,0.190441,0.189996,0.188947,2188495.28803286
1781172000,2026-06-11 10:00:00,0.188307,0.189791,0.188948,0.189523,2181653.01341708
1781175600,2026-06-11 11:00:00,0.188737,0.191297,0.189403,0.190642,1822732.05226198
1781179200,2026-06-11 12:00:00,0.186815,0.190661,0.190624,0.188257,4199679.9696505
1781182800,2026-06-11 13:00:00,0.186276,0.18835,0.188137,0.187055,2473277.4881694
1781186400,2026-06-11 14:00:00,0.185373,0.187841,0.187039,0.187017,3495280.18094274
1781190000,2026-06-11 15:00:00,0.18465,0.187271,0.18697,0.185773,3886919.51909751
1781193600,2026-06-11 16:00:00,0.185641,0.187735,0.185773,0.186837,1914232.43940186
1781197200,2026-06-11 17:00:00,0.186175,0.19194,0.18686,0.191148,6826347.04288992
1781200800,2026-06-11 18:00:00,0.189987,0.193458,0.191095,0.192293,6234825.10386189
1781204400,2026-06-11 19:00:00,0.190999,0.192984,0.192331,0.191546,4925133.4358807
1781208000,2026-06-11 20:00:00,0.190719,0.193183,0.191562,0.192349,3431931.48622608
1781211600,2026-06-11 21:00:00,0.191539,0.193452,0.192326,0.191841,2361235.53758083
1781215200,2026-06-11 22:00:00,0.191403,0.192741,0.191825,0.191691,1558095.04282828
1781218800,2026-06-11 23:00:00,0.190595,0.192419,0.191607,0.19184,1543910.7119681
1781222400,2026-06-12 00:00:00,0.191107,0.192631,0.19186,0.191342,2496977.16779763
1781226000,2026-06-12 01:00:00,0.189683,0.19145,0.191392,0.190101,2560234.10290347
1781229600,2026-06-12 02:00:00,0.190081,0.195732,0.190081,0.195062,5364196.31408767
1781233200,2026-06-12 03:00:00,0.194798,0.199507,0.195027,0.195475,7805575.11642725
1781236800,2026-06-12 04:00:00,0.193582,0.19625,0.1955,0.194001,3802000.39388013
1781240400,2026-06-12 05:00:00,0.191748,0.194374,0.194,0.192014,2386163.50467901
1781244000,2026-06-12 06:00:00,0.188187,0.192443,0.192,0.189381,4534369.92184025
1781247600,2026-06-12 07:00:00,0.189329,0.190535,0.189399,0.190089,1951620.31786295
1781251200,2026-06-12 08:00:00,0.190052,0.193403,0.190096,0.193064,1596153.57664379
1781254800,2026-06-12 09:00:00,0.192194,0.194827,0.193107,0.193746,1654911.8288958
1781258400,2026-06-12 10:00:00,0.192832,0.194708,0.193804,0.193749,1209436.85471903
1781262000,2026-06-12 11:00:00,0.192458,0.194767,0.19377,0.193902,1957389.36671414
1781265600,2026-06-12 12:00:00,0.192081,0.194345,0.193833,0.192707,1873851.24647954
1781269200,2026-06-12 13:00:00,0.189318,0.192976,0.192689,0.190244,2342301.56286938
1781272800,2026-06-12 14:00:00,0.190046,0.193,0.190343,0.19259,3056379.36206847
1781276400,2026-06-12 15:00:00,0.188238,0.194692,0.192571,0.188402,5577302.46267318
1781280000,2026-06-12 16:00:00,0.188292,0.190593,0.188443,0.19026,4334631.89245343
1781283600,2026-06-12 17:00:00,0.189182,0.190727,0.19026,0.189453,1578597.11158885
1781287200,2026-06-12 18:00:00,0.188252,0.189806,0.189434,0.18854,2165220.46320119
1781290800,2026-06-12 19:00:00,0.188453,0.190368,0.188569,0.189028,1678606.81022369
1781294400,2026-06-12 20:00:00,0.188811,0.190076,0.18904,0.189355,1825496.87834125
1781298000,2026-06-12 21:00:00,0.187486,0.190169,0.189288,0.188202,864685.88902469
1781301600,2026-06-12 22:00:00,0.187715,0.189088,0.188182,0.188102,1789650.888007
1781305200,2026-06-12 23:00:00,0.187191,0.188486,0.188024,0.187962,968044.43786769
1781308800,2026-06-13 00:00:00,0.1871,0.187973,0.187909,0.1874,2003785.74726505
1781312400,2026-06-13 01:00:00,0.1871,0.188679,0.1874,0.18828,2930475.2514311
1781316000,2026-06-13 02:00:00,0.184423,0.188496,0.18834,0.185145,5935698.0891834
1781319600,2026-06-13 03:00:00,0.184895,0.186129,0.185155,0.185305,1707350.48860031
1781323200,2026-06-13 04:00:00,0.183418,0.185922,0.185315,0.1853,2699717.97689965
1781326800,2026-06-13 05:00:00,0.184874,0.185874,0.1853,0.185514,786647.63376564
1781330400,2026-06-13 06:00:00,0.185286,0.187802,0.185553,0.187638,1410363.92190808
1781334000,2026-06-13 07:00:00,0.186355,0.190987,0.18768,0.190721,5811709.75038391
1781337600,2026-06-13 08:00:00,0.189546,0.190998,0.190638,0.190134,1503128.99806086
1781341200,2026-06-13 09:00:00,0.190052,0.19173,0.19017,0.190105,1522163.77405753
1781344800,2026-06-13 10:00:00,0.189809,0.190949,0.190139,0.190764,1280672.41850726
1781348400,2026-06-13 11:00:00,0.190711,0.192108,0.1908,0.191366,3079105.67694529
1781352000,2026-06-13 12:00:00,0.189792,0.191359,0.191359,0.190167,2718845.34648987
1781355600,2026-06-13 13:00:00,0.187944,0.190319,0.19024,0.188662,4276555.32768473
1781359200,2026-06-13 14:00:00,0.188065,0.189402,0.18869,0.189191,3252201.26862149
1781362800,2026-06-13 15:00:00,0.189001,0.191467,0.189241,0.191273,3497687.37947477
1781366400,2026-06-13 16:00:00,0.187715,0.191477,0.19131,0.188706,2384231.16165471
1781370000,2026-06-13 17:00:00,0.186107,0.188832,0.188718,0.186443,2459601.33621233
1781373600,2026-06-13 18:00:00,0.185766,0.18758,0.186396,0.187035,1504957.03717426
1781377200,2026-06-13 19:00:00,0.186061,0.187278,0.187042,0.186882,1855872.73543926
1781380800,2026-06-13 20:00:00,0.18621,0.187109,0.186848,0.18687,855306.47204412
1781384400,2026-06-13 21:00:00,0.186312,0.18879,0.186895,0.18823,1098203.77417679
1781388000,2026-06-13 22:00:00,0.18685,0.188422,0.188241,0.186915,1540232.21191259
1781391600,2026-06-13 23:00:00,0.186529,0.187598,0.186859,0.186975,972950.35706368
1781395200,2026-06-14 00:00:00,0.186,0.187174,0.187019,0.186974,1048606.3342672
1781398800,2026-06-14 01:00:00,0.186228,0.189282,0.186942,0.18782,1529911.95234859
1781402400,2026-06-14 02:00:00,0.1865,0.189712,0.1878,0.186605,2394910.86885066
1781406000,2026-06-14 03:00:00,0.185284,0.186748,0.186564,0.185948,1708957.70294427
1781409600,2026-06-14 04:00:00,0.185178,0.186183,0.185892,0.185653,1725940.95302481
1781413200,2026-06-14 05:00:00,0.184853,0.186376,0.185733,0.186001,3141854.89335445
1781416800,2026-06-14 06:00:00,0.185961,0.187236,0.18601,0.18648,912500.30410614
1781420400,2026-06-14 07:00:00,0.185858,0.187026,0.18648,0.186573,542123.05271531
1781424000,2026-06-14 08:00:00,0.18603,0.187234,0.186573,0.186438,765164.2391338
1781427600,2026-06-14 09:00:00,0.184705,0.186723,0.186435,0.185476,1323709.01871223
1781431200,2026-06-14 10:00:00,0.183487,0.185625,0.185455,0.183657,1708005.87329333
1781434800,2026-06-14 11:00:00,0.183261,0.184533,0.183633,0.183866,1441068.57180131
1781438400,2026-06-14 12:00:00,0.182133,0.183956,0.183866,0.182766,2185621.45279656
1781442000,2026-06-14 13:00:00,0.18218,0.183723,0.182809,0.183073,1520083.64672908
1781445600,2026-06-14 14:00:00,0.181501,0.183246,0.183126,0.18224,3690036.00394333
1781449200,2026-06-14 15:00:00,0.181088,0.182757,0.182179,0.181754,3628703.44010891
1781452800,2026-06-14 16:00:00,0.181553,0.183727,0.181701,0.18268,2249268.03890928
1781456400,2026-06-14 17:00:00,0.181433,0.183098,0.182725,0.181602,908954.29615045
1781460000,2026-06-14 18:00:00,0.181375,0.183029,0.181563,0.181729,1322840.31254801
1781463600,2026-06-14 19:00:00,0.181146,0.182278,0.181679,0.181699,1057523.67011991
1781467200,2026-06-14 20:00:00,0.181416,0.18308,0.181717,0.182368,863787.06458914
1781470800,2026-06-14 21:00:00,0.181679,0.189678,0.182387,0.187911,8290436.34708988
1781474400,2026-06-14 22:00:00,0.18612,0.188595,0.187914,0.187409,4472814.80832159
1781478000,2026-06-14 23:00:00,0.186957,0.1923,0.187512,0.190885,8914290.72804418
1781481600,2026-06-15 00:00:00,0.188756,0.191114,0.190873,0.189372,3393686.05879776
1781485200,2026-06-15 01:00:00,0.187775,0.18954,0.18945,0.187992,2262956.68705597
1781488800,2026-06-15 02:00:00,0.187546,0.189745,0.187933,0.188936,2249308.9828973
1781492400,2026-06-15 03:00:00,0.188233,0.190233,0.188974,0.189859,2264731.61838328
1781496000,2026-06-15 04:00:00,0.187676,0.190814,0.189889,0.18789,1670686.18132341
1781499600,2026-06-15 05:00:00,0.187379,0.18918,0.187797,0.188974,1071999.89456677
1781503200,2026-06-15 06:00:00,0.188928,0.191325,0.188974,0.189657,1545278.62344374
1781506800,2026-06-15 07:00:00,0.188405,0.190456,0.189718,0.188936,1687002.10408306
1781510400,2026-06-15 08:00:00,0.188812,0.19114,0.188928,0.190081,1237975.23382123
1781514000,2026-06-15 09:00:00,0.188709,0.19067,0.190161,0.189701,1155864.22604944
1781517600,2026-06-15 10:00:00,0.189575,0.195181,0.189696,0.193025,7301476.26767076
1781521200,2026-06-15 11:00:00,0.191623,0.200442,0.193025,0.199543,13396523.34565927
1781524800,2026-06-15 12:00:00,0.198589,0.206521,0.199544,0.203437,19710155.22687577
1781528400,2026-06-15 13:00:00,0.202825,0.214277,0.203471,0.214206,17435222.76239317
1781532000,2026-06-15 14:00:00,0.209134,0.216462,0.214044,0.214312,17948605.50553495
1781535600,2026-06-15 15:00:00,0.213914,0.23146,0.214371,0.224604,31975379.10878809
1781539200,2026-06-15 16:00:00,0.221867,0.234077,0.224806,0.226235,35856635.54054933
1781542800,2026-06-15 17:00:00,0.225083,0.234165,0.226236,0.228073,24962827.15769449
1781546400,2026-06-15 18:00:00,0.218594,0.22843,0.22818,0.22002,15792297.50070574
1781550000,2026-06-15 19:00:00,0.219006,0.225143,0.22002,0.220485,14317689.43214148
1781553600,2026-06-15 20:00:00,0.21915,0.223107,0.220598,0.220426,7364535.17569888
1781557200,2026-06-15 21:00:00,0.216936,0.223235,0.220405,0.218177,10260663.89624575
1781560800,2026-06-15 22:00:00,0.212498,0.220668,0.217805,0.21325,12141648.39399139
1781564400,2026-06-15 23:00:00,0.211537,0.21425,0.213245,0.2135,3832515.67122871
1781568000,2026-06-16 00:00:00,0.213282,0.22209,0.21345,0.2152,10849977.04883215
1781571600,2026-06-16 01:00:00,0.212237,0.21635,0.21515,0.21294,6901218.39834784
1781575200,2026-06-16 02:00:00,0.208193,0.21315,0.212982,0.210084,6594142.03899315
1781578800,2026-06-16 03:00:00,0.209283,0.214901,0.210084,0.214352,6819540.0850932
1781582400,2026-06-16 04:00:00,0.21005,0.215336,0.214445,0.212392,3848254.77980415
1781586000,2026-06-16 05:00:00,0.212367,0.21812,0.212451,0.216205,3412246.11548784
1781589600,2026-06-16 06:00:00,0.214198,0.217977,0.2162,0.217071,4303916.28994197
1781593200,2026-06-16 07:00:00,0.215173,0.21797,0.217076,0.216336,2105022.15317963
1781596800,2026-06-16 08:00:00,0.215485,0.224069,0.216374,0.222811,4894210.83330406
1781600400,2026-06-16 09:00:00,0.219737,0.225879,0.22275,0.223588,7902327.30451486
1781604000,2026-06-16 10:00:00,0.220968,0.226689,0.223731,0.223446,7830478.53149609
1781607600,2026-06-16 11:00:00,0.221,0.2263,0.223397,0.222236,9071795.76468189
1781611200,2026-06-16 12:00:00,0.221605,0.233912,0.22231,0.226469,18105926.99804507
1781614800,2026-06-16 13:00:00,0.222223,0.227295,0.226469,0.223978,9819092.93072927
1781618400,2026-06-16 14:00:00,0.217035,0.225674,0.224031,0.220312,13336136.08477978
1781622000,2026-06-16 15:00:00,0.217778,0.222892,0.220223,0.218688,6546081.34771439
1781625600,2026-06-16 16:00:00,0.214924,0.219322,0.218678,0.21558,8482459.56064396
1781629200,2026-06-16 17:00:00,0.214105,0.21868,0.215643,0.217749,3883626.45525204
1781632800,2026-06-16 18:00:00,0.217515,0.222524,0.217749,0.221422,4850321.01484586
1781636400,2026-06-16 19:00:00,0.217184,0.221584,0.221364,0.218088,4029905.31785763
1781640000,2026-06-16 20:00:00,0.216866,0.222148,0.218032,0.220836,3583543.7216307
1781643600,2026-06-16 21:00:00,0.21882,0.221481,0.220844,0.220227,3435161.68457667
1781647200,2026-06-16 22:00:00,0.218261,0.220477,0.22022,0.219957,1515227.1716206
1781650800,2026-06-16 23:00:00,0.215199,0.220442,0.219958,0.216875,4741030.1272286
1781654400,2026-06-17 00:00:00,0.216516,0.221916,0.216876,0.219941,4365385.11697557
1781658000,2026-06-17 01:00:00,0.218101,0.225898,0.219941,0.224921,11277476.08424658
1781661600,2026-06-17 02:00:00,0.224621,0.229205,0.225016,0.228334,7100771.3929056
1781665200,2026-06-17 03:00:00,0.223061,0.228475,0.22835,0.227864,5673354.75372026
1781668800,2026-06-17 04:00:00,0.22403,0.229717,0.227895,0.224125,8240535.0568766
1781672400,2026-06-17 05:00:00,0.222127,0.2262,0.224068,0.224693,3601029.48464071
1781676000,2026-06-17 06:00:00,0.222395,0.227451,0.22477,0.222663,6140989.26266992
1781679600,2026-06-17 07:00:00,0.22089,0.224227,0.222789,0.2219,3996519.05926976
1781683200,2026-06-17 08:00:00,0.217875,0.222469,0.22195,0.218844,4858572.15319852
1781686800,2026-06-17 09:00:00,0.217819,0.221913,0.218872,0.2193,2208261.54318943
1781690400,2026-06-17 10:00:00,0.217834,0.220501,0.21925,0.21915,1761540.59440524
1781694000,2026-06-17 11:00:00,0.21795,0.225911,0.2192,0.223852,4678656.3615188
1781697600,2026-06-17 12:00:00,0.222342,0.227622,0.22395,0.22751,7600454.29958066
1781701200,2026-06-17 13:00:00,0.223374,0.227941,0.227445,0.224774,6414283.16744796
1781704800,2026-06-17 14:00:00,0.222618,0.227392,0.22475,0.22377,8346326.92009956
1781708400,2026-06-17 15:00:00,0.223814,0.232018,0.223864,0.229714,15304107.04084662
1781712000,2026-06-17 16:00:00,0.22487,0.233964,0.229713,0.226284,12754776.37401805
1781715600,2026-06-17 17:00:00,0.224764,0.228098,0.226284,0.227204,3167178.16151144
1781719200,2026-06-17 18:00:00,0.221953,0.22835,0.227118,0.22615,7369114.21832349
1781722800,2026-06-17 19:00:00,0.219365,0.226954,0.226236,0.220078,10362187.58849019
1781726400,2026-06-17 20:00:00,0.21972,0.226253,0.22001,0.225065,6414327.93277472
1781730000,2026-06-17 21:00:00,0.22225,0.225619,0.225032,0.223952,4938073.46544872
1781733600,2026-06-17 22:00:00,0.220388,0.23,0.223955,0.22815,10462324.7186764
1781737200,2026-06-17 23:00:00,0.225024,0.230742,0.228249,0.22544,4430191.72772283
1781740800,2026-06-18 00:00:00,0.225351,0.23087,0.22545,0.228975,5864411.24266907
1781744400,2026-06-18 01:00:00,0.228745,0.245343,0.228892,0.2421,27110632.39674996
1781748000,2026-06-18 02:00:00,0.2362,0.243785,0.242137,0.2383,12268530.89215218
1781751600,2026-06-18 03:00:00,0.231499,0.238204,0.238204,0.231551,8214556.08251657
1781755200,2026-06-18 04:00:00,0.2303,0.234557,0.231553,0.231542,6819122.99179856
1781758800,2026-06-18 05:00:00,0.227459,0.23185,0.23145,0.230318,7868895.32887264
1781762400,2026-06-18 06:00:00,0.22843,0.233363,0.230317,0.2329,2882219.01969916
1781766000,2026-06-18 07:00:00,0.232069,0.2393,0.2329,0.238638,4835726.78641527
1781769600,2026-06-18 08:00:00,0.23665,0.242595,0.23865,0.23837,6568092.40232524
1781773200,2026-06-18 09:00:00,0.238085,0.246942,0.238545,0.239202,9266439.52139459
1781776800,2026-06-18 10:00:00,0.237366,0.242539,0.239186,0.23907,6935030.84633323
1781780400,2026-06-18 11:00:00,0.235005,0.239976,0.23907,0.236823,9081452.77749547
1781784000,2026-06-18 12:00:00,0.235275,0.247899,0.236878,0.244725,14181079.4966187
1781787600,2026-06-18 13:00:00,0.240911,0.249882,0.244614,0.244199,21489311.97342359
1781791200,2026-06-18 14:00:00,0.243111,0.251559,0.244199,0.247798,18004984.81689889
1781794800,2026-06-18 15:00:00,0.235662,0.248182,0.247798,0.237831,14462631.37142931
1781798400,2026-06-18 16:00:00,0.237564,0.243969,0.23777,0.242358,6781145.41287579
1781802000,2026-06-18 17:00:00,0.229612,0.24285,0.242486,0.230773,17628079.87657338
1781805600,2026-06-18 18:00:00,0.229992,0.23494,0.230787,0.232559,7600337.33954978
1781809200,2026-06-18 19:00:00,0.231467,0.236949,0.2325,0.236588,5408334.35664913
1781812800,2026-06-18 20:00:00,0.234422,0.239258,0.236648,0.2366,8344123.25341867
1781816400,2026-06-18 21:00:00,0.231,0.239134,0.236503,0.23323,8011116.20819249
1781820000,2026-06-18 22:00:00,0.233017,0.23657,0.233168,0.233516,5251046.20446503
1781823600,2026-06-18 23:00:00,0.231249,0.236664,0.233541,0.234185,4454919.346232
1781827200,2026-06-19 00:00:00,0.23162,0.234389,0.234156,0.232045,11567414.57470101
1781830800,2026-06-19 01:00:00,0.23162,0.235082,0.232045,0.231682,5237424.5224295
1781834400,2026-06-19 02:00:00,0.23162,0.234082,0.231633,0.233447,10573270.91538699
1781838000,2026-06-19 03:00:00,0.225693,0.234352,0.23344,0.225982,14436300.88017534
1781841600,2026-06-19 04:00:00,0.217924,0.226279,0.225986,0.21988,6601212.81536941
1781845200,2026-06-19 05:00:00,0.21966,0.22227,0.219854,0.220966,3126323.13697683
1781848800,2026-06-19 06:00:00,0.2205,0.222565,0.220848,0.222063,2250831.00640397
1781852400,2026-06-19 07:00:00,0.216337,0.222142,0.222057,0.217272,4464465.34215678
1781856000,2026-06-19 08:00:00,0.217119,0.220911,0.217168,0.219298,2305840.86854307
1781859600,2026-06-19 09:00:00,0.218491,0.221311,0.219324,0.218726,1293390.62987766
1781863200,2026-06-19 10:00:00,0.216763,0.218866,0.218724,0.218141,1766613.90370197
1781866800,2026-06-19 11:00:00,0.216001,0.218325,0.218149,0.216347,6813092.50321567
1781870400,2026-06-19 12:00:00,0.214413,0.21959,0.216347,0.219395,4850083.31146383
1781874000,2026-06-19 13:00:00,0.218247,0.223362,0.219395,0.221774,3835465.23996639
1781877600,2026-06-19 14:00:00,0.219373,0.222785,0.221725,0.220219,5482512.09474918
1781881200,2026-06-19 15:00:00,0.219901,0.22256,0.220351,0.222265,1828433.25568598
1781884800,2026-06-19 16:00:00,0.219534,0.224093,0.222192,0.219609,3428879.92037871
1781888400,2026-06-19 17:00:00,0.219324,0.221943,0.219623,0.221129,2068933.93502956
1781892000,2026-06-19 18:00:00,0.220501,0.222324,0.221116,0.221095,3210384.40273248
1781895600,2026-06-19 19:00:00,0.217453,0.221196,0.221073,0.218254,2038913.38646155
1781899200,2026-06-19 20:00:00,0.216063,0.219125,0.21828,0.218359,2102337.29794222
1781902800,2026-06-19 21:00:00,0.216474,0.219145,0.218358,0.216839,1166676.97397782
1781906400,2026-06-19 22:00:00,0.216311,0.218736,0.216831,0.217855,1792584.46548328
1781910000,2026-06-19 23:00:00,0.216444,0.219,0.21798,0.217975,2306724.33935319
1781913600,2026-06-20 00:00:00,0.214549,0.218759,0.217992,0.214605,4097156.47984898
1781917200,2026-06-20 01:00:00,0.211827,0.215368,0.214689,0.213073,10834299.2612403
1781920800,2026-06-20 02:00:00,0.210366,0.21295,0.21295,0.211769,3159115.44124946
1781924400,2026-06-20 03:00:00,0.21118,0.212766,0.211673,0.211578,2153965.55498907
1781928000,2026-06-20 04:00:00,0.21135,0.213891,0.211577,0.213372,3662970.07736875
1781931600,2026-06-20 05:00:00,0.213259,0.217748,0.2134,0.217405,5758478.93403982
1781935200,2026-06-20 06:00:00,0.216132,0.218387,0.217482,0.216342,1834815.42930839
1781938800,2026-06-20 07:00:00,0.214326,0.216888,0.216384,0.215755,2582287.22138985
1781942400,2026-06-20 08:00:00,0.214682,0.21604,0.215799,0.214872,737013.58717674
1781946000,2026-06-20 09:00:00,0.214299,0.217797,0.214905,0.217626,1737320.79054562
1781949600,2026-06-20 10:00:00,0.216563,0.21868,0.21756,0.216783,1311590.91256219
1781953200,2026-06-20 11:00:00,0.214533,0.216772,0.21672,0.214956,1651050.48055406
1781956800,2026-06-20 12:00:00,0.214116,0.215922,0.214915,0.214798,1870115.49458353
1781960400,2026-06-20 13:00:00,0.212498,0.215103,0.214797,0.213551,2532445.25197603
1781964000,2026-06-20 14:00:00,0.2113,0.217132,0.213529,0.215358,3791481.7477089
1781967600,2026-06-20 15:00:00,0.214565,0.21733,0.215233,0.215464,2706833.82732193
1781971200,2026-06-20 16:00:00,0.212779,0.215626,0.215519,0.212919,1534891.39268341
1781974800,2026-06-20 17:00:00,0.211205,0.213109,0.212878,0.211751,2390434.75085413
1781978400,2026-06-20 18:00:00,0.211635,0.21309,0.21176,0.211932,1737053.77530963
1781982000,2026-06-20 19:00:00,0.211555,0.212772,0.211847,0.212424,1146564.28721984
1781985600,2026-06-20 20:00:00,0.212058,0.21341,0.212425,0.212889,799224.76740617
1781989200,2026-06-20 21:00:00,0.212498,0.214452,0.212832,0.213774,985355.58114582
1781992800,2026-06-20 22:00:00,0.213235,0.217963,0.213654,0.21629,3078641.92680047
1781996400,2026-06-20 23:00:00,0.215526,0.216959,0.21628,0.215971,1127098.2499017
1782000000,2026-06-21 00:00:00,0.214075,0.217476,0.215981,0.214516,1935625.67684956
1782003600,2026-06-21 01:00:00,0.212934,0.214788,0.214617,0.213757,1764156.15424484
1782007200,2026-06-21 02:00:00,0.212837,0.21426,0.21378,0.21336,1396180.98822161
1782010800,2026-06-21 03:00:00,0.213151,0.214956,0.213278,0.214201,1543782.43442185
1782014400,2026-06-21 04:00:00,0.213124,0.216962,0.214185,0.214093,2563501.96156761
1782018000,2026-06-21 05:00:00,0.212352,0.214326,0.214032,0.212941,1541309.47765976
1782021600,2026-06-21 06:00:00,0.212364,0.213779,0.212953,0.213349,683167.19194155
1782025200,2026-06-21 07:00:00,0.21257,0.213838,0.213276,0.213292,759035.88898381
1782028800,2026-06-21 08:00:00,0.210923,0.213654,0.213267,0.212898,3035306.14823842
1782032400,2026-06-21 09:00:00,0.211446,0.213318,0.212909,0.212773,1035093.02313173
1782036000,2026-06-21 10:00:00,0.212698,0.214704,0.212811,0.213023,830476.11541011
1782039600,2026-06-21 11:00:00,0.210549,0.214375,0.213024,0.210784,1792216.21976242
1782043200,2026-06-21 12:00:00,0.209281,0.212939,0.210788,0.212545,5629864.96156723
1782046800,2026-06-21 13:00:00,0.211986,0.216999,0.212548,0.216778,5298975.25827231
1782050400,2026-06-21 14:00:00,0.214074,0.216785,0.216721,0.216726,1473091.39053889
1782054000,2026-06-21 15:00:00,0.214745,0.217652,0.216656,0.216006,2631392.37084728
1782057600,2026-06-21 16:00:00,0.211914,0.216238,0.215964,0.213276,2693519.97923282
1782061200,2026-06-21 17:00:00,0.2119,0.214,0.213296,0.212395,1313557.61511606
1782064800,2026-06-21 18:00:00,0.211114,0.214461,0.212394,0.213459,2576406.50916853
1782068400,2026-06-21 19:00:00,0.213384,0.215782,0.213389,0.214628,1736796.01895341
1782072000,2026-06-21 20:00:00,0.21252,0.215832,0.214697,0.212776,1670269.00785888
1782075600,2026-06-21 21:00:00,0.209467,0.21299,0.212775,0.21168,4836637.39806716
1782079200,2026-06-21 22:00:00,0.210942,0.212841,0.211651,0.211111,1761057.73219422
1782082800,2026-06-21 23:00:00,0.209383,0.211134,0.21105,0.20957,1477851.27308089
1782086400,2026-06-22 00:00:00,0.209454,0.213359,0.209501,0.213066,1713062.77824071
1782090000,2026-06-22 01:00:00,0.212049,0.216921,0.213136,0.215342,5208326.85358332
1782093600,2026-06-22 02:00:00,0.212421,0.21578,0.215385,0.21257,1734175.4242958
1782097200,2026-06-22 03:00:00,0.209607,0.212902,0.212605,0.210285,2316537.51178159
1782100800,2026-06-22 04:00:00,0.209913,0.211596,0.210283,0.211359,1009008.49400809
1782104400,2026-06-22 05:00:00,0.211503,0.212742,0.211503,0.2121,1036018.13022587
1782108000,2026-06-22 06:00:00,0.210639,0.212818,0.212142,0.210883,947761.23247353
1782111600,2026-06-22 07:00:00,0.210736,0.214026,0.21094,0.212819,973202.13357176
1782115200,2026-06-22 08:00:00,0.210424,0.212973,0.212935,0.21072,734218.48439354
1782118800,2026-06-22 09:00:00,0.209622,0.211483,0.21072,0.210178,1255184.33150502
1782122400,2026-06-22 10:00:00,0.209049,0.21092,0.210113,0.209581,1451883.07912785
1782126000,2026-06-22 11:00:00,0.209126,0.214096,0.209655,0.21408,3727376.23214257
1782129600,2026-06-22 12:00:00,0.213552,0.21584,0.21408,0.215,4414494.2608012
1782133200,2026-06-22 13:00:00,0.213552,0.21572,0.214961,0.21572,3797833.53737267
1782136800,2026-06-22 14:00:00,0.210015,0.216018,0.21576,0.210611,3691191.39922798
1782140400,2026-06-22 15:00:00,0.208377,0.211393,0.210611,0.20855,6039078.92460066
1782144000,2026-06-22 16:00:00,0.2053,0.209083,0.20846,0.206876,6508541.66192075
1782147600,2026-06-22 17:00:00,0.205691,0.208167,0.206967,0.207664,2434097.6237491
1782151200,2026-06-22 18:00:00,0.20212,0.208853,0.207664,0.203618,5567404.22028084
1782154800,2026-06-22 19:00:00,0.20349,0.204905,0.203532,0.203952,4112829.50862842
1782158400,2026-06-22 20:00:00,0.203269,0.205205,0.203906,0.204574,2115114.57281553
1782162000,2026-06-22 21:00:00,0.203166,0.205065,0.204574,0.203896,1940156.9104562
1782165600,2026-06-22 22:00:00,0.201259,0.204692,0.203947,0.202834,4578341.27302992
1782169200,2026-06-22 23:00:00,0.201732,0.202842,0.202842,0.202681,1785116.71812543
1782172800,2026-06-23 00:00:00,0.2,0.202608,0.202608,0.201118,3268880.80832785
1782176400,2026-06-23 01:00:00,0.198459,0.2017,0.201117,0.200021,2444232.87456943
1782180000,2026-06-23 02:00:00,0.197891,0.19995,0.19995,0.198294,4994393.36455327
1782183600,2026-06-23 03:00:00,0.196565,0.198344,0.1983,0.19792,7658910.94443586
1782187200,2026-06-23 04:00:00,0.196317,0.19808,0.197938,0.1964,6259853.9794234
1782190800,2026-06-23 05:00:00,0.19538,0.197162,0.196462,0.1956,1890704.34323567
1782194400,2026-06-23 06:00:00,0.192876,0.196385,0.195615,0.195286,6236212.60513288
1782198000,2026-06-23 07:00:00,0.194944,0.19621,0.19529,0.19549,1779995.25803
1782201600,2026-06-23 08:00:00,0.191349,0.195789,0.195564,0.192133,3375806.9314664
1782205200,2026-06-23 09:00:00,0.191696,0.192864,0.192157,0.192812,1964155.64148889
1782208800,2026-06-23 10:00:00,0.190362,0.193351,0.192843,0.191433,4859386.64320467
1782212400,2026-06-23 11:00:00,0.19131,0.193779,0.191403,0.193565,2377189.88029225
1782216000,2026-06-23 12:00:00,0.192058,0.193661,0.19362,0.192529,3148395.43307823
1782219600,2026-06-23 13:00:00,0.19117,0.194566,0.192489,0.193831,4052698.02869545
1782223200,2026-06-23 14:00:00,0.192673,0.19439,0.193795,0.192853,3489175.0696149
1782226800,2026-06-23 15:00:00,0.191712,0.19319,0.1929,0.19268,1648234.55670971
1782230400,2026-06-23 16:00:00,0.192618,0.194354,0.192618,0.193259,4156405.70424762
1782234000,2026-06-23 17:00:00,0.192159,0.193619,0.19331,0.192497,4886117.84389163
1782237600,2026-06-23 18:00:00,0.192321,0.19432,0.192511,0.193544,2725528.06769852
1782241200,2026-06-23 19:00:00,0.193509,0.194549,0.193544,0.193935,2258126.33294463
1782244800,2026-06-23 20:00:00,0.193897,0.195725,0.193901,0.194816,2070675.265901
1782248400,2026-06-23 21:00:00,0.194817,0.196245,0.194817,0.1953,3598340.06059099
1782252000,2026-06-23 22:00:00,0.194905,0.196308,0.1953,0.194954,1984739.82114343
1782255600,2026-06-23 23:00:00,0.194036,0.19551,0.194922,0.194905,1854176.32954053
1782259200,2026-06-24 00:00:00,0.194721,0.197114,0.194905,0.196812,2532915.88453933
1782262800,2026-06-24 01:00:00,0.194926,0.196898,0.196849,0.194987,1379393.1757939
1782266400,2026-06-24 02:00:00,0.191558,0.195134,0.194979,0.192147,5144003.58343344
1782270000,2026-06-24 03:00:00,0.190867,0.192744,0.19222,0.19167,2923661.91997146
1782273600,2026-06-24 04:00:00,0.188958,0.19194,0.191699,0.19154,6167247.95486166
1782277200,2026-06-24 05:00:00,0.191416,0.193329,0.19155,0.192536,2287179.1964738
1782280800,2026-06-24 06:00:00,0.192107,0.193398,0.19258,0.192484,998367.8235062
1782284400,2026-06-24 07:00:00,0.19085,0.19257,0.19252,0.19119,2353919.23939076
1782288000,2026-06-24 08:00:00,0.19079,0.191759,0.191056,0.191496,1019615.57801218
1782291600,2026-06-24 09:00:00,0.1911,0.191737,0.191457,0.191629,818857.69868638
1782295200,2026-06-24 10:00:00,0.189883,0.191631,0.191565,0.19,1920147.27077725
1782298800,2026-06-24 11:00:00,0.189476,0.193276,0.190077,0.191805,2794481.74112869
1782302400,2026-06-24 12:00:00,0.190372,0.192241,0.19184,0.190458,1639551.2483914
1782306000,2026-06-24 13:00:00,0.187147,0.190554,0.190458,0.187375,6515045.33607861
1782309600,2026-06-24 14:00:00,0.18645,0.188108,0.187368,0.187362,4989344.44083936
1782313200,2026-06-24 15:00:00,0.184548,0.187331,0.187239,0.185317,3767485.39565532
1782316800,2026-06-24 16:00:00,0.18291,0.186768,0.185222,0.184334,6252674.63029315
1782320400,2026-06-24 17:00:00,0.181843,0.184768,0.184322,0.181915,3268094.5706618
1782324000,2026-06-24 18:00:00,0.181619,0.186094,0.181927,0.183517,6698636.82509691
1782327600,2026-06-24 19:00:00,0.182516,0.18409,0.183518,0.183739,2995152.93060814
1782331200,2026-06-24 20:00:00,0.183514,0.187394,0.183775,0.186868,5179614.38657648
1782334800,2026-06-24 21:00:00,0.185581,0.187109,0.186868,0.186904,4073050.06505178
1782338400,2026-06-24 22:00:00,0.185213,0.18768,0.186903,0.185336,4352521.71688672
1782342000,2026-06-24 23:00:00,0.184594,0.185837,0.1853,0.185251,1374109.82326141
1782345600,2026-06-25 00:00:00,0.184372,0.185959,0.185251,0.185814,1904702.40742355
1782349200,2026-06-25 01:00:00,0.185743,0.189224,0.185837,0.186796,4909358.64101332
1782352800,2026-06-25 02:00:00,0.185476,0.186999,0.186706,0.18614,1554601.5548057
1782356400,2026-06-25 03:00:00,0.185146,0.186256,0.186133,0.186074,848902.52122988
1782360000,2026-06-25 04:00:00,0.1861,0.187693,0.186141,0.18766,792074.91420658
1782363600,2026-06-25 05:00:00,0.187378,0.189945,0.187623,0.1876,2673229.15602928
1782367200,2026-06-25 06:00:00,0.18737,0.1884,0.187612,0.1875,1125794.94155801
1782370800,2026-06-25 07:00:00,0.18616,0.187571,0.187514,0.186658,573881.34932343
1782374400,2026-06-25 08:00:00,0.185499,0.186731,0.186659,0.18567,1174811.74059795
1782378000,2026-06-25 09:00:00,0.184542,0.18592,0.18572,0.184704,711607.69203783
1782381600,2026-06-25 10:00:00,0.1821,0.184752,0.184652,0.182409,4732162.00682047
1782385200,2026-06-25 11:00:00,0.18153,0.182694,0.182341,0.181963,2043547.24968373
1782388800,2026-06-25 12:00:00,0.181222,0.184288,0.181963,0.182962,3019916.18500273
1782392400,2026-06-25 13:00:00,0.17383,0.183947,0.182945,0.174427,20223605.46509841
1782396000,2026-06-25 14:00:00,0.174494,0.179702,0.174494,0.176716,9078847.31322238
1782399600,2026-06-25 15:00:00,0.17514,0.178638,0.176806,0.17846,5051660.94502904
1782403200,2026-06-25 16:00:00,0.175654,0.17934,0.17847,0.176411,4180812.80461811
1782406800,2026-06-25 17:00:00,0.17616,0.1788,0.176371,0.178571,2773046.21086331
1782410400,2026-06-25 18:00:00,0.175512,0.17868,0.178568,0.176013,3369310.03213451
1782414000,2026-06-25 19:00:00,0.1745,0.176056,0.17604,0.17505,3187209.31906719
1782417600,2026-06-25 20:00:00,0.173793,0.176069,0.175065,0.174685,2960245.25886717
1782421200,2026-06-25 21:00:00,0.174504,0.17805,0.174727,0.177858,5524620.05175469
1782424800,2026-06-25 22:00:00,0.176886,0.178171,0.177874,0.177425,5662315.10137321
1782428400,2026-06-25 23:00:00,0.177,0.1794,0.177392,0.1787,2123610.40475485
1782432000,2026-06-26 00:00:00,0.17661,0.17922,0.17871,0.17664,1693316.19205991
1782435600,2026-06-26 01:00:00,0.174227,0.176958,0.176638,0.174852,3496509.52513745
1782439200,2026-06-26 02:00:00,0.170792,0.17495,0.174834,0.171543,11908927.26147833
1782442800,2026-06-26 03:00:00,0.17105,0.175245,0.171543,0.175035,7532742.36561561
1782446400,2026-06-26 04:00:00,0.1736,0.175606,0.175068,0.173808,2582299.21239463
1782450000,2026-06-26 05:00:00,0.173495,0.175469,0.173808,0.17493,959149.31184487
1782453600,2026-06-26 06:00:00,0.173985,0.177181,0.17493,0.176917,3530451.37041505
1782457200,2026-06-26 07:00:00,0.176732,0.179655,0.176941,0.17871,5424576.25587499
1782460800,2026-06-26 08:00:00,0.176741,0.178885,0.178739,0.177104,1344654.8857961
1782464400,2026-06-26 09:00:00,0.174755,0.177088,0.177088,0.17523,1451909.53013336
1782468000,2026-06-26 10:00:00,0.174287,0.175869,0.175292,0.174474,952389.46783761
1782471600,2026-06-26 11:00:00,0.1737,0.17528,0.174474,0.174182,3945776.56103504
1782475200,2026-06-26 12:00:00,0.17231,0.17619,0.174182,0.172405,5156336.4589253
1782478800,2026-06-26 13:00:00,0.171581,0.176015,0.172443,0.17598,2392493.50236595
1782482400,2026-06-26 14:00:00,0.17388,0.177289,0.17594,0.17631,6088280.27092173
1782486000,2026-06-26 15:00:00,0.174931,0.178381,0.176313,0.17787,4361220.10699035
1782489600,2026-06-26 16:00:00,0.176435,0.17924,0.177905,0.179199,4645003.42797351
1782493200,2026-06-26 17:00:00,0.178578,0.180037,0.179096,0.178914,3159656.11302501
1782496800,2026-06-26 18:00:00,0.17766,0.179235,0.178885,0.177742,1019964.56865207
1782500400,2026-06-26 19:00:00,0.177506,0.180566,0.177721,0.178602,4335333.41995777
1782504000,2026-06-26 20:00:00,0.177498,0.180166,0.178572,0.177581,7909359.68304532
1782507600,2026-06-26 21:00:00,0.177453,0.17899,0.177624,0.17815,1243024.93675173
1782511200,2026-06-26 22:00:00,0.177397,0.178356,0.178115,0.177864,1239006.12008683
1782514800,2026-06-26 23:00:00,0.17687,0.178298,0.177867,0.177596,2804619.59970302
1782518400,2026-06-27 00:00:00,0.175544,0.177897,0.177605,0.175681,3947347.12383721
1782522000,2026-06-27 01:00:00,0.17433,0.175721,0.175682,0.174765,1543362.03971498
1782525600,2026-06-27 02:00:00,0.174283,0.176152,0.174765,0.174283,2311599.99793501
1782529200,2026-06-27 03:00:00,0.173287,0.174963,0.1743,0.17374,4479839.94246207
1782532800,2026-06-27 04:00:00,0.173568,0.176259,0.173711,0.175311,1624012.29765913
1782536400,2026-06-27 05:00:00,0.174324,0.175824,0.175281,0.174753,1320410.23660885
1782540000,2026-06-27 06:00:00,0.173714,0.17528,0.17475,0.174731,891161.16355756
1782543600,2026-06-27 07:00:00,0.174161,0.175595,0.174718,0.175327,898391.94966796
1782547200,2026-06-27 08:00:00,0.173774,0.175385,0.175315,0.174055,478545.18451253
1782550800,2026-06-27 09:00:00,0.173272,0.174372,0.17402,0.173576,1145832.51934787
1782554400,2026-06-27 10:00:00,0.173579,0.17588,0.173579,0.17588,2654642.00851881
1782558000,2026-06-27 11:00:00,0.174507,0.18057,0.175873,0.176385,7012380.67932596
1782561600,2026-06-27 12:00:00,0.17478,0.176361,0.176361,0.17595,2164847.06512
1782565200,2026-06-27 13:00:00,0.175474,0.17703,0.175878,0.176725,1935219.9425143
1782568800,2026-06-27 14:00:00,0.17612,0.177627,0.176719,0.176365,1939311.59825226
1782572400,2026-06-27 15:00:00,0.176406,0.179265,0.176435,0.178465,2748117.1037017
1782576000,2026-06-27 16:00:00,0.177173,0.178626,0.178461,0.1775,2341866.37143007
1782579600,2026-06-27 17:00:00,0.17496,0.177525,0.177465,0.174996,4877619.65565229
1782583200,2026-06-27 18:00:00,0.1742,0.175049,0.175012,0.17484,2336237.34579025
1782586800,2026-06-27 19:00:00,0.173365,0.17484,0.17479,0.17366,3617275.15589188
1782590400,2026-06-27 20:00:00,0.17362,0.174536,0.17364,0.17427,863501.08407687
1782594000,2026-06-27 21:00:00,0.172811,0.174974,0.1743,0.173271,1922256.18564314
1782597600,2026-06-27 22:00:00,0.172102,0.174228,0.173288,0.174024,2130927.74769161
1782601200,2026-06-27 23:00:00,0.173309,0.17451,0.174067,0.17368,844293.81741574
1782604800,2026-06-28 00:00:00,0.173538,0.175059,0.173672,0.174768,2366943.78316366
1782608400,2026-06-28 01:00:00,0.173546,0.174675,0.174675,0.173979,1006580.60919843
1782612000,2026-06-28 02:00:00,0.172998,0.174677,0.174039,0.17313,842785.90360201
1782615600,2026-06-28 03:00:00,0.172873,0.17365,0.173135,0.17329,800800.41025655
1782619200,2026-06-28 04:00:00,0.172264,0.173459,0.173288,0.172533,982086.02879026
1782622800,2026-06-28 05:00:00,0.171457,0.172576,0.172512,0.171859,1377436.94788966
1782626400,2026-06-28 06:00:00,0.170718,0.172045,0.171906,0.171177,3277484.30092952
1782630000,2026-06-28 07:00:00,0.17067,0.171974,0.171086,0.171856,1086626.57311907
1782633600,2026-06-28 08:00:00,0.171358,0.173274,0.17189,0.172671,476875.03301681
1782637200,2026-06-28 09:00:00,0.171184,0.173093,0.17269,0.171255,433258.4421162
1782640800,2026-06-28 10:00:00,0.170343,0.171785,0.17125,0.170881,699281.84231612
1782644400,2026-06-28 11:00:00,0.170563,0.172096,0.170881,0.171828,988285.96248269
1782648000,2026-06-28 12:00:00,0.171086,0.172631,0.17178,0.171543,874087.05308831
1782651600,2026-06-28 13:00:00,0.170448,0.171585,0.171511,0.170623,940916.29798896
1782655200,2026-06-28 14:00:00,0.170452,0.171776,0.170624,0.170884,665216.34632835
1782658800,2026-06-28 15:00:00,0.17009,0.171523,0.170936,0.170688,2159483.24341189
1782662400,2026-06-28 16:00:00,0.17,0.170916,0.170713,0.170745,3433457.09947845
1782666000,2026-06-28 17:00:00,0.169344,0.17103,0.170748,0.1701,2653888.44047713
1782669600,2026-06-28 18:00:00,0.168623,0.171221,0.170087,0.171126,2974558.10363065
1782673200,2026-06-28 19:00:00,0.169671,0.171963,0.171121,0.170341,2793026.10152394
1782676800,2026-06-28 20:00:00,0.169908,0.172188,0.17034,0.172,996836.43649185
1782680400,2026-06-28 21:00:00,0.169669,0.173503,0.17199,0.169885,1753288.77077744
1782684000,2026-06-28 22:00:00,0.16947,0.172409,0.16989,0.170495,2090742.91875669
1782687600,2026-06-28 23:00:00,0.170071,0.173883,0.17046,0.172674,1666354.21209332
1782691200,2026-06-29 00:00:00,0.169704,0.173356,0.172719,0.173221,1975570.88586938
1782694800,2026-06-29 01:00:00,0.17085,0.173279,0.17322,0.1719,1643375.05117617
1782698400,2026-06-29 02:00:00,0.170286,0.173563,0.17187,0.17342,2126712.28416677
1782702000,2026-06-29 03:00:00,0.172415,0.174605,0.17349,0.173618,2421407.24466745
1782705600,2026-06-29 04:00:00,0.17195,0.173672,0.173628,0.172485,894889.55820101
1782709200,2026-06-29 05:00:00,0.170962,0.17361,0.172397,0.17361,1845394.06809275
1782712800,2026-06-29 06:00:00,0.173614,0.175345,0.17363,0.17408,3843540.53742816
1782716400,2026-06-29 07:00:00,0.172942,0.174174,0.174044,0.173238,840249.94524178
1782720000,2026-06-29 08:00:00,0.171626,0.17355,0.173264,0.171826,972579.07074282
1782723600,2026-06-29 09:00:00,0.171504,0.172573,0.171757,0.172365,1433268.62712996
1782727200,2026-06-29 10:00:00,0.172053,0.173201,0.172419,0.172806,1586700.76127798
1782730800,2026-06-29 11:00:00,0.17182,0.173901,0.172848,0.172513,1635109.09266472
1782734400,2026-06-29 12:00:00,0.171315,0.175289,0.17248,0.172919,5153295.97185111
1782738000,2026-06-29 13:00:00,0.172,0.174603,0.172927,0.173429,3009677.32064918
1782741600,2026-06-29 14:00:00,0.171814,0.174174,0.173497,0.17372,5552243.81291667
1782745200,2026-06-29 15:00:00,0.172074,0.17394,0.173816,0.173588,1975971.89147557
1782748800,2026-06-29 16:00:00,0.172448,0.174624,0.173588,0.17421,3343437.16326722
1782752400,2026-06-29 17:00:00,0.174148,0.177679,0.174241,0.176297,8122833.37381864
1782756000,2026-06-29 18:00:00,0.176221,0.178516,0.176327,0.177472,2464750.12625976
1782759600,2026-06-29 19:00:00,0.176067,0.177786,0.177493,0.176949,2286200.53567776
1782763200,2026-06-29 20:00:00,0.175088,0.178873,0.176949,0.175513,6646729.32205143
1782766800,2026-06-29 21:00:00,0.175119,0.176791,0.175505,0.17637,2191074.4383232
1782770400,2026-06-29 22:00:00,0.174855,0.176644,0.176293,0.175114,2069571.10367516
1782774000,2026-06-29 23:00:00,0.173695,0.175378,0.175114,0.174876,4358373.90538386
1782777600,2026-06-30 00:00:00,0.173298,0.174934,0.174867,0.174143,3204540.01414593
1782781200,2026-06-30 01:00:00,0.173457,0.17746,0.174078,0.176998,4938285.69885573
1782784800,2026-06-30 02:00:00,0.176759,0.179775,0.177,0.179688,6887080.30082112
1782788400,2026-06-30 03:00:00,0.179667,0.184694,0.179708,0.182497,16129318.97674535
1782792000,2026-06-30 04:00:00,0.182484,0.187256,0.182626,0.186836,11075682.37627695
1782795600,2026-06-30 05:00:00,0.182836,0.187108,0.186845,0.184274,6371947.2961167
1782799200,2026-06-30 06:00:00,0.183827,0.187395,0.184354,0.184001,4034810.85680586
1782802800,2026-06-30 07:00:00,0.180475,0.185712,0.183964,0.18211,7488639.41851967
1782806400,2026-06-30 08:00:00,0.178043,0.182162,0.182071,0.179963,4555103.50009171
1782810000,2026-06-30 09:00:00,0.178194,0.179984,0.179967,0.178788,1497761.23064122
1782813600,2026-06-30 10:00:00,0.177105,0.179784,0.178763,0.179398,2225616.44875072
1782817200,2026-06-30 11:00:00,0.176525,0.179734,0.179416,0.177013,3791793.50572482
1782820800,2026-06-30 12:00:00,0.173561,0.176955,0.176955,0.173975,12524824.32263077
1782824400,2026-06-30 13:00:00,0.173825,0.17763,0.173975,0.176047,9369871.34190307
1782828000,2026-06-30 14:00:00,0.175677,0.17998,0.175991,0.179558,5792233.0123018
1782831600,2026-06-30 15:00:00,0.177988,0.183447,0.179618,0.18239,7285644.51400484
1782835200,2026-06-30 16:00:00,0.179734,0.184406,0.182389,0.183391,5596817.80432197
1782838800,2026-06-30 17:00:00,0.181265,0.183845,0.18346,0.181675,4920993.96248848
1782842400,2026-06-30 18:00:00,0.181527,0.18805,0.181674,0.187656,10243431.91301518
1782846000,2026-06-30 19:00:00,0.183888,0.1876,0.1876,0.185851,5606723.26184106
1782849600,2026-06-30 20:00:00,0.1817,0.186017,0.18585,0.182233,2802401.57124441
1782853200,2026-06-30 21:00:00,0.18176,0.18356,0.182208,0.182879,1549091.00707817
1782856800,2026-06-30 22:00:00,0.18287,0.185787,0.18287,0.184085,2528382.43132606
1782860400,2026-06-30 23:00:00,0.183545,0.189129,0.184051,0.188836,12373550.53823947
1782864000,2026-07-01 00:00:00,0.18886,0.195742,0.18886,0.194666,17135037.8710594
1782867600,2026-07-01 01:00:00,0.189942,0.200688,0.194761,0.199841,20698030.99822493
1782871200,2026-07-01 02:00:00,0.199238,0.20747,0.1998,0.206859,14781448.08040269
1782874800,2026-07-01 03:00:00,0.202315,0.20747,0.206976,0.203747,16966867.05942585
1782878400,2026-07-01 04:00:00,0.199372,0.205199,0.203784,0.199953,8578839.44623779
1782882000,2026-07-01 05:00:00,0.197205,0.199901,0.199901,0.197356,6668232.39043784
1782885600,2026-07-01 06:00:00,0.196385,0.201716,0.197344,0.200768,10076190.95409502
1782889200,2026-07-01 07:00:00,0.198388,0.20178,0.200932,0.200108,4044262.29322431
1782892800,2026-07-01 08:00:00,0.198575,0.2039,0.200032,0.201836,5453713.70235728
1782896400,2026-07-01 09:00:00,0.198039,0.20274,0.2018,0.198137,4739666.90190654
1782900000,2026-07-01 10:00:00,0.195127,0.200535,0.198171,0.2,7404902.04695944
1782903600,2026-07-01 11:00:00,0.19663,0.200243,0.200006,0.19895,3831815.05336821
1782907200,2026-07-01 12:00:00,0.195327,0.20091,0.19906,0.196505,4074036.63573946
1782910800,2026-07-01 13:00:00,0.195534,0.197374,0.196544,0.197146,4894306.93567017
1782914400,2026-07-01 14:00:00,0.196842,0.202089,0.197146,0.199972,7110141.33348927
1782918000,2026-07-01 15:00:00,0.199557,0.203421,0.199985,0.202148,7087851.20559305
1782921600,2026-07-01 16:00:00,0.198524,0.203683,0.202102,0.199614,8948305.40334288
1782925200,2026-07-01 17:00:00,0.197707,0.201041,0.199652,0.199972,4022702.16236572
1782928800,2026-07-01 18:00:00,0.197415,0.200406,0.199948,0.199002,3021329.80577851
1782932400,2026-07-01 19:00:00,0.19775,0.203287,0.199002,0.203102,4498180.23402741
1782936000,2026-07-01 20:00:00,0.197001,0.203327,0.203045,0.199979,4151351.02675348
1782939600,2026-07-01 21:00:00,0.19932,0.202971,0.199937,0.202116,5602880.56928076
1782943200,2026-07-01 22:00:00,0.198783,0.202661,0.202058,0.199504,3669520.53145519
1782946800,2026-07-01 23:00:00,0.196914,0.199578,0.199507,0.197208,3460951.21420154
1782950400,2026-07-02 00:00:00,0.192397,0.197716,0.197283,0.19375,3233636.3567057
1782954000,2026-07-02 01:00:00,0.1936,0.196951,0.193769,0.196343,5010343.0840616
1782957600,2026-07-02 02:00:00,0.196068,0.203247,0.196284,0.202075,6605946.06798304
1782961200,2026-07-02 03:00:00,0.199653,0.202914,0.202094,0.200618,6756844.70031657
1782964800,2026-07-02 04:00:00,0.198312,0.200543,0.200543,0.19961,2172014.32752126
1782968400,2026-07-02 05:00:00,0.19619,0.199689,0.199565,0.196322,4554577.46049473
1782972000,2026-07-02 06:00:00,0.194398,0.197659,0.196358,0.194835,3100970.00239333
1782975600,2026-07-02 07:00:00,0.1945,0.197579,0.194857,0.19668,1600060.44772792
1782979200,2026-07-02 08:00:00,0.195989,0.198325,0.196766,0.197857,1234859.66503261
1782982800,2026-07-02 09:00:00,0.196707,0.201245,0.197851,0.200494,2282735.44411581
1782986400,2026-07-02 10:00:00,0.197468,0.20047,0.200431,0.198019,1489785.02465643
1782990000,2026-07-02 11:00:00,0.197161,0.200924,0.198016,0.200109,2704868.902278
1782993600,2026-07-02 12:00:00,0.197641,0.200889,0.20007,0.199082,5934594.14574252
1782997200,2026-07-02 13:00:00,0.198849,0.202648,0.19918,0.201589,6996768.61720268
1783000800,2026-07-02 14:00:00,0.19775,0.204288,0.2016,0.199993,13261378.65695874
1783004400,2026-07-02 15:00:00,0.19824,0.201395,0.199998,0.199261,4955931.06580816
1783008000,2026-07-02 16:00:00,0.197925,0.200985,0.19929,0.200704,2654972.02355034
1783011600,2026-07-02 17:00:00,0.19872,0.20104,0.200718,0.1995,2013006.84505833
1783015200,2026-07-02 18:00:00,0.19867,0.200669,0.19955,0.198909,2418384.78114578
1783018800,2026-07-02 19:00:00,0.196,0.198923,0.198923,0.196486,3768757.80153824
1783022400,2026-07-02 20:00:00,0.195782,0.197932,0.196467,0.19732,2776731.20487893
1783026000,2026-07-02 21:00:00,0.196,0.197399,0.197339,0.196629,2062169.73157686
1783029600,2026-07-02 22:00:00,0.196022,0.19748,0.196461,0.197062,1145457.59965532
1783033200,2026-07-02 23:00:00,0.196618,0.2003,0.197,0.199066,3635277.64745843
1783036800,2026-07-03 00:00:00,0.195985,0.199584,0.199064,0.19663,3469737.61768876
1783040400,2026-07-03 01:00:00,0.196523,0.200239,0.196614,0.19955,4152708.87015675
1783044000,2026-07-03 02:00:00,0.1971,0.199779,0.199575,0.19804,2567694.30574321
1783047600,2026-07-03 03:00:00,0.196561,0.198187,0.19803,0.197022,992951.26117814
1783051200,2026-07-03 04:00:00,0.196923,0.198458,0.197086,0.197622,2303704.90848416
1783054800,2026-07-03 05:00:00,0.197646,0.19985,0.197694,0.199583,2148491.20629043
1783058400,2026-07-03 06:00:00,0.198457,0.200591,0.199583,0.198557,1133961.20999743
1783062000,2026-07-03 07:00:00,0.198451,0.200313,0.198544,0.199421,1653079.71498622
1783065600,2026-07-03 08:00:00,0.198588,0.200169,0.199418,0.19975,999550.9069702
1783069200,2026-07-03 09:00:00,0.19946,0.204,0.199646,0.201454,6102922.11927577
1783072800,2026-07-03 10:00:00,0.19918,0.20253,0.201435,0.200834,3762852.19977973
1783076400,2026-07-03 11:00:00,0.200118,0.201849,0.200758,0.200942,1726981.07393192
1783080000,2026-07-03 12:00:00,0.199954,0.202889,0.20089,0.201891,2959157.38433506
1783083600,2026-07-03 13:00:00,0.20146,0.203965,0.201942,0.203853,2714841.13409259
1783087200,2026-07-03 14:00:00,0.201428,0.203972,0.203891,0.201622,3446020.0624768
1783090800,2026-07-03 15:00:00,0.200104,0.2026,0.201671,0.200551,2630930.38856819
1783094400,2026-07-03 16:00:00,0.199382,0.203264,0.200577,0.201636,4692043.13007821
1783098000,2026-07-03 17:00:00,0.201117,0.20311,0.201727,0.203065,2304469.4059389
1783101600,2026-07-03 18:00:00,0.202417,0.205611,0.20311,0.202982,6746452.10161163
1783105200,2026-07-03 19:00:00,0.20216,0.205462,0.203065,0.203732,3889715.58968482
1783108800,2026-07-03 20:00:00,0.203492,0.206775,0.203697,0.205445,6488395.1803727
1783112400,2026-07-03 21:00:00,0.203345,0.20598,0.205479,0.205504,2397318.78000764
1783116000,2026-07-03 22:00:00,0.203601,0.205661,0.205411,0.204575,2211249.97178182
1783119600,2026-07-03 23:00:00,0.202989,0.204682,0.20448,0.203904,2073072.87588212
1783123200,2026-07-04 00:00:00,0.202531,0.20565,0.20385,0.20468,2000123.88517151
1783126800,2026-07-04 01:00:00,0.203579,0.20692,0.204733,0.206055,2371727.16191667
1783130400,2026-07-04 02:00:00,0.20592,0.209852,0.2061,0.207736,7574925.7737613
1783134000,2026-07-04 03:00:00,0.205416,0.209259,0.207636,0.206299,3364508.59128417
1783137600,2026-07-04 04:00:00,0.2054,0.208677,0.206333,0.207458,3068211.2705963
1783141200,2026-07-04 05:00:00,0.205197,0.207546,0.207481,0.206959,4388114.22009474
1783144800,2026-07-04 06:00:00,0.205162,0.209265,0.206968,0.207664,2834808.37386115
1783148400,2026-07-04 07:00:00,0.204213,0.208847,0.207664,0.206378,3831907.81157679
1783152000,2026-07-04 08:00:00,0.205564,0.207868,0.206266,0.206986,3609727.86374931
1783155600,2026-07-04 09:00:00,0.205732,0.20941,0.207024,0.206036,5035121.20703011
1783159200,2026-07-04 10:00:00,0.205609,0.207111,0.206076,0.206872,2121429.71737802
1783162800,2026-07-04 11:00:00,0.20501,0.206913,0.206834,0.205308,2320509.94034859
1783166400,2026-07-04 12:00:00,0.202423,0.205639,0.205283,0.20394,4676819.76280425
1783170000,2026-07-04 13:00:00,0.203339,0.205276,0.204007,0.203999,2723398.70837196
1783173600,2026-07-04 14:00:00,0.203795,0.206097,0.203946,0.205851,3173947.83710039
1783177200,2026-07-04 15:00:00,0.205849,0.21136,0.205849,0.211333,7160767.87806278
1783180800,2026-07-04 16:00:00,0.210559,0.215471,0.21134,0.21216,14677010.0300259
1783184400,2026-07-04 17:00:00,0.210215,0.214286,0.212,0.213546,4050793.68347803
1783188000,2026-07-04 18:00:00,0.209695,0.214722,0.213611,0.211259,4834662.48197533
1783191600,2026-07-04 19:00:00,0.209146,0.211583,0.211242,0.209608,2779898.887795
1783195200,2026-07-04 20:00:00,0.207842,0.210292,0.209595,0.208908,3170379.06829919
1783198800,2026-07-04 21:00:00,0.208219,0.210683,0.208898,0.209133,1767776.79645569
1783202400,2026-07-04 22:00:00,0.206434,0.209196,0.209115,0.20709,2295922.69206844
1783206000,2026-07-04 23:00:00,0.205127,0.207468,0.207031,0.206512,3338318.96184435
1783209600,2026-07-05 00:00:00,0.20439,0.206809,0.206569,0.205542,3202076.6434124
1783213200,2026-07-05 01:00:00,0.203389,0.205678,0.205512,0.204326,4508162.38657801
1783216800,2026-07-05 02:00:00,0.201841,0.204289,0.204289,0.202312,3997237.06731728
1783220400,2026-07-05 03:00:00,0.201107,0.2026,0.202312,0.20143,1628908.81399166
1783224000,2026-07-05 04:00:00,0.200619,0.202649,0.201362,0.202084,1729452.32170237
1783227600,2026-07-05 05:00:00,0.200564,0.202189,0.202047,0.201124,1522574.5329215
1783231200,2026-07-05 06:00:00,0.199031,0.201096,0.201096,0.199225,4985734.85170858
1783234800,2026-07-05 07:00:00,0.197674,0.199553,0.199243,0.19941,4143811.25462095
1783238400,2026-07-05 08:00:00,0.198486,0.200031,0.199328,0.199552,3891702.14059171
1783242000,2026-07-05 09:00:00,0.1975,0.20031,0.199552,0.197691,2720846.05808069
1783245600,2026-07-05 10:00:00,0.19735,0.19936,0.197654,0.199098,1141321.52735457
1783249200,2026-07-05 11:00:00,0.198567,0.19954,0.199139,0.199097,1147851.85786299
1783252800,2026-07-05 12:00:00,0.198341,0.200048,0.199085,0.199525,1360161.80871531
1783256400,2026-07-05 13:00:00,0.199,0.200947,0.199504,0.200281,1271310.34982678
1783260000,2026-07-05 14:00:00,0.199913,0.201539,0.200307,0.2014,1823990.42756584
1783263600,2026-07-05 15:00:00,0.199386,0.202092,0.201448,0.200029,1823783.15180136
1783267200,2026-07-05 16:00:00,0.199,0.200157,0.200084,0.199727,1070687.30770965
1783270800,2026-07-05 17:00:00,0.199097,0.200355,0.199727,0.199298,1490232.82596077
1783274400,2026-07-05 18:00:00,0.199208,0.200576,0.199299,0.200238,1020338.1330224
1783278000,2026-07-05 19:00:00,0.200022,0.201214,0.20018,0.200668,1124776.18639845
1783281600,2026-07-05 20:00:00,0.200595,0.201576,0.200695,0.201091,1179271.64151462
1783285200,2026-07-05 21:00:00,0.200041,0.203373,0.201112,0.20184,4428441.0810938
1783288800,2026-07-05 22:00:00,0.201614,0.2054,0.201969,0.204591,5434979.90684907
1783292400,2026-07-05 23:00:00,0.202188,0.205045,0.204545,0.202976,1969967.64709527
1783296000,2026-07-06 00:00:00,0.200191,0.2032,0.203112,0.201266,4052350.87983761
1783299600,2026-07-06 01:00:00,0.200679,0.202882,0.201266,0.201324,2685296.88578772
1783303200,2026-07-06 02:00:00,0.1997,0.20181,0.201337,0.200371,2099640.47176765
1783306800,2026-07-06 03:00:00,0.198981,0.200504,0.20034,0.199807,2556185.48662604
1783310400,2026-07-06 04:00:00,0.19923,0.201369,0.199838,0.199393,1338502.31205508
1783314000,2026-07-06 05:00:00,0.198979,0.200273,0.199322,0.199869,2139609.26791445
1783317600,2026-07-06 06:00:00,0.19901,0.200008,0.199885,0.199226,1283475.8050478
1783321200,2026-07-06 07:00:00,0.19875,0.202405,0.199116,0.200463,4050714.51035252
1783324800,2026-07-06 08:00:00,0.200318,0.205089,0.200517,0.204059,6685056.80546089
1783328400,2026-07-06 09:00:00,0.20146,0.205469,0.204051,0.20395,5838739.53363869
1783332000,2026-07-06 10:00:00,0.20342,0.207329,0.20391,0.204977,5055666.48808299
1783335600,2026-07-06 11:00:00,0.20237,0.205335,0.20496,0.202376,2969838.55512029
1783339200,2026-07-06 12:00:00,0.197934,0.202335,0.202335,0.198076,6706863.02058238
1783342800,2026-07-06 13:00:00,0.195862,0.199316,0.19803,0.198855,6320045.20593892
1783346400,2026-07-06 14:00:00,0.197483,0.200384,0.198835,0.197869,2994747.28190579
1783350000,2026-07-06 15:00:00,0.19725,0.20076,0.19789,0.199426,5116936.6780717
1783353600,2026-07-06 16:00:00,0.19915,0.201444,0.199315,0.199687,4398331.33560075
1783357200,2026-07-06 17:00:00,0.199268,0.201328,0.199682,0.199499,2345127.29341427
1783360800,2026-07-06 18:00:00,0.198518,0.20034,0.19951,0.199211,1302853.69894153
1783364400,2026-07-06 19:00:00,0.198625,0.200305,0.199204,0.200305,2508674.04495373
1783368000,2026-07-06 20:00:00,0.199571,0.20084,0.20034,0.200306,1274234.11690943
1783371600,2026-07-06 21:00:00,0.2,0.20363,0.2003,0.202376,5858123.4992066
1783375200,2026-07-06 22:00:00,0.200631,0.203249,0.20243,0.200923,1371032.10346712
1783378800,2026-07-06 23:00:00,0.199185,0.201245,0.200929,0.19996,2081368.72839135
1783382400,2026-07-07 00:00:00,0.199122,0.200681,0.199969,0.199429,2020562.30199771
1783386000,2026-07-07 01:00:00,0.197647,0.199355,0.19933,0.19852,2462352.37315929
1783389600,2026-07-07 02:00:00,0.196777,0.198729,0.19852,0.196877,2296312.68247694
1783393200,2026-07-07 03:00:00,0.195509,0.19735,0.196877,0.196068,4059948.08782778
1783396800,2026-07-07 04:00:00,0.194689,0.19615,0.196024,0.19554,1693683.85847179
1783400400,2026-07-07 05:00:00,0.193606,0.196244,0.19551,0.195825,1223427.3806844
1783404000,2026-07-07 06:00:00,0.195132,0.196814,0.195843,0.196426,735344.10212687
1783407600,2026-07-07 07:00:00,0.195022,0.19665,0.196335,0.1951,796416.4926344
1783411200,2026-07-07 08:00:00,0.19392,0.195328,0.195104,0.193964,1051990.27314542
1783414800,2026-07-07 09:00:00,0.193329,0.194688,0.193985,0.194311,1442665.18352992
1783418400,2026-07-07 10:00:00,0.193385,0.1952,0.194331,0.193501,1259474.24488848
1783422000,2026-07-07 11:00:00,0.192692,0.194396,0.193523,0.194238,2468869.23992788
1783425600,2026-07-07 12:00:00,0.193887,0.195454,0.194238,0.193925,2382387.06741822
1783429200,2026-07-07 13:00:00,0.191818,0.194004,0.193897,0.192598,2299335.38595377
1783432800,2026-07-07 14:00:00,0.189393,0.192899,0.192598,0.191799,6668072.78632538
1783436400,2026-07-07 15:00:00,0.1907,0.193057,0.191789,0.192495,4230592.11408189
1783440000,2026-07-07 16:00:00,0.191434,0.193857,0.192576,0.193021,2991696.08467757
1783443600,2026-07-07 17:00:00,0.192569,0.194152,0.192961,0.193888,1933378.55049322
1783447200,2026-07-07 18:00:00,0.191375,0.19411,0.193849,0.19154,2220218.99348892
1783450800,2026-07-07 19:00:00,0.189559,0.191692,0.191534,0.190798,4457051.93701075
1783454400,2026-07-07 20:00:00,0.189138,0.191306,0.190836,0.189711,2088151.62451469
1783458000,2026-07-07 21:00:00,0.188443,0.190574,0.189716,0.188746,2368460.84136921
1783461600,2026-07-07 22:00:00,0.18772,0.189827,0.18864,0.189571,2261026.07286356
1783465200,2026-07-07 23:00:00,0.188139,0.190217,0.189586,0.188596,1323680.01765019
1783468800,2026-07-08 00:00:00,0.18829,0.189795,0.188619,0.188905,3812020.47429295
1783472400,2026-07-08 01:00:00,0.186,0.189021,0.188883,0.18615,6341818.00198346
1783476000,2026-07-08 02:00:00,0.183888,0.186208,0.186151,0.185748,4115821.29004324
1783479600,2026-07-08 03:00:00,0.185289,0.18642,0.185748,0.185615,2028975.35490757
1783483200,2026-07-08 04:00:00,0.185345,0.18704,0.185658,0.186327,1406289.00635254
1783486800,2026-07-08 05:00:00,0.185793,0.187292,0.18631,0.185911,957910.94634041
1783490400,2026-07-08 06:00:00,0.184452,0.185925,0.185884,0.185268,2563865.87789309
1783494000,2026-07-08 07:00:00,0.184832,0.186,0.185346,0.18528,567519.11454706
1783497600,2026-07-08 08:00:00,0.181999,0.185808,0.18522,0.182952,5602127.80934204
1783501200,2026-07-08 09:00:00,0.1817,0.183444,0.182974,0.1825,2275656.3850938
1783504800,2026-07-08 10:00:00,0.182119,0.183346,0.1825,0.1833,1345618.8498041
1783508400,2026-07-08 11:00:00,0.18234,0.184188,0.183252,0.183413,1805722.00600259
1783512000,2026-07-08 12:00:00,0.181186,0.183497,0.183421,0.181244,1749514.41809792
1783515600,2026-07-08 13:00:00,0.18093,0.182237,0.1813,0.181784,3069907.67311508
1783519200,2026-07-08 14:00:00,0.180315,0.182028,0.18178,0.181462,2833286.92471874
1783522800,2026-07-08 15:00:00,0.180048,0.18145,0.181357,0.180153,2444662.61088388
1783526400,2026-07-08 16:00:00,0.180099,0.183023,0.180132,0.18297,4548856.45133277
1783530000,2026-07-08 17:00:00,0.181048,0.183479,0.183,0.181417,2619562.92014631
1783533600,2026-07-08 18:00:00,0.18084,0.181596,0.181382,0.181181,1600356.95949872
1783537200,2026-07-08 19:00:00,0.18099,0.181535,0.18123,0.181183,1266060.79174698
1783540800,2026-07-08 20:00:00,0.18024,0.181902,0.181197,0.180317,1936908.75633901
1783544400,2026-07-08 21:00:00,0.1795,0.181337,0.180363,0.181259,3164445.24439964
1783548000,2026-07-08 22:00:00,0.181059,0.181619,0.1812,0.18116,1040532.34765327
1783551600,2026-07-08 23:00:00,0.180513,0.181379,0.181179,0.181124,1114682.02706226
1783555200,2026-07-09 00:00:00,0.180846,0.181744,0.181124,0.18144,2372484.53033604
1783558800,2026-07-09 01:00:00,0.180008,0.182381,0.181412,0.18018,1608631.56877174
1783562400,2026-07-09 02:00:00,0.18,0.181264,0.180214,0.180726,1604932.86184604
1783566000,2026-07-09 03:00:00,0.17983,0.181825,0.180786,0.18115,1955445.62488465
1783569600,2026-07-09 04:00:00,0.180689,0.184395,0.181151,0.183452,3213215.69592871
1783573200,2026-07-09 05:00:00,0.180525,0.183631,0.18347,0.181652,3111753.64714877
1783576800,2026-07-09 06:00:00,0.180992,0.18193,0.181653,0.181756,2737417.07665224
1783580400,2026-07-09 07:00:00,0.180648,0.181769,0.181764,0.181089,2730807.16744121
1783584000,2026-07-09 08:00:00,0.180862,0.181505,0.181089,0.181148,2064249.55985983
1783587600,2026-07-09 09:00:00,0.180201,0.181439,0.181147,0.180517,3759372.55052564
1783591200,2026-07-09 10:00:00,0.180362,0.182077,0.180518,0.180392,1704471.19837616
1783594800,2026-07-09 11:00:00,0.180145,0.180861,0.180392,0.180606,2245317.00928661
1783598400,2026-07-09 12:00:00,0.180064,0.181022,0.180606,0.180405,1510561.40141938
1783602000,2026-07-09 13:00:00,0.180075,0.18264,0.180411,0.182496,2209876.75331476
1783605600,2026-07-09 14:00:00,0.1812,0.182988,0.182496,0.181754,1850631.00029991
1783609200,2026-07-09 15:00:00,0.180986,0.182674,0.181786,0.181243,1120771.35949498
1783612800,2026-07-09 16:00:00,0.180379,0.182,0.181161,0.181047,1369624.52681499
1783616400,2026-07-09 17:00:00,0.18092,0.183072,0.181053,0.18261,1919598.3857876
1783620000,2026-07-09 18:00:00,0.1825,0.185755,0.18261,0.18557,5137194.04876506
1783623600,2026-07-09 19:00:00,0.185022,0.187708,0.185605,0.186625,5585383.54979479
1783627200,2026-07-09 20:00:00,0.185549,0.187704,0.18676,0.185886,2611033.36685587
1783630800,2026-07-09 21:00:00,0.184952,0.186832,0.185886,0.18613,2859028.07528301
1783634400,2026-07-09 22:00:00,0.185662,0.187565,0.186141,0.186773,1638760.63828076
1783638000,2026-07-09 23:00:00,0.184486,0.18704,0.18676,0.186139,1824245.28629727
1783641600,2026-07-10 00:00:00,0.184789,0.186313,0.186139,0.18536,1898650.01536702
1783645200,2026-07-10 01:00:00,0.1849,0.191311,0.18536,0.189595,3346616.38023533
1783648800,2026-07-10 02:00:00,0.188646,0.190417,0.18963,0.189128,2517061.91870497
1783652400,2026-07-10 03:00:00,0.188983,0.19117,0.189036,0.190852,2013469.55705252
1783656000,2026-07-10 04:00:00,0.189569,0.191169,0.190871,0.189608,2029811.24463659
1783659600,2026-07-10 05:00:00,0.189551,0.190421,0.189609,0.189805,1083249.69071258
1783663200,2026-07-10 06:00:00,0.188821,0.190116,0.18984,0.189765,1014290.15495567
1783666800,2026-07-10 07:00:00,0.188903,0.191106,0.18981,0.19004,2402864.1770796
1783670400,2026-07-10 08:00:00,0.190031,0.194403,0.190088,0.193552,3947226.29610529
1783674000,2026-07-10 09:00:00,0.192374,0.193861,0.193551,0.193094,2871192.76711017
1783677600,2026-07-10 10:00:00,0.192512,0.193944,0.19312,0.192655,1750405.47390036
1783681200,2026-07-10 11:00:00,0.192476,0.193207,0.192651,0.193055,1641708.98364215
1783684800,2026-07-10 12:00:00,0.191047,0.19382,0.193027,0.1912,3635367.66601708
1783688400,2026-07-10 13:00:00,0.189493,0.19136,0.191183,0.190419,4875182.80686389
1783692000,2026-07-10 14:00:00,0.187168,0.190632,0.190397,0.188106,4141239.48493389
1783695600,2026-07-10 15:00:00,0.187865,0.189248,0.188096,0.18857,2377104.98716166
1783699200,2026-07-10 16:00:00,0.187688,0.189536,0.188598,0.189172,2149598.76418514
1783702800,2026-07-10 17:00:00,0.188865,0.190124,0.189098,0.189431,1664315.15813151
1783706400,2026-07-10 18:00:00,0.189221,0.191836,0.189509,0.189592,3376838.59805938
1783710000,2026-07-10 19:00:00,0.189255,0.190459,0.189552,0.189903,1572384.67859353
1783713600,2026-07-10 20:00:00,0.189112,0.190357,0.189903,0.189772,1776713.78268506
1783717200,2026-07-10 21:00:00,0.189366,0.190593,0.189768,0.189883,962252.74599534
1783720800,2026-07-10 22:00:00,0.189534,0.190456,0.189883,0.190118,1133637.19761909
1783724400,2026-07-10 23:00:00,0.189487,0.19092,0.190151,0.190554,1036391.676321
1783728000,2026-07-11 00:00:00,0.18964,0.192067,0.190513,0.190951,1532776.16530409
1783731600,2026-07-11 01:00:00,0.190178,0.191807,0.190884,0.190881,1635395.28309703
1783735200,2026-07-11 02:00:00,0.190692,0.192288,0.19092,0.191288,1976626.88654981
1783738800,2026-07-11 03:00:00,0.190308,0.191469,0.191277,0.190592,755519.91289073
1783742400,2026-07-11 04:00:00,0.189528,0.19074,0.190544,0.190143,1054895.49698183
1783746000,2026-07-11 05:00:00,0.189832,0.191031,0.190145,0.1906,1126366.24298377
1783749600,2026-07-11 06:00:00,0.190254,0.191403,0.190513,0.190443,1182581.71688872
1783753200,2026-07-11 07:00:00,0.189544,0.190485,0.190476,0.189844,695563.26922206
1783756800,2026-07-11 08:00:00,0.189132,0.19021,0.189789,0.189661,730673.52020241
1783760400,2026-07-11 09:00:00,0.189581,0.191606,0.189583,0.190625,1905291.13363981
1783764000,2026-07-11 10:00:00,0.189652,0.190899,0.190653,0.189833,1586862.71597485
1783767600,2026-07-11 11:00:00,0.189544,0.190364,0.189882,0.190063,919924.82734426
1783771200,2026-07-11 12:00:00,0.189503,0.190439,0.190097,0.190012,577956.381498
1783774800,2026-07-11 13:00:00,0.190012,0.191821,0.190012,0.191566,1411304.09356546
1783778400,2026-07-11 14:00:00,0.191439,0.193045,0.191567,0.1923,2047699.93208162
1783782000,2026-07-11 15:00:00,0.190249,0.193576,0.192302,0.191439,2465065.30288001
1783785600,2026-07-11 16:00:00,0.190365,0.191845,0.191346,0.190956,1203929.1226773
1783789200,2026-07-11 17:00:00,0.190627,0.191605,0.190884,0.191127,991364.54302644
1783792800,2026-07-11 18:00:00,0.190769,0.191798,0.191071,0.191528,1305493.08552539
1783796400,2026-07-11 19:00:00,0.1911,0.191845,0.191527,0.191696,899513.83041057
1783800000,2026-07-11 20:00:00,0.191677,0.192207,0.191731,0.192048,770960.96134448
1783803600,2026-07-11 21:00:00,0.19112,0.192996,0.19198,0.191835,1530354.09003183
1783807200,2026-07-11 22:00:00,0.190173,0.19219,0.191825,0.190456,2740086.77045531
1783810800,2026-07-11 23:00:00,0.186189,0.190646,0.190408,0.186332,6018292.79321936
1783814400,2026-07-12 00:00:00,0.182587,0.186332,0.186295,0.184052,8026397.73704093
1783818000,2026-07-12 01:00:00,0.183921,0.186434,0.183981,0.186398,3048086.90675696
1783821600,2026-07-12 02:00:00,0.185623,0.186459,0.186397,0.18568,1321298.26741761
1783825200,2026-07-12 03:00:00,0.185123,0.186808,0.185636,0.186516,1292209.4927661
1783828800,2026-07-12 04:00:00,0.18617,0.187168,0.18656,0.18667,1216767.80853027
1783832400,2026-07-12 05:00:00,0.186314,0.187276,0.186577,0.186685,643438.51871988
1783836000,2026-07-12 06:00:00,0.184762,0.186823,0.186648,0.185409,891469.20125717
1783839600,2026-07-12 07:00:00,0.185052,0.185985,0.185409,0.185185,880808.92892786
1783843200,2026-07-12 08:00:00,0.185189,0.186482,0.185189,0.186145,471577.02812477
1783846800,2026-07-12 09:00:00,0.185355,0.186293,0.186145,0.186001,565791.5829969
1783850400,2026-07-12 10:00:00,0.185496,0.186001,0.186001,0.18576,643319.19308711
1783854000,2026-07-12 11:00:00,0.185381,0.186364,0.185782,0.186186,822130.89515227
1783857600,2026-07-12 12:00:00,0.185753,0.186576,0.186156,0.186264,1050155.93922238
1783861200,2026-07-12 13:00:00,0.186155,0.188174,0.186217,0.186993,1444842.39536811
1783864800,2026-07-12 14:00:00,0.186752,0.188772,0.186993,0.188551,1686730.14503844
1783868400,2026-07-12 15:00:00,0.187653,0.189798,0.188592,0.189798,1960978.20741408
1783872000,2026-07-12 16:00:00,0.189149,0.191438,0.18981,0.189229,2962418.21364768
1783875600,2026-07-12 17:00:00,0.188293,0.18953,0.189242,0.188573,787095.76229267
1783879200,2026-07-12 18:00:00,0.188569,0.190095,0.188627,0.189974,1109437.49183018
1783882800,2026-07-12 19:00:00,0.18915,0.190661,0.189941,0.190032,1480056.7458974
1783886400,2026-07-12 20:00:00,0.188694,0.190174,0.190066,0.188925,1057988.5754581
1783890000,2026-07-12 21:00:00,0.187,0.189365,0.188982,0.187,2432294.64843457
1783893600,2026-07-12 22:00:00,0.185427,0.187,0.187,0.186697,1314601.70679349
1783897200,2026-07-12 23:00:00,0.185884,0.186739,0.186665,0.18633,726322.92014035
1783900800,2026-07-13 00:00:00,0.185778,0.189329,0.186258,0.187257,1600260.88192834
1783904400,2026-07-13 01:00:00,0.183805,0.187575,0.187183,0.18426,2528304.2262092
1783908000,2026-07-13 02:00:00,0.183691,0.185171,0.184261,0.183853,2280545.39663842
1783911600,2026-07-13 03:00:00,0.181633,0.184045,0.183816,0.1828,3421474.87629403
1783915200,2026-07-13 04:00:00,0.182301,0.183435,0.18267,0.182558,1399397.52342734
1783918800,2026-07-13 05:00:00,0.182117,0.18389,0.182559,0.18326,1088646.34516093
1783922400,2026-07-13 06:00:00,0.182521,0.1835,0.183279,0.183319,754013.69833581
1783926000,2026-07-13 07:00:00,0.183051,0.184192,0.1833,0.184169,1330109.57974025
1783929600,2026-07-13 08:00:00,0.183567,0.184393,0.18417,0.18408,2115691.75452273
1783933200,2026-07-13 09:00:00,0.18354,0.18411,0.18408,0.183697,815082.52054931
1783936800,2026-07-13 10:00:00,0.183491,0.184363,0.183712,0.184263,739937.06693606
1783940400,2026-07-13 11:00:00,0.18349,0.185,0.18429,0.183539,1339875.50404881
1783944000,2026-07-13 12:00:00,0.18203,0.184,0.183625,0.182875,2360783.06878989
1783947600,2026-07-13 13:00:00,0.181844,0.183552,0.182811,0.182216,1737559.88875987
1783951200,2026-07-13 14:00:00,0.1813,0.184431,0.182122,0.18443,2190064.51990052
1783954800,2026-07-13 15:00:00,0.181976,0.18475,0.184431,0.18229,3507107.11692324
1783958400,2026-07-13 16:00:00,0.181069,0.18288,0.1823,0.181936,2058598.73676989
1783962000,2026-07-13 17:00:00,0.180526,0.182503,0.181949,0.180548,2794247.66988532
1783965600,2026-07-13 18:00:00,0.180569,0.181632,0.180569,0.181426,1680608.50814793
1783969200,2026-07-13 19:00:00,0.181153,0.182586,0.181408,0.182017,2978212.53149087
1783972800,2026-07-13 20:00:00,0.180189,0.182062,0.182062,0.180567,2417000.97323477
1783976400,2026-07-13 21:00:00,0.1783,0.180641,0.180641,0.179968,8379156.5301882
1783980000,2026-07-13 22:00:00,0.179564,0.180902,0.179893,0.179867,2664976.38855158
1783983600,2026-07-13 23:00:00,0.179589,0.180726,0.179855,0.18069,1258990.99548724
1783987200,2026-07-14 00:00:00,0.179747,0.18107,0.18069,0.180882,1596081.06666634
1783990800,2026-07-14 01:00:00,0.179532,0.181058,0.180882,0.179678,1890845.00556006
1783994400,2026-07-14 02:00:00,0.17858,0.179671,0.179566,0.17895,2473057.34506461
1783998000,2026-07-14 03:00:00,0.177726,0.179016,0.178977,0.178597,2832130.98467685
1784001600,2026-07-14 04:00:00,0.178116,0.179166,0.178619,0.17894,1209675.53134103
1784005200,2026-07-14 05:00:00,0.178722,0.179778,0.178866,0.17932,707017.77082419
1784008800,2026-07-14 06:00:00,0.178547,0.179381,0.179331,0.178711,1146943.45167434
1784012400,2026-07-14 07:00:00,0.178533,0.179235,0.178711,0.178636,1458069.32447275
1784016000,2026-07-14 08:00:00,0.17782,0.178776,0.178635,0.17812,887674.73261355
1784019600,2026-07-14 09:00:00,0.177664,0.178459,0.17812,0.177864,912251.24892889
1784023200,2026-07-14 10:00:00,0.177887,0.180059,0.177929,0.17955,1236182.6625488
1784026800,2026-07-14 11:00:00,0.179293,0.180799,0.17955,0.180427,1551371.84616838
1784030400,2026-07-14 12:00:00,0.179993,0.184381,0.180407,0.184047,6783880.1172116
1784034000,2026-07-14 13:00:00,0.183377,0.186428,0.184087,0.184869,6004273.19557328
1784037600,2026-07-14 14:00:00,0.183214,0.184993,0.184877,0.18426,2916199.84410226
1784041200,2026-07-14 15:00:00,0.183643,0.18577,0.184241,0.184366,2222065.40224867
1784044800,2026-07-14 16:00:00,0.1841,0.185375,0.184403,0.1844,2116453.49646058
1784048400,2026-07-14 17:00:00,0.183554,0.184926,0.1844,0.184717,1800546.83777364
1784052000,2026-07-14 18:00:00,0.184136,0.185285,0.184696,0.185148,1450931.88158966
1784055600,2026-07-14 19:00:00,0.184329,0.186482,0.185115,0.185009,2945674.91638788
1784059200,2026-07-14 20:00:00,0.184212,0.185209,0.185045,0.184719,840365.9136723
1784062800,2026-07-14 21:00:00,0.183607,0.184799,0.184744,0.18382,1646425.10121592
1784066400,2026-07-14 22:00:00,0.183071,0.185715,0.18382,0.184559,2438260.2544787
1784070000,2026-07-14 23:00:00,0.184223,0.184848,0.184551,0.184339,1390814.87694441
1784073600,2026-07-15 00:00:00,0.183401,0.18444,0.184381,0.18418,1475560.37198085
1784077200,2026-07-15 01:00:00,0.183566,0.184212,0.1842,0.183851,3187587.11864985
1784080800,2026-07-15 02:00:00,0.181737,0.183816,0.183796,0.18189,3270878.54533086
1784084400,2026-07-15 03:00:00,0.181721,0.183267,0.181891,0.18294,928771.29980306
1784088000,2026-07-15 04:00:00,0.182515,0.183524,0.182942,0.183211,887543.84846472
1784091600,2026-07-15 05:00:00,0.182199,0.18403,0.183226,0.18403,2090717.74435871
1784095200,2026-07-15 06:00:00,0.183216,0.184665,0.184014,0.183216,1306956.74973833
1784098800,2026-07-15 07:00:00,0.181727,0.183229,0.18319,0.181921,1100198.79708346
1784102400,2026-07-15 08:00:00,0.181568,0.183096,0.181888,0.182944,1545305.86458029
1784106000,2026-07-15 09:00:00,0.182917,0.184215,0.182981,0.183547,735567.52317905
1784109600,2026-07-15 10:00:00,0.183396,0.184687,0.183551,0.18446,2115705.05555459
1784113200,2026-07-15 11:00:00,0.184295,0.186107,0.18449,0.185708,4088892.15095166
1784116800,2026-07-15 12:00:00,0.185681,0.191289,0.185681,0.189127,13941148.87159464
1784120400,2026-07-15 13:00:00,0.1875,0.192113,0.189085,0.187924,7551391.36683893
1784124000,2026-07-15 14:00:00,0.183001,0.189817,0.187924,0.188448,10035503.21515382
1784127600,2026-07-15 15:00:00,0.185959,0.188573,0.18848,0.185969,3142329.36731026
1784131200,2026-07-15 16:00:00,0.184698,0.188134,0.186001,0.187126,3886907.72012347
1784134800,2026-07-15 17:00:00,0.186993,0.18875,0.187117,0.188396,2291296.89086917
1784138400,2026-07-15 18:00:00,0.18648,0.1895,0.188344,0.186628,1885377.58870581
1784142000,2026-07-15 19:00:00,0.18566,0.186924,0.186661,0.186133,2140449.8411914
1784145600,2026-07-15 20:00:00,0.185939,0.187788,0.186082,0.187296,1809263.70414963
1784149200,2026-07-15 21:00:00,0.186699,0.189931,0.187296,0.189501,4969030.41927489
1784152800,2026-07-15 22:00:00,0.188401,0.189847,0.1895,0.188901,4857350.04660998
1784156400,2026-07-15 23:00:00,0.188122,0.189793,0.188899,0.188424,2038361.50160132
1784160000,2026-07-16 00:00:00,0.187473,0.189625,0.1884,0.188145,2730307.65727466
1784163600,2026-07-16 01:00:00,0.186452,0.188404,0.188182,0.187923,1778787.83789085
1784167200,2026-07-16 02:00:00,0.187275,0.188705,0.187879,0.188568,1679139.07960709
1784170800,2026-07-16 03:00:00,0.187363,0.188808,0.188566,0.18754,1362184.70856575
1784174400,2026-07-16 04:00:00,0.186674,0.18887,0.187579,0.18827,1547117.68225
1784178000,2026-07-16 05:00:00,0.187775,0.189921,0.188221,0.188488,4291887.20154945
1784181600,2026-07-16 06:00:00,0.187264,0.189514,0.188453,0.188696,2188089.51391624
1784185200,2026-07-16 07:00:00,0.186317,0.189299,0.188663,0.187204,3215619.63662737
1784188800,2026-07-16 08:00:00,0.185975,0.189762,0.187151,0.18827,4999143.88116335
1784192400,2026-07-16 09:00:00,0.187383,0.188918,0.188196,0.18865,1279353.41879432
1784196000,2026-07-16 10:00:00,0.188452,0.189788,0.188624,0.188838,2428257.03986811
1784199600,2026-07-16 11:00:00,0.188123,0.191451,0.188827,0.191451,2209238.83039815
1784203200,2026-07-16 12:00:00,0.188588,0.192239,0.191485,0.189665,3820616.28870557
1784206800,2026-07-16 13:00:00,0.189175,0.191478,0.18963,0.191231,4435936.75803502
1784210400,2026-07-16 14:00:00,0.18948,0.192576,0.191142,0.19033,6932116.12491462
1784214000,2026-07-16 15:00:00,0.188949,0.19233,0.190311,0.192253,2494721.48806988
1784217600,2026-07-16 16:00:00,0.190785,0.192759,0.1923,0.192299,3859808.23087178
1784221200,2026-07-16 17:00:00,0.188723,0.192185,0.192185,0.19019,3703913.20623036
1784224800,2026-07-16 18:00:00,0.188691,0.19089,0.19019,0.18963,4049792.15486482
1784228400,2026-07-16 19:00:00,0.188825,0.190694,0.189596,0.18981,2388582.20250444
1784232000,2026-07-16 20:00:00,0.189066,0.190796,0.18977,0.18991,1006060.52956439
1784235600,2026-07-16 21:00:00,0.189876,0.191345,0.189876,0.190035,1723871.16457572
1784239200,2026-07-16 22:00:00,0.187647,0.191264,0.190025,0.187724,2526124.77464937
1784242800,2026-07-16 23:00:00,0.184736,0.188053,0.187704,0.18501,8022913.81701325
1784246400,2026-07-17 00:00:00,0.18291,0.185122,0.184975,0.184042,7164818.54790117
1784250000,2026-07-17 01:00:00,0.182732,0.185897,0.184044,0.183162,3627655.04796513
1784253600,2026-07-17 02:00:00,0.182358,0.183674,0.183108,0.183199,1536043.33648124
1784257200,2026-07-17 03:00:00,0.183122,0.185148,0.183205,0.184213,1178094.56083024
1784260800,2026-07-17 04:00:00,0.183162,0.185262,0.184212,0.184849,1106378.98558055
1784264400,2026-07-17 05:00:00,0.181943,0.1848,0.1848,0.182658,1554575.84439784
1784268000,2026-07-17 06:00:00,0.182259,0.183688,0.182565,0.183021,1023559.9252825
1784271600,2026-07-17 07:00:00,0.182296,0.183371,0.182988,0.182624,1217184.62109447
1784275200,2026-07-17 08:00:00,0.181741,0.18323,0.182575,0.182896,1571921.36760617
1784278800,2026-07-17 09:00:00,0.18264,0.183966,0.182897,0.183403,754318.66217348
1784282400,2026-07-17 10:00:00,0.183379,0.184368,0.183403,0.183772,1223729.89862609
1784286000,2026-07-17 11:00:00,0.183264,0.184598,0.183776,0.18423,989470.36403984
1784289600,2026-07-17 12:00:00,0.1831,0.184224,0.184178,0.183201,1595847.35331727
1784293200,2026-07-17 13:00:00,0.181609,0.184617,0.183201,0.184617,6530095.52356634
1784296800,2026-07-17 14:00:00,0.184151,0.1873,0.184448,0.185601,4836872.82563514
1784300400,2026-07-17 15:00:00,0.184129,0.186966,0.1856,0.186699,2698310.71116691
1784304000,2026-07-17 16:00:00,0.185881,0.187807,0.186699,0.18681,3639757.52965451
1784307600,2026-07-17 17:00:00,0.186528,0.188,0.186832,0.186915,1662072.14959763
1784311200,2026-07-17 18:00:00,0.185951,0.187409,0.186976,0.18684,2278980.31404166
1784314800,2026-07-17 19:00:00,0.185696,0.18752,0.186845,0.186992,1805996.33149373
1784318400,2026-07-17 20:00:00,0.186044,0.187648,0.18704,0.186506,1688750.0278242
1784322000,2026-07-17 21:00:00,0.186046,0.18704,0.186522,0.186277,656723.59463727
1784325600,2026-07-17 22:00:00,0.184829,0.186299,0.186176,0.185194,1587892.57711756
1784329200,2026-07-17 23:00:00,0.184505,0.185961,0.185194,0.185434,1920551.25044092
1784332800,2026-07-18 00:00:00,0.184783,0.185933,0.185386,0.184915,1359374.63139749
1784336400,2026-07-18 01:00:00,0.18475,0.18534,0.184934,0.184825,768963.8383857
1784340000,2026-07-18 02:00:00,0.184263,0.185258,0.184825,0.1851,979301.4489347
1784343600,2026-07-18 03:00:00,0.184262,0.185482,0.1851,0.184625,594041.00803658
1784347200,2026-07-18 04:00:00,0.18411,0.184908,0.184633,0.184651,929005.96566356
1784350800,2026-07-18 05:00:00,0.184248,0.185096,0.184652,0.1845,605282.13687122
1784354400,2026-07-18 06:00:00,0.184418,0.1853,0.1845,0.185123,1708772.58671903
1784358000,2026-07-18 07:00:00,0.184482,0.185258,0.18516,0.184678,597391.20715281
1784361600,2026-07-18 08:00:00,0.184378,0.18525,0.184736,0.184565,465458.71794757
1784365200,2026-07-18 09:00:00,0.18336,0.184674,0.184483,0.18369,2684711.91434219
1784368800,2026-07-18 10:00:00,0.1832,0.183806,0.183693,0.183309,1242517.32986478
1784372400,2026-07-18 11:00:00,0.18316,0.184489,0.183308,0.184458,1139650.22681072
1784376000,2026-07-18 12:00:00,0.184242,0.186,0.184377,0.185271,1999550.86804031
1784379600,2026-07-18 13:00:00,0.183872,0.185293,0.18525,0.184883,899935.03230725
1784383200,2026-07-18 14:00:00,0.184833,0.186856,0.184892,0.186808,1384699.05686466
1784386800,2026-07-18 15:00:00,0.186211,0.188408,0.186824,0.186999,2233759.60276597
1784390400,2026-07-18 16:00:00,0.186808,0.189199,0.187064,0.188708,2461999.24178669
1784394000,2026-07-18 17:00:00,0.186695,0.189084,0.188609,0.187614,2601510.78861682
1784397600,2026-07-18 18:00:00,0.18658,0.188072,0.187572,0.186867,1353035.31535573
1784401200,2026-07-18 19:00:00,0.186388,0.187434,0.186876,0.187407,980565.19737011
1784404800,2026-07-18 20:00:00,0.187251,0.188614,0.187397,0.187876,1719764.10612633
1784408400,2026-07-18 21:00:00,0.187444,0.188352,0.187876,0.188192,1249916.2247507
1784412000,2026-07-18 22:00:00,0.187777,0.188687,0.18816,0.188049,847473.08396406
1784415600,2026-07-18 23:00:00,0.187494,0.188315,0.188056,0.187686,1407371.57501738
1784419200,2026-07-19 00:00:00,0.186945,0.187936,0.187695,0.186945,1218005.69154726
1784422800,2026-07-19 01:00:00,0.1866,0.18716,0.186945,0.186835,808577.85499155
1784426400,2026-07-19 02:00:00,0.186843,0.188032,0.186843,0.187762,1901163.81122984
1784430000,2026-07-19 03:00:00,0.186633,0.187904,0.187814,0.187293,1430485.80597856
1784433600,2026-07-19 04:00:00,0.186402,0.187346,0.187279,0.186846,999646.63548934
1784437200,2026-07-19 05:00:00,0.186385,0.187181,0.186848,0.186459,489897.77696163
1784440800,2026-07-19 06:00:00,0.185911,0.187089,0.18639,0.186272,938735.24770282
1784444400,2026-07-19 07:00:00,0.186177,0.186804,0.18624,0.186368,897647.14607143
1784448000,2026-07-19 08:00:00,0.186144,0.187264,0.186272,0.186986,651158.13118793
1784451600,2026-07-19 09:00:00,0.186407,0.187231,0.187005,0.187052,326973.29571199
1784455200,2026-07-19 10:00:00,0.186743,0.187808,0.187051,0.187355,605818.94495742
1784458800,2026-07-19 11:00:00,0.18703,0.1887,0.187334,0.187968,1173983.87385616
1784462400,2026-07-19 12:00:00,0.187737,0.1919,0.187968,0.190496,6327387.37045101
1784466000,2026-07-19 13:00:00,0.188929,0.19152,0.1905,0.190978,1835079.7617337
1784469600,2026-07-19 14:00:00,0.189632,0.191399,0.190976,0.190817,2551347.60119536
1784473200,2026-07-19 15:00:00,0.189792,0.191607,0.190817,0.190198,2796379.64674043
1784476800,2026-07-19 16:00:00,0.189409,0.191008,0.190176,0.189874,1385655.45278014
1784480400,2026-07-19 17:00:00,0.188561,0.19019,0.189792,0.189406,2763325.35248607
1784484000,2026-07-19 18:00:00,0.188352,0.189993,0.189363,0.189212,3634846.42405916
1784487600,2026-07-19 19:00:00,0.189305,0.190608,0.189315,0.190608,1801427.26127884
1784491200,2026-07-19 20:00:00,0.190608,0.191624,0.190608,0.191488,1302524.24866357
1784494800,2026-07-19 21:00:00,0.188865,0.191709,0.19152,0.18936,1911159.53200738
1784498400,2026-07-19 22:00:00,0.187579,0.190785,0.189329,0.187921,2951854.24841149
1784502000,2026-07-19 23:00:00,0.187057,0.188089,0.187872,0.188067,2129208.42039248
1784505600,2026-07-20 00:00:00,0.186598,0.189879,0.187968,0.187116,3683137.54325071
1784509200,2026-07-20 01:00:00,0.186866,0.189278,0.187131,0.187239,3199862.26500962
1784512800,2026-07-20 02:00:00,0.186922,0.188561,0.187188,0.18776,1439393.89078984
1784516400,2026-07-20 03:00:00,0.186411,0.187997,0.187796,0.187264,1253386.37005687
1784520000,2026-07-20 04:00:00,0.186111,0.187983,0.187294,0.186825,1554083.38613548
1784523600,2026-07-20 05:00:00,0.184981,0.186961,0.186815,0.185494,7508211.14232005
1784527200,2026-07-20 06:00:00,0.183817,0.186005,0.185539,0.184452,1544328.98473045
1784530800,2026-07-20 07:00:00,0.184215,0.185694,0.18448,0.185387,724880.83144385
1784534400,2026-07-20 08:00:00,0.184756,0.186095,0.185359,0.185963,1248308.76912366
1784538000,2026-07-20 09:00:00,0.185536,0.18744,0.186,0.18702,1189347.10532956
1784541600,2026-07-20 10:00:00,0.186571,0.187359,0.187002,0.186805,913405.16011523
1784545200,2026-07-20 11:00:00,0.186166,0.189295,0.18683,0.188798,4215445.41327902
1784548800,2026-07-20 12:00:00,0.18733,0.188723,0.188723,0.187641,2178987.39916095
1784552400,2026-07-20 13:00:00,0.186042,0.187849,0.187633,0.186198,4807304.02505291
1784556000,2026-07-20 14:00:00,0.184938,0.186427,0.186197,0.18615,1357632.76008413
1784559600,2026-07-20 15:00:00,0.186186,0.18981,0.186206,0.188769,5041979.4956701
1784563200,2026-07-20 16:00:00,0.188552,0.190216,0.18878,0.189026,2926352.79453605
1784566800,2026-07-20 17:00:00,0.188548,0.189667,0.188958,0.189039,1499703.59803575
1784570400,2026-07-20 18:00:00,0.188257,0.190084,0.18904,0.188374,2428728.28982214
1784574000,2026-07-20 19:00:00,0.187147,0.188625,0.188384,0.18762,1969311.4339113
1784577600,2026-07-20 20:00:00,0.187219,0.188942,0.187627,0.188296,1528010.23049043
1784581200,2026-07-20 21:00:00,0.18829,0.189999,0.188358,0.18859,1655239.53577902
1784584800,2026-07-20 22:00:00,0.187923,0.188613,0.188613,0.1881,1213054.98715517
1784588400,2026-07-20 23:00:00,0.18808,0.188805,0.18815,0.188219,1116035.39069238
1784592000,2026-07-21 00:00:00,0.187473,0.189035,0.188183,0.188384,1506946.8078854
1784595600,2026-07-21 01:00:00,0.187057,0.18907,0.18842,0.18728,2295003.19816493
1784599200,2026-07-21 02:00:00,0.186493,0.187628,0.187289,0.187255,1237947.61957252
1784602800,2026-07-21 03:00:00,0.187127,0.188478,0.18728,0.188324,1268797.37185263
1784606400,2026-07-21 04:00:00,0.18799,0.188783,0.188337,0.18868,1134157.00963268
1784610000,2026-07-21 05:00:00,0.188604,0.189906,0.188669,0.189687,1719416.90681099
1784613600,2026-07-21 06:00:00,0.189625,0.190758,0.189698,0.190012,3280660.21213855
1784617200,2026-07-21 07:00:00,0.189922,0.191915,0.189995,0.191882,3184666.59447273
1784620800,2026-07-21 08:00:00,0.191453,0.193526,0.191882,0.192389,4115916.31235945
1784624400,2026-07-21 09:00:00,0.191105,0.192862,0.192433,0.192217,1439809.35515999
1784628000,2026-07-21 10:00:00,0.191385,0.193034,0.192217,0.191577,1425301.88259441
1784631600,2026-07-21 11:00:00,0.191192,0.192924,0.191605,0.19189,1286186.02429212
1784635200,2026-07-21 12:00:00,0.191431,0.192977,0.191925,0.19292,2198455.33717322
1784638800,2026-07-21 13:00:00,0.192508,0.196351,0.192861,0.19377,7073202.17213232
1784642400,2026-07-21 14:00:00,0.193072,0.194995,0.19374,0.193876,4237801.80276735
1784646000,2026-07-21 15:00:00,0.192394,0.19446,0.193905,0.19286,1849491.21485917
1784649600,2026-07-21 16:00:00,0.192152,0.194698,0.192846,0.192507,2841578.83947749
1784653200,2026-07-21 17:00:00,0.191402,0.19397,0.192412,0.19312,4130320.18485457
1784656800,2026-07-21 18:00:00,0.192363,0.194172,0.19312,0.192654,3320762.42876832
1784660400,2026-07-21 19:00:00,0.192413,0.1941,0.192676,0.193464,2111810.76756651
1784664000,2026-07-21 20:00:00,0.191888,0.193839,0.19352,0.192093,2402474.18240298
1784667600,2026-07-21 21:00:00,0.191847,0.193071,0.192092,0.19272,1834237.22363759
1784671200,2026-07-21 22:00:00,0.191312,0.192787,0.192676,0.191663,1183592.01269408
1784674800,2026-07-21 23:00:00,0.190608,0.192023,0.191532,0.19202,3018443.36054535
1784678400,2026-07-22 00:00:00,0.19176,0.1941,0.19206,0.194099,4051712.4160074
1784682000,2026-07-22 01:00:00,0.19228,0.195452,0.194016,0.193131,3033238.53679911
1784685600,2026-07-22 02:00:00,0.19224,0.193192,0.193141,0.19224,1079224.72492888
1784689200,2026-07-22 03:00:00,0.190768,0.19249,0.192283,0.1911,2246647.1906497
1784692800,2026-07-22 04:00:00,0.190819,0.191951,0.191092,0.191576,1386600.70863994
1784696400,2026-07-22 05:00:00,0.188635,0.191619,0.191619,0.1892,5048496.28017315
1784700000,2026-07-22 06:00:00,0.187818,0.189309,0.189201,0.188544,1263743.87249779
1784703600,2026-07-22 07:00:00,0.187918,0.188903,0.188544,0.188483,861909.36648653
1784707200,2026-07-22 08:00:00,0.188469,0.189884,0.188483,0.18966,626330.68808652
1784710800,2026-07-22 09:00:00,0.189217,0.189956,0.18967,0.189574,994007.66788768
1784714400,2026-07-22 10:00:00,0.189332,0.190217,0.189584,0.190167,1025091.25872419
1784718000,2026-07-22 11:00:00,0.189101,0.190287,0.1901,0.189501,1443205.35919659
1784721600,2026-07-22 12:00:00,0.187849,0.18948,0.189439,0.188231,1873235.97017276
1784725200,2026-07-22 13:00:00,0.187972,0.191,0.188219,0.1907,4324202.11756544
1784728800,2026-07-22 14:00:00,0.18853,0.191628,0.1907,0.189107,2789019.36688613
1784732400,2026-07-22 15:00:00,0.188889,0.1911,0.18911,0.189536,3782493.33000815
1784736000,2026-07-22 16:00:00,0.189335,0.192,0.189537,0.191321,3220477.42542454
1784739600,2026-07-22 17:00:00,0.189325,0.191368,0.191356,0.189611,983489.04829396
1784743200,2026-07-22 18:00:00,0.188372,0.189828,0.189651,0.188753,3369083.59216884
1784746800,2026-07-22 19:00:00,0.186847,0.188753,0.18875,0.187111,4433648.50229632
1784750400,2026-07-22 20:00:00,0.186668,0.18763,0.187045,0.1869,2242169.84111356
1784754000,2026-07-22 21:00:00,0.186795,0.188477,0.186899,0.188379,1004810.81923276
1784757600,2026-07-22 22:00:00,0.187408,0.18843,0.188379,0.1878,1155129.63664288
1784761200,2026-07-22 23:00:00,0.185607,0.187839,0.187839,0.187433,2460637.03768722
1784764800,2026-07-23 00:00:00,0.186802,0.18768,0.18744,0.186908,1759157.33601464
1784768400,2026-07-23 01:00:00,0.186135,0.187214,0.1869,0.186405,1720039.18289667
1784772000,2026-07-23 02:00:00,0.185753,0.186646,0.186404,0.186553,1468076.9689743
1784775600,2026-07-23 03:00:00,0.183699,0.18655,0.18655,0.183988,6415987.37841394
1784779200,2026-07-23 04:00:00,0.183667,0.18463,0.183988,0.18446,1594169.14052523
1784782800,2026-07-23 05:00:00,0.18422,0.185184,0.18446,0.184475,1401094.3563894
1784786400,2026-07-23 06:00:00,0.184159,0.18466,0.184446,0.184398,704592.04017716
1784790000,2026-07-23 07:00:00,0.183352,0.184415,0.184415,0.1836,1623896.36054185
1784793600,2026-07-23 08:00:00,0.183536,0.184645,0.18364,0.184369,709926.23290312
1784797200,2026-07-23 09:00:00,0.184205,0.185341,0.184365,0.184573,971845.66865438
1784800800,2026-07-23 10:00:00,0.184437,0.185083,0.184559,0.18487,880862.03949803
1784804400,2026-07-23 11:00:00,0.184629,0.185314,0.18487,0.1847,1247268.58657584
1784808000,2026-07-23 12:00:00,0.181797,0.184792,0.1847,0.183081,5141274.53586495
1784811600,2026-07-23 13:00:00,0.181639,0.183206,0.183066,0.18173,4866246.14344696
1784815200,2026-07-23 14:00:00,0.181391,0.182841,0.18173,0.18171,2832752.60820614
1784818800,2026-07-23 15:00:00,0.180348,0.183566,0.181716,0.182446,3981337.59952013
1784822400,2026-07-23 16:00:00,0.181818,0.182903,0.182439,0.182439,1453234.02489481
1784826000,2026-07-23 17:00:00,0.1811,0.182735,0.18241,0.18131,2102256.83150214
1784829600,2026-07-23 18:00:00,0.181169,0.182468,0.181309,0.182294,1601512.5048519
1784833200,2026-07-23 19:00:00,0.181869,0.183105,0.182294,0.182697,1755395.16883072
1784836800,2026-07-23 20:00:00,0.182698,0.183709,0.182698,0.1835,1960436.80467246
1784840400,2026-07-23 21:00:00,0.182116,0.183679,0.1835,0.182315,1572618.19584867
1784844000,2026-07-23 22:00:00,0.181929,0.1827,0.182385,0.182604,961544.9058151
1784847600,2026-07-23 23:00:00,0.182073,0.182872,0.1826,0.182102,1406129.65859155
1784851200,2026-07-24 00:00:00,0.181179,0.182264,0.182102,0.182102,2624830.73529482
1784854800,2026-07-24 01:00:00,0.182004,0.182889,0.182094,0.182242,1192701.63961843
1784858400,2026-07-24 02:00:00,0.181511,0.18253,0.182294,0.181926,916919.98478483
1784862000,2026-07-24 03:00:00,0.18186,0.183235,0.181912,0.183223,916370.01995698
1784865600,2026-07-24 04:00:00,0.183086,0.183968,0.183233,0.183774,2327742.62417004
1784869200,2026-07-24 05:00:00,0.183682,0.18462,0.183754,0.18449,1406871.28583928
1784872800,2026-07-24 06:00:00,0.182965,0.184877,0.184443,0.183317,1511228.16034163
1784876400,2026-07-24 07:00:00,0.183335,0.184729,0.183335,0.184322,667262.52780369
1784880000,2026-07-24 08:00:00,0.183489,0.184428,0.184322,0.1835,917774.40155936
1784883600,2026-07-24 09:00:00,0.182528,0.18373,0.183535,0.183218,822667.36535096
1784887200,2026-07-24 10:00:00,0.182248,0.183264,0.183165,0.182502,612525.51706864
1784890800,2026-07-24 11:00:00,0.182028,0.182789,0.182502,0.182366,642868.959305
1784894400,2026-07-24 12:00:00,0.180807,0.1826,0.182338,0.18112,3573913.12390332
1784898000,2026-07-24 13:00:00,0.17983,0.181406,0.181134,0.180513,3979948.31026201
1784901600,2026-07-24 14:00:00,0.175948,0.180827,0.180514,0.178031,9914716.36483484
1784905200,2026-07-24 15:00:00,0.177238,0.178451,0.17799,0.177883,3408354.52764057
1784908800,2026-07-24 16:00:00,0.17678,0.178148,0.1779,0.177231,3427214.03246323
1784912400,2026-07-24 17:00:00,0.176943,0.177991,0.177231,0.177147,1957938.25109136
1784916000,2026-07-24 18:00:00,0.1766,0.177658,0.177086,0.177408,2819323.64319255
1784919600,2026-07-24 19:00:00,0.177002,0.177704,0.177373,0.1776,1557788.5727399
1784923200,2026-07-24 20:00:00,0.177531,0.178056,0.177599,0.177847,1349942.8267767
1784926800,2026-07-24 21:00:00,0.176703,0.178033,0.177845,0.17678,1280099.38914511
1784930400,2026-07-24 22:00:00,0.176532,0.177498,0.176827,0.177282,6090466.81014995
1784934000,2026-07-24 23:00:00,0.177124,0.177876,0.177255,0.177794,1013991.5661411
1784937600,2026-07-25 00:00:00,0.177556,0.178367,0.177794,0.178332,859676.8237045
1784941200,2026-07-25 01:00:00,0.177911,0.179125,0.178317,0.178743,1648416.72649751
1784944800,2026-07-25 02:00:00,0.178418,0.179134,0.178747,0.178983,1241903.93099974
1784948400,2026-07-25 03:00:00,0.178606,0.179948,0.178989,0.17902,725851.18854113
1784952000,2026-07-25 04:00:00,0.178366,0.179339,0.17902,0.17844,584342.95936234
1784955600,2026-07-25 05:00:00,0.177056,0.17867,0.17843,0.177246,792494.11900851
1784959200,2026-07-25 06:00:00,0.1767,0.177555,0.177266,0.177081,827694.63694718
1784962800,2026-07-25 07:00:00,0.17676,0.177394,0.177118,0.176783,1042680.89279246
1784966400,2026-07-25 08:00:00,0.17629,0.1773,0.176749,0.176757,1432418.98892917
1784970000,2026-07-25 09:00:00,0.1767,0.177042,0.17678,0.17679,270492.92479041
1784973600,2026-07-25 10:00:00,0.1767,0.177082,0.17679,0.177011,550851.08143192
1784977200,2026-07-25 11:00:00,0.176898,0.177748,0.176979,0.177587,962994.33160019
1784980800,2026-07-25 12:00:00,0.177199,0.177587,0.177527,0.177489,498736.93541623
1784984400,2026-07-25 13:00:00,0.177374,0.178747,0.177459,0.178299,1246139.50551458
1784988000,2026-07-25 14:00:00,0.177841,0.178366,0.178262,0.178133,738328.98922286
1784991600,2026-07-25 15:00:00,0.178029,0.178744,0.178118,0.178317,716649.66564576
1784995200,2026-07-25 16:00:00,0.178056,0.178998,0.178317,0.178998,508823.27725313
1784998800,2026-07-25 17:00:00,0.178295,0.179212,0.179,0.178658,2010612.73195465
1785002400,2026-07-25 18:00:00,0.178596,0.179,0.178662,0.178878,746821.74854093
1785006000,2026-07-25 19:00:00,0.178716,0.179112,0.178872,0.179,577778.01429095
1785009600,2026-07-25 20:00:00,0.178143,0.179099,0.179,0.178189,1216716.75441113
1785013200,2026-07-25 21:00:00,0.177397,0.178467,0.17818,0.178219,719131.1147061
1785016800,2026-07-25 22:00:00,0.178204,0.178762,0.178219,0.178562,709094.19985854
1785020400,2026-07-25 23:00:00,0.177823,0.178659,0.178561,0.178004,887963.54449766
1785024000,2026-07-26 00:00:00,0.177785,0.17835,0.177971,0.178148,711539.26308631
1785027600,2026-07-26 01:00:00,0.177522,0.178298,0.178196,0.177754,783209.93703509
1785031200,2026-07-26 02:00:00,0.176201,0.177877,0.177785,0.177479,4757106.45435167
1785034800,2026-07-26 03:00:00,0.176983,0.177901,0.177475,0.177608,849901.54559232
1785038400,2026-07-26 04:00:00,0.177321,0.17821,0.177633,0.177682,910583.0263569
1785042000,2026-07-26 05:00:00,0.177054,0.178239,0.177661,0.177629,888493.28612939
1785045600,2026-07-26 06:00:00,0.177019,0.178312,0.177671,0.178312,503489.09671108
1785049200,2026-07-26 07:00:00,0.177758,0.17859,0.17831,0.17796,637680.99366524
1785052800,2026-07-26 08:00:00,0.17777,0.178427,0.17789,0.178038,466345.68620075
1785056400,2026-07-26 09:00:00,0.177813,0.17856,0.17803,0.17782,503340.20644224
1785060000,2026-07-26 10:00:00,0.177663,0.178403,0.177785,0.178067,290106.44048582
1785063600,2026-07-26 11:00:00,0.177334,0.178112,0.178033,0.177413,1066464.80175594
1785067200,2026-07-26 12:00:00,0.177268,0.178352,0.177353,0.178194,619530.4984456
1785070800,2026-07-26 13:00:00,0.177633,0.178684,0.178194,0.178279,1206966.2703452
1785074400,2026-07-26 14:00:00,0.177957,0.179109,0.178239,0.178504,1547107.38935092
1785078000,2026-07-26 15:00:00,0.178401,0.18014,0.178504,0.180079,2395064.7384947
1785081600,2026-07-26 16:00:00,0.179101,0.180239,0.18008,0.179322,1561250.13937063
1785085200,2026-07-26 17:00:00,0.178743,0.179701,0.179211,0.179064,1355583.01256926
1785088800,2026-07-26 18:00:00,0.178763,0.179467,0.179026,0.179467,940459.19457833
1785092400,2026-07-26 19:00:00,0.17922,0.179707,0.17947,0.179552,519916.83971236
1785096000,2026-07-26 20:00:00,0.178417,0.179646,0.17958,0.178583,1086368.61383139
1785099600,2026-07-26 21:00:00,0.1785,0.180347,0.178553,0.179776,1656662.85514218
1785103200,2026-07-26 22:00:00,0.17977,0.18293,0.179811,0.182561,6286762.58558415
1785106800,2026-07-26 23:00:00,0.181434,0.183282,0.182476,0.182436,2928469.44895858
1785110400,2026-07-27 00:00:00,0.181635,0.182776,0.182466,0.181877,2147801.12072398
1785114000,2026-07-27 01:00:00,0.180322,0.182156,0.181877,0.181488,1045957.54830876
1785117600,2026-07-27 02:00:00,0.18092,0.181908,0.181536,0.18153,766990.98305603
1785121200,2026-07-27 03:00:00,0.18087,0.181908,0.181485,0.18169,667940.99482441
1785124800,2026-07-27 04:00:00,0.181226,0.182214,0.181691,0.181475,512296.46503672
1785128400,2026-07-27 05:00:00,0.181214,0.18204,0.181475,0.181784,643964.99685906
1785132000,2026-07-27 06:00:00,0.181689,0.183116,0.181757,0.182203,948726.82626532
1785135600,2026-07-27 07:00:00,0.181721,0.182683,0.18231,0.181867,445181.15299675
1785139200,2026-07-27 08:00:00,0.180774,0.181897,0.181763,0.180774,547087.34115753
1785142800,2026-07-27 09:00:00,0.180543,0.181789,0.180801,0.181781,601354.18428994
1785146400,2026-07-27 10:00:00,0.181569,0.18218,0.181779,0.181995,485287.34031979
1785150000,2026-07-27 11:00:00,0.181303,0.182157,0.181896,0.181665,697073.2023903
1785153600,2026-07-27 12:00:00,0.180084,0.181929,0.181698,0.180999,1093890.0466664
1785157200,2026-07-27 13:00:00,0.179924,0.182193,0.181,0.180705,1786513.64359948
1785160800,2026-07-27 14:00:00,0.175,0.180829,0.180769,0.176194,17103089.03642946
1785164400,2026-07-27 15:00:00,0.174904,0.176398,0.176136,0.17547,1687994.01242614
1785168000,2026-07-27 16:00:00,0.17477,0.17702,0.17541,0.17669,1786967.07817012
1785171600,2026-07-27 17:00:00,0.176295,0.177118,0.176704,0.177011,1195761.69827622
1785175200,2026-07-27 18:00:00,0.176079,0.177496,0.176987,0.17638,1735830.231812
1785178800,2026-07-27 19:00:00,0.176134,0.177293,0.17638,0.177147,1787832.75330456
1785182400,2026-07-27 20:00:00,0.176216,0.177536,0.177194,0.17634,837966.20279847
1785186000,2026-07-27 21:00:00,0.175752,0.176342,0.17634,0.176001,1019121.19036126
1785189600,2026-07-27 22:00:00,0.172386,0.176061,0.17601,0.172735,6639899.2747495
1785193200,2026-07-27 23:00:00,0.171,0.172872,0.172735,0.17195,5968509.71622723
1785196800,2026-07-28 00:00:00,0.171186,0.172557,0.171904,0.171686,3263741.48677893
1785200400,2026-07-28 01:00:00,0.170868,0.172605,0.171715,0.172024,3421069.93695996
1785204000,2026-07-28 02:00:00,0.171806,0.172482,0.171989,0.172152,962429.21498644
1785207600,2026-07-28 03:00:00,0.171807,0.172377,0.17216,0.171914,1112628.35066952
1785211200,2026-07-28 04:00:00,0.171333,0.172099,0.171925,0.171665,2281251.26493416
1785214800,2026-07-28 05:00:00,0.171634,0.172512,0.171673,0.17216,919613.55399686
1785218400,2026-07-28 06:00:00,0.171842,0.1729,0.172198,0.17277,673858.66509813
1785222000,2026-07-28 07:00:00,0.171892,0.172833,0.17274,0.172048,719375.83845044
1785225600,2026-07-28 08:00:00,0.171573,0.172157,0.17206,0.171707,1216616.83198169
1785229200,2026-07-28 09:00:00,0.170938,0.172043,0.17172,0.171243,1793960.62324925
1785232800,2026-07-28 10:00:00,0.170848,0.171541,0.171228,0.171126,2590866.19449743
1785236400,2026-07-28 11:00:00,0.170172,0.171242,0.17112,0.170206,2477006.03658785
1785240000,2026-07-28 12:00:00,0.170189,0.171779,0.17019,0.17145,2462561.14780412
1785243600,2026-07-28 13:00:00,0.16965,0.171729,0.17141,0.170333,5802489.51960662
1785247200,2026-07-28 14:00:00,0.169562,0.17088,0.170331,0.170393,3173301.28312421
1785250800,2026-07-28 15:00:00,0.170048,0.172595,0.17041,0.172341,4909857.09905736
1785254400,2026-07-28 16:00:00,0.17181,0.173,0.172359,0.172663,1694570.55073274
1785258000,2026-07-28 17:00:00,0.171,0.172754,0.17267,0.171329,1091091.35995566
1785261600,2026-07-28 18:00:00,0.171271,0.172318,0.171329,0.172224,909784.42953889
1785265200,2026-07-28 19:00:00,0.172032,0.172863,0.172255,0.172518,884714.11357774
1785268800,2026-07-28 20:00:00,0.172238,0.173399,0.172518,0.173224,1531035.39581923
1785272400,2026-07-28 21:00:00,0.173202,0.174238,0.17324,0.174042,3318828.76158825
1785276000,2026-07-28 22:00:00,0.172492,0.174843,0.17404,0.17259,2829904.93426604
1785279600,2026-07-28 23:00:00,0.172167,0.173907,0.172586,0.17387,1258065.07384916
1785283200,2026-07-29 00:00:00,0.173795,0.175565,0.17392,0.174936,1514365.56749889
1785286800,2026-07-29 01:00:00,0.17347,0.176138,0.174922,0.17352,2351672.83156925
1785290400,2026-07-29 02:00:00,0.173088,0.17472,0.17353,0.17402,1047222.83026219
1785294000,2026-07-29 03:00:00,0.171868,0.174084,0.174047,0.171997,2226879.55420064
1785297600,2026-07-29 04:00:00,0.171181,0.172778,0.171997,0.172704,2102127.62022022
1785301200,2026-07-29 05:00:00,0.172644,0.173824,0.172736,0.173381,1152372.84677383
1785304800,2026-07-29 06:00:00,0.172963,0.17405,0.173425,0.173619,1955563.41958399
1785308400,2026-07-29 07:00:00,0.17284,0.17368,0.173634,0.173452,559236.9550768
1785312000,2026-07-29 08:00:00,0.172293,0.173603,0.173452,0.17325,776362.36645219
1785315600,2026-07-29 09:00:00,0.17328,0.17504,0.17328,0.174485,840617.32780129
1785319200,2026-07-29 10:00:00,0.173457,0.174593,0.174432,0.173759,642372.9542903
1785322800,2026-07-29 11:00:00,0.173727,0.174464,0.173806,0.174043,708689.10993565
1785326400,2026-07-29 12:00:00,0.173072,0.174517,0.174042,0.173767,1913297.98919198
1785330000,2026-07-29 13:00:00,0.17325,0.17451,0.173698,0.174082,1313642.22483642
1785333600,2026-07-29 14:00:00,0.172029,0.17415,0.174072,0.172584,2792691.53764725
1785337200,2026-07-29 15:00:00,0.1716,0.17317,0.17261,0.17203,1931779.43008348
1785340800,2026-07-29 16:00:00,0.170957,0.172536,0.172015,0.171397,2056418.84876382
1785344400,2026-07-29 17:00:00,0.171399,0.172845,0.171439,0.172816,1677783.8827355
1785348000,2026-07-29 18:00:00,0.171466,0.174173,0.172824,0.17261,3942600.58999485
1785351600,2026-07-29 19:00:00,0.17005,0.173017,0.17267,0.17027,3608040.61272388
1785355200,2026-07-29 20:00:00,0.16844,0.17036,0.17027,0.169148,5309836.94011466
1785358800,2026-07-29 21:00:00,0.16868,0.171159,0.16908,0.171159,1947227.1597765
1785362400,2026-07-29 22:00:00,0.171131,0.172192,0.171159,0.17172,1596430.3379687
1785366000,2026-07-29 23:00:00,0.171389,0.17208,0.171697,0.171747,1205292.85944946
1785369600,2026-07-30 00:00:00,0.170716,0.172163,0.17177,0.170982,1323511.88268249
1785373200,2026-07-30 01:00:00,0.17093,0.172802,0.171,0.17247,1757594.80385748
1785376800,2026-07-30 02:00:00,0.171827,0.172834,0.17247,0.171947,2585203.03961148
1785380400,2026-07-30 03:00:00,0.171879,0.17254,0.17196,0.17205,587624.14753302
1785384000,2026-07-30 04:00:00,0.171375,0.172149,0.17212,0.17144,440565.0388042
1785387600,2026-07-30 05:00:00,0.171207,0.171846,0.17145,0.17161,472227.64080944
1785391200,2026-07-30 06:00:00,0.17123,0.171711,0.171578,0.171297,377919.27291507
1785394800,2026-07-30 07:00:00,0.17132,0.172113,0.17132,0.171482,949719.8344211
1785398400,2026-07-30 08:00:00,0.171501,0.172656,0.171501,0.17244,446289.89402346
1785402000,2026-07-30 09:00:00,0.172294,0.172811,0.17244,0.172398,448348.76577774
1785405600,2026-07-30 10:00:00,0.171966,0.172678,0.1724,0.1722,711604.20952231
1785409200,2026-07-30 11:00:00,0.17199,0.173,0.172203,0.17284,653242.31662955
1785412800,2026-07-30 12:00:00,0.172062,0.173066,0.172834,0.172567,1099191.77149046
1785416400,2026-07-30 13:00:00,0.171972,0.17373,0.172548,0.173287,1910860.0410943
1785420000,2026-07-30 14:00:00,0.171929,0.173467,0.17331,0.172008,2395359.52712327
1785423600,2026-07-30 15:00:00,0.171569,0.172921,0.17201,0.172661,1549572.09436462
1785427200,2026-07-30 16:00:00,0.171939,0.173079,0.17266,0.17244,799039.65394959
1785430800,2026-07-30 17:00:00,0.17226,0.172991,0.172434,0.172497,564671.00749916
1785434400,2026-07-30 18:00:00,0.17203,0.172926,0.17259,0.172053,606742.53101679
1785438000,2026-07-30 19:00:00,0.172059,0.173053,0.172109,0.172882,1760416.43552073
1785441600,2026-07-30 20:00:00,0.171855,0.173376,0.172863,0.172079,1807532.58477694
1785445200,2026-07-30 21:00:00,0.171826,0.172307,0.172089,0.172151,638152.64940849
1785448800,2026-07-30 22:00:00,0.171827,0.172679,0.172124,0.172466,1272406.24020683
1785452400,2026-07-30 23:00:00,0.171702,0.1728,0.172479,0.17176,1323243.27359292
1785456000,2026-07-31 00:00:00,0.170386,0.172016,0.171797,0.17162,5045343.17087663
1785459600,2026-07-31 01:00:00,0.171129,0.173164,0.17165,0.171347,1140107.5900077
1785463200,2026-07-31 02:00:00,0.17016,0.171561,0.171354,0.170271,2691629.01075759
1785466800,2026-07-31 03:00:00,0.169912,0.17113,0.17029,0.170376,1730220.280421
1785470400,2026-07-31 04:00:00,0.170004,0.170862,0.170393,0.170186,1641857.83051137
1785474000,2026-07-31 05:00:00,0.17019,0.170926,0.17019,0.170847,549005.06511102
1785477600,2026-07-31 06:00:00,0.170126,0.171158,0.170856,0.170444,611417.86645364
1785481200,2026-07-31 07:00:00,0.16934,0.17044,0.170434,0.170056,668262.84036143
1785484800,2026-07-31 08:00:00,0.169767,0.17045,0.17011,0.170131,656632.34911057
1785488400,2026-07-31 09:00:00,0.169123,0.170149,0.17005,0.169259,668312.60464764
1785492000,2026-07-31 10:00:00,0.168754,0.17004,0.169269,0.16966,732009.47340428
1785495600,2026-07-31 11:00:00,0.169462,0.17001,0.16966,0.16955,828383.76186693
1785499200,2026-07-31 12:00:00,0.16855,0.169856,0.16958,0.169797,1873711.17302817
1785502800,2026-07-31 13:00:00,0.168922,0.171126,0.16981,0.169282,1747968.05480686
1785506400,2026-07-31 14:00:00,0.167737,0.17212,0.169282,0.172015,10780047.87005823
1785510000,2026-07-31 15:00:00,0.171532,0.173662,0.172015,0.172217,5916694.82828229
1785513600,2026-07-31 16:00:00,0.171845,0.173012,0.172272,0.172582,1407065.13898512
1785517200,2026-07-31 17:00:00,0.172121,0.173176,0.172532,0.172968,3964332.86235434
1785520800,2026-07-31 18:00:00,0.170814,0.17308,0.172998,0.171324,1568702.83441465
1785524400,2026-07-31 19:00:00,0.170599,0.171746,0.17137,0.170755,1480215.42831295
1785528000,2026-07-31 20:00:00,0.17076,0.17252,0.17082,0.17178,1771521.40909865
1785531600,2026-07-31 21:00:00,0.171311,0.172489,0.17178,0.17208,1757219.41868114
1785535200,2026-07-31 22:00:00,0.171882,0.172537,0.172005,0.171957,1190992.88828155
1785538800,2026-07-31 23:00:00,0.171908,0.172254,0.171955,0.172109,987310.26212903
1785542400,2026-08-01 00:00:00,0.17172,0.172466,0.17211,0.1719,777601.6126004
1785546000,2026-08-01 01:00:00,0.1719,0.172575,0.1719,0.172397,643668.70547663
1785549600,2026-08-01 02:00:00,0.172397,0.173078,0.172397,0.172717,1082430.94047775
1785553200,2026-08-01 03:00:00,0.171796,0.172951,0.172739,0.171796,1263798.70279444
1785556800,2026-08-01 04:00:00,0.171601,0.17218,0.171793,0.172068,1097935.90694516
1785560400,2026-08-01 05:00:00,0.170785,0.172287,0.17208,0.17088,1216124.62694286
1785564000,2026-08-01 06:00:00,0.170555,0.171441,0.170874,0.171274,1433340.40818256
1785567600,2026-08-01 07:00:00,0.171079,0.17151,0.171291,0.171178,817151.60808524
1785571200,2026-08-01 08:00:00,0.171162,0.171711,0.171164,0.171452,514848.29139647
1785574800,2026-08-01 09:00:00,0.170503,0.171499,0.171452,0.170588,489399.27203003
1785578400,2026-08-01 10:00:00,0.17013,0.170932,0.170578,0.17072,992928.87351372
1785582000,2026-08-01 11:00:00,0.170501,0.17109,0.170756,0.170808,754082.07184368
1785585600,2026-08-01 12:00:00,0.170681,0.171693,0.170728,0.171432,775832.41301745
1785589200,2026-08-01 13:00:00,0.171152,0.17159,0.171477,0.17151,713007.22731076
1785592800,2026-08-01 14:00:00,0.17106,0.17175,0.17151,0.171323,1053848.00110754
1785596400,2026-08-01 15:00:00,0.170886,0.17137,0.17133,0.17094,875188.71030689
1785600000,2026-08-01 16:00:00,0.170338,0.171258,0.170922,0.170481,1541960.57314613
1785603600,2026-08-01 17:00:00,0.17,0.170767,0.170423,0.170189,2257195.59710809
1785607200,2026-08-01 18:00:00,0.168381,0.170339,0.170166,0.16962,4499137.11232128
1785610800,2026-08-01 19:00:00,0.169332,0.170054,0.16956,0.169676,1651593.24596219
1785614400,2026-08-01 20:00:00,0.169374,0.1702,0.169675,0.169912,1099923.61669787
1785618000,2026-08-01 21:00:00,0.169873,0.170952,0.169912,0.170816,2607076.84056614
1785621600,2026-08-01 22:00:00,0.170592,0.171076,0.17085,0.170816,865364.31655223
1785625200,2026-08-01 23:00:00,0.170471,0.170935,0.170789,0.170849,793032.95636898
1785628800,2026-08-02 00:00:00,0.170335,0.171004,0.17085,0.17075,885363.0496284
1785632400,2026-08-02 01:00:00,0.170756,0.172101,0.170756,0.171783,2559361.23401742
1785636000,2026-08-02 02:00:00,0.171526,0.1738,0.171772,0.173703,5334751.55625272
1785639600,2026-08-02 03:00:00,0.173376,0.174,0.1737,0.173908,2775855.75412826
1785643200,2026-08-02 04:00:00,0.173641,0.175613,0.173838,0.175304,4052918.43115456
1785646800,2026-08-02 05:00:00,0.175238,0.17694,0.175338,0.17687,4084881.12925679
1785650400,2026-08-02 06:00:00,0.176144,0.177284,0.17687,0.176867,1575510.73841939
1785654000,2026-08-02 07:00:00,0.175376,0.177249,0.176834,0.175595,3387800.90935675
1785657600,2026-08-02 08:00:00,0.17469,0.1757,0.17561,0.17499,1071019.4915342
1785661200,2026-08-02 09:00:00,0.174496,0.175669,0.175009,0.175224,621707.33069612
1785664800,2026-08-02 10:00:00,0.174617,0.175252,0.17522,0.174661,449929.84736429
1785668400,2026-08-02 11:00:00,0.174027,0.174734,0.174688,0.174104,868599.74257826
1785672000,2026-08-02 12:00:00,0.173856,0.174535,0.174124,0.174104,820163.28546817
1785675600,2026-08-02 13:00:00,0.173824,0.174564,0.174109,0.174137,1176031.25620395
1785679200,2026-08-02 14:00:00,0.173892,0.175362,0.174137,0.174925,2883782.60848764
1785682800,2026-08-02 15:00:00,0.174084,0.175136,0.174905,0.174086,1419983.02190751
1785686400,2026-08-02 16:00:00,0.173462,0.174269,0.174114,0.173928,2820567.47111563
1785690000,2026-08-02 17:00:00,0.17381,0.174552,0.17391,0.174036,846591.91832824
1785693600,2026-08-02 18:00:00,0.174017,0.175087,0.174017,0.174554,859764.68802688
1785697200,2026-08-02 19:00:00,0.173686,0.174916,0.174496,0.1738,990403.26394419
1785700800,2026-08-02 20:00:00,0.173731,0.174275,0.173835,0.174042,962633.13974525
1785704400,2026-08-02 21:00:00,0.173961,0.17517,0.174051,0.175056,1034537.04308858
1785708000,2026-08-02 22:00:00,0.17384,0.175617,0.175084,0.173959,3209846.6463635
1785711600,2026-08-02 23:00:00,0.173656,0.1743,0.173908,0.174039,1385122.0512021
1785715200,2026-08-03 00:00:00,0.173268,0.174188,0.173951,0.173558,1845074.03086711
1785718800,2026-08-03 01:00:00,0.17235,0.173477,0.17346,0.172481,774632.44174108
1785722400,2026-08-03 02:00:00,0.171738,0.17248,0.17248,0.171785,2933902.82524796
1785726000,2026-08-03 03:00:00,0.170666,0.171982,0.171812,0.171016,1318869.81153202
1785729600,2026-08-03 04:00:00,0.170911,0.171869,0.171016,0.170949,2322255.60121293
1785733200,2026-08-03 05:00:00,0.170677,0.171222,0.170932,0.171072,767146.86564433
1785736800,2026-08-03 06:00:00,0.170405,0.171157,0.17107,0.170615,1432827.34870888
1785740400,2026-08-03 07:00:00,0.170351,0.170931,0.170614,0.170388,2562155.21980253
1785744000,2026-08-03 08:00:00,0.169713,0.170974,0.170389,0.170683,1035929.21920614
1785747600,2026-08-03 09:00:00,0.170396,0.171572,0.170642,0.171477,391938.98601026
1785751200,2026-08-03 10:00:00,0.170946,0.171696,0.171477,0.171348,616964.48445256
1785754800,2026-08-03 11:00:00,0.170858,0.171774,0.171261,0.171299,1289551.41869693
1785758400,2026-08-03 12:00:00,0.170915,0.171564,0.171204,0.171019,665422.69905748
1785762000,2026-08-03 13:00:00,0.170671,0.172379,0.17102,0.172255,1944637.97662453
1785765600,2026-08-03 14:00:00,0.171841,0.172771,0.172255,0.172085,4830851.66372938
1785769200,2026-08-03 15:00:00,0.17076,0.172109,0.172063,0.170765,3250212.94527238
1785772800,2026-08-03 16:00:00,0.170404,0.171579,0.170752,0.171523,2550059.68264932
1785776400,2026-08-03 17:00:00,0.171193,0.172068,0.171522,0.171493,889314.92835924
1785780000,2026-08-03 18:00:00,0.171361,0.172137,0.171479,0.171529,853219.42726527
1785783600,2026-08-03 19:00:00,0.171296,0.172381,0.171468,0.17188,1460254.00532912
1785787200,2026-08-03 20:00:00,0.171725,0.1727,0.171935,0.172184,2065071.13891279
1785790800,2026-08-03 21:00:00,0.17162,0.172257,0.172184,0.171765,1015600.91994904
1785794400,2026-08-03 22:00:00,0.170869,0.171719,0.171653,0.171234,855743.79128522
1785798000,2026-08-03 23:00:00,0.170857,0.171265,0.171215,0.171127,578225.89322696
1785801600,2026-08-04 00:00:00,0.17028,0.17136,0.171196,0.170362,2306426.12435637
1785805200,2026-08-04 01:00:00,0.169843,0.171281,0.170363,0.170948,2137692.75761743
1785808800,2026-08-04 02:00:00,0.170453,0.171436,0.170948,0.170466,1142904.84817992
1785812400,2026-08-04 03:00:00,0.170149,0.171039,0.17049,0.170773,651994.85960743
1785816000,2026-08-04 04:00:00,0.170656,0.171963,0.170859,0.171396,507470.28659455
1785819600,2026-08-04 05:00:00,0.170973,0.171454,0.171388,0.171235,432677.10723413
1785823200,2026-08-04 06:00:00,0.170634,0.171658,0.171292,0.17077,470808.50868343
1785826800,2026-08-04 07:00:00,0.170475,0.171369,0.170676,0.171105,421504.16054254
1785830400,2026-08-04 08:00:00,0.17033,0.171202,0.17109,0.17036,270537.35029216
1785834000,2026-08-04 09:00:00,0.169835,0.170378,0.170378,0.17005,1320233.62608077
1785837600,2026-08-04 10:00:00,0.16924,0.170886,0.170017,0.170611,2908533.9423787
1785841200,2026-08-04 11:00:00,0.169951,0.170737,0.170611,0.170709,831650.72159842
1785844800,2026-08-04 12:00:00,0.169563,0.170616,0.170616,0.16969,1808611.78407928
1785848400,2026-08-04 13:00:00,0.1688,0.170345,0.169634,0.16893,3440591.89619128
1785852000,2026-08-04 14:00:00,0.1684,0.16939,0.168932,0.169294,6004478.70758701
1785855600,2026-08-04 15:00:00,0.168673,0.170084,0.169274,0.169584,3268877.02518253
1785859200,2026-08-04 16:00:00,0.16848,0.169703,0.169536,0.168822,2975041.21208547
1785862800,2026-08-04 17:00:00,0.16881,0.170161,0.168836,0.169761,2363498.22730973
1785866400,2026-08-04 18:00:00,0.169681,0.1701,0.169796,0.169824,2783286.35559619
1785870000,2026-08-04 19:00:00,0.169717,0.170475,0.169824,0.170235,1971885.86072304
1785873600,2026-08-04 20:00:00,0.169377,0.1706,0.170228,0.169968,1675772.51956619
1785877200,2026-08-04 21:00:00,0.169299,0.170107,0.169968,0.16983,2274015.39893116
1785880800,2026-08-04 22:00:00,0.16962,0.170044,0.169826,0.169814,667180.20213394
1785884400,2026-08-04 23:00:00,0.1685,0.170047,0.169799,0.168511,3059014.08972297
1785888000,2026-08-05 00:00:00,0.16554,0.168613,0.168513,0.166229,7379824.670767
1785891600,2026-08-05 01:00:00,0.1655,0.167394,0.16623,0.16723,2496584.56683036
1785895200,2026-08-05 02:00:00,0.167118,0.168,0.16723,0.167586,1892435.64996046
1785898800,2026-08-05 03:00:00,0.166538,0.167961,0.167629,0.166859,1258728.93626094
1785902400,2026-08-05 04:00:00,0.166031,0.167023,0.1668,0.166248,963644.45712052
1785906000,2026-08-05 05:00:00,0.166092,0.167229,0.166225,0.16695,1396732.73439722
1785909600,2026-08-05 06:00:00,0.166489,0.167232,0.166926,0.166582,1189039.61160825
1785913200,2026-08-05 07:00:00,0.166249,0.166867,0.166599,0.166837,635526.78944025
1785916800,2026-08-05 08:00:00,0.166211,0.166954,0.166875,0.16632,869009.25123204
1785920400,2026-08-05 09:00:00,0.166231,0.167002,0.166315,0.166384,811780.144405
1785924000,2026-08-05 10:00:00,0.165586,0.166513,0.166388,0.165781,1254203.02530615
1785927600,2026-08-05 11:00:00,0.165761,0.166792,0.165781,0.166707,1312562.6046611
1785931200,2026-08-05 12:00:00,0.16662,0.168269,0.166707,0.167691,2306983.12710052
1785934800,2026-08-05 13:00:00,0.165763,0.167812,0.167684,0.166784,1828161.60647877
1785938400,2026-08-05 14:00:00,0.166341,0.16739,0.166738,0.167286,1699382.0532456
1785942000,2026-08-05 15:00:00,0.166272,0.168075,0.167286,0.166355,3640322.85229646
1785945600,2026-08-05 16:00:00,0.166154,0.16759,0.166326,0.167067,1566094.10661463
1785949200,2026-08-05 17:00:00,0.166719,0.167962,0.167067,0.167936,1880730.05233112
1785952800,2026-08-05 18:00:00,0.167139,0.167968,0.167924,0.16735,1252951.27802154
1785956400,2026-08-05 19:00:00,0.167008,0.167917,0.167281,0.167055,1679467.86423476
1785960000,2026-08-05 20:00:00,0.166656,0.167759,0.167046,0.16687,2500530.63253682
1785963600,2026-08-05 21:00:00,0.165984,0.166879,0.166879,0.166176,882486.19955804
1785967200,2026-08-05 22:00:00,0.164834,0.166386,0.166176,0.164965,3048608.92457249
1785970800,2026-08-05 23:00:00,0.164229,0.165226,0.165033,0.16479,1847681.90306102
1785974400,2026-08-06 00:00:00,0.163571,0.165026,0.16479,0.164935,2632122.25430185
1785978000,2026-08-06 01:00:00,0.162264,0.16495,0.16495,0.162307,2015403.97974983
1785981600,2026-08-06 02:00:00,0.160183,0.162273,0.162272,0.161983,6958703.22024652
1785985200,2026-08-06 03:00:00,0.161568,0.162413,0.162047,0.16168,1054962.26167399
1785988800,2026-08-06 04:00:00,0.161453,0.162376,0.16168,0.161856,1875324.93330907
1785992400,2026-08-06 05:00:00,0.161792,0.162656,0.161888,0.16244,892812.46568449
1785996000,2026-08-06 06:00:00,0.162119,0.162674,0.16245,0.16234,556416.95326868
1785999600,2026-08-06 07:00:00,0.161567,0.16234,0.16234,0.161727,959102.99802395
1786003200,2026-08-06 08:00:00,0.161349,0.162225,0.161703,0.162206,883974.58871018
1786006800,2026-08-06 09:00:00,0.159129,0.162382,0.162177,0.160256,5363557.67544912
1786010400,2026-08-06 10:00:00,0.159252,0.16025,0.16025,0.16015,2795267.20387431
1786014000,2026-08-06 11:00:00,0.15978,0.161069,0.16019,0.160766,1150039.55605359
1786017600,2026-08-06 12:00:00,0.1597,0.16091,0.160766,0.159928,1856915.74043226
1786021200,2026-08-06 13:00:00,0.15939,0.160331,0.159926,0.159768,2731274.38914615
1786024800,2026-08-06 14:00:00,0.159594,0.16147,0.159761,0.161445,2594066.02101183
1786028400,2026-08-06 15:00:00,0.161329,0.1627,0.161432,0.161568,3716105.37698666
1786032000,2026-08-06 16:00:00,0.161039,0.16243,0.161562,0.162265,1250844.51284722
1786035600,2026-08-06 17:00:00,0.162322,0.163279,0.162377,0.16276,1616729.01019117
1786039200,2026-08-06 18:00:00,0.161015,0.162923,0.162826,0.161302,1337263.27881088
1786042800,2026-08-06 19:00:00,0.160429,0.161416,0.161407,0.160473,1102544.62543373
1786046400,2026-08-06 20:00:00,0.1603,0.16092,0.160473,0.160435,1002429.62894217
1786050000,2026-08-06 21:00:00,0.160443,0.161726,0.160443,0.161582,1163811.74629188
1786053600,2026-08-06 22:00:00,0.161369,0.16194,0.161573,0.1619,1174751.28665263
1786057200,2026-08-06 23:00:00,0.160705,0.161912,0.161912,0.161252,1010151.16551109
1786060800,2026-08-07 00:00:00,0.160682,0.162091,0.161252,0.161757,1072793.42766644
1786064400,2026-08-07 01:00:00,0.161755,0.162735,0.161758,0.162512,1722003.90344115
1786068000,2026-08-07 02:00:00,0.161388,0.163128,0.162488,0.16168,2495471.2884518
1786071600,2026-08-07 03:00:00,0.159879,0.161709,0.161709,0.159961,1381582.20972525
1786075200,2026-08-07 04:00:00,0.15925,0.160423,0.159919,0.15983,1517842.68014804
1786078800,2026-08-07 05:00:00,0.159401,0.16084,0.15983,0.160755,821719.666722
1786082400,2026-08-07 06:00:00,0.160751,0.161824,0.16077,0.161283,472683.67407177
1786086000,2026-08-07 07:00:00,0.161211,0.162005,0.161246,0.161372,474352.167265
1786089600,2026-08-07 08:00:00,0.161384,0.162269,0.161384,0.161847,921726.62878534
1786093200,2026-08-07 09:00:00,0.1617,0.162162,0.161831,0.16178,586555.40012626
1786096800,2026-08-07 10:00:00,0.161028,0.162164,0.16178,0.16112,656856.67728559
1786100400,2026-08-07 11:00:00,0.16109,0.162179,0.161164,0.161262,854803.42460021
1786104000,2026-08-07 12:00:00,0.160747,0.162617,0.161208,0.161061,1493376.56184043
1786107600,2026-08-07 13:00:00,0.160352,0.161458,0.161053,0.16088,1054699.34003744
1786111200,2026-08-07 14:00:00,0.159745,0.161043,0.160854,0.159879,2060422.62245941
1786114800,2026-08-07 15:00:00,0.159796,0.160771,0.15988,0.160457,738878.32354029
1786118400,2026-08-07 16:00:00,0.159367,0.161089,0.160486,0.159471,1500184.5929857
1786122000,2026-08-07 17:00:00,0.15924,0.160599,0.159359,0.160579,2037809.500952
1786125600,2026-08-07 18:00:00,0.160196,0.16156,0.160564,0.160556,740850.19621243
1786129200,2026-08-07 19:00:00,0.160513,0.162135,0.160551,0.162061,1830630.62383184
1786132800,2026-08-07 20:00:00,0.161284,0.16209,0.16209,0.162077,1758400.79894084
1786136400,2026-08-07 21:00:00,0.161209,0.162457,0.162076,0.16132,1070283.44080492
1786140000,2026-08-07 22:00:00,0.160662,0.161335,0.161239,0.16092,1123151.22800079
1786143600,2026-08-07 23:00:00,0.160868,0.161353,0.160918,0.161297,858485.39021113
1786147200,2026-08-08 00:00:00,0.161118,0.16167,0.161297,0.16167,519246.44273852
